t_s,q1_rad,q2_rad,q3_rad,q4_rad,q5_rad,q6_rad,qd1_rad_s,qd2_rad_s,qd3_rad_s,qd4_rad_s,qd5_rad_s,qd6_rad_s,qdd1_rad_s2,qdd2_rad_s2,qdd3_rad_s2,qdd4_rad_s2,qdd5_rad_s2,qdd6_rad_s2
0.000000,1.03072691,-0.05042805,1.49449766,-0.13117602,1.49177229,0.94645399,0.00000000,0.00000000,0.00000000,0.00000000,0.00000000,0.00000000,-0.00000000,0.00000000,0.00000000,0.00000000,0.00000000,-0.00000000
0.010000,1.03072395,-0.05042787,1.49449555,-0.13117476,1.49177092,0.94645149,-0.00088147,0.00005251,-0.00062777,0.00037546,-0.00040838,-0.00074496,-0.17393538,0.01036193,-0.12387184,0.07409182,-0.08058505,-0.14699942
0.020000,1.03070372,-0.05042667,1.49448114,-0.13116615,1.49176155,0.94643439,-0.00343222,0.00020449,-0.00244428,0.00146212,-0.00159019,-0.00290070,-0.33392473,0.01989916,-0.23779769,0.14226812,-0.15471638,-0.28221312
0.030000,1.03065020,-0.05042348,1.49444303,-0.13114335,1.49173675,0.94638916,-0.00751481,0.00044782,-0.00535152,0.00320167,-0.00348182,-0.00635107,-0.48037008,0.02863529,-0.34206466,0.20469871,-0.22257983,-0.40598085
0.040000,1.03054876,-0.05041743,1.49437079,-0.13110012,1.49168975,0.94630343,-0.01299582,0.00077460,-0.00925434,0.00553751,-0.00602151,-0.01098330,-0.61367345,0.03659392,-0.43695986,0.26155343,-0.28436122,-0.51864234
0.050000,1.03038606,-0.05040773,1.49425493,-0.13103079,1.49161436,0.94616592,-0.01974582,0.00117719,-0.01406044,0.00841472,-0.00914939,-0.01668803,-0.73423686,0.04379865,-0.52277039,0.31300210,-0.34024640,-0.62053731
0.060000,1.03015003,-0.05039366,1.49408687,-0.13093020,1.49150500,0.94596644,-0.02763943,0.00164814,-0.01968042,0.01178009,-0.01280740,-0.02335929,-0.84246233,0.05027309,-0.59978336,0.35921455,-0.39042118,-0.71200549
0.070000,1.02982986,-0.05037457,1.49385890,-0.13079373,1.49135664,0.94569585,-0.03655528,0.00218029,-0.02602774,0.01558212,-0.01693939,-0.03089451,-0.93875190,0.05604084,-0.66828586,0.40036060,-0.43507141,-0.79338662
0.080000,1.02941591,-0.05034987,1.49356417,-0.13061727,1.49116481,0.94534601,-0.04637602,0.00276668,-0.03301873,0.01977098,-0.02149104,-0.03919453,-1.02350757,0.06112550,-0.72856502,0.43661008,-0.47438290,-0.86502043
0.090000,1.02889970,-0.05031907,1.49319665,-0.13039719,1.49092559,0.94490973,-0.05698832,0.00340060,-0.04057258,0.02429857,-0.02640988,-0.04816356,-1.09713139,0.06555068,-0.78090793,0.46813281,-0.50854150,-0.92724664
0.100000,1.02827387,-0.05028172,1.49275110,-0.13013033,1.49063556,0.94438081,-0.06828288,0.00407558,-0.04861139,0.02911845,-0.03164531,-0.05770924,-1.16002536,0.06933998,-0.82560170,0.49509863,-0.53773304,-0.98040499
0.110000,1.02753212,-0.05023745,1.49222306,-0.12981399,1.49029179,0.94375392,-0.08015440,0.00478536,-0.05706008,0.03418592,-0.03714860,-0.06774257,-1.21259152,0.07251700,-0.86293344,0.51767735,-0.56214334,-1.02483521
0.120000,1.02666920,-0.05018592,1.49160877,-0.12944593,1.48989185,0.94302462,-0.09250162,0.00552395,-0.06584647,0.03945794,-0.04287286,-0.07817798,-1.25523188,0.07510535,-0.89319025,0.53603880,-0.58195823,-1.06087703
0.130000,1.02568083,-0.05012689,1.49090523,-0.12902429,1.48943375,0.94218930,-0.10522730,0.00628559,-0.07490126,0.04489320,-0.04877307,-0.08893328,-1.28834848,0.07712863,-0.91665924,0.55035282,-0.59736355,-1.08887018
0.140000,1.02456370,-0.05006015,1.49011008,-0.12854765,1.48891595,0.94124515,-0.11823819,0.00706472,-0.08415799,0.05045207,-0.05480605,-0.09992969,-1.31234333,0.07861045,-0.93362750,0.56078921,-0.60854513,-1.10915439
0.150000,1.02331541,-0.04998556,1.48922161,-0.12801496,1.48833732,0.94019015,-0.13144510,0.00785607,-0.09355310,0.05609663,-0.06093051,-0.11109181,-1.32761845,0.07957439,-0.94438216,0.56751782,-0.61568880,-1.12206939
0.160000,1.02193443,-0.04990301,1.48823876,-0.12742555,1.48769716,0.93902300,-0.14476283,0.00865456,-0.10302588,0.06179063,-0.06710699,-0.12234764,-1.33457588,0.08004408,-0.94921031,0.57070846,-0.61898039,-1.12795491
0.170000,1.02042006,-0.04981246,1.48716103,-0.12677910,1.48699514,0.93774312,-0.15811023,0.00945538,-0.11251850,0.06749957,-0.07329790,-0.13362860,-1.33361764,0.08004311,-0.94839906,0.57053096,-0.61860574,-1.12715068
0.180000,1.01877238,-0.04971391,1.48598850,-0.12607562,1.48623128,0.93635057,-0.17141014,0.01025393,-0.12197602,0.07319059,-0.07946750,-0.14486949,-1.32514574,0.07959509,-0.94223551,0.56715515,-0.61475066,-1.11999644
0.190000,1.01699226,-0.04960740,1.48472180,-0.12531545,1.48540597,0.93484607,-0.18458944,0.01104587,-0.13134633,0.07883258,-0.08558193,-0.15600850,-1.30956221,0.07872361,-0.93100678,0.56075086,-0.60760100,-1.10683191
0.200000,1.01508123,-0.04949302,1.48336203,-0.12449923,1.48451993,0.93323093,-0.19757902,0.01182707,-0.14058023,0.08439608,-0.09160916,-0.16698723,-1.28726908,0.07745229,-0.91499996,0.55148790,-0.59734259,-1.08799682
0.210000,1.01304153,-0.04937091,1.48191080,-0.12362788,1.48357418,0.93150704,-0.21031379,0.01259366,-0.14963136,0.08985337,-0.09751904,-0.17775067,-1.25866836,0.07580472,-0.89450217,0.53953610,-0.58416125,-1.06383091
0.220000,1.01087601,-0.04924121,1.48037016,-0.12270261,1.48257003,0.92967681,-0.22273270,0.01334199,-0.15845626,0.09517841,-0.10328326,-0.18824721,-1.22416209,0.07380451,-0.86980050,0.52506530,-0.56824281,-1.03467391
0.230000,1.00858811,-0.04910414,1.47874257,-0.12172484,1.48150909,0.92774315,-0.23477869,0.01406866,-0.16701431,0.10034685,-0.10887539,-0.19842864,-1.18415229,0.07147527,-0.84118207,0.50824532,-0.54977312,-1.00086554
0.240000,1.00618185,-0.04895992,1.47703089,-0.12069627,1.48039318,0.92570943,-0.24639874,0.01477048,-0.17526780,0.10533605,-0.11427084,-0.20825015,-1.13904097,0.06884058,-0.80893398,0.48924597,-0.52893800,-0.96274554
0.250000,1.00366172,-0.04880882,1.47523834,-0.11961879,1.47922440,0.92357948,-0.25754384,0.01544453,-0.18318185,0.11012507,-0.11944688,-0.21767031,-1.08923017,0.06592407,-0.77334333,0.46823710,-0.50592327,-0.92065363
0.260000,1.00103271,-0.04865113,1.47336849,-0.11849450,1.47800505,0.92135749,-0.26816902,0.01608810,-0.19072448,0.11469466,-0.12438266,-0.22665111,-1.03512191,0.06274932,-0.73469724,0.44538852,-0.48091478,-0.87492955
0.270000,0.99830021,-0.04848717,1.47142519,-0.11732568,1.47673761,0.91904804,-0.27823330,0.01669873,-0.19786657,0.11902727,-0.12905915,-0.23515793,-0.97711820,0.05933995,-0.69328280,0.42087006,-0.45409835,-0.82591303
0.280000,0.99547004,-0.04831728,1.46941258,-0.11611479,1.47542478,0.91665602,-0.28769974,0.01727420,-0.20458187,0.12310706,-0.13345922,-0.24315953,-0.91562108,0.05571956,-0.64938712,0.39485154,-0.42565982,-0.77394381
0.290000,0.99254832,-0.04814181,1.46733505,-0.11486443,1.47406940,0.91418663,-0.29653542,0.01781250,-0.21084700,0.12691987,-0.13756756,-0.25062809,-0.85103257,0.05191175,-0.60329731,0.36750280,-0.39578501,-0.71936160
0.300000,0.98954153,-0.04796116,1.46519721,-0.11357733,1.47267445,0.91164532,-0.30471143,0.01831189,-0.21664146,0.13045325,-0.14137075,-0.25753918,-0.78375468,0.04794013,-0.55530048,0.33899366,-0.36465976,-0.66250614
0.310000,0.98645638,-0.04777571,1.46300385,-0.11225633,1.47124304,0.90903777,-0.31220288,0.01877083,-0.22194761,0.13369644,-0.14485721,-0.26387177,-0.71418945,0.04382829,-0.50568372,0.30949393,-0.33246989,-0.60371716
0.320000,0.98329982,-0.04758588,1.46075994,-0.11090440,1.46977839,0.90636987,-0.31898893,0.01918806,-0.22675069,0.13664039,-0.14801722,-0.26960822,-0.64273890,0.03959984,-0.45473415,0.27917346,-0.29940124,-0.54333439
0.330000,0.98007900,-0.04739209,1.45847055,-0.10952455,1.46828381,0.90364764,-0.32505272,0.01956252,-0.23103880,0.13927774,-0.15084292,-0.27473428,-0.56980505,0.03527838,-0.40273887,0.24820206,-0.26563965,-0.48169757
0.340000,0.97680122,-0.04719477,1.45614091,-0.10811988,1.46676267,0.90087725,-0.33038143,0.01989340,-0.23480294,0.14160283,-0.15332832,-0.27923912,-0.49578993,0.03088752,-0.34998499,0.21674957,-0.23137093,-0.41914642
0.350000,0.97347386,-0.04699437,1.45377626,-0.10669355,1.46521839,0.89806496,-0.33496625,0.02018012,-0.23803693,0.14361169,-0.15546927,-0.28311529,-0.42109555,0.02645086,-0.29675961,0.18498580,-0.19678092,-0.35602068
0.360000,0.97010439,-0.04679132,1.45138195,-0.10524871,1.46365444,0.89521706,-0.33880241,0.02042234,-0.24073751,0.14530207,-0.15726349,-0.28635875,-0.34612395,0.02199201,-0.24334983,0.15308058,-0.16205546,-0.29266007
0.370000,0.96670031,-0.04658607,1.44896329,-0.10378857,1.46207428,0.89233989,-0.34188915,0.02061996,-0.24290427,0.14667340,-0.15871055,-0.28896884,-0.27127714,0.01753456,-0.19004278,0.12120374,-0.12738037,-0.22940432
0.380000,0.96326909,-0.04637907,1.44652563,-0.10231630,1.46048138,0.88943978,-0.34422971,0.02077312,-0.24453967,0.14772681,-0.15981188,-0.29094832,-0.19695715,0.01310212,-0.13712554,0.08952511,-0.09294149,-0.16659317
0.390000,0.95981818,-0.04617075,1.44407425,-0.10083508,1.45887919,0.88652301,-0.34583139,0.02088217,-0.24564904,0.14846513,-0.16057078,-0.29230332,-0.12356600,0.00871829,-0.08488522,0.05821450,-0.05892464,-0.10456635
0.400000,0.95635489,-0.04596157,1.44161438,-0.09934804,1.45727109,0.88359577,-0.34670547,0.02094772,-0.24624059,0.14889289,-0.16099240,-0.29304339,-0.05150572,0.00440668,-0.03360894,0.02744175,-0.02551567,-0.04366358
0.410000,0.95288644,-0.04575194,1.43915113,-0.09785824,1.45566044,0.88066415,-0.34686728,0.02097062,-0.24632539,0.14901632,-0.16108374,-0.29318147,0.01882168,0.00019089,0.01641621,-0.00262331,0.00709962,0.01577540
0.420000,0.94941986,-0.04554230,1.43668951,-0.09636870,1.45405049,0.87773409,-0.34633615,0.02095194,-0.24591739,0.14884335,-0.16085367,-0.29273390,0.08701415,-0.00390548,0.06490311,-0.03181087,0.03873537,0.07341086
0.430000,0.94596195,-0.04533304,1.43423437,-0.09488233,1.45244440,0.87481136,-0.34513545,0.02089299,-0.24503341,0.14838359,-0.16031292,-0.29172040,0.15266970,-0.00785882,0.11156467,-0.05995110,0.06920576,0.12890307
0.440000,0.94251929,-0.04512456,1.43179037,-0.09340194,1.45084522,0.87190149,-0.34329255,0.02079532,-0.24369314,0.14764838,-0.15947406,-0.29016411,0.21538628,-0.01164554,0.15611377,-0.08687416,0.09832496,0.18191230
0.450000,0.93909814,-0.04491725,1.42936195,-0.09193024,1.44925587,0.86900979,-0.34083886,0.02066071,-0.24191913,0.14665073,-0.15835154,-0.28809156,0.27476188,-0.01524202,0.19826332,-0.11241025,0.12590713,0.23209882
0.460000,0.93570443,-0.04471147,1.42695334,-0.09046976,1.44767908,0.86614128,-0.33780979,0.02049119,-0.23973683,0.14540537,-0.15696166,-0.28553268,0.33039447,-0.01862467,0.23772619,-0.13638952,0.15176645,0.27912291
0.470000,0.93234373,-0.04450754,1.42456848,-0.08902290,1.44611746,0.86330065,-0.33424479,0.02028901,-0.23717452,0.14392870,-0.15532258,-0.28252078,0.38188203,-0.02176988,0.27421530,-0.15864215,0.17571709,0.32264481
0.480000,0.92902118,-0.04430579,1.42221102,-0.08759189,1.44457340,0.86049225,-0.33018727,0.02005666,-0.23426336,0.14223883,-0.15345428,-0.27909255,0.42884805,-0.02465552,0.30746182,-0.17900899,0.19758497,0.36234638
0.490000,0.92574147,-0.04410650,1.41988427,-0.08617877,1.44304907,0.85772006,-0.32568314,0.01979678,-0.23103626,0.14035491,-0.15137793,-0.27528679,0.47122287,-0.02727715,0.33741679,-0.19745918,0.21733747,0.39816870
0.500000,0.92250885,-0.04390993,1.41759124,-0.08478538,1.44154646,0.85498765,-0.32077767,0.01951197,-0.22752567,0.13829585,-0.14911438,-0.27114173,0.50913975,-0.02964204,0.36417667,-0.21404671,0.23503549,0.43022433
0.510000,0.91932711,-0.04371633,1.41533460,-0.08341338,1.44006734,0.85229823,-0.31551475,0.01920477,-0.22376305,0.13608000,-0.14668386,-0.26669447,0.54273555,-0.03175766,0.38784049,-0.22882708,0.25074160,0.45862887
0.520000,0.91619960,-0.04352591,1.41311671,-0.08206424,1.43861328,0.84965465,-0.30993691,0.01887763,-0.21977886,0.13372515,-0.14410598,-0.26198094,0.57214714,-0.03363147,0.40850729,-0.24185579,0.26451837,0.48349792
0.530000,0.91312928,-0.04333884,1.41093966,-0.08073928,1.43718565,0.84705938,-0.30408530,0.01853292,-0.21560256,0.13124854,-0.14139972,-0.25703591,0.59751138,-0.03527096,0.42627611,-0.25318833,0.27642836,0.50494708
0.540000,0.91011868,-0.04315530,1.40880521,-0.07943962,1.43578565,0.84451459,-0.29799971,0.01817296,-0.21126266,0.12866685,-0.13858343,-0.25189301,0.61896514,-0.03668359,0.44124598,-0.26288022,0.28653416,0.52309196
0.550000,0.90716994,-0.04297542,1.40671486,-0.07816624,1.43441429,0.84202208,-0.29171857,0.01779998,-0.20678664,0.12599622,-0.13567484,-0.24658470,0.63664529,-0.03787684,0.45351595,-0.27098695,0.29489832,0.53804816
0.560000,0.90428483,-0.04279933,1.40466984,-0.07691994,1.43307240,0.83958334,-0.28527893,0.01741613,-0.20220101,0.12325221,-0.13269106,-0.24114229,0.65068870,-0.03885818,0.46318504,-0.27756401,0.30158342,0.54993128
0.570000,0.90146477,-0.04262713,1.40267112,-0.07570139,1.43176066,0.83719958,-0.27871647,0.01702350,-0.19753128,0.12044985,-0.12964856,-0.23559594,0.66123222,-0.03963508,0.47035230,-0.28266691,0.30665202,0.55885693
0.580000,0.89871080,-0.04245889,1.40071941,-0.07451109,1.43047957,0.83487167,-0.27206550,0.01662409,-0.19280198,0.11760360,-0.12656320,-0.22997463,0.66841273,-0.04021501,0.47511676,-0.28635115,0.31016670,0.56494071
0.590000,0.89602365,-0.04229466,1.39881520,-0.07334942,1.42922949,0.83260024,-0.26535897,0.01621983,-0.18803663,0.11472737,-0.12345020,-0.22430621,0.67236710,-0.04060545,0.47757747,-0.28867222,0.31219002,0.56829821
0.600000,0.89340370,-0.04213450,1.39695873,-0.07221660,1.42801061,0.83038562,-0.25862845,0.01581259,-0.18325778,0.11183452,-0.12032416,-0.21861736,0.67323218,-0.04081386,0.47783345,-0.28968563,0.31278456,0.56904505
0.610000,0.89085106,-0.04197842,1.39515002,-0.07111274,1.42682300,0.82822788,-0.25190416,0.01540413,-0.17848698,0.10893784,-0.11719906,-0.21293362,0.67114486,-0.04084772,0.47598376,-0.28944688,0.31201289,0.56729683
0.620000,0.88836550,-0.04182642,1.39338889,-0.07003781,1.42566658,0.82612685,-0.24521494,0.01499619,-0.17374479,0.10604957,-0.11408825,-0.20727936,0.66624198,-0.04071450,0.47212741,-0.28801147,0.30993756,0.56316915
0.630000,0.88594655,-0.04167849,1.39167496,-0.06899168,1.42454115,0.82408211,-0.23858825,0.01459038,-0.16905079,0.10318141,-0.11100445,-0.20167779,0.65866043,-0.04042168,0.46636345,-0.28543489,0.30662116,0.55677761
0.640000,0.88359344,-0.04153460,1.39000765,-0.06797408,1.42344637,0.82209304,-0.23205020,0.01418826,-0.16442355,0.10034449,-0.10795975,-0.19615097,0.64853706,-0.03997672,0.45879092,-0.28177264,0.30212625,0.54823781
0.650000,0.88130517,-0.04139470,1.38838621,-0.06698465,1.42238178,0.82015877,-0.22562553,0.01379132,-0.15988067,0.09754939,-0.10496564,-0.19071981,0.63600875,-0.03938710,0.44950886,-0.27708023,0.29651540,0.53766537
0.660000,0.87908047,-0.04125875,1.38680970,-0.06602292,1.42134685,0.81827826,-0.21933759,0.01340098,-0.15543874,0.09480614,-0.10203296,-0.18540405,0.62121235,-0.03866028,0.43861630,-0.27141316,0.28985118,0.52517587
0.670000,0.87691788,-0.04112666,1.38527705,-0.06508832,1.42034089,0.81645025,-0.21320838,0.01301855,-0.15111338,0.09212419,-0.09917192,-0.18022229,0.60428475,-0.03780375,0.42621228,-0.26482692,0.28219616,0.51088493
0.680000,0.87481571,-0.04099835,1.38378700,-0.06418020,1.41936314,0.81467331,-0.20725854,0.01264531,-0.14691920,0.08951248,-0.09639213,-0.17519197,0.58536279,-0.03682497,0.41239584,-0.25737701,0.27361291,0.49490814
0.690000,0.87277205,-0.04087372,1.38233818,-0.06329781,1.41841274,0.81294585,-0.20150732,0.01228243,-0.14286984,0.08697935,-0.09370255,-0.17032937,0.56458335,-0.03573142,0.39726601,-0.24911894,0.26416399,0.47736111
0.700000,0.87078484,-0.04075266,1.38092908,-0.06244033,1.41748876,0.81126611,-0.19597261,0.01193104,-0.13897793,0.08453261,-0.09111152,-0.16564960,0.54208330,-0.03453056,0.38092183,-0.24010820,0.25391199,0.45835945
0.710000,0.86885182,-0.04063505,1.37955806,-0.06160685,1.41659016,0.80963220,-0.19067093,0.01159216,-0.13525512,0.08217951,-0.08862678,-0.16116664,0.51799951,-0.03322987,0.36346234,-0.23040030,0.24291946,0.43801875
0.720000,0.86697059,-0.04052077,1.37822337,-0.06079640,1.41571585,0.80804208,-0.18561744,0.01126675,-0.13171207,0.07992674,-0.08625539,-0.15689330,0.49246883,-0.03183682,0.34498658,-0.22005073,0.23124898,0.41645461
0.730000,0.86513860,-0.04040967,1.37692318,-0.06000796,1.41486465,0.80649360,-0.18082592,0.01095570,-0.12835845,0.07778045,-0.08400385,-0.15284124,0.46562813,-0.03035889,0.32559358,-0.20911499,0.21896312,0.39378265
0.740000,0.86335316,-0.04030161,1.37565554,-0.05924042,1.41403535,0.80498448,-0.17630879,0.01065983,-0.12520293,0.07574621,-0.08187797,-0.14902096,0.43761429,-0.02880354,0.30538238,-0.19764858,0.20612444,0.37011846
0.750000,0.86161147,-0.04019642,1.37441844,-0.05849264,1.41322666,0.80351237,-0.17207709,0.01037986,-0.12225320,0.07382906,-0.07988299,-0.14544179,0.40856417,-0.02717825,0.28445202,-0.18570701,0.19279552,0.34557765
0.760000,0.85991063,-0.04009395,1.37320977,-0.05776343,1.41243724,0.80207482,-0.16814051,0.01011647,-0.11951595,0.07203347,-0.07802349,-0.14211194,0.37861463,-0.02549049,0.26290153,-0.17334576,0.17903892,0.32027581
0.770000,0.85824765,-0.03999404,1.37202739,-0.05705155,1.41166572,0.80066928,-0.16450734,0.00987024,-0.11699690,0.07036336,-0.07630343,-0.13903843,0.34790255,-0.02374773,0.24082996,-0.16062035,0.16491721,0.29432856
0.780000,0.85661945,-0.03989649,1.37086909,-0.05635574,1.41091069,0.79929317,-0.16118454,0.00964168,-0.11470076,0.06882209,-0.07472615,-0.13622713,0.31656478,-0.02195745,0.21833634,-0.14758627,0.15049297,0.26785149
0.790000,0.85502291,-0.03980114,1.36973262,-0.05567467,1.41017071,0.79794385,-0.15817767,0.00943122,-0.11263125,0.06741247,-0.07329437,-0.13368278,0.28473820,-0.02012711,0.19551971,-0.13429902,0.13582876,0.24096021
0.800000,0.85345483,-0.03970780,1.36861570,-0.05500704,1.40944431,0.79661862,-0.15549095,0.00923924,-0.11079111,0.06613677,-0.07201017,-0.13140893,0.25255967,-0.01826419,0.17247910,-0.12081410,0.12098715,0.21377032
0.810000,0.85191201,-0.03961629,1.36751603,-0.05435149,1.40873001,0.79531476,-0.15312720,0.00906602,-0.10918209,0.06499667,-0.07087501,-0.12940798,0.22016606,-0.01637615,0.14931355,-0.10718701,0.10603071,0.18639742
0.820000,0.85039121,-0.03952642,1.36643129,-0.05370665,1.40802631,0.79402954,-0.15108789,0.00891178,-0.10780493,0.06399332,-0.06988973,-0.12768120,0.18769423,-0.01447048,0.12612210,-0.09347325,0.09102201,0.15895711
0.830000,0.84888917,-0.03943799,1.36535916,-0.05307116,1.40733172,0.79276022,-0.14937312,0.00877665,-0.10665940,0.06312731,-0.06905454,-0.12622868,0.15528105,-0.01255465,0.10300379,-0.07972832,0.07602363,0.13156501
0.840000,0.84740267,-0.03935082,1.36429733,-0.05244365,1.40664472,0.79150406,-0.14798162,0.00866069,-0.10574428,0.06239867,-0.06836901,-0.12504936,0.12306339,-0.01063612,0.08005765,-0.06600772,0.06109812,0.10433670
0.850000,0.84592847,-0.03926472,1.36324351,-0.05182273,1.40596384,0.79025833,-0.14691074,0.00856391,-0.10505735,0.06180688,-0.06783212,-0.12414101,0.09117812,-0.00872236,0.05738273,-0.05236695,0.04630806,0.07738780
0.860000,0.84446340,-0.03917948,1.36219543,-0.05120706,1.40528759,0.78902034,-0.14615649,0.00848621,-0.10459539,0.06135088,-0.06744219,-0.12350028,0.05976209,-0.00682086,0.03507805,-0.03886150,0.03171602,0.05083391
0.870000,0.84300430,-0.03909493,1.36115087,-0.05059527,1.40461452,0.78778745,-0.14571348,0.00842743,-0.10435422,0.06102902,-0.06719693,-0.12312263,0.02895219,-0.00493908,0.01324266,-0.02554689,0.01738456,0.02479062
0.880000,0.84154811,-0.03901087,1.36010763,-0.04998604,1.40394318,0.78655703,-0.14557497,0.00838733,-0.10432864,0.06083912,-0.06709343,-0.12300238,-0.00111474,-0.00308450,-0.00802441,-0.01247860,0.00337627,-0.00062645
0.890000,0.84009182,-0.03892712,1.35906360,-0.04937806,1.40327219,0.78532656,-0.14573284,0.00836562,-0.10451248,0.06077844,-0.06712812,-0.12313269,-0.03030181,-0.00126458,-0.02862411,0.00028786,-0.01024630,-0.02530170
0.900000,0.83863250,-0.03884350,1.35801671,-0.04877005,1.40260017,0.78409357,-0.14617762,0.00836190,-0.10489857,0.06084369,-0.06729686,-0.12350556,-0.05847216,0.00051320,-0.04845742,0.01269699,-0.02342058,-0.04911954
0.910000,0.83716734,-0.03875983,1.35696498,-0.04816077,1.40192582,0.78285567,-0.14689844,0.00837572,-0.10547875,0.06103100,-0.06759483,-0.12411184,-0.08548894,0.00224137,-0.06742530,0.02469330,-0.03608399,-0.07196436
0.920000,0.83569365,-0.03867593,1.35590651,-0.04754904,1.40124786,0.78161059,-0.14788309,0.00840654,-0.10624386,0.06133599,-0.06801663,-0.12494122,-0.11121526,0.00391246,-0.08542870,0.03622128,-0.04817397,-0.09372055
0.930000,0.83420885,-0.03859164,1.35483952,-0.04693368,1.40056509,0.78035614,-0.14911799,0.00845375,-0.10718378,0.06175368,-0.06855619,-0.12598224,-0.13551426,0.00551900,-0.10236859,0.04722543,-0.05962794,-0.11427252
0.940000,0.83271051,-0.03850680,1.35376229,-0.04631360,1.39987637,0.77909028,-0.15058816,0.00851668,-0.10828736,0.06227857,-0.06920686,-0.12722227,-0.15824908,0.00705350,-0.11814594,0.05765026,-0.07038334,-0.13350466
0.950000,0.83119635,-0.03842126,1.35267327,-0.04568777,1.39918061,0.77781108,-0.15227730,0.00859456,-0.10954249,0.06290457,-0.06996132,-0.12864754,-0.17928381,0.00850856,-0.13266240,0.06744062,-0.08037803,-0.15130217
0.960000,0.82966429,-0.03833486,1.35157098,-0.04505520,1.39847682,0.77651676,-0.15416792,0.00868657,-0.11093623,0.06362516,-0.07081176,-0.13024332,-0.19854828,0.00987987,-0.14586828,0.07656618,-0.08957935,-0.16760575
0.970000,0.82811238,-0.03824748,1.35045412,-0.04441497,1.39776408,0.77520570,-0.15624249,0.00879188,-0.11245559,0.06443371,-0.07175031,-0.13199478,-0.21607940,0.01116825,-0.15779303,0.08503697,-0.09800273,-0.18244645
0.980000,0.82653888,-0.03815898,1.34932149,-0.04376625,1.39704155,0.77387640,-0.15848389,0.00890966,-0.11408794,0.06532376,-0.07276929,-0.13388750,-0.23192396,0.01237500,-0.16847343,0.09286676,-0.10566797,-0.19586366
0.990000,0.82494220,-0.03806925,1.34817203,-0.04310825,1.39630845,0.77252752,-0.16087550,0.00903911,-0.11582103,0.06628896,-0.07386121,-0.13590744,-0.24612871,0.01350139,-0.17794621,0.10006931,-0.11259490,-0.20789674
1.000000,0.82332093,-0.03797816,1.34700478,-0.04244024,1.39556410,0.77115787,-0.16340115,0.00917943,-0.11764296,0.06732310,-0.07501879,-0.13804096,-0.25874043,0.01454872,-0.18624815,0.10665838,-0.11880334,-0.21858508
1.010000,0.82167379,-0.03788563,1.34581891,-0.04176158,1.39480788,0.76976637,-0.16604515,0.00932983,-0.11954221,0.06842013,-0.07623495,-0.14027479,-0.26980589,0.01551827,-0.19341599,0.11264773,-0.12431312,-0.22796804
1.020000,0.81999968,-0.03779154,1.34461371,-0.04107165,1.39403923,0.76835208,-0.16879227,0.00948954,-0.12150762,0.06957410,-0.07750279,-0.14259610,-0.27937185,0.01641133,-0.19948650,0.11805112,-0.12914404,-0.23608501
1.030000,0.81829765,-0.03769581,1.34338857,-0.04036992,1.39325767,0.76691420,-0.17162775,0.00965780,-0.12352841,0.07077924,-0.07881564,-0.14499240,-0.28748508,0.01722918,-0.20449642,0.12288231,-0.13331594,-0.24297536
1.040000,0.81656688,-0.03759835,1.34214299,-0.03965591,1.39246279,0.76545202,-0.17453729,0.00983388,-0.12559414,0.07202989,-0.08016698,-0.14745165,-0.29419236,0.01797312,-0.20848252,0.12715506,-0.13684864,-0.24867846
1.050000,0.81480670,-0.03749911,1.34087657,-0.03892919,1.39165423,0.76396499,-0.17750707,0.01001702,-0.12769477,0.07332053,-0.08155054,-0.14996215,-0.29954045,0.01864443,-0.21148155,0.13088314,-0.13976196,-0.25323370
1.060000,0.81301658,-0.03739799,1.33958901,-0.03818939,1.39083169,0.76245265,-0.18052372,0.01020653,-0.12982060,0.07464578,-0.08296022,-0.15251263,-0.30357612,0.01924440,-0.21353026,0.13408030,-0.14207571,-0.25668044
1.070000,0.81119611,-0.03729496,1.33828011,-0.03743618,1.38999496,0.76091464,-0.18357437,0.01040168,-0.13196233,0.07600041,-0.08439013,-0.15509219,-0.30634614,0.01977431,-0.21466542,0.13676030,-0.14380973,-0.25905806
1.080000,0.80934502,-0.03718994,1.33694975,-0.03666930,1.38914384,0.75935074,-0.18664658,0.01060178,-0.13411099,0.07737931,-0.08583455,-0.15769035,-0.30789728,0.02023546,-0.21492377,0.13893691,-0.14498382,-0.26040594
1.090000,0.80746315,-0.03708291,1.33559790,-0.03588853,1.38827823,0.75776081,-0.18972841,0.01080616,-0.13625800,0.07877752,-0.08728800,-0.16029701,-0.30827630,0.02062912,-0.21434208,0.14062388,-0.14561782,-0.26076345
1.100000,0.80555046,-0.03697381,1.33422462,-0.03509370,1.38739807,0.75614481,-0.19280836,0.01101414,-0.13839515,0.08019020,-0.08874517,-0.16290245,-0.30752998,0.02095658,-0.21295710,0.14183498,-0.14573155,-0.26016996
1.110000,0.80360702,-0.03686261,1.33283005,-0.03428469,1.38650334,0.75450279,-0.19587541,0.01122508,-0.14051459,0.08161267,-0.09020096,-0.16549737,-0.30570509,0.02121915,-0.21080559,0.14258396,-0.14534482,-0.25866486
1.120000,0.80163303,-0.03674930,1.33141441,-0.03346143,1.38559407,0.75283492,-0.19891902,0.01143832,-0.14260883,0.08304039,-0.09165047,-0.16807284,-0.30284839,0.02141809,-0.20792430,0.14288458,-0.14447746,-0.25628752
1.130000,0.79962876,-0.03663384,1.32997798,-0.03262388,1.38467036,0.75114143,-0.20192910,0.01165323,-0.14467076,0.08446892,-0.09308898,-0.17062034,-0.29900665,0.02155469,-0.20434999,0.14275062,-0.14314928,-0.25307731
1.140000,0.79759459,-0.03651623,1.32852113,-0.03177206,1.38373234,0.74942264,-0.20489603,0.01186921,-0.14669364,0.08589400,-0.09451198,-0.17313174,-0.29422664,0.02163026,-0.20011941,0.14219582,-0.14138012,-0.24907360
1.150000,0.79553101,-0.03639646,1.32704426,-0.03090603,1.38278019,0.74767894,-0.20781066,0.01208564,-0.14867109,0.08731148,-0.09591518,-0.17559930,-0.28855513,0.02164606,-0.19526932,0.14123395,-0.13918979,-0.24431578
1.160000,0.79343858,-0.03627452,1.32554788,-0.03002587,1.38181412,0.74591082,-0.21066431,0.01230193,-0.15059709,0.08871736,-0.09729444,-0.17801568,-0.28203889,0.02160339,-0.18983648,0.13987876,-0.13659811,-0.23884322
1.170000,0.79131795,-0.03615042,1.32403251,-0.02913173,1.38083439,0.74411882,-0.21344878,0.01251751,-0.15246600,0.09010779,-0.09864587,-0.18037392,-0.27472469,0.02150354,-0.18385764,0.13814403,-0.13362491,-0.23269530
1.180000,0.78916986,-0.03602417,1.32249876,-0.02822378,1.37984131,0.74230356,-0.21615630,0.01273182,-0.15427254,0.09147902,-0.09996573,-0.18266746,-0.26665929,0.02134778,-0.17736956,0.13604350,-0.13029000,-0.22591138
1.190000,0.78699511,-0.03589579,1.32094728,-0.02730223,1.37883520,0.74046571,-0.21877961,0.01294429,-0.15601181,0.09282748,-0.10125053,-0.18489015,-0.25788947,0.02113742,-0.17040900,0.13359095,-0.12661321,-0.21853085
1.200000,0.78479457,-0.03576529,1.31937877,-0.02636732,1.37781643,0.73860601,-0.22131190,0.01315439,-0.15767927,0.09414972,-0.10249692,-0.18703622,-0.24846200,0.02087374,-0.16301270,0.13080012,-0.12261436,-0.21059308
1.210000,0.78256920,-0.03563271,1.31779395,-0.02541933,1.37678540,0.73672526,-0.22374682,0.01336159,-0.15927074,0.09544240,-0.10370181,-0.18910029,-0.23842363,0.02055802,-0.15521744,0.12768479,-0.11831327,-0.20213744
1.220000,0.78031998,-0.03549807,1.31619362,-0.02445858,1.37574254,0.73482430,-0.22607849,0.01356538,-0.16078241,0.09670238,-0.10486225,-0.19107738,-0.22782115,0.02019155,-0.14705995,0.12425870,-0.11372976,-0.19320332
1.230000,0.77804799,-0.03536142,1.31457858,-0.02348540,1.37468831,0.73290402,-0.22830152,0.01376525,-0.16221085,0.09792659,-0.10597553,-0.19296289,-0.21670132,0.01977561,-0.13857701,0.12053563,-0.10888366,-0.18383008
1.240000,0.77575433,-0.03522278,1.31294969,-0.02250018,1.37362319,0.73096536,-0.23041095,0.01396073,-0.16355299,0.09911214,-0.10703911,-0.19475265,-0.20511091,0.01931150,-0.12980536,0.11652933,-0.10379478,-0.17405710
1.250000,0.77344016,-0.03508222,1.31130782,-0.02150330,1.37254770,0.72900930,-0.23240232,0.01415133,-0.16480612,0.10025628,-0.10805068,-0.19644283,-0.19309669,0.01880051,-0.12078176,0.11225356,-0.09848295,-0.16392376
1.260000,0.77110669,-0.03493977,1.30965387,-0.02049520,1.37146236,0.72703684,-0.23427163,0.01433659,-0.16596791,0.10135636,-0.10900809,-0.19803005,-0.18070542,0.01824391,-0.11154297,0.10772209,-0.09296798,-0.15346943
1.270000,0.76875515,-0.03479551,1.30798877,-0.01947633,1.37036772,0.72504905,-0.23601533,0.01451606,-0.16703638,0.10240991,-0.10990943,-0.19951128,-0.16798388,0.01764300,-0.10212574,0.10294867,-0.08726970,-0.14273349
1.280000,0.76638681,-0.03464947,1.30631346,-0.01844716,1.36926436,0.72304698,-0.23763036,0.01468930,-0.16800995,0.10341458,-0.11075294,-0.20088391,-0.15497884,0.01699906,-0.09256683,0.09794706,-0.08140793,-0.13175532
1.290000,0.76400298,-0.03450174,1.30462889,-0.01740820,1.36815286,0.72103174,-0.23911412,0.01485590,-0.16888737,0.10436814,-0.11153711,-0.20214571,-0.14173706,0.01631338,-0.08290299,0.09273103,-0.07540250,-0.12057428
1.300000,0.76160497,-0.03435238,1.30293604,-0.01635998,1.36703382,0.71900444,-0.24046447,0.01501544,-0.16966778,0.10526853,-0.11226058,-0.20329485,-0.12830531,0.01558725,-0.07317099,0.08731433,-0.06927322,-0.10922975
1.310000,0.75919414,-0.03420146,1.30123586,-0.01530302,1.36590786,0.71696622,-0.24167975,0.01516752,-0.17035069,0.10611380,-0.11292222,-0.20432989,-0.11473037,0.01482196,-0.06340757,0.08171073,-0.06303991,-0.09776112
1.320000,0.75677183,-0.03404906,1.29952935,-0.01423789,1.36477559,0.71491823,-0.24275875,0.01531175,-0.17093595,0.10690216,-0.11352110,-0.20524979,-0.10105899,0.01401878,-0.05364950,0.07593399,-0.05672240,-0.08620774
1.330000,0.75433942,-0.03389525,1.29781747,-0.01316517,1.36363765,0.71286161,-0.24370076,0.01544777,-0.17142382,0.10763195,-0.11405646,-0.20605390,-0.08733795,0.01317902,-0.04393352,0.06999786,-0.05034050,-0.07460901
1.340000,0.75189828,-0.03374013,1.29610119,-0.01208545,1.36249467,0.71079754,-0.24450550,0.01557521,-0.17181488,0.10830164,-0.11452776,-0.20674195,-0.07361403,0.01230395,-0.03429640,0.06391611,-0.04391405,-0.06300430
1.350000,0.74944977,-0.03358378,1.29438149,-0.01099934,1.36134731,0.70872716,-0.24517319,0.01569373,-0.17211013,0.10890983,-0.11493466,-0.20731410,-0.05993397,0.01139486,-0.02477490,0.05770250,-0.03746285,-0.05143297
1.360000,0.74699527,-0.03342628,1.29265931,-0.00990746,1.36019620,0.70665164,-0.24570448,0.01580300,-0.17231089,0.10945529,-0.11527700,-0.20777086,-0.04634457,0.01045304,-0.01540576,0.05137079,-0.03100674,-0.03993441
1.370000,0.74453613,-0.03326775,1.29093558,-0.00881045,1.35904198,0.70457212,-0.24610054,0.01590269,-0.17241887,0.10993690,-0.11555484,-0.20811316,-0.03289258,0.00947978,-0.00622574,0.04493473,-0.02456553,-0.02854799
1.380000,0.74207370,-0.03310826,1.28921123,-0.00770894,1.35788531,0.70248975,-0.24636295,0.01599250,-0.17243616,0.11035369,-0.11576843,-0.20834232,-0.01962477,0.00847636,0.00272840,0.03840810,-0.01815904,-0.01731308
1.390000,0.73960931,-0.03294793,1.28748715,-0.00660359,1.35672683,0.70040565,-0.24649380,0.01607212,-0.17236518,0.11070481,-0.11591820,-0.20846006,-0.00658791,0.00744408,0.01141990,0.03180464,-0.01180710,-0.00626907
1.400000,0.73714426,-0.03278686,1.28576421,-0.00549507,1.35556716,0.69832092,-0.24649563,0.01614129,-0.17220876,0.11098957,-0.11600482,-0.20846847,0.00617122,0.00638421,0.01981201,0.02513813,-0.00552953,0.00454467
1.410000,0.73467982,-0.03262514,1.28404325,-0.00438403,1.35440694,0.69623664,-0.24637146,0.01619972,-0.17197006,0.11120741,-0.11602911,-0.20837006,0.01860587,0.00529805,0.02786797,0.01842231,0.00065386,0.01508878
1.420000,0.73221723,-0.03246290,1.28232507,-0.00327114,1.35324678,0.69415386,-0.24612475,0.01624716,-0.17165264,0.11135790,-0.11599212,-0.20816772,0.03066925,0.00418688,0.03555103,0.01167096,0.00672323,0.02532386
1.430000,0.72975772,-0.03230024,1.28061045,-0.00215709,1.35208730,0.69207362,-0.24575945,0.01628338,-0.17126039,0.11144075,-0.11589508,-0.20786473,0.04232281,0.00305203,0.04283152,0.00489653,0.01266192,0.03521743
1.440000,0.72730243,-0.03213727,1.27890010,-0.00104255,1.35092908,0.68999689,-0.24527967,0.01630813,-0.17079735,0.11145577,-0.11573933,-0.20746452,0.05356359,0.00189505,0.04971062,-0.00189414,0.01846699,0.04476684
1.450000,0.72485249,-0.03197411,1.27719472,0.00007180,1.34977270,0.68792464,-0.24468953,0.01632121,-0.17026748,0.11140283,-0.11552618,-0.20697052,0.06439836,0.00071752,0.05619787,-0.00869577,0.02413919,0.05397759
1.460000,0.72240899,-0.03181088,1.27549496,0.00118528,1.34861874,0.68585778,-0.24399304,0.01632242,-0.16967467,0.11128184,-0.11525698,-0.20638608,0.07483385,-0.00047897,0.06230282,-0.01550307,0.02967930,0.06285518
1.470000,0.71997297,-0.03164770,1.27380143,0.00229721,1.34746774,0.68379721,-0.24319416,0.01631157,-0.16902267,0.11109277,-0.11493304,-0.20571451,0.08487682,-0.00169283,0.06803503,-0.02231073,0.03508810,0.07140508
1.480000,0.71754544,-0.03148469,1.27211469,0.00340690,1.34632026,0.68174377,-0.24229679,0.01628851,-0.16831518,0.11083564,-0.11455566,-0.20495905,0.09453401,-0.00292247,0.07340405,-0.02911346,0.04036635,0.07963280
1.490000,0.71512735,-0.03132198,1.27043530,0.00451369,1.34517680,0.67969830,-0.24130474,0.01625308,-0.16755577,0.11051053,-0.11412614,-0.20412291,0.10381217,-0.00416629,0.07841943,-0.03590597,0.04551482,0.08754382
1.500000,0.71271964,-0.03115967,1.26876374,0.00561689,1.34403790,0.67766157,-0.24022178,0.01620514,-0.16674793,0.11011757,-0.11364579,-0.20320921,0.11271804,-0.00542271,0.08309071,-0.04268297,0.05053430,0.09514364
1.510000,0.71032321,-0.03099792,1.26710049,0.00671582,1.34290405,0.67563436,-0.23905160,0.01614458,-0.16589507,0.10965694,-0.11311588,-0.20222106,0.12125839,-0.00669014,0.08742746,-0.04943917,0.05542554,0.10243774
1.520000,0.70793889,-0.03083682,1.26544598,0.00780980,1.34177575,0.67361739,-0.23779781,0.01607131,-0.16500047,0.10912888,-0.11253770,-0.20116146,0.12943994,-0.00796698,0.09143921,-0.05616926,0.06018932,0.10943161
1.530000,0.70556752,-0.03067653,1.26380061,0.00889817,1.34065346,0.67161136,-0.23646398,0.01598522,-0.16406734,0.10853366,-0.11191252,-0.20003341,0.13726945,-0.00925165,0.09513553,-0.06286795,0.06482641,0.11613074
1.540000,0.70320987,-0.03051716,1.26216475,0.00998025,1.33953765,0.66961694,-0.23505357,0.01588625,-0.16309878,0.10787164,-0.11124159,-0.19883981,0.14475367,-0.01054255,0.09852595,-0.06952996,0.06933759,0.12254063
1.550000,0.70086669,-0.03035885,1.26053874,0.01105538,1.33842877,0.66763477,-0.23357003,0.01577435,-0.16209780,0.10714320,-0.11052618,-0.19758354,0.15189935,-0.01183810,0.10162005,-0.07614998,0.07372363,0.12866677
1.560000,0.69853870,-0.03020172,1.25892289,0.01212290,1.33732727,0.66566547,-0.23201669,0.01564948,-0.16106733,0.10634880,-0.10976754,-0.19626740,0.15871323,-0.01313670,0.10442735,-0.08272273,0.07798529,0.13451464
1.570000,0.69622658,-0.03004590,1.25731748,0.01318214,1.33623356,0.66370961,-0.23039685,0.01551161,-0.16001018,0.10548892,-0.10896689,-0.19489415,0.16520206,-0.01443677,0.10695742,-0.08924291,0.08212335,0.14008974
1.580000,0.69393097,-0.02989153,1.25572277,0.01423246,1.33514807,0.66176777,-0.22871371,0.01536075,-0.15892908,0.10456413,-0.10812548,-0.19346650,0.17137258,-0.01573671,0.10921980,-0.09570522,0.08613858,0.14539755
1.590000,0.69165250,-0.02973873,1.25413897,0.01527321,1.33407118,0.65984046,-0.22697044,0.01519689,-0.15782665,0.10357503,-0.10724453,-0.19198708,0.17723155,-0.01703494,0.11122405,-0.10210438,0.09003176,0.15044357
1.600000,0.68939175,-0.02958764,1.25256630,0.01630375,1.33300330,0.65792819,-0.22517010,0.01502006,-0.15670542,0.10252227,-0.10632525,-0.19045848,0.18278572,-0.01832986,0.11297972,-0.10843508,0.09380365,0.15523329
1.610000,0.68714928,-0.02943837,1.25100492,0.01732344,1.33194480,0.65603144,-0.22331572,0.01483030,-0.15556785,0.10140657,-0.10536886,-0.18888325,0.18804182,-0.01961988,0.11449636,-0.11469204,0.09745502,0.15977220
1.620000,0.68492561,-0.02929107,1.24945499,0.01833167,1.33089605,0.65415067,-0.22141023,0.01462768,-0.15441626,0.10022870,-0.10437655,-0.18726385,0.19300661,-0.02090341,0.11578351,-0.12086996,0.10098665,0.16406578
1.630000,0.68272124,-0.02914586,1.24791663,0.01932781,1.32985739,0.65228630,-0.21945653,0.01441226,-0.15325291,0.09898946,-0.10334952,-0.18560273,0.19768683,-0.02217887,0.11685073,-0.12696355,0.10439931,0.16811954
1.640000,0.68053663,-0.02900287,1.24638996,0.02031126,1.32882917,0.65043875,-0.21745742,0.01418414,-0.15207995,0.09768972,-0.10228895,-0.18390225,0.20208924,-0.02344466,0.11770758,-0.13296751,0.10769378,0.17193895
1.650000,0.67837223,-0.02886222,1.24487506,0.02128141,1.32781172,0.64860838,-0.21541565,0.01394341,-0.15089943,0.09633042,-0.10119603,-0.18216471,0.20622058,-0.02469919,0.11836359,-0.13887655,0.11087081,0.17552951
1.660000,0.67622845,-0.02872404,1.24337199,0.02223767,1.32680535,0.64679557,-0.21333389,0.01369020,-0.14971331,0.09491253,-0.10007193,-0.18039240,0.21008760,-0.02594088,0.11882833,-0.14468537,0.11393119,0.17889672
1.670000,0.67410568,-0.02858846,1.24188080,0.02317947,1.32581038,0.64500064,-0.21121476,0.01342464,-0.14852347,0.09343707,-0.09891780,-0.17858751,0.21369704,-0.02716812,0.11911134,-0.15038869,0.11687568,0.18204605
1.680000,0.67200427,-0.02845559,1.24040153,0.02410623,1.32482709,0.64322392,-0.20906079,0.01314689,-0.14733166,0.09190512,-0.09773480,-0.17675219,0.21705565,-0.02837934,0.11922217,-0.15598121,0.11970506,0.18498301
1.690000,0.66992457,-0.02832556,1.23893417,0.02501739,1.32385577,0.64146569,-0.20687446,0.01285711,-0.14613957,0.09031783,-0.09652408,-0.17488854,0.22017019,-0.02957293,0.11917037,-0.16145763,0.12242010,0.18771308
1.700000,0.66786688,-0.02819849,1.23747873,0.02591240,1.32289670,0.63972624,-0.20465817,0.01255549,-0.14494876,0.08867637,-0.09528677,-0.17299860,0.22304739,-0.03074732,0.11896551,-0.16681266,0.12502157,0.19024175
1.710000,0.66583150,-0.02807449,1.23603519,0.02679074,1.32195012,0.63800580,-0.20241428,0.01224223,-0.14376074,0.08698200,-0.09402402,-0.17108435,0.22569401,-0.03190091,0.11861711,-0.17204101,0.12751024,0.19257451
1.720000,0.66381868,-0.02795368,1.23460350,0.02765187,1.32101630,0.63630462,-0.20014504,0.01191755,-0.14257687,0.08523599,-0.09273694,-0.16914774,0.22811679,-0.03303210,0.11813475,-0.17713738,0.12988689,0.19471685
1.730000,0.66182868,-0.02783618,1.23318363,0.02849529,1.32009546,0.63462292,-0.19785267,0.01158167,-0.14139846,0.08343971,-0.09142665,-0.16719063,0.23032248,-0.03413932,0.11752796,-0.18209648,0.13215228,0.19667427
1.740000,0.65986170,-0.02772209,1.23177551,0.02932050,1.31918784,0.63296087,-0.19553929,0.01123485,-0.14022669,0.08159454,-0.09009427,-0.16521485,0.23231782,-0.03522096,0.11680630,-0.18691302,0.13430719,0.19845226
1.750000,0.65791795,-0.02761152,1.23037907,0.03012702,1.31829365,0.63131868,-0.19320699,0.01087734,-0.13906268,0.07970194,-0.08874088,-0.16322217,0.23410958,-0.03627544,0.11597932,-0.19158169,0.13635239,0.20005629
1.760000,0.65599762,-0.02750457,1.22899423,0.03091439,1.31741309,0.62969648,-0.19085776,0.01050943,-0.13790743,0.07776342,-0.08736758,-0.16121429,0.23570448,-0.03730118,0.11505657,-0.19609722,0.13828865,0.20149187
1.770000,0.65410085,-0.02740136,1.22762089,0.03168214,1.31654636,0.62809444,-0.18849353,0.01013142,-0.13676184,0.07578052,-0.08597546,-0.15919287,0.23710929,-0.03829656,0.11404760,-0.20045430,0.14011674,0.20276449
1.780000,0.65222779,-0.02730198,1.22625896,0.03242985,1.31569364,0.62651266,-0.18611618,0.00974361,-0.13562673,0.07375488,-0.08456560,-0.15715952,0.23833075,-0.03926002,0.11296197,-0.20464764,0.14183744,0.20387964
1.790000,0.65037856,-0.02720652,1.22490832,0.03315710,1.31485510,0.62495128,-0.18372751,0.00934633,-0.13450282,0.07168813,-0.08313907,-0.15511579,0.23937560,-0.04018995,0.11180921,-0.20867195,0.14345151,0.20484280
1.800000,0.64855327,-0.02711508,1.22356886,0.03386349,1.31403091,0.62341038,-0.18132924,0.00893993,-0.13339074,0.06958202,-0.08169693,-0.15306316,0.24025059,-0.04108477,0.11059889,-0.21252193,0.14495973,0.20565946
1.810000,0.64675200,-0.02702775,1.22224046,0.03454862,1.31322121,0.62189004,-0.17892304,0.00852476,-0.13229100,0.06743829,-0.08024023,-0.15100307,0.24096247,-0.04194289,0.10934055,-0.21619229,0.14636287,0.20633513
1.820000,0.64497483,-0.02694461,1.22092300,0.03521213,1.31242615,0.62039034,-0.17651051,0.00810120,-0.13120405,0.06525879,-0.07877002,-0.14893691,0.24151800,-0.04276272,0.10804375,-0.21967774,0.14766170,0.20687528
1.830000,0.64322181,-0.02686575,1.21961634,0.03585368,1.31164585,0.61891132,-0.17409318,0.00766964,-0.13013022,0.06304537,-0.07728734,-0.14686600,0.24192390,-0.04354266,0.10671803,-0.22297297,0.14885699,0.20728541
1.840000,0.64149298,-0.02679125,1.21832035,0.03647293,1.31088044,0.61745303,-0.17167251,0.00723048,-0.12906976,0.06079998,-0.07579322,-0.14479161,0.24218695,-0.04428112,0.10537295,-0.22607271,0.14994951,0.20757101
1.850000,0.63978837,-0.02672117,1.21703490,0.03706958,1.31013002,0.61601549,-0.16924989,0.00678416,-0.12802280,0.05852459,-0.07428869,-0.14271497,0.24231387,-0.04497652,0.10401806,-0.22897165,0.15094004,0.20773757
1.860000,0.63810798,-0.02665559,1.21575985,0.03764333,1.30939470,0.61459873,-0.16682666,0.00633110,-0.12698940,0.05622123,-0.07277476,-0.14063724,0.24231142,-0.04562727,0.10266291,-0.23166450,0.15182935,0.20779057
1.870000,0.63645183,-0.02659457,1.21449506,0.03819392,1.30867456,0.61320275,-0.16440407,0.00587177,-0.12596951,0.05389200,-0.07125243,-0.13855952,0.24218634,-0.04623177,0.10131704,-0.23414596,0.15261821,0.20773552
1.880000,0.63481990,-0.02653817,1.21324041,0.03872109,1.30796967,0.61182754,-0.16198332,0.00540663,-0.12496299,0.05153904,-0.06972272,-0.13648287,0.24194539,-0.04678843,0.09999002,-0.23641075,0.15330738,0.20757790
1.890000,0.63321215,-0.02648645,1.21199576,0.03922463,1.30728012,0.61047309,-0.15956553,0.00493616,-0.12396961,0.04916453,-0.06818662,-0.13440829,0.24159531,-0.04729567,0.09869139,-0.23845357,0.15389765,0.20732320
1.900000,0.63162857,-0.02643946,1.21076098,0.03970432,1.30660596,0.60913936,-0.15715175,0.00446088,-0.12298904,0.04677072,-0.06664510,-0.13233671,0.24114263,-0.04775200,0.09743024,-0.24026952,0.15438982,0.20697674
1.910000,0.63006910,-0.02639725,1.20953594,0.04015999,1.30594724,0.60782634,-0.15474301,0.00398129,-0.12202087,0.04435989,-0.06509914,-0.13026905,0.24059096,-0.04815737,0.09620967,-0.24185905,0.15478518,0.20654155
1.920000,0.62853369,-0.02635985,1.20832052,0.04059147,1.30530399,0.60653397,-0.15234026,0.00349790,-0.12106472,0.04193428,-0.06354971,-0.12820617,0.23994184,-0.04851276,0.09502846,-0.24322640,0.15508535,0.20601904
1.930000,0.62702227,-0.02632730,1.20711461,0.04099863,1.30467625,0.60526220,-0.14994449,0.00301120,-0.12012018,0.03949609,-0.06199775,-0.12614895,0.23919676,-0.04881916,0.09388531,-0.24437590,0.15529198,0.20541059
1.940000,0.62553477,-0.02629963,1.20591808,0.04138135,1.30406404,0.60401097,-0.14755664,0.00252168,-0.11918689,0.03704748,-0.06044418,-0.12409824,0.23835721,-0.04907756,0.09277892,-0.24531186,0.15540670,0.20471755
1.950000,0.62407111,-0.02627688,1.20473083,0.04173955,1.30346737,0.60278021,-0.14517765,0.00202981,-0.11826448,0.03459055,-0.05888991,-0.12205488,0.23742468,-0.04928897,0.09170801,-0.24603862,0.15543115,0.20394132
1.960000,0.62263119,-0.02625905,1.20355275,0.04207314,1.30288624,0.60156984,-0.14280845,0.00153605,-0.11735261,0.03212739,-0.05733585,-0.12001969,0.23640066,-0.04945437,0.09067125,-0.24656049,0.15536696,0.20308325
1.970000,0.62121491,-0.02624616,1.20238375,0.04238208,1.30232065,0.60037978,-0.14044994,0.00104087,-0.11645095,0.02966001,-0.05578287,-0.11799348,0.23528665,-0.04957476,0.08966737,-0.24688181,0.15521577,0.20214471
1.980000,0.61982215,-0.02623823,1.20122370,0.04266634,1.30177058,0.59920994,-0.13810301,0.00054470,-0.11555916,0.02719041,-0.05423182,-0.11597706,0.23408413,-0.04965114,0.08869505,-0.24700688,0.15497922,0.20112709
1.990000,0.61845280,-0.02623527,1.20007253,0.04292589,1.30123600,0.59806021,-0.13576855,0.00004799,-0.11467694,0.02472051,-0.05268356,-0.11397120,0.23279461,-0.04968449,0.08775301,-0.24694005,0.15465895,0.20003175
2.000000,0.61710674,-0.02623727,1.19893013,0.04316075,1.30071689,0.59693048,-0.13344741,-0.00044885,-0.11380400,0.02225223,-0.05113891,-0.11197668,0.23141956,-0.04967583,0.08683993,-0.24668562,0.15425659,0.19886005
2.010000,0.61578381,-0.02624424,1.19779642,0.04337095,1.30021321,0.59582063,-0.13114044,-0.00094539,-0.11294005,0.01978741,-0.04959870,-0.10999425,0.22996048,-0.04962613,0.08595453,-0.24624793,0.15377377,0.19761339
2.020000,0.61448388,-0.02625618,1.19667130,0.04355652,1.29972490,0.59473055,-0.12884847,-0.00144124,-0.11208483,0.01732787,-0.04806370,-0.10802466,0.22841886,-0.04953640,0.08509550,-0.24563130,0.15321214,0.19629312
2.030000,0.61320679,-0.02627306,1.19555470,0.04371753,1.29925191,0.59366009,-0.12657233,-0.00193599,-0.11123806,0.01487537,-0.04653471,-0.10606863,0.22679619,-0.04940762,0.08426154,-0.24484005,0.15257334,0.19490061
2.040000,0.61195238,-0.02629489,1.19444651,0.04385406,1.29879418,0.59260913,-0.12431281,-0.00242926,-0.11039952,0.01243163,-0.04501249,-0.10412688,0.22509397,-0.04924080,0.08345136,-0.24387851,0.15185899,0.19343725
2.050000,0.61072047,-0.02632164,1.19334668,0.04396620,1.29835164,0.59157751,-0.12207071,-0.00292068,-0.10956896,0.00999835,-0.04349778,-0.10220011,0.22331369,-0.04903694,0.08266365,-0.24275100,0.15107074,0.19190439
2.060000,0.60951090,-0.02635330,1.19225511,0.04405406,1.29792420,0.59056507,-0.11984680,-0.00340988,-0.10874617,0.00757715,-0.04199131,-0.10028902,0.22145683,-0.04879701,0.08189712,-0.24146184,0.15021022,0.19030341
2.070000,0.60832347,-0.02638983,1.19117173,0.04411778,1.29751178,0.58957167,-0.11764182,-0.00389650,-0.10793095,0.00516964,-0.04049381,-0.09839427,0.21952489,-0.04852203,0.08115046,-0.24001536,0.14927907,0.18863569
2.080000,0.60715800,-0.02643122,1.19009647,0.04415751,1.29711429,0.58859713,-0.11545654,-0.00438021,-0.10712310,0.00277736,-0.03900596,-0.09651652,0.21751935,-0.04821298,0.08042239,-0.23841589,0.14827893,0.18690260
2.090000,0.60601427,-0.02647743,1.18902924,0.04417339,1.29673163,0.58764128,-0.11329168,-0.00486065,-0.10632244,0.00040182,-0.03752845,-0.09465643,0.21544172,-0.04787086,0.07971159,-0.23666774,0.14721143,0.18510550
2.100000,0.60489209,-0.02652842,1.18796999,0.04416560,1.29636369,0.58670394,-0.11114794,-0.00533752,-0.10552882,-0.00195552,-0.03606195,-0.09281462,0.21329349,-0.04749666,0.07901678,-0.23477524,0.14607822,0.18324576
2.110000,0.60379124,-0.02658416,1.18691864,0.04413434,1.29601035,0.58578493,-0.10902604,-0.00581048,-0.10474206,-0.00429322,-0.03460710,-0.09099172,0.21107613,-0.04709138,0.07833665,-0.23274271,0.14488091,0.18132477
2.120000,0.60271150,-0.02664462,1.18587513,0.04407981,1.29567150,0.58488404,-0.10692665,-0.00627924,-0.10396204,-0.00660992,-0.03316454,-0.08918833,0.20879115,-0.04665602,0.07766990,-0.23057448,0.14362117,0.17934388
2.130000,0.60165263,-0.02670973,1.18483938,0.04400222,1.29534702,0.58400109,-0.10485044,-0.00674351,-0.10318862,-0.00890427,-0.03173488,-0.08740504,0.20644003,-0.04619157,0.07701523,-0.22827487,0.14230061,0.17730448
2.140000,0.60061441,-0.02677947,1.18381134,0.04390180,1.29503676,0.58313587,-0.10279806,-0.00720298,-0.10242170,-0.01117499,-0.03031873,-0.08564243,0.20402428,-0.04569902,0.07637135,-0.22584821,0.14092088,0.17520794
2.150000,0.59959659,-0.02685378,1.18279093,0.04377880,1.29474060,0.58228817,-0.10077016,-0.00765740,-0.10166116,-0.01342083,-0.02891666,-0.08390106,0.20154537,-0.04517936,0.07573696,-0.22329882,0.13948362,0.17305561
2.160000,0.59859892,-0.02693260,1.18177809,0.04363347,1.29445838,0.58145778,-0.09876736,-0.00810648,-0.10090693,-0.01564058,-0.02752924,-0.08218150,0.19900480,-0.04463361,0.07511075,-0.22063102,0.13799045,0.17084889
2.170000,0.59762116,-0.02701589,1.18077277,0.04346608,1.29418996,0.58064447,-0.09679027,-0.00854998,-0.10015892,-0.01783307,-0.02615703,-0.08048426,0.19640407,-0.04406274,0.07449143,-0.21784913,0.13644303,0.16858913
2.180000,0.59666303,-0.02710358,1.17977489,0.04327691,1.29393519,0.57984802,-0.09483947,-0.00898766,-0.09941708,-0.01999719,-0.02480056,-0.07880989,0.19374465,-0.04346775,0.07387770,-0.21495749,0.13484298,0.16627771
2.190000,0.59572428,-0.02719562,1.17878441,0.04306624,1.29369390,0.57906819,-0.09291556,-0.00941926,-0.09868136,-0.02213187,-0.02346034,-0.07715888,0.19102805,-0.04284964,0.07326826,-0.21196041,0.13319194,0.16391601
2.200000,0.59480463,-0.02729194,1.17780125,0.04283437,1.29346592,0.57830476,-0.09101910,-0.00984458,-0.09795171,-0.02423606,-0.02213688,-0.07553173,0.18825576,-0.04220941,0.07266181,-0.20886222,0.13149155,0.16150539
2.210000,0.59390380,-0.02739249,1.17682535,0.04258162,1.29325110,0.57755748,-0.08915063,-0.01026338,-0.09722811,-0.02630879,-0.02083067,-0.07392893,0.18542926,-0.04154804,0.07205705,-0.20566724,0.12974345,0.15904722
2.220000,0.59302152,-0.02749719,1.17585666,0.04230830,1.29304925,0.57682610,-0.08731069,-0.01067547,-0.09651057,-0.02834910,-0.01954217,-0.07235094,0.18255005,-0.04086654,0.07145269,-0.20237980,0.12794926,0.15654288
2.230000,0.59215749,-0.02760598,1.17489512,0.04201475,1.29286020,0.57611037,-0.08549980,-0.01108065,-0.09579906,-0.03035609,-0.01827183,-0.07079822,0.17961963,-0.04016590,0.07084741,-0.19900422,0.12611064,0.15399373
2.240000,0.59131143,-0.02771878,1.17394066,0.04170129,1.29268375,0.57541005,-0.08371846,-0.01147873,-0.09509362,-0.03232891,-0.01702010,-0.06927121,0.17663947,-0.03944711,0.07023994,-0.19554482,0.12422921,0.15140115
2.250000,0.59048302,-0.02783553,1.17299323,0.04136829,1.29251973,0.57472486,-0.08196717,-0.01186953,-0.09439428,-0.03426672,-0.01578738,-0.06777034,0.17361107,-0.03871116,0.06962896,-0.19200593,0.12230662,0.14876652
2.260000,0.58967198,-0.02795614,1.17205276,0.04101608,1.29236794,0.57405455,-0.08024640,-0.01225290,-0.09370106,-0.03616877,-0.01457410,-0.06629601,0.17053593,-0.03795906,0.06901317,-0.18839187,0.12034450,0.14609120
2.270000,0.58887799,-0.02808056,1.17111918,0.04064503,1.29222818,0.57339885,-0.07855660,-0.01262866,-0.09301403,-0.03803432,-0.01338062,-0.06484864,0.16741553,-0.03719180,0.06839129,-0.18470697,0.11834448,0.14337656
2.280000,0.58810074,-0.02820869,1.17019245,0.04025552,1.29210026,0.57275749,-0.07689823,-0.01299669,-0.09233326,-0.03986269,-0.01220733,-0.06342861,0.16425137,-0.03641037,0.06776200,-0.18095554,0.11630820,0.14062397
2.290000,0.58733992,-0.02834047,1.16927250,0.03984791,1.29198397,0.57213019,-0.07527172,-0.01335683,-0.09165882,-0.04165323,-0.01105457,-0.06203629,0.16104494,-0.03561576,0.06712402,-0.17714192,0.11423731,0.13783481
2.300000,0.58659520,-0.02847580,1.16835926,0.03942258,1.29187910,0.57151667,-0.07367747,-0.01370896,-0.09099081,-0.04340534,-0.00992269,-0.06067203,0.15779773,-0.03480898,0.06647603,-0.17327042,0.11213343,0.13501045
2.310000,0.58586626,-0.02861462,1.16745266,0.03897993,1.29178544,0.57091665,-0.07211589,-0.01405297,-0.09032934,-0.04511846,-0.00881201,-0.05933619,0.15451122,-0.03399102,0.06581675,-0.16934538,0.10999821,0.13215226
2.320000,0.58515277,-0.02875683,1.16655265,0.03852034,1.29170279,0.57032985,-0.07058737,-0.01438875,-0.08967452,-0.04679208,-0.00772283,-0.05802909,0.15118692,-0.03316287,0.06514487,-0.16537111,0.10783327,0.12926162
2.330000,0.58445440,-0.02890237,1.16565915,0.03804422,1.29163092,0.56975597,-0.06909227,-0.01471620,-0.08902649,-0.04842573,-0.00665543,-0.05675106,0.14782631,-0.03232552,0.06445910,-0.16135194,0.10564027,0.12633988
2.340000,0.58377082,-0.02905113,1.16477209,0.03755196,1.29156961,0.56919473,-0.06763096,-0.01503523,-0.08838539,-0.05001898,-0.00561011,-0.05550239,0.14443089,-0.03147998,0.06375813,-0.15729219,0.10342082,0.12338843
2.350000,0.58310167,-0.02920304,1.16389142,0.03704398,1.29151864,0.56864583,-0.06620377,-0.01534577,-0.08775138,-0.05157145,-0.00458710,-0.05428339,0.14100214,-0.03062724,0.06304066,-0.15319618,0.10117658,0.12040863
2.360000,0.58244663,-0.02935802,1.16301704,0.03652067,1.29147779,0.56810896,-0.06481102,-0.01564775,-0.08712464,-0.05308280,-0.00358665,-0.05309431,0.13754156,-0.02976828,0.06230541,-0.14906825,0.09890918,0.11740186
2.370000,0.58180533,-0.02951597,1.16214890,0.03598246,1.29144683,0.56758384,-0.06345304,-0.01594112,-0.08650534,-0.05455273,-0.00260899,-0.05193543,0.13405063,-0.02890412,0.06155106,-0.14491271,0.09662025,0.11436949
2.380000,0.58117745,-0.02967681,1.16128691,0.03542976,1.29142553,0.56707015,-0.06213011,-0.01622582,-0.08589368,-0.05598098,-0.00165431,-0.05080700,0.13053086,-0.02803573,0.06077632,-0.14073389,0.09431144,0.11131289
2.390000,0.58056261,-0.02984046,1.16043100,0.03486298,1.29141367,0.56656760,-0.06084251,-0.01650182,-0.08528988,-0.05736734,-0.00072282,-0.04970925,0.12698373,-0.02716412,0.05997989,-0.13653611,0.09198437,0.10823344
2.400000,0.57996048,-0.03000682,1.15958109,0.03428255,1.29141100,0.56607587,-0.05959052,-0.01676910,-0.08469416,-0.05871165,0.00018532,-0.04864241,0.12341073,-0.02629029,0.05916047,-0.13232369,0.08964069,0.10513249
2.410000,0.57937068,-0.03017581,1.15873709,0.03368889,1.29141729,0.56559465,-0.05837438,-0.01702763,-0.08410675,-0.06001378,0.00106994,-0.04760667,0.11981335,-0.02541522,0.05831677,-0.12810097,0.08728203,0.10201143
2.420000,0.57879287,-0.03034734,1.15789892,0.03308241,1.29143232,0.56512363,-0.05719433,-0.01727740,-0.08352791,-0.06127365,0.00193091,-0.04660224,0.11619309,-0.02453991,0.05744748,-0.12387225,0.08491003,0.09887163
2.430000,0.57822668,-0.03052133,1.15706650,0.03246355,1.29145583,0.56466250,-0.05605059,-0.01751843,-0.08295789,-0.06249122,0.00276810,-0.04562929,0.11255144,-0.02366536,0.05655130,-0.11964188,0.08252632,0.09571446
2.440000,0.57767174,-0.03069768,1.15623973,0.03183273,1.29148760,0.56421094,-0.05494337,-0.01775071,-0.08239698,-0.06366650,0.00358141,-0.04468800,0.10888988,-0.02279255,0.05562694,-0.11541416,0.08013255,0.09254128
2.450000,0.57712769,-0.03087631,1.15541853,0.03119037,1.29152738,0.56376863,-0.05387285,-0.01797429,-0.08184545,-0.06479953,0.00437073,-0.04377852,0.10520992,-0.02192250,0.05467309,-0.11119343,0.07773035,0.08935348
2.460000,0.57659416,-0.03105714,1.15460279,0.03053688,1.29157494,0.56333526,-0.05283922,-0.01818918,-0.08130362,-0.06589040,0.00513599,-0.04290098,0.10151303,-0.02105618,0.05368846,-0.10698401,0.07532135,0.08615242
2.470000,0.57607078,-0.03124007,1.15379242,0.02987270,1.29163002,0.56291050,-0.05184264,-0.01839543,-0.08077179,-0.06693926,0.00587714,-0.04205551,0.09780072,-0.02019461,0.05267175,-0.10279022,0.07290720,0.08293947
2.480000,0.57555718,-0.03142502,1.15298732,0.02919823,1.29169240,0.56249404,-0.05088326,-0.01859309,-0.08025030,-0.06794627,0.00659412,-0.04124222,0.09407447,-0.01933876,0.05162166,-0.09861638,0.07048952,0.07971601
2.490000,0.57505299,-0.03161190,1.15218738,0.02851391,1.29176182,0.56208555,-0.04996119,-0.01878222,-0.07973947,-0.06891167,0.00728692,-0.04046122,0.09033577,-0.01848964,0.05053690,-0.09446683,0.06806997,0.07648341
2.500000,0.57455783,-0.03180063,1.15139250,0.02782014,1.29183806,0.56168471,-0.04907658,-0.01896291,-0.07923968,-0.06983571,0.00795552,-0.03971258,0.08658612,-0.01764823,0.04941615,-0.09034588,0.06565016,0.07324303
2.510000,0.57407133,-0.03199113,1.15060255,0.02711733,1.29192085,0.56129119,-0.04822950,-0.01913522,-0.07875127,-0.07071869,0.00859993,-0.03899638,0.08282700,-0.01681555,0.04825812,-0.08625785,0.06323175,0.06999626
2.520000,0.57359312,-0.03218331,1.14981743,0.02640590,1.29200997,0.56090467,-0.04742006,-0.01929925,-0.07827464,-0.07156099,0.00922017,-0.03831267,0.07905992,-0.01599257,0.04706152,-0.08220708,0.06081637,0.06674445
2.530000,0.57312281,-0.03237709,1.14903702,0.02568625,1.29210518,0.56052483,-0.04664833,-0.01945510,-0.07781018,-0.07236298,0.00981627,-0.03766150,0.07528636,-0.01518030,0.04582504,-0.07819788,0.05840564,0.06348899
2.540000,0.57266002,-0.03257239,1.14826119,0.02495877,1.29220622,0.56015134,-0.04591435,-0.01960289,-0.07735828,-0.07312510,0.01038830,-0.03704290,0.07150780,-0.01437973,0.04454739,-0.07423459,0.05600123,0.06023125
2.550000,0.57220439,-0.03276912,1.14748981,0.02422388,1.29231286,0.55978386,-0.04521818,-0.01974274,-0.07691937,-0.07384783,0.01093632,-0.03645688,0.06772575,-0.01359186,0.04322727,-0.07032151,0.05360474,0.05697259
2.560000,0.57175553,-0.03296721,1.14672275,0.02348195,1.29242487,0.55942209,-0.04455984,-0.01987478,-0.07649388,-0.07453171,0.01146043,-0.03590345,0.06394170,-0.01281767,0.04186337,-0.06646299,0.05121784,0.05371439
2.570000,0.57131307,-0.03316659,1.14595988,0.02273337,1.29254199,0.55906569,-0.04393935,-0.01999914,-0.07608225,-0.07517729,0.01196072,-0.03538259,0.06015712,-0.01205817,0.04045440,-0.06266333,0.04884214,0.05045802
2.580000,0.57087662,-0.03336717,1.14520106,0.02197853,1.29266400,0.55871433,-0.04335670,-0.02011599,-0.07568495,-0.07578519,0.01243731,-0.03489428,0.05637353,-0.01131435,0.03899906,-0.05892687,0.04647929,0.04720485
2.590000,0.57044581,-0.03356889,1.14444614,0.02121779,1.29279066,0.55836769,-0.04281187,-0.02022549,-0.07530243,-0.07635605,0.01289035,-0.03443848,0.05259240,-0.01058720,0.03749605,-0.05525792,0.04413093,0.04395625
2.600000,0.57002026,-0.03377166,1.14369496,0.02045153,1.29292173,0.55802545,-0.04230484,-0.02032780,-0.07493519,-0.07689058,0.01331998,-0.03401513,0.04881524,-0.00987773,0.03594408,-0.05166082,0.04179869,0.04071359
2.610000,0.56959959,-0.03397542,1.14294738,0.01968010,1.29305698,0.55768728,-0.04183555,-0.02042310,-0.07458372,-0.07738952,0.01372638,-0.03362418,0.04504352,-0.00918692,0.03434183,-0.04813989,0.03948421,0.03747825
2.620000,0.56918342,-0.03418010,1.14220323,0.01890385,1.29319618,0.55735286,-0.04140394,-0.02051160,-0.07424852,-0.07785365,0.01410973,-0.03326554,0.04127875,-0.00851577,0.03268802,-0.04469944,0.03718913,0.03425160
2.630000,0.56877138,-0.03438563,1.14146235,0.01812314,1.29333910,0.55702186,-0.04100995,-0.02059349,-0.07393013,-0.07828379,0.01447024,-0.03293911,0.03752240,-0.00786527,0.03098135,-0.04134381,0.03491507,0.03103501
2.640000,0.56836310,-0.03459195,1.14072457,0.01733829,1.29348551,0.55669397,-0.04065346,-0.02066898,-0.07362908,-0.07868082,0.01480811,-0.03264480,0.03377599,-0.00723642,0.02922051,-0.03807732,0.03266369,0.02782985
2.650000,0.56795819,-0.03479899,1.13998971,0.01654963,1.29363519,0.55636886,-0.04033439,-0.02073829,-0.07334591,-0.07904565,0.01512359,-0.03238247,0.03004099,-0.00663022,0.02740420,-0.03490429,0.03043661,0.02463749
2.660000,0.56755629,-0.03500669,1.13925759,0.01575748,1.29378791,0.55604622,-0.04005260,-0.02080166,-0.07308118,-0.07937924,0.01541693,-0.03215200,0.02631890,-0.00604765,0.02553114,-0.03182904,0.02823548,0.02145930
2.670000,0.56715701,-0.03521500,1.13852802,0.01496214,1.29394345,0.55572572,-0.03980796,-0.02085933,-0.07283548,-0.07968257,0.01568839,-0.03195324,0.02261120,-0.00548972,0.02360001,-0.02885590,0.02606193,0.01829665
2.680000,0.56676000,-0.03542386,1.13780082,0.01416392,1.29410160,0.55540705,-0.03960032,-0.02091154,-0.07260938,-0.07995671,0.01593827,-0.03178601,0.01891940,-0.00495742,0.02160952,-0.02598920,0.02391759,0.01515093
2.690000,0.56636488,-0.03563321,1.13707577,0.01336310,1.29426215,0.55508989,-0.03942952,-0.02095856,-0.07240349,-0.08020273,0.01616685,-0.03165016,0.01524498,-0.00445174,0.01955838,-0.02323325,0.02180411,0.01202349
2.700000,0.56597129,-0.03584301,1.13635268,0.01255996,1.29442487,0.55477394,-0.03929536,-0.02100067,-0.07221842,-0.08042176,0.01637446,-0.03154548,0.01158943,-0.00397368,0.01744527,-0.02059238,0.01972311,0.00891571
2.710000,0.56557886,-0.03605321,1.13563133,0.01175475,1.29458957,0.55445888,-0.03919766,-0.02103813,-0.07205480,-0.08061497,0.01656142,-0.03147177,0.00795425,-0.00352423,0.01526891,-0.01807092,0.01767625,0.00582896
2.720000,0.56518722,-0.03626376,1.13491151,0.01094774,1.29475603,0.55414440,-0.03913620,-0.02107125,-0.07191326,-0.08078359,0.01672810,-0.03142882,0.00434092,-0.00310440,0.01302800,-0.01567319,0.01566515,0.00276461
2.730000,0.56479601,-0.03647462,1.13419299,0.01013916,1.29492406,0.55383020,-0.03911076,-0.02110032,-0.07179446,-0.08092886,0.01687485,-0.03141640,0.00075093,-0.00271516,0.01072123,-0.01340351,0.01369145,-0.00027596
2.740000,0.56440488,-0.03668576,1.13347554,0.00932924,1.29509346,0.55351597,-0.03912110,-0.02112566,-0.07169906,-0.08105210,0.01700206,-0.03143426,-0.00281421,-0.00235753,0.00834730,-0.01126620,0.01175679,-0.00329139
2.750000,0.56401347,-0.03689713,1.13275893,0.00851819,1.29526404,0.55320141,-0.03916696,-0.02114758,-0.07162774,-0.08115464,0.01711012,-0.03148214,-0.00635302,-0.00203249,0.00590492,-0.00926560,0.00986280,-0.00628030
2.760000,0.56362143,-0.03710870,1.13204290,0.00770621,1.29543560,0.55288623,-0.03924807,-0.02116642,-0.07158119,-0.08123788,0.01719946,-0.03155977,-0.00986402,-0.00174103,0.00339279,-0.00740601,0.00801112,-0.00924132
2.770000,0.56322839,-0.03732044,1.13132722,0.00689349,1.29560797,0.55257012,-0.03936414,-0.02118252,-0.07156012,-0.08130325,0.01727049,-0.03166687,-0.01334570,-0.00148416,0.00080961,-0.00569178,0.00620339,-0.01217309
2.780000,0.56283403,-0.03753234,1.13061161,0.00608020,1.29578095,0.55225280,-0.03951488,-0.02119622,-0.07156524,-0.08135222,0.01732368,-0.03180313,-0.01679658,-0.00126287,-0.00184592,-0.00412722,0.00444125,-0.01507422
2.790000,0.56243798,-0.03774436,1.12989582,0.00526650,1.29595438,0.55193396,-0.03969997,-0.02120790,-0.07159728,-0.08138631,0.01735947,-0.03196825,-0.02021516,-0.00107815,-0.00457511,-0.00271665,0.00272633,-0.01794334
2.800000,0.56203991,-0.03795649,1.12917958,0.00445252,1.29612809,0.55161334,-0.03991907,-0.02121791,-0.07165699,-0.08140708,0.01737837,-0.03216189,-0.02359995,-0.00093100,-0.00737923,-0.00146441,0.00106027,-0.02077910
2.810000,0.56163949,-0.03816872,1.12846259,0.00363839,1.29630190,0.55129063,-0.04017185,-0.02122664,-0.07174512,-0.08141614,0.01738085,-0.03238371,-0.02694947,-0.00082241,-0.01025961,-0.00037480,-0.00055530,-0.02358011
2.820000,0.56123637,-0.03838102,1.12774458,0.00282423,1.29647565,0.55096557,-0.04045794,-0.02123449,-0.07186244,-0.08141513,0.01736743,-0.03263337,-0.03026222,-0.00075338,-0.01321753,0.00054784,-0.00211873,-0.02634500
2.830000,0.56083022,-0.03859340,1.12702524,0.00201012,1.29664919,0.55063787,-0.04077696,-0.02124185,-0.07200974,-0.08140575,0.01733865,-0.03291049,-0.03353671,-0.00072490,-0.01625430,0.00129918,-0.00362840,-0.02907240
2.840000,0.56042072,-0.03880586,1.12630428,0.00119614,1.29682237,0.55030727,-0.04112854,-0.02124913,-0.07218780,-0.08138973,0.01729505,-0.03321469,-0.03677145,-0.00073797,-0.01937121,0.00187491,-0.00508266,-0.03176094
2.850000,0.56000754,-0.03901839,1.12558138,0.00038234,1.29699505,0.54997349,-0.04151226,-0.02125675,-0.07239743,-0.08136885,0.01723719,-0.03354557,-0.03996494,-0.00079358,-0.02256956,0.00227071,-0.00647987,-0.03440924
2.860000,0.55959037,-0.03923100,1.12485622,-0.00043123,1.29716707,0.54963627,-0.04192770,-0.02126514,-0.07263946,-0.08134493,0.01716565,-0.03390273,-0.04311570,-0.00089273,-0.02585066,0.00248224,-0.00781841,-0.03701595
2.870000,0.55916888,-0.03944370,1.12412848,-0.00124456,1.29733832,0.54929535,-0.04237442,-0.02127475,-0.07291472,-0.08131983,0.01708102,-0.03428575,-0.04622224,-0.00103641,-0.02921579,0.00250518,-0.00909663,-0.03957968
2.880000,0.55874278,-0.03965650,1.12339781,-0.00205763,1.29750865,0.54895047,-0.04285199,-0.02128602,-0.07322406,-0.08129547,0.01698392,-0.03469418,-0.04928305,-0.00122561,-0.03266627,0.00233522,-0.01031289,-0.04209906
2.890000,0.55831174,-0.03986942,1.12266388,-0.00287047,1.29767796,0.54860138,-0.04335993,-0.02129942,-0.07356834,-0.08127379,0.01687498,-0.03512758,-0.05229666,-0.00146134,-0.03620338,0.00196802,-0.01146557,-0.04457272
2.900000,0.55787548,-0.04008249,1.12192633,-0.00368312,1.29784611,0.54824784,-0.04389776,-0.02131541,-0.07394842,-0.08125678,0.01675483,-0.03558548,-0.05526157,-0.00174459,-0.03982843,0.00139926,-0.01255302,-0.04699930
2.910000,0.55743369,-0.04029574,1.12118479,-0.00449563,1.29801302,0.54788959,-0.04446499,-0.02133447,-0.07436520,-0.08124649,0.01662414,-0.03606740,-0.05817629,-0.00207635,-0.04354272,0.00062462,-0.01357360,-0.04937741
2.920000,0.55698608,-0.04050920,1.12043890,-0.00530808,1.29817856,0.54752641,-0.04506111,-0.02135710,-0.07481958,-0.08124499,0.01648358,-0.03657286,-0.06103932,-0.00245761,-0.04734755,-0.00036022,-0.01452568,-0.05170569
2.930000,0.55653237,-0.04072290,1.11968827,-0.00612057,1.29834266,0.54715806,-0.04568560,-0.02138379,-0.07531246,-0.08125441,0.01633386,-0.03710134,-0.06384919,-0.00288938,-0.05124421,-0.00155959,-0.01540763,-0.05398277
2.940000,0.55607228,-0.04093689,1.11893252,-0.00693321,1.29850521,0.54678431,-0.04633791,-0.02141506,-0.07584477,-0.08127691,0.01617567,-0.03765234,-0.06660438,-0.00337264,-0.05523400,-0.00297781,-0.01621780,-0.05620727
2.950000,0.55560552,-0.04115121,1.11817124,-0.00774616,1.29866615,0.54640494,-0.04701750,-0.02145142,-0.07641745,-0.08131470,0.01600975,-0.03822531,-0.06930371,-0.00390763,-0.05931629,-0.00461608,-0.01695536,-0.05837817
2.960000,0.55513184,-0.04136593,1.11740403,-0.00855956,1.29882538,0.54601973,-0.04772380,-0.02149338,-0.07703139,-0.08136994,0.01583680,-0.03881972,-0.07194670,-0.00449263,-0.06348553,-0.00646752,-0.01762151,-0.06049534
2.970000,0.55465096,-0.04158110,1.11663047,-0.00937362,1.29898286,0.54562847,-0.04845625,-0.02154143,-0.07768743,-0.08144473,0.01565755,-0.03943504,-0.07453302,-0.00512558,-0.06773534,-0.00852398,-0.01821780,-0.06255880
2.980000,0.55416263,-0.04179678,1.11585014,-0.01018853,1.29913852,0.54523096,-0.04921427,-0.02159604,-0.07838634,-0.08154108,0.01547267,-0.04007072,-0.07706231,-0.00580444,-0.07205936,-0.01077730,-0.01874575,-0.06456856
2.990000,0.55366659,-0.04201305,1.11506260,-0.01100452,1.29929230,0.54482699,-0.04999730,-0.02165767,-0.07912884,-0.08166091,0.01528286,-0.04072623,-0.07953423,-0.00652718,-0.07645121,-0.01321932,-0.01920692,-0.06652464
3.000000,0.55316260,-0.04222996,1.11426742,-0.01182183,1.29944416,0.54441637,-0.05080476,-0.02172673,-0.07991557,-0.08180607,0.01508875,-0.04140103,-0.08194844,-0.00729175,-0.08090455,-0.01584189,-0.01960284,-0.06842704
3.010000,0.55265042,-0.04244761,1.11346414,-0.01264073,1.29959406,0.54399891,-0.05163608,-0.02180363,-0.08074712,-0.08197832,0.01489101,-0.04209459,-0.08430458,-0.00809611,-0.08541300,-0.01863683,-0.01993504,-0.07027580
3.020000,0.55212980,-0.04266606,1.11265232,-0.01346150,1.29974197,0.54357442,-0.05249066,-0.02188877,-0.08162400,-0.08217935,0.01469026,-0.04280637,-0.08660232,-0.00893821,-0.08997020,-0.02159601,-0.02020507,-0.07207091
3.030000,0.55160053,-0.04288541,1.11183151,-0.01428442,1.29988786,0.54314272,-0.05336793,-0.02198252,-0.08254666,-0.08241076,0.01448711,-0.04353583,-0.08884131,-0.00981601,-0.09456979,-0.02471125,-0.02041446,-0.07381240
3.040000,0.55106237,-0.04310574,1.11100124,-0.01510982,1.30003171,0.54270365,-0.05426729,-0.02208521,-0.08351551,-0.08267407,0.01428217,-0.04428244,-0.09102119,-0.01072748,-0.09920540,-0.02797440,-0.02056475,-0.07550027
3.050000,0.55051511,-0.04332715,1.11016104,-0.01593801,1.30017350,0.54225702,-0.05518815,-0.02219717,-0.08453087,-0.08297072,0.01407601,-0.04504566,-0.09314164,-0.01167056,-0.10387066,-0.03137730,-0.02065748,-0.07713456
3.060000,0.54995854,-0.04354972,1.10931046,-0.01676935,1.30031322,0.54180268,-0.05612992,-0.02231872,-0.08559300,-0.08330205,0.01386920,-0.04582495,-0.09520229,-0.01264322,-0.10855921,-0.03491179,-0.02069419,-0.07871526
3.070000,0.54939244,-0.04377355,1.10844903,-0.01760417,1.30045088,0.54134047,-0.05709200,-0.02245013,-0.08670211,-0.08366936,0.01366231,-0.04661979,-0.09720281,-0.01364341,-0.11326468,-0.03856971,-0.02067641,-0.08024239
3.080000,0.54881663,-0.04399875,1.10757626,-0.01844286,1.30058647,0.54087023,-0.05807378,-0.02259167,-0.08785833,-0.08407383,0.01345585,-0.04742962,-0.09914285,-0.01466910,-0.11798072,-0.04234291,-0.02060569,-0.08171598
3.090000,0.54823090,-0.04422542,1.10669170,-0.01928578,1.30072000,0.54039183,-0.05907465,-0.02274359,-0.08906174,-0.08451658,0.01325036,-0.04825393,-0.10102206,-0.01571823,-0.12270096,-0.04622323,-0.02048356,-0.08313603
3.100000,0.54763508,-0.04445366,1.10579487,-0.02013332,1.30085148,0.53990511,-0.06009401,-0.02290611,-0.09031234,-0.08499863,0.01304635,-0.04909216,-0.10284010,-0.01678876,-0.12741902,-0.05020250,-0.02031156,-0.08450255
3.110000,0.54702896,-0.04468358,1.10488530,-0.02098589,1.30098093,0.53940994,-0.06113125,-0.02307943,-0.09161009,-0.08552093,0.01284429,-0.04994380,-0.10459662,-0.01787866,-0.13212856,-0.05427257,-0.02009123,-0.08581557
3.120000,0.54641239,-0.04491529,1.10396251,-0.02184388,1.30110838,0.53890619,-0.06218574,-0.02326374,-0.09295486,-0.08608435,0.01264468,-0.05080830,-0.10629128,-0.01898587,-0.13682319,-0.05842529,-0.01982410,-0.08707509
3.130000,0.54578519,-0.04514889,1.10302604,-0.02270771,1.30123384,0.53839373,-0.06325687,-0.02345920,-0.09434648,-0.08668968,0.01244796,-0.05168512,-0.10792373,-0.02010837,-0.14149657,-0.06265248,-0.01951172,-0.08828114
3.140000,0.54514720,-0.04538451,1.10207543,-0.02357781,1.30135735,0.53787245,-0.06434401,-0.02366595,-0.09578470,-0.08733762,0.01225459,-0.05257374,-0.10949363,-0.02124410,-0.14614231,-0.06694600,-0.01915562,-0.08943373
3.150000,0.54449826,-0.04562225,1.10111020,-0.02445461,1.30147894,0.53734222,-0.06544653,-0.02388412,-0.09726922,-0.08802880,0.01206499,-0.05347362,-0.11100062,-0.02239102,-0.15075407,-0.07129769,-0.01875735,-0.09053287
3.160000,0.54383822,-0.04586223,1.10012989,-0.02533853,1.30159866,0.53680294,-0.06656381,-0.02411380,-0.09879965,-0.08876375,0.01187958,-0.05438422,-0.11244438,-0.02354709,-0.15532547,-0.07569938,-0.01831843,-0.09157857
3.170000,0.54316694,-0.04610456,1.09913405,-0.02623003,1.30171655,0.53625450,-0.06769521,-0.02435508,-0.10037557,-0.08954293,0.01169875,-0.05530501,-0.11382453,-0.02471027,-0.15985015,-0.08014292,-0.01784041,-0.09257085
3.180000,0.54248427,-0.04634937,1.09812223,-0.02712954,1.30183265,0.53569681,-0.06884009,-0.02460802,-0.10199648,-0.09036672,0.01152290,-0.05623546,-0.11514076,-0.02587852,-0.16432175,-0.08462015,-0.01732483,-0.09350974
3.190000,0.54179009,-0.04659676,1.09709397,-0.02803752,1.30194702,0.53512976,-0.06999781,-0.02487266,-0.10366181,-0.09123541,0.01135238,-0.05717503,-0.11639269,-0.02704978,-0.16873389,-0.08912292,-0.01677322,-0.09439523
3.200000,0.54108428,-0.04684686,1.09604885,-0.02895440,1.30205972,0.53455328,-0.07116772,-0.02514902,-0.10537094,-0.09214923,0.01118755,-0.05812319,-0.11758001,-0.02822203,-0.17308022,-0.09364305,-0.01618713,-0.09522734
3.210000,0.54036670,-0.04709978,1.09498641,-0.02988065,1.30217080,0.53396727,-0.07234919,-0.02543710,-0.10712317,-0.09310831,0.01102874,-0.05907940,-0.11870234,-0.02939321,-0.17735437,-0.09817240,-0.01556808,-0.09600610
3.220000,0.53963726,-0.04735564,1.09390624,-0.03081672,1.30228032,0.53337167,-0.07354155,-0.02573687,-0.10891776,-0.09411268,0.01087629,-0.06004313,-0.11975936,-0.03056129,-0.18154998,-0.10270281,-0.01491763,-0.09673151
3.230000,0.53889584,-0.04761456,1.09280792,-0.03176306,1.30238834,0.53276639,-0.07474416,-0.02604831,-0.11075389,-0.09516234,0.01073049,-0.06101385,-0.12075071,-0.03172422,-0.18566068,-0.10722612,-0.01423730,-0.09740359
3.240000,0.53814234,-0.04787665,1.09169103,-0.03272012,1.30249495,0.53215137,-0.07595635,-0.02637134,-0.11263067,-0.09625716,0.01059164,-0.06199103,-0.12167605,-0.03287996,-0.18968011,-0.11173416,-0.01352863,-0.09802236
3.250000,0.53737668,-0.04814202,1.09055517,-0.03368835,1.30260020,0.53152655,-0.07717746,-0.02670588,-0.11454716,-0.09739694,0.01046001,-0.06297412,-0.12253504,-0.03402647,-0.19360190,-0.11621879,-0.01279317,-0.09858783
3.260000,0.53659877,-0.04841080,1.08939996,-0.03466820,1.30270417,0.53089187,-0.07840683,-0.02705183,-0.11650236,-0.09858143,0.01033586,-0.06396260,-0.12332732,-0.03516170,-0.19741968,-0.12067184,-0.01203245,-0.09910000
3.270000,0.53580852,-0.04868310,1.08822500,-0.03566012,1.30280694,0.53024728,-0.07964378,-0.02740907,-0.11849519,-0.09981025,0.01021944,-0.06495594,-0.12405256,-0.03628362,-0.20112710,-0.12508515,-0.01124801,-0.09955891
3.280000,0.53500587,-0.04895902,1.08702993,-0.03666455,1.30290859,0.52959273,-0.08088765,-0.02777745,-0.12052451,-0.10108297,0.01011097,-0.06595361,-0.12471040,-0.03739017,-0.20471779,-0.12945057,-0.01044139,-0.09996456
3.290000,0.53419074,-0.04923868,1.08581439,-0.03768193,1.30300919,0.52892819,-0.08213776,-0.02815681,-0.12258914,-0.10239907,0.01001068,-0.06695506,-0.12530050,-0.03847932,-0.20818538,-0.13375993,-0.00961413,-0.10031697
3.300000,0.53336309,-0.04952219,1.08457803,-0.03871268,1.30310883,0.52825362,-0.08339344,-0.02854697,-0.12468779,-0.10375795,0.00991875,-0.06795977,-0.12582252,-0.03954902,-0.21152351,-0.13800508,-0.00876776,-0.10061615
3.310000,0.53252286,-0.04980966,1.08332053,-0.03975723,1.30320759,0.52756899,-0.08465399,-0.02894772,-0.12681915,-0.10515893,0.00983538,-0.06896720,-0.12627611,-0.04059724,-0.21472582,-0.14217787,-0.00790382,-0.10086212
3.320000,0.53167000,-0.05010118,1.08204155,-0.04081599,1.30330557,0.52687427,-0.08591873,-0.02935884,-0.12898183,-0.10660124,0.00976073,-0.06997683,-0.12666092,-0.04162192,-0.21778593,-0.14627012,-0.00702385,-0.10105489
3.330000,0.53080447,-0.05039687,1.08074079,-0.04188939,1.30340284,0.52616945,-0.08718697,-0.02978007,-0.13117438,-0.10808404,0.00969495,-0.07098812,-0.12697661,-0.04262104,-0.22069749,-0.15027369,-0.00612939,-0.10119448
3.340000,0.52992625,-0.05069682,1.07941796,-0.04297781,1.30349950,0.52545450,-0.08845803,-0.03021116,-0.13339527,-0.10960639,0.00963819,-0.07200054,-0.12722284,-0.04359253,-0.22345413,-0.15418041,-0.00522198,-0.10128090
3.350000,0.52903531,-0.05100112,1.07807280,-0.04408164,1.30359563,0.52472943,-0.08973120,-0.03065183,-0.13564292,-0.11116730,0.00959055,-0.07301356,-0.12739925,-0.04453437,-0.22604948,-0.15798213,-0.00430316,-0.10131417
3.360000,0.52813162,-0.05130988,1.07670502,-0.04520128,1.30369134,0.52399423,-0.09100578,-0.03110175,-0.13791570,-0.11276566,0.00955216,-0.07402665,-0.12750550,-0.04544451,-0.22847719,-0.16167069,-0.00337446,-0.10129430
3.370000,0.52721519,-0.05162319,1.07531440,-0.04633708,1.30378671,0.52324890,-0.09228107,-0.03156060,-0.14021189,-0.11440031,0.00952309,-0.07503927,-0.12754125,-0.04632090,-0.23073089,-0.16523792,-0.00243742,-0.10122130
3.380000,0.52628600,-0.05194113,1.07390071,-0.04748940,1.30388183,0.52249345,-0.09355637,-0.03202805,-0.14252971,-0.11606999,0.00950343,-0.07605090,-0.12750615,-0.04716151,-0.23280420,-0.16867568,-0.00149358,-0.10109519
3.390000,0.52534406,-0.05226378,1.07246374,-0.04865859,1.30397681,0.52172789,-0.09483096,-0.03250371,-0.14486735,-0.11777336,0.00949324,-0.07706100,-0.12739985,-0.04796429,-0.23469077,-0.17197580,-0.00054447,-0.10091599
3.400000,0.52438939,-0.05259123,1.07100331,-0.04984498,1.30407173,0.52095224,-0.09610413,-0.03298720,-0.14722289,-0.11950902,0.00949255,-0.07806904,-0.12722201,-0.04872720,-0.23638424,-0.17513012,0.00040835,-0.10068371
3.410000,0.52342199,-0.05292355,1.06951923,-0.05104887,1.30416669,0.52016652,-0.09737516,-0.03347811,-0.14959437,-0.12127545,0.00950141,-0.07907450,-0.12697229,-0.04944819,-0.23787823,-0.17813049,0.00136336,-0.10039837
3.420000,0.52244189,-0.05326081,1.06801137,-0.05227058,1.30426179,0.51937076,-0.09864333,-0.03397602,-0.15197976,-0.12307109,0.00951982,-0.08007683,-0.12665033,-0.05012523,-0.23916639,-0.18096875,0.00231902,-0.10005997
3.430000,0.52144913,-0.05360309,1.06647960,-0.05351039,1.30435712,0.51856499,-0.09990792,-0.03448046,-0.15437699,-0.12489426,0.00954779,-0.08107552,-0.12625580,-0.05075627,-0.24024234,-0.18363673,0.00327378,-0.09966854
3.440000,0.52044375,-0.05395044,1.06492380,-0.05476855,1.30445278,0.51774926,-0.10116821,-0.03499098,-0.15678388,-0.12674323,0.00958529,-0.08207003,-0.12578834,-0.05133927,-0.24109973,-0.18612629,0.00422612,-0.09922409
3.450000,0.51942579,-0.05430293,1.06334390,-0.05604533,1.30454886,0.51692361,-0.10242345,-0.03550708,-0.15919823,-0.12861616,0.00963230,-0.08305983,-0.12524761,-0.05187219,-0.24173219,-0.18842925,0.00517449,-0.09872663
3.460000,0.51839530,-0.05466060,1.06173982,-0.05734095,1.30464545,0.51608808,-0.10367291,-0.03602825,-0.16161776,-0.13051116,0.00968876,-0.08404438,-0.12463327,-0.05235298,-0.24213335,-0.19053747,0.00611735,-0.09817618
3.470000,0.51735235,-0.05502351,1.06011153,-0.05865562,1.30474266,0.51524274,-0.10491587,-0.03655396,-0.16404011,-0.13242623,0.00975462,-0.08502317,-0.12394497,-0.05277960,-0.24229686,-0.19244278,0.00705317,-0.09757275
3.480000,0.51629701,-0.05539169,1.05845902,-0.05998953,1.30484058,0.51438764,-0.10615156,-0.03708366,-0.16646288,-0.13435931,0.00982980,-0.08599566,-0.12318236,-0.05315000,-0.24221634,-0.19413703,0.00798041,-0.09691636
3.490000,0.51522934,-0.05576519,1.05678228,-0.06134286,1.30493929,0.51352285,-0.10737926,-0.03761677,-0.16888360,-0.13630824,0.00991419,-0.08696132,-0.12234510,-0.05346216,-0.24188543,-0.19561206,0.00889753,-0.09620702
3.500000,0.51414945,-0.05614404,1.05508136,-0.06271575,1.30503889,0.51264844,-0.10859822,-0.03815270,-0.17129973,-0.13827080,0.01000771,-0.08791963,-0.12143285,-0.05371402,-0.24129776,-0.19685971,0.00980298,-0.09544475
3.510000,0.51305741,-0.05652825,1.05335631,-0.06410831,1.30513947,0.51176448,-0.10980767,-0.03869084,-0.17370868,-0.14024465,0.01011021,-0.08887004,-0.12044525,-0.05390354,-0.24044698,-0.19787182,0.01069525,-0.09462957
3.520000,0.51195333,-0.05691786,1.05160722,-0.06552067,1.30524112,0.51087106,-0.11100687,-0.03923055,-0.17610777,-0.14222742,0.01022156,-0.08981204,-0.11938196,-0.05402868,-0.23932671,-0.19864022,0.01157277,-0.09376148
3.530000,0.51083731,-0.05731287,1.04983420,-0.06695288,1.30534393,0.50996827,-0.11219506,-0.03977119,-0.17849429,-0.14421662,0.01034161,-0.09074509,-0.11824264,-0.05408739,-0.23793060,-0.19915678,0.01243402,-0.09284050
3.540000,0.50970947,-0.05771328,1.04803738,-0.06840501,1.30544798,0.50905619,-0.11337147,-0.04031207,-0.18086544,-0.14620969,0.01047018,-0.09166867,-0.11702694,-0.05407764,-0.23625227,-0.19941332,0.01327747,-0.09186665
3.550000,0.50856992,-0.05811911,1.04621695,-0.06987708,1.30555336,0.50813493,-0.11453534,-0.04085251,-0.18321838,-0.14820399,0.01060710,-0.09258225,-0.11573451,-0.05399738,-0.23428537,-0.19940168,0.01410156,-0.09083993
3.560000,0.50741881,-0.05853033,1.04437309,-0.07136909,1.30566015,0.50720458,-0.11568590,-0.04139178,-0.18555017,-0.15019680,0.01075215,-0.09348530,-0.11436501,-0.05384457,-0.23202352,-0.19911372,0.01490476,-0.08976038
3.570000,0.50625625,-0.05894694,1.04250602,-0.07288100,1.30576843,0.50626526,-0.11682238,-0.04192915,-0.18785784,-0.15218532,0.01090512,-0.09437728,-0.11291809,-0.05361716,-0.22946037,-0.19854126,0.01568554,-0.08862799
3.580000,0.50508241,-0.05936890,1.04061602,-0.07441277,1.30587828,0.50531708,-0.11794400,-0.04246387,-0.19013835,-0.15416665,0.01106578,-0.09525768,-0.11139342,-0.05331311,-0.22658955,-0.19767616,0.01644235,-0.08744279
3.590000,0.50389742,-0.05979620,1.03870336,-0.07596430,1.30598977,0.50436015,-0.11904999,-0.04299515,-0.19238859,-0.15613784,0.01123388,-0.09612596,-0.10979063,-0.05293039,-0.22340469,-0.19651025,0.01717367,-0.08620479
3.600000,0.50270146,-0.06022879,1.03676836,-0.07753548,1.30610298,0.50339460,-0.12013955,-0.04352221,-0.19460538,-0.15809583,0.01140916,-0.09698160,-0.10810939,-0.05246695,-0.21989943,-0.19503537,0.01787794,-0.08491401
3.610000,0.50149469,-0.06066663,1.03481137,-0.07912616,1.30621798,0.50242056,-0.12121191,-0.04404421,-0.19678549,-0.16003749,0.01159134,-0.09782407,-0.10634935,-0.05192074,-0.21606741,-0.19324337,0.01855363,-0.08357045
3.620000,0.50027728,-0.06110966,1.03283278,-0.08073617,1.30633483,0.50143816,-0.12226628,-0.04456034,-0.19892561,-0.16195961,0.01178013,-0.09865283,-0.10451017,-0.05128972,-0.21190226,-0.19112609,0.01919920,-0.08217414
3.630000,0.49904943,-0.06155781,1.03083301,-0.08236528,1.30645360,0.50044755,-0.12330185,-0.04506972,-0.20102240,-0.16385890,0.01197522,-0.09946737,-0.10259150,-0.05057186,-0.20739761,-0.18867536,0.01981312,-0.08072509
3.640000,0.49781131,-0.06201103,1.02881249,-0.08401326,1.30657436,0.49944887,-0.12431784,-0.04557148,-0.20307241,-0.16573198,0.01217628,-0.10026716,-0.10059299,-0.04976510,-0.20254710,-0.18588304,0.02039385,-0.07922331
3.650000,0.49656314,-0.06246921,1.02677172,-0.08567982,1.30669715,0.49844226,-0.12531344,-0.04606472,-0.20507217,-0.16757539,0.01238298,-0.10105166,-0.09851430,-0.04886741,-0.19734437,-0.18274096,0.02093984,-0.07766882
3.660000,0.49530511,-0.06293229,1.02471123,-0.08736466,1.30682203,0.49742789,-0.12628786,-0.04654852,-0.20701811,-0.16938560,0.01259496,-0.10182036,-0.09635508,-0.04787674,-0.19178306,-0.17924096,0.02144957,-0.07606163
3.670000,0.49403745,-0.06340015,1.02263155,-0.08906741,1.30694906,0.49640591,-0.12724028,-0.04702194,-0.20890661,-0.17115899,0.01281185,-0.10257272,-0.09411499,-0.04679105,-0.18585678,-0.17537489,0.02192148,-0.07440176
3.680000,0.49276038,-0.06387269,1.02053330,-0.09078770,1.30707829,0.49537649,-0.12816989,-0.04748401,-0.21073400,-0.17289186,0.01303326,-0.10330822,-0.09179368,-0.04560830,-0.17955920,-0.17113459,0.02235405,-0.07268923
3.690000,0.49147414,-0.06434979,1.01841709,-0.09252510,1.30720974,0.49433980,-0.12907588,-0.04793377,-0.21249654,-0.17458041,0.01325879,-0.10402633,-0.08939080,-0.04432645,-0.17288393,-0.16651189,0.02274574,-0.07092404
3.700000,0.49017895,-0.06483132,1.01628360,-0.09427915,1.30734347,0.49329602,-0.12995743,-0.04837021,-0.21419040,-0.17622079,0.01348803,-0.10472653,-0.08690602,-0.04294345,-0.16582461,-0.16149865,0.02309500,-0.06910621
3.710000,0.48887507,-0.06531715,1.01413352,-0.09604934,1.30747951,0.49224533,-0.13081373,-0.04879230,-0.21581174,-0.17780907,0.01372055,-0.10540828,-0.08433990,-0.04145865,-0.15838018,-0.15609215,0.02340089,-0.06723629
3.720000,0.48756276,-0.06580712,1.01196762,-0.09783514,1.30761789,0.49118792,-0.13164397,-0.04919905,-0.21735677,-0.17934137,0.01395591,-0.10607109,-0.08169574,-0.03987555,-0.15056526,-0.15030582,0.02366419,-0.06531641
3.730000,0.48624228,-0.06630107,1.00978665,-0.09963597,1.30775864,0.49012397,-0.13244739,-0.04958950,-0.21882187,-0.18081397,0.01419369,-0.10671445,-0.07897734,-0.03819841,-0.14239739,-0.14415611,0.02388601,-0.06334900
3.740000,0.48491390,-0.06679885,1.00759146,-0.10145121,1.30790178,0.48905370,-0.13322328,-0.04996272,-0.22020360,-0.18222333,0.01443349,-0.10733791,-0.07618852,-0.03643148,-0.13389409,-0.13765943,0.02406745,-0.06133647
3.750000,0.48357791,-0.06730027,1.00538287,-0.10328022,1.30804732,0.48797728,-0.13397094,-0.05031784,-0.22149869,-0.18356606,0.01467491,-0.10794104,-0.07333306,-0.03457901,-0.12507291,-0.13083223,0.02420963,-0.05928124
3.760000,0.48223458,-0.06780514,1.00316178,-0.10512230,1.30819528,0.48689494,-0.13468973,-0.05065403,-0.22270406,-0.18483893,0.01491756,-0.10852341,-0.07041477,-0.03264527,-0.11595137,-0.12369092,0.02431364,-0.05718574
3.770000,0.48088421,-0.06831328,1.00092910,-0.10697675,1.30834567,0.48580689,-0.13537904,-0.05097049,-0.22381678,-0.18603889,0.01516106,-0.10908463,-0.06743746,-0.03063452,-0.10654701,-0.11625194,0.02438061,-0.05505240
3.780000,0.47952710,-0.06882448,0.99868576,-0.10884282,1.30849850,0.48471332,-0.13603830,-0.05126648,-0.22483411,-0.18716303,0.01540505,-0.10962434,-0.06440493,-0.02855100,-0.09687736,-0.10853171,0.02441163,-0.05288362
3.790000,0.47816355,-0.06933854,0.99643274,-0.11071975,1.30865377,0.48361447,-0.13666697,-0.05154128,-0.22575350,-0.18820864,0.01564918,-0.11014219,-0.06132097,-0.02639898,-0.08695995,-0.10054667,0.02440781,-0.05068184
3.800000,0.47679387,-0.06985524,0.99417103,-0.11260673,1.30881148,0.48251055,-0.13726456,-0.05179424,-0.22657254,-0.18917314,0.01589310,-0.11063787,-0.05818940,-0.02418271,-0.07681233,-0.09231325,0.02437027,-0.04844948
3.810000,0.47541836,-0.07037435,0.99190163,-0.11450293,1.30897163,0.48140179,-0.13783061,-0.05202474,-0.22728904,-0.19005413,0.01613647,-0.11111108,-0.05501401,-0.02190645,-0.06645201,-0.08384787,0.02430010,-0.04618896
3.820000,0.47403736,-0.07089565,0.98962560,-0.11640752,1.30913421,0.48028841,-0.13836471,-0.05223219,-0.22790093,-0.19084938,0.01637899,-0.11156156,-0.05179861,-0.01957445,-0.05589653,-0.07516697,0.02419841,-0.04390269
3.830000,0.47265118,-0.07141892,0.98734397,-0.11831963,1.30929921,0.47917063,-0.13886646,-0.05241605,-0.22840637,-0.19155681,0.01662034,-0.11198906,-0.04854700,-0.01719098,-0.04516344,-0.06628697,0.02406632,-0.04159311
3.840000,0.47126014,-0.07194389,0.98505783,-0.12023836,1.30946661,0.47804870,-0.13933554,-0.05257585,-0.22880367,-0.19217451,0.01686022,-0.11239336,-0.04526298,-0.01476029,-0.03427025,-0.05722431,0.02390493,-0.03926264
3.850000,0.46986458,-0.07247035,0.98276826,-0.12216281,1.30963641,0.47692285,-0.13977163,-0.05271112,-0.22909130,-0.19270074,0.01709835,-0.11277425,-0.04195036,-0.01228664,-0.02323450,-0.04799540,0.02371534,-0.03691369
3.860000,0.46846482,-0.07299803,0.98047637,-0.12409207,1.30980857,0.47579330,-0.14017446,-0.05282145,-0.22926794,-0.19313392,0.01733444,-0.11313158,-0.03861294,-0.00977429,-0.01207374,-0.03861669,0.02349867,-0.03454870
3.870000,0.46706120,-0.07352670,0.97818328,-0.12602518,1.30998309,0.47466029,-0.14054381,-0.05290649,-0.22933242,-0.19347263,0.01756823,-0.11346518,-0.03525451,-0.00722748,-0.00080548,-0.02910460,0.02325602,-0.03217007
3.880000,0.46565405,-0.07405608,0.97589010,-0.12796120,1.31015993,0.47352407,-0.14087949,-0.05296590,-0.22928375,-0.19371562,0.01779948,-0.11377494,-0.03187889,-0.00465048,0.01055274,-0.01947557,0.02298851,-0.02978024
3.890000,0.46424372,-0.07458593,0.97359798,-0.12989917,1.31033907,0.47238487,-0.14118135,-0.05299941,-0.22912112,-0.19386180,0.01802792,-0.11406076,-0.02848987,-0.00204755,0.02198338,-0.00974601,0.02269722,-0.02738163
3.900000,0.46283054,-0.07511598,0.97130806,-0.13183811,1.31052048,0.47124294,-0.14144926,-0.05300678,-0.22884390,-0.19391026,0.01825334,-0.11432255,-0.02509126,0.00057706,0.03346891,0.00006764,0.02238328,-0.02497665
3.910000,0.46141485,-0.07564597,0.96902149,-0.13377704,1.31070412,0.47009850,-0.14168315,-0.05298781,-0.22845162,-0.19386022,0.01847552,-0.11456028,-0.02168686,0.00321909,0.04499180,0.00994895,0.02204780,-0.02256773
3.920000,0.45999699,-0.07617565,0.96673941,-0.13571498,1.31088998,0.46895181,-0.14188299,-0.05294235,-0.22794400,-0.19371111,0.01869423,-0.11477390,-0.01828047,0.00587428,0.05653451,0.01988149,0.02169187,-0.02015730
3.930000,0.45857730,-0.07670473,0.96446299,-0.13765093,1.31107800,0.46780311,-0.14204877,-0.05287030,-0.22732092,-0.19346248,0.01890929,-0.11496343,-0.01487590,0.00853839,0.06807951,0.02984883,0.02131660,-0.01774777
3.940000,0.45715613,-0.07723296,0.96219338,-0.13958390,1.31126815,0.46665262,-0.14218053,-0.05277157,-0.22658246,-0.19311407,0.01912050,-0.11512887,-0.01147695,0.01120714,0.07960928,0.03983454,0.02092311,-0.01534157
3.950000,0.45573381,-0.07776008,0.95993173,-0.14151288,1.31146039,0.46550061,-0.14227834,-0.05264615,-0.22572885,-0.19266578,0.01932769,-0.11527028,-0.00808741,0.01387628,0.09110626,0.04982220,0.02051251,-0.01294112
3.960000,0.45431067,-0.07828580,0.95767919,-0.14343688,1.31165469,0.46434730,-0.14234232,-0.05249406,-0.22476050,-0.19211767,0.01953070,-0.11538772,-0.00471110,0.01654156,0.10255295,0.05979537,0.02008589,-0.01054883
3.970000,0.45288707,-0.07880987,0.95543690,-0.14535490,1.31185099,0.46319293,-0.14237262,-0.05231535,-0.22367802,-0.19146998,0.01972936,-0.11548129,-0.00135182,0.01919872,0.11393178,0.06973762,0.01964436,-0.00816715
3.980000,0.45146333,-0.07933202,0.95320600,-0.14726595,1.31204926,0.46203775,-0.14236943,-0.05211012,-0.22248215,-0.19072308,0.01992354,-0.11555110,0.00198664,0.02184351,0.12522525,0.07963253,0.01918904,-0.00579847
3.990000,0.45003979,-0.07985198,0.95098763,-0.14916904,1.31224945,0.46088199,-0.14233297,-0.05187853,-0.22117385,-0.18987754,0.02011310,-0.11559731,0.00530047,0.02447166,0.13641581,0.08946367,0.01872103,-0.00344524
4.000000,0.44861678,-0.08036950,0.94878290,-0.15106318,1.31245151,0.45972588,-0.14226351,-0.05162076,-0.21975424,-0.18893407,0.02029792,-0.11562007,0.00858586,0.02707891,0.14748592,0.09921460,0.01824144,-0.00110986
4.010000,0.44719463,-0.08088431,0.94659291,-0.15294740,1.31265539,0.45856967,-0.14216136,-0.05133704,-0.21822459,-0.18789357,0.02047790,-0.11561957,0.01183902,0.02966102,0.15841807,0.10886889,0.01775137,0.00120523
4.020000,0.44577367,-0.08139616,0.94441877,-0.15482073,1.31286105,0.45741357,-0.14202685,-0.05102764,-0.21658639,-0.18675707,0.02065292,-0.11559604,0.01505614,0.03221372,0.16919470,0.11841013,0.01725193,0.00349763
4.030000,0.44435420,-0.08190478,0.94226154,-0.15668222,1.31306843,0.45625782,-0.14186037,-0.05069288,-0.21484128,-0.18552580,0.02082291,-0.11554970,0.01823342,0.03473276,0.17979830,0.12782187,0.01674424,0.00576489
4.040000,0.44293656,-0.08240993,0.94012229,-0.15853093,1.31327749,0.45510265,-0.14166233,-0.05033311,-0.21299106,-0.18420112,0.02098778,-0.11548083,0.02136705,0.03721389,0.19021132,0.13708769,0.01622939,0.00800461
4.050000,0.44152106,-0.08291136,0.93800206,-0.16036594,1.31348817,0.45394828,-0.14143319,-0.04994874,-0.21103774,-0.18278459,0.02114747,-0.11538971,0.02445324,0.03965283,0.20041624,0.14619116,0.01570850,0.01021435
4.060000,0.44010800,-0.08340882,0.93590187,-0.16218632,1.31370042,0.45279493,-0.14117343,-0.04954021,-0.20898349,-0.18127789,0.02130193,-0.11527665,0.02748818,0.04204534,0.21039551,0.15511585,0.01518266,0.01239171
4.070000,0.43869769,-0.08390208,0.93382272,-0.16399120,1.31391419,0.45164282,-0.14088361,-0.04910800,-0.20683065,-0.17968292,0.02145111,-0.11514199,0.03046807,0.04438717,0.22013162,0.16384532,0.01465300,0.01453424
4.080000,0.43729043,-0.08439091,0.93176558,-0.16577969,1.31412943,0.45049216,-0.14056427,-0.04865265,-0.20458173,-0.17800169,0.02159498,-0.11498609,0.03338911,0.04667404,0.22960701,0.17236316,0.01412062,0.01663955
4.090000,0.43588650,-0.08487506,0.92973140,-0.16755095,1.31434607,0.44934317,-0.14021603,-0.04817472,-0.20223943,-0.17623642,0.02173352,-0.11480934,0.03624749,0.04890171,0.23880417,0.18065293,0.01358662,0.01870519
4.100000,0.43448620,-0.08535433,0.92772109,-0.16930415,1.31456408,0.44819604,-0.13983954,-0.04767483,-0.19980663,-0.17438945,0.02186672,-0.11461213,0.03903942,0.05106592,0.24770556,0.18869820,0.01305211,0.02072875
4.110000,0.43308980,-0.08582849,0.92573556,-0.17103848,1.31478339,0.44705099,-0.13943548,-0.04715363,-0.19728637,-0.17246332,0.02199457,-0.11439491,0.04176108,0.05316241,0.25629364,0.19648254,0.01251820,0.02270781
4.120000,0.43169758,-0.08629733,0.92377565,-0.17275316,1.31500395,0.44590821,-0.13900457,-0.04661182,-0.19468186,-0.17046072,0.02211708,-0.11415813,0.04440868,0.05518693,0.26455088,0.20398953,0.01198600,0.02463994
4.130000,0.43030980,-0.08676066,0.92184219,-0.17444745,1.31522571,0.44476789,-0.13854756,-0.04605014,-0.19199651,-0.16838451,0.02223430,-0.11390227,0.04697841,0.05713522,0.27245975,0.21120273,0.01145661,0.02652273
4.140000,0.42892671,-0.08721827,0.91993597,-0.17612062,1.31544862,0.44363022,-0.13806527,-0.04546938,-0.18923388,-0.16623770,0.02234623,-0.11362785,0.04946647,0.05900302,0.28000272,0.21810571,0.01093114,0.02835375
4.150000,0.42754858,-0.08766998,0.91805776,-0.17777198,1.31567262,0.44249539,-0.13755852,-0.04487036,-0.18639773,-0.16402349,0.02245293,-0.11333538,0.05186906,0.06078607,0.28716224,0.22468205,0.01041070,0.03013057
4.160000,0.42617562,-0.08811562,0.91620825,-0.17940087,1.31589766,0.44136358,-0.13702819,-0.04425396,-0.18349198,-0.16174521,0.02255446,-0.11302543,0.05418238,0.06248012,0.29392080,0.23091531,0.00989640,0.03185078
4.170000,0.42480809,-0.08855501,0.91438814,-0.18100668,1.31612369,0.44023494,-0.13647518,-0.04362107,-0.18052071,-0.15940638,0.02265089,-0.11269856,0.05640262,0.06408091,0.30026085,0.23678907,0.00938934,0.03351196
4.180000,0.42344619,-0.08898799,0.91259804,-0.18258881,1.31635066,0.43910966,-0.13590046,-0.04297266,-0.17748821,-0.15701067,0.02274228,-0.11235539,0.05852633,0.06558460,0.30616668,0.24228854,0.00889055,0.03511187
4.190000,0.42209015,-0.08941441,0.91083856,-0.18414672,1.31657852,0.43798789,-0.13530498,-0.04230970,-0.17439883,-0.15456186,0.02282873,-0.11199653,0.06055291,0.06699096,0.31163797,0.24741293,0.00840046,0.03665000
4.200000,0.42074016,-0.08983414,0.90911024,-0.18567988,1.31680722,0.43686978,-0.13468972,-0.04163316,-0.17125687,-0.15206365,0.02291032,-0.11162260,0.06248324,0.06830153,0.31668218,0.25216851,0.00791914,0.03812665
4.210000,0.41939642,-0.09024703,0.90741359,-0.18718784,1.31703671,0.43575548,-0.13405563,-0.04094399,-0.16806658,-0.14951970,0.02298714,-0.11123420,0.06431821,0.06951790,0.32130681,0.25656158,0.00744668,0.03954215
4.220000,0.41805910,-0.09065298,0.90574906,-0.18867014,1.31726695,0.43464514,-0.13340367,-0.04024311,-0.16483211,-0.14693360,0.02305928,-0.11083196,0.06605870,0.07064163,0.32551939,0.26059848,0.00698318,0.04089684
4.230000,0.41672840,-0.09105186,0.90411708,-0.19012638,1.31749788,0.43353889,-0.13273477,-0.03953146,-0.16155754,-0.14430889,0.02312683,-0.11041647,0.06770559,0.07167431,0.32932743,0.26428552,0.00652873,0.04219103
4.240000,0.41540446,-0.09144358,0.90251803,-0.19155620,1.31772947,0.43243685,-0.13204987,-0.03880993,-0.15824689,-0.14164904,0.02318989,-0.10998834,0.06925976,0.07261751,0.33273845,0.26762901,0.00608341,0.04342506
4.250000,0.41408745,-0.09182803,0.90095225,-0.19295926,1.31796167,0.43133916,-0.13134988,-0.03807940,-0.15490407,-0.13895744,0.02324853,-0.10954816,0.07072210,0.07347281,0.33575996,0.27063527,0.00564732,0.04459924
4.260000,0.41277751,-0.09220514,0.89942004,-0.19433525,1.31819443,0.43024593,-0.13063573,-0.03734076,-0.15153296,-0.13623743,0.02330286,-0.10909655,0.07209350,0.07424177,0.33839947,0.27331062,0.00522055,0.04571391
4.270000,0.41147478,-0.09257482,0.89792167,-0.19568392,1.31842771,0.42915727,-0.12990831,-0.03659485,-0.14813733,-0.13349231,0.02335297,-0.10863408,0.07337483,0.07492598,0.34066450,0.27566138,0.00480318,0.04676940
4.280000,0.41017939,-0.09293701,0.89645736,-0.19700503,1.31866147,0.42807328,-0.12916853,-0.03584251,-0.14472089,-0.13072527,0.02339896,-0.10816136,0.07456698,0.07552700,0.34256257,0.27769387,0.00439530,0.04776602
4.290000,0.40889145,-0.09329165,0.89502731,-0.19829836,1.31889567,0.42699407,-0.12841727,-0.03508458,-0.14128728,-0.12793947,0.02344091,-0.10767896,0.07567084,0.07604642,0.34410118,0.27941441,0.00399701,0.04870411
4.300000,0.40761108,-0.09363869,0.89363166,-0.19956376,1.31913028,0.42591973,-0.12765540,-0.03432185,-0.13784004,-0.12513800,0.02347893,-0.10718747,0.07668728,0.07648581,0.34528786,0.28082930,0.00360839,0.04958399
4.310000,0.40633837,-0.09397808,0.89227054,-0.20080108,1.31936524,0.42485035,-0.12688381,-0.03355513,-0.13438267,-0.12232388,0.02351311,-0.10668747,0.07761719,0.07684674,0.34613012,0.28194488,0.00322953,0.05040598
4.320000,0.40507343,-0.09430978,0.89094403,-0.20201021,1.31960053,0.42378601,-0.12610334,-0.03278517,-0.13091856,-0.11950008,0.02354355,-0.10617954,0.07846146,0.07713080,0.34663547,0.28276745,0.00286053,0.05117042
4.330000,0.40381633,-0.09463377,0.88965218,-0.20319106,1.31983610,0.42272678,-0.12531486,-0.03201276,-0.12745106,-0.11666949,0.02357036,-0.10566425,0.07922096,0.07733954,0.34681143,0.28330334,0.00250147,0.05187763
4.340000,0.40256716,-0.09495003,0.88839501,-0.20434358,1.32007192,0.42167275,-0.12451920,-0.03123863,-0.12398341,-0.11383494,0.02359362,-0.10514218,0.07989659,0.07747456,0.34666552,0.28355887,0.00215244,0.05252794
4.350000,0.40132597,-0.09525854,0.88717250,-0.20546775,1.32030796,0.42062396,-0.12371721,-0.03046351,-0.12051879,-0.11099922,0.02361344,-0.10461388,0.08048921,0.07753742,0.34620524,0.28354034,0.00181354,0.05312167
4.360000,0.40009283,-0.09555930,0.88598461,-0.20656357,1.32054418,0.41958049,-0.12290969,-0.02968812,-0.11706033,-0.10816503,0.02362992,-0.10407993,0.08099973,0.07752970,0.34543812,0.28325408,0.00148484,0.05365915
4.370000,0.39886779,-0.09585230,0.88483127,-0.20763107,1.32078055,0.41854238,-0.12209748,-0.02891315,-0.11361103,-0.10533501,0.02364317,-0.10354089,0.08142902,0.07745298,0.34437166,0.28270642,0.00116645,0.05414071
4.380000,0.39765089,-0.09613757,0.88371235,-0.20867030,1.32101703,0.41750969,-0.12128138,-0.02813928,-0.11017386,-0.10251175,0.02365329,-0.10299730,0.08177796,0.07730882,0.34301338,0.28190365,0.00085845,0.05456667
4.390000,0.39644217,-0.09641510,0.88262774,-0.20968134,1.32125360,0.41648245,-0.12046219,-0.02736719,-0.10675171,-0.09969777,0.02366037,-0.10244974,0.08204744,0.07709881,0.34137081,0.28085211,0.00056093,0.05493735
4.400000,0.39524166,-0.09668492,0.88157726,-0.21066429,1.32149023,0.41546070,-0.11964069,-0.02659752,-0.10334737,-0.09689552,0.02366454,-0.10189874,0.08223834,0.07682452,0.33945144,0.27955811,0.00027398,0.05525309
4.410000,0.39404937,-0.09694706,0.88056072,-0.21161929,1.32172688,0.41444448,-0.11881768,-0.02583091,-0.09996358,-0.09410739,0.02366589,-0.10134486,0.08235155,0.07648752,0.33726280,0.27802797,-0.00000231,0.05551422
4.420000,0.39286531,-0.09720155,0.87957791,-0.21254649,1.32196354,0.41343381,-0.11799392,-0.02506797,-0.09660299,-0.09133572,0.02366453,-0.10078864,0.08238795,0.07608939,0.33481241,0.27626800,-0.00026785,0.05572105
4.430000,0.39168949,-0.09744843,0.87862858,-0.21344607,1.32220017,0.41242871,-0.11717018,-0.02430932,-0.09326818,-0.08858278,0.02366057,-0.10023062,0.08234842,0.07563171,0.33210777,0.27428453,-0.00052255,0.05587391
4.440000,0.39052190,-0.09768775,0.87771245,-0.21431822,1.32243674,0.41142920,-0.11634720,-0.02355553,-0.08996165,-0.08585076,0.02365411,-0.09967134,0.08223384,0.07511604,0.32915640,0.27208387,-0.00076632,0.05597314
4.450000,0.38936254,-0.09791956,0.87682924,-0.21516316,1.32267324,0.41043529,-0.11552575,-0.02280719,-0.08668585,-0.08314180,0.02364528,-0.09911133,0.08204511,0.07454397,0.32596582,0.26967234,-0.00099907,0.05601905
4.460000,0.38821138,-0.09814391,0.87597862,-0.21598114,1.32290964,0.40944698,-0.11470654,-0.02206484,-0.08344311,-0.08045799,0.02363417,-0.09855113,0.08178310,0.07391707,0.32254354,0.26705626,-0.00122071,0.05601197
4.470000,0.38706840,-0.09836088,0.87516026,-0.21677241,1.32314592,0.40846427,-0.11389032,-0.02132902,-0.08023572,-0.07780134,0.02362090,-0.09799127,0.08144869,0.07323692,0.31889707,0.26424194,-0.00143116,0.05595224
4.480000,0.38593356,-0.09857052,0.87437379,-0.21753726,1.32338205,0.40748715,-0.11307781,-0.02060027,-0.07706589,-0.07517379,0.02360559,-0.09743226,0.08104277,0.07250508,0.31503394,0.26123571,-0.00163031,0.05584017
4.490000,0.38480683,-0.09877291,0.87361881,-0.21827599,1.32361802,0.40651562,-0.11226970,-0.01987909,-0.07393574,-0.07257724,0.02358833,-0.09687464,0.08056623,0.07172314,0.31096165,0.25804388,-0.00181809,0.05567609
4.500000,0.38368815,-0.09896813,0.87289493,-0.21898892,1.32385381,0.40554965,-0.11146672,-0.01916597,-0.07084733,-0.07001351,0.02356926,-0.09631891,0.08001995,0.07089267,0.30668772,0.25467276,-0.00199440,0.05546033
4.510000,0.38257747,-0.09915626,0.87220172,-0.21967638,1.32408940,0.40458923,-0.11066954,-0.01846139,-0.06780264,-0.06748437,0.02354848,-0.09576560,0.07940480,0.07001524,0.30221967,0.25112869,-0.00215916,0.05519321
4.520000,0.38147474,-0.09933738,0.87153873,-0.22033873,1.32432478,0.40363433,-0.10987885,-0.01776581,-0.06480356,-0.06499150,0.02352612,-0.09521522,0.07872169,0.06909243,0.29756500,0.24741797,-0.00231227,0.05487507
4.530000,0.38037987,-0.09951160,0.87090549,-0.22097633,1.32455992,0.40268491,-0.10909533,-0.01707969,-0.06185193,-0.06253654,0.02350228,-0.09466827,0.07797147,0.06812582,0.29273125,0.24354692,-0.00245364,0.05450622
4.540000,0.37929280,-0.09967901,0.87030152,-0.22158959,1.32479482,0.40174095,-0.10831964,-0.01640344,-0.05894951,-0.06012107,0.02347708,-0.09412526,0.07715505,0.06711698,0.28772591,0.23952186,-0.00258319,0.05408700
4.550000,0.37821345,-0.09983971,0.86972633,-0.22217889,1.32502946,0.40080239,-0.10755244,-0.01573748,-0.05609796,-0.05774660,0.02345065,-0.09358670,0.07627331,0.06606748,0.28255650,0.23534911,-0.00270082,0.05361773
4.560000,0.37714172,-0.09999380,0.86917939,-0.22274466,1.32526383,0.39986920,-0.10679439,-0.01508222,-0.05329890,-0.05541456,0.02342311,-0.09305307,0.07532712,0.06497890,0.27723055,0.23103498,-0.00280644,0.05309873
4.570000,0.37607753,-0.10014139,0.86866017,-0.22328733,1.32549792,0.39894132,-0.10604611,-0.01443803,-0.05055385,-0.05312635,0.02339457,-0.09252489,0.07431737,0.06385282,0.27175555,0.22658580,-0.00289997,0.05253034
4.580000,0.37502077,-0.10028260,0.86816813,-0.22380734,1.32573172,0.39801868,-0.10530825,-0.01380528,-0.04786426,-0.05088327,0.02336515,-0.09200263,0.07324495,0.06269080,0.26613904,0.22200788,-0.00298132,0.05191288
4.590000,0.37397133,-0.10041753,0.86770270,-0.22430515,1.32596522,0.39710124,-0.10458142,-0.01318433,-0.04523151,-0.04868660,0.02333498,-0.09148679,0.07211074,0.06149443,0.26038852,0.21730754,-0.00305039,0.05124667
4.600000,0.37292910,-0.10054632,0.86726330,-0.22478123,1.32619841,0.39618892,-0.10386624,-0.01257550,-0.04265691,-0.04653751,0.02330418,-0.09097786,0.07091562,0.06026528,0.25451151,0.21249110,-0.00310710,0.05053204
4.610000,0.37189396,-0.10066908,0.86684936,-0.22523606,1.32643130,0.39528166,-0.10316331,-0.01197913,-0.04014168,-0.04443714,0.02327288,-0.09047631,0.06966048,0.05900493,0.24851552,0.20756487,-0.00315135,0.04976932
4.620000,0.37086579,-0.10078595,0.86646027,-0.22567014,1.32666387,0.39437937,-0.10247322,-0.01139550,-0.03768697,-0.04238656,0.02324120,-0.08998263,0.06834620,0.05771495,0.24240807,0.20253517,-0.00318306,0.04895884
4.630000,0.36984445,-0.10089704,0.86609542,-0.22608396,1.32689612,0.39348198,-0.10179658,-0.01082492,-0.03529386,-0.04038676,0.02320926,-0.08949729,0.06697366,0.05639691,0.23619667,0.19740833,-0.00320214,0.04810092
4.640000,0.36882981,-0.10100249,0.86575418,-0.22647805,1.32712805,0.39258940,-0.10113394,-0.01026765,-0.03296336,-0.03843869,0.02317720,-0.08902077,0.06554374,0.05505239,0.22988885,0.19219066,-0.00320849,0.04719589
4.650000,0.36782173,-0.10110244,0.86543594,-0.22685291,1.32735967,0.39170153,-0.10048589,-0.00972396,-0.03069638,-0.03654323,0.02314513,-0.08855353,0.06405734,0.05368296,0.22349210,0.18688847,-0.00320203,0.04624407
4.660000,0.36682004,-0.10119702,0.86514004,-0.22720909,1.32759096,0.39081829,-0.09985298,-0.00919407,-0.02849379,-0.03470118,0.02311320,-0.08809604,0.06251533,0.05229021,0.21701395,0.18150808,-0.00318267,0.04524578
4.670000,0.36582461,-0.10128636,0.86486584,-0.22754712,1.32782193,0.38993958,-0.09923577,-0.00867823,-0.02635635,-0.03291331,0.02308152,-0.08764877,0.06091859,0.05087570,0.21046191,0.17605582,-0.00315032,0.04420137
4.680000,0.36483528,-0.10137063,0.86461269,-0.22786754,1.32805259,0.38906528,-0.09863479,-0.00817663,-0.02428477,-0.03118029,0.02305024,-0.08721217,0.05926802,0.04944101,0.20384350,0.17053800,-0.00310489,0.04311115
4.690000,0.36385186,-0.10144995,0.86437993,-0.22817091,1.32828294,0.38819530,-0.09805058,-0.00768947,-0.02227968,-0.02950275,0.02301947,-0.08678670,0.05756449,0.04798772,0.19716623,0.16496093,-0.00304629,0.04197545
4.700000,0.36287421,-0.10152447,0.86416688,-0.22845778,1.32851298,0.38732951,-0.09748367,-0.00721693,-0.02034162,-0.02788124,0.02298935,-0.08637281,0.05580889,0.04651739,0.19043762,0.15933094,-0.00297442,0.04079459
4.710000,0.36190213,-0.10159433,0.86397287,-0.22872872,1.32874273,0.38646780,-0.09693457,-0.00675917,-0.01847107,-0.02631628,0.02296003,-0.08597095,0.05400210,0.04503161,0.18366518,0.15365435,-0.00288921,0.03956891
4.720000,0.36093545,-0.10165970,0.86379723,-0.22898429,1.32897218,0.38561005,-0.09640380,-0.00631634,-0.01666844,-0.02480829,0.02293162,-0.08558158,0.05214500,0.04353195,0.17685642,0.14793747,-0.00279055,0.03829872
4.730000,0.35997399,-0.10172071,0.86363927,-0.22922508,1.32920136,0.38475613,-0.09589184,-0.00588857,-0.01493404,-0.02335765,0.02290426,-0.08520513,0.05023848,0.04201999,0.17001887,0.14218661,-0.00267836,0.03698436
4.740000,0.35901755,-0.10177752,0.86349832,-0.22945164,1.32943027,0.38390590,-0.09539919,-0.00547598,-0.01326813,-0.02196465,0.02287809,-0.08484204,0.04828343,0.04049729,0.16316003,0.13640810,-0.00255256,0.03562615
4.750000,0.35806594,-0.10183028,0.86337368,-0.22966456,1.32965893,0.38305924,-0.09492633,-0.00507866,-0.01167088,-0.02062955,0.02285325,-0.08449275,0.04628072,0.03896545,0.15628742,0.13060826,-0.00241304,0.03422441
4.760000,0.35711896,-0.10187914,0.86326467,-0.22986442,1.32988734,0.38221600,-0.09447373,-0.00469669,-0.01014240,-0.01935254,0.02282988,-0.08415769,0.04423124,0.03742602,0.14940856,0.12479340,-0.00225973,0.03277948
4.770000,0.35617640,-0.10192427,0.86317060,-0.23005181,1.33011553,0.38137604,-0.09404186,-0.00433016,-0.00868271,-0.01813372,0.02280811,-0.08383730,0.04213587,0.03588058,0.14253096,0.11896984,-0.00209253,0.03129168
4.780000,0.35523805,-0.10196580,0.86309079,-0.23022729,1.33034351,0.38053920,-0.09363116,-0.00397910,-0.00729175,-0.01697315,0.02278807,-0.08353200,0.03999549,0.03433072,0.13566213,0.11314390,-0.00191135,0.02976134
4.790000,0.35430370,-0.10200390,0.86302454,-0.23039146,1.33057130,0.37970535,-0.09324210,-0.00364355,-0.00596941,-0.01587082,0.02276993,-0.08324222,0.03781100,0.03277800,0.12880959,0.10732189,-0.00171610,0.02818878
4.800000,0.35337314,-0.10203872,0.86297117,-0.23054490,1.33079892,0.37887431,-0.09287509,-0.00332354,-0.00471548,-0.01482668,0.02275380,-0.08296837,0.03558327,0.03122401,0.12198086,0.10151014,-0.00150670,0.02657433
4.810000,0.35244613,-0.10207042,0.86293000,-0.23068819,1.33102638,0.37804592,-0.09253057,-0.00301907,-0.00352969,-0.01384057,0.02273984,-0.08271087,0.03331318,0.02967030,0.11518344,0.09571496,-0.00128305,0.02491831
4.820000,0.35152245,-0.10209916,0.86290035,-0.23082191,1.33125372,0.37722003,-0.09220896,-0.00273013,-0.00241168,-0.01291230,0.02272819,-0.08247014,0.03100163,0.02811847,0.10842486,0.08994267,-0.00104506,0.02322106
4.830000,0.35060187,-0.10212508,0.86288155,-0.23094663,1.33148095,0.37639646,-0.09191067,-0.00245669,-0.00136104,-0.01204162,0.02271899,-0.08224658,0.02864948,0.02657009,0.10171263,0.08419959,-0.00079264,0.02148289
4.840000,0.34968415,-0.10214834,0.86287291,-0.23106293,1.33170811,0.37557504,-0.09163611,-0.00219871,-0.00037725,-0.01122819,0.02271238,-0.08204062,0.02625764,0.02502672,0.09505427,0.07849203,-0.00052571,0.01970414
4.850000,0.34876907,-0.10216910,0.86287378,-0.23117138,1.33193521,0.37475559,-0.09138565,-0.00195613,0.00054025,-0.01047164,0.02270852,-0.08185264,0.02382697,0.02348995,0.08845728,0.07282632,-0.00024417,0.01788513
4.860000,0.34785636,-0.10218751,0.86288350,-0.23127255,1.33216229,0.37393793,-0.09115969,-0.00172888,0.00139212,-0.00977150,0.02270755,-0.08168305,0.02135837,0.02196135,0.08192918,0.06720877,0.00005206,0.01602618
4.870000,0.34694579,-0.10220373,0.86290141,-0.23136700,1.33238937,0.37312187,-0.09095861,-0.00151687,0.00217909,-0.00912728,0.02270961,-0.08153224,0.01885272,0.02044249,0.07547750,0.06164569,0.00036308,0.01412763
4.880000,0.34603710,-0.10221790,0.86292686,-0.23145528,1.33261649,0.37230722,-0.09078276,-0.00132000,0.00290195,-0.00853839,0.02271486,-0.08140062,0.01631090,0.01893496,0.06910973,0.05614342,0.00068897,0.01218980
4.890000,0.34513005,-0.10223018,0.86295923,-0.23153795,1.33284368,0.37149379,-0.09063251,-0.00113813,0.00356159,-0.00800419,0.02272344,-0.08128858,0.01373379,0.01744032,0.06283341,0.05070825,0.00102983,0.01021302
4.900000,0.34422437,-0.10224071,0.86299789,-0.23161554,1.33307097,0.37068138,-0.09050820,-0.00097114,0.00415895,-0.00752398,0.02273551,-0.08119649,0.01112228,0.01596015,0.05665604,0.04534652,0.00138575,0.00819761
4.910000,0.34331980,-0.10224965,0.86304221,-0.23168861,1.33329840,0.36986979,-0.09041017,-0.00081888,0.00469507,-0.00709699,0.02275121,-0.08112475,0.00847725,0.01449603,0.05058513,0.04006454,0.00175680,0.00614390
4.920000,0.34241608,-0.10225714,0.86309159,-0.23175766,1.33352601,0.36905882,-0.09033876,-0.00068116,0.00517103,-0.00672240,0.02277069,-0.08107374,0.00579959,0.01304953,0.04462821,0.03486863,0.00214309,0.00405221
4.930000,0.34151293,-0.10226332,0.86314543,-0.23182323,1.33375383,0.36824825,-0.09029429,-0.00055782,0.00558803,-0.00639931,0.02279412,-0.08104383,0.00309018,0.01162222,0.03879278,0.02976511,0.00254471,0.00192287
4.940000,0.34061010,-0.10226834,0.86320316,-0.23188581,1.33398190,0.36743787,-0.09027706,-0.00044865,0.00594732,-0.00612677,0.02282164,-0.08103541,0.00034990,0.01021568,0.03308637,0.02476028,0.00296173,-0.00024378
4.950000,0.33970730,-0.10227234,0.86326419,-0.23194593,1.33421028,0.36662747,-0.09028739,-0.00035343,0.00625022,-0.00590375,0.02285340,-0.08104883,-0.00242037,0.00883149,0.02751648,0.01986048,0.00339426,-0.00244744
4.960000,0.33880426,-0.10227546,0.86332798,-0.23200405,1.33443899,0.36581682,-0.09032556,-0.00027194,0.00649813,-0.00572919,0.02288957,-0.08108448,-0.00521974,0.00747122,0.02209064,0.01507202,0.00384238,-0.00468776
4.970000,0.33790069,-0.10227783,0.86339398,-0.23206067,1.33466808,0.36500570,-0.09039188,-0.00020392,0.00669253,-0.00560192,0.02293030,-0.08114271,-0.00804732,0.00613645,0.01681635,0.01040122,0.00430619,-0.00696442
4.980000,0.33699633,-0.10227958,0.86346166,-0.23211624,1.33489761,0.36419389,-0.09048660,-0.00014912,0.00683499,-0.00552075,0.02297575,-0.08122389,-0.01090224,0.00482875,0.01170113,0.00585439,0.00478576,-0.00927710
4.990000,0.33609087,-0.10228085,0.86353051,-0.23217123,1.33512761,0.36338115,-0.09061001,-0.00010725,0.00692711,-0.00548440,0.02302607,-0.08132837,-0.01378361,0.00354969,0.00675250,0.00143785,0.00528120,-0.01162548
5.000000,0.33518403,-0.10228177,0.86360004,-0.23222608,1.33535815,0.36256724,-0.09076236,-0.00007803,0.00697062,-0.00549154,0.02308143,-0.08145651,-0.01669054,0.00230085,0.00197797,-0.00284208,0.00579259,-0.01400921
5.010000,0.33427552,-0.10228245,0.86366976,-0.23228120,1.33558926,0.36175194,-0.09094390,-0.00006113,0.00696728,-0.00554076,0.02314198,-0.08160867,-0.01962216,0.00108381,-0.00261495,-0.00697907,0.00632001,-0.01642798
5.020000,0.33336505,-0.10228303,0.86373923,-0.23233703,1.33582100,0.36093499,-0.09115488,-0.00005624,0.00691895,-0.00563062,0.02320788,-0.08178519,-0.02257758,-0.00009986,-0.00701874,-0.01096682,0.00686357,-0.01888147
5.030000,0.33245233,-0.10228362,0.86380800,-0.23239395,1.33605344,0.36011615,-0.09139553,-0.00006301,0.00682756,-0.00575958,0.02327930,-0.08198642,-0.02555591,-0.00124859,-0.01122588,-0.01479901,0.00742335,-0.02136934
5.040000,0.33153704,-0.10228433,0.86387565,-0.23245234,1.33628661,0.35929517,-0.09166607,-0.00008109,0.00669511,-0.00592606,0.02335640,-0.08221269,-0.02855628,-0.00236079,-0.01522886,-0.01846932,0.00799944,-0.02389126
5.050000,0.33061890,-0.10228528,0.86394177,-0.23251259,1.33652058,0.35847181,-0.09196673,-0.00011010,0.00652369,-0.00612841,0.02343935,-0.08246435,-0.03157780,-0.00343490,-0.01902016,-0.02197142,0.00859193,-0.02644692
5.060000,0.32969761,-0.10228657,0.86400600,-0.23257502,1.33675542,0.35764580,-0.09229770,-0.00014966,0.00631544,-0.00636491,0.02352830,-0.08274174,-0.03461947,-0.00446961,-0.02259384,-0.02530027,0.00920080,-0.02903578
5.070000,0.32877285,-0.10228830,0.86406796,-0.23263999,1.33699117,0.35681689,-0.09265918,-0.00019936,0.00607253,-0.00663384,0.02362342,-0.08304517,-0.03767979,-0.00546502,-0.02595183,-0.02845715,0.00982554,-0.03165626
5.080000,0.32784432,-0.10229059,0.86412734,-0.23270780,1.33722791,0.35598481,-0.09305135,-0.00025883,0.00579710,-0.00693349,0.02372486,-0.08337496,-0.04075708,-0.00642164,-0.02909852,-0.03144534,0.01046546,-0.03430647
5.090000,0.32691172,-0.10229351,0.86418381,-0.23277876,1.33746569,0.35514930,-0.09347437,-0.00032767,0.00549125,-0.00726220,0.02383277,-0.08373140,-0.04384964,-0.00734001,-0.03203831,-0.03426810,0.01111987,-0.03698450
5.100000,0.32597473,-0.10229717,0.86423707,-0.23285314,1.33770458,0.35431009,-0.09392839,-0.00040550,0.00515701,-0.00761831,0.02394730,-0.08411474,-0.04695581,-0.00822063,-0.03477557,-0.03692872,0.01178808,-0.03968846
5.110000,0.32503305,-0.10230165,0.86428686,-0.23293121,1.33794466,0.35346692,-0.09441353,-0.00049195,0.00479640,-0.00800024,0.02406858,-0.08452525,-0.05007391,-0.00906404,-0.03731472,-0.03943046,0.01246942,-0.04241644
5.120000,0.32408636,-0.10230704,0.86433292,-0.23301323,1.33818598,0.35261950,-0.09492990,-0.00058666,0.00441136,-0.00840640,0.02419673,-0.08496314,-0.05320224,-0.00987075,-0.03966015,-0.04177659,0.01316320,-0.04516655
5.130000,0.32313434,-0.10231341,0.86437501,-0.23309942,1.33842862,0.35176756,-0.09547760,-0.00068925,0.00400383,-0.00883526,0.02433188,-0.08542864,-0.05633913,-0.01064129,-0.04181624,-0.04397039,0.01386874,-0.04793689
5.140000,0.32217670,-0.10232085,0.86441292,-0.23319000,1.33867264,0.35091083,-0.09605671,-0.00079937,0.00357565,-0.00928531,0.02447414,-0.08592194,-0.05948289,-0.01137618,-0.04378740,-0.04601514,0.01458534,-0.05072556
5.150000,0.32121311,-0.10232942,0.86444646,-0.23328519,1.33891812,0.35004903,-0.09666728,-0.00091666,0.00312868,-0.00975508,0.02462362,-0.08644321,-0.06263186,-0.01207595,-0.04557801,-0.04791410,0.01531233,-0.05353065
5.160000,0.32024325,-0.10233920,0.86447544,-0.23338516,1.33916514,0.34918187,-0.09730935,-0.00104077,0.00266468,-0.01024312,0.02478042,-0.08699260,-0.06578434,-0.01274112,-0.04719247,-0.04967055,0.01604901,-0.05635026
5.170000,0.31926681,-0.10235026,0.86449970,-0.23349011,1.33941376,0.34830908,-0.09798297,-0.00117136,0.00218540,-0.01074803,0.02494463,-0.08757026,-0.06893866,-0.01337220,-0.04863518,-0.05128776,0.01679471,-0.05918251
5.180000,0.31828348,-0.10236265,0.86451910,-0.23360018,1.33966405,0.34743037,-0.09868813,-0.00130810,0.00169254,-0.01126842,0.02511634,-0.08817629,-0.07209313,-0.01396973,-0.04991052,-0.05276901,0.01754874,-0.06202548
5.190000,0.31729295,-0.10237644,0.86453351,-0.23371552,1.33991611,0.34654546,-0.09942483,-0.00145065,0.00118773,-0.01180297,0.02529563,-0.08881080,-0.07524607,-0.01453422,-0.05102290,-0.05411756,0.01831042,-0.06487728
5.200000,0.31629488,-0.10239168,0.86454282,-0.23383628,1.34016999,0.34565406,-0.10019304,-0.00159868,0.00067261,-0.01235034,0.02548258,-0.08947386,-0.07839581,-0.01506620,-0.05197670,-0.05533670,0.01907905,-0.06773601
5.210000,0.31528898,-0.10240843,0.86454694,-0.23396257,1.34042578,0.34475589,-0.10099273,-0.00175187,0.00014871,-0.01290928,0.02567724,-0.09016553,-0.08154066,-0.01556618,-0.05277632,-0.05642968,0.01985396,-0.07059977
5.220000,0.31427492,-0.10242673,0.86454577,-0.23409450,1.34068356,0.34385066,-0.10182383,-0.00190990,-0.00038242,-0.01347853,0.02587967,-0.09088586,-0.08467893,-0.01603470,-0.05342616,-0.05739980,0.02063446,-0.07346666
5.230000,0.31325240,-0.10244664,0.86453927,-0.23423217,1.34094340,0.34293808,-0.10268628,-0.00207246,-0.00091932,-0.01405688,0.02608994,-0.09163487,-0.08780896,-0.01647228,-0.05393060,-0.05825031,0.02141987,-0.07633478
5.240000,0.31222109,-0.10246820,0.86452737,-0.23437566,1.34120539,0.34201786,-0.10357998,-0.00223924,-0.00146056,-0.01464315,0.02630809,-0.09241256,-0.09092906,-0.01687943,-0.05429405,-0.05898450,0.02220950,-0.07920222
5.250000,0.31118070,-0.10249144,0.86451005,-0.23452505,1.34146959,0.34108973,-0.10450482,-0.00240995,-0.00200475,-0.01523619,0.02653414,-0.09321891,-0.09403754,-0.01725668,-0.05452089,-0.05960563,0.02300266,-0.08206710
5.260000,0.31013089,-0.10251641,0.86448727,-0.23468040,1.34173610,0.34015339,-0.10546068,-0.00258428,-0.00255054,-0.01583489,0.02676815,-0.09405388,-0.09713273,-0.01760456,-0.05461552,-0.06011699,0.02379867,-0.08492751
5.270000,0.30907138,-0.10254314,0.86445904,-0.23484177,1.34200498,0.33920856,-0.10644742,-0.00276194,-0.00309663,-0.01643817,0.02701012,-0.09491744,-0.10021295,-0.01792358,-0.05458233,-0.06052183,0.02459686,-0.08778154
5.280000,0.30800184,-0.10257166,0.86442534,-0.23500918,1.34227633,0.33825495,-0.10746489,-0.00294265,-0.00364177,-0.01704499,0.02726009,-0.09580949,-0.10327651,-0.01821426,-0.05442572,-0.06082344,0.02539652,-0.09062731
5.290000,0.30692198,-0.10260200,0.86438621,-0.23518267,1.34255021,0.33729227,-0.10851289,-0.00312613,-0.00418475,-0.01765431,0.02751806,-0.09672995,-0.10632174,-0.01847714,-0.05415008,-0.06102508,0.02619698,-0.09346291
5.300000,0.30583148,-0.10263419,0.86434166,-0.23536227,1.34282671,0.33632025,-0.10959125,-0.00331211,-0.00472439,-0.01826516,0.02778403,-0.09767871,-0.10934694,-0.01871273,-0.05375981,-0.06113004,0.02699755,-0.09628644
5.310000,0.30473005,-0.10266825,0.86429174,-0.23554798,1.34310592,0.33533860,-0.11069976,-0.00350030,-0.00525958,-0.01887660,0.02805801,-0.09865563,-0.11235045,-0.01892156,-0.05325929,-0.06114158,0.02779755,-0.09909600
5.320000,0.30361739,-0.10270420,0.86423649,-0.23573980,1.34338790,0.33434705,-0.11183819,-0.00369045,-0.00578923,-0.01948770,0.02833998,-0.09966057,-0.11533058,-0.01910415,-0.05265293,-0.06106298,0.02859629,-0.10188969
5.330000,0.30249319,-0.10274206,0.86417597,-0.23593773,1.34367274,0.33334530,-0.11300629,-0.00388230,-0.00631230,-0.02009757,0.02862993,-0.10069336,-0.11828565,-0.01926101,-0.05194511,-0.06089751,0.02939308,-0.10466562
5.340000,0.30135717,-0.10278185,0.86411027,-0.23614175,1.34396053,0.33233309,-0.11420381,-0.00407559,-0.00682781,-0.02070537,0.02892783,-0.10175382,-0.12121398,-0.01939268,-0.05114024,-0.06064844,0.03018725,-0.10742187
5.350000,0.30020902,-0.10282358,0.86403944,-0.23635183,1.34425133,0.33131013,-0.11543047,-0.00427007,-0.00733480,-0.02131027,0.02923366,-0.10284173,-0.12411389,-0.01949968,-0.05024270,-0.06031905,0.03097811,-0.11015656
5.360000,0.29904846,-0.10286726,0.86396360,-0.23656794,1.34454523,0.33027616,-0.11668599,-0.00446550,-0.00783237,-0.02191149,0.02954738,-0.10395687,-0.12698370,-0.01958252,-0.04925689,-0.05991261,0.03176497,-0.11286779
5.370000,0.29787520,-0.10291289,0.86388283,-0.23679004,1.34484230,0.32923090,-0.11797004,-0.00466164,-0.00831965,-0.02250828,0.02986894,-0.10509900,-0.12982172,-0.01964174,-0.04818720,-0.05943239,0.03254715,-0.11555364
5.380000,0.29668896,-0.10296049,0.86379724,-0.23701809,1.34514263,0.32817409,-0.11928231,-0.00485826,-0.00879584,-0.02309990,0.03019830,-0.10626785,-0.13262627,-0.01967785,-0.04703802,-0.05888166,0.03332396,-0.11821223
5.390000,0.29548946,-0.10301006,0.86370695,-0.23725202,1.34544629,0.32710546,-0.12062245,-0.00505512,-0.00926016,-0.02368569,0.03053540,-0.10746315,-0.13539568,-0.01969138,-0.04581376,-0.05826371,0.03409473,-0.12084166
5.400000,0.29427642,-0.10306159,0.86361208,-0.23749178,1.34575336,0.32602474,-0.12199010,-0.00525201,-0.00971188,-0.02426497,0.03088018,-0.10868458,-0.13812827,-0.01968284,-0.04451880,-0.05758179,0.03485875,-0.12344002
5.410000,0.29304957,-0.10311510,0.86351276,-0.23773730,1.34606392,0.32493168,-0.12338489,-0.00544871,-0.01015032,-0.02483712,0.03123255,-0.10993184,-0.14082234,-0.01965277,-0.04315754,-0.05683919,0.03561535,-0.12600541
5.420000,0.29180864,-0.10317057,0.86340912,-0.23798850,1.34637804,0.32382602,-0.12480641,-0.00564500,-0.01057483,-0.02540156,0.03159246,-0.11120458,-0.14347623,-0.01960168,-0.04173436,-0.05603917,0.03636385,-0.12853593
5.430000,0.29055336,-0.10322799,0.86330131,-0.23824530,1.34669580,0.32270751,-0.12625427,-0.00584067,-0.01098482,-0.02595772,0.03195980,-0.11250244,-0.14608825,-0.01953010,-0.04025368,-0.05518502,0.03710356,-0.13102970
5.440000,0.28928347,-0.10328738,0.86318948,-0.23850762,1.34701726,0.32157589,-0.12772803,-0.00603553,-0.01137973,-0.02650509,0.03233450,-0.11382504,-0.14865672,-0.01943854,-0.03871987,-0.05428000,0.03783379,-0.13348479
5.450000,0.28799871,-0.10334870,0.86307377,-0.23877537,1.34734251,0.32043092,-0.12922725,-0.00622938,-0.01175905,-0.02704316,0.03271644,-0.11517200,-0.15117995,-0.01932754,-0.03713734,-0.05332739,0.03855386,-0.13589933
5.460000,0.28669884,-0.10341196,0.86295435,-0.23904845,1.34767161,0.31927237,-0.13075148,-0.00642202,-0.01212232,-0.02757149,0.03310554,-0.11654289,-0.15365627,-0.01919762,-0.03551048,-0.05233045,0.03926309,-0.13827139
5.470000,0.28538360,-0.10347714,0.86283138,-0.23932677,1.34800464,0.31809999,-0.13230022,-0.00661327,-0.01246913,-0.02808964,0.03350167,-0.11793728,-0.15608400,-0.01904929,-0.03384367,-0.05129247,0.03996078,-0.14059910
5.480000,0.28405275,-0.10354422,0.86270502,-0.23961021,1.34834167,0.31691355,-0.13387299,-0.00680295,-0.01279908,-0.02859721,0.03390471,-0.11935471,-0.15846146,-0.01888308,-0.03214133,-0.05021671,0.04064626,-0.14288054
5.490000,0.28270606,-0.10361319,0.86257545,-0.23989867,1.34868276,0.31571282,-0.13546927,-0.00699087,-0.01311185,-0.02909386,0.03431455,-0.12079473,-0.16078696,-0.01869951,-0.03040783,-0.04910646,0.04131884,-0.14511382
5.500000,0.28134329,-0.10368403,0.86244284,-0.24019205,1.34902798,0.31449758,-0.13708855,-0.00717688,-0.01340715,-0.02957924,0.03473104,-0.12225682,-0.16305882,-0.01849911,-0.02864757,-0.04796497,0.04197784,-0.14729703
5.510000,0.27996421,-0.10375672,0.86230737,-0.24049022,1.34937740,0.31326761,-0.13873027,-0.00736080,-0.01368473,-0.03005306,0.03515406,-0.12374049,-0.16527537,-0.01828240,-0.02686495,-0.04679553,0.04262257,-0.14942828
5.520000,0.27856861,-0.10383124,0.86216921,-0.24079307,1.34973109,0.31202270,-0.14039387,-0.00754247,-0.01394439,-0.03051507,0.03558344,-0.12524521,-0.16743492,-0.01804989,-0.02506436,-0.04560140,0.04325234,-0.15150567
5.530000,0.27715627,-0.10390756,0.86202854,-0.24110048,1.35008909,0.31076264,-0.14207877,-0.00772175,-0.01418597,-0.03096502,0.03601905,-0.12677042,-0.16953579,-0.01780212,-0.02325020,-0.04438587,0.04386648,-0.15352730
5.540000,0.27572697,-0.10398567,0.86188555,-0.24141233,1.35045149,0.30948722,-0.14378438,-0.00789847,-0.01440936,-0.03140272,0.03646072,-0.12831556,-0.17157630,-0.01753960,-0.02142685,-0.04315220,0.04446429,-0.15549126
5.550000,0.27428051,-0.10406552,0.86174042,-0.24172849,1.35081833,0.30819626,-0.14551009,-0.00807249,-0.01461449,-0.03182801,0.03690828,-0.12988005,-0.17355477,-0.01726287,-0.01959872,-0.04190367,0.04504509,-0.15739566
5.560000,0.27281670,-0.10414711,0.86159332,-0.24204885,1.35118967,0.30688956,-0.14725526,-0.00824368,-0.01480133,-0.03224076,0.03736156,-0.13146327,-0.17546951,-0.01697243,-0.01777019,-0.04064355,0.04560820,-0.15923861
5.570000,0.27133534,-0.10423039,0.86144445,-0.24237327,1.35156558,0.30556694,-0.14901926,-0.00841190,-0.01496991,-0.03264086,0.03782038,-0.13306461,-0.17731885,-0.01666882,-0.01594567,-0.03937511,0.04615293,-0.16101819
5.580000,0.26983626,-0.10431533,0.86129399,-0.24270162,1.35194610,0.30422821,-0.15080142,-0.00857701,-0.01512027,-0.03302824,0.03828456,-0.13468342,-0.17910111,-0.01635255,-0.01412953,-0.03810162,0.04667859,-0.16273251
5.590000,0.26831926,-0.10440192,0.86114211,-0.24303379,1.35233128,0.30287321,-0.15260105,-0.00873891,-0.01525254,-0.03340288,0.03875389,-0.13631904,-0.18081461,-0.01602415,-0.01232619,-0.03682637,0.04718451,-0.16437967
5.600000,0.26678418,-0.10449010,0.86098899,-0.24336964,1.35272119,0.30150178,-0.15441747,-0.00889746,-0.01536685,-0.03376477,0.03922818,-0.13797078,-0.18245766,-0.01568414,-0.01054003,-0.03555261,0.04767000,-0.16595776
5.610000,0.26523085,-0.10457985,0.86083483,-0.24370904,1.35311586,0.30011374,-0.15624997,-0.00905255,-0.01546341,-0.03411395,0.03970722,-0.13963795,-0.18402858,-0.01533304,-0.00877544,-0.03428363,0.04813437,-0.16746490
5.620000,0.26365913,-0.10467114,0.86067978,-0.24405188,1.35351535,0.29870897,-0.15809780,-0.00920408,-0.01554245,-0.03445047,0.04019079,-0.14131984,-0.18552569,-0.01497138,-0.00703683,-0.03302270,0.04857693,-0.16889918
5.630000,0.26206885,-0.10476392,0.86052404,-0.24439801,1.35391969,0.29728730,-0.15996023,-0.00935195,-0.01560425,-0.03477444,0.04067868,-0.14301569,-0.18694732,-0.01459968,-0.00532857,-0.03177309,0.04899701,-0.17025870
5.640000,0.26045988,-0.10485817,0.86036776,-0.24474732,1.35432894,0.29584861,-0.16183649,-0.00949605,-0.01564914,-0.03508598,0.04117066,-0.14472475,-0.18829177,-0.01421846,-0.00365508,-0.03053808,0.04939392,-0.17154156
5.650000,0.25883208,-0.10495383,0.86021111,-0.24509969,1.35474312,0.29439276,-0.16372580,-0.00963629,-0.01567748,-0.03538526,0.04166648,-0.14644626,-0.18955738,-0.01382825,-0.00202073,-0.02932093,0.04976697,-0.17274586
5.660000,0.25718532,-0.10505088,0.86005426,-0.24545499,1.35516228,0.29291965,-0.16562737,-0.00977258,-0.01568970,-0.03567247,0.04216591,-0.14817940,-0.19074245,-0.01342956,-0.00042994,-0.02812492,0.05011548,-0.17386971
5.670000,0.25551949,-0.10514927,0.85989737,-0.24581310,1.35558645,0.29142914,-0.16754038,-0.00990485,-0.01568624,-0.03594784,0.04266871,-0.14992338,-0.19184531,-0.01302292,0.00111292,-0.02695333,0.05043876,-0.17491119
5.680000,0.25383448,-0.10524896,0.85974059,-0.24617391,1.35601566,0.28992115,-0.16946399,-0.01003302,-0.01566761,-0.03621163,0.04317460,-0.15167735,-0.19286428,-0.01260885,0.00260345,-0.02580942,0.05073613,-0.17586842
5.690000,0.25213018,-0.10534992,0.85958406,-0.24653729,1.35644995,0.28839556,-0.17139738,-0.01015700,-0.01563436,-0.03646413,0.04368334,-0.15344046,-0.19379767,-0.01218787,0.00403725,-0.02469647,0.05100691,-0.17673949
5.700000,0.25040650,-0.10545209,0.85942795,-0.24690315,1.35688934,0.28685231,-0.17333966,-0.01027675,-0.01558707,-0.03670568,0.04419465,-0.15521184,-0.19464381,-0.01176052,0.00540993,-0.02361775,0.05125040,-0.17752250
5.710000,0.24866336,-0.10555544,0.85927237,-0.24727137,1.35733385,0.28529130,-0.17528996,-0.01039220,-0.01552638,-0.03693661,0.04470826,-0.15699061,-0.19540101,-0.01132730,0.00671709,-0.02257654,0.05146593,-0.17821555
5.720000,0.24690068,-0.10565992,0.85911746,-0.24764185,1.35778351,0.28371247,-0.17724738,-0.01050328,-0.01545296,-0.03715734,0.04522387,-0.15877585,-0.19606760,-0.01088874,0.00795434,-0.02157611,0.05165281,-0.17881675
5.730000,0.24511839,-0.10576549,0.85896335,-0.24801449,1.35823834,0.28211577,-0.17921100,-0.01060995,-0.01536754,-0.03736828,0.04574121,-0.16056663,-0.19664188,-0.01044537,0.00911730,-0.02061972,0.05181035,-0.17932419
5.740000,0.24331644,-0.10587210,0.85881015,-0.24838919,1.35869834,0.28050113,-0.18117990,-0.01071217,-0.01527088,-0.03756989,0.04625998,-0.16236201,-0.19712219,-0.00999771,0.01020155,-0.01971067,0.05193787,-0.17973598
5.750000,0.24149478,-0.10597972,0.85865796,-0.24876586,1.35916354,0.27886851,-0.18315313,-0.01080990,-0.01516379,-0.03776267,0.04677987,-0.16416103,-0.19750683,-0.00954627,0.01120272,-0.01885221,0.05203469,-0.18005021
5.760000,0.23965337,-0.10608829,0.85850690,-0.24914441,1.35963394,0.27721790,-0.18512971,-0.01090309,-0.01504712,-0.03794712,0.04730057,-0.16596269,-0.19779414,-0.00909159,0.01211640,-0.01804761,0.05210012,-0.18026498
5.770000,0.23779218,-0.10619776,0.85835705,-0.24952477,1.36010955,0.27554925,-0.18710868,-0.01099172,-0.01492177,-0.03812381,0.04782177,-0.16776599,-0.19798242,-0.00863419,0.01293820,-0.01730017,0.05213347,-0.18037840
5.780000,0.23591119,-0.10630810,0.85820849,-0.24990686,1.36059038,0.27386258,-0.18908903,-0.01107576,-0.01478867,-0.03829332,0.04834313,-0.16956991,-0.19807000,-0.00817458,0.01366373,-0.01661314,0.05213406,-0.18038856
5.790000,0.23401039,-0.10641926,0.85806130,-0.25029062,1.36107641,0.27215786,-0.19106974,-0.01115520,-0.01464883,-0.03845628,0.04886433,-0.17137341,-0.19805520,-0.00771329,0.01428859,-0.01598980,0.05210121,-0.18029357
5.800000,0.23208980,-0.10653119,0.85791554,-0.25067597,1.36156766,0.27043511,-0.19304978,-0.01123003,-0.01450325,-0.03861334,0.04938504,-0.17317542,-0.19793633,-0.00725084,0.01480839,-0.01543342,0.05203423,-0.18009152
5.810000,0.23014940,-0.10664385,0.85777125,-0.25106287,1.36206411,0.26869436,-0.19502811,-0.01130022,-0.01435302,-0.03876519,0.04990490,-0.17497488,-0.19771172,-0.00678776,0.01521874,-0.01494728,0.05193244,-0.17978052
5.820000,0.22818924,-0.10675718,0.85762849,-0.25145126,1.36256576,0.26693563,-0.19700366,-0.01136578,-0.01419926,-0.03891253,0.05042357,-0.17677066,-0.19737967,-0.00632457,0.01551525,-0.01453464,0.05179515,-0.17935866
5.830000,0.22620934,-0.10687115,0.85748727,-0.25184110,1.36307258,0.26515896,-0.19897534,-0.01142671,-0.01404311,-0.03905613,0.05094069,-0.17856167,-0.19693852,-0.00586179,0.01569351,-0.01419879,0.05162167,-0.17882405
5.840000,0.22420975,-0.10698570,0.85734763,-0.25223237,1.36358456,0.26336441,-0.20094206,-0.01148302,-0.01388580,-0.03919678,0.05145588,-0.18034676,-0.19638659,-0.00539994,0.01574913,-0.01394299,0.05141133,-0.17817479
5.850000,0.22219052,-0.10710079,0.85720956,-0.25262503,1.36410169,0.26155205,-0.20290270,-0.01153472,-0.01372855,-0.03933527,0.05196879,-0.18212478,-0.19572218,-0.00493955,0.01567773,-0.01377052,0.05116343,-0.17740898
5.860000,0.22015172,-0.10721638,0.85707305,-0.25301907,1.36462393,0.25972195,-0.20485612,-0.01158182,-0.01357268,-0.03947247,0.05247902,-0.18389455,-0.19494362,-0.00448113,0.01547490,-0.01368465,0.05087729,-0.17652471
5.870000,0.21809343,-0.10733241,0.85693810,-0.25341448,1.36515126,0.25787419,-0.20680118,-0.01162435,-0.01341951,-0.03960927,0.05298620,-0.18565487,-0.19404923,-0.00402522,0.01513625,-0.01368866,0.05055223,-0.17552009
5.880000,0.21601573,-0.10744885,0.85680465,-0.25381126,1.36568364,0.25600888,-0.20873672,-0.01166233,-0.01327042,-0.03974656,0.05348994,-0.18740454,-0.19303733,-0.00357233,0.01465740,-0.01378581,0.05018757,-0.17439321
5.890000,0.21391873,-0.10756565,0.85667267,-0.25420942,1.36622104,0.25412614,-0.21066153,-0.01169581,-0.01312684,-0.03988530,0.05398982,-0.18914232,-0.19190623,-0.00312299,0.01403393,-0.01397938,0.04978261,-0.17314219
5.900000,0.21180254,-0.10768275,0.85654209,-0.25460897,1.36676342,0.25222608,-0.21257444,-0.01172481,-0.01299024,-0.04002648,0.05448545,-0.19086697,-0.19065458,-0.00267771,0.01326325,-0.01427133,0.04933689,-0.17176564
5.910000,0.20966728,-0.10780013,0.85641284,-0.25500996,1.36731074,0.25030885,-0.21447422,-0.01174937,-0.01286205,-0.04017104,0.05497642,-0.19257722,-0.18928258,-0.00223706,0.01235144,-0.01465723,0.04885101,-0.17026477
5.920000,0.20751310,-0.10791773,0.85628482,-0.25541241,1.36786294,0.24837459,-0.21635969,-0.01176956,-0.01274365,-0.04031991,0.05546234,-0.19427185,-0.18779090,-0.00180156,0.01130727,-0.01513065,0.04832589,-0.16864160
5.930000,0.20534014,-0.10803550,0.85615793,-0.25581637,1.36841997,0.24642347,-0.21822965,-0.01178543,-0.01263631,-0.04047393,0.05594281,-0.19594965,-0.18618024,-0.00137177,0.01013948,-0.01568521,0.04776246,-0.16689811
5.940000,0.20314857,-0.10815342,0.85603205,-0.25622191,1.36898177,0.24445566,-0.22008290,-0.01179702,-0.01254124,-0.04063386,0.05641747,-0.19760942,-0.18445127,-0.00094823,0.00885684,-0.01631449,0.04716163,-0.16503632
5.950000,0.20093854,-0.10827143,0.85590706,-0.25662907,1.36954830,0.24247134,-0.22191828,-0.01180441,-0.01245953,-0.04080044,0.05688593,-0.19924999,-0.18260467,-0.00053149,0.00746810,-0.01701209,0.04652434,-0.16305822
5.960000,0.19871026,-0.10838949,0.85578281,-0.25703794,1.37011947,0.24047072,-0.22373460,-0.01180767,-0.01239220,-0.04097431,0.05734783,-0.20087021,-0.18064113,-0.00012209,0.00598202,-0.01777161,0.04585151,-0.16096581
5.970000,0.19646392,-0.10850757,0.85565916,-0.25744858,1.37069523,0.23845401,-0.22553071,-0.01180688,-0.01234019,-0.04115606,0.05780284,-0.20246893,-0.17856132,0.00027941,0.00440736,-0.01858663,0.04514405,-0.15876109
5.980000,0.19419972,-0.10862562,0.85553595,-0.25786109,1.37127550,0.23642142,-0.22730545,-0.01180211,-0.01230432,-0.04134621,0.05825060,-0.20404506,-0.17636593,0.00067248,0.00275287,-0.01945076,0.04440290,-0.15644607
5.990000,0.19191789,-0.10874360,0.85541302,-0.25827554,1.37186022,0.23437319,-0.22905765,-0.01179346,-0.01228537,-0.04154522,0.05869079,-0.20559749,-0.17405563,0.00105656,0.00102731,-0.02035759,0.04362898,-0.15402274
6.000000,0.18961865,-0.10886148,0.85529019,-0.25869202,1.37244929,0.23230955,-0.23078618,-0.01178101,-0.01228398,-0.04175348,0.05912308,-0.20712516,-0.17163112,0.00143111,-0.00076056,-0.02130072,0.04282321,-0.15149311
6.010000,0.18730224,-0.10897921,0.85516728,-0.25911064,1.37304265,0.23023077,-0.23248989,-0.01176487,-0.01230076,-0.04197133,0.05954715,-0.20862701,-0.16909307,0.00179558,-0.00260198,-0.02227374,0.04198651,-0.14885918
6.020000,0.18496893,-0.10909676,0.85504411,-0.25953148,1.37364021,0.22813710,-0.23416766,-0.01174514,-0.01233617,-0.04219904,0.05996271,-0.21010200,-0.16644216,0.00214943,-0.00448821,-0.02327025,0.04111982,-0.14612294
6.030000,0.18261898,-0.10921410,0.85492049,-0.25995465,1.37424187,0.22602882,-0.23581836,-0.01172192,-0.01239064,-0.04243679,0.06036945,-0.21154913,-0.16367907,0.00249211,-0.00641047,-0.02428384,0.04022404,-0.14328641
6.040000,0.18025266,-0.10933119,0.85479623,-0.26038025,1.37484756,0.22390622,-0.23744087,-0.01169534,-0.01246447,-0.04268475,0.06076709,-0.21296740,-0.16080449,0.00282307,-0.00836002,-0.02530810,0.03930011,-0.14035158
6.050000,0.17787026,-0.10944799,0.85467114,-0.26080838,1.37545719,0.22176957,-0.23903408,-0.01166550,-0.01255790,-0.04294297,0.06115536,-0.21435584,-0.15781909,0.00314177,-0.01032809,-0.02633664,0.03834895,-0.13732045
6.060000,0.17547208,-0.10956449,0.85454501,-0.26123915,1.37607064,0.21961920,-0.24059689,-0.01163254,-0.01267107,-0.04321147,0.06153398,-0.21571350,-0.15472357,0.00344766,-0.01230594,-0.02736304,0.03737148,-0.13419502
6.070000,0.17305843,-0.10968064,0.85441765,-0.26167265,1.37668783,0.21745541,-0.24212819,-0.01159659,-0.01280402,-0.04349020,0.06190271,-0.21703944,-0.15151859,0.00374020,-0.01428479,-0.02838091,0.03636863,-0.13097730
6.080000,0.17062963,-0.10979641,0.85428886,-0.26210899,1.37730866,0.21527852,-0.24362690,-0.01155778,-0.01295674,-0.04377904,0.06226128,-0.21833274,-0.14820483,0.00401884,-0.01625590,-0.02938384,0.03534133,-0.12766928
6.090000,0.16818600,-0.10991178,0.85415845,-0.26254826,1.37793302,0.21308887,-0.24509193,-0.01151626,-0.01312909,-0.04407781,0.06260945,-0.21959253,-0.14478300,0.00428302,-0.01821051,-0.03036542,0.03429048,-0.12427297
6.100000,0.16572790,-0.11002673,0.85402622,-0.26299057,1.37856081,0.21088679,-0.24652220,-0.01147217,-0.01332086,-0.04438626,0.06294701,-0.22081792,-0.14125375,0.00453222,-0.02013986,-0.03131925,0.03321702,-0.12079037
6.110000,0.16325568,-0.11014122,0.85389197,-0.26343602,1.37919193,0.20867263,-0.24791664,-0.01142567,-0.01353177,-0.04470408,0.06327372,-0.22200805,-0.13761778,0.00476587,-0.02203519,-0.03223892,0.03212188,-0.11722348
6.120000,0.16076969,-0.11025523,0.85375552,-0.26388469,1.37982625,0.20644674,-0.24927420,-0.01137691,-0.01376142,-0.04503090,0.06358938,-0.22316211,-0.13387576,0.00498343,-0.02388776,-0.03311804,0.03100597,-0.11357429
6.130000,0.15827032,-0.11036875,0.85361668,-0.26433666,1.38046368,0.20420951,-0.25059381,-0.01132606,-0.01400935,-0.04536628,0.06389378,-0.22427927,-0.13002838,0.00518436,-0.02568879,-0.03395019,0.02987022,-0.10984482
6.140000,0.15575795,-0.11048175,0.85347527,-0.26479204,1.38110409,0.20196128,-0.25187442,-0.01127328,-0.01427500,-0.04570973,0.06418672,-0.22535875,-0.12607631,0.00536812,-0.02742953,-0.03472896,0.02871555,-0.10603706
6.150000,0.15323297,-0.11059421,0.85333112,-0.26525088,1.38174737,0.19970246,-0.25311499,-0.01121875,-0.01455771,-0.04606066,0.06446803,-0.22639976,-0.12202025,0.00553414,-0.02910123,-0.03544797,0.02754289,-0.10215301
6.160000,0.15069578,-0.11070612,0.85318406,-0.26571327,1.38239341,0.19743342,-0.25431448,-0.01116266,-0.01485676,-0.04641847,0.06473752,-0.22740156,-0.11786086,0.00568189,-0.03069513,-0.03610079,0.02635315,-0.09819468
6.170000,0.14814682,-0.11081746,0.85303393,-0.26617927,1.38304208,0.19515456,-0.25547186,-0.01110518,-0.01517133,-0.04678244,0.06499504,-0.22836341,-0.11359884,0.00581083,-0.03220247,-0.03668103,0.02514727,-0.09416406
6.180000,0.14558649,-0.11092822,0.85288059,-0.26664894,1.38369327,0.19286629,-0.25658612,-0.01104651,-0.01550050,-0.04715182,0.06524042,-0.22928461,-0.10923486,0.00592040,-0.03361449,-0.03718228,0.02392617,-0.09006316
6.190000,0.14301524,-0.11103838,0.85272388,-0.26712233,1.38434685,0.19056901,-0.25765622,-0.01098684,-0.01584327,-0.04752580,0.06547351,-0.23016445,-0.10476960,0.00601005,-0.03492244,-0.03759814,0.02269077,-0.08589397
6.200000,0.14043352,-0.11114795,0.85256368,-0.26759947,1.38500270,0.18826314,-0.25868117,-0.01092637,-0.01619857,-0.04790348,0.06569419,-0.23100226,-0.10020375,0.00607925,-0.03611756,-0.03792220,0.02144200,-0.08165850
6.210000,0.13784177,-0.11125691,0.85239987,-0.26808040,1.38566069,0.18594910,-0.25965996,-0.01086532,-0.01656522,-0.04828392,0.06590231,-0.23179740,-0.09553798,0.00612745,-0.03719109,-0.03814805,0.02018077,-0.07735876
6.220000,0.13524047,-0.11136526,0.85223234,-0.26856515,1.38632070,0.18362734,-0.26059160,-0.01080390,-0.01694196,-0.04866609,0.06609776,-0.23254923,-0.09077299,0.00615409,-0.03813428,-0.03826930,0.01890801,-0.07299673
6.230000,0.13263010,-0.11147299,0.85206100,-0.26905373,1.38698260,0.18129827,-0.26147510,-0.01074231,-0.01732744,-0.04904893,0.06628043,-0.23325714,-0.08590944,0.00615864,-0.03893837,-0.03827954,0.01762465,-0.06857443
6.240000,0.13001114,-0.11158010,0.85188577,-0.26954613,1.38764627,0.17896234,-0.26230946,-0.01068080,-0.01772023,-0.04943129,0.06645022,-0.23392053,-0.08094802,0.00614055,-0.03959460,-0.03817236,0.01633161,-0.06409384
6.250000,0.12738408,-0.11168660,0.85170658,-0.27004235,1.38831157,0.17662001,-0.26309373,-0.01061958,-0.01811881,-0.04981197,0.06660704,-0.23453883,-0.07588941,0.00609926,-0.04009422,-0.03794135,0.01502981,-0.05955698
6.260000,0.12474943,-0.11179250,0.85152338,-0.27054236,1.38897837,0.17427172,-0.26382693,-0.01055889,-0.01852156,-0.05018968,0.06675079,-0.23511148,-0.07073430,0.00603424,-0.04042846,-0.03758012,0.01372018,-0.05496585
6.270000,0.12210771,-0.11189778,0.85133614,-0.27104613,1.38964654,0.17191793,-0.26450810,-0.01049898,-0.01892680,-0.05056311,0.06688142,-0.23563797,-0.06548336,0.00594493,-0.04058858,-0.03708226,0.01240364,-0.05032244
6.280000,0.11945945,-0.11200248,0.85114484,-0.27155360,1.39031595,0.16955911,-0.26513628,-0.01044008,-0.01933273,-0.05093085,0.06699885,-0.23611777,-0.06013728,0.00583080,-0.04056580,-0.03644137,0.01108111,-0.04562876
6.290000,0.11680517,-0.11210659,0.85094949,-0.27206472,1.39098647,0.16719573,-0.26571053,-0.01038245,-0.01973748,-0.05129144,0.06710302,-0.23655038,-0.05469673,0.00569129,-0.04035139,-0.03565103,0.00975352,-0.04088681
6.300000,0.11414542,-0.11221013,0.85075010,-0.27257940,1.39165797,0.16482826,-0.26622990,-0.01032634,-0.02013909,-0.05164335,0.06719390,-0.23693535,-0.04916240,0.00552586,-0.03993657,-0.03470484,0.00842180,-0.03609859
6.310000,0.11148076,-0.11231312,0.85054672,-0.27309755,1.39233030,0.16245719,-0.26669347,-0.01027202,-0.02053551,-0.05198500,0.06727145,-0.23727221,-0.04353497,0.00533397,-0.03931259,-0.03359641,0.00708685,-0.03126609
6.320000,0.10881174,-0.11241558,0.85033942,-0.27361906,1.39300335,0.16008298,-0.26710029,-0.01021975,-0.02092461,-0.05231472,0.06733563,-0.23756053,-0.03781513,0.00511505,-0.03847070,-0.03231932,0.00574962,-0.02639133
6.330000,0.10613894,-0.11251753,0.85012826,-0.27414380,1.39367697,0.15770614,-0.26744946,-0.01016981,-0.02130417,-0.05263080,0.06738644,-0.23779990,-0.03200354,0.00486858,-0.03740214,-0.03086717,0.00441102,-0.02147630
6.340000,0.10346294,-0.11261898,0.84991337,-0.27467163,1.39435104,0.15532715,-0.26774006,-0.01012247,-0.02167187,-0.05293146,0.06742385,-0.23798993,-0.02610090,0.00459400,-0.03609815,-0.02923356,0.00307197,-0.01652300
6.350000,0.10078434,-0.11271998,0.84969487,-0.27520237,1.39502540,0.15294651,-0.26797118,-0.01007802,-0.02202532,-0.05321485,0.06744788,-0.23813024,-0.02010788,0.00429077,-0.03454997,-0.02741208,0.00173340,-0.01153344
6.360000,0.09810372,-0.11282056,0.84947292,-0.27573586,1.39569995,0.15056471,-0.26814192,-0.01003675,-0.02236203,-0.05347905,0.06745852,-0.23822048,-0.01402516,0.00395834,-0.03274885,-0.02539633,0.00039624,-0.00650962
6.370000,0.09542170,-0.11292073,0.84924770,-0.27627188,1.39637453,0.14818226,-0.26825139,-0.00999895,-0.02267942,-0.05372210,0.06745581,-0.23826032,-0.00785364,0.00359623,-0.03068672,-0.02318041,-0.00093861,-0.00145358
6.380000,0.09273890,-0.11302055,0.84901941,-0.27681023,1.39704902,0.14579967,-0.26829871,-0.00996492,-0.02297490,-0.05394200,0.06743976,-0.23824946,-0.00159722,0.00320504,-0.02836610,-0.02076658,-0.00227045,0.00363174
6.390000,0.09005594,-0.11312004,0.84878828,-0.27735064,1.39772328,0.14341744,-0.26828307,-0.00993495,-0.02324592,-0.05413681,0.06741041,-0.23818760,0.00473773,0.00278622,-0.02579796,-0.01816346,-0.00359876,0.00874275
6.400000,0.08737345,-0.11321926,0.84855458,-0.27789287,1.39839718,0.14103609,-0.26820372,-0.00990929,-0.02349007,-0.05430467,0.06736780,-0.23807453,0.01114481,0.00234125,-0.02299343,-0.01537987,-0.00492300,0.01387582
6.410000,0.08469208,-0.11331824,0.84831858,-0.27843664,1.39907059,0.13865613,-0.26805996,-0.00988820,-0.02370504,-0.05444383,0.06731197,-0.23791003,0.01761760,0.00187158,-0.01996370,-0.01242463,-0.00624266,0.01902734
6.420000,0.08201247,-0.11341704,0.84808058,-0.27898165,1.39974338,0.13627806,-0.26785117,-0.00987193,-0.02388863,-0.05455262,0.06724296,-0.23769393,0.02414970,0.00137870,-0.01671991,-0.00930657,-0.00755721,0.02419369
6.430000,0.07933528,-0.11351570,0.84784092,-0.27952758,1.40041541,0.13390242,-0.26757678,-0.00986070,-0.02403876,-0.05462945,0.06716084,-0.23742611,0.03073470,0.00086408,-0.01327324,-0.00603449,-0.00886613,0.02937125
6.440000,0.07666116,-0.11361427,0.84759992,-0.28007412,1.40108655,0.13152971,-0.26723632,-0.00985472,-0.02415346,-0.05467282,0.06706566,-0.23710648,0.03736617,0.00032918,-0.00963484,-0.00261720,-0.01016891,0.03455639
6.450000,0.07399077,-0.11371281,0.84735797,-0.28062093,1.40175668,0.12916046,-0.26682933,-0.00985418,-0.02423085,-0.05468134,0.06695749,-0.23673497,0.04403772,-0.00022452,-0.00581589,0.00093646,-0.01146500,0.03974550
6.460000,0.07132479,-0.11381137,0.84711544,-0.28116763,1.40242566,0.12679519,-0.26635545,-0.00985927,-0.02426921,-0.05465367,0.06683639,-0.23631157,0.05074293,-0.00079555,-0.00182753,0.00461768,-0.01275389,0.04493496
6.470000,0.06866389,-0.11391002,0.84687272,-0.28171387,1.40309336,0.12443440,-0.26581438,-0.00987014,-0.02426688,-0.05458859,0.06670243,-0.23583628,0.05747538,-0.00138245,0.00231906,0.00841766,-0.01403507,0.05012115
6.480000,0.06600873,-0.11400880,0.84663024,-0.28225927,1.40375967,0.12207863,-0.26520587,-0.00988696,-0.02422234,-0.05448495,0.06655571,-0.23530917,0.06422867,-0.00198373,0.00661272,0.01232756,-0.01530800,0.05530044
6.490000,0.06335999,-0.11410778,0.84638842,-0.28280344,1.40442444,0.11972839,-0.26452976,-0.00990986,-0.02413417,-0.05434170,0.06639630,-0.23473031,0.07099639,-0.00259792,0.01104229,0.01633858,-0.01657215,0.06046922
6.500000,0.06071836,-0.11420702,0.84614771,-0.28334597,1.40508755,0.11738420,-0.26378592,-0.00993896,-0.02400108,-0.05415787,0.06622430,-0.23409983,0.07777212,-0.00322356,0.01559661,0.02044190,-0.01782702,0.06562386
6.510000,0.05808450,-0.11430658,0.84590855,-0.28388646,1.40574888,0.11504657,-0.26297431,-0.00997437,-0.02382186,-0.05393258,0.06603980,-0.23341789,0.08454946,-0.00385918,0.02026451,0.02462870,-0.01907208,0.07076076
6.520000,0.05545910,-0.11440652,0.84567143,-0.28442448,1.40640830,0.11271601,-0.26209495,-0.01001617,-0.02359544,-0.05366505,0.06584289,-0.23268469,0.09132198,-0.00450330,0.02503483,0.02889016,-0.02030679,0.07587628
6.530000,0.05284283,-0.11450692,0.84543680,-0.28495962,1.40706570,0.11039304,-0.26114791,-0.01006446,-0.02332086,-0.05335456,0.06563370,-0.23190045,0.09808329,-0.00515445,0.02989642,0.03321747,-0.02153065,0.08096680
6.540000,0.05023637,-0.11460784,0.84520517,-0.28549143,1.40772094,0.10807817,-0.26013334,-0.01011928,-0.02299725,-0.05300051,0.06541232,-0.23106545,0.10482697,-0.00581116,0.03483809,0.03760180,-0.02274312,0.08602872
6.550000,0.04764039,-0.11470933,0.84497703,-0.28601948,1.40837390,0.10577190,-0.25905145,-0.01018069,-0.02262387,-0.05260236,0.06517887,-0.23017998,0.11154661,-0.00647196,0.03984870,0.04203435,-0.02394368,0.09105840
6.560000,0.04505556,-0.11481147,0.84475286,-0.28654333,1.40902448,0.10347474,-0.25790251,-0.01024873,-0.02220008,-0.05215969,0.06493349,-0.22924440,0.11823579,-0.00713538,0.04491708,0.04650630,-0.02513182,0.09605223
6.570000,0.04248256,-0.11491433,0.84453319,-0.28706253,1.40967253,0.10118718,-0.25668685,-0.01032340,-0.02172537,-0.05167214,0.06467628,-0.22825907,0.12488811,-0.00779994,0.05003206,0.05100882,-0.02630700,0.10100659
6.580000,0.03992204,-0.11501796,0.84431853,-0.28757662,1.41031796,0.09890972,-0.25540489,-0.01040473,-0.02119932,-0.05113944,0.06440739,-0.22722441,0.13149715,-0.00846418,0.05518249,0.05553311,-0.02746870,0.10591786
6.590000,0.03737468,-0.11512244,0.84410938,-0.28808516,1.41096064,0.09664286,-0.25405708,-0.01049268,-0.02062164,-0.05056143,0.06412695,-0.22614087,0.13805651,-0.00912662,0.06035720,0.06007034,-0.02861640,0.11078241
6.600000,0.03484112,-0.11522784,0.84390627,-0.28858770,1.41160046,0.09438707,-0.25264395,-0.01058725,-0.01999213,-0.04993802,0.06383511,-0.22500893,0.14455976,-0.00978580,0.06554502,0.06461170,-0.02974959,0.11559663
6.610000,0.03232202,-0.11533421,0.84370971,-0.28908377,1.41223731,0.09214284,-0.25116609,-0.01068838,-0.01931073,-0.04926921,0.06353201,-0.22382912,0.15100051,-0.01044023,0.07073480,0.06914837,-0.03086772,0.12035690
6.620000,0.02981801,-0.11544163,0.84352023,-0.28957293,1.41287107,0.08991064,-0.24962417,-0.01079603,-0.01857747,-0.04855510,0.06321781,-0.22260198,0.15737234,-0.01108846,0.07591538,0.07367154,-0.03197029,0.12505960
6.630000,0.02732974,-0.11555015,0.84333833,-0.29005472,1.41350163,0.08769095,-0.24801889,-0.01091013,-0.01779249,-0.04779586,0.06289266,-0.22132813,0.16366884,-0.01172900,0.08107558,0.07817239,-0.03305677,0.12970110
6.640000,0.02485784,-0.11565985,0.84316455,-0.29052870,1.41412888,0.08548423,-0.24635106,-0.01103058,-0.01695606,-0.04699175,0.06255673,-0.22000818,0.16988359,-0.01236039,0.08620425,0.08264209,-0.03412663,0.13427780
6.650000,0.02240293,-0.11577078,0.84299938,-0.29099441,1.41475273,0.08329094,-0.24462152,-0.01115730,-0.01606855,-0.04614315,0.06221018,-0.21864280,0.17601019,-0.01298115,0.09129022,0.08707184,-0.03517935,0.13878606
6.660000,0.01996562,-0.11588302,0.84284334,-0.29145141,1.41537305,0.08111153,-0.24283117,-0.01129016,-0.01513044,-0.04525048,0.06185320,-0.21723270,0.18204222,-0.01358982,0.09632233,0.09145282,-0.03621441,0.14322226
6.670000,0.01754651,-0.11599661,0.84269694,-0.29189927,1.41598976,0.07894643,-0.24098101,-0.01142905,-0.01414232,-0.04431428,0.06148596,-0.21577861,0.18797328,-0.01418492,0.10128943,0.09577621,-0.03723129,0.14758280
6.680000,0.01514619,-0.11611162,0.84256066,-0.29233756,1.41660274,0.07679610,-0.23907207,-0.01157381,-0.01310490,-0.04333518,0.06110864,-0.21428131,0.19379694,-0.01476499,0.10618033,0.10003319,-0.03822946,0.15186404
6.690000,0.01276526,-0.11622810,0.84243500,-0.29276584,1.41721190,0.07466095,-0.23710545,-0.01172429,-0.01201900,-0.04231387,0.06072143,-0.21274160,0.19950681,-0.01532854,0.11098389,0.10421495,-0.03920840,0.15606238
6.700000,0.01040427,-0.11634612,0.84232044,-0.29318370,1.41781713,0.07254141,-0.23508233,-0.01188032,-0.01088555,-0.04125116,0.06032454,-0.21116035,0.20509647,-0.01587411,0.11568894,0.10831267,-0.04016758,0.16017418
6.710000,0.00806379,-0.11646573,0.84221745,-0.29359073,1.41841836,0.07043788,-0.23300394,-0.01204171,-0.00970559,-0.04014793,0.05991815,-0.20953842,0.21055950,-0.01640023,0.12028431,0.11231753,-0.04110649,0.16419583
6.720000,0.00574437,-0.11658697,0.84212648,-0.29398652,1.41901547,0.06835077,-0.23087158,-0.01220826,-0.00848027,-0.03900515,0.05950247,-0.20787674,0.21588950,-0.01690543,0.12475885,0.11622071,-0.04202460,0.16812370
6.730000,0.00344654,-0.11670991,0.84204799,-0.29437070,1.41960837,0.06628047,-0.22868662,-0.01237975,-0.00721085,-0.03782388,0.05907773,-0.20617627,0.22108006,-0.01738823,0.12910139,0.12001341,-0.04292139,0.17195419
6.740000,0.00117081,-0.11683458,0.84198241,-0.29474288,1.42019699,0.06422737,-0.22645047,-0.01255594,-0.00589872,-0.03660528,0.05864412,-0.20443800,0.22612476,-0.01784716,0.13330077,0.12368680,-0.04379633,0.17568366
6.750000,-0.00108231,-0.11696104,0.84193015,-0.29510269,1.42078123,0.06219184,-0.22416463,-0.01273660,-0.00454535,-0.03535057,0.05820188,-0.20266295,0.23101719,-0.01828076,0.13734582,0.12723206,-0.04464890,0.17930850
6.760000,-0.00331232,-0.11708933,0.84189163,-0.29544977,1.42136100,0.06017423,-0.22183065,-0.01292147,-0.00315236,-0.03406109,0.05775122,-0.20085219,0.23575095,-0.01868755,0.14122538,0.13064038,-0.04547857,0.18282509
6.770000,-0.00551876,-0.11721949,0.84186723,-0.29578380,1.42193623,0.05817491,-0.21945016,-0.01311026,-0.00172143,-0.03273825,0.05729238,-0.19900682,0.24031961,-0.01906606,0.14492830,0.13390295,-0.04628484,0.18622981
6.780000,-0.00770118,-0.11735155,0.84185732,-0.29610443,1.42250682,0.05619421,-0.21702483,-0.01330269,-0.00025442,-0.03138355,0.05682560,-0.19712798,0.24471677,-0.01941481,0.14844340,0.13701094,-0.04706716,0.18951904
6.790000,-0.00985912,-0.11748555,0.84186226,-0.29641137,1.42307271,0.05423245,-0.21455642,-0.01349845,0.00124677,-0.02999858,0.05635112,-0.19521683,0.24893603,-0.01973234,0.15175952,0.13995553,-0.04782502,0.19268916
6.800000,-0.01199217,-0.11762153,0.84188237,-0.29670431,1.42363382,0.05228997,-0.21204673,-0.01369723,0.00278007,-0.02858501,0.05586918,-0.19327460,0.25297095,-0.02001718,0.15486550,0.14272792,-0.04855790,0.19573654
6.810000,-0.01409992,-0.11775950,0.84191796,-0.29698298,1.42419007,0.05036706,-0.20949763,-0.01389868,0.00434334,-0.02714462,0.05538005,-0.19130252,0.25681515,-0.02026785,0.15775019,0.14531928,-0.04926527,0.19865757
6.820000,-0.01618199,-0.11789951,0.84196932,-0.29724712,1.42474140,0.04846402,-0.20691108,-0.01410247,0.00593430,-0.02567926,0.05488397,-0.18930188,0.26046220,-0.02048289,0.16040240,0.14772080,-0.04994661,0.20144864
6.830000,-0.01823802,-0.11804156,0.84203673,-0.29749649,1.42528773,0.04658112,-0.20428907,-0.01430822,0.00755058,-0.02419087,0.05438120,-0.18727400,0.26390568,-0.02066081,0.16281099,0.14992366,-0.05060140,0.20410611
6.840000,-0.02026766,-0.11818568,0.84212041,-0.29773086,1.42582900,0.04471862,-0.20163367,-0.01451555,0.00918967,-0.02268148,0.05387203,-0.18522022,0.26713923,-0.02080016,0.16496483,0.15191908,-0.05122911,0.20662638
6.850000,-0.02227059,-0.11833187,0.84222059,-0.29795005,1.42636515,0.04287679,-0.19894700,-0.01472409,0.01084900,-0.02115319,0.05335671,-0.18314193,0.27015923,-0.02090026,0.16685809,0.15370239,-0.05182939,0.20900731
6.860000,-0.02424651,-0.11848016,0.84233745,-0.29815387,1.42689611,0.04105586,-0.19623119,-0.01493343,0.01252598,-0.01960812,0.05283553,-0.18104053,0.27296757,-0.02096195,0.16849524,0.15527695,-0.05240224,0.21124965
6.870000,-0.02619513,-0.11863054,0.84247116,-0.29834217,1.42742184,0.03925605,-0.19348834,-0.01514320,0.01421807,-0.01804834,0.05230876,-0.17891740,0.27556675,-0.02098625,0.16988198,0.15664708,-0.05294769,0.21335446
6.880000,-0.02811619,-0.11878303,0.84262185,-0.29851480,1.42794227,0.03747758,-0.19072054,-0.01535304,0.01592281,-0.01647585,0.05177667,-0.17677390,0.27795928,-0.02097420,0.17102398,0.15781707,-0.05346575,0.21532281
6.890000,-0.03000946,-0.11893760,0.84278965,-0.29867165,1.42845736,0.03572064,-0.18792984,-0.01556257,0.01763776,-0.01489265,0.05123954,-0.17461139,0.28014766,-0.02092681,0.17192693,0.15879124,-0.05395647,0.21715579
6.900000,-0.03187472,-0.11909428,0.84297464,-0.29881262,1.42896705,0.03398541,-0.18511826,-0.01577146,0.01936057,-0.01330066,0.05069763,-0.17243123,0.28213440,-0.02084511,0.17259651,0.15957389,-0.05441986,0.21885445
6.910000,-0.03371176,-0.11925303,0.84317688,-0.29893764,1.42947129,0.03227207,-0.18228781,-0.01597936,0.02108893,-0.01170179,0.05015123,-0.17023475,0.28392200,-0.02073013,0.17303840,0.16016932,-0.05485596,0.22041987
6.920000,-0.03552042,-0.11941386,0.84339643,-0.29904664,1.42997006,0.03058077,-0.17944048,-0.01618595,0.02282059,-0.01009789,0.04960060,-0.16802327,0.28551298,-0.02058289,0.17325828,0.16058183,-0.05526480,0.22185312
6.930000,-0.03730052,-0.11957674,0.84363330,-0.29913958,1.43046329,0.02891165,-0.17657820,-0.01639091,0.02455337,-0.00849075,0.04904602,-0.16579812,0.28690984,-0.02040442,0.17326185,0.16081574,-0.05564640,0.22315527
6.940000,-0.03905194,-0.11974167,0.84388749,-0.29921645,1.43095097,0.02726485,-0.17370292,-0.01659394,0.02628513,-0.00688215,0.04848777,-0.16356060,0.28811508,-0.02019573,0.17305478,0.16087534,-0.05600079,0.22432740
6.950000,-0.04077454,-0.11990862,0.84415899,-0.29927723,1.43143304,0.02564047,-0.17081653,-0.01679473,0.02801379,-0.00527381,0.04792610,-0.16131201,0.28913121,-0.01995786,0.17264275,0.16076494,-0.05632800,0.22537058
6.960000,-0.04246824,-0.12007756,0.84444775,-0.29932193,1.43190948,0.02403864,-0.16792092,-0.01699300,0.02973732,-0.00366741,0.04736130,-0.15905362,0.28996074,-0.01969183,0.17203144,0.16048885,-0.05662806,0.22628587
6.970000,-0.04413294,-0.12024847,0.84475371,-0.29935059,1.43238025,0.02245943,-0.16501793,-0.01718848,0.03145377,-0.00206457,0.04679363,-0.15678671,0.29060617,-0.01939867,0.17122654,0.16005136,-0.05690100,0.22707436
6.980000,-0.04576858,-0.12042132,0.84507679,-0.29936324,1.43284534,0.02090293,-0.16210940,-0.01738089,0.03316122,-0.00046690,0.04622337,-0.15451255,0.29107002,-0.01907939,0.17023374,0.15945678,-0.05714685,0.22773710
6.990000,-0.04737511,-0.12059607,0.84541690,-0.29935995,1.43330471,0.01936920,-0.15919713,-0.01756998,0.03485784,0.00112405,0.04565078,-0.15223238,0.29135478,-0.01873503,0.16905871,0.15870942,-0.05736563,0.22827518
7.000000,-0.04895251,-0.12077270,0.84577391,-0.29934079,1.43375835,0.01785830,-0.15628289,-0.01775551,0.03654181,0.00270679,0.04507614,-0.14994746,0.29146296,-0.01836661,0.16770713,0.15781359,-0.05755738,0.22868966
7.010000,-0.05050077,-0.12095117,0.84614769,-0.29930584,1.43420623,0.01637026,-0.15336845,-0.01793724,0.03821141,0.00427984,0.04449972,-0.14765900,0.29139707,-0.01797515,0.16618470,0.15677358,-0.05772211,0.22898162
7.020000,-0.05201989,-0.12113143,0.84653808,-0.29925523,1.43464834,0.01490512,-0.15045552,-0.01811494,0.03986495,0.00584180,0.04392179,-0.14536823,0.29115962,-0.01756168,0.16449708,0.15559370,-0.05785987,0.22915213
7.030000,-0.05350989,-0.12131345,0.84694493,-0.29918905,1.43508466,0.01346290,-0.14754582,-0.01828840,0.04150082,0.00739127,0.04334262,-0.14307636,0.29075311,-0.01712722,0.16264997,0.15427825,-0.05797067,0.22920225
7.040000,-0.05497082,-0.12149719,0.84736803,-0.29910745,1.43551519,0.01204360,-0.14464101,-0.01845742,0.04311744,0.00892692,0.04276247,-0.14078458,0.29018005,-0.01667280,0.16064905,0.15283154,-0.05805455,0.22913307
7.050000,-0.05640273,-0.12168259,0.84780721,-0.29901056,1.43593991,0.01064721,-0.14174276,-0.01862179,0.04471331,0.01044747,0.04218161,-0.13849409,0.28944294,-0.01619945,0.15850000,0.15125788,-0.05811154,0.22894565
7.060000,-0.05780570,-0.12186961,0.84826223,-0.29889855,1.43635882,0.00927371,-0.13885269,-0.01878135,0.04628697,0.01195167,0.04160033,-0.13620606,0.28854430,-0.01570818,0.15620850,0.14956156,-0.05814166,0.22864106
7.070000,-0.05917982,-0.12205820,0.84873287,-0.29877159,1.43677192,0.00792307,-0.13597241,-0.01893590,0.04783702,0.01343831,0.04101887,-0.13392166,0.28748662,-0.01520003,0.15378023,0.14774690,-0.05814494,0.22822038
7.080000,-0.06052519,-0.12224831,0.84921888,-0.29862985,1.43717920,0.00659526,-0.13310348,-0.01908529,0.04936213,0.01490623,0.04043752,-0.13164204,0.28627241,-0.01467601,0.15122088,0.14581819,-0.05812142,0.22768467
7.090000,-0.06184193,-0.12243989,0.84972002,-0.29847353,1.43758067,0.00529021,-0.13024747,-0.01922937,0.05086102,0.01635431,0.03985653,-0.12936834,0.28490418,-0.01413716,0.14853613,0.14377975,-0.05807111,0.22703502
7.100000,-0.06313019,-0.12263288,0.85023601,-0.29830283,1.43797633,0.00400787,-0.12740590,-0.01936799,0.05233246,0.01778147,0.03927618,-0.12710171,0.28338444,-0.01358450,0.14573167,0.14163586,-0.05799405,0.22627248
7.110000,-0.06439010,-0.12282723,0.85076658,-0.29811797,1.43836619,0.00274815,-0.12458028,-0.01950102,0.05377527,0.01918669,0.03869674,-0.12484327,0.28171569,-0.01301904,0.14281316,0.13939085,-0.05789027,0.22539814
7.120000,-0.06562185,-0.12302288,0.85131142,-0.29791917,1.43875027,0.00151097,-0.12177208,-0.01962833,0.05518836,0.02056897,0.03811847,-0.12259412,0.27990045,-0.01244183,0.13978631,0.13704902,-0.05775979,0.22441306
7.130000,-0.06682561,-0.12321977,0.85187024,-0.29770667,1.43912857,0.00029623,-0.11898275,-0.01974982,0.05657066,0.02192736,0.03754163,-0.12035537,0.27794120,-0.01185387,0.13665679,0.13461466,-0.05760264,0.22331832
7.140000,-0.06800157,-0.12341786,0.85244273,-0.29748071,1.43950111,-0.00089617,-0.11621373,-0.01986538,0.05792117,0.02326097,0.03696650,-0.11812811,0.27584047,-0.01125620,0.13343028,0.13209208,-0.05741886,0.22211498
7.150000,-0.06914996,-0.12361706,0.85302855,-0.29724154,1.43986790,-0.00206637,-0.11346641,-0.01997492,0.05923896,0.02456892,0.03639334,-0.11591343,0.27360075,-0.01064985,0.13011246,0.12948559,-0.05720846,0.22080412
7.160000,-0.07027098,-0.12381733,0.85362739,-0.29698942,1.44022898,-0.00321449,-0.11074217,-0.02007835,0.06052314,0.02585041,0.03582242,-0.11371239,0.27122456,-0.01003583,0.12670903,0.12679950,-0.05697149,0.21938681
7.170000,-0.07136488,-0.12401861,0.85423890,-0.29672462,1.44058436,-0.00434067,-0.10804236,-0.02017561,0.06177287,0.02710466,0.03525400,-0.11152604,0.26871440,-0.00941517,0.12322565,0.12403810,-0.05670796,0.21786413
7.180000,-0.07243191,-0.12422082,0.85486273,-0.29644742,1.44093407,-0.00544506,-0.10536832,-0.02026663,0.06298740,0.02833094,0.03468835,-0.10935545,0.26607278,-0.00878890,0.11966802,0.12120570,-0.05641790,0.21623713
7.190000,-0.07347234,-0.12442392,0.85549853,-0.29615810,1.44127814,-0.00652783,-0.10272134,-0.02035137,0.06416600,0.02952855,0.03412573,-0.10720165,0.26330220,-0.00815804,0.11604181,0.11830660,-0.05610135,0.21450690
7.200000,-0.07448643,-0.12462783,0.85614593,-0.29585695,1.44161660,-0.00758915,-0.10010269,-0.02042978,0.06530803,0.03069686,0.03356641,-0.10506565,0.26040516,-0.00752361,0.11235272,0.11534512,-0.05575834,0.21267451
7.210000,-0.07547449,-0.12483249,0.85680457,-0.29554426,1.44194948,-0.00862921,-0.09751365,-0.02050184,0.06641287,0.03183526,0.03301065,-0.10294849,0.25738419,-0.00688664,0.10860641,0.11232555,-0.05538888,0.21074103
7.220000,-0.07643681,-0.12503785,0.85747406,-0.29522034,1.44227682,-0.00964819,-0.09495542,-0.02056751,0.06747998,0.03294319,0.03245872,-0.10085117,0.25424177,-0.00624816,0.10480858,0.10925219,-0.05499301,0.20870752
7.230000,-0.07737371,-0.12524382,0.85815404,-0.29488550,1.44259867,-0.01064630,-0.09242921,-0.02062680,0.06850889,0.03402014,0.03191088,-0.09877467,0.25098043,-0.00560919,0.10096491,0.10612936,-0.05457076,0.20657507
7.240000,-0.07828550,-0.12545036,0.85884411,-0.29454004,1.44291505,-0.01162376,-0.08993620,-0.02067970,0.06949915,0.03506563,0.03136740,-0.09671999,0.24760266,-0.00497076,0.09708107,0.10296136,-0.05412216,0.20434474
7.250000,-0.07917254,-0.12565740,0.85954389,-0.29418429,1.44322603,-0.01258078,-0.08747753,-0.02072622,0.07045039,0.03607923,0.03082853,-0.09468810,0.24411097,-0.00433388,0.09316276,0.09975248,-0.05364723,0.20201760
7.260000,-0.08003517,-0.12586486,0.86025299,-0.29381857,1.44353164,-0.01351760,-0.08505435,-0.02076638,0.07136231,0.03706056,0.03029454,-0.09267996,0.24050786,-0.00369959,0.08921565,0.09650705,-0.05314600,0.19959473
7.270000,-0.08087375,-0.12607270,0.86097101,-0.29344319,1.44383194,-0.01443446,-0.08266774,-0.02080022,0.07223463,0.03800927,0.02976569,-0.09069652,0.23679585,-0.00306891,0.08524542,0.09322935,-0.05261850,0.19707720
7.280000,-0.08168865,-0.12628085,0.86169755,-0.29305849,1.44412697,-0.01533161,-0.08031878,-0.02082778,0.07306716,0.03892505,0.02924226,-0.08873873,0.23297745,-0.00244286,0.08125777,0.08992370,-0.05206477,0.19446608
7.290000,-0.08248026,-0.12648924,0.86243222,-0.29266480,1.44441680,-0.01620932,-0.07800854,-0.02084910,0.07385975,0.03980766,0.02872449,-0.08680751,0.22905514,-0.00182247,0.07725837,0.08659439,-0.05148482,0.19176244
7.300000,-0.08324896,-0.12669781,0.86317461,-0.29226245,1.44470148,-0.01706786,-0.07573802,-0.02086425,0.07461230,0.04065688,0.02821265,-0.08490378,0.22503145,-0.00120877,0.07325290,0.08324574,-0.05087869,0.18896735
7.310000,-0.08399515,-0.12690650,0.86392433,-0.29185178,1.44498108,-0.01790749,-0.07350824,-0.02087330,0.07532480,0.04147253,0.02770700,-0.08302846,0.22090888,-0.00060277,0.06924706,0.07988205,-0.05024640,0.18608188
7.320000,-0.08471926,-0.12711526,0.86468097,-0.29143311,1.44525564,-0.01872852,-0.07132016,-0.02087633,0.07599726,0.04225448,0.02720781,-0.08118244,0.21668993,-0.00000551,0.06524651,0.07650762,-0.04958799,0.18310712
7.330000,-0.08542170,-0.12732401,0.86544414,-0.29100680,1.44552525,-0.01953124,-0.06917475,-0.02087344,0.07662977,0.04300266,0.02671533,-0.07936661,0.21237712,0.00058200,0.06125694,0.07312675,-0.04890348,0.18004411
7.340000,-0.08610290,-0.12753270,0.86621344,-0.29057317,1.44578997,-0.02031596,-0.06707293,-0.02086473,0.07722246,0.04371701,0.02622982,-0.07758185,0.20797294,0.00115872,0.05728404,0.06974376,-0.04819290,0.17689395
7.350000,-0.08676331,-0.12774128,0.86698846,-0.29013257,1.44604987,-0.02108299,-0.06501559,-0.02085031,0.07777552,0.04439754,0.02575156,-0.07582902,0.20347991,0.00172363,0.05333349,0.06636294,-0.04745628,0.17365770
7.360000,-0.08740336,-0.12794969,0.86776882,-0.28968533,1.44630503,-0.02183265,-0.06300362,-0.02083030,0.07828922,0.04504429,0.02528079,-0.07410898,0.19890053,0.00227571,0.04941097,0.06298860,-0.04669365,0.17033643
7.370000,-0.08802353,-0.12815787,0.86855411,-0.28923180,1.44655552,-0.02256528,-0.06103786,-0.02080484,0.07876386,0.04565735,0.02481777,-0.07242257,0.19423730,0.00281393,0.04552216,0.05962505,-0.04590503,0.16693121
7.380000,-0.08862428,-0.12836577,0.86934396,-0.28877230,1.44680141,-0.02328121,-0.05911914,-0.02077407,0.07919980,0.04623684,0.02436277,-0.07077063,0.18949274,0.00333727,0.04167275,0.05627658,-0.04509046,0.16344312
7.390000,-0.08920607,-0.12857334,0.87013798,-0.28830717,1.44704280,-0.02398081,-0.05724827,-0.02073815,0.07959746,0.04678294,0.02391605,-0.06915398,0.18466934,0.00384471,0.03786841,0.05294751,-0.04424996,0.15987323
7.400000,-0.08976940,-0.12878052,0.87093579,-0.28783675,1.44727976,-0.02466441,-0.05542601,-0.02069723,0.07995733,0.04729587,0.02347786,-0.06757344,0.17976963,0.00433521,0.03411484,0.04964214,-0.04338356,0.15622260
7.410000,-0.09031476,-0.12898727,0.87173700,-0.28736136,1.44751239,-0.02533240,-0.05365312,-0.02065150,0.08027995,0.04777588,0.02304846,-0.06602980,0.17479609,0.00480775,0.03041771,0.04636476,-0.04249129,0.15249232
7.420000,-0.09084263,-0.12919353,0.87254126,-0.28688134,1.44774076,-0.02598514,-0.05193032,-0.02060114,0.08056589,0.04822327,0.02262812,-0.06452385,0.16975125,0.00526131,0.02678271,0.04311969,-0.04157318,0.14868344
7.430000,-0.09135353,-0.12939927,0.87334820,-0.28639701,1.44796498,-0.02662300,-0.05025832,-0.02054634,0.08081583,0.04863840,0.02221708,-0.06305639,0.16463759,0.00569487,0.02321552,0.03991124,-0.04062926,0.14479705
7.440000,-0.09184797,-0.12960445,0.87415746,-0.28590868,1.44818513,-0.02724639,-0.04863779,-0.02048731,0.08103045,0.04902163,0.02181562,-0.06162817,0.15945764,0.00610739,0.01972181,0.03674369,-0.03965955,0.14083422
7.450000,-0.09232646,-0.12980901,0.87496870,-0.28541668,1.44840132,-0.02785570,-0.04706938,-0.02042427,0.08121053,0.04937342,0.02142398,-0.06023995,0.15421390,0.00649786,0.01630729,0.03362137,-0.03866408,0.13679601
7.460000,-0.09278954,-0.13001292,0.87578156,-0.28492131,1.44861365,-0.02845133,-0.04555372,-0.02035743,0.08135688,0.04969423,0.02104242,-0.05889249,0.14890887,0.00686525,0.01297761,0.03054857,-0.03764289,0.13268350
7.470000,-0.09323772,-0.13021614,0.87659572,-0.28442290,1.44882221,-0.02903369,-0.04409140,-0.02028704,0.08147038,0.04998457,0.02067121,-0.05758653,0.14354506,0.00720853,0.00973848,0.02752960,-0.03659600,0.12849776
7.480000,-0.09367154,-0.13041865,0.87741086,-0.28392172,1.44902711,-0.02960320,-0.04268301,-0.02021335,0.08155197,0.05024501,0.02031059,-0.05632278,0.13812498,0.00752668,0.00659557,0.02456876,-0.03552343,0.12423986
7.490000,-0.09409156,-0.13062040,0.87822666,-0.28341809,1.44922845,-0.03016029,-0.04132908,-0.02013660,0.08160263,0.05047615,0.01996082,-0.05510197,0.13265113,0.00781868,0.00355457,0.02167036,-0.03442523,0.11991087
7.500000,-0.09449831,-0.13082137,0.87904281,-0.28291230,1.44942636,-0.03070538,-0.04003015,-0.02005706,0.08162342,0.05067864,0.01962217,-0.05392480,0.12712602,0.00808349,0.00062115,0.01883869,-0.03330141,0.11551187
7.510000,-0.09489235,-0.13102153,0.87985903,-0.28240461,1.44962094,-0.03123893,-0.03878672,-0.01997502,0.08161543,0.05085316,0.01929488,-0.05279196,0.12155215,0.00832010,-0.00219900,0.01607808,-0.03215200,0.11104392
7.520000,-0.09527423,-0.13122086,0.88067503,-0.28189532,1.44981230,-0.03176137,-0.03759926,-0.01989076,0.08157984,0.05100045,0.01897922,-0.05170414,0.11593204,0.00852748,-0.00490020,0.01339281,-0.03097704,0.10650811
7.530000,-0.09564452,-0.13141934,0.88149054,-0.28138469,1.45000056,-0.03227317,-0.03646823,-0.01980457,0.08151784,0.05112129,0.01867543,-0.05066202,0.11026818,0.00870460,-0.00747676,0.01078720,-0.02977654,0.10190549
7.540000,-0.09600378,-0.13161695,0.88230530,-0.28087298,1.45018585,-0.03277477,-0.03539404,-0.01971677,0.08143073,0.05121648,0.01838377,-0.04966625,0.10456309,0.00885045,-0.00992300,0.00826555,-0.02855055,0.09723714
7.550000,-0.09635259,-0.13181367,0.88311908,-0.28036045,1.45036828,-0.03326665,-0.03437710,-0.01962767,0.08131984,0.05128689,0.01810450,-0.04871749,0.09881927,0.00896399,-0.01223324,0.00583216,-0.02729909,0.09250414
7.560000,-0.09669152,-0.13200950,0.88393163,-0.27984732,1.45054798,-0.03374928,-0.03341777,-0.01953760,0.08118654,0.05133343,0.01783787,-0.04781638,0.09303923,0.00904420,-0.01440180,0.00349134,-0.02602218,0.08770755
7.570000,-0.09702114,-0.13220442,0.88474274,-0.27933385,1.45072508,-0.03422314,-0.03251642,-0.01944690,0.08103229,0.05135704,0.01758414,-0.04696355,0.08722546,0.00909006,-0.01642300,0.00124739,-0.02471986,0.08284844
7.580000,-0.09734204,-0.13239844,0.88555221,-0.27882026,1.45089970,-0.03468871,-0.03167337,-0.01935592,0.08085859,0.05135872,0.01734356,-0.04615962,0.08138049,0.00910054,-0.01829114,-0.00089539,-0.02339215,0.07792789
7.590000,-0.09765480,-0.13259154,0.88635985,-0.27830675,1.45107199,-0.03514649,-0.03088891,-0.01926501,0.08066700,0.05133948,0.01711638,-0.04540519,0.07550682,0.00907461,-0.02000056,-0.00293268,-0.02203908,0.07294698
7.600000,-0.09796001,-0.13278374,0.88716549,-0.27779353,1.45124208,-0.03559698,-0.03016332,-0.01917455,0.08045913,0.05130043,0.01690286,-0.04470088,0.06960695,0.00901126,-0.02154556,-0.00486019,-0.02066068,0.06790676
7.610000,-0.09825827,-0.13297503,0.88796898,-0.27728080,1.45141010,-0.03604068,-0.02949685,-0.01908492,0.08023665,0.05124266,0.01670325,-0.04404725,0.06368338,0.00890945,-0.02292047,-0.00667360,-0.01925698,0.06280831
7.620000,-0.09855015,-0.13316544,0.88877018,-0.27676874,1.45157619,-0.03647810,-0.02888972,-0.01899649,0.08000131,0.05116735,0.01651781,-0.04344490,0.05773863,0.00876817,-0.02411960,-0.00836863,-0.01782801,0.05765271
7.630000,-0.09883626,-0.13335497,0.88956897,-0.27625751,1.45174050,-0.03690975,-0.02834214,-0.01890969,0.07975487,0.05107570,0.01634678,-0.04289438,0.05177520,0.00858638,-0.02513726,-0.00994095,-0.01637380,0.05244103
7.640000,-0.09911719,-0.13354364,0.89036525,-0.27574727,1.45190317,-0.03733616,-0.02785427,-0.01882490,0.07949918,0.05096895,0.01619042,-0.04239626,0.04579560,0.00836306,-0.02596778,-0.01138628,-0.01489437,0.04717433
7.650000,-0.09939354,-0.13373148,0.89115893,-0.27523818,1.45206436,-0.03775785,-0.02742627,-0.01874257,0.07923615,0.05084841,0.01604897,-0.04195108,0.03980234,0.00809720,-0.02660548,-0.01270029,-0.01338975,0.04185369
7.660000,-0.09966592,-0.13391850,0.89194996,-0.27473035,1.45222420,-0.03817536,-0.02705826,-0.01866311,0.07896774,0.05071540,0.01592270,-0.04155937,0.03379791,0.00778775,-0.02704467,-0.01387870,-0.01185997,0.03648018
7.670000,-0.09993491,-0.13410475,0.89273828,-0.27422391,1.45238286,-0.03858922,-0.02675034,-0.01858696,0.07869594,0.05057130,0.01581186,-0.04122165,0.02778483,0.00743370,-0.02727966,-0.01491718,-0.01030506,0.03105487
7.680000,-0.10020112,-0.13429025,0.89352387,-0.27371895,1.45254049,-0.03899998,-0.02650259,-0.01851458,0.07842284,0.05041754,0.01571669,-0.04093844,0.02176561,0.00703403,-0.02730478,-0.01581145,-0.00872505,0.02557884
7.690000,-0.10046516,-0.13447506,0.89430673,-0.27321558,1.45269725,-0.03940817,-0.02631504,-0.01844644,0.07815056,0.05025557,0.01563744,-0.04071024,0.01574274,0.00658770,-0.02711435,-0.01655719,-0.00711997,0.02005315
7.700000,-0.10072763,-0.13465920,0.89508689,-0.27271387,1.45285330,-0.03981437,-0.02618774,-0.01838299,0.07788129,0.05008690,0.01557437,-0.04053754,0.00971874,0.00609369,-0.02670267,-0.01715011,-0.00548984,0.01447887
7.710000,-0.10098912,-0.13484273,0.89586438,-0.27221386,1.45300879,-0.04021911,-0.02612066,-0.01832472,0.07761727,0.04991309,0.01552773,-0.04042082,0.00369611,0.00555099,-0.02606407,-0.01758589,-0.00383469,0.00885709
7.720000,-0.10125024,-0.13502571,0.89663926,-0.27171562,1.45316391,-0.04062297,-0.02611380,-0.01827214,0.07736079,0.04973572,0.01549776,-0.04036055,-0.00232265,0.00495856,-0.02519287,-0.01786023,-0.00215456,0.00318886
7.730000,-0.10151159,-0.13520820,0.89741163,-0.27121915,1.45331880,-0.04102651,-0.02616710,-0.01822572,0.07711420,0.04955644,0.01548472,-0.04035719,-0.00833501,0.00431537,-0.02408338,-0.01796883,-0.00044947,-0.00252473
7.740000,-0.10177378,-0.13539025,0.89818159,-0.27072449,1.45347366,-0.04143030,-0.02628047,-0.01818600,0.07687993,0.04937691,0.01548885,-0.04041119,-0.01433849,0.00362041,-0.02272992,-0.01790738,0.00128056,-0.00828262
7.750000,-0.10203740,-0.13557194,0.89894927,-0.27023161,1.45362864,-0.04183493,-0.02645383,-0.01815349,0.07666044,0.04919887,0.01551041,-0.04052299,-0.02033057,0.00287265,-0.02112681,-0.01767159,0.00303548,-0.01408373
7.760000,-0.10230306,-0.13575334,0.89971485,-0.26974050,1.45378393,-0.04224096,-0.02668704,-0.01812873,0.07645825,0.04902408,0.01554965,-0.04069301,-0.02630875,0.00207107,-0.01926836,-0.01725713,0.00481529,-0.01992700
7.770000,-0.10257134,-0.13593454,0.90047851,-0.26925111,1.45393969,-0.04264898,-0.02697995,-0.01811225,0.07627594,0.04885434,0.01560680,-0.04092166,-0.03227051,0.00121463,-0.01714890,-0.01665972,0.00661993,-0.02581136
7.780000,-0.10284286,-0.13611562,0.90124045,-0.26876339,1.45409612,-0.04305959,-0.02733238,-0.01810462,0.07611616,0.04869151,0.01568213,-0.04120937,-0.03821336,0.00030232,-0.01476273,-0.01587504,0.00844940,-0.03173572
7.790000,-0.10311819,-0.13629667,0.90200091,-0.26827725,1.45425340,-0.04347337,-0.02774414,-0.01810640,0.07598159,0.04853748,0.01577587,-0.04155651,-0.04413479,-0.00066689,-0.01210418,-0.01489880,0.01030365,-0.03769902
7.800000,-0.10339794,-0.13647778,0.90276017,-0.26779260,1.45441170,-0.04389092,-0.02821500,-0.01811815,0.07587500,0.04839418,0.01588828,-0.04196347,-0.05003229,-0.00169403,-0.00916757,-0.01372668,0.01218267,-0.04370019
7.810000,-0.10368268,-0.13665906,0.90351852,-0.26730933,1.45457123,-0.04431284,-0.02874470,-0.01814047,0.07579919,0.04826361,0.01601961,-0.04243063,-0.05590335,-0.00278012,-0.00594720,-0.01235438,0.01408641,-0.04973815
7.820000,-0.10397302,-0.13684063,0.90427627,-0.26682728,1.45473216,-0.04473973,-0.02933297,-0.01817395,0.07575702,0.04814778,0.01617009,-0.04295836,-0.06174547,-0.00392618,-0.00243741,-0.01077760,0.01601486,-0.05581184
7.830000,-0.10426954,-0.13702258,0.90503378,-0.26634631,1.45489469,-0.04517221,-0.02997951,-0.01821920,0.07575142,0.04804875,0.01633999,-0.04354699,-0.06755615,-0.00513324,0.00136750,-0.00899204,0.01796799,-0.06192018
7.840000,-0.10457281,-0.13720505,0.90579143,-0.26586624,1.45505902,-0.04561088,-0.03068398,-0.01827682,0.07578537,0.04796864,0.01652954,-0.04419687,-0.07333263,-0.00640182,0.00547091,-0.00699494,0.01994544,-0.06806139
7.850000,-0.10488341,-0.13738816,0.90654963,-0.26538687,1.45522535,-0.04605635,-0.03144603,-0.01834743,0.07586181,0.04790954,0.01673897,-0.04490831,-0.07907087,-0.00772962,0.00986339,-0.00479223,0.02194511,-0.07422976
7.860000,-0.10520192,-0.13757205,0.90730882,-0.26490798,1.45539387,-0.04650925,-0.03226525,-0.01843160,0.07598356,0.04787346,0.01696850,-0.04568153,-0.08476635,-0.00911338,0.01453109,-0.00239284,0.02396424,-0.08041820
7.870000,-0.10552890,-0.13775684,0.90806946,-0.26442932,1.45556479,-0.04697019,-0.03314120,-0.01852988,0.07615330,0.04786231,0.01721831,-0.04651671,-0.09041456,-0.01054981,0.01946014,0.00019429,0.02600012,-0.08661964
7.880000,-0.10586493,-0.13794269,0.90883205,-0.26395064,1.45573830,-0.04743979,-0.03407337,-0.01864276,0.07637358,0.04787794,0.01748855,-0.04741394,-0.09601099,-0.01203564,0.02463669,0.00296023,0.02805000,-0.09282698
7.890000,-0.10621056,-0.13812975,0.90959711,-0.26347167,1.45591463,-0.04791867,-0.03506123,-0.01877074,0.07664681,0.04792208,0.01777935,-0.04837325,-0.10155112,-0.01356761,0.03004686,0.00589604,0.03011115,-0.09903314
7.900000,-0.10656634,-0.13831816,0.91036517,-0.26299210,1.45609396,-0.04840746,-0.03610419,-0.01891426,0.07697525,0.04799639,0.01809080,-0.04939458,-0.10703045,-0.01514243,0.03567681,0.00899281,0.03218084,-0.10523105
7.910000,-0.10693282,-0.13850809,0.91113680,-0.26251163,1.45627651,-0.04890677,-0.03720162,-0.01907372,0.07736103,0.04810244,0.01842299,-0.05047782,-0.11244446,-0.01675684,0.04151266,0.01224158,0.03425632,-0.11141361
7.920000,-0.10731055,-0.13869969,0.91191259,-0.26202994,1.45646249,-0.04941722,-0.03835285,-0.01924952,0.07780615,0.04824170,0.01877594,-0.05162278,-0.11778863,-0.01840757,0.04754055,0.01563343,0.03633487,-0.11757374
7.930000,-0.10770006,-0.13889313,0.91269313,-0.26154668,1.45665210,-0.04993943,-0.03955715,-0.01944199,0.07831244,0.04841556,0.01914968,-0.05282919,-0.12305847,-0.02009133,0.05374663,0.01915943,0.03841376,-0.12370436
7.940000,-0.10810187,-0.13908858,0.91347905,-0.26106151,1.45684555,-0.05047401,-0.04081376,-0.01965144,0.07888163,0.04862531,0.01954421,-0.05409674,-0.12824945,-0.02180486,0.06011702,0.02281063,0.04049023,-0.12979839
7.950000,-0.10851650,-0.13928622,0.91427098,-0.26057405,1.45704305,-0.05102157,-0.04212186,-0.01987817,0.07951528,0.04887216,0.01995947,-0.05542502,-0.13335706,-0.02354489,0.06663787,0.02657812,0.04256157,-0.13584874
7.960000,-0.10894447,-0.13948621,0.91506957,-0.26008394,1.45724481,-0.05158271,-0.04348060,-0.02012242,0.08021484,0.04915723,0.02039541,-0.05681355,-0.13837679,-0.02530814,0.07329532,0.03045295,0.04462504,-0.14184833
7.970000,-0.10938628,-0.13968872,0.91587550,-0.25959078,1.45745103,-0.05215804,-0.04488909,-0.02038440,0.08098160,0.04948155,0.02085194,-0.05826179,-0.14330414,-0.02709133,0.08007550,0.03442619,0.04667790,-0.14779007
7.980000,-0.10984242,-0.13989395,0.91668943,-0.25909417,1.45766192,-0.05274815,-0.04634636,-0.02066430,0.08181671,0.04984605,0.02132893,-0.05976913,-0.14813457,-0.02889121,0.08696454,0.03848891,0.04871741,-0.15366689
7.990000,-0.11031337,-0.14010207,0.91751206,-0.25859372,1.45787768,-0.05335362,-0.04785144,-0.02096227,0.08272120,0.05025159,0.02182623,-0.06133489,-0.15286360,-0.03070448,0.09394860,0.04263218,0.05074085,-0.15947169
8.000000,-0.11079960,-0.14031326,0.91834409,-0.25808900,1.45809851,-0.05397504,-0.04940328,-0.02127842,0.08369595,0.05069893,0.02234368,-0.06295830,-0.15748669,-0.03252789,0.10101380,0.04684705,0.05274547,-0.16519740
8.010000,-0.11130159,-0.14052770,0.91918622,-0.25757960,1.45832462,-0.05461297,-0.05100081,-0.02161285,0.08474170,0.05118874,0.02288107,-0.06463855,-0.16199935,-0.03435815,0.10814628,0.05112461,0.05472855,-0.17083693
8.020000,-0.11181977,-0.14074558,0.92003916,-0.25706508,1.45855620,-0.05526799,-0.05264289,-0.02196560,0.08585906,0.05172160,0.02343817,-0.06637473,-0.16639705,-0.03619199,0.11533218,0.05545591,0.05668734,-0.17638319
8.030000,-0.11235459,-0.14096707,0.92090364,-0.25654502,1.45879344,-0.05594065,-0.05432835,-0.02233669,0.08704848,0.05229801,0.02401473,-0.06816588,-0.17067529,-0.03802615,0.12255764,0.05983202,0.05861912,-0.18182911
8.040000,-0.11290648,-0.14119237,0.92178037,-0.25601898,1.45903655,-0.05663149,-0.05605598,-0.02272611,0.08831030,0.05291836,0.02461045,-0.07001095,-0.17482956,-0.03985735,0.12980880,0.06424402,0.06052115,-0.18716760
8.050000,-0.11347584,-0.14142166,0.92267009,-0.25548651,1.45928572,-0.05734105,-0.05782451,-0.02313382,0.08964470,0.05358298,0.02522504,-0.07190885,-0.17885533,-0.04168231,0.13707179,0.06868295,0.06239068,-0.19239157
8.060000,-0.11406310,-0.14165511,0.92357351,-0.25494717,1.45954112,-0.05806984,-0.05963264,-0.02355973,0.09105173,0.05429208,0.02585815,-0.07385838,-0.18274811,-0.04349776,0.14433275,0.07313990,0.06422500,-0.19749395
8.070000,-0.11466862,-0.14189291,0.92449136,-0.25440052,1.45980294,-0.05881838,-0.06147902,-0.02400373,0.09253130,0.05504581,0.02650941,-0.07585830,-0.18650337,-0.04530044,0.15157782,0.07760593,0.06602136,-0.20246765
8.080000,-0.11529280,-0.14213524,0.92542438,-0.25384610,1.46007136,-0.05958717,-0.06336224,-0.02446568,0.09408318,0.05584420,0.02717844,-0.07790728,-0.19011661,-0.04708706,0.15879314,0.08207211,0.06777703,-0.20730559
8.090000,-0.11593599,-0.14238228,0.92637327,-0.25328348,1.46034657,-0.06037669,-0.06528086,-0.02494541,0.09570702,0.05668722,0.02786481,-0.08000393,-0.19358331,-0.04885435,0.16596484,0.08652949,0.06948927,-0.21200067
8.100000,-0.11659853,-0.14263421,0.92733876,-0.25271221,1.46062872,-0.06118740,-0.06723340,-0.02544269,0.09740229,0.05757473,0.02856807,-0.08214680,-0.19689897,-0.05059905,0.17307906,0.09096916,0.07115536,-0.21654583
8.110000,-0.11728076,-0.14289120,0.92832155,-0.25213184,1.46091798,-0.06201977,-0.06921832,-0.02595730,0.09916836,0.05850652,0.02928775,-0.08433433,-0.20005906,-0.05231787,0.18012195,0.09538217,0.07277255,-0.22093397
8.120000,-0.11798300,-0.14315341,0.92932236,-0.25154193,1.46121452,-0.06287423,-0.07123405,-0.02648895,0.10100444,0.05948226,0.03002335,-0.08656493,-0.20305908,-0.05400755,0.18707963,0.09975960,0.07433810,-0.22515802
8.130000,-0.11870554,-0.14342103,0.93034187,-0.25094205,1.46151850,-0.06375121,-0.07327895,-0.02703734,0.10290962,0.06050156,0.03077433,-0.08883692,-0.20589451,-0.05566482,0.19393824,0.10409250,0.07584930,-0.22921088
8.140000,-0.11944867,-0.14369421,0.93138078,-0.25033176,1.46183006,-0.06465110,-0.07535137,-0.02760213,0.10488283,0.06156393,0.03154015,-0.09114855,-0.20856085,-0.05728639,0.20068393,0.10837195,0.07730339,-0.23308548
8.150000,-0.12021265,-0.14397313,0.93243975,-0.24971063,1.46214935,-0.06557430,-0.07744959,-0.02818294,0.10692288,0.06266879,0.03232020,-0.09349801,-0.21105358,-0.05886900,0.20730283,0.11258901,0.07869765,-0.23677473
8.160000,-0.12099774,-0.14425793,0.93351945,-0.24907824,1.46247651,-0.06652118,-0.07957185,-0.02877937,0.10902842,0.06381547,0.03311389,-0.09588340,-0.21336819,-0.06040937,0.21378107,0.11673475,0.08002933,-0.24027154
8.170000,-0.12180417,-0.14454877,0.93462053,-0.24843418,1.46281167,-0.06749209,-0.08171635,-0.02939098,0.11119798,0.06500322,0.03392057,-0.09830278,-0.21550016,-0.06190423,0.22010481,0.12080024,0.08129572,-0.24356884
8.180000,-0.12263214,-0.14484579,0.93574362,-0.24777805,1.46315496,-0.06848734,-0.08388123,-0.03001729,0.11342995,0.06623118,0.03473958,-0.10075409,-0.21744499,-0.06335031,0.22626016,0.12477655,0.08249406,-0.24665955
8.190000,-0.12348185,-0.14514916,0.93688933,-0.24710943,1.46350650,-0.06950727,-0.08606461,-0.03065781,0.11572258,0.06749842,0.03557022,-0.10323525,-0.21919816,-0.06474434,0.23223328,0.12865473,0.08362164,-0.24953657
8.200000,-0.12435348,-0.14545900,0.93805827,-0.24642795,1.46386640,-0.07055214,-0.08826454,-0.03131199,0.11807397,0.06880392,0.03641177,-0.10574409,-0.22075516,-0.06608304,0.23801029,0.13242586,0.08467570,-0.25219282
8.210000,-0.12524719,-0.14577544,0.93925100,-0.24573323,1.46423477,-0.07162223,-0.09047904,-0.03197928,0.12048209,0.07014655,0.03726348,-0.10827835,-0.22211148,-0.06736314,0.24357735,0.13608100,0.08565352,-0.25462122
8.220000,-0.12616311,-0.14609862,0.94046809,-0.24502490,1.46461170,-0.07271779,-0.09270609,-0.03265905,0.12294477,0.07152512,0.03812457,-0.11083573,-0.22326260,-0.06858136,0.24892057,0.13961122,0.08655236,-0.25681469
8.230000,-0.12710135,-0.14642866,0.94171007,-0.24430261,1.46499729,-0.07383902,-0.09494359,-0.03335069,0.12545970,0.07293833,0.03899425,-0.11341384,-0.22420402,-0.06973444,0.25402611,0.14300759,0.08736949,-0.25876614
8.240000,-0.12806201,-0.14676567,0.94297745,-0.24356602,1.46539162,-0.07498612,-0.09718945,-0.03405351,0.12802445,0.07438480,0.03987168,-0.11601022,-0.22493122,-0.07081910,0.25888010,0.14626117,0.08810217,-0.26046850
8.250000,-0.12904516,-0.14710977,0.94427072,-0.24281481,1.46579475,-0.07615927,-0.09944149,-0.03476683,0.13063642,0.07586305,0.04075601,-0.11862235,-0.22543969,-0.07183206,0.26346867,0.14936303,0.08874767,-0.26191467
8.260000,-0.13005085,-0.14746104,0.94559033,-0.24204866,1.46620676,-0.07735861,-0.10169750,-0.03548990,0.13329289,0.07737152,0.04164634,-0.12124764,-0.22572492,-0.07277007,0.26777797,0.15230424,0.08930325,-0.26309757
8.270000,-0.13107911,-0.14781960,0.94693671,-0.24126728,1.46662769,-0.07858426,-0.10395523,-0.03622197,0.13599100,0.07890857,0.04254176,-0.12388340,-0.22578239,-0.07362983,0.27179414,0.15507586,0.08976618,-0.26401012
8.280000,-0.13212995,-0.14818551,0.94831028,-0.24047040,1.46705760,-0.07983631,-0.10621237,-0.03696223,0.13872775,0.08047244,0.04344134,-0.12652691,-0.22560760,-0.07440808,0.27550330,0.15766896,0.09013373,-0.26464523
8.290000,-0.13320335,-0.14855886,0.94971139,-0.23965775,1.46749653,-0.08111482,-0.10846659,-0.03770985,0.14150000,0.08206132,0.04434411,-0.12917536,-0.22519603,-0.07510155,0.27889160,0.16007461,0.09040315,-0.26499583
8.300000,-0.13429927,-0.14893973,0.95114038,-0.23882910,1.46794449,-0.08241982,-0.11071549,-0.03846397,0.14430447,0.08367328,0.04524907,-0.13182586,-0.22454316,-0.07570697,0.28194518,0.16228388,0.09057171,-0.26505483
8.310000,-0.13541764,-0.14932816,0.95259757,-0.23798421,1.46840151,-0.08375133,-0.11295664,-0.03922368,0.14713774,0.08530632,0.04615520,-0.13447546,-0.22364450,-0.07622105,0.28465017,0.16428782,0.09063669,-0.26481514
8.320000,-0.13655837,-0.14972422,0.95408322,-0.23712291,1.46886760,-0.08510932,-0.11518755,-0.03998807,0.14999626,0.08695832,0.04706145,-0.13712114,-0.22249552,-0.07664053,0.28699271,0.16607752,0.09059534,-0.26426968
8.330000,-0.13772134,-0.15012794,0.95559757,-0.23624499,1.46934274,-0.08649373,-0.11740570,-0.04075617,0.15287634,0.08862712,0.04796674,-0.13975981,-0.22109171,-0.07696214,0.28895894,0.16764402,0.09044492,-0.26341137
8.340000,-0.13890643,-0.15053935,0.95714081,-0.23535032,1.46982693,-0.08790448,-0.11960852,-0.04152698,0.15577414,0.09031043,0.04886997,-0.14238830,-0.21942856,-0.07718260,0.29053500,0.16897841,0.09018272,-0.26223312
8.350000,-0.14011345,-0.15095848,0.95871310,-0.23443874,1.47032013,-0.08934145,-0.12179339,-0.04229947,0.15868570,0.09200589,0.04977001,-0.14500338,-0.21750156,-0.07729863,0.29170702,0.17007174,0.08980598,-0.26072786
8.360000,-0.14134223,-0.15138534,0.96031455,-0.23351017,1.47082231,-0.09080449,-0.12395765,-0.04307259,0.16160689,0.09371103,0.05066570,-0.14760175,-0.21530620,-0.07730698,0.29246115,0.17091509,0.08931197,-0.25888849
8.370000,-0.14259253,-0.15181993,0.96194525,-0.23256450,1.47133343,-0.09229342,-0.12609860,-0.04384524,0.16453348,0.09542333,0.05155585,-0.15018002,-0.21283796,-0.07720435,0.29278351,0.17149952,0.08869797,-0.25670794
8.380000,-0.14386411,-0.15226224,0.96360523,-0.23160168,1.47185341,-0.09380801,-0.12821349,-0.04461630,0.16746107,0.09714013,0.05243925,-0.15273475,-0.21009234,-0.07698749,0.29266025,0.17181610,0.08796123,-0.25417911
8.390000,-0.14515670,-0.15271225,0.96529446,-0.23062169,1.47238218,-0.09534802,-0.13029951,-0.04538460,0.17038515,0.09885872,0.05331466,-0.15526241,-0.20706481,-0.07665311,0.29207751,0.17185589,0.08709902,-0.25129493
8.400000,-0.14647000,-0.15316992,0.96701290,-0.22962451,1.47291967,-0.09691316,-0.13235383,-0.04614896,0.17330105,0.10057630,0.05418081,-0.15775944,-0.20375087,-0.07619795,0.29102142,0.17160997,0.08610861,-0.24804832
8.410000,-0.14780366,-0.15363521,0.96876044,-0.22861018,1.47346576,-0.09850310,-0.13437356,-0.04690814,0.17620396,0.10228994,0.05503640,-0.16022215,-0.20014601,-0.07561873,0.28947811,0.17106939,0.08498726,-0.24443218
8.420000,-0.14915734,-0.15410806,0.97053692,-0.22757874,1.47402036,-0.10011748,-0.13635576,-0.04766091,0.17908894,0.10399667,0.05588011,-0.16264682,-0.19624571,-0.07491218,0.28743374,0.17022522,0.08373224,-0.24043945
8.430000,-0.15053064,-0.15458840,0.97234214,-0.22653028,1.47458332,-0.10175590,-0.13829747,-0.04840595,0.18195091,0.10569340,0.05671059,-0.16502966,-0.19204547,-0.07407503,0.28487443,0.16906854,0.08234080,-0.23606302
8.440000,-0.15192315,-0.15507615,0.97417585,-0.22546491,1.47515452,-0.10341792,-0.14019566,-0.04914196,0.18478467,0.10737697,0.05752646,-0.16736678,-0.18754076,-0.07310400,0.28178633,0.16759041,0.08081023,-0.23129582
8.450000,-0.15333440,-0.15557121,0.97603772,-0.22438279,1.47573380,-0.10510307,-0.14204726,-0.04986758,0.18758483,0.10904411,0.05832632,-0.16965425,-0.18272708,-0.07199582,0.27815557,0.16578189,0.07913777,-0.22613077
8.460000,-0.15476393,-0.15607346,0.97792741,-0.22328410,1.47632099,-0.10681082,-0.14384916,-0.05058141,0.19034592,0.11069148,0.05910873,-0.17188805,-0.17759992,-0.07074721,0.27396828,0.16363405,0.07732070,-0.22056078
8.470000,-0.15621121,-0.15658279,0.97984449,-0.22216904,1.47691591,-0.10854063,-0.14559820,-0.05128204,0.19306230,0.11231563,0.05987224,-0.17406409,-0.17215476,-0.06935491,0.26921062,0.16113796,0.07535629,-0.21457877
8.480000,-0.15767570,-0.15709905,0.98178849,-0.22103787,1.47751837,-0.11029190,-0.14729118,-0.05196802,0.19572819,0.11391305,0.06061536,-0.17617823,-0.16638709,-0.06781564,0.26386870,0.15828469,0.07324179,-0.20817765
8.490000,-0.15915684,-0.15762210,0.98375887,-0.21989088,1.47812814,-0.11206398,-0.14892485,-0.05263785,0.19833768,0.11548011,0.06133657,-0.17822622,-0.16029240,-0.06612613,0.25792868,0.15506530,0.07097447,-0.20135035
8.500000,-0.16065399,-0.15815175,0.98575504,-0.21872838,1.47874502,-0.11385619,-0.15049592,-0.05329003,0.20088472,0.11701310,0.06203433,-0.18020379,-0.15386617,-0.06428311,0.25137669,0.15147085,0.06855161,-0.19408977
8.510000,-0.16216653,-0.15868783,0.98777634,-0.21755074,1.47936875,-0.11566780,-0.15200105,-0.05392299,0.20336313,0.11850824,0.06270707,-0.18210655,-0.14710391,-0.06228330,0.24419887,0.14749242,0.06597045,-0.18638883
8.520000,-0.16369378,-0.15923014,0.98982205,-0.21635836,1.47999907,-0.11749806,-0.15343686,-0.05453516,0.20576656,0.11996164,0.06335320,-0.18393007,-0.14000108,-0.06012343,0.23638135,0.14312108,0.06322827,-0.17824046
8.530000,-0.16523503,-0.15977846,0.99189140,-0.21515166,1.48063572,-0.11934613,-0.15479992,-0.05512492,0.20808857,0.12136932,0.06397109,-0.18566985,-0.13255319,-0.05780023,0.22791027,0.13834788,0.06032234,-0.16963756
8.540000,-0.16678953,-0.16033256,0.99398353,-0.21393114,1.48127839,-0.12121116,-0.15608676,-0.05569061,0.21032255,0.12272723,0.06455909,-0.18732129,-0.12475571,-0.05531042,0.21877177,0.13316390,0.05724992,-0.16057306
8.550000,-0.16835650,-0.16089219,0.99609753,-0.21269730,1.48192679,-0.12309224,-0.15729386,-0.05623056,0.21246174,0.12403120,0.06511552,-0.18887974,-0.11660414,-0.05265073,0.20895199,0.12756020,0.05400827,-0.15103987
8.560000,-0.16993513,-0.16145708,0.99823242,-0.21145071,1.48258059,-0.12498843,-0.15841765,-0.05674305,0.21449927,0.12527700,0.06563868,-0.19034050,-0.10809396,-0.04981789,0.19843707,0.12152785,0.05059466,-0.14103090
8.570000,-0.17152456,-0.16202695,1.00038715,-0.21019197,1.48323945,-0.12689871,-0.15945453,-0.05722633,0.21642812,0.12646030,0.06612684,-0.19169875,-0.09922067,-0.04680863,0.18721314,0.11505792,0.04700635,-0.13053908
8.580000,-0.17312392,-0.16260150,1.00256060,-0.20892172,1.48390301,-0.12882204,-0.16040084,-0.05767862,0.21824112,0.12757667,0.06657822,-0.19294965,-0.08997975,-0.04361966,0.17526635,0.10814146,0.04324061,-0.11955732
8.590000,-0.17473226,-0.16318042,1.00475157,-0.20764067,1.48457089,-0.13075733,-0.16125290,-0.05809812,0.21993102,0.12862163,0.06699106,-0.19408827,-0.08037405,-0.04025103,0.16259588,0.10077752,0.03929811,-0.10808805
8.600000,-0.17634865,-0.16376335,1.00695879,-0.20634954,1.48524269,-0.13270342,-0.16200720,-0.05848308,0.22149078,0.12959083,0.06736364,-0.19510991,-0.07043356,-0.03671488,0.14924900,0.09299441,0.03519200,-0.09616871
8.610000,-0.17797207,-0.16434996,1.00918093,-0.20504912,1.48591802,-0.13465912,-0.16266057,-0.05883191,0.22291394,0.13048024,0.06769440,-0.19601029,-0.06019447,-0.03302617,0.13528402,0.08482720,0.03093832,-0.08384480
8.620000,-0.17960151,-0.16493986,1.01141659,-0.20374022,1.48659644,-0.13662321,-0.16321022,-0.05914315,0.22419460,0.13128621,0.06798196,-0.19678561,-0.04969301,-0.02919985,0.12075926,0.07631094,0.02655312,-0.07116182
8.630000,-0.18123592,-0.16553269,1.01366432,-0.20242369,1.48727751,-0.13859441,-0.16365368,-0.05941550,0.22532745,0.13200541,0.06822508,-0.19743248,-0.03896538,-0.02525087,0.10573303,0.06748070,0.02205243,-0.05816527
8.640000,-0.18287423,-0.16612804,1.01592263,-0.20110041,1.48796079,-0.14057142,-0.16398889,-0.05964781,0.22630778,0.13263489,0.06842268,-0.19794802,-0.02804780,-0.02119417,0.09026364,0.05837154,0.01745230,-0.04490063
8.650000,-0.18451533,-0.16672551,1.01818996,-0.19977130,1.48864581,-0.14255292,-0.16421412,-0.05983907,0.22713144,0.13317203,0.06857385,-0.19832975,-0.01697646,-0.01704471,0.07440941,0.04901852,0.01276875,-0.03141341
8.660000,-0.18615814,-0.16732468,1.02046472,-0.19843728,1.48933211,-0.14453756,-0.16432803,-0.05998844,0.22779488,0.13361457,0.06867783,-0.19857570,-0.00578760,-0.01281744,0.05822864,0.03945670,0.00801783,-0.01774911
8.670000,-0.18780152,-0.16792514,1.02274531,-0.19709933,1.49001921,-0.14652398,-0.16432960,-0.06009521,0.22829512,0.13396059,0.06873403,-0.19868430,0.00548259,-0.00852731,0.04177966,0.02972114,0.00321559,-0.00395322
8.680000,-0.18944435,-0.16852644,1.02503007,-0.19575840,1.49070663,-0.14851079,-0.16421822,-0.06015883,0.22862978,0.13420853,0.06874203,-0.19865447,0.01679789,-0.00418927,0.02512078,0.01984690,-0.00162196,0.00992877
8.690000,-0.19108551,-0.16912817,1.02731735,-0.19441549,1.49139389,-0.15049660,-0.16399362,-0.06017889,0.22879703,0.13435718,0.06870153,-0.19848559,0.02812210,0.00018173,0.00831031,0.00986905,-0.00647875,0.02385135
8.700000,-0.19272385,-0.16972988,1.02960545,-0.19307159,1.49208050,-0.15248004,-0.16365587,-0.06015513,0.22879567,0.13440568,0.06861244,-0.19817746,0.03941900,0.00457074,-0.00859344,-0.00017735,-0.01133876,0.03776903
8.710000,-0.19435825,-0.17033112,1.03189270,-0.19172771,1.49276597,-0.15445969,-0.16320545,-0.06008746,0.22862505,0.13435352,0.06847480,-0.19773037,0.05065238,0.00896281,-0.02553215,-0.01025725,-0.01618594,0.05163631
8.720000,-0.19598758,-0.17093148,1.03417739,-0.19038485,1.49344983,-0.15643418,-0.16264316,-0.05997592,0.22828511,0.13420054,0.06828882,-0.19714506,0.06178603,0.01334298,-0.04244751,-0.02033558,-0.02100426,0.06540770
8.730000,-0.19761074,-0.17153050,1.03645784,-0.18904403,1.49413159,-0.15840213,-0.16197018,-0.05982069,0.22777637,0.13394693,0.06805486,-0.19642269,0.07278374,0.01769632,-0.05928120,-0.03037728,-0.02577768,0.07903770
8.740000,-0.19922662,-0.17212775,1.03873236,-0.18770625,1.49481077,-0.16036218,-0.16118806,-0.05962213,0.22709995,0.13359323,0.06777347,-0.19556492,0.08360930,0.02200786,-0.07597492,-0.04034730,-0.03049015,0.09248081
8.750000,-0.20083415,-0.17272280,1.04099928,-0.18637250,1.49548690,-0.16231299,-0.16029869,-0.05938072,0.22625753,0.13314034,0.06744532,-0.19457385,0.09422650,0.02626267,-0.09247034,-0.05021055,-0.03512565,0.10569153
8.760000,-0.20243225,-0.17331522,1.04325696,-0.18504377,1.49615952,-0.16425323,-0.15930434,-0.05909712,0.22525140,0.13258950,0.06707126,-0.19345202,0.10459913,0.03044578,-0.10870916,-0.05993200,-0.03966812,0.11862438
8.770000,-0.20401989,-0.17390460,1.04550377,-0.18372103,1.49682818,-0.16618160,-0.15820764,-0.05877210,0.22408440,0.13194229,0.06665232,-0.19220244,0.11469097,0.03454224,-0.12463307,-0.06947657,-0.04410154,0.13123385
8.780000,-0.20559607,-0.17449053,1.04773813,-0.18240524,1.49749242,-0.16809686,-0.15701158,-0.05840661,0.22275998,0.13120067,0.06618965,-0.19082857,0.12446582,0.03853712,-0.14018374,-0.07880921,-0.04840986,0.14347445
8.790000,-0.20715980,-0.17507260,1.04995846,-0.18109732,1.49815183,-0.16999777,-0.15571950,-0.05800174,0.22128216,0.13036693,0.06568459,-0.18933433,0.13388746,0.04241545,-0.15530286,-0.08789485,-0.05257704,0.15530067
8.800000,-0.20871015,-0.17565044,1.05216327,-0.17979820,1.49880598,-0.17188316,-0.15433513,-0.05755874,0.21965556,0.12944371,0.06513863,-0.18772409,0.14291970,0.04616229,-0.16993213,-0.09669843,-0.05658705,0.16666703
8.810000,-0.21024621,-0.17622365,1.05435110,-0.17850874,1.49945447,-0.17375188,-0.15286253,-0.05707899,0.21788535,0.12843402,0.06455343,-0.18600268,0.15152630,0.04976268,-0.18401322,-0.10518489,-0.06042384,0.17752803
8.820000,-0.21176712,-0.17679190,1.05652052,-0.17722980,1.50009692,-0.17560286,-0.15130614,-0.05656402,0.21597731,0.12734119,0.06393079,-0.18417537,0.15967107,0.05320168,-0.19748783,-0.11331917,-0.06407138,0.18783816
8.830000,-0.21327207,-0.17735482,1.05867020,-0.17596218,1.50073297,-0.17743506,-0.14967077,-0.05601554,0.21393781,0.12616893,0.06327268,-0.18224790,0.16731779,0.05646433,-0.21029763,-0.12106621,-0.06751363,0.19755194
8.840000,-0.21476029,-0.17791210,1.06079886,-0.17470667,1.50136227,-0.17924751,-0.14796157,-0.05543537,0.21177377,0.12492127,0.06258125,-0.18022647,0.17443026,0.05953569,-0.22238433,-0.12839095,-0.07073455,0.20662386
8.850000,-0.21623107,-0.17846343,1.06290529,-0.17346399,1.50198449,-0.18103930,-0.14618406,-0.05482551,0.20949273,0.12360263,0.06185878,-0.17811772,0.18097225,0.06240080,-0.23368960,-0.13525832,-0.07371809,0.21500844
8.860000,-0.21768376,-0.17900852,1.06498835,-0.17223484,1.50259935,-0.18280959,-0.14434414,-0.05418810,0.20710278,0.12221775,0.06110774,-0.17592874,0.18690757,0.06504472,-0.24415512,-0.14163327,-0.07644823,0.22266017
8.870000,-0.21911777,-0.17954711,1.06704701,-0.17101984,1.50320656,-0.18455763,-0.14244806,-0.05352541,0.20461262,0.12077172,0.06033072,-0.17366711,0.19220000,0.06745249,-0.25372260,-0.14748073,-0.07890891,0.22953355
8.880000,-0.22053256,-0.18007895,1.06908030,-0.16981959,1.50380588,-0.18628272,-0.14050241,-0.05283988,0.20203151,0.11927001,0.05953051,-0.17134082,0.19681332,0.06960916,-0.26233371,-0.15276565,-0.08108411,0.23558310
8.890000,-0.22192768,-0.18060384,1.07108737,-0.16863461,1.50439710,-0.18798426,-0.13851417,-0.05213411,0.19936932,0.11771840,0.05871004,-0.16895834,0.20071134,0.07149978,-0.26993013,-0.15745295,-0.08295779,0.24076330
8.900000,-0.22330273,-0.18112158,1.07306745,-0.16746537,1.50498003,-0.18966173,-0.13649069,-0.05141082,0.19663649,0.11612306,0.05787241,-0.16652860,0.20385783,0.07310941,-0.27645357,-0.16150759,-0.08451390,0.24502868
8.910000,-0.22465740,-0.18163201,1.07501990,-0.16631227,1.50555450,-0.19131470,-0.13443964,-0.05067291,0.19384402,0.11449048,0.05702087,-0.16406097,0.20621659,0.07442309,-0.28184569,-0.16489449,-0.08573640,0.24833372
8.920000,-0.22599145,-0.18213500,1.07694417,-0.16517566,1.50612041,-0.19294285,-0.13236910,-0.04992340,0.19100354,0.11282751,0.05615885,-0.16156528,0.20775141,0.07542588,-0.28604820,-0.16757860,-0.08660926,0.25063294
8.930000,-0.22730474,-0.18263045,1.07883985,-0.16405580,1.50667766,-0.19454595,-0.13028748,-0.04916548,0.18812722,0.11114136,0.05528991,-0.15905182,0.20842607,0.07610281,-0.28900277,-0.16952486,-0.08711644,0.25188084
8.940000,-0.22859720,-0.18311829,1.08070664,-0.16295288,1.50722620,-0.19612387,-0.12820357,-0.04840248,0.18522784,0.10943959,0.05441779,-0.15653132,0.20820437,0.07643895,-0.29065109,-0.17069820,-0.08724189,0.25203191
8.950000,-0.22986884,-0.18359849,1.08254438,-0.16186703,1.50776602,-0.19767659,-0.12612650,-0.04763788,0.18231875,0.10773009,0.05354640,-0.15401499,0.20705009,0.07641933,-0.29093485,-0.17106357,-0.08696959,0.25104067
8.960000,-0.23111978,-0.18407105,1.08435303,-0.16079828,1.50829714,-0.19920422,-0.12406580,-0.04687533,0.17941388,0.10602113,0.05267978,-0.15151446,0.20492703,0.07602902,-0.28979573,-0.17058590,-0.08628349,0.24886162
8.970000,-0.23235024,-0.18453602,1.08613272,-0.15974658,1.50881964,-0.20070697,-0.12203131,-0.04611859,0.17652777,0.10432130,0.05182216,-0.14904186,0.20179897,0.07525305,-0.28717543,-0.16923013,-0.08516755,0.24544926
8.980000,-0.23356053,-0.18499346,1.08788370,-0.15871179,1.50933363,-0.20218519,-0.12003329,-0.04537160,0.17367551,0.10263957,0.05097792,-0.14660974,0.19762970,0.07407649,-0.28301562,-0.16696120,-0.08360573,0.24075809
8.990000,-0.23475106,-0.18544350,1.08960639,-0.15769369,1.50983926,-0.20363935,-0.11808231,-0.04463844,0.17087278,0.10098524,0.05015158,-0.14423112,0.19238302,0.07248438,-0.27725800,-0.16374405,-0.08158199,0.23474261
9.000000,-0.23592237,-0.18588629,1.09130137,-0.15669196,1.51033674,-0.20507004,-0.11618934,-0.04392335,0.16813587,0.09936797,0.04934787,-0.14191946,0.18602270,0.07046176,-0.26984425,-0.15954362,-0.07908030,0.22735734
9.010000,-0.23707508,-0.18632204,1.09296938,-0.15570618,1.51082631,-0.20647800,-0.11436569,-0.04323069,0.16548161,0.09779776,0.04857163,-0.13968869,0.17851255,0.06799370,-0.26071606,-0.15432484,-0.07608462,0.21855677
9.020000,-0.23820995,-0.18675099,1.09461134,-0.15473582,1.51130828,-0.20786413,-0.11262304,-0.04256501,0.16292746,0.09628498,0.04782788,-0.13755319,0.16981634,0.06506523,-0.24981511,-0.14805266,-0.07257890,0.20829541
9.030000,-0.23932785,-0.18717344,1.09622833,-0.15378025,1.51178299,-0.20922943,-0.11097344,-0.04193097,0.16049141,0.09484034,0.04712180,-0.13552780,0.15989788,0.06166141,-0.23708309,-0.14069201,-0.06854711,0.19652776
9.040000,-0.24042977,-0.18758973,1.09782162,-0.15283875,1.51225086,-0.21057510,-0.10942928,-0.04133342,0.15819209,0.09347489,0.04645874,-0.13362781,0.14872094,0.05776728,-0.22246169,-0.13220784,-0.06397321,0.18320832
9.050000,-0.24151683,-0.18800025,1.09939269,-0.15191045,1.51271233,-0.21190246,-0.10800333,-0.04077731,0.15604867,0.09220004,0.04584420,-0.13186896,0.13624932,0.05336791,-0.20589259,-0.12256507,-0.05884116,0.16829160
9.060000,-0.24259028,-0.18840543,1.10094318,-0.15099440,1.51316792,-0.21321301,-0.10670872,-0.04026779,0.15408091,0.09102755,0.04528383,-0.13026744,0.12245400,0.04845113,-0.18732827,-0.11173507,-0.05313801,0.15174097
9.070000,-0.24365149,-0.18880578,1.10247496,-0.15008952,1.51361820,-0.21450839,-0.10555850,-0.03980995,0.15230853,0.08996916,0.04478327,-0.12883939,0.10738422,0.04303524,-0.16683847,-0.09975891,-0.04688452,0.13361626
9.080000,-0.24470197,-0.18920182,1.10399007,-0.14919460,1.51406380,-0.21579042,-0.10456496,-0.03940862,0.15075008,0.08903592,0.04434783,-0.12759996,0.09113727,0.03715723,-0.14456497,-0.08672046,-0.04012212,0.11403649
9.090000,-0.24574335,-0.18959415,1.10549073,-0.14830835,1.51450539,-0.21706106,-0.10373936,-0.03906823,0.14942270,0.08823801,0.04398239,-0.12656311,0.07381113,0.03085435,-0.12065056,-0.07270422,-0.03289252,0.09312157
9.100000,-0.24677735,-0.18998340,1.10697934,-0.14742936,1.51494370,-0.21832240,-0.10309200,-0.03879283,0.14834207,0.08758481,0.04369140,-0.12574158,0.05550378,0.02416387,-0.09523806,-0.05779471,-0.02523746,0.07099140
9.110000,-0.24780581,-0.19037024,1.10845844,-0.14655614,1.51537948,-0.21957665,-0.10263222,-0.03858612,0.14752245,0.08708481,0.04347892,-0.12514693,0.03631320,0.01712303,-0.06847027,-0.04207641,-0.01719867,0.04776587
9.120000,-0.24883065,-0.19075536,1.10993070,-0.14568713,1.51581355,-0.22082613,-0.10236836,-0.03845141,0.14697670,0.08674569,0.04334857,-0.12478951,0.01633737,0.00976911,-0.04049000,-0.02563384,-0.00881788,0.02356488
9.130000,-0.24985386,-0.19113952,1.11139893,-0.14482067,1.51624674,-0.22207326,-0.10230777,-0.03839165,0.14671622,0.08657427,0.04330356,-0.12467849,-0.00432573,0.00213935,-0.01144005,-0.00855149,-0.00013681,-0.00149166
9.140000,-0.25087750,-0.19152346,1.11286601,-0.14395506,1.51667992,-0.22332055,-0.10245684,-0.03840942,0.14675099,0.08657652,0.04334669,-0.12482180,-0.02557810,-0.00572899,0.01853677,0.00908614,0.00880281,-0.02728387
9.150000,-0.25190371,-0.19190797,1.11433496,-0.14308854,1.51711397,-0.22457057,-0.10282097,-0.03850690,0.14708957,0.08675756,0.04348034,-0.12522622,-0.04732178,-0.01379865,0.04929764,0.02719454,0.01795925,-0.05369184
9.160000,-0.25293465,-0.19229387,1.11580884,-0.14221930,1.51754983,-0.22582596,-0.10340458,-0.03868594,0.14773908,0.08712169,0.04370646,-0.12589729,-0.06945879,-0.02203238,0.08069978,0.04568921,0.02729077,-0.08059568
9.170000,-0.25397255,-0.19268197,1.11729080,-0.14134549,1.51798842,-0.22708942,-0.10421113,-0.03894797,0.14870523,0.08767235,0.04402660,-0.12683938,-0.09189113,-0.03039290,0.11260036,0.06448565,0.03675567,-0.10787549
9.180000,-0.25501963,-0.19307311,1.11878402,-0.14046522,1.51843068,-0.22836366,-0.10524306,-0.03929409,0.14999227,0.08841213,0.04444188,-0.12805565,-0.11452083,-0.03884297,0.14485658,0.08349936,0.04631219,-0.13541136
9.190000,-0.25607816,-0.19346813,1.12029172,-0.13957661,1.51887757,-0.22965145,-0.10650187,-0.03972501,0.15160307,0.08934278,0.04495301,-0.12954806,-0.13724990,-0.04734534,0.17732564,0.10264584,0.05591862,-0.16308341
9.200000,-0.25715042,-0.19386789,1.12181716,-0.13867773,1.51933006,-0.23095555,-0.10798807,-0.04024105,0.15353902,0.09046521,0.04556028,-0.13131738,-0.15998037,-0.05586273,0.20986473,0.12184059,0.06553323,-0.19077173
9.210000,-0.25823868,-0.19427324,1.12336359,-0.13776667,1.51978910,-0.23227872,-0.10970116,-0.04084219,0.15580012,0.09177947,0.04626356,-0.13336315,-0.18261425,-0.06435790,0.24233104,0.14099910,0.07511429,-0.21835643
9.220000,-0.25934520,-0.19468502,1.12493424,-0.13684150,1.52025565,-0.23362373,-0.11163970,-0.04152801,0.15838492,0.09328479,0.04706231,-0.13568376,-0.20505357,-0.07279358,0.27458176,0.16003687,0.08462006,-0.24571761
9.230000,-0.26047222,-0.19510408,1.12653235,-0.13590034,1.52073066,-0.23499330,-0.11380126,-0.04229774,0.16129056,0.09497953,0.04795557,-0.13827636,-0.22720033,-0.08113253,0.30647409,0.17886940,0.09400883,-0.27273537
9.240000,-0.26162195,-0.19553125,1.12816111,-0.13494129,1.52121507,-0.23639015,-0.11618241,-0.04315022,0.16451273,0.09686121,0.04894196,-0.14113692,-0.24895656,-0.08933747,0.33786523,0.19741219,0.10323887,-0.29928981
9.250000,-0.26279658,-0.19596735,1.12982365,-0.13396250,1.52170981,-0.23781692,-0.11877876,-0.04408392,0.16804572,0.09892652,0.05001968,-0.14426021,-0.27022428,-0.09737116,0.36861235,0.21558075,0.11226844,-0.32526103
9.260000,-0.26399823,-0.19641319,1.13152304,-0.13296216,1.52221576,-0.23927621,-0.12158494,-0.04509694,0.17188236,0.10117130,0.05118652,-0.14763980,-0.29090551,-0.10519634,0.39857267,0.23329055,0.12105582,-0.35052914
9.270000,-0.26522896,-0.19686955,1.13326228,-0.13193850,1.52273382,-0.24077054,-0.12459459,-0.04618702,0.17601407,0.10359052,0.05243985,-0.15126805,-0.31090225,-0.11277574,0.42760337,0.25045711,0.12955928,-0.37497424
9.280000,-0.26649078,-0.19733718,1.13504427,-0.13088979,1.52326484,-0.24230237,-0.12780037,-0.04735152,0.18043085,0.10617835,0.05377662,-0.15513614,-0.33011654,-0.12007212,0.45556164,0.26699593,0.13773708,-0.39847643
9.290000,-0.26778559,-0.19781681,1.13687181,-0.12981439,1.52380962,-0.24387403,-0.13119398,-0.04858740,0.18512125,0.10892807,0.05519337,-0.15923404,-0.34845039,-0.12704821,0.48230467,0.28282250,0.14554751,-0.42091581
9.300000,-0.26911525,-0.19830915,1.13874756,-0.12871071,1.52436896,-0.24548778,-0.13476612,-0.04989129,0.19007242,0.11183214,0.05668621,-0.16355051,-0.36580582,-0.13366675,0.50768967,0.29785232,0.15294884,-0.44217249
9.310000,-0.27048148,-0.19881485,1.14067408,-0.12757726,1.52494359,-0.24714573,-0.13850651,-0.05125942,0.19527005,0.11488218,0.05825084,-0.16807315,-0.38208484,-0.13989050,0.53157383,0.31200088,0.15989933,-0.46212657
9.320000,-0.27188590,-0.19933454,1.14265373,-0.12641261,1.52553420,-0.24884988,-0.14240390,-0.05268766,0.20069842,0.11806894,0.05988255,-0.17278830,-0.39718948,-0.14568218,0.55381433,0.32518369,0.16635726,-0.48065814
9.330000,-0.27333004,-0.19986879,1.14468876,-0.12521546,1.52614144,-0.25060209,-0.14644606,-0.05417150,0.20634038,0.12138235,0.06157621,-0.17768117,-0.41102176,-0.15100455,0.57426837,0.33731625,0.17228089,-0.49764732
9.340000,-0.27481526,-0.20041814,1.14678119,-0.12398458,1.52676591,-0.25240404,-0.15061977,-0.05570606,0.21217735,0.12481148,0.06332625,-0.18273571,-0.42348368,-0.15582034,0.59279314,0.34831406,0.17762851,-0.51297419
9.350000,-0.27634283,-0.20098307,1.14893289,-0.12271888,1.52740814,-0.25425728,-0.15491084,-0.05728609,0.21818933,0.12834457,0.06512672,-0.18793471,-0.43447728,-0.16009230,0.60924584,0.35809260,0.18235838,-0.52651888
9.360000,-0.27791382,-0.20156400,1.15114549,-0.12141738,1.52806859,-0.25616316,-0.15930410,-0.05890597,0.22435489,0.13196899,0.06697122,-0.19325975,-0.44390457,-0.16378317,0.62348367,0.36656739,0.18642878,-0.53816147
9.370000,-0.27952919,-0.20216130,1.15342042,-0.12007924,1.52874769,-0.25812283,-0.16378338,-0.06055969,0.23065115,0.13567129,0.06885296,-0.19869120,-0.45166756,-0.16685570,0.63536380,0.37365391,0.18979797,-0.54778207
9.380000,-0.28118972,-0.20277528,1.15575887,-0.11870375,1.52944575,-0.26013727,-0.16833157,-0.06224090,0.23705383,0.13943716,0.07076470,-0.20420825,-0.45766828,-0.16927262,0.64474344,0.37926767,0.19242422,-0.55526078
9.390000,-0.28289599,-0.20340619,1.15816177,-0.11729034,1.53016306,-0.26220721,-0.17293055,-0.06394284,0.24353720,0.14325145,0.07269883,-0.20978888,-0.46180875,-0.17099667,0.65147979,0.38332417,0.19426582,-0.56047770
9.400000,-0.28464844,-0.20405418,1.16062979,-0.11583861,1.53089978,-0.26433318,-0.17756122,-0.06565840,0.25007414,0.14709817,0.07464727,-0.21540986,-0.46399097,-0.17199061,0.65543002,0.38573891,0.19528103,-0.56331294
9.410000,-0.28644726,-0.20471937,1.16316333,-0.11434832,1.53165602,-0.26651546,-0.18220351,-0.06738009,0.25663604,0.15096047,0.07660155,-0.22104680,-0.46411698,-0.17221717,0.65645135,0.38642737,0.19542812,-0.56364660
9.420000,-0.28829247,-0.20540178,1.16576249,-0.11281941,1.53243180,-0.26875408,-0.18683638,-0.06910006,0.26319292,0.15482068,0.07855280,-0.22667406,-0.46208879,-0.17163909,0.65440095,0.38530507,0.19466536,-0.56135878
9.430000,-0.29018388,-0.20610134,1.16842707,-0.11125198,1.53322703,-0.27104882,-0.19143778,-0.07081007,0.26971335,0.15866026,0.08049169,-0.23226483,-0.45780841,-0.17021912,0.64913603,0.38228750,0.19295103,-0.55632957
9.440000,-0.29212105,-0.20681792,1.17115653,-0.10964634,1.53404156,-0.27339917,-0.19598471,-0.07250151,0.27616445,0.16245983,0.08240851,-0.23779111,-0.45117788,-0.16792000,0.64051377,0.37729015,0.19024339,-0.54843910
9.450000,-0.29410331,-0.20755128,1.17395001,-0.10800298,1.53487510,-0.27580433,-0.20045318,-0.07416541,0.28251195,0.16619918,0.08429311,-0.24322368,-0.44209919,-0.16470448,0.62839137,0.37022854,0.18650073,-0.53756744
9.460000,-0.29612977,-0.20830110,1.17680630,-0.10632262,1.53572728,-0.27826323,-0.20481821,-0.07579242,0.28872014,0.16985724,0.08613493,-0.24853212,-0.43047438,-0.16053528,0.61262603,0.36101814,0.18168130,-0.52359472
9.470000,-0.29819925,-0.20906697,1.17972383,-0.10460618,1.53659762,-0.28077445,-0.20905385,-0.07737281,0.29475186,0.17341210,0.08792300,-0.25368484,-0.41620547,-0.15537517,0.59307493,0.34957447,0.17574339,-0.50640103
9.480000,-0.30031032,-0.20984837,1.18270063,-0.10285480,1.53748552,-0.28333629,-0.21313318,-0.07889650,0.30056854,0.17684100,0.08964593,-0.25864901,-0.39919446,-0.14918687,0.56959527,0.33581303,0.16864526,-0.48586646
9.490000,-0.30246130,-0.21064468,1.18573435,-0.10106986,1.53839028,-0.28594669,-0.21702828,-0.08035300,0.30613019,0.18012035,0.09129190,-0.26339063,-0.37934338,-0.14193314,0.54204425,0.31964930,0.16034519,-0.46187114
9.500000,-0.30465018,-0.21145517,1.18882224,-0.09925297,1.53931106,-0.28860325,-0.22071025,-0.08173148,0.31139538,0.18322570,0.09284869,-0.26787450,-0.35655425,-0.13357671,0.51027905,0.30099879,0.15080145,-0.43429514
9.510000,-0.30687469,-0.21227901,1.19196112,-0.09740601,1.54024691,-0.29130320,-0.22414924,-0.08302073,0.31632125,0.18613176,0.09430365,-0.27206420,-0.33072908,-0.12408032,0.47415687,0.27977700,0.13997230,-0.40301859
9.520000,-0.30913225,-0.21311525,1.19514739,-0.09553109,1.54119675,-0.29404343,-0.22731439,-0.08420917,0.32086352,0.18881239,0.09564371,-0.27592213,-0.30176989,-0.11340673,0.43353490,0.25589943,0.12781602,-0.36792158
9.530000,-0.31141996,-0.21396282,1.19837696,-0.09363060,1.54215936,-0.29682041,-0.23017387,-0.08528482,0.32497647,0.19124061,0.09685541,-0.27940950,-0.26958125,-0.10151961,0.38827398,0.22928372,0.11429196,-0.32888730
9.540000,-0.31373460,-0.21482053,1.20164533,-0.09170721,1.54313339,-0.29963025,-0.23269537,-0.08623556,0.32861371,0.19338904,0.09792504,-0.28248691,-0.23421023,-0.08843620,0.33843949,0.19996823,0.09941981,-0.28597268
9.550000,-0.31607264,-0.21568708,1.20494751,-0.08976384,1.54411734,-0.30246866,-0.23484834,-0.08704989,0.33173127,0.19523171,0.09883968,-0.28511708,-0.19591947,-0.07425463,0.28440614,0.16817389,0.08331052,-0.23949737
9.560000,-0.31843025,-0.21656104,1.20827809,-0.08780367,1.54510962,-0.30533099,-0.23660497,-0.08771734,0.33428917,0.19674504,0.09958753,-0.28726612,-0.15498952,-0.05907977,0.22657436,0.13413677,0.06608261,-0.18980284
9.570000,-0.32080333,-0.21744090,1.21163130,-0.08583011,1.54610850,-0.30821227,-0.23794027,-0.08822852,0.33625143,0.19790776,0.10015800,-0.28890355,-0.11170091,-0.04301649,0.16534456,0.09809296,0.04785464,-0.13723059
9.580000,-0.32318757,-0.21832506,1.21500103,-0.08384675,1.54711216,-0.31110726,-0.23883206,-0.08857506,0.33758607,0.19870099,0.10054168,-0.29000228,-0.06633421,-0.02616968,0.10111718,0.06027856,0.02874512,-0.08212211
9.590000,-0.32557843,-0.21921183,1.21838084,-0.08185738,1.54811869,-0.31401044,-0.23926096,-0.08874965,0.33826511,0.19910822,0.10073036,-0.29053867,-0.01916995,-0.00864419,0.03429265,0.02092966,0.00887260,-0.02481887
9.600000,-0.32797119,-0.22009946,1.22176406,-0.07986592,1.54912609,-0.31691609,-0.23921040,-0.08874603,0.33826460,0.19911526,0.10071698,-0.29049248,0.02951130,0.00945509,-0.03472861,-0.01971765,-0.01164438,0.03433763
9.610000,-0.33036100,-0.22098614,1.22514380,-0.07787644,1.55013233,-0.31981830,-0.23866661,-0.08855899,0.33756455,0.19871032,0.10049571,-0.28984688,0.07942901,0.02802329,-0.10554618,-0.06142729,-0.03268730,0.09500590
9.620000,-0.33274285,-0.22187001,1.22851297,-0.07589312,1.55113530,-0.32271099,-0.23761863,-0.08818435,0.33614902,0.19788396,0.10006188,-0.28858846,0.13030262,0.04695555,-0.17775962,-0.10396317,-0.05413761,0.15684446
9.630000,-0.33511166,-0.22274919,1.23186435,-0.07392019,1.55213285,-0.32558799,-0.23605831,-0.08761901,0.33400604,0.19662909,0.09941200,-0.28670723,0.18185159,0.06614698,-0.25096851,-0.14708919,-0.07587678,0.21951182
9.640000,-0.33746229,-0.22362175,1.23519064,-0.07196198,1.55312281,-0.32844303,-0.23398029,-0.08686090,0.33112767,0.19494100,0.09854378,-0.28419660,0.23379535,0.08549272,-0.32477242,-0.19056927,-0.09778628,0.28266649
9.650000,-0.33978953,-0.22448576,1.23848444,-0.07002283,1.55410299,-0.33126981,-0.23138202,-0.08590899,0.32750995,0.19281731,0.09745610,-0.28105341,0.28585338,0.10488789,-0.39877093,-0.23416731,-0.11974757,0.34596699
9.660000,-0.34208819,-0.22533928,1.24173837,-0.06810709,1.55507120,-0.33406199,-0.22826377,-0.08476332,0.32315294,0.19025804,0.09614905,-0.27727791,0.33774511,0.12422762,-0.47256361,-0.27764723,-0.14164211,0.40907183
9.670000,-0.34435308,-0.22618039,1.24494505,-0.06621911,1.55602525,-0.33681327,-0.22462861,-0.08342497,0.31806069,0.18726555,0.09462388,-0.27287377,0.38919000,0.14340703,-0.54575004,-0.32077293,-0.16335138,0.47163952
9.680000,-0.34657906,-0.22700715,1.24809716,-0.06436321,1.55696296,-0.33951740,-0.22048240,-0.08189607,0.31224129,0.18384455,0.09288303,-0.26784805,0.43990750,0.16232126,-0.61792978,-0.36330833,-0.18475682,0.53332858
9.690000,-0.34876106,-0.22781768,1.25118749,-0.06254362,1.55788220,-0.34216820,-0.21583382,-0.08017978,0.30570679,0.18000214,0.09093015,-0.26221126,0.48961706,0.18086543,-0.68870241,-0.40501734,-0.20573992,0.59379751
9.700000,-0.35089410,-0.22861013,1.25420897,-0.06076454,1.55878087,-0.34475963,-0.21069435,-0.07828034,0.29847327,0.17574775,0.08877004,-0.25597731,0.53803813,0.19893467,-0.75766750,-0.44566386,-0.22618212,0.65270484
9.710000,-0.35297335,-0.22938270,1.25715469,-0.05903000,1.55965693,-0.34728581,-0.20507829,-0.07620302,0.29056080,0.17109319,0.08640870,-0.24916351,0.58489016,0.21642411,-0.82442463,-0.48501182,-0.24596491,0.70970906
9.720000,-0.35499413,-0.23013362,1.26001800,-0.05734396,1.56050840,-0.34974104,-0.19900271,-0.07395414,0.28199347,0.16605263,0.08385333,-0.24179061,0.62989261,0.23322887,-0.88857337,-0.52282511,-0.26496973,0.76446871
9.730000,-0.35695194,-0.23086123,1.26279247,-0.05571018,1.56133338,-0.35211984,-0.19248753,-0.07154108,0.27279936,0.16064259,0.08111230,-0.23388276,0.67276492,0.24924408,-0.94971330,-0.55886764,-0.28307807,0.81664228
9.740000,-0.35884249,-0.23156392,1.26547200,-0.05413228,1.56213006,-0.35441700,-0.18555545,-0.06897224,0.26301057,0.15488196,0.07819516,-0.22546752,0.71322655,0.26436486,-1.00744398,-0.59290334,-0.30017137,0.86588830
9.750000,-0.36066175,-0.23224019,1.26805082,-0.05261364,1.56289673,-0.35662760,-0.17823197,-0.06625711,0.25266318,0.14879200,0.07511265,-0.21657589,0.75099694,0.27848635,-1.06136500,-0.62469610,-0.31613111,0.91186527
9.760000,-0.36240592,-0.23288861,1.27052354,-0.05115746,1.56363180,-0.35874704,-0.17054542,-0.06340620,0.24179730,0.14239630,0.07187671,-0.20724225,0.78579555,0.29150368,-1.11107591,-0.65400985,-0.33083875,0.95423171
9.770000,-0.36407155,-0.23350790,1.27288519,-0.04976665,1.56433380,-0.36077110,-0.16252690,-0.06043107,0.23045703,0.13572085,0.06850044,-0.19750443,0.81734182,0.30331196,-1.15617631,-0.68060848,-0.34417575,0.99264613
9.780000,-0.36565547,-0.23409686,1.27513126,-0.04844388,1.56500139,-0.36269592,-0.15421036,-0.05734434,0.21869048,0.12879397,0.06499816,-0.18740364,0.84535522,0.31380633,-1.19626575,-0.70425591,-0.35602358,1.02676704
9.790000,-0.36715488,-0.23465446,1.27725775,-0.04719150,1.56563339,-0.36451811,-0.14563251,-0.05415967,0.20654975,0.12164636,0.06138533,-0.17698453,0.86955519,0.32288192,-1.23094382,-0.72471605,-0.36626371,1.05625296
9.800000,-0.36856738,-0.23517978,1.27926119,-0.04601158,1.56622878,-0.36623471,-0.13683290,-0.05089178,0.19409097,0.11431106,0.05767864,-0.16629517,0.88966117,0.33043384,-1.25981009,-0.74175281,-0.37477760,1.08076240
9.810000,-0.36989094,-0.23567207,1.28113871,-0.04490579,1.56678671,-0.36784328,-0.12785387,-0.04755642,0.18137426,0.10682350,0.05389593,-0.15538701,0.90539264,0.33635724,-1.28246413,-0.75513010,-0.38144670,1.09995387
9.820000,-0.37112401,-0.23613074,1.28288803,-0.04387549,1.56730651,-0.36934191,-0.11874056,-0.04417041,0.16846373,0.09922145,0.05005625,-0.14431496,0.91646902,0.34054723,-1.29850551,-0.76461183,-0.38615250,1.11348588
9.830000,-0.37226547,-0.23655537,1.28450756,-0.04292161,1.56778771,-0.37072923,-0.10954094,-0.04075160,0.15542753,0.09154504,0.04617982,-0.13313730,0.92260978,0.34289894,-1.30753381,-0.76996191,-0.38877645,1.12101696
9.840000,-0.37331471,-0.23694572,1.28599640,-0.04204469,1.56823006,-0.37200451,-0.10030576,-0.03731891,0.14233777,0.08383677,0.04228805,-0.12191576,0.92353436,0.34330750,-1.30914860,-0.77094426,-0.38920001,1.12220560
9.850000,-0.37427164,-0.23730177,1.28735439,-0.04124483,1.56863350,-0.37316762,-0.09108858,-0.03389228,0.12927060,0.07614150,0.03840355,-0.11071547,0.91896222,0.34166804,-1.30294946,-0.76732277,-0.38730466,1.11671033
9.860000,-0.37513673,-0.23762366,1.28858216,-0.04052166,1.56899823,-0.37421911,-0.08194577,-0.03049272,0.11630616,0.06850644,0.03455008,-0.09960497,0.90861281,0.33787569,-1.28853595,-0.75886136,-0.38297185,1.10418965
9.870000,-0.37591100,-0.23791178,1.28968114,-0.03987434,1.56932469,-0.37516025,-0.07293651,-0.02714229,0.10352860,0.06098119,0.03075263,-0.08865623,0.89220558,0.33182557,-1.26550766,-0.74532395,-0.37608305,1.08430208
9.880000,-0.37659611,-0.23816675,1.29065364,-0.03930150,1.56961356,-0.37599303,-0.06412279,-0.02386409,0.09102606,0.05361767,0.02703734,-0.07794462,0.86945997,0.32341280,-1.23346415,-0.72647444,-0.36651973,1.05670614
9.890000,-0.37719433,-0.23838939,1.29150288,-0.03880126,1.56986580,-0.37672020,-0.05556938,-0.02068226,0.07889070,0.04647019,0.02343154,-0.06754894,0.84009545,0.31253253,-1.19200500,-0.70207674,-0.35416335,1.02106033
9.900000,-0.37770859,-0.23858080,1.29223300,-0.03837119,1.57008265,-0.37734533,-0.04734387,-0.01762201,0.06721868,0.03959542,0.01996378,-0.05755139,0.80383146,0.29907986,-1.14072978,-0.67189476,-0.33889537,0.97702317
9.910000,-0.37814253,-0.23874232,1.29284913,-0.03800825,1.57026563,-0.37787284,-0.03951668,-0.01470959,0.05611016,0.03305237,0.01666374,-0.04803759,0.76038745,0.28294994,-1.07923807,-0.63569242,-0.32059726,0.92425316
9.920000,-0.37850049,-0.23887557,1.29335743,-0.03770883,1.57041658,-0.37830799,-0.03216099,-0.01197229,0.04566931,0.02690242,0.01356233,-0.03909657,0.70948287,0.26403789,-1.00712944,-0.59323362,-0.29915048,0.86240884
9.930000,-0.37878757,-0.23898244,1.29376511,-0.03746868,1.57053765,-0.37865699,-0.02535283,-0.00943845,0.03600429,0.02120934,0.01069162,-0.03082080,0.65083718,0.24223883,-0.92400345,-0.54428227,-0.27443650,0.79114869
9.940000,-0.37900964,-0.23906512,1.29408048,-0.03728290,1.57063130,-0.37892695,-0.01917099,-0.00713748,0.02722730,0.01603921,0.00808488,-0.02330612,0.58416983,0.21744790,-0.82945970,-0.48860229,-0.24633678,0.71013125
9.950000,-0.37917335,-0.23912607,1.29431300,-0.03714592,1.57070034,-0.37912598,-0.01369710,-0.00509982,0.01945449,0.01146051,0.00577656,-0.01665183,0.50920026,0.18956021,-0.72309774,-0.42595758,-0.21473279,0.61901502
9.960000,-0.37928622,-0.23916810,1.29447331,-0.03705148,1.57074794,-0.37926319,-0.00901559,-0.00335695,0.01280607,0.00754406,0.00380230,-0.01096062,0.42564793,0.15847091,-0.60451715,-0.35611205,-0.17950599,0.51745852
9.970000,-0.37935660,-0.23919430,1.29457328,-0.03699259,1.57077762,-0.37934875,-0.00521369,-0.00194142,0.00740622,0.00436305,0.00219892,-0.00633860,0.33323228,0.12407510,-0.47331751,-0.27882962,-0.14053785,0.40512025
9.980000,-0.37939373,-0.23920813,1.29462603,-0.03696152,1.57079328,-0.37939389,-0.00238143,-0.00088682,0.00338312,0.00199304,0.00100441,-0.00289530,0.23167278,0.08626793,-0.32909839,-0.19387420,-0.09770983,0.28165873
9.990000,-0.37940777,-0.23921336,1.29464597,-0.03694977,1.57079920,-0.37941096,-0.00061165,-0.00022778,0.00086898,0.00051193,0.00025798,-0.00074364,0.12068887,0.04494452,-0.17145936,-0.10100969,-0.05090339,0.14673248
10.000000,-0.37940982,-0.23921412,1.29464889,-0.03694805,1.57080007,-0.37941346,0.00000000,0.00000000,0.00000000,0.00000000,0.00000000,0.00000000,0.00000000,0.00000000,-0.00000000,-0.00000000,-0.00000000,0.00000000
