t_s,q1_rad,q2_rad,q3_rad,q4_rad,q5_rad,q6_rad,qd1_rad_s,qd2_rad_s,qd3_rad_s,qd4_rad_s,qd5_rad_s,qd6_rad_s,qdd1_rad_s2,qdd2_rad_s2,qdd3_rad_s2,qdd4_rad_s2,qdd5_rad_s2,qdd6_rad_s2
0.000000,0.75241524,-0.09457277,1.49274445,0.08939718,1.67934430,0.87390769,0.00000000,0.00000000,0.00000000,0.00000000,0.00000000,0.00000000,0.00000000,0.00000000,0.00000000,0.00000000,0.00000000,0.00000000
0.010000,0.75241377,-0.09457303,1.49274391,0.08939715,1.67934416,0.87390574,-0.00043778,-0.00007849,-0.00015869,-0.00001086,-0.00004202,-0.00057939,-0.08661754,-0.01561036,-0.03147227,-0.00207658,-0.00836081,-0.11461079
0.020000,0.75240369,-0.09457485,1.49274025,0.08939691,1.67934318,0.87389240,-0.00171378,-0.00031047,-0.00062418,-0.00003966,-0.00016634,-0.00226716,-0.16766237,-0.03069870,-0.06136486,-0.00359204,-0.01646006,-0.22170417
0.030000,0.75237689,-0.09457973,1.49273046,0.08939631,1.67934056,0.87385695,-0.00377287,-0.00069075,-0.00138082,-0.00008088,-0.00037036,-0.00498898,-0.24325939,-0.04527153,-0.08970840,-0.00456333,-0.02430095,-0.32144988
0.040000,0.75232580,-0.09458914,1.49271171,0.08939527,1.67933552,0.87378942,-0.00656122,-0.00121420,-0.00241329,-0.00012917,-0.00065151,-0.00867223,-0.31353354,-0.05933537,-0.11653354,-0.00500739,-0.03188666,-0.41401763
0.050000,0.75224341,-0.09460448,1.49268133,0.08939372,1.67932728,0.87368054,-0.01002622,-0.00187578,-0.00370654,-0.00017933,-0.00100726,-0.01324597,-0.37860972,-0.07289674,-0.14187090,-0.00494115,-0.03922038,-0.49957715
0.060000,0.75212319,-0.09462710,1.49263676,0.08939169,1.67931513,0.87352176,-0.01411650,-0.00267048,-0.00524585,-0.00022635,-0.00143509,-0.01864098,-0.43861286,-0.08596217,-0.16575113,-0.00438155,-0.04630530,-0.57829817
0.070000,0.75195916,-0.09465832,1.49257564,0.08938922,1.67929835,0.87330521,-0.01878198,-0.00359339,-0.00701680,-0.00026537,-0.00193254,-0.02478971,-0.49366786,-0.09853815,-0.18820485,-0.00334554,-0.05314460,-0.65035041
0.080000,0.75174580,-0.09469938,1.49249570,0.08938643,1.67927626,0.87302368,-0.02397378,-0.00463964,-0.00900529,-0.00029173,-0.00249717,-0.03162632,-0.54389965,-0.11063123,-0.20926269,-0.00185006,-0.05974148,-0.71590360
0.090000,0.75147809,-0.09475150,1.49239485,0.08938345,1.67924819,0.87267060,-0.02964431,-0.00580443,-0.01119751,-0.00030090,-0.00312658,-0.03908668,-0.58943314,-0.12224791,-0.22895531,0.00008797,-0.06609912,-0.77512747
0.100000,0.75115147,-0.09481585,1.49227112,0.08938048,1.67921352,0.87224007,-0.03574720,-0.00708303,-0.01357995,-0.00028855,-0.00381837,-0.04710834,-0.63039325,-0.13339471,-0.24731332,0.00245159,-0.07222071,-0.82819174
0.110000,0.75076185,-0.09489353,1.49212266,0.08937776,1.67917162,0.87172677,-0.04223735,-0.00847078,-0.01613943,-0.00025051,-0.00457021,-0.05563055,-0.66690490,-0.14407815,-0.26436737,0.00522387,-0.07810944,-0.87526614
0.120000,0.75030558,-0.09498561,1.49194778,0.08937557,1.67912192,0.87112599,-0.04907089,-0.00996307,-0.01886305,-0.00018277,-0.00537979,-0.06459426,-0.69909300,-0.15430475,-0.28014808,0.00838788,-0.08376849,-0.91652039
0.130000,0.74977943,-0.09509312,1.49174490,0.08937422,1.67906384,0.87043360,-0.05620521,-0.01155537,-0.02173825,-0.00008150,-0.00624483,-0.07394212,-0.72708247,-0.16408104,-0.29468611,0.01192666,-0.08920105,-0.95212422
0.140000,0.74918061,-0.09521704,1.49151255,0.08937406,1.67899685,0.86964605,-0.06359896,-0.01324321,-0.02475273,0.00005696,-0.00716307,-0.08361848,-0.75099823,-0.17341351,-0.30801207,0.01582329,-0.09441031,-0.98224735
0.150000,0.74850672,-0.09535829,1.49124942,0.08937549,1.67892041,0.86876032,-0.07121201,-0.01502218,-0.02789455,0.00023610,-0.00813230,-0.09356937,-0.77096519,-0.18230871,-0.32015660,0.02006082,-0.09939947,-1.00705952
0.160000,0.74775577,-0.09551777,1.49095428,0.08937893,1.67883404,0.86777392,-0.07900552,-0.01688795,-0.03115203,0.00045926,-0.00915034,-0.10374253,-0.78710827,-0.19077314,-0.33115034,0.02462231,-0.10417169,-1.02673044
0.170000,0.74692614,-0.09569632,1.49062603,0.08938483,1.67873725,0.86668490,-0.08694185,-0.01883623,-0.03451382,0.00072957,-0.01021502,-0.11408740,-0.79955239,-0.19881332,-0.34102392,0.02949083,-0.10873019,-1.04142984
0.180000,0.74601658,-0.09589476,1.49026369,0.08939369,1.67862959,0.86549177,-0.09498465,-0.02086282,-0.03796888,0.00105004,-0.01132424,-0.12455512,-0.80842247,-0.20643577,-0.34980799,0.03464944,-0.11307813,-1.05132745
0.190000,0.74502621,-0.09611383,1.48986638,0.08940601,1.67851062,0.86419354,-0.10309880,-0.02296358,-0.04150645,0.00142347,-0.01247589,-0.13509851,-0.81384341,-0.21364701,-0.35753316,0.04008119,-0.11721871,-1.05659300
0.200000,0.74395448,-0.09635426,1.48943332,0.08942234,1.67837994,0.86278969,-0.11125044,-0.02513441,-0.04511611,0.00185252,-0.01366793,-0.14567211,-0.81594014,-0.22045356,-0.36423009,0.04576914,-0.12115512,-1.05739620
0.210000,0.74280118,-0.09661674,1.48896385,0.08944326,1.67823714,0.86128014,-0.11940694,-0.02737132,-0.04878773,0.00233965,-0.01489833,-0.15623213,-0.81483758,-0.22686194,-0.36992939,0.05169637,-0.12489054,-1.05390679
0.220000,0.74156643,-0.09690189,1.48845739,0.08946934,1.67808185,0.85966524,-0.12753694,-0.02967035,-0.05251148,0.00288719,-0.01616508,-0.16673650,-0.81066063,-0.23287866,-0.37466171,0.05784592,-0.12842816,-1.04629450
0.230000,0.74025063,-0.09721034,1.48791348,0.08950121,1.67791372,0.85794574,-0.13561032,-0.03202761,-0.05627784,0.00349726,-0.01746624,-0.17714484,-0.80353423,-0.23851024,-0.37845769,0.06420086,-0.13177118,-1.03472903
0.240000,0.73885451,-0.09754263,1.48733172,0.08953950,1.67773242,0.85612279,-0.14359821,-0.03443929,-0.06007761,0.00417183,-0.01879987,-0.18741847,-0.79358327,-0.24376321,-0.38134795,0.07074426,-0.13492277,-1.01938014
0.250000,0.73737904,-0.09789929,1.48671184,0.08958487,1.67753762,0.85419794,-0.15147299,-0.03690163,-0.06390188,0.00491271,-0.02016407,-0.19752040,-0.78093269,-0.24864408,-0.38336313,0.07745916,-0.13788613,-1.00041753
0.260000,0.73582551,-0.09828082,1.48605363,0.08963798,1.67732904,0.85217307,-0.15920828,-0.03941095,-0.06774206,0.00572153,-0.02155697,-0.20741534,-0.76570740,-0.25315937,-0.38453387,0.08432864,-0.14066444,-0.97801094
0.270000,0.73419543,-0.09868766,1.48535698,0.08969953,1.67710639,0.85005043,-0.16677897,-0.04196362,-0.07158985,0.00659974,-0.02297675,-0.21706970,-0.74803232,-0.25731559,-0.38489080,0.09133575,-0.14326089,-0.95233008
0.280000,0.73249056,-0.09912022,1.48462184,0.08977021,1.67686942,0.84783259,-0.17416118,-0.04455609,-0.07543726,0.00754865,-0.02442160,-0.22645159,-0.72803235,-0.26111928,-0.38446456,0.09846355,-0.14567867,-0.92354470
0.290000,0.73071291,-0.09957890,1.48384826,0.08985074,1.67661788,0.84552241,-0.18133228,-0.04718486,-0.07927663,0.00856936,-0.02588974,-0.23553081,-0.70583243,-0.26457694,-0.38328577,0.10569511,-0.14792097,-0.89182450
0.300000,0.72886469,-0.10006403,1.48303636,0.08994184,1.67635155,0.84312308,-0.18827091,-0.04984650,-0.08310057,0.00966284,-0.02737944,-0.24427886,-0.68155746,-0.26769509,-0.38138509,0.11301349,-0.14999097,-0.85733923
0.310000,0.72694833,-0.10057593,1.48218632,0.09004424,1.67607023,0.84063803,-0.19495693,-0.05253765,-0.08690203,0.01082986,-0.02888900,-0.25266895,-0.65533236,-0.27048025,-0.37879313,0.12040174,-0.15189187,-0.82025860
0.320000,0.72496646,-0.10111487,1.48129841,0.09015868,1.67577371,0.83807097,-0.20137147,-0.05525501,-0.09067423,0.01207105,-0.03041673,-0.26067595,-0.62728205,-0.27293894,-0.37554054,0.12784292,-0.15362684,-0.78075234
0.330000,0.72292187,-0.10168110,1.48037296,0.09028591,1.67546184,0.83542586,-0.20749691,-0.05799536,-0.09441074,0.01338684,-0.03196099,-0.26827647,-0.59753145,-0.27507769,-0.37165794,0.13532011,-0.15519908,-0.73899017
0.340000,0.72081754,-0.10227484,1.47941034,0.09042667,1.67513444,0.83270687,-0.21331685,-0.06075552,-0.09810540,0.01477752,-0.03352018,-0.27544880,-0.56620547,-0.27690300,-0.36717599,0.14281635,-0.15661178,-0.69514183
0.350000,0.71865660,-0.10289627,1.47841101,0.09058171,1.67479139,0.82991838,-0.21881618,-0.06353240,-0.10175236,0.01624318,-0.03509270,-0.28217292,-0.53342903,-0.27842140,-0.36212530,0.15031471,-0.15786812,-0.64937703
0.360000,0.71644233,-0.10354554,1.47737547,0.09075178,1.67443255,0.82706497,-0.22398101,-0.06632295,-0.10534611,0.01778376,-0.03667703,-0.28843052,-0.49932704,-0.27963940,-0.35653651,0.15779826,-0.15897129,-0.60186551
0.370000,0.71417814,-0.10422276,1.47630428,0.09093764,1.67405782,0.82415138,-0.22879872,-0.06912420,-0.10888140,0.01939903,-0.03827163,-0.29420498,-0.46402443,-0.28056352,-0.35044027,0.16525004,-0.15992448,-0.55277699
0.380000,0.71186755,-0.10492805,1.47519805,0.09114001,1.67366709,0.82118253,-0.23325792,-0.07193326,-0.11235332,0.02108860,-0.03987503,-0.29948137,-0.42764611,-0.28120029,-0.34386720,0.17265313,-0.16073087,-0.50228119
0.390000,0.70951421,-0.10566145,1.47405744,0.09135965,1.67326029,0.81816346,-0.23734847,-0.07474727,-0.11575726,0.02285188,-0.04148577,-0.30424647,-0.39031700,-0.28155622,-0.33684793,0.17999058,-0.16139366,-0.45054784
0.400000,0.70712184,-0.10642300,1.47288315,0.09159729,1.67283735,0.81509934,-0.24106150,-0.07756347,-0.11908890,0.02468813,-0.04310243,-0.30848877,-0.35216200,-0.28163782,-0.32941311,0.18724545,-0.16191603,-0.39774667
0.410000,0.70469426,-0.10721271,1.47167592,0.09185366,1.67239823,0.81199546,-0.24438938,-0.08037914,-0.12234424,0.02659646,-0.04472363,-0.31219841,-0.31330605,-0.28145163,-0.32159337,0.19440081,-0.16230117,-0.34404741
0.420000,0.70223536,-0.10803057,1.47043653,0.09212946,1.67194287,0.80885718,-0.24732571,-0.08319163,-0.12551958,0.02857576,-0.04634801,-0.31536729,-0.27387406,-0.28100415,-0.31341934,0.20143971,-0.16255227,-0.28961977
0.430000,0.69974907,-0.10887653,1.46916580,0.09242540,1.67147126,0.80568994,-0.24986535,-0.08599837,-0.12861155,0.03062481,-0.04797424,-0.31798895,-0.23399094,-0.28030190,-0.30492166,0.20834522,-0.16267251,-0.23463348
0.440000,0.69723938,-0.10975051,1.46786459,0.09274218,1.67098338,0.80249924,-0.25200444,-0.08879684,-0.13161704,0.03274217,-0.04960103,-0.32005866,-0.19378161,-0.27935141,-0.29613097,0.21510040,-0.16266508,-0.17925828
0.450000,0.69471032,-0.11065243,1.46653376,0.09308047,1.67047924,0.79929061,-0.25374032,-0.09158459,-0.13453329,0.03492626,-0.05122713,-0.32157338,-0.15337099,-0.27815918,-0.28707788,0.22168830,-0.16253318,-0.12366388
0.460000,0.69216593,-0.11158216,1.46517423,0.09344092,1.66995885,0.79606962,-0.25507160,-0.09435924,-0.13735783,0.03717532,-0.05285129,-0.32253177,-0.11288399,-0.27673175,-0.27779306,0.22809199,-0.16227998,-0.06802001
0.470000,0.68961024,-0.11253956,1.46378692,0.09382419,1.66942223,0.79284183,-0.25599816,-0.09711847,-0.14008848,0.03948743,-0.05447233,-0.32293418,-0.07244553,-0.27507563,-0.26830711,0.23429454,-0.16190868,-0.01249641
0.480000,0.68704731,-0.11352447,1.46237278,0.09423088,1.66886941,0.78961279,-0.25652109,-0.09986001,-0.14272340,0.04186048,-0.05608908,-0.32278267,-0.03218053,-0.27319733,-0.25865069,0.24027899,-0.16142247,0.04273722
0.490000,0.68448116,-0.11453670,1.46093277,0.09466159,1.66830046,0.78638801,-0.25664276,-0.10258169,-0.14526103,0.04429222,-0.05770041,-0.32208097,0.00778609,-0.27110338,-0.24885443,0.24602841,-0.16082452,0.09751113
0.500000,0.68191578,-0.11557603,1.45946788,0.09511691,1.66771543,0.78317298,-0.25636678,-0.10528138,-0.14770012,0.04678021,-0.05930521,-0.32083454,0.04732942,-0.26880030,-0.23894896,0.25152587,-0.16011804,0.15165561
0.510000,0.67935513,-0.11664224,1.45797910,0.09559737,1.66711438,0.77997311,-0.25569800,-0.10795703,-0.15003975,0.04932184,-0.06090242,-0.31905052,0.08632455,-0.26629460,-0.22896491,0.25675442,-0.15930620,0.20500093
0.520000,0.67680311,-0.11773508,1.45646742,0.09610351,1.66649741,0.77679374,-0.25464253,-0.11060662,-0.15227926,0.05191435,-0.06249100,-0.31673775,0.12464655,-0.26359279,-0.21893293,0.26169712,-0.15839219,0.25737736
0.530000,0.67426354,-0.11885428,1.45493385,0.09663582,1.66586460,0.77364009,-0.25320773,-0.11322825,-0.15441835,0.05455478,-0.06406993,-0.31390677,0.16217050,-0.26070141,-0.20888364,0.26633704,-0.15737921,0.30861518
0.540000,0.67174019,-0.11999955,1.45337939,0.09719476,1.66521605,0.77051729,-0.25140220,-0.11582004,-0.15645698,0.05724002,-0.06563826,-0.31056981,0.19877150,-0.25762697,-0.19884768,0.27065723,-0.15627044,0.35854466
0.550000,0.66923670,-0.12117058,1.45180504,0.09778076,1.66455187,0.76743033,-0.24923579,-0.11838020,-0.15839545,0.05996680,-0.06719503,-0.30674080,0.23432463,-0.25437598,-0.18885569,0.27464076,-0.15506907,0.40699608
0.560000,0.66675664,-0.12236704,1.45021181,0.09839422,1.66387219,0.76438406,-0.24671962,-0.12090699,-0.16023434,0.06273166,-0.06873934,-0.30243538,0.26870496,-0.25095497,-0.17893829,0.27827068,-0.15377828,0.45379970
0.570000,0.66430344,-0.12358860,1.44860069,0.09903551,1.66317713,0.76138315,-0.24386602,-0.12339875,-0.16197456,0.06553098,-0.07027031,-0.29767087,0.30178758,-0.24737045,-0.16912613,0.28153007,-0.15240127,0.49878581
0.580000,0.66188040,-0.12483490,1.44697265,0.09970494,1.66246683,0.75843211,-0.24068861,-0.12585388,-0.16361732,0.06836097,-0.07178709,-0.29246629,0.33344758,-0.24362895,-0.15944984,0.28440197,-0.15094122,0.54178468
0.590000,0.65949069,-0.12610555,1.44532866,0.10040282,1.66174143,0.75553523,-0.23720223,-0.12827083,-0.16516412,0.07121767,-0.07328887,-0.28684237,0.36356003,-0.23973697,-0.14994006,0.28686945,-0.14940131,0.58262657
0.600000,0.65713733,-0.12740018,1.44366968,0.10112937,1.66100110,0.75269659,-0.23342298,-0.13064814,-0.16661678,0.07409695,-0.07477486,-0.28082151,0.39200003,-0.23570105,-0.14062741,0.28891557,-0.14778475,0.62114178
0.610000,0.65482315,-0.12871838,1.44199663,0.10188482,1.66024599,0.74992004,-0.22936822,-0.13298439,-0.16797742,0.07699452,-0.07624432,-0.27442785,0.41864264,-0.23152769,-0.13154254,0.29052339,-0.14609470,0.65716056
0.620000,0.65255082,-0.13005973,1.44031043,0.10266931,1.65947627,0.74720919,-0.22505654,-0.13527826,-0.16924849,0.07990590,-0.07769652,-0.26768719,0.44336297,-0.22722342,-0.12271608,0.29167598,-0.14433437,0.69051320
0.630000,0.65032281,-0.13142380,1.43861195,0.10348297,1.65869212,0.74456736,-0.22050778,-0.13752845,-0.17043271,0.08282646,-0.07913078,-0.26062703,0.46603973,-0.22279475,-0.11417793,0.29235701,-0.14250691,0.72103497
0.640000,0.64814139,-0.13281015,1.43690205,0.10432585,1.65789372,0.74199761,-0.21574268,-0.13973376,-0.17153305,0.08575146,-0.08054645,-0.25327610,0.48663546,-0.21824793,-0.10594122,0.29256441,-0.14061482,0.74867604
0.650000,0.64600861,-0.13421832,1.43518156,0.10519799,1.65708126,0.73950271,-0.21078185,-0.14189303,-0.17255252,0.08867622,-0.08194287,-0.24566290,0.50519651,-0.21358902,-0.09800231,0.29231039,-0.13865991,0.77350151
0.660000,0.64392634,-0.13564785,1.43345126,0.10609936,1.65625493,0.73708514,-0.20564537,-0.14400518,-0.17349408,0.09159617,-0.08331944,-0.23781522,0.52177288,-0.20882402,-0.09035682,0.29160774,-0.13664400,0.79558149
0.670000,0.64189622,-0.13709826,1.43171193,0.10702989,1.65541494,0.73474710,-0.20035284,-0.14606918,-0.17436062,0.09450692,-0.08467555,-0.22976019,0.53641456,-0.20395896,-0.08300036,0.29046928,-0.13456886,0.81498605
0.680000,0.63991974,-0.13856907,1.42996429,0.10798945,1.65456149,0.73249054,-0.19492336,-0.14808405,-0.17515503,0.09740415,-0.08601063,-0.22152419,0.54917153,-0.19899986,-0.07592857,0.28890783,-0.13243631,0.83178529
0.690000,0.63799815,-0.14005978,1.42820906,0.10897791,1.65369480,0.73031713,-0.18937553,-0.15004888,-0.17588013,0.10028371,-0.08732410,-0.21313293,0.56009380,-0.19395274,-0.06913706,0.28693618,-0.13024814,0.84604930
0.700000,0.63613256,-0.14156988,1.42644691,0.10999506,1.65281508,0.72822831,-0.18372743,-0.15196283,-0.17653869,0.10314155,-0.08861541,-0.20461142,0.56923136,-0.18882362,-0.06262146,0.28456716,-0.12800614,0.85784817
0.710000,0.63432388,-0.14309886,1.42467850,0.11104066,1.65192256,0.72622526,-0.17799668,-0.15382510,-0.17713346,0.10597377,-0.08988404,-0.19598395,0.57663419,-0.18361852,-0.05637739,0.28181356,-0.12571212,0.86725201
0.720000,0.63257284,-0.14464620,1.42290444,0.11211443,1.65101748,0.72430891,-0.17220037,-0.15563497,-0.17766713,0.10877658,-0.09112949,-0.18727413,0.58235230,-0.17834347,-0.05040047,0.27868821,-0.12336787,0.87433089
0.730000,0.63088003,-0.14621138,1.42112535,0.11321608,1.65010005,0.72247997,-0.16635509,-0.15739176,-0.17814235,0.11154634,-0.09235124,-0.17850485,0.58643567,-0.17300447,-0.04468633,0.27520391,-0.12097518,0.87915491
0.740000,0.62924585,-0.14779386,1.41934178,0.11434524,1.64917053,0.72073894,-0.16047694,-0.15909487,-0.17856172,0.11427951,-0.09354883,-0.16969831,0.58893431,-0.16760757,-0.03923058,0.27137347,-0.11853586,0.88179416
0.750000,0.62767055,-0.14939310,1.41755429,0.11550153,1.64822916,0.71908606,-0.15458151,-0.16074374,-0.17892781,0.11697269,-0.09472181,-0.16087602,0.58989819,-0.16215877,-0.03402885,0.26720971,-0.11605171,0.88231874
0.760000,0.62615423,-0.15100855,1.41576340,0.11668455,1.64727618,0.71752140,-0.14868392,-0.16233789,-0.17924313,0.11962263,-0.09586972,-0.15205875,0.58937732,-0.15666409,-0.02907677,0.26272542,-0.11352451,0.88079874
0.770000,0.62469683,-0.15263967,1.41396959,0.11789383,1.64631185,0.71604480,-0.14279875,-0.16387689,-0.17951016,0.12222618,-0.09699216,-0.14326662,0.58742169,-0.15112957,-0.02436994,0.25793344,-0.11095608,0.87730425
0.780000,0.62329817,-0.15428591,1.41217335,0.11912891,1.64533642,0.71465592,-0.13694010,-0.16536037,-0.17973133,0.12478032,-0.09808871,-0.13451902,0.58408129,-0.14556121,-0.01990401,0.25284655,-0.10834819,0.87190535
0.790000,0.62195790,-0.15594669,1.41037511,0.12038926,1.64435016,0.71335421,-0.13112157,-0.16678802,-0.17990903,0.12728217,-0.09915900,-0.12583463,0.57940611,-0.13996504,-0.01567458,0.24747758,-0.10570266,0.86467215
0.800000,0.62067556,-0.15762148,1.40857530,0.12167437,1.64335333,0.71213895,-0.12535626,-0.16815959,-0.18004560,0.12972897,-0.10020265,-0.11723145,0.57344615,-0.13434709,-0.01167729,0.24183934,-0.10302128,0.85567474
0.810000,0.61945055,-0.15930970,1.40677433,0.12298365,1.64234620,0.71100925,-0.11965677,-0.16947491,-0.18014333,0.13211810,-0.10121931,-0.10872678,0.56625140,-0.12871336,-0.00790775,0.23594463,-0.10030585,0.84498320
0.820000,0.61828216,-0.16101079,1.40497256,0.12431653,1.64132904,0.70996403,-0.11403518,-0.17073383,-0.18020450,0.13444705,-0.10220866,-0.10033720,0.55787186,-0.12306989,-0.00436158,0.22980626,-0.09755815,0.83266764
0.830000,0.61716955,-0.16272419,1.40317035,0.12567238,1.64030212,0.70900207,-0.10850311,-0.17193629,-0.18023130,0.13671345,-0.10317037,-0.09207861,0.54835751,-0.11742269,-0.00103442,0.22343706,-0.09478000,0.81879813
0.840000,0.61611176,-0.16444933,1.40136804,0.12705058,1.63926572,0.70812197,-0.10307165,-0.17308229,-0.18022590,0.13891507,-0.10410416,-0.08396619,0.53775835,-0.11177779,0.00207812,0.21684981,-0.09197319,0.80344478
0.850000,0.61510775,-0.16618564,1.39956593,0.12845046,1.63822013,0.70732221,-0.09775140,-0.17417188,-0.18019043,0.14104977,-0.10500975,-0.07601443,0.52612437,-0.10614121,0.00498042,0.21005735,-0.08913952,0.78667767
0.860000,0.61415633,-0.16793258,1.39776432,0.12987135,1.63716562,0.70660110,-0.09255245,-0.17520516,-0.18012698,0.14311557,-0.10588687,-0.06823711,0.51350557,-0.10051896,0.00767685,0.20307247,-0.08628078,0.76856691
0.870000,0.61325626,-0.16968956,1.39596348,0.13131254,1.63610249,0.70595684,-0.08748440,-0.17618232,-0.18003757,0.14511062,-0.10673529,-0.06064733,0.49995193,-0.09491707,0.01017179,0.19590799,-0.08339876,0.74918257
0.880000,0.61240618,-0.17145604,1.39416365,0.13277332,1.63503101,0.70538749,-0.08255636,-0.17710359,-0.17992420,0.14703318,-0.10755477,-0.05325747,0.48551346,-0.08934155,0.01246963,0.18857672,-0.08049528,0.72859475
0.890000,0.61160464,-0.17323145,1.39236507,0.13425295,1.63395149,0.70489099,-0.07777691,-0.17796926,-0.17978882,0.14888164,-0.10834513,-0.04607922,0.47024015,-0.08379844,0.01457472,0.18109147,-0.07757212,0.70687355
0.900000,0.61085012,-0.17501524,1.39056794,0.13575070,1.63286421,0.70446517,-0.07315417,-0.17877969,-0.17963333,0.15065453,-0.10910616,-0.03912355,0.45418198,-0.07829375,0.01649146,0.17346504,-0.07463108,0.68408906
0.910000,0.61014101,-0.17680686,1.38877246,0.13726579,1.63176946,0.70410774,-0.06869572,-0.17953529,-0.17945960,0.15235051,-0.10983769,-0.03240075,0.43738895,-0.07283350,0.01822422,0.16571026,-0.07167397,0.66031136
0.920000,0.60947563,-0.17860576,1.38697881,0.13879745,1.63066755,0.70381634,-0.06440867,-0.18023653,-0.17926945,0.15396835,-0.11053959,-0.02592040,0.41991105,-0.06742371,0.01977738,0.15783992,-0.06870257,0.63561056
0.930000,0.60885224,-0.18041141,1.38518712,0.14034489,1.62955877,0.70358850,-0.06029962,-0.18088395,-0.17906464,0.15550697,-0.11121170,-0.01969138,0.40179829,-0.06207041,0.02115532,0.14986685,-0.06571868,0.61005674
0.940000,0.60826902,-0.18222326,1.38339756,0.14190732,1.62844342,0.70342165,-0.05637466,-0.18147814,-0.17884691,0.15696539,-0.11185393,-0.01372187,0.38310064,-0.05677961,0.02236241,0.14180384,-0.06272411,0.58371999
0.950000,0.60772411,-0.18404080,1.38161022,0.14348393,1.62732179,0.70331317,-0.05263939,-0.18201977,-0.17861795,0.15834279,-0.11246616,-0.00801935,0.36386810,-0.05155734,0.02340303,0.13366372,-0.05972064,0.55667041
0.960000,0.60721559,-0.18586349,1.37982523,0.14507390,1.62619420,0.70326035,-0.04909891,-0.18250954,-0.17837939,0.15963845,-0.11304831,-0.00259061,0.34415068,-0.04640962,0.02428156,0.12545929,-0.05671008,0.52897809
0.970000,0.60674147,-0.18769082,1.37804266,0.14667642,1.62506093,0.70326042,-0.04575783,-0.18294823,-0.17813284,0.16085180,-0.11360034,0.00255830,0.32399835,-0.04134246,0.02500238,0.11720335,-0.05369423,0.50071312
0.980000,0.60629975,-0.18952228,1.37626259,0.14829066,1.62392229,0.70331056,-0.04262023,-0.18333668,-0.17787985,0.16198239,-0.11412219,0.00742198,0.30346111,-0.03636190,0.02556986,0.10890874,-0.05067487,0.47194559
0.990000,0.60588838,-0.19135739,1.37448508,0.14991579,1.62277858,0.70340790,-0.03968972,-0.18367578,-0.17762194,0.16302989,-0.11461383,0.01199577,0.28258896,-0.03147394,0.02598838,0.10058824,-0.04765381,0.44274560
1.000000,0.60550526,-0.19319564,1.37271017,0.15155098,1.62163011,0.70354950,-0.03696940,-0.18396648,-0.17736057,0.16399411,-0.11507526,0.01627569,0.26143188,-0.02668461,0.02626232,0.09225468,-0.04463285,0.41318324
1.010000,0.60514828,-0.19503656,1.37093788,0.15319540,1.62047718,0.70373242,-0.03446186,-0.18420982,-0.17709716,0.16487498,-0.11550649,0.02025846,0.24003988,-0.02199994,0.02639605,0.08392086,-0.04161378,0.38332859
1.020000,0.60481530,-0.19687968,1.36916823,0.15484821,1.61932008,0.70395367,-0.03216922,-0.18440685,-0.17683310,0.16567257,-0.11590755,0.02394152,0.21846295,-0.01742594,0.02639396,0.07559959,-0.03859840,0.35325176
1.030000,0.60450417,-0.19872454,1.36740121,0.15650857,1.61815913,0.70421025,-0.03009306,-0.18455873,-0.17656972,0.16638706,-0.11627848,0.02732299,0.19675107,-0.01296863,0.02626042,0.06730369,-0.03558851,0.32302283
1.040000,0.60421272,-0.20057071,1.36563682,0.15817567,1.61699461,0.70449912,-0.02823448,-0.18466663,-0.17630831,0.16701877,-0.11661935,0.03040170,0.17495424,-0.00863404,0.02599981,0.05904596,-0.03258590,0.29271190
1.050000,0.60393876,-0.20241774,1.36387504,0.15984867,1.61582684,0.70481727,-0.02659409,-0.18473184,-0.17605013,0.16756815,-0.11693023,0.03317719,0.15312245,-0.00442818,0.02561651,0.05083921,-0.02959238,0.26238905
1.060000,0.60368011,-0.20426521,1.36211581,0.16152676,1.61465611,0.70516165,-0.02517198,-0.18475565,-0.17579638,0.16803577,-0.11721123,0.03564968,0.13130570,-0.00035709,0.02511489,0.04269627,-0.02660973,0.23212439
1.070000,0.60343459,-0.20611271,1.36035909,0.16320912,1.61348272,0.70552925,-0.02396776,-0.18473945,-0.17554821,0.16842233,-0.11746247,0.03782010,0.10955398,0.00357324,0.02449933,0.03462992,-0.02363976,0.20198800
1.080000,0.60320003,-0.20795987,1.35860482,0.16489494,1.61230696,0.70591706,-0.02298052,-0.18468467,-0.17530676,0.16872866,-0.11768407,0.03969010,0.08791729,0.00735676,0.02377421,0.02665300,-0.02068427,0.17204997
1.090000,0.60297426,-0.20980628,1.35685293,0.16658343,1.61112913,0.70632206,-0.02220886,-0.18459282,-0.17507308,0.16895573,-0.11787621,0.04126200,0.06644561,0.01098746,0.02294391,0.01877830,-0.01774504,0.14238040
1.100000,0.60275514,-0.21165160,1.35510333,0.16827379,1.60994953,0.70674131,-0.02165089,-0.18446545,-0.17484822,0.16910461,-0.11803903,0.04253883,0.04518893,0.01445932,0.02201280,0.01101864,-0.01482388,0.11304938
1.110000,0.60254054,-0.21349548,1.35335593,0.16996526,1.60876845,0.70717187,-0.02130420,-0.18430418,-0.17463315,0.16917653,-0.11817275,0.04352435,0.02419726,0.01776632,0.02098526,0.00338682,-0.01192259,0.08412700
1.120000,0.60232836,-0.21533758,1.35161063,0.17165707,1.60758617,0.70761084,-0.02116589,-0.18411070,-0.17442882,0.16917282,-0.11827756,0.04422297,0.00352059,0.02090243,0.01986568,-0.00410434,-0.00904296,0.05568335
1.130000,0.60211654,-0.21717759,1.34986732,0.17334847,1.60640299,0.70805539,-0.02123257,-0.18388672,-0.17423613,0.16909495,-0.11835369,0.04463984,-0.01679110,0.02386164,0.01865842,-0.01144203,-0.00618680,0.02778852
1.140000,0.60190304,-0.21901522,1.34812587,0.17503873,1.60521919,0.70850272,-0.02150033,-0.18363407,-0.17405593,0.16894453,-0.11840138,0.04478080,-0.03668780,0.02663793,0.01736786,-0.01861344,-0.00335588,0.00051262
1.150000,0.60168588,-0.22085019,1.34638615,0.17672713,1.60403506,0.70895011,-0.02196478,-0.18335460,-0.17388903,0.16872328,-0.11842090,0.04465239,-0.05611953,0.02922527,0.01599838,-0.02560576,-0.00055203,-0.02607428
1.160000,0.60146311,-0.22268223,1.34464804,0.17841297,1.60285087,0.70939489,-0.02262101,-0.18305022,-0.17373621,0.16843306,-0.11841252,0.04426185,-0.07503630,0.03161764,0.01455437,-0.03240618,0.00222297,-0.05190208
1.170000,0.60123283,-0.22451111,1.34291138,0.18009557,1.60166690,0.70983450,-0.02346362,-0.18272291,-0.17359818,0.16807584,-0.11837654,0.04361711,-0.09338810,0.03380903,0.01304019,-0.03900190,0.00496733,-0.07690068
1.180000,0.60099323,-0.22633662,1.34117602,0.18177427,1.60048343,0.71026642,-0.02448672,-0.18237473,-0.17347562,0.16765374,-0.11831328,0.04272683,-0.11112495,0.03579340,0.01146022,-0.04538009,0.00767924,-0.10100000
1.190000,0.60074252,-0.22815854,1.33944181,0.18344843,1.59930073,0.71068825,-0.02568390,-0.18200776,-0.17336918,0.16716901,-0.11822307,0.04160034,-0.12819685,0.03756475,0.00981885,-0.05152795,0.01035690,-0.12412994
1.200000,0.60047900,-0.22997672,1.33770858,0.18511745,1.59811906,0.71109767,-0.02704827,-0.18162416,-0.17327944,0.16662400,-0.11810626,0.04024770,-0.14455382,0.03911704,0.00812045,-0.05743267,0.01299852,-0.14622041
1.210000,0.60020102,-0.23179098,1.33597617,0.18678072,1.59693869,0.71149248,-0.02857243,-0.18122616,-0.17320694,0.16602121,-0.11796322,0.03867963,-0.16014585,0.04044426,0.00636939,-0.06308144,0.01560231,-0.16720132
1.220000,0.59990704,-0.23360120,1.33424439,0.18843769,1.59575988,0.71187058,-0.03024847,-0.18081605,-0.17315221,0.16536326,-0.11779435,0.03690760,-0.17492296,0.04154039,0.00457006,-0.06846145,0.01816645,-0.18700257
1.230000,0.59959557,-0.23540727,1.33251306,0.19008781,1.59458289,0.71222999,-0.03206800,-0.18039615,-0.17311569,0.16465292,-0.11760003,0.03494375,-0.18883514,0.04239941,0.00272682,-0.07355989,0.02068917,-0.20555408
1.240000,0.59926523,-0.23720910,1.33078201,0.19173058,1.59340796,0.71256886,-0.03402213,-0.17996887,-0.17309780,0.16389305,-0.11738071,0.03280092,-0.20183242,0.04301529,0.00084407,-0.07836394,0.02316865,-0.22278575
1.250000,0.59891471,-0.23900663,1.32905104,0.19336552,1.59223535,0.71288546,-0.03610144,-0.17953667,-0.17309893,0.16308666,-0.11713681,0.03049267,-0.21386479,0.04338201,-0.00107382,-0.08286080,0.02560311,-0.23862749
1.260000,0.59854282,-0.24079982,1.32731997,0.19499217,1.59106531,0.71317821,-0.03829607,-0.17910207,-0.17311938,0.16223689,-0.11686880,0.02803319,-0.22489459,0.04349636,-0.00302246,-0.08704113,0.02799097,-0.25302725
1.270000,0.59814844,-0.24258867,1.32558859,0.19661012,1.58989806,0.71344567,-0.04059603,-0.17866756,-0.17315946,0.16134688,-0.11657715,0.02543686,-0.23493348,0.04336636,-0.00499740,-0.09090942,0.03033159,-0.26600515
1.280000,0.59773058,-0.24437318,1.32385671,0.19821898,1.58873384,0.71368654,-0.04299152,-0.17823552,-0.17321940,0.16041971,-0.11626233,0.02271770,-0.24400542,0.04300282,-0.00699415,-0.09447368,0.03262456,-0.27759935
1.290000,0.59728833,-0.24615340,1.32212413,0.19981840,1.58757289,0.71389966,-0.04547299,-0.17780825,-0.17329940,0.15945839,-0.11592482,0.01988936,-0.25213441,0.04241656,-0.00900824,-0.09774187,0.03486946,-0.28784802
1.300000,0.59682086,-0.24792937,1.32039066,0.20140805,1.58641542,0.71408401,-0.04803114,-0.17738790,-0.17339961,0.15846584,-0.11556510,0.01696510,-0.25934443,0.04161840,-0.01103520,-0.10072197,0.03706587,-0.29678931
1.310000,0.59632748,-0.24970119,1.31865608,0.20298762,1.58526166,0.71423868,-0.05065690,-0.17697655,-0.17352013,0.15744489,-0.11518366,0.01395780,-0.26565944,0.04061916,-0.01307055,-0.10342197,0.03921339,-0.30446140
1.320000,0.59580753,-0.25146894,1.31692019,0.20455686,1.58411182,0.71436293,-0.05334143,-0.17657615,-0.17366104,0.15639830,-0.11478100,0.01087998,-0.27110344,0.03942966,-0.01510982,-0.10584984,0.04131159,-0.31090243
1.330000,0.59526048,-0.25323275,1.31518279,0.20611551,1.58296611,0.71445609,-0.05607614,-0.17618855,-0.17382233,0.15532877,-0.11435760,0.00774373,-0.27570040,0.03806072,-0.01714853,-0.10801356,0.04336007,-0.31615058
1.340000,0.59468587,-0.25499276,1.31344367,0.20766337,1.58182473,0.71451765,-0.05885269,-0.17581550,-0.17400399,0.15423889,-0.11391396,0.00456081,-0.27947430,0.03652316,-0.01918222,-0.10992111,0.04535840,-0.32024400
1.350000,0.59408331,-0.25674911,1.31170264,0.20920023,1.58068789,0.71454719,-0.06166296,-0.17545862,-0.17420594,0.15313117,-0.11345060,0.00134257,-0.28244912,0.03482780,-0.02120639,-0.11158047,0.04730618,-0.32322086
1.360000,0.59345252,-0.25850199,1.30995949,0.21072594,1.57955578,0.71454442,-0.06449909,-0.17511943,-0.17442807,0.15200808,-0.11296801,-0.00190001,-0.28464885,0.03298546,-0.02321658,-0.11299963,0.04920299,-0.32511932
1.370000,0.59279327,-0.26025157,1.30821401,0.21224035,1.57842859,0.71450914,-0.06735344,-0.17479936,-0.17467021,0.15087196,-0.11246671,-0.00515634,-0.28609746,0.03100695,-0.02520832,-0.11418655,0.05104841,-0.32597754
1.380000,0.59210542,-0.26199805,1.30646602,0.21374334,1.57730651,0.71444128,-0.07021861,-0.17449971,-0.17493216,0.14972509,-0.11194721,-0.00841622,-0.28681894,0.02890311,-0.02717713,-0.11514923,0.05284203,-0.32583368
1.390000,0.59138889,-0.26374163,1.30471530,0.21523482,1.57618971,0.71434084,-0.07308747,-0.17422168,-0.17521366,0.14856969,-0.11141004,-0.01166981,-0.28683726,0.02668474,-0.02911853,-0.11589563,0.05458343,-0.32472592
1.400000,0.59064368,-0.26548255,1.30296168,0.21671471,1.57507837,0.71420793,-0.07595310,-0.17396636,-0.17551442,0.14740788,-0.11085572,-0.01490765,-0.28617640,0.02436267,-0.03102806,-0.11643374,0.05627221,-0.32269240
1.410000,0.58986986,-0.26722104,1.30120495,0.21818296,1.57397265,0.71404277,-0.07880882,-0.17373474,-0.17583410,0.14624169,-0.11028477,-0.01812069,-0.28486034,0.02194771,-0.03290123,-0.11677153,0.05790794,-0.31977129
1.420000,0.58906756,-0.26895733,1.29944493,0.21963954,1.57287272,0.71384563,-0.08164820,-0.17352768,-0.17617231,0.14507309,-0.10969774,-0.02130025,-0.28291307,0.01945069,-0.03473357,-0.11691700,0.05949021,-0.31600076
1.430000,0.58823697,-0.27069168,1.29768144,0.22108442,1.57177875,0.71361690,-0.08446505,-0.17334596,-0.17652862,0.14390396,-0.10909515,-0.02443801,-0.28035857,0.01688242,-0.03652060,-0.11687810,0.06101861,-0.31141896
1.440000,0.58737835,-0.27242434,1.29591430,0.22251762,1.57069087,0.71335704,-0.08725343,-0.17319023,-0.17690256,0.14273611,-0.10847755,-0.02752605,-0.27722080,0.01425373,-0.03825786,-0.11666284,0.06249272,-0.30606406
1.450000,0.58649202,-0.27415557,1.29414334,0.22393916,1.56960924,0.71306657,-0.09000760,-0.17306105,-0.17729360,0.14157126,-0.10784548,-0.03055684,-0.27352376,0.01157544,-0.03994087,-0.11627918,0.06391213,-0.29997422
1.460000,0.58557833,-0.27588565,1.29236838,0.22534906,1.56853401,0.71274612,-0.09272212,-0.17295885,-0.17770118,0.14041106,-0.10719949,-0.03352321,-0.26929143,0.00885836,-0.04156515,-0.11573510,0.06527642,-0.29318760
1.470000,0.58463772,-0.27761484,1.29058926,0.22674740,1.56746530,0.71239635,-0.09539173,-0.17288398,-0.17812469,0.13925707,-0.10654013,-0.03641839,-0.26454777,0.00611331,-0.04312623,-0.11503858,0.06658518,-0.28574237
1.480000,0.58367066,-0.27934342,1.28880583,0.22813423,1.56640325,0.71201801,-0.09801145,-0.17283664,-0.17856348,0.13811077,-0.10586797,-0.03923599,-0.25931679,0.00335112,-0.04461963,-0.11419761,0.06783799,-0.27767668
1.490000,0.58267768,-0.28107166,1.28701794,0.22950964,1.56534798,0.71161190,-0.10057652,-0.17281698,-0.17901684,0.13697357,-0.10518356,-0.04196999,-0.25362244,0.00058260,-0.04604088,-0.11322016,0.06903444,-0.26902870
1.500000,0.58165933,-0.28279985,1.28522545,0.23087374,1.56429962,0.71117890,-0.10308243,-0.17282498,-0.17948404,0.13584680,-0.10448747,-0.04461475,-0.24748872,-0.00218143,-0.04738551,-0.11211421,0.07017412,-0.25983660
1.510000,0.58061624,-0.28452826,1.28342822,0.23222662,1.56325827,0.71071992,-0.10552491,-0.17286055,-0.17996428,0.13473169,-0.10378027,-0.04716503,-0.24093961,-0.00493015,-0.04864903,-0.11088775,0.07125660,-0.25013852
1.520000,0.57954906,-0.28625715,1.28162612,0.23356841,1.56222405,0.71023593,-0.10789992,-0.17292349,-0.18045674,0.13362942,-0.10306253,-0.04961596,-0.23399908,-0.00765273,-0.04982698,-0.10954874,0.07228148,-0.23997264
1.530000,0.57845848,-0.28798682,1.27981904,0.23489925,1.56119705,0.70972795,-0.11020367,-0.17301348,-0.18096052,0.13254106,-0.10233483,-0.05196305,-0.22669111,-0.01033837,-0.05091488,-0.10810517,0.07324834,-0.22937712
1.540000,0.57734523,-0.28971751,1.27800688,0.23621928,1.56017738,0.70919703,-0.11243260,-0.17313010,-0.18147472,0.13146764,-0.10159776,-0.05420220,-0.21903969,-0.01297623,-0.05190825,-0.10656502,0.07415677,-0.21839012
1.550000,0.57621009,-0.29144950,1.27618952,0.23752866,1.55916512,0.70864428,-0.11458340,-0.17327281,-0.18199836,0.13041006,-0.10085189,-0.05632968,-0.21106879,-0.01555550,-0.05280263,-0.10493627,0.07500634,-0.20704981
1.560000,0.57505384,-0.29318305,1.27436688,0.23882754,1.55816037,0.70807082,-0.11665299,-0.17344098,-0.18253043,0.12936918,-0.10009783,-0.05834214,-0.20280240,-0.01806537,-0.05359353,-0.10322690,0.07579666,-0.19539433
1.570000,0.57387731,-0.29491841,1.27253889,0.24011610,1.55716319,0.70747783,-0.11863854,-0.17363385,-0.18306987,0.12834576,-0.09933616,-0.06023664,-0.19426449,-0.02049500,-0.05427649,-0.10144488,0.07652729,-0.18346187
1.580000,0.57268135,-0.29665581,1.27070546,0.24139452,1.55617367,0.70686649,-0.12053745,-0.17385058,-0.18361558,0.12734050,-0.09856748,-0.06201059,-0.18547905,-0.02283358,-0.05484702,-0.09959820,0.07719783,-0.17129057
1.590000,0.57146685,-0.29839549,1.26886656,0.24266297,1.55519187,0.70623803,-0.12234737,-0.17409019,-0.18416642,0.12635399,-0.09779240,-0.06366178,-0.17647005,-0.02507030,-0.05530065,-0.09769484,0.07780787,-0.15891860
1.600000,0.57023471,-0.30013769,1.26702212,0.24392166,1.55421784,0.70559367,-0.12406619,-0.17435161,-0.18472119,0.12538676,-0.09701153,-0.06518842,-0.16726148,-0.02719433,-0.05563291,-0.09574277,0.07835698,-0.14638413
1.610000,0.56898584,-0.30188260,1.26517212,0.24517077,1.55325165,0.70493468,-0.12569202,-0.17463366,-0.18527866,0.12443927,-0.09622547,-0.06658905,-0.15787731,-0.02919485,-0.05583933,-0.09374997,0.07884476,-0.13372531
1.620000,0.56772119,-0.30363042,1.26331654,0.24641051,1.55229335,0.70426231,-0.12722323,-0.17493506,-0.18583754,0.12351187,-0.09543484,-0.06786264,-0.14834153,-0.03106104,-0.05591542,-0.09172443,0.07927078,-0.12098031
1.630000,0.56644170,-0.30538136,1.26145537,0.24764108,1.55134297,0.70357785,-0.12865842,-0.17525440,-0.18639652,0.12260486,-0.09464026,-0.06900850,-0.13867811,-0.03278209,-0.05585672,-0.08967412,0.07963464,-0.10818730
1.640000,0.56514834,-0.30713557,1.25958862,0.24886268,1.55040055,0.70288257,-0.12999645,-0.17559018,-0.18695421,0.12171845,-0.09384236,-0.07002635,-0.12891104,-0.03434717,-0.05565875,-0.08760702,0.07993592,-0.09538442
1.650000,0.56384209,-0.30889321,1.25771630,0.25007552,1.54946613,0.70217775,-0.13123638,-0.17594078,-0.18750921,0.12085275,-0.09304175,-0.07091628,-0.11906430,-0.03574546,-0.05531703,-0.08553112,0.08017421,-0.08260985
1.660000,0.56252394,-0.31065443,1.25583845,0.25127980,1.54853972,0.70146467,-0.13237755,-0.17630450,-0.18806006,0.12000783,-0.09223908,-0.07167877,-0.10916186,-0.03696615,-0.05482709,-0.08345439,0.08034908,-0.06990174
1.670000,0.56119487,-0.31241934,1.25395511,0.25247574,1.54762135,0.70074460,-0.13341951,-0.17667948,-0.18860525,0.11918364,-0.09143498,-0.07231466,-0.09922770,-0.03799842,-0.05418446,-0.08138480,0.08046013,-0.05729826
1.680000,0.55985588,-0.31418805,1.25206637,0.25366355,1.54671103,0.70001879,-0.13436207,-0.17706380,-0.18914323,0.11838008,-0.09063009,-0.07282521,-0.08928581,-0.03883143,-0.05338466,-0.07933035,0.08050694,-0.04483758
1.690000,0.55850796,-0.31596064,1.25017228,0.25484341,1.54580875,0.69928851,-0.13520528,-0.17745541,-0.18967240,0.11759696,-0.08982506,-0.07321202,-0.07936017,-0.03945439,-0.05242321,-0.07729901,0.08048910,-0.03255785
1.700000,0.55715211,-0.31773717,1.24827295,0.25601555,1.54491452,0.69855496,-0.13594941,-0.17785215,-0.19019114,0.11683400,-0.08902053,-0.07347710,-0.06947476,-0.03985646,-0.05129565,-0.07529875,0.08040619,-0.02049723
1.710000,0.55578930,-0.31951769,1.24636850,0.25718016,1.54402834,0.69781936,-0.13659499,-0.17825177,-0.19069775,0.11609085,-0.08821716,-0.07362282,-0.05965355,-0.04002683,-0.04999749,-0.07333757,0.08025780,-0.00869389
1.720000,0.55442053,-0.32130221,1.24445904,0.25833743,1.54315018,0.69708289,-0.13714278,-0.17865188,-0.19119050,0.11536709,-0.08741559,-0.07365196,-0.04992052,-0.03995467,-0.04852426,-0.07142343,0.08004351,0.00281400
1.730000,0.55304677,-0.32309072,1.24254474,0.25948756,1.54228002,0.69634670,-0.13759377,-0.17905001,-0.19166763,0.11466220,-0.08661651,-0.07356765,-0.04029966,-0.03962917,-0.04687150,-0.06956431,0.07976291,0.01398830
1.740000,0.55166898,-0.32488319,1.24062575,0.26063074,1.54141783,0.69561191,-0.13794922,-0.17944358,-0.19212732,0.11397559,-0.08582056,-0.07337343,-0.03081495,-0.03903952,-0.04503471,-0.06776821,0.07941558,0.02479083
1.750000,0.55028810,-0.32667957,1.23870226,0.26176713,1.54056359,0.69487959,-0.13821061,-0.17982989,-0.19256770,0.11330660,-0.08502842,-0.07307320,-0.02149037,-0.03817487,-0.04300943,-0.06604309,0.07900111,0.03518343
1.760000,0.54890507,-0.32847976,1.23677447,0.26289693,1.53971725,0.69415078,-0.13837964,-0.18020613,-0.19298686,0.11265447,-0.08424076,-0.07267126,-0.01234989,-0.03702443,-0.04079119,-0.06439693,0.07851908,0.04512795
1.770000,0.54752081,-0.33028365,1.23484260,0.26402028,1.53887876,0.69342648,-0.13845830,-0.18056939,-0.19338286,0.11201837,-0.08345826,-0.07217226,-0.00341750,-0.03557737,-0.03837551,-0.06283772,0.07796909,0.05458621
1.780000,0.54613620,-0.33209109,1.23290689,0.26513734,1.53804807,0.69270764,-0.13844877,-0.18091665,-0.19375370,0.11139740,-0.08268161,-0.07158128,0.00528283,-0.03382286,-0.03575791,-0.06137343,0.07735071,0.06352006
1.790000,0.54475212,-0.33390192,1.23096761,0.26624827,1.53722511,0.69199515,-0.13835350,-0.18124478,-0.19409733,0.11079056,-0.08191148,-0.07090374,0.01372711,-0.03175010,-0.03293392,-0.06001204,0.07666353,0.07189134
1.800000,0.54336941,-0.33571591,1.22902504,0.26735320,1.53640981,0.69128984,-0.13817516,-0.18155055,-0.19441168,0.11019679,-0.08114857,-0.07014546,0.02189136,-0.02934826,-0.02989906,-0.05876154,0.07590713,0.07966187
1.810000,0.54198888,-0.33753284,1.22707949,0.26845225,1.53560211,0.69059249,-0.13791668,-0.18183062,-0.19469460,0.10961493,-0.08039357,-0.06931263,0.02975160,-0.02660652,-0.02664887,-0.05762990,0.07508111,0.08679351
1.820000,0.54061133,-0.33935243,1.22513126,0.26954553,1.53480191,0.68990381,-0.13758122,-0.18208152,-0.19494392,0.10904377,-0.07964718,-0.06841184,0.03728386,-0.02351406,-0.02317886,-0.05662510,0.07418504,0.09324808
1.830000,0.53923750,-0.34117436,1.22318073,0.27063315,1.53400913,0.68922445,-0.13717218,-0.18229969,-0.19515743,0.10848198,-0.07891010,-0.06745005,0.04446415,-0.02006006,-0.01948456,-0.05575512,0.07321852,0.09898743
1.840000,0.53786812,-0.34299830,1.22122824,0.27171520,1.53322368,0.68855499,-0.13669319,-0.18248148,-0.19533285,0.10792819,-0.07818304,-0.06643461,0.05126849,-0.01623370,-0.01556150,-0.05502793,0.07218112,0.10397340
1.850000,0.53650386,-0.34482386,1.21927420,0.27279174,1.53244544,0.68789591,-0.13614814,-0.18262309,-0.19546788,0.10738092,-0.07746672,-0.06537322,0.05767291,-0.01202417,-0.01140521,-0.05445153,0.07107244,0.10816781
1.860000,0.53514536,-0.34665062,1.21731903,0.27386283,1.53167431,0.68724765,-0.13554115,-0.18272065,-0.19556016,0.10683863,-0.07676183,-0.06427401,0.06365342,-0.00742064,-0.00701119,-0.05403389,0.06989205,0.11153251
1.870000,0.53379323,-0.34847811,1.21536315,0.27492852,1.53091016,0.68661053,-0.13487657,-0.18277015,-0.19560730,0.10629969,-0.07606912,-0.06314547,0.06918604,-0.00241229,-0.00237500,-0.05378298,0.06863955,0.11402934
1.880000,0.53244801,-0.35030585,1.21340704,0.27598883,1.53015288,0.68598481,-0.13415900,-0.18276751,-0.19560684,0.10576239,-0.07538929,-0.06199645,0.07424756,0.00301105,0.00250747,-0.05370651,0.06731462,0.11562158
1.890000,0.53111021,-0.35213327,1.21145118,0.27704377,1.52940233,0.68537064,-0.13339320,-0.18270856,-0.19555634,0.10522497,-0.07472306,-0.06083606,0.07883235,0.00884494,0.00763115,-0.05380556,0.06591949,0.11630578
1.900000,0.52978029,-0.35395982,1.20949609,0.27809333,1.52865837,0.68476810,-0.13258390,-0.18258930,-0.19545346,0.10468571,-0.07407111,-0.05967326,0.08295240,0.01507029,0.01298187,-0.05407462,0.06445887,0.11611176
1.910000,0.52845866,-0.35578485,1.20754229,0.27913747,1.52792086,0.68417716,-0.13173566,-0.18240592,-0.19529600,0.10414293,-0.07343408,-0.05851665,0.08662043,0.02166735,0.01854508,-0.05450792,0.06293761,0.11507080
1.920000,0.52714569,-0.35760771,1.20559036,0.28017617,1.52718964,0.68359771,-0.13085295,-0.18215478,-0.19508190,0.10359502,-0.07281255,-0.05737456,0.08984919,0.02861640,0.02430618,-0.05509965,0.06136054,0.11321415
1.930000,0.52584170,-0.35942771,1.20364085,0.28120935,1.52646455,0.68302959,-0.12994010,-0.18183248,-0.19480926,0.10304043,-0.07220704,-0.05625498,0.09265141,0.03589772,0.03025063,-0.05584403,0.05973249,0.11057309
1.940000,0.52454698,-0.36124411,1.20169437,0.28223695,1.52574544,0.68247251,-0.12900131,-0.18143579,-0.19447632,0.10247765,-0.07161805,-0.05516561,0.09503983,0.04349157,0.03636384,-0.05673527,0.05805832,0.10717889
1.950000,0.52326175,-0.36305616,1.19975153,0.28325887,1.52503214,0.68192615,-0.12804064,-0.18096167,-0.19408147,0.10190525,-0.07104601,-0.05411381,0.09702719,0.05137822,0.04263124,-0.05776756,0.05634285,0.10306280
1.960000,0.52198622,-0.36486308,1.19781295,0.28427502,1.52432446,0.68139009,-0.12706206,-0.18040731,-0.19362323,0.10132185,-0.07049132,-0.05310666,0.09862624,0.05953794,0.04903828,-0.05893513,0.05459092,0.09825610
1.970000,0.52072056,-0.36666403,1.19587928,0.28528527,1.52362225,0.68086385,-0.12606937,-0.17977007,-0.19310029,0.10072612,-0.06995430,-0.05215089,0.09984969,0.06795101,0.05557037,-0.06023218,0.05280736,0.09279005
1.980000,0.51946487,-0.36845819,1.19395117,0.28628949,1.52292532,0.68034688,-0.12506627,-0.17904751,-0.19251146,0.10011679,-0.06943526,-0.05125295,0.10071030,0.07659769,0.06221295,-0.06165291,0.05099703,0.08669592
1.990000,0.51821925,-0.37024469,1.19202928,0.28728756,1.52223348,0.67983857,-0.12405633,-0.17823740,-0.19185571,0.09949267,-0.06893443,-0.05041896,0.10122080,0.08545825,0.06895145,-0.06319154,0.04916474,0.08000499
2.000000,0.51698376,-0.37202264,1.19011428,0.28827930,1.52154657,0.67933827,-0.12304298,-0.17733770,-0.19113216,0.09885259,-0.06845202,-0.04965473,0.10139394,0.09451297,0.07577129,-0.06484228,0.04731535,0.07274850
2.010000,0.51575839,-0.37379114,1.18820686,0.28926455,1.52086438,0.67884523,-0.12202953,-0.17634656,-0.19034006,0.09819547,-0.06798817,-0.04896577,0.10124244,0.10374211,0.08265792,-0.06659933,0.04545368,0.06495774
2.020000,0.51454315,-0.37554926,1.18630771,0.29024314,1.52018674,0.67835868,-0.12101917,-0.17526234,-0.18947883,0.09752027,-0.06754297,-0.04835726,0.10077904,0.11312594,0.08959676,-0.06845691,0.04358457,0.05666397
2.030000,0.51333799,-0.37729607,1.18441752,0.29121489,1.51951346,0.67787780,-0.12001495,-0.17408359,-0.18854800,0.09682601,-0.06711648,-0.04783406,0.10001649,0.12264474,0.09657323,-0.07040921,0.04171287,0.04789846
2.040000,0.51214283,-0.37903062,1.18253698,0.29217960,1.51884435,0.67740170,-0.11901980,-0.17280906,-0.18754728,0.09611179,-0.06670871,-0.04740075,0.09896753,0.13227877,0.10357278,-0.07245046,0.03984341,0.03869247
2.050000,0.51095756,-0.38075193,1.18066680,0.29313706,1.51817922,0.67692947,-0.11803651,-0.17143770,-0.18647652,0.09537673,-0.06631959,-0.04706158,0.09764488,0.14200831,0.11058083,-0.07457485,0.03798102,0.02907727
2.060000,0.50978205,-0.38245904,1.17880768,0.29408706,1.51751790,0.67646014,-0.11706777,-0.16996865,-0.18533569,0.09462003,-0.06594905,-0.04682047,0.09606129,0.15181363,0.11758281,-0.07677661,0.03613054,0.01908413
2.070000,0.50861614,-0.38415098,1.17696032,0.29502938,1.51686018,0.67599272,-0.11611611,-0.16840124,-0.18412493,0.09384096,-0.06559693,-0.04668105,0.09422950,0.16167498,0.12456415,-0.07904992,0.03429682,0.00874431
2.080000,0.50745966,-0.38582674,1.17512542,0.29596380,1.51620590,0.67552617,-0.11518396,-0.16673502,-0.18284452,0.09303881,-0.06526304,-0.04664663,0.09216224,0.17157266,0.13151028,-0.08138902,0.03248468,-0.00191091
2.090000,0.50631239,-0.38748535,1.17330366,0.29689008,1.51555486,0.67505943,-0.11427361,-0.16496973,-0.18149489,0.09221298,-0.06494714,-0.04672022,0.08987226,0.18148692,0.13840663,-0.08378809,0.03069897,-0.01285027
2.100000,0.50517411,-0.38912580,1.17149575,0.29780798,1.51490690,0.67459140,-0.11338722,-0.16310530,-0.18007660,0.09136287,-0.06464895,-0.04690448,0.08737229,0.19139803,0.14523864,-0.08624136,0.02894452,-0.02404251
2.110000,0.50404456,-0.39074712,1.16970236,0.29871726,1.51426182,0.67412096,-0.11252682,-0.16114185,-0.17859038,0.09048799,-0.06436813,-0.04720181,0.08467506,0.20128628,0.15199173,-0.08874302,0.02722617,-0.03545635
2.120000,0.50292348,-0.39234831,1.16792417,0.29961766,1.51361948,0.67364698,-0.11169433,-0.15907971,-0.17703708,0.08958787,-0.06410429,-0.04761424,0.08179332,0.21113192,0.15865134,-0.09128730,0.02554875,-0.04706053
2.130000,0.50181057,-0.39392839,1.16616184,0.30050893,1.51297968,0.67316829,-0.11089153,-0.15691942,-0.17541771,0.08866212,-0.06385701,-0.04814355,0.07873981,0.22091522,0.16520289,-0.09386839,0.02391711,-0.05882379
2.140000,0.50070554,-0.39548638,1.16441603,0.30139081,1.51234228,0.67268371,-0.11012007,-0.15466168,-0.17373343,0.08771040,-0.06362578,-0.04879115,0.07552726,0.23061646,0.17163181,-0.09648051,0.02233608,-0.07071484
2.150000,0.49960806,-0.39702130,1.16268738,0.30226305,1.51170712,0.67219207,-0.10938147,-0.15230743,-0.17198553,0.08673242,-0.06341010,-0.04955816,0.07216841,0.24021591,0.17792354,-0.09911786,0.02081050,-0.08270244
2.160000,0.49851780,-0.39853221,1.16097652,0.30312537,1.51107403,0.67169215,-0.10867714,-0.14985777,-0.17017547,0.08572798,-0.06320937,-0.05044541,0.06867599,0.24969384,0.18406351,-0.10177465,0.01934520,-0.09475530
2.170000,0.49743440,-0.40001814,1.15928407,0.30397752,1.51044288,0.67118276,-0.10800835,-0.14731402,-0.16830482,0.08469689,-0.06302298,-0.05145338,0.06506276,0.25903052,0.19003714,-0.10444510,0.01794503,-0.10684217
2.180000,0.49635751,-0.40147818,1.15761062,0.30481922,1.50981353,0.67066268,-0.10737625,-0.14467770,-0.16637533,0.08363905,-0.06285024,-0.05258226,0.06134144,0.26820621,0.19582986,-0.10712341,0.01661481,-0.11893178
2.190000,0.49528675,-0.40291139,1.15595676,0.30565021,1.50918583,0.67013071,-0.10678184,-0.14195050,-0.16438887,0.08255441,-0.06269043,-0.05383192,0.05752477,0.27720119,0.20142711,-0.10980378,0.01535940,-0.13099285
2.200000,0.49422174,-0.40431689,1.15432303,0.30647022,1.50855968,0.66958564,-0.10622603,-0.13913434,-0.16234749,0.08144298,-0.06254279,-0.05520192,0.05362550,0.28599573,0.20681432,-0.11248044,0.01418361,-0.14299412
2.210000,0.49316210,-0.40569379,1.15270998,0.30727898,1.50793494,0.66902627,-0.10570957,-0.13623132,-0.16025334,0.08030483,-0.06240648,-0.05669150,0.04965635,0.29457010,0.21197692,-0.11514758,0.01309230,-0.15490433
2.220000,0.49210742,-0.40704124,1.15111813,0.30807623,1.50731151,0.66845141,-0.10523309,-0.13324374,-0.15810874,0.07914008,-0.06228064,-0.05829960,0.04563008,0.30290457,0.21690034,-0.11779941,0.01209030,-0.16669221
2.230000,0.49105730,-0.40835839,1.14954797,0.30886170,1.50668929,0.66785989,-0.10479711,-0.13017409,-0.15591617,0.07794892,-0.06216436,-0.06002484,0.04155940,0.31097941,0.22157000,-0.12043015,0.01118244,-0.17832648
2.240000,0.49001134,-0.40964445,1.14799996,0.30963512,1.50606820,0.66725053,-0.10440201,-0.12702508,-0.15367824,0.07673157,-0.06205666,-0.06186551,0.03745707,0.31877488,0.22597134,-0.12303400,0.01037357,-0.18977589
2.250000,0.48896913,-0.41089864,1.14647454,0.31039624,1.50544814,0.66662220,-0.10404803,-0.12379959,-0.15139769,0.07548834,-0.06195654,-0.06381963,0.03333582,0.32627127,0.23008979,-0.12560516,0.00966852,-0.20100917
2.260000,0.48793024,-0.41212020,1.14497214,0.31114480,1.50482904,0.66597377,-0.10373531,-0.12050072,-0.14907743,0.07421959,-0.06186293,-0.06588487,0.02920840,0.33344884,0.23391078,-0.12813786,0.00907212,-0.21199504
2.270000,0.48689428,-0.41330842,1.14349312,0.31188055,1.50421086,0.66530414,-0.10346384,-0.11713174,-0.14672052,0.07292573,-0.06177472,-0.06805861,0.02508753,0.34028785,0.23741974,-0.13062630,0.00858922,-0.22270225
2.280000,0.48586083,-0.41446261,1.14203784,0.31260323,1.50359353,0.66461225,-0.10323350,-0.11369616,-0.14433013,0.07160724,-0.06169075,-0.07033789,0.02098595,0.34676859,0.24060210,-0.13306468,0.00822465,-0.23309952
2.290000,0.48482948,-0.41558213,1.14060662,0.31331261,1.50297703,0.66389704,-0.10304402,-0.11019763,-0.14190961,0.07026463,-0.06160982,-0.07271946,0.01691641,0.35287132,0.24344329,-0.13544721,0.00798325,-0.24315558
2.300000,0.48379981,-0.41666637,1.13919974,0.31400845,1.50236133,0.66315753,-0.10289502,-0.10664005,-0.13946245,0.06889850,-0.06153066,-0.07519976,0.01289164,0.35857631,0.24592874,-0.13776811,0.00786986,-0.25283918
2.310000,0.48277144,-0.41771475,1.13781744,0.31469051,1.50174642,0.66239273,-0.10278599,-0.10302750,-0.13699227,0.06750949,-0.06145198,-0.07777490,0.00892438,0.36386383,0.24804388,-0.14002159,0.00788931,-0.26211904
2.320000,0.48174396,-0.41872675,1.13645995,0.31535856,1.50113230,0.66160173,-0.10271630,-0.09936424,-0.13450285,0.06609831,-0.06137242,-0.08044069,0.00502736,0.36871415,0.24977415,-0.14220184,0.00804645,-0.27096390
2.330000,0.48071699,-0.41970188,1.13512744,0.31601240,1.50051898,0.66078363,-0.10268517,-0.09565474,-0.13199812,0.06466572,-0.06129057,-0.08319262,0.00121334,0.37310755,0.25110496,-0.14430308,0.00834610,-0.27934248
2.340000,0.47969013,-0.42063971,1.13382003,0.31665181,1.49990650,0.65993760,-0.10269171,-0.09190367,-0.12948213,0.06321253,-0.06120500,-0.08602588,-0.00250496,0.37702428,0.25202176,-0.14631952,0.00879310,-0.28722353
2.350000,0.47866303,-0.42153983,1.13253782,0.31727659,1.49929490,0.65906286,-0.10273491,-0.08811591,-0.12695911,0.06173963,-0.06111420,-0.08893533,-0.00611481,0.38044463,0.25250997,-0.14824536,0.00939230,-0.29457577
2.360000,0.47763532,-0.42240192,1.13128086,0.31788654,1.49868424,0.65815866,-0.10281361,-0.08429650,-0.12443341,0.06024794,-0.06101663,-0.09191553,-0.00960345,0.38334886,0.25255503,-0.15007482,0.01014853,-0.30136793
2.370000,0.47660664,-0.42322567,1.13004914,0.31848149,1.49807459,0.65722433,-0.10292653,-0.08045072,-0.12190954,0.05873847,-0.06091069,-0.09496072,-0.01295815,0.38571725,0.25214236,-0.15180210,0.01106663,-0.30756876
2.380000,0.47557668,-0.42401086,1.12884264,0.31906125,1.49746605,0.65625925,-0.10307228,-0.07658401,-0.11939214,0.05721226,-0.06079474,-0.09806483,-0.01616617,0.38753005,0.25125739,-0.15342142,0.01215143,-0.31314698
2.390000,0.47454509,-0.42475730,1.12766126,0.31962568,1.49685874,0.65526286,-0.10324932,-0.07270203,-0.11688601,0.05567042,-0.06066709,-0.10122148,-0.01921479,0.38876755,0.24988556,-0.15492697,0.01340777,-0.31807133
2.400000,0.47351159,-0.42546487,1.12650487,0.32017461,1.49625276,0.65423467,-0.10345600,-0.06881064,-0.11439610,0.05411412,-0.06052600,-0.10442397,-0.02209125,0.38941002,0.24801229,-0.15631297,0.01484049,-0.32231053
2.410000,0.47247588,-0.42613350,1.12537327,0.32070792,1.49564827,0.65317425,-0.10369053,-0.06491588,-0.11192749,0.05254458,-0.06036968,-0.10766530,-0.02478282,0.38943772,0.24562302,-0.15757364,0.01645443,-0.32583333
2.420000,0.47143770,-0.42676320,1.12426623,0.32122546,1.49504542,0.65208126,-0.10395100,-0.06102400,-0.10948541,0.05096309,-0.06019629,-0.11093814,-0.02727676,0.38883092,0.24270318,-0.15870316,0.01825442,-0.32860845
2.430000,0.47039678,-0.42735402,1.12318346,0.32172714,1.49444440,0.65095541,-0.10423536,-0.05714144,-0.10707524,0.04937097,-0.06000395,-0.11423487,-0.02956033,0.38756989,0.23923819,-0.15969577,0.02024530,-0.33060462
2.440000,0.46935292,-0.42790608,1.12212460,0.32221285,1.49384541,0.64979651,-0.10454146,-0.05327485,-0.10470251,0.04776965,-0.05979073,-0.11754753,-0.03162080,0.38563491,0.23521348,-0.16054565,0.02243191,-0.33179059
2.450000,0.46830589,-0.42841959,1.12108926,0.32268251,1.49324866,0.64860443,-0.10486699,-0.04943106,-0.10237288,0.04616056,-0.05955465,-0.12086788,-0.03344543,0.38300625,0.23061450,-0.16124703,0.02481908,-0.33213508
2.460000,0.46725552,-0.42889480,1.12007698,0.32313604,1.49265440,0.64737915,-0.10520954,-0.04561710,-0.10009218,0.04454522,-0.05929367,-0.12418733,-0.03502148,0.37966417,0.22542666,-0.16179411,0.02741166,-0.33160683
2.470000,0.46620165,-0.42933205,1.11908724,0.32357340,1.49206288,0.64612072,-0.10556655,-0.04184022,-0.09786636,0.04292521,-0.05900571,-0.12749700,-0.03633620,0.37558894,0.21963540,-0.16218110,0.03021448,-0.33017456
2.480000,0.46514415,-0.42973175,1.11811945,0.32399454,1.49147438,0.64482928,-0.10593535,-0.03810783,-0.09570153,0.04130215,-0.05868866,-0.13078770,-0.03737688,0.37076084,0.21322615,-0.16240221,0.03323237,-0.32780701
2.490000,0.46408291,-0.43009438,1.11717298,0.32439944,1.49088921,0.64350506,-0.10631313,-0.03442758,-0.09360395,0.03967774,-0.05834033,-0.13404992,-0.03813075,0.36516014,0.20618433,-0.16245164,0.03647017,-0.32447292
2.500000,0.46301787,-0.43042051,1.11624713,0.32478809,1.49030769,0.64214840,-0.10669697,-0.03080727,-0.09158000,0.03805371,-0.05795851,-0.13727383,-0.03858510,0.35876710,0.19849539,-0.16232361,0.03993273,-0.32014102
2.510000,0.46194896,-0.43071076,1.11534111,0.32516052,1.48973016,0.64075974,-0.10708381,-0.02725492,-0.08963623,0.03643187,-0.05754092,-0.14044934,-0.03873108,0.35157043,0.19015197,-0.16201429,0.04362212,-0.31479151
2.520000,0.46087619,-0.43096586,1.11445411,0.32551674,1.48915700,0.63933961,-0.10747059,-0.02377847,-0.08777908,0.03481401,-0.05708534,-0.14356636,-0.03857552,0.34359250,0.18117563,-0.16152778,0.04752936,-0.30845048
2.530000,0.45979956,-0.43118660,1.11358522,0.32585682,1.48858859,0.63788864,-0.10785435,-0.02038557,-0.08601473,0.03320188,-0.05658965,-0.14661517,-0.03812913,0.33486413,0.17159516,-0.16087013,0.05164275,-0.30115550
2.540000,0.45871912,-0.43137387,1.11273349,0.32618081,1.48802535,0.63640757,-0.10823223,-0.01708358,-0.08434909,0.03159716,-0.05605184,-0.14958641,-0.03740265,0.32541614,0.16143935,-0.16004738,0.05595054,-0.29294414
2.550000,0.45763495,-0.43152860,1.11189789,0.32648879,1.48746770,0.63489720,-0.10860150,-0.01387954,-0.08278776,0.03000147,-0.05547003,-0.15247112,-0.03640680,0.31527933,0.15073698,-0.15906561,0.06044101,-0.28385395
2.560000,0.45654713,-0.43165181,1.11107737,0.32678087,1.48691610,0.63335846,-0.10895951,-0.01078019,-0.08133608,0.02841636,-0.05484245,-0.15526069,-0.03515231,0.30448453,0.13951683,-0.15793087,0.06510244,-0.27392250
2.570000,0.45545580,-0.43174458,1.11027079,0.32705716,1.48637101,0.63179234,-0.10930372,-0.00779194,-0.07999906,0.02684334,-0.05416745,-0.15794689,-0.03364989,0.29306254,0.12780769,-0.15664921,0.06992309,-0.26318735
2.580000,0.45436111,-0.43180804,1.10947699,0.32731778,1.48583291,0.63019990,-0.10963172,-0.00492093,-0.07878146,0.02528385,-0.05344349,-0.16052188,-0.03191027,0.28104418,0.11563834,-0.15522670,0.07489125,-0.25168608
2.590000,0.45326323,-0.43184341,1.10869475,0.32756289,1.48530231,0.62858229,-0.10994117,-0.00217295,-0.07768773,0.02373925,-0.05266917,-0.16297818,-0.02994419,0.26846025,0.10303757,-0.15366938,0.07999518,-0.23945624
2.600000,0.45216236,-0.43185193,1.10792281,0.32779262,1.48477970,0.62694075,-0.11022988,0.00044650,-0.07672205,0.02221089,-0.05184318,-0.16530870,-0.02776236,0.25534158,0.09003416,-0.15198331,0.08522316,-0.22653540
2.610000,0.45105871,-0.43183492,1.10715987,0.32800716,1.48426562,0.62527656,-0.11049574,0.00293221,-0.07588829,0.02070000,-0.05096433,-0.16750671,-0.02537550,0.24171897,0.07665690,-0.15017456,0.09056347,-0.21296112
2.620000,0.44995252,-0.43179375,1.10640459,0.32820668,1.48376059,0.62359108,-0.11073674,0.00527930,-0.07519006,0.01920778,-0.05003157,-0.16956587,-0.02279435,0.22762324,0.06293457,-0.14824918,0.09600437,-0.19877097
2.630000,0.44884406,-0.43172981,1.10565560,0.32839138,1.48326517,0.62188573,-0.11095101,0.00748320,-0.07463066,0.01773538,-0.04904395,-0.17148021,-0.02002963,0.21308520,0.04889596,-0.14621323,0.10153413,-0.18400251
2.640000,0.44773360,-0.43164457,1.10491150,0.32856146,1.48277990,0.62016198,-0.11113676,0.00953963,-0.07421310,0.01628387,-0.04800063,-0.17324412,-0.01709207,0.19813566,0.03456985,-0.14407276,0.10714104,-0.16869331
2.650000,0.44662143,-0.43153953,1.10417086,0.32871713,1.48230535,0.61842136,-0.11129231,0.01144464,-0.07394012,0.01485426,-0.04690091,-0.17485240,-0.01399238,0.18280544,0.01998503,-0.14183382,0.11281337,-0.15288093
2.660000,0.44550786,-0.43141620,1.10343221,0.32885862,1.48184207,0.61666546,-0.11141610,0.01319457,-0.07381416,0.01344750,-0.04574419,-0.17630019,-0.01074129,0.16712534,0.00517028,-0.13950249,0.11853938,-0.13660292
2.670000,0.44439322,-0.43127616,1.10269408,0.32898616,1.48139065,0.61489591,-0.11150667,0.01478608,-0.07383739,0.01206449,-0.04452998,-0.17758303,-0.00734954,0.15112619,-0.00984561,-0.13708480,0.12430735,-0.11989687
2.680000,0.44327784,-0.43112102,1.10195496,0.32910000,1.48095167,0.61311437,-0.11156266,0.01621614,-0.07401165,0.01070607,-0.04325794,-0.17869682,-0.00382783,0.13483879,-0.02503386,-0.13458683,0.13010556,-0.10280033
2.690000,0.44216208,-0.43095239,1.10121334,0.32920037,1.48052569,0.61132255,-0.11158283,0.01748200,-0.07433854,0.00937300,-0.04192781,-0.17963786,-0.00018691,0.11829396,-0.04036568,-0.13201463,0.13592228,-0.08535087
2.700000,0.44104631,-0.43077193,1.10046768,0.32928754,1.48011330,0.60952220,-0.11156604,0.01858126,-0.07481935,0.00806601,-0.04053947,-0.18040279,0.00356251,0.10152252,-0.05581229,-0.12937424,0.14174578,-0.06758605
2.710000,0.43993089,-0.43058132,1.09971643,0.32936178,1.47971509,0.60771509,-0.11151125,0.01951180,-0.07545507,0.00678573,-0.03909291,-0.18098865,0.00740971,0.08455526,-0.07134491,-0.12667174,0.14756434,-0.04954343
2.720000,0.43881621,-0.43038226,1.09895806,0.32942335,1.47933164,0.60590303,-0.11141755,0.02027181,-0.07624644,0.00553276,-0.03758824,-0.18139286,0.01134395,0.06742301,-0.08693475,-0.12391318,0.15336622,-0.03126059
2.730000,0.43770267,-0.43017646,1.09819098,0.32947253,1.47896352,0.60408785,-0.11128412,0.02085981,-0.07719386,0.00430763,-0.03602568,-0.18161319,0.01535451,0.05015658,-0.10255302,-0.12110461,0.15913971,-0.01277507
2.740000,0.43659066,-0.42996564,1.09741366,0.32950959,1.47861132,0.60227139,-0.11111024,0.02127460,-0.07829750,0.00311081,-0.03440558,-0.18164781,0.01943067,0.03278678,-0.11817093,-0.11825210,0.16487307,0.00587554
2.750000,0.43548060,-0.42975155,1.09662451,0.32953484,1.47827560,0.60045551,-0.11089532,0.02151531,-0.07955718,0.00194271,-0.03272839,-0.18149525,0.02356170,0.01534442,-0.13375972,-0.11536169,0.17055458,0.02465369
2.760000,0.43437290,-0.42953592,1.09582200,0.32954855,1.47795694,0.59864211,-0.11063886,0.02158135,-0.08097250,0.00080368,-0.03099470,-0.18115443,0.02773687,-0.00213968,-0.14929058,-0.11243944,0.17617252,0.04352182
2.770000,0.43326796,-0.42932051,1.09500455,0.32955101,1.47765589,0.59683305,-0.11034047,0.02147247,-0.08254271,-0.00030599,-0.02920519,-0.18062464,0.03194547,-0.01963471,-0.16473474,-0.10949142,0.18171514,0.06244235
2.780000,0.43216623,-0.42910705,1.09417063,0.32954252,1.47737302,0.59503025,-0.10999988,0.02118872,-0.08426681,-0.00138608,-0.02736069,-0.17990554,0.03617677,-0.03710985,-0.18006341,-0.10652368,0.18717074,0.08137773
2.790000,0.43106811,-0.42889731,1.09331870,0.32952339,1.47710886,0.59323557,-0.10961690,0.02073045,-0.08614349,-0.00243642,-0.02546211,-0.17899716,0.04042004,-0.05453431,-0.19524780,-0.10354227,0.19252758,0.10029039
2.800000,0.42997403,-0.42869302,1.09244726,0.32949390,1.47686395,0.59145093,-0.10919147,0.02009831,-0.08817119,-0.00345690,-0.02351050,-0.17789993,0.04466455,-0.07187725,-0.21025914,-0.10055326,0.19777393,0.11914276
2.810000,0.42888442,-0.42849592,1.09155478,0.32945435,1.47663882,0.58967820,-0.10872364,0.01929328,-0.09034800,-0.00444748,-0.02150704,-0.17661463,0.04889959,-0.08910787,-0.22506863,-0.09756270,0.20289808,0.13789729
2.820000,0.42779970,-0.42830773,1.09063981,0.32940505,1.47643398,0.58791926,-0.10821355,0.01831663,-0.09267179,-0.00540817,-0.01945299,-0.17514244,0.05311442,-0.10619535,-0.23964749,-0.09457664,0.20788828,0.15651640
2.830000,0.42672029,-0.42813016,1.08970087,0.32934629,1.47624993,0.58617597,-0.10766145,0.01716995,-0.09514009,-0.00633904,-0.01734976,-0.17348488,0.05729833,-0.12310889,-0.25396693,-0.09160114,0.21273282,0.17496254
2.840000,0.42564661,-0.42796489,1.08873653,0.32927836,1.47608714,0.58445018,-0.10706772,0.01585513,-0.09775017,-0.00724025,-0.01519886,-0.17164389,0.06144058,-0.13981767,-0.26799818,-0.08864227,0.21741997,0.19319814
2.850000,0.42457907,-0.42781361,1.08774540,0.32920158,1.47594610,0.58274370,-0.10643282,0.01437438,-0.10049900,-0.00811197,-0.01300192,-0.16962175,0.06553046,-0.15629088,-0.28171244,-0.08570607,0.22193801,0.21118563
2.860000,0.42351809,-0.42767795,1.08672610,0.32911622,1.47582725,0.58105834,-0.10575732,0.01273020,-0.10338326,-0.00895446,-0.01076070,-0.16742113,0.06955723,-0.17249770,-0.29508094,-0.08279860,0.22627519,0.22888745
2.870000,0.42246406,-0.42755954,1.08567729,0.32902259,1.47573103,0.57939586,-0.10504192,0.01092542,-0.10639937,-0.00976805,-0.00847706,-0.16504507,0.07351018,-0.18840732,-0.30807488,-0.07992593,0.23041981,0.24626604
2.880000,0.42141738,-0.42745997,1.08459769,0.32892096,1.47565785,0.57775801,-0.10428740,0.00896315,-0.10954342,-0.01055312,-0.00615298,-0.16249701,0.07737857,-0.20398893,-0.32066548,-0.07709410,0.23436013,0.26328383
2.890000,0.42037844,-0.42738079,1.08348601,0.32881162,1.47560810,0.57614648,-0.10349466,0.00684683,-0.11281124,-0.01131009,-0.00379057,-0.15978073,0.08115168,-0.21921172,-0.33282397,-0.07430918,0.23808442,0.27990325
2.900000,0.41934761,-0.42732353,1.08234106,0.32869485,1.47558215,0.57456294,-0.10266472,0.00458021,-0.11619836,-0.01203948,-0.00139205,-0.15690040,0.08481880,-0.23404487,-0.34452154,-0.07157722,0.24158097,0.29608675
2.910000,0.41832526,-0.42728967,1.08116166,0.32857092,1.47558037,0.57300901,-0.10179868,0.00216734,-0.11970003,-0.01274183,0.00104025,-0.15386057,0.08836918,-0.24845757,-0.35572942,-0.06890428,0.24483803,0.31179676
2.920000,0.41731175,-0.42728066,1.07994670,0.32844010,1.47560306,0.57148624,-0.10089776,-0.00038743,-0.12331122,-0.01341778,0.00350387,-0.15066617,0.09179211,-0.26241901,-0.36641882,-0.06629641,0.24784390,0.32699572
2.930000,0.41630742,-0.42729788,1.07869509,0.32830265,1.47565054,0.56999618,-0.09996330,-0.00307943,-0.12702659,-0.01406800,0.00599625,-0.14732248,0.09507687,-0.27589837,-0.37656096,-0.06375968,0.25058683,0.34164605
2.940000,0.41531259,-0.42734269,1.07740584,0.32815882,1.47572308,0.56854027,-0.09899672,-0.00590369,-0.13084052,-0.01469323,0.00851469,-0.14383520,0.09821272,-0.28886485,-0.38612705,-0.06130013,0.25305510,0.35571020
2.950000,0.41432759,-0.42741638,1.07607797,0.32800886,1.47582091,0.56711993,-0.09799957,-0.00885492,-0.13474711,-0.01529428,0.01105640,-0.14021036,0.10118895,-0.30128762,-0.39508831,-0.05892383,0.25523699,0.36915060
2.960000,0.41335270,-0.42752019,1.07471061,0.32785301,1.47594427,0.56573650,-0.09697351,-0.01192753,-0.13874017,-0.01587201,0.01361844,-0.13645439,0.10399482,-0.31313588,-0.40341595,-0.05663683,0.25712076,0.38192969
2.970000,0.41238821,-0.42765531,1.07330290,0.32769150,1.47609334,0.56439126,-0.09592028,-0.01511562,-0.14281322,-0.01642733,0.01619778,-0.13257409,0.10661962,-0.32437881,-0.41108120,-0.05444519,0.25869470,0.39400991
2.980000,0.41143438,-0.42782287,1.07185410,0.32752454,1.47626827,0.56308541,-0.09484175,-0.01841298,-0.14695949,-0.01696125,0.01879126,-0.12857665,0.10905261,-0.33498561,-0.41805525,-0.05235497,0.25994708,0.40535368
2.990000,0.41049145,-0.42802391,1.07036349,0.32735234,1.47646920,0.56182009,-0.09373990,-0.02181311,-0.15117193,-0.01747479,0.02139561,-0.12446960,0.11128308,-0.34492545,-0.42430933,-0.05037222,0.26086616,0.41592345
3.000000,0.40955965,-0.42825945,1.06883046,0.32717511,1.47669621,0.56059636,-0.09261680,-0.02530917,-0.15544318,-0.01796907,0.02400743,-0.12026088,0.11330029,-0.35416752,-0.42981466,-0.04850299,0.26144023,0.42568164
3.010000,0.40863918,-0.42853039,1.06725446,0.32699302,1.47694936,0.55941519,-0.09147464,-0.02889403,-0.15976563,-0.01844525,0.02662322,-0.11595880,0.11509353,-0.36268102,-0.43454245,-0.04675336,0.26165755,0.43459071
3.020000,0.40773021,-0.42883760,1.06563501,0.32680626,1.47722868,0.55827747,-0.09031572,-0.03256026,-0.16413135,-0.01890456,0.02923936,-0.11157203,0.11665206,-0.37043513,-0.43846391,-0.04512937,0.26150641,0.44261307
3.030000,0.40683291,-0.42918184,1.06397171,0.32661498,1.47753414,0.55718400,-0.08914242,-0.03630010,-0.16853212,-0.01934828,0.03185208,-0.10710962,0.11796517,-0.37739903,-0.44155026,-0.04363708,0.26097506,0.44971118
3.040000,0.40594740,-0.42956382,1.06226428,0.32641934,1.47786569,0.55613549,-0.08795727,-0.04010550,-0.17295947,-0.01977776,0.03445755,-0.10258101,0.11902213,-0.38354192,-0.44377271,-0.04228255,0.26005179,0.45584746
3.050000,0.40507380,-0.42998414,1.06051247,0.32621947,1.47822325,0.55513257,-0.08676287,-0.04396810,-0.17740460,-0.02019441,0.03705177,-0.09799600,0.11981220,-0.38883297,-0.44510248,-0.04107183,0.25872487,0.46098434
3.060000,0.40421217,-0.43044334,1.05871615,0.32601549,1.47860668,0.55417573,-0.08556195,-0.04787922,-0.18185845,-0.02059969,0.03963066,-0.09336478,0.12032468,-0.39324139,-0.44551079,-0.04001098,0.25698257,0.46508427
3.070000,0.40336257,-0.43094186,1.05687530,0.32580751,1.47901580,0.55326539,-0.08435734,-0.05182988,-0.18631165,-0.02099515,0.04219000,-0.08869790,0.12054883,-0.39673634,-0.44496885,-0.03910606,0.25481317,0.46810968
3.080000,0.40252502,-0.43148004,1.05498996,0.32559561,1.47945040,0.55240185,-0.08315197,-0.05581080,-0.19075456,-0.02138235,0.04472546,-0.08400629,0.12047393,-0.39928704,-0.44344787,-0.03836313,0.25220494,0.47002301
3.090000,0.40169952,-0.43205815,1.05306028,0.32537988,1.47991022,0.55158531,-0.08194889,-0.05981237,-0.19517725,-0.02176297,0.04723260,-0.07930127,0.12008925,-0.40086265,-0.44091908,-0.03778823,0.24914615,0.47078669
3.100000,0.40088603,-0.43267633,1.05108651,0.32516037,1.48039494,0.55081583,-0.08075125,-0.06382470,-0.19956949,-0.02213870,0.04970685,-0.07459451,0.11938407,-0.40143236,-0.43735367,-0.03738744,0.24562507,0.47036316
3.110000,0.40008447,-0.43333464,1.04906902,0.32493712,1.48090423,0.55009338,-0.07956231,-0.06783756,-0.20392077,-0.02251132,0.05214352,-0.06989809,0.11834766,-0.40096537,-0.43272288,-0.03716680,0.24162999,0.46871485
3.120000,0.39929474,-0.43403304,1.04700827,0.32471015,1.48143767,0.54941780,-0.07838544,-0.07184045,-0.20822030,-0.02288266,0.05453783,-0.06522443,0.11696930,-0.39943086,-0.42699792,-0.03713237,0.23714916,0.46580420
3.130000,0.39851671,-0.43477138,1.04490483,0.32447946,1.48199483,0.54878878,-0.07722410,-0.07582252,-0.21245699,-0.02325461,0.05688485,-0.06058633,0.11523874,-0.39679937,-0.42015136,-0.03728993,0.23217154,0.46159533
3.140000,0.39775020,-0.43554939,1.04275938,0.32424505,1.48257519,0.54820591,-0.07608184,-0.07977278,-0.21661960,-0.02362909,0.05917961,-0.05599684,0.11315654,-0.39307249,-0.41218733,-0.03763879,0.22670124,0.45609100
3.150000,0.39699500,-0.43636669,1.04057272,0.32400687,1.48317823,0.54766864,-0.07496210,-0.08368043,-0.22069713,-0.02400800,0.06141729,-0.05146869,0.11073410,-0.38828287,-0.40314142,-0.03817181,0.22075759,0.44933263
3.160000,0.39625087,-0.43722282,1.03834575,0.32376487,1.48380333,0.54717629,-0.07386825,-0.08753501,-0.22467894,-0.02439312,0.06359325,-0.04701422,0.10798329,-0.38246450,-0.39305065,-0.03888154,0.21436059,0.44136332
3.170000,0.39551754,-0.43811718,1.03607949,0.32351898,1.48444987,0.54672807,-0.07280349,-0.09132640,-0.22855478,-0.02478619,0.06570306,-0.04264532,0.10491598,-0.37565138,-0.38195201,-0.03976057,0.20753022,0.43222617
3.180000,0.39479469,-0.43904910,1.03377504,0.32326911,1.48511716,0.54632306,-0.07177094,-0.09504483,-0.23231475,-0.02518887,0.06774248,-0.03837345,0.10154404,-0.36787751,-0.36988248,-0.04080145,0.20028647,0.42196428
3.190000,0.39408200,-0.44001781,1.03143361,0.32301516,1.48580447,0.54596024,-0.07077359,-0.09868086,-0.23594932,-0.02560273,0.06970748,-0.03420964,0.09787932,-0.35917688,-0.35687906,-0.04199676,0.19264933,0.41062075
3.200000,0.39337909,-0.44102242,1.02905651,0.32275701,1.48651105,0.54563847,-0.06981429,-0.10222539,-0.23944934,-0.02602929,0.07159422,-0.03016450,0.09393371,-0.34958350,-0.34297874,-0.04333907,0.18463878,0.39823868
3.210000,0.39268558,-0.44206198,1.02664511,0.32249453,1.48723609,0.54535652,-0.06889581,-0.10566967,-0.24280603,-0.02646998,0.07339908,-0.02624819,0.08971906,-0.33913136,-0.32821851,-0.04482095,0.17627481,0.38486116
3.220000,0.39200103,-0.44313545,1.02420089,0.32222756,1.48797875,0.54511304,-0.06802077,-0.10900527,-0.24601097,-0.02692615,0.07511861,-0.02247045,0.08524725,-0.32785445,-0.31263538,-0.04643496,0.16757742,0.37053130
3.230000,0.39132501,-0.44424170,1.02172542,0.32195595,1.48873816,0.54490662,-0.06719168,-0.11222412,-0.24905611,-0.02739910,0.07674958,-0.01884059,0.08053014,-0.31578677,-0.29626632,-0.04817368,0.15856659,0.35529220
3.240000,0.39065704,-0.44537952,1.01922033,0.32167952,1.48951343,0.54473571,-0.06641095,-0.11531848,-0.25193380,-0.02789002,0.07828896,-0.01536749,0.07557960,-0.30296233,-0.27914834,-0.05002967,0.14926230,0.33918695
3.250000,0.38999662,-0.44654763,1.01668733,0.32139809,1.49030363,0.54459871,-0.06568083,-0.11828096,-0.25463671,-0.02840006,0.07973391,-0.01205960,0.07040749,-0.28941512,-0.26131842,-0.05199551,0.13968455,0.32225866
3.260000,0.38934324,-0.44774467,1.01412820,0.32111145,1.49110779,0.54449394,-0.06500349,-0.12110449,-0.25715792,-0.02893027,0.08108181,-0.00892492,0.06502570,-0.27517913,-0.24281357,-0.05406376,0.12985332,0.30455042
3.270000,0.38869637,-0.44896923,1.01154479,0.32081941,1.49192493,0.54441961,-0.06438098,-0.12378236,-0.25949085,-0.02948165,0.08233020,-0.00597104,0.05944607,-0.26028836,-0.22367076,-0.05622700,0.11978861,0.28610533
3.280000,0.38805544,-0.45021981,1.00893903,0.32052175,1.49275405,0.54437389,-0.06381519,-0.12630819,-0.26162933,-0.03005510,0.08347687,-0.00320512,0.05368048,-0.24477681,-0.20392700,-0.05847778,0.10951039,0.26696650
3.290000,0.38741987,-0.45149487,1.00631288,0.32021823,1.49359412,0.54435486,-0.06330795,-0.12867594,-0.26356751,-0.03065147,0.08451977,-0.00063388,0.04774080,-0.22867847,-0.18361928,-0.06080869,0.09903867,0.24717701
3.300000,0.38678908,-0.45279278,1.00366837,0.31990864,1.49444410,0.54436054,-0.06286092,-0.13087992,-0.26529996,-0.03127152,0.08545706,0.00173639,0.04163890,-0.21202735,-0.16278459,-0.06321229,0.08839342,0.22677998
3.310000,0.38616244,-0.45411190,1.00100758,0.31959272,1.49530291,0.54438890,-0.06247567,-0.13291476,-0.26682157,-0.03191593,0.08628712,0.00389984,0.03538664,-0.19485744,-0.14145992,-0.06568115,0.07759463,0.20581850
3.320000,0.38553935,-0.45545050,0.99833265,0.31927024,1.49616948,0.54443783,-0.06215365,-0.13477545,-0.26812764,-0.03258533,0.08700851,0.00585102,0.02899588,-0.17720274,-0.11968227,-0.06820784,0.06666230,0.18433566
3.330000,0.38491916,-0.45680681,0.99564576,0.31894093,1.49704271,0.54450520,-0.06189617,-0.13645731,-0.26921383,-0.03328026,0.08761999,0.00758496,0.02247851,-0.15909724,-0.09748863,-0.07078492,0.05561640,0.16237458
3.340000,0.38430121,-0.45817903,0.99294912,0.31860454,1.49792151,0.54458879,-0.06170446,-0.13795600,-0.27007615,-0.03400117,0.08812053,0.00909706,0.01584638,-0.14057494,-0.07491599,-0.07340498,0.04447694,0.13997834
3.350000,0.38368484,-0.45956531,0.99024500,0.31826082,1.49880475,0.54468638,-0.06157959,-0.13926753,-0.27071101,-0.03474848,0.08850928,0.01038322,0.00911136,-0.12166984,-0.05200135,-0.07606057,0.03326389,0.11719005
3.360000,0.38306939,-0.46096375,0.98753567,0.31790949,1.49969132,0.54479569,-0.06152254,-0.14038824,-0.27111516,-0.03552248,0.08878563,0.01143970,0.00228532,-0.10241593,-0.02878169,-0.07874427,0.02199725,0.09405280
3.370000,0.38245417,-0.46237243,0.98482347,0.31755028,1.50058008,0.54491440,-0.06153415,-0.14131480,-0.27128575,-0.03632343,0.08894912,0.01226325,-0.00461987,-0.08284722,-0.00529402,-0.08144864,0.01069700,0.07060970
3.380000,0.38183848,-0.46378939,0.98211074,0.31718293,1.50146992,0.54504017,-0.06161516,-0.14204425,-0.27122027,-0.03715150,0.08899952,0.01285102,-0.01159235,-0.06299770,0.01842469,-0.08416626,-0.00061687,0.04690385
3.390000,0.38122163,-0.46521265,0.97939986,0.31680716,1.50235970,0.54517063,-0.06176618,-0.14257393,-0.27091661,-0.03800677,0.08893680,0.01320060,-0.01862024,-0.04290136,0.04233742,-0.08688969,-0.01192436,0.02297834
3.400000,0.38060292,-0.46664019,0.97669321,0.31642270,1.50324828,0.54530338,-0.06198771,-0.14290156,-0.27037300,-0.03888928,0.08876112,0.01331000,-0.02569169,-0.02259221,0.06640720,-0.08961150,-0.02320551,-0.00112373
3.410000,0.37998164,-0.46807000,0.97399320,0.31602928,1.50413454,0.54543602,-0.06228012,-0.14302518,-0.26958807,-0.03979897,0.08847284,0.01317768,-0.03279481,-0.00210424,0.09059702,-0.09232427,-0.03444030,-0.02535925
3.420000,0.37935708,-0.46950001,0.97130226,0.31562663,1.50501736,0.54556613,-0.06264367,-0.14294317,-0.26856079,-0.04073572,0.08807254,0.01280251,-0.03991775,0.01852856,0.11486990,-0.09502056,-0.04560876,-0.04968514
3.430000,0.37872853,-0.47092817,0.96862280,0.31521448,1.50589562,0.54569126,-0.06307850,-0.14265424,-0.26729051,-0.04169931,0.08756096,0.01218382,-0.04704864,0.03927218,0.13918884,-0.09769295,-0.05669091,-0.07405828
3.440000,0.37809527,-0.47235240,0.96595726,0.31479256,1.50676822,0.54580899,-0.06358463,-0.14215747,-0.26577698,-0.04268947,0.08693907,0.01132133,-0.05417561,0.06009262,0.16351685,-0.10033399,-0.06766674,-0.09843558
3.450000,0.37745660,-0.47377063,0.96330807,0.31436060,1.50763404,0.54591688,-0.06416196,-0.14145225,-0.26402027,-0.04370586,0.08620804,0.01021524,-0.06128680,0.08095590,0.18781694,-0.10293626,-0.07851627,-0.12277394
3.460000,0.37681180,-0.47518075,0.96067766,0.31391835,1.50849202,0.54601248,-0.06481027,-0.14053832,-0.26202086,-0.04474804,0.08536923,0.00886613,-0.06837032,0.10182801,0.21205211,-0.10549233,-0.08921952,-0.14703026
3.470000,0.37616016,-0.47658070,0.95806846,0.31346556,1.50934107,0.54609339,-0.06552923,-0.13941577,-0.25977957,-0.04581552,0.08442421,0.00727505,-0.07541433,0.12267496,0.23618537,-0.10799477,-0.09975649,-0.17116145
3.480000,0.37550098,-0.47796837,0.95548287,0.31300196,1.51018015,0.54615718,-0.06631839,-0.13808502,-0.25729761,-0.04690773,0.08337472,0.00544346,-0.08240694,0.14346275,0.26017973,-0.11043615,-0.11010720,-0.19512440
3.490000,0.37483356,-0.47934171,0.95292330,0.31252732,1.51100823,0.54620147,-0.06717716,-0.13654682,-0.25457656,-0.04802402,0.08222275,0.00337326,-0.08933630,0.16415738,0.28399819,-0.11280904,-0.12025166,-0.21887601
3.500000,0.37415720,-0.48069862,0.95039213,0.31204140,1.51182427,0.54622386,-0.06810486,-0.13480229,-0.25161836,-0.04916366,0.08097045,0.00106679,-0.09619053,0.18472486,0.30760376,-0.11510600,-0.13016989,-0.24237318
3.510000,0.37347123,-0.48203707,0.94789172,0.31154397,1.51262731,0.54622202,-0.06910068,-0.13285286,-0.24842532,-0.05032586,0.07962017,-0.00147321,-0.10295777,0.20513119,0.33095946,-0.11731961,-0.13984188,-0.26557282
3.520000,0.37277497,-0.48335500,0.94542440,0.31103481,1.51341636,0.54619363,-0.07016369,-0.13070032,-0.24500012,-0.05150975,0.07817450,-0.00424353,-0.10962615,0.22534237,0.35402828,-0.11944243,-0.14924766,-0.28843183
3.530000,0.37206774,-0.48465040,0.94299248,0.31051371,1.51419049,0.54613640,-0.07129284,-0.12834678,-0.24134583,-0.05271438,0.07663617,-0.00724057,-0.11618381,0.24532440,0.37677323,-0.12146703,-0.15836724,-0.31090710
3.540000,0.37134889,-0.48592128,0.94059823,0.30998046,1.51494878,0.54604808,-0.07248696,-0.12579471,-0.23746586,-0.05393874,0.07500817,-0.01046025,-0.12261886,0.26504329,0.39915733,-0.12338599,-0.16718063,-0.33295554
3.550000,0.37061779,-0.48716565,0.93824390,0.30943487,1.51569036,0.54592646,-0.07374477,-0.12304691,-0.23336401,-0.05518173,0.07329365,-0.01389811,-0.12891946,0.28446504,0.42114357,-0.12519188,-0.17566784,-0.35453404
3.560000,0.36987379,-0.48838157,0.93593168,0.30887677,1.51641438,0.54576940,-0.07506486,-0.12010651,-0.22904444,-0.05644217,0.07149597,-0.01754922,-0.13507373,0.30355565,0.44269497,-0.12687725,-0.18380888,-0.37559952
3.570000,0.36911629,-0.48956715,0.93366372,0.30830597,1.51712002,0.54557479,-0.07644571,-0.11697701,-0.22451168,-0.05771884,0.06961869,-0.02140825,-0.14106979,0.32228113,0.46377453,-0.12843469,-0.19158377,-0.39610886
3.580000,0.36834468,-0.49072050,0.93144214,0.30772234,1.51780650,0.54534056,-0.07788569,-0.11366222,-0.21977065,-0.05901042,0.06766558,-0.02546940,-0.14689580,0.34060748,0.48434526,-0.12985675,-0.19897252,-0.41601898
3.590000,0.36755838,-0.49183979,0.92926899,0.30712572,1.51847309,0.54506475,-0.07938302,-0.11016630,-0.21482660,-0.06031550,0.06564060,-0.02972649,-0.15253987,0.35850070,0.50437016,-0.13113602,-0.20595513,-0.43528676
3.600000,0.36675683,-0.49292323,0.92714627,0.30651599,1.51911909,0.54474540,-0.08093584,-0.10649376,-0.20968519,-0.06163264,0.06354790,-0.03417285,-0.15799014,0.37592680,0.52381225,-0.13226505,-0.21251162,-0.45386912
3.610000,0.36593949,-0.49396909,0.92507592,0.30589303,1.51974384,0.54438068,-0.08254214,-0.10264944,-0.20435242,-0.06296028,0.06139185,-0.03880144,-0.16323474,0.39285177,0.54263453,-0.13323643,-0.21862201,-0.47172295
3.620000,0.36510582,-0.49497567,0.92305983,0.30525675,1.52034673,0.54396879,-0.08419981,-0.09863851,-0.19883468,-0.06429682,0.05917701,-0.04360474,-0.16826181,0.40924163,0.56080000,-0.13404271,-0.22426630,-0.48880515
3.630000,0.36425533,-0.49594132,0.92109982,0.30460707,1.52092720,0.54350803,-0.08590661,-0.09446650,-0.19313873,-0.06564056,0.05690814,-0.04857483,-0.17305947,0.42506237,0.57827168,-0.13467647,-0.22942451,-0.50507262
3.640000,0.36338753,-0.49686448,0.91919763,0.30394393,1.52148473,0.54299677,-0.08766019,-0.09013927,-0.18727169,-0.06698974,0.05459021,-0.05370333,-0.17761587,0.44027999,0.59501258,-0.13513027,-0.23407664,-0.52048227
3.650000,0.36250198,-0.49774361,0.91735493,0.30326727,1.52201885,0.54243346,-0.08945808,-0.08566303,-0.18124104,-0.06834254,0.05222836,-0.05898147,-0.18191913,0.45486051,0.61098569,-0.13539670,-0.23820272,-0.53499100
3.660000,0.36159823,-0.49857726,0.91557333,0.30257707,1.52252917,0.54181667,-0.09129769,-0.08104430,-0.17505466,-0.06969703,0.04982797,-0.06440001,-0.18595738,0.46876992,0.62615403,-0.13546830,-0.24178274,-0.54855570
3.670000,0.36067589,-0.49936405,0.91385433,0.30187333,1.52301530,0.54114503,-0.09317631,-0.07628998,-0.16872077,-0.07105123,0.04739460,-0.06994929,-0.18971876,0.48197422,0.64048060,-0.13533766,-0.24479674,-0.56113327
3.680000,0.35973458,-0.50010264,0.91219938,0.30115605,1.52347697,0.54041728,-0.09509111,-0.07140728,-0.16224797,-0.07240308,0.04493399,-0.07561924,-0.19319140,0.49443943,0.65392841,-0.13499734,-0.24722470,-0.57268063
3.690000,0.35877396,-0.50079179,0.91060981,0.30042528,1.52391391,0.53963228,-0.09703914,-0.06640377,-0.15564525,-0.07375045,0.04245212,-0.08139933,-0.19636343,0.50613153,0.66646047,-0.13443992,-0.24904666,-0.58315466
3.700000,0.35779370,-0.50143033,0.90908687,0.29968107,1.52432596,0.53878896,-0.09901733,-0.06128734,-0.14892194,-0.07509113,0.03995515,-0.08727861,-0.19922299,0.51701654,0.67803978,-0.13365796,-0.25024261,-0.59251227
3.710000,0.35679352,-0.50201719,0.90763174,0.29892349,1.52471299,0.53788641,-0.10102251,-0.05606624,-0.14208775,-0.07642284,0.03744942,-0.09324571,-0.20175820,0.52706045,0.68862936,-0.13264403,-0.25079258,-0.60071036
3.720000,0.35577317,-0.50255134,0.90624545,0.29815265,1.52507494,0.53692380,-0.10305138,-0.05074905,-0.13515277,-0.07774322,0.03494151,-0.09928881,-0.20395720,0.53622928,0.69819221,-0.13139070,-0.25067657,-0.60770583
3.730000,0.35473243,-0.50303188,0.90492898,0.29736867,1.52541183,0.53590042,-0.10510050,-0.04534468,-0.12812746,-0.07904983,0.03243818,-0.10539567,-0.20580813,0.54448902,0.70669133,-0.12989054,-0.24987459,-0.61345558
3.740000,0.35367110,-0.50345797,0.90368317,0.29657170,1.52572374,0.53481571,-0.10716634,-0.03986241,-0.12102262,-0.08034018,0.02994638,-0.11155362,-0.20729911,0.55180567,0.71408973,-0.12813611,-0.24836666,-0.61791651
3.750000,0.35258906,-0.50382890,0.90250876,0.29576193,1.52601082,0.53366922,-0.10924524,-0.03431183,-0.11384945,-0.08161168,0.02747327,-0.11774956,-0.20841828,0.55814525,0.72035043,-0.12612000,-0.24613279,-0.62104553
3.760000,0.35148617,-0.50414402,0.90140637,0.29493954,1.52627329,0.53246064,-0.11133343,-0.02870285,-0.10661950,-0.08286169,0.02502619,-0.12396998,-0.20915730,0.56348324,0.72544700,-0.12383723,-0.24316050,-0.62281284
3.770000,0.35036237,-0.50440279,0.90037652,0.29410477,1.52651146,0.53118979,-0.11342714,-0.02304546,-0.09934434,-0.08408755,0.02261246,-0.13020136,-0.20952191,0.56783312,0.72939533,-0.12129271,-0.23946733,-0.62324191
3.780000,0.34921762,-0.50460480,0.89941960,0.29325788,1.52672568,0.52985662,-0.11552266,-0.01734941,-0.09203533,-0.08528669,0.02023916,-0.13643048,-0.20952141,0.57121785,0.73222190,-0.11849379,-0.23507831,-0.62236949
3.790000,0.34805192,-0.50474968,0.89853589,0.29239914,1.52691640,0.52846123,-0.11761638,-0.01162424,-0.08470355,-0.08645661,0.01791313,-0.14264453,-0.20916508,0.57366041,0.73395318,-0.11544785,-0.23001851,-0.62023238
3.800000,0.34686531,-0.50483721,0.89772557,0.29152885,1.52708412,0.52700382,-0.11970480,-0.00587926,-0.07735983,-0.08759485,0.01564094,-0.14883104,-0.20846221,0.57518376,0.73461563,-0.11216225,-0.22431295,-0.61686733
3.810000,0.34565786,-0.50486723,0.89698870,0.29064735,1.52722942,0.52548474,-0.12178450,-0.00012355,-0.07001472,-0.08869908,0.01342894,-0.15497791,-0.20742206,0.57581086,0.73423572,-0.10864435,-0.21798670,-0.61231111
3.820000,0.34442966,-0.50483968,0.89632524,0.28975499,1.52735292,0.52390444,-0.12385215,0.00563404,-0.06267850,-0.08976699,0.01128319,-0.16107341,-0.20605393,0.57556469,0.73283992,-0.10490152,-0.21106479,-0.60660051
3.830000,0.34318086,-0.50475458,0.89573506,0.28885214,1.52745532,0.52226348,-0.12590452,0.01138491,-0.05536122,-0.09079638,0.00920954,-0.16710619,-0.20436711,0.57446820,0.73045470,-0.10094114,-0.20357226,-0.59977228
3.840000,0.34191163,-0.50461203,0.89521792,0.28793920,1.52753737,0.52056256,-0.12793846,0.01712065,-0.04807262,-0.09178511,0.00721357,-0.17306526,-0.20237086,0.57254437,0.72710653,-0.09677055,-0.19553418,-0.59186319
3.850000,0.34062217,-0.50441224,0.89477348,0.28701658,1.52759987,0.51880246,-0.12995093,0.02283311,-0.04082221,-0.09273112,0.00530060,-0.17893998,-0.20007448,0.56981617,0.72282187,-0.09239713,-0.18697557,-0.58291003
3.860000,0.33931269,-0.50415547,0.89440132,0.28608473,1.52764368,0.51698407,-0.13193898,0.02851437,-0.03361921,-0.09363240,0.00347571,-0.18472010,-0.19748725,0.56630655,0.71762721,-0.08782825,-0.17792149,-0.57294956
3.870000,0.33798348,-0.50384208,0.89410091,0.28514409,1.52766969,0.51510840,-0.13389974,0.03415672,-0.02647261,-0.09448705,0.00174373,-0.19039573,-0.19461845,0.56203849,0.71154899,-0.08307127,-0.16839698,-0.56201854
3.880000,0.33663480,-0.50347249,0.89387165,0.28419515,1.52767888,0.51317654,-0.13583044,0.03975269,-0.01939109,-0.09529323,0.00010925,-0.19595736,-0.19147737,0.55703495,0.70461370,-0.07813355,-0.15842708,-0.55015376
3.890000,0.33526698,-0.50304721,0.89371284,0.28323839,1.52767222,0.51118967,-0.13772841,0.04529504,-0.01238310,-0.09604915,-0.00142341,-0.20139582,-0.18807328,0.55131891,0.69684781,-0.07302246,-0.14803685,-0.53739198
3.900000,0.33388035,-0.50256679,0.89362372,0.28227434,1.52765076,0.50914906,-0.13959106,0.05077677,-0.00545681,-0.09675312,-0.00285017,-0.20670233,-0.18441547,0.54491332,0.68827777,-0.06774537,-0.13725133,-0.52376997
3.910000,0.33247528,-0.50203190,0.89360341,0.28130351,1.52761558,0.50705609,-0.14141591,0.05619108,0.00137986,-0.09740353,-0.00416720,-0.21186847,-0.18051323,0.53784115,0.67893007,-0.06230964,-0.12609556,-0.50932450
3.920000,0.33105217,-0.50144322,0.89365099,0.28032645,1.52756779,0.50491219,-0.14320054,0.06153144,0.00811928,-0.09799881,-0.00537093,-0.21688620,-0.17637583,0.53012537,0.66883116,-0.05672264,-0.11459459,-0.49409234
3.930000,0.32961141,-0.50080154,0.89376545,0.27934372,1.52750855,0.50271888,-0.14494267,0.06679152,0.01475407,-0.09853750,-0.00645802,-0.22174782,-0.17201256,0.52178896,0.65800752,-0.05099173,-0.10277346,-0.47811027
3.940000,0.32815346,-0.50010768,0.89394570,0.27835589,1.52743903,0.50047778,-0.14664007,0.07196523,0.02127711,-0.09901819,-0.00742541,-0.22644603,-0.16743270,0.51285486,0.64648562,-0.04512428,-0.09065722,-0.46141506
3.950000,0.32667877,-0.49936254,0.89419059,0.27736356,1.52736045,0.49819053,-0.14829063,0.07704670,0.02768154,-0.09943955,-0.00827027,-0.23097387,-0.16264553,0.50334606,0.63429193,-0.03912765,-0.07827092,-0.44404346
3.960000,0.32518781,-0.49856707,0.89449891,0.27636731,1.52727404,0.49585889,-0.14989232,0.08203031,0.03396079,-0.09980034,-0.00899001,-0.23532476,-0.15766034,0.49328551,0.62145291,-0.03300922,-0.06563960,-0.42603227
3.970000,0.32368109,-0.49772228,0.89486937,0.27536776,1.52718108,0.49348465,-0.15144321,0.08691065,0.04010854,-0.10009936,-0.00958233,-0.23949250,-0.15248642,0.48269619,0.60799503,-0.02677634,-0.05278830,-0.40741823
3.980000,0.32215912,-0.49682922,0.89530062,0.27436553,1.52708283,0.49106967,-0.15294145,0.09168255,0.04611872,-0.10033551,-0.01004513,-0.24347124,-0.14713303,0.47160106,0.59394477,-0.02043638,-0.03974208,-0.38823814
3.990000,0.32062244,-0.49588900,0.89579127,0.27336126,1.52698061,0.48861587,-0.15438530,0.09634106,0.05198555,-0.10050775,-0.01037660,-0.24725550,-0.14160947,0.46002309,0.57932858,-0.01399670,-0.02652597,-0.36852875
4.000000,0.31907160,-0.49490279,0.89633984,0.27235559,1.52687574,0.48612522,-0.15577311,0.10088148,0.05770349,-0.10061513,-0.01057517,-0.25084017,-0.13592502,0.44798524,0.56417295,-0.00746468,-0.01316502,-0.34832684
4.010000,0.31750717,-0.49387178,0.89694482,0.27134917,1.52676955,0.48359975,-0.15710330,0.10529931,0.06326730,-0.10065676,-0.01063950,-0.25422052,-0.13008896,0.43551048,0.54850434,-0.00084768,0.00031571,-0.32766918
4.020000,0.31592973,-0.49279723,0.89760465,0.27034268,1.52666340,0.48104151,-0.15837441,0.10959031,0.06867196,-0.10063183,-0.01056854,-0.25739216,-0.12411058,0.42262178,0.53234921,0.00584694,0.01389120,-0.30659254
4.030000,0.31433989,-0.49168041,0.89831772,0.26933676,1.52655864,0.47845261,-0.15958507,0.11375044,0.07391275,-0.10053959,-0.01036145,-0.26035109,-0.11799915,0.40934211,0.51573404,0.01261180,0.02753638,-0.28513369
4.040000,0.31273824,-0.49052267,0.89908235,0.26833211,1.52645663,0.47583521,-0.16073398,0.11777592,0.07898519,-0.10037938,-0.01001766,-0.26309368,-0.11176396,0.39569442,0.49868529,0.01943956,0.04122622,-0.26332940
4.050000,0.31112542,-0.48932535,0.89989684,0.26732940,1.52635874,0.47319147,-0.16181996,0.12166318,0.08388510,-0.10015061,-0.00953686,-0.26561665,-0.10541430,0.38170170,0.48122944,0.02632283,0.05493567,-0.24121644
4.060000,0.30950205,-0.48808988,0.90075946,0.26632933,1.52626635,0.47052362,-0.16284192,0.12540888,0.08860851,-0.09985276,-0.00891896,-0.26791711,-0.09895944,0.36738690,0.46339295,0.03325426,0.06863969,-0.21883158
4.070000,0.30786879,-0.48681766,0.90166841,0.26533258,1.52618082,0.46783388,-0.16379883,0.12900992,0.09315177,-0.09948539,-0.00816416,-0.26999250,-0.09240867,0.35277300,0.44520230,0.04022647,0.08231323,-0.19621159
4.080000,0.30622630,-0.48551017,0.90262188,0.26433985,1.52610352,0.46512452,-0.16468980,0.13246342,0.09751147,-0.09904812,-0.00727289,-0.27184068,-0.08577127,0.33788295,0.42668394,0.04723211,0.09593123,-0.17339325
4.090000,0.30457522,-0.48416889,0.90361802,0.26335185,1.52603581,0.46239783,-0.16551400,0.13576674,0.10168445,-0.09854066,-0.00624581,-0.27345983,-0.07905653,0.32273973,0.40786436,0.05426381,0.10946867,-0.15041332
4.100000,0.30291624,-0.48279534,0.90465494,0.26236928,1.52597905,0.45965610,-0.16627070,0.13891745,0.10566784,-0.09796279,-0.00508386,-0.27484853,-0.07227372,0.30736630,0.38877001,0.06131419,0.12290049,-0.12730857
4.110000,0.30125003,-0.48139106,0.90573074,0.26139283,1.52593458,0.45690163,-0.16695928,0.14191337,0.10945902,-0.09731434,-0.00378823,-0.27600571,-0.06543213,0.29178562,0.36942737,0.06837591,0.13620165,-0.10411578
4.120000,0.29957728,-0.47995760,0.90684347,0.26042322,1.52590373,0.45413676,-0.16757918,0.14475255,0.11305565,-0.09659525,-0.00236035,-0.27693067,-0.05854105,0.27602068,0.34986291,0.07544158,0.14934710,-0.08087171
4.130000,0.29789868,-0.47849654,0.90799119,0.25946116,1.52588781,0.45136379,-0.16812997,0.14743325,0.11645563,-0.09580552,-0.00080189,-0.27762309,-0.05160975,0.26009443,0.33010309,0.08250385,0.16231179,-0.05761314
4.140000,0.29621492,-0.47700947,0.90917192,0.25850735,1.52588812,0.44858507,-0.16861127,0.14995398,0.11965714,-0.09494521,0.00088520,-0.27808301,-0.04464752,0.24402983,0.31017438,0.08955534,0.17507069,-0.03437683
4.150000,0.29452669,-0.47549799,0.91038367,0.25756249,1.52590594,0.44580291,-0.16902284,0.15231346,0.12265864,-0.09401447,0.00269875,-0.27831083,-0.03766364,0.22784987,0.29010326,0.09658870,0.18759874,-0.01119957
4.160000,0.29283469,-0.47396374,0.91162443,0.25662729,1.52594251,0.44301962,-0.16936451,0.15451067,0.12545882,-0.09301352,0.00463632,-0.27830732,-0.03066740,0.21157749,0.26991619,0.10359656,0.19987090,0.01188189
4.170000,0.29113963,-0.47240832,0.91289217,0.25570245,1.52599907,0.44023753,-0.16963618,0.15654478,0.12805667,-0.09194265,0.00669523,-0.27807363,-0.02366807,0.19523568,0.24963964,0.11057155,0.21186213,0.03483078
4.180000,0.28944220,-0.47083339,0.91418488,0.25478867,1.52607681,0.43745891,-0.16983789,0.15841522,0.13045141,-0.09080223,0.00887254,-0.27761127,-0.01667495,0.17884739,0.22930008,0.11750630,0.22354737,0.05761031
4.190000,0.28774311,-0.46924057,0.91550052,0.25388664,1.52617690,0.43468606,-0.16996973,0.16012165,0.13264255,-0.08959269,0.01116508,-0.27692211,-0.00969731,0.16243560,0.20892397,0.12439346,0.23490159,0.08018372
4.200000,0.28604304,-0.46763150,0.91683705,0.25299705,1.52630048,0.43192122,-0.17003192,0.16166393,0.13462985,-0.08831454,0.01356939,-0.27600840,-0.00274443,0.14602326,0.18853780,0.13122565,0.24589974,0.10251425
4.210000,0.28434270,-0.46600783,0.91819244,0.25212058,1.52644865,0.42916663,-0.17002473,0.16304219,0.13641336,-0.08696838,0.01608180,-0.27487276,0.00417440,0.12963336,0.16816802,0.13799551,0.25651677,0.12456511
4.220000,0.28264278,-0.46437120,0.91956464,0.25125790,1.52662247,0.42642449,-0.16994857,0.16425675,0.13799336,-0.08555486,0.01869837,-0.27351816,0.01104989,0.11328884,0.14784110,0.14469568,0.26672763,0.14629954
4.230000,0.28094396,-0.46272324,0.92095163,0.25040970,1.52682295,0.42369699,-0.16980391,0.16530819,0.13937041,-0.08407472,0.02141491,-0.27194794,0.01787277,0.09701269,0.12758352,0.15131878,0.27650729,0.16768077
4.240000,0.27924692,-0.46106558,0.92235138,0.24957663,1.52705108,0.42098624,-0.16959132,0.16619731,0.14054535,-0.08252877,0.02422700,-0.27016584,0.02463376,0.08082786,0.10742174,0.15785746,0.28583069,0.18867203
4.250000,0.27755235,-0.45939983,0.92376187,0.24875934,1.52730779,0.41829436,-0.16931147,0.16692513,0.14151925,-0.08091788,0.02712992,-0.26817593,0.03132356,0.06475733,0.08738223,0.16430434,0.29467280,0.20923654
4.260000,0.27586092,-0.45772761,0.92518110,0.24795848,1.52759397,0.41562340,-0.16896512,0.16749292,0.14229349,-0.07924301,0.03011876,-0.26598265,0.03793290,0.04882406,0.06749146,0.17065207,0.30300856,0.22933754
4.270000,0.27417327,-0.45605050,0.92660708,0.24717469,1.52791044,0.41297537,-0.16855312,0.16790215,0.14286967,-0.07750519,0.03318832,-0.26359084,0.04445250,0.03305102,0.04777591,0.17689327,0.31081293,0.24893825
4.280000,0.27249007,-0.45437009,0.92803784,0.24640859,1.52825798,0.41035223,-0.16807640,0.16815455,0.14324968,-0.07570553,0.03633317,-0.26100568,0.05087306,0.01746117,0.02826202,0.18302058,0.31806086,0.26800192
4.290000,0.27081195,-0.45268793,0.92947142,0.24566078,1.52863733,0.40775588,-0.16753602,0.16825206,0.14343567,-0.07384519,0.03954760,-0.25823272,0.05718532,0.00207748,0.00897629,0.18902664,0.32472731,0.28649175
4.300000,0.26913956,-0.45100556,0.93090591,0.24493188,1.52904915,0.40518818,-0.16693309,0.16819686,0.14343005,-0.07192542,0.04282569,-0.25527788,0.06337998,-0.01307708,-0.01005483,0.19490408,0.33078724,0.30437099
4.310000,0.26747350,-0.44932449,0.93233939,0.24422247,1.52949404,0.40265091,-0.16626884,0.16799136,0.14323551,-0.06994756,0.04616124,-0.25214746,0.06944776,-0.02797955,-0.02880487,0.20064553,0.33621559,0.32160286
4.320000,0.26581438,-0.44764622,0.93377000,0.24353312,1.52997254,0.40014580,-0.16554459,0.16763819,0.14285498,-0.06791299,0.04954781,-0.24884810,0.07537938,-0.04260695,-0.04724735,0.20624362,0.34098733,0.33815059
4.330000,0.26416280,-0.44597221,0.93519588,0.24286439,1.53048514,0.39767449,-0.16476174,0.16714021,0.14229167,-0.06582319,0.05297872,-0.24538685,0.08116556,-0.05693633,-0.06535581,0.21169100,0.34507740,0.35397742
4.340000,0.26251934,-0.44430389,0.93661524,0.24221683,1.53103224,0.39523857,-0.16392179,0.16650053,0.14154906,-0.06367970,0.05644701,-0.24177108,0.08679701,-0.07094471,-0.08310378,0.21698030,0.34846076,0.36904657
4.350000,0.26088455,-0.44264266,0.93802628,0.24159097,1.53161418,0.39283956,-0.16302634,0.16572246,0.14063089,-0.06148413,0.05994549,-0.23800856,0.09226445,-0.08460913,-0.10046479,0.22210415,0.35111237,0.38332127
4.360000,0.25925899,-0.44098989,0.93942728,0.24098732,1.53223123,0.39047886,-0.16207708,0.16480957,0.13954115,-0.05923819,0.06346673,-0.23410743,0.09755860,-0.09790662,-0.11741237,0.22705518,0.35300718,0.39676475
4.370000,0.25764318,-0.43934691,0.94081655,0.24040637,1.53288357,0.38815784,-0.16107578,0.16376563,0.13828411,-0.05694363,0.06700303,-0.23007616,0.10267018,-0.11081422,-0.13392005,0.23182603,0.35412015,0.40934023
4.380000,0.25603764,-0.43771500,0.94219242,0.23984860,1.53357131,0.38587775,-0.16002431,0.16259466,0.13686430,-0.05460229,0.07054645,-0.22592363,0.10759012,-0.12330953,-0.14996198,0.23640950,0.35442722,0.42101210
4.390000,0.25444286,-0.43609543,0.94355330,0.23931447,1.53429449,0.38363974,-0.15892463,0.16130085,0.13528646,-0.05221608,0.07408888,-0.22165897,0.11231450,-0.13538342,-0.16552642,0.24080203,0.35392718,0.43177080
4.400000,0.25285930,-0.43448938,0.94489764,0.23880442,1.53505306,0.38144491,-0.15777867,0.15988838,0.13355535,-0.04978689,0.07762237,-0.21729121,0.11684451,-0.14704002,-0.18061574,0.24500375,0.35264167,0.44163293
4.410000,0.25128743,-0.43289804,0.94622392,0.23831887,1.53584689,0.37929423,-0.15658838,0.15836142,0.13167572,-0.04731664,0.08113917,-0.21282924,0.12118157,-0.15828401,-0.19523292,0.24901492,0.35059332,0.45061620
4.420000,0.24972768,-0.43132252,0.94753067,0.23785822,1.53667576,0.37718861,-0.15535568,0.15672406,0.12965226,-0.04480723,0.08463177,-0.20828175,0.12532711,-0.16912011,-0.20938096,0.25283582,0.34780475,0.45873832
4.430000,0.24818045,-0.42976391,0.94881650,0.23742285,1.53753942,0.37512885,-0.15408247,0.15498036,0.12748965,-0.04226055,0.08809288,-0.20365728,0.12928255,-0.17955300,-0.22306284,0.25646672,0.34429860,0.46601701
4.440000,0.24664616,-0.42822326,0.95008002,0.23701313,1.53843749,0.37311569,-0.15277066,0.15313433,0.12519255,-0.03967852,0.09151543,-0.19896417,0.13304931,-0.18958739,-0.23628155,0.25990790,0.34009750,0.47246997
4.450000,0.24512516,-0.42670155,0.95131992,0.23662939,1.53936957,0.37114977,-0.15142211,0.15118993,0.12276556,-0.03706303,0.09489258,-0.19421058,0.13662881,-0.19922797,-0.24904007,0.26315963,0.33522406,0.47811493
4.460000,0.24361783,-0.42519977,0.95253491,0.23627197,1.54033517,0.36923166,-0.15003870,0.14915107,0.12021327,-0.03441596,0.09821774,-0.18940450,0.14002246,-0.20847945,-0.26134140,0.26622218,0.32970092,0.48296959
4.470000,0.24212450,-0.42371883,0.95372378,0.23594117,1.54133373,0.36736183,-0.14862228,0.14702162,0.11754024,-0.03173921,0.10148451,-0.18455376,0.14323170,-0.21734652,-0.27318851,0.26909583,0.32355072,0.48705166
4.480000,0.24064549,-0.42225963,0.95488533,0.23563728,1.54236465,0.36554070,-0.14717468,0.14480540,0.11475100,-0.02903467,0.10468674,-0.17966598,0.14625795,-0.22583388,-0.28458440,0.27178085,0.31679607,0.49037888
4.490000,0.23918110,-0.42082300,0.95601843,0.23536057,1.54342723,0.36376861,-0.14569772,0.14250619,0.11185005,-0.02630423,0.10781849,-0.17474864,0.14910262,-0.23394623,-0.29553205,0.27427751,0.30945960,0.49296894
4.500000,0.23773162,-0.41940977,0.95712197,0.23511128,1.54452076,0.36204581,-0.14419322,0.14012771,0.10884185,-0.02354975,0.11087407,-0.16980900,0.15176714,-0.24168827,-0.30603446,0.27658609,0.30156395,0.49483955
4.510000,0.23629732,-0.41802070,0.95819492,0.23488965,1.54564444,0.36037248,-0.14266298,0.13767365,0.10573083,-0.02077313,0.11384799,-0.16485419,0.15425292,-0.24906469,-0.31609460,0.27870686,0.29313174,0.49600845
4.520000,0.23487845,-0.41665654,0.95923626,0.23469588,1.54679743,0.35874875,-0.14110876,0.13514762,0.10252142,-0.01797624,0.11673499,-0.15989112,0.15656140,-0.25608020,-0.32571546,0.28064010,0.28418560,0.49649332
4.530000,0.23347522,-0.41531798,0.96024504,0.23453018,1.54797884,0.35717466,-0.13953233,0.13255323,0.09921798,-0.01516095,0.11953006,-0.15492654,0.15869398,-0.26273949,-0.33490004,0.28238608,0.27474817,0.49631190
4.540000,0.23208787,-0.41400569,0.96122032,0.23439272,1.54918771,0.35565020,-0.13793546,0.12989400,0.09582486,-0.01232914,0.12222839,-0.14996704,0.16065210,-0.26904727,-0.34365132,0.28394506,0.26484205,0.49548190
4.550000,0.23071658,-0.41272030,0.96216125,0.23428365,1.55042307,0.35417528,-0.13631987,0.12717344,0.09234639,-0.00948267,0.12482541,-0.14501901,0.16243717,-0.27500822,-0.35197228,0.28531734,0.25448990,0.49402102
4.560000,0.22936153,-0.41146241,0.96306698,0.23420311,1.55168387,0.35274976,-0.13468729,0.12439498,0.08878684,-0.00662341,0.12731678,-0.14008866,0.16405062,-0.28062706,-0.35986591,0.28650317,0.24371433,0.49194698
4.570000,0.22802288,-0.41023258,0.96393673,0.23415122,1.55296904,0.35137343,-0.13303942,0.12156202,0.08515048,-0.00375323,0.12969836,-0.13518205,0.16549387,-0.28590847,-0.36733520,0.28750284,0.23253797,0.48927750
4.580000,0.22670078,-0.40903134,0.96476975,0.23412807,1.55427745,0.35004602,-0.13137797,0.11867792,0.08144154,-0.00087398,0.13196628,-0.13030504,0.16676833,-0.29085716,-0.37438314,0.28831661,0.22098345,0.48603028
4.590000,0.22539536,-0.40785918,0.96556533,0.23413376,1.55560797,0.34876721,-0.12970462,0.11574597,0.07766421,0.00201248,0.13411685,-0.12546331,0.16787543,-0.29547782,-0.38101272,0.28894476,0.20907340,0.48222305
4.600000,0.22410672,-0.40671657,0.96632282,0.23416834,1.55695939,0.34753662,-0.12802102,0.11276944,0.07382267,0.00490430,0.13614664,-0.12066239,0.16881659,-0.29977516,-0.38722691,0.28938757,0.19683045,0.47787352
4.610000,0.22283497,-0.40560393,0.96704159,0.23423186,1.55833049,0.34635381,-0.12632883,0.10975153,0.06992105,0.00779962,0.13805242,-0.11590759,0.16959324,-0.30375387,-0.39302872,0.28964530,0.18427723,0.47299939
4.620000,0.22158017,-0.40452167,0.96772105,0.23432434,1.55972001,0.34521830,-0.12462970,0.10669541,0.06596346,0.01069659,0.13983122,-0.11120409,0.17020679,-0.30741865,-0.39842111,0.28971824,0.17143636,0.46761839
4.630000,0.22034239,-0.40347014,0.96836068,0.23444579,1.56112668,0.34412954,-0.12292523,0.10360419,0.06195398,0.01359337,0.14148027,-0.10655685,0.17065866,-0.31077419,-0.40340709,0.28960665,0.15833048,0.46174822
4.640000,0.21912168,-0.40244969,0.96895997,0.23459620,1.56254918,0.34308696,-0.12121706,0.10048094,0.05789666,0.01648811,0.14299702,-0.10197069,0.17095028,-0.31382521,-0.40798964,0.28931080,0.14498220,0.45540660
4.650000,0.21791806,-0.40146062,0.96951847,0.23477554,1.56398617,0.34208991,-0.11950676,0.09732869,0.05379553,0.01937897,0.14437918,-0.09745023,0.17108307,-0.31657639,-0.41217174,0.28883098,0.13141417,0.44861125
4.660000,0.21673155,-0.40050320,0.97003575,0.23498376,1.56543631,0.34113772,-0.11779592,0.09415040,0.04965455,0.02226412,0.14562465,-0.09299992,0.17105844,-0.31903244,-0.41595639,0.28816746,0.11764901,0.44137987
4.670000,0.21556214,-0.39957769,0.97051144,0.23522080,1.56689820,0.34022966,-0.11608611,0.09094901,0.04547771,0.02514171,0.14673158,-0.08862403,0.17087783,-0.32119805,-0.41934657,0.28732050,0.10370934,0.43373018
4.680000,0.21440981,-0.39868429,0.97094520,0.23548656,1.56837047,0.33936498,-0.11437888,0.08772739,0.04126893,0.02800992,0.14769833,-0.08432665,0.17054265,-0.32307792,-0.42234526,0.28629039,0.08961780,0.42567990
4.690000,0.21327455,-0.39782320,0.97133673,0.23578096,1.56985170,0.33854285,-0.11267577,0.08448838,0.03703210,0.03086691,0.14852350,-0.08011171,0.17005432,-0.32467675,-0.42495546,0.28507739,0.07539701,0.41724674
4.700000,0.21215628,-0.39699457,0.97168576,0.23610386,1.57134047,0.33776246,-0.11097830,0.08123478,0.03277110,0.03371085,0.14920592,-0.07598294,0.16941427,-0.32599924,-0.42718015,0.28368178,0.06106961,0.40844841
4.710000,0.21105496,-0.39619854,0.97199208,0.23645512,1.57283534,0.33702290,-0.10928798,0.07796930,0.02848977,0.03653993,0.14974461,-0.07194390,0.16862391,-0.32705009,-0.42902232,0.28210383,0.04665822,0.39930262
4.720000,0.20997049,-0.39543522,0.97225550,0.23683460,1.57433488,0.33632327,-0.10760632,0.07469466,0.02419192,0.03935232,0.15013887,-0.06799798,0.16768467,-0.32783399,-0.43048495,0.28034382,0.03218546,0.38982709
4.730000,0.20890280,-0.39470467,0.97247588,0.23724211,1.57583763,0.33566262,-0.10593478,0.07141350,0.01988133,0.04214620,0.15038819,-0.06414840,0.16659797,-0.32835565,-0.43157104,0.27840203,0.01767398,0.38003954
4.740000,0.20785176,-0.39400696,0.97265310,0.23767746,1.57734216,0.33503997,-0.10427484,0.06812841,0.01556175,0.04491976,0.15049230,-0.06039817,0.16536523,-0.32861976,-0.43228356,0.27627871,0.00314639,0.36995767
4.750000,0.20681726,-0.39334211,0.97278709,0.23814043,1.57884699,0.33445431,-0.10262796,0.06484195,0.01123689,0.04767117,0.15045114,-0.05675017,0.16398787,-0.32863102,-0.43262551,0.27397416,-0.01137468,0.35959920
4.760000,0.20579915,-0.39271012,0.97287783,0.23863080,1.58035069,0.33390461,-0.10099556,0.06155662,0.00691046,0.05039864,0.15026490,-0.05320705,0.16246731,-0.32839413,-0.43259988,0.27148863,-0.02586659,0.34898184
4.770000,0.20479729,-0.39211096,0.97292531,0.23914832,1.58185181,0.33338981,-0.09937908,0.05827488,0.00258611,0.05310035,0.14993399,-0.04977133,0.16080498,-0.32791379,-0.43220964,0.26882241,-0.04030672,0.33812331
4.780000,0.20381151,-0.39154460,0.97292957,0.23969272,1.58334889,0.33290882,-0.09777993,0.05499914,-0.00173252,0.05577449,0.14945902,-0.04644533,0.15900230,-0.32719470,-0.43145779,0.26597577,-0.05467244,0.32704132
4.790000,0.20284163,-0.39101095,0.97289069,0.24026371,1.58484051,0.33246053,-0.09619950,0.05173176,-0.00604185,0.05841926,0.14884086,-0.04323119,0.15706068,-0.32624155,-0.43034732,0.26294898,-0.06894112,0.31575359
4.800000,0.20188745,-0.39050993,0.97280878,0.24086100,1.58632524,0.33204382,-0.09463918,0.04847507,-0.01033829,0.06103287,0.14808059,-0.04013089,0.15498155,-0.32505905,-0.42888121,0.25974232,-0.08309014,0.30427782
4.810000,0.20094877,-0.39004141,0.97268398,0.24148426,1.58780166,0.33165753,-0.09310032,0.04523133,-0.01461830,0.06361351,0.14717953,-0.03714620,0.15276632,-0.32365189,-0.42706245,0.25635605,-0.09709686,0.29263173
4.820000,0.20002537,-0.38960525,0.97251648,0.24213315,1.58926836,0.33130050,-0.09158430,0.04200277,-0.01887837,0.06615939,0.14613921,-0.03427876,0.15041643,-0.32202477,-0.42489402,0.25279046,-0.11093865,0.28083304
4.830000,0.19911701,-0.38920129,0.97230649,0.24280732,1.59072398,0.33097156,-0.09009244,0.03879155,-0.02311502,0.06866872,0.14496138,-0.03152999,0.14793330,-0.32018239,-0.42237892,0.24904581,-0.12459290,0.26889945
4.840000,0.19822344,-0.38882935,0.97205427,0.24350640,1.59216714,0.33066950,-0.08862607,0.03559982,-0.02732480,0.07113971,0.14364805,-0.02890116,0.14531833,-0.31812945,-0.41952012,0.24512239,-0.13803696,0.25684869
4.850000,0.19734440,-0.38848923,0.97176009,0.24422998,1.59359650,0.33039313,-0.08718651,0.03242965,-0.03150429,0.07357057,0.14220142,-0.02639335,0.14257297,-0.31587065,-0.41632062,0.24102046,-0.15124822,0.24469846
4.860000,0.19647961,-0.38818068,0.97142429,0.24497767,1.59501073,0.33014123,-0.08577504,0.02928308,-0.03565009,0.07595952,0.14062394,-0.02400747,0.13969862,-0.31341068,-0.41278341,0.23674029,-0.16420403,0.23246648
4.870000,0.19562880,-0.38790348,0.97104722,0.24574903,1.59640855,0.32991257,-0.08439296,0.02616209,-0.03975884,0.07830479,0.13891827,-0.02174423,0.13669670,-0.31075425,-0.40891147,0.23228217,-0.17688178,0.22017047
4.880000,0.19479165,-0.38765735,0.97062925,0.24654361,1.59778868,0.32970594,-0.08304153,0.02306863,-0.04382721,0.08060458,0.13708730,-0.01960421,0.13356865,-0.30790605,-0.40470778,0.22764636,-0.18925884,0.20782813
4.890000,0.19396786,-0.38744201,0.97017082,0.24736096,1.59914989,0.32952008,-0.08172200,0.02000459,-0.04785190,0.08285712,0.13513417,-0.01758777,0.13031588,-0.30487078,-0.40017534,0.22283314,-0.20131257,0.19545718
4.900000,0.19315710,-0.38725715,0.96967237,0.24820059,1.60049097,0.32935377,-0.08043562,0.01697182,-0.05182963,0.08506065,0.13306221,-0.01569510,0.12693981,-0.30165314,-0.39531714,0.21784278,-0.21302035,0.18307533
4.910000,0.19235903,-0.38710246,0.96913439,0.24906201,1.60181075,0.32920576,-0.07918361,0.01397212,-0.05575717,0.08721339,0.13087499,-0.01392624,0.12344186,-0.29825783,-0.39013615,0.21267555,-0.22435956,0.17070030
4.920000,0.19157331,-0.38697760,0.96855740,0.24994469,1.60310810,0.32907483,-0.07796719,0.01100724,-0.05963129,0.08931357,0.12857632,-0.01228102,0.11982346,-0.29468954,-0.38463537,0.20733174,-0.23530755,0.15834980
4.930000,0.19079957,-0.38688220,0.96794196,0.25084810,1.60438192,0.32895973,-0.07678754,0.00807889,-0.06344882,0.09135943,0.12617022,-0.01075910,0.11608603,-0.29095298,-0.37881778,0.20181160,-0.24584171,0.14604155
4.940000,0.19003743,-0.38681589,0.96728863,0.25177169,1.60563116,0.32885924,-0.07564586,0.00518873,-0.06720660,0.09334922,0.12366094,-0.00935998,0.11223098,-0.28705284,-0.37268637,0.19611542,-0.25593940,0.13379325
4.950000,0.18928652,-0.38677829,0.96659803,0.25271489,1.60685481,0.32877213,-0.07454331,0.00233837,-0.07090151,0.09528116,0.12105296,-0.00808298,0.10825974,-0.28299383,-0.36624413,0.19024348,-0.26557800,0.12162263
4.960000,0.18854643,-0.38676898,0.96587082,0.25367711,1.60805190,0.32869718,-0.07348105,-0.00047063,-0.07453046,0.09715350,0.11835098,-0.00692721,0.10417373,-0.27878064,-0.35949404,0.18419603,-0.27473488,0.10954739
4.970000,0.18781676,-0.38678756,0.96510765,0.25465775,1.60922153,0.32863318,-0.07246021,-0.00323675,-0.07809037,0.09896449,0.11555994,-0.00589165,0.09997438,-0.27441796,-0.35243909,0.17797336,-0.28338741,0.09758524
4.980000,0.18709709,-0.38683357,0.96430925,0.25565619,1.61036282,0.32857895,-0.07148193,-0.00595851,-0.08157823,0.10071238,0.11268499,-0.00497507,0.09566310,-0.26991051,-0.34508228,0.17157575,-0.29151295,0.08575391
4.990000,0.18638698,-0.38690658,0.96347634,0.25667178,1.61147497,0.32853329,-0.07054732,-0.00863449,-0.08499102,0.10239543,0.10973152,-0.00417608,0.09124131,-0.26526297,-0.33742658,0.16500345,-0.29908890,0.07407111
5.000000,0.18568599,-0.38700610,0.96260969,0.25770388,1.61255721,0.32849504,-0.06965747,-0.01126332,-0.08832578,0.10401187,0.10670512,-0.00349310,0.08671044,-0.26048005,-0.32947498,0.15825675,-0.30609260,0.06255454
5.010000,0.18499368,-0.38713168,0.96171009,0.25875179,1.61360885,0.32846304,-0.06881347,-0.01384366,-0.09157955,0.10555998,0.10361163,-0.00292438,0.08207266,-0.25556637,-0.32123171,0.15133715,-0.31250721,0.05121908
5.020000,0.18430957,-0.38728281,0.96077838,0.25981484,1.61462924,0.32843617,-0.06801636,-0.01637422,-0.09474947,0.10703806,0.10045692,-0.00246810,0.07733314,-0.25052627,-0.31270599,0.14425098,-0.31833891,0.04006819
5.030000,0.18363319,-0.38745899,0.95981539,0.26089232,1.61561780,0.32841331,-0.06726712,-0.01885378,-0.09783276,0.10844447,0.09724676,-0.00212240,0.07249782,-0.24536403,-0.30390825,0.13700583,-0.32359967,0.02910250
5.040000,0.18296406,-0.38765971,0.95882202,0.26198349,1.61657401,0.32839336,-0.06656670,-0.02128111,-0.10082676,0.10977767,0.09398679,-0.00188543,0.06757262,-0.24008391,-0.29484897,0.12960926,-0.32830145,0.01832263
5.050000,0.18230169,-0.38788444,0.95779916,0.26308762,1.61749739,0.32837525,-0.06591595,-0.02365508,-0.10372891,0.11103618,0.09068255,-0.00175533,0.06256347,-0.23469020,-0.28553858,0.12206885,-0.33245621,0.00772919
5.060000,0.18164557,-0.38813263,0.95674776,0.26420396,1.61838753,0.32835791,-0.06531569,-0.02597455,-0.10653673,0.11221859,0.08733945,-0.00173022,0.05747630,-0.22918715,-0.27598754,0.11439216,-0.33607591,-0.00267718
5.070000,0.18099520,-0.38840375,0.95566875,0.26533174,1.61924406,0.32834030,-0.06476667,-0.02823847,-0.10924789,0.11332359,0.08396278,-0.00180824,0.05231704,-0.22357903,-0.26620630,0.10658677,-0.33917251,-0.01289587
5.080000,0.18035007,-0.38869721,0.95456313,0.26647017,1.62006669,0.32832141,-0.06426957,-0.03044580,-0.11186013,0.11434993,0.08055770,-0.00198751,0.04709161,-0.21787013,-0.25620531,0.09866026,-0.34175798,-0.02292626
5.090000,0.17970964,-0.38901247,0.95343189,0.26761847,1.62085514,0.32830022,-0.06382503,-0.03259555,-0.11437130,0.11529642,0.07712928,-0.00226614,0.04180594,-0.21206471,-0.24599502,0.09062018,-0.34384427,-0.03276772
5.100000,0.17907339,-0.38934893,0.95227605,0.26877583,1.62160921,0.32827576,-0.06343363,-0.03468678,-0.11677936,0.11616198,0.07368244,-0.00264224,0.03646597,-0.20616704,-0.23558589,0.08247411,-0.34544334,-0.04241963
5.110000,0.17844079,-0.38970601,0.95109665,0.26994143,1.62232874,0.32824706,-0.06309588,-0.03671860,-0.11908239,0.11694557,0.07022200,-0.00311390,0.03107761,-0.20018140,-0.22498837,0.07422963,-0.34656716,-0.05188137
5.120000,0.17781129,-0.39008310,0.94989475,0.27111446,1.62301362,0.32821317,-0.06281222,-0.03869013,-0.12127854,0.11764627,0.06675264,-0.00367923,0.02564680,-0.19411205,-0.21421291,0.06589430,-0.34722769,-0.06115232
5.130000,0.17718436,-0.39047961,0.94867144,0.27229408,1.62366378,0.32817317,-0.06258306,-0.04060057,-0.12336609,0.11826318,0.06327895,-0.00433631,0.02017947,-0.18796326,-0.20326996,0.05747570,-0.34743688,-0.07023187
5.140000,0.17655945,-0.39089491,0.94742780,0.27347944,1.62427920,0.32812614,-0.06240873,-0.04244915,-0.12534341,0.11879553,0.05980537,-0.00508322,0.01468154,-0.18173930,-0.19216997,0.04898140,-0.34720670,-0.07911937
5.150000,0.17593600,-0.39132838,0.94616494,0.27466971,1.62485990,0.32807121,-0.06228951,-0.04423512,-0.12720900,0.11924258,0.05633624,-0.00591805,0.00915895,-0.17544446,-0.18092340,0.04041896,-0.34654911,-0.08781422
5.160000,0.17531347,-0.39177940,0.94488400,0.27586401,1.62540596,0.32800749,-0.06222562,-0.04595781,-0.12896143,0.11960371,0.05287577,-0.00683886,0.00361761,-0.16908299,-0.16954069,0.03179596,-0.34547607,-0.09631580
5.170000,0.17469130,-0.39224732,0.94358610,0.27706149,1.62591746,0.32793415,-0.06221720,-0.04761657,-0.13059939,0.11987833,0.04942806,-0.00784372,-0.00193653,-0.16265916,-0.15803230,0.02311997,-0.34399954,-0.10462347
5.180000,0.17406894,-0.39273151,0.94227240,0.27826129,1.62639457,0.32785035,-0.06226437,-0.04921080,-0.13212169,0.12006595,0.04599709,-0.00893069,-0.00749756,-0.15617726,-0.14640868,0.01439857,-0.34213149,-0.11273663
5.190000,0.17344583,-0.39323132,0.94094405,0.27946252,1.62683747,0.32775527,-0.06236716,-0.05073994,-0.13352722,0.12016617,0.04258670,-0.01009780,-0.01305954,-0.14964154,-0.13468028,0.00563931,-0.33988387,-0.12065464
5.200000,0.17282141,-0.39374609,0.93960224,0.28066432,1.62724639,0.32764813,-0.06252554,-0.05220347,-0.13481498,0.12017864,0.03920064,-0.01134313,-0.01861655,-0.14305629,-0.12285756,-0.00315022,-0.33726864,-0.12837689
5.210000,0.17219514,-0.39427517,0.93824815,0.28186580,1.62762158,0.32752815,-0.06273945,-0.05360092,-0.13598409,0.12010309,0.03584251,-0.01266469,-0.02416266,-0.13642577,-0.11095096,-0.01196245,-0.33429777,-0.13590275
5.220000,0.17156644,-0.39481789,0.93688296,0.28306608,1.62796334,0.32739459,-0.06300874,-0.05493185,-0.13703376,0.11993934,0.03251583,-0.01406052,-0.02969194,-0.12975425,-0.09897094,-0.02078982,-0.33098321,-0.14323160
5.230000,0.17093478,-0.39537359,0.93550787,0.28426429,1.62827201,0.32724670,-0.06333322,-0.05619588,-0.13796330,0.11968727,0.02922395,-0.01552866,-0.03519846,-0.12304600,-0.08692795,-0.02962475,-0.32733693,-0.15036283
5.240000,0.17029959,-0.39594158,0.93412410,0.28545954,1.62854795,0.32708378,-0.06371262,-0.05739266,-0.13877214,0.11934684,0.02597015,-0.01706712,-0.04067629,-0.11630529,-0.07483244,-0.03845967,-0.32337089,-0.15729581
5.250000,0.16966034,-0.39652121,0.93273284,0.28665093,1.62879155,0.32690513,-0.06414663,-0.05852189,-0.13945981,0.11891810,0.02275756,-0.01867391,-0.04611951,-0.10953640,-0.06269486,-0.04728702,-0.31909705,-0.16402991
5.260000,0.16901648,-0.39711180,0.93133531,0.28783760,1.62900325,0.32671008,-0.06463487,-0.05958331,-0.14002593,0.11840115,0.01958920,-0.02034705,-0.05152219,-0.10274360,-0.05052567,-0.05609921,-0.31452737,-0.17056452
5.270000,0.16836747,-0.39771265,0.92993272,0.28901866,1.62918349,0.32649798,-0.06517691,-0.06057670,-0.14047025,0.11779619,0.01646796,-0.02208454,-0.05687840,-0.09593115,-0.03833531,-0.06488868,-0.30967381,-0.17689902
5.280000,0.16771276,-0.39832310,0.92852631,0.29019323,1.62933277,0.32626818,-0.06577226,-0.06150188,-0.14079260,0.11710348,0.01339663,-0.02388436,-0.06218220,-0.08910334,-0.02613424,-0.07364785,-0.30454833,-0.18303278
5.290000,0.16705184,-0.39894246,0.92711728,0.29136044,1.62945160,0.32602009,-0.06642036,-0.06235873,-0.14099293,0.11632336,0.01037786,-0.02574452,-0.06742768,-0.08226441,-0.01393291,-0.08236916,-0.29916289,-0.18896518
5.300000,0.16638418,-0.39957005,0.92570685,0.29251941,1.62954051,0.32575310,-0.06712060,-0.06314715,-0.14107129,0.11545625,0.00741420,-0.02766299,-0.07260891,-0.07541866,-0.00174177,-0.09104504,-0.29352946,-0.19469560
5.310000,0.16570926,-0.40020518,0.92429626,0.29366928,1.62960008,0.32546664,-0.06787231,-0.06386709,-0.14102784,0.11450264,0.00450806,-0.02963776,-0.07771995,-0.06857035,0.01042873,-0.09966791,-0.28766000,-0.20022342
5.320000,0.16502657,-0.40084716,0.92288670,0.29480918,1.62963088,0.32516016,-0.06867475,-0.06451856,-0.14086282,0.11346309,0.00166174,-0.03166678,-0.08275488,-0.06172375,0.02256813,-0.10823020,-0.28156645,-0.20554801
5.330000,0.16433560,-0.40149532,0.92147941,0.29593826,1.62963352,0.32483313,-0.06952713,-0.06510159,-0.14057661,0.11233826,-0.00112256,-0.03374804,-0.08770776,-0.05488313,0.03466598,-0.11672434,-0.27526080,-0.21066876
5.340000,0.16363586,-0.40214897,0.92007557,0.29705566,1.62960864,0.32448503,-0.07042861,-0.06561625,-0.14016968,0.11112886,-0.00384280,-0.03587948,-0.09257268,-0.04805277,0.04671184,-0.12514276,-0.26875499,-0.21558504
5.350000,0.16292687,-0.40280742,0.91867641,0.29816055,1.62955688,0.32411538,-0.07137827,-0.06606269,-0.13964258,0.10983568,-0.00649704,-0.03805906,-0.09734371,-0.04123692,0.05869524,-0.13347789,-0.26206100,-0.22029624
5.360000,0.16220814,-0.40346999,0.91728312,0.29925210,1.62947892,0.32372370,-0.07237515,-0.06644106,-0.13899601,0.10845960,-0.00908344,-0.04028472,-0.10201491,-0.03443988,0.07060574,-0.14172215,-0.25519077,-0.22480172
5.370000,0.16147921,-0.40413601,0.91589689,0.30032947,1.62937545,0.32330954,-0.07341822,-0.06675156,-0.13823075,0.10700157,-0.01160030,-0.04255440,-0.10658035,-0.02766589,0.08243289,-0.14986798,-0.24815627,-0.22910088
5.380000,0.16073962,-0.40480480,0.91451890,0.30139186,1.62924715,0.32287247,-0.07450639,-0.06699446,-0.13734767,0.10546260,-0.01404605,-0.04486605,-0.11103412,-0.02091925,0.09416623,-0.15790781,-0.24096947,-0.23319308
5.390000,0.15998894,-0.40547568,0.91315032,0.30243846,1.62909477,0.32241209,-0.07563851,-0.06717005,-0.13634777,0.10384379,-0.01641923,-0.04721757,-0.11537028,-0.01420421,0.10579531,-0.16583406,-0.23364231,-0.23707770
5.400000,0.15922671,-0.40614798,0.91179233,0.30346847,1.62891902,0.32192799,-0.07681338,-0.06727867,-0.13523215,0.10214632,-0.01871847,-0.04960691,-0.11958289,-0.00752505,0.11730969,-0.17363916,-0.22618677,-0.24075413
5.410000,0.15845253,-0.40682103,0.91044606,0.30448113,1.62872065,0.32141983,-0.07802974,-0.06732069,-0.13400199,0.10037144,-0.02094257,-0.05203196,-0.12366605,-0.00088604,0.12869890,-0.18131554,-0.21861481,-0.24422174
5.420000,0.15766598,-0.40749417,0.90911267,0.30547565,1.62850042,0.32088724,-0.07928625,-0.06729654,-0.13265862,0.09852046,-0.02309042,-0.05449064,-0.12761381,0.00570856,0.13995250,-0.18885564,-0.21093838,-0.24747991
5.430000,0.15686668,-0.40816674,0.90779326,0.30645129,1.62825910,0.32032991,-0.08058154,-0.06720668,-0.13120343,0.09659480,-0.02516103,-0.05698086,-0.13142024,0.01225446,0.15106004,-0.19625187,-0.20316945,-0.25052802
5.440000,0.15605423,-0.40883809,0.90648896,0.30740730,1.62799746,0.31974753,-0.08191416,-0.06705162,-0.12963794,0.09459593,-0.02715354,-0.05950050,-0.13507943,0.01874740,0.16201106,-0.20349666,-0.19531997,-0.25336545
5.450000,0.15522827,-0.40950756,0.90520087,0.30834297,1.62771629,0.31913981,-0.08328262,-0.06683192,-0.12796377,0.09252540,-0.02906720,-0.06204746,-0.13858544,0.02518311,0.17279511,-0.21058246,-0.18740192,-0.25599157
5.460000,0.15438846,-0.41017451,0.90393005,0.30925758,1.62741638,0.31850649,-0.08468534,-0.06654817,-0.12618263,0.09038484,-0.03090139,-0.06461963,-0.14193234,0.03155731,0.18340174,-0.21750168,-0.17942724,-0.25840577
5.470000,0.15353446,-0.41083831,0.90267756,0.31015044,1.62709853,0.31784734,-0.08612072,-0.06620100,-0.12429636,0.08817595,-0.03265560,-0.06721487,-0.14511420,0.03786574,0.19382050,-0.22424675,-0.17140790,-0.26060742
5.480000,0.15266594,-0.41149832,0.90144446,0.31102087,1.62676353,0.31716213,-0.08758706,-0.06579109,-0.12230688,0.08590051,-0.03432944,-0.06983106,-0.14812511,0.04410412,0.20404093,-0.23081011,-0.16335587,-0.26259590
5.490000,0.15178262,-0.41215392,0.90023176,0.31186823,1.62641221,0.31645066,-0.08908263,-0.06531916,-0.12021624,0.08356038,-0.03592265,-0.07246607,-0.15095912,0.05026819,0.21405259,-0.23718417,-0.15528309,-0.26437058
5.500000,0.15088420,-0.41280450,0.89904047,0.31269187,1.62604535,0.31571275,-0.09060563,-0.06478598,-0.11802656,0.08115748,-0.03743507,-0.07511776,-0.15361031,0.05635367,0.22384502,-0.24336138,-0.14720154,-0.26593086
5.510000,0.14997042,-0.41344944,0.89787156,0.31349118,1.62566378,0.31494825,-0.09215420,-0.06419236,-0.11574010,0.07869383,-0.03886669,-0.07778397,-0.15607276,0.06235630,0.23340777,-0.24933416,-0.13912318,-0.26727610
5.520000,0.14904104,-0.41408815,0.89672598,0.31426555,1.62526829,0.31415703,-0.09372644,-0.06353915,-0.11335921,0.07617150,-0.04021759,-0.08046256,-0.15834052,0.06827179,0.24273039,-0.25509493,-0.13105996,-0.26840568
5.530000,0.14809582,-0.41472003,0.89560468,0.31501442,1.62485969,0.31333897,-0.09532035,-0.06282723,-0.11088633,0.07359266,-0.04148798,-0.08315137,-0.16040769,0.07409589,0.25180243,-0.26063613,-0.12302384,-0.26931899
5.540000,0.14713456,-0.41534450,0.89450855,0.31573722,1.62443879,0.31249397,-0.09693390,-0.06205755,-0.10832403,0.07095954,-0.04267819,-0.08584822,-0.16226832,0.07982432,0.26061343,-0.26595019,-0.11502679,-0.27001540
5.550000,0.14615708,-0.41596099,0.89343849,0.31643344,1.62400639,0.31162198,-0.09856500,-0.06123108,-0.10567496,0.06827444,-0.04378868,-0.08855095,-0.16391649,0.08545280,0.26915295,-0.27102953,-0.10708078,-0.27049428
5.560000,0.14516321,-0.41656894,0.89239533,0.31710255,1.62356328,0.31072294,-0.10021150,-0.06034884,-0.10294191,0.06553976,-0.04482002,-0.09125738,-0.16534628,0.09097707,0.27741053,-0.27586658,-0.09919774,-0.27075503
5.570000,0.14415281,-0.41716779,0.89137992,0.31774407,1.62311025,0.30979683,-0.10187118,-0.05941190,-0.10012773,0.06275794,-0.04577289,-0.09396532,-0.16655174,0.09639286,0.28537572,-0.28045378,-0.09138966,-0.27079701
5.580000,0.14312575,-0.41775700,0.89039304,0.31835756,1.62264809,0.30884364,-0.10354177,-0.05842136,-0.09723540,0.05993154,-0.04664810,-0.09667259,-0.16752696,0.10169590,0.29303807,-0.28478355,-0.08366850,-0.27061960
5.590000,0.14208194,-0.41833604,0.88943546,0.31894257,1.62217755,0.30786339,-0.10522093,-0.05737837,-0.09426801,0.05706316,-0.04744659,-0.09937698,-0.16826601,0.10688191,0.30038712,-0.28884831,-0.07604620,-0.27022219
5.600000,0.14102131,-0.41890439,0.88850792,0.31949869,1.62169941,0.30685612,-0.10690628,-0.05628413,-0.09122874,0.05415548,-0.04816940,-0.10207630,-0.16876295,0.11194662,0.30741243,-0.29264051,-0.06853473,-0.26960414
5.610000,0.13994381,-0.41946155,0.88761111,0.32002555,1.62121441,0.30582189,-0.10859537,-0.05513986,-0.08812088,0.05121128,-0.04881769,-0.10476833,-0.16901187,0.11688577,0.31410354,-0.29615256,-0.06114606,-0.26876485
5.620000,0.13884940,-0.42000703,0.88674572,0.32052280,1.62072330,0.30476078,-0.11028567,-0.05394684,-0.08494782,0.04823339,-0.04939277,-0.10745085,-0.16900683,0.12169508,0.32045000,-0.29937689,-0.05389215,-0.26770368
5.630000,0.13773810,-0.42054033,0.88591236,0.32099012,1.62022679,0.30367291,-0.11197464,-0.05270640,-0.08171306,0.04522473,-0.04989602,-0.11012166,-0.16874218,0.12637033,0.32644161,-0.30230617,-0.04678472,-0.26642014
5.640000,0.13660992,-0.42106100,0.88511165,0.32142721,1.61972561,0.30255839,-0.11365965,-0.05141989,-0.07842018,0.04218826,-0.05032897,-0.11277852,-0.16821861,0.13090837,0.33207394,-0.30493813,-0.03983023,-0.26491630
5.650000,0.13546493,-0.42156858,0.88434414,0.32183380,1.61922044,0.30141739,-0.11533817,-0.05008870,-0.07507277,0.03912694,-0.05069314,-0.11541926,-0.16744316,0.13530714,0.33734830,-0.30727565,-0.03302988,-0.26319687
5.660000,0.13430319,-0.42206263,0.88361037,0.32220967,1.61871197,0.30025007,-0.11700770,-0.04871422,-0.07167440,0.03604372,-0.05099009,-0.11804176,-0.16642315,0.13956461,0.34226628,-0.30932179,-0.02638461,-0.26126665
5.670000,0.13312481,-0.42254273,0.88291081,0.32255461,1.61820086,0.29905662,-0.11866584,-0.04729789,-0.06822863,0.03294147,-0.05122135,-0.12064391,-0.16516589,0.14367875,0.34682946,-0.31107965,-0.01989537,-0.25913044
5.680000,0.13192992,-0.42300846,0.88224594,0.32286845,1.61768776,0.29783727,-0.12031025,-0.04584113,-0.06473899,0.02982307,-0.05138852,-0.12322369,-0.16367869,0.14764756,0.35103940,-0.31255230,-0.01356313,-0.25679306
5.690000,0.13071866,-0.42345942,0.88161617,0.32315103,1.61717330,0.29659223,-0.12193867,-0.04434543,-0.06120902,0.02669136,-0.05149314,-0.12577912,-0.16196888,0.15146901,0.35489769,-0.31374283,-0.00738884,-0.25425930
5.700000,0.12949120,-0.42389524,0.88102188,0.32340224,1.61665810,0.29532177,-0.12354891,-0.04281225,-0.05764221,0.02354915,-0.05153682,-0.12830824,-0.16004376,0.15514107,0.35840591,-0.31465430,-0.00137346,-0.25153398
5.710000,0.12824775,-0.42431555,0.88046343,0.32362199,1.61614276,0.29402616,-0.12513886,-0.04124311,-0.05404206,0.02039920,-0.05152115,-0.13080917,-0.15791065,0.15866172,0.36156563,-0.31528982,0.00448207,-0.24862189
5.720000,0.12698850,-0.42471999,0.87994114,0.32381021,1.61562787,0.29270569,-0.12670646,-0.03963953,-0.05041205,0.01724426,-0.05144772,-0.13328007,-0.15557686,0.16202895,0.36437843,-0.31565244,0.01017678,-0.24552785
5.730000,0.12571370,-0.42510823,0.87945528,0.32396686,1.61511399,0.29136067,-0.12824975,-0.03800305,-0.04675564,0.01408705,-0.05131815,-0.13571914,-0.15304971,0.16524073,0.36684589,-0.31574527,0.01570973,-0.24225666
5.740000,0.12442359,-0.42547994,0.87900610,0.32409195,1.61460169,0.28999142,-0.12976683,-0.03633524,-0.04307628,0.01093024,-0.05113407,-0.13812463,-0.15033652,0.16829503,0.36896958,-0.31557137,0.02107995,-0.23881313
5.750000,0.12311846,-0.42583483,0.87859382,0.32418548,1.61409149,0.28859829,-0.13125588,-0.03463768,-0.03937739,0.00777650,-0.05089710,-0.14049485,-0.14744459,0.17118985,0.37075109,-0.31513382,0.02628649,-0.23520206
5.760000,0.12179858,-0.42617260,0.87821861,0.32424750,1.61358392,0.28718164,-0.13271515,-0.03291198,-0.03566239,0.00462844,-0.05060888,-0.14282813,-0.14438125,0.17392315,0.37219198,-0.31443572,0.03132839,-0.23142826
5.770000,0.12046426,-0.42649298,0.87788061,0.32427808,1.61307947,0.28574186,-0.13414296,-0.03115976,-0.03193468,0.00148864,-0.05027108,-0.14512288,-0.14115380,0.17649292,0.37329384,-0.31348014,0.03620471,-0.22749654
5.780000,0.11911583,-0.42679571,0.87757995,0.32427731,1.61257865,0.28427932,-0.13553771,-0.02938267,-0.02819764,-0.00164032,-0.04988535,-0.14737755,-0.13776957,0.17889713,0.37405824,-0.31227015,0.04091448,-0.22341169
5.790000,0.11775362,-0.42708056,0.87731668,0.32424531,1.61208192,0.28279444,-0.13689785,-0.02758238,-0.02445464,-0.00475592,-0.04945335,-0.14959062,-0.13423586,0.18113376,0.37448676,-0.31080885,0.04545676,-0.21917853
5.800000,0.11637799,-0.42734729,0.87709086,0.32418224,1.61158974,0.28128765,-0.13822195,-0.02576056,-0.02070902,-0.00785567,-0.04897677,-0.15176064,-0.13055999,0.18320079,0.37458098,-0.30909930,0.04983058,-0.21480187
5.810000,0.11498931,-0.42759570,0.87690250,0.32408826,1.61110253,0.27975938,-0.13950860,-0.02391893,-0.01696412,-0.01093709,-0.04845730,-0.15388620,-0.12674928,0.18509620,0.37434248,-0.30714460,0.05403499,-0.21028650
5.820000,0.11358795,-0.42782561,0.87675157,0.32396357,1.61062073,0.27821008,-0.14075651,-0.02205922,-0.01322327,-0.01399775,-0.04789664,-0.15596593,-0.12281104,0.18681796,0.37377282,-0.30494782,0.05806903,-0.20563723
5.830000,0.11217431,-0.42803683,0.87663801,0.32380838,1.61014473,0.27664022,-0.14196442,-0.02018316,-0.00948977,-0.01703525,-0.04729649,-0.15799851,-0.11875259,0.18836406,0.37287360,-0.30251205,0.06193176,-0.20085888
5.840000,0.11074880,-0.42822922,0.87656174,0.32362295,1.60967492,0.27505027,-0.14313118,-0.01829253,-0.00576689,-0.02004721,-0.04665858,-0.15998269,-0.11458123,0.18973247,0.37164638,-0.29984036,0.06562221,-0.19595624
5.850000,0.10931183,-0.42840264,0.87652263,0.32340753,1.60921168,0.27344073,-0.14425570,-0.01638911,-0.00205793,-0.02303128,-0.04598463,-0.16191724,-0.11030429,0.19092118,0.37009275,-0.29693583,0.06913943,-0.19093412
5.860000,0.10786383,-0.42855697,0.87652052,0.32316242,1.60875534,0.27181210,-0.14533694,-0.01447471,0.00163388,-0.02598516,-0.04527637,-0.16380099,-0.10592908,0.19192815,0.36821428,-0.29380155,0.07248247,-0.18579733
5.870000,0.10640523,-0.42869211,0.87655523,0.32288794,1.60830626,0.27016488,-0.14637398,-0.01255116,0.00530528,-0.02890656,-0.04453556,-0.16563282,-0.10146291,0.19275138,0.36601254,-0.29044060,0.07565036,-0.18055068
5.880000,0.10493650,-0.42880797,0.87662655,0.32258441,1.60786474,0.26849962,-0.14736592,-0.01062030,0.00895306,-0.03179323,-0.04376395,-0.16741165,-0.09691310,0.19338883,0.36348912,-0.28685605,0.07864217,-0.17519896
5.890000,0.10345807,-0.42890449,0.87673421,0.32225220,1.60743108,0.26681683,-0.14831198,-0.00868401,0.01257400,-0.03464294,-0.04296331,-0.16913647,-0.09228697,0.19383848,0.36064560,-0.28305100,0.08145692,-0.16974698
5.900000,0.10197041,-0.42898164,0.87687793,0.32189168,1.60700556,0.26511707,-0.14921143,-0.00674417,0.01616491,-0.03745352,-0.04213541,-0.17080628,-0.08759182,0.19409832,0.35748354,-0.27902851,0.08409367,-0.16419956
5.910000,0.10047400,-0.42903937,0.87705739,0.32150326,1.60658845,0.26340089,-0.15006361,-0.00480268,0.01972261,-0.04022280,-0.04128203,-0.17242015,-0.08283497,0.19416632,0.35400453,-0.27479167,0.08655146,-0.15856150
5.920000,0.09896930,-0.42907769,0.87727226,0.32108737,1.60618000,0.26166886,-0.15086795,-0.00286148,0.02324395,-0.04294865,-0.04040498,-0.17397722,-0.07802374,0.19404047,0.35021015,-0.27034356,0.08882933,-0.15283759
5.930000,0.09745680,-0.42909661,0.87752214,0.32064444,1.60578043,0.25992154,-0.15162393,-0.00092252,0.02672577,-0.04562898,-0.03950605,-0.17547664,-0.07316544,0.19371873,0.34610196,-0.26568726,0.09092634,-0.14703266
5.940000,0.09593698,-0.42909616,0.87780663,0.32017495,1.60538994,0.25815952,-0.15233113,0.00101223,0.03016494,-0.04826171,-0.03858706,-0.17691762,-0.06826739,0.19319909,0.34168156,-0.26082585,0.09284151,-0.14115150
5.950000,0.09441034,-0.42907638,0.87812529,0.31967937,1.60500875,0.25638338,-0.15298917,0.00294079,0.03355836,-0.05084482,-0.03764983,-0.17829943,-0.06333690,0.19247952,0.33695051,-0.25576242,0.09457391,-0.13519892
5.960000,0.09287737,-0.42903737,0.87847764,0.31915822,1.60463700,0.25459373,-0.15359778,0.00486115,0.03690292,-0.05337630,-0.03669619,-0.17962137,-0.05838128,0.19155801,0.33191040,-0.25050004,0.09612258,-0.12917973
5.970000,0.09133855,-0.42897920,0.87886317,0.31861203,1.60427487,0.25279116,-0.15415674,0.00677127,0.04019555,-0.05585417,-0.03572799,-0.18088282,-0.05340786,0.19043253,0.32656279,-0.24504179,0.09748655,-0.12309873
5.980000,0.08979440,-0.42890198,0.87928136,0.31804133,1.60392249,0.25097628,-0.15466590,0.00866911,0.04343316,-0.05827649,-0.03474708,-0.18208316,-0.04842394,0.18910106,0.32090928,-0.23939075,0.09866488,-0.11696072
5.990000,0.08824540,-0.42880586,0.87973164,0.31744669,1.60357997,0.24914970,-0.15512521,0.01055260,0.04661272,-0.06064135,-0.03375531,-0.18322186,-0.04343684,0.18756158,0.31495143,-0.23355002,0.09965661,-0.11077052
6.000000,0.08669206,-0.42869099,0.88021341,0.31682870,1.60324741,0.24731205,-0.15553465,0.01241964,0.04973118,-0.06294687,-0.03275457,-0.18429841,-0.03845387,0.18581207,0.30869082,-0.22752266,0.10046079,-0.10453293
6.010000,0.08513487,-0.42855753,0.88072605,0.31618795,1.60292490,0.24546394,-0.15589432,0.01426813,0.05278553,-0.06519119,-0.03174673,-0.18531237,-0.03348235,0.18385050,0.30212903,-0.22131175,0.10107645,-0.09825276
6.020000,0.08357434,-0.42840569,0.88126890,0.31552508,1.60261249,0.24360601,-0.15620436,0.01609594,0.05577276,-0.06737250,-0.03073367,-0.18626334,-0.02852959,0.18167486,0.29526764,-0.21492038,0.10150265,-0.09193481
6.030000,0.08201095,-0.42823569,0.88184127,0.31484072,1.60231024,0.24173888,-0.15646500,0.01790091,0.05868989,-0.06948901,-0.02971731,-0.18715096,-0.02360291,0.17928312,0.28810822,-0.20835163,0.10173843,-0.08558388
6.040000,0.08044520,-0.42804776,0.88244245,0.31413552,1.60201815,0.23986320,-0.15667653,0.01968087,0.06153394,-0.07153895,-0.02869954,-0.18797492,-0.01870963,0.17667326,0.28065235,-0.20160858,0.10178283,-0.07920479
6.050000,0.07887758,-0.42784216,0.88307170,0.31341017,1.60173624,0.23797960,-0.15683933,0.02143364,0.06430195,-0.07352061,-0.02768229,-0.18873498,-0.01385705,0.17384327,0.27290161,-0.19469431,0.10163491,-0.07280234
6.060000,0.07730858,-0.42761918,0.88372823,0.31266535,1.60146450,0.23608872,-0.15695383,0.02315700,0.06699099,-0.07543228,-0.02666749,-0.18943091,-0.00905249,0.17079111,0.26485758,-0.18761191,0.10129369,-0.06638133
6.070000,0.07573866,-0.42737913,0.88441125,0.31190176,1.60120288,0.23419120,-0.15702056,0.02484872,0.06959813,-0.07727230,-0.02565707,-0.19006256,-0.00430327,0.16751476,0.25652183,-0.18036444,0.10075824,-0.05994657
6.080000,0.07416832,-0.42712232,0.88511991,0.31112014,1.60095133,0.23228768,-0.15704011,0.02650654,0.07212046,-0.07903903,-0.02465297,-0.19062981,0.00038329,0.16401221,0.24789594,-0.17295499,0.10002759,-0.05350287
6.090000,0.07259802,-0.42684912,0.88585336,0.31032123,1.60070979,0.23037881,-0.15701313,0.02812820,0.07455509,-0.08073087,-0.02365717,-0.19113260,0.00499990,0.16028144,0.23898148,-0.16538665,0.09910080,-0.04705503
6.100000,0.07102821,-0.42655988,0.88661071,0.30950578,1.60047816,0.22846524,-0.15694037,0.02971140,0.07689913,-0.08234624,-0.02267162,-0.19157091,0.00953922,0.15632042,0.22978004,-0.15766249,0.09797689,-0.04060786
6.110000,0.06945936,-0.42625502,0.88739103,0.30867457,1.60025632,0.22654761,-0.15682263,0.03125383,0.07914974,-0.08388361,-0.02169829,-0.19194478,0.01399395,0.15212712,0.22029320,-0.14978559,0.09665493,-0.03416617
6.120000,0.06789191,-0.42593495,0.88819338,0.30782837,1.60004414,0.22462656,-0.15666079,0.03275316,0.08130405,-0.08534145,-0.02073918,-0.19225427,0.01835677,0.14769954,0.21052252,-0.14175904,0.09513395,-0.02773475
6.130000,0.06632629,-0.42560011,0.88901678,0.30696801,1.59984148,0.22270274,-0.15645582,0.03420704,0.08335925,-0.08671830,-0.01979628,-0.19249952,0.02262036,0.14303564,0.20046959,-0.13358592,0.09341300,-0.02131842
6.140000,0.06476293,-0.42525097,0.88986023,0.30609428,1.59964816,0.22077678,-0.15620874,0.03561308,0.08531251,-0.08801269,-0.01887159,-0.19268071,0.02677741,0.13813340,0.19013598,-0.12526930,0.09149113,-0.01492198
6.150000,0.06320225,-0.42488802,0.89072269,0.30520803,1.59946398,0.21884934,-0.15592065,0.03696890,0.08716104,-0.08922322,-0.01796713,-0.19279804,0.03082062,0.13299081,0.17952327,-0.11681227,0.08936737,-0.00855024
6.160000,0.06164465,-0.42451177,0.89160309,0.30431010,1.59928874,0.21692104,-0.15559273,0.03827209,0.08890205,-0.09034848,-0.01708492,-0.19285181,0.03474265,0.12760585,0.16863304,-0.10821790,0.08704078,-0.00220801
6.170000,0.06009052,-0.42412276,0.89250036,0.30340135,1.59912220,0.21499251,-0.15522623,0.03952021,0.09053278,-0.09138713,-0.01622699,-0.19284232,0.03853620,0.12197648,0.15746687,-0.09948929,0.08451040,0.00409992
6.180000,0.05854025,-0.42372156,0.89341337,0.30248265,1.59896411,0.21306440,-0.15482246,0.04071080,0.09205047,-0.09233783,-0.01539539,-0.19276994,0.04219395,0.11610069,0.14602633,-0.09062950,0.08177527,0.01036873
6.190000,0.05699419,-0.42330874,0.89434098,0.30155489,1.59881420,0.21113732,-0.15438283,0.04184139,0.09345240,-0.09319929,-0.01459217,-0.19263509,0.04570859,0.10997646,0.13431299,-0.08164163,0.07883444,0.01659362
6.200000,0.05545271,-0.42288494,0.89528202,0.30061897,1.59867217,0.20921190,-0.15390879,0.04290949,0.09473583,-0.09397025,-0.01381939,-0.19243823,0.04907281,0.10360176,0.12232845,-0.07252874,0.07568696,0.02276978
6.210000,0.05391613,-0.42245077,0.89623530,0.29967579,1.59853770,0.20728876,-0.15340190,0.04391259,0.09589807,-0.09464946,-0.01307913,-0.19217987,0.05227928,0.09697458,0.11007427,-0.06329393,0.07233186,0.02889241
6.220000,0.05238477,-0.42200691,0.89719957,0.29872629,1.59841047,0.20536851,-0.15286376,0.04484814,0.09693642,-0.09523573,-0.01237345,-0.19186058,0.05532069,0.09009289,0.09755203,-0.05394027,0.06876820,0.03495670
6.230000,0.05085895,-0.42155404,0.89817360,0.29777139,1.59829011,0.20345175,-0.15229606,0.04571359,0.09784822,-0.09572788,-0.01170446,-0.19148095,0.05818974,0.08295467,0.08476331,-0.04447084,0.06499502,0.04095785
6.240000,0.04933895,-0.42109288,0.89915611,0.29681205,1.59817625,0.20153909,-0.15170056,0.04650637,0.09863080,-0.09612477,-0.01107425,-0.19104165,0.06087910,0.07555790,0.07170968,-0.03488873,0.06101136,0.04689104
6.250000,0.04782503,-0.42062416,0.90014578,0.29584922,1.59806849,0.19963112,-0.15107910,0.04722388,0.09928153,-0.09642529,-0.01048494,-0.19054337,0.06338146,0.06790056,0.05839273,-0.02519701,0.05681627,0.05275148
6.260000,0.04631744,-0.42014866,0.90114129,0.29488387,1.59796641,0.19772842,-0.15043357,0.04786351,0.09979779,-0.09662836,-0.00993863,-0.18998688,0.06569150,0.05998355,0.04481716,-0.01540026,0.05241075,0.05853473
6.270000,0.04481643,-0.41966716,0.90214128,0.29391698,1.59786957,0.19583157,-0.14976590,0.04842273,0.10017707,-0.09673298,-0.00943739,-0.18937294,0.06781187,0.05181954,0.03100027,-0.00550897,0.04780358,0.06423784
6.280000,0.04332219,-0.41918048,0.90314437,0.29294954,1.59777750,0.19394115,-0.14907795,0.04889913,0.10041706,-0.09673826,-0.00898319,-0.18870239,0.06974722,0.04342409,0.01696246,0.00446486,0.04300552,0.06985824
6.290000,0.04183493,-0.41868946,0.90414915,0.29198255,1.59768974,0.19205771,-0.14837156,0.04929049,0.10051565,-0.09664345,-0.00857788,-0.18797606,0.07150220,0.03481279,0.00272414,0.01450923,0.03802730,0.07539335
6.300000,0.04035482,-0.41819496,0.90515420,0.29101701,1.59760578,0.19018181,-0.14764850,0.04959472,0.10047094,-0.09644788,-0.00822321,-0.18719482,0.07308145,0.02600122,-0.01169425,0.02461214,0.03287967,0.08084059
6.310000,0.03888201,-0.41769787,0.90615808,0.29005393,1.59752510,0.18831399,-0.14691050,0.04980990,0.10028124,-0.09615105,-0.00792082,-0.18635955,0.07448962,0.01700495,-0.02627231,0.03476162,0.02757338,0.08619740
6.320000,0.03741665,-0.41719907,0.90715934,0.28909433,1.59744718,0.18645479,-0.14615926,0.04993425,0.09994503,-0.09575254,-0.00767224,-0.18547118,0.07573135,0.00783958,-0.04098963,0.04494565,0.02211917,0.09146119
6.330000,0.03595886,-0.41669949,0.90815649,0.28813922,1.59737147,0.18460474,-0.14539641,0.04996618,0.09946105,-0.09525206,-0.00747889,-0.18453065,0.07681130,-0.00147932,-0.05582577,0.05515225,0.01652778,0.09662940
6.340000,0.03450876,-0.41620006,0.90914806,0.28718962,1.59729742,0.18276435,-0.14462356,0.04990421,0.09882819,-0.09464946,-0.00734210,-0.18353892,0.07773411,-0.01093617,-0.07076033,0.06536943,0.01080996,0.10169944
6.350000,0.03306642,-0.41570172,0.91013256,0.28624657,1.59722444,0.18093413,-0.14384224,0.04974704,0.09804558,-0.09394468,-0.00726308,-0.18249700,0.07850443,-0.02051538,-0.08577289,0.07558519,0.00497645,0.10666874
6.360000,0.03163193,-0.41520544,0.91110847,0.28531107,1.59715196,0.17911458,-0.14305396,0.04949354,0.09711254,-0.09313780,-0.00724293,-0.18140589,0.07912690,-0.03020139,-0.10084304,0.08578753,-0.00096200,0.11153473
6.370000,0.03020536,-0.41471218,0.91207430,0.28438415,1.59707938,0.17730617,-0.14226018,0.04914271,0.09602860,-0.09222901,-0.00728263,-0.18026665,0.07960617,-0.03997859,-0.11595035,0.09596446,-0.00699465,0.11629483
6.380000,0.02878675,-0.41422291,0.91302854,0.28346683,1.59700610,0.17550940,-0.14146230,0.04869372,0.09479348,-0.09121863,-0.00738310,-0.17908036,0.07994688,-0.04983143,-0.13107441,0.10610399,-0.01311076,0.12094646
6.390000,0.02737612,-0.41373863,0.91396967,0.28256012,1.59693151,0.17372472,-0.14066169,0.04814588,0.09340712,-0.09010710,-0.00754509,-0.17784809,0.08015369,-0.05974431,-0.14619481,0.11619413,-0.01929958,0.12548705
6.400000,0.02597352,-0.41326033,0.91489618,0.28166502,1.59685499,0.17195259,-0.13985966,0.04749868,0.09186966,-0.08889495,-0.00776929,-0.17657099,0.08023125,-0.06970165,-0.16129112,0.12622288,-0.02555036,0.12991403
6.410000,0.02457893,-0.41278899,0.91580656,0.28078255,1.59677592,0.17019344,-0.13905748,0.04675175,0.09018145,-0.08758288,-0.00805627,-0.17525020,0.08018419,-0.07968788,-0.17634293,0.13617824,-0.03185237,0.13422481
6.420000,0.02319236,-0.41232562,0.91669931,0.27991370,1.59669366,0.16844772,-0.13825637,0.04590488,0.08834302,-0.08617167,-0.00840648,-0.17388689,0.08001716,-0.08968740,-0.19132983,0.14604823,-0.03819486,0.13841683
6.430000,0.02181380,-0.41187123,0.91757292,0.27905944,1.59660758,0.16671584,-0.13745752,0.04495801,0.08635513,-0.08466224,-0.00882027,-0.17248227,0.07973482,-0.09968465,-0.20623139,0.15582085,-0.04456708,0.14248751
6.440000,0.02044320,-0.41142680,0.91842591,0.27822078,1.59651704,0.16499821,-0.13666204,0.04391125,0.08421874,-0.08305562,-0.00929788,-0.17103756,0.07934180,-0.10966404,-0.22102720,0.16548410,-0.05095829,0.14643428
6.450000,0.01908054,-0.41099333,0.91925681,0.27739865,1.59642141,0.16329522,-0.13587104,0.04276485,0.08193501,-0.08135296,-0.00983946,-0.16955401,0.07884276,-0.11960999,-0.23569685,0.17502599,-0.05735775,0.15025455
6.460000,0.01772576,-0.41057183,0.92006413,0.27659403,1.59632004,0.16160726,-0.13508553,0.04151921,0.07950530,-0.07955555,-0.01044503,-0.16803290,0.07824235,-0.12950692,-0.25021991,0.18443453,-0.06375471,0.15394576
6.470000,0.01637881,-0.41016328,0.92084643,0.27580785,1.59621229,0.15993469,-0.13430651,0.04017492,0.07693117,-0.07766476,-0.01111451,-0.16647553,0.07754520,-0.13933925,-0.26457597,0.19369773,-0.07013843,0.15750532
6.480000,0.01503961,-0.40976866,0.92160228,0.27504104,1.59609753,0.15827786,-0.13353493,0.03873270,0.07421440,-0.07568212,-0.01184772,-0.16488324,0.07675596,-0.14909139,-0.27874462,0.20280358,-0.07649816,0.16093067
6.490000,0.01370808,-0.40938895,0.92233025,0.27429451,1.59597513,0.15663713,-0.13277168,0.03719341,0.07135697,-0.07360925,-0.01264436,-0.16325737,0.07587929,-0.15874777,-0.29270543,0.21174010,-0.08282315,0.16421922
6.500000,0.01238414,-0.40902511,0.92302895,0.27356915,1.59584444,0.15501282,-0.13201762,0.03555811,0.06836105,-0.07144792,-0.01350403,-0.16159932,0.07491983,-0.16829281,-0.30643800,0.22049529,-0.08910268,0.16736841
6.510000,0.01106770,-0.40867810,0.92369702,0.27286584,1.59570484,0.15340525,-0.13127355,0.03382798,0.06522904,-0.06919999,-0.01442622,-0.15991048,0.07388223,-0.17771093,-0.31992189,0.22905716,-0.09532598,0.17037566
6.520000,0.00975864,-0.40834886,0.92433309,0.27218543,1.59555571,0.15181471,-0.13054022,0.03200437,0.06196351,-0.06686746,-0.01541033,-0.15819229,0.07277113,-0.18698654,-0.33313671,0.23741371,-0.10148232,0.17323838
6.530000,0.00845685,-0.40803832,0.92493585,0.27152877,1.59539643,0.15024150,-0.12981835,0.03008878,0.05856727,-0.06445244,-0.01645561,-0.15644620,0.07159117,-0.19610406,-0.34606202,0.24555296,-0.10756095,0.17595402
6.540000,0.00716223,-0.40774739,0.92550401,0.27089665,1.59522639,0.14868588,-0.12910861,0.02808287,0.05504331,-0.06195716,-0.01756125,-0.15467370,0.07034702,-0.20504792,-0.35867742,0.25346290,-0.11355114,0.17851998
6.550000,0.00587464,-0.40747696,0.92603630,0.27028988,1.59504500,0.14714811,-0.12841161,0.02598845,0.05139482,-0.05938399,-0.01872630,-0.15287631,0.06904331,-0.21380252,-0.37096249,0.26113154,-0.11944212,0.18093371
6.560000,0.00459395,-0.40722791,0.92653150,0.26970923,1.59485167,0.14562843,-0.12772793,0.02380750,0.04762522,-0.05673538,-0.01994973,-0.15105555,0.06768468,-0.22235230,-0.38289680,0.26854690,-0.12522316,0.18319261
6.570000,0.00332003,-0.40700109,0.92698841,0.26915542,1.59464582,0.14412707,-0.12705809,0.02154214,0.04373812,-0.05401393,-0.02123036,-0.14921298,0.06627580,-0.23068168,-0.39445995,0.27569696,-0.13088352,0.18529412
6.580000,0.00205274,-0.40679734,0.92740589,0.26862918,1.59442688,0.14264424,-0.12640256,0.01919465,0.03973733,-0.05122236,-0.02256696,-0.14735020,0.06482130,-0.23877506,-0.40563152,0.28256975,-0.13641245,0.18723566
6.590000,0.00079193,-0.40661746,0.92778280,0.26813120,1.59419430,0.14118013,-0.12576180,0.01676747,0.03562687,-0.04836350,-0.02395814,-0.14546881,0.06332583,-0.24661687,-0.41639109,0.28915327,-0.14179921,0.18901466
6.600000,-0.00046254,-0.40646225,0.92811807,0.26766212,1.59394754,0.13973492,-0.12513617,0.01426320,0.03141095,-0.04544030,-0.02540243,-0.14357045,0.06179404,-0.25419153,-0.42671824,0.29543552,-0.14703305,0.19062853
6.610000,-0.00171084,-0.40633245,0.92841068,0.26722259,1.59368608,0.13830877,-0.12452602,0.01168459,0.02709401,-0.04245584,-0.02689825,-0.14165680,0.06023057,-0.26148346,-0.43659256,0.30140451,-0.15210323,0.19207472
6.620000,-0.00295312,-0.40622879,0.92865963,0.26681320,1.59340941,0.13690183,-0.12393165,0.00903453,0.02268068,-0.03941330,-0.02844392,-0.13972953,0.05864007,-0.26847708,-0.44599363,0.30704824,-0.15699900,0.19335063
6.630000,-0.00418953,-0.40615198,0.92886399,0.26643451,1.59311704,0.13551422,-0.12335329,0.00631609,0.01817578,-0.03631600,-0.03003762,-0.13779036,0.05702719,-0.27515680,-0.45490103,0.31235473,-0.16170962,0.19445370
6.640000,-0.00542024,-0.40610269,0.92902286,0.26608705,1.59280850,0.13414605,-0.12279116,0.00353249,0.01358437,-0.03316737,-0.03167745,-0.13584104,0.05539658,-0.28150705,-0.46329435,0.31731197,-0.16622435,0.19538135
6.650000,-0.00664541,-0.40608154,0.92913540,0.26577132,1.59248334,0.13279742,-0.12224541,0.00068710,0.00891168,-0.02997096,-0.03336142,-0.13388333,0.05375288,-0.28751224,-0.47115317,0.32190798,-0.17053244,0.19613100
6.660000,-0.00786520,-0.40608914,0.92920084,0.26548778,1.59214113,0.13146841,-0.12171613,-0.00221655,0.00416316,-0.02673045,-0.03508738,-0.13191902,0.05210074,-0.29315680,-0.47845708,0.32613076,-0.17462315,0.19670008
6.670000,-0.00907978,-0.40612605,0.92921843,0.26523685,1.59178146,0.13015906,-0.12120340,-0.00517478,-0.00065555,-0.02344963,-0.03685312,-0.12994994,0.05044480,-0.29842514,-0.48518565,0.32996832,-0.17848573,0.19708602
6.680000,-0.01028932,-0.40619280,0.92918751,0.26501891,1.59140395,0.12886942,-0.12070723,-0.00818375,-0.00553857,-0.02013241,-0.03865630,-0.12797792,0.04878972,-0.30330168,-0.49131847,0.33340866,-0.18210944,0.19728623
6.690000,-0.01149398,-0.40628988,0.92910747,0.26483431,1.59100822,0.12759950,-0.12022759,-0.01123946,-0.01047986,-0.01678282,-0.04049447,-0.12600484,0.04714013,-0.30777085,-0.49683513,0.33643978,-0.18548353,0.19729815
6.700000,-0.01269393,-0.40641774,0.92897774,0.26468335,1.59059395,0.12634932,-0.11976440,-0.01433776,-0.01547315,-0.01340502,-0.04236510,-0.12403259,0.04550069,-0.31181706,-0.50171521,0.33904970,-0.18859727,0.19711920
6.710000,-0.01388933,-0.40657677,0.92879785,0.26456629,1.59016082,0.12511884,-0.11931753,-0.01747434,-0.02051198,-0.01000327,-0.04426552,-0.12206310,0.04387604,-0.31542473,-0.50593828,0.34122643,-0.19143990,0.19674680
6.720000,-0.01508033,-0.40676733,0.92856737,0.26448335,1.58970855,0.12390804,-0.11888681,-0.02064474,-0.02558966,-0.00658197,-0.04619296,-0.12009831,0.04227084,-0.31857828,-0.50948394,0.34295796,-0.19400068,0.19617837
6.730000,-0.01626712,-0.40698976,0.92828595,0.26443470,1.58923688,0.12271685,-0.11847203,-0.02384434,-0.03069933,-0.00314563,-0.04814455,-0.11814019,0.04068971,-0.32126213,-0.51233177,0.34423230,-0.19626887,0.19541135
6.740000,-0.01744983,-0.40724430,0.92795330,0.26442047,1.58874559,0.12154521,-0.11807292,-0.02706836,-0.03583390,0.00030111,-0.05011733,-0.11619075,0.03913733,-0.32346069,-0.51446135,0.34503746,-0.19823373,0.19444316
6.750000,-0.01862862,-0.40753119,0.92756921,0.26444074,1.58823447,0.12039300,-0.11768917,-0.03031188,-0.04098609,0.00375351,-0.05210818,-0.11425201,0.03761832,-0.32515840,-0.51585226,0.34536145,-0.19988450,0.19327122
6.760000,-0.01980366,-0.40785059,0.92713355,0.26449554,1.58770337,0.11926013,-0.11732043,-0.03356981,-0.04614842,0.00720670,-0.05411393,-0.11232602,0.03613734,-0.32633966,-0.51648409,0.34519227,-0.20121045,0.19189296
6.770000,-0.02097508,-0.40820262,0.92664624,0.26458486,1.58715215,0.11814643,-0.11696628,-0.03683690,-0.05131318,0.01065567,-0.05613127,-0.11041485,0.03469903,-0.32698890,-0.51633642,0.34451793,-0.20220083,0.19030580
6.780000,-0.02214303,-0.40858734,0.92610730,0.26470862,1.58658072,0.11705177,-0.11662629,-0.04010776,-0.05647248,0.01409533,-0.05815679,-0.10852060,0.03330805,-0.32709053,-0.51538883,0.34332643,-0.20284490,0.18850717
6.790000,-0.02330765,-0.40900477,0.92551683,0.26486672,1.58598900,0.11597596,-0.11629995,-0.04337683,-0.06161822,0.01752044,-0.06018698,-0.10664542,0.03196903,-0.32662898,-0.51362092,0.34160578,-0.20313191,0.18649449
6.800000,-0.02446908,-0.40945485,0.92487501,0.26505897,1.58537698,0.11491879,-0.11598672,-0.04663841,-0.06674209,0.02092564,-0.06221821,-0.10479144,0.03068662,-0.32558866,-0.51101225,0.33934399,-0.20305112,0.18426519
6.810000,-0.02562743,-0.40993749,0.92418209,0.26528515,1.58474465,0.11388005,-0.11568601,-0.04988663,-0.07183559,0.02430547,-0.06424674,-0.10296084,0.02946548,-0.32395399,-0.50754242,0.33652906,-0.20259178,0.18181668
6.820000,-0.02678284,-0.41045252,0.92343843,0.26554497,1.58409206,0.11285949,-0.11539719,-0.05311546,-0.07689000,0.02765434,-0.06626874,-0.10115584,0.02831024,-0.32170940,-0.50319100,0.33314900,-0.20174315,0.17914641
6.830000,-0.02793541,-0.41099971,0.92264445,0.26583811,1.58341931,0.11185684,-0.11511957,-0.05631873,-0.08189641,0.03096653,-0.06828027,-0.09937866,0.02722556,-0.31883930,-0.49793759,0.32919181,-0.20049449,0.17625178
6.840000,-0.02908526,-0.41157879,0.92180069,0.26616416,1.58272651,0.11087182,-0.11485243,-0.05949011,-0.08684568,0.03423621,-0.07027727,-0.09763156,0.02621609,-0.31532811,-0.49176176,0.32464550,-0.19883505,0.17313023
6.850000,-0.03023249,-0.41218939,0.92090776,0.26652267,1.58201383,0.10990410,-0.11459499,-0.06262310,-0.09172850,0.03745744,-0.07225557,-0.09591682,0.02528645,-0.31116025,-0.48464310,0.31949809,-0.19675408,0.16977918
6.860000,-0.03137719,-0.41283110,0.91996637,0.26691313,1.58128147,0.10895337,-0.11434642,-0.06571107,-0.09653533,0.04062413,-0.07421091,-0.09423675,0.02444132,-0.30632014,-0.47656119,0.31373756,-0.19424085,0.16619605
6.870000,-0.03251945,-0.41350344,0.91897734,0.26733495,1.58052970,0.10801925,-0.11410586,-0.06874721,-0.10125644,0.04373010,-0.07613891,-0.09259369,0.02368533,-0.30079220,-0.46749561,0.30735193,-0.19128461,0.16237828
6.880000,-0.03365933,-0.41420585,0.91794156,0.26778751,1.57975880,0.10710136,-0.11387240,-0.07172457,-0.10588190,0.04676905,-0.07803509,-0.09098998,0.02302294,-0.29456169,-0.45742711,0.30032993,-0.18787517,0.15832351
6.890000,-0.03479692,-0.41493771,0.91686005,0.26827009,1.57896912,0.10619931,-0.11364509,-0.07463612,-0.11040166,0.04973460,-0.07989491,-0.08942800,0.02245441,-0.28763313,-0.44636303,0.29267688,-0.18401508,0.15403465
6.900000,-0.03593225,-0.41569833,0.91573392,0.26878193,1.57816104,0.10531265,-0.11342301,-0.07747499,-0.11480595,0.05262055,-0.08171394,-0.08791004,0.02197578,-0.28003034,-0.43433729,0.28441467,-0.17971965,0.14951986
6.910000,-0.03706539,-0.41648694,0.91456435,0.26932222,1.57733499,0.10444095,-0.11320529,-0.08023456,-0.11908532,0.05542094,-0.08348790,-0.08643832,0.02158290,-0.27177796,-0.42138501,0.27556593,-0.17500472,0.14478755
6.920000,-0.03819637,-0.41730273,0.91335266,0.26989005,1.57649144,0.10358373,-0.11299108,-0.08290846,-0.12323068,0.05812999,-0.08521269,-0.08501498,0.02127163,-0.26290063,-0.40754128,0.26615330,-0.16988616,0.13984609
6.930000,-0.03932522,-0.41814481,0.91210021,0.27048449,1.57563091,0.10274048,-0.11277960,-0.08549057,-0.12723329,0.06074220,-0.08688433,-0.08364207,0.02103783,-0.25342301,-0.39284119,0.25619940,-0.16437982,0.13470388
6.940000,-0.04045197,-0.41901222,0.91080849,0.27110455,1.57475395,0.10191071,-0.11257008,-0.08797500,-0.13108477,0.06325225,-0.08849904,-0.08232155,0.02087736,-0.24336972,-0.37731984,0.24572685,-0.15850155,0.12936932
6.950000,-0.04157663,-0.41990396,0.90947905,0.27174918,1.57386113,0.10109387,-0.11236182,-0.09035613,-0.13477707,0.06565508,-0.09005318,-0.08105530,0.02078607,-0.23276543,-0.36101233,0.23475828,-0.15226721,0.12385079
6.960000,-0.04269921,-0.42081898,0.90811351,0.27241728,1.57295310,0.10028942,-0.11215414,-0.09262856,-0.13830251,0.06794584,-0.09154325,-0.07984512,0.02075982,-0.22163477,-0.34395376,0.22331631,-0.14569265,0.11815669
6.970000,-0.04381971,-0.42175615,0.90671358,0.27310771,1.57203049,0.09949678,-0.11194642,-0.09478715,-0.14165376,0.07011990,-0.09296595,-0.07869272,0.02079446,-0.21000239,-0.32617921,0.21142358,-0.13879372,0.11229540
6.980000,-0.04493813,-0.42271433,0.90528104,0.27381927,1.57109401,0.09871536,-0.11173806,-0.09682702,-0.14482383,0.07217288,-0.09431810,-0.07759974,0.02088586,-0.19789294,-0.30772379,0.19910271,-0.13158629,0.10627533
6.990000,-0.04605447,-0.42369228,0.90381773,0.27455075,1.57014438,0.09794458,-0.11152853,-0.09874350,-0.14780608,0.07410061,-0.09559670,-0.07656772,0.02102986,-0.18533105,-0.28862260,0.18637633,-0.12408620,0.10010486
7.000000,-0.04716870,-0.42468877,0.90232556,0.27530086,1.56918233,0.09718380,-0.11131731,-0.10053221,-0.15059424,0.07589913,-0.09679890,-0.07559812,0.02122233,-0.17234138,-0.26891073,0.17326706,-0.11630932,0.09379239
7.010000,-0.04828081,-0.42570249,0.90080651,0.27606829,1.56820866,0.09643240,-0.11110393,-0.10218899,-0.15318238,0.07756475,-0.09792201,-0.07469231,0.02145913,-0.15894857,-0.24862328,0.15979753,-0.10827149,0.08734631
7.020000,-0.04939077,-0.42673210,0.89926260,0.27685170,1.56722417,0.09568974,-0.11088799,-0.10370992,-0.15556491,0.07909396,-0.09896351,-0.07385161,0.02173610,-0.14517726,-0.22779534,0.14599037,-0.09998857,0.08077500
7.030000,-0.05049856,-0.42777622,0.89769592,0.27764970,1.56622967,0.09495515,-0.11066909,-0.10509135,-0.15773660,0.08048350,-0.09992102,-0.07307720,0.02204912,-0.13105210,-0.20646201,0.13186820,-0.09147641,0.07408687
7.040000,-0.05160414,-0.42883345,0.89610859,0.27846089,1.56522603,0.09422797,-0.11044690,-0.10632986,-0.15969258,0.08173035,-0.10079233,-0.07237023,0.02239402,-0.11659773,-0.18465839,0.11745365,-0.08275087,0.06729029
7.050000,-0.05270748,-0.42990233,0.89450280,0.27928382,1.56421412,0.09350752,-0.11022112,-0.10742229,-0.16142832,0.08283168,-0.10157538,-0.07173173,0.02276668,-0.10183880,-0.16241957,0.10276934,-0.07382781,0.06039368
7.060000,-0.05380855,-0.43098140,0.89288077,0.28011703,1.56319483,0.09279310,-0.10999149,-0.10836571,-0.16293964,0.08378491,-0.10226828,-0.07116266,0.02316294,-0.08679995,-0.13978065,0.08783791,-0.06472307,0.05340541
7.070000,-0.05490730,-0.43206914,0.89124477,0.28095902,1.56216906,0.09208403,-0.10975780,-0.10915744,-0.16422271,0.08458769,-0.10286929,-0.07066390,0.02357867,-0.07150583,-0.11677673,0.07268197,-0.05545252,0.04633388
7.080000,-0.05600369,-0.43316403,0.88959709,0.28180828,1.56113775,0.09137959,-0.10951986,-0.10979506,-0.16527407,0.08523788,-0.10337683,-0.07023623,0.02400971,-0.05598109,-0.09344291,0.05732416,-0.04603201,0.03918748
7.090000,-0.05709768,-0.43426452,0.88794007,0.28266326,1.56010184,0.09067907,-0.10927756,-0.11027637,-0.16609059,0.08573357,-0.10378948,-0.06988037,0.02445194,-0.04025036,-0.06981428,0.04178710,-0.03647739,0.03197461
7.100000,-0.05818923,-0.43536903,0.88627607,0.28352243,1.55906228,0.08998174,-0.10903080,-0.11059946,-0.16666949,0.08607310,-0.10410598,-0.06959694,0.02490120,-0.02433830,-0.04592593,0.02609342,-0.02680451,0.02470365
7.110000,-0.05927828,-0.43647598,0.88460748,0.28438420,1.55802004,0.08928688,-0.10877953,-0.11076262,-0.16700836,0.08625500,-0.10432523,-0.06938646,0.02535336,-0.00826954,-0.02181297,0.01026575,-0.01702924,0.01738299
7.120000,-0.06036480,-0.43758375,0.88293671,0.28524700,1.55697610,0.08859377,-0.10852374,-0.11076441,-0.16710512,0.08627804,-0.10444628,-0.06924941,0.02580426,0.00793126,0.00248951,-0.00567330,-0.00716742,0.01002104
7.130000,-0.06144874,-0.43869072,0.88126619,0.28610923,1.55593145,0.08790165,-0.10826346,-0.11060363,-0.16695805,0.08614123,-0.10446834,-0.06918615,0.02624976,0.02423947,0.02694641,-0.02170108,0.00276509,0.00262618
7.140000,-0.06253006,-0.43979527,0.87959836,0.28696929,1.55488707,0.08720980,-0.10799878,-0.11027934,-0.16656579,0.08584380,-0.10439080,-0.06919697,0.02668573,0.04063043,0.05152264,-0.03779499,0.01275243,-0.00479320
7.150000,-0.06360870,-0.44089576,0.87793569,0.28782556,1.55384397,0.08651746,-0.10772979,-0.10979083,-0.16592732,0.08538519,-0.10421317,-0.06928207,0.02710802,0.05707951,0.07618310,-0.05393238,0.02277876,-0.01222871
7.160000,-0.06468464,-0.44199054,0.87628064,0.28867645,1.55280314,0.08582391,-0.10745667,-0.10913764,-0.16504197,0.08476508,-0.10393514,-0.06944157,0.02751249,0.07356206,0.10089269,-0.07009063,0.03282820,-0.01967194
7.170000,-0.06575782,-0.44307797,0.87463568,0.28952033,1.55176560,0.08512838,-0.10717962,-0.10831956,-0.16390942,0.08398338,-0.10355658,-0.06967551,0.02789498,0.09005343,0.12561632,-0.08624712,0.04288492,-0.02711452
7.180000,-0.06682822,-0.44415638,0.87300328,0.29035558,1.55073234,0.08443015,-0.10689886,-0.10733663,-0.16252971,0.08304022,-0.10307747,-0.06998383,0.02825137,0.10652897,0.15031889,-0.10237922,0.05293306,-0.03454805
7.190000,-0.06789579,-0.44522415,0.87138591,0.29118060,1.54970438,0.08372846,-0.10661469,-0.10618912,-0.16090323,0.08193595,-0.10249800,-0.07036641,0.02857751,0.12296405,0.17496530,-0.11846431,0.06295676,-0.04196413
7.200000,-0.06896050,-0.44627962,0.86978603,0.29199376,1.54868272,0.08302257,-0.10632743,-0.10487756,-0.15903071,0.08067117,-0.10181847,-0.07082303,0.02886924,0.13933402,0.19952045,-0.13447975,0.07294016,-0.04935438
7.210000,-0.07002233,-0.44732116,0.86820611,0.29279349,1.54766835,0.08231175,-0.10603743,-0.10340274,-0.15691324,0.07924667,-0.10103938,-0.07135338,0.02912244,0.15561423,0.22394925,-0.15040292,0.08286742,-0.05671040
7.220000,-0.07108124,-0.44834713,0.86664858,0.29357817,1.54666226,0.08159526,-0.10574512,-0.10176566,-0.15455226,0.07766349,-0.10016137,-0.07195709,0.02933296,0.17178004,0.24821661,-0.16621120,0.09272267,-0.06402380
7.230000,-0.07213722,-0.44935593,0.86511587,0.29434623,1.54566545,0.08087237,-0.10545093,-0.09996760,-0.15194956,0.07592290,-0.09918522,-0.07263369,0.02949664,0.18780681,0.27228742,-0.18188195,0.10249007,-0.07128619
7.240000,-0.07319026,-0.45034595,0.86361039,0.29509611,1.54467888,0.08014235,-0.10515536,-0.09801007,-0.14910729,0.07402639,-0.09811191,-0.07338262,0.02960936,0.20366988,0.29612660,-0.19739255,0.11215376,-0.07848917
7.250000,-0.07424033,-0.45131561,0.86213451,0.29582624,1.54370353,0.07940448,-0.10485893,-0.09589483,-0.14602792,0.07197566,-0.09694254,-0.07420325,0.02966697,0.21934461,0.31969903,-0.21272038,0.12169788,-0.08562436
7.260000,-0.07528743,-0.45226333,0.86069061,0.29653511,1.54274034,0.07865804,-0.10456221,-0.09362389,-0.14271431,0.06977266,-0.09567840,-0.07509485,0.02966532,0.23480637,0.34296963,-0.22784281,0.13110658,-0.09268337
7.270000,-0.07633157,-0.45318757,0.85928100,0.29722120,1.54179027,0.07790235,-0.10426583,-0.09119949,-0.13916965,0.06741956,-0.09432092,-0.07605663,0.02960028,0.25003050,0.36590330,-0.24273720,0.14036400,-0.09965779
7.280000,-0.07737275,-0.45408682,0.85790797,0.29788301,1.54085423,0.07713668,-0.10397043,-0.08862415,-0.13539749,0.06491875,-0.09287168,-0.07708770,0.02946769,0.26499236,0.38846495,-0.25738095,0.14945429,-0.10653924
7.290000,-0.07841099,-0.45495956,0.85657379,0.29851909,1.53993314,0.07636036,-0.10367672,-0.08590060,-0.13140171,0.06227286,-0.09133244,-0.07818708,0.02926342,0.27966730,0.41061946,-0.27175141,0.15836160,-0.11331933
7.300000,-0.07944630,-0.45580435,0.85528067,0.29912799,1.53902788,0.07557272,-0.10338542,-0.08303184,-0.12718657,0.05948471,-0.08970511,-0.07935372,0.02898332,0.29403069,0.43233176,-0.28582596,0.16707008,-0.11998967
7.310000,-0.08047871,-0.45661973,0.85403078,0.29970832,1.53813932,0.07477307,-0.10309732,-0.08002111,-0.12275667,0.05655740,-0.08799176,-0.08058648,0.02862325,0.30805786,0.45356674,-0.29958198,0.17556385,-0.12654185
7.320000,-0.08150826,-0.45740431,0.85282624,0.30025869,1.53726832,0.07396077,-0.10281323,-0.07687189,-0.11811694,0.05349421,-0.08619460,-0.08188414,0.02817906,0.32172419,0.47428931,-0.31299683,0.18382708,-0.13296750
7.330000,-0.08253499,-0.45815672,0.85166912,0.30077776,1.53641570,0.07313517,-0.10253403,-0.07358791,-0.11327270,0.05029867,-0.08431604,-0.08324538,0.02764662,0.33500502,0.49446437,-0.32604790,0.19184391,-0.13925822
7.340000,-0.08355896,-0.45887563,0.85056145,0.30126423,1.53558226,0.07229565,-0.10226061,-0.07017315,-0.10822960,0.04697454,-0.08235860,-0.08466882,0.02702177,0.34787572,0.51405682,-0.33871256,0.19959848,-0.14540561
7.350000,-0.08458022,-0.45955976,0.84950517,0.30171684,1.53476878,0.07144160,-0.10199392,-0.06663185,-0.10299363,0.04352579,-0.08032499,-0.08615299,0.02630039,0.36031162,0.53303156,-0.35096817,0.20707493,-0.15140129
7.360000,-0.08559886,-0.46020786,0.84850220,0.30213435,1.53397601,0.07057240,-0.10173494,-0.06296845,-0.09757114,0.03995662,-0.07821808,-0.08769631,0.02547831,0.37228810,0.55135351,-0.36279212,0.21425742,-0.15723686
7.370000,-0.08661495,-0.46081873,0.84755435,0.30251558,1.53320466,0.06968748,-0.10148470,-0.05918770,-0.09196885,0.03627146,-0.07604088,-0.08929716,0.02455141,0.38378050,0.56898756,-0.37416177,0.22113009,-0.16290393
7.380000,-0.08762859,-0.46139124,0.84666339,0.30285941,1.53245541,0.06878627,-0.10124427,-0.05529454,-0.08619380,0.03247497,-0.07379656,-0.09095380,0.02351553,0.39476419,0.58589861,-0.38505451,0.22767709,-0.16839411
7.390000,-0.08863987,-0.46192427,0.84583102,0.30316473,1.53172894,0.06786822,-0.10101477,-0.05129419,-0.08025340,0.02857203,-0.07148847,-0.09266443,0.02236654,0.40521451,0.60205158,-0.39544769,0.23388255,-0.17369900
7.400000,-0.08964892,-0.46241678,0.84505885,0.30343051,1.53102585,0.06693281,-0.10079733,-0.04719211,-0.07415541,0.02456776,-0.06912010,-0.09442714,0.02110029,0.41510682,0.61741135,-0.40531871,0.23973062,-0.17881022
7.410000,-0.09065586,-0.46286779,0.84434841,0.30365576,1.53034672,0.06597951,-0.10059317,-0.04299400,-0.06790794,0.02046748,-0.06669511,-0.09623996,0.01971263,0.42441647,0.63194285,-0.41464492,0.24520546,-0.18371938
7.420000,-0.09166083,-0.46327636,0.84370116,0.30383956,1.52969212,0.06500785,-0.10040350,-0.03870580,-0.06151944,0.01627675,-0.06421729,-0.09810082,0.01819943,0.43311883,0.64561096,-0.42340371,0.25029120,-0.18841807
7.430000,-0.09266399,-0.46364163,0.84311847,0.30398102,1.52906254,0.06401734,-0.10022961,-0.03433373,-0.05499871,0.01200137,-0.06169063,-0.10000759,0.01655654,0.44118924,0.65838060,-0.43157245,0.25497200,-0.19289792
7.440000,-0.09366548,-0.46396278,0.84260160,0.30407932,1.52845846,0.06300755,-0.10007281,-0.02988421,-0.04835493,0.00764734,-0.05911925,-0.10195802,0.01477982,0.44860306,0.67021666,-0.43912850,0.25923199,-0.19715051
7.450000,-0.09466550,-0.46423907,0.84215175,0.30413372,1.52788029,0.06197804,-0.09993447,-0.02536394,-0.04159761,0.00322092,-0.05650745,-0.10394981,0.01286513,0.45533565,0.68108405,-0.44604925,0.26305532,-0.20116748
7.460000,-0.09566424,-0.46446984,0.84176999,0.30414352,1.52732843,0.06092842,-0.09981599,-0.02077985,-0.03473660,-0.00127145,-0.05385966,-0.10598056,0.01080831,0.46136236,0.69094768,-0.45231207,0.26642614,-0.20494042
7.470000,-0.09666189,-0.46465448,0.84145733,0.30410810,1.52680320,0.05985831,-0.09971879,-0.01613912,-0.02778212,-0.00582306,-0.05118049,-0.10804778,0.00860524,0.46665855,0.69977244,-0.45789433,0.26932859,-0.20846093
7.480000,-0.09765869,-0.46479246,0.84121463,0.30402689,1.52630491,0.05876735,-0.09964438,-0.01144919,-0.02074473,-0.01042699,-0.04847470,-0.11014891,0.00625176,0.47119957,0.70752324,-0.46277341,0.27174682,-0.21172064
7.490000,-0.09865486,-0.46488333,0.84104267,0.30389940,1.52583378,0.05765523,-0.09959427,-0.00671773,-0.01363535,-0.01507611,-0.04574722,-0.11228130,0.00374373,0.47496078,0.71416498,-0.46692667,0.27366497,-0.21471114
7.500000,-0.09965066,-0.46492671,0.84094212,0.30372524,1.52539002,0.05652163,-0.09957004,-0.00195266,-0.00646525,-0.01976303,-0.04300312,-0.11444221,0.00107701,0.47791752,0.71966257,-0.47033150,0.27506719,-0.21742405
7.510000,-0.10064636,-0.46492230,0.84091353,0.30350404,1.52497376,0.05536630,-0.09957327,0.00283787,0.00075400,-0.02448018,-0.04024763,-0.11662883,-0.00175036,0.48005276,0.72399148,-0.47297211,0.27594270,-0.21985307
7.520000,-0.10164222,-0.46486989,0.84095733,0.30323556,1.52458509,0.05418898,-0.09960556,0.00764570,0.00801075,-0.02921996,-0.03748599,-0.11883833,-0.00473166,0.48137982,0.72716947,-0.47486014,0.27630105,-0.22200035
7.530000,-0.10263857,-0.46476935,0.84107383,0.30291959,1.52422404,0.05298947,-0.09966839,0.01246285,0.01529364,-0.03397494,-0.03472329,-0.12106791,-0.00785797,0.48191960,0.72922485,-0.47601408,0.27615686,-0.22387012
7.540000,-0.10363570,-0.46462063,0.84126325,0.30255603,1.52389061,0.05176757,-0.09976317,0.01728154,0.02259160,-0.03873786,-0.03196448,-0.12331482,-0.01112038,0.48169304,0.73018594,-0.47645241,0.27552475,-0.22546662
7.550000,-0.10463394,-0.46442374,0.84152568,0.30214483,1.52358472,0.05052312,-0.09989122,0.02209422,0.02989381,-0.04350166,-0.02921437,-0.12557635,-0.01450997,0.48072104,0.73008108,-0.47619362,0.27441934,-0.22679409
7.560000,-0.10563364,-0.46417879,0.84186111,0.30168602,1.52330627,0.04925600,-0.10005376,0.02689354,0.03718976,-0.04825947,-0.02647762,-0.12784982,-0.01801784,0.47902454,0.72893859,-0.47525619,0.27285526,-0.22785678
7.570000,-0.10663514,-0.46388594,0.84226942,0.30117969,1.52305511,0.04796609,-0.10025194,0.03167237,0.04446922,-0.05300459,-0.02375874,-0.13013261,-0.02163508,0.47662443,0.72678678,-0.47365860,0.27084712,-0.22865891
7.580000,-0.10763880,-0.46354543,0.84275040,0.30062599,1.52283103,0.04665332,-0.10048680,0.03642376,0.05172223,-0.05773050,-0.02106211,-0.13242214,-0.02535277,0.47354165,0.72365398,-0.47141935,0.26840955,-0.22920474
7.590000,-0.10864500,-0.46315758,0.84330374,0.30002516,1.52263378,0.04531764,-0.10075930,0.04114099,0.05893912,-0.06243090,-0.01839194,-0.13471587,-0.02916200,0.46979711,0.71956852,-0.46855691,0.26555717,-0.22949849
7.600000,-0.10965411,-0.46272275,0.84392903,0.29937748,1.52246308,0.04395900,-0.10107032,0.04581756,0.06611052,-0.06709963,-0.01575230,-0.13701129,-0.03305386,0.46541173,0.71455871,-0.46508978,0.26230461,-0.22954442
7.610000,-0.11066654,-0.46224138,0.84462577,0.29868329,1.52231862,0.04257741,-0.10142062,0.05044716,0.07322731,-0.07173074,-0.01314713,-0.13930594,-0.03701943,0.46040642,0.70865288,-0.46103643,0.25866648,-0.22934675
7.620000,-0.11168266,-0.46171398,0.84539337,0.29794301,1.52220001,0.04117289,-0.10181092,0.05502370,0.08028068,-0.07631846,-0.01058021,-0.14159743,-0.04104982,0.45480211,0.70187936,-0.45641535,0.25465740,-0.22890974
7.630000,-0.11270289,-0.46114111,0.84623114,0.29715709,1.52210687,0.03974548,-0.10224181,0.05954128,0.08726210,-0.08085721,-0.00805517,-0.14388336,-0.04513610,0.44861971,0.69426646,-0.45124504,0.25029201,-0.22823761
7.640000,-0.11372763,-0.46052337,0.84713834,0.29632605,1.52203876,0.03829525,-0.10271380,0.06399423,0.09416331,-0.08534159,-0.00557551,-0.14616141,-0.04926936,0.44188014,0.68584250,-0.44554396,0.24558491,-0.22733461
7.650000,-0.11475730,-0.45986145,0.84811412,0.29545045,1.52199520,0.03682229,-0.10322732,0.06837709,0.10097634,-0.08976639,-0.00314456,-0.14842929,-0.05344069,0.43460432,0.67663582,-0.43933061,0.24055074,-0.22620498
7.660000,-0.11579232,-0.45915608,0.84915755,0.29453093,1.52197570,0.03532671,-0.10378271,0.07268460,0.10769351,-0.09412656,-0.00076553,-0.15068477,-0.05764119,0.42681317,0.66667474,-0.43262348,0.23520412,-0.22485296
7.670000,-0.11683310,-0.45840803,0.85026764,0.29356816,1.52197971,0.03380864,-0.10438021,0.07691171,0.11430741,-0.09841727,0.00155853,-0.15292562,-0.06186193,0.41852760,0.65598757,-0.42544105,0.22955966,-0.22328278
7.680000,-0.11788006,-0.45761813,0.85144333,0.29256284,1.52200667,0.03226825,-0.10501999,0.08105357,0.12081093,-0.10263386,0.00382472,-0.15514971,-0.06609401,0.40976853,0.64460264,-0.41780179,0.22363199,-0.22149869
7.690000,-0.11893364,-0.45678726,0.85268347,0.29151574,1.52205600,0.03070571,-0.10570210,0.08510557,0.12719723,-0.10677185,0.00603027,-0.15735490,-0.07032851,0.40055688,0.63254828,-0.40972421,0.21743574,-0.21950493
7.700000,-0.11999425,-0.45591633,0.85398686,0.29042768,1.52212707,0.02912122,-0.10642653,0.08906327,0.13345976,-0.11082694,0.00817259,-0.15953912,-0.07455653,0.39091357,0.61985280,-0.40122678,0.21098552,-0.21730574
7.710000,-0.12106231,-0.45500632,0.85535223,0.28929949,1.52221923,0.02751500,-0.10719318,0.09292247,0.13959225,-0.11479504,0.01024919,-0.16170034,-0.07876915,0.38085952,0.60654453,-0.39232799,0.20429595,-0.21490535
7.720000,-0.12213825,-0.45405823,0.85677825,0.28813208,1.52233183,0.02588730,-0.10800184,0.09667916,0.14558870,-0.11867223,0.01225776,-0.16383657,-0.08295747,0.37041563,0.59265180,-0.38304633,0.19738166,-0.21230801
7.730000,-0.12322249,-0.45307309,0.85826353,0.28692636,1.52246415,0.02423836,-0.10885222,0.10032956,0.15144343,-0.12245476,0.01419612,-0.16594586,-0.08711256,0.35960284,0.57820292,-0.37340027,0.19025727,-0.20951796
7.740000,-0.12431543,-0.45205200,0.85980663,0.28568331,1.52261551,0.02256848,-0.10974395,0.10387006,0.15715100,-0.12613908,0.01606225,-0.16802630,-0.09122552,0.34844206,0.56322622,-0.36340831,0.18293741,-0.20653943
7.750000,-0.12541750,-0.45099607,0.86140605,0.28440392,1.52278515,0.02087794,-0.11067656,0.10729731,0.16270629,-0.12972183,0.01785426,-0.17007604,-0.09528743,0.33695421,0.54775002,-0.35308893,0.17543669,-0.20337666
7.760000,-0.12652910,-0.44990644,0.86306023,0.28308922,1.52297234,0.01916707,-0.11164950,0.11060813,0.16810443,-0.13319983,0.01957043,-0.17209324,-0.09928939,0.32516021,0.53180264,-0.34246061,0.16776973,-0.20003390
7.770000,-0.12765062,-0.44878430,0.86476760,0.28174028,1.52317630,0.01743619,-0.11266212,0.11379956,0.17334087,-0.13657007,0.02120915,-0.17407613,-0.10322248,0.31308096,0.51541241,-0.33154184,0.15995116,-0.19651539
7.780000,-0.12878247,-0.44763086,0.86652650,0.28035819,1.52339626,0.01568566,-0.11371369,0.11686886,0.17841130,-0.13982976,0.02276900,-0.17602297,-0.10707780,0.30073740,0.49860765,-0.32035111,0.15199561,-0.19282536
7.790000,-0.12992502,-0.44644734,0.86833526,0.27894406,1.52363141,0.01391586,-0.11480338,0.11981350,0.18331173,-0.14297625,0.02424866,-0.17793208,-0.11084642,0.28815044,0.48141669,-0.30890690,0.14391768,-0.18896805
7.800000,-0.13107866,-0.44523501,0.87019215,0.27749905,1.52388096,0.01212715,-0.11593030,0.12263113,0.18803844,-0.14600711,0.02564699,-0.17980179,-0.11451944,0.27534099,0.46386784,-0.29722770,0.13573201,-0.18494771
7.810000,-0.13224375,-0.44399515,0.87209543,0.27602431,1.52414408,0.01031996,-0.11709342,0.12531964,0.19258799,-0.14892008,0.02696299,-0.18163050,-0.11808795,0.26232998,0.44598943,-0.28533198,0.12745322,-0.18076857
7.820000,-0.13342065,-0.44272906,0.87404331,0.27452105,1.52441994,0.00849468,-0.11829168,0.12787713,0.19695722,-0.15171309,0.02819579,-0.18341665,-0.12154303,0.24913833,0.42780978,-0.27323825,0.11909593,-0.17643487
7.830000,-0.13460970,-0.44143805,0.87603397,0.27299046,1.52470772,0.00665177,-0.11952388,0.13030188,0.20114328,-0.15438425,0.02934469,-0.18515870,-0.12487578,0.23578694,0.40935722,-0.26096497,0.11067475,-0.17195085
7.840000,-0.13581123,-0.44012347,0.87806556,0.27143378,1.52500656,0.00479166,-0.12078876,0.13259240,0.20514355,-0.15693185,0.03040912,-0.18685518,-0.12807728,0.22229674,0.39066007,-0.24853064,0.10220432,-0.16732076
7.850000,-0.13702558,-0.43878665,0.88013621,0.26985224,1.52531562,0.00291482,-0.12208496,0.13474742,0.20895576,-0.15935439,0.03138866,-0.18850464,-0.13113861,0.20868865,0.37174664,-0.23595374,0.09369926,-0.16254883
7.860000,-0.13825303,-0.43742897,0.88224404,0.26824711,1.52563405,0.00102173,-0.12341103,0.13676585,0.21257786,-0.16165052,0.03228304,-0.19010569,-0.13405088,0.19498359,0.35264528,-0.22325276,0.08517418,-0.15763930
7.870000,-0.13949389,-0.43605179,0.88438713,0.26661965,1.52596099,-0.00088712,-0.12476545,0.13864684,0.21600813,-0.16381909,0.03309213,-0.19165698,-0.13680516,0.18120247,0.33338428,-0.21044618,0.07664371,-0.15259642
7.880000,-0.14074843,-0.43465650,0.88656356,0.26497116,1.52629560,-0.00281124,-0.12614658,0.14038972,0.21924511,-0.16585915,0.03381595,-0.19315719,-0.13939255,0.16736621,0.31399199,-0.19755249,0.06812248,-0.14742441
7.890000,-0.14201691,-0.43324446,0.88877138,0.26330290,1.52663703,-0.00475009,-0.12755271,0.14199405,0.22228763,-0.16776991,0.03445466,-0.19460505,-0.14180414,0.15349572,0.29449673,-0.18459017,0.05962509,-0.14212753
7.900000,-0.14329956,-0.43181708,0.89100866,0.26161619,1.52698441,-0.00670316,-0.12898204,0.14345959,0.22513479,-0.16955079,0.03500858,-0.19599934,-0.14403100,0.13961194,0.27492680,-0.17157771,0.05116619,-0.13671000
7.910000,-0.14459662,-0.43037573,0.89327343,0.25991232,1.52733692,-0.00866990,-0.13043269,0.14478631,0.22778601,-0.17120136,0.03547816,-0.19733887,-0.14606424,0.12573577,0.25531055,-0.15853359,0.04276038,-0.13117608
7.920000,-0.14590828,-0.42892181,0.89556372,0.25819260,1.52769370,-0.01064975,-0.13190265,0.14597440,0.23024095,-0.17272141,0.03586401,-0.19862249,-0.14789494,0.11188813,0.23567629,-0.14547630,0.03442229,-0.12553000
7.930000,-0.14723473,-0.42745671,0.89787759,0.25645833,1.52805392,-0.01264216,-0.13338988,0.14702424,0.23249957,-0.17411090,0.03616688,-0.19984911,-0.14951418,0.09808994,0.21605235,-0.13242432,0.02616654,-0.11977599
7.940000,-0.14857613,-0.42598179,0.90021306,0.25471081,1.52841676,-0.01464654,-0.13489220,0.14793643,0.23456212,-0.17536998,0.03638766,-0.20101766,-0.15091306,0.08436212,0.19646704,-0.11939614,0.01800775,-0.11391831
7.950000,-0.14993262,-0.42449843,0.90256818,0.25295136,1.52878140,-0.01666231,-0.13640738,0.14871179,0.23642913,-0.17649897,0.03652741,-0.20212714,-0.15208266,0.07072559,0.17694869,-0.10641025,0.00996056,-0.10796118
7.960000,-0.15130431,-0.42300801,0.90494100,0.25118127,1.52914704,-0.01868888,-0.13793306,0.14935132,0.23810141,-0.17749839,0.03658730,-0.20317657,-0.15301408,0.05720126,0.15752563,-0.09348512,0.00203957,-0.10190886
7.970000,-0.15269131,-0.42151186,0.90732956,0.24940182,1.52951289,-0.02072564,-0.13946683,0.14985626,0.23958006,-0.17836894,0.03656867,-0.20416502,-0.15369840,0.04381006,0.13822617,-0.08063924,-0.00574059,-0.09576557
7.980000,-0.15409367,-0.42001132,0.90973196,0.24761431,1.52987816,-0.02277198,-0.14100618,0.15022803,0.24086644,-0.17911150,0.03647300,-0.20509159,-0.15412671,0.03057289,0.11907865,-0.06789111,-0.01336530,-0.08953556
7.990000,-0.15551144,-0.41850773,0.91214626,0.24582002,1.53024210,-0.02482726,-0.14254849,0.15046830,0.24196223,-0.17972714,0.03630193,-0.20595545,-0.15429009,0.01751069,0.10011138,-0.05525920,-0.02081993,-0.08322306
8.000000,-0.15694464,-0.41700239,0.91457057,0.24402019,1.53060395,-0.02689087,-0.14409107,0.15057890,0.24286936,-0.18021713,0.03605722,-0.20675579,-0.15417965,0.00464436,0.08135268,-0.04276200,-0.02808987,-0.07683233
8.010000,-0.15839325,-0.41549658,0.91700302,0.24221609,1.53096300,-0.02896217,-0.14563114,0.15056191,0.24359007,-0.18058290,0.03574080,-0.20749185,-0.15378645,-0.00800518,0.06283088,-0.03041799,-0.03516049,-0.07036759
8.020000,-0.15985724,-0.41399157,0.91944176,0.24040894,1.53131854,-0.03104049,-0.14716582,0.15041959,0.24412687,-0.18082606,0.03535472,-0.20816291,-0.15310161,-0.02041700,0.04457431,-0.01824567,-0.04201716,-0.06383309
8.030000,-0.16133654,-0.41248860,0.92188496,0.23859997,1.53166987,-0.03312521,-0.14869217,0.15015443,0.24448254,-0.18094844,0.03490121,-0.20876830,-0.15211619,-0.03257020,0.02661128,-0.00626351,-0.04864528,-0.05723307
8.040000,-0.16283105,-0.41098888,0.92433082,0.23679037,1.53201634,-0.03521564,-0.15020712,0.14976912,0.24466017,-0.18095203,0.03438263,-0.20930737,-0.15082129,-0.04444385,0.00897011,0.00551001,-0.05503021,-0.05057176
8.050000,-0.16434063,-0.40949361,0.92677758,0.23498132,1.53235732,-0.03731113,-0.15170753,0.14926655,0.24466311,-0.18083900,0.03380147,-0.20977954,-0.14920800,-0.05601703,-0.00832086,0.01705638,-0.06115733,-0.04385340
8.060000,-0.16586514,-0.40800393,0.92922351,0.23317397,1.53269217,-0.03941101,-0.15319018,0.14864985,0.24449501,-0.18061172,0.03316039,-0.21018426,-0.14726741,-0.06726882,-0.02523332,0.02835714,-0.06701202,-0.03708225
8.070000,-0.16740437,-0.40652098,0.93166692,0.23136946,1.53302033,-0.04151459,-0.15465176,0.14792232,0.24415980,-0.18027274,0.03246219,-0.21052102,-0.14499061,-0.07817832,-0.04173894,0.03939379,-0.07257967,-0.03026253
8.080000,-0.16895809,-0.40504584,0.93410616,0.22956888,1.53334124,-0.04362120,-0.15608885,0.14708749,0.24366168,-0.17982479,0.03170980,-0.21078936,-0.14236868,-0.08872459,-0.05780940,0.05014784,-0.07784563,-0.02339848
8.090000,-0.17052605,-0.40357957,0.93653963,0.22777331,1.53365436,-0.04573015,-0.15749795,0.14614911,0.24300515,-0.17927078,0.03090633,-0.21098886,-0.13939271,-0.09888673,-0.07341638,0.06060083,-0.08279531,-0.01649435
8.100000,-0.17210795,-0.40212319,0.93896575,0.22598381,1.53395920,-0.04784074,-0.15887549,0.14511111,0.24219499,-0.17861383,0.03005500,-0.21111913,-0.13605379,-0.10864381,-0.08853155,0.07073425,-0.08741406,-0.00955437
8.110000,-0.17370344,-0.40067767,0.94138303,0.22420137,1.53425531,-0.04995230,-0.16021779,0.14397765,0.24123626,-0.17785723,0.02915920,-0.21117984,-0.13234301,-0.11797492,-0.10312659,0.08052962,-0.09168728,-0.00258279
8.120000,-0.17531217,-0.39924394,0.94379000,0.22242698,1.53454225,-0.05206411,-0.16152108,0.14275310,0.24013429,-0.17700443,0.02822245,-0.21117070,-0.12825146,-0.12685914,-0.11717319,0.08996846,-0.09560034,0.00441616
8.130000,-0.17693372,-0.39782290,0.94618526,0.22066159,1.53481964,-0.05417548,-0.16278152,0.14144203,0.23889472,-0.17605911,0.02724844,-0.21109144,-0.12377077,-0.13527613,-0.13064369,0.09903272,-0.09913909,0.01143813
8.140000,-0.17856765,-0.39641538,0.94856746,0.21890610,1.53508711,-0.05628570,-0.16399521,0.14004916,0.23752338,-0.17502505,0.02624093,-0.21094188,-0.11890496,-0.14321892,-0.14352625,0.10771429,-0.10230059,0.01847616
8.150000,-0.18021346,-0.39502217,0.95093531,0.21716137,1.53534436,-0.05839408,-0.16515839,0.13857921,0.23602614,-0.17390609,0.02520366,-0.21072190,-0.11367048,-0.15069393,-0.15582478,0.11601502,-0.10509305,0.02552071
8.160000,-0.18187063,-0.39364403,0.95328758,0.21542824,1.53559110,-0.06049991,-0.16626745,0.13703682,0.23440881,-0.17270601,0.02414027,-0.21043148,-0.10808429,-0.15770814,-0.16754390,0.12393719,-0.10752516,0.03256214
8.170000,-0.18353862,-0.39228166,0.95562310,0.21370751,1.53582709,-0.06260248,-0.16731896,0.13542656,0.23267718,-0.17142860,0.02305433,-0.21007070,-0.10216338,-0.16426853,-0.17868822,0.13148308,-0.10960564,0.03959078
8.180000,-0.18521681,-0.39093571,0.95794076,0.21199992,1.53605212,-0.06470109,-0.16830966,0.13375293,0.23083695,-0.17007760,0.02194930,-0.20963973,-0.09592471,-0.17038211,-0.18926233,0.13865496,-0.11134317,0.04659697
8.190000,-0.18690460,-0.38960680,0.96023950,0.21030619,1.53626602,-0.06679504,-0.16923645,0.13202038,0.22889381,-0.16865674,0.02082858,-0.20913886,-0.08938527,-0.17605584,-0.19927087,0.14545511,-0.11274646,0.05357108
8.200000,-0.18860132,-0.38829549,0.96251831,0.20862700,1.53646865,-0.06888363,-0.17009642,0.13023326,0.22685340,-0.16716973,0.01969546,-0.20856845,-0.08256203,-0.18129673,-0.20871842,0.15188582,-0.11382422,0.06050343
8.210000,-0.19030629,-0.38700230,0.96477626,0.20696300,1.53665990,-0.07096618,-0.17088680,0.12839587,0.22472130,-0.16562025,0.01855315,-0.20792897,-0.07547196,-0.18611176,-0.21760960,0.15794936,-0.11458515,0.06738438
8.220000,-0.19201881,-0.38572772,0.96701245,0.20531479,1.53683969,-0.07304198,-0.17160502,0.12651242,0.22250305,-0.16401196,0.01740478,-0.20722097,-0.06813203,-0.19050791,-0.22594902,0.16364801,-0.11503793,0.07420428
8.230000,-0.19373814,-0.38447219,0.96922605,0.20368295,1.53700798,-0.07511037,-0.17224867,0.12458708,0.22020414,-0.16234850,0.01625339,-0.20644512,-0.06055924,-0.19449218,-0.23374129,0.16898405,-0.11519129,0.08095345
8.240000,-0.19546353,-0.38323611,0.97141628,0.20206800,1.53716476,-0.07717066,-0.17281549,0.12262393,0.21783003,-0.16063348,0.01510192,-0.20560217,-0.05277054,-0.19807155,-0.24099101,0.17395976,-0.11505391,0.08762226
8.250000,-0.19719419,-0.38201983,0.97358242,0.20047044,1.53731003,-0.07922219,-0.17330341,0.12062698,0.21538612,-0.15887049,0.01395325,-0.20469297,-0.04478291,-0.20125300,-0.24770280,0.17857742,-0.11463450,0.09420105
8.260000,-0.19892933,-0.38082367,0.97572379,0.19889073,1.53744384,-0.08126430,-0.17371054,0.11860017,0.21287775,-0.15706312,0.01281015,-0.20371848,-0.03661334,-0.20404354,-0.25388127,0.18283930,-0.11394176,0.10068015
8.270000,-0.20066813,-0.37964791,0.97783978,0.19732931,1.53756626,-0.08329635,-0.17403513,0.11654739,0.21031025,-0.15521489,0.01167530,-0.20267973,-0.02827879,-0.20645014,-0.25953102,0.18674769,-0.11298439,0.10704993
8.280000,-0.20240975,-0.37849279,0.97992982,0.19578656,1.53767738,-0.08531769,-0.17427562,0.11447242,0.20768888,-0.15332933,0.01055131,-0.20157788,-0.01979624,-0.20847979,-0.26465666,0.19030486,-0.11177110,0.11330071
8.290000,-0.20415335,-0.37735852,0.98199339,0.19426284,1.53777733,-0.08732770,-0.17443062,0.11237902,0.20501885,-0.15140995,0.00944070,-0.20041415,-0.01118266,-0.21013948,-0.26926280,0.19351310,-0.11031058,0.11942286
8.300000,-0.20589807,-0.37624526,0.98403005,0.19275846,1.53786625,-0.08932577,-0.17449890,0.11027085,0.20230534,-0.14946023,0.00834589,-0.19918988,-0.00245503,-0.21143620,-0.27335405,0.19637468,-0.10861153,0.12540670
8.310000,-0.20764304,-0.37515314,0.98603937,0.19127372,1.53794431,-0.09131130,-0.17447940,0.10815149,0.19955347,-0.14748361,0.00726924,-0.19790651,0.00636967,-0.21237693,-0.27693501,0.19889187,-0.10668266,0.13124260
8.320000,-0.20938737,-0.37408226,0.98802101,0.18980887,1.53801170,-0.09328371,-0.17437124,0.10602447,0.19676833,-0.14548353,0.00621298,-0.19656555,0.01527448,-0.21296867,-0.28001031,0.20106697,-0.10453266,0.13692088
8.330000,-0.21113017,-0.37303267,0.98997464,0.18836412,1.53806865,-0.09524242,-0.17417370,0.10389325,0.19395494,-0.14346340,0.00517929,-0.19516865,0.02424241,-0.21321839,-0.28258454,0.20290225,-0.10217025,0.14243191
8.340000,-0.21287054,-0.37200440,0.99190003,0.18693966,1.53811537,-0.09718690,-0.17388623,0.10176122,0.19111829,-0.14142661,0.00417025,-0.19371751,0.03325649,-0.21313310,-0.28466231,0.20439999,-0.09960411,0.14776601
8.350000,-0.21460759,-0.37099743,0.99379695,0.18553563,1.53815214,-0.09911660,-0.17350847,0.09963168,0.18826333,-0.13937652,0.00318786,-0.19221395,0.04229974,-0.21271977,-0.28624824,0.20556246,-0.09684296,0.15291355
8.360000,-0.21634041,-0.37001174,0.99566525,0.18415216,1.53817922,-0.10103101,-0.17304020,0.09750789,0.18539495,-0.13731647,0.00223401,-0.19065989,0.05135520,-0.21198539,-0.28734694,0.20639194,-0.09389548,0.15786486
8.370000,-0.21806809,-0.36904725,0.99750482,0.18278932,1.53819692,-0.10292963,-0.17248138,0.09539302,0.18251800,-0.13524978,0.00131054,-0.18905734,0.06040587,-0.21093695,-0.28796300,0.20689072,-0.09077039,0.16261028
8.380000,-0.21978973,-0.36810384,0.99931560,0.18144717,1.53820554,-0.10481200,-0.17183215,0.09329018,0.17963728,-0.13317975,0.00041917,-0.18740840,0.06943480,-0.20958145,-0.28810104,0.20706108,-0.08747638,0.16714018
8.390000,-0.22150443,-0.36718139,1.00109757,0.18012573,1.53820542,-0.10667766,-0.17109281,0.09120239,0.17675756,-0.13110965,-0.00043845,-0.18571528,0.07842501,-0.20792586,-0.28776567,0.20690528,-0.08402216,0.17144488
8.400000,-0.22321129,-0.36627973,1.00285077,0.17882497,1.53819689,-0.10852617,-0.17026384,0.08913264,0.17388353,-0.12904272,-0.00126077,-0.18398029,0.08735951,-0.20597717,-0.28696150,0.20642562,-0.08041643,0.17551473
8.410000,-0.22490941,-0.36539867,1.00457527,0.17754485,1.53818032,-0.11035713,-0.16934587,0.08708380,0.17101987,-0.12698221,-0.00204631,-0.18220580,0.09622134,-0.20374237,-0.28569314,0.20562436,-0.07666788,0.17934009
8.420000,-0.22659792,-0.36453798,1.00627121,0.17628530,1.53815609,-0.11217016,-0.16833971,0.08505872,0.16817120,-0.12493130,-0.00279368,-0.18039433,0.10499352,-0.20122845,-0.28396519,0.20450380,-0.07278522,0.18291129
8.430000,-0.22827592,-0.36369741,1.00793876,0.17504618,1.53812458,-0.11396490,-0.16724635,0.08306014,0.16534209,-0.12289319,-0.00350159,-0.17854846,0.11365907,-0.19844240,-0.28178227,0.20306620,-0.06877715,0.18621867
8.440000,-0.22994256,-0.36287668,1.00957814,0.17382738,1.53808620,-0.11574102,-0.16606694,0.08109076,0.16253706,-0.12087103,-0.00416883,-0.17667087,0.12220102,-0.19539120,-0.27914898,0.20131384,-0.06465237,0.18925260
8.450000,-0.23159697,-0.36207549,1.01118960,0.17262870,1.53804134,-0.11749822,-0.16480280,0.07915318,0.15976059,-0.11886795,-0.00479428,-0.17476435,0.13060239,-0.19208185,-0.27606993,0.19924902,-0.06041959,0.19200340
8.460000,-0.23323833,-0.36129350,1.01277346,0.17144995,1.53799045,-0.11923622,-0.16345542,0.07724996,0.15701713,-0.11688708,-0.00537689,-0.17283178,0.13884622,-0.18852132,-0.27254973,0.19687399,-0.05608750,0.19446143
8.470000,-0.23486581,-0.36053037,1.01433007,0.17029087,1.53793395,-0.12095478,-0.16202646,0.07538357,0.15431105,-0.11493150,-0.00591573,-0.17087613,0.14691551,-0.18471661,-0.26859299,0.19419105,-0.05166480,0.19661704
8.480000,-0.23647860,-0.35978570,1.01585982,0.16915122,1.53787229,-0.12265368,-0.16051775,0.07355642,0.15164671,-0.11300428,-0.00640992,-0.16890048,0.15479331,-0.18067471,-0.26420432,0.19120247,-0.04716020,0.19846055
8.490000,-0.23807591,-0.35905910,1.01736315,0.16803068,1.53780591,-0.12433273,-0.15893129,0.07177084,0.14902839,-0.11110846,-0.00685869,-0.16690799,0.16246263,-0.17640260,-0.25938833,0.18791053,-0.04258240,0.19998233
8.500000,-0.23965697,-0.35835014,1.01884055,0.16692894,1.53773527,-0.12599179,-0.15726925,0.07002911,0.14646035,-0.10924707,-0.00726135,-0.16490194,0.16990650,-0.17190727,-0.25414963,0.18431751,-0.03794010,0.20117271
8.510000,-0.24122105,-0.35765836,1.02029254,0.16584562,1.53766083,-0.12763074,-0.15553396,0.06833342,0.14394679,-0.10742311,-0.00761730,-0.16288567,0.17710794,-0.16719570,-0.24849281,0.18042569,-0.03324199,0.20202205
8.520000,-0.24276741,-0.35698331,1.02171968,0.16478034,1.53758308,-0.12924949,-0.15372795,0.06668589,0.14149187,-0.10563955,-0.00792603,-0.16086266,0.18404998,-0.16227489,-0.24242251,0.17623735,-0.02849679,0.20252068
8.530000,-0.24429538,-0.35632448,1.02312259,0.16373268,1.53750247,-0.13084798,-0.15185389,0.06508859,0.13909971,-0.10389934,-0.00818711,-0.15883646,0.19071565,-0.15715183,-0.23594331,0.17175476,-0.02371318,0.20265896
8.540000,-0.24580427,-0.35568136,1.02450190,0.16270220,1.53741950,-0.13242622,-0.14991462,0.06354351,0.13677435,-0.10220542,-0.00840020,-0.15681072,0.19708796,-0.15183349,-0.22905984,0.16698021,-0.01889988,0.20242722
8.550000,-0.24729346,-0.35505343,1.02585831,0.16168841,1.53733463,-0.13398421,-0.14791316,0.06205255,0.13451984,-0.10056070,-0.00856504,-0.15478918,0.20314994,-0.14632688,-0.22177669,0.16191597,-0.01406559,0.20181581
8.560000,-0.24876234,-0.35444012,1.02719255,0.16069081,1.53724836,-0.13552203,-0.14585271,0.06061757,0.13234014,-0.09896806,-0.00868147,-0.15277570,0.20888463,-0.14063896,-0.21409849,0.15656432,-0.00921900,0.20081508
8.570000,-0.25021033,-0.35384088,1.02850538,0.15970887,1.53716116,-0.13703976,-0.14373662,0.05924035,0.13023917,-0.09743037,-0.00874941,-0.15077421,0.21427503,-0.13477675,-0.20602983,0.15092755,-0.00436882,0.19941538
8.580000,-0.25163690,-0.35325512,1.02979761,0.15874201,1.53707353,-0.13853756,-0.14156841,0.05792259,0.12822083,-0.09595045,-0.00876886,-0.14878875,0.21930419,-0.12874721,-0.19757533,0.14500792,0.00047626,0.19760704
8.590000,-0.25304154,-0.35268223,1.03107008,0.15778966,1.53698595,-0.14001561,-0.13935179,0.05666594,0.12628894,-0.09453114,-0.00873993,-0.14682346,0.22395511,-0.12255734,-0.18873960,0.13880773,0.00530753,0.19538041
8.600000,-0.25442379,-0.35212159,1.03232369,0.15685118,1.53689889,-0.14147411,-0.13709063,0.05547196,0.12444729,-0.09317523,-0.00866279,-0.14488257,0.22821084,-0.11621413,-0.17952724,0.13232924,0.01011628,0.19272584
8.610000,-0.25578322,-0.35157257,1.03355934,0.15592593,1.53681285,-0.14291335,-0.13478895,0.05434215,0.12269963,-0.09188548,-0.00853771,-0.14297041,0.23205438,-0.10972456,-0.16994287,0.12557474,0.01489383,0.18963368
8.620000,-0.25711945,-0.35103453,1.03477800,0.15501324,1.53672830,-0.14433363,-0.13245097,0.05327793,0.12104966,-0.09066464,-0.00836504,-0.14109139,0.23546878,-0.10309562,-0.15999108,0.11854650,0.01963146,0.18609426
8.630000,-0.25843213,-0.35050679,1.03598067,0.15411240,1.53664571,-0.14573531,-0.13008106,0.05228068,0.11950102,-0.08951545,-0.00814524,-0.13925004,0.23843704,-0.09633430,-0.14967650,0.11124681,0.02432048,0.18209794
8.640000,-0.25972098,-0.34998869,1.03716837,0.15322268,1.53656555,-0.14711877,-0.12768377,0.05135166,0.11805732,-0.08844061,-0.00787882,-0.13745099,0.24094221,-0.08944759,-0.13900373,0.10367795,0.02895218,0.17763506
8.650000,-0.26098573,-0.34947953,1.03834218,0.15234333,1.53648828,-0.14848448,-0.12526382,0.05049212,0.11672212,-0.08744278,-0.00756642,-0.13569893,0.24296729,-0.08244247,-0.12797737,0.09584218,0.03351787,0.17269596
8.660000,-0.26222619,-0.34897861,1.03950319,0.15147356,1.53641437,-0.14983293,-0.12282608,0.04970319,0.11549894,-0.08652464,-0.00720872,-0.13399869,0.24449533,-0.07532594,-0.11660204,0.08774180,0.03800884,0.16727099
8.670000,-0.26344221,-0.34848522,1.04065254,0.15061256,1.53634426,-0.15116465,-0.12037562,0.04898595,0.11439123,-0.08568882,-0.00680652,-0.13235516,0.24550933,-0.06810497,-0.10488235,0.07937908,0.04241639,0.16135050
8.680000,-0.26463368,-0.34799865,1.04179141,0.14975950,1.53627839,-0.15248024,-0.11791767,0.04834141,0.11340242,-0.08493793,-0.00636070,-0.13077336,0.24599233,-0.06078657,-0.09282291,0.07075630,0.04673182,0.15492482
8.690000,-0.26580056,-0.34751815,1.04292100,0.14891351,1.53621719,-0.15378034,-0.11545760,0.04777052,0.11253589,-0.08427456,-0.00587222,-0.12925838,0.24592736,-0.05337770,-0.08042831,0.06187573,0.05094644,0.14798431
8.700000,-0.26694284,-0.34704299,1.04404255,0.14807371,1.53616108,-0.15506564,-0.11300100,0.04727414,0.11179496,-0.08370127,-0.00534213,-0.12781542,0.24529743,-0.04588537,-0.06770319,0.05273966,0.05505153,0.14051931
8.710000,-0.26806061,-0.34657242,1.04515733,0.14723918,1.53611048,-0.15633690,-0.11055360,0.04685307,0.11118291,-0.08322061,-0.00477158,-0.12644978,0.24408557,-0.03831656,-0.05465213,0.04335037,0.05903839,0.13252017
8.720000,-0.26915397,-0.34610568,1.04626665,0.14640898,1.53606578,-0.15759491,-0.10812129,0.04650804,0.11070299,-0.08283510,-0.00416179,-0.12516683,0.24227481,-0.03067826,-0.04127975,0.03371013,0.06289833,0.12397723
8.730000,-0.27022310,-0.34564200,1.04737184,0.14558215,1.53602737,-0.15884053,-0.10571015,0.04623971,0.11035837,-0.08254723,-0.00351407,-0.12397208,0.23984817,-0.02297745,-0.02759066,0.02382123,0.06662265,0.11488083
8.740000,-0.27126826,-0.34518062,1.04847428,0.14475770,1.53599562,-0.16007467,-0.10332643,0.04604867,0.11015221,-0.08235949,-0.00282981,-0.12287109,0.23678867,-0.01522113,-0.01358947,0.01368594,0.07020264,0.10522132
8.750000,-0.27228974,-0.34472077,1.04957536,0.14393462,1.53597089,-0.16129829,-0.10097655,0.04593545,0.11008761,-0.08227433,-0.00211052,-0.12186956,0.23307935,-0.00741627,0.00071921,0.00330654,0.07362960,0.09498905
8.760000,-0.27328793,-0.34426165,1.05067651,0.14311186,1.53595352,-0.16251241,-0.09866705,0.04590048,0.11016760,-0.08229416,-0.00135776,-0.12097323,0.22871077,0.00042938,0.01532639,-0.00731119,0.07689646,0.08418193
8.770000,-0.27426324,-0.34380250,1.05177920,0.14228838,1.53594384,-0.16371812,-0.09640446,0.04594414,0.11039504,-0.08242128,-0.00057313,-0.12018774,0.22370368,0.00830516,0.03020549,-0.01814742,0.08000267,0.07282817
8.780000,-0.27521619,-0.34334251,1.05288491,0.14146307,1.53594216,-0.16491655,-0.09419501,0.04606665,0.11077251,-0.08265776,0.00024176,-0.11951837,0.21808639,0.01619963,0.04532558,-0.02917886,0.08294928,0.06096352
8.790000,-0.27614734,-0.34288090,1.05399516,0.14063485,1.53594877,-0.16610889,-0.09204467,0.04626815,0.11130225,-0.08300543,0.00108533,-0.11897006,0.21188720,0.02410138,0.06065568,-0.04038217,0.08573738,0.04862378
8.800000,-0.27705730,-0.34241688,1.05511147,0.13980259,1.53596396,-0.16729637,-0.08995911,0.04654866,0.11198622,-0.08346590,0.00195599,-0.11854736,0.20513439,0.03199899,0.07616485,-0.05173405,0.08836804,0.03584470
8.810000,-0.27794676,-0.34194966,1.05623540,0.13896515,1.53598798,-0.16848027,-0.08794373,0.04690808,0.11282604,-0.08404053,0.00285217,-0.11825451,0.19785628,0.03988103,0.09182214,-0.06321118,0.09084232,0.02266206
8.820000,-0.27881643,-0.34147846,1.05736851,0.13812139,1.53602108,-0.16966191,-0.08600364,0.04734619,0.11382305,-0.08473046,0.00377232,-0.11809535,0.19008116,0.04773608,0.10759658,-0.07479024,0.09316130,0.00911162
8.830000,-0.27966710,-0.34100248,1.05851239,0.13727016,1.53606350,-0.17084264,-0.08414367,0.04786267,0.11497826,-0.08553659,0.00471488,-0.11807338,0.18183733,0.05555272,0.12345723,-0.08644791,0.09532604,-0.00477083
8.840000,-0.28049958,-0.34052094,1.05966861,0.13641027,1.53611545,-0.17202384,-0.08236837,0.04845708,0.11629238,-0.08645960,0.00567833,-0.11819175,0.17315309,0.06331952,0.13937313,-0.09816088,0.09733762,-0.01894953
8.850000,-0.28131476,-0.34003308,1.06083877,0.13554057,1.53617713,-0.17320695,-0.08068198,0.04912886,0.11776581,-0.08749992,0.00666113,-0.11845324,0.16405674,0.07102507,0.15531332,-0.10990583,0.09919712,-0.03338870
8.860000,-0.28211353,-0.33953811,1.06202446,0.13465988,1.53624873,-0.17439339,-0.07908851,0.04987734,0.11939863,-0.08865775,0.00766176,-0.11886027,0.15457658,0.07865795,0.17124686,-0.12165945,0.10090559,-0.04805258
8.870000,-0.28289685,-0.33903528,1.06322727,0.13376703,1.53633042,-0.17558465,-0.07759164,0.05070174,0.12119062,-0.08993306,0.00867874,-0.11941492,0.14474091,0.08620673,0.18714279,-0.13339842,0.10246412,-0.06290540
8.880000,-0.28366570,-0.33852383,1.06444880,0.13286083,1.53642235,-0.17678219,-0.07619478,0.05160116,0.12314125,-0.09132559,0.00971055,-0.12011889,0.13457802,0.09365999,0.20297015,-0.14509941,0.10387376,-0.07791138
8.890000,-0.28442109,-0.33800301,1.06569062,0.13194013,1.53652467,-0.17798753,-0.07490107,0.05257458,0.12524969,-0.09283484,0.01075572,-0.12097354,0.12411622,0.10100630,0.21869799,-0.15673913,0.10513560,-0.09303474
8.900000,-0.28516407,-0.33747209,1.06695431,0.13100375,1.53663751,-0.17920217,-0.07371336,0.05362089,0.12751478,-0.09446009,0.01181277,-0.12197986,0.11338381,0.10823426,0.23429535,-0.16829424,0.10625071,-0.10823973
8.910000,-0.28589572,-0.33693035,1.06824144,0.13005054,1.53676096,-0.18042763,-0.07263421,0.05473883,0.12993506,-0.09620037,0.01288025,-0.12313849,0.10240908,0.11533243,0.24973129,-0.17974144,0.10722015,-0.12349057
8.920000,-0.28661713,-0.33637708,1.06955353,0.12907936,1.53689514,-0.18166544,-0.07166589,0.05592707,0.13250876,-0.09805448,0.01395669,-0.12444970,0.09122033,0.12228939,0.26497484,-0.19105740,0.10804499,-0.13875148
8.930000,-0.28732941,-0.33581158,1.07089211,0.12808908,1.53704012,-0.18291713,-0.07081042,0.05718411,0.13523381,-0.10002100,0.01504067,-0.12591343,0.07984587,0.12909372,0.27999506,-0.20221881,0.10872632,-0.15398670
8.940000,-0.28803372,-0.33523317,1.07225870,0.12707857,1.53719597,-0.18418422,-0.07006950,0.05850839,0.13810782,-0.10209826,0.01613075,-0.12752923,0.06831399,0.13573400,0.29476098,-0.21320236,0.10926519,-0.16916046
8.950000,-0.28873119,-0.33464120,1.07365476,0.12604675,1.53736275,-0.18546822,-0.06944457,0.05989821,0.14112808,-0.10428438,0.01722550,-0.12929632,0.05665300,0.14219882,0.30924166,-0.22398472,0.10966268,-0.18423697
8.960000,-0.28942300,-0.33403500,1.07508174,0.12499253,1.53754050,-0.18677065,-0.06893678,0.06135175,0.14429160,-0.10657721,0.01832353,-0.13121353,0.04489118,0.14847673,0.32340615,-0.23454258,0.10991986,-0.19918048
8.970000,-0.29011032,-0.33341395,1.07654106,0.12391486,1.53772923,-0.18809299,-0.06854699,0.06286708,0.14759505,-0.10897440,0.01942344,-0.13327936,0.03305685,0.15455633,0.33722347,-0.24485263,0.11003780,-0.21395521
8.980000,-0.29079433,-0.33277746,1.07803409,0.12281270,1.53792897,-0.18943672,-0.06827579,0.06444217,0.15103481,-0.11147336,0.02052383,-0.13549195,0.02117829,0.16042620,0.35066269,-0.25489154,0.11001757,-0.22852539
8.990000,-0.29147623,-0.33212492,1.07956219,0.12168506,1.53813970,-0.19080331,-0.06812347,0.06607487,0.15460694,-0.11407125,0.02162333,-0.13784907,0.00928382,0.16607490,0.36369285,-0.26463601,0.10986025,-0.24285524
9.000000,-0.29215720,-0.33145578,1.08112666,0.12053096,1.53836143,-0.19219418,-0.06809007,0.06776290,0.15830720,-0.11676502,0.02272058,-0.14034814,-0.00259828,0.17149103,0.37628299,-0.27406271,0.10956690,-0.25690900
9.010000,-0.29283843,-0.33076948,1.08272875,0.11934945,1.53859410,-0.19361073,-0.06817530,0.06950388,0.16213103,-0.11955137,0.02381422,-0.14298621,-0.01443970,0.17666315,0.38840216,-0.28314833,0.10913859,-0.27065090
9.020000,-0.29352110,-0.33006553,1.08436968,0.11813963,1.53883769,-0.19505435,-0.06837863,0.07129531,0.16607357,-0.12242677,0.02490290,-0.14576000,-0.02621215,0.18157985,0.40001940,-0.29186955,0.10857640,-0.28404516
9.030000,-0.29420639,-0.32934342,1.08605060,0.11690063,1.53909214,-0.19652637,-0.06869922,0.07313458,0.17012964,-0.12538747,0.02598530,-0.14866584,-0.03788731,0.18622970,0.41110376,-0.30020305,0.10788140,-0.29705601
9.040000,-0.29489547,-0.32860269,1.08777263,0.11563161,1.53935737,-0.19802810,-0.06913596,0.07501898,0.17429376,-0.12842946,0.02706009,-0.15169972,-0.04943691,0.19060128,0.42162430,-0.30812553,0.10705465,-0.30964769
9.050000,-0.29558949,-0.32784290,1.08953682,0.11433178,1.53963331,-0.19956078,-0.06968745,0.07694564,0.17856014,-0.13154853,0.02812596,-0.15485727,-0.06083262,0.19468317,0.43155004,-0.31561365,0.10609723,-0.32178441
9.060000,-0.29628960,-0.32706364,1.09134415,0.11300040,1.53991986,-0.20112564,-0.07035201,0.07891164,0.18292268,-0.13474021,0.02918161,-0.15813377,-0.07204617,0.19846395,0.44085004,-0.32264411,0.10501021,-0.33343041
9.070000,-0.29699690,-0.32626455,1.09319557,0.11163675,1.54021691,-0.20272384,-0.07112767,0.08091388,0.18737495,-0.13799981,0.03022574,-0.16152413,-0.08304924,0.20193220,0.44949335,-0.32919359,0.10379467,-0.34454992
9.080000,-0.29771251,-0.32544526,1.09509193,0.11024019,1.54052433,-0.20435648,-0.07201219,0.08294920,0.19191025,-0.14132240,0.03125707,-0.16502289,-0.09381354,0.20507649,0.45744901,-0.33523878,0.10245166,-0.35510716
9.090000,-0.29843750,-0.32460546,1.09703403,0.10881011,1.54084200,-0.20602464,-0.07300305,0.08501429,0.19652154,-0.14470283,0.03227435,-0.16862428,-0.10431076,0.20788541,0.46468606,-0.34075635,0.10098227,-0.36506637
9.100000,-0.29917292,-0.32374488,1.09902259,0.10734596,1.54116977,-0.20772929,-0.07409742,0.08710575,0.20120147,-0.14813569,0.03327630,-0.17232211,-0.11451262,0.21034753,0.47117356,-0.34572299,0.09938756,-0.37439177
9.110000,-0.29991979,-0.32286327,1.10105826,0.10584724,1.54150747,-0.20947138,-0.07529222,0.08922005,0.20594241,-0.15161537,0.03426169,-0.17610988,-0.12439081,0.21245142,0.47688054,-0.35011538,0.09766860,-0.38304759
9.120000,-0.30067909,-0.32196042,1.10314161,0.10431352,1.54185494,-0.21125177,-0.07658407,0.09135355,0.21073638,-0.15513601,0.03522926,-0.17998071,-0.13391702,0.21418568,0.48177605,-0.35391021,0.09582647,-0.39099806
9.130000,-0.30145178,-0.32103615,1.10527314,0.10274441,1.54221199,-0.21307125,-0.07796930,0.09350249,0.21557512,-0.15869151,0.03617781,-0.18392737,-0.14306297,0.21553887,0.48582915,-0.35708416,0.09386223,-0.39820741
9.140000,-0.30223877,-0.32009033,1.10745324,0.10113959,1.54257843,-0.21493054,-0.07944396,0.09566302,0.22045005,-0.16227554,0.03710610,-0.18794227,-0.15180035,0.21649957,0.48900887,-0.35961392,0.09177697,-0.40463987
9.150000,-0.30304094,-0.31912286,1.10968223,0.09949882,1.54295404,-0.21683029,-0.08100385,0.09783114,0.22535228,-0.16588156,0.03801295,-0.19201746,-0.16010086,0.21705637,0.49128426,-0.36147616,0.08957174,-0.41025966
9.160000,-0.30385912,-0.31813369,1.11196034,0.09782191,1.54333861,-0.21877106,-0.08264443,0.10000276,0.23027262,-0.16950276,0.03889714,-0.19614463,-0.16793621,0.21719784,0.49262436,-0.36264757,0.08724761,-0.41503102
9.170000,-0.30469408,-0.31712281,1.11428771,0.09610874,1.54373191,-0.22075333,-0.08436093,0.10217367,0.23520155,-0.17313213,0.03975751,-0.20031513,-0.17527809,0.21691255,0.49299823,-0.36310484,0.08480567,-0.41891817
9.180000,-0.30554657,-0.31609024,1.11666437,0.09435926,1.54413368,-0.22277748,-0.08614825,0.10433955,0.24012926,-0.17676240,0.04059287,-0.20451993,-0.18209821,0.21618909,0.49237491,-0.36282464,0.08224698,-0.42188534
9.190000,-0.30641727,-0.31503605,1.11909026,0.09257351,1.54454368,-0.22484381,-0.08800106,0.10649596,0.24504562,-0.18038609,0.04140206,-0.20874965,-0.18836826,0.21501604,0.49072344,-0.36178367,0.07957262,-0.42389677
9.200000,-0.30730679,-0.31396037,1.12156521,0.09075159,1.54496163,-0.22695252,-0.08991369,0.10863833,0.24994020,-0.18399546,0.04218394,-0.21299456,-0.19405995,0.21338197,0.48801287,-0.35995860,0.07678364,-0.42491667
9.210000,-0.30821572,-0.31286335,1.12408895,0.08889368,1.54538726,-0.22910372,-0.09188023,0.11076202,0.25480224,-0.18758257,0.04293736,-0.21724456,-0.19914497,0.21127547,0.48421224,-0.35732612,0.07388113,-0.42490928
9.220000,-0.30914456,-0.31174520,1.12666111,0.08700004,1.54582028,-0.23129740,-0.09389447,0.11286223,0.25962071,-0.19113922,0.04366118,-0.22148920,-0.20359503,0.20868510,0.47929061,-0.35386292,0.07086615,-0.42383883
9.230000,-0.31009375,-0.31060620,1.12928118,0.08507102,1.54626038,-0.23353345,-0.09594992,0.11493407,0.26438422,-0.19465698,0.04435431,-0.22571768,-0.20738184,0.20559945,0.47321701,-0.34954567,0.06773978,-0.42166954
9.240000,-0.31106367,-0.30944663,1.13194857,0.08310706,1.54670726,-0.23581166,-0.09803981,0.11697253,0.26908110,-0.19812720,0.04501561,-0.22991881,-0.21047708,0.20200710,0.46596050,-0.34435105,0.06450308,-0.41836564
9.250000,-0.31205463,-0.30826687,1.13466254,0.08110867,1.54716058,-0.23813170,-0.10015707,0.11897249,0.27369938,-0.20154100,0.04564400,-0.23408109,-0.21285246,0.19789662,0.45749012,-0.33825576,0.06115714,-0.41389137
9.260000,-0.31306688,-0.30706733,1.13742226,0.07907646,1.54762003,-0.24049311,-0.10229436,0.12092870,0.27822676,-0.20488924,0.04623839,-0.23819262,-0.21447968,0.19325660,0.44777490,-0.33123648,0.05770301,-0.40821095
9.270000,-0.31410056,-0.30584846,1.14022673,0.07701113,1.54808524,-0.24289534,-0.10444407,0.12283581,0.28265063,-0.20816257,0.04679771,-0.24224117,-0.21533045,0.18807561,0.43678391,-0.32326989,0.05414177,-0.40128861
9.280000,-0.31515577,-0.30461079,1.14307488,0.07491349,1.54855586,-0.24533768,-0.10659829,0.12468837,0.28695808,-0.21135140,0.04732088,-0.24621413,-0.21537646,0.18234222,0.42448619,-0.31433267,0.05047449,-0.39308858
9.290000,-0.31623252,-0.30335490,1.14596546,0.07278442,1.54903153,-0.24781933,-0.10874882,0.12648078,0.29113589,-0.21444591,0.04780685,-0.25009856,-0.21458941,0.17604503,0.41085078,-0.30440150,0.04670224,-0.38357509
9.300000,-0.31733071,-0.30208140,1.14889712,0.07062492,1.54951187,-0.25033931,-0.11088720,0.12820735,0.29517053,-0.21743604,0.04825458,-0.25388114,-0.21294100,0.16917259,0.39584672,-0.29345308,0.04282610,-0.37271236
9.310000,-0.31845019,-0.30079099,1.15186835,0.06843608,1.54999649,-0.25289656,-0.11300468,0.12986228,0.29904816,-0.22031150,0.04866303,-0.25754819,-0.21040294,0.16171351,0.37944307,-0.28146408,0.03884713,-0.36046462
9.320000,-0.31959070,-0.29948441,1.15487751,0.06621911,1.55048500,-0.25548985,-0.11509220,0.13143963,0.30275463,-0.22306178,0.04903118,-0.26108569,-0.20694693,0.15365634,0.36160887,-0.26841119,0.03476640,-0.34679611
9.330000,-0.32075190,-0.29816247,1.15792282,0.06397530,1.55097698,-0.25811780,-0.11714046,0.13293337,0.30627547,-0.22567610,0.04935802,-0.26447926,-0.20254466,0.14498968,0.34231317,-0.25427109,0.03058499,-0.33167105
9.340000,-0.32193335,-0.29682604,1.16100236,0.06170607,1.55147201,-0.26077890,-0.11913985,0.13433735,0.30959591,-0.22814350,0.04964255,-0.26771414,-0.19716784,0.13570209,0.32152500,-0.23902047,0.02630396,-0.31505367
9.350000,-0.32313451,-0.29547605,1.16411403,0.05941296,1.55196968,-0.26347150,-0.12108048,0.13564531,0.31270089,-0.23045273,0.04988377,-0.27077524,-0.19078816,0.12578216,0.29921342,-0.22263600,0.02192439,-0.29690820
9.360000,-0.32435473,-0.29411348,1.16725560,0.05709758,1.55246954,-0.26619378,-0.12295217,0.13685085,0.31557500,-0.23259236,0.05008071,-0.27364709,-0.18337734,0.11521847,0.27534748,-0.20509437,0.01744735,-0.27719887
9.370000,-0.32559328,-0.29273939,1.17042470,0.05476171,1.55297115,-0.26894376,-0.12474449,0.13794749,0.31820255,-0.23455069,0.05023240,-0.27631388,-0.17490706,0.10399959,0.24989621,-0.18637227,0.01287391,-0.25588990
9.380000,-0.32684932,-0.29135491,1.17361878,0.05240721,1.55347404,-0.27171932,-0.12644669,0.13892862,0.32056754,-0.23631580,0.05033787,-0.27875944,-0.16535094,0.09211534,0.22283169,-0.16644863,0.00820535,-0.23294853
9.390000,-0.32812188,-0.28996123,1.17683513,0.05003608,1.55397775,-0.27451816,-0.12804794,0.13978764,0.32265394,-0.23787575,0.05039621,-0.28096753,-0.15472653,0.07958407,0.19419547,-0.14535409,0.00344795,-0.20841118
9.400000,-0.32940991,-0.28855959,1.18007088,0.04765042,1.55448180,-0.27733782,-0.12953787,0.14051830,0.32444658,-0.23921925,0.05040657,-0.28292270,-0.14309530,0.06645265,0.16409864,-0.12317100,-0.00138706,-0.18238341
9.410000,-0.33071224,-0.28715131,1.18332303,0.04525245,1.55498572,-0.28017572,-0.13090671,0.14111485,0.32593143,-0.24033583,0.05036824,-0.28461059,-0.13052063,0.05276920,0.13265526,-0.09998399,-0.00628820,-0.15497382
9.420000,-0.33202761,-0.28573776,1.18658844,0.04284449,1.55548900,-0.28302910,-0.13214535,0.14157201,0.32709558,-0.24121586,0.05028062,-0.28601793,-0.11706591,0.03858183,0.09997942,-0.07587765,-0.01124402,-0.12629099
9.430000,-0.33335468,-0.28432035,1.18986383,0.04042895,1.55599116,-0.28589510,-0.13324530,0.14188497,0.32792729,-0.24185060,0.05014322,-0.28713253,-0.10279453,0.02393866,0.06618520,-0.05093660,-0.01624306,-0.09644351
9.440000,-0.33469203,-0.28290055,1.19314584,0.03800832,1.55649170,-0.28877074,-0.13419873,0.14204942,0.32841594,-0.24223210,0.04995566,-0.28794328,-0.08776988,0.00888780,0.03138670,-0.02524543,-0.02127385,-0.06553996
9.450000,-0.33603814,-0.28147987,1.19643098,0.03558518,1.55699011,-0.29165292,-0.13499840,0.14206153,0.32855205,-0.24235329,0.04971768,-0.28844017,-0.07205533,-0.00652263,-0.00430202,0.00111124,-0.02632493,-0.03368893
9.460000,-0.33739146,-0.28005984,1.19971568,0.03316215,1.55748588,-0.29453847,-0.13563774,0.14191793,0.32832731,-0.24220793,0.04942913,-0.28861426,-0.05571428,-0.02224452,-0.04076685,0.02804880,-0.03138483,-0.00099901
9.470000,-0.33875034,-0.27864204,1.20299630,0.03074193,1.55797852,-0.29742410,-0.13611081,0.14161576,0.32773451,-0.24179066,0.04908999,-0.28845771,-0.03881011,-0.03822975,-0.07789372,0.05548266,-0.03644211,0.03242121
9.480000,-0.34011310,-0.27722806,1.20626912,0.02832726,1.55846751,-0.30030650,-0.13641228,0.14115262,0.32676761,-0.24109691,0.04870033,-0.28796376,-0.02140621,-0.05443022,-0.11556855,0.08332819,-0.04148529,0.06646316
9.490000,-0.34147800,-0.27581953,1.20953039,0.02592092,1.55895236,-0.30318224,-0.13653748,0.14052660,0.32542169,-0.24012300,0.04826037,-0.28712674,-0.00356596,-0.07079779,-0.15367725,0.11150081,-0.04650291,0.10101824
9.500000,-0.34284325,-0.27441808,1.21277628,0.02352574,1.55943255,-0.30604787,-0.13648236,0.13973626,0.32369300,-0.23886609,0.04777040,-0.28594205,0.01464724,-0.08728437,-0.19210573,0.13991589,-0.05148351,0.13597788
9.510000,-0.34420703,-0.27302536,1.21600296,0.02114455,1.55990760,-0.30889991,-0.13624350,0.13878067,0.32157889,-0.23732416,0.04723086,-0.28440620,0.03317003,-0.10384183,-0.23073992,0.16848883,-0.05641563,0.17123347
9.520000,-0.34556750,-0.27164302,1.21920657,0.01878021,1.56037701,-0.31173482,-0.13581814,0.13765935,0.31907789,-0.23549606,0.04664229,-0.28251676,0.05193899,-0.12042206,-0.26946572,0.19713502,-0.06128780,0.20667643
9.530000,-0.34692277,-0.27027272,1.22238323,0.01643558,1.56084029,-0.31454906,-0.13520411,0.13637232,0.31618965,-0.23338150,0.04600534,-0.28027240,0.07089077,-0.13697694,-0.30816906,0.22576987,-0.06608857,0.24219819
9.540000,-0.34827095,-0.26891612,1.22552907,0.01411353,1.56129696,-0.31733908,-0.13439992,0.13492006,0.31291497,-0.23098099,0.04532079,-0.27767289,0.08996195,-0.15345837,-0.34673585,0.25430875,-0.07080647,0.27769015
9.550000,-0.34961013,-0.26757487,1.22864024,0.01181691,1.56174655,-0.32010133,-0.13340469,0.13330355,0.30925577,-0.22829592,0.04458953,-0.27471906,0.10908917,-0.16981822,-0.38505201,0.28266706,-0.07543004,0.31304372
9.560000,-0.35093840,-0.26625059,1.23171292,0.00954856,1.56218859,-0.32283229,-0.13221816,0.13152426,0.30521514,-0.22532853,0.04381254,-0.27141284,0.12820903,-0.18600838,-0.42300345,0.31076020,-0.07994782,0.34815033
9.570000,-0.35225386,-0.26494492,1.23474329,0.00731127,1.56262265,-0.32552843,-0.13084074,0.12958411,0.30079730,-0.22208188,0.04299096,-0.26775724,0.14725815,-0.20198073,-0.46047608,0.33850356,-0.08434834,0.38290138
9.580000,-0.35355459,-0.26365944,1.23772762,0.00510784,1.56304827,-0.32818628,-0.12927345,0.12748553,0.29600760,-0.21855991,0.04212601,-0.26375636,0.16617314,-0.21768717,-0.49735583,0.36581253,-0.08862015,0.41718828
9.590000,-0.35483870,-0.26239573,1.24066222,0.00294098,1.56346503,-0.33080242,-0.12751794,0.12523142,0.29085254,-0.21476736,0.04121902,-0.25941538,0.18489061,-0.23307957,-0.53352861,0.39260250,-0.09275177,0.45090246
9.600000,-0.35610432,-0.26115532,1.24354348,0.00081337,1.56387251,-0.33337348,-0.12557650,0.12282515,0.28533976,-0.21070987,0.04027148,-0.25474058,0.20334719,-0.24810982,-0.56888033,0.41878888,-0.09673176,0.48393532
9.610000,-0.35734962,-0.25993972,1.24636786,-0.00127236,1.56427033,-0.33589614,-0.12345207,0.12027059,0.27947805,-0.20639388,0.03928493,-0.24973931,0.22147948,-0.26272981,-0.60329692,0.44428704,-0.10054864,0.51617828
9.620000,-0.35857277,-0.25875039,1.24913191,-0.00331367,1.56465809,-0.33836720,-0.12114821,0.11757208,0.27327732,-0.20182670,0.03826108,-0.24442001,0.23922410,-0.27689143,-0.63666429,0.46901238,-0.10419095,0.54752275
9.630000,-0.35977200,-0.25758874,1.25183231,-0.00530808,1.56503543,-0.34078352,-0.11866910,0.11473445,0.26674864,-0.19701649,0.03720173,-0.23879221,0.25651765,-0.29054654,-0.66886834,0.49288030,-0.10764724,0.57786015
9.640000,-0.36094558,-0.25645614,1.25446583,-0.00725322,1.56540201,-0.34314205,-0.11601957,0.11176300,0.25990421,-0.19197224,0.03610880,-0.23286653,0.27329677,-0.30364705,-0.69979501,0.51580619,-0.11090604,0.60708189
9.650000,-0.36209184,-0.25535391,1.25702939,-0.00914678,1.56575750,-0.34543989,-0.11320509,0.10866351,0.25275738,-0.18670379,0.03498431,-0.22665466,0.28949805,-0.31614484,-0.72933020,0.53770544,-0.11395588,0.63507938
9.660000,-0.36320915,-0.25428328,1.25952002,-0.01098658,1.56610160,-0.34767423,-0.11023175,0.10544227,0.24532263,-0.18122183,0.03383041,-0.22016938,0.30505812,-0.32799179,-0.75735984,0.55849345,-0.11678532,0.66174403
9.670000,-0.36429597,-0.25324544,1.26193493,-0.01277054,1.56643402,-0.34984241,-0.10710627,0.10210601,0.23761558,-0.17553791,0.03264938,-0.21342458,0.31991358,-0.33913979,-0.78376983,0.57808560,-0.11938287,0.68696727
9.680000,-0.36535080,-0.25224152,1.26427148,-0.01449671,1.56675450,-0.35194191,-0.10383603,0.09866196,0.22965301,-0.16966439,0.03144357,-0.20643520,0.33400105,-0.34954072,-0.80844610,0.59639729,-0.12173709,0.71064050
9.690000,-0.36637223,-0.25127254,1.26652720,-0.01616324,1.56706282,-0.35397036,-0.10042902,0.09511785,0.22145282,-0.16361451,0.03021548,-0.19921730,0.34725715,-0.35914647,-0.83127455,0.61334392,-0.12383651,0.73265513
9.700000,-0.36735895,-0.25033947,1.26869981,-0.01776846,1.56735875,-0.35592555,-0.09689387,0.09148185,0.21303406,-0.15740234,0.02896773,-0.19178799,0.35961849,-0.36790892,-0.85214111,0.62884087,-0.12566966,0.75290259
9.710000,-0.36830971,-0.24944318,1.27078722,-0.01931080,1.56764212,-0.35780547,-0.09323985,0.08776264,0.20441691,-0.15104281,0.02770302,-0.18416550,0.37102168,-0.37577996,-0.87093170,0.64280355,-0.12722509,0.77127429
9.720000,-0.36922338,-0.24858446,1.27278755,-0.02078887,1.56791276,-0.35960828,-0.08947684,0.08396938,0.19562272,-0.14455167,0.02642419,-0.17636912,0.38140334,-0.38271147,-0.88753221,0.65514733,-0.12849133,0.78766163
9.730000,-0.37009892,-0.24776401,1.27469916,-0.02220145,1.56817056,-0.36133234,-0.08561540,0.08011170,0.18667395,-0.13794554,0.02513419,-0.16841924,0.39070008,-0.38865534,-0.90182859,0.66578762,-0.12945693,0.80195603
9.740000,-0.37093540,-0.24698241,1.27652060,-0.02354746,1.56841542,-0.36297623,-0.08166667,0.07619972,0.17759421,-0.13124188,0.02383609,-0.16033734,0.39884851,-0.39356346,-0.91370673,0.67463981,-0.13011041,0.81404891
9.750000,-0.37173200,-0.24624016,1.27825069,-0.02482602,1.56864727,-0.36453872,-0.07764247,0.07224404,0.16840826,-0.12445898,0.02253306,-0.15214597,0.40578526,-0.39738770,-0.92305255,0.68161928,-0.13044032,0.82383168
9.760000,-0.37248804,-0.24553764,1.27988849,-0.02603644,1.56886607,-0.36601886,-0.07355522,0.06825574,0.15914198,-0.11761601,0.02122840,-0.14386877,0.41144692,-0.40007996,-0.92975198,0.68664145,-0.13043519,0.83119576
9.770000,-0.37320294,-0.24487511,1.28143335,-0.02717821,1.56907184,-0.36741590,-0.06941799,0.06424638,0.14982242,-0.11073296,0.01992551,-0.13553047,0.41577013,-0.40159212,-0.93369093,0.68962168,-0.13008357,0.83603255
9.780000,-0.37387628,-0.24425274,1.28288486,-0.02825103,1.56926460,-0.36872935,-0.06524449,0.06022799,0.14047775,-0.10383067,0.01862792,-0.12715690,0.41869148,-0.40187606,-0.93475530,0.69047539,-0.12937399,0.83823347
9.790000,-0.37450776,-0.24367054,1.28424292,-0.02925483,1.56944443,-0.36995901,-0.06104904,0.05621311,0.13113728,-0.09693083,0.01733926,-0.11877495,0.42014760,-0.40088368,-0.93283103,0.68911796,-0.12829498,0.83768993
9.800000,-0.37509724,-0.24312842,1.28550772,-0.03018973,1.56961143,-0.37110492,-0.05684663,0.05221474,0.12183147,-0.09005596,0.01606329,-0.11041261,0.42007509,-0.39856685,-0.92780402,0.68546479,-0.12683509,0.83429335
9.810000,-0.37564472,-0.24262615,1.28667977,-0.03105611,1.56976575,-0.37216742,-0.05265285,0.04824635,0.11259192,-0.08322946,0.01480387,-0.10209896,0.41841058,-0.39487745,-0.91956019,0.67943126,-0.12498286,0.82793515
9.820000,-0.37615038,-0.24216335,1.28775989,-0.03185456,1.56990758,-0.37314716,-0.04848394,0.04432192,0.10345137,-0.07647555,0.01356498,-0.09386415,0.41509068,-0.38976739,-0.90798546,0.67093278,-0.12272681,0.81850673
9.830000,-0.37661454,-0.24173951,1.28874924,-0.03258595,1.57003713,-0.37404507,-0.04435676,0.04045590,0.09444369,-0.06981931,0.01235072,-0.08573942,0.41005199,-0.38318853,-0.89296574,0.65988472,-0.12005550,0.80589950
9.840000,-0.37703771,-0.24135399,1.28964932,-0.03325136,1.57015469,-0.37486242,-0.04028884,0.03666321,0.08560392,-0.06328664,0.01116529,-0.07775711,0.40323114,-0.37509277,-0.87438695,0.64620250,-0.11695745,0.79000489
9.850000,-0.37742057,-0.24100595,1.29046200,-0.03385218,1.57026055,-0.37560080,-0.03629829,0.03295926,0.07696820,-0.05690432,0.01001303,-0.06995064,0.39456474,-0.36543200,-0.85213500,0.62980150,-0.11342121,0.77071431
9.860000,-0.37776399,-0.24069445,1.29118949,-0.03439004,1.57035507,-0.37626213,-0.03240390,0.02935995,0.06857384,-0.05069996,0.00889837,-0.06235451,0.38398940,-0.35415809,-0.82609582,0.61059711,-0.10943532,0.74791917
9.870000,-0.37806903,-0.24041835,1.29183441,-0.03486687,1.57043866,-0.37684871,-0.02862508,0.02588164,0.06045928,-0.04470200,0.00782586,-0.05500430,0.37144174,-0.34122293,-0.79615531,0.58850472,-0.10498830,0.72151088
9.880000,-0.37833695,-0.24017636,1.29239974,-0.03528487,1.57051175,-0.37736316,-0.02498186,0.02254118,0.05266412,-0.03893977,0.00680018,-0.04793670,0.35685837,-0.32657840,-0.76219939,0.56343973,-0.10006870,0.69138086
9.890000,-0.37856919,-0.23996701,1.29288889,-0.03564655,1.57057483,-0.37780851,-0.02149491,0.01935593,0.04522906,-0.03344340,0.00582610,-0.04118945,0.34017590,-0.31017640,-0.72411398,0.53531754,-0.09466506,0.65742051
9.900000,-0.37876744,-0.23978866,1.29330566,-0.03595472,1.57062846,-0.37818815,-0.01818555,0.01634368,0.03819598,-0.02824389,0.00490853,-0.03480142,0.32133095,-0.29196881,-0.68178500,0.50405353,-0.08876592,0.61952127
9.910000,-0.37893357,-0.23963950,1.29365429,-0.03621252,1.57067321,-0.37850587,-0.01507571,0.01352273,0.03160789,-0.02337308,0.00405247,-0.02881252,0.30026013,-0.27190750,-0.63509835,0.46956309,-0.08235980,0.57757453
9.920000,-0.37906969,-0.23951751,1.29393945,-0.03642339,1.57070973,-0.37876587,-0.01218797,0.01091186,0.02550892,-0.01886367,0.00326306,-0.02326378,0.27690006,-0.24994438,-0.58393997,0.43176163,-0.07543526,0.53147171
9.930000,-0.37917815,-0.23942050,1.29416625,-0.03659111,1.57073871,-0.37897275,-0.00954555,0.00853034,0.01994437,-0.01474917,0.00254553,-0.01819730,0.25118734,-0.22603132,-0.52819575,0.39056453,-0.06798083,0.48110423
9.940000,-0.37926150,-0.23934607,1.29434027,-0.03671981,1.57076090,-0.37913156,-0.00717228,0.00639790,0.01496067,-0.01106398,0.00190525,-0.01365627,0.22305860,-0.20012021,-0.46775162,0.34588718,-0.05998504,0.42636350
9.950000,-0.37932257,-0.23929164,1.29446756,-0.03681394,1.57077709,-0.37924778,-0.00509264,0.00453476,0.01060539,-0.00784331,0.00134767,-0.00968497,0.19245045,-0.17216292,-0.40249350,0.29764499,-0.05143643,0.36714093
9.960000,-0.37936442,-0.23925441,1.29455464,-0.03687834,1.57078814,-0.37932731,-0.00333175,0.00296162,0.00692723,-0.00512324,0.00087840,-0.00632876,0.15929950,-0.14211136,-0.33230730,0.24575334,-0.04232355,0.30332793
9.970000,-0.37939035,-0.23923137,1.29460853,-0.03691820,1.57079497,-0.37937656,-0.00191534,0.00169967,0.00397605,-0.00294069,0.00050312,-0.00363407,0.12354237,-0.10991740,-0.25707893,0.19012762,-0.03263493,0.23481593
9.980000,-0.37940396,-0.23921931,1.29463675,-0.03693907,1.57079854,-0.37940236,-0.00086980,0.00077057,0.00180284,-0.00133342,0.00022766,-0.00164846,0.08511566,-0.07553293,-0.17669431,0.13068323,-0.02235911,0.16149633
9.990000,-0.37940908,-0.23921478,1.29464735,-0.03694691,1.57079988,-0.37941205,-0.00022214,0.00019647,0.00045973,-0.00034004,0.00005794,-0.00042054,0.04395600,-0.03890984,-0.09103936,0.06733556,-0.01148462,0.08326055
10.000000,-0.37940982,-0.23921412,1.29464889,-0.03694805,1.57080007,-0.37941346,0.00000000,0.00000000,-0.00000000,0.00000000,-0.00000000,0.00000000,0.00000000,-0.00000000,-0.00000000,0.00000000,-0.00000000,0.00000000
