t_s,q1_rad,q2_rad,q3_rad,q4_rad,q5_rad,q6_rad,qd1_rad_s,qd2_rad_s,qd3_rad_s,qd4_rad_s,qd5_rad_s,qd6_rad_s,qdd1_rad_s2,qdd2_rad_s2,qdd3_rad_s2,qdd4_rad_s2,qdd5_rad_s2,qdd6_rad_s2
0.000000,0.87477332,-0.04037032,1.52276361,0.03467387,1.69331944,0.88827902,0.00000000,0.00000000,0.00000000,0.00000000,0.00000000,0.00000000,0.00000000,0.00000000,-0.00000000,-0.00000000,-0.00000000,0.00000000
0.010000,0.87477251,-0.04037059,1.52276252,0.03467414,1.69331885,0.88827824,-0.00024311,-0.00008101,-0.00032674,0.00008150,-0.00017539,-0.00023229,-0.04814231,-0.01604307,-0.06470559,0.01614012,-0.03473283,-0.04600008
0.020000,0.87476690,-0.04037246,1.52275498,0.03467602,1.69331481,0.88827289,-0.00095337,-0.00031771,-0.00128139,0.00031964,-0.00068783,-0.00091094,-0.09344058,-0.03114015,-0.12559371,0.03133077,-0.06741759,-0.08928316
0.030000,0.87475198,-0.04037743,1.52273492,0.03468103,1.69330404,0.88825863,-0.00210264,-0.00070073,-0.00282616,0.00070502,-0.00151706,-0.00200909,-0.13595494,-0.04531123,-0.18274495,0.04559192,-0.09809749,-0.12990668
0.040000,0.87472348,-0.04038693,1.52269662,0.03469058,1.69328348,0.88823139,-0.00366339,-0.00122091,-0.00492410,0.00122844,-0.00264324,-0.00350040,-0.17574550,-0.05857624,-0.23623991,0.05894357,-0.12681575,-0.16792807
0.050000,0.87467743,-0.04040228,1.52263472,0.03470603,1.69325025,0.88818739,-0.00560867,-0.00186930,-0.00753904,0.00188092,-0.00404698,-0.00535917,-0.21287238,-0.07095517,-0.28615918,0.07140570,-0.15361559,-0.20340474
0.060000,0.87461011,-0.04042471,1.52254423,0.03472860,1.69320168,0.88812307,-0.00791215,-0.00263713,-0.01063563,0.00265366,-0.00570930,-0.00756021,-0.24739572,-0.08246796,-0.33258338,0.08299832,-0.17854023,-0.23639412
0.070000,0.87451808,-0.04045539,1.52242051,0.03475947,1.69313526,0.88803513,-0.01054811,-0.00351584,-0.01417933,0.00353806,-0.00761168,-0.01007895,-0.27937563,-0.09313458,-0.37559309,0.09374141,-0.20163289,-0.26695365
0.080000,0.87439813,-0.04049537,1.52225926,0.03479971,1.69304870,0.88792051,-0.01349139,-0.00449707,-0.01813638,0.00452572,-0.00973600,-0.01289137,-0.30887222,-0.10297500,-0.41526891,0.10365496,-0.22293679,-0.29514074
0.090000,0.87424731,-0.04054565,1.52205652,0.03485030,1.69293986,0.88777640,-0.01671747,-0.00557265,-0.02247386,0.00560846,-0.01206459,-0.01597405,-0.33594563,-0.11200917,-0.45169143,0.11275896,-0.24249514,-0.32101283
0.100000,0.87406291,-0.04060711,1.52180863,0.03491217,1.69280679,0.88760021,-0.02020243,-0.00673463,-0.02715963,0.00677827,-0.01458023,-0.01930410,-0.36065598,-0.12025705,-0.48494127,0.12107340,-0.26035117,-0.34462733
0.110000,0.87384247,-0.04068060,1.52151227,0.03498613,1.69264769,0.88738957,-0.02392292,-0.00797524,-0.03216238,0.00802736,-0.01726609,-0.02285926,-0.38306338,-0.12773861,-0.51509901,0.12861828,-0.27654809,-0.36604167
0.120000,0.87358375,-0.04076686,1.52116442,0.03507295,1.69246095,0.88714234,-0.02785622,-0.00928691,-0.03745158,0.00934814,-0.02010580,-0.02661780,-0.40322797,-0.13447381,-0.54224525,0.13541358,-0.29112912,-0.38531329
0.130000,0.87328471,-0.04086655,1.52076238,0.03517331,1.69224512,0.88685661,-0.03198020,-0.01066229,-0.04299751,0.01073320,-0.02308343,-0.03055857,-0.42120985,-0.14048262,-0.56646058,0.14147930,-0.30413749,-0.40249960
0.140000,0.87294358,-0.04098029,1.52030371,0.03528781,1.69199888,0.88653063,-0.03627334,-0.01209421,-0.04877129,0.01217536,-0.02618345,-0.03466103,-0.43706915,-0.14578498,-0.58782562,0.14683542,-0.31561640,-0.41765804
0.150000,0.87255875,-0.04110860,1.51978629,0.03541698,1.69172109,0.88616291,-0.04071471,-0.01357570,-0.05474479,0.01366761,-0.02939080,-0.03890517,-0.45086600,-0.15040087,-0.60642095,0.15150193,-0.32560908,-0.43084602
0.160000,0.87212886,-0.04125195,1.51920824,0.03556130,1.69141075,0.88575212,-0.04528398,-0.01510001,-0.06089074,0.01520316,-0.03269082,-0.04327157,-0.46266051,-0.15435024,-0.62232717,0.15549884,-0.33415875,-0.44212097
0.170000,0.87165271,-0.04141072,1.51856799,0.03572117,1.69106701,0.88529714,-0.04996144,-0.01666055,-0.06718264,0.01677542,-0.03606931,-0.04774140,-0.47251282,-0.15765306,-0.63562488,0.15884611,-0.34130863,-0.45154033
0.180000,0.87112933,-0.04158526,1.51786419,0.03589691,1.69068915,0.88479701,-0.05472797,-0.01825098,-0.07359481,0.01837799,-0.03951247,-0.05229638,-0.48048302,-0.16032930,-0.64639467,0.16156376,-0.34710193,-0.45916151
0.190000,0.87055792,-0.04177582,1.51709577,0.03608881,1.69027659,0.88425098,-0.05956503,-0.01986512,-0.08010238,0.02000467,-0.04300697,-0.05691883,-0.48663126,-0.16239890,-0.65471715,0.16367177,-0.35158188,-0.46504194
0.200000,0.86993786,-0.04198262,1.51626191,0.03629707,1.68982888,0.88365847,-0.06445472,-0.02149700,-0.08668127,0.02164946,-0.04653988,-0.06159161,-0.49101766,-0.16388183,-0.66067292,0.16519012,-0.35479169,-0.46923905
0.210000,0.86926871,-0.04220580,1.51536199,0.03652184,1.68934571,0.88301904,-0.06937971,-0.02314086,-0.09330822,0.02330657,-0.05009871,-0.06629819,-0.49370232,-0.16479806,-0.66434256,0.16613881,-0.35677458,-0.47181027
0.220000,0.86855020,-0.04244546,1.51439566,0.03676322,1.68882686,0.88233244,-0.07432329,-0.02479114,-0.09996077,0.02497040,-0.05367142,-0.07102259,-0.49474538,-0.16516755,-0.66580668,0.16653784,-0.35757377,-0.47281301
0.230000,0.86778223,-0.04270163,1.51336276,0.03702125,1.68827227,0.88159858,-0.07926935,-0.02644246,-0.10661727,0.02663556,-0.05724639,-0.07574941,-0.49420696,-0.16501025,-0.66514587,0.16640718,-0.35723249,-0.47230471
0.240000,0.86696486,-0.04297429,1.51226337,0.03729592,1.68768196,0.88081750,-0.08420236,-0.02808966,-0.11325687,0.02829685,-0.06081242,-0.08046384,-0.49214718,-0.16434614,-0.66244074,0.16576684,-0.35579394,-0.47034279
0.250000,0.86609828,-0.04326339,1.51109775,0.03758716,1.68705609,0.87998939,-0.08910742,-0.02972776,-0.11985953,0.02994926,-0.06435875,-0.08515162,-0.48862616,-0.16319516,-0.65777187,0.16463680,-0.35330134,-0.46698468
0.260000,0.86518285,-0.04356880,1.50986636,0.03789486,1.68639489,0.87911460,-0.09397021,-0.03135200,-0.12640603,0.03158802,-0.06787507,-0.08979907,-0.48370402,-0.16157729,-0.65121987,0.16303705,-0.34979793,-0.46228780
0.270000,0.86421906,-0.04389037,1.50856987,0.03821886,1.68569872,0.87819359,-0.09877703,-0.03295782,-0.13287792,0.03320851,-0.07135149,-0.09439310,-0.47744088,-0.15951248,-0.64286534,0.16098758,-0.34532690,-0.45630958
0.280000,0.86320754,-0.04422788,1.50720911,0.03855895,1.68496802,0.87722696,-0.10351476,-0.03454083,-0.13925760,0.03480634,-0.07477853,-0.09892118,-0.46989687,-0.15702070,-0.63278887,0.15850839,-0.33993149,-0.44910745
0.290000,0.86214904,-0.04458109,1.50578509,0.03891490,1.68420334,0.87621542,-0.10817090,-0.03609687,-0.14552823,0.03637731,-0.07814718,-0.10337136,-0.46113211,-0.15412191,-0.62107106,0.15561947,-0.33365492,-0.44073883
0.300000,0.86104443,-0.04494972,1.50429896,0.03928640,1.68340530,0.87515983,-0.11273354,-0.03762198,-0.15167381,0.03791743,-0.08144884,-0.10773226,-0.45120672,-0.15083607,-0.60779251,0.15234080,-0.32654039,-0.43126114
0.310000,0.85989472,-0.04533342,1.50275208,0.03967313,1.68257462,0.87406111,-0.11719137,-0.03911237,-0.15767915,0.03942289,-0.08467534,-0.11199308,-0.44018081,-0.14718314,-0.59303381,0.14869237,-0.31863114,-0.42073182
0.320000,0.85870099,-0.04573184,1.50114590,0.04007473,1.68171207,0.87292033,-0.12153368,-0.04056448,-0.16352983,0.04089011,-0.08781895,-0.11614358,-0.42811452,-0.14318308,-0.57687557,0.14469418,-0.30997037,-0.40920829
0.330000,0.85746446,-0.04614457,1.49948204,0.04049079,1.68081854,0.87173864,-0.12575039,-0.04197494,-0.16921226,0.04231568,-0.09087238,-0.12017412,-0.41506796,-0.13885586,-0.55939837,0.14036622,-0.30060131,-0.39674797
0.340000,0.85618643,-0.04657119,1.49776226,0.04092089,1.67989495,0.87051728,-0.12983198,-0.04334058,-0.17471367,0.04369640,-0.09382876,-0.12407561,-0.40110126,-0.13422144,-0.54068283,0.13572848,-0.29056718,-0.38340830
0.350000,0.85486830,-0.04701122,1.49598841,0.04136456,1.67894231,0.86925759,-0.13376955,-0.04465841,-0.18002206,0.04502928,-0.09668166,-0.12783955,-0.38627454,-0.12929977,-0.52080953,0.13080095,-0.27991119,-0.36924669
0.360000,0.85351155,-0.04746418,1.49416250,0.04182131,1.67796168,0.86796098,-0.13755480,-0.04592568,-0.18512627,0.04631152,-0.09942506,-0.13145800,-0.37064792,-0.12411083,-0.49985907,0.12560361,-0.26867657,-0.35432057
0.370000,0.85211774,-0.04792956,1.49228660,0.04229061,1.67695419,0.86662894,-0.14118004,-0.04713981,-0.19001592,0.04754052,-0.10205340,-0.13492360,-0.35428151,-0.11867456,-0.47791205,0.12015647,-0.25690653,-0.33868737
0.380000,0.85068851,-0.04840680,1.49036292,0.04277193,1.67592101,0.86526304,-0.14463817,-0.04829841,-0.19468145,0.04871388,-0.10456155,-0.13822958,-0.33723545,-0.11301095,-0.45504907,0.11447950,-0.24464429,-0.32240452
0.390000,0.84922555,-0.04889533,1.48839375,0.04326470,1.67486338,0.86386490,-0.14792268,-0.04939933,-0.19911411,0.04982941,-0.10694479,-0.14136972,-0.31956985,-0.10713993,-0.43135073,0.10859271,-0.23193307,-0.30552944
0.400000,0.84773065,-0.04939458,1.48638144,0.04376832,1.67378255,0.86243621,-0.15102770,-0.05044059,-0.20330595,0.05088510,-0.10919886,-0.14433838,-0.30134484,-0.10108149,-0.40689762,0.10251608,-0.21881609,-0.28811956
0.410000,0.84620562,-0.04990394,1.48432846,0.04428219,1.67267984,0.86097872,-0.15394792,-0.05142040,-0.20724982,0.05187917,-0.11131990,-0.14713052,-0.28262054,-0.09485557,-0.38177034,0.09626960,-0.20533657,-0.27023230
0.420000,0.84465232,-0.05042278,1.48223730,0.04480569,1.67155661,0.85949421,-0.15667865,-0.05233721,-0.21093938,0.05281000,-0.11330452,-0.14974163,-0.26345707,-0.08848214,-0.35604948,0.08987326,-0.19153773,-0.25192509
0.430000,0.84307269,-0.05095047,1.48011053,0.04533818,1.67041422,0.85798450,-0.15921579,-0.05318962,-0.21436910,0.05367620,-0.11514974,-0.15216781,-0.24391454,-0.08198117,-0.32981566,0.08334706,-0.17746278,-0.23325535
0.440000,0.84146867,-0.05148636,1.47795080,0.04587900,1.66925408,0.85645148,-0.16155587,-0.05397647,-0.21753425,0.05447657,-0.11685300,-0.15440572,-0.22405309,-0.07537261,-0.30314946,0.07671099,-0.16315495,-0.21428052
0.450000,0.83984224,-0.05202978,1.47576074,0.04642749,1.66807764,0.85489703,-0.16369599,-0.05469678,-0.22043092,0.05521012,-0.11841221,-0.15645260,-0.20393284,-0.06867643,-0.27613148,0.06998502,-0.14865745,-0.19505801
0.460000,0.83819542,-0.05258007,1.47354308,0.04698297,1.66688633,0.85332307,-0.16563387,-0.05534978,-0.22305598,0.05587604,-0.11982566,-0.15830625,-0.18361390,-0.06191258,-0.24884231,0.06318917,-0.13401350,-0.17564525
0.470000,0.83653024,-0.05313655,1.47130054,0.04754478,1.66568161,0.85173155,-0.16736781,-0.05593487,-0.22540713,0.05647374,-0.12109213,-0.15996506,-0.16315639,-0.05510103,-0.22136257,0.05634341,-0.11926632,-0.15609968
0.480000,0.83484875,-0.05369854,1.46903586,0.04811222,1.66446498,0.85012442,-0.16889673,-0.05645170,-0.22748286,0.05700281,-0.12221079,-0.16142799,-0.14262045,-0.04826175,-0.19377283,0.04946774,-0.10445914,-0.13647870
0.490000,0.83315299,-0.05426535,1.46675180,0.04868461,1.66323789,0.84850365,-0.17022016,-0.05690008,-0.22928249,0.05746306,-0.12318126,-0.16269457,-0.12206619,-0.04141469,-0.16615371,0.04258214,-0.08963516,-0.11683976
0.500000,0.83144503,-0.05483631,1.46445113,0.04926125,1.66200184,0.84687118,-0.17133820,-0.05728004,-0.23080611,0.05785448,-0.12400358,-0.16376492,-0.10155373,-0.03457981,-0.13858580,0.03570662,-0.07483761,-0.09724028
0.510000,0.82972691,-0.05541073,1.46213660,0.04984147,1.66075831,0.84522900,-0.17225157,-0.05759179,-0.23205464,0.05817729,-0.12467824,-0.16463970,-0.08114319,-0.02777708,-0.11114970,0.02886115,-0.06010971,-0.07773767
0.520000,0.82800068,-0.05598792,1.45981095,0.05042457,1.65950877,0.84357904,-0.17296160,-0.05783575,-0.23302981,0.05843187,-0.12520615,-0.16532018,-0.06089471,-0.02102645,-0.08392599,0.02206573,-0.04549467,-0.05838938
0.530000,0.82626835,-0.05656722,1.45747690,0.05100988,1.65825467,0.84192324,-0.17347021,-0.05801256,-0.23373414,0.05861884,-0.12558866,-0.16580819,-0.04086838,-0.01434790,-0.05699529,0.01534035,-0.03103571,-0.03925282
0.540000,0.82453193,-0.05714795,1.45513716,0.05159672,1.65699747,0.84026351,-0.17377991,-0.05812302,-0.23417096,0.05873898,-0.12582753,-0.16610614,-0.02112435,-0.00776138,-0.03043819,0.00870501,-0.01677606,-0.02038542
0.550000,0.82279340,-0.05772946,1.45279436,0.05218444,1.65573860,0.83860174,-0.17389383,-0.05816816,-0.23434442,0.05879330,-0.12592499,-0.16621699,-0.00172273,-0.00128685,-0.00433529,0.00217968,-0.00275893,-0.00184461
0.560000,0.82105470,-0.05831110,1.45045113,0.05277238,1.65447944,0.83693978,-0.17381571,-0.05814919,-0.23425945,0.05878301,-0.12588366,-0.16614431,0.01727635,0.00505572,0.02123282,-0.00421563,0.01097246,0.01631219
0.570000,0.81931772,-0.05889223,1.44811002,0.05335989,1.65322137,0.83527945,-0.17354985,-0.05806755,-0.23392181,0.05870949,-0.12570663,-0.16589222,0.03581279,0.01124638,0.04618554,-0.01046094,0.02437489,0.03402755
0.580000,0.81758431,-0.05947225,1.44577351,0.05394636,1.65196575,0.83362252,-0.17310119,-0.05792484,-0.23333806,0.05857436,-0.12539740,-0.16546542,0.05382644,0.01726516,0.07044227,-0.01653625,0.03740514,0.05124405
0.590000,0.81585628,-0.06005053,1.44344405,0.05453118,1.65071385,0.83197071,-0.17247526,-0.05772289,-0.23251555,0.05837940,-0.12495991,-0.16486919,0.07125720,0.02309210,0.09392241,-0.02242159,0.05001999,0.06790425
0.600000,0.81413538,-0.06062651,1.44112397,0.05511376,1.64946696,0.83032568,-0.17167819,-0.05746370,-0.23146247,0.05812662,-0.12439853,-0.16410938,0.08804494,0.02870724,0.11654537,-0.02809694,0.06217623,0.08395074
0.610000,0.81242327,-0.06119962,1.43881554,0.05569352,1.64822628,0.82868904,-0.17071671,-0.05714951,-0.23018777,0.05781823,-0.12371806,-0.16319241,0.10412954,0.03409061,0.13823054,-0.03354233,0.07383064,0.09932609
0.620000,0.81072156,-0.06176933,1.43652092,0.05626994,1.64699298,0.82706233,-0.16959815,-0.05678273,-0.22870125,0.05745661,-0.12292374,-0.16212529,0.11945087,0.03922226,0.15889734,-0.03873777,0.08493999,0.11397287
0.630000,0.80903180,-0.06233511,1.43424219,0.05684249,1.64576817,0.82544701,-0.16833044,-0.05636597,-0.22701349,0.05704437,-0.12202122,-0.16091558,0.13394882,0.04408222,0.17846516,-0.04366326,0.09546107,0.12783366
0.640000,0.80735543,-0.06289649,1.43198129,0.05741067,1.64455289,0.82384447,-0.16692211,-0.05590206,-0.22513588,0.05658431,-0.12101662,-0.15957143,0.14756327,0.04865053,0.19685340,-0.04829881,0.10535066,0.14085102
0.650000,0.80569380,-0.06345301,1.42974006,0.05797402,1.64334815,0.82225600,-0.16538231,-0.05539400,-0.22308061,0.05607943,-0.11991646,-0.15810156,0.16023721,0.05290827,0.21398565,-0.05262546,0.11456777,0.15297053
0.660000,0.80404819,-0.06400423,1.42752022,0.05853212,1.64215486,0.82068283,-0.16372055,-0.05484494,-0.22086041,0.05553285,-0.11872754,-0.15651505,0.17195819,0.05685122,0.22984500,-0.05663891,0.12310331,0.16418024
0.670000,0.80241976,-0.06454978,1.42532336,0.05908455,1.64097387,0.81912606,-0.16194626,-0.05425800,-0.21848787,0.05494767,-0.11745661,-0.15482092,0.18274686,0.06048612,0.24445881,-0.06034577,0.13097186,0.17449988
0.680000,0.80080960,-0.06508928,1.42315093,0.05963095,1.63980598,0.81758674,-0.16006865,-0.05363622,-0.21597529,0.05432693,-0.11611027,-0.15302795,0.19262468,0.06381999,0.25785549,-0.06375289,0.13818860,0.18394989
0.690000,0.79921870,-0.06562240,1.42100428,0.06017098,1.63865190,0.81606580,-0.15809673,-0.05298258,-0.21333472,0.05367359,-0.11469496,-0.15114475,0.20161311,0.06685983,0.27006348,-0.06686714,0.14476870,0.19255073
0.700000,0.79764796,-0.06614883,1.41888463,0.06070433,1.63751229,0.81456411,-0.15603928,-0.05229998,-0.21057789,0.05299054,-0.11321697,-0.14917970,0.20973359,0.06961264,0.28111120,-0.06969538,0.15072732,0.20032287
0.710000,0.79609817,-0.06666831,1.41679307,0.06123070,1.63638775,0.81308245,-0.15390488,-0.05159126,-0.20771627,0.05228061,-0.11168244,-0.14714099,0.21700759,0.07208542,0.29102706,-0.07224449,0.15607963,0.20728676
0.720000,0.79457009,-0.06718058,1.41473061,0.06174986,1.63527881,0.81162151,-0.15170188,-0.05085919,-0.20476103,0.05154656,-0.11009735,-0.14503659,0.22345655,0.07428518,0.29983949,-0.07452132,0.16084080,0.21346287
0.730000,0.79306434,-0.06768543,1.41269813,0.06226156,1.63418595,0.81018191,-0.14943842,-0.05010645,-0.20172306,0.05079107,-0.10846754,-0.14287429,0.22910194,0.07621893,0.30757690,-0.07653274,0.16502600,0.21887165
0.740000,0.79158149,-0.06818265,1.41069639,0.06276562,1.63310959,0.80876420,-0.14712245,-0.04933567,-0.19861298,0.05001677,-0.10679870,-0.14066165,0.23396520,0.07789367,0.31426772,-0.07828560,0.16865039,0.22353356
0.750000,0.79012204,-0.06867209,1.40872607,0.06326185,1.63205009,0.80736882,-0.14476166,-0.04854941,-0.19544110,0.04922620,-0.10509635,-0.13840604,0.23806779,0.07931640,0.31994038,-0.07978679,0.17172914,0.22746906
0.760000,0.78868638,-0.06915359,1.40678774,0.06375010,1.63100776,0.80599619,-0.14236355,-0.04775016,-0.19221747,0.04842185,-0.10336588,-0.13611462,0.24143117,0.08049412,0.32462328,-0.08104315,0.17427743,0.23069861
0.770000,0.78727487,-0.06962705,1.40488186,0.06423024,1.62998285,0.80464663,-0.13993542,-0.04694032,-0.18895184,0.04760613,-0.10161252,-0.13379435,0.24407678,0.08143385,0.32834486,-0.08206156,0.17631041,0.23324267
0.780000,0.78588775,-0.07009237,1.40300881,0.06470219,1.62897556,0.80332038,-0.13748434,-0.04612225,-0.18565368,0.04678139,-0.09984134,-0.13145198,0.24602609,0.08214259,0.33113353,-0.08284888,0.17784326,0.23512169
0.790000,0.78452523,-0.07054948,1.40116887,0.06516585,1.62798606,0.80201764,-0.13501715,-0.04529822,-0.18233218,0.04594990,-0.09805727,-0.12909407,0.24730054,0.08262734,0.33301772,-0.08341197,0.17889114,0.23635615
0.800000,0.78318744,-0.07099833,1.39936222,0.06562117,1.62701445,0.80073853,-0.13254051,-0.04447043,-0.17899625,0.04511387,-0.09626509,-0.12672694,0.24792160,0.08289510,0.33402585,-0.08375770,0.17946923,0.23696649
0.810000,0.78187443,-0.07143888,1.39758896,0.06606812,1.62606077,0.79948311,-0.13006083,-0.04364102,-0.17565449,0.04427545,-0.09446940,-0.12435675,0.24791071,0.08295288,0.33418633,-0.08389293,0.17959268,0.23697318
0.820000,0.78058621,-0.07187115,1.39584912,0.06650668,1.62512505,0.79825139,-0.12758433,-0.04281205,-0.17231525,0.04343669,-0.09267470,-0.12198942,0.24728933,0.08280769,0.33352759,-0.08382452,0.17927667,0.23639667
0.830000,0.77932272,-0.07229513,1.39414262,0.06693686,1.62420726,0.79704329,-0.12511700,-0.04198552,-0.16898658,0.04259961,-0.09088529,-0.11963069,0.24607892,0.08246653,0.33207805,-0.08355934,0.17853637,0.23525743
0.840000,0.77808382,-0.07271087,1.39246933,0.06735868,1.62330732,0.79585873,-0.12266464,-0.04116335,-0.16567623,0.04176614,-0.08910533,-0.11728608,0.24430092,0.08193639,0.32986614,-0.08310426,0.17738694,0.23357591
0.850000,0.77686936,-0.07311842,1.39082901,0.06777220,1.62242511,0.79469751,-0.12023281,-0.04034740,-0.16239170,0.04093814,-0.08733886,-0.11496091,0.24197680,0.08122430,0.32692026,-0.08246613,0.17584355,0.23137258
0.860000,0.77567908,-0.07351785,1.38922138,0.06817747,1.62156048,0.79355943,-0.11782685,-0.03953944,-0.15914018,0.04011740,-0.08558973,-0.11266030,0.23912800,0.08033725,0.32326886,-0.08165183,0.17392137,0.22866788
0.870000,0.77451272,-0.07390924,1.38764607,0.06857458,1.62071324,0.79244420,-0.11545192,-0.03874121,-0.15592858,0.03930566,-0.08386164,-0.11038916,0.23577599,0.07928225,0.31894033,-0.08066821,0.17163557,0.22548229
0.880000,0.77336992,-0.07429271,1.38610266,0.06896362,1.61988317,0.79135153,-0.11311294,-0.03795434,-0.15276353,0.03850458,-0.08215818,-0.10815219,0.23194221,0.07806629,0.31396312,-0.07952214,0.16900131,0.22183626
0.890000,0.77225032,-0.07466837,1.38459063,0.06934471,1.61906999,0.79028103,-0.11081461,-0.03718040,-0.14965139,0.03771574,-0.08048273,-0.10595390,0.22764812,0.07669640,0.30836563,-0.07822049,0.16603377,0.21775025
0.900000,0.77115348,-0.07503636,1.38310943,0.06971798,1.61827341,0.78923231,-0.10856144,-0.03642090,-0.14659820,0.03694067,-0.07883856,-0.10379858,0.22291517,0.07517956,0.30217629,-0.07677012,0.16274810,0.21324472
0.910000,0.77007893,-0.07539684,1.38165845,0.07008357,1.61749310,0.78820490,-0.10635770,-0.03567727,-0.14360974,0.03618081,-0.07722878,-0.10169033,0.21776482,0.07352279,0.29542352,-0.07517789,0.15915949,0.20834012
0.920000,0.76902615,-0.07574997,1.38023700,0.07044165,1.61672871,0.78719833,-0.10420746,-0.03495089,-0.14069151,0.03543756,-0.07565633,-0.09963304,0.21221852,0.07173308,0.28813574,-0.07345066,0.15528309,0.20305693
0.930000,0.76799459,-0.07609592,1.37884437,0.07079238,1.61597984,0.78621206,-0.10211458,-0.03424303,-0.13784871,0.03471222,-0.07412402,-0.09763039,0.20629774,0.06981745,0.28034138,-0.07159531,0.15113407,0.19741559
0.940000,0.76698365,-0.07643489,1.37747976,0.07113596,1.61524609,0.78524553,-0.10008269,-0.03355493,-0.13508627,0.03400606,-0.07263451,-0.09568586,0.20002391,0.06778290,0.27206885,-0.06961869,0.14672761,0.19143657
0.950000,0.76599272,-0.07676709,1.37614236,0.07147257,1.61452700,0.78429814,-0.09811521,-0.03288775,-0.13240883,0.03332023,-0.07119028,-0.09380271,0.19341849,0.06563643,0.26334658,-0.06752767,0.14207886,0.18514032
0.960000,0.76502112,-0.07709272,1.37483129,0.07180244,1.61382212,0.78336926,-0.09621535,-0.03224255,-0.12982075,0.03265586,-0.06979369,-0.09198404,0.18650295,0.06338505,0.25420298,-0.06532912,0.13720300,0.17854731
0.970000,0.76406818,-0.07741202,1.37354563,0.07212577,1.61313096,0.78245823,-0.09438611,-0.03162037,-0.12732608,0.03201398,-0.06844693,-0.09023269,0.17929873,0.06103576,0.24466648,-0.06302989,0.13211520,0.17167799
0.980000,0.76313316,-0.07772521,1.37228444,0.07244279,1.61245301,0.78156437,-0.09263027,-0.03102214,-0.12492863,0.03139558,-0.06715204,-0.08855133,0.17182729,0.05859556,0.23476550,-0.06063685,0.12683062,0.16455282
0.990000,0.76221532,-0.07803254,1.37104672,0.07275376,1.61178774,0.78068696,-0.09095038,-0.03044874,-0.12263189,0.03080154,-0.06591092,-0.08694242,0.16411008,0.05607147,0.22452847,-0.05815687,0.12136444,0.15719227
1.000000,0.76131389,-0.07833427,1.36983146,0.07305891,1.61113461,0.77982528,-0.08934881,-0.02990097,-0.12043909,0.03023270,-0.06472531,-0.08540820,0.15616856,0.05347047,0.21398379,-0.05559682,0.11573181,0.14961679
1.010000,0.76042807,-0.07863065,1.36863758,0.07335850,1.61049304,0.77897855,-0.08782769,-0.02937956,-0.11835315,0.02968984,-0.06359679,-0.08395073,0.14802418,0.05079959,0.20315990,-0.05296354,0.10994791,0.14184684
1.020000,0.75955706,-0.07892195,1.36746403,0.07365279,1.60986248,0.77814600,-0.08638893,-0.02888519,-0.11637673,0.02917366,-0.06252680,-0.08257185,0.13969839,0.04806582,0.19208521,-0.05026392,0.10402790,0.13390288
1.030000,0.75870001,-0.07920845,1.36630968,0.07394206,1.60924231,0.77732684,-0.08503425,-0.02841843,-0.11451219,0.02868476,-0.06151663,-0.08127318,0.13121265,0.04527617,0.18078815,-0.04750480,0.09798695,0.12580537
1.040000,0.75785609,-0.07949041,1.36517340,0.07422658,1.60863194,0.77652026,-0.08376514,-0.02797983,-0.11276161,0.02822373,-0.06056741,-0.08005618,0.12258842,0.04243764,0.16929713,-0.04469307,0.09184024,0.11757477
1.050000,0.75702442,-0.07976814,1.36405406,0.07450663,1.60803075,0.77572544,-0.08258287,-0.02756982,-0.11112680,0.02779106,-0.05968013,-0.07892206,0.11384714,0.03955724,0.15764058,-0.04183557,0.08560293,0.10923153
1.060000,0.75620414,-0.08004191,1.36295048,0.07478250,1.60743813,0.77494154,-0.08148852,-0.02718880,-0.10960926,0.02738715,-0.05885561,-0.07787186,0.10501028,0.03664197,0.14584693,-0.03893919,0.07929018,0.10079613
1.070000,0.75539436,-0.08031201,1.36186148,0.07505447,1.60685343,0.77416772,-0.08048292,-0.02683707,-0.10821022,0.02701238,-0.05809453,-0.07690638,0.09609928,0.03369884,0.13394458,-0.03601077,0.07291716,0.09228900
1.080000,0.75459418,-0.08057875,1.36078587,0.07532285,1.60627602,0.77340313,-0.07956671,-0.02651489,-0.10693063,0.02666702,-0.05739741,-0.07602625,0.08713561,0.03073484,0.12196196,-0.03305718,0.06649905,0.08373063
1.090000,0.75380272,-0.08084241,1.35972247,0.07558791,1.60570527,0.77264691,-0.07874031,-0.02622242,-0.10577115,0.02635130,-0.05676465,-0.07523187,0.07814071,0.02775699,0.10992750,-0.03008529,0.06005100,0.07514146
1.100000,0.75301908,-0.08110329,1.35867005,0.07584997,1.60514052,0.77189821,-0.07800393,-0.02595977,-0.10473216,0.02606535,-0.05619644,-0.07452345,0.06913603,0.02477229,0.09786962,-0.02710197,0.05358820,0.06654195
1.110000,0.75224234,-0.08136170,1.35762742,0.07610932,1.60458112,0.77115615,-0.07735755,-0.02572698,-0.10381374,0.02580927,-0.05569288,-0.07390100,0.06014304,0.02178774,0.08581672,-0.02411407,0.04712579,0.05795257
1.120000,0.75147163,-0.08161793,1.35659337,0.07636626,1.60402644,0.77041990,-0.07680095,-0.02552399,-0.10301571,0.02558306,-0.05525388,-0.07336430,0.05118319,0.01881035,0.07379725,-0.02112846,0.04067897,0.04939377
1.130000,0.75070603,-0.08187228,1.35556671,0.07662108,1.60347583,0.76968858,-0.07633370,-0.02535072,-0.10233759,0.02538667,-0.05487920,-0.07291295,0.04227793,0.01584713,0.06183962,-0.01815201,0.03426288,0.04088601
1.140000,0.74994466,-0.08212505,1.35454622,0.07687409,1.60292865,0.76896136,-0.07595514,-0.02520698,-0.10177862,0.02521997,-0.05456847,-0.07254634,0.03344872,0.01290507,0.04997224,-0.01519157,0.02789270,0.03244975
1.150000,0.74918663,-0.08237652,1.35353074,0.07712558,1.60238425,0.76823738,-0.07566440,-0.02509253,-0.10133775,0.02508276,-0.05432114,-0.07226365,0.02471701,0.00999118,0.03822354,-0.01225402,0.02158360,0.02410545
1.160000,0.74843108,-0.08262699,1.35251908,0.07737584,1.60184201,0.76751581,-0.07546040,-0.02500704,-0.10101366,0.02497479,-0.05413654,-0.07206386,0.01610425,0.00711247,0.02662195,-0.00934622,0.01535075,0.01587357
1.170000,0.74767714,-0.08287676,1.35151008,0.07762517,1.60130131,0.76679583,-0.07534185,-0.02495014,-0.10080473,0.02489572,-0.05401382,-0.07194574,0.00763190,0.00427593,0.01519588,-0.00647502,0.00920930,0.00777457
1.180000,0.74692396,-0.08312609,1.35050261,0.07787385,1.60076153,0.76607663,-0.07530723,-0.02492136,-0.10070906,0.02484515,-0.05395200,-0.07190786,-0.00067858,0.00148859,0.00397376,-0.00364730,0.00317444,-0.00017109
1.190000,0.74617072,-0.08337527,1.34949553,0.07812217,1.60022207,0.76535741,-0.07535481,-0.02492018,-0.10072448,0.02482260,-0.05394993,-0.07194858,-0.00880575,-0.00124257,-0.00701600,-0.00086993,-0.00273868,-0.00794295
1.200000,0.74541660,-0.08362458,1.34848776,0.07837039,1.59968234,0.76463740,-0.07548266,-0.02494600,-0.10084851,0.02482756,-0.05400631,-0.07206607,-0.01672814,-0.00391054,-0.01774497,0.00185025,-0.00851487,-0.01552056
1.210000,0.74466081,-0.08387428,1.34747821,0.07861881,1.59914176,0.76391584,-0.07568862,-0.02499815,-0.10107841,0.02485940,-0.05411972,-0.07225827,-0.02442431,-0.00650830,-0.02818473,0.00450635,-0.01413899,-0.02288345
1.220000,0.74390257,-0.08412463,1.34646585,0.07886767,1.59859976,0.76319199,-0.07597032,-0.02507591,-0.10141115,0.02491745,-0.05428854,-0.07252295,-0.03187280,-0.00902887,-0.03830687,0.00709153,-0.01959585,-0.03001117
1.230000,0.74314116,-0.08437588,1.34544965,0.07911724,1.59805581,0.76246515,-0.07632518,-0.02517845,-0.10184340,0.02500097,-0.05451103,-0.07285765,-0.03905216,-0.01146522,-0.04808295,0.00959891,-0.02487030,-0.03688325
1.240000,0.74237583,-0.08462828,1.34442866,0.07936777,1.59750937,0.76173461,-0.07675039,-0.02530491,-0.10237156,0.02510914,-0.05478528,-0.07325970,-0.04594092,-0.01381037,-0.05748456,0.01202162,-0.02994715,-0.04347925
1.250000,0.74160592,-0.08488206,1.34340192,0.07961950,1.59695994,0.76099974,-0.07724296,-0.02545433,-0.10299175,0.02524109,-0.05510926,-0.07372624,-0.05251764,-0.01605730,-0.06648327,0.01435282,-0.03481125,-0.04977868
1.260000,0.74083076,-0.08513744,1.34236853,0.07987267,1.59640703,0.76025988,-0.07779964,-0.02562570,-0.10369979,0.02539587,-0.05548075,-0.07425421,-0.05876087,-0.01819901,-0.07505067,0.01658562,-0.03944743,-0.05576111
1.270000,0.74004973,-0.08539464,1.34132764,0.08012749,1.59585017,0.75951446,-0.07841699,-0.02581794,-0.10449123,0.02557246,-0.05589740,-0.07484034,-0.06464914,-0.02022849,-0.08315834,0.01871317,-0.04384051,-0.06140606
1.280000,0.73926223,-0.08565386,1.34027844,0.08038419,1.59528893,0.75876290,-0.07909136,-0.02602988,-0.10536133,0.02576976,-0.05635670,-0.07548114,-0.07016101,-0.02213875,-0.09077785,0.02072860,-0.04797534,-0.06669309
1.290000,0.73846772,-0.08591530,1.33922017,0.08064295,1.59472290,0.75800467,-0.07981888,-0.02626029,-0.10630506,0.02598663,-0.05685599,-0.07617294,-0.07527508,-0.02392279,-0.09788085,0.02262507,-0.05183678,-0.07160178
1.300000,0.73766569,-0.08617913,1.33815211,0.08090398,1.59415169,0.75723928,-0.08059550,-0.02650790,-0.10731716,0.02622185,-0.05739249,-0.07691188,-0.07997923,-0.02557658,-0.10445109,0.02439852,-0.05541610,-0.07612057
1.310000,0.73685566,-0.08644551,1.33707362,0.08116745,1.59357494,0.75646628,-0.08141713,-0.02677140,-0.10839234,0.02647420,-0.05796339,-0.07769407,-0.08428066,-0.02710222,-0.11049735,0.02605069,-0.05871785,-0.08025623
1.320000,0.73603721,-0.08671460,1.33598407,0.08143352,1.59299232,0.75568527,-0.08227980,-0.02704952,-0.10952540,0.02674247,-0.05856594,-0.07851575,-0.08818894,-0.02850257,-0.11603157,0.02758402,-0.06174823,-0.08401783
1.330000,0.73520994,-0.08698655,1.33488293,0.08170235,1.59240352,0.75489585,-0.08317963,-0.02734104,-0.11071130,0.02702549,-0.05919747,-0.07937321,-0.09171365,-0.02978050,-0.12106567,0.02900099,-0.06451343,-0.08741443
1.340000,0.73437351,-0.08726147,1.33376969,0.08197407,1.59180828,0.75409770,-0.08411283,-0.02764473,-0.11194509,0.02732211,-0.05985535,-0.08026286,-0.09486437,-0.03093886,-0.12561159,0.03030405,-0.06701966,-0.09045510
1.350000,0.73352759,-0.08753948,1.33264389,0.08224883,1.59120634,0.75329050,-0.08507570,-0.02795943,-0.11322195,0.02763120,-0.06053702,-0.08118116,-0.09765069,-0.03198051,-0.12968124,0.03149566,-0.06927311,-0.09314889
1.360000,0.73267191,-0.08782069,1.33150512,0.08252673,1.59059747,0.75247399,-0.08606466,-0.02828396,-0.11453717,0.02795166,-0.06123999,-0.08212471,-0.10008218,-0.03290832,-0.13328656,0.03257828,-0.07127999,-0.09550487
1.370000,0.73180622,-0.08810519,1.33035303,0.08280790,1.58998147,0.75164793,-0.08707619,-0.02861722,-0.11588617,0.02828241,-0.06196182,-0.08309016,-0.10216843,-0.03372515,-0.13643946,0.03355436,-0.07304650,-0.09753210
1.380000,0.73093032,-0.08839306,1.32918730,0.08309241,1.58935818,0.75081212,-0.08810691,-0.02895811,-0.11726449,0.02862240,-0.06270014,-0.08407428,-0.10391902,-0.03443386,-0.13915188,0.03442636,-0.07457884,-0.09923965
1.390000,0.73004403,-0.08868437,1.32800766,0.08338037,1.58872742,0.74996639,-0.08915349,-0.02930555,-0.11866778,0.02897060,-0.06345264,-0.08507392,-0.10534352,-0.03503731,-0.14143575,0.03519674,-0.07588320,-0.10063657
1.400000,0.72914721,-0.08897919,1.32681388,0.08367185,1.58808909,0.74911060,-0.09021272,-0.02965851,-0.12009181,0.02932600,-0.06421706,-0.08608601,-0.10645153,-0.03553836,-0.14330298,0.03586795,-0.07696579,-0.10173194
1.410000,0.72823974,-0.08927756,1.32560577,0.08396691,1.58744305,0.74824464,-0.09128149,-0.03001599,-0.12153249,0.02968764,-0.06499123,-0.08710758,-0.10725262,-0.03593988,-0.14476551,0.03644247,-0.07783281,-0.10253481
1.420000,0.72732156,-0.08957952,1.32438318,0.08426562,1.58678924,0.74736843,-0.09235678,-0.03037699,-0.12298581,0.03005454,-0.06577302,-0.08813576,-0.10775638,-0.03624472,-0.14583527,0.03692274,-0.07849045,-0.10305424
1.430000,0.72639260,-0.08988510,1.32314602,0.08456802,1.58612757,0.74648191,-0.09343566,-0.03074057,-0.12444792,0.03042578,-0.06656037,-0.08916775,-0.10797237,-0.03645575,-0.14652417,0.03731122,-0.07894492,-0.10329930
1.440000,0.72545284,-0.09019434,1.32189421,0.08487415,1.58545802,0.74558507,-0.09451530,-0.03110580,-0.12591507,0.03080047,-0.06735126,-0.09020086,-0.10791020,-0.03657583,-0.14684415,0.03761037,-0.07920242,-0.10327905
1.450000,0.72450230,-0.09050722,1.32062772,0.08518404,1.58478054,0.74467790,-0.09559297,-0.03147179,-0.12738362,0.03117770,-0.06814378,-0.09123248,-0.10757943,-0.03660781,-0.14680713,0.03782265,-0.07926914,-0.10300255
1.460000,0.72354100,-0.09082377,1.31934654,0.08549771,1.58409514,0.74376043,-0.09666603,-0.03183767,-0.12885006,0.03155664,-0.06893603,-0.09226009,-0.10698965,-0.03655457,-0.14642504,0.03795051,-0.07915129,-0.10247887
1.470000,0.72256900,-0.09114397,1.31805073,0.08581517,1.58340183,0.74283272,-0.09773193,-0.03220261,-0.13031101,0.03193644,-0.06972621,-0.09328126,-0.10615044,-0.03641896,-0.14570981,0.03799642,-0.07885507,-0.10171707
1.480000,0.72158639,-0.09146782,1.31674035,0.08613644,1.58270063,0.74189484,-0.09878824,-0.03256579,-0.13176319,0.03231630,-0.07051256,-0.09429367,-0.10507138,-0.03620385,-0.14467336,0.03796283,-0.07838668,-0.10072622
1.490000,0.72059327,-0.09179528,1.31541551,0.08646150,1.58199159,0.74094688,-0.09983259,-0.03292643,-0.13320344,0.03269544,-0.07129339,-0.09529506,-0.10376205,-0.03591209,-0.14332761,0.03785221,-0.07775231,-0.09951536
1.500000,0.71958978,-0.09212633,1.31407633,0.08679034,1.58127479,0.73998898,-0.10086274,-0.03328378,-0.13462875,0.03307310,-0.07206707,-0.09628327,-0.10223203,-0.03554655,-0.14168451,0.03766700,-0.07695817,-0.09809358
1.510000,0.71857607,-0.09246094,1.31272299,0.08712295,1.58055028,0.73902127,-0.10187653,-0.03363712,-0.13603618,0.03344854,-0.07283204,-0.09725625,-0.10049091,-0.03511008,-0.13975596,0.03740966,-0.07601046,-0.09646992
1.520000,0.71755232,-0.09279906,1.31135568,0.08745930,1.57981818,0.73804391,-0.10287189,-0.03398576,-0.13742295,0.03382106,-0.07358679,-0.09821203,-0.09854826,-0.03460556,-0.13755390,0.03708266,-0.07491537,-0.09465346
1.530000,0.71651870,-0.09314064,1.30997461,0.08779936,1.57907859,0.73705709,-0.10384685,-0.03432902,-0.13878639,0.03418997,-0.07432988,-0.09914871,-0.09641367,-0.03403584,-0.13509026,0.03668845,-0.07367911,-0.09265325
1.540000,0.71547545,-0.09348562,1.30858004,0.08814309,1.57833163,0.73606101,-0.10479955,-0.03466627,-0.14012393,0.03455461,-0.07505992,-0.10006451,-0.09409672,-0.03340378,-0.13237696,0.03622950,-0.07230788,-0.09047836
1.550000,0.71442279,-0.09383394,1.30717223,0.08849043,1.57757743,0.73505588,-0.10572821,-0.03499689,-0.14143314,0.03491435,-0.07577561,-0.10095773,-0.09160699,-0.03271224,-0.12942593,0.03570825,-0.07080787,-0.08813785
1.560000,0.71336097,-0.09418554,1.30575148,0.08884135,1.57681616,0.73404193,-0.10663115,-0.03532032,-0.14271169,0.03526858,-0.07647567,-0.10182675,-0.08895406,-0.03196410,-0.12624909,0.03512717,-0.06918530,-0.08564078
1.570000,0.71229026,-0.09454032,1.30431810,0.08919579,1.57604798,0.73301943,-0.10750678,-0.03563600,-0.14395740,0.03561670,-0.07715892,-0.10267005,-0.08614751,-0.03116219,-0.12285837,0.03448871,-0.06744635,-0.08299623
1.580000,0.71121093,-0.09489823,1.30287245,0.08955367,1.57527305,0.73198862,-0.10835362,-0.03594340,-0.14516819,0.03595817,-0.07782423,-0.10348621,-0.08319692,-0.03030940,-0.11926570,0.03379533,-0.06559722,-0.08021324
1.590000,0.71012329,-0.09525916,1.30141486,0.08991493,1.57449156,0.73094980,-0.10917027,-0.03624202,-0.14634208,0.03629243,-0.07847052,-0.10427388,-0.08011188,-0.02940858,-0.11548300,0.03304950,-0.06364413,-0.07730088
1.600000,0.70902763,-0.09562304,1.29994573,0.09027949,1.57370370,0.72990325,-0.10995544,-0.03653142,-0.14747725,0.03661899,-0.07909679,-0.10503182,-0.07690196,-0.02846259,-0.11152221,0.03225366,-0.06159326,-0.07426822
1.610000,0.70792429,-0.09598976,1.29846545,0.09064728,1.57290969,0.72884927,-0.11070793,-0.03681114,-0.14857198,0.03693735,-0.07970208,-0.10575888,-0.07357675,-0.02747429,-0.10739524,0.03141028,-0.05945082,-0.07112431
1.620000,0.70681359,-0.09635923,1.29697443,0.09101821,1.57210973,0.72778817,-0.11142662,-0.03708077,-0.14962465,0.03724705,-0.08028552,-0.10645397,-0.07014583,-0.02644655,-0.10311403,0.03052182,-0.05722300,-0.06787823
1.630000,0.70569587,-0.09673134,1.29547310,0.09139219,1.57130406,0.72672030,-0.11211052,-0.03733994,-0.15063378,0.03754764,-0.08084628,-0.10711613,-0.06661877,-0.02538223,-0.09869049,0.02959073,-0.05491601,-0.06453902
1.640000,0.70457150,-0.09710599,1.29396191,0.09176913,1.57049289,0.72564596,-0.11275871,-0.03758830,-0.15159802,0.03783873,-0.08138360,-0.10774447,-0.06300517,-0.02428418,-0.09413657,0.02861946,-0.05253605,-0.06111577
1.650000,0.70344082,-0.09748307,1.29244130,0.09214893,1.56967646,0.72456552,-0.11337037,-0.03782553,-0.15251612,0.03811991,-0.08189678,-0.10833820,-0.05931460,-0.02315527,-0.08946418,0.02761049,-0.05008932,-0.05761752
1.660000,0.70230421,-0.09786246,1.29091174,0.09253149,1.56885503,0.72347932,-0.11394478,-0.03805132,-0.15338695,0.03839082,-0.08238518,-0.10889660,-0.05555664,-0.02199836,-0.08468524,0.02656626,-0.04758202,-0.05405334
1.670000,0.70116205,-0.09824406,1.28937372,0.09291671,1.56802885,0.72238771,-0.11448131,-0.03826541,-0.15420951,0.03865112,-0.08284824,-0.10941907,-0.05174088,-0.02081631,-0.07981170,0.02548924,-0.04502034,-0.05043230
1.680000,0.70001472,-0.09862773,1.28782772,0.09330448,1.56719815,0.72129106,-0.11497944,-0.03846757,-0.15498291,0.03890050,-0.08328543,-0.10990509,-0.04787689,-0.01961199,-0.07485546,0.02438188,-0.04241049,-0.04676345
1.690000,0.69886259,-0.09901337,1.28627423,0.09369468,1.56636322,0.72018973,-0.11543872,-0.03865758,-0.15570638,0.03913867,-0.08369631,-0.11035421,-0.04397426,-0.01838825,-0.06982847,0.02324664,-0.03975867,-0.04305586
1.700000,0.69770607,-0.09940084,1.28471376,0.09408721,1.56552432,0.71908410,-0.11585882,-0.03883528,-0.15637928,0.03936535,-0.08408048,-0.11076611,-0.04004256,-0.01714795,-0.06474264,0.02208598,-0.03707107,-0.03931860
1.710000,0.69654555,-0.09979003,1.28314681,0.09448195,1.56468170,0.71797453,-0.11623951,-0.03900050,-0.15700108,0.03958031,-0.08443763,-0.11114052,-0.03609139,-0.01589397,-0.05960991,0.02090236,-0.03435390,-0.03556072
1.720000,0.69538141,-0.10018081,1.28157391,0.09487878,1.56383566,0.71686141,-0.11658062,-0.03915312,-0.15757136,0.03978333,-0.08476748,-0.11147728,-0.03213031,-0.01462915,-0.05444219,0.01969823,-0.03161336,-0.03179128
1.730000,0.69421407,-0.10057305,1.27999556,0.09527758,1.56298645,0.71574511,-0.11688211,-0.03929305,-0.15808984,0.03997421,-0.08506984,-0.11177633,-0.02816892,-0.01335637,-0.04925143,0.01847605,-0.02885565,-0.02801936
1.740000,0.69304390,-0.10096663,1.27841228,0.09567822,1.56213435,0.71462601,-0.11714403,-0.03942023,-0.15855635,0.04015280,-0.08534456,-0.11203769,-0.02421679,-0.01207848,-0.04404953,0.01723828,-0.02608696,-0.02425401
1.750000,0.69187132,-0.10136141,1.27682460,0.09608059,1.56127965,0.71350449,-0.11736651,-0.03953462,-0.15897084,0.04031894,-0.08559156,-0.11226147,-0.02028350,-0.01079834,-0.03884843,0.01598739,-0.02331350,-0.02050430
1.760000,0.69069670,-0.10175728,1.27523304,0.09648456,1.56042261,0.71238091,-0.11754979,-0.03963620,-0.15933336,0.04047251,-0.08581083,-0.11244786,-0.01637864,-0.00951881,-0.03366006,0.01472582,-0.02054147,-0.01677928
1.770000,0.68952045,-0.10215409,1.27363811,0.09689000,1.55956352,0.71125565,-0.11769421,-0.03972500,-0.15964412,0.04061343,-0.08600242,-0.11259716,-0.01251179,-0.00824277,-0.02849634,0.01345603,-0.01777707,-0.01308803
1.780000,0.68834295,-0.10255173,1.27204033,0.09729679,1.55870266,0.71012909,-0.11780019,-0.03980108,-0.15990341,0.04074161,-0.08616642,-0.11270976,-0.00869252,-0.00697306,-0.02336920,0.01218049,-0.01502649,-0.00943960
1.790000,0.68716457,-0.10295007,1.27044021,0.09770479,1.55784029,0.70900158,-0.11786825,-0.03986450,-0.16011167,0.04085702,-0.08630301,-0.11278613,-0.00493042,-0.00571255,-0.01829057,0.01090165,-0.01229595,-0.00584306
1.800000,0.68598571,-0.10334898,1.26883826,0.09811388,1.55697669,0.70787348,-0.11789902,-0.03991537,-0.16026943,0.04095964,-0.08641243,-0.11282683,-0.00123507,-0.00446410,-0.01327236,0.00962197,-0.00959162,-0.00230746
1.810000,0.68480672,-0.10374834,1.26723499,0.09852394,1.55611213,0.70674516,-0.11789321,-0.03995383,-0.16037735,0.04104947,-0.08649495,-0.11283251,0.00238394,-0.00323057,-0.00832652,0.00834390,-0.00691973,0.00115812
1.820000,0.68362796,-0.10414802,1.26563088,0.09893483,1.55524688,0.70561695,-0.11785163,-0.03998004,-0.16043624,0.04112653,-0.08655095,-0.11280393,0.00591705,-0.00201483,-0.00346496,0.00706991,-0.00428647,0.00454463
1.830000,0.68244980,-0.10454790,1.26402643,0.09934643,1.55438120,0.70448919,-0.11777518,-0.03999419,-0.16044697,0.04119089,-0.08658083,-0.11274191,0.00935466,-0.00081973,0.00130039,0.00580245,-0.00169803,0.00784300
1.840000,0.68127257,-0.10494786,1.26242210,0.09975861,1.55351534,0.70336222,-0.11766488,-0.03999651,-0.16041059,0.04124261,-0.08658508,-0.11264739,0.01268719,0.00035186,0.00595760,0.00454398,0.00083938,0.01104416
1.850000,0.68009661,-0.10534779,1.26081837,0.10017124,1.55264958,0.70223635,-0.11752182,-0.03998724,-0.16032822,0.04128181,-0.08656424,-0.11252138,0.01590507,0.00149709,0.01049475,0.00329697,0.00331956,0.01413907
1.860000,0.67892224,-0.10574757,1.25921568,0.10058420,1.55178414,0.70111189,-0.11734720,-0.03996667,-0.16020113,0.04130860,-0.08651890,-0.11236500,0.01899871,0.00261308,0.01489990,0.00206385,0.00573632,0.01711865
1.870000,0.67774977,-0.10614709,1.25761449,0.10099737,1.55091928,0.69998914,-0.11714229,-0.03993509,-0.16003070,0.04132314,-0.08644974,-0.11217943,0.02195853,0.00369698,0.01916114,0.00084711,0.00808345,0.01997384
1.880000,0.67657949,-0.10654624,1.25601521,0.10141062,1.55005522,0.69886840,-0.11690850,-0.03989284,-0.15981843,0.04132560,-0.08635749,-0.11196596,0.02477496,0.00474593,0.02326654,-0.00035081,0.01035475,0.02269558
1.890000,0.67541169,-0.10694491,1.25441825,0.10182384,1.54919220,0.69774991,-0.11664730,-0.03984030,-0.15956593,0.04131619,-0.08624292,-0.11172599,0.02743840,0.00575707,0.02720416,-0.00152746,0.01254402,0.02527481
1.900000,0.67424663,-0.10734301,1.25282402,0.10223691,1.54833044,0.69663396,-0.11636028,-0.03977784,-0.15927495,0.04129513,-0.08610690,-0.11146097,0.02993927,0.00672753,0.03096208,-0.00268036,0.01464506,0.02770245
1.910000,0.67308456,-0.10774044,1.25123288,0.10264971,1.54747013,0.69552077,-0.11604909,-0.03970589,-0.15894733,0.04126267,-0.08595033,-0.11117248,0.03226801,0.00765445,0.03452838,-0.00380706,0.01665168,0.02996946
1.920000,0.67192572,-0.10813710,1.24964519,0.10306212,1.54661150,0.69441058,-0.11571552,-0.03962490,-0.15858506,0.04121909,-0.08577420,-0.11086215,0.03441502,0.00853497,0.03789113,-0.00490512,0.01855767,0.03206677
1.930000,0.67077032,-0.10853290,1.24806128,0.10347405,1.54575471,0.69330360,-0.11536143,-0.03953535,-0.15819023,0.04116467,-0.08557954,-0.11053174,0.03637072,0.00936624,0.04103841,-0.00597205,0.02035683,0.03398531
1.940000,0.66961856,-0.10892778,1.24648148,0.10388538,1.54489996,0.69220001,-0.11498877,-0.03943775,-0.15776504,0.04109976,-0.08536744,-0.11018307,0.03812700,0.01014576,0.04395994,-0.00700567,0.02204379,0.03571740
1.950000,0.66847060,-0.10932163,1.24490608,0.10429601,1.54404742,0.69109999,-0.11459955,-0.03933261,-0.15731178,0.04102467,-0.08513903,-0.10981801,0.03968537,0.01087357,0.04665638,-0.00800536,0.02361860,0.03726434
1.960000,0.66732661,-0.10971441,1.24333533,0.10470584,1.54319723,0.69000370,-0.11419571,-0.03922045,-0.15683265,0.04093976,-0.08489543,-0.10943838,0.04105119,0.01155069,0.04913273,-0.00897120,0.02508349,0.03863104
1.970000,0.66618673,-0.11010602,1.24176950,0.10511478,1.54234956,0.68891127,-0.11377915,-0.03910176,-0.15632984,0.04084536,-0.08463772,-0.10904597,0.04222984,0.01217815,0.05139402,-0.00990324,0.02644069,0.03982243
1.980000,0.66505107,-0.11049642,1.24020881,0.10552272,1.54150452,0.68782281,-0.11335172,-0.03897705,-0.15580547,0.04074181,-0.08436697,-0.10864250,0.04322669,0.01275697,0.05344529,-0.01080154,0.02769243,0.04084344
1.990000,0.66391973,-0.11088554,1.23865346,0.10592958,1.54066226,0.68673845,-0.11291520,-0.03884678,-0.15526162,0.04062944,-0.08408422,-0.10822965,0.04404712,0.01328819,0.05529156,-0.01166616,0.02884095,0.04169900
2.000000,0.66279279,-0.11127334,1.23710364,0.10633528,1.53982287,0.68565825,-0.11247135,-0.03871144,-0.15470031,0.04050860,-0.08379049,-0.10780905,0.04469651,0.01377284,0.05693786,-0.01249716,0.02988848,0.04239402
2.010000,0.66167032,-0.11165976,1.23555950,0.10673973,1.53898648,0.68458229,-0.11202183,-0.03857148,-0.15412351,0.04037961,-0.08348678,-0.10738229,0.04518024,0.01421195,0.05838923,-0.01329460,0.03083726,0.04293344
2.020000,0.66055236,-0.11204476,1.23402121,0.10714285,1.53815317,0.68351062,-0.11156827,-0.03842735,-0.15353315,0.04024282,-0.08317407,-0.10695089,0.04550368,0.01460655,0.05965068,-0.01405853,0.03168952,0.04332218
2.030000,0.65943896,-0.11242829,1.23248888,0.10754456,1.53732303,0.68244328,-0.11111227,-0.03827949,-0.15293111,0.04009855,-0.08285330,-0.10651633,0.04567222,0.01495766,0.06072725,-0.01478903,0.03244749,0.04356518
2.040000,0.65833012,-0.11281033,1.23096262,0.10794479,1.53649613,0.68138030,-0.11065533,-0.03812834,-0.15231921,0.03994715,-0.08252542,-0.10608005,0.04569122,0.01526631,0.06162398,-0.01548614,0.03311340,0.04366734
2.050000,0.65722585,-0.11319085,1.22944252,0.10834348,1.53567254,0.68032168,-0.11019892,-0.03797430,-0.15169922,0.03978894,-0.08219133,-0.10564344,0.04556606,0.01553354,0.06234587,-0.01614993,0.03368949,0.04363361
2.060000,0.65612614,-0.11356981,1.22792866,0.10874055,1.53485232,0.67926742,-0.10974447,-0.03781780,-0.15107286,0.03962426,-0.08185192,-0.10520782,0.04530213,0.01576038,0.06289798,-0.01678046,0.03417800,0.04346891
2.070000,0.65503095,-0.11394720,1.22642108,0.10913595,1.53403551,0.67821751,-0.10929333,-0.03765923,-0.15044181,0.03945344,-0.08150806,-0.10477448,0.04490479,0.01594785,0.06328532,-0.01737778,0.03458116,0.04317816
2.080000,0.65394026,-0.11432299,1.22491983,0.10952960,1.53322217,0.67717192,-0.10884680,-0.03749897,-0.14980768,0.03927682,-0.08116058,-0.10434466,0.04437943,0.01609699,0.06351293,-0.01794196,0.03490119,0.04276630
2.090000,0.65285400,-0.11469717,1.22342493,0.10992146,1.53241231,0.67613061,-0.10840615,-0.03733741,-0.14917206,0.03909471,-0.08081030,-0.10391954,0.04373143,0.01620881,0.06358582,-0.01847305,0.03514034,0.04223823
2.100000,0.65177211,-0.11506974,1.22193639,0.11031148,1.53160597,0.67509351,-0.10797256,-0.03717492,-0.14853647,0.03890747,-0.08045803,-0.10350026,0.04296615,0.01628437,0.06350904,-0.01897112,0.03530084,0.04159891
2.110000,0.65069452,-0.11544067,1.22045420,0.11069960,1.53080316,0.67406058,-0.10754720,-0.03701184,-0.14790236,0.03871540,-0.08010454,-0.10308792,0.04208899,0.01632467,0.06328762,-0.01943623,0.03538492,0.04085324
2.120000,0.64962113,-0.11580997,1.21897833,0.11108577,1.53000388,0.67303173,-0.10713114,-0.03684854,-0.14727118,0.03851885,-0.07975058,-0.10268354,0.04110530,0.01633076,0.06292657,-0.01986842,0.03539481,0.04000615
2.130000,0.64855186,-0.11617764,1.21750876,0.11146996,1.52920814,0.67200688,-0.10672543,-0.03668534,-0.14664428,0.03831814,-0.07939689,-0.10228812,0.04002048,0.01630366,0.06243094,-0.02026778,0.03533275,0.03906258
2.140000,0.64748659,-0.11654368,1.21604543,0.11185212,1.52841594,0.67098593,-0.10633105,-0.03652257,-0.14602299,0.03811361,-0.07904416,-0.10190259,0.03883990,0.01624440,0.06180574,-0.02063434,0.03520097,0.03802745
2.150000,0.64642520,-0.11690810,1.21458828,0.11223222,1.52762725,0.66996879,-0.10594893,-0.03636055,-0.14540858,0.03790557,-0.07869309,-0.10152786,0.03756894,0.01615401,0.06105601,-0.02096818,0.03500171,0.03690568
2.160000,0.64536757,-0.11727089,1.21313723,0.11261022,1.52684207,0.66895534,-0.10557995,-0.03619959,-0.14480227,0.03769435,-0.07834434,-0.10116475,0.03621297,0.01603352,0.06018678,-0.02126935,0.03473720,0.03570220
2.170000,0.64431355,-0.11763209,1.21169220,0.11298610,1.52606036,0.66794545,-0.10522494,-0.03603998,-0.14420523,0.03748029,-0.07799856,-0.10081407,0.03477737,0.01588396,0.05920307,-0.02153791,0.03440967,0.03442194
2.180000,0.64326302,-0.11799170,1.21025309,0.11335982,1.52528209,0.66693901,-0.10488465,-0.03588201,-0.14361857,0.03726370,-0.07765635,-0.10047655,0.03326751,0.01570636,0.05810992,-0.02177392,0.03402136,0.03306983
2.190000,0.64221581,-0.11834974,1.20881979,0.11373136,1.52450722,0.66593588,-0.10455982,-0.03572594,-0.14304338,0.03704492,-0.07731833,-0.10015289,0.03168879,0.01550175,0.05691235,-0.02197745,0.03357450,0.03165078
2.200000,0.64117177,-0.11870623,1.20739218,0.11410071,1.52373570,0.66493590,-0.10425109,-0.03557206,-0.14248066,0.03682426,-0.07698505,-0.09984374,0.03004656,0.01527116,0.05561540,-0.02214854,0.03307133,0.03016973
2.210000,0.64013073,-0.11906119,1.20597013,0.11446784,1.52296750,0.66393895,-0.10395908,-0.03542060,-0.14193138,0.03660205,-0.07665708,-0.09954969,0.02834621,0.01501562,0.05422409,-0.02228727,0.03251407,0.02863160
2.220000,0.63909253,-0.11941465,1.20455351,0.11483275,1.52220254,0.66294486,-0.10368434,-0.03527182,-0.14139647,0.03637862,-0.07633494,-0.09927128,0.02659312,0.01473616,0.05274345,-0.02239368,0.03190496,0.02704132
2.230000,0.63805698,-0.11976663,1.20314215,0.11519541,1.52144078,0.66195347,-0.10342737,-0.03512596,-0.14087680,0.03615429,-0.07601915,-0.09900902,0.02479267,0.01443380,0.05117852,-0.02246785,0.03124623,0.02540381
2.240000,0.63702392,-0.12011718,1.20173592,0.11555583,1.52068214,0.66096462,-0.10318863,-0.03498322,-0.14037317,0.03592937,-0.07571018,-0.09876335,0.02295022,0.01410958,0.04953431,-0.02250982,0.03054013,0.02372401
2.250000,0.63599315,-0.12046631,1.20033463,0.11591400,1.51992655,0.65997815,-0.10296849,-0.03484383,-0.13988636,0.03570420,-0.07540849,-0.09853467,0.02107116,0.01376453,0.04781586,-0.02251966,0.02978887,0.02200683
2.260000,0.63496449,-0.12081406,1.19893813,0.11626992,1.51917394,0.65899387,-0.10276731,-0.03470800,-0.13941708,0.03547909,-0.07511454,-0.09832332,0.01916087,0.01339967,0.04602820,-0.02249743,0.02899471,0.02025721
2.270000,0.63393774,-0.12116048,1.19754623,0.11662358,1.51842423,0.65801162,-0.10258536,-0.03457590,-0.13896601,0.03525436,-0.07482873,-0.09812961,0.01722472,0.01301604,0.04417635,-0.02244319,0.02815986,0.01848006
2.280000,0.63291271,-0.12150560,1.19615875,0.11697501,1.51767734,0.65703122,-0.10242288,-0.03444773,-0.13853375,0.03503033,-0.07455147,-0.09795379,0.01526808,0.01261467,0.04226536,-0.02235699,0.02728656,0.01668033
2.290000,0.63188922,-0.12184945,1.19477549,0.11732419,1.51693317,0.65605249,-0.10228005,-0.03432367,-0.13812088,0.03480732,-0.07428312,-0.09779607,0.01329635,0.01219658,0.04030023,-0.02223891,0.02637705,0.01486292
2.300000,0.63086705,-0.12219208,1.19339627,0.11767116,1.51619164,0.65507524,-0.10215699,-0.03420386,-0.13772791,0.03458566,-0.07402404,-0.09765658,0.01131489,0.01176280,0.03828601,-0.02208898,0.02543356,0.01303278
2.310000,0.62984601,-0.12253354,1.19202087,0.11801591,1.51545266,0.65409929,-0.10205377,-0.03408846,-0.13735531,0.03436565,-0.07377456,-0.09753544,0.00932907,0.01131437,0.03622773,-0.02190728,0.02445833,0.01119482
2.320000,0.62882591,-0.12287387,1.19064909,0.11835848,1.51471612,0.65312447,-0.10197040,-0.03397761,-0.13700349,0.03414762,-0.07353498,-0.09743269,0.00734429,0.01085231,0.03413041,-0.02169387,0.02345358,0.00935397
2.330000,0.62780654,-0.12321311,1.18928073,0.11869887,1.51398193,0.65215058,-0.10190686,-0.03387145,-0.13667281,0.03393188,-0.07330558,-0.09734835,0.00536591,0.01037766,0.03199907,-0.02144880,0.02242155,0.00751516
2.340000,0.62678770,-0.12355131,1.18791556,0.11903712,1.51324997,0.65117744,-0.10186305,-0.03377010,-0.13636360,0.03371875,-0.07308663,-0.09728237,0.00339932,0.00989144,0.02983876,-0.02117214,0.02136448,0.00568331
2.350000,0.62576921,-0.12388853,1.18655338,0.11937326,1.51252016,0.65020487,-0.10183882,-0.03367366,-0.13607612,0.03350854,-0.07287836,-0.09723464,0.00144988,0.00939468,0.02765450,-0.02086394,0.02028459,0.00386335
2.360000,0.62475086,-0.12422480,1.18519397,0.11970730,1.51179237,0.64923269,-0.10183397,-0.03358224,-0.13581057,0.03330157,-0.07268100,-0.09720504,-0.00047702,0.00888841,0.02545132,-0.02052427,0.01918413,0.00206021
2.370000,0.62373247,-0.12456019,1.18383710,0.12003930,1.51106650,0.64826071,-0.10184826,-0.03349592,-0.13556714,0.03309816,-0.07249474,-0.09719337,-0.00237601,0.00837366,0.02323425,-0.02015317,0.01806532,0.00027881
2.380000,0.62271383,-0.12489474,1.18248255,0.12036928,1.51034244,0.64728876,-0.10188138,-0.03341479,-0.13534592,0.03289861,-0.07231975,-0.09719938,-0.00424171,0.00785147,0.02100831,-0.01975072,0.01693040,-0.00147591
2.390000,0.62169478,-0.12522850,1.18113010,0.12069729,1.50962007,0.64631666,-0.10193297,-0.03333891,-0.13514698,0.03270325,-0.07215618,-0.09722278,-0.00606874,0.00732285,0.01877854,-0.01931698,0.01578161,-0.00319905
2.400000,0.62067512,-0.12556153,1.17977954,0.12102336,1.50889928,0.64534425,-0.10200261,-0.03326835,-0.13497034,0.03251238,-0.07200416,-0.09726324,-0.00785172,0.00678885,0.01654996,-0.01885199,0.01462117,-0.00488566
2.410000,0.61965467,-0.12589389,1.17843062,0.12134755,1.50817995,0.64437134,-0.10208984,-0.03320315,-0.13481596,0.03232631,-0.07186379,-0.09732036,-0.00958528,0.00625048,0.01432761,-0.01835583,0.01345132,-0.00653082
2.420000,0.61863326,-0.12622562,1.17708314,0.12166990,1.50746196,0.64339779,-0.10219413,-0.03314335,-0.13468375,0.03214537,-0.07173516,-0.09739370,-0.01126404,0.00570879,0.01211651,-0.01782854,0.01227429,-0.00812961
2.430000,0.61761073,-0.12655677,1.17573687,0.12199048,1.50674520,0.64242342,-0.10231492,-0.03308898,-0.13457358,0.03196985,-0.07161832,-0.09748278,-0.01288263,0.00516479,0.00992169,-0.01727020,0.01109232,-0.00967710
2.440000,0.61658691,-0.12688741,1.17439160,0.12230932,1.50602956,0.64144808,-0.10245157,-0.03304006,-0.13448525,0.03180006,-0.07151332,-0.09758705,-0.01443566,0.00461952,0.00774818,-0.01668085,0.00990764,-0.01116836
2.450000,0.61556165,-0.12721759,1.17304710,0.12262650,1.50531490,0.64047163,-0.10260339,-0.03299659,-0.13441853,0.03163633,-0.07142017,-0.09770594,-0.01591776,0.00407401,0.00560102,-0.01606057,0.00872249,-0.01259846
2.460000,0.61453479,-0.12754736,1.17170316,0.12294207,1.50460111,0.63949391,-0.10276967,-0.03295858,-0.13437312,0.03147896,-0.07133886,-0.09783880,-0.01732355,0.00352929,0.00348522,-0.01540941,0.00753909,-0.01396249
2.470000,0.61350621,-0.12787678,1.17035956,0.12325610,1.50388808,0.63851481,-0.10294959,-0.03292600,-0.13434870,0.03132825,-0.07126937,-0.09798495,-0.01864766,0.00298639,0.00140583,-0.01472742,0.00635969,-0.01525551
2.480000,0.61247576,-0.12820590,1.16901611,0.12356866,1.50317569,0.63753417,-0.10314233,-0.03289884,-0.13434487,0.03118451,-0.07121165,-0.09814366,-0.01988471,0.00244633,-0.00063214,-0.01401467,0.00518651,-0.01647260
2.490000,0.61144332,-0.12853478,1.16767260,0.12387981,1.50246381,0.63655189,-0.10334698,-0.03287706,-0.13436119,0.03104806,-0.07116562,-0.09831414,-0.02102931,0.00191015,-0.00262366,-0.01327122,0.00402179,-0.01760884
2.500000,0.61040878,-0.12886346,1.16632882,0.12418964,1.50175233,0.63556785,-0.10356259,-0.03286062,-0.13439717,0.03091919,-0.07113118,-0.09849555,-0.02207610,0.00137887,-0.00456368,-0.01249713,0.00286776,-0.01865928
2.510000,0.60937204,-0.12919201,1.16498459,0.12449822,1.50104115,0.63458195,-0.10378816,-0.03284946,-0.13445227,0.03079821,-0.07110822,-0.09868702,-0.02301970,0.00085353,-0.00644720,-0.01169245,0.00172666,-0.01961902
2.520000,0.60833299,-0.12952047,1.16363972,0.12480563,1.50033013,0.63359408,-0.10402262,-0.03284353,-0.13452591,0.03068544,-0.07109659,-0.09888761,-0.02385472,0.00033515,-0.00826916,-0.01085725,0.00060071,-0.02048312
2.530000,0.60729156,-0.12984889,1.16229402,0.12511196,1.49961918,0.63260417,-0.10426487,-0.03284273,-0.13461744,0.03058117,-0.07109614,-0.09909635,-0.02457580,-0.00017523,-0.01002456,-0.00999159,-0.00050784,-0.02124665
2.540000,0.60624767,-0.13017734,1.16094731,0.12541729,1.49890817,0.63161213,-0.10451374,-0.03284700,-0.13472616,0.03048571,-0.07110668,-0.09931219,-0.02517755,-0.00067659,-0.01170835,-0.00909552,-0.00159676,-0.02190470
2.550000,0.60520127,-0.13050585,1.15959944,0.12572170,1.49819701,0.63061791,-0.10476801,-0.03285623,-0.13485135,0.03039936,-0.07112801,-0.09953407,-0.02565460,-0.00116789,-0.01331551,-0.00816910,-0.00266382,-0.02245233
2.560000,0.60415230,-0.13083448,1.15825023,0.12602531,1.49748558,0.62962144,-0.10502640,-0.03287032,-0.13499220,0.03032243,-0.07115988,-0.09976085,-0.02600157,-0.00164811,-0.01484102,-0.00721240,-0.00370679,-0.02288461
2.570000,0.60310073,-0.13116327,1.15689954,0.12632819,1.49677378,0.62862268,-0.10528759,-0.03288915,-0.13514788,0.03025521,-0.07120205,-0.09999136,-0.02621309,-0.00211622,-0.01627983,-0.00622548,-0.00472343,-0.02319663
2.580000,0.60204654,-0.13149228,1.15554723,0.12663044,1.49606150,0.62762160,-0.10555019,-0.03291260,-0.13531749,0.03019802,-0.07125425,-0.10022437,-0.02628393,-0.00257120,-0.01762703,-0.00520842,-0.00571154,-0.02338360
2.590000,0.60098973,-0.13182154,1.15419315,0.12693218,1.49534866,0.62661819,-0.10581280,-0.03294053,-0.13550011,0.03015114,-0.07131619,-0.10045862,-0.02621360,-0.00301251,-0.01888085,-0.00416227,-0.00666994,-0.02344493
2.600000,0.59993029,-0.13215110,1.15283719,0.12723350,1.49463515,0.62561243,-0.10607401,-0.03297281,-0.13569480,0.03011486,-0.07138755,-0.10069286,-0.02600696,-0.00344014,-0.02004310,-0.00308916,-0.00759860,-0.02338484
2.610000,0.59886825,-0.13248101,1.15147922,0.12753451,1.49392088,0.62460433,-0.10633250,-0.03300929,-0.13590067,0.03008944,-0.07146806,-0.10092592,-0.02566916,-0.00385411,-0.02111578,-0.00199127,-0.00849753,-0.02320777
2.620000,0.59780365,-0.13281130,1.15011914,0.12783533,1.49320576,0.62359392,-0.10658697,-0.03304984,-0.13611683,0.03007511,-0.07155741,-0.10115664,-0.02520535,-0.00425444,-0.02210090,-0.00087077,-0.00936676,-0.02291818
2.630000,0.59673653,-0.13314202,1.14875685,0.12813605,1.49248970,0.62258121,-0.10683620,-0.03309433,-0.13634240,0.03007210,-0.07165530,-0.10138393,-0.02462068,-0.00464115,-0.02300045,0.00027013,-0.01020633,-0.02252053
2.640000,0.59566695,-0.13347320,1.14739226,0.12843681,1.49177262,0.62156625,-0.10707900,-0.03314262,-0.13657656,0.03008058,-0.07176143,-0.10160671,-0.02392030,-0.00501425,-0.02381645,0.00142927,-0.01101625,-0.02201927
2.650000,0.59459498,-0.13380488,1.14602529,0.12873770,1.49105445,0.62054909,-0.10731424,-0.03319457,-0.13681846,0.03010073,-0.07187552,-0.10182398,-0.02310936,-0.00537376,-0.02455089,0.00260445,-0.01179656,-0.02141885
2.660000,0.59352069,-0.13413711,1.14465587,0.12903886,1.49033509,0.61952980,-0.10754084,-0.03325005,-0.13706731,0.03013271,-0.07199727,-0.10203477,-0.02219300,-0.00571971,-0.02520578,0.00379350,-0.01254728,-0.02072374
2.670000,0.59244419,-0.13446990,1.14328393,0.12934040,1.48961448,0.61850842,-0.10775776,-0.03330892,-0.13732232,0.03017664,-0.07212637,-0.10223815,-0.02117639,-0.00605210,-0.02578312,0.00499422,-0.01326843,-0.01993839
2.680000,0.59136557,-0.13480329,1.14190940,0.12964243,1.48889254,0.61748506,-0.10796405,-0.03337105,-0.13758272,0.03023263,-0.07226254,-0.10243325,-0.02006467,-0.00637097,-0.02628492,0.00620445,-0.01396005,-0.01906726
2.690000,0.59028495,-0.13513733,1.14053226,0.12994509,1.48816920,0.61645979,-0.10815876,-0.03343630,-0.13784777,0.03030076,-0.07240547,-0.10261923,-0.01886299,-0.00667633,-0.02671317,0.00742198,-0.01462216,-0.01811479
2.700000,0.58920244,-0.13547203,1.13915244,0.13024849,1.48744441,0.61543271,-0.10834102,-0.03350453,-0.13811675,0.03038109,-0.07255488,-0.10279529,-0.01757650,-0.00696820,-0.02706988,0.00864465,-0.01525479,-0.01708546
2.710000,0.58811817,-0.13580743,1.13776991,0.13055275,1.48671808,0.61440392,-0.10851002,-0.03357562,-0.13838894,0.03047366,-0.07271047,-0.10296070,-0.01621034,-0.00724659,-0.02735705,0.00987026,-0.01585796,-0.01598370
2.720000,0.58703229,-0.13614355,1.13638465,0.13085800,1.48599018,0.61337353,-0.10866498,-0.03364942,-0.13866366,0.03057849,-0.07287194,-0.10311474,-0.01476968,-0.00751153,-0.02757669,0.01109663,-0.01643169,-0.01481399
2.730000,0.58594492,-0.13648043,1.13499663,0.13116436,1.48526063,0.61234166,-0.10880518,-0.03372580,-0.13894025,0.03069559,-0.07303901,-0.10325676,-0.01325966,-0.00776303,-0.02773080,0.01232158,-0.01697603,-0.01358077
2.740000,0.58485623,-0.13681808,1.13360584,0.13147196,1.48452938,0.61130844,-0.10892996,-0.03380463,-0.13921807,0.03082491,-0.07321136,-0.10338616,-0.01168542,-0.00800112,-0.02782138,0.01354293,-0.01749098,-0.01228850
2.750000,0.58376638,-0.13715653,1.13221227,0.13178090,1.48379638,0.61027399,-0.10903870,-0.03388578,-0.13949648,0.03096643,-0.07338873,-0.10350235,-0.01005213,-0.00822581,-0.02785044,0.01475849,-0.01797659,-0.01094164
2.760000,0.58267552,-0.13749580,1.13081591,0.13209133,1.48306159,0.60923844,-0.10913082,-0.03396910,-0.13977488,0.03112006,-0.07357080,-0.10360482,-0.00836493,-0.00843712,-0.02781998,0.01596607,-0.01843287,-0.00954463
2.770000,0.58158382,-0.13783591,1.12941677,0.13240334,1.48232495,0.60820194,-0.10920583,-0.03405448,-0.14005268,0.03128571,-0.07375729,-0.10369309,-0.00662896,-0.00863507,-0.02773199,0.01716350,-0.01885986,-0.00810195
2.780000,0.58049146,-0.13817689,1.12801486,0.13271708,1.48158643,0.60716462,-0.10926326,-0.03414176,-0.14032933,0.03146329,-0.07394790,-0.10376673,-0.00484939,-0.00881967,-0.02758850,0.01834859,-0.01925757,-0.00661804
2.790000,0.57939861,-0.13851876,1.12661019,0.13303265,1.48084598,0.60612665,-0.10930269,-0.03423083,-0.14060427,0.03165264,-0.07414234,-0.10382533,-0.00303135,-0.00899096,-0.02739149,0.01951916,-0.01962604,-0.00509736
2.800000,0.57830547,-0.13886152,1.12520278,0.13335017,1.48010357,0.60508817,-0.10932377,-0.03432154,-0.14087699,0.03185361,-0.07434032,-0.10386857,-0.00118001,-0.00914894,-0.02714297,0.02067302,-0.01996529,-0.00354437
2.810000,0.57721220,-0.13920519,1.12379266,0.13366976,1.47935916,0.60404933,-0.10932620,-0.03441376,-0.14114697,0.03206603,-0.07454155,-0.10389613,0.00069950,-0.00929364,-0.02684494,0.02180800,-0.02027534,-0.00196352
2.820000,0.57611900,-0.13954980,1.12237985,0.13399153,1.47861273,0.60301030,-0.10930971,-0.03450736,-0.14141373,0.03228970,-0.07474573,-0.10390776,0.00260202,-0.00942507,-0.02649941,0.02292190,-0.02055624,-0.00035927
2.830000,0.57502607,-0.13989534,1.12096440,0.13431559,1.47786424,0.60197123,-0.10927410,-0.03460222,-0.14167681,0.03252440,-0.07495258,-0.10390325,0.00452239,-0.00954325,-0.02610839,0.02401254,-0.02080799,0.00126393
2.840000,0.57393359,-0.14024184,1.11954633,0.13464205,1.47711367,0.60093229,-0.10921922,-0.03469819,-0.14193575,0.03276987,-0.07516179,-0.10388243,0.00645548,-0.00964821,-0.02567386,0.02507774,-0.02103063,0.00290163
2.850000,0.57284175,-0.14058931,1.11812570,0.13497102,1.47636100,0.59989364,-0.10914496,-0.03479514,-0.14219014,0.03302586,-0.07537309,-0.10384518,0.00839613,-0.00973995,-0.02519784,0.02611532,-0.02122419,0.00454935
2.860000,0.57175075,-0.14093775,1.11670255,0.13530260,1.47560620,0.59885544,-0.10905129,-0.03489294,-0.14243958,0.03329208,-0.07558618,-0.10379142,0.01033918,-0.00981850,-0.02468234,0.02712309,-0.02138868,0.00620266
2.870000,0.57066079,-0.14128717,1.11527692,0.13563690,1.47484927,0.59781786,-0.10893819,-0.03499146,-0.14268367,0.03356821,-0.07580077,-0.10372113,0.01227950,-0.00988389,-0.02412934,0.02809887,-0.02152415,0.00785709
2.880000,0.56957205,-0.14163758,1.11384889,0.13597400,1.47409018,0.59678107,-0.10880572,-0.03509057,-0.14292205,0.03385394,-0.07601657,-0.10363429,0.01421193,-0.00993611,-0.02354086,0.02904047,-0.02163061,0.00950818
2.890000,0.56848474,-0.14198898,1.11241850,0.13631401,1.47332893,0.59574523,-0.10865399,-0.03519014,-0.14315437,0.03414890,-0.07623329,-0.10353099,0.01613132,-0.00997521,-0.02291890,0.02994572,-0.02170808,0.01115149
2.900000,0.56739904,-0.14234139,1.11098582,0.13665701,1.47256552,0.59471051,-0.10848316,-0.03529003,-0.14338032,0.03445273,-0.07645063,-0.10341131,0.01803252,-0.01000119,-0.02226546,0.03081243,-0.02175661,0.01278255
2.910000,0.56631514,-0.14269479,1.10955092,0.13700309,1.47179992,0.59367706,-0.10829342,-0.03539012,-0.14359958,0.03476501,-0.07666832,-0.10327539,0.01991038,-0.01001407,-0.02158255,0.03163841,-0.02177621,0.01439692
2.920000,0.56523323,-0.14304919,1.10811386,0.13735234,1.47103215,0.59264505,-0.10808504,-0.03549027,-0.14381188,0.03508535,-0.07688606,-0.10312344,0.02175975,-0.01001387,-0.02087216,0.03242148,-0.02176690,0.01599012
2.930000,0.56415350,-0.14340459,1.10667471,0.13770482,1.47026220,0.59161465,-0.10785834,-0.03559036,-0.14401694,0.03541329,-0.07710356,-0.10295568,0.02357548,-0.01000062,-0.02013631,0.03315946,-0.02172873,0.01755772
2.940000,0.56307612,-0.14376099,1.10523354,0.13806063,1.46949008,0.59058599,-0.10761366,-0.03569024,-0.14421453,0.03574838,-0.07732054,-0.10277238,0.02535242,-0.00997432,-0.01937699,0.03385016,-0.02166171,0.01909525
2.950000,0.56200128,-0.14411839,1.10379044,0.13841981,1.46871579,0.58955925,-0.10735144,-0.03578980,-0.14440441,0.03609013,-0.07753670,-0.10257389,0.02708542,-0.00993500,-0.01859620,0.03449141,-0.02156586,0.02059825
2.960000,0.56092915,-0.14447679,1.10234548,0.13878245,1.46793935,0.58853456,-0.10707212,-0.03588890,-0.14458639,0.03643804,-0.07775176,-0.10236055,0.02876933,-0.00988268,-0.01779596,0.03508101,-0.02144122,0.02206228
2.970000,0.55985990,-0.14483617,1.10089874,0.13914859,1.46716076,0.58751209,-0.10677623,-0.03598741,-0.14476027,0.03679157,-0.07796543,-0.10213278,0.03039901,-0.00981738,-0.01697826,0.03561678,-0.02128782,0.02348286
2.980000,0.55879368,-0.14519653,1.09945030,0.13951830,1.46638005,0.58649195,-0.10646434,-0.03608520,-0.14492590,0.03715019,-0.07817742,-0.10189105,0.03196929,-0.00973911,-0.01614511,0.03609655,-0.02110567,0.02485556
2.990000,0.55773066,-0.14555787,1.09800025,0.13989161,1.46559722,0.58547431,-0.10613706,-0.03618215,-0.14508313,0.03751331,-0.07838745,-0.10163585,0.03347503,-0.00964789,-0.01529851,0.03651812,-0.02089481,0.02617591
3.000000,0.55667099,-0.14592017,1.09654867,0.14026858,1.46481230,0.58445928,-0.10579507,-0.03627812,-0.14523183,0.03788035,-0.07859522,-0.10136772,0.03491109,-0.00954375,-0.01444046,0.03687931,-0.02065526,0.02743946
3.010000,0.55561481,-0.14628343,1.09509564,0.14064923,1.46402532,0.58344700,-0.10543909,-0.03637298,-0.14537191,0.03825069,-0.07880046,-0.10108726,0.03627230,-0.00942669,-0.01357297,0.03717795,-0.02038705,0.02864175
3.020000,0.55456225,-0.14664763,1.09364126,0.14103360,1.46323631,0.58243757,-0.10506989,-0.03646661,-0.14550327,0.03862369,-0.07900287,-0.10079511,0.03755352,-0.00929675,-0.01269803,0.03741184,-0.02009020,0.02977832
3.030000,0.55351345,-0.14701276,1.09218561,0.14142171,1.46244528,0.58143113,-0.10468830,-0.03655887,-0.14562585,0.03899870,-0.07920217,-0.10049193,0.03874961,-0.00915394,-0.01181766,0.03757880,-0.01976475,0.03084473
3.040000,0.55246852,-0.14737880,1.09072877,0.14181358,1.46165227,0.58042777,-0.10429520,-0.03664964,-0.14573961,0.03937504,-0.07939807,-0.10017846,0.03985540,-0.00899827,-0.01093385,0.03767665,-0.01941071,0.03183650
3.050000,0.55142758,-0.14774575,1.08927084,0.14220921,1.46085733,0.57942759,-0.10389151,-0.03673879,-0.14584452,0.03975200,-0.07959028,-0.09985546,0.04086576,-0.00882977,-0.01004861,0.03770321,-0.01902812,0.03274920
3.060000,0.55039073,-0.14811357,1.08781191,0.14260862,1.46006048,0.57843069,-0.10347822,-0.03682620,-0.14594058,0.04012886,-0.07977853,-0.09952375,0.04177553,-0.00864846,-0.00916395,0.03765628,-0.01861700,0.03357836
3.070000,0.54935805,-0.14848226,1.08635206,0.14301179,1.45926177,0.57743714,-0.10305635,-0.03691172,-0.14602781,0.04050487,-0.07996253,-0.09918419,0.04257955,-0.00845435,-0.00828185,0.03753370,-0.01817738,0.03431952
3.080000,0.54832962,-0.14885180,1.08489138,0.14341871,1.45846125,0.57644703,-0.10262700,-0.03699524,-0.14610623,0.04087927,-0.08014199,-0.09883767,0.04327269,-0.00824746,-0.00740434,0.03733327,-0.01770928,0.03496823
3.090000,0.54730553,-0.14922216,1.08342997,0.14382936,1.45765895,0.57546041,-0.10219129,-0.03707663,-0.14617592,0.04125127,-0.08031662,-0.09848515,0.04384979,-0.00802781,-0.00653341,0.03705281,-0.01721273,0.03552004
3.100000,0.54628581,-0.14959332,1.08196789,0.14424372,1.45685493,0.57447734,-0.10175041,-0.03715575,-0.14623693,0.04162005,-0.08048615,-0.09812761,0.04430570,-0.00779543,-0.00567106,0.03669014,-0.01668775,0.03597049
3.110000,0.54527053,-0.14996527,1.08050526,0.14466175,1.45604924,0.57349787,-0.10130559,-0.03723249,-0.14628937,0.04198479,-0.08065028,-0.09776609,0.04463527,-0.00755032,-0.00481929,0.03624307,-0.01613439,0.03631511
3.120000,0.54425971,-0.15033797,1.07904214,0.14508340,1.45524194,0.57252203,-0.10085814,-0.03730672,-0.14633336,0.04234463,-0.08080874,-0.09740167,0.04483335,-0.00729252,-0.00398012,0.03570943,-0.01555265,0.03654947
3.130000,0.54325337,-0.15071139,1.07757862,0.14550862,1.45443309,0.57154984,-0.10040938,-0.03737830,-0.14636902,0.04269868,-0.08096124,-0.09703548,0.04489479,-0.00702202,-0.00315554,0.03508702,-0.01494256,0.03666910
3.140000,0.54225152,-0.15108552,1.07611478,0.14593735,1.45362274,0.57058132,-0.09996072,-0.03744712,-0.14639652,0.04304606,-0.08110750,-0.09666869,0.04481444,-0.00673887,-0.00234755,0.03437366,-0.01430417,0.03666954
3.150000,0.54125415,-0.15146033,1.07465071,0.14636952,1.45281096,0.56961647,-0.09951358,-0.03751304,-0.14641604,0.04338585,-0.08124723,-0.09630251,0.04458715,-0.00644307,-0.00155817,0.03356718,-0.01363748,0.03654634
3.160000,0.54026124,-0.15183577,1.07318649,0.14680504,1.45199782,0.56865527,-0.09906948,-0.03757594,-0.14642776,0.04371709,-0.08138015,-0.09593819,0.04420777,-0.00613464,-0.00078939,0.03266537,-0.01294252,0.03629504
3.170000,0.53927275,-0.15221183,1.07172218,0.14724383,1.45118338,0.56769769,-0.09862995,-0.03763569,-0.14643190,0.04403883,-0.08150598,-0.09557705,0.04367115,-0.00581361,-0.00004321,0.03166608,-0.01221933,0.03591119
3.180000,0.53828862,-0.15258848,1.07025787,0.14768578,1.45036772,0.56674371,-0.09819660,-0.03769217,-0.14642870,0.04435008,-0.08162444,-0.09522042,0.04297214,-0.00547998,0.00067836,0.03056710,-0.01146793,0.03539033
3.190000,0.53730879,-0.15296567,1.06879363,0.14813079,1.44955092,0.56579327,-0.09777107,-0.03774525,-0.14641842,0.04464983,-0.08173525,-0.09486971,0.04210560,-0.00513379,0.00137331,0.02936626,-0.01068834,0.03472801
3.200000,0.53633317,-0.15334337,1.06732953,0.14857874,1.44873304,0.56484629,-0.09735506,-0.03779480,-0.14640133,0.04493706,-0.08183812,-0.09452635,0.04106636,-0.00477505,0.00203965,0.02806137,-0.00988060,0.03391977
3.210000,0.53536165,-0.15372155,1.06586563,0.14902949,1.44791418,0.56390271,-0.09695033,-0.03784071,-0.14637773,0.04521070,-0.08193277,-0.09419182,0.03984928,-0.00440377,0.00267538,0.02665024,-0.00904472,0.03296115
3.220000,0.53439412,-0.15410017,1.06440199,0.14948290,1.44709442,0.56296242,-0.09655869,-0.03788283,-0.14634793,0.04546970,-0.08201892,-0.09386764,0.03844922,-0.00401998,0.00327848,0.02513071,-0.00818074,0.03184770
3.230000,0.53343043,-0.15447919,1.06293869,0.14993883,1.44627383,0.56202532,-0.09618197,-0.03792106,-0.14631227,0.04571295,-0.08209629,-0.09355539,0.03686340,-0.00362372,0.00384775,0.02350173,-0.00728881,0.03057704
3.240000,0.53247042,-0.15485858,1.06147577,0.15039711,1.44545252,0.56109127,-0.09582202,-0.03795527,-0.14627109,0.04593938,-0.08216460,-0.09325661,0.03509690,-0.00321517,0.00438458,0.02176615,-0.00636953,0.02915364
3.250000,0.53151393,-0.15523829,1.06001328,0.15085756,1.44463057,0.56016013,-0.09548061,-0.03798533,-0.14622468,0.04614793,-0.08222359,-0.09297281,0.03315643,-0.00279449,0.00489091,0.01992756,-0.00542356,0.02758339
3.260000,0.53056074,-0.15561827,1.05855129,0.15132000,1.44380808,0.55923176,-0.09515945,-0.03801112,-0.14617336,0.04633760,-0.08227299,-0.09270541,0.03104869,-0.00236187,0.00536868,0.01798958,-0.00445159,0.02587217
3.270000,0.52961066,-0.15599849,1.05708983,0.15178425,1.44298515,0.55830597,-0.09486017,-0.03803252,-0.14611740,0.04650740,-0.08231254,-0.09245581,0.02878040,-0.00191750,0.00581981,0.01595582,-0.00345429,0.02402587
3.280000,0.52866346,-0.15637891,1.05562896,0.15225008,1.44216186,0.55738258,-0.09458435,-0.03804943,-0.14605705,0.04665641,-0.08234199,-0.09222533,0.02635825,-0.00146155,0.00624625,0.01382990,-0.00243235,0.02205038
3.290000,0.52771889,-0.15675947,1.05416871,0.15271730,1.44133834,0.55646139,-0.09433350,-0.03806172,-0.14599255,0.04678371,-0.08236110,-0.09201522,0.02378895,-0.00099420,0.00664993,0.01161543,-0.00138643,0.01995158
3.300000,0.52677670,-0.15714013,1.05270912,0.15318568,1.44051468,0.55554220,-0.09410904,-0.03806928,-0.14592412,0.04688843,-0.08236964,-0.09182669,0.02107921,-0.00051565,0.00703278,0.00931601,-0.00031723,0.01773537
3.310000,0.52583662,-0.15752084,1.05125024,0.15365499,1.43969098,0.55462478,-0.09391236,-0.03807199,-0.14585196,0.04696976,-0.08236737,-0.09166088,0.01823573,-0.00002606,0.00739674,0.00693527,0.00077459,0.01540761
3.320000,0.52489836,-0.15790155,1.04979209,0.15412500,1.43886737,0.55370890,-0.09374475,-0.03806976,-0.14577624,0.04702688,-0.08235408,-0.09151889,0.01526521,0.00047437,0.00774375,0.00447681,0.00188835,0.01297421
3.330000,0.52396162,-0.15828221,1.04833472,0.15459545,1.43804394,0.55279432,-0.09360746,-0.03806247,-0.14569713,0.04705905,-0.08232954,-0.09140173,0.01217436,0.00098548,0.00807573,0.00194425,0.00302337,0.01044105
3.340000,0.52302611,-0.15866278,1.04687816,0.15506609,1.43722081,0.55188078,-0.09350164,-0.03805002,-0.14561477,0.04706553,-0.08229354,-0.09131038,0.00896988,0.00150706,0.00839463,-0.00065881,0.00417896,0.00781401
3.350000,0.52209148,-0.15904320,1.04542244,0.15553667,1.43639811,0.55096803,-0.09342842,-0.03803229,-0.14552928,0.04704565,-0.08224589,-0.09124574,0.00565849,0.00203895,0.00870238,-0.00332874,0.00535446,0.00509898
3.360000,0.52115743,-0.15942341,1.04396758,0.15600691,1.43557594,0.55005578,-0.09338881,-0.03800920,-0.14544075,0.04699874,-0.08218639,-0.09120867,0.00224687,0.00258097,0.00900092,-0.00606194,0.00654919,0.00230185
3.370000,0.52022359,-0.15980336,1.04251363,0.15647655,1.43475442,0.54914376,-0.09338379,-0.03798064,-0.14534928,0.04692421,-0.08211484,-0.09119996,-0.00125825,0.00313292,0.00929218,-0.00885479,0.00776246,-0.00057150
3.380000,0.51928963,-0.16018300,1.04106061,0.15694530,1.43393368,0.54823168,-0.09341426,-0.03794651,-0.14525493,0.04682146,-0.08203108,-0.09122034,-0.00485018,0.00369463,0.00957809,-0.01170369,0.00899360,-0.00351518
3.390000,0.51835519,-0.16056227,1.03960854,0.15741288,1.43311384,0.54731925,-0.09348106,-0.03790672,-0.14515773,0.04668996,-0.08193492,-0.09127048,-0.00852221,0.00426592,0.00986059,-0.01460502,0.01024194,-0.00652330
3.400000,0.51741989,-0.16094112,1.03815746,0.15787901,1.43229502,0.54640617,-0.09358495,-0.03786116,-0.14505772,0.04652920,-0.08182619,-0.09135100,-0.01226763,0.00484660,0.01014162,-0.01755516,0.01150678,-0.00958998
3.410000,0.51648336,-0.16131948,1.03670740,0.15834337,1.43147736,0.54549213,-0.09372664,-0.03780976,-0.14495490,0.04633871,-0.08170473,-0.09146245,-0.01607975,0.00543649,0.01042311,-0.02055050,0.01278747,-0.01270934
3.420000,0.51554523,-0.16169729,1.03525837,0.15880568,1.43066097,0.54457682,-0.09390675,-0.03775240,-0.14484925,0.04611805,-0.08157039,-0.09160534,-0.01995185,0.00603542,0.01070700,-0.02358744,0.01408331,-0.01587547
3.430000,0.51460510,-0.16207451,1.03381042,0.15926563,1.42984599,0.54365992,-0.09412585,-0.03768902,-0.14474074,0.04586683,-0.08142301,-0.09178010,-0.02387723,0.00664320,0.01099522,-0.02666236,0.01539363,-0.01908251
3.440000,0.51366258,-0.16245105,1.03236357,0.15972291,1.42903256,0.54274111,-0.09438445,-0.03761951,-0.14462933,0.04558469,-0.08126247,-0.09198711,-0.02784920,0.00725964,0.01128970,-0.02977165,0.01671776,-0.02232456
3.450000,0.51271727,-0.16282688,1.03091785,0.16017722,1.42822079,0.54182007,-0.09468297,-0.03754380,-0.14451492,0.04527129,-0.08108861,-0.09222669,-0.03186103,0.00788457,0.01159239,-0.03291169,0.01805501,-0.02559574
3.460000,0.51176878,-0.16320191,1.02947328,0.16062823,1.42741083,0.54089646,-0.09502178,-0.03746179,-0.14439744,0.04492636,-0.08090133,-0.09249910,-0.03590603,0.00851780,0.01190521,-0.03607888,0.01940471,-0.02889015
3.470000,0.51081670,-0.16357609,1.02802991,0.16107564,1.42660281,0.53996997,-0.09540118,-0.03737341,-0.14427678,0.04454964,-0.08070048,-0.09280455,-0.03997749,0.00915916,0.01223010,-0.03926959,0.02076618,-0.03220193
3.480000,0.50986062,-0.16394936,1.02658776,0.16151912,1.42579686,0.53904026,-0.09582139,-0.03727858,-0.14415280,0.04414091,-0.08048596,-0.09314318,-0.04406870,0.00980845,0.01256900,-0.04248023,0.02213874,-0.03552516
3.490000,0.50890014,-0.16432164,1.02514686,0.16195835,1.42499313,0.53810700,-0.09628259,-0.03717722,-0.14402535,0.04369998,-0.08025767,-0.09351507,-0.04817297,0.01046551,0.01292385,-0.04570717,0.02352171,-0.03885398
3.500000,0.50793484,-0.16469288,1.02370726,0.16239301,1.42419176,0.53716985,-0.09678487,-0.03706925,-0.14389426,0.04322672,-0.08001550,-0.09392025,-0.05228359,0.01113014,0.01329657,-0.04894680,0.02491442,-0.04218250
3.510000,0.50696430,-0.16506300,1.02226899,0.16282278,1.42339287,0.53622848,-0.09732826,-0.03695459,-0.14375935,0.04272101,-0.07975935,-0.09435870,-0.05639385,0.01180217,0.01368910,-0.05219552,0.02631619,-0.04550482
3.520000,0.50598813,-0.16543195,1.02083209,0.16324732,1.42259662,0.53528257,-0.09791273,-0.03683318,-0.14362040,0.04218279,-0.07948915,-0.09483031,-0.06049704,0.01248141,0.01410338,-0.05544970,0.02772634,-0.04881507
3.530000,0.50500591,-0.16579964,1.01939660,0.16366632,1.42180313,0.53433177,-0.09853816,-0.03670494,-0.14347720,0.04161201,-0.07920480,-0.09533494,-0.06458647,0.01316769,0.01454135,-0.05870574,0.02914419,-0.05210735
3.540000,0.50401723,-0.16616602,1.01796256,0.16407945,1.42101257,0.53337576,-0.09920439,-0.03656980,-0.14332949,0.04100868,-0.07890624,-0.09587238,-0.06865543,0.01386081,0.01500493,-0.06196003,0.03056907,-0.05537578
3.550000,0.50302169,-0.16653102,1.01653002,0.16448639,1.42022506,0.53241421,-0.09991118,-0.03642770,-0.14317701,0.04037283,-0.07859340,-0.09644236,-0.07269720,0.01456060,0.01549607,-0.06520894,0.03200030,-0.05861448
3.560000,0.50201888,-0.16689455,1.01509904,0.16488680,1.41944075,0.53144680,-0.10065822,-0.03627857,-0.14301947,0.03970453,-0.07826621,-0.09704455,-0.07670510,0.01526688,0.01601669,-0.06844888,0.03343719,-0.06181755
3.570000,0.50100839,-0.16725656,1.01366965,0.16528037,1.41865978,0.53047321,-0.10144514,-0.03612234,-0.14285657,0.03900390,-0.07792464,-0.09767857,-0.08067241,0.01597947,0.01656874,-0.07167622,0.03487907,-0.06497911
3.580000,0.49998984,-0.16761698,1.01224192,0.16566677,1.41788230,0.52949313,-0.10227151,-0.03595896,-0.14268799,0.03827106,-0.07756862,-0.09834397,-0.08459242,0.01669817,0.01715414,-0.07488736,0.03632527,-0.06809328
3.590000,0.49896283,-0.16797572,1.01081591,0.16604569,1.41710846,0.52850623,-0.10313681,-0.03578836,-0.14251337,0.03750621,-0.07719812,-0.09904026,-0.08845844,0.01742282,0.01777484,-0.07807868,0.03777511,-0.07115417
3.600000,0.49792698,-0.16833272,1.00939168,0.16641679,1.41633839,0.52751222,-0.10404048,-0.03561048,-0.14233237,0.03670957,-0.07681311,-0.09976686,-0.09226376,0.01815323,0.01843277,-0.08124657,0.03922790,-0.07415589
3.610000,0.49688190,-0.16868790,1.00796929,0.16677977,1.41557224,0.52651080,-0.10498186,-0.03542528,-0.14214459,0.03588137,-0.07641355,-0.10052316,-0.09600167,0.01888922,0.01912986,-0.08438742,0.04068297,-0.07709255
3.620000,0.49582722,-0.16904120,1.00654881,0.16713432,1.41481017,0.52550166,-0.10596026,-0.03523268,-0.14194963,0.03502192,-0.07599944,-0.10130847,-0.09966546,0.01963060,0.01986806,-0.08749762,0.04213965,-0.07995828
3.630000,0.49476257,-0.16939253,1.00513032,0.16748011,1.41405230,0.52448453,-0.10697490,-0.03503265,-0.14174708,0.03413153,-0.07557076,-0.10212207,-0.10324844,0.02037720,0.02064928,-0.09057354,0.04359725,-0.08274718
3.640000,0.49368760,-0.16974183,1.00371389,0.16781684,1.41329880,0.52345913,-0.10802494,-0.03482512,-0.14153650,0.03321058,-0.07512750,-0.10296314,-0.10674390,0.02112883,0.02147548,-0.09361159,0.04505510,-0.08545336
3.650000,0.49260196,-0.17008901,1.00229962,0.16814422,1.41254980,0.52242518,-0.10910947,-0.03461005,-0.14131742,0.03225944,-0.07466966,-0.10383084,-0.11014513,0.02188531,0.02234858,-0.09660815,0.04651251,-0.08807095
3.660000,0.49150530,-0.17043400,1.00088758,0.16846193,1.41180546,0.52138243,-0.11022751,-0.03438740,-0.14108936,0.03127856,-0.07419725,-0.10472425,-0.11344544,0.02264646,0.02327052,-0.09955960,0.04796882,-0.09059405
3.670000,0.49039730,-0.17077673,0.99947786,0.16876969,1.41106591,0.52033061,-0.11137802,-0.03415711,-0.14085184,0.03026841,-0.07371029,-0.10564239,-0.11663810,0.02341209,0.02424323,-0.10246234,0.04942334,-0.09301677
3.680000,0.48927764,-0.17111712,0.99807057,0.16906721,1.41033130,0.51926950,-0.11255989,-0.03391914,-0.14060432,0.02922949,-0.07320879,-0.10658423,-0.11971642,0.02418204,0.02526866,-0.10531275,0.05087540,-0.09533325
3.690000,0.48814600,-0.17145509,0.99666581,0.16935419,1.40960178,0.51819885,-0.11377194,-0.03367345,-0.14034628,0.02816234,-0.07269279,-0.10754868,-0.12267370,0.02495610,0.02634873,-0.10810721,0.05232432,-0.09753757
3.700000,0.48700210,-0.17179056,0.99526368,0.16963036,1.40887749,0.51711845,-0.11501293,-0.03342001,-0.14007716,0.02706755,-0.07216232,-0.10853458,-0.12550322,0.02573411,0.02748538,-0.11084213,0.05376941,-0.09962387
3.710000,0.48584565,-0.17212346,0.99386431,0.16989545,1.40815858,0.51602809,-0.11628156,-0.03315876,-0.13979638,0.02594571,-0.07161742,-0.10954074,-0.12819829,0.02651588,0.02868055,-0.11351387,0.05521001,-0.10158624
3.720000,0.48467638,-0.17245371,0.99246780,0.17014919,1.40744519,0.51492758,-0.11757643,-0.03288968,-0.13950335,0.02479749,-0.07105813,-0.11056588,-0.13075220,0.02730123,0.02993616,-0.11611884,0.05664544,-0.10341882
3.730000,0.48349404,-0.17278123,0.99107428,0.17039131,1.40673746,0.51381672,-0.11889611,-0.03261272,-0.13919745,0.02362357,-0.07048453,-0.11160867,-0.13315824,0.02808998,0.03125416,-0.11865342,0.05807501,-0.10511571
3.740000,0.48229838,-0.17310594,0.98968389,0.17062157,1.40603555,0.51269535,-0.12023908,-0.03232787,-0.13887805,0.02242467,-0.06989666,-0.11266772,-0.13540972,0.02888194,0.03263649,-0.12111400,0.05949804,-0.10667101
3.750000,0.48108918,-0.17342776,0.98829677,0.17083973,1.40533958,0.51156331,-0.12160376,-0.03203508,-0.13854450,0.02120155,-0.06929459,-0.11374159,-0.13749991,0.02967693,0.03408507,-0.12349696,0.06091387,-0.10807886
3.760000,0.47986624,-0.17374662,0.98691305,0.17104553,1.40464970,0.51042047,-0.12298852,-0.03173432,-0.13819612,0.01995500,-0.06867840,-0.11482879,-0.13942213,0.03047478,0.03560184,-0.12579869,0.06232182,-0.10933336
3.770000,0.47862935,-0.17406242,0.98553290,0.17123875,1.40396606,0.50926670,-0.12439163,-0.03142557,-0.13783223,0.01868586,-0.06804818,-0.11592773,-0.14116966,0.03127529,0.03718874,-0.12801559,0.06372120,-0.11042863
3.780000,0.47737835,-0.17437510,0.98415646,0.17141917,1.40328879,0.50810188,-0.12581131,-0.03110880,-0.13745210,0.01739498,-0.06740401,-0.11703681,-0.14273580,0.03207829,0.03884770,-0.13014403,0.06511133,-0.11135877
3.790000,0.47611308,-0.17468457,0.98278391,0.17158658,1.40261802,0.50692593,-0.12724571,-0.03078400,-0.13705502,0.01608328,-0.06674599,-0.11815434,-0.14411384,0.03288360,0.04058065,-0.13218041,0.06649155,-0.11211791
3.800000,0.47483339,-0.17499075,0.98141542,0.17174077,1.40195391,0.50573877,-0.12869293,-0.03045113,-0.13664024,0.01475169,-0.06607422,-0.11927858,-0.14529708,0.03369104,0.04238954,-0.13412111,0.06786117,-0.11270015
3.810000,0.47353918,-0.17529357,0.98005117,0.17188155,1.40129658,0.50454035,-0.13015098,-0.03011017,-0.13620697,0.01340119,-0.06538880,-0.12040773,-0.14627882,0.03450042,0.04427630,-0.13596252,0.06921951,-0.11309961
3.820000,0.47223035,-0.17559293,0.97869135,0.17200874,1.40064618,0.50333061,-0.13161782,-0.02976111,-0.13575445,0.01203279,-0.06468986,-0.12153994,-0.14705235,0.03531155,0.04624285,-0.13770103,0.07056591,-0.11331041
3.830000,0.47090680,-0.17588876,0.97733615,0.17212215,1.40000283,0.50210954,-0.13309131,-0.02940393,-0.13528184,0.01064753,-0.06397753,-0.12267329,-0.14761096,0.03612427,0.04829115,-0.13933303,0.07189967,-0.11332665
3.840000,0.46956850,-0.17618098,0.97598578,0.17222163,1.39936667,0.50087715,-0.13456930,-0.02903862,-0.13478834,0.00924649,-0.06325192,-0.12380580,-0.14794796,0.03693839,0.05042312,-0.14085490,0.07322012,-0.11314246
3.850000,0.46821541,-0.17646951,0.97464045,0.17230703,1.39873784,0.49963344,-0.13604951,-0.02866516,-0.13427310,0.00783081,-0.06251317,-0.12493545,-0.14805663,0.03775372,0.05264069,-0.14226303,0.07452658,-0.11275194
3.860000,0.46684751,-0.17675426,0.97330039,0.17237821,1.39811645,0.49837845,-0.13752965,-0.02828354,-0.13373524,0.00640162,-0.06176143,-0.12606014,-0.14793027,0.03857009,0.05494581,-0.14355381,0.07581838,-0.11214921
3.870000,0.46546483,-0.17703515,0.97196583,0.17243502,1.39750265,0.49711226,-0.13900731,-0.02789376,-0.13317388,0.00496013,-0.06099685,-0.12717771,-0.14756289,0.03938726,0.05734003,-0.14472394,0.07709484,-0.11132906
3.880000,0.46406738,-0.17731211,0.97063700,0.17247737,1.39689656,0.49583493,-0.14048011,-0.02749580,-0.13258815,0.00350755,-0.06021959,-0.12828600,-0.14695660,0.04020453,0.05982074,-0.14577365,0.07835527,-0.11029398
3.890000,0.46265525,-0.17758504,0.96931415,0.17250514,1.39629830,0.49454658,-0.14194567,-0.02708967,-0.13197720,0.00204505,-0.05942980,-0.12938290,-0.14611856,0.04102088,0.06238269,-0.14670539,0.07959902,-0.10905125
3.900000,0.46122850,-0.17785387,0.96799754,0.17251824,1.39570800,0.49324732,-0.14340173,-0.02667539,-0.13134024,0.00057382,-0.05862767,-0.13046636,-0.14505601,0.04183528,0.06502061,-0.14752163,0.08082539,-0.10760824
3.910000,0.45978725,-0.17811852,0.96668743,0.17251659,1.39512579,0.49193730,-0.14484607,-0.02625297,-0.13067655,-0.00090500,-0.05781336,-0.13153442,-0.14377620,0.04264671,0.06772920,-0.14822485,0.08203372,-0.10597232
3.920000,0.45833163,-0.17837890,0.96538410,0.17250012,1.39455178,0.49061669,-0.14627655,-0.02582247,-0.12998544,-0.00239031,-0.05698706,-0.13258519,-0.14228637,0.04345414,0.07050318,-0.14881752,0.08322332,-0.10415084
3.930000,0.45686177,-0.17863494,0.96408782,0.17246877,1.39398609,0.48928566,-0.14769112,-0.02538391,-0.12926629,-0.00388099,-0.05614895,-0.13361684,-0.14059378,0.04425655,0.07333728,-0.14930213,0.08439352,-0.10215119
3.940000,0.45537786,-0.17888656,0.96279887,0.17242249,1.39342884,0.48794442,-0.14908778,-0.02493736,-0.12851851,-0.00537600,-0.05529925,-0.13462764,-0.13870566,0.04505293,0.07622621,-0.14968115,0.08554365,-0.09998072
3.950000,0.45388009,-0.17913366,0.96151754,0.17236124,1.39288014,0.48659318,-0.15046461,-0.02448287,-0.12774160,-0.00687427,-0.05443815,-0.13561591,-0.13662926,0.04584223,0.07916469,-0.14995706,0.08667303,-0.09764680
3.960000,0.45236864,-0.17937619,0.96024413,0.17228499,1.39234011,0.48523218,-0.15181976,-0.02402054,-0.12693507,-0.00837480,-0.05356586,-0.13658006,-0.13437183,0.04662345,0.08214742,-0.15013234,0.08778099,-0.09515679
3.970000,0.45084377,-0.17961405,0.95897894,0.17219374,1.39180886,0.48386167,-0.15315146,-0.02355043,-0.12609852,-0.00987659,-0.05268260,-0.13751855,-0.13194061,0.04739554,0.08516914,-0.15020946,0.08886684,-0.09251807
3.980000,0.44930570,-0.17984717,0.95772227,0.17208746,1.39128649,0.48248190,-0.15445802,-0.02307266,-0.12523158,-0.01137867,-0.05178860,-0.13842995,-0.12934285,0.04815751,0.08822456,-0.15019090,0.08992991,-0.08973799
3.990000,0.44775470,-0.18007548,0.95647441,0.17196617,1.39077312,0.48109316,-0.15573779,-0.02258732,-0.12433393,-0.01288010,-0.05088408,-0.13931286,-0.12658579,0.04890830,0.09130839,-0.15007914,0.09096952,-0.08682393
4.000000,0.44619104,-0.18029889,0.95523569,0.17182986,1.39026885,0.47969574,-0.15698923,-0.02209453,-0.12340533,-0.01437995,-0.04996929,-0.14016600,-0.12367668,0.04964692,0.09441535,-0.14987666,0.09198501,-0.08378325
4.010000,0.44461501,-0.18051734,0.95400641,0.17167858,1.38977377,0.47828995,-0.15821084,-0.02159443,-0.12244557,-0.01587734,-0.04904447,-0.14098813,-0.12062276,0.05037232,0.09754015,-0.14958593,0.09297569,-0.08062331
4.020000,0.44302693,-0.18073076,0.95278688,0.17151233,1.38928799,0.47687609,-0.15940122,-0.02108714,-0.12145449,-0.01737139,-0.04810986,-0.14177810,-0.11743128,0.05108348,0.10067753,-0.14920943,0.09394089,-0.07735149
4.030000,0.44142710,-0.18093906,0.95157742,0.17133116,1.38881160,0.47545449,-0.16055903,-0.02057281,-0.12043199,-0.01886125,-0.04716574,-0.14253481,-0.11410948,0.05177939,0.10382218,-0.14874965,0.09487993,-0.07397515
4.040000,0.43981586,-0.18114219,0.95037835,0.17113512,1.38834471,0.47402551,-0.16168300,-0.02005160,-0.11937804,-0.02034611,-0.04621235,-0.14325727,-0.11066461,0.05245902,0.10696884,-0.14820904,0.09579213,-0.07050165
4.050000,0.43819355,-0.18134007,0.94918997,0.17092426,1.38788739,0.47258947,-0.16277194,-0.01952369,-0.11829263,-0.02182517,-0.04524999,-0.14394455,-0.10710391,0.05312134,0.11011221,-0.14759011,0.09667683,-0.06693836
4.060000,0.43656054,-0.18153264,0.94801260,0.17069864,1.38743974,0.47114673,-0.16382472,-0.01898924,-0.11717582,-0.02329766,-0.04427891,-0.14459577,-0.10343464,0.05376533,0.11324702,-0.14689531,0.09753333,-0.06329265
4.070000,0.43491718,-0.18171984,0.94684656,0.17045833,1.38700184,0.46969767,-0.16484029,-0.01844844,-0.11602773,-0.02476283,-0.04329942,-0.14521015,-0.09966403,0.05438997,0.11636797,-0.14612713,0.09836098,-0.05957188
4.080000,0.43326386,-0.18190159,0.94569215,0.17020341,1.38657377,0.46824266,-0.16581768,-0.01790151,-0.11484852,-0.02621996,-0.04231179,-0.14578698,-0.09579933,0.05499423,0.11946980,-0.14528805,0.09915909,-0.05578343
4.090000,0.43160096,-0.18207785,0.94454969,0.16993396,1.38615563,0.46678206,-0.16675599,-0.01734863,-0.11363842,-0.02766836,-0.04131633,-0.14632562,-0.09184778,0.05557709,0.12254720,-0.14438054,0.09992698,-0.05193464
4.100000,0.42992887,-0.18224854,0.94341948,0.16965007,1.38574747,0.46531627,-0.16765438,-0.01679004,-0.11239768,-0.02910736,-0.04031335,-0.14682550,-0.08781664,0.05613752,0.12559491,-0.14340709,0.10066398,-0.04803290
4.110000,0.42824801,-0.18241363,0.94230184,0.16935185,1.38534938,0.46384568,-0.16851208,-0.01622596,-0.11112663,-0.03053629,-0.03930316,-0.14728612,-0.08371314,0.05667450,0.12860764,-0.14237016,0.10136942,-0.04408557
4.120000,0.42655877,-0.18257305,0.94119705,0.16903938,1.38496143,0.46237068,-0.16932842,-0.01565663,-0.10982566,-0.03195456,-0.03828607,-0.14770708,-0.07954454,0.05718701,0.13158010,-0.14127224,0.10204262,-0.04010001
4.130000,0.42486158,-0.18272674,0.94010542,0.16871279,1.38458369,0.46089167,-0.17010278,-0.01508230,-0.10849518,-0.03336154,-0.03726242,-0.14808802,-0.07531807,0.05767402,0.13450702,-0.14011580,0.10268289,-0.03608359
4.140000,0.42315686,-0.18287468,0.93902724,0.16837219,1.38421621,0.45940906,-0.17083461,-0.01450324,-0.10713569,-0.03475668,-0.03623253,-0.14842867,-0.07104098,0.05813451,0.13738310,-0.13890333,0.10328958,-0.03204368
4.150000,0.42144503,-0.18301679,0.93796280,0.16801770,1.38385905,0.45792324,-0.17152345,-0.01391970,-0.10574771,-0.03613943,-0.03519674,-0.14872884,-0.06672052,0.05856746,0.14020307,-0.13763729,0.10386199,-0.02798764
4.160000,0.41972653,-0.18315306,0.93691238,0.16764945,1.38351229,0.45643462,-0.17216890,-0.01333198,-0.10433183,-0.03750926,-0.03415540,-0.14898840,-0.06236393,0.05897183,0.14296165,-0.13632017,0.10439946,-0.02392283
4.170000,0.41800180,-0.18328342,0.93587626,0.16726756,1.38317596,0.45494360,-0.17277064,-0.01274037,-0.10288870,-0.03886567,-0.03310887,-0.14920729,-0.05797846,0.05934661,0.14565354,-0.13495444,0.10490130,-0.01985663
4.180000,0.41627127,-0.18340785,0.93485470,0.16687218,1.38285013,0.45345061,-0.17332840,-0.01214515,-0.10141900,-0.04020819,-0.03205750,-0.14938555,-0.05357136,0.05969078,0.14827347,-0.13354258,0.10536685,-0.01579641
4.190000,0.41453538,-0.18352631,0.93384796,0.16646344,1.38253483,0.45195603,-0.17384202,-0.01154666,-0.09992349,-0.04153638,-0.03100166,-0.14952326,-0.04914986,0.06000331,0.15081616,-0.13208708,0.10579542,-0.01174951
4.200000,0.41279457,-0.18363877,0.93285631,0.16604150,1.38223011,0.45046028,-0.17431137,-0.01094520,-0.09840295,-0.04284980,-0.02994172,-0.14962061,-0.04472122,0.06028317,0.15327632,-0.13059039,0.10618635,-0.00772333
4.210000,0.41104930,-0.18374521,0.93187998,0.16560650,1.38193601,0.44896375,-0.17473644,-0.01034111,-0.09685825,-0.04414806,-0.02887806,-0.14967782,-0.04029268,0.06052934,0.15564867,-0.12905502,0.10653894,-0.00372521
4.220000,0.40929999,-0.18384559,0.93091922,0.16515859,1.38165256,0.44746685,-0.17511725,-0.00973473,-0.09529029,-0.04543078,-0.02781107,-0.14969523,-0.03587148,0.06074080,0.15792792,-0.12748342,0.10685254,0.00023748
4.230000,0.40754710,-0.18393990,0.92997425,0.16469794,1.38137979,0.44596998,-0.17545392,-0.00912641,-0.09370002,-0.04669761,-0.02674114,-0.14967322,-0.03146487,0.06091652,0.16010880,-0.12587808,0.10712646,0.00415736
4.240000,0.40579106,-0.18402811,0.92904529,0.16422469,1.38111774,0.44447352,-0.17574662,-0.00851652,-0.09208846,-0.04794824,-0.02566867,-0.14961225,-0.02708010,0.06105548,0.16218601,-0.12424148,0.10736002,0.00802708
4.250000,0.40403231,-0.18411022,0.92813255,0.16373903,1.38086643,0.44297786,-0.17599562,-0.00790542,-0.09045667,-0.04918235,-0.02459407,-0.14951287,-0.02272441,0.06115666,0.16415429,-0.12257609,0.10755256,0.01183926
4.260000,0.40227129,-0.18418622,0.92723622,0.16324110,1.38062587,0.44148339,-0.17620123,-0.00729351,-0.08880576,-0.05039967,-0.02351776,-0.14937568,-0.01840504,0.06121903,0.16600833,-0.12088439,0.10770338,0.01558655
4.270000,0.40050843,-0.18425609,0.92635650,0.16273109,1.38039608,0.43999047,-0.17636386,-0.00668118,-0.08713690,-0.05159996,-0.02244015,-0.14920138,-0.01412925,0.06124157,0.16774287,-0.11916886,0.10781183,0.01926156
4.280000,0.39874416,-0.18431984,0.92549354,0.16220916,1.38017707,0.43849948,-0.17648399,-0.00606882,-0.08545131,-0.05278298,-0.02136167,-0.14899072,-0.00990427,0.06122325,0.16935261,-0.11743198,0.10787722,0.02285695
4.290000,0.39697889,-0.18437747,0.92464752,0.16167549,1.37996885,0.43701077,-0.17656214,-0.00545685,-0.08375028,-0.05394853,-0.02028275,-0.14874453,-0.00573735,0.06116305,0.17083228,-0.11567622,0.10789888,0.02636534
4.300000,0.39521305,-0.18442898,0.92381858,0.16113025,1.37977141,0.43552470,-0.17659895,-0.00484570,-0.08203512,-0.05509645,-0.01920384,-0.14846372,-0.00163574,0.06105994,0.17217659,-0.11390406,0.10787612,0.02977936
4.310000,0.39344705,-0.18447439,0.92300686,0.16057362,1.37958477,0.43404161,-0.17659510,-0.00423580,-0.08030722,-0.05622657,-0.01812538,-0.14814928,0.00239331,0.06091291,0.17338026,-0.11211798,0.10780829,0.03309166
4.320000,0.39168128,-0.18451370,0.92221248,0.16000578,1.37940890,0.43256183,-0.17655135,-0.00362759,-0.07856800,-0.05733877,-0.01704782,-0.14780225,0.00634257,0.06072093,0.17443801,-0.11032046,0.10769468,0.03629486
4.330000,0.38991615,-0.18454695,0.92143553,0.15942690,1.37924381,0.43108567,-0.17646854,-0.00302153,-0.07681896,-0.05843295,-0.01597164,-0.14742377,0.01020478,0.06048297,0.17534455,-0.10851397,0.10753465,0.03938159
4.340000,0.38815204,-0.18457414,0.92067613,0.15883718,1.37908946,0.42961345,-0.17634757,-0.00241809,-0.07506163,-0.05950903,-0.01489729,-0.14701503,0.01397271,0.06019801,0.17609460,-0.10670099,0.10732750,0.04234450
4.350000,0.38638932,-0.18459532,0.91993432,0.15823678,1.37894585,0.42814547,-0.17618942,-0.00181773,-0.07329761,-0.06056695,-0.01382525,-0.14657732,0.01763910,0.05986503,0.17668287,-0.10488400,0.10707256,0.04517621
4.360000,0.38462837,-0.18461051,0.91921019,0.15762590,1.37881295,0.42668200,-0.17599515,-0.00122095,-0.07152853,-0.06160670,-0.01275600,-0.14611197,0.02119671,0.05948300,0.17710409,-0.10306547,0.10676915,0.04786937
4.370000,0.38286954,-0.18461975,0.91850376,0.15700471,1.37869072,0.42522332,-0.17576587,-0.00062824,-0.06975610,-0.06262827,-0.01169003,-0.14562042,0.02463830,0.05905090,0.17735297,-0.10124789,0.10641660,0.05041659
4.380000,0.38111317,-0.18462309,0.91781507,0.15637340,1.37857914,0.42376967,-0.17550279,-0.00004010,-0.06798206,-0.06363167,-0.01062783,-0.14510415,0.02795662,0.05856771,0.17742423,-0.09943373,0.10601424,0.05281052
4.390000,0.37935959,-0.18462057,0.91714412,0.15573214,1.37847815,0.42232131,-0.17520718,0.00054294,-0.06620822,-0.06461696,-0.00956991,-0.14456474,0.03114442,0.05803239,0.17731258,-0.09762546,0.10556138,0.05504380
4.400000,0.37760913,-0.18461225,0.91649090,0.15508112,1.37838772,0.42087845,-0.17488037,0.00112037,-0.06443644,-0.06558421,-0.00851678,-0.14400384,0.03419446,0.05744393,0.17701275,-0.09582557,0.10505735,0.05710905
4.410000,0.37586208,-0.18459818,0.91585538,0.15442051,1.37830780,0.41944130,-0.17452377,0.00169164,-0.06266861,-0.06653351,-0.00746894,-0.14342315,0.03709950,0.05680131,0.17651944,-0.09403654,0.10450148,0.05899891
4.420000,0.37411875,-0.18457844,0.91523751,0.15375051,1.37823832,0.41801005,-0.17413888,0.00225621,-0.06090671,-0.06746498,-0.00642692,-0.14282447,0.03985229,0.05610349,0.17582738,-0.09226084,0.10389309,0.06070601
4.430000,0.37237939,-0.18455308,0.91463722,0.15307127,1.37817924,0.41658486,-0.17372726,0.00281352,-0.05915275,-0.06837878,-0.00539125,-0.14220966,0.04244557,0.05534946,0.17493129,-0.09050094,0.10323150,0.06222298
4.440000,0.37064428,-0.18452219,0.91405442,0.15238299,1.37813048,0.41516590,-0.17329052,0.00336301,-0.05740878,-0.06927506,-0.00436247,-0.14158066,0.04487406,0.05453881,0.17382809,-0.08875881,0.10251638,0.06354485
4.450000,0.36891366,-0.18448585,0.91348900,0.15168583,1.37809196,0.41375329,-0.17283032,0.00390411,-0.05567686,-0.07015401,-0.00334110,-0.14093940,0.04713928,0.05367332,0.17252250,-0.08703455,0.10174861,0.06467494
4.460000,0.36718775,-0.18444414,0.91294084,0.15097997,1.37806363,0.41234715,-0.17234827,0.00443630,-0.05395898,-0.07101581,-0.00232767,-0.14028778,0.04924425,0.05275524,0.17102096,-0.08532788,0.10092933,0.06561845
4.470000,0.36546676,-0.18439716,0.91240977,0.15026557,1.37804538,0.41094756,-0.17184596,0.00495905,-0.05225707,-0.07186063,-0.00132268,-0.13962764,0.05119199,0.05178681,0.16932988,-0.08363851,0.10005968,0.06638055
4.480000,0.36375089,-0.18434499,0.91189564,0.14954281,1.37803714,0.40955462,-0.17132494,0.00547188,-0.05057299,-0.07268864,-0.00032664,-0.13896076,0.05298552,0.05077031,0.16745570,-0.08196614,0.09914081,0.06696641
4.490000,0.36204032,-0.18428775,0.91139825,0.14881185,1.37803882,0.40816836,-0.17078675,0.00597430,-0.04890855,-0.07350001,0.00065997,-0.13828888,0.05462787,0.04970797,0.16540483,-0.08031050,0.09817385,0.06738120
4.500000,0.36033521,-0.18422554,0.91091739,0.14807286,1.37805031,0.40678885,-0.17023288,0.00646589,-0.04726547,-0.07429490,0.00163668,-0.13761369,0.05612205,0.04860205,0.16318370,-0.07867130,0.09715996,0.06763012
4.510000,0.35863571,-0.18415847,0.91045286,0.14732601,1.37807152,0.40541610,-0.16966480,0.00694621,-0.04564542,-0.07507349,0.00260302,-0.13693681,0.05747110,0.04745480,0.16079874,-0.07704823,0.09610026,0.06771833
4.520000,0.35694196,-0.18408666,0.91000440,0.14657145,1.37810233,0.40405011,-0.16908393,0.00741486,-0.04405002,-0.07583592,0.00355854,-0.13625984,0.05867802,0.04626848,0.15825636,-0.07544102,0.09499591,0.06765101
4.530000,0.35525407,-0.18401022,0.90957177,0.14580934,1.37814265,0.40269089,-0.16849170,0.00787145,-0.04248080,-0.07658236,0.00450279,-0.13558429,0.05974584,0.04504533,0.15556300,-0.07384938,0.09384805,0.06743334
4.540000,0.35357216,-0.18392927,0.90915470,0.14503985,1.37819235,0.40133842,-0.16788947,0.00831565,-0.04093924,-0.07731296,0.00543536,-0.13491166,0.06067759,0.04378761,0.15272509,-0.07227301,0.09265781,0.06707048
4.550000,0.35189631,-0.18384395,0.90875289,0.14426314,1.37825132,0.39999265,-0.16727859,0.00874710,-0.03942675,-0.07802787,0.00635581,-0.13424335,0.06147628,0.04249758,0.14974904,-0.07071164,0.09142635,0.06656763
4.560000,0.35022661,-0.18375437,0.90836606,0.14347935,1.37831943,0.39865353,-0.16666038,0.00916550,-0.03794470,-0.07872724,0.00726375,-0.13358075,0.06214494,0.04117748,0.14664127,-0.06916496,0.09015479,0.06592996
4.570000,0.34856312,-0.18366068,0.90799389,0.14268864,1.37839655,0.39732101,-0.16603612,0.00957056,-0.03649435,-0.07941122,0.00815878,-0.13292518,0.06268658,0.03982957,0.14340823,-0.06763269,0.08884430,0.06516263
4.580000,0.34690590,-0.18356301,0.90763606,0.14189117,1.37848256,0.39599500,-0.16540706,0.00996200,-0.03507693,-0.08007994,0.00904051,-0.13227792,0.06310424,0.03845610,0.14005632,-0.06611455,0.08749599,0.06427084
4.590000,0.34525499,-0.18346149,0.90729224,0.14108709,1.37857731,0.39467542,-0.16477443,0.01033960,-0.03369359,-0.08073355,0.00990858,-0.13164017,0.06340093,0.03705933,0.13659198,-0.06461024,0.08611103,0.06325975
4.600000,0.34361042,-0.18335626,0.90696207,0.14027655,1.37868068,0.39336216,-0.16413943,0.01070312,-0.03234544,-0.08137219,0.01076261,-0.13101310,0.06357967,0.03564149,0.13302163,-0.06311947,0.08469055,0.06213455
4.610000,0.34197221,-0.18324747,0.90664521,0.13945970,1.37879252,0.39205512,-0.16350322,0.01105237,-0.03103349,-0.08199599,0.01160227,-0.13039784,0.06364349,0.03420486,0.12935170,-0.06164196,0.08323570,0.06090040
4.620000,0.34034036,-0.18313526,0.90634128,0.13863668,1.37891268,0.39075416,-0.16286694,0.01138716,-0.02975872,-0.08260507,0.01242722,-0.12979544,0.06359540,0.03275168,0.12558860,-0.06017742,0.08174760,0.05956248
4.630000,0.33871487,-0.18301978,0.90604991,0.13780765,1.37904101,0.38945916,-0.16223168,0.01170735,-0.02852201,-0.08319958,0.01323712,-0.12920692,0.06343844,0.03128420,0.12173877,-0.05872556,0.08022742,0.05812598
4.640000,0.33709572,-0.18290116,0.90577071,0.13697274,1.37917737,0.38816997,-0.16159852,0.01201281,-0.02732421,-0.08377962,0.01403166,-0.12863323,0.06317561,0.02980468,0.11780863,-0.05728608,0.07867629,0.05659607
4.650000,0.33548289,-0.18277957,0.90550329,0.13613210,1.37932159,0.38688645,-0.16096851,0.01230341,-0.02616608,-0.08434534,0.01481054,-0.12807529,0.06280995,0.02831536,0.11380461,-0.05585871,0.07709535,0.05497792
4.660000,0.33387633,-0.18265515,0.90524725,0.13528588,1.37947353,0.38560841,-0.16034265,0.01257909,-0.02504834,-0.08489684,0.01557347,-0.12753395,0.06234447,0.02681851,0.10973312,-0.05444315,0.07548574,0.05327672
4.670000,0.33227602,-0.18252804,0.90500219,0.13443421,1.37963301,0.38433571,-0.15972194,0.01283977,-0.02397163,-0.08543424,0.01632017,-0.12701001,0.06178220,0.02531637,0.10560060,-0.05303911,0.07384861,0.05149763
4.680000,0.33068187,-0.18239840,0.90476768,0.13357724,1.37979988,0.38306815,-0.15910732,0.01308541,-0.02293651,-0.08595766,0.01705036,-0.12650424,0.06112615,0.02381119,0.10141347,-0.05164631,0.07218510,0.04964583
4.690000,0.32909385,-0.18226638,0.90454332,0.13271511,1.37997396,0.38180556,-0.15849972,0.01331599,-0.02194352,-0.08646720,0.01776378,-0.12601732,0.06037935,0.02230524,0.09717816,-0.05026446,0.07049636,0.04772651
4.700000,0.32751185,-0.18213213,0.90432867,0.13184794,1.38015509,0.38054774,-0.15790003,0.01353152,-0.02099309,-0.08696298,0.01846020,-0.12554992,0.05954483,0.02080075,0.09290109,-0.04889326,0.06878351,0.04574484
4.710000,0.32593582,-0.18199580,0.90412331,0.13097589,1.38034311,0.37929450,-0.15730911,0.01373202,-0.02008561,-0.08744510,0.01913938,-0.12510262,0.05862559,0.01929999,0.08858868,-0.04753243,0.06704771,0.04370598
4.720000,0.32436564,-0.18185754,0.90392681,0.13009909,1.38053782,0.37804562,-0.15672779,0.01391754,-0.01922141,-0.08791367,0.01980108,-0.12467597,0.05762467,0.01780521,0.08424735,-0.04618168,0.06529010,0.04161513
4.730000,0.32280123,-0.18171750,0.90373874,0.12921766,1.38073907,0.37680091,-0.15615688,0.01408815,-0.01840074,-0.08836877,0.02044511,-0.12427047,0.05654509,0.01631865,0.07988355,-0.04484072,0.06351182,0.03947746
4.740000,0.32124246,-0.18157583,0.90355865,0.12833176,1.38094667,0.37556014,-0.15559714,0.01424394,-0.01762379,-0.08881051,0.02107126,-0.12388656,0.05538987,0.01484258,0.07550368,-0.04350926,0.06171401,0.03729814
4.750000,0.31968924,-0.18143267,0.90338612,0.12744150,1.38116043,0.37432310,-0.15504932,0.01438504,-0.01689070,-0.08923898,0.02167933,-0.12352463,0.05416202,0.01337924,0.07111418,-0.04218701,0.05989781,0.03508235
4.760000,0.31814144,-0.18128817,0.90322069,0.12654702,1.38138019,0.37308957,-0.15451413,0.01451158,-0.01620152,-0.08965428,0.02226915,-0.12318502,0.05286458,0.01193089,0.06672147,-0.04087369,0.05806437,0.03283526
4.770000,0.31659892,-0.18114249,0.90306194,0.12564846,1.38160576,0.37185933,-0.15399225,0.01462372,-0.01555626,-0.09005649,0.02284056,-0.12286801,0.05150056,0.01049978,0.06233197,-0.03956901,0.05621483,0.03056206
4.780000,0.31506154,-0.18099575,0.90290942,0.12474593,1.38183694,0.37063214,-0.15348433,0.01472164,-0.01495485,-0.09044569,0.02339340,-0.12257385,0.05007298,0.00908816,0.05795212,-0.03827267,0.05435033,0.02826792
4.790000,0.31352918,-0.18084810,0.90276270,0.12383958,1.38207356,0.36940777,-0.15299099,0.01480555,-0.01439716,-0.09082197,0.02392752,-0.12230271,0.04858487,0.00769828,0.05358832,-0.03698440,0.05247202,0.02595802
4.800000,0.31200167,-0.18069968,0.90262133,0.12292954,1.38231543,0.36818600,-0.15251283,0.01487568,-0.01388301,-0.09118540,0.02444280,-0.12205472,0.04703925,0.00633240,0.04924702,-0.03570389,0.05058103,0.02363752
4.810000,0.31047887,-0.18055063,0.90248489,0.12201592,1.38256235,0.36696660,-0.15205039,0.01493229,-0.01341213,-0.09153607,0.02493911,-0.12182997,0.04543914,0.00499278,0.04493463,-0.03443086,0.04867851,0.02131162
4.820000,0.30896061,-0.18040108,0.90235295,0.12109886,1.38281415,0.36574933,-0.15160422,0.01497563,-0.01298420,-0.09187404,0.02541634,-0.12162849,0.04378756,0.00368165,0.04065758,-0.03316502,0.04676559,0.01898548
4.830000,0.30744673,-0.18025116,0.90222507,0.12017848,1.38307062,0.36453395,-0.15117480,0.01500602,-0.01259884,-0.09219939,0.02587439,-0.12145025,0.04208753,0.00240128,0.03642229,-0.03190609,0.04484343,0.01666429
4.840000,0.30593706,-0.18010100,0.90210083,0.11925491,1.38333157,0.36332024,-0.15076262,0.01502377,-0.01225559,-0.09251219,0.02631318,-0.12129517,0.04034208,0.00115391,0.03223520,-0.03065377,0.04291316,0.01435321
4.850000,0.30443142,-0.17995073,0.90197982,0.11832828,1.38359682,0.36210797,-0.15036810,0.01502922,-0.01195395,-0.09281249,0.02673263,-0.12116313,0.03855422,-0.00005819,0.02810272,-0.02940778,0.04097593,0.01205743
4.860000,0.30292964,-0.17980046,0.90186161,0.11739870,1.38386616,0.36089691,-0.14999166,0.01502273,-0.01169333,-0.09310036,0.02713268,-0.12105395,0.03672699,-0.00123278,0.02403127,-0.02816783,0.03903288,0.00978212
4.870000,0.30143153,-0.17965031,0.90174582,0.11646631,1.38413941,0.35968682,-0.14963368,0.01500470,-0.01147310,-0.09337587,0.02751327,-0.12096740,0.03486339,-0.00236761,0.02002729,-0.02693362,0.03708515,0.00753246
4.880000,0.29993690,-0.17950040,0.90163202,0.11553123,1.38441636,0.35847748,-0.14929451,0.01497552,-0.01129254,-0.09363905,0.02787437,-0.12090320,0.03296646,-0.00346041,0.01609720,-0.02570487,0.03513388,0.00531363
4.890000,0.29844557,-0.17935084,0.90151983,0.11459357,1.38469683,0.35726868,-0.14897445,0.01493563,-0.01115089,-0.09388998,0.02821594,-0.12086101,0.03103921,-0.00450895,0.01224743,-0.02448130,0.03318022,0.00313079
4.900000,0.29695735,-0.17920172,0.90140888,0.11365347,1.38498061,0.35606019,-0.14867381,0.01488550,-0.01104730,-0.09412870,0.02853797,-0.12084045,0.02908466,-0.00551096,0.00848439,-0.02326260,0.03122530,0.00098914
4.910000,0.29547203,-0.17905316,0.90129876,0.11271104,1.38526752,0.35485180,-0.14839284,0.01482558,-0.01098089,-0.09435525,0.02884045,-0.12084107,0.02710584,-0.00646420,0.00481452,-0.02204850,0.02927028,-0.00110616
4.920000,0.29398942,-0.17890524,0.90118914,0.11176640,1.38555736,0.35364330,-0.14813177,0.01475638,-0.01095068,-0.09456968,0.02912338,-0.12086240,0.02510577,-0.00736641,0.00124424,-0.02083871,0.02731628,-0.00314993
4.930000,0.29250933,-0.17875806,0.90107963,0.11081968,1.38584992,0.35243449,-0.14789079,0.01467843,-0.01095565,-0.09477204,0.02938678,-0.12090388,0.02308748,-0.00821534,-0.00222003,-0.01963293,0.02536446,-0.00513700
4.940000,0.29103154,-0.17861170,0.90096991,0.10987100,1.38614503,0.35122516,-0.14767007,0.01459226,-0.01099471,-0.09496235,0.02963068,-0.12096493,0.02105397,-0.00900874,-0.00557186,-0.01843087,0.02341596,-0.00706218
4.950000,0.28955586,-0.17846624,0.90085963,0.10892048,1.38644247,0.35001512,-0.14746975,0.01449845,-0.01106669,-0.09514066,0.02985511,-0.12104490,0.01900828,-0.00974435,-0.00880483,-0.01723226,0.02147192,-0.00892029
4.960000,0.28808208,-0.17832176,0.90074847,0.10796823,1.38674207,0.34880420,-0.14728993,0.01439757,-0.01117039,-0.09530701,0.03006013,-0.12114310,0.01695342,-0.01041992,-0.01191251,-0.01603679,0.01953347,-0.01070617
4.970000,0.28660999,-0.17817831,0.90063612,0.10701438,1.38704361,0.34759220,-0.14713070,0.01429025,-0.01130450,-0.09546141,0.03024580,-0.12125877,0.01489243,-0.01103320,-0.01488847,-0.01484419,0.01760177,-0.01241464
4.980000,0.28513939,-0.17803597,0.90052228,0.10605904,1.38734692,0.34637897,-0.14699209,0.01417712,-0.01146769,-0.09560390,0.03041220,-0.12139112,0.01282831,-0.01158193,-0.01772630,-0.01365415,0.01567795,-0.01404052
4.990000,0.28367008,-0.17789479,0.90040667,0.10510234,1.38765179,0.34516433,-0.14687413,0.01405884,-0.01165855,-0.09573450,0.03055939,-0.12153929,0.01076409,-0.01206387,-0.02041956,-0.01246640,0.01376316,-0.01557863
5.000000,0.28220184,-0.17775481,0.90028903,0.10414439,1.38795804,0.34394813,-0.14677680,0.01393608,-0.01187558,-0.09585323,0.03068749,-0.12170238,0.00870279,-0.01247677,-0.02296183,-0.01128065,0.01185854,-0.01702379
5.010000,0.28073448,-0.17761608,0.90016908,0.10318531,1.38826548,0.34273023,-0.14670006,0.01380954,-0.01211726,-0.09596012,0.03079660,-0.12187944,0.00664744,-0.01281836,-0.02534669,-0.01009660,0.00996523,-0.01837084
5.020000,0.27926777,-0.17747863,0.90004660,0.10222523,1.38857391,0.34151050,-0.14664382,0.01367995,-0.01238197,-0.09605517,0.03088684,-0.12206945,0.00460106,-0.01308639,-0.02756771,-0.00891396,0.00808438,-0.01961459
5.030000,0.27780153,-0.17734249,0.89992137,0.10126425,1.38888315,0.34028881,-0.14660800,0.01354807,-0.01266805,-0.09613840,0.03095833,-0.12227137,0.00256666,-0.01327862,-0.02961847,-0.00773246,0.00621712,-0.02074987
5.040000,0.27633555,-0.17720767,0.89979318,0.10030250,1.38919302,0.33906504,-0.14659244,0.01341464,-0.01297375,-0.09620982,0.03101123,-0.12248407,0.00054727,-0.01339279,-0.03149254,-0.00655179,0.00436459,-0.02177149
5.050000,0.27486961,-0.17707420,0.89966184,0.09934009,1.38950331,0.33783909,-0.14659699,0.01328048,-0.01329729,-0.09626944,0.03104568,-0.12270640,-0.00145408,-0.01342665,-0.03318350,-0.00537168,0.00252795,-0.02267430
5.060000,0.27340354,-0.17694206,0.89952718,0.09837715,1.38981387,0.33661088,-0.14662145,0.01314639,-0.01363679,-0.09631726,0.03106185,-0.12293714,-0.00343438,-0.01337794,-0.03468491,-0.00419183,0.00070834,-0.02345309
5.070000,0.27193712,-0.17681126,0.89938905,0.09741379,1.39012449,0.33538033,-0.14666560,0.01301320,-0.01399033,-0.09635328,0.03105991,-0.12317503,-0.00539061,-0.01324442,-0.03599037,-0.00301195,-0.00109312,-0.02410272
5.080000,0.27047016,-0.17668179,0.89924733,0.09645012,1.39043501,0.33414736,-0.14672917,0.01288179,-0.01435592,-0.09637750,0.03104005,-0.12341875,-0.00731984,-0.01302410,-0.03709401,-0.00183182,-0.00287525,-0.02461844
5.090000,0.26900247,-0.17655362,0.89910190,0.09548628,1.39074523,0.33291194,-0.14681190,0.01275300,-0.01473154,-0.09638991,0.03100247,-0.12366696,-0.00922025,-0.01271840,-0.03799694,-0.00065210,-0.00463678,-0.02500119
5.100000,0.26753386,-0.17642672,0.89895267,0.09452236,1.39105500,0.33167401,-0.14691348,0.01262769,-0.01511521,-0.09639054,0.03094739,-0.12391834,-0.01109078,-0.01233095,-0.03870488,0.00052600,-0.00637632,-0.02525558
5.110000,0.26606414,-0.17630105,0.89879958,0.09355850,1.39136412,0.33043356,-0.14703361,0.01250665,-0.01550501,-0.09637940,0.03087502,-0.12417166,-0.01293038,-0.01186544,-0.03922361,0.00170125,-0.00809249,-0.02538631
5.120000,0.26459313,-0.17617657,0.89864256,0.09259482,1.39167244,0.32919058,-0.14717198,0.01239063,-0.01589907,-0.09635653,0.03078562,-0.12442567,-0.01473800,-0.01132555,-0.03955893,0.00287241,-0.00978391,-0.02539808
5.130000,0.26312064,-0.17605322,0.89848159,0.09163141,1.39197978,0.32794505,-0.14732826,0.01228037,-0.01629560,-0.09632197,0.03067943,-0.12467924,-0.01651257,-0.01071495,-0.03971665,0.00403826,-0.01144920,-0.02529557
5.140000,0.26164650,-0.17593094,0.89831664,0.09066841,1.39228597,0.32669700,-0.14750212,0.01217655,-0.01669283,-0.09627579,0.03055673,-0.12493122,-0.01825306,-0.01003733,-0.03970254,0.00519757,-0.01308697,-0.02508350
5.150000,0.26017054,-0.17580967,0.89814773,0.08970594,1.39259086,0.32544643,-0.14769321,0.01207983,-0.01708909,-0.09621805,0.03041779,-0.12518056,-0.01995841,-0.00929637,-0.03952240,0.00634911,-0.01469584,-0.02476655
5.160000,0.25869258,-0.17568932,0.89797487,0.08874409,1.39289428,0.32419340,-0.14790117,0.01199083,-0.01748275,-0.09614884,0.03026291,-0.12542622,-0.02162755,-0.00849575,-0.03918204,0.00749164,-0.01627444,-0.02434941
5.170000,0.25721246,-0.17556982,0.89779809,0.08778300,1.39319607,0.32293793,-0.14812563,0.01191011,-0.01787222,-0.09606825,0.03009240,-0.12566723,-0.02325945,-0.00763915,-0.03868724,0.00862395,-0.01782138,-0.02383680
5.180000,0.25573002,-0.17545109,0.89761745,0.08682276,1.39349607,0.32168007,-0.14836623,0.01183822,-0.01825600,-0.09597640,0.02990659,-0.12590265,-0.02485305,-0.00673025,-0.03804380,0.00974479,-0.01933528,-0.02323339
5.190000,0.25424509,-0.17533303,0.89743300,0.08586351,1.39379415,0.32041989,-0.14862256,0.01177566,-0.01863262,-0.09587340,0.02970581,-0.12613161,-0.02640729,-0.00577274,-0.03725752,0.01085294,-0.02081475,-0.02254389
5.200000,0.25275752,-0.17521554,0.89724482,0.08490533,1.39409014,0.31915746,-0.14889424,0.01172291,-0.01900069,-0.09575938,0.02949042,-0.12635326,-0.02792112,-0.00477029,-0.03633418,0.01194716,-0.02225842,-0.02177299
5.210000,0.25126715,-0.17509853,0.89705302,0.08394835,1.39438391,0.31789286,-0.14918085,0.01168040,-0.01935887,-0.09563450,0.02926077,-0.12656681,-0.02939349,-0.00372658,-0.03527958,0.01302624,-0.02366491,-0.02092539
5.220000,0.24977385,-0.17498190,0.89685768,0.08299268,1.39467531,0.31662616,-0.14948197,0.01164851,-0.01970586,-0.09549891,0.02901725,-0.12677153,-0.03082334,-0.00264530,-0.03409953,0.01408893,-0.02503283,-0.02000579
5.230000,0.24827747,-0.17486553,0.89665894,0.08203841,1.39496421,0.31535746,-0.14979717,0.01162760,-0.02004046,-0.09535278,0.02876025,-0.12696670,-0.03220963,-0.00153013,-0.03279980,0.01513402,-0.02636080,-0.01901887
5.240000,0.24677786,-0.17474931,0.89645692,0.08108566,1.39525047,0.31408686,-0.15012601,0.01161800,-0.02036148,-0.09519630,0.02849017,-0.12715169,-0.03355130,-0.00038475,-0.03138620,0.01616026,-0.02764744,-0.01796934
5.250000,0.24527490,-0.17463313,0.89625176,0.08013452,1.39553397,0.31281446,-0.15046804,0.01162000,-0.02066782,-0.09502964,0.02820744,-0.12732590,-0.03484729,0.00078716,-0.02986452,0.01716642,-0.02889136,-0.01686189
5.260000,0.24376846,-0.17451687,0.89604361,0.07918510,1.39581458,0.31154038,-0.15082280,0.01163382,-0.02095843,-0.09485304,0.02791249,-0.12748875,-0.03609656,0.00198192,-0.02824056,0.01815129,-0.03009120,-0.01570122
5.270000,0.24225840,-0.17440041,0.89583265,0.07823749,1.39609218,0.31026472,-0.15118981,0.01165970,-0.02123231,-0.09466669,0.02760577,-0.12763976,-0.03729805,0.00319585,-0.02652010,0.01911363,-0.03124555,-0.01449202
5.280000,0.24074462,-0.17428363,0.89561903,0.07729180,1.39636666,0.30898762,-0.15156860,0.01169779,-0.02148853,-0.09447084,0.02728773,-0.12777845,-0.03845071,0.00442527,-0.02470895,0.02005220,-0.03235305,-0.01323899
5.290000,0.23922700,-0.17416641,0.89540294,0.07634811,1.39663790,0.30770920,-0.15195866,0.01174824,-0.02172621,-0.09426573,0.02695887,-0.12790441,-0.03955348,0.00566649,-0.02281290,0.02096578,-0.03341232,-0.01194682
5.300000,0.23770541,-0.17404863,0.89518457,0.07540651,1.39690580,0.30642958,-0.15235950,0.01181115,-0.02194452,-0.09405162,0.02661965,-0.12801727,-0.04060531,0.00691584,-0.02083774,0.02185315,-0.03442196,-0.01062022
5.310000,0.23617977,-0.17393015,0.89496411,0.07446710,1.39717026,0.30514890,-0.15277060,0.01188657,-0.02214272,-0.09382876,0.02627060,-0.12811671,-0.04160516,0.00816963,-0.01878928,0.02271306,-0.03538060,-0.00926387
5.320000,0.23464997,-0.17381085,0.89474178,0.07352996,1.39743118,0.30386729,-0.15319143,0.01197454,-0.02232008,-0.09359745,0.02591222,-0.12820246,-0.04255195,0.00942418,-0.01667329,0.02354429,-0.03628686,-0.00788247
5.330000,0.23311591,-0.17369062,0.89451778,0.07259518,1.39768847,0.30258489,-0.15362145,0.01207505,-0.02247598,-0.09335798,0.02554504,-0.12827429,-0.04344466,0.01067582,-0.01449558,0.02434560,-0.03713935,-0.00648072
5.340000,0.23157751,-0.17356931,0.89429234,0.07166283,1.39794205,0.30130185,-0.15406013,0.01218804,-0.02260981,-0.09311064,0.02516961,-0.12833203,-0.04428221,0.01192086,-0.01226194,0.02511578,-0.03793669,-0.00506331
5.350000,0.23003468,-0.17344681,0.89406566,0.07073299,1.39819184,0.30001830,-0.15450691,0.01231343,-0.02272105,-0.09285577,0.02478649,-0.12837552,-0.04506356,0.01315562,-0.00997817,0.02585359,-0.03867751,-0.00363494
5.360000,0.22848735,-0.17332300,0.89383799,0.06980574,1.39843776,0.29873439,-0.15496121,0.01245110,-0.02280922,-0.09259368,0.02439626,-0.12840470,-0.04578765,0.01437641,-0.00765006,0.02655779,-0.03936042,-0.00220031
5.370000,0.22693543,-0.17319775,0.89360956,0.06888114,1.39867974,0.29745025,-0.15542247,0.01260090,-0.02287392,-0.09232473,0.02399948,-0.12841953,-0.04645343,0.01557957,-0.00528340,0.02722717,-0.03998403,-0.00076411
5.380000,0.22537888,-0.17307094,0.89338059,0.06795927,1.39891773,0.29616605,-0.15589009,0.01276262,-0.02291478,-0.09204926,0.02359678,-0.12842000,-0.04705986,0.01676140,-0.00288400,0.02786048,-0.04054697,0.00066897
5.390000,0.22381761,-0.17294246,0.89315134,0.06704018,1.39915166,0.29488190,-0.15636347,0.01293604,-0.02293151,-0.09176764,0.02318875,-0.12840617,-0.04760586,0.01791822,-0.00045763,0.02845650,-0.04104786,0.00209422
5.400000,0.22225159,-0.17281219,0.89292204,0.06612393,1.39938149,0.29359797,-0.15684200,0.01312089,-0.02292387,-0.09148026,0.02277603,-0.12837815,-0.04809040,0.01904637,0.00198989,0.02901400,-0.04148531,0.00350696
5.410000,0.22068076,-0.17268001,0.89269295,0.06521059,1.39960717,0.29231439,-0.15732506,0.01331686,-0.02289166,-0.09118750,0.02235926,-0.12833609,-0.04851242,0.02014214,0.00445278,0.02953176,-0.04185795,0.00490248
5.420000,0.21910508,-0.17254581,0.89246429,0.06430020,1.39982866,0.29103129,-0.15781203,0.01352362,-0.02283478,-0.09088976,0.02193909,-0.12828018,-0.04887087,0.02120187,0.00692524,0.03000853,-0.04216438,0.00627609
5.430000,0.21752451,-0.17240950,0.89223633,0.06339281,1.40004594,0.28974883,-0.15830227,0.01374077,-0.02275314,-0.09058747,0.02151620,-0.12821066,-0.04916469,0.02222187,0.00940148,0.03044309,-0.04240323,0.00762309
5.440000,0.21593902,-0.17227096,0.89200931,0.06248846,1.40025898,0.28846712,-0.15879511,0.01396791,-0.02264675,-0.09028104,0.02109126,-0.12812782,-0.04939283,0.02319846,0.01187570,0.03083421,-0.04257312,0.00893880
5.450000,0.21434860,-0.17213011,0.89178348,0.06158720,1.40046776,0.28718632,-0.15928990,0.01420458,-0.02251566,-0.08997093,0.02066497,-0.12803200,-0.04955423,0.02412796,0.01434212,0.03118065,-0.04267267,0.01021850
5.460000,0.21275322,-0.17198684,0.89155908,0.06068906,1.40067228,0.28590653,-0.15978597,0.01445030,-0.02235996,-0.08965758,0.02023804,-0.12792359,-0.04964785,0.02500669,0.01679492,0.03148120,-0.04270049,0.01145752
5.470000,0.21115288,-0.17184107,0.89133636,0.05979406,1.40087252,0.28462788,-0.16028263,0.01470453,-0.02217982,-0.08934146,0.01981120,-0.12780300,-0.04967264,0.02583096,0.01922832,0.03173462,-0.04265520,0.01265114
5.480000,0.20954757,-0.17169272,0.89111557,0.05890223,1.40106851,0.28335051,-0.16077919,0.01496672,-0.02197548,-0.08902305,0.01938519,-0.12767073,-0.04962753,0.02659710,0.02163653,0.03193968,-0.04253542,0.01379468
5.490000,0.20793730,-0.17154172,0.89089693,0.05801360,1.40126023,0.28207451,-0.16127494,0.01523627,-0.02174720,-0.08870284,0.01896075,-0.12752729,-0.04951148,0.02730143,0.02401375,0.03209515,-0.04233977,0.01488344
5.500000,0.20632207,-0.17138798,0.89068070,0.05712818,1.40144773,0.28080000,-0.16176918,0.01551253,-0.02149532,-0.08838132,0.01853865,-0.12737326,-0.04932342,0.02794026,0.02635419,0.03219980,-0.04206687,0.01591273
5.510000,0.20470192,-0.17123144,0.89046710,0.05624598,1.40163102,0.27952707,-0.16226117,0.01579484,-0.02122025,-0.08805901,0.01811967,-0.12720925,-0.04906232,0.02850992,0.02865205,0.03225239,-0.04171534,0.01687784
5.520000,0.20307686,-0.17107206,0.89025637,0.05536700,1.40181013,0.27825584,-0.16275018,0.01608249,-0.02092244,-0.08773645,0.01770461,-0.12703593,-0.04872712,0.02900671,0.03090153,0.03225171,-0.04128379,0.01777408
5.530000,0.20144693,-0.17090978,0.89004873,0.05449125,1.40198512,0.27698638,-0.16323546,0.01637472,-0.02060240,-0.08741416,0.01729427,-0.12685401,-0.04831676,0.02942697,0.03309685,0.03219652,-0.04077084,0.01859677
5.540000,0.19981217,-0.17074455,0.88984440,0.05361872,1.40215604,0.27571879,-0.16371626,0.01667076,-0.02026071,-0.08709270,0.01688947,-0.12666426,-0.04783019,0.02976701,0.03523220,0.03208559,-0.04017511,0.01934119
5.550000,0.19817262,-0.17057635,0.88964359,0.05274939,1.40232294,0.27445312,-0.16419181,0.01696978,-0.01989798,-0.08677264,0.01649105,-0.12646747,-0.04726636,0.03002315,0.03730180,0.03191769,-0.03949522,0.02000265
5.560000,0.19652835,-0.17040515,0.88944650,0.05188326,1.40248588,0.27318946,-0.16466132,0.01727093,-0.01951491,-0.08645454,0.01609985,-0.12626450,-0.04662421,0.03019170,0.03929984,0.03169158,-0.03872979,0.02057647
5.570000,0.19487942,-0.17023093,0.88925335,0.05102029,1.40264496,0.27192785,-0.16512403,0.01757331,-0.01911224,-0.08613900,0.01571674,-0.12605625,-0.04590270,0.03026899,0.04122054,0.03140605,-0.03787744,0.02105794
5.580000,0.19322590,-0.17005368,0.88906432,0.05016047,1.40280025,0.27066835,-0.16557911,0.01787600,-0.01869077,-0.08582662,0.01534260,-0.12584366,-0.04510076,0.03025134,0.04305810,0.03105986,-0.03693678,0.02144236
5.590000,0.19156786,-0.16987341,0.88887960,0.04930375,1.40295184,0.26941099,-0.16602577,0.01817801,-0.01825137,-0.08551801,0.01497830,-0.12562774,-0.04421735,0.03013506,0.04480673,0.03065178,-0.03590644,0.02172505
5.600000,0.18990541,-0.16969013,0.88869935,0.04845009,1.40309985,0.26815580,-0.16646318,0.01847836,-0.01779496,-0.08521380,0.01462477,-0.12540951,-0.04325142,0.02991648,0.04646062,0.03018058,-0.03478502,0.02190131
5.610000,0.18823863,-0.16950386,0.88852375,0.04759945,1.40324438,0.26690280,-0.16689052,0.01877599,-0.01732250,-0.08491462,0.01428291,-0.12519008,-0.04220190,0.02959191,0.04801399,0.02964503,-0.03357116,0.02196643
5.620000,0.18656764,-0.16931462,0.88835295,0.04675178,1.40338555,0.26565200,-0.16730694,0.01906983,-0.01683503,-0.08462112,0.01395366,-0.12497057,-0.04106775,0.02915767,0.04946104,0.02904390,-0.03226346,0.02191573
5.630000,0.18489253,-0.16912248,0.88818710,0.04590701,1.40352350,0.26440339,-0.16771159,0.01935876,-0.01633365,-0.08433396,0.01363796,-0.12475217,-0.03984792,0.02861008,0.05079598,0.02837596,-0.03086055,0.02174451
5.640000,0.18321345,-0.16892747,0.88802632,0.04506508,1.40365836,0.26315695,-0.16810361,0.01964164,-0.01581950,-0.08405382,0.01333677,-0.12453610,-0.03854134,0.02794546,0.05201301,0.02763999,-0.02936105,0.02144807
5.650000,0.18153051,-0.16872967,0.88787075,0.04422591,1.40379028,0.26191265,-0.16848212,0.01991727,-0.01529380,-0.08378139,0.01305107,-0.12432364,-0.03714698,0.02716013,0.05310634,0.02683474,-0.02776356,0.02102171
5.660000,0.17984385,-0.16852915,0.88772048,0.04338942,1.40391943,0.26067046,-0.16884625,0.02018443,-0.01475781,-0.08351736,0.01278183,-0.12411611,-0.03566377,0.02625041,0.05407017,0.02595899,-0.02606672,0.02046075
5.670000,0.17815363,-0.16832601,0.88757562,0.04255553,1.40404598,0.25943031,-0.16919510,0.02044185,-0.01421285,-0.08326245,0.01253007,-0.12391489,-0.03409066,0.02521262,0.05489871,0.02501152,-0.02426914,0.01976048
5.680000,0.17646000,-0.16812035,0.88743625,0.04172414,1.40417010,0.25819214,-0.16952776,0.02068824,-0.01366031,-0.08301738,0.01229679,-0.12372138,-0.03242660,0.02404307,0.05558617,0.02399108,-0.02236944,0.01891622
5.690000,0.17476313,-0.16791229,0.88730243,0.04089515,1.40429198,0.25695585,-0.16984332,0.02092226,-0.01310162,-0.08278288,0.01208302,-0.12353706,-0.03067054,0.02273808,0.05612674,0.02289646,-0.02036624,0.01792325
5.700000,0.17306320,-0.16770195,0.88717423,0.04006845,1.40441183,0.25572136,-0.17014086,0.02114254,-0.01253828,-0.08255970,0.01188981,-0.12336343,-0.02882142,0.02129398,0.05651464,0.02172642,-0.01825815,0.01677690
5.710000,0.17136038,-0.16748949,0.88705168,0.03924391,1.40452985,0.25448854,-0.17041944,0.02134767,-0.01197185,-0.08234860,0.01171821,-0.12320205,-0.02687819,0.01970708,0.05674408,0.02047973,-0.01604379,0.01547245
5.720000,0.16965488,-0.16727505,0.88693480,0.03842143,1.40464627,0.25325727,-0.17067811,0.02153619,-0.01140395,-0.08215036,0.01156930,-0.12305452,-0.02483982,0.01797373,0.05680928,0.01915518,-0.01372181,0.01400526
5.730000,0.16794689,-0.16705882,0.88682360,0.03760086,1.40476131,0.25202740,-0.17091592,0.02170665,-0.01083622,-0.08196576,0.01144414,-0.12292249,-0.02270730,0.01609365,0.05670856,0.01775350,-0.01129310,0.01237429
5.740000,0.16623663,-0.16684099,0.88671807,0.03678207,1.40487523,0.25079876,-0.17113196,0.02185760,-0.01027031,-0.08179554,0.01134377,-0.12280757,-0.02048538,0.01407275,0.05644767,0.01627899,-0.00876268,0.01058521
5.750000,0.16452432,-0.16662174,0.88661818,0.03596490,1.40498827,0.24957119,-0.17132535,0.02198766,-0.00970778,-0.08164041,0.01126920,-0.12271129,-0.01817921,0.01191759,0.05603316,0.01473635,-0.00613604,0.00864438
5.760000,0.16281020,-0.16640131,0.88652390,0.03514921,1.40510070,0.24834447,-0.17149528,0.02209552,-0.00915013,-0.08150102,0.01122136,-0.12263516,-0.01579392,0.00963476,0.05547161,0.01313027,-0.00341866,0.00655820
5.770000,0.16109450,-0.16617991,0.88643516,0.03433483,1.40521279,0.24711841,-0.17164098,0.02217995,-0.00859881,-0.08137800,0.01120111,-0.12258059,-0.01333465,0.00723081,0.05476957,0.01146543,-0.00061602,0.00433304
5.780000,0.15937746,-0.16595779,0.88635189,0.03352159,1.40532482,0.24589278,-0.17176174,0.02223976,-0.00805519,-0.08127189,0.01120930,-0.12254894,-0.01080656,0.00471234,0.05393359,0.00974653,0.00226640,0.00197527
5.790000,0.15765935,-0.16573520,0.88627402,0.03270933,1.40543708,0.24466735,-0.17185690,0.02227384,-0.00752057,-0.08118323,0.01124669,-0.12254151,-0.00821479,0.00208590,0.05297025,0.00797825,0.00522311,-0.00050872
5.800000,0.15594041,-0.16551240,0.88620145,0.03189787,1.40554986,0.24344187,-0.17192584,0.02228114,-0.00699619,-0.08111248,0.01131399,-0.12255952,-0.00556447,-0.00064193,0.05188610,0.00616529,0.00824865,-0.00311255
5.810000,0.15422092,-0.16528967,0.88613406,0.03108702,1.40566346,0.24221607,-0.17196801,0.02226068,-0.00648323,-0.08106006,0.01141187,-0.12260414,-0.00286076,-0.00346457,0.05068770,0.00431234,0.01133752,-0.00582984
5.820000,0.15250114,-0.16506728,0.88607174,0.03027660,1.40577820,0.24098969,-0.17198289,0.02221155,-0.00598279,-0.08102635,0.01154094,-0.12267647,-0.00010880,-0.00637546,0.04938161,0.00242408,0.01448425,-0.00865422
5.830000,0.15078136,-0.16484554,0.88601436,0.02946643,1.40589438,0.23976245,-0.17197004,0.02213290,-0.00549593,-0.08101168,0.01170173,-0.12277756,0.00268627,-0.00936801,0.04797439,0.00050522,0.01768336,-0.01157930
5.840000,0.14906184,-0.16462473,0.88596178,0.02865630,1.40601234,0.23853404,-0.17192904,0.02202394,-0.00502362,-0.08101633,0.01189476,-0.12290837,0.00551931,-0.01243566,0.04647260,-0.00143958,0.02092936,-0.01459870
5.850000,0.14734287,-0.16440516,0.88591384,0.02784604,1.40613239,0.23730418,-0.17185955,0.02188396,-0.00456677,-0.08104054,0.01212046,-0.12306982,0.00838517,-0.01557184,0.04488281,-0.00340560,0.02421678,-0.01770606
5.860000,0.14562474,-0.16418715,0.88587039,0.02703543,1.40625486,0.23607254,-0.17176125,0.02171230,-0.00412624,-0.08108450,0.01237921,-0.12326276,0.01127870,-0.01876996,0.04321157,-0.00538817,0.02754013,-0.02089498
5.870000,0.14390774,-0.16397102,0.88583126,0.02622428,1.40638008,0.23483882,-0.17163390,0.02150837,-0.00370279,-0.08114834,0.01267136,-0.12348797,0.01419476,-0.02202347,0.04146545,-0.00738259,0.03089394,-0.02415908
5.880000,0.14219216,-0.16375709,0.88579627,0.02541239,1.40650840,0.23360267,-0.17147729,0.02127167,-0.00329715,-0.08123217,0.01299718,-0.12374618,0.01712822,-0.02532578,0.03965100,-0.00938417,0.03427273,-0.02749200
5.890000,0.14047830,-0.16354570,0.88576525,0.02459957,1.40664014,0.23236378,-0.17129129,0.02100172,-0.00290998,-0.08133604,0.01335688,-0.12403802,0.02007392,-0.02867032,0.03777478,-0.01138823,0.03767100,-0.03088734
5.900000,0.13876644,-0.16333717,0.88573801,0.02378561,1.40677565,0.23112180,-0.17107579,0.02069814,-0.00254184,-0.08145993,0.01375064,-0.12436411,0.02302672,-0.03205052,0.03584336,-0.01339007,0.04108329,-0.03433874
5.910000,0.13705688,-0.16313185,0.88571435,0.02297030,1.40691527,0.22987638,-0.17083075,0.02036061,-0.00219327,-0.08160381,0.01417858,-0.12472496,0.02598148,-0.03545980,0.03386329,-0.01538499,0.04450411,-0.03783980
5.920000,0.13534992,-0.16293007,0.88569408,0.02215346,1.40705933,0.22862718,-0.17055617,0.01998887,-0.00186472,-0.08176759,0.01464074,-0.12512105,0.02893305,-0.03889160,0.03184114,-0.01736833,0.04792799,-0.04138416
5.930000,0.13364585,-0.16273219,0.88567699,0.02133489,1.40720820,0.22737384,-0.17025212,0.01958273,-0.00155657,-0.08195113,0.01513713,-0.12555277,0.03187629,-0.04233934,0.02978347,-0.01933537,0.05134943,-0.04496543
5.940000,0.13194497,-0.16253853,0.88566288,0.02051438,1.40736219,0.22611601,-0.16991869,0.01914205,-0.00126914,-0.08215423,0.01566770,-0.12602046,0.03480606,-0.04579645,0.02769683,-0.02128143,0.05476297,-0.04857723
5.950000,0.13024758,-0.16234946,0.88565153,0.01969174,1.40752166,0.22485331,-0.16955606,0.01866679,-0.00100270,-0.08237667,0.01623234,-0.12652439,0.03771721,-0.04925636,0.02558779,-0.02320183,0.05816312,-0.05221319
5.960000,0.12855395,-0.16216531,0.88564275,0.01886678,1.40768695,0.22358540,-0.16916443,0.01815694,-0.00075744,-0.08261816,0.01683090,-0.12706478,0.04060459,-0.05271248,0.02346290,-0.02509187,0.06154440,-0.05586692
5.970000,0.12686438,-0.16198644,0.88563631,0.01803931,1.40785839,0.22231189,-0.16874406,0.01761257,-0.00053348,-0.08287839,0.01746315,-0.12764177,0.04346307,-0.05615825,0.02132874,-0.02694685,0.06490133,-0.05953204
5.980000,0.12517916,-0.16181318,0.88563201,0.01720915,1.40803632,0.22103244,-0.16829528,0.01703383,-0.00033088,-0.08315697,0.01812883,-0.12825544,0.04628751,-0.05958710,0.01919185,-0.02876210,0.06822842,-0.06320218
5.990000,0.12349857,-0.16164588,0.88562962,0.01637611,1.40822108,0.21974666,-0.16781844,0.01642091,-0.00014963,-0.08345348,0.01882760,-0.12890581,0.04907274,-0.06299246,0.01705879,-0.03053292,0.07152021,-0.06687096
6.000000,0.12182289,-0.16148487,0.88562895,0.01554002,1.40841299,0.21845420,-0.16731397,0.01577408,0.00001034,-0.08376746,0.01955909,-0.12959283,0.05181365,-0.06636774,0.01493614,-0.03225462,0.07477120,-0.07053199
6.010000,0.12015238,-0.16133051,0.88562976,0.01470071,1.40861237,0.21715468,-0.16678234,0.01509368,0.00014915,-0.08409840,0.02032287,-0.13031640,0.05450507,-0.06970638,0.01283045,-0.03392252,0.07797592,-0.07417891
6.020000,0.11848733,-0.16118311,0.88563186,0.01385800,1.40881955,0.21584775,-0.16622405,0.01438010,0.00026702,-0.08444572,0.02111844,-0.13107634,0.05714186,-0.07300180,0.01074827,-0.03553191,0.08112889,-0.07780532
6.030000,0.11682799,-0.16104301,0.88563503,0.01301174,1.40903484,0.21453304,-0.16563970,0.01363381,0.00036422,-0.08480882,0.02194526,-0.13187242,0.05971889,-0.07624744,0.00869618,-0.03707811,0.08422462,-0.08140485
6.040000,0.11517462,-0.16091054,0.88563908,0.01216177,1.40925856,0.21321018,-0.16502989,0.01285534,0.00044107,-0.08518706,0.02280272,-0.13270433,0.06223100,-0.07943671,0.00668072,-0.03855643,0.08725765,-0.08497112
6.050000,0.11352747,-0.16078601,0.88564379,0.01130795,1.40949100,0.21187883,-0.16439531,0.01204528,0.00049798,-0.08557971,0.02369018,-0.13357171,0.06467305,-0.08256306,0.00470847,-0.03996218,0.09022247,-0.08849776
6.060000,0.11188679,-0.16066974,0.88564897,0.01045013,1.40973246,0.21053863,-0.16373668,0.01120431,0.00053540,-0.08598604,0.02460693,-0.13447413,0.06703991,-0.08561989,0.00278597,-0.04129067,0.09311362,-0.09197837
6.070000,0.11025282,-0.16056203,0.88565443,0.00958819,1.40998323,0.20918923,-0.16305478,0.01033314,0.00055388,-0.08640525,0.02555219,-0.13541110,0.06932642,-0.08860064,0.00091980,-0.04253722,0.09592562,-0.09540659
6.080000,0.10862577,-0.16046317,0.88565999,0.00872199,1.41024359,0.20783030,-0.16235044,0.00943257,0.00055401,-0.08683650,0.02652516,-0.13638207,0.07152745,-0.09149874,-0.00088349,-0.04369712,0.09865298,-0.09877603
6.090000,0.10700588,-0.16037347,0.88566545,0.00785142,1.41051382,0.20646148,-0.16162453,0.00850346,0.00053644,-0.08727889,0.02752495,-0.13738641,0.07363784,-0.09430761,-0.00261734,-0.04476569,0.10129022,-0.10208031
6.100000,0.10539335,-0.16029320,0.88567066,0.00697638,1.41079418,0.20508246,-0.16087800,0.00754674,0.00050192,-0.08773149,0.02855064,-0.13842344,0.07565245,-0.09702069,-0.00427518,-0.04573824,0.10383187,-0.10531306
6.110000,0.10378839,-0.16022262,0.88567544,0.00609676,1.41108492,0.20369291,-0.16011182,0.00656339,0.00045122,-0.08819332,0.02960125,-0.13949241,0.07756615,-0.09963139,-0.00585047,-0.04661007,0.10627244,-0.10846790
6.120000,0.10219118,-0.16016201,0.88567963,0.00521248,1.41138628,0.20229251,-0.15932703,0.00555447,0.00038520,-0.08866334,0.03067574,-0.14059251,0.07937378,-0.10213315,-0.00733663,-0.04737651,0.10860645,-0.11153844
6.130000,0.10060190,-0.16011162,0.88568309,0.00432347,1.41169851,0.20088096,-0.15852472,0.00452111,0.00030480,-0.08914048,0.03177301,-0.14172287,0.08107020,-0.10451939,-0.00872710,-0.04803286,0.11082842,-0.11451831
6.140000,0.09902074,-0.16007167,0.88568568,0.00342965,1.41202182,0.19945795,-0.15770601,0.00346449,0.00021100,-0.08962362,0.03289191,-0.14288255,0.08265028,-0.10678354,-0.01001534,-0.04857442,0.11293287,-0.11740112
6.150000,0.09744783,-0.16004240,0.88568727,0.00253098,1.41235642,0.19802321,-0.15687212,0.00238587,0.00010486,-0.09011157,0.03403125,-0.14407055,0.08410885,-0.10891903,-0.01119477,-0.04899651,0.11491433,-0.12018051
6.160000,0.09588334,-0.16002402,0.88568774,0.00162741,1.41270251,0.19657645,-0.15602426,0.00128656,-0.00001251,-0.09060313,0.03518977,-0.14528580,0.08544079,-0.11091928,-0.01225883,-0.04929445,0.11676730,-0.12285008
6.170000,0.09432739,-0.16001673,0.88568699,0.00071891,1.41306027,0.19511741,-0.15516374,0.00016795,-0.00013991,-0.09109703,0.03636615,-0.14652717,0.08664095,-0.11277772,-0.01320097,-0.04946353,0.11848631,-0.12540347
6.180000,0.09278010,-0.16002072,0.88568492,-0.00019453,1.41342988,0.19364582,-0.15429190,-0.00096850,-0.00027610,-0.09159196,0.03755903,-0.14779346,0.08770418,-0.11448778,-0.01401462,-0.04949906,0.12006589,-0.12783428
6.190000,0.09124159,-0.16003616,0.88568144,-0.00111293,1.41381150,0.19216146,-0.15341013,-0.00212128,-0.00041975,-0.09208655,0.03876699,-0.14908342,0.08862533,-0.11604289,-0.01469323,-0.04939637,0.12150054,-0.13013615
6.200000,0.08971193,-0.16006320,0.88567650,-0.00203626,1.41420527,0.19066408,-0.15251988,-0.00328882,-0.00056949,-0.09257941,0.03998854,-0.15039573,0.08939928,-0.11743646,-0.01523023,-0.04915075,0.12278478,-0.13230269
6.210000,0.08819121,-0.16010198,0.88567004,-0.00296451,1.41461131,0.18915347,-0.15162265,-0.00446945,-0.00072387,-0.09306907,0.04122216,-0.15172900,0.09002086,-0.11866194,-0.01561907,-0.04875752,0.12391315,-0.13432752
6.220000,0.08667949,-0.16015262,0.88566201,-0.00389763,1.41502975,0.18762944,-0.15071999,-0.00566148,-0.00088136,-0.09355405,0.04246627,-0.15308179,0.09048494,-0.11971274,-0.01585318,-0.04821199,0.12488015,-0.13620426
6.230000,0.08517682,-0.16021524,0.88565240,-0.00483557,1.41546067,0.18609178,-0.14981349,-0.00686310,-0.00104039,-0.09403279,0.04371921,-0.15445257,0.09078638,-0.12058230,-0.01592600,-0.04750946,0.12568031,-0.13792654
6.240000,0.08368323,-0.16028991,0.88564121,-0.00577826,1.41590415,0.18454033,-0.14890482,-0.00807250,-0.00119932,-0.09450370,0.04497930,-0.15583978,0.09092003,-0.12126403,-0.01583097,-0.04664526,0.12630815,-0.13948798
6.250000,0.08219873,-0.16037671,0.88562842,-0.00672561,1.41636027,0.18297493,-0.14799567,-0.00928774,-0.00135643,-0.09496514,0.04624478,-0.15724178,0.09088074,-0.12175137,-0.01556154,-0.04561468,0.12675818,-0.14088219
6.260000,0.08072331,-0.16047568,0.88561409,-0.00767752,1.41682906,0.18139545,-0.14708780,-0.01050685,-0.00150995,-0.09541542,0.04751385,-0.15865685,0.09066338,-0.12203775,-0.01511114,-0.04441303,0.12702492,-0.14210280
6.270000,0.07925696,-0.16058685,0.88559824,-0.00863387,1.41731055,0.17980176,-0.14618301,-0.01172780,-0.00165803,-0.09585282,0.04878465,-0.16008323,0.09026279,-0.12211659,-0.01447321,-0.04303563,0.12710290,-0.14314342
6.280000,0.07779964,-0.16071023,0.88558095,-0.00959453,1.41780475,0.17819375,-0.14528317,-0.01294847,-0.00179876,-0.09627554,0.05005526,-0.16151910,0.08967384,-0.12198132,-0.01364118,-0.04147779,0.12698664,-0.14399769
6.290000,0.07635128,-0.16084581,0.88556230,-0.01055933,1.41831165,0.17657135,-0.14439018,-0.01416669,-0.00193018,-0.09668175,0.05132372,-0.16296254,0.08889138,-0.12162536,-0.01260851,-0.03973482,0.12667064,-0.14465921
6.300000,0.07491180,-0.16099355,0.88554239,-0.01152810,1.41883122,0.17493448,-0.14350601,-0.01538022,-0.00205024,-0.09706960,0.05258799,-0.16441162,0.08791026,-0.12104215,-0.01136863,-0.03780202,0.12614944,-0.14512161
6.310000,0.07348112,-0.16115339,0.88552134,-0.01250065,1.41936339,0.17328311,-0.14263266,-0.01658675,-0.00215684,-0.09743715,0.05384600,-0.16586429,0.08672535,-0.12022511,-0.00991498,-0.03567471,0.12541755,-0.14537852
6.320000,0.07205911,-0.16132526,0.88549930,-0.01347677,1.41990811,0.17161719,-0.14177220,-0.01778392,-0.00224781,-0.09778243,0.05509562,-0.16731848,0.08533150,-0.11916766,-0.00824100,-0.03334819,0.12446950,-0.14542354
6.330000,0.07064563,-0.16150903,0.88547644,-0.01445622,1.42046527,0.16993674,-0.14092674,-0.01896928,-0.00232091,-0.09810343,0.05633465,-0.16877203,0.08372356,-0.11786324,-0.00634013,-0.03081778,0.12329979,-0.14525031
6.340000,0.06924052,-0.16170459,0.88545295,-0.01543875,1.42103476,0.16824176,-0.14009845,-0.02014034,-0.00237383,-0.09839809,0.05756086,-0.17022274,0.08189640,-0.11630527,-0.00420581,-0.02807879,0.12190296,-0.14485244
6.350000,0.06784359,-0.16191178,0.88542904,-0.01642409,1.42161644,0.16653230,-0.13928955,-0.02129453,-0.00240423,-0.09866430,0.05877194,-0.17166832,0.07984755,-0.11449016,-0.00183452,-0.02512907,0.12027596,-0.14422583
6.360000,0.06645465,-0.16213042,0.88540495,-0.01741194,1.42221014,0.16480842,-0.13850222,-0.02242931,-0.00240976,-0.09889999,0.05996563,-0.17310651,0.07758452,-0.11242531,0.00076599,-0.02197590,0.11842479,-0.14337477
6.370000,0.06507347,-0.16236030,0.88538094,-0.01840198,1.42281568,0.16307020,-0.13773854,-0.02354224,-0.00238818,-0.09910317,0.06113972,-0.17453509,0.07511707,-0.11012064,0.00358540,-0.01862871,0.11635753,-0.14230549
6.380000,0.06369980,-0.16260118,0.88535728,-0.01939388,1.42343286,0.16131776,-0.13700053,-0.02463096,-0.00233736,-0.09927195,0.06229209,-0.17595191,0.07245499,-0.10758610,0.00661338,-0.01509694,0.11408224,-0.14102423
6.390000,0.06233337,-0.16285283,0.88533429,-0.02038730,1.42406145,0.15955121,-0.13629006,-0.02569323,-0.00225525,-0.09940453,0.06342070,-0.17735488,0.06960806,-0.10483161,0.00983959,-0.01139003,0.11160699,-0.13953720
6.400000,0.06097390,-0.16311495,0.88531229,-0.02138185,1.42470119,0.15777071,-0.13560895,-0.02672689,-0.00213994,-0.09949920,0.06452359,-0.17874199,0.06658605,-0.10186711,0.01325372,-0.00751742,0.10893986,-0.13785065
6.410000,0.05962109,-0.16338726,0.88529161,-0.02237715,1.42535182,0.15597643,-0.13495889,-0.02772990,-0.00198959,-0.09955436,0.06559888,-0.18011125,0.06339874,-0.09870253,0.01684542,-0.00348854,0.10608893,-0.13597080
6.420000,0.05827461,-0.16366944,0.88527262,-0.02337280,1.42601307,0.15416855,-0.13434149,-0.02870031,-0.00180247,-0.09956848,0.06664478,-0.18146078,0.06005592,-0.09534781,0.02060437,0.00068716,0.10306226,-0.13390387
6.430000,0.05693414,-0.16396115,0.88525569,-0.02436838,1.42668462,0.15234729,-0.13375826,-0.02963626,-0.00157697,-0.09954016,0.06765957,-0.18278873,0.05656736,-0.09181287,0.02452024,0.00500024,0.09986793,-0.13165610
6.440000,0.05559933,-0.16426205,0.88524121,-0.02536346,1.42736615,0.15051286,-0.13321060,-0.03053600,-0.00131158,-0.09946805,0.06864161,-0.18409332,0.05294284,-0.08810765,0.02858269,0.00944128,0.09651402,-0.12923372
6.450000,0.05426981,-0.16457175,0.88522960,-0.02635759,1.42805733,0.14866551,-0.13269982,-0.03139788,-0.00100487,-0.09935093,0.06958934,-0.18537284,0.04919213,-0.08424208,0.03278141,0.01400082,0.09300858,-0.12664296
6.460000,0.05294520,-0.16488987,0.88522126,-0.02735032,1.42875782,0.14680549,-0.13222714,-0.03222034,-0.00065553,-0.09918767,0.07050130,-0.18662564,0.04532503,-0.08022609,0.03710606,0.01866944,0.08935970,-0.12389004
6.470000,0.05162513,-0.16521602,0.88521663,-0.02834119,1.42946724,0.14493309,-0.13179368,-0.03300193,-0.00026236,-0.09897721,0.07137609,-0.18785012,0.04135130,-0.07606963,0.04154631,0.02343769,0.08557545,-0.12098120
6.480000,0.05030920,-0.16554977,0.88521616,-0.02932971,1.43018521,0.14304859,-0.13140044,-0.03374129,0.00017575,-0.09871862,0.07221239,-0.18904476,0.03728072,-0.07178261,0.04609184,0.02829614,0.08166390,-0.11792266
6.490000,0.04899699,-0.16589070,0.88522030,-0.03031539,1.43091135,0.14115230,-0.13104835,-0.03443718,0.00065979,-0.09841102,0.07300897,-0.19020810,0.03312308,-0.06737498,0.05073230,0.03323535,0.07763313,-0.11472065
6.500000,0.04768809,-0.16623837,0.88522951,-0.03129776,1.43164525,0.13924453,-0.13073824,-0.03508843,0.00119068,-0.09805367,0.07376468,-0.19133872,0.02888816,-0.06285666,0.05545737,0.03824587,0.07349120,-0.11138141
6.510000,0.04638208,-0.16659232,0.88524427,-0.03227630,1.43238651,0.13732564,-0.13047081,-0.03569398,0.00176919,-0.09764590,0.07447845,-0.19243529,0.02458572,-0.05823759,0.06025673,0.04331828,0.06924619,-0.10791116
6.520000,0.04507853,-0.16695209,0.88526506,-0.03325051,1.43313468,0.13539595,-0.13024671,-0.03625287,0.00239602,-0.09718713,0.07514929,-0.19349653,0.02022556,-0.05352770,0.06512005,0.04844312,0.06490618,-0.10431613
6.530000,0.04377700,-0.16731722,0.88529236,-0.03421987,1.43388935,0.13345583,-0.13006646,-0.03676426,0.00307177,-0.09667689,0.07577628,-0.19452122,0.01581744,-0.04873693,0.07003698,0.05361098,0.06047923,-0.10060255
6.540000,0.04247705,-0.16768721,0.88532666,-0.03518387,1.43465006,0.13150565,-0.12993049,-0.03722738,0.00379691,-0.09611480,0.07635861,-0.19550820,0.01137115,-0.04387520,0.07499721,0.05881240,0.05597342,-0.09677665
6.550000,0.04117824,-0.16806160,0.88536846,-0.03614199,1.43541637,0.12954579,-0.12983913,-0.03764156,0.00457182,-0.09550056,0.07689552,-0.19645640,0.00689648,-0.03895245,0.07999040,0.06403794,0.05139682,-0.09284466
6.560000,0.03988012,-0.16843988,0.88541826,-0.03709371,1.43618781,0.12757665,-0.12979262,-0.03800626,0.00539679,-0.09483399,0.07738634,-0.19736476,0.00240318,-0.03397862,0.08500623,0.06927818,0.04675750,-0.08881280
6.570000,0.03858224,-0.16882156,0.88547656,-0.03803850,1.43696394,0.12559863,-0.12979110,-0.03832100,0.00627199,-0.09411498,0.07783048,-0.19823234,-0.00209895,-0.02896363,0.09003436,0.07452367,0.04206354,-0.08468732
6.580000,0.03728415,-0.16920613,0.88554387,-0.03897583,1.43774427,0.12361214,-0.12983460,-0.03858542,0.00719748,-0.09334353,0.07822745,-0.19905822,-0.00660013,-0.02391741,0.09506447,0.07976497,0.03732301,-0.08047443
6.590000,0.03598540,-0.16959310,0.88562068,-0.03990519,1.43852833,0.12161761,-0.12992307,-0.03879927,0.00817325,-0.09251973,0.07857681,-0.19984156,-0.01109059,-0.01884991,0.10008623,0.08499264,0.03254398,-0.07618037
6.600000,0.03468554,-0.16998195,0.88570750,-0.04082605,1.43931564,0.11961546,-0.13005634,-0.03896238,0.00919915,-0.09164376,0.07887823,-0.20058158,-0.01556055,-0.01377105,0.10508930,0.09019725,0.02773452,-0.07181136
6.610000,0.03338412,-0.17037218,0.88580483,-0.04173790,1.44010573,0.11760613,-0.13023418,-0.03907469,0.01027494,-0.09071589,0.07913143,-0.20127756,-0.02000023,-0.00869077,0.11006336,0.09536937,0.02290272,-0.06737364
6.620000,0.03208071,-0.17076327,0.88591316,-0.04264020,1.44089811,0.11559006,-0.13045621,-0.03913623,0.01140028,-0.08973651,0.07933624,-0.20192884,-0.02439985,-0.00361900,0.11499808,0.10049954,0.01805663,-0.06287343
6.630000,0.03077485,-0.17115473,0.88603300,-0.04353246,1.44169229,0.11356770,-0.13072201,-0.03914713,0.01257473,-0.08870607,0.07949254,-0.20253484,-0.02874964,0.00143433,0.11988312,0.10557833,0.01320433,-0.05831696
6.640000,0.02946612,-0.17154605,0.88616482,-0.04441415,1.44248780,0.11153951,-0.13103101,-0.03910764,0.01379775,-0.08762514,0.07960033,-0.20309501,-0.03303980,0.00645929,0.12470816,0.11059630,0.00835390,-0.05371047
6.650000,0.02815409,-0.17193672,0.88630911,-0.04528479,1.44328414,0.10950595,-0.13138257,-0.03901807,0.01506866,-0.08649438,0.07965965,-0.20360890,-0.03726057,0.01144594,0.12946287,0.11554403,0.00351341,-0.04906018
6.660000,0.02683833,-0.17232624,0.88646635,-0.04614388,1.44408083,0.10746749,-0.13177596,-0.03887888,0.01638673,-0.08531453,0.07967066,-0.20407609,-0.04140217,0.01638434,0.13413692,0.12041205,-0.00130907,-0.04437231
6.670000,0.02551843,-0.17271413,0.88663700,-0.04699092,1.44487739,0.10542459,-0.13221032,-0.03869058,0.01775110,-0.08408644,0.07963356,-0.20449624,-0.04545481,0.02126458,0.13871998,0.12519095,-0.00610547,-0.03965311
6.680000,0.02419399,-0.17309989,0.88682152,-0.04782545,1.44567334,0.10337772,-0.13268472,-0.03845381,0.01916080,-0.08281104,0.07954866,-0.20486907,-0.04940872,0.02607671,0.14320172,0.12987128,-0.01086771,-0.03490880
6.690000,0.02286461,-0.17348305,0.88702037,-0.04864699,1.44646821,0.10132737,-0.13319813,-0.03816931,0.02061476,-0.08148937,0.07941635,-0.20519435,-0.05325412,0.03081080,0.14757181,0.13444360,-0.01558772,-0.03014561
6.700000,0.02152990,-0.17386312,0.88723396,-0.04945509,1.44726151,0.09927399,-0.13374941,-0.03783789,0.02211183,-0.08012256,0.07923707,-0.20547194,-0.05698123,0.03545692,0.15181992,0.13889847,-0.02025743,-0.02536976
6.710000,0.02018950,-0.17423965,0.88746274,-0.05024929,1.44805279,0.09721809,-0.13433733,-0.03746049,0.02365072,-0.07871182,0.07901139,-0.20570173,-0.06058027,0.04000514,0.15593572,0.14322646,-0.02486877,-0.02058749
6.720000,0.01884304,-0.17461218,0.88770711,-0.05102918,1.44884159,0.09516012,-0.13496056,-0.03703815,0.02523006,-0.07725848,0.07873992,-0.20588369,-0.06404146,0.04444552,0.15990888,0.14741813,-0.02941366,-0.01580503
6.730000,0.01749017,-0.17498027,0.88796747,-0.05179433,1.44962744,0.09310057,-0.13561767,-0.03657198,0.02684839,-0.07576395,0.07842337,-0.20601785,-0.06735503,0.04876813,0.16372908,0.15146404,-0.03388403,-0.01102860
6.740000,0.01613058,-0.17534348,0.88824421,-0.05254433,1.45040991,0.09103992,-0.13630713,-0.03606321,0.02850410,-0.07422972,0.07806252,-0.20610430,-0.07051119,0.05296303,0.16738597,0.15535474,-0.03827180,-0.00626444
6.750000,0.01476393,-0.17570140,0.88853767,-0.05327879,1.45118855,0.08897864,-0.13702733,-0.03551317,0.03019553,-0.07265740,0.07765823,-0.20614320,-0.07350017,0.05702031,0.17086924,0.15908081,-0.04256892,-0.00151877
6.760000,0.01338993,-0.17605361,0.88884823,-0.05399735,1.45196293,0.08691721,-0.13777655,-0.03492330,0.03192087,-0.07104868,0.07721147,-0.20613476,-0.07631218,0.06093001,0.17416856,0.16263281,-0.04676729,0.00320217
6.770000,0.01200831,-0.17639974,0.88917620,-0.05469965,1.45273264,0.08485611,-0.13855295,-0.03429510,0.03367825,-0.06940536,0.07672324,-0.20607926,-0.07893746,0.06468221,0.17727358,0.16600129,-0.05085885,0.00789216
6.780000,0.01061879,-0.17673939,0.88952189,-0.05538535,1.45349726,0.08279579,-0.13935464,-0.03363021,0.03546566,-0.06772930,0.07619467,-0.20597704,-0.08136621,0.06826698,0.18017399,0.16917682,-0.05483553,0.01254497
6.790000,0.00922114,-0.17707222,0.88988561,-0.05605414,1.45425640,0.08073672,-0.14017959,-0.03293035,0.03728101,-0.06602250,0.07562694,-0.20582850,-0.08358866,0.07167439,0.18285946,0.17214995,-0.05868925,0.01715437
6.800000,0.00781513,-0.17739789,0.89026760,-0.05670571,1.45500967,0.07867937,-0.14102569,-0.03219735,0.03912210,-0.06428701,0.07502132,-0.20563412,-0.08559504,0.07489449,0.18531965,0.17491126,-0.06241194,0.02171413
6.810000,0.00640056,-0.17771607,0.89066813,-0.05733979,1.45575671,0.07662419,-0.14189074,-0.03143312,0.04098662,-0.06252501,0.07437917,-0.20539441,-0.08737555,0.07791736,0.18754423,0.17745131,-0.06599553,0.02621802
6.820000,0.00497726,-0.17802645,0.89108740,-0.05795613,1.45649714,0.07457163,-0.14277242,-0.03063969,0.04287217,-0.06073875,0.07370190,-0.20510996,-0.08892043,0.08073307,0.18952289,0.17976064,-0.06943195,0.03065981
6.830000,0.00354506,-0.17832877,0.89152563,-0.05855449,1.45723063,0.07252214,-0.14366833,-0.02981918,0.04477622,-0.05893060,0.07299105,-0.20478144,-0.09021990,0.08333168,0.19124527,0.18182984,-0.07271312,0.03503327
6.840000,0.00210385,-0.17862275,0.89198298,-0.05913467,1.45795685,0.07047614,-0.14457597,-0.02897381,0.04669618,-0.05710299,0.07224819,-0.20440955,-0.09126417,0.08570326,0.19270107,0.18364945,-0.07583097,0.03933218
6.850000,0.00065351,-0.17890817,0.89245960,-0.05969649,1.45867550,0.06843409,-0.14549273,-0.02810591,0.04862932,-0.05525847,0.07147500,-0.20399507,-0.09204347,0.08783788,0.19387994,0.18521004,-0.07877743,0.04355029
6.860000,-0.00080602,-0.17918480,0.89295560,-0.06023979,1.45938626,0.06639638,-0.14641592,-0.02721788,0.05057282,-0.05339968,0.07067324,-0.20353883,-0.09254802,0.08972560,0.19477156,0.18650218,-0.08154442,0.04768140
6.870000,-0.00227482,-0.17945247,0.89347108,-0.06076445,1.46008887,0.06436345,-0.14734274,-0.02631225,0.05252376,-0.05152935,0.06984473,-0.20304175,-0.09276804,0.09135649,0.19536560,0.18751641,-0.08412387,0.05171925
6.880000,-0.00375288,-0.17971100,0.89400609,-0.06127035,1.46078307,0.06233568,-0.14827031,-0.02539163,0.05447912,-0.04965030,0.06899141,-0.20250478,-0.09269657,0.09272311,0.19565470,0.18824586,-0.08650947,0.05565846
6.890000,-0.00524021,-0.17996026,0.89456067,-0.06175743,1.46146862,0.06031348,-0.14919572,-0.02445866,0.05643586,-0.04776537,0.06811519,-0.20192891,-0.09233941,0.09382924,0.19564502,0.18869509,-0.08870288,0.05949731
6.900000,-0.00673678,-0.18020014,0.89513480,-0.06222565,1.46214531,0.05829723,-0.15011617,-0.02351589,0.05839105,-0.04587731,0.06721798,-0.20131517,-0.09170598,0.09468187,0.19534651,0.18887197,-0.09070801,0.06323516
6.910000,-0.00824251,-0.18043055,0.89572847,-0.06267498,1.46281292,0.05628730,-0.15102895,-0.02256584,0.06034186,-0.04398881,0.06630164,-0.20066455,-0.09080569,0.09528797,0.19476915,0.18878434,-0.09252877,0.06687138
6.920000,-0.00975732,-0.18065144,0.89634162,-0.06310543,1.46347128,0.05428406,-0.15193143,-0.02161093,0.06228554,-0.04210248,0.06536800,-0.19997808,-0.08964796,0.09565451,0.19392288,0.18844004,-0.09416908,0.07040531
6.930000,-0.01128110,-0.18086276,0.89697415,-0.06351704,1.46412023,0.05228785,-0.15282108,-0.02065353,0.06421946,-0.04022084,0.06441885,-0.19925679,-0.08824219,0.09578847,0.19281767,0.18784692,-0.09563285,0.07383630
6.940000,-0.01281369,-0.18106451,0.89762596,-0.06390987,1.46475961,0.05029903,-0.15369548,-0.01969591,0.06614106,-0.03834634,0.06345592,-0.19850170,-0.08659781,0.09569684,0.19146349,0.18701281,-0.09692399,0.07716372
6.950000,-0.01435495,-0.18125669,0.89829692,-0.06428400,1.46538931,0.04831793,-0.15455228,-0.01874032,0.06804793,-0.03648136,0.06248093,-0.19771386,-0.08472422,0.09538658,0.18987029,0.18594558,-0.09804641,0.08038692
6.960000,-0.01590467,-0.18143933,0.89898687,-0.06463954,1.46600920,0.04634486,-0.15538923,-0.01778889,0.06993771,-0.03462818,0.06149554,-0.19689431,-0.08263085,0.09486467,0.18804805,0.18465305,-0.09900403,0.08350524
6.970000,-0.01746266,-0.18161249,0.89969561,-0.06497661,1.46661919,0.04438015,-0.15620419,-0.01684371,0.07180816,-0.03278903,0.06050139,-0.19604411,-0.08032710,0.09413809,0.18600671,0.18314308,-0.09980076,0.08651805
6.980000,-0.01902868,-0.18177623,0.90042296,-0.06529537,1.46721920,0.04242408,-0.15699510,-0.01590678,0.07365714,-0.03096602,0.05950005,-0.19516430,-0.07782239,0.09321381,0.18375625,0.18142351,-0.10044052,0.08942471
6.990000,-0.02060248,-0.18193066,0.90116868,-0.06559599,1.46780917,0.04047695,-0.15776000,-0.01498007,0.07548262,-0.02916123,0.05849309,-0.19425597,-0.07512614,0.09209881,0.18130662,0.17950219,-0.10092721,0.09222455
7.000000,-0.02218378,-0.18207587,0.90193253,-0.06587867,1.46838905,0.03853905,-0.15849702,-0.01406542,0.07728265,-0.02737662,0.05748200,-0.19332017,-0.07224775,0.09080007,0.17866779,0.17738695,-0.10126474,0.09491695
7.010000,-0.02377232,-0.18221201,0.90271424,-0.06614360,1.46895880,0.03661064,-0.15920438,-0.01316465,0.07905538,-0.02561411,0.05646827,-0.19235799,-0.06919665,0.08932456,0.17584972,0.17508566,-0.10145704,0.09750125
7.020000,-0.02536777,-0.18233922,0.90351354,-0.06639103,1.46951841,0.03469198,-0.15988041,-0.01227950,0.08079908,-0.02387550,0.05545333,-0.19137051,-0.06598224,0.08767927,0.17286237,0.17260614,-0.10150802,0.09997681
7.030000,-0.02696982,-0.18245766,0.90433012,-0.06662120,1.47006787,0.03278331,-0.16052351,-0.01141161,0.08251209,-0.02216255,0.05443857,-0.19035882,-0.06261394,0.08587116,0.16971571,0.16995625,-0.10142158,0.10234298
7.040000,-0.02857812,-0.18256751,0.90516367,-0.06683437,1.47060719,0.03088488,-0.16113220,-0.01056259,0.08419289,-0.02047692,0.05342535,-0.18932402,-0.05910116,0.08390721,0.16641969,0.16714382,-0.10120164,0.10459912
7.050000,-0.03019234,-0.18266898,0.90601386,-0.06703083,1.47113638,0.02899690,-0.16170509,-0.00973396,0.08584002,-0.01882019,0.05241497,-0.18826720,-0.05545333,0.08179439,0.16298428,0.16417672,-0.10085211,0.10674458
7.060000,-0.03181210,-0.18276227,0.90688035,-0.06721088,1.47165550,0.02711960,-0.16224085,-0.00892718,0.08745215,-0.01719388,0.05140872,-0.18718950,-0.05167984,0.07953970,0.15941944,0.16106277,-0.10037691,0.10877871
7.070000,-0.03343703,-0.18284760,0.90776279,-0.06737481,1.47216458,0.02525318,-0.16273829,-0.00814362,0.08902801,-0.01559940,0.05040784,-0.18609200,-0.04779012,0.07715009,0.15573513,0.15780983,-0.09977995,0.11070088
7.080000,-0.03506674,-0.18292522,0.90866079,-0.06752297,1.47266368,0.02339782,-0.16319630,-0.00738460,0.09056648,-0.01403812,0.04941352,-0.18497585,-0.04379358,0.07463255,0.15194132,0.15442573,-0.09906514,0.11251043
7.090000,-0.03670082,-0.18299538,0.90957399,-0.06765569,1.47315287,0.02155372,-0.16361384,-0.00665137,0.09206651,-0.01251130,0.04842692,-0.18384217,-0.03969964,0.07199406,0.14804797,0.15091833,-0.09823639,0.11420672
7.100000,-0.03833887,-0.18305834,0.91050199,-0.06777332,1.47363224,0.01972104,-0.16399000,-0.00594510,0.09352714,-0.01102014,0.04744916,-0.18269210,-0.03551770,0.06924159,0.14406503,0.14729547,-0.09729762,0.11578911
7.110000,-0.03998048,-0.18311437,0.91144440,-0.06787622,1.47410189,0.01789993,-0.16432393,-0.00526690,0.09494754,-0.00956575,0.04648132,-0.18152677,-0.03125718,0.06638211,0.14000248,0.14356500,-0.09625274,0.11725695
7.120000,-0.04162521,-0.18316377,0.91240080,-0.06796476,1.47456191,0.01609055,-0.16461491,-0.00461779,0.09632696,-0.00814917,0.04552444,-0.18034734,-0.02692750,0.06342260,0.13587027,0.13973475,-0.09510566,0.11860958
7.130000,-0.04327263,-0.18320683,0.91337080,-0.06803933,1.47501242,0.01429303,-0.16486228,-0.00399875,0.09766475,-0.00677136,0.04457953,-0.17915497,-0.02253808,0.06037005,0.13167837,0.13581258,-0.09386030,0.11984638
7.140000,-0.04492231,-0.18324385,0.91435396,-0.06810032,1.47545354,0.01250749,-0.16506550,-0.00341068,0.09896036,-0.00543320,0.04364755,-0.17795080,-0.01809831,0.05723142,0.12743673,0.13180633,-0.09252057,0.12096669
7.150000,-0.04657379,-0.18327515,0.91534986,-0.06814813,1.47588541,0.01073404,-0.16522411,-0.00285439,0.10021335,-0.00413549,0.04272942,-0.17673602,-0.01361763,0.05401369,0.12315533,0.12772383,-0.09109037,0.12196986
7.160000,-0.04822664,-0.18330105,0.91635808,-0.06818317,1.47630818,0.00897280,-0.16533775,-0.00233064,0.10142337,-0.00287895,0.04182603,-0.17551180,-0.00910544,0.05072383,0.11884412,0.12357295,-0.08957363,0.12285526
7.170000,-0.04988040,-0.18332187,0.91737819,-0.06820585,1.47672199,0.00722384,-0.16540615,-0.00184013,0.10259017,-0.00166423,0.04093822,-0.17427931,-0.00457115,0.04736884,0.11451306,0.11936152,-0.08797426,0.12362223
7.180000,-0.05153461,-0.18333796,0.91840974,-0.06821659,1.47712700,0.00548724,-0.16542913,-0.00138346,0.10371360,-0.00049189,0.04006681,-0.17303975,-0.00002418,0.04395567,0.11017212,0.11509739,-0.08629617,0.12427014
7.190000,-0.05318883,-0.18334966,0.91945231,-0.06821583,1.47752338,0.00376306,-0.16540662,-0.00096119,0.10479361,0.00063757,0.03921255,-0.17179431,0.00452605,0.04049131,0.10583126,0.11078841,-0.08454327,0.12479833
7.200000,-0.05484259,-0.18335730,0.92050547,-0.06820399,1.47791131,0.00205136,-0.16533863,-0.00057378,0.10583026,0.00172375,0.03837618,-0.17054419,0.00907013,0.03698273,0.10150044,0.10644241,-0.08271948,0.12520615
7.210000,-0.05649545,-0.18336125,0.92156877,-0.06818150,1.47829097,0.00035219,-0.16522527,-0.00022166,0.10682369,0.00276632,0.03755838,-0.16929059,0.01359865,0.03343692,0.09718963,0.10206724,-0.08082870,0.12549297
7.220000,-0.05814695,-0.18336185,0.92264180,-0.06814880,1.47866254,-0.00133444,-0.16506674,0.00009485,0.10777415,0.00376503,0.03675982,-0.16803473,0.01810219,0.02986084,0.09290878,0.09767075,-0.07887486,0.12565814
7.230000,-0.05979664,-0.18335947,0.92372411,-0.06810634,1.47902623,-0.00300850,-0.16486334,0.00037548,0.10868200,0.00471969,0.03598108,-0.16677783,0.02257134,0.02626147,0.08866786,0.09326078,-0.07686186,0.12570102
7.240000,-0.06144407,-0.18335447,0.92481530,-0.06805456,1.47938223,-0.00467000,-0.16461546,0.00062003,0.10954767,0.00563022,0.03522276,-0.16552112,0.02699669,0.02264579,0.08447683,0.08884519,-0.07479361,0.12562095
7.250000,-0.06308880,-0.18334719,0.92591493,-0.06799389,1.47973075,-0.00631893,-0.16432359,0.00082837,0.11037173,0.00649660,0.03448538,-0.16426583,0.03136881,0.01902077,0.08034565,0.08443180,-0.07267404,0.12541729
7.260000,-0.06473039,-0.18333802,0.92702260,-0.06792477,1.48007201,-0.00795532,-0.16398829,0.00100044,0.11115482,0.00731889,0.03376944,-0.16301319,0.03567831,0.01539339,0.07628428,0.08002847,-0.07050704,0.12508940
7.270000,-0.06636842,-0.18332731,0.92813789,-0.06784766,1.48040622,-0.00957921,-0.16361026,0.00113625,0.11189768,0.00809723,0.03307539,-0.16176446,0.03991575,0.01177064,0.07230270,0.07564304,-0.06829655,0.12463663
7.280000,-0.06800246,-0.18331541,0.92926042,-0.06776297,1.48073359,-0.01119063,-0.16319025,0.00123589,0.11260117,0.00883184,0.03240364,-0.16052088,0.04407174,0.00815947,0.06841085,0.07128336,-0.06604646,0.12405833
7.290000,-0.06963209,-0.18330271,0.93038979,-0.06767116,1.48105436,-0.01278965,-0.16272913,0.00129950,0.11326623,0.00952301,0.03175458,-0.15928371,0.04813685,0.00456688,0.06461870,0.06695727,-0.06376069,0.12335387
7.300000,-0.07125691,-0.18328954,0.93152562,-0.06757266,1.48136876,-0.01437633,-0.16222785,0.00132731,0.11389391,0.01017112,0.03112853,-0.15805422,0.05210167,0.00099983,0.06093622,0.06267262,-0.06144316,0.12252258
7.310000,-0.07287652,-0.18327628,0.93266754,-0.06746788,1.48167701,-0.01595076,-0.16168746,0.00131961,0.11448536,0.01077663,0.03052581,-0.15683368,0.05595679,-0.00253469,0.05737336,0.05843725,-0.05909777,0.12156384
7.320000,-0.07449053,-0.18326327,0.93381521,-0.06735727,1.48197935,-0.01751304,-0.16110911,0.00127675,0.11504181,0.01134006,0.02994666,-0.15562337,0.05969279,-0.00602972,0.05394009,0.05425900,-0.05672844,0.12047699
7.330000,-0.07609858,-0.18325086,0.93496827,-0.06724122,1.48227602,-0.01906327,-0.16049403,0.00119917,0.11556462,0.01186202,0.02939130,-0.15442457,0.06330025,-0.00947827,0.05064637,0.05014573,-0.05433908,0.11926139
7.340000,-0.07770029,-0.18323940,0.93612639,-0.06712016,1.48256726,-0.02060157,-0.15984356,0.00108736,0.11605524,0.01234321,0.02885993,-0.15323858,0.06676978,-0.01287336,0.04750217,0.04610527,-0.05193361,0.11791640
7.350000,-0.07929533,-0.18322923,0.93728927,-0.06699449,1.48285330,-0.02212808,-0.15915913,0.00094190,0.11651520,0.01278440,0.02835267,-0.15206668,0.07009194,-0.01620803,0.04451743,0.04214548,-0.04951594,0.11644135
7.360000,-0.08088337,-0.18322067,0.93845660,-0.06686460,1.48313439,-0.02364296,-0.15844225,0.00076343,0.11694615,0.01318642,0.02786964,-0.15091018,0.07325733,-0.01947530,0.04170214,0.03827419,-0.04708998,0.11483562
7.370000,-0.08246408,-0.18321406,0.93962810,-0.06673089,1.48341078,-0.02514634,-0.15769454,0.00055264,0.11734984,0.01355020,0.02741089,-0.14977040,0.07625653,-0.02266819,0.03906624,0.03449925,-0.04465964,0.11309856
7.380000,-0.08403716,-0.18320972,0.94080351,-0.06659372,1.48368269,-0.02663842,-0.15691770,0.00031033,0.11772811,0.01387675,0.02697645,-0.14864865,0.07908013,-0.02577971,0.03661970,0.03082850,-0.04222884,0.11122952
7.390000,-0.08560234,-0.18320796,0.94198259,-0.06645347,1.48395039,-0.02811938,-0.15611355,0.00003734,0.11808290,0.01416715,0.02656630,-0.14754625,0.08171871,-0.02880291,0.03437249,0.02726980,-0.03980149,0.10922785
7.400000,-0.08715935,-0.18320908,0.94316510,-0.06631050,1.48421410,-0.02958942,-0.15528398,-0.00026541,0.11841625,0.01442255,0.02618039,-0.14646454,0.08416287,-0.03173079,0.03233457,0.02383098,-0.03738150,0.10709291
7.410000,-0.08870794,-0.18321336,0.94435085,-0.06616514,1.48447408,-0.03104875,-0.15443097,-0.00059693,0.11873032,0.01464419,0.02581863,-0.14540484,0.08640318,-0.03455639,0.03051589,0.02051989,-0.03497278,0.10482406
7.420000,-0.09024790,-0.18322111,0.94553965,-0.06601772,1.48473055,-0.03249759,-0.15355662,-0.00095617,0.11902734,0.01483340,0.02548089,-0.14436851,0.08843023,-0.03727273,0.02892642,0.01734438,-0.03257925,0.10242064
7.430000,-0.09177901,-0.18323258,0.94673135,-0.06586857,1.48498377,-0.03393620,-0.15266311,-0.00134200,0.11930964,0.01499156,0.02516698,-0.14335688,0.09023505,-0.03987306,0.02757561,0.01431199,-0.03020474,0.09988221
7.440000,-0.09330110,-0.18324803,0.94792580,-0.06571799,1.48523397,-0.03536482,-0.15175267,-0.00175324,0.11957964,0.01512012,0.02487672,-0.14237130,0.09181675,-0.04235499,0.02646362,0.01142482,-0.02785157,0.09721195
7.450000,-0.09481401,-0.18326772,0.94912291,-0.06556626,1.48548139,-0.03678372,-0.15082750,-0.00218871,0.11983969,0.01522053,0.02460988,-0.14141306,0.09318157,-0.04471994,0.02558235,0.00868017,-0.02552070,0.09441621
7.460000,-0.09631761,-0.18329188,0.95032257,-0.06541367,1.48572625,-0.03819317,-0.14988974,-0.00264725,0.12009203,0.01529419,0.02436623,-0.14048337,0.09433601,-0.04696945,0.02492345,0.00607517,-0.02321308,0.09150147
7.470000,-0.09781177,-0.18332074,0.95152473,-0.06526046,1.48596879,-0.03959348,-0.14894146,-0.00312772,0.12033887,0.01534249,0.02414554,-0.13958341,0.09528654,-0.04910509,0.02447858,0.00360693,-0.02092963,0.08847420
7.480000,-0.09929641,-0.18335451,0.95272934,-0.06510690,1.48620923,-0.04098494,-0.14798466,-0.00362898,0.12058229,0.01536678,0.02394755,-0.13871424,0.09603965,-0.05112840,0.02423938,0.00127261,-0.01867128,0.08534086
7.490000,-0.10077144,-0.18339339,0.95393637,-0.06495320,1.48644781,-0.04236787,-0.14702130,-0.00414992,0.12082431,0.01536838,0.02377202,-0.13787692,0.09660182,-0.05304093,0.02419749,-0.00093068,-0.01643897,0.08210795
7.500000,-0.10223682,-0.18343757,0.95514582,-0.06479960,1.48668475,-0.04374259,-0.14605324,-0.00468943,0.12106687,0.01534859,0.02361868,-0.13707240,0.09697955,-0.05484424,0.02434457,-0.00300581,-0.01423364,0.07878192
7.510000,-0.10369250,-0.18348723,0.95635771,-0.06464630,1.48692026,-0.04510943,-0.14508230,-0.00524644,0.12131181,0.01530868,0.02348726,-0.13630157,0.09717932,-0.05653988,0.02467225,-0.00495563,-0.01205620,0.07536925
7.520000,-0.10513846,-0.18354255,0.95757207,-0.06449349,1.48715456,-0.04646874,-0.14411023,-0.00581988,0.12156089,0.01524988,0.02337746,-0.13556528,0.09720762,-0.05812940,0.02517218,-0.00678304,-0.00990760,0.07187641
7.530000,-0.10657471,-0.18360368,0.95878895,-0.06434136,1.48738788,-0.04782086,-0.14313870,-0.00640868,0.12181580,0.01517342,0.02328901,-0.13486429,0.09707092,-0.05961435,0.02583601,-0.00849089,-0.00778876,0.06830987
7.540000,-0.10800124,-0.18367077,0.96000841,-0.06419008,1.48762041,-0.04916614,-0.14216934,-0.00701182,0.12207813,0.01508046,0.02322159,-0.13419930,0.09677572,-0.06099629,0.02665539,-0.01008205,-0.00570062,0.06467611
7.550000,-0.10941811,-0.18374396,0.96123054,-0.06403980,1.48785238,-0.05050496,-0.14120369,-0.00762827,0.12234940,0.01497215,0.02317489,-0.13357097,0.09632850,-0.06227677,0.02762196,-0.01155940,-0.00364411,0.06098159
7.560000,-0.11082534,-0.18382338,0.96245544,-0.06389068,1.48808398,-0.05183769,-0.14024325,-0.00825702,0.12263103,0.01484964,0.02314859,-0.13297985,0.09573574,-0.06345733,0.02872736,-0.01292580,-0.00162017,0.05723280
7.570000,-0.11222299,-0.18390914,0.96368320,-0.06374285,1.48831542,-0.05316469,-0.13928944,-0.00889709,0.12292438,0.01471400,0.02314237,-0.13242647,0.09500394,-0.06453954,0.02996325,-0.01418412,0.00037029,0.05343619
7.580000,-0.11361115,-0.18400135,0.96491397,-0.06359644,1.48854689,-0.05448634,-0.13834362,-0.00954749,0.12323070,0.01456631,0.02315589,-0.13191127,0.09413958,-0.06552494,0.03132127,-0.01533724,0.00232631,0.04959825
7.590000,-0.11498990,-0.18410012,0.96614786,-0.06345156,1.48877860,-0.05580304,-0.13740707,-0.01020727,0.12355118,0.01440760,0.02318878,-0.13143462,0.09314915,-0.06641508,0.03279306,-0.01638803,0.00424698,0.04572545
7.600000,-0.11635933,-0.18420553,0.96738504,-0.06330832,1.48901073,-0.05711517,-0.13648103,-0.01087548,0.12388691,0.01423888,0.02324070,-0.13099685,0.09203912,-0.06721152,0.03437027,-0.01733935,0.00613136,0.04182425
7.610000,-0.11771956,-0.18431766,0.96862566,-0.06316682,1.48924348,-0.05842311,-0.13556666,-0.01155119,0.12423891,0.01406113,0.02331129,-0.13059821,0.09081599,-0.06791581,0.03604456,-0.01819407,0.00797852,0.03790114
7.620000,-0.11907070,-0.18443657,0.96986988,-0.06302713,1.48947702,-0.05972726,-0.13466507,-0.01223349,0.12460810,0.01387531,0.02340015,-0.13023888,0.08948624,-0.06852950,0.03780755,-0.01895507,0.00978753,0.03396258
7.630000,-0.12041290,-0.18456234,0.97111788,-0.06288933,1.48971154,-0.06102802,-0.13377727,-0.01292149,0.12499533,0.01368233,0.02350691,-0.12991899,0.08805635,-0.06905415,0.03965091,-0.01962521,0.01155744,0.03001504
7.640000,-0.12174630,-0.18469502,0.97236985,-0.06275350,1.48994722,-0.06232577,-0.13290425,-0.01361429,0.12540136,0.01348310,0.02363116,-0.12963859,0.08653282,-0.06949130,0.04156627,-0.02020737,0.01328735,0.02606500
7.650000,-0.12307104,-0.18483464,0.97362597,-0.06261969,1.49018422,-0.06362092,-0.13204691,-0.01431103,0.12582687,0.01327847,0.02377252,-0.12939768,0.08492213,-0.06984251,0.04354529,-0.02070441,0.01497630,0.02211893
7.660000,-0.12438729,-0.18498125,0.97488645,-0.06248795,1.49042272,-0.06491386,-0.13120608,-0.01501085,0.12627245,0.01306928,0.02393055,-0.12919618,0.08323077,-0.07010932,0.04557960,-0.02111920,0.01662337,0.01818330
7.670000,-0.12569522,-0.18513487,0.97615149,-0.06235832,1.49066289,-0.06620498,-0.13038254,-0.01571294,0.12673862,0.01285635,0.02410484,-0.12903395,0.08146521,-0.07029330,0.04766086,-0.02145462,0.01822762,0.01426458
7.680000,-0.12699500,-0.18529551,0.97742129,-0.06223083,1.49090487,-0.06749467,-0.12957700,-0.01641645,0.12722580,0.01264045,0.02429496,-0.12891081,0.07963195,-0.07039599,0.04978071,-0.02171353,0.01978813,0.01036925
7.690000,-0.12828682,-0.18546320,0.97869608,-0.06210552,1.49114884,-0.06878332,-0.12879010,-0.01712059,0.12773433,0.01242232,0.02450045,-0.12882647,0.07773747,-0.07041895,0.05193079,-0.02189881,0.02130397,0.00650378
7.700000,-0.12957087,-0.18563793,0.97997605,-0.06198239,1.49139493,-0.07007132,-0.12802243,-0.01782457,0.12826448,0.01220270,0.02472088,-0.12878061,0.07578826,-0.07036372,0.05410276,-0.02201332,0.02277419,0.00267464
7.710000,-0.13084734,-0.18581969,0.98126144,-0.06186146,1.49164330,-0.07135906,-0.12727450,-0.01852761,0.12881643,0.01198228,0.02495578,-0.12877283,0.07379080,-0.07023187,0.05628825,-0.02205994,0.02419787,-0.00111170
7.720000,-0.13211643,-0.18600847,0.98255245,-0.06174274,1.49189409,-0.07264691,-0.12654676,-0.01922896,0.12939027,0.01176172,0.02520468,-0.12880268,0.07175158,-0.07002493,0.05847893,-0.02204153,0.02557408,-0.00484877
7.730000,-0.13337834,-0.18620426,0.98384932,-0.06162623,1.49214744,-0.07393524,-0.12583959,-0.01992786,0.12998600,0.01154166,0.02546710,-0.12886962,0.06967708,-0.06974447,0.06066642,-0.02196096,0.02690188,-0.00853009
7.740000,-0.13463329,-0.18640702,0.98515225,-0.06151191,1.49240348,-0.07522442,-0.12515331,-0.02062360,0.13060356,0.01132270,0.02574256,-0.12897307,0.06757379,-0.06939204,0.06284238,-0.02182111,0.02818035,-0.01214919
7.750000,-0.13588148,-0.18661672,0.98646146,-0.06139977,1.49266233,-0.07651482,-0.12448818,-0.02131547,0.13124278,0.01110543,0.02603054,-0.12911238,0.06544820,-0.06896918,0.06499845,-0.02162484,0.02940854,-0.01569959
7.760000,-0.13712312,-0.18683331,0.98777717,-0.06128979,1.49292413,-0.07780679,-0.12384440,-0.02200276,0.13190343,0.01089038,0.02633056,-0.12928682,0.06330679,-0.06847745,0.06712628,-0.02137503,0.03058554,-0.01917484
7.770000,-0.13835844,-0.18705676,0.98909960,-0.06118195,1.49318898,-0.07910067,-0.12322208,-0.02268479,0.13258518,0.01067809,0.02664208,-0.12949560,0.06115605,-0.06791840,0.06921752,-0.02107454,0.03171040,-0.02256845
7.780000,-0.13958764,-0.18728699,0.99042895,-0.06107622,1.49345701,-0.08039681,-0.12262129,-0.02336091,0.13328763,0.01046905,0.02696459,-0.12973789,0.05900247,-0.06729359,0.07126381,-0.02072624,0.03278219,-0.02587395
7.790000,-0.14081093,-0.18752395,0.99176542,-0.06097256,1.49372831,-0.08169554,-0.12204202,-0.02403045,0.13401028,0.01026372,0.02729754,-0.13001277,0.05685252,-0.06660456,0.07325680,-0.02033301,0.03379999,-0.02908487
7.800000,-0.14202855,-0.18776757,0.99310922,-0.06087093,1.49400299,-0.08299717,-0.12148420,-0.02469279,0.13475256,0.01006253,0.02764040,-0.13031925,0.05471269,-0.06585287,0.07518813,-0.01989771,0.03476286,-0.03219474
7.810000,-0.14324069,-0.18801778,0.99446053,-0.06077129,1.49428115,-0.08430202,-0.12094771,-0.02534730,0.13551381,0.00986590,0.02799261,-0.13065630,0.05258948,-0.06504007,0.07704945,-0.01942321,0.03566986,-0.03519708
7.820000,-0.14444757,-0.18827449,0.99581955,-0.06067360,1.49456287,-0.08561039,-0.12043234,-0.02599339,0.13629329,0.00967419,0.02835361,-0.13102281,0.05048936,-0.06416772,0.07883241,-0.01891239,0.03652008,-0.03808543
7.830000,-0.14564941,-0.18853762,0.99718646,-0.06057779,1.49484825,-0.08692257,-0.11993782,-0.02663047,0.13709017,0.00948776,0.02872282,-0.13141761,0.04841882,-0.06323735,0.08052865,-0.01836812,0.03731256,-0.04085331
7.840000,-0.14684640,-0.18880707,0.99856141,-0.06048382,1.49513735,-0.08823884,-0.11946384,-0.02725795,0.13790355,0.00930693,0.02909967,-0.13183946,0.04638435,-0.06225053,0.08212981,-0.01779325,0.03804639,-0.04349425
7.850000,-0.14803875,-0.18908274,0.99994458,-0.06039163,1.49543027,-0.08955945,-0.11900999,-0.02787529,0.13873242,0.00913199,0.02948355,-0.13228705,0.04439244,-0.06120881,0.08362756,-0.01719067,0.03872063,-0.04600177
7.860000,-0.14922666,-0.18936454,1.00133611,-0.06030116,1.49572705,-0.09088466,-0.11857583,-0.02848195,0.13957572,0.00896320,0.02987388,-0.13275903,0.04244956,-0.06011374,0.08501352,-0.01656325,0.03933435,-0.04836941
7.870000,-0.15041033,-0.18965235,1.00273614,-0.06021235,1.49602776,-0.09221471,-0.11816082,-0.02907740,0.14043229,0.00880079,0.03027003,-0.13325395,0.04056221,-0.05896687,0.08627935,-0.01591385,0.03988662,-0.05059069
7.880000,-0.15158994,-0.18994605,1.00414480,-0.06012512,1.49633247,-0.09354981,-0.11776438,-0.02966112,0.14130088,0.00864498,0.03067140,-0.13377033,0.03873686,-0.05776976,0.08741669,-0.01524534,0.04037650,-0.05265915
7.890000,-0.15276568,-0.19024553,1.00556219,-0.06003943,1.49664121,-0.09489018,-0.11738585,-0.03023263,0.14218017,0.00849594,0.03107735,-0.13430660,0.03698002,-0.05652395,0.08841719,-0.01456060,0.04080306,-0.05456830
7.900000,-0.15393771,-0.19055066,1.00698843,-0.05995518,1.49695403,-0.09623600,-0.11702453,-0.03079144,0.14306874,0.00835382,0.03148725,-0.13486114,0.03529815,-0.05523100,0.08927250,-0.01386249,0.04116537,-0.05631167
7.910000,-0.15510622,-0.19086131,1.00842359,-0.05987233,1.49727096,-0.09758746,-0.11667962,-0.03133710,0.14396511,0.00821873,0.03190044,-0.13543226,0.03369776,-0.05389246,0.08997425,-0.01315388,0.04146251,-0.05788280
7.920000,-0.15627136,-0.19117736,1.00986775,-0.05979078,1.49759204,-0.09894470,-0.11635028,-0.03186914,0.14486769,0.00809076,0.03231628,-0.13601820,0.03218531,-0.05250988,0.09051411,-0.01243765,0.04169352,-0.05927521
7.930000,-0.15743328,-0.19149865,1.01132096,-0.05971049,1.49791729,-0.10030786,-0.11603560,-0.03238715,0.14577482,0.00796999,0.03273409,-0.13661715,0.03076731,-0.05108481,0.09088371,-0.01171666,0.04185750,-0.06048243
7.940000,-0.15859212,-0.19182505,1.01278326,-0.05963136,1.49824673,-0.10167708,-0.11573460,-0.03289070,0.14668477,0.00785644,0.03315320,-0.13722721,0.02945023,-0.04961881,0.09107469,-0.01099378,0.04195349,-0.06149799
7.950000,-0.15974801,-0.19215641,1.01425466,-0.05955333,1.49858036,-0.10305244,-0.11544623,-0.03337940,0.14759569,0.00775011,0.03357293,-0.13784645,0.02824056,-0.04811343,0.09107872,-0.01027189,0.04198058,-0.06231541
7.960000,-0.16090108,-0.19249259,1.01573517,-0.05947633,1.49891819,-0.10443403,-0.11516941,-0.03385285,0.14850569,0.00765099,0.03399258,-0.13847284,0.02714478,-0.04657022,0.09088742,-0.00955385,0.04193782,-0.06292823
7.970000,-0.16205143,-0.19283342,1.01722476,-0.05940029,1.49926021,-0.10582191,-0.11490294,-0.03431068,0.14941276,0.00755901,0.03441145,-0.13910431,0.02616939,-0.04499073,0.09049245,-0.00884254,0.04182430,-0.06332996
7.980000,-0.16319917,-0.19317875,1.01872341,-0.05932513,1.49960641,-0.10721613,-0.11464560,-0.03475255,0.15031483,0.00747410,0.03482883,-0.13973871,0.02532087,-0.04337652,0.08988546,-0.00814082,0.04163906,-0.06351414
7.990000,-0.16434437,-0.19352841,1.02023104,-0.05925078,1.49995678,-0.10861669,-0.11439608,-0.03517810,0.15120974,0.00739615,0.03524399,-0.14037385,0.02460570,-0.04172913,0.08905808,-0.00745156,0.04138119,-0.06347430
8.000000,-0.16548711,-0.19388225,1.02174757,-0.05917718,1.50031128,-0.11002360,-0.11415301,-0.03558702,0.15209523,0.00732502,0.03565621,-0.14100743,0.02403036,-0.04005012,0.08800197,-0.00677764,0.04104975,-0.06320397
8.010000,-0.16662745,-0.19424010,1.02327290,-0.05910426,1.50066989,-0.11143682,-0.11391498,-0.03597900,0.15296899,0.00726054,0.03606474,-0.14163713,0.02360136,-0.03834104,0.08670878,-0.00612192,0.04064381,-0.06269666
8.020000,-0.16776542,-0.19460178,1.02480690,-0.05903195,1.50103256,-0.11285632,-0.11368048,-0.03635375,0.15382859,0.00720251,0.03646883,-0.14226055,0.02332516,-0.03660344,0.08517014,-0.00548727,0.04016243,-0.06194592
8.030000,-0.16890106,-0.19496712,1.02634942,-0.05896019,1.50139925,-0.11428201,-0.11344795,-0.03671098,0.15467154,0.00715072,0.03686773,-0.14287522,0.02320826,-0.03483888,0.08337771,-0.00487657,0.03960469,-0.06094526
8.040000,-0.17003438,-0.19533594,1.02790027,-0.05888892,1.50176990,-0.11571379,-0.11321576,-0.03705044,0.15549527,0.00710489,0.03726067,-0.14347860,0.02325714,-0.03304890,0.08132312,-0.00429268,0.03896966,-0.05968822
8.050000,-0.17116538,-0.19570806,1.02945925,-0.05881807,1.50214444,-0.11715153,-0.11298223,-0.03737188,0.15629710,0.00706476,0.03764686,-0.14406811,0.02347829,-0.03123506,0.07899804,-0.00373847,0.03825639,-0.05816832
8.060000,-0.17229402,-0.19608331,1.03102613,-0.05874760,1.50252281,-0.11859509,-0.11274560,-0.03767507,0.15707430,0.00703001,0.03802553,-0.14464107,0.02387819,-0.02939892,0.07639409,-0.00321682,0.03746396,-0.05637909
8.070000,-0.17342027,-0.19646150,1.03260065,-0.05867746,1.50290492,-0.12004429,-0.11250405,-0.03795979,0.15782403,0.00700031,0.03839588,-0.14519477,0.02446332,-0.02754201,0.07350296,-0.00273058,0.03659144,-0.05431407
8.080000,-0.17454408,-0.19684245,1.03418251,-0.05860758,1.50329070,-0.12149892,-0.11225571,-0.03822584,0.15854339,0.00697528,0.03875709,-0.14572643,0.02523607,-0.02566599,0.07032191,-0.00228158,0.03563904,-0.05197178
8.090000,-0.17566536,-0.19722596,1.03577140,-0.05853794,1.50368003,-0.12295874,-0.11199873,-0.03847305,0.15922954,0.00695456,0.03910840,-0.14623332,0.02618862,-0.02377270,0.06686226,-0.00186899,0.03460980,-0.04936312
8.100000,-0.17678402,-0.19761185,1.03736698,-0.05846848,1.50407283,-0.12442349,-0.11173136,-0.03870125,0.15987975,0.00693778,0.03944905,-0.14671284,0.02731165,-0.02186403,0.06313744,-0.00149160,0.03350719,-0.04650086
8.110000,-0.17789994,-0.19799992,1.03896887,-0.05839917,1.50446897,-0.12589289,-0.11145196,-0.03891029,0.16049145,0.00692461,0.03977831,-0.14716253,0.02859579,-0.01994188,0.05916090,-0.00114817,0.03233468,-0.04339781
8.120000,-0.17901301,-0.19838999,1.04057667,-0.05832998,1.50486835,-0.12736663,-0.11115894,-0.03910005,0.16106218,0.00691471,0.04009552,-0.14758004,0.03003171,-0.01800812,0.05494605,-0.00083750,0.03109574,-0.04006673
8.130000,-0.18012307,-0.19878186,1.04218997,-0.05826087,1.50527084,-0.12884438,-0.11085085,-0.03927042,0.16158962,0.00690776,0.04040002,-0.14796315,0.03161004,-0.01606465,0.05050636,-0.00055836,0.02979385,-0.03652043
8.140000,-0.18122997,-0.19917533,1.04380831,-0.05819181,1.50567631,-0.13032578,-0.11052630,-0.03942131,0.16207160,0.00690344,0.04069120,-0.14830977,0.03332144,-0.01411336,0.04585525,-0.00030953,0.02843247,-0.03277168
8.150000,-0.18233354,-0.19957022,1.04543124,-0.05812279,1.50608462,-0.13181045,-0.11018401,-0.03955266,0.16250607,0.00690147,0.04096848,-0.14861795,0.03515656,-0.01215612,0.04100616,-0.00008979,0.02701508,-0.02883327
8.160000,-0.18343359,-0.19996632,1.04705827,-0.05805378,1.50649563,-0.13329800,-0.10982279,-0.03966442,0.16289111,0.00690155,0.04123132,-0.14888585,0.03710604,-0.01019484,0.03597253,0.00010208,0.02554515,-0.02471799
8.170000,-0.18452993,-0.20036344,1.04868889,-0.05798475,1.50690920,-0.13478802,-0.10944154,-0.03975655,0.16322495,0.00690342,0.04147922,-0.14911176,0.03916055,-0.00823138,0.03076781,0.00026730,0.02402616,-0.02043862
8.180000,-0.18562235,-0.20076138,1.05032259,-0.05791570,1.50732516,-0.13628009,-0.10903926,-0.03982905,0.16350594,0.00690681,0.04171169,-0.14929412,0.04131073,-0.00626766,0.02540541,0.00040709,0.02246156,-0.01600796
8.190000,-0.18671064,-0.20115995,1.05195883,-0.05784661,1.50774338,-0.13777376,-0.10861503,-0.03988191,0.16373257,0.00691148,0.04192831,-0.14943146,0.04354723,-0.00430554,0.01989880,0.00052267,0.02085484,-0.01143878
8.200000,-0.18779457,-0.20155896,1.05359706,-0.05777747,1.50816368,-0.13926856,-0.10816806,-0.03991517,0.16390348,0.00691719,0.04212866,-0.14952247,0.04586070,-0.00234692,0.01426139,0.00061526,0.01920947,-0.00674388
8.210000,-0.18887392,-0.20195819,1.05523671,-0.05770826,1.50858590,-0.14076405,-0.10769760,-0.03992887,0.16401741,0.00692371,0.04231238,-0.14956596,0.04824178,-0.00039368,0.00850664,0.00068608,0.01752891,-0.00193604
8.220000,-0.18994845,-0.20235747,1.05687721,-0.05763899,1.50900987,-0.14225972,-0.10720303,-0.03992307,0.16407326,0.00693084,0.04247913,-0.14956086,0.05068115,0.00155228,0.00264798,0.00073635,0.01581665,0.00297196
8.230000,-0.19101790,-0.20275659,1.05851798,-0.05756965,1.50943542,-0.14375510,-0.10668381,-0.03989785,0.16407007,0.00693838,0.04262862,-0.14950623,0.05316943,0.00348908,-0.00330116,0.00076729,0.01407615,0.00796732
8.240000,-0.19208204,-0.20315536,1.06015842,-0.05750022,1.50986238,-0.14524968,-0.10613950,-0.03985332,0.16400698,0.00694613,0.04276057,-0.14940127,0.05569728,0.00541484,-0.00932733,0.00078012,0.01231087,0.01303727
8.250000,-0.19314061,-0.20355359,1.06179792,-0.05743072,1.51029057,-0.14674295,-0.10556976,-0.03978960,0.16388331,0.00695392,0.04287477,-0.14924528,0.05825536,0.00732766,-0.01541709,0.00077606,0.01052431,0.01816900
8.260000,-0.19419335,-0.20395109,1.06343588,-0.05736115,1.51071982,-0.14823441,-0.10497433,-0.03970682,0.16369847,0.00696160,0.04297100,-0.14903772,0.06083431,0.00922565,-0.02155702,0.00075634,0.00871992,0.02334975
8.270000,-0.19524001,-0.20434767,1.06507168,-0.05729149,1.51114993,-0.14972354,-0.10435304,-0.03960514,0.16345205,0.00696900,0.04304912,-0.14877817,0.06342478,0.01110694,-0.02773366,0.00072216,0.00690118,0.02856672
8.280000,-0.19628032,-0.20474313,1.06670471,-0.05722177,1.51158074,-0.15120980,-0.10370582,-0.03948474,0.16314372,0.00697600,0.04310899,-0.14846631,0.06601743,0.01296963,-0.03393359,0.00067476,0.00507156,0.03380712
8.290000,-0.19731404,-0.20513730,1.06833435,-0.05715197,1.51201205,-0.15269269,-0.10303271,-0.03934582,0.16277334,0.00698246,0.04315052,-0.14810199,0.06860290,0.01481184,-0.04014335,0.00061535,0.00323453,0.03905817
8.300000,-0.19834089,-0.20552999,1.06995997,-0.05708212,1.51244369,-0.15417167,-0.10233382,-0.03918858,0.16234087,0.00698827,0.04317367,-0.14768515,0.07117184,0.01663167,-0.04634953,0.00054516,0.00139357,0.04430709
8.310000,-0.19936063,-0.20592101,1.07158096,-0.05701221,1.51287546,-0.15564622,-0.10160936,-0.03901327,0.16184641,0.00699333,0.04317839,-0.14721590,0.07371491,0.01842724,-0.05253867,0.00046539,-0.00044786,0.04954108
8.320000,-0.20037299,-0.20631019,1.07319669,-0.05694226,1.51330719,-0.15711581,-0.10085964,-0.03882012,0.16129020,0.00699755,0.04316472,-0.14669442,0.07622276,0.02019667,-0.05869734,0.00037728,-0.00228628,0.05474736
8.330000,-0.20137774,-0.20669735,1.07480656,-0.05687226,1.51373870,-0.15857993,-0.10008506,-0.03860943,0.16067261,0.00700085,0.04313269,-0.14612108,0.07868602,0.02193806,-0.06481210,0.00028204,-0.00411823,0.05991314
8.340000,-0.20237461,-0.20708232,1.07640994,-0.05680224,1.51416979,-0.16003806,-0.09928610,-0.03838146,0.15999415,0.00700317,0.04308239,-0.14549634,0.08109537,0.02364953,-0.07086951,0.00018090,-0.00594022,0.06502564
8.350000,-0.20336338,-0.20746493,1.07800624,-0.05673220,1.51460028,-0.16148969,-0.09846336,-0.03813654,0.15925545,0.00700445,0.04301393,-0.14482079,0.08344144,0.02532919,-0.07685614,0.00007507,-0.00774879,0.07007207
8.360000,-0.20434380,-0.20784500,1.07959485,-0.05666216,1.51503001,-0.16293431,-0.09761751,-0.03787499,0.15845730,0.00700466,0.04292747,-0.14409516,0.08571488,0.02697515,-0.08275854,-0.00003423,-0.00954047,0.07503964
8.370000,-0.20531566,-0.20822237,1.08117519,-0.05659211,1.51545877,-0.16437143,-0.09674934,-0.03759716,0.15760061,0.00700376,0.04282319,-0.14332030,0.08790635,0.02858553,-0.08856328,-0.00014577,-0.01131178,0.07991558
8.380000,-0.20627872,-0.20859689,1.08274667,-0.05652209,1.51588641,-0.16580055,-0.09585969,-0.03730341,0.15668641,0.00700174,0.04270131,-0.14249720,0.09000650,0.03015843,-0.09425693,-0.00025833,-0.01305926,0.08468708
8.390000,-0.20723278,-0.20896839,1.08430873,-0.05645208,1.51631274,-0.16722121,-0.09494954,-0.03699412,0.15571588,0.00699859,0.04256209,-0.14162695,0.09200597,0.03169198,-0.09982603,-0.00037071,-0.01477943,0.08934137
8.400000,-0.20817764,-0.20933672,1.08586081,-0.05638212,1.51673760,-0.16863294,-0.09401994,-0.03666970,0.15469035,0.00699433,0.04240583,-0.14071080,0.09389543,0.03318428,-0.10525716,-0.00048166,-0.01646881,0.09386566
8.410000,-0.20911312,-0.20970173,1.08740236,-0.05631220,1.51716080,-0.17003528,-0.09307203,-0.03633058,0.15361125,0.00698897,0.04223283,-0.13975012,0.09566551,0.03463345,-0.11053687,-0.00058999,-0.01812395,0.09824716
8.420000,-0.21003903,-0.21006328,1.08893286,-0.05624234,1.51758220,-0.17142780,-0.09210706,-0.03597718,0.15248016,0.00698254,0.04204347,-0.13874638,0.09730686,0.03603759,-0.11565173,-0.00069445,-0.01974136,0.10247308
8.430000,-0.21095521,-0.21042123,1.09045180,-0.05617255,1.51800162,-0.17281007,-0.09112635,-0.03560998,0.15129881,0.00697510,0.04183814,-0.13770121,0.09881015,0.03739483,-0.12058830,-0.00079384,-0.02131757,0.10653065
8.440000,-0.21186151,-0.21077544,1.09195868,-0.05610284,1.51841891,-0.17418169,-0.09013135,-0.03522945,0.15006903,0.00696669,0.04161727,-0.13661637,0.10016601,0.03870327,-0.12533314,-0.00088694,-0.02284912,0.11040707
8.450000,-0.21275779,-0.21112578,1.09345302,-0.05603322,1.51883391,-0.17554227,-0.08912356,-0.03483609,0.14879283,0.00695738,0.04138132,-0.13549372,0.10136511,0.03996103,-0.12987281,-0.00097252,-0.02433253,0.11408955
8.460000,-0.21364394,-0.21147212,1.09493438,-0.05596370,1.51924649,-0.17689145,-0.08810460,-0.03443041,0.14747231,0.00694727,0.04113079,-0.13433527,0.10239808,0.04116621,-0.13419388,-0.00104936,-0.02576433,0.11756532
8.470000,-0.21451985,-0.21181435,1.09640233,-0.05589428,1.51965648,-0.17822887,-0.08707618,-0.03401294,0.14610972,0.00693643,0.04086622,-0.13314315,0.10325558,0.04231694,-0.13828290,-0.00111625,-0.02714104,0.12082158
8.480000,-0.21538544,-0.21215234,1.09785645,-0.05582497,1.52006377,-0.17955420,-0.08604010,-0.03358425,0.14470747,0.00692498,0.04058817,-0.13191961,0.10392826,0.04341132,-0.14212645,-0.00117196,-0.02845921,0.12384554
8.490000,-0.21624064,-0.21248600,1.09929635,-0.05575578,1.52046820,-0.18086716,-0.08499826,-0.03314491,0.14326806,0.00691303,0.04029724,-0.13066705,0.10440677,0.04444746,-0.14571107,-0.00121527,-0.02971534,0.12662443
8.500000,-0.21708539,-0.21281521,1.10072169,-0.05568671,1.52086967,-0.18216746,-0.08395264,-0.03269551,0.14179415,0.00690072,0.03999408,-0.12938798,0.10468177,0.04542349,-0.14902334,-0.00124496,-0.03090598,0.12914546
8.510000,-0.21791968,-0.21313987,1.10213213,-0.05561777,1.52126805,-0.18345484,-0.08290534,-0.03223665,0.14028854,0.00688818,0.03967935,-0.12808504,0.10474389,0.04633750,-0.15204980,-0.00125982,-0.03202765,0.13139583
8.520000,-0.21874350,-0.21345991,1.10352737,-0.05554895,1.52166322,-0.18472909,-0.08185851,-0.03176897,0.13875415,0.00687558,0.03935377,-0.12676101,0.10458379,0.04718762,-0.15477704,-0.00125862,-0.03307688,0.13336276
8.530000,-0.21955686,-0.21377523,1.10490713,-0.05548026,1.52205509,-0.18599000,-0.08081443,-0.03129311,0.13719404,0.00686307,0.03901807,-0.12541878,0.10419213,0.04797196,-0.15719160,-0.00124014,-0.03405020,0.13503347
8.540000,-0.22035981,-0.21408575,1.10627117,-0.05541169,1.52244355,-0.18723741,-0.07977547,-0.03080975,0.13561141,0.00685083,0.03867303,-0.12406137,0.10355955,0.04868863,-0.15928005,-0.00120317,-0.03494413,0.13639517
8.550000,-0.22115240,-0.21439140,1.10761929,-0.05534324,1.52282852,-0.18847119,-0.07874407,-0.03031957,0.13400958,0.00683907,0.03831946,-0.12269195,0.10267670,0.04933573,-0.16102896,-0.00114647,-0.03575520,0.13743508
8.560000,-0.22193472,-0.21469212,1.10895131,-0.05527490,1.52320991,-0.18969122,-0.07772280,-0.02982328,0.13239201,0.00682797,0.03795821,-0.12131378,0.10153423,0.04991140,-0.16242487,-0.00106884,-0.03647995,0.13814040
8.570000,-0.22270690,-0.21498785,1.11026709,-0.05520668,1.52358766,-0.19089745,-0.07671429,-0.02932159,0.13076230,0.00681777,0.03759016,-0.11993030,0.10012280,0.05041373,-0.16345436,-0.00096904,-0.03711490,0.13849835
8.580000,-0.22346906,-0.21527853,1.11156653,-0.05513854,1.52396170,-0.19208982,-0.07572127,-0.02881525,0.12912419,0.00680867,0.03721622,-0.11854502,0.09843304,0.05084084,-0.16410399,-0.00084587,-0.03765658,0.13849614
8.590000,-0.22422138,-0.21556414,1.11284956,-0.05507050,1.52433197,-0.19326835,-0.07474658,-0.02830503,0.12748153,0.00680093,0.03683735,-0.11716162,0.09645563,0.05119084,-0.16436032,-0.00069810,-0.03810151,0.13812099
8.600000,-0.22496406,-0.21584462,1.11411616,-0.05500252,1.52469843,-0.19443307,-0.07379315,-0.02779170,0.12583833,0.00679480,0.03645453,-0.11578388,0.09418119,0.05146184,-0.16420990,-0.00052451,-0.03844623,0.13736011
8.610000,-0.22569733,-0.21611996,1.11536634,-0.05493460,1.52506105,-0.19558406,-0.07286398,-0.02727606,0.12419873,0.00679053,0.03606877,-0.11441574,0.09160039,0.05165196,-0.16363931,-0.00032388,-0.03868727,0.13620072
8.620000,-0.22642143,-0.21639014,1.11660016,-0.05486670,1.52541980,-0.19672143,-0.07196219,-0.02675894,0.12256699,0.00678841,0.03568114,-0.11306124,0.08870388,0.05175932,-0.16263510,-0.00009499,-0.03882115,0.13463003
8.630000,-0.22713667,-0.21665514,1.11781772,-0.05479882,1.52577467,-0.19784535,-0.07109099,-0.02624116,0.12094752,0.00678873,0.03529272,-0.11172456,0.08548230,0.05178201,-0.16118384,0.00016339,-0.03884439,0.13263524
8.640000,-0.22784337,-0.21691496,1.11901917,-0.05473092,1.52612566,-0.19895600,-0.07025366,-0.02572359,0.11934485,0.00679178,0.03490463,-0.11040999,0.08192630,0.05171816,-0.15927209,0.00045246,-0.03875354,0.13020359
8.650000,-0.22854187,-0.21716962,1.12020469,-0.05466297,1.52647277,-0.20005363,-0.06945361,-0.02520709,0.11776366,0.00679789,0.03451804,-0.10912198,0.07802654,0.05156588,-0.15688641,0.00077345,-0.03854511,0.12732227
8.660000,-0.22923257,-0.21741911,1.12137453,-0.05459495,1.52681603,-0.20113854,-0.06869431,-0.02469257,0.11620875,0.00680736,0.03413413,-0.10786509,0.07377367,0.05132327,-0.15401336,0.00112759,-0.03821564,0.12397851
8.670000,-0.22991590,-0.21766348,1.12252897,-0.05452681,1.52715546,-0.20221106,-0.06797934,-0.02418093,0.11468506,0.00682055,0.03375414,-0.10664400,0.06915833,0.05098846,-0.15063950,0.00151608,-0.03776166,0.12015951
8.680000,-0.23059232,-0.21790274,1.12366835,-0.05445853,1.52749113,-0.20327156,-0.06731238,-0.02367311,0.11319767,0.00683780,0.03337933,-0.10546352,0.06417117,0.05055955,-0.14675139,0.00194016,-0.03717968,0.11585249
8.690000,-0.23126232,-0.21813696,1.12479306,-0.05439004,1.52782307,-0.20432048,-0.06669719,-0.02317006,0.11175179,0.00685948,0.03301099,-0.10432862,0.05880286,0.05003467,-0.14233561,0.00240104,-0.03646624,0.11104467
8.700000,-0.23192645,-0.21836616,1.12590354,-0.05432132,1.52815137,-0.20535830,-0.06613763,-0.02267275,0.11035276,0.00688595,0.03265045,-0.10324434,0.05304403,0.04941191,-0.13737870,0.00289994,-0.03561788,0.10572325
8.710000,-0.23258527,-0.21859043,1.12700029,-0.05425231,1.52847611,-0.20638555,-0.06563764,-0.02218216,0.10900607,0.00691761,0.03229909,-0.10221591,0.04688534,0.04868939,-0.13186723,0.00343809,-0.03463111,0.09987546
8.720000,-0.23323941,-0.21880983,1.12808386,-0.05418295,1.52879739,-0.20740282,-0.06520128,-0.02169930,0.10771731,0.00695485,0.03195830,-0.10124863,0.04031996,0.04786571,-0.12579097,0.00401641,-0.03350324,0.09349163
8.730000,-0.23388953,-0.21902445,1.12915485,-0.05411319,1.52911532,-0.20841075,-0.06483255,-0.02122517,0.10649208,0.00699806,0.03162948,-0.10034781,0.03336130,0.04694326,-0.11916538,0.00463362,-0.03223786,0.08658724
8.740000,-0.23453630,-0.21923437,1.13021393,-0.05404297,1.52943002,-0.20941002,-0.06453529,-0.02076075,0.10533574,0.00704764,0.03131398,-0.09951852,0.02603254,0.04592630,-0.11201833,0.00528733,-0.03084154,0.07918989
8.750000,-0.23518048,-0.21943970,1.13126181,-0.05397221,1.52974165,-0.21040137,-0.06431306,-0.02030695,0.10425336,0.00710393,0.03101307,-0.09876556,0.01835689,0.04481908,-0.10437772,0.00597515,-0.02932089,0.07132722
8.760000,-0.23582283,-0.21964055,1.13229926,-0.05390086,1.53005034,-0.21138560,-0.06416923,-0.01986465,0.10324973,0.00716725,0.03072795,-0.09809344,0.01035759,0.04362587,-0.09627151,0.00669469,-0.02768252,0.06302690
8.770000,-0.23646414,-0.21983703,1.13332708,-0.05382884,1.53035626,-0.21236352,-0.06410691,-0.01943470,0.10232939,0.00723792,0.03045979,-0.09750639,0.00205785,0.04235091,-0.08772761,0.00744357,-0.02593304,0.05431659
8.780000,-0.23710525,-0.22002928,1.13434614,-0.05375608,1.53065959,-0.21333602,-0.06412899,-0.01901789,0.10149655,0.00731621,0.03020964,-0.09700838,-0.00651908,0.04099847,-0.07877395,0.00821939,-0.02407906,0.04522395
8.790000,-0.23774701,-0.22021744,1.13535732,-0.05368249,1.53096052,-0.21430400,-0.06423814,-0.01861498,0.10075518,0.00740239,0.02997853,-0.09660309,-0.01534999,0.03957281,-0.06943847,0.00901977,-0.02212718,0.03577664
8.800000,-0.23839031,-0.22040163,1.13636156,-0.05360801,1.53125923,-0.21526840,-0.06443676,-0.01822667,0.10010896,0.00749668,0.02976740,-0.09629394,-0.02441165,0.03807819,-0.05974910,0.00984231,-0.02008401,0.02600232
8.810000,-0.23903605,-0.22058202,1.13735982,-0.05353253,1.53155594,-0.21623021,-0.06472706,-0.01785363,0.09956128,0.00759930,0.02957713,-0.09608404,-0.03368083,0.03651886,-0.04973376,0.01068464,-0.01795616,0.01592865
8.820000,-0.23968516,-0.22075876,1.13835312,-0.05345599,1.53185085,-0.21719042,-0.06511099,-0.01749649,0.09911528,0.00771043,0.02940854,-0.09597627,-0.04313431,0.03489908,-0.03942038,0.01154436,-0.01575024,0.00558328
8.830000,-0.24033859,-0.22093201,1.13934248,-0.05337830,1.53214418,-0.21815008,-0.06559029,-0.01715583,0.09877378,0.00783024,0.02926237,-0.09597319,-0.05274886,0.03322311,-0.02883689,0.01241908,-0.01347284,-0.00500611
8.840000,-0.24099729,-0.22110193,1.14032895,-0.05329936,1.53243617,-0.21911024,-0.06616643,-0.01683220,0.09853935,0.00795885,0.02913930,-0.09607711,-0.06250125,0.03149521,-0.01801123,0.01330641,-0.01113059,-0.01581187
8.850000,-0.24166224,-0.22126871,1.14131363,-0.05321909,1.53272705,-0.22007199,-0.06684069,-0.01652609,0.09841427,0.00809640,0.02903995,-0.09629006,-0.07236825,0.02971963,-0.00697132,0.01420397,-0.00873009,-0.02680635
8.860000,-0.24233443,-0.22143251,1.14229761,-0.05313740,1.53301705,-0.22103642,-0.06761410,-0.01623795,0.09840054,0.00824296,0.02896487,-0.09661378,-0.08232664,0.02790064,0.00425491,0.01510936,-0.00627794,-0.03796187
8.870000,-0.24301486,-0.22159353,1.14328202,-0.05305420,1.53330643,-0.22200464,-0.06848745,-0.01596821,0.09849989,0.00839860,0.02891454,-0.09704974,-0.09235320,0.02604250,0.01563953,0.01602021,-0.00378075,-0.04925078
8.880000,-0.24370452,-0.22175194,1.14426799,-0.05296940,1.53359542,-0.22297779,-0.06946131,-0.01571722,0.09871377,0.00856337,0.02888938,-0.09759915,-0.10242469,0.02414946,0.02715461,0.01693411,-0.00124514,-0.06064542
8.890000,-0.24440442,-0.22190794,1.14525668,-0.05288290,1.53388430,-0.22395700,-0.07053602,-0.01548532,0.09904333,0.00873729,0.02888974,-0.09826291,-0.11251788,0.02222577,0.03877222,0.01784869,0.00132230,-0.07211814
8.900000,-0.24511557,-0.22206171,1.14624925,-0.05279462,1.53417331,-0.22494343,-0.07171167,-0.01527279,0.09948946,0.00892034,0.02891591,-0.09904168,-0.12260956,0.02027571,0.05046443,0.01876154,0.00391496,-0.08364126
8.910000,-0.24583899,-0.22221346,1.14724686,-0.05270446,1.53446270,-0.22593822,-0.07298813,-0.01507988,0.10005277,0.00911250,0.02896811,-0.09993581,-0.13267650,0.01830352,0.06220332,0.01967029,0.00652622,-0.09518713
8.920000,-0.24657567,-0.22236337,1.14825069,-0.05261234,1.53475275,-0.22694253,-0.07436504,-0.01490678,0.10073359,0.00931373,0.02904648,-0.10094540,-0.14269546,0.01631346,0.07396094,0.02057255,0.00914948,-0.10672809
8.930000,-0.24732662,-0.22251166,1.14926192,-0.05251816,1.53504372,-0.22795751,-0.07584180,-0.01475365,0.10153196,0.00952393,0.02915111,-0.10207026,-0.15264322,0.01430980,0.08570938,0.02146592,0.01177813,-0.11823648
8.940000,-0.24809284,-0.22265851,1.15028172,-0.05242183,1.53533586,-0.22898432,-0.07741759,-0.01462062,0.10244765,0.00974301,0.02928203,-0.10330993,-0.16249656,0.01229679,0.09742070,0.02234803,0.01440557,-0.12968464
8.950000,-0.24887530,-0.22280414,1.15131126,-0.05232327,1.53562945,-0.23002409,-0.07909134,-0.01450774,0.10348016,0.00997084,0.02943920,-0.10466366,-0.17223225,0.01027870,0.10906697,0.02321647,0.01702519,-0.14104490
8.960000,-0.24967499,-0.22294874,1.15235171,-0.05222239,1.53592474,-0.23107797,-0.08086176,-0.01441504,0.10462868,0.01020728,0.02962249,-0.10613044,-0.18182705,0.00825977,0.12062027,0.02406886,0.01963037,-0.15228962
8.970000,-0.25049285,-0.22309251,1.15340422,-0.05211910,1.53622199,-0.23214707,-0.08272733,-0.01434253,0.10589216,0.01045216,0.02983174,-0.10770898,-0.19125776,0.00624426,0.13205266,0.02490281,0.02221452,-0.16339112
8.980000,-0.25132984,-0.22323565,1.15446993,-0.05201332,1.53652146,-0.23323252,-0.08468629,-0.01429013,0.10726924,0.01070527,0.03006669,-0.10939770,-0.20050113,0.00423644,0.14333621,0.02571594,0.02477103,-0.17432175
8.990000,-0.25218688,-0.22337838,1.15554998,-0.05190496,1.53682340,-0.23433539,-0.08673665,-0.01425776,0.10875829,0.01096640,0.03032704,-0.11119475,-0.20953394,0.00224057,0.15444301,0.02650586,0.02729328,-0.18505386
9.000000,-0.25306487,-0.22352088,1.15664547,-0.05179396,1.53712808,-0.23545676,-0.08887619,-0.01424527,0.11035742,0.01123530,0.03061242,-0.11309802,-0.21833296,0.00026090,0.16534510,0.02727017,0.02977467,-0.19555976
9.010000,-0.25396470,-0.22366335,1.15775749,-0.05168023,1.53743573,-0.23659770,-0.09110246,-0.01425247,0.11206442,0.01151171,0.03092238,-0.11510510,-0.22687497,-0.00169832,0.17601458,0.02800648,0.03220860,-0.20581182
9.020000,-0.25488720,-0.22380599,1.15888711,-0.05156370,1.53774661,-0.23775920,-0.09341276,-0.01427915,0.11387684,0.01179533,0.03125641,-0.11721332,-0.23513675,-0.00363281,0.18642350,0.02871242,0.03458845,-0.21578237
9.030000,-0.25583322,-0.22394900,1.16003537,-0.05144430,1.53806094,-0.23894229,-0.09580418,-0.01432503,0.11579193,0.01208585,0.03161394,-0.11941972,-0.24309506,-0.00553833,0.19654394,0.02938559,0.03690762,-0.22544374
9.040000,-0.25680355,-0.22409255,1.16120328,-0.05132197,1.53837896,-0.24014791,-0.09827357,-0.01438981,0.11780666,0.01238292,0.03199434,-0.12172107,-0.25072667,-0.00741061,0.20634797,0.03002360,0.03915950,-0.23476828
9.050000,-0.25779894,-0.22423685,1.16239182,-0.05119662,1.53870090,-0.24137701,-0.10081755,-0.01447312,0.11991774,0.01268619,0.03239689,-0.12411387,-0.25800837,-0.00924541,0.21580765,0.03062407,0.04133748,-0.24372833
9.060000,-0.25882013,-0.22438208,1.16360194,-0.05106822,1.53902697,-0.24263048,-0.10343249,-0.01457458,0.12212158,0.01299527,0.03282082,-0.12659433,-0.26491692,-0.01103844,0.22489507,0.03118460,0.04343496,-0.25229622
9.070000,-0.25986782,-0.22452840,1.16483455,-0.05093670,1.53935739,-0.24390918,-0.10611456,-0.01469374,0.12441431,0.01330975,0.03326530,-0.12915839,-0.27142909,-0.01278547,0.23358228,0.03170281,0.04544533,-0.26044431
9.080000,-0.26094264,-0.22467601,1.16609051,-0.05080201,1.53969234,-0.24521392,-0.10885968,-0.01483012,0.12679179,0.01362918,0.03372941,-0.13180172,-0.27752167,-0.01448223,0.24184136,0.03217630,0.04736198,-0.26814492
9.090000,-0.26204521,-0.22482506,1.16737065,-0.05066410,1.54003204,-0.24654546,-0.11166352,-0.01498320,0.12924961,0.01395311,0.03421220,-0.13451971,-0.28317142,-0.01612447,0.24964439,0.03260270,0.04917830,-0.27537039
9.100000,-0.26317609,-0.22497573,1.16867575,-0.05052293,1.54037665,-0.24790454,-0.11452155,-0.01515241,0.13178307,0.01428107,0.03471262,-0.13730746,-0.28835512,-0.01770792,0.25696343,0.03297960,0.05088769,-0.28209308
9.110000,-0.26433580,-0.22512816,1.17000655,-0.05037847,1.54072634,-0.24929183,-0.11742899,-0.01533715,0.13438718,0.01461253,0.03522958,-0.14015980,-0.29304954,-0.01922832,0.26377054,0.03330463,0.05248353,-0.28828531
9.120000,-0.26552482,-0.22528252,1.17136372,-0.05023067,1.54108129,-0.25070794,-0.12038083,-0.01553675,0.13705668,0.01494698,0.03576189,-0.14307130,-0.29723145,-0.02068143,0.27003781,0.03357540,0.05395923,-0.29391943
9.130000,-0.26674355,-0.22543894,1.17274788,-0.05007952,1.54144163,-0.25215343,-0.12337183,-0.01575054,0.13978604,0.01528385,0.03630834,-0.14603624,-0.30087763,-0.02206297,0.27573731,0.03378950,0.05530817,-0.29896777
9.140000,-0.26799236,-0.22559757,1.17415962,-0.04992499,1.54180750,-0.25362882,-0.12639652,-0.01597776,0.14256944,0.01562257,0.03686761,-0.14904861,-0.30396485,-0.02336870,0.28084109,0.03394457,0.05652374,-0.30340268
9.150000,-0.26927157,-0.22575854,1.17559943,-0.04976707,1.54217902,-0.25513454,-0.12944919,-0.01621764,0.14540078,0.01596254,0.03743835,-0.15210215,-0.30646988,-0.02459435,0.28532124,0.03403820,0.05759935,-0.30719650
9.160000,-0.27058142,-0.22592197,1.17706777,-0.04960574,1.54255630,-0.25667098,-0.13252390,-0.01646937,0.14827369,0.01630312,0.03801911,-0.15519031,-0.30836950,-0.02573566,0.28914982,0.03406801,0.05852838,-0.31032156
9.170000,-0.27192210,-0.22608797,1.17856502,-0.04944100,1.54293943,-0.25823844,-0.13561449,-0.01673206,0.15118152,0.01664368,0.03860840,-0.15830626,-0.30964047,-0.02678838,0.29229891,0.03403162,0.05930422,-0.31275021
9.180000,-0.27329374,-0.22625664,1.18009150,-0.04927287,1.54332849,-0.25983717,-0.13871454,-0.01700482,0.15411731,0.01698353,0.03920466,-0.16144290,-0.31025959,-0.02774825,0.29474057,0.03392662,0.05992026,-0.31445479
9.190000,-0.27469640,-0.22642809,1.18164744,-0.04910134,1.54372354,-0.26146734,-0.14181743,-0.01728670,0.15707388,0.01732197,0.03980625,-0.16459285,-0.31020360,-0.02861101,0.29644688,0.03375064,0.06036991,-0.31540763
9.200000,-0.27613008,-0.22660240,1.18323302,-0.04892643,1.54412463,-0.26312905,-0.14491628,-0.01757671,0.16004371,0.01765830,0.04041148,-0.16774846,-0.30944930,-0.02937240,0.29738991,0.03350128,0.06064654,-0.31558107
9.210000,-0.27759469,-0.22677965,1.18484833,-0.04874818,1.54453178,-0.26482230,-0.14800401,-0.01787380,0.16301904,0.01799175,0.04101859,-0.17090179,-0.30797345,-0.03002817,0.29754172,0.03317617,0.06074356,-0.31494747
9.220000,-0.27909010,-0.22695990,1.18649339,-0.04856661,1.54494500,-0.26654705,-0.15107327,-0.01817690,0.16599181,0.01832156,0.04162573,-0.17404463,-0.30575283,-0.03057405,0.29687439,0.03277290,0.06065436,-0.31347914
9.230000,-0.28061607,-0.22714320,1.18816813,-0.04838177,1.54536429,-0.26830313,-0.15411650,-0.01848490,0.16895370,0.01864694,0.04223103,-0.17716849,-0.30276420,-0.03100579,0.29535999,0.03228908,0.06037233,-0.31114845
9.240000,-0.28217231,-0.22732961,1.18987240,-0.04819369,1.54578961,-0.27009033,-0.15712592,-0.01879663,0.17189609,0.01896706,0.04283252,-0.18026463,-0.29898435,-0.03131912,0.29297058,0.03172234,0.05989085,-0.30792772
9.250000,-0.28375845,-0.22751915,1.19160596,-0.04800244,1.54622092,-0.27190830,-0.16009348,-0.01911087,0.17481010,0.01928110,0.04342816,-0.18332399,-0.29439005,-0.03150980,0.28967825,0.03107029,0.05920334,-0.30378929
9.260000,-0.28537402,-0.22771183,1.19336848,-0.04780809,1.54665814,-0.27375665,-0.16301092,-0.01942640,0.17768656,0.01958818,0.04401587,-0.18633726,-0.28895806,-0.03157356,0.28545505,0.03033052,0.05830316,-0.29870551
9.270000,-0.28701847,-0.22790767,1.19515953,-0.04761071,1.54710120,-0.27563486,-0.16586977,-0.01974191,0.18051601,0.01988741,0.04459349,-0.18929486,-0.28266517,-0.03150614,0.28027306,0.02950066,0.05718373,-0.29264871
9.280000,-0.28869119,-0.22810667,1.19697861,-0.04741037,1.54754997,-0.27754233,-0.16866128,-0.02005607,0.18328873,0.02017788,0.04515880,-0.19218690,-0.27548814,-0.03130328,0.27410436,0.02857832,0.05583843,-0.28559124
9.290000,-0.29039144,-0.22830879,1.19882508,-0.04720718,1.54800433,-0.27947835,-0.17137651,-0.02036751,0.18599471,0.02045866,0.04570949,-0.19500325,-0.26740375,-0.03096074,0.26692100,0.02756111,0.05426065,-0.27750543
9.300000,-0.29211843,-0.22851400,1.20069824,-0.04700123,1.54846411,-0.28144211,-0.17400625,-0.02067480,0.18862367,0.02072878,0.04624321,-0.19773349,-0.25838877,-0.03047424,0.25869506,0.02644663,0.05244380,-0.26836363
9.310000,-0.29387125,-0.22872226,1.20259726,-0.04679264,1.54892913,-0.28343270,-0.17654110,-0.02097650,0.19116505,0.02098726,0.04675754,-0.20036691,-0.24841998,-0.02983953,0.24939862,0.02523251,0.05038125,-0.25813817
9.320000,-0.29564891,-0.22893351,1.20452122,-0.04658153,1.54939918,-0.28544909,-0.17897140,-0.02127109,0.19360798,0.02123309,0.04725000,-0.20289255,-0.23747415,-0.02905236,0.23900374,0.02391635,0.04806640,-0.24680140
9.330000,-0.29745030,-0.22914766,1.20646906,-0.04636803,1.54987405,-0.28749015,-0.18128725,-0.02155702,0.19594137,0.02146524,0.04771801,-0.20529914,-0.22552805,-0.02810846,0.22748249,0.02249576,0.04549264,-0.23432565
9.340000,-0.29927424,-0.22936461,1.20843964,-0.04615228,1.55035345,-0.28955464,-0.18347855,-0.02183272,0.19815379,0.02168265,0.04815896,-0.20757517,-0.21255846,-0.02700357,0.21480695,0.02096835,0.04265338,-0.22068326
9.350000,-0.30111942,-0.22958427,1.21043169,-0.04593443,1.55083713,-0.29164118,-0.18553493,-0.02209654,0.20023356,0.02188424,0.04857017,-0.20970883,-0.19854214,-0.02573344,0.20094918,0.01933175,0.03954199,-0.20584658
9.360000,-0.30298445,-0.22980650,1.21244383,-0.04571465,1.55132475,-0.29374830,-0.18744582,-0.02234682,0.20216874,0.02206891,0.04894887,-0.21168803,-0.18345676,-0.02429394,0.18588225,0.01758365,0.03615211,-0.18978895
9.370000,-0.30486782,-0.23003116,1.21447455,-0.04549311,1.55181599,-0.29587438,-0.18920055,-0.02258186,0.20394722,0.02223555,0.04929229,-0.21350058,-0.16731714,-0.02268657,0.16962098,0.01572573,0.03248706,-0.17252614
9.380000,-0.30676791,-0.23025808,1.21652221,-0.04527000,1.55231047,-0.29801771,-0.19078887,-0.02280003,0.20555741,0.02238309,0.04959775,-0.21513478,-0.15018804,-0.02092036,0.15223631,0.01376503,0.02856320,-0.15413090
9.390000,-0.30868301,-0.23048710,1.21858510,-0.04504552,1.55280781,-0.30017645,-0.19220124,-0.02299977,0.20698845,0.02251053,0.04986275,-0.21657968,-0.13213772,-0.01900490,0.13380310,0.01170895,0.02439784,-0.13467998
9.400000,-0.31061131,-0.23071801,1.22066135,-0.04481986,1.55330758,-0.30234864,-0.19342878,-0.02317966,0.20823023,0.02261697,0.05008496,-0.21782512,-0.11323445,-0.01694974,0.11439625,0.00956490,0.02000824,-0.11425015
9.410000,-0.31255094,-0.23095062,1.22274904,-0.04459325,1.55380936,-0.30453226,-0.19446331,-0.02333833,0.20927338,0.02270156,0.05026223,-0.21886168,-0.09354650,-0.01476446,0.09409061,0.00734029,0.01541170,-0.09291816
9.420000,-0.31449991,-0.23118470,1.22484613,-0.04436590,1.55431267,-0.30672515,-0.19529732,-0.02347455,0.21010929,0.02276353,0.05039256,-0.21968073,-0.07314213,-0.01245864,0.07296107,0.00504251,0.01062549,-0.07076076
9.430000,-0.31645619,-0.23142003,1.22695051,-0.04413806,1.55481704,-0.30892512,-0.19592399,-0.02358714,0.21073011,0.02280219,0.05047416,-0.22027440,-0.05208962,-0.01004183,0.05108251,0.00267897,0.00566691,-0.04785472
9.440000,-0.31841768,-0.23165636,1.22905999,-0.04390994,1.55532198,-0.31112987,-0.19633718,-0.02367504,0.21112870,0.02281692,0.05050539,-0.22063558,-0.03045723,-0.00752363,0.02852980,0.00025708,0.00055324,-0.02427680
9.450000,-0.32038221,-0.23189345,1.23117232,-0.04368180,1.55582698,-0.31333703,-0.19653143,-0.02373730,0.21129870,0.02280716,0.05048477,-0.22075795,-0.00831322,-0.00491359,0.00537781,-0.00221575,-0.00469824,-0.00010374
9.460000,-0.32234756,-0.23213102,1.23328518,-0.04345388,1.55633150,-0.31554421,-0.19650197,-0.02377304,0.21123451,0.02277246,0.05041102,-0.22063593,0.01427414,-0.00222129,-0.01829858,-0.00473213,-0.01007024,0.02458769
9.470000,-0.32431149,-0.23236882,1.23539621,-0.04322643,1.55683502,-0.31774892,-0.19624470,-0.02378149,0.21093123,0.02271240,0.05028302,-0.22026472,0.03723658,0.00054370,-0.04242449,-0.00728464,-0.01554547,0.04972074
9.480000,-0.32627169,-0.23260656,1.23750300,-0.04299972,1.55733698,-0.31994866,-0.19575621,-0.02376196,0.21038477,0.02262667,0.05009982,-0.21964030,0.06050582,0.00337181,-0.06692505,-0.00986588,-0.02110666,0.07521864
9.490000,-0.32822583,-0.23284396,1.23960309,-0.04277399,1.55783683,-0.32214087,-0.19503379,-0.02371387,0.20959173,0.02251501,0.04986066,-0.21875939,0.08401362,0.00625347,-0.09172538,-0.01246845,-0.02673652,0.10100465
9.500000,-0.33017158,-0.23308074,1.24169400,-0.04254950,1.55833400,-0.32432298,-0.19407537,-0.02363674,0.20854951,0.02237725,0.04956492,-0.21761950,0.10769169,0.00917910,-0.11675061,-0.01508493,-0.03241776,0.12700200
9.510000,-0.33210655,-0.23331660,1.24377324,-0.04232653,1.55882794,-0.32649239,-0.19287961,-0.02353017,0.20725622,0.02221329,0.04921219,-0.21621890,0.13147178,0.01213914,-0.14192586,-0.01770793,-0.03813310,0.15313394
9.520000,-0.33402837,-0.23355124,1.24583828,-0.04210533,1.55931806,-0.32864649,-0.19144582,-0.02339388,0.20571074,0.02202310,0.04880220,-0.21455663,0.15528561,0.01512401,-0.16717625,-0.02033004,-0.04386525,0.17932371
9.530000,-0.33593467,-0.23378437,1.24788661,-0.04188615,1.55980379,-0.33078265,-0.18977401,-0.02322764,0.20391270,0.02180672,0.04833488,-0.21263249,0.17906492,0.01812414,-0.19242691,-0.02294385,-0.04959693,0.20549455
9.540000,-0.33782306,-0.23401569,1.24991570,-0.04166928,1.56028456,-0.33289827,-0.18786487,-0.02303137,0.20186245,0.02156427,0.04781032,-0.21044706,0.20274144,0.02112996,-0.21760296,-0.02554197,-0.05531086,0.23156971
9.550000,-0.33969118,-0.23424490,1.25192302,-0.04145496,1.56075981,-0.33499073,-0.18571976,-0.02280506,0.19956113,0.02129596,0.04722878,-0.20800167,0.22624691,0.02413190,-0.24262953,-0.02811697,-0.06098974,0.25747243
9.560000,-0.34153668,-0.23447170,1.25390609,-0.04124344,1.56122895,-0.33705744,-0.18334073,-0.02254878,0.19701061,0.02100204,0.04659070,-0.20529844,0.24951305,0.02712039,-0.26743174,-0.03066147,-0.06661630,0.28312595
9.570000,-0.34335723,-0.23469578,1.25586241,-0.04103500,1.56169143,-0.33909585,-0.18073052,-0.02226273,0.19421350,0.02068285,0.04589669,-0.20234024,0.27247160,0.03008585,-0.29193472,-0.03316804,-0.07217325,0.30845351
9.580000,-0.34515053,-0.23491685,1.25778955,-0.04082987,1.56214670,-0.34110341,-0.17789255,-0.02194717,0.19117316,0.02033883,0.04514753,-0.19913071,0.29505429,0.03301871,-0.31606359,-0.03562930,-0.07764330,0.33337836
9.590000,-0.34691433,-0.23513462,1.25968508,-0.04062830,1.56259420,-0.34307764,-0.17483092,-0.02160249,0.18789372,0.01997044,0.04434417,-0.19567427,0.31719286,0.03590941,-0.33974347,-0.03803782,-0.08300917,0.35782374
9.600000,-0.34864642,-0.23534881,1.26154664,-0.04043054,1.56303341,-0.34501609,-0.17155040,-0.02122916,0.18438004,0.01957827,0.04348775,-0.19197609,0.33881904,0.03874837,-0.36289949,-0.04038621,-0.08825358,0.38171289
9.610000,-0.35034463,-0.23555911,1.26337192,-0.04023682,1.56346379,-0.34691637,-0.16805647,-0.02082773,0.18063773,0.01916294,0.04257956,-0.18804212,0.35986456,0.04152602,-0.38545677,-0.04266707,-0.09335924,0.40496906
9.620000,-0.35200686,-0.23576527,1.26515866,-0.04004736,1.56388483,-0.34877617,-0.16435527,-0.02039887,0.17667315,0.01872518,0.04162108,-0.18387908,0.38026115,0.04423278,-0.40734044,-0.04487298,-0.09830886,0.42751549
9.630000,-0.35363107,-0.23596700,1.26690466,-0.03986238,1.56429605,-0.35059322,-0.16045364,-0.01994334,0.17249341,0.01826576,0.04061396,-0.17949443,0.39994056,0.04685910,-0.42847562,-0.04699654,-0.10308517,0.44927541
9.640000,-0.35521529,-0.23616405,1.26860783,-0.03968211,1.56469695,-0.35236535,-0.15635908,-0.01946199,0.16810638,0.01778555,0.03956002,-0.17489645,0.41883450,0.04939538,-0.44878744,-0.04903035,-0.10767087,0.47017208
9.650000,-0.35675763,-0.23635616,1.27026613,-0.03950674,1.56508710,-0.35409046,-0.15207979,-0.01895577,0.16352066,0.01728548,0.03846124,-0.17009413,0.43687472,0.05183207,-0.46820101,-0.05096699,-0.11204869,0.49012874
9.660000,-0.35825630,-0.23654309,1.27187762,-0.03933646,1.56546604,-0.35576658,-0.14762466,-0.01842571,0.15874560,0.01676656,0.03731979,-0.16509726,0.45399294,0.05415960,-0.48664147,-0.05279908,-0.11620133,0.50906863
9.670000,-0.35970957,-0.23672460,1.27344044,-0.03917147,1.56583336,-0.35739180,-0.14300324,-0.01787297,0.15379132,0.01622987,0.03613802,-0.15991640,0.47012090,0.05636838,-0.50403394,-0.05451919,-0.12011151,0.52691499
9.680000,-0.36111584,-0.23690047,1.27495288,-0.03901192,1.56618867,-0.35896433,-0.13822577,-0.01729877,0.14866867,0.01567657,0.03491843,-0.15456286,0.48519034,0.05844885,-0.52030354,-0.05611993,-0.12376195,0.54359106
9.690000,-0.36247360,-0.23707051,1.27641330,-0.03885799,1.56653161,-0.36048252,-0.13330318,-0.01670445,0.14338924,0.01510789,0.03366370,-0.14904873,0.49913298,0.06039144,-0.53537540,-0.05759388,-0.12713536,0.55902010
9.700000,-0.36378146,-0.23723450,1.27782018,-0.03870981,1.56686184,-0.36194481,-0.12824709,-0.01609144,0.13796540,0.01452514,0.03237670,-0.14338687,0.51188056,0.06218658,-0.54917463,-0.05893365,-0.13021447,0.57312533
9.710000,-0.36503814,-0.23739228,1.27917217,-0.03856753,1.56717905,-0.36334981,-0.12306978,-0.01546124,0.13241024,0.01392969,0.03106045,-0.13759090,0.52336481,0.06382469,-0.56162637,-0.06013183,-0.13298197,0.58583001
9.720000,-0.36624249,-0.23754367,1.28046800,-0.03843125,1.56748296,-0.36469623,-0.11778424,-0.01481550,0.12673762,0.01332300,0.02971816,-0.13167520,0.53351747,0.06529620,-0.57265575,-0.06118101,-0.13542059,0.59705737
9.730000,-0.36739351,-0.23768854,1.28170657,-0.03830110,1.56777333,-0.36598296,-0.11240410,-0.01415591,0.12096212,0.01270659,0.02835320,-0.12565493,0.54227026,0.06659155,-0.58218787,-0.06207379,-0.13751305,0.60673066
9.740000,-0.36849031,-0.23782675,1.28288695,-0.03817715,1.56804996,-0.36720904,-0.10694372,-0.01348429,0.11509910,0.01208207,0.02696911,-0.11954602,0.54955493,0.06770115,-0.59014787,-0.06280277,-0.13924205,0.61477313
9.750000,-0.36953217,-0.23795819,1.28400832,-0.03805948,1.56831266,-0.36837364,-0.10141812,-0.01280254,0.10916465,0.01145111,0.02556962,-0.11336516,0.55530320,0.06861545,-0.59646088,-0.06336053,-0.14059032,0.62110801
9.760000,-0.37051851,-0.23808277,1.28507006,-0.03794814,1.56856131,-0.36947616,-0.09584301,-0.01211266,0.10317562,0.01081545,0.02415863,-0.10712981,0.55944680,0.06932486,-0.60105201,-0.06373967,-0.14154057,0.62565854
9.770000,-0.37144892,-0.23820043,1.28607171,-0.03784318,1.56879581,-0.37051612,-0.09023476,-0.01141675,0.09714960,0.01017693,0.02274020,-0.10085819,0.56191747,0.06981981,-0.60384639,-0.06393279,-0.14207551,0.62834798
9.780000,-0.37232315,-0.23831110,1.28701299,-0.03774461,1.56901611,-0.37149326,-0.08461046,-0.01071701,0.09110493,0.00953744,0.02131856,-0.09456931,0.56264695,0.07009075,-0.60476914,-0.06393248,-0.14217787,0.62909956
9.790000,-0.37314113,-0.23841476,1.28789381,-0.03765243,1.56922219,-0.37240751,-0.07898786,-0.01001572,0.08506071,0.00889895,0.01989814,-0.08828292,0.56156696,0.07012808,-0.60374540,-0.06373134,-0.14183035,0.62783653
9.800000,-0.37390297,-0.23851141,1.28871427,-0.03756662,1.56941409,-0.37325900,-0.07338538,-0.00931526,0.07903676,0.00826351,0.01848351,-0.08201955,0.55860924,0.06992224,-0.60070027,-0.06332196,-0.14101566,0.62448212
9.810000,-0.37460897,-0.23860108,1.28947468,-0.03748714,1.56959189,-0.37404805,-0.06782216,-0.00861811,0.07305369,0.00763323,0.01707944,-0.07580050,0.55370552,0.06946367,-0.59555890,-0.06269693,-0.13971654,0.61895959
9.820000,-0.37525961,-0.23868380,1.29017555,-0.03741393,1.56975573,-0.37477523,-0.06231799,-0.00792686,0.06713282,0.00701032,0.01569085,-0.06964784,0.54678754,0.06874278,-0.58824640,-0.06184886,-0.13791568,0.61119217
9.830000,-0.37585559,-0.23875964,1.29081762,-0.03734690,1.56990578,-0.37544131,-0.05689335,-0.00724417,0.06129625,0.00639702,0.01432286,-0.06358440,0.53778702,0.06775001,-0.57868789,-0.06077033,-0.13559582,0.60110311
9.840000,-0.37639781,-0.23882872,1.29140183,-0.03728595,1.57004227,-0.37604729,-0.05156942,-0.00657280,0.05556680,0.00579570,0.01298073,-0.05763377,0.52663571,0.06647579,-0.56680850,-0.05945394,-0.13273965,0.58861565
9.850000,-0.37688739,-0.23889115,1.29192939,-0.03723094,1.57016550,-0.37659444,-0.04636803,-0.00591562,0.04996806,0.00520876,0.01166991,-0.05182033,0.51326532,0.06491053,-0.55253336,-0.05789228,-0.12932990,0.57365303
9.860000,-0.37732566,-0.23894709,1.29240171,-0.03718172,1.57027579,-0.37708424,-0.04131173,-0.00527559,0.04452437,0.00463870,0.01039603,-0.04616922,0.49760761,0.06304468,-0.53578758,-0.05607796,-0.12534928,0.55613850
9.870000,-0.37771419,-0.23899673,1.29282048,-0.03713810,1.57037356,-0.37751845,-0.03642373,-0.00465576,0.03926080,0.00408807,0.00916488,-0.04070633,0.47959429,0.06086867,-0.51649630,-0.05400355,-0.12078051,0.53599529
9.880000,-0.37805477,-0.23904028,1.29318761,-0.03709988,1.57045925,-0.37789908,-0.03172793,-0.00405928,0.03420318,0.00355952,0.00798244,-0.03545833,0.45915710,0.05837291,-0.49458463,-0.05166167,-0.11560630,0.51314666
9.890000,-0.37834947,-0.23907800,1.29350531,-0.03706683,1.57053339,-0.37822842,-0.02724890,-0.00348940,0.02937809,0.00305575,0.00685483,-0.03045267,0.43622778,0.05554783,-0.46997771,-0.04904490,-0.10980937,0.48751584
9.900000,-0.37860056,-0.23911017,1.29377604,-0.03703868,1.57059655,-0.37850904,-0.02301191,-0.00294945,0.02481286,0.00257956,0.00578838,-0.02571754,0.41073806,0.05238388,-0.44260065,-0.04614584,-0.10337243,0.45902608
9.910000,-0.37881060,-0.23913710,1.29400253,-0.03701514,1.57064939,-0.37874377,-0.01904290,-0.00244288,0.02053556,0.00213380,0.00478958,-0.02128193,0.38261967,0.04887147,-0.41237858,-0.04295708,-0.09627820,0.42760061
9.920000,-0.37898240,-0.23915915,1.29418781,-0.03699589,1.57069259,-0.37893577,-0.01536850,-0.00197322,0.01657502,0.00172141,0.00386507,-0.01717557,0.35180434,0.04500103,-0.37923663,-0.03947122,-0.08850939,0.39316269
9.930000,-0.37911904,-0.23917670,1.29433519,-0.03698059,1.57072696,-0.37908848,-0.01201603,-0.00154409,0.01296081,0.00134539,0.00302169,-0.01342897,0.31822381,0.04076300,-0.34309991,-0.03568085,-0.08004872,0.35563556
9.940000,-0.37922389,-0.23919018,1.29444828,-0.03696885,1.57075332,-0.37920566,-0.00901347,-0.00115922,0.00972325,0.00100883,0.00226646,-0.01007341,0.28180982,0.03614779,-0.30389356,-0.03157856,-0.07087890,0.31494245
9.950000,-0.37930057,-0.23920004,1.29453101,-0.03696027,1.57077260,-0.37929136,-0.00638951,-0.00082242,0.00689342,0.00071489,0.00160654,-0.00714093,0.24249408,0.03114585,-0.26154269,-0.02715696,-0.06098266,0.27100662
9.960000,-0.37935303,-0.23920680,1.29458761,-0.03695440,1.57078579,-0.37935000,-0.00417349,-0.00053762,0.00450313,0.00046678,0.00104928,-0.00466435,0.20020834,0.02574759,-0.21597243,-0.02240864,-0.05034270,0.22375129
9.970000,-0.37938550,-0.23921098,1.29462265,-0.03695077,1.57079396,-0.37938628,-0.00239547,-0.00030882,0.00258495,0.00026783,0.00060222,-0.00267723,0.15488433,0.01994345,-0.16710791,-0.01732619,-0.03894174,0.17309973
9.980000,-0.37940251,-0.23921318,1.29464100,-0.03694887,1.57079823,-0.37940529,-0.00108616,-0.00014014,0.00117220,0.00012140,0.00027304,-0.00121393,0.10645378,0.01372385,-0.11487425,-0.01190220,-0.02676249,0.11897516
9.990000,-0.37940889,-0.23921400,1.29464789,-0.03694815,1.57079984,-0.37941242,-0.00027697,-0.00003576,0.00029895,0.00003095,0.00006962,-0.00030956,0.05484843,0.00707922,-0.05919657,-0.00612927,-0.01378767,0.06130084
10.000000,-0.37940982,-0.23921412,1.29464889,-0.03694805,1.57080007,-0.37941346,0.00000000,0.00000000,0.00000000,-0.00000000,0.00000000,0.00000000,0.00000000,0.00000000,-0.00000000,-0.00000000,-0.00000000,0.00000000
