t_s,q1_rad,q2_rad,q3_rad,q4_rad,q5_rad,q6_rad,qd1_rad_s,qd2_rad_s,qd3_rad_s,qd4_rad_s,qd5_rad_s,qd6_rad_s,qdd1_rad_s2,qdd2_rad_s2,qdd3_rad_s2,qdd4_rad_s2,qdd5_rad_s2,qdd6_rad_s2
0.000000,0.76195949,-0.12019394,1.44814849,0.01847586,1.59305394,0.88200301,0.00000000,0.00000000,0.00000000,0.00000000,0.00000000,0.00000000,0.00000000,0.00000000,0.00000000,0.00000000,0.00000000,0.00000000
0.010000,0.76195789,-0.12019513,1.44814745,0.01847665,1.59305341,0.88200118,-0.00047972,-0.00035582,-0.00031189,0.00023763,-0.00015705,-0.00054528,-0.09499821,-0.07053370,-0.06187476,0.04712501,-0.03118254,-0.10796858
0.020000,0.76194683,-0.12020335,1.44814024,0.01848214,1.59304978,0.88198861,-0.00188124,-0.00139820,-0.00122751,0.00093454,-0.00061914,-0.00213785,-0.18438006,-0.13732393,-0.12075292,0.09186126,-0.06101068,-0.20948004
0.030000,0.76191737,-0.12022526,1.44812098,0.01849679,1.59304006,0.88195515,-0.00414899,-0.00309006,-0.00271715,0.00206704,-0.00137281,-0.00471380,-0.26826162,-0.20044344,-0.17668986,0.13425252,-0.08950419,-0.30466744
0.040000,0.76186114,-0.12026719,1.44808408,0.01852486,1.59302140,0.88189127,-0.00722853,-0.00539507,-0.00475168,0.00361192,-0.00240484,-0.00821056,-0.34675894,-0.25996497,-0.22974093,0.17434253,-0.11668286,-0.39366379
0.050000,0.76177028,-0.12033509,1.44802423,0.01857033,1.59299108,0.88178807,-0.01106660,-0.00827761,-0.00730253,0.00554637,-0.00370215,-0.01256688,-0.41998809,-0.31596127,-0.27996150,0.21217506,-0.14256646,-0.47660212
0.060000,0.76163745,-0.12043455,1.44793640,0.01863701,1.59294651,0.88163726,-0.01561112,-0.01170279,-0.01034166,0.00784804,-0.00525192,-0.01772285,-0.48806514,-0.36850509,-0.32740693,0.24779386,-0.16717479,-0.55361547
0.070000,0.76145587,-0.12057084,1.44781586,0.01872844,1.59288524,0.88143114,-0.02081112,-0.01563645,-0.01384160,0.01049501,-0.00704147,-0.02361989,-0.55110615,-0.41766917,-0.37213258,0.28124271,-0.19052761,-0.62483687
0.080000,0.76121921,-0.12074887,1.44765812,0.01884799,1.59280492,0.88116259,-0.02661684,-0.02004515,-0.01777543,0.01346581,-0.00905835,-0.03020073,-0.60922718,-0.46352625,-0.41419382,0.31256534,-0.21264472,-0.69039935
0.090000,0.76092167,-0.12097322,1.44745899,0.01899877,1.59270335,0.88082504,-0.03297965,-0.02489619,-0.02211678,0.01673938,-0.01129031,-0.03740945,-0.66254431,-0.50614910,-0.45364600,0.34180553,-0.23354589,-0.75043593
0.100000,0.76055792,-0.12124816,1.44721452,0.01918371,1.59257844,0.88041249,-0.03985210,-0.03015759,-0.02683984,0.02029512,-0.01372528,-0.04519147,-0.71117359,-0.54561044,-0.49054450,0.36900704,-0.25325091,-0.80507966
0.110000,0.76012309,-0.12157763,1.44692101,0.01940554,1.59242821,0.87991947,-0.04718788,-0.03579810,-0.03191935,0.02411287,-0.01635140,-0.05349351,-0.75523108,-0.58198303,-0.52494467,0.39421361,-0.27177956,-0.85446356
0.120000,0.75961277,-0.12196528,1.44657502,0.01966678,1.59225081,0.87934106,-0.05494187,-0.04178720,-0.03733059,0.02817289,-0.01915702,-0.06226365,-0.79483287,-0.61533962,-0.55690188,0.41746902,-0.28915161,-0.89872065
0.130000,0.75902300,-0.12241444,1.44617337,0.01996975,1.59204451,0.87867281,-0.06307008,-0.04809508,-0.04304943,0.03245589,-0.02213065,-0.07145128,-0.83009499,-0.64575295,-0.58647148,0.43881701,-0.30538685,-0.93798399
0.140000,0.75835026,-0.12292815,1.44571309,0.02031658,1.59180768,0.87791080,-0.07152969,-0.05469269,-0.04905225,0.03694302,-0.02526103,-0.08100713,-0.86113353,-0.67329577,-0.61370885,0.45830135,-0.32050507,-0.97238658
0.150000,0.75759144,-0.12350916,1.44519145,0.02070922,1.59153881,0.87705160,-0.08027905,-0.06155167,-0.05531601,0.04161585,-0.02853709,-0.09088325,-0.88806455,-0.69804082,-0.63866934,0.47596580,-0.33452604,-1.00206147
0.160000,0.75674385,-0.12415996,1.44460597,0.02114945,1.59123649,0.87609223,-0.08927768,-0.06864442,-0.06181823,0.04645641,-0.03194796,-0.10103304,-0.91100411,-0.72006086,-0.66140832,0.49185412,-0.34746954,-1.02714169
0.170000,0.75580519,-0.12488274,1.44395437,0.02163885,1.59089943,0.87503018,-0.09848622,-0.07594405,-0.06853696,0.05144716,-0.03548296,-0.11141121,-0.93006827,-0.73942862,-0.68198115,0.50601006,-0.35935537,-1.04776026
0.180000,0.75477355,-0.12567945,1.44323458,0.02217884,1.59052645,0.87386339,-0.10786651,-0.08342440,-0.07545082,0.05657099,-0.03913161,-0.12197382,-0.94537311,-0.75621686,-0.70044319,0.51847739,-0.37020329,-1.06405021
0.190000,0.75364741,-0.12655175,1.44244477,0.02277066,1.59011646,0.87259023,-0.11738154,-0.09106003,-0.08253897,0.06181122,-0.04288363,-0.13267823,-0.95703468,-0.77049832,-0.71684981,0.52929985,-0.38003308,-1.07614459
0.200000,0.75242559,-0.12750108,1.44158329,0.02341540,1.58966847,0.87120949,-0.12699545,-0.09882625,-0.08978115,0.06715165,-0.04672894,-0.14348317,-0.96516905,-0.78234574,-0.73125636,0.53852123,-0.38886455,-1.08417641
0.210000,0.75110729,-0.12852863,1.44064870,0.02411398,1.58918160,0.86972036,-0.13667355,-0.10669908,-0.09715762,0.07257646,-0.05065766,-0.15434866,-0.96989228,-0.79183189,-0.74371821,0.54618526,-0.39671745,-1.08827871
0.220000,0.74969202,-0.12963534,1.43963975,0.02486716,1.58865507,0.86812244,-0.14638231,-0.11465526,-0.10464921,0.07807031,-0.05466009,-0.16523609,-0.97132044,-0.79902949,-0.75429073,0.55233571,-0.40361158,-1.08858453
0.230000,0.74817965,-0.13082194,1.43855539,0.02567556,1.58808818,0.86641569,-0.15608936,-0.12267228,-0.11223732,0.08361827,-0.05872676,-0.17610814,-0.96956959,-0.80401130,-0.76302928,0.55701634,-0.40956671,-1.08522688
0.240000,0.74657034,-0.13208892,1.43739475,0.02653966,1.58748035,0.86460045,-0.16576349,-0.13072834,-0.11990387,0.08920588,-0.06284836,-0.18692886,-0.96475580,-0.80685006,-0.76998921,0.56027090,-0.41460263,-1.07833881
0.250000,0.74486459,-0.13343656,1.43615711,0.02745976,1.58683106,0.86267740,-0.17537465,-0.13880238,-0.12763136,0.09481908,-0.06701581,-0.19766359,-0.95699513,-0.80761853,-0.77522589,0.56214317,-0.41873912,-1.06805334
0.260000,0.74306316,-0.13486496,1.43484197,0.02843608,1.58613991,0.86064758,-0.18489396,-0.14687405,-0.13540283,0.10044428,-0.07122021,-0.20827904,-0.94640365,-0.80638944,-0.77879469,0.56267689,-0.42199596,-1.05450350
0.270000,0.74116711,-0.13637397,1.43344897,0.02946865,1.58540656,0.85851233,-0.19429368,-0.15492375,-0.14320188,0.10606830,-0.07545287,-0.21874323,-0.93309741,-0.80323555,-0.78075096,0.56191582,-0.42439294,-1.03782233
0.280000,0.73917777,-0.13796329,1.43197790,0.03055740,1.58463079,0.85627332,-0.20354724,-0.16293259,-0.15101266,0.11167843,-0.07970527,-0.22902549,-0.91719250,-0.79822960,-0.78115008,0.55990373,-0.42594982,-1.01814285
0.290000,0.73709674,-0.13963243,1.43042872,0.03170213,1.58381242,0.85393252,-0.21262925,-0.17088241,-0.15881987,0.11726236,-0.08396913,-0.23909653,-0.89880496,-0.79144433,-0.78004739,0.55668437,-0.42668641,-0.99559809
0.300000,0.73492584,-0.14138069,1.42880156,0.03290252,1.58295139,0.85149219,-0.22151545,-0.17875579,-0.16660878,0.12280824,-0.08823633,-0.24892835,-0.87805087,-0.78295250,-0.77749827,0.55230150,-0.42662246,-0.97032110
0.310000,0.73266716,-0.14320723,1.42709666,0.03415813,1.58204771,0.84895484,-0.23018277,-0.18653602,-0.17436520,0.12830465,-0.09249897,-0.25849429,-0.85504628,-0.77282685,-0.77355808,0.54679888,-0.42577778,-0.94244489
0.320000,0.73032299,-0.14511104,1.42531441,0.03546841,1.58110145,0.84632327,-0.23860926,-0.19420712,-0.18207549,0.13374063,-0.09674935,-0.26776903,-0.82990727,-0.76114012,-0.76828218,0.54022027,-0.42417214,-0.91210250
0.330000,0.72789584,-0.14709096,1.42345534,0.03683270,1.58011279,0.84360051,-0.24677418,-0.20175386,-0.18972658,0.13910562,-0.10097995,-0.27672856,-0.80274989,-0.74796507,-0.76172593,0.53260943,-0.42182532,-0.87942696
0.340000,0.72538844,-0.14914566,1.42152012,0.03825025,1.57908195,0.84078983,-0.25465792,-0.20916171,-0.19730593,0.14438952,-0.10518345,-0.28535023,-0.77369022,-0.73337444,-0.75394470,0.52401012,-0.41875710,-0.84455130
0.350000,0.72280368,-0.15127368,1.41950951,0.03972019,1.57800923,0.83789470,-0.26224203,-0.21641687,-0.20480157,0.14958267,-0.10935275,-0.29361270,-0.74284431,-0.71744098,-0.74499384,0.51446609,-0.41498727,-0.80760855
0.360000,0.72014466,-0.15347344,1.41742440,0.04124157,1.57689503,0.83491884,-0.26950924,-0.22350629,-0.21220209,0.15467584,-0.11348092,-0.30149596,-0.71032824,-0.70023743,-0.73492873,0.50402110,-0.41053560,-0.76873175
0.370000,0.71741461,-0.15574322,1.41526582,0.04281335,1.57573977,0.83186611,-0.27644342,-0.23041763,-0.21949662,0.15966024,-0.11756126,-0.30898133,-0.67625806,-0.68183654,-0.72380472,0.49271892,-0.40542188,-0.72805391
0.380000,0.71461695,-0.15808116,1.41303486,0.04443439,1.57454398,0.82874059,-0.28302961,-0.23713927,-0.22667484,0.16452751,-0.12158722,-0.31605147,-0.64074984,-0.66231105,-0.71167718,0.48060331,-0.39966589,-0.68570808
0.390000,0.71175522,-0.16048533,1.41073274,0.04610348,1.57330823,0.82554652,-0.28925401,-0.24366034,-0.23372700,0.16926974,-0.12555250,-0.32269037,-0.60391964,-0.64173372,-0.69860146,0.46771801,-0.39328741,-0.64182729
0.400000,0.70883312,-0.16295367,1.40836077,0.04781934,1.57203316,0.82228827,-0.29510398,-0.24997068,-0.24064389,0.17387945,-0.12945096,-0.32888335,-0.56588353,-0.62017729,-0.68463294,0.45410680,-0.38630623,-0.59654456
0.410000,0.70585443,-0.16548401,1.40592034,0.04958060,1.57071946,0.81897038,-0.30056805,-0.25606087,-0.24741687,0.17834960,-0.13327668,-0.33461704,-0.52675758,-0.59771450,-0.66982697,0.43981342,-0.37874212,-0.54999292
0.420000,0.70282308,-0.16807412,1.40341294,0.05138584,1.56936788,0.81559750,-0.30563589,-0.26192220,-0.25403782,0.18267359,-0.13702393,-0.33987942,-0.48665784,-0.57441811,-0.65423892,0.42488165,-0.37061486,-0.50230542
0.430000,0.69974306,-0.17072167,1.40084012,0.05323357,1.56797926,0.81217440,-0.31029834,-0.26754669,-0.26049922,0.18684525,-0.14068717,-0.34465980,-0.44570039,-0.55036086,-0.63792415,0.40935523,-0.36194424,-0.45361507
0.440000,0.69661849,-0.17342424,1.39820351,0.05512222,1.56655444,0.80870595,-0.31454742,-0.27292712,-0.26679407,0.19085886,-0.14426107,-0.34894882,-0.40400128,-0.52561549,-0.62093802,0.39327792,-0.35275004,-0.40405491
0.450000,0.69345352,-0.17617937,1.39550481,0.05705020,1.56509435,0.80519709,-0.31837628,-0.27805695,-0.27291593,0.19470912,-0.14774049,-0.35273844,-0.36167659,-0.50025475,-0.60333589,0.37669350,-0.34305204,-0.35375796
0.460000,0.69025238,-0.17898453,1.39274579,0.05901584,1.56359996,0.80165286,-0.32177926,-0.28293041,-0.27885892,0.19839118,-0.15112049,-0.35602197,-0.31884237,-0.47435140,-0.58517314,0.35964570,-0.33287002,-0.30285727
0.470000,0.68701937,-0.18183711,1.38992825,0.06101745,1.56207229,0.79807836,-0.32475182,-0.28754241,-0.28461771,0.20190063,-0.15439634,-0.35879402,-0.27561469,-0.44797817,-0.56650511,0.34217830,-0.32222376,-0.25148586
0.480000,0.68375879,-0.18473449,1.38705406,0.06305327,1.56051240,0.79447870,-0.32729062,-0.29188865,-0.29018752,0.20523349,-0.15756349,-0.36105056,-0.23210961,-0.42120781,-0.54738718,0.32433506,-0.31113305,-0.19977676
0.490000,0.68047501,-0.18767399,1.38412514,0.06512152,1.55892140,0.79085907,-0.32939347,-0.29596549,-0.29556414,0.20838623,-0.16061759,-0.36278887,-0.18844321,-0.39411307,-0.52787471,0.30615972,-0.29961767,-0.14786301
0.500000,0.67717238,-0.19065289,1.38114344,0.06722038,1.55730044,0.78722466,-0.33105934,-0.29977007,-0.30074388,0.21135573,-0.16355449,-0.36400758,-0.14473153,-0.36676670,-0.50802305,0.28769605,-0.28769739,-0.09587763
0.510000,0.67385528,-0.19366847,1.37811093,0.06934801,1.55565071,0.78358065,-0.33228834,-0.30330023,-0.30572365,0.21413933,-0.16637025,-0.36470663,-0.10109066,-0.33924143,-0.48788757,0.26898781,-0.27539201,-0.04395365
0.520000,0.67052806,-0.19671798,1.37502964,0.07150254,1.55397345,0.77993225,-0.33308177,-0.30655454,-0.31050087,0.21673481,-0.16906111,-0.36488730,-0.05763665,-0.31161003,-0.46752364,0.25007876,-0.26272129,0.00777589
0.530000,0.66719508,-0.19979864,1.37190160,0.07368207,1.55226992,0.77628463,-0.33344208,-0.30953232,-0.31507355,0.21914038,-0.17162352,-0.36455220,-0.01448557,-0.28394523,-0.44698662,0.23101266,-0.24970503,0.05917797
0.540000,0.66386065,-0.20290770,1.36872885,0.07588471,1.55054142,0.77264291,-0.33337288,-0.31223358,-0.31944021,0.22135469,-0.17405413,-0.36370528,0.02824653,-0.25631979,-0.42633186,0.21183326,-0.23636300,0.11011955
0.550000,0.66052904,-0.20604239,1.36551348,0.07810853,1.54878928,0.76901221,-0.33287894,-0.31465909,-0.32359998,0.22337682,-0.17634976,-0.36235179,0.07044356,-0.22880644,-0.40561474,0.19258433,-0.22271499,0.16046760
0.560000,0.65720447,-0.20919997,1.36225755,0.08035160,1.54701488,0.76539755,-0.33196618,-0.31681032,-0.32755249,0.22520629,-0.17850747,-0.36049835,0.11198948,-0.20147794,-0.38489061,0.17330962,-0.20878077,0.21008909
0.570000,0.65389109,-0.21237769,1.35896312,0.08261201,1.54521960,0.76180388,-0.33064171,-0.31868950,-0.33129795,0.22684307,-0.18052449,-0.35815288,0.15276821,-0.17440702,-0.36421484,0.15405290,-0.19458014,0.25885099
0.580000,0.65059298,-0.21557286,1.35563227,0.08488782,1.54340487,0.75823610,-0.32891376,-0.32029957,-0.33483713,0.22828755,-0.18239825,-0.35532464,0.19266369,-0.14766645,-0.34364279,0.13485791,-0.18013286,0.30662028
0.590000,0.64731413,-0.21878280,1.35226706,0.08717712,1.54157212,0.75469896,-0.32679176,-0.32164418,-0.33817134,0.22954058,-0.18412639,-0.35202422,0.23155985,-0.12132896,-0.32322983,0.11576843,-0.16545873,0.35326391
0.600000,0.64405842,-0.22200487,1.34886953,0.08947800,1.53972283,0.75119715,-0.32428628,-0.32272773,-0.34130244,0.23060342,-0.18570674,-0.34826355,0.26934064,-0.09546731,-0.30303130,0.09682820,-0.15057752,0.39864886
0.610000,0.64082964,-0.22523650,1.34544168,0.09178856,1.53785849,0.74773518,-0.32140905,-0.32355535,-0.34423286,0.23147779,-0.18713732,-0.34405588,0.30588999,-0.07015423,-0.28310259,0.07808100,-0.13550902,0.44264209
0.620000,0.63763144,-0.22847515,1.34198553,0.09410694,1.53598059,0.74431747,-0.31817297,-0.32413289,-0.34696558,0.23216583,-0.18841636,-0.33941579,0.34109182,-0.04546247,-0.26349905,0.05957057,-0.12027300,0.48511059
0.630000,0.63446733,-0.23171835,1.33850302,0.09643127,1.53409067,0.74094826,-0.31459210,-0.32446691,-0.34950411,0.23267013,-0.18954229,-0.33435920,0.37483009,-0.02146479,-0.24427604,0.04134067,-0.10488925,0.52592131
0.640000,0.63134070,-0.23496370,1.33499608,0.09875974,1.53219026,0.73763162,-0.31068164,-0.32456474,-0.35185255,0.23299372,-0.19051372,-0.32890334,0.40698872,0.00176608,-0.22548893,0.02343507,-0.08937755,0.56494122
0.650000,0.62825474,-0.23820888,1.33146659,0.10109055,1.53028091,0.73437146,-0.30645797,-0.32443439,-0.35401553,0.23314006,-0.19132948,-0.32306679,0.43745164,0.02415738,-0.20719308,0.00589753,-0.07375768,0.60203730
0.660000,0.62521252,-0.24145165,1.32791637,0.10342196,1.52836419,0.73117148,-0.30193864,-0.32408463,-0.35599823,0.23311305,-0.19198858,-0.31686945,0.46610281,0.04563637,-0.18944385,-0.01122820,-0.05804943,0.63707650
0.670000,0.62221690,-0.24468987,1.32434720,0.10575225,1.52644167,0.72803520,-0.29714234,-0.32352495,-0.35780641,0.23291702,-0.19249024,-0.31033256,0.49282712,0.06613088,-0.17229619,-0.02789866,-0.04227251,0.66992693
0.680000,0.61927053,-0.24792149,1.32076080,0.10807975,1.52451492,0.72496589,-0.29208872,-0.32276543,-0.35944627,0.23255668,-0.19283385,-0.30347844,0.51756840,0.08560327,-0.15578027,-0.04408838,-0.02644315,0.70052324
0.690000,0.61637591,-0.25114455,1.31715882,0.11040285,1.52258552,0.72196662,-0.28679747,-0.32181623,-0.36092409,0.23203684,-0.19301896,-0.29632948,0.54036177,0.10406941,-0.13988785,-0.05979979,-0.01057215,0.72890335
0.700000,0.61353531,-0.25435721,1.31354284,0.11271997,1.52065507,0.71904021,-0.28128784,-0.32068733,-0.36224606,0.23136226,-0.19304519,-0.28890760,0.56125020,0.12154978,-0.12460738,-0.07503770,0.00533015,0.75511404
0.710000,0.61075082,-0.25755773,1.30991440,0.11502960,1.51872515,0.71618930,-0.27557867,-0.31938846,-0.36341824,0.23053765,-0.19291229,-0.28123427,0.58027666,0.13806486,-0.10992731,-0.08980693,0.02125342,0.77920211
0.720000,0.60802434,-0.26074445,1.30627495,0.11733024,1.51679735,0.71341629,-0.26968837,-0.31792918,-0.36444657,0.22956767,-0.19262009,-0.27333048,0.59748412,0.15363514,-0.09583611,-0.10411232,0.03718732,0.80121433
0.730000,0.60535760,-0.26391581,1.30262592,0.11962048,1.51487328,0.71072339,-0.26363491,-0.31631884,-0.36533689,0.22845693,-0.19216854,-0.26521675,0.61291554,0.16828109,-0.08232221,-0.11795867,0.05312153,0.82119751
0.740000,0.60275213,-0.26707035,1.29896866,0.12189893,1.51295451,0.70811259,-0.25743584,-0.31456657,-0.36609490,0.22721001,-0.19155769,-0.25691314,0.62661391,0.18202319,-0.06937408,-0.13135082,0.06904571,0.83919841
0.750000,0.60020931,-0.27020670,1.29530445,0.12416424,1.51104265,0.70558570,-0.25110826,-0.31268132,-0.36672622,0.22583142,-0.19078769,-0.24843923,0.63862218,0.19488193,-0.05698017,-0.14429357,0.08494951,0.85526383
0.760000,0.59773034,-0.27332356,1.29163454,0.12641513,1.50913929,0.70314431,-0.24466888,-0.31067181,-0.36723632,0.22432562,-0.18985880,-0.23981416,0.64898333,0.20687779,-0.04512893,-0.15679176,0.10082262,0.86944056
0.770000,0.59531625,-0.27641975,1.28796011,0.12865034,1.50724600,0.70078985,-0.23813394,-0.30854657,-0.36763057,0.22269705,-0.18877138,-0.23105656,0.65774033,0.21803124,-0.03380881,-0.16885021,0.11665468,0.88177539
0.780000,0.59296792,-0.27949414,1.28428229,0.13086868,1.50536439,0.69852356,-0.23151928,-0.30631392,-0.36791422,0.22095007,-0.18752588,-0.22218463,0.66493616,0.22836277,-0.02300828,-0.18047373,0.13243538,0.89231509
0.790000,0.59068608,-0.28254570,1.28060218,0.13306897,1.50349601,0.69634648,-0.22484028,-0.30398198,-0.36809243,0.21908901,-0.18612288,-0.21321609,0.67061377,0.23789286,-0.01271577,-0.19166715,0.14815437,0.90110647
0.800000,0.58847128,-0.28557347,1.27692078,0.13525009,1.50164245,0.69425950,-0.21811192,-0.30155867,-0.36817019,0.21711814,-0.18456303,-0.20416817,0.67481615,0.24664198,-0.00291975,-0.20243529,0.16380132,0.90819629
0.810000,0.58632396,-0.28857659,1.27323909,0.13741098,1.49980527,0.69226333,-0.21134873,-0.29905168,-0.36815244,0.21504170,-0.18284712,-0.19505768,0.67758625,0.25463063,0.00639133,-0.21278297,0.17936590,0.91363136
0.820000,0.58424438,-0.29155425,1.26955803,0.13955059,1.49798603,0.69035850,-0.20456483,-0.29646852,-0.36804395,0.21286387,-0.18097602,-0.18590091,0.67896706,0.26187927,0.01522901,-0.22271501,0.19483777,0.91745846
0.830000,0.58223268,-0.29450573,1.26587850,0.14166793,1.49618626,0.68854541,-0.19777388,-0.29381649,-0.36784940,0.21058877,-0.17895071,-0.17671371,0.67900154,0.26840839,0.02360485,-0.23223623,0.21020660,0.91972438
0.840000,0.58028888,-0.29743038,1.26220132,0.14376205,1.49440752,0.68682428,-0.19098914,-0.29110268,-0.36757335,0.20822050,-0.17677227,-0.16751147,0.67773266,0.27423847,0.03153039,-0.24135146,0.22546205,0.92047590
0.850000,0.57841284,-0.30032760,1.25852729,0.14583204,1.49265133,0.68519518,-0.18422343,-0.28833399,-0.36722025,0.20576308,-0.17444188,-0.15830909,0.67520340,0.27938999,0.03901718,-0.25006551,0.24059378,0.91975981
0.860000,0.57660431,-0.30319689,1.25485716,0.14787703,1.49091919,0.68365805,-0.17748913,-0.28551708,-0.36679443,0.20322051,-0.17196084,-0.14912101,0.67145671,0.28388343,0.04607676,-0.25838321,0.25559148,0.91762289
0.870000,0.57486291,-0.30603780,1.25119163,0.14989618,1.48921261,0.68221267,-0.17079821,-0.28265844,-0.36630010,0.20059672,-0.16933054,-0.13996121,0.66653558,0.28773927,0.05272068,-0.26630938,0.27044479,0.91411194
0.880000,0.57318816,-0.30884995,1.24753137,0.15188871,1.48753307,0.68085869,-0.16416219,-0.27976435,-0.36574136,0.19789561,-0.16655246,-0.13084319,0.66048298,0.29097799,0.05896049,-0.27384884,0.28514338,0.90927375
0.890000,0.57157945,-0.31163299,1.24387700,0.15385385,1.48588204,0.67959562,-0.15759218,-0.27684087,-0.36512220,0.19512102,-0.16362822,-0.12178000,0.65334187,0.29362008,0.06480773,-0.28100641,0.29967693,0.90315509
0.900000,0.57003606,-0.31438668,1.24022911,0.15579089,1.48426099,0.67842286,-0.15109884,-0.27389387,-0.36444648,0.19227674,-0.16055951,-0.11278420,0.64515522,0.29568601,0.07027394,-0.28778691,0.31403510,0.89580275
0.910000,0.56855718,-0.31711081,1.23658825,0.15769916,1.48267133,0.67733967,-0.14469242,-0.27092900,-0.36371795,0.18936652,-0.15734814,-0.10386790,0.63596601,0.29719626,0.07537069,-0.29419517,0.32820754,0.88726353
0.920000,0.56714189,-0.31980522,1.23295492,0.15957802,1.48111449,0.67634520,-0.13838272,-0.26795173,-0.36294026,0.18639406,-0.15399601,-0.09504273,0.62581720,0.29817131,0.08010951,-0.30023600,0.34218394,0.87758421
0.930000,0.56578917,-0.32246982,1.22932959,0.16142685,1.47959187,0.67543848,-0.13217913,-0.26496729,-0.36211692,0.18336301,-0.15050514,-0.08631986,0.61475177,0.29863165,0.08450194,-0.30591423,0.35595395,0.86681157
0.940000,0.56449792,-0.32510456,1.22571272,0.16324509,1.47810485,0.67461843,-0.12609059,-0.26198074,-0.36125134,0.18027697,-0.14687765,-0.07770999,0.60281268,0.29859775,0.08855955,-0.31123468,0.36950723,0.85499241
0.950000,0.56326695,-0.32770945,1.22210470,0.16503222,1.47665477,0.67388387,-0.12012564,-0.25899692,-0.36034680,0.17713949,-0.14311576,-0.06922335,0.59004291,0.29809010,0.09229386,-0.31620216,0.38283347,0.84217351
0.960000,0.56209497,-0.33028453,1.21850590,0.16678772,1.47524297,0.67323352,-0.11429236,-0.25602045,-0.35940650,0.17395408,-0.13922178,-0.06086970,0.57648543,0.29712917,0.09571644,-0.32082151,0.39592231,0.82840166
0.970000,0.56098064,-0.33282989,1.21491668,0.16851115,1.47387076,0.67266600,-0.10859842,-0.25305578,-0.35843348,0.17072420,-0.13519814,-0.05265833,0.56218320,0.29573545,0.09883881,-0.32509754,0.40876343,0.81372364
0.980000,0.55992251,-0.33534569,1.21133733,0.17020207,1.47253943,0.67217985,-0.10305104,-0.25010712,-0.35743068,0.16745326,-0.13104737,-0.04459809,0.54717920,0.29392942,0.10167255,-0.32903507,0.42134649,0.79818624
0.990000,0.55891910,-0.33783210,1.20776815,0.17186009,1.47125023,0.67177351,-0.09765703,-0.24717849,-0.35640095,0.16414462,-0.12677210,-0.03669732,0.53151639,0.29173155,0.10422917,-0.33263893,0.43366115,0.78183625
1.000000,0.55796884,-0.34028934,1.20420939,0.17348485,1.47000440,0.67144534,-0.09242276,-0.24427372,-0.35534699,0.16080158,-0.12237507,-0.02896392,0.51523776,0.28916233,0.10652025,-0.33591393,0.44569709,0.76472046
1.010000,0.55707010,-0.34271767,1.20066129,0.17507602,1.46880313,0.67119364,-0.08735418,-0.24139642,-0.35427139,0.15742742,-0.11785912,-0.02140531,0.49838626,0.28624224,0.10855731,-0.33886490,0.45744397,0.74688565
1.020000,0.55622119,-0.34511737,1.19712403,0.17663330,1.46764760,0.67101663,-0.08245680,-0.23854998,-0.35317665,0.15402535,-0.11322719,-0.01402844,0.48100487,0.28299176,0.11035192,-0.34149666,0.46889145,0.72837861
1.030000,0.55542037,-0.34748878,1.19359781,0.17815644,1.46653896,0.67091245,-0.07773571,-0.23573761,-0.35206512,0.15059853,-0.10848233,-0.00683982,0.46313656,0.27943136,0.11191560,-0.34381403,0.48002920,0.70924613
1.040000,0.55466587,-0.34983225,1.19008278,0.17964520,1.46547832,0.67087919,-0.07319555,-0.23296232,-0.35093907,0.14715010,-0.10362767,0.00015455,0.44482429,0.27558154,0.11325992,-0.34582184,0.49084689,0.68953499
1.050000,0.55395584,-0.35214816,1.18657907,0.18109938,1.46446676,0.67091487,-0.06884056,-0.23022688,-0.34980062,0.14368311,-0.09866649,0.00694911,0.42611105,0.27146276,0.11439642,-0.34752489,0.50133418,0.66929198
1.060000,0.55328843,-0.35443693,1.18308680,0.18251881,1.46350533,0.67101748,-0.06467452,-0.22753389,-0.34865179,0.14020060,-0.09360213,0.01353877,0.40703980,0.26709552,0.11533664,-0.34892802,0.51148073,0.64856389
1.070000,0.55266171,-0.35669899,1.17960606,0.18390335,1.46259505,0.67118495,-0.06070081,-0.22488573,-0.34749450,0.13670553,-0.08843805,0.01991893,0.38765350,0.26250029,0.11609213,-0.35003605,0.52127622,0.62739751
1.080000,0.55207376,-0.35893480,1.17613693,0.18525289,1.46173689,0.67141515,-0.05692236,-0.22228458,-0.34633053,0.13320084,-0.08317781,0.02608542,0.36799514,0.25769754,0.11667444,-0.35085379,0.53071030,0.60583962
1.090000,0.55152261,-0.36114484,1.17267947,0.18656735,1.46093180,0.67170593,-0.05334167,-0.21973240,-0.34516155,0.12968941,-0.07782508,0.03203457,0.34810767,0.25270777,0.11709511,-0.35138607,0.53977265,0.58393700
1.100000,0.55100626,-0.36332962,1.16923371,0.18784667,1.46018069,0.67205511,-0.04996083,-0.21723098,-0.34398913,0.12617406,-0.07238363,0.03776316,0.32803408,0.24755145,0.11736569,-0.35163771,0.54845293,0.56173646
1.110000,0.55052272,-0.36548964,1.16579969,0.18909083,1.45948441,0.67246045,-0.04678147,-0.21478186,-0.34281470,0.12265757,-0.06685733,0.04326846,0.30781733,0.24224907,0.11749773,-0.35161353,0.55674080,0.53928476
1.120000,0.55006996,-0.36762543,1.16237742,0.19029982,1.45884381,0.67291972,-0.04380482,-0.21238641,-0.34163959,0.11914269,-0.06125015,0.04854818,0.28750039,0.23682110,0.11750277,-0.35131836,0.56462593,0.51662871
1.130000,0.54964594,-0.36973755,1.15896690,0.19147369,1.45825967,0.67343066,-0.04103165,-0.21004579,-0.34046503,0.11563210,-0.05556619,0.05360051,0.26712623,0.23128802,0.11739236,-0.35075701,0.57209799,0.49381508
1.140000,0.54924864,-0.37182654,1.15556811,0.19261249,1.45773273,0.67399097,-0.03846234,-0.20776093,-0.33929209,0.11212842,-0.04980961,0.05842411,0.24673782,0.22567032,0.11717805,-0.34993430,0.57914664,0.47089067
1.150000,0.54887602,-0.37389296,1.15218105,0.19371629,1.45726370,0.67459837,-0.03609680,-0.20553260,-0.33812177,0.10863426,-0.04398470,0.06301811,0.22637814,0.21998847,0.11687138,-0.34885506,0.58576154,0.44790226
1.160000,0.54852603,-0.37593738,1.14880567,0.19478521,1.45685325,0.67525057,-0.03393454,-0.20336131,-0.33695494,0.10515216,-0.03809586,0.06738210,0.20609015,0.21426295,0.11648390,-0.34752411,0.59193237,0.42489664
1.170000,0.54819665,-0.37796037,1.14544193,0.19581939,1.45650198,0.67594525,-0.03197462,-0.20124741,-0.33579233,0.10168460,-0.03214757,0.07151614,0.18591682,0.20851426,0.11602715,-0.34594627,0.59764879,0.40192059
1.180000,0.54788587,-0.37996252,1.14208980,0.19681896,1.45621048,0.67668013,-0.03021567,-0.19919103,-0.33463458,0.09823404,-0.02614443,0.07542077,0.16590113,0.20276286,0.11551269,-0.34412636,0.60290046,0.37902091
1.190000,0.54759167,-0.38194439,1.13874922,0.19778413,1.45597926,0.67745290,-0.02865592,-0.19719210,-0.33348223,0.09480287,-0.02009114,0.07909697,0.14608604,0.19702923,0.11495206,-0.34206920,0.60767705,0.35624438
1.200000,0.54731209,-0.38390655,1.13542014,0.19871509,1.45580881,0.67826131,-0.02729314,-0.19525032,-0.33233566,0.09139343,-0.01399251,0.08254622,0.12651452,0.19133386,0.11435680,-0.33977961,0.61196823,0.33363778
1.210000,0.54704516,-0.38584958,1.13210249,0.19961208,1.45569955,0.67910308,-0.02612468,-0.19336522,-0.33119517,0.08800804,-0.00785343,0.08577045,0.10722955,0.18569723,0.11373846,-0.33726242,0.61576365,0.31124791
1.220000,0.54678896,-0.38777404,1.12879622,0.20047534,1.45565186,0.67997598,-0.02514745,-0.19153611,-0.33006093,0.08464893,-0.00167892,0.08877206,0.08827409,0.18013982,0.11310860,-0.33452245,0.61905300,0.28912154
1.230000,0.54654159,-0.38968049,1.12550125,0.20130515,1.45566607,0.68087779,-0.02435795,-0.18976210,-0.32893300,0.08131831,0.00452591,0.09155391,0.06969112,0.17468211,0.11247874,-0.33156451,0.62182592,0.26730548
1.240000,0.54630119,-0.39156946,1.12221753,0.20210181,1.45574246,0.68180633,-0.02375225,-0.18804207,-0.32781131,0.07801835,0.01075584,0.09411936,0.05152360,0.16934458,0.11186045,-0.32839343,0.62407209,0.24584650
1.250000,0.54606595,-0.39344150,1.11894500,0.20286563,1.45588125,0.68275947,-0.02332595,-0.18637474,-0.32669571,0.07475114,0.01700556,0.09647219,0.03381451,0.16414770,0.11126527,-0.32501404,0.62578118,0.22479139
1.260000,0.54583409,-0.39529713,1.11568360,0.20359695,1.45608262,0.68373508,-0.02307428,-0.18475858,-0.32558589,0.07151874,0.02326964,0.09861669,0.01660682,0.15911197,0.11070474,-0.32143114,0.62694285,0.20418694
1.270000,0.54560390,-0.39713684,1.11243327,0.20429613,1.45634667,0.68473112,-0.02299200,-0.18319189,-0.32448146,0.06832318,0.02954256,0.10055759,-0.00005651,0.15425786,0.11019042,-0.31764957,0.62754676,0.18407994
1.280000,0.54537370,-0.39896113,1.10919396,0.20496354,1.45667348,0.68574557,-0.02307346,-0.18167275,-0.32338189,0.06516640,0.03581868,0.10230010,-0.01613250,0.14960585,0.10973384,-0.31367414,0.62758258,0.16451717
1.290000,0.54514190,-0.40077045,1.10596562,0.20559959,1.45706304,0.68677648,-0.02331255,-0.18019903,-0.32228655,0.06205033,0.04209228,0.10384990,-0.03157819,0.14517642,0.10934655,-0.30950968,0.62703997,0.14554542
1.300000,0.54490695,-0.40256525,1.10274821,0.20620469,1.45751530,0.68782195,-0.02370278,-0.17876841,-0.32119469,0.05897682,0.04835752,0.10521313,-0.04635060,0.14099005,0.10904011,-0.30516100,0.62590861,0.12721147
1.310000,0.54466736,-0.40434595,1.09954171,0.20677928,1.45803014,0.68888014,-0.02423718,-0.17737835,-0.32010544,0.05594770,0.05460846,0.10639641,-0.06040676,0.13706723,0.10882605,-0.30063294,0.62417815,0.10956212
1.320000,0.54442175,-0.40611294,1.09634610,0.20732380,1.45860740,0.68994930,-0.02490838,-0.17602612,-0.31901783,0.05296474,0.06083905,0.10740681,-0.07370370,0.13342842,0.10871593,-0.29593030,0.62183827,0.09264415
1.330000,0.54416877,-0.40786659,1.09316136,0.20783873,1.45924683,0.69102773,-0.02570858,-0.17470877,-0.31793074,0.05002966,0.06704316,0.10825189,-0.08619845,0.13009413,0.10872129,-0.29105791,0.61887862,0.07650435
1.340000,0.54390717,-0.40960722,1.08998749,0.20832456,1.45994815,0.69211381,-0.02662954,-0.17342316,-0.31684298,0.04714413,0.07321453,0.10893965,-0.09785115,0.12708339,0.10885292,-0.28602071,0.61529020,0.06118622
1.350000,0.54363580,-0.41133515,1.08682450,0.20878178,1.46071100,0.69320602,-0.02766278,-0.17216601,-0.31575325,0.04430978,0.07934689,0.10947837,-0.10865803,0.12439872,0.10911280,-0.28082486,0.61107932,0.04669494
1.360000,0.54335357,-0.41305063,1.08367243,0.20921093,1.46153494,0.69430291,-0.02879994,-0.17093412,-0.31466031,0.04152814,0.08543409,0.10987623,-0.11863858,0.12203194,0.10949726,-0.27547736,0.60626217,0.03301101
1.370000,0.54305948,-0.41475390,1.08053131,0.20961253,1.46241951,0.69540311,-0.03003286,-0.16972434,-0.31356291,0.03880071,0.09147016,0.11014121,-0.12781273,0.11997470,0.11000250,-0.26998520,0.60085515,0.02011452
1.380000,0.54275262,-0.41644518,1.07740119,0.20998713,1.46336415,0.69650532,-0.03135358,-0.16853362,-0.31245987,0.03612890,0.09744928,0.11028108,-0.13620036,0.11821866,0.11062474,-0.26435538,0.59487460,0.00798554
1.390000,0.54243215,-0.41812463,1.07428214,0.21033529,1.46436828,0.69760834,-0.03275432,-0.16735899,-0.31135003,0.03351404,0.10336580,0.11030342,-0.14382138,0.11675545,0.11136019,-0.25859490,0.58833691,-0.00339585
1.400000,0.54209729,-0.41979240,1.07117422,0.21065760,1.46543124,0.69871102,-0.03422751,-0.16619757,-0.31023230,0.03095741,0.10921422,0.11021559,-0.15069569,0.11557674,0.11220508,-0.25271077,0.58125845,-0.01404955
1.410000,0.54174738,-0.42144862,1.06807752,0.21095464,1.46655232,0.69981230,-0.03576581,-0.16504654,-0.30910558,0.02846021,0.11498922,0.11002479,-0.15684319,0.11467416,0.11315561,-0.24670996,0.57365558,-0.02399550
1.420000,0.54138178,-0.42309336,1.06499214,0.21122701,1.46773077,0.70091120,-0.03736202,-0.16390319,-0.30796885,0.02602358,0.12068564,0.10973798,-0.16228377,0.11403938,0.11420801,-0.24059950,0.56554468,-0.03325362
1.430000,0.54099997,-0.42472670,1.06191818,0.21147532,1.46896576,0.70200677,-0.03900919,-0.16276489,-0.30682109,0.02364857,0.12629847,0.10936194,-0.16703735,0.11366403,0.11535848,-0.23438637,0.55694211,-0.04184381
1.440000,0.54060145,-0.42634866,1.05885576,0.21170019,1.47025644,0.70309816,-0.04070055,-0.16162907,-0.30566136,0.02133617,0.13182289,0.10890326,-0.17112382,0.11353976,0.11660325,-0.22807757,0.54786425,-0.04978600
1.450000,0.54018583,-0.42795928,1.05580500,0.21190225,1.47160190,0.70418458,-0.04242951,-0.16049328,-0.30448873,0.01908731,0.13725423,0.10836831,-0.17456308,0.11365824,0.11793853,-0.22168010,0.53832747,-0.05710011
1.460000,0.53975276,-0.42955852,1.05276603,0.21208215,1.47300120,0.70526529,-0.04418972,-0.15935513,-0.30330230,0.01690284,0.14258797,0.10776328,-0.17737503,0.11401110,0.11936053,-0.21520096,0.52834813,-0.06380606
1.470000,0.53930195,-0.43114636,1.04973900,0.21224053,1.47445332,0.70633963,-0.04597499,-0.15821231,-0.30210124,0.01478354,0.14781977,0.10709415,-0.17957958,0.11458999,0.12086548,-0.20864716,0.51794262,-0.06992377
1.480000,0.53883320,-0.43272275,1.04672406,0.21237804,1.47595724,0.70740698,-0.04777935,-0.15706260,-0.30088473,0.01273012,0.15294546,0.10636670,-0.18119662,0.11538656,0.12244958,-0.20202568,0.50712729,-0.07547315
1.490000,0.53834632,-0.43428759,1.04372136,0.21249535,1.47751187,0.70846679,-0.04959703,-0.15590388,-0.29965200,0.01074323,0.15796101,0.10558652,-0.18224605,0.11639247,0.12410906,-0.19534353,0.49591852,-0.08047413
1.500000,0.53784123,-0.43584079,1.04073107,0.21259313,1.47911608,0.70951855,-0.05142244,-0.15473408,-0.29840231,0.00882343,0.16286257,0.10475898,-0.18274778,0.11759936,0.12584012,-0.18860770,0.48433268,-0.08494662
1.510000,0.53731787,-0.43738222,1.03775337,0.21267205,1.48076873,0.71056183,-0.05325022,-0.15355125,-0.29713497,0.00697123,0.16764646,0.10388928,-0.18272171,0.11899889,0.12763899,-0.18182519,0.47238614,-0.08891054
1.520000,0.53677623,-0.43891176,1.03478843,0.21273278,1.48246861,0.71159621,-0.05507519,-0.15235349,-0.29584932,0.00518706,0.17230914,0.10298240,-0.18218773,0.12058269,0.12950188,-0.17500301,0.46009528,-0.09238582
1.530000,0.53621639,-0.44042924,1.03183645,0.21277601,1.48421449,0.71262137,-0.05689235,-0.15113901,-0.29454473,0.00347128,0.17684727,0.10204313,-0.18116575,0.12234242,0.13142500,-0.16814815,0.44747645,-0.09539237
1.540000,0.53563843,-0.44193448,1.02889760,0.21280243,1.48600513,0.71363698,-0.05869694,-0.14990608,-0.29322063,0.00182418,0.18125763,0.10107605,-0.17967567,0.12426973,0.13340457,-0.16126761,0.43454603,-0.09795010
1.550000,0.53504251,-0.44342729,1.02597210,0.21281273,1.48783921,0.71464281,-0.06048437,-0.14865308,-0.29187646,0.00024599,0.18553721,0.10008555,-0.17773739,0.12635627,0.13543681,-0.15436839,0.42132040,-0.10007895
1.560000,0.53442881,-0.44490747,1.02306014,0.21280758,1.48971542,0.71563863,-0.06225026,-0.14737845,-0.29051173,-0.00126315,0.18968311,0.09907583,-0.17537080,0.12859368,0.13751794,-0.14745748,0.40781592,-0.10179883
1.570000,0.53379759,-0.44637479,1.02016194,0.21278770,1.49163242,0.71662428,-0.06399043,-0.14608073,-0.28912595,-0.00270314,0.19369265,0.09805087,-0.17259582,0.13097363,0.13964416,-0.14054189,0.39404896,-0.10312965
1.580000,0.53314910,-0.44782900,1.01727770,0.21275375,1.49358881,0.71759961,-0.06570088,-0.14475853,-0.28771871,-0.00407399,0.19756327,0.09701447,-0.16943233,0.13348774,0.14181170,-0.13362862,0.38003589,-0.10409134
1.590000,0.53248368,-0.44926987,1.01440764,0.21270645,1.49558321,0.71856454,-0.06737784,-0.14341056,-0.28628959,-0.00537575,0.20129260,0.09597021,-0.16590025,0.13612769,0.14401676,-0.12672465,0.36579309,-0.10470381
1.600000,0.53180167,-0.45069712,1.01155198,0.21264647,1.49761419,0.71951900,-0.06901772,-0.14203559,-0.28483826,-0.00660854,0.20487842,0.09492149,-0.16201947,0.13888510,0.14625557,-0.11983700,0.35133693,-0.10498699
1.610000,0.53110346,-0.45211049,1.00871095,0.21257450,1.49968030,0.72046296,-0.07061714,-0.14063249,-0.28336438,-0.00777257,0.20831868,0.09387150,-0.15780990,0.14175164,0.14852434,-0.11297266,0.33668376,-0.10496079
1.620000,0.53038947,-0.45350968,1.00588477,0.21249124,1.50178007,0.72139644,-0.07217289,-0.13920022,-0.28186769,-0.00886809,0.21161150,0.09282324,-0.15329142,0.14471896,0.15081929,-0.10613862,0.32184998,-0.10464514
1.630000,0.52966016,-0.45489439,1.00307367,0.21239737,1.50391203,0.72231944,-0.07368200,-0.13773781,-0.28034792,-0.00989546,0.21475514,0.09177950,-0.14848395,0.14777869,0.15313663,-0.09934190,0.30685193,-0.10405994
1.640000,0.52891600,-0.45626433,1.00027789,0.21229356,1.50607467,0.72323205,-0.07514167,-0.13624437,-0.27880489,-0.01085508,0.21774804,0.09074287,-0.14340739,0.15092250,0.15547258,-0.09258948,0.29170601,-0.10322513
1.650000,0.52815750,-0.45761917,0.99749765,0.21218049,1.50826648,0.72413433,-0.07654932,-0.13471910,-0.27723842,-0.01174742,0.22058882,0.08971576,-0.13808163,0.15414202,0.15782336,-0.08588836,0.27642857,-0.10216062
1.660000,0.52738519,-0.45895860,0.99473320,0.21205883,1.51048594,0.72502640,-0.07790254,-0.13316130,-0.27564839,-0.01257304,0.22327623,0.08870036,-0.13252658,0.15742891,0.16018517,-0.07924555,0.26103599,-0.10088632
1.670000,0.52659964,-0.46028229,0.99198476,0.21192925,1.51273149,0.72590839,-0.07919915,-0.13157033,-0.27403469,-0.01333255,0.22580921,0.08769867,-0.12676213,0.16077483,0.16255424,-0.07266804,0.24554463,-0.09942217
1.680000,0.52580141,-0.46158990,0.98925258,0.21179240,1.51500160,0.72678043,-0.08043715,-0.12994564,-0.27239729,-0.01402664,0.22818685,0.08671248,-0.12080819,0.16417141,0.16492677,-0.06616283,0.22997088,-0.09778807
1.690000,0.52499110,-0.46288109,0.98653689,0.21164893,1.51729471,0.72764269,-0.08161475,-0.12828676,-0.27073616,-0.01465607,0.23040840,0.08574341,-0.11468466,0.16761031,0.16729900,-0.05973692,0.21433109,-0.09600394
1.700000,0.52416932,-0.46415552,0.98383794,0.21149949,1.51960925,0.72849536,-0.08273035,-0.12659332,-0.26905132,-0.01522167,0.23247330,0.08479284,-0.10841144,0.17108317,0.16966713,-0.05339731,0.19864164,-0.09408971
1.710000,0.52333670,-0.46541284,0.98115595,0.21134471,1.52194365,0.72933862,-0.08378255,-0.12486501,-0.26734284,-0.01572433,0.23438113,0.08386198,-0.10200843,0.17458165,0.17202737,-0.04715099,0.18291890,-0.09206529
1.720000,0.52249388,-0.46665270,0.97849116,0.21118521,1.52429635,0.73017267,-0.08477015,-0.12310163,-0.26561082,-0.01616502,0.23613162,0.08295183,-0.09549553,0.17809739,0.17437595,-0.04100497,0.16717924,-0.08995061
1.730000,0.52164152,-0.46787475,0.97584381,0.21102161,1.52666576,0.73099772,-0.08569216,-0.12130303,-0.26385538,-0.01654479,0.23772471,0.08206320,-0.08889264,0.18162205,0.17670908,-0.03496624,0.15143903,-0.08776558
1.740000,0.52078026,-0.46907864,0.97321413,0.21085452,1.52905032,0.73181401,-0.08654777,-0.11946918,-0.26207670,-0.01686473,0.23916046,0.08119669,-0.08221966,0.18514727,0.17902298,-0.02904181,0.13571464,-0.08553012
1.750000,0.51991078,-0.47026402,0.97060235,0.21068451,1.53144844,0.73262173,-0.08733638,-0.11760011,-0.26027499,-0.01712603,0.24043911,0.08035270,-0.07549650,0.18866470,0.18131385,-0.02323866,0.12002244,-0.08326415
1.760000,0.51903376,-0.47143053,0.96800871,0.21051219,1.53385857,0.73342113,-0.08805760,-0.11569594,-0.25845051,-0.01732993,0.24156107,0.07953144,-0.06874304,0.19216599,0.18357792,-0.01756381,0.10437880,-0.08098759
1.770000,0.51814986,-0.47257782,0.96543342,0.21033810,1.53627914,0.73421244,-0.08871121,-0.11375688,-0.25660354,-0.01747775,0.24252690,0.07873292,-0.06197920,0.19564280,0.18581141,-0.01202424,0.08880010,-0.07872035
1.780000,0.51725976,-0.47370555,0.96287671,0.21016281,1.53870860,0.73499587,-0.08929721,-0.11178320,-0.25473440,-0.01757089,0.24333734,0.07795694,-0.05522488,0.19908676,0.18801052,-0.00662696,0.07330270,-0.07648237
1.790000,0.51636414,-0.47481337,0.96033880,0.20998686,1.54114538,0.73577165,-0.08981581,-0.10977528,-0.25284345,-0.01761079,0.24399328,0.07720311,-0.04849997,0.20248954,0.19017147,-0.00137897,0.05790297,-0.07429355
1.800000,0.51546367,-0.47590094,0.95781991,0.20981077,1.54358795,0.73654000,-0.09026738,-0.10773357,-0.25093111,-0.01759899,0.24449578,0.07647084,-0.04182438,0.20584277,0.19229049,0.00371274,0.04261728,-0.07217381
1.810000,0.51455901,-0.47696793,0.95532025,0.20963505,1.54603478,0.73730114,-0.09065252,-0.10565862,-0.24899780,-0.01753708,0.24484606,0.07575933,-0.03521800,0.20913811,0.19436378,0.00864117,0.02746201,-0.07014308
1.820000,0.51365083,-0.47801401,0.95284002,0.20946019,1.54848437,0.73805526,-0.09097204,-0.10355103,-0.24704400,-0.01742673,0.24504551,0.07506761,-0.02870074,0.21236720,0.19638756,0.01339932,0.01245352,-0.06822128
1.830000,0.51273979,-0.47903885,0.95037944,0.20928667,1.55093520,0.73880255,-0.09122690,-0.10141152,-0.24507022,-0.01726969,0.24509568,0.07439448,-0.02229250,0.21552170,0.19835804,0.01798018,-0.00239181,-0.06642831
1.840000,0.51182651,-0.48004213,0.94793868,0.20911495,1.55338579,0.73954320,-0.09141832,-0.09924087,-0.24307703,-0.01706774,0.24499827,0.07373855,-0.01601317,0.21859326,0.20027145,0.02237677,-0.01705762,-0.06478411
1.850000,0.51091163,-0.48102356,0.94551796,0.20894546,1.55583468,0.74027737,-0.09154766,-0.09703996,-0.24106500,-0.01682279,0.24475518,0.07309824,-0.00988267,0.22157352,0.20212400,0.02658208,-0.03152753,-0.06330858
1.860000,0.50999576,-0.48198284,0.94311744,0.20877863,1.55828041,0.74100521,-0.09161653,-0.09480973,-0.23903476,-0.01653676,0.24436843,0.07247175,-0.00392088,0.22445414,0.20391190,0.03058911,-0.04578518,-0.06202166
1.870000,0.50907949,-0.48291966,0.94073732,0.20861485,1.56072157,0.74172685,-0.09162671,-0.09255124,-0.23698699,-0.01621169,0.24384024,0.07185711,0.00185228,0.22722675,0.20563137,0.03439087,-0.05981419,-0.06094325
1.880000,0.50816341,-0.48383377,0.93837776,0.20845452,1.56315676,0.74244239,-0.09158018,-0.09026559,-0.23492238,-0.01584965,0.24317296,0.07125212,0.00741693,0.22988302,0.20727862,0.03798036,-0.07359819,-0.06009329
1.890000,0.50724807,-0.48472489,0.93603893,0.20829798,1.56558458,0.74315191,-0.09147913,-0.08795399,-0.23284167,-0.01545281,0.24236914,0.07065441,0.01275315,0.23241459,0.20884987,0.04135057,-0.08712081,-0.05949167
1.900000,0.50633400,-0.48559277,0.93372098,0.20814557,1.56800369,0.74385549,-0.09132595,-0.08561774,-0.23074564,-0.01502340,0.24143147,0.07006140,0.01784104,0.23481311,0.21034135,0.04449451,-0.10036569,-0.05915834
1.910000,0.50542172,-0.48643717,0.93142406,0.20799761,1.57041277,0.74455315,-0.09112320,-0.08325820,-0.22863512,-0.01456370,0.24036281,0.06947029,0.02266072,0.23707023,0.21174925,0.04740519,-0.11331645,-0.05911320
1.920000,0.50451169,-0.48725786,0.92914832,0.20785439,1.57281052,0.74524489,-0.09087369,-0.08087683,-0.22651095,-0.01407609,0.23916618,0.06887810,0.02719227,0.23917760,0.21306980,0.05007560,-0.12595672,-0.05937617
1.930000,0.50360439,-0.48805463,0.92689389,0.20771617,1.57519568,0.74593070,-0.09058039,-0.07847518,-0.22437403,-0.01356301,0.23784476,0.06828167,0.03141580,0.24112687,0.21429921,0.05249874,-0.13827013,-0.05996717
1.940000,0.50270022,-0.48882730,0.92466088,0.20758320,1.57756701,0.74661050,-0.09024647,-0.07605485,-0.22222528,-0.01302697,0.23640192,0.06767760,0.03531140,0.24290968,0.21543371,0.05466761,-0.15024031,-0.06090613
1.950000,0.50179958,-0.48957568,0.92244942,0.20745570,1.57992332,0.74728421,-0.08987532,-0.07361756,-0.22006568,-0.01247053,0.23484116,0.06706232,0.03885917,0.24451769,0.21646949,0.05657522,-0.16185088,-0.06221296
1.960000,0.50090283,-0.49029960,0.92025960,0.20733385,1.58226345,0.74795170,-0.08947051,-0.07116511,-0.21789623,-0.01189636,0.23316616,0.06643205,0.04203922,0.24594255,0.21740279,0.05821457,-0.17308549,-0.06390758
1.970000,0.50001027,-0.49099893,0.91809152,0.20721782,1.58458628,0.74861279,-0.08903582,-0.06869935,-0.21571798,-0.01130716,0.23138076,0.06578281,0.04483164,0.24717590,0.21822982,0.05957866,-0.18392776,-0.06600990
1.980000,0.49912220,-0.49167355,0.91594527,0.20710775,1.58689071,0.74926728,-0.08857524,-0.06622226,-0.21353200,-0.01070572,0.22948896,0.06511043,0.04721653,0.24820939,0.21894678,0.06066049,-0.19436132,-0.06853986
1.990000,0.49823884,-0.49232335,0.91382090,0.20700374,1.58917572,0.74991491,-0.08809292,-0.06373586,-0.21133942,-0.01009491,0.22749495,0.06441052,0.04917400,0.24903468,0.21954991,0.06145306,-0.20436979,-0.07151736
2.000000,0.49736040,-0.49294824,0.91171850,0.20690587,1.59144029,0.75055538,-0.08759325,-0.06124228,-0.20914140,-0.00947765,0.22540304,0.06367852,0.05068413,0.24964341,0.22003540,0.06194937,-0.21393681,-0.07496232
2.010000,0.49648702,-0.49354818,0.90963809,0.20681420,1.59368347,0.75118835,-0.08708078,-0.05874373,-0.20693912,-0.00885693,0.22321773,0.06290967,0.05173257,0.25002938,0.22040039,0.06214493,-0.22304982,-0.07888835
2.020000,0.49561881,-0.49412311,0.90757972,0.20672874,1.59590435,0.75181343,-0.08656011,-0.05624243,-0.20473379,-0.00823574,0.22094355,0.06209919,0.05232709,0.25019496,0.22064558,0.06204522,-0.23171153,-0.08328374
2.030000,0.49475583,-0.49467302,0.90554342,0.20664948,1.59810206,0.75243018,-0.08603571,-0.05374055,-0.20252660,-0.00761698,0.21858498,0.06124249,0.05248100,0.25014467,0.22077261,0.06165826,-0.23992845,-0.08813046
2.040000,0.49389809,-0.49519792,0.90352919,0.20657638,1.60027578,0.75303812,-0.08551191,-0.05124024,-0.20031873,-0.00700350,0.21614644,0.06033514,0.05220761,0.24988304,0.22078308,0.06099204,-0.24770711,-0.09341050
2.050000,0.49304557,-0.49569784,0.90153704,0.20650938,1.60242473,0.75363670,-0.08499293,-0.04874358,-0.19811132,-0.00639805,0.21363228,0.05937289,0.05152023,0.24941458,0.22067862,0.06005455,-0.25505401,-0.09910583
2.060000,0.49219820,-0.49617282,0.89956696,0.20644838,1.60454819,0.75422538,-0.08448284,-0.04625262,-0.19590553,-0.00580329,0.21104677,0.05835169,0.05043216,0.24874382,0.22046084,0.05885380,-0.26197569,-0.10519841
2.070000,0.49135587,-0.49662292,0.89761892,0.20639327,1.60664545,0.75480353,-0.08398558,-0.04376937,-0.19370248,-0.00522182,0.20839416,0.05726766,0.04895673,0.24787527,0.22013137,0.05739777,-0.26847866,-0.11167024
2.080000,0.49051844,-0.49704824,0.89569290,0.20634389,1.60871586,0.75537051,-0.08350496,-0.04129576,-0.19150327,-0.00465616,0.20567858,0.05611709,0.04710723,0.24681347,0.21969183,0.05569447,-0.27456943,-0.11850328
2.090000,0.48968571,-0.49744887,0.89378884,0.20630009,1.61075882,0.75592564,-0.08304464,-0.03883373,-0.18930900,-0.00410873,0.20290412,0.05489645,0.04489699,0.24556292,0.21914383,0.05375190,-0.28025453,-0.12567952
2.100000,0.48885746,-0.49782495,0.89190670,0.20626165,1.61277376,0.75646819,-0.08260818,-0.03638512,-0.18712075,-0.00358189,0.20007482,0.05360241,0.04233930,0.24412815,0.21848900,0.05157806,-0.28554047,-0.13318092
2.110000,0.48803345,-0.49817663,0.89004640,0.20622837,1.61476015,0.75699743,-0.08219897,-0.03395176,-0.18493957,-0.00307791,0.19719462,0.05223181,0.03944748,0.24251369,0.21772896,0.04918093,-0.29043378,-0.14098946
2.120000,0.48721338,-0.49850405,0.88820788,0.20620001,1.61671749,0.75751256,-0.08182029,-0.03153543,-0.18276652,-0.00259899,0.19426743,0.05078166,0.03623484,0.24072404,0.21686531,0.04656852,-0.29494097,-0.14908712
2.130000,0.48639693,-0.49880740,0.88639104,0.20617630,1.61864535,0.75801279,-0.08147530,-0.02913785,-0.18060261,-0.00214723,0.19129707,0.04924916,0.03271469,0.23876374,0.21589969,0.04374883,-0.29906855,-0.15745588
2.140000,0.48558375,-0.49908687,0.88459579,0.20615697,1.62054330,0.75849726,-0.08116698,-0.02676071,-0.17844886,-0.00172468,0.18828730,0.04763170,0.02890033,0.23663730,0.21483372,0.04072986,-0.30282306,-0.16607770
2.150000,0.48477346,-0.49934268,0.88282203,0.20614170,1.62241098,0.75896513,-0.08089823,-0.02440564,-0.17630626,-0.00133327,0.18524183,0.04592682,0.02480509,0.23434924,0.21366901,0.03751959,-0.30621101,-0.17493457
2.160000,0.48396565,-0.49957506,0.88106963,0.20613019,1.62424803,0.75941550,-0.08067177,-0.02207425,-0.17417580,-0.00097490,0.18216428,0.04413228,0.02044226,0.23190410,0.21240718,0.03412604,-0.30923891,-0.18400846
2.170000,0.48315988,-0.49978425,0.87933847,0.20612209,1.62605417,0.75984747,-0.08049023,-0.01976807,-0.17205844,-0.00065134,0.17905823,0.04224599,0.01582516,0.22930637,0.21104985,0.03055719,-0.31191329,-0.19328135
2.180000,0.48235569,-0.49997051,0.87762841,0.20611704,1.62782912,0.76026011,-0.08035607,-0.01748861,-0.16995512,-0.00036431,0.17592717,0.04026605,0.01096710,0.22656060,0.20959865,0.02682105,-0.31424066,-0.20273521
2.190000,0.48155259,-0.50013412,0.87593932,0.20611468,1.62957264,0.76065247,-0.08027165,-0.01523734,-0.16786677,-0.00011545,0.17277455,0.03819074,0.00588138,0.22367129,0.20805518,0.02292561,-0.31622754,-0.21235201
2.200000,0.48075008,-0.50027536,0.87427102,0.20611460,1.63128455,0.76102360,-0.08023916,-0.01301565,-0.16579432,0.00009370,0.16960373,0.03601853,0.00058133,0.22064297,0.20642108,0.01887888,-0.31788045,-0.22211374
2.210000,0.47994763,-0.50039454,0.87262337,0.20611641,1.63296467,0.76137252,-0.08026069,-0.01082493,-0.16373865,0.00026165,0.16641803,0.03374805,-0.00491976,0.21748016,0.20469796,0.01468884,-0.31920591,-0.23200237
2.220000,0.47914468,-0.50049197,0.87099619,0.20611969,1.63461287,0.76169823,-0.08033818,-0.00866648,-0.16170065,0.00038702,0.16322068,0.03137812,-0.01060858,0.21418738,0.20288743,0.01036349,-0.32021044,-0.24199988
2.230000,0.47834067,-0.50056798,0.86938930,0.20612401,1.63622905,0.76199974,-0.08047344,-0.00654160,-0.15968118,0.00046850,0.16001487,0.02890775,-0.01647180,0.21076915,0.20099113,0.00591084,-0.32090056,-0.25208824
2.240000,0.47753501,-0.50062291,0.86780250,0.20612891,1.63781315,0.76227605,-0.08066815,-0.00445150,-0.15768111,0.00050484,0.15680370,0.02633611,-0.02249613,0.20723000,0.19901067,0.00133888,-0.32128279,-0.26224942
2.250000,0.47672710,-0.50065713,0.86623561,0.20613395,1.63936512,0.76252613,-0.08092386,-0.00239738,-0.15570125,0.00049491,0.15359022,0.02366257,-0.02866825,0.20357444,0.19694767,-0.00334439,-0.32136363,-0.27246541
2.260000,0.47591633,-0.50067098,0.86468841,0.20613865,1.64088495,0.76274896,-0.08124197,-0.00038039,-0.15374242,0.00043761,0.15037741,0.02088668,-0.03497485,0.19980699,0.19480374,-0.00813097,-0.32114962,-0.28271817
2.270000,0.47510205,-0.50066486,0.86316069,0.20614254,1.64237268,0.76294352,-0.08162376,0.00159840,-0.15180544,0.00033197,0.14716819,0.01800815,-0.04140263,0.19593218,0.19258051,-0.01301287,-0.32064727,-0.29298969
2.280000,0.47428364,-0.50063915,0.86165223,0.20614513,1.64382834,0.76310878,-0.08207038,0.00353792,-0.14989107,0.00017706,0.14396540,0.01502688,-0.04793827,0.19195453,0.19027960,-0.01798209,-0.31986310,-0.30326194
2.290000,0.47346043,-0.50059424,0.86016279,0.20614592,1.64525202,0.76324371,-0.08258284,0.00543716,-0.14800010,-0.00002794,0.14077184,0.01194297,-0.05456847,0.18787855,0.18790263,-0.02303063,-0.31880363,-0.31351689
2.300000,0.47263176,-0.50053054,0.85869214,0.20614440,1.64664382,0.76334730,-0.08316202,0.00729517,-0.14613327,-0.00028379,0.13759023,0.00875666,-0.06127991,0.18370877,0.18545121,-0.02815049,-0.31747538,-0.32373653
2.310000,0.47179696,-0.50044848,0.85724004,0.20614007,1.64800387,0.76341851,-0.08380866,0.00911104,-0.14429132,-0.00059116,0.13442321,0.00546842,-0.06805928,0.17944971,0.18292697,-0.03333367,-0.31588486,-0.33390282
2.320000,0.47095536,-0.50034846,0.85580623,0.20613240,1.64933234,0.76345633,-0.08452339,0.01088389,-0.14247496,-0.00095065,0.13127338,0.00207885,-0.07489328,0.17510589,0.18033153,-0.03857219,-0.31403860,-0.34399774
2.330000,0.47010626,-0.50023094,0.85439045,0.20612088,1.65062940,0.76345975,-0.08530667,0.01261289,-0.14068492,-0.00136276,0.12814327,-0.00141124,-0.08176859,0.17068183,0.17766650,-0.04385803,-0.31194311,-0.35400328
2.340000,0.46924899,-0.50009636,0.85299244,0.20610497,1.65189528,0.76342777,-0.08615885,0.01429727,-0.13892186,-0.00182794,0.12503533,-0.00500086,-0.08867190,0.16618205,0.17493351,-0.04918320,-0.30960491,-0.36390139
2.350000,0.46838286,-0.49994515,0.85161192,0.20608414,1.65313019,0.76335940,-0.08708015,0.01593629,-0.13718647,-0.00234653,0.12195196,-0.00868885,-0.09558991,0.16161107,0.17213417,-0.05453971,-0.30703052,-0.37367407
2.360000,0.46750716,-0.49977778,0.85024862,0.20605786,1.65433441,0.76325367,-0.08807065,0.01752927,-0.13547939,-0.00291881,0.11889548,-0.01247387,-0.10250930,0.15697342,0.16927011,-0.05991956,-0.30422646,-0.38330328
2.370000,0.46662121,-0.49959472,0.84890224,0.20602559,1.65550820,0.76310961,-0.08913030,0.01907555,-0.13380128,-0.00354497,0.11586817,-0.01635438,-0.10941677,0.15227361,0.16634294,-0.06531474,-0.30119925,-0.39277101
2.380000,0.46572432,-0.49939643,0.84757250,0.20598678,1.65665187,0.76292627,-0.09025891,0.02057455,-0.13215274,-0.00422513,0.11287222,-0.02032869,-0.11629900,0.14751617,0.16335428,-0.07071727,-0.29795540,-0.40205922
2.390000,0.46481581,-0.49918339,0.84625908,0.20594090,1.65776575,0.76270273,-0.09145615,0.02202570,-0.13053439,-0.00495931,0.10990977,-0.02439490,-0.12314269,0.14270561,0.16030576,-0.07611913,-0.29450144,-0.41114989
2.400000,0.46389497,-0.49895608,0.84496170,0.20588742,1.65885019,0.76243807,-0.09272159,0.02342850,-0.12894682,-0.00574748,0.10698287,-0.02855097,-0.12993452,0.13784646,0.15719899,-0.08151235,-0.29084388,-0.42002500
2.410000,0.46296115,-0.49871498,0.84368004,0.20582578,1.65990554,0.76213142,-0.09405462,0.02478248,-0.12739060,-0.00658951,0.10409354,-0.03279463,-0.13666119,0.13294324,0.15403559,-0.08688891,-0.28698925,-0.42866653
2.420000,0.46201366,-0.49846059,0.84241379,0.20575545,1.66093219,0.76178190,-0.09545455,0.02608723,-0.12586629,-0.00748518,0.10124372,-0.03712346,-0.14330938,0.12800047,0.15081718,-0.09224082,-0.28294405,-0.43705644
2.430000,0.46105184,-0.49819340,0.84116261,0.20567589,1.66193055,0.76138867,-0.09692051,0.02734238,-0.12437443,-0.00843421,0.09843528,-0.04153486,-0.14986579,0.12302267,0.14754538,-0.09756009,-0.27871482,-0.44517673
2.440000,0.46007503,-0.49791391,0.83992619,0.20558659,1.66290104,0.76095093,-0.09845151,0.02854758,-0.12291555,-0.00943624,0.09567002,-0.04602603,-0.15631710,0.11801435,0.14422182,-0.10283871,-0.27430806,-0.45300935
2.450000,0.45908260,-0.49762262,0.83870419,0.20548699,1.66384410,0.76046789,-0.10004645,0.02970258,-0.12149016,-0.01049083,0.09294969,-0.05059402,-0.16265001,0.11298005,0.14084811,-0.10806869,-0.26973030,-0.46053629
2.460000,0.45807389,-0.49732003,0.83749627,0.20537660,1.66476019,0.75993881,-0.10170408,0.03080711,-0.12009875,-0.01159743,0.09027596,-0.05523568,-0.16885121,0.10792429,0.13742586,-0.11324203,-0.26498805,-0.46773952
2.470000,0.45704831,-0.49700664,0.83630210,0.20525487,1.66564978,0.75936295,-0.10342299,0.03186100,-0.11874180,-0.01275545,0.08765045,-0.05994768,-0.17490738,0.10285157,0.13395671,-0.11835073,-0.26008784,-0.47460102
2.480000,0.45600523,-0.49668298,0.83512132,0.20512132,1.66651336,0.75873963,-0.10520170,0.03286410,-0.11741977,-0.01396420,0.08507471,-0.06472650,-0.18080522,0.09776643,0.13044226,-0.12338679,-0.25503618,-0.48110277
2.490000,0.45494408,-0.49634953,0.83395358,0.20497542,1.66735144,0.75806821,-0.10703853,0.03381631,-0.11613310,-0.01522292,0.08255021,-0.06956847,-0.18653141,0.09267339,0.12688414,-0.12834222,-0.24983959,-0.48722673
2.500000,0.45386428,-0.49600682,0.83279854,0.20481670,1.66816454,0.75734806,-0.10893171,0.03471756,-0.11488223,-0.01653075,0.08007838,-0.07446972,-0.19207265,0.08757696,0.12328398,-0.13320902,-0.24450459,-0.49295490
2.510000,0.45276527,-0.49565535,0.83165582,0.20464465,1.66895319,0.75657863,-0.11087932,0.03556785,-0.11366756,-0.01788678,0.07766056,-0.07942619,-0.19741562,0.08248167,0.11964338,-0.13797919,-0.23903770,-0.49826923
2.520000,0.45164652,-0.49529563,0.83052506,0.20445880,1.66971794,0.75575937,-0.11287931,0.03636721,-0.11248949,-0.01928999,0.07529804,-0.08443366,-0.20254702,0.07739204,0.11596396,-0.14264474,-0.23344543,-0.50315171
2.530000,0.45050751,-0.49492818,0.82940591,0.20425869,1.67045934,0.75488980,-0.11492951,0.03711572,-0.11134840,-0.02073930,0.07299205,-0.08948772,-0.20745354,0.07231258,0.11224736,-0.14719766,-0.22773432,-0.50758431
2.540000,0.44934777,-0.49455349,0.82829797,0.20404387,1.67117797,0.75396947,-0.11702759,0.03781351,-0.11024466,-0.02223354,0.07074373,-0.09458379,-0.21212186,0.06724783,0.10849518,-0.15162996,-0.22191086,-0.51154902
2.550000,0.44816681,-0.49417207,0.82720089,0.20381388,1.67187441,0.75299800,-0.11917111,0.03846075,-0.10917861,-0.02377147,0.06855418,-0.09971709,-0.21653869,0.06220229,0.10470905,-0.15593364,-0.21598159,-0.51502779
2.560000,0.44696420,-0.49378444,0.82611427,0.20356830,1.67254925,0.75197503,-0.12135748,0.03905764,-0.10815059,-0.02535175,0.06642443,-0.10488266,-0.22069069,0.05718050,0.10089058,-0.16010070,-0.20995302,-0.51800262
2.570000,0.44573953,-0.49339109,0.82503775,0.20330671,1.67320310,0.75090026,-0.12358400,0.03960445,-0.10716090,-0.02697300,0.06435543,-0.11007540,-0.22456458,0.05218697,0.09704140,-0.16412315,-0.20383167,-0.52045547
2.580000,0.44449240,-0.49299252,0.82397093,0.20302870,1.67383657,0.74977344,-0.12584780,0.04010149,-0.10620986,-0.02863371,0.06234808,-0.11528997,-0.22814703,0.04722623,0.09316313,-0.16799298,-0.19762406,-0.52236833
2.590000,0.44322246,-0.49258922,0.82291342,0.20273391,1.67445027,0.74859440,-0.12814592,0.04054910,-0.10529773,-0.03033232,0.06040322,-0.12052090,-0.23142474,0.04230279,0.08925738,-0.17170220,-0.19133671,-0.52372316
2.600000,0.44192937,-0.49218170,0.82186484,0.20242194,1.67504484,0.74736299,-0.13047524,0.04094768,-0.10442480,-0.03206719,0.05852159,-0.12576252,-0.23438440,0.03742117,0.08532577,-0.17524282,-0.18497613,-0.52450194
2.610000,0.44061286,-0.49177043,0.82082479,0.20209245,1.67562092,0.74607913,-0.13283250,0.04129768,-0.10359130,-0.03383659,0.05670391,-0.13100896,-0.23701269,0.03258590,0.08136993,-0.17860683,-0.17854884,-0.52468666
2.620000,0.43927264,-0.49135591,0.81979288,0.20174510,1.67617914,0.74474282,-0.13521434,0.04159957,-0.10279747,-0.03563871,0.05495082,-0.13625421,-0.23929632,0.02780150,0.07739147,-0.18178624,-0.17206137,-0.52425928
2.630000,0.43790850,-0.49093860,0.81876871,0.20137957,1.67672015,0.74335408,-0.13761724,0.04185389,-0.10204354,-0.03747167,0.05326287,-0.14149205,-0.24122196,0.02307248,0.07339201,-0.18477305,-0.16552024,-0.52320177
2.640000,0.43652024,-0.49051898,0.81775188,0.20099557,1.67724461,0.74191302,-0.14003754,0.04206122,-0.10132970,-0.03933350,0.05164057,-0.14671609,-0.24277630,0.01840338,0.06937318,-0.18755925,-0.15893195,-0.52149613
2.650000,0.43510770,-0.49009753,0.81674198,0.20059281,1.67775318,0.74041982,-0.14247148,0.04222217,-0.10065613,-0.04122216,0.05008436,-0.15191975,-0.24394605,0.01379870,0.06533658,-0.19013687,-0.15230303,-0.51912432
2.660000,0.43367078,-0.48967469,0.81573862,0.20017104,1.67824652,0.73887472,-0.14491514,0.04233742,-0.10002302,-0.04313552,0.04859462,-0.15709629,-0.24471788,0.00926298,0.06128385,-0.19249788,-0.14564000,-0.51606831
2.670000,0.43220938,-0.48925093,0.81474139,0.19973002,1.67872530,0.73727801,-0.14736447,0.04240768,-0.09943051,-0.04507137,0.04717165,-0.16223878,-0.24507865,0.00480070,0.05721662,-0.19463438,-0.13894937,-0.51231033
2.680000,0.43072348,-0.48882669,0.81374987,0.19926955,1.67919018,0.73563008,-0.14981532,0.04243369,-0.09887873,-0.04702744,0.04581571,-0.16734014,-0.24502426,0.00041472,0.05313718,-0.19654248,-0.13223730,-0.50784720
2.690000,0.42921308,-0.48840240,0.81276368,0.19878942,1.67964184,0.73393137,-0.15226360,0.04241623,-0.09836779,-0.04900147,0.04452696,-0.17239343,-0.24456470,-0.00389461,0.04904888,-0.19822460,-0.12550939,-0.50269838
2.700000,0.42767823,-0.48797850,0.81178238,0.19828946,1.68008094,0.73218239,-0.15470531,0.04235605,-0.09789777,-0.05099119,0.04330555,-0.17739190,-0.24371116,-0.00812719,0.04495518,-0.19968371,-0.11877120,-0.49688527
2.710000,0.42611901,-0.48755542,0.81080558,0.19776955,1.68050817,0.73038373,-0.15713655,0.04225394,-0.09746869,-0.05299441,0.04215155,-0.18232900,-0.24247485,-0.01228290,0.04085950,-0.20092277,-0.11202829,-0.49042929
2.720000,0.42453555,-0.48713356,0.80983287,0.19722954,1.68092420,0.72853604,-0.15955356,0.04211065,-0.09708057,-0.05500893,0.04106498,-0.18719841,-0.24086695,-0.01636162,0.03676530,-0.20194474,-0.10528623,-0.48335184
2.730000,0.42292800,-0.48671334,0.80886384,0.19666934,1.68132970,0.72664001,-0.16195269,0.04192696,-0.09673337,-0.05703259,0.04004581,-0.19199403,-0.23889865,-0.02036324,0.03267600,-0.20275258,-0.09855056,-0.47567432
2.740000,0.42129657,-0.48629516,0.80789807,0.19608886,1.68172534,0.72469642,-0.16433037,0.04170365,-0.09642703,-0.05906327,0.03909393,-0.19670997,-0.23658116,-0.02428764,0.02859505,-0.20334926,-0.09182685,-0.46741814
2.750000,0.41964148,-0.48587940,0.80693516,0.19548806,1.68211180,0.72270610,-0.16668318,0.04144147,-0.09616143,-0.06109888,0.03820921,-0.20134054,-0.23392567,-0.02813472,0.02452590,-0.20373773,-0.08512066,-0.45860472
2.760000,0.41796300,-0.48546645,0.80597470,0.19486688,1.68248975,0.72066991,-0.16900780,0.04114121,-0.09593646,-0.06313734,0.03739144,-0.20588028,-0.23094336,-0.03190434,0.02047197,-0.20392096,-0.07843754,-0.44925544
2.770000,0.41626143,-0.48505670,0.80501630,0.19422531,1.68285985,0.71858881,-0.17130100,0.04080364,-0.09575193,-0.06517663,0.03664037,-0.21032393,-0.22764545,-0.03559640,0.01643671,-0.20390191,-0.07178306,-0.43939173
2.780000,0.41453709,-0.48465050,0.80405953,0.19356335,1.68322278,0.71646377,-0.17355969,0.04042954,-0.09560765,-0.06721472,0.03595567,-0.21466647,-0.22404311,-0.03921078,0.01242357,-0.20368353,-0.06516277,-0.42903499
2.790000,0.41279036,-0.48424823,0.80310401,0.19288102,1.68357918,0.71429583,-0.17578088,0.04001969,-0.09550337,-0.06924964,0.03533698,-0.21890306,-0.22014754,-0.04274736,0.00843597,-0.20326880,-0.05858222,-0.41820662
2.800000,0.41102161,-0.48385023,0.80214933,0.19217837,1.68392973,0.71208608,-0.17796170,0.03957485,-0.09543883,-0.07127945,0.03478387,-0.22302910,-0.21596995,-0.04620604,0.00447737,-0.20266068,-0.05204699,-0.40692803
2.810000,0.40923127,-0.48345684,0.80119510,0.19145546,1.68427508,0.70983564,-0.18009938,0.03909582,-0.09541372,-0.07330222,0.03429587,-0.22704019,-0.21152151,-0.04958669,0.00055120,-0.20186211,-0.04556263,-0.39522064
2.820000,0.40741977,-0.48306842,0.80024093,0.19071236,1.68461587,0.70754567,-0.18219127,0.03858338,-0.09542769,-0.07531607,0.03387243,-0.23093215,-0.20681343,-0.05288919,-0.00333911,-0.20087608,-0.03913470,-0.38310583
2.830000,0.40558760,-0.48268528,0.79928642,0.18994917,1.68495274,0.70521740,-0.18423482,0.03803830,-0.09548037,-0.07731913,0.03351297,-0.23470102,-0.20185691,-0.05611345,-0.00719009,-0.19970553,-0.03276875,-0.37060503
2.840000,0.40373525,-0.48230776,0.79833119,0.18916602,1.68528634,0.70285208,-0.18622761,0.03746137,-0.09557135,-0.07930957,0.03321683,-0.23834304,-0.19666313,-0.05925933,-0.01099833,-0.19835344,-0.02647034,-0.35773963
2.850000,0.40186323,-0.48193616,0.79737487,0.18836303,1.68561729,0.70045098,-0.18816733,0.03685338,-0.09570018,-0.08128560,0.03298332,-0.24185467,-0.19124328,-0.06232672,-0.01476037,-0.19682275,-0.02024504,-0.34453105
2.860000,0.39997208,-0.48157079,0.79641706,0.18754036,1.68594621,0.69801543,-0.19005176,0.03621510,-0.09586639,-0.08324544,0.03281167,-0.24523259,-0.18560858,-0.06531551,-0.01847278,-0.19511644,-0.01409840,-0.33100069
2.870000,0.39806238,-0.48121196,0.79545741,0.18669818,1.68627372,0.69554678,-0.19187882,0.03554733,-0.09606946,-0.08518735,0.03270107,-0.24847368,-0.17977020,-0.06822558,-0.02213212,-0.19323747,-0.00803599,-0.31716996
2.880000,0.39613471,-0.48085994,0.79449555,0.18583668,1.68660043,0.69304642,-0.19364653,0.03485085,-0.09630884,-0.08710963,0.03265065,-0.25157506,-0.17373934,-0.07105681,-0.02573494,-0.19118879,-0.00206335,-0.30306026
2.890000,0.39418966,-0.48051503,0.79353112,0.18495606,1.68692693,0.69051576,-0.19535300,0.03412646,-0.09658396,-0.08901057,0.03265948,-0.25453403,-0.16752720,-0.07380910,-0.02927781,-0.18897337,0.00381395,-0.28869300
2.900000,0.39222786,-0.48017750,0.79256376,0.18405654,1.68725381,0.68795622,-0.19699650,0.03337493,-0.09689419,-0.09088855,0.03272659,-0.25734813,-0.16114497,-0.07648232,-0.03275729,-0.18659417,0.00959035,-0.27408959
2.910000,0.39024994,-0.47984762,0.79159312,0.18313837,1.68758166,0.68536928,-0.19857537,0.03259707,-0.09723888,-0.09274192,0.03285094,-0.26001511,-0.15460385,-0.07907636,-0.03616993,-0.18405415,0.01526030,-0.25927143
2.920000,0.38825657,-0.47952565,0.79061887,0.18220179,1.68791102,0.68275642,-0.20008809,0.03179367,-0.09761735,-0.09456910,0.03303142,-0.26253291,-0.14791503,-0.08159111,-0.03951230,-0.18135628,0.02081823,-0.24425994
2.930000,0.38624841,-0.47921183,0.78964066,0.18124708,1.68824247,0.68011913,-0.20153322,0.03096552,-0.09802888,-0.09636853,0.03326691,-0.26489973,-0.14108970,-0.08402644,-0.04278095,-0.17850351,0.02625859,-0.22907651
2.940000,0.38422613,-0.47890642,0.78865818,0.18027452,1.68857654,0.67745893,-0.20290946,0.03011341,-0.09847272,-0.09813867,0.03355619,-0.26711394,-0.13413906,-0.08638224,-0.04597244,-0.17549881,0.03157581,-0.21374255
2.950000,0.38219045,-0.47860964,0.78767110,0.17928441,1.68891377,0.67477736,-0.20421562,0.02923814,-0.09894806,-0.09987801,0.03389800,-0.26917415,-0.12707430,-0.08865841,-0.04908334,-0.17234513,0.03676435,-0.19827947
2.960000,0.38014206,-0.47832173,0.78667912,0.17827707,1.68925467,0.67207597,-0.20545061,0.02834050,-0.09945410,-0.10158508,0.03429103,-0.27107917,-0.11990662,-0.09085481,-0.05211021,-0.16904545,0.04181863,-0.18270868
2.970000,0.37808168,-0.47804290,0.78568192,0.17725282,1.68959975,0.66935630,-0.20661345,0.02742131,-0.09998998,-0.10325844,0.03473390,-0.27282804,-0.11264721,-0.09297134,-0.05504959,-0.16560272,0.04673311,-0.16705158
2.980000,0.37601003,-0.47777337,0.78467922,0.17621201,1.68994951,0.66661993,-0.20770328,0.02648134,-0.10055479,-0.10489667,0.03522520,-0.27441999,-0.10530726,-0.09500789,-0.05789807,-0.16201990,0.05150222,-0.15132958
2.990000,0.37392786,-0.47751334,0.78367073,0.17515501,1.69030441,0.66386842,-0.20871936,0.02552142,-0.10114762,-0.10649838,0.03576344,-0.27585448,-0.09789798,-0.09696432,-0.06065218,-0.15829996,0.05612040,-0.13556409
3.000000,0.37183589,-0.47726301,0.78265618,0.17408217,1.69066493,0.66110336,-0.20966105,0.02454232,-0.10176751,-0.10806222,0.03634709,-0.27713120,-0.09043055,-0.09884054,-0.06330850,-0.15444585,0.06058210,-0.11977651
3.010000,0.36973489,-0.47702256,0.78163530,0.17299389,1.69103150,0.65832633,-0.21052782,0.02354487,-0.10241346,-0.10958686,0.03697455,-0.27825001,-0.08291617,-0.10063642,-0.06586358,-0.15046055,0.06488175,-0.10398825
3.020000,0.36762559,-0.47679217,0.78060783,0.17189057,1.69140456,0.65553889,-0.21131925,0.02252986,-0.10308443,-0.11107101,0.03764417,-0.27921103,-0.07536603,-0.10235185,-0.06831398,-0.14634700,0.06901381,-0.08822072
3.030000,0.36550875,-0.47657202,0.77957353,0.17077261,1.69178452,0.65274263,-0.21203505,0.02149810,-0.10377937,-0.11251338,0.03835424,-0.28001457,-0.06779133,-0.10398672,-0.07065626,-0.14210817,0.07297270,-0.07249532
3.040000,0.36338514,-0.47636226,0.77853216,0.16964045,1.69217177,0.64993912,-0.21267503,0.02045040,-0.10449718,-0.11391276,0.03910302,-0.28066115,-0.06020326,-0.10554090,-0.07288699,-0.13774703,0.07675287,-0.05683346
3.050000,0.36125551,-0.47616306,0.77748351,0.16849451,1.69256670,0.64712993,-0.21323911,0.01938756,-0.10523673,-0.11526793,0.03988869,-0.28115152,-0.05261301,-0.10701428,-0.07500272,-0.13326653,0.08034877,-0.04125654
3.060000,0.35912061,-0.47597456,0.77642736,0.16733524,1.69296966,0.64431661,-0.21372732,0.01831038,-0.10599684,-0.11657770,0.04070937,-0.28148663,-0.04503179,-0.10840676,-0.07700001,-0.12866964,0.08375483,-0.02578598
3.070000,0.35698121,-0.47579690,0.77536351,0.16616311,1.69338100,0.64150071,-0.21413982,0.01721969,-0.10677632,-0.11784094,0.04156313,-0.28166767,-0.03747078,-0.10971820,-0.07887542,-0.12395932,0.08696549,-0.01044317
3.080000,0.35483807,-0.47563021,0.77429177,0.16497858,1.69380103,0.63868377,-0.21447684,0.01611629,-0.10757394,-0.11905652,0.04244801,-0.28169600,-0.02994118,-0.11094850,-0.08062551,-0.11913853,0.08997519,0.00475047
3.090000,0.35269193,-0.47547461,0.77321197,0.16378214,1.69423006,0.63586729,-0.21473878,0.01500099,-0.10838841,-0.12022335,0.04336195,-0.28157322,-0.02245418,-0.11209754,-0.08224684,-0.11421023,0.09277839,0.01977354
3.100000,0.35054354,-0.47533022,0.77212395,0.16257428,1.69466836,0.63305280,-0.21492611,0.01387461,-0.10921843,-0.12134038,0.04430287,-0.28130116,-0.01502098,-0.11316520,-0.08373597,-0.10917738,0.09536951,0.03460462
3.110000,0.34839365,-0.47519715,0.77102756,0.16135550,1.69511620,0.63024176,-0.21503942,0.01273796,-0.11006267,-0.12240656,0.04526861,-0.28088184,-0.00765277,-0.11415137,-0.08508946,-0.10404295,0.09774300,0.04922233
3.120000,0.34624300,-0.47507549,0.76992266,0.16012632,1.69557381,0.62743564,-0.21507942,0.01159185,-0.11091976,-0.12342091,0.04625698,-0.28031750,-0.00036075,-0.11505594,-0.08630387,-0.09880990,0.09989330,0.06360524
3.130000,0.34409230,-0.47496534,0.76880913,0.15888726,1.69604140,0.62463589,-0.21504692,0.01043711,-0.11178828,-0.12438244,0.04726572,-0.27961059,0.00684389,-0.11587879,-0.08737576,-0.09348118,0.10181486,0.07773196
3.140000,0.34194230,-0.47486678,0.76768686,0.15763885,1.69651918,0.62184390,-0.21494287,0.00927455,-0.11266679,-0.12529022,0.04829250,-0.27876379,0.01394996,-0.11661979,-0.08830169,-0.08805976,0.10350210,0.09158107
3.150000,0.33979368,-0.47477988,0.76655576,0.15638164,1.69700731,0.61906107,-0.21476829,0.00810499,-0.11355381,-0.12614334,0.04933496,-0.27777997,0.02094626,-0.11727885,-0.08907821,-0.08254861,0.10494948,0.10513116
3.160000,0.33764716,-0.47470470,0.76541576,0.15511617,1.69750593,0.61628875,-0.21452435,0.00692925,-0.11444784,-0.12694091,0.05039067,-0.27666223,0.02782160,-0.11785584,-0.08970190,-0.07695068,0.10615144,0.11836084
3.170000,0.33550342,-0.47464131,0.76426679,0.15384301,1.69801516,0.61352826,-0.21421230,0.00574815,-0.11534733,-0.12768207,0.05145715,-0.27541389,0.03456477,-0.11835064,-0.09016930,-0.07126893,0.10710241,0.13124870
3.180000,0.33336314,-0.47458975,0.76310880,0.15256272,1.69853510,0.61078089,-0.21383353,0.00456251,-0.11625069,-0.12836602,0.05253186,-0.27403847,0.04116460,-0.11876315,-0.09047698,-0.06550633,0.10779685,0.14377333
3.190000,0.33122697,-0.47455007,0.76194176,0.15127588,1.69906581,0.60804790,-0.21338952,0.00337316,-0.11715632,-0.12899194,0.05361222,-0.27253971,0.04760988,-0.11909324,-0.09062150,-0.05966584,0.10822918,0.15591331
3.200000,0.32909556,-0.47452230,0.76076567,0.14998307,1.69960735,0.60533050,-0.21288188,0.00218092,-0.11806257,-0.12955908,0.05469556,-0.27092156,0.05388942,-0.11934080,-0.09059941,-0.05375042,0.10839385,0.16764726
3.210000,0.32696954,-0.47450646,0.75958052,0.14868490,1.70015972,0.60262985,-0.21231232,0.00098662,-0.11896774,-0.13006671,0.05577918,-0.26918819,0.05999203,-0.11950571,-0.09040728,-0.04776303,0.10828530,0.17895375
3.220000,0.32484951,-0.47450257,0.75838632,0.14738194,1.70072293,0.59994710,-0.21168267,-0.00020892,-0.11987014,-0.13051411,0.05686033,-0.26734398,0.06590650,-0.11958786,-0.09004167,-0.04170664,0.10789798,0.18981138
3.230000,0.32273608,-0.47451064,0.75718313,0.14607482,1.70129691,0.59728333,-0.21099486,-0.00140486,-0.12076799,-0.13090062,0.05793619,-0.26539353,0.07162166,-0.11958714,-0.08949914,-0.03558419,0.10722632,0.20019875
3.240000,0.32062980,-0.47453067,0.75597099,0.14476413,1.70188162,0.59463957,-0.21025094,-0.00260038,-0.12165952,-0.13122559,0.05900389,-0.26334164,0.07712629,-0.11950342,-0.08877624,-0.02939867,0.10626477,0.21009446
3.250000,0.31853124,-0.47456264,0.75474997,0.14345051,1.70247695,0.59201682,-0.20945307,-0.00379465,-0.12254290,-0.13148839,0.06006050,-0.26119335,0.08240922,-0.11933660,-0.08786953,-0.02315302,0.10500776,0.21947708
3.260000,0.31644091,-0.47460655,0.75352016,0.14213458,1.70308279,0.58941601,-0.20860353,-0.00498684,-0.12341628,-0.13168846,0.06110304,-0.25895388,0.08745923,-0.11908656,-0.08677558,-0.01685022,0.10344974,0.22832522
3.270000,0.31435933,-0.47466237,0.75228168,0.14081695,1.70369896,0.58683802,-0.20770470,-0.00617611,-0.12427778,-0.13182522,0.06212848,-0.25662870,0.09226515,-0.11875317,-0.08549095,-0.01049321,0.10158515,0.23661747
3.280000,0.31228698,-0.47473006,0.75103465,0.13949828,1.70432529,0.58428370,-0.20675908,-0.00736162,-0.12512546,-0.13189815,0.06313371,-0.25422346,0.09681577,-0.11833633,-0.08401219,-0.00408497,0.09940844,0.24433242
3.290000,0.31022430,-0.47480959,0.74977922,0.13817921,1.70496155,0.58175380,-0.20576927,-0.00854256,-0.12595736,-0.13190676,0.06411559,-0.25174404,0.10109990,-0.11783592,-0.08233587,0.00237155,0.09691403,0.25144867
3.300000,0.30817173,-0.47490089,0.74851556,0.13686036,1.70560751,0.57924905,-0.20473801,-0.00971806,-0.12677150,-0.13185057,0.06507091,-0.24919655,0.10510635,-0.11725183,-0.08045853,0.00887338,0.09409638,0.25794481
3.310000,0.30612967,-0.47500393,0.74724386,0.13554241,1.70626287,0.57677008,-0.20366811,-0.01088731,-0.12756585,-0.13172915,0.06599642,-0.24658728,0.10882392,-0.11658394,-0.07837676,0.01541756,0.09094992,0.26379943
3.320000,0.30409849,-0.47511862,0.74596432,0.13422600,1.70692733,0.57431748,-0.20256253,-0.01204946,-0.12833835,-0.13154209,0.06688879,-0.24392277,0.11224142,-0.11583213,-0.07608710,0.02200113,0.08746910,0.26899113
3.330000,0.30207853,-0.47524489,0.74467717,0.13291179,1.70760053,0.57189178,-0.20142432,-0.01320367,-0.12908689,-0.13128900,0.06774467,-0.24120974,0.11534766,-0.11499628,-0.07358611,0.02862113,0.08364835,0.27349850
3.340000,0.30007010,-0.47538266,0.74338267,0.13160044,1.70828209,0.56949343,-0.20025665,-0.01434911,-0.12980935,-0.13096955,0.06856061,-0.23845515,0.11813236,-0.11407639,-0.07087085,0.03527445,0.07948305,0.27730208
3.350000,0.29807348,-0.47553184,0.74208108,0.13029262,1.70897160,0.56712280,-0.19906274,-0.01548493,-0.13050360,-0.13058342,0.06933320,-0.23566604,0.12059608,-0.11307349,-0.06794424,0.04195627,0.07497938,0.28040489
3.360000,0.29608892,-0.47569232,0.74077270,0.12898900,1.70966860,0.56478020,-0.19784577,-0.01661031,-0.13116755,-0.13013035,0.07005911,-0.23284933,0.12274633,-0.11198933,-0.06481294,0.04866066,0.07015047,0.28282450
3.370000,0.29411663,-0.47586401,0.73945784,0.12769024,1.71037261,0.56246588,-0.19660883,-0.01772445,-0.13179920,-0.12961015,0.07073517,-0.23001177,0.12459076,-0.11082566,-0.06148369,0.05538169,0.06500959,0.28457872
3.380000,0.29215680,-0.47604677,0.73813683,0.12639702,1.71108312,0.56018001,-0.19535495,-0.01882656,-0.13239659,-0.12902268,0.07135831,-0.22715991,0.12613701,-0.10958424,-0.05796323,0.06211341,0.05956999,0.28568536
3.390000,0.29020958,-0.47624050,0.73681002,0.12511001,1.71179959,0.55792271,-0.19408706,-0.01991588,-0.13295785,-0.12836787,0.07192562,-0.22430016,0.12739270,-0.10826683,-0.05425830,0.06884987,0.05384494,0.28616221
3.400000,0.28827510,-0.47644505,0.73547780,0.12382988,1.71252144,0.55569401,-0.19280804,-0.02099165,-0.13348116,-0.12764569,0.07243430,-0.22143871,0.12836548,-0.10687517,-0.05037563,0.07558514,0.04784770,0.28602708
3.410000,0.28635345,-0.47666028,0.73414053,0.12255732,1.71324807,0.55349392,-0.19152067,-0.02205314,-0.13396479,-0.12685619,0.07288171,-0.21858160,0.12906299,-0.10541103,-0.04632195,0.08231327,0.04159153,0.28529778
3.420000,0.28444470,-0.47688606,0.73279864,0.12129298,1.71397886,0.55132235,-0.19022767,-0.02309963,-0.13440706,-0.12599947,0.07326531,-0.21573467,0.12949286,-0.10387616,-0.04210401,0.08902832,0.03508969,0.28399212
3.430000,0.28254890,-0.47712222,0.73145254,0.12003755,1.71471316,0.54917917,-0.18893168,-0.02413043,-0.13480635,-0.12507568,0.07358273,-0.21290362,0.12966273,-0.10227231,-0.03772855,0.09572435,0.02835543,0.28212789
3.440000,0.28066607,-0.47736861,0.73010266,0.11879169,1.71545029,0.54706420,-0.18763526,-0.02514486,-0.13516112,-0.12408506,0.07383169,-0.21009392,0.12958024,-0.10060124,-0.03320230,0.10239542,0.02140203,0.27972290
3.450000,0.27879619,-0.47762506,0.72874947,0.11755607,1.71618956,0.54497720,-0.18634089,-0.02614224,-0.13546991,-0.12302788,0.07401008,-0.20731090,0.12925303,-0.09886471,-0.02853199,0.10903557,0.01424274,0.27679496
3.460000,0.27693924,-0.47789140,0.72739342,0.11633136,1.71693025,0.54291788,-0.18505099,-0.02712194,-0.13573131,-0.12190447,0.07411590,-0.20455970,0.12868873,-0.09706446,-0.02372436,0.11563888,0.00689081,0.27336187
3.470000,0.27509515,-0.47816744,0.72603500,0.11511820,1.71767163,0.54088589,-0.18376788,-0.02808332,-0.13594397,-0.12071524,0.07414730,-0.20184529,0.12789499,-0.09520226,-0.01878616,0.12219939,-0.00064048,0.26944143
3.480000,0.27326385,-0.47845300,0.72467471,0.11391727,1.71841294,0.53888084,-0.18249383,-0.02902578,-0.13610662,-0.11946065,0.07410254,-0.19917244,0.12687943,-0.09327986,-0.01372411,0.12871117,-0.00833788,0.26505146
3.490000,0.27144523,-0.47874789,0.72331304,0.11272921,1.71915342,0.53690229,-0.18123101,-0.02994873,-0.13621806,-0.11814120,0.07398003,-0.19654577,0.12564970,-0.09129901,-0.00854496,0.13516826,-0.01618812,0.26020975
3.500000,0.26963918,-0.47905191,0.72195052,0.11155466,1.71989228,0.53494975,-0.17998152,-0.03085157,-0.13627715,-0.11675749,0.07377831,-0.19396969,0.12421343,-0.08926147,-0.00325544,0.14156474,-0.02417796,0.25493412
3.510000,0.26784555,-0.47936485,0.72058768,0.11039427,1.72062872,0.53302271,-0.17874740,-0.03173377,-0.13628282,-0.11531013,0.07349605,-0.19144847,0.12257827,-0.08716899,0.00213772,0.14789466,-0.03229412,0.24924235
3.520000,0.26606418,-0.47968651,0.71922505,0.10924867,1.72136193,0.53112059,-0.17753059,-0.03259478,-0.13623407,-0.11379983,0.07313205,-0.18898617,0.12075185,-0.08502334,0.00762777,0.15415206,-0.04052335,0.24315227
3.530000,0.26429488,-0.48001668,0.71786318,0.10811848,1.72209108,0.52924278,-0.17633298,-0.03343407,-0.13612996,-0.11222735,0.07268525,-0.18658669,0.11874181,-0.08282625,0.01320797,0.16033102,-0.04885238,0.23668168
3.540000,0.26253745,-0.48035512,0.71650263,0.10700433,1.72281535,0.52738863,-0.17515634,-0.03425114,-0.13596963,-0.11059350,0.07215472,-0.18425375,0.11655578,-0.08057949,0.01887160,0.16642559,-0.05726796,0.22984837
3.550000,0.26079167,-0.48070162,0.71514398,0.10590681,1.72353389,0.52555747,-0.17400242,-0.03504550,-0.13575228,-0.10889914,0.07153965,-0.18199088,0.11420141,-0.07828482,0.02461191,0.17242983,-0.06575682,0.22267016
3.560000,0.25905732,-0.48105595,0.71378778,0.10482654,1.72424586,0.52374857,-0.17287285,-0.03581668,-0.13547716,-0.10714522,0.07083938,-0.17980143,0.11168632,-0.07594399,0.03042217,0.17833779,-0.07430571,0.21516485
3.570000,0.25733413,-0.48141788,0.71243463,0.10376410,1.72495040,0.52196118,-0.17176920,-0.03656423,-0.13514362,-0.10533273,0.07005338,-0.17768861,0.10901817,-0.07355875,0.03629564,0.18414353,-0.08290136,0.20735024
3.580000,0.25562184,-0.48178716,0.71108511,0.10272008,1.72564664,0.52019453,-0.17069297,-0.03728771,-0.13475106,-0.10346271,0.06918124,-0.17565540,0.10620458,-0.07113086,0.04222559,0.18984110,-0.09153052,0.19924414
3.590000,0.25392018,-0.48216355,0.70973981,0.10169504,1.72633373,0.51844780,-0.16964557,-0.03798671,-0.13429895,-0.10153628,0.06822270,-0.17370464,0.10325320,-0.06866207,0.04820527,0.19542458,-0.10017992,0.19086436
3.600000,0.25222883,-0.48254681,0.70839933,0.10068954,1.72701081,0.51672015,-0.16862834,-0.03866082,-0.13378681,-0.09955462,0.06717762,-0.17183897,0.10017165,-0.06615414,0.05422795,0.20088800,-0.10883630,0.18222869
3.610000,0.25054750,-0.48293668,0.70706427,0.09970412,1.72767700,0.51501073,-0.16764255,-0.03930967,-0.13321427,-0.09751894,0.06604600,-0.17006086,0.09696759,-0.06360882,0.06028689,0.20622544,-0.11748641,0.17335495
3.620000,0.24887587,-0.48333292,0.70573524,0.09873933,1.72833144,0.51331864,-0.16668937,-0.03993288,-0.13258098,-0.09543055,0.06482796,-0.16837260,0.09364865,-0.06102787,0.06637536,0.21143095,-0.12611697,0.16426094
3.630000,0.24721360,-0.48373525,0.70441285,0.09779568,1.72897327,0.51164297,-0.16576993,-0.04053011,-0.13188668,-0.09329078,0.06352377,-0.16677631,0.09022246,-0.05841304,0.07248661,0.21649858,-0.13471474,0.15496446
3.640000,0.24556036,-0.48414343,0.70309771,0.09687368,1.72960163,0.50998280,-0.16488526,-0.04110103,-0.13113119,-0.09110106,0.06213382,-0.16527393,0.08669666,-0.05576610,0.07861392,0.22142240,-0.14326645,0.14548331
3.650000,0.24391578,-0.48455719,0.70179044,0.09597383,1.73021566,0.50833717,-0.16403631,-0.04164533,-0.13031437,-0.08886284,0.06065863,-0.16386720,0.08307889,-0.05308878,0.08475055,0.22619645,-0.15175884,0.13583532
3.660000,0.24227951,-0.48497625,0.70049163,0.09509658,1.73081452,0.50670513,-0.16322396,-0.04216271,-0.12943617,-0.08657765,0.05909888,-0.16255772,0.07937679,-0.05038285,0.09088975,0.23081481,-0.16017865,0.12603826
3.670000,0.24065118,-0.48540035,0.69920192,0.09424242,1.73139736,0.50508569,-0.16244903,-0.04265290,-0.12849659,-0.08424708,0.05745535,-0.16134688,0.07559800,-0.04765007,0.09702480,0.23527152,-0.16851261,0.11610997
3.680000,0.23903040,-0.48582922,0.69792190,0.09341179,1.73196335,0.50347786,-0.16171223,-0.04311563,-0.12749571,-0.08187277,0.05572896,-0.16023590,0.07175015,-0.04489218,0.10314895,0.23956064,-0.17674748,0.10606823
3.690000,0.23741680,-0.48626257,0.69665221,0.09260511,1.73251167,0.50188064,-0.16101423,-0.04355067,-0.12643367,-0.07945644,0.05392077,-0.15922583,0.06784088,-0.04211095,0.10925546,0.24367623,-0.18486999,0.09593085
3.700000,0.23580999,-0.48670014,0.69539343,0.09182279,1.73304150,0.50029300,-0.16035559,-0.04395778,-0.12531068,-0.07699985,0.05203198,-0.15831754,0.06387783,-0.03930813,0.11533761,0.24761235,-0.19286687,0.08571564
3.710000,0.23420956,-0.48714163,0.69414619,0.09106524,1.73355204,0.49871394,-0.15973682,-0.04433676,-0.12412702,-0.07450481,0.05006390,-0.15751172,0.05986863,-0.03648546,0.12138865,0.25136306,-0.20072487,0.07544040
3.720000,0.23261511,-0.48758678,0.69291109,0.09033282,1.73404252,0.49714243,-0.15915835,-0.04468743,-0.12288304,-0.07197323,0.04801799,-0.15680887,0.05582093,-0.03364472,0.12740185,0.25492240,-0.20843073,0.06512293
3.730000,0.23102625,-0.48803529,0.69168873,0.08962589,1.73451215,0.49557742,-0.15862051,-0.04500960,-0.12157913,-0.06940702,0.04589584,-0.15620934,0.05174237,-0.03078765,0.13337047,0.25828445,-0.21597118,0.05478105
3.740000,0.22944257,-0.48848687,0.69047971,0.08894479,1.73496018,0.49401789,-0.15812358,-0.04530313,-0.12021580,-0.06680821,0.04369916,-0.15571327,0.04764057,-0.02791600,0.13928777,0.26144326,-0.22333297,0.04443256
3.750000,0.22786365,-0.48894125,0.68928461,0.08828983,1.73538589,0.49246281,-0.15766775,-0.04556788,-0.11879357,-0.06417886,0.04142982,-0.15532065,0.04352318,-0.02503154,0.14514702,0.26439288,-0.23050284,0.03409526
3.760000,0.22628908,-0.48939813,0.68810403,0.08766131,1.73578854,0.49091114,-0.15725314,-0.04580373,-0.11731307,-0.06152107,0.03908979,-0.15503127,0.03939783,-0.02213602,0.15094147,0.26712737,-0.23746752,0.02378695
3.770000,0.22471845,-0.48985723,0.68693854,0.08705949,1.73616746,0.48936184,-0.15687979,-0.04601057,-0.11577498,-0.05883705,0.03668119,-0.15484476,0.03527216,-0.01923119,0.15666440,0.26964079,-0.24421376,0.01352544
3.780000,0.22315134,-0.49031825,0.68578872,0.08648464,1.73652195,0.48781390,-0.15654767,-0.04618833,-0.11418005,-0.05612901,0.03420628,-0.15476055,0.03115382,-0.01631881,0.16230907,0.27192720,-0.25072829,0.00332854
3.790000,0.22158735,-0.49078090,0.68465513,0.08593699,1.73685137,0.48626629,-0.15625667,-0.04633693,-0.11252908,-0.05339928,0.03166744,-0.15477791,0.02705044,-0.01340062,0.16786873,0.27398065,-0.25699786,-0.00678595
3.800000,0.22002607,-0.49124489,0.68353832,0.08541672,1.73715509,0.48471801,-0.15600659,-0.04645632,-0.11082298,-0.05065020,0.02906719,-0.15489593,0.02296964,-0.01047840,0.17333665,0.27579521,-0.26300919,-0.01680022
3.810000,0.21846709,-0.49170993,0.68243885,0.08492404,1.73743252,0.48316804,-0.15579717,-0.04654649,-0.10906268,-0.04788419,0.02640817,-0.15511352,0.01891909,-0.00755389,0.17870610,0.27736492,-0.26874905,-0.02669648
3.820000,0.21690999,-0.49217572,0.68135725,0.08445909,1.73768307,0.48161541,-0.15562808,-0.04660740,-0.10724921,-0.04510373,0.02369316,-0.15542941,0.01490640,-0.00462885,0.18397034,0.27868385,-0.27420415,-0.03645690
3.830000,0.21535439,-0.49264198,0.68029404,0.08402200,1.73790620,0.48005913,-0.15549889,-0.04663907,-0.10538365,-0.04231137,0.02092508,-0.15584215,0.01093922,-0.00170502,0.18912263,0.27974606,-0.27936124,-0.04606370
3.840000,0.21379989,-0.49310841,0.67924975,0.08361289,1.73810140,0.47849825,-0.15540912,-0.04664151,-0.10346715,-0.03950969,0.01810697,-0.15635011,0.00702519,0.00121582,0.19415623,0.28054559,-0.28420707,-0.05549907
3.850000,0.21224608,-0.49357471,0.67822486,0.08323183,1.73826819,0.47693182,-0.15535819,-0.04661477,-0.10150094,-0.03670135,0.01524202,-0.15695150,0.00317195,0.00413193,0.19906440,0.28107652,-0.28872837,-0.06474519
3.860000,0.21069259,-0.49404060,0.67721989,0.08287888,1.73840610,0.47535891,-0.15534545,-0.04655889,-0.09948630,-0.03388907,0.01233353,-0.15764433,-0.00061288,0.00704156,0.20384042,0.28133289,-0.29291188,-0.07378427
3.870000,0.20913905,-0.49450579,0.67623529,0.08255405,1.73851472,0.47377863,-0.15537019,-0.04647396,-0.09742459,-0.03107563,0.00938495,-0.15842644,-0.00432164,0.00994294,0.20847754,0.28130877,-0.29674434,-0.08259850
3.880000,0.20758507,-0.49496999,0.67527155,0.08225736,1.73859367,0.47219009,-0.15543161,-0.04636007,-0.09531724,-0.02826385,0.00639986,-0.15929549,-0.00794671,0.01283433,0.21296903,0.28099820,-0.30021249,-0.09117008
3.890000,0.20603030,-0.49543290,0.67432910,0.08198876,1.73864261,0.47059244,-0.15552882,-0.04621732,-0.09316572,-0.02545664,0.00338196,-0.16024897,-0.01148045,0.01571396,0.21730815,0.28039526,-0.30330306,-0.09948120
3.900000,0.20447438,-0.49589424,0.67340838,0.08174820,1.73866122,0.46898484,-0.15566089,-0.04604583,-0.09097160,-0.02265694,0.00033510,-0.16128418,-0.01491521,0.01858009,0.22148816,0.27949399,-0.30600281,-0.10751405
3.910000,0.20291697,-0.49635372,0.67250980,0.08153559,1.73864923,0.46736650,-0.15582677,-0.04584577,-0.08873651,-0.01986777,-0.00273675,-0.16239826,-0.01824336,0.02143095,0.22550233,0.27828846,-0.30829847,-0.11525084
3.920000,0.20135773,-0.49681106,0.67163378,0.08135080,1.73860641,0.46573663,-0.15602537,-0.04561727,-0.08646213,-0.01709221,-0.00582948,-0.16358816,-0.02145726,0.02426480,0.22934391,0.27677272,-0.31017677,-0.12267375
3.930000,0.19979635,-0.49726597,0.67078068,0.08119369,1.73853258,0.46409449,-0.15625551,-0.04536053,-0.08415023,-0.01433337,-0.00893885,-0.16485063,-0.02454928,0.02707987,0.23300618,0.27494082,-0.31162446,-0.12976499
3.940000,0.19823252,-0.49771818,0.66995089,0.08106407,1.73842759,0.46243938,-0.15651593,-0.04507574,-0.08180263,-0.01159446,-0.01206049,-0.16618229,-0.02751177,0.02987442,0.23648239,0.27278683,-0.31262828,-0.13650674
3.950000,0.19666594,-0.49816739,0.66914474,0.08096172,1.73829135,0.46077063,-0.15680529,-0.04476312,-0.07942122,-0.00887873,-0.01518989,-0.16757954,-0.03033711,0.03264669,0.23976581,0.27030480,-0.31317496,-0.14288120
3.960000,0.19509632,-0.49861335,0.66836257,0.08088640,1.73812379,0.45908758,-0.15712218,-0.04442289,-0.07700798,-0.00618948,-0.01832242,-0.16903863,-0.03301764,0.03539492,0.24284969,0.26748880,-0.31325125,-0.14887057
3.970000,0.19352341,-0.49905576,0.66760468,0.08083783,1.73792490,0.45738966,-0.15746513,-0.04405531,-0.07456492,-0.00353009,-0.02145331,-0.17055561,-0.03554574,0.03811736,0.24572732,0.26433287,-0.31284388,-0.15445705
3.980000,0.19194694,-0.49949436,0.66687137,0.08081569,1.73769474,0.45567629,-0.15783257,-0.04366063,-0.07209414,-0.00090398,-0.02457764,-0.17212637,-0.03791377,0.04081225,0.24839194,0.26083108,-0.31193960,-0.15962282
3.990000,0.19036668,-0.49992888,0.66616289,0.08081963,1.73743339,0.45394697,-0.15822285,-0.04323916,-0.06959781,0.00168536,-0.02769040,-0.17374661,-0.04011408,0.04347784,0.25083682,0.25697748,-0.31052515,-0.16435008
4.000000,0.18878241,-0.50035906,0.66547949,0.08084926,1.73714099,0.45220121,-0.15863426,-0.04279118,-0.06707816,0.00423438,-0.03078640,-0.17541185,-0.04213904,0.04611238,0.25305523,0.25276613,-0.30858726,-0.16862103
4.010000,0.18719393,-0.50078462,0.66482139,0.08090417,1.73681774,0.45043860,-0.15906502,-0.04231702,-0.06453748,0.00673948,-0.03386037,-0.17711746,-0.04398295,0.04871418,0.25504201,0.24819398,-0.30611718,-0.17242251
4.020000,0.18560105,-0.50120531,0.66418880,0.08098390,1.73646387,0.44865874,-0.15951333,-0.04181701,-0.06197809,0.00919709,-0.03690700,-0.17885875,-0.04564782,0.05128190,0.25679838,0.24326955,-0.30312419,-0.17575991
4.030000,0.18400361,-0.50162087,0.66358189,0.08108794,1.73607970,0.44686132,-0.15997740,-0.04129150,-0.05940227,0.01160373,-0.03992115,-0.18063114,-0.04713760,0.05381427,0.25832715,0.23800423,-0.29962209,-0.17864328
4.040000,0.18240146,-0.50203106,0.66300080,0.08121579,1.73566558,0.44504603,-0.16045551,-0.04074085,-0.05681229,0.01395607,-0.04289779,-0.18243014,-0.04845625,0.05631002,0.25963111,0.23240944,-0.29562466,-0.18108265
4.050000,0.18079446,-0.50243561,0.66244568,0.08136687,1.73522189,0.44321264,-0.16094596,-0.04016543,-0.05421039,0.01625086,-0.04583204,-0.18425135,-0.04960771,0.05876788,0.26071308,0.22649658,-0.29114568,-0.18308807
4.060000,0.17918250,-0.50283428,0.66191663,0.08154060,1.73474909,0.44136094,-0.16144712,-0.03956562,-0.05159876,0.01848498,-0.04871915,-0.18609049,-0.05059594,0.06118657,0.26157585,0.22027705,-0.28619896,-0.18466958
4.070000,0.17756549,-0.50322684,0.66141373,0.08173636,1.73424768,0.43949079,-0.16195735,-0.03894183,-0.04897959,0.02065542,-0.05155451,-0.18794336,-0.05142488,0.06356483,0.26222223,0.21376226,-0.28079828,-0.18583721
4.080000,0.17594333,-0.50361304,0.66093705,0.08195349,1.73371819,0.43760205,-0.16247510,-0.03829446,-0.04635503,0.02275928,-0.05433365,-0.18980588,-0.05209848,0.06590139,0.26265503,0.20696362,-0.27495743,-0.18660102
4.090000,0.17431596,-0.50399265,0.66048664,0.08219131,1.73316121,0.43569465,-0.16299882,-0.03762394,-0.04372720,0.02479378,-0.05705223,-0.19167407,-0.05262069,0.06819498,0.26287704,0.19989254,-0.26869020,-0.18697104
4.100000,0.17268334,-0.50436545,0.66006251,0.08244913,1.73257736,0.43376856,-0.16352702,-0.03693071,-0.04109818,0.02675626,-0.05970607,-0.19354403,-0.05299547,0.07044433,0.26289108,0.19256041,-0.26201037,-0.18695731
4.110000,0.17104541,-0.50473119,0.65966467,0.08272619,1.73196732,0.43182377,-0.16405825,-0.03621521,-0.03847006,0.02864416,-0.06229111,-0.19541197,-0.05322677,0.07264817,0.26269994,0.18497864,-0.25493175,-0.18656988
4.120000,0.16940217,-0.50508968,0.65929310,0.08302175,1.73133178,0.42986034,-0.16459109,-0.03547790,-0.03584486,0.03045504,-0.06480343,-0.19727421,-0.05331853,0.07480522,0.26230643,0.17715865,-0.24746810,-0.18581878
4.130000,0.16775359,-0.50544068,0.65894776,0.08333503,1.73067150,0.42787832,-0.16512417,-0.03471927,-0.03322460,0.03218658,-0.06723924,-0.19912717,-0.05327470,0.07691422,0.26171335,0.16911182,-0.23963324,-0.18471405
4.140000,0.16609969,-0.50578399,0.65862859,0.08366521,1.72998726,0.42587784,-0.16565614,-0.03393978,-0.03061125,0.03383656,-0.06959490,-0.20096735,-0.05309924,0.07897390,0.26092351,0.16084958,-0.23144094,-0.18326575
4.150000,0.16444048,-0.50611941,0.65833551,0.08401148,1.72927988,0.42385903,-0.16618573,-0.03313996,-0.02800677,0.03540289,-0.07186691,-0.20279137,-0.05279609,0.08098298,0.25993971,0.15238333,-0.22290500,-0.18148390
4.160000,0.16277599,-0.50644673,0.65806842,0.08437298,1.72855022,0.42182207,-0.16671165,-0.03232030,-0.02541309,0.03688358,-0.07405190,-0.20459595,-0.05236921,0.08294021,0.25876476,0.14372446,-0.21403919,-0.17937855
4.170000,0.16110626,-0.50676575,0.65782720,0.08474886,1.72779915,0.41976719,-0.16723271,-0.03148133,-0.02283210,0.03827677,-0.07614664,-0.20637790,-0.05182255,0.08484430,0.25740145,0.13488439,-0.20485733,-0.17695974
4.180000,0.15943135,-0.50707629,0.65761173,0.08513822,1.72702759,0.41769460,-0.16774772,-0.03062359,-0.02026568,0.03958070,-0.07814804,-0.20813413,-0.05116004,0.08669399,0.25585260,0.12587453,-0.19537318,-0.17423751
4.190000,0.15775133,-0.50737816,0.65742183,0.08554017,1.72623651,0.41560460,-0.16825554,-0.02974763,-0.01771566,0.04079374,-0.08005314,-0.20986167,-0.05038566,0.08848801,0.25412101,0.11670627,-0.18560055,-0.17122190
4.200000,0.15606627,-0.50767118,0.65725735,0.08595379,1.72542686,0.41349747,-0.16875507,-0.02885402,-0.01518386,0.04191434,-0.08185913,-0.21155762,-0.04950334,0.09022508,0.25220947,0.10739102,-0.17555322,-0.16792295
4.210000,0.15437626,-0.50795518,0.65711809,0.08637814,1.72459966,0.41137356,-0.16924526,-0.02794333,-0.01267206,0.04294110,-0.08356334,-0.21321922,-0.04851704,0.09190395,0.25012080,0.09794020,-0.16524498,-0.16435071
4.220000,0.15268140,-0.50823000,0.65700384,0.08681229,1.72375594,0.40923321,-0.16972508,-0.02701614,-0.01018203,0.04387273,-0.08516321,-0.21484376,-0.04743070,0.09352332,0.24785780,0.08836520,-0.15468962,-0.16051522
4.230000,0.15098180,-0.50849545,0.65691437,0.08725528,1.72289675,0.40707682,-0.17019355,-0.02607306,-0.00771548,0.04470803,-0.08665635,-0.21642868,-0.04624827,0.09508195,0.24542327,0.07867742,-0.14390093,-0.15642651
4.240000,0.14927757,-0.50875141,0.65684944,0.08770613,1.72202318,0.40490478,-0.17064974,-0.02511471,-0.00527412,0.04544594,-0.08804050,-0.21797148,-0.04497372,0.09657856,0.24282001,0.06888829,-0.13289270,-0.15209463
4.250000,0.14756884,-0.50899770,0.65680880,0.08816387,1.72113631,0.40271754,-0.17109273,-0.02414170,-0.00285963,0.04608550,-0.08931352,-0.21946979,-0.04361098,0.09801187,0.24005084,0.05900919,-0.12167872,-0.14752961
4.260000,0.14585576,-0.50923419,0.65679216,0.08862751,1.72023729,0.40051554,-0.17152168,-0.02315469,-0.00047365,0.04662586,-0.09047343,-0.22092133,-0.04216400,0.09938062,0.23711855,0.04905155,-0.11027277,-0.14274151
4.270000,0.14413846,-0.50946075,0.65679923,0.08909605,1.71932723,0.39829927,-0.17193575,-0.02215431,0.00188221,0.04706630,-0.09151838,-0.22232391,-0.04063675,0.10068353,0.23402595,0.03902675,-0.09868866,-0.13774035
4.280000,0.14241710,-0.50967724,0.65682969,0.08956850,1.71840731,0.39606923,-0.17233416,-0.02114124,0.00420634,0.04740621,-0.09244666,-0.22367546,-0.03903316,0.10191935,0.23077584,0.02894621,-0.08694016,-0.13253619
4.290000,0.14069183,-0.50988353,0.65688324,0.09004384,1.71747869,0.39382594,-0.17271617,-0.02011615,0.00649721,0.04764508,-0.09325668,-0.22497399,-0.03735718,0.10308679,0.22737103,0.01882134,-0.07504106,-0.12713906
4.300000,0.13896283,-0.51007952,0.65695952,0.09052106,1.71654257,0.39156994,-0.17308107,-0.01907974,0.00875326,0.04778253,-0.09394702,-0.22621763,-0.03561278,0.10418459,0.22381431,0.00866354,-0.06300516,-0.12155900
4.310000,0.13723027,-0.51026509,0.65705819,0.09099915,1.71560015,0.38930178,-0.17342821,-0.01803270,0.01097300,0.04781828,-0.09451638,-0.22740460,-0.03380389,0.10521147,0.22010850,-0.00151579,-0.05084625,-0.11580606
4.320000,0.13549433,-0.51044014,0.65717886,0.09147709,1.71465265,0.38702204,-0.17375695,-0.01697575,0.01315494,0.04775218,-0.09496358,-0.22853321,-0.03193447,0.10616617,0.21625639,-0.01170524,-0.03857811,-0.10989027
4.330000,0.13375519,-0.51060458,0.65732115,0.09195386,1.71370129,0.38473131,-0.17406671,-0.01590962,0.01529765,0.04758418,-0.09528762,-0.22960189,-0.03000846,0.10704742,0.21226080,-0.02189341,-0.02621453,-0.10382168
4.340000,0.13201306,-0.51075831,0.65748467,0.09242843,1.71274731,0.38243020,-0.17435694,-0.01483505,0.01739969,0.04731435,-0.09548760,-0.23060917,-0.02802982,0.10785395,0.20812452,-0.03206888,-0.01376930,-0.09761033
4.350000,0.13026812,-0.51090125,0.65766901,0.09289980,1.71179196,0.38011934,-0.17462714,-0.01375279,0.01945968,0.04694288,-0.09556278,-0.23155366,-0.02600251,0.10858448,0.20385036,-0.04222026,-0.00125622,-0.09126626
4.360000,0.12852059,-0.51103334,0.65787372,0.09336695,1.71083648,0.37779935,-0.17487684,-0.01266362,0.02147625,0.04647007,-0.09551255,-0.23243408,-0.02393045,0.10923775,0.19944113,-0.05233613,0.01131093,-0.08479950
4.370000,0.12677066,-0.51115450,0.65809838,0.09382887,1.70988213,0.37547087,-0.17510562,-0.01156830,0.02344806,0.04589632,-0.09533643,-0.23324927,-0.02181762,0.10981248,0.19489962,-0.06240510,0.02391836,-0.07822011
4.380000,0.12501854,-0.51126469,0.65834253,0.09428455,1.70893017,0.37313458,-0.17531307,-0.01046763,0.02537381,0.04522216,-0.09503409,-0.23399814,-0.01966795,0.11030742,0.19022864,-0.07241575,0.03655228,-0.07153812
4.390000,0.12326447,-0.51136384,0.65860570,0.09473298,1.70798186,0.37079114,-0.17549887,-0.00936242,0.02725221,0.04444823,-0.09460534,-0.23467972,-0.01748541,0.11072128,0.18543100,-0.08235668,0.04919890,-0.06476357
4.400000,0.12150864,-0.51145192,0.65888741,0.09517318,1.70703848,0.36844121,-0.17566269,-0.00825348,0.02908201,0.04357530,-0.09405012,-0.23529314,-0.01527393,0.11105279,0.18050949,-0.09221649,0.06184443,-0.05790650
4.410000,0.11975129,-0.51152890,0.65918717,0.09560416,1.70610128,0.36608550,-0.17580426,-0.00714164,0.03086199,0.04260421,-0.09336850,-0.23583761,-0.01303747,0.11130070,0.17546693,-0.10198377,0.07447509,-0.05097696
4.420000,0.11799263,-0.51159475,0.65950448,0.09602494,1.70517153,0.36372469,-0.17592336,-0.00602775,0.03259096,0.04153597,-0.09256071,-0.23631247,-0.01077998,0.11146371,0.17030611,-0.11164711,0.08707707,-0.04398499
4.430000,0.11623289,-0.51164945,0.65983882,0.09643456,1.70425049,0.36135949,-0.17601980,-0.00491266,0.03426773,0.04037165,-0.09162710,-0.23671714,-0.00850540,0.11154058,0.16502984,-0.12119511,0.09963660,-0.03694062
4.440000,0.11447231,-0.51169300,0.66018966,0.09683206,1.70333941,0.35899059,-0.17609343,-0.00379723,0.03589118,0.03911249,-0.09056816,-0.23705114,-0.00621770,0.11153002,0.15964093,-0.13061637,0.11213989,-0.02985390
4.450000,0.11271110,-0.51172540,0.66055646,0.09721650,1.70243954,0.35661870,-0.17614413,-0.00268235,0.03746018,0.03775979,-0.08938454,-0.23731411,-0.00392082,0.11143077,0.15414218,-0.13989947,0.12457313,-0.02273487
4.460000,0.11094950,-0.51174665,0.66093868,0.09758695,1.70155213,0.35424454,-0.17617183,-0.00156891,0.03897367,0.03631500,-0.08807698,-0.23750577,-0.00161870,0.11124156,0.14853638,-0.14903302,0.13692255,-0.01559358
4.470000,0.10918774,-0.51175679,0.66133575,0.09794249,1.70067841,0.35186882,-0.17617650,-0.00045782,0.04043057,0.03477966,-0.08664641,-0.23762594,0.00068470,0.11096111,0.14282636,-0.15800560,0.14917436,-0.00844005
4.480000,0.10742605,-0.51175582,0.66174710,0.09828224,1.69981961,0.34949226,-0.17615814,0.00065000,0.04182985,0.03315546,-0.08509387,-0.23767456,0.00298542,0.11058815,0.13701490,-0.16680581,0.16131477,-0.00128433
4.490000,0.10566466,-0.51174380,0.66217215,0.09860531,1.69897694,0.34711557,-0.17611681,0.00175363,0.04317053,0.03144416,-0.08342053,-0.23765165,0.00527953,0.11012143,0.13110482,-0.17542224,0.17332998,0.00586353
4.500000,0.10390379,-0.51172077,0.66261031,0.09891084,1.69815160,0.34473947,-0.17605259,0.00285211,0.04445163,0.02964766,-0.08162773,-0.23755735,0.00756307,0.10955966,0.12509891,-0.18384350,0.18520620,0.01299350
4.510000,0.10214368,-0.51168678,0.66306098,0.09919799,1.69734478,0.34236466,-0.17596560,0.00394450,0.04567220,0.02776798,-0.07971692,-0.23739188,0.00983208,0.10890157,0.11899999,-0.19205817,0.19692966,0.02009553
4.520000,0.10038455,-0.51164190,0.66352355,0.09946593,1.69655765,0.33999186,-0.17585601,0.00502982,0.04683133,0.02580723,-0.07768969,-0.23715556,0.01208263,0.10814590,0.11281085,-0.20005485,0.20848655,0.02715959
4.530000,0.09862664,-0.51158621,0.66399740,0.09971387,1.69579136,0.33762178,-0.17572402,0.00610709,0.04792813,0.02376765,-0.07554779,-0.23684884,0.01431076,0.10729138,0.10653430,-0.20782213,0.21986310,0.03417563
4.540000,0.09687015,-0.51151979,0.66448190,0.09994103,1.69504707,0.33525512,-0.17556988,0.00717531,0.04896173,0.02165159,-0.07329308,-0.23647225,0.01651251,0.10633674,0.10017314,-0.21534861,0.23104550,0.04113361
4.550000,0.09511531,-0.51144274,0.66497642,0.10014666,1.69432587,0.33289257,-0.17539387,0.00823348,0.04993132,0.01946151,-0.07092757,-0.23602640,0.01868395,0.10528069,0.09373018,-0.22262289,0.24201998,0.04802349
4.560000,0.09336234,-0.51135516,0.66548031,0.10033002,1.69362888,0.33053482,-0.17519632,0.00928058,0.05083607,0.01720001,-0.06845342,-0.23551204,0.02082112,0.10412199,0.08720822,-0.22963354,0.25277273,0.05483523
4.570000,0.09161145,-0.51125716,0.66599292,0.10049043,1.69295716,0.32818256,-0.17497758,0.01031558,0.05167523,0.01486976,-0.06587290,-0.23492999,0.02292006,0.10285935,0.08061006,-0.23636918,0.26328998,0.06155879
4.580000,0.08986286,-0.51114889,0.66651359,0.10062720,1.69231177,0.32583644,-0.17473805,0.01133742,0.05244803,0.01247358,-0.06318845,-0.23428119,0.02497683,0.10149151,0.07393852,-0.24281840,0.27355793,0.06818412
4.590000,0.08811676,-0.51103046,0.66704166,0.10073969,1.69169373,0.32349715,-0.17447819,0.01234505,0.05315376,0.01001439,-0.06040262,-0.23356667,0.02698749,0.10001719,0.06719638,-0.24896978,0.28356279,0.07470120
4.600000,0.08637336,-0.51090204,0.66757644,0.10082728,1.69110404,0.32116533,-0.17419847,0.01333740,0.05379173,0.00749521,-0.05751811,-0.23278756,0.02894807,0.09843513,0.06038647,-0.25481193,0.29329078,0.08109996
4.610000,0.08463286,-0.51076377,0.66811727,0.10088940,1.69054368,0.31884161,-0.17389941,0.01431339,0.05436128,0.00491922,-0.05453777,-0.23194510,0.03085463,0.09674405,0.05351157,-0.26033344,0.30272810,0.08737039
4.620000,0.08289544,-0.51061583,0.66866344,0.10092549,1.69001360,0.31652663,-0.17358157,0.01527192,0.05486176,0.00228965,-0.05146457,-0.23104061,0.03270322,0.09494269,0.04657450,-0.26552290,0.31186097,0.09350242
4.630000,0.08116129,-0.51045839,0.66921427,0.10093503,1.68951469,0.31422100,-0.17324555,0.01621187,0.05529257,-0.00039010,-0.04830161,-0.23007554,0.03448988,0.09302978,0.03957805,-0.27036890,0.32067559,0.09948603
4.640000,0.07943058,-0.51029166,0.66976906,0.10091753,1.68904785,0.31192532,-0.17289199,0.01713214,0.05565313,-0.00311654,-0.04505216,-0.22905142,0.03621068,0.09100404,0.03252504,-0.27486005,0.32915818,0.10531116
4.650000,0.07770350,-0.51011582,0.67032710,0.10087255,1.68861393,0.30964016,-0.17252157,0.01803157,0.05594289,-0.00588608,-0.04171960,-0.22796988,0.03786165,0.08886420,0.02541826,-0.27898494,0.33729494,0.11096779
4.660000,0.07598021,-0.50993110,0.67088768,0.10079968,1.68821373,0.30736611,-0.17213501,0.01890904,0.05616133,-0.00869498,-0.03830746,-0.22683266,0.03943885,0.08660901,0.01826053,-0.28273216,0.34507210,0.11644587
4.670000,0.07426085,-0.50973772,0.67145008,0.10069854,1.68784803,0.30510369,-0.17173305,0.01976337,0.05630794,-0.01153942,-0.03481941,-0.22564159,0.04093837,0.08423721,0.01105467,-0.28609041,0.35247594,0.12173542
4.680000,0.07254559,-0.50953591,0.67201359,0.10056879,1.68751758,0.30285345,-0.17131651,0.02059340,0.05638227,-0.01441548,-0.03125922,-0.22439860,0.04235814,0.08174990,0.00380543,-0.28905518,0.35949859,0.12683059
4.690000,0.07083457,-0.50932593,0.67257749,0.10041013,1.68722307,0.30061588,-0.17088615,0.02139799,0.05638393,-0.01731924,-0.02763070,-0.22310563,0.04369905,0.07915173,-0.00347949,-0.29163243,0.36614113,0.13173187
4.700000,0.06912791,-0.50910804,0.67314103,0.10022232,1.68696518,0.29839149,-0.17044278,0.02217608,0.05631259,-0.02024686,-0.02393765,-0.22176460,0.04496220,0.07644769,-0.01079211,-0.29382904,0.37240541,0.13644033
4.710000,0.06742575,-0.50888250,0.67370349,0.10000513,1.68674452,0.29618075,-0.16998717,0.02292661,0.05616802,-0.02319457,-0.02018385,-0.22037746,0.04614872,0.07364273,-0.01812449,-0.29565188,0.37829331,0.14095700
4.720000,0.06572821,-0.50864960,0.67426415,0.09975838,1.68656169,0.29398409,-0.16952006,0.02364861,0.05595006,-0.02615867,-0.01637304,-0.21894610,0.04725971,0.07074183,-0.02546866,-0.29710781,0.38380669,0.14528296
4.730000,0.06403539,-0.50840963,0.67482225,0.09948191,1.68641724,0.29180197,-0.16904222,0.02434114,0.05565864,-0.02913553,-0.01250896,-0.21747243,0.04829630,0.06774996,-0.03281666,-0.29820372,0.38894741,0.14941925
4.740000,0.06234740,-0.50816288,0.67537707,0.09917563,1.68631168,0.28963478,-0.16855438,0.02500332,0.05529374,-0.03212157,-0.00859532,-0.21595834,0.04925959,0.06467208,-0.04016053,-0.29894646,0.39371733,0.15336691
4.750000,0.06066433,-0.50790967,0.67592788,0.09883946,1.68624549,0.28748293,-0.16805727,0.02563432,0.05485547,-0.03511330,-0.00463584,-0.21440572,0.05015070,0.06151318,-0.04749231,-0.29934293,0.39811831,0.15712702
4.760000,0.05898628,-0.50765030,0.67647394,0.09847336,1.68621910,0.28534679,-0.16755160,0.02623333,0.05434396,-0.03810730,-0.00063418,-0.21281643,0.05097075,0.05827823,-0.05480404,-0.29939997,0.40215222,0.16070061
4.770000,0.05731333,-0.50738511,0.67701452,0.09807732,1.68623293,0.28322671,-0.16703809,0.02679964,0.05375948,-0.04110019,0.00340599,-0.21119232,0.05172085,0.05497218,-0.06208776,-0.29912448,0.40582092,0.16408875
4.780000,0.05564554,-0.50711442,0.67754889,0.09765137,1.68628734,0.28112305,-0.16651742,0.02733256,0.05310233,-0.04408870,0.00748103,-0.20953526,0.05240212,0.05160002,-0.06933551,-0.29852331,0.40912627,0.16729248
4.790000,0.05398300,-0.50683857,0.67807632,0.09719557,1.68638266,0.27903611,-0.16599027,0.02783144,0.05237291,-0.04706960,0.01158731,-0.20784709,0.05301567,0.04816671,-0.07653933,-0.29760335,0.41207014,0.17031286
4.800000,0.05232576,-0.50655791,0.67859610,0.09671002,1.68651918,0.27696621,-0.16545732,0.02829570,0.05157171,-0.05003973,0.01572123,-0.20612962,0.05356262,0.04467722,-0.08369126,-0.29637145,0.41465438,0.17315093
4.810000,0.05067387,-0.50627277,0.67910752,0.09619482,1.68669716,0.27491361,-0.16491924,0.02872481,0.05069929,-0.05299601,0.01987920,-0.20438467,0.05404408,0.04113654,-0.09078333,-0.29483450,0.41688087,0.17580777
4.820000,0.04902739,-0.50598353,0.67960986,0.09565015,1.68691683,0.27287860,-0.16437666,0.02911828,0.04975627,-0.05593542,0.02405766,-0.20261406,0.05446117,0.03754962,-0.09780759,-0.29299937,0.41875146,0.17828441
4.830000,0.04738635,-0.50569053,0.68010241,0.09507618,1.68717837,0.27086141,-0.16383022,0.02947567,0.04874339,-0.05885502,0.02825305,-0.20081958,0.05481500,0.03392143,-0.10475607,-0.29087292,0.42026801,0.18058191
4.840000,0.04575079,-0.50539414,0.68058449,0.09447313,1.68748193,0.26886228,-0.16328056,0.02979659,0.04766143,-0.06175193,0.03246185,-0.19900302,0.05510670,0.03025696,-0.11162082,-0.28846204,0.42143239,0.18270132
4.850000,0.04412075,-0.50509472,0.68105541,0.09384123,1.68782764,0.26688142,-0.16272829,0.03008070,0.04651128,-0.06462334,0.03668053,-0.19716614,0.05533736,0.02656116,-0.11839388,-0.28577358,0.42224646,0.18464370
4.860000,0.04249623,-0.50479265,0.68151449,0.09318075,1.68821557,0.26491902,-0.16217402,0.03032772,0.04529389,-0.06746650,0.04090562,-0.19531073,0.05550811,0.02283901,-0.12506728,-0.28281443,0.42271208,0.18641010
4.870000,0.04087727,-0.50448829,0.68196107,0.09249200,1.68864576,0.26297526,-0.16161833,0.03053741,0.04401029,-0.07027875,0.04513362,-0.19343852,0.05562006,0.01909549,-0.13163307,-0.27959145,0.42283112,0.18800157
4.880000,0.03926387,-0.50418202,0.68239448,0.09177529,1.68911824,0.26105030,-0.16106181,0.03070958,0.04266161,-0.07305748,0.04936109,-0.19155128,0.05567434,0.01533555,-0.13808328,-0.27611152,0.42260544,0.18941917
4.890000,0.03765604,-0.50387422,0.68281409,0.09103097,1.68963297,0.25914428,-0.16050503,0.03084409,0.04124904,-0.07580015,0.05358459,-0.18965072,0.05567204,0.01156418,-0.14440995,-0.27238150,0.42203690,0.19066394
4.900000,0.03605377,-0.50356527,0.68321925,0.09025942,1.69018990,0.25725732,-0.15994855,0.03094084,0.03977385,-0.07850430,0.05780069,-0.18773857,0.05561430,0.00778633,-0.15060513,-0.26840828,0.42112736,0.19173695
4.910000,0.03445706,-0.50325553,0.68360936,0.08946102,1.69078895,0.25538954,-0.15939292,0.03099981,0.03823740,-0.08116752,0.06200600,-0.18581655,0.05550222,0.00400700,-0.15666084,-0.26419871,0.41987869,0.19263924
4.920000,0.03286591,-0.50294540,0.68398380,0.08863621,1.69142998,0.25354102,-0.15883868,0.03102099,0.03664112,-0.08378750,0.06619714,-0.18388635,0.05533692,0.00023113,-0.16256915,-0.25975968,0.41829275,0.19337187
4.930000,0.03128028,-0.50263524,0.68434199,0.08778542,1.69211283,0.25171183,-0.15828636,0.03100446,0.03498653,-0.08636198,0.07037074,-0.18194967,0.05511951,-0.00353628,-0.16832207,-0.25509805,0.41637139,0.19393588
4.940000,0.02970017,-0.50232543,0.68468335,0.08690913,1.69283732,0.24990204,-0.15773646,0.03095031,0.03327523,-0.08888875,0.07452346,-0.18000819,0.05485111,-0.00729029,-0.17391165,-0.25022070,0.41411650,0.19433234
4.950000,0.02812554,-0.50201636,0.68500731,0.08600782,1.69360322,0.24811168,-0.15718950,0.03085871,0.03150887,-0.09136569,0.07865196,-0.17806358,0.05453283,-0.01102590,-0.17932993,-0.24513450,0.41152991,0.19456230
4.960000,0.02655637,-0.50170838,0.68531334,0.08508199,1.69441027,0.24634077,-0.15664597,0.03072987,0.02968923,-0.09379076,0.08275295,-0.17611750,0.05416580,-0.01473816,-0.18456896,-0.23984631,0.40861351,0.19462681
4.970000,0.02499261,-0.50140188,0.68560092,0.08413218,1.69525818,0.24458933,-0.15610635,0.03056404,0.02781812,-0.09616197,0.08682314,-0.17417159,0.05375112,-0.01842209,-0.18962076,-0.23436302,0.40536915,0.19452691
4.980000,0.02343423,-0.50109722,0.68586954,0.08315894,1.69614662,0.24285734,-0.15557110,0.03036154,0.02589746,-0.09847740,0.09085925,-0.17222750,0.05328991,-0.02207272,-0.19447738,-0.22869149,0.40179870,0.19426368
4.990000,0.02188117,-0.50079477,0.68611871,0.08216282,1.69707524,0.24114477,-0.15504070,0.03012272,0.02392925,-0.10073519,0.09485803,-0.17028686,0.05278328,-0.02568508,-0.19913087,-0.22283860,0.39790401,0.19383815
5.000000,0.02033340,-0.50049489,0.68634798,0.08114443,1.69804364,0.23945158,-0.15451558,0.02984798,0.02191555,-0.10293359,0.09881626,-0.16835128,0.05223235,-0.02925420,-0.20357325,-0.21681121,0.39368695,0.19325138
5.010000,0.01879084,-0.50019793,0.68655688,0.08010436,1.69905142,0.23777772,-0.15399620,0.02953779,0.01985851,-0.10507086,0.10273070,-0.16642237,0.05163824,-0.03277511,-0.20779656,-0.21061620,0.38914938,0.19250443
5.020000,0.01725345,-0.49990425,0.68674501,0.07904322,1.70009810,0.23612311,-0.15348296,0.02919266,0.01776037,-0.10714537,0.10659818,-0.16450172,0.05100206,-0.03624284,-0.21179286,-0.20426044,0.38429317,0.19159834
5.030000,0.01572116,-0.49961419,0.68691196,0.07796166,1.70118321,0.23448765,-0.15297629,0.02881313,0.01562344,-0.10915556,0.11041551,-0.16259093,0.05032492,-0.03965241,-0.21555417,-0.19775080,0.37912017,0.19053418
5.040000,0.01419390,-0.49932810,0.68705736,0.07686033,1.70230623,0.23287125,-0.15247659,0.02839982,0.01345010,-0.11109990,0.11417954,-0.16069156,0.04960795,-0.04299887,-0.21907254,-0.19109415,0.37363226,0.18931299
5.050000,0.01267160,-0.49904631,0.68718085,0.07573989,1.70346662,0.23127378,-0.15198426,0.02795338,0.01124282,-0.11297697,0.11788711,-0.15880519,0.04885225,-0.04627722,-0.22234000,-0.18429737,0.36783129,0.18793582
5.060000,0.01115419,-0.49876914,0.68728211,0.07460102,1.70466378,0.22969510,-0.15149967,0.02747452,0.00900416,-0.11478540,0.12153512,-0.15693336,0.04805893,-0.04948251,-0.22534860,-0.17736733,0.36171912,0.18640374
5.070000,0.00964158,-0.49849692,0.68736084,0.07344441,1.70589711,0.22813506,-0.15102320,0.02696399,0.00673674,-0.11652390,0.12512046,-0.15507762,0.04722913,-0.05260977,-0.22809037,-0.17031089,0.35529762,0.18471778
5.080000,0.00813370,-0.49822996,0.68741676,0.07227078,1.70716597,0.22659349,-0.15055521,0.02642260,0.00444327,-0.11819122,0.12864005,-0.15323951,0.04636395,-0.05565402,-0.23055736,-0.16313493,0.34856865,0.18287901
5.090000,0.00663045,-0.49796857,0.68744962,0.07108083,1.70846968,0.22507020,-0.15009604,0.02585120,0.00212654,-0.11978622,0.13209082,-0.15142055,0.04546450,-0.05861029,-0.23274160,-0.15584633,0.34153407,0.18088848
5.100000,0.00513175,-0.49771304,0.68745922,0.06987530,1.70980755,0.22356501,-0.14964603,0.02525071,-0.00021059,-0.12130780,0.13546972,-0.14962225,0.04453190,-0.06147361,-0.23463513,-0.14845195,0.33419575,0.17874725
5.110000,0.00363750,-0.49746365,0.68744535,0.06865492,1.71117883,0.22207769,-0.14920551,0.02462206,-0.00256517,-0.12275493,0.13877373,-0.14784610,0.04356727,-0.06423901,-0.23623000,-0.14095866,0.32655555,0.17645635
5.120000,0.00214761,-0.49722069,0.68740787,0.06742045,1.71258276,0.22060801,-0.14877479,0.02396627,-0.00493417,-0.12412666,0.14199983,-0.14609361,0.04257172,-0.06690152,-0.23751824,-0.13337334,0.31861533,0.17401686
5.130000,0.00066197,-0.49698441,0.68734663,0.06617264,1.71401855,0.21915573,-0.14835417,0.02328439,-0.00731449,-0.12542211,0.14514504,-0.14436626,0.04154636,-0.06945618,-0.23849189,-0.12570286,0.31037695,0.17142981
5.140000,-0.00081951,-0.49675508,0.68726155,0.06491227,1.71548538,0.21772059,-0.14794396,0.02257752,-0.00970293,-0.12664046,0.14820638,-0.14266551,0.04049232,-0.07189800,-0.23914300,-0.11795409,0.30184228,0.16869627
5.150000,-0.00229695,-0.49653294,0.68715256,0.06364009,1.71698239,0.21630233,-0.14754442,0.02184682,-0.01209624,-0.12778096,0.15118090,-0.14099282,0.03941071,-0.07422202,-0.23946359,-0.11013390,0.29301318,0.16581728
5.160000,-0.00377044,-0.49631822,0.68701962,0.06235691,1.71850870,0.21490064,-0.14715583,0.02109349,-0.01449108,-0.12884292,0.15406567,-0.13934964,0.03830263,-0.07642326,-0.23944572,-0.10224916,0.28389151,0.16279391
5.170000,-0.00524010,-0.49611114,0.68686274,0.06106350,1.72006340,0.21351523,-0.14677845,0.02031878,-0.01688400,-0.12982575,0.15685777,-0.13773742,0.03716921,-0.07849676,-0.23908141,-0.09430675,0.27447913,0.15962719
5.180000,-0.00670605,-0.49591191,0.68668196,0.05976066,1.72164554,0.21214578,-0.14641253,0.01952400,-0.01927152,-0.13072889,0.15955429,-0.13615757,0.03601157,-0.08043755,-0.23836272,-0.08631354,0.26477791,0.15631819
5.190000,-0.00816839,-0.49572072,0.68647734,0.05844919,1.72325415,0.21079197,-0.14605830,0.01871049,-0.02165005,-0.13155187,0.16215237,-0.13461152,0.03483081,-0.08224065,-0.23728167,-0.07827639,0.25478970,0.15286796
5.200000,-0.00962725,-0.49553776,0.68624900,0.05712989,1.72488825,0.20945343,-0.14571598,0.01787966,-0.02401592,-0.13229429,0.16464913,-0.13310068,0.03362805,-0.08390110,-0.23583031,-0.07020219,0.24451638,0.14927756
5.210000,-0.01108275,-0.49536318,0.68599708,0.05580357,1.72654679,0.20812983,-0.14538581,0.01703296,-0.02636540,-0.13295581,0.16704175,-0.13162644,0.03240441,-0.08541392,-0.23400068,-0.06209779,0.23395981,0.14554802
5.220000,-0.01253501,-0.49519715,0.68572176,0.05447105,1.72822873,0.20682078,-0.14506796,0.01617189,-0.02869465,-0.13353617,0.16932739,-0.13019018,0.03116101,-0.08677414,-0.23178482,-0.05397008,0.22312184,0.14168042
5.230000,-0.01398415,-0.49503979,0.68542327,0.05313312,1.72993297,0.20552589,-0.14476265,0.01529800,-0.03099978,-0.13403516,0.17150326,-0.12879329,0.02989895,-0.08797679,-0.22917476,-0.04582593,0.21200434,0.13767579
5.240000,-0.01543030,-0.49489123,0.68510186,0.05179061,1.73165842,0.20424478,-0.14447004,0.01441290,-0.03327680,-0.13445266,0.17356655,-0.12743712,0.02861935,-0.08901690,-0.22616256,-0.03767220,0.20060917,0.13353520
5.250000,-0.01687359,-0.49475156,0.68475784,0.05044434,1.73340392,0.20297701,-0.14419031,0.01351822,-0.03552166,-0.13478860,0.17551452,-0.12612303,0.02732333,-0.08988950,-0.22274023,-0.02951577,0.18893820,0.12925970
5.260000,-0.01831415,-0.49462089,0.68439154,0.04909511,1.73516831,0.20172217,-0.14392363,0.01261568,-0.03773021,-0.13504299,0.17734440,-0.12485237,0.02601200,-0.09058963,-0.21889984,-0.02136351,0.17699328,0.12485033
5.270000,-0.01975211,-0.49449927,0.68400337,0.04774375,1.73695040,0.20047982,-0.14367012,0.01170702,-0.03989824,-0.13521590,0.17905348,-0.12362647,0.02468648,-0.09111230,-0.21463341,-0.01322230,0.16477628,0.12030816
5.280000,-0.02118760,-0.49438676,0.68359373,0.04639107,1.73874897,0.19924949,-0.14342994,0.01079404,-0.04202144,-0.13530749,0.18063903,-0.12244665,0.02334789,-0.09145255,-0.20993298,-0.00509900,0.15228907,0.11563423
5.290000,-0.02262075,-0.49428340,0.68316310,0.04503787,1.74056276,0.19803072,-0.14320320,0.00987859,-0.04409543,-0.13531797,0.18209837,-0.12131422,0.02199733,-0.09160540,-0.20479060,0.00299952,0.13953350,0.11082960
5.300000,-0.02405171,-0.49418919,0.68271200,0.04368498,1.74239051,0.19682304,-0.14299003,0.00896258,-0.04611575,-0.13524761,0.18342881,-0.12023049,0.02063593,-0.09156589,-0.19919830,0.01106638,0.12651144,0.10589533
5.310000,-0.02548060,-0.49410414,0.68224098,0.04233319,1.74423090,0.19562595,-0.14279052,0.00804793,-0.04807787,-0.13509677,0.18462771,-0.11919674,0.01926479,-0.09132905,-0.19314812,0.01909471,0.11322475,0.10083245
5.320000,-0.02690757,-0.49402822,0.68175065,0.04098331,1.74608261,0.19443894,-0.14260476,0.00713667,-0.04997716,-0.13486586,0.18569243,-0.11821426,0.01788504,-0.09088990,-0.18663211,0.02707764,0.09967530,0.09564204
5.330000,-0.02833274,-0.49396139,0.68124166,0.03963614,1.74794429,0.19326149,-0.14243284,0.00623083,-0.05180893,-0.13455539,0.18662035,-0.11728432,0.01649779,-0.09024347,-0.17964230,0.03500830,0.08586493,0.09032514
5.340000,-0.02975627,-0.49390358,0.68071471,0.03829246,1.74981456,0.19209307,-0.14227483,0.00533251,-0.05356840,-0.13416590,0.18740887,-0.11640818,0.01510418,-0.08938536,-0.17217205,0.04287998,0.07179626,0.08488313
5.350000,-0.03117829,-0.49385471,0.68017055,0.03695308,1.75169200,0.19093314,-0.14213077,0.00444382,-0.05525080,-0.13369800,0.18805545,-0.11558706,0.01370575,-0.08831771,-0.16422998,0.05068801,0.05748037,0.07932121
5.360000,-0.03259893,-0.49381467,0.67960997,0.03561876,1.75357518,0.18978114,-0.14200072,0.00356683,-0.05685149,-0.13315236,0.18855771,-0.11482213,0.01230429,-0.08704688,-0.15583460,0.05842897,0.04293383,0.07364704
5.370000,-0.03401835,-0.49378333,0.67903381,0.03429029,1.75546266,0.18863651,-0.14188469,0.00270354,-0.05836604,-0.13252966,0.18891341,-0.11411447,0.01090158,-0.08557931,-0.14700455,0.06609950,0.02817332,0.06786832
5.380000,-0.03543667,-0.49376054,0.67844295,0.03296842,1.75735296,0.18749866,-0.14178269,0.00185588,-0.05979019,-0.13183062,0.18912051,-0.11346508,0.00949941,-0.08392143,-0.13775850,0.07369621,0.01321549,0.06199276
5.390000,-0.03685405,-0.49374615,0.67783832,0.03165393,1.75924457,0.18636701,-0.14169470,0.00102572,-0.06111988,-0.13105599,0.18917712,-0.11287491,0.00809957,-0.08207968,-0.12811509,0.08121574,-0.00192299,0.05602806
5.400000,-0.03827061,-0.49373996,0.67722088,0.03034755,1.76113599,0.18524096,-0.14162068,0.00021488,-0.06235123,-0.13020657,0.18908151,-0.11234479,0.00670384,-0.08006050,-0.11809299,0.08865470,-0.01722545,0.04998191
5.410000,-0.03968651,-0.49374178,0.67659164,0.02905004,1.76302569,0.18411991,-0.14156060,-0.00057492,-0.06348054,-0.12928318,0.18883212,-0.11187552,0.00531401,-0.07787033,-0.10771084,0.09600973,-0.03267523,0.04386203
5.420000,-0.04110187,-0.49375139,0.67595162,0.02776213,1.76491212,0.18300324,-0.14151438,-0.00134198,-0.06450431,-0.12828667,0.18842757,-0.11146777,0.00393187,-0.07551559,-0.09698731,0.10327744,-0.04825566,0.03767611
5.430000,-0.04251684,-0.49376854,0.67530191,0.02648455,1.76679372,0.18189035,-0.14148193,-0.00208470,-0.06541921,-0.12721793,0.18786663,-0.11112219,0.00255920,-0.07300272,-0.08594105,0.11045447,-0.06395008,0.03143186
5.440000,-0.04393155,-0.49379299,0.67464361,0.02521801,1.76866893,0.18078059,-0.14146316,-0.00280153,-0.06622212,-0.12607789,0.18714824,-0.11083931,0.00119780,-0.07033817,-0.07459072,0.11753742,-0.07974182,0.02513697
5.450000,-0.04534615,-0.49382448,0.67397785,0.02396323,1.77053616,0.17967335,-0.14145793,-0.00349098,-0.06691008,-0.12486751,0.18627152,-0.11061959,-0.00015055,-0.06752836,-0.06295496,0.12452294,-0.09561421,0.01879915
5.460000,-0.04676076,-0.49386272,0.67330580,0.02272089,1.77239383,0.17856799,-0.14146612,-0.00415164,-0.06748033,-0.12358777,0.18523574,-0.11046344,-0.00148406,-0.06457973,-0.05105244,0.13140765,-0.11155059,0.01242610
5.470000,-0.04817552,-0.49390741,0.67262865,0.02149170,1.77424034,0.17746387,-0.14148756,-0.00478214,-0.06793030,-0.12223970,0.18404035,-0.11037116,-0.00280095,-0.06149872,-0.03890182,0.13818816,-0.12753429,0.00602553
5.480000,-0.04959055,-0.49395826,0.67194761,0.02027632,1.77607410,0.17636035,-0.14152208,-0.00538119,-0.06825760,-0.12082436,0.18268496,-0.11034300,-0.00409942,-0.05829177,-0.02652174,0.14486110,-0.14354866,-0.00039487
5.490000,-0.05100600,-0.49401493,0.67126391,0.01907543,1.77789350,0.17525679,-0.14156948,-0.00594757,-0.06846003,-0.11934285,0.18116933,-0.11037910,-0.00537770,-0.05496530,-0.01393087,0.15142310,-0.15957702,-0.00682739
5.500000,-0.05242198,-0.49407709,0.67057883,0.01788968,1.77969695,0.17415255,-0.14162956,-0.00648012,-0.06853558,-0.11779628,0.17949342,-0.11047956,-0.00663398,-0.05152576,-0.00114785,0.15787078,-0.17560270,-0.01326434
5.510000,-0.05383863,-0.49414441,0.66989363,0.01671972,1.78148284,0.17304699,-0.14170208,-0.00697773,-0.06848241,-0.11618582,0.17765734,-0.11064438,-0.00786650,-0.04797959,0.01180865,0.16420077,-0.19160905,-0.01969800
5.520000,-0.05525607,-0.49421653,0.66920961,0.01556618,1.78324957,0.17193945,-0.14178680,-0.00743938,-0.06829889,-0.11451267,0.17566136,-0.11087348,-0.00907345,-0.04433321,0.02491998,0.17040969,-0.20757939,-0.02612068
5.530000,-0.05667441,-0.49429308,0.66852809,0.01442967,1.78499553,0.17082931,-0.14188346,-0.00786408,-0.06798356,-0.11277805,0.17350593,-0.11116673,-0.01025305,-0.04059306,0.03816749,0.17649416,-0.22349706,-0.03252467
5.540000,-0.05809377,-0.49437368,0.66785039,0.01331082,1.78671915,0.16971591,-0.14199176,-0.00825095,-0.06753515,-0.11098321,0.17119165,-0.11152389,-0.01140351,-0.03676559,0.05153251,0.18245082,-0.23934540,-0.03890228
5.550000,-0.05951428,-0.49445797,0.66717784,0.01221020,1.78841884,0.16859862,-0.14211142,-0.00859913,-0.06695258,-0.10912947,0.16871931,-0.11194466,-0.01252305,-0.03285722,0.06499640,0.18827628,-0.25510774,-0.04524580
5.560000,-0.06093604,-0.49454554,0.66651179,0.01112842,1.79009302,0.16747680,-0.14224212,-0.00890784,-0.06623495,-0.10721814,0.16608984,-0.11242866,-0.01360988,-0.02887439,0.07854050,0.19396716,-0.27076741,-0.05154753
5.570000,-0.06235916,-0.49463599,0.66585359,0.01006603,1.79174012,0.16634983,-0.14238351,-0.00917639,-0.06538156,-0.10525058,0.16330436,-0.11297544,-0.01466221,-0.02482354,0.09214615,0.19952010,-0.28630775,-0.05779976
5.580000,-0.06378374,-0.49472893,0.66520461,0.00902359,1.79335859,0.16521709,-0.14253524,-0.00940411,-0.06439189,-0.10322820,0.16036414,-0.11358447,-0.01567825,-0.02071110,0.10579469,0.20493172,-0.30171209,-0.06399480
5.590000,-0.06520990,-0.49482393,0.66456621,0.00800164,1.79494689,0.16407794,-0.14269695,-0.00959043,-0.06326559,-0.10115243,0.15727063,-0.11425512,-0.01665622,-0.01654352,0.11946748,0.21019864,-0.31696377,-0.07012495
5.600000,-0.06663772,-0.49492060,0.66393975,0.00700071,1.79650350,0.16293178,-0.14286823,-0.00973482,-0.06200252,-0.09902473,0.15402543,-0.11498672,-0.01759433,-0.01232722,0.13314585,0.21531748,-0.33204612,-0.07618249
5.610000,-0.06806729,-0.49501849,0.66332661,0.00602132,1.79802690,0.16177800,-0.14304869,-0.00983683,-0.06060271,-0.09684659,0.15063032,-0.11577851,-0.01849079,-0.00806864,0.14681115,0.22028488,-0.34694248,-0.08215974
5.620000,-0.06949872,-0.49511719,0.66272815,0.00506395,1.79951561,0.16061601,-0.14323790,-0.00989607,-0.05906640,-0.09461954,0.14708725,-0.11662963,-0.01934381,-0.00377421,0.16044473,0.22509745,-0.36163618,-0.08804898
5.630000,-0.07093208,-0.49521627,0.66214574,0.00412908,1.80096816,0.15944522,-0.14343542,-0.00991222,-0.05739399,-0.09234516,0.14339833,-0.11753917,-0.02015161,0.00054961,0.17402793,0.22975182,-0.37611056,-0.09384252
5.640000,-0.07236745,-0.49531529,0.66158073,0.00321720,1.80238310,0.15826504,-0.14364078,-0.00988500,-0.05558607,-0.09002505,0.13956583,-0.11850613,-0.02091241,0.00489641,0.18754209,0.23424461,-0.39034894,-0.09953265
5.650000,-0.07380492,-0.49541382,0.66103447,0.00232873,1.80375900,0.15707491,-0.14385350,-0.00981423,-0.05364344,-0.08766082,0.13559219,-0.11952945,-0.02162440,0.00925975,0.20096855,0.23857245,-0.40433467,-0.10511167
5.660000,-0.07524455,-0.49551143,0.66050830,0.00146412,1.80509448,0.15587426,-0.14407310,-0.00969977,-0.05156705,-0.08525416,0.13148003,-0.12060797,-0.02228581,0.01363318,0.21428867,0.24273197,-0.41805107,-0.11057188
5.670000,-0.07668640,-0.49560767,0.66000357,0.00062378,1.80638815,0.15466257,-0.14429905,-0.00954156,-0.04935808,-0.08280675,0.12723213,-0.12174047,-0.02289484,0.01801027,0.22748379,0.24671978,-0.43148149,-0.11590558
5.680000,-0.07813055,-0.49570211,0.65952158,-0.00019188,1.80763868,0.15343928,-0.14453081,-0.00933958,-0.04701786,-0.08032035,0.12285141,-0.12292563,-0.02344972,0.02238460,0.24053524,0.25053252,-0.44460926,-0.12110507
5.690000,-0.07957704,-0.49579432,0.65906364,-0.00098250,1.80884475,0.15220388,-0.14476785,-0.00909389,-0.04454792,-0.07779670,0.11834101,-0.12416209,-0.02394864,0.02674971,0.25342439,0.25416680,-0.45741771,-0.12616264
5.700000,-0.08102592,-0.49588385,0.65863105,-0.00174770,1.81000508,0.15095587,-0.14500959,-0.00880463,-0.04194997,-0.07523762,0.11370418,-0.12544839,-0.02438984,0.03109918,0.26613256,0.25761925,-0.46989017,-0.13107059
5.710000,-0.08247724,-0.49597027,0.65822506,-0.00248714,1.81111842,0.14969475,-0.14525545,-0.00847198,-0.03922593,-0.07264493,0.10894438,-0.12678298,-0.02477151,0.03542656,0.27864111,0.26088650,-0.48200999,-0.13582122
5.720000,-0.08393104,-0.49605314,0.65784694,-0.00320049,1.81218357,0.14842006,-0.14550482,-0.00809620,-0.03637788,-0.07002051,0.10406521,-0.12816426,-0.02509187,0.03972543,0.29093137,0.26396516,-0.49376049,-0.14040683
5.730000,-0.08538735,-0.49613205,0.65749791,-0.00388745,1.81319934,0.14713132,-0.14575708,-0.00767759,-0.03340809,-0.06736627,0.09907045,-0.12959054,-0.02534914,0.04398935,0.30298470,0.26685187,-0.50512501,-0.14481971
5.740000,-0.08684619,-0.49620655,0.65717918,-0.00454773,1.81416460,0.14582810,-0.14601159,-0.00721655,-0.03031904,-0.06468413,0.09396405,-0.13106005,-0.02554152,0.04821188,0.31478244,0.26954325,-0.51608689,-0.14905217
5.750000,-0.08830758,-0.49627624,0.65689192,-0.00518105,1.81507826,0.14450998,-0.14626769,-0.00671351,-0.02711336,-0.06197607,0.08875011,-0.13257096,-0.02566723,0.05238658,0.32630593,0.27203592,-0.52662945,-0.15309650
5.760000,-0.08977155,-0.49634068,0.65663729,-0.00578717,1.81593926,0.14317655,-0.14652470,-0.00616900,-0.02379389,-0.05924408,0.08343292,-0.13412133,-0.02572448,0.05650702,0.33753651,0.27432651,-0.53673604,-0.15694500
5.770000,-0.09123808,-0.49639948,0.65641641,-0.00636586,1.81674659,0.14182743,-0.14678194,-0.00558358,-0.02036367,-0.05649022,0.07801690,-0.13570918,-0.02571148,0.06056677,0.34845554,0.27641164,-0.54638998,-0.16058996
5.780000,-0.09270718,-0.49645222,0.65623037,-0.00691691,1.81749929,0.14046225,-0.14703869,-0.00495789,-0.01682588,-0.05371655,0.07250668,-0.13733243,-0.02562645,0.06455938,0.35904435,0.27828794,-0.55557462,-0.16402370
5.790000,-0.09417885,-0.49649851,0.65608024,-0.00744013,1.81819643,0.13908067,-0.14729423,-0.00429263,-0.01318394,-0.05092517,0.06690703,-0.13898892,-0.02546761,0.06847842,0.36928429,0.27995203,-0.56427328,-0.16723849
5.800000,-0.09565306,-0.49653795,0.65596703,-0.00793536,1.81883714,0.13768237,-0.14754779,-0.00358859,-0.00944142,-0.04811822,0.06122289,-0.14067644,-0.02523315,0.07231746,0.37915671,0.28140053,-0.57246930,-0.17022665
5.810000,-0.09712980,-0.49657015,0.65589173,-0.00840245,1.81942062,0.13626704,-0.14779863,-0.00284657,-0.00560210,-0.04529789,0.05545937,-0.14239268,-0.02492129,0.07607006,0.38864295,0.28263007,-0.58014602,-0.17298047
5.820000,-0.09860902,-0.49659475,0.65585530,-0.00884128,1.81994608,0.13483443,-0.14804595,-0.00206749,-0.00166991,-0.04246636,0.04962176,-0.14413524,-0.02453026,0.07972978,0.39772434,0.28363728,-0.58728677,-0.17549225
5.830000,-0.10009070,-0.49661138,0.65585863,-0.00925175,1.82041283,0.13338426,-0.14828897,-0.00125231,0.00235098,-0.03962589,0.04371548,-0.14590169,-0.02405825,0.08329019,0.40638225,0.28441877,-0.59387488,-0.17775428
5.840000,-0.10157478,-0.49661968,0.65590260,-0.00963377,1.82082018,0.13191632,-0.14852684,-0.00040204,0.00645626,-0.03677875,0.03774616,-0.14768947,-0.02350349,0.08674485,0.41459801,0.28497118,-0.59989369,-0.17975887
5.850000,-0.10306122,-0.49661931,0.65598802,-0.00998731,1.82116756,0.13043041,-0.14875875,0.00048221,0.01064140,-0.03392725,0.03171956,-0.14949598,-0.02286418,0.09008732,0.42235296,0.28529112,-0.60532653,-0.18149831
5.860000,-0.10454994,-0.49660993,0.65611568,-0.01031231,1.82145440,0.12892635,-0.14898384,0.00139931,0.01490172,-0.03107372,0.02564164,-0.15131853,-0.02213854,0.09331118,0.42962846,0.28537523,-0.61015674,-0.18296490
5.870000,-0.10604087,-0.49659122,0.65628629,-0.01060878,1.82168024,0.12740399,-0.14920123,0.00234802,0.01923231,-0.02822054,0.01951849,-0.15315434,-0.02132478,0.09640998,0.43640584,0.28522012,-0.61436766,-0.18415094
5.880000,-0.10753393,-0.49656287,0.65650054,-0.01087673,1.82184464,0.12586323,-0.14941004,0.00332707,0.02362811,-0.02537012,0.01335640,-0.15500059,-0.02042111,0.09937728,0.44266645,0.28482243,-0.61794261,-0.18504872
5.890000,-0.10902904,-0.49652458,0.65675905,-0.01111620,1.82194726,0.12430396,-0.14960935,0.00433511,0.02808386,-0.02252491,0.00716181,-0.15685433,-0.01942574,0.10220666,0.44839164,0.28417877,-0.62086493,-0.18565055
5.900000,-0.11052608,-0.49647607,0.65706240,-0.01132726,1.82198779,0.12272612,-0.14979824,0.00537072,0.03259410,-0.01968738,0.00094133,-0.15871258,-0.01833690,0.10489167,0.45356275,0.28328577,-0.62311795,-0.18594872
5.910000,-0.11202496,-0.49641708,0.65741110,-0.01150998,1.82196602,0.12112970,-0.14997577,0.00643244,0.03715320,-0.01686004,-0.00529826,-0.16057227,-0.01715279,0.10742589,0.45816111,0.28214005,-0.62468502,-0.18593553
5.920000,-0.11352556,-0.49634734,0.65780561,-0.01166450,1.82188179,0.11951468,-0.15014097,0.00751872,0.04175535,-0.01404543,-0.01155002,-0.16243023,-0.01587161,0.10980286,0.46216809,0.28073824,-0.62554946,-0.18560328
5.930000,-0.11502774,-0.49626663,0.65824633,-0.01179094,1.82173501,0.11788111,-0.15029287,0.00862795,0.04639453,-0.01124614,-0.01780685,-0.16428324,-0.01449160,0.11201617,0.46556502,0.27907696,-0.62569460,-0.18494426
5.940000,-0.11653137,-0.49617471,0.65873360,-0.01188948,1.82152566,0.11622905,-0.15043047,0.00975847,0.05106455,-0.00846477,-0.02406146,-0.16612800,-0.01301095,0.11405937,0.46833324,0.27715285,-0.62510380,-0.18395078
5.950000,-0.11803630,-0.49607139,0.65926770,-0.01196031,1.82125381,0.11455859,-0.15055275,0.01090855,0.05575904,-0.00570397,-0.03030642,-0.16796112,-0.01142789,0.11592602,0.47045411,0.27496251,-0.62376036,-0.18261514
5.960000,-0.11954237,-0.49595648,0.65984884,-0.01200364,1.82091959,0.11286987,-0.15065868,0.01207638,0.06047142,-0.00296642,-0.03653411,-0.16977914,-0.00974062,0.11760969,0.47190896,0.27250258,-0.62164764,-0.18092962
5.970000,-0.12104941,-0.49582981,0.66047717,-0.01201972,1.82052321,0.11116307,-0.15074721,0.01326011,0.06519493,-0.00025483,-0.04273675,-0.17157852,-0.00794736,0.11910395,0.47267914,0.26976968,-0.61874897,-0.17888653
5.980000,-0.12255725,-0.49569123,0.66115275,-0.01200883,1.82006496,0.10943838,-0.15081727,0.01445781,0.06992265,0.00242806,-0.04890641,-0.17335565,-0.00604631,0.12040235,0.47274600,0.26676044,-0.61504768,-0.17647817
5.990000,-0.12406569,-0.49554062,0.66187561,-0.01197127,1.81954522,0.10769604,-0.15086777,0.01566748,0.07464745,0.00507945,-0.05503497,-0.17510684,-0.00403570,0.12149847,0.47209087,0.26347147,-0.61052710,-0.17369683
6.000000,-0.12557454,-0.49537785,0.66264567,-0.01190736,1.81896443,0.10593634,-0.15089761,0.01688708,0.07936200,0.00769654,-0.06111417,-0.17682832,-0.00191373,0.12238586,0.47069511,0.25989941,-0.60517058,-0.17053482
6.010000,-0.12708357,-0.49520285,0.66346279,-0.01181746,1.81832313,0.10415959,-0.15090567,0.01811449,0.08405884,0.01027649,-0.06713556,-0.17851625,0.00031996,0.12306059,0.46854799,0.25604287,-0.59896886,-0.16698869
6.020000,-0.12859257,-0.49501554,0.66432676,-0.01170196,1.81762194,0.10236614,-0.15089085,0.01934760,0.08873053,0.01281647,-0.07309079,-0.18016686,0.00266010,0.12352870,0.46567055,0.25190841,-0.59194239,-0.16307211
6.030000,-0.13010131,-0.49481588,0.66523729,-0.01156127,1.81686156,0.10055639,-0.15085213,0.02058440,0.09336991,0.01531376,-0.07897175,-0.18177652,0.00509999,0.12379875,0.46209177,0.24750458,-0.58411905,-0.15880300
6.040000,-0.13160953,-0.49460385,0.66619403,-0.01139583,1.81604278,0.09873076,-0.15078854,0.02182295,0.09797012,0.01776570,-0.08477061,-0.18334180,0.00763292,0.12387927,0.45784061,0.24283995,-0.57552671,-0.15419926
6.050000,-0.13311700,-0.49437943,0.66719654,-0.01120612,1.81516645,0.09688971,-0.15069919,0.02306139,0.10252458,0.02016972,-0.09047982,-0.18485945,0.01025220,0.12377881,0.45294604,0.23792307,-0.56619324,-0.14927884
6.060000,-0.13462343,-0.49414263,0.66824435,-0.01099261,1.81423350,0.09503374,-0.15058324,0.02429795,0.10702700,0.02252334,-0.09609210,-0.18632638,0.01295112,0.12350592,0.44743704,0.23276250,-0.55614651,-0.14405964
6.070000,-0.13612857,-0.49389348,0.66933689,-0.01075583,1.81324495,0.09316336,-0.15043992,0.02553096,0.11147137,0.02482418,-0.10160046,-0.18773971,0.01572299,0.12306914,0.44134259,0.22736678,-0.54541440,-0.13855960
6.080000,-0.13763213,-0.49363202,0.67047356,-0.01049631,1.81220186,0.09127913,-0.15026855,0.02675881,0.11585199,0.02706992,-0.10699819,-0.18909670,0.01856112,0.12247702,0.43469164,0.22174447,-0.53402476,-0.13279662
6.090000,-0.13913384,-0.49335832,0.67165370,-0.01021462,1.81110538,0.08938162,-0.15006850,0.02798001,0.12016344,0.02925835,-0.11227886,-0.19039482,0.02145879,0.12173810,0.42751318,0.21590413,-0.52200548,-0.12678864
6.100000,-0.14063341,-0.49307245,0.67287658,-0.00991134,1.80995670,0.08747144,-0.14983920,0.02919312,0.12440059,0.03138731,-0.11743630,-0.19163172,0.02440931,0.12086093,0.41983617,0.20985431,-0.50938442,-0.12055357
6.110000,-0.14213053,-0.49277449,0.67414145,-0.00958708,1.80875708,0.08554920,-0.14958016,0.03039680,0.12855860,0.03345476,-0.12246463,-0.19280520,0.02740599,0.11985405,0.41168960,0.20360357,-0.49618947,-0.11410934
6.120000,-0.14362491,-0.49246455,0.67544748,-0.00924246,1.80750785,0.08361555,-0.14929095,0.03158979,0.13263292,0.03545874,-0.12735827,-0.19391326,0.03044212,0.11872601,0.40310242,0.19716047,-0.48244848,-0.10747387
6.130000,-0.14511625,-0.49214274,0.67679381,-0.00887812,1.80621038,0.08167116,-0.14897121,0.03277094,0.13661928,0.03739736,-0.13211188,-0.19495410,0.03351100,0.11748535,0.39410361,0.19053355,-0.46818932,-0.10066508
6.140000,-0.14660423,-0.49180918,0.67817956,-0.00849473,1.80486610,0.07971670,-0.14862064,0.03393915,0.14051371,0.03926883,-0.13672042,-0.19592605,0.03660594,0.11614062,0.38472215,0.18373137,-0.45343988,-0.09370088
6.150000,-0.14808856,-0.49146400,0.67960377,-0.00809297,1.80347647,0.07775287,-0.14823903,0.03509343,0.14431254,0.04107143,-0.14117913,-0.19682766,0.03972023,0.11470037,0.37498701,0.17676249,-0.43822803,-0.08659921
6.160000,-0.14956891,-0.49110736,0.68106548,-0.00767354,1.80204303,0.07578039,-0.14782620,0.03623287,0.14801237,0.04280355,-0.14548353,-0.19765763,0.04284719,0.11317313,0.36492716,0.16963546,-0.42258162,-0.07937799
6.170000,-0.15104498,-0.49073940,0.68256368,-0.00723714,1.80056733,0.07379996,-0.14738206,0.03735664,0.15161010,0.04446364,-0.14962941,-0.19841488,0.04598009,0.11156746,0.35457156,0.16235884,-0.40652854,-0.07205513
6.180000,-0.15251644,-0.49036028,0.68409733,-0.00678451,1.79905098,0.07181233,-0.14690660,0.03846399,0.15510291,0.04605025,-0.15361284,-0.19909846,0.04911226,0.10989190,0.34394920,0.15494118,-0.39009665,-0.06464856
6.190000,-0.15398300,-0.48997017,0.68566538,-0.00631639,1.79749563,0.06981824,-0.14639984,0.03955427,0.15848829,0.04756202,-0.15743017,-0.19970763,0.05223699,0.10815499,0.33308904,0.14739103,-0.37331384,-0.05717620
6.200000,-0.15544434,-0.48956925,0.68726673,-0.00583352,1.79590295,0.06781843,-0.14586191,0.04062691,0.16176400,0.04899766,-0.16107804,-0.20024182,0.05534758,0.10636529,0.32202006,0.13971696,-0.35620796,-0.04965596
6.210000,-0.15690014,-0.48915769,0.68890028,-0.00533669,1.79427464,0.06581366,-0.14529296,0.04168143,0.16492809,0.05035598,-0.16455335,-0.20070065,0.05843733,0.10453133,0.31077123,0.13192752,-0.33880689,-0.04210578
6.220000,-0.15835009,-0.48873569,0.69056491,-0.00482667,1.79261246,0.06380467,-0.14469325,0.04271742,0.16797892,0.05163586,-0.16785329,-0.20108390,0.06149954,0.10266166,0.29937152,0.12403125,-0.32113850,-0.03454358
6.230000,-0.15979390,-0.48830341,0.69225948,-0.00430424,1.79091817,0.06179223,-0.14406308,0.04373457,0.17091512,0.05283628,-0.17097532,-0.20139154,0.06452752,0.10076482,0.28784990,0.11603672,-0.30323066,-0.02698727
6.240000,-0.16123126,-0.48786106,0.69398283,-0.00377021,1.78919356,0.05977709,-0.14340284,0.04473265,0.17373561,0.05395629,-0.17391719,-0.20162372,0.06751456,0.09884937,0.27623535,0.10795249,-0.28511124,-0.01945477
6.250000,-0.16266186,-0.48740882,0.69573380,-0.00322538,1.78744043,0.05776001,-0.14271295,0.04571152,0.17643961,0.05499505,-0.17667693,-0.20178077,0.07045397,0.09692385,0.26455684,0.09978710,-0.26680812,-0.01196402
6.260000,-0.16408542,-0.48694689,0.69751123,-0.00267058,1.78566063,0.05574173,-0.14199394,0.04667112,0.17902663,0.05595179,-0.17925284,-0.20186320,0.07333904,0.09499679,0.25284333,0.09154911,-0.24834917,-0.00453292
6.270000,-0.16550164,-0.48647546,0.69931395,-0.00210662,1.78385599,0.05372299,-0.14124637,0.04761148,0.18149646,0.05682582,-0.18164349,-0.20187169,0.07616308,0.09307676,0.24112381,0.08324707,-0.22976225,0.00282059
6.280000,-0.16691025,-0.48599473,0.70114077,-0.00153434,1.78202838,0.05170453,-0.14047090,0.04853271,0.18384918,0.05761655,-0.18384775,-0.20180711,0.07891939,0.09117229,0.22942723,0.07488955,-0.21107524,0.01007860
6.290000,-0.16831097,-0.48550487,0.70299054,-0.00095457,1.78017966,0.04968709,-0.13966823,0.04943501,0.18608517,0.05832346,-0.18586475,-0.20167050,0.08160127,0.08929192,0.21778259,0.06648509,-0.19231601,0.01722319
6.300000,-0.16970353,-0.48500609,0.70486209,-0.00036815,1.77831171,0.04767136,-0.13883915,0.05031866,0.18820510,0.05894612,-0.18769392,-0.20146308,0.08420202,0.08744421,0.20621884,0.05804225,-0.17351243,0.02423643
6.310000,-0.17108767,-0.48449856,0.70675426,0.00022407,1.77642641,0.04565806,-0.13798449,0.05118403,0.19020992,0.05948420,-0.18933495,-0.20118627,0.08671494,0.08563769,0.19476496,0.04956959,-0.15469238,0.03110040
6.320000,-0.17246314,-0.48398247,0.70866591,0.00082125,1.77452564,0.04364786,-0.13710516,0.05203158,0.19210086,0.05993744,-0.19078781,-0.20084163,0.08913333,0.08388092,0.18344992,0.04107566,-0.13588371,0.03779719
6.330000,-0.17382969,-0.48345798,0.71059590,0.00142253,1.77261128,0.04164144,-0.13620216,0.05286184,0.19387948,0.06030567,-0.19205275,-0.20043094,0.09145049,0.08218244,0.17230270,0.03256901,-0.11711431,0.04430886
6.340000,-0.17518710,-0.48292528,0.71254313,0.00202708,1.77068521,0.03963946,-0.13527651,0.05367545,0.19554757,0.06058881,-0.19313032,-0.19995613,0.09365973,0.08055079,0.16135226,0.02405821,-0.09841205,0.05061750
6.350000,-0.17653515,-0.48238453,0.71450649,0.00263403,1.76874930,0.03764253,-0.13432934,0.05447311,0.19710727,0.06078685,-0.19402131,-0.19941933,0.09575435,0.07899453,0.15062758,0.01555179,-0.07980479,0.05670518
6.360000,-0.17787362,-0.48183587,0.71648492,0.00324253,1.76680540,0.03565127,-0.13336183,0.05525562,0.19856097,0.06089989,-0.19472682,-0.19882282,0.09772764,0.07752218,0.14015763,0.00705833,-0.06132042,0.06255399
6.370000,-0.17920232,-0.48127946,0.71847737,0.00385174,1.76485538,0.03366626,-0.13237522,0.05602386,0.19991137,0.06092809,-0.19524822,-0.19816910,0.09957290,0.07614231,0.12997138,-0.00141362,-0.04298679,0.06814600
6.380000,-0.18052107,-0.48071544,0.72048281,0.00446081,1.76290105,0.03168807,-0.13137082,0.05677880,0.20116144,0.06087172,-0.19558715,-0.19746082,0.10128345,0.07486345,0.12009780,-0.00985552,-0.02483178,0.07346329
6.390000,-0.18182969,-0.48014393,0.72250027,0.00506889,1.76094423,0.02971722,-0.13035002,0.05752150,0.20231447,0.06073111,-0.19574554,-0.19670081,0.10285257,0.07369416,0.11056587,-0.01825880,-0.00688326,0.07848795
6.400000,-0.18312802,-0.47956505,0.72452879,0.00567515,1.75898673,0.02775422,-0.12931426,0.05825308,0.20337400,0.06050670,-0.19572560,-0.19589210,0.10427357,0.07264296,0.10140456,-0.02661492,0.01083089,0.08320204
6.410000,-0.18441593,-0.47897890,0.72656745,0.00627875,1.75703031,0.02579953,-0.12826507,0.05897478,0.20434389,0.06019900,-0.19552980,-0.19503787,0.10553975,0.07171842,0.09264284,-0.03491531,0.02828280,0.08758764
6.420000,-0.18569328,-0.47838558,0.72861538,0.00687886,1.75507671,0.02385360,-0.12720401,0.05968790,0.20522828,0.05980861,-0.19516091,-0.19414150,0.10664442,0.07092908,0.08430968,-0.04315142,0.04544462,0.09162684
6.430000,-0.18695997,-0.47778517,0.73067175,0.00747465,1.75312766,0.02191683,-0.12613274,0.06039384,0.20603161,0.05933621,-0.19462197,-0.19320654,0.10758087,0.07028348,0.07643406,-0.05131469,0.06228845,0.09530172
6.440000,-0.18821591,-0.47717772,0.73273576,0.00806531,1.75118483,0.01998958,-0.12505297,0.06109408,0.20675859,0.05878258,-0.19391629,-0.19223674,0.10834240,0.06979016,0.06904494,-0.05939658,0.07878644,0.09859434
6.450000,-0.18946101,-0.47656330,0.73480668,0.00865003,1.74924988,0.01807220,-0.12396650,0.06179018,0.20741423,0.05814858,-0.19304749,-0.19123599,0.10892231,0.06945768,0.06217130,-0.06738852,0.09491070,0.10148680
6.460000,-0.19069522,-0.47594193,0.73688383,0.00922802,1.74732441,0.01616495,-0.12287516,0.06248379,0.20800383,0.05743514,-0.19201942,-0.19020839,0.10931391,0.06929457,0.05584211,-0.07528197,0.11063338,0.10396117
6.470000,-0.19191850,-0.47531362,0.73896656,0.00979847,1.74541000,0.01426810,-0.12178087,0.06317666,0.20853298,0.05664330,-0.19083625,-0.18915822,0.10951050,0.06930939,0.05008634,-0.08306836,0.12592659,0.10599952
6.480000,-0.19313083,-0.47467839,0.74105430,0.01036063,1.74350819,0.01238185,-0.12068562,0.06387060,0.20900756,0.05577416,-0.18950241,-0.18808992,0.10950537,0.06951068,0.04493297,-0.09073914,0.14076247,0.10758393
6.490000,-0.19433222,-0.47403620,0.74314655,0.01091370,1.74162044,0.01050635,-0.11959145,0.06456753,0.20943374,0.05482893,-0.18802262,-0.18700811,0.10929183,0.06990697,0.04041096,-0.09828576,0.15511314,0.10869649
6.500000,-0.19552267,-0.47338702,0.74524284,0.01145696,1.73974820,0.00864172,-0.11850050,0.06526942,0.20981798,0.05380889,-0.18640186,-0.18591762,0.10886318,0.07050683,0.03654929,-0.10569966,0.16895074,0.10931928
6.510000,-0.19670225,-0.47273079,0.74734279,0.01198964,1.73789286,0.00678801,-0.11741493,0.06597837,0.21016703,0.05271541,-0.18464541,-0.18482342,0.10821273,0.07131879,0.03337694,-0.11297228,0.18224739,0.10943436
6.520000,-0.19787100,-0.47206743,0.74944608,0.01251102,1.73605573,0.00494524,-0.11633701,0.06669653,0.21048791,0.05154994,-0.18275881,-0.18373068,0.10733376,0.07235140,0.03092286,-0.12009508,0.19497523,0.10902382
6.530000,-0.19902902,-0.47139682,0.75155248,0.01302040,1.73423810,0.00311337,-0.11526904,0.06742616,0.21078797,0.05031403,-0.18074789,-0.18264476,0.10621958,0.07361321,0.02921604,-0.12705950,0.20710637,0.10806974
6.540000,-0.20017642,-0.47071886,0.75366180,0.01351707,1.73244117,0.00129231,-0.11421342,0.06816959,0.21107482,0.04900931,-0.17861876,-0.18157116,0.10486350,0.07511275,0.02828545,-0.13385697,0.21861295,0.10655420
6.550000,-0.20131334,-0.47003338,0.75577396,0.01400036,1.73066609,-0.00051811,-0.11317260,0.06892924,0.21135637,0.04763748,-0.17637781,-0.18051560,0.10325881,0.07685858,0.02816006,-0.14047896,0.22946710,0.10445927
6.560000,-0.20243993,-0.46934021,0.75788894,0.01446961,1.72891396,-0.00231809,-0.11214909,0.06970761,0.21164080,0.04620034,-0.17403169,-0.17948397,0.10139882,0.07885924,0.02886883,-0.14691689,0.23964095,0.10176703
6.570000,-0.20355639,-0.46863915,0.76000681,0.01492416,1.72718579,-0.00410789,-0.11114550,0.07050730,0.21193662,0.04469978,-0.17158735,-0.17848231,0.09927682,0.08112327,0.03044075,-0.15316223,0.24910662,0.09845957
6.580000,-0.20466292,-0.46792998,0.76212774,0.01536340,1.72548252,-0.00588785,-0.11016445,0.07133098,0.21225259,0.04313777,-0.16905201,-0.17751689,0.09688611,0.08365923,0.03290479,-0.15920641,0.25783624,0.09451895
6.590000,-0.20575976,-0.46721244,0.76425196,0.01578672,1.72380503,-0.00765837,-0.10920869,0.07218142,0.21259779,0.04151635,-0.16643317,-0.17659411,0.09422001,0.08647565,0.03628991,-0.16504087,0.26580195,0.08992726
6.600000,-0.20684718,-0.46648626,0.76637982,0.01619353,1.72215411,-0.00941990,-0.10828099,0.07306146,0.21298156,0.03983768,-0.16373861,-0.17572057,0.09127180,0.08958108,0.04062509,-0.17065707,0.27297587,0.08466658
6.610000,-0.20792548,-0.46575111,0.76851175,0.01658329,1.72053048,-0.01117297,-0.10738422,0.07397403,0.21341355,0.03810397,-0.16097638,-0.17490306,0.08803480,0.09298407,0.04593931,-0.17604644,0.27933013,0.07871898
6.620000,-0.20899498,-0.46500666,0.77064829,0.01695544,1.71893478,-0.01291817,-0.10652128,0.07492216,0.21390370,0.03631753,-0.15815483,-0.17414854,0.08450229,0.09669316,0.05226152,-0.18120044,0.28483686,0.07206655
6.630000,-0.21005603,-0.46425253,0.77279005,0.01730947,1.71736755,-0.01465617,-0.10569518,0.07590895,0.21446224,0.03448077,-0.15528256,-0.17346414,0.08066759,0.10071690,0.05962071,-0.18611050,0.28946818,0.06469136
6.640000,-0.21110902,-0.46348834,0.77493779,0.01764489,1.71582926,-0.01638771,-0.10490896,0.07693758,0.21509967,0.03259616,-0.15236848,-0.17285718,0.07652399,0.10506383,0.06804585,-0.19076808,0.29319624,0.05657549
6.650000,-0.21215435,-0.46271363,0.77709235,0.01796124,1.71432029,-0.01811360,-0.10416575,0.07801133,0.21582681,0.03066628,-0.14942174,-0.17233516,0.07206479,0.10974250,0.07756591,-0.19516462,0.29599314,0.04770101
6.660000,-0.21319249,-0.46192795,0.77925467,0.01825808,1.71284091,-0.01983472,-0.10346874,0.07913356,0.21665474,0.02869377,-0.14645181,-0.17190575,0.06728329,0.11476145,0.08820986,-0.19929156,0.29783103,0.03805002
6.670000,-0.21422389,-0.46113079,0.78142582,0.01853498,1.71139130,-0.02155205,-0.10282118,0.08030772,0.21759485,0.02668138,-0.14346841,-0.17157681,0.06217296,0.12012904,0.10000612,-0.20314042,0.29868242,0.02760495
6.680000,-0.21524908,-0.46032161,0.78360697,0.01879158,1.70997155,-0.02326662,-0.10222637,0.08153730,0.21865869,0.02463190,-0.14048147,-0.17135629,0.05673644,0.12584228,0.11294974,-0.20670724,0.29854269,0.01637084
6.690000,-0.21626861,-0.45949985,0.78579944,0.01902751,1.70858165,-0.02497956,-0.10168748,0.08282565,0.21985748,0.02254816,-0.13750076,-0.17125189,0.05099069,0.13188058,0.12698408,-0.20999505,0.29744272,0.00438768
6.700000,-0.21728303,-0.45866489,0.78800461,0.01924244,1.70722148,-0.02669207,-0.10120753,0.08417592,0.22120180,0.02043292,-0.13453571,-0.17127089,0.04495387,0.13822183,0.14204804,-0.21300749,0.29541642,-0.00830154
6.710000,-0.21829296,-0.45781611,0.79022399,0.01943607,1.70589085,-0.02840541,-0.10078932,0.08559102,0.22270167,0.01828892,-0.13159541,-0.17142013,0.03864415,0.14484395,0.15808052,-0.21574818,0.29249770,-0.02165379
6.720000,-0.21929903,-0.45695285,0.79245919,0.01960813,1.70458946,-0.03012093,-0.10043549,0.08707366,0.22436644,0.01611885,-0.12868861,-0.17170603,0.03207969,0.15172484,0.17502042,-0.21822076,0.28872049,-0.03562607
6.730000,-0.22030190,-0.45607441,0.79471190,0.01975837,1.70331694,-0.03184001,-0.10014851,0.08862631,0.22620490,0.01392538,-0.12582374,-0.17213457,0.02527866,0.15884239,0.19280665,-0.22042886,0.28411869,-0.05017538
6.740000,-0.22130223,-0.45518008,0.79698390,0.01988657,1.70207282,-0.03356411,-0.09993065,0.09025122,0.22822519,0.01171114,-0.12300888,-0.17271132,0.01825923,0.16617450,0.21137812,-0.22237612,0.27872623,-0.06525872
6.750000,-0.22230075,-0.45426913,0.79927704,0.01999253,1.70085657,-0.03529475,-0.09978399,0.09195044,0.23043487,0.00947872,-0.12025174,-0.17344138,0.01103957,0.17369909,0.23067372,-0.22406617,0.27257702,-0.08083307
6.760000,-0.22329816,-0.45334082,0.80159325,0.02007609,1.69966757,-0.03703347,-0.09971046,0.09372577,0.23284087,0.00723067,-0.11755974,-0.17432947,0.00363784,0.18139404,0.25063235,-0.22550264,0.26570498,-0.09685543
6.770000,-0.22429520,-0.45239436,0.80393453,0.02013710,1.69850513,-0.03878188,-0.09971178,0.09557881,0.23544953,0.00496950,-0.11493994,-0.17537984,-0.00392778,0.18923727,0.27119293,-0.22668917,0.25814403,-0.11328280
6.780000,-0.22529265,-0.45142898,0.80630293,0.02017545,1.69736851,-0.04054162,-0.09978950,0.09751094,0.23826654,0.00269770,-0.11239905,-0.17659633,-0.01163914,0.19720667,0.29229435,-0.22762939,0.24992807,-0.13007217
6.790000,-0.22629125,-0.45044387,0.80870057,0.02019103,1.69625687,-0.04231437,-0.09994499,0.09952329,0.24129701,0.00041772,-0.10994345,-0.17798235,-0.01947807,0.20528014,0.31387551,-0.22832693,0.24109103,-0.14718054
6.800000,-0.22729181,-0.44943824,0.81112960,0.02018378,1.69516933,-0.04410184,-0.10017943,0.10161681,0.24454544,-0.00186804,-0.10757918,-0.17954087,-0.02742638,0.21343558,0.33587533,-0.22878542,0.23166683,-0.16456489
6.810000,-0.22829511,-0.44841126,0.81359222,0.02015366,1.69410496,-0.04590577,-0.10049382,0.10379221,0.24801571,-0.00415720,-0.10531196,-0.18127442,-0.03546593,0.22165090,0.35823270,-0.22900851,0.22168937,-0.18218223
6.820000,-0.22930196,-0.44736212,0.81609067,0.02010063,1.69306275,-0.04772792,-0.10088899,0.10604996,0.25171108,-0.00644744,-0.10314713,-0.18318514,-0.04357854,0.22990400,0.38088652,-0.22899982,0.21119258,-0.19998954
6.830000,-0.23031316,-0.44628999,0.81862720,0.02002471,1.69204166,-0.04957007,-0.10136558,0.10839034,0.25563422,-0.00873644,-0.10108972,-0.18527471,-0.05174605,0.23817277,0.40377570,-0.22876299,0.20021037,-0.21794382
6.840000,-0.23132954,-0.44519404,0.82120412,0.01992592,1.69104059,-0.05143401,-0.10192404,0.11081339,0.25978718,-0.01102195,-0.09914443,-0.18754437,-0.05995028,0.24643513,0.42683915,-0.22830164,0.18877667,-0.23600207
6.850000,-0.23235191,-0.44407345,0.82382372,0.01980429,1.69005838,-0.05332156,-0.10256464,0.11331894,0.26417138,-0.01330174,-0.09731558,-0.18999495,-0.06817307,0.25466897,0.45001576,-0.22761942,0.17692537,-0.25412128
6.860000,-0.23338111,-0.44292739,0.82648832,0.01965991,1.68909387,-0.05523452,-0.10328750,0.11590660,0.26878767,-0.01557361,-0.09560720,-0.19262685,-0.07639625,0.26285219,0.47324444,-0.22671995,0.16469041,-0.27225845
6.870000,-0.23441794,-0.44175504,0.82920024,0.01949285,1.68814583,-0.05717470,-0.10409251,0.11857575,0.27363624,-0.01783542,-0.09402294,-0.19544004,-0.08460166,0.27096269,0.49646409,-0.22560688,0.15210570,-0.29037056
6.880000,-0.23546323,-0.44055560,0.83196182,0.01930324,1.68721299,-0.05914392,-0.10497941,0.12132554,0.27871672,-0.02008505,-0.09256614,-0.19843404,-0.09277113,0.27897838,0.51961361,-0.22428382,0.13920515,-0.30841462
6.890000,-0.23651780,-0.43932827,0.83477535,0.01909120,1.68629407,-0.06114398,-0.10594775,0.12415492,0.28402808,-0.02232041,-0.09123978,-0.20160796,-0.10088648,0.28687715,0.54263191,-0.22275443,0.12602268,-0.32634761
6.900000,-0.23758245,-0.43807224,0.83764314,0.01885689,1.68538775,-0.06317668,-0.10699690,0.12706262,0.28956871,-0.02453946,-0.09004651,-0.20496047,-0.10892956,0.29463691,0.56545790,-0.22102232,0.11259221,-0.34412654
6.910000,-0.23865800,-0.43678676,0.84056748,0.01860047,1.68449269,-0.06524378,-0.10812604,0.13004713,0.29533639,-0.02674019,-0.08898864,-0.20848983,-0.11688220,0.30223556,0.58803046,-0.21909114,0.09894765,-0.36170839
6.920000,-0.23974524,-0.43547105,0.84355062,0.01832215,1.68360752,-0.06734705,-0.10933418,0.13310672,0.30132827,-0.02892063,-0.08806816,-0.21219384,-0.12472622,0.30965100,0.61028852,-0.21696451,0.08512292,-0.37905016
6.930000,-0.24084495,-0.43412438,0.84659478,0.01802213,1.68273086,-0.06948823,-0.11062014,0.13623946,0.30754091,-0.03107885,-0.08728667,-0.21606989,-0.13244346,0.31686114,0.63217096,-0.21464607,0.07115193,-0.39610884
6.940000,-0.24195790,-0.43274602,0.84970216,0.01770065,1.68186132,-0.07166902,-0.11198257,0.13944318,0.31397024,-0.03321293,-0.08664549,-0.22011493,-0.14001576,0.32384386,0.65361669,-0.21213946,0.05706861,-0.41284144
6.950000,-0.24308485,-0.43133529,0.85287489,0.01735796,1.68099748,-0.07389108,-0.11341992,0.14271551,0.32061158,-0.03532102,-0.08614556,-0.22432549,-0.14742494,0.33057708,0.67456462,-0.20944830,0.04290687,-0.42920493
6.960000,-0.24422654,-0.42989149,0.85611508,0.01699433,1.68013793,-0.07615606,-0.11493046,0.14605382,0.32745967,-0.03740129,-0.08578750,-0.22869766,-0.15465284,0.33703870,0.69495365,-0.20657623,0.02870062,-0.44515633
6.970000,-0.24538369,-0.42841400,0.85942475,0.01661003,1.67928126,-0.07846556,-0.11651231,0.14945530,0.33450859,-0.03945195,-0.08557159,-0.23322710,-0.16168130,0.34320661,0.71472269,-0.20352688,0.01448378,-0.46065261
6.980000,-0.24655702,-0.42690219,0.86280590,0.01620539,1.67842603,-0.08082111,-0.11816336,0.15291690,0.34175185,-0.04147125,-0.08549775,-0.23790905,-0.16849213,0.34905872,0.73381062,-0.20030389,0.00029027,-0.47565079
6.990000,-0.24774718,-0.42535547,0.86626042,0.01578072,1.67757083,-0.08322423,-0.11988136,0.15643535,0.34918233,-0.04345746,-0.08556559,-0.24273831,-0.17506719,0.35457293,0.75215637,-0.19691089,-0.01384599,-0.49010784
7.000000,-0.24895486,-0.42377330,0.86979014,0.01533636,1.67671425,-0.08567635,-0.12166386,0.16000716,0.35679230,-0.04540891,-0.08577437,-0.24770926,-0.18138829,0.35972714,0.76969883,-0.19335152,-0.02789110,-0.50398076
7.010000,-0.25018067,-0.42215516,0.87339683,0.01487266,1.67585488,-0.08817887,-0.12350822,0.16362862,0.36457342,-0.04732395,-0.08612300,-0.25281584,-0.18743727,0.36449925,0.78637690,-0.18962940,-0.04181113,-0.51722656
7.020000,-0.25142522,-0.42050058,0.87708215,0.01439001,1.67499133,-0.09073310,-0.12541164,0.16729580,0.37251675,-0.04920097,-0.08661006,-0.25805156,-0.19319597,0.36886717,0.80212949,-0.18574816,-0.05557216,-0.52980222
7.030000,-0.25268909,-0.41880911,0.88084768,0.01388877,1.67412222,-0.09334031,-0.12737111,0.17100454,0.38061273,-0.05103840,-0.08723380,-0.26340950,-0.19864622,0.37280879,0.81689550,-0.18171146,-0.06914029,-0.54166473
7.040000,-0.25397282,-0.41708036,0.88469488,0.01336937,1.67324620,-0.09600167,-0.12938347,0.17475048,0.38885117,-0.05283469,-0.08799211,-0.26888233,-0.20376984,0.37630201,0.83061383,-0.17752291,-0.08248159,-0.55277110
7.050000,-0.25527692,-0.41531399,0.88862514,0.01283222,1.67236194,-0.09871831,-0.13144536,0.17852901,0.39722131,-0.05458836,-0.08888256,-0.27446226,-0.20854868,0.37932475,0.84322339,-0.17318614,-0.09556215,-0.56307831
7.060000,-0.25660188,-0.41350969,0.89263971,0.01227775,1.67146812,-0.10149125,-0.13355324,0.18233533,0.40571174,-0.05629793,-0.08990237,-0.28014109,-0.21296456,0.38185489,0.85466308,-0.16870480,-0.10834805,-0.57254337
7.070000,-0.25794813,-0.41166721,0.89673973,0.01170642,1.67056347,-0.10432143,-0.13570338,0.18616440,0.41431046,-0.05796199,-0.09104842,-0.28591018,-0.21699932,0.38387034,0.86487181,-0.16408252,-0.12080537,-0.58112325
7.080000,-0.25931607,-0.40978634,0.90092624,0.01111867,1.66964674,-0.10720972,-0.13789189,0.19001095,0.42300487,-0.05957913,-0.09231727,-0.29176046,-0.22063479,0.38534901,0.87378847,-0.15932293,-0.13290021,-0.58877497
7.090000,-0.26070608,-0.40786695,0.90520011,0.01051499,1.66871673,-0.11015688,-0.14011469,0.19386951,0.43178172,-0.06114800,-0.09370511,-0.29768244,-0.22385280,0.38626878,0.88135197,-0.15442966,-0.14459863,-0.59545551
7.100000,-0.26211847,-0.40590893,0.90956210,0.00989588,1.66777226,-0.11316358,-0.14236750,0.19773439,0.44062719,-0.06266729,-0.09520781,-0.30366619,-0.22663519,0.38660757,0.88750121,-0.14940635,-0.15586674,-0.60112187
7.110000,-0.26355352,-0.40391226,0.91401283,0.00926182,1.66681220,-0.11623038,-0.14464588,0.20159965,0.44952683,-0.06413571,-0.09682089,-0.30970135,-0.22896379,0.38634327,0.89217509,-0.14425662,-0.16667060,-0.60573104
7.120000,-0.26501145,-0.40187696,0.91855277,0.00861334,1.66583549,-0.11935774,-0.14694520,0.20545917,0.45846557,-0.06555201,-0.09853956,-0.31577714,-0.23082043,0.38545380,0.89531253,-0.13898412,-0.17697630,-0.60924001
7.130000,-0.26649247,-0.39980312,0.92318222,0.00795096,1.66484108,-0.12254602,-0.14926065,0.20930657,0.46742776,-0.06691499,-0.10035865,-0.32188234,-0.23218694,0.38391703,0.89685241,-0.13359248,-0.18674994,-0.61160579
7.140000,-0.26799671,-0.39769089,0.92790135,0.00727522,1.66382800,-0.12579545,-0.15158724,0.21313528,0.47639709,-0.06822347,-0.10227267,-0.32800531,-0.23304515,0.38171089,0.89673365,-0.12808532,-0.19595758,-0.61278536
7.150000,-0.26952424,-0.39554050,0.93271013,0.00658667,1.66279533,-0.12910614,-0.15391980,0.21693848,0.48535670,-0.06947632,-0.10427580,-0.33413395,-0.23337691,0.37881327,0.89489515,-0.12246629,-0.20456532,-0.61273572
7.160000,-0.27107510,-0.39335223,0.93760839,0.00588588,1.66174220,-0.13247810,-0.15625297,0.22070917,0.49428906,-0.07067244,-0.10636186,-0.34025578,-0.23316403,0.37520207,0.89127581,-0.11673902,-0.21253924,-0.61141386
7.170000,-0.27264928,-0.39112645,0.94259576,0.00517342,1.66066783,-0.13591119,-0.15858121,0.22444007,0.50317607,-0.07181076,-0.10852436,-0.34635785,-0.23238836,0.37085519,0.88581453,-0.11090713,-0.21984542,-0.60877678
7.180000,-0.27424669,-0.38886358,0.94767170,0.00444986,1.65957148,-0.13940515,-0.16089880,0.22812374,0.51199901,-0.07289025,-0.11075643,-0.35242679,-0.23103173,0.36575054,0.87845022,-0.10497427,-0.22644994,-0.60478147
7.190000,-0.27586720,-0.38656415,0.95283546,0.00371581,1.65845250,-0.14295957,-0.16319984,0.23175249,0.52073853,-0.07390992,-0.11305090,-0.35844880,-0.22907597,0.35986601,0.86912178,-0.09894406,-0.23231889,-0.59938492
7.200000,-0.27751061,-0.38422874,0.95808612,0.00297187,1.65731028,-0.14657392,-0.16547826,0.23531839,0.52937469,-0.07486881,-0.11540025,-0.36440967,-0.22650290,0.35317951,0.85776811,-0.09282015,-0.23741836,-0.59254414
7.210000,-0.27917667,-0.38185802,0.96342254,0.00221864,1.65614434,-0.15024751,-0.16772778,0.23881333,0.53788694,-0.07576602,-0.11779659,-0.37029473,-0.22329437,0.34566894,0.84432812,-0.08660616,-0.24171442,-0.58421611
7.220000,-0.28086505,-0.37945274,0.96884338,0.00145675,1.65495422,-0.15397951,-0.16994197,0.24222895,0.54625410,-0.07660065,-0.12023174,-0.37608889,-0.21943221,0.33731219,0.82874071,-0.08030572,-0.24517316,-0.57435783
7.230000,-0.28257537,-0.37701374,0.97434707,0.00068684,1.65373960,-0.15776894,-0.17211419,0.24555668,0.55445439,-0.07737186,-0.12269715,-0.38177664,-0.21489825,0.32808718,0.81094478,-0.07392247,-0.24776067,-0.56292630
7.240000,-0.28430717,-0.37454193,0.97993184,-0.00009047,1.65250021,-0.16161464,-0.17423763,0.24878772,0.56246543,-0.07807884,-0.12518394,-0.38734203,-0.20967432,0.31797180,0.79087923,-0.06746005,-0.24944302,-0.54987850
7.250000,-0.28605994,-0.37203833,0.98559567,-0.00087452,1.65123588,-0.16551531,-0.17630531,0.25191307,0.57026421,-0.07872081,-0.12768288,-0.39276868,-0.20374226,0.30694396,0.76848298,-0.06092208,-0.25018631,-0.53517143
7.260000,-0.28783307,-0.36950405,0.99133633,-0.00166467,1.64994654,-0.16946949,-0.17831006,0.25492349,0.57782711,-0.07929704,-0.13018442,-0.39803979,-0.19708389,0.29498154,0.74369491,-0.05431220,-0.24995661,-0.51876209
7.270000,-0.28962590,-0.36694028,0.99715135,-0.00246024,1.64863222,-0.17347553,-0.18024451,0.25780951,0.58512993,-0.07980682,-0.13267866,-0.40313811,-0.18968105,0.28206247,0.71645394,-0.04763405,-0.24872000,-0.50060747
7.280000,-0.29143770,-0.36434831,1.00303798,-0.00326058,1.64729303,-0.17753162,-0.18210114,0.26056147,0.59214781,-0.08024950,-0.13515535,-0.40804597,-0.18151558,0.26816463,0.68669897,-0.04089125,-0.24644258,-0.48066457
7.290000,-0.29326764,-0.36172953,1.00899327,-0.00406501,1.64592920,-0.18163576,-0.18387222,0.26316947,0.59885532,-0.08062445,-0.13760393,-0.41274529,-0.17256930,0.25326593,0.65436890,-0.03408744,-0.24309043,-0.45889037
7.300000,-0.29511483,-0.35908543,1.01501397,-0.00487284,1.64454108,-0.18578577,-0.18554986,0.26562338,0.60522640,-0.08093106,-0.14001347,-0.41721753,-0.16282404,0.23734427,0.61940263,-0.02722626,-0.23862962,-0.43524188
7.310000,-0.29697830,-0.35641761,1.02109659,-0.00568340,1.64312910,-0.18997929,-0.18712598,0.26791287,0.61123438,-0.08116879,-0.14237271,-0.42144374,-0.15226165,0.22037755,0.58173907,-0.02031133,-0.23302625,-0.40967608
7.320000,-0.29885699,-0.35372776,1.02723735,-0.00649599,1.64169383,-0.19421376,-0.18859231,0.27002738,0.61685199,-0.08133712,-0.14467007,-0.42540452,-0.14086396,0.20234367,0.54131712,-0.01334629,-0.22624639,-0.38214998
7.330000,-0.30074975,-0.35101768,1.03343223,-0.00730991,1.64023595,-0.19848643,-0.18994041,0.27195612,0.62205133,-0.08143556,-0.14689360,-0.42908006,-0.12861278,0.18322054,0.49807568,-0.00633478,-0.21825614,-0.35262056
7.340000,-0.30265537,-0.34828929,1.03967689,-0.00812446,1.63875625,-0.20279434,-0.19116166,0.27368809,0.62680392,-0.08146367,-0.14903105,-0.43245013,-0.11549356,0.16299079,0.45196569,0.00071920,-0.20902642,-0.32105327
7.350000,-0.30457253,-0.34554461,1.04596673,-0.00893894,1.63725565,-0.20713434,-0.19224748,0.27521237,0.63108138,-0.08142106,-0.15107009,-0.43549454,-0.10153342,0.14169213,0.40307782,0.00780723,-0.19858456,-0.28751168
7.360000,-0.30649984,-0.34278577,1.05229685,-0.00975265,1.63573521,-0.21150308,-0.19318971,0.27651862,0.63485682,-0.08130745,-0.15299892,-0.43819420,-0.08678640,0.11939780,0.35159295,0.01491805,-0.18699430,-0.25212270
7.370000,-0.30843582,-0.34001500,1.05866210,-0.01056486,1.63419608,-0.21589702,-0.19398076,0.27759725,0.63810519,-0.08112267,-0.15480636,-0.44053127,-0.07130701,0.09618163,0.29769345,0.02204034,-0.17431994,-0.21501429
7.380000,-0.31037893,-0.33723462,1.06505711,-0.01137486,1.63263952,-0.22031244,-0.19461359,0.27843942,0.64080325,-0.08086665,-0.15648192,-0.44248918,-0.05514974,0.07211744,0.24156169,0.02916281,-0.16062582,-0.17631439
7.390000,-0.31232755,-0.33444703,1.07147626,-0.01218195,1.63106691,-0.22474549,-0.19508168,0.27903702,0.64292959,-0.08053945,-0.15801569,-0.44405267,-0.03836908,0.04727907,0.18338003,0.03627415,-0.14597625,-0.13615098
7.400000,-0.31427999,-0.33165471,1.07791374,-0.01298541,1.62947971,-0.22919214,-0.19537908,0.27938267,0.64446463,-0.08014124,-0.15939847,-0.44520775,-0.02101954,0.02174035,0.12333085,0.04336304,-0.13043557,-0.09465201
7.410000,-0.31623454,-0.32886023,1.08436353,-0.01378454,1.62787948,-0.23364824,-0.19550036,0.27946974,0.64539059,-0.07967230,-0.16062165,-0.44594169,-0.00315560,-0.00442490,0.06159651,0.05041819,-0.11406810,-0.05194544
7.420000,-0.31818940,-0.32606620,1.09081946,-0.01457863,1.62626784,-0.23810953,-0.19544065,0.27929233,0.64569155,-0.07913302,-0.16167729,-0.44624306,0.01516824,-0.03114284,-0.00164062,0.05742828,-0.09693816,-0.00815922
7.430000,-0.32014274,-0.32327529,1.09727523,-0.01536697,1.62464651,-0.24257163,-0.19519564,0.27884528,0.64535338,-0.07852392,-0.16255809,-0.44610170,0.03389748,-0.05833965,-0.06619816,0.06438201,-0.07911008,0.03657868
7.440000,-0.32209268,-0.32049021,1.10372436,-0.01614887,1.62301728,-0.24703006,-0.19476153,0.27812418,0.64436379,-0.07784561,-0.16325738,-0.44550874,0.05297763,-0.08594150,-0.13189376,0.07126807,-0.06064817,0.08214032
7.450000,-0.32403733,-0.31771373,1.11016030,-0.01692365,1.62138199,-0.25148027,-0.19413510,0.27712535,0.64271232,-0.07709882,-0.16376915,-0.44445658,0.07235419,-0.11387455,-0.19854504,0.07807516,-0.04161678,0.12839773
7.460000,-0.32597473,-0.31494864,1.11657637,-0.01769062,1.61974254,-0.25591764,-0.19331364,0.27584584,0.64039031,-0.07628441,-0.16408803,-0.44293889,0.09197266,-0.14206498,-0.26596962,0.08479196,-0.02208021,0.17522295
7.470000,-0.32790294,-0.31219776,1.12296584,-0.01844912,1.61810089,-0.26033748,-0.19229502,0.27428344,0.63739095,-0.07540332,-0.16420929,-0.44095065,0.11177856,-0.17043895,-0.33398516,0.09140718,-0.00210279,0.22248803
7.480000,-0.32981997,-0.30946392,1.12932191,-0.01919847,1.61645903,-0.26473507,-0.19107763,0.27243669,0.63370925,-0.07445664,-0.16412883,-0.43848809,0.13171738,-0.19892265,-0.40240926,0.09790950,0.01825114,0.27006500
7.490000,-0.33172383,-0.30674997,1.13563774,-0.01993804,1.61481900,-0.26910565,-0.18966041,0.27030487,0.62934201,-0.07344555,-0.16384322,-0.43554874,0.15173463,-0.22744223,-0.47105958,0.10428761,0.03891727,0.31782592
7.500000,-0.33361251,-0.30405877,1.14190647,-0.02066717,1.61318286,-0.27344445,-0.18804286,0.26788797,0.62428791,-0.07237134,-0.16334966,-0.43213139,0.17177581,-0.25592387,-0.53975373,0.11053022,0.05983128,0.36564282
7.510000,-0.33548402,-0.30139316,1.14812121,-0.02138526,1.61155270,-0.27774669,-0.18622500,0.26518676,0.61854740,-0.07123543,-0.16264599,-0.42823612,0.19178644,-0.28429375,-0.60830934,0.11662600,0.08092883,0.41338775
7.520000,-0.33733635,-0.29875598,1.15427513,-0.02209168,1.60993064,-0.28200758,-0.18420741,0.26220272,0.61212279,-0.07003935,-0.16173069,-0.42386430,0.21171200,-0.31247802,-0.67654406,0.12256367,0.10214561,0.46093275
7.530000,-0.33916750,-0.29615004,1.16036140,-0.02278585,1.60831880,-0.28622239,-0.18199122,0.25893807,0.60501820,-0.06878472,-0.16060289,-0.41901856,0.23149802,-0.34040286,-0.74427550,0.12833190,0.12341729,0.50814985
7.540000,-0.34097551,-0.29357814,1.16637325,-0.02346719,1.60671929,-0.29038639,-0.17957810,0.25539577,0.59723957,-0.06747331,-0.15926237,-0.41370282,0.25108998,-0.36799445,-0.81132131,0.13391939,0.14467954,0.55491111
7.550000,-0.34275842,-0.29104304,1.17230397,-0.02413513,1.60513426,-0.29449490,-0.17697025,0.25157953,0.58879467,-0.06610697,-0.15770955,-0.40792228,0.27043341,-0.39517894,-0.87749911,0.13931484,0.16586804,0.60108856
7.560000,-0.34451428,-0.28854745,1.17814695,-0.02478915,1.60356581,-0.29854331,-0.17417044,0.24749379,0.57969309,-0.06468769,-0.15594547,-0.40168342,0.28947379,-0.42188252,-0.94262653,0.14450693,0.18691847,0.64655425
7.570000,-0.34624120,-0.28609404,1.18389568,-0.02542872,1.60201605,-0.30252706,-0.17118197,0.24314373,0.56994624,-0.06321755,-0.15397185,-0.39499400,0.30815664,-0.44803135,-1.00652121,0.14948437,0.20776650,0.69118021
7.580000,-0.34793730,-0.28368544,1.18954377,-0.02605334,1.60048706,-0.30644171,-0.16800868,0.23853526,0.55956738,-0.06169876,-0.15179103,-0.38786304,0.32642746,-0.47355161,-1.06900077,0.15423584,0.22834781,0.73483850
7.590000,-0.34960077,-0.28132418,1.19508497,-0.02666254,1.59898091,-0.31028289,-0.16465497,0.23367504,0.54857155,-0.06013363,-0.14940600,-0.38030088,0.34423175,-0.49836946,-1.12988285,0.15875003,0.24859807,0.77740115
7.600000,-0.35122982,-0.27901275,1.20051320,-0.02725586,1.59749961,-0.31404633,-0.16112578,0.22857046,0.53697565,-0.05852459,-0.14682039,-0.37231910,0.36151503,-0.52241107,-1.18898507,0.16301565,0.26845296,0.81874021
7.610000,-0.35282272,-0.27675356,1.20582255,-0.02783289,1.59604515,-0.31772791,-0.15742659,0.22322965,0.52479839,-0.05687418,-0.14403847,-0.36393058,0.37822278,-0.54560262,-1.24612507,0.16702137,0.28784815,0.85872771
7.620000,-0.35437780,-0.27454892,1.21100730,-0.02839322,1.59461948,-0.32132364,-0.15356343,0.21766149,0.51206030,-0.05518506,-0.14106517,-0.35514948,0.39430052,-0.56787027,-1.30112049,0.17075591,0.30671933,0.89723571
7.630000,-0.35589346,-0.27240105,1.21606196,-0.02893647,1.59322447,-0.32482965,-0.14954286,0.21187557,0.49878374,-0.05346000,-0.13790605,-0.34599122,0.40969376,-0.58914020,-1.35378894,0.17420794,0.32500216,0.93413623
7.640000,-0.35736816,-0.27031210,1.22098126,-0.02946231,1.59186196,-0.32824226,-0.14537202,0.20588226,0.48499289,-0.05170188,-0.13456730,-0.33647254,0.42434799,-0.60933858,-1.40394807,0.17736616,0.34263232,0.96930134
7.650000,-0.35880043,-0.26828406,1.22576019,-0.02997041,1.59053370,-0.33155796,-0.14105855,0.19969262,0.47071375,-0.04991370,-0.13105579,-0.32661141,0.43820873,-0.62839157,-1.45141550,0.18021927,0.35954548,1.00260305
7.660000,-0.36018888,-0.26631886,1.23039400,-0.03046049,1.58924139,-0.33477341,-0.13661067,0.19331849,0.45597416,-0.04809855,-0.12737900,-0.31642711,0.45122147,-0.64622535,-1.49600886,0.18275596,0.37567733,1.03391343
7.670000,-0.36153222,-0.26441827,1.23487824,-0.03093230,1.58798664,-0.33788549,-0.13203713,0.18677242,0.44080376,-0.04625967,-0.12354506,-0.30594020,0.46333172,-0.66276609,-1.53754579,0.18496491,0.39096354,1.06310451
7.680000,-0.36282924,-0.26258394,1.23920874,-0.03138562,1.58677099,-0.34089128,-0.12734722,0.18006772,0.42523404,-0.04440038,-0.11956276,-0.29517251,0.47448498,-0.67793996,-1.57584391,0.18683483,0.40533978,1.09004833
7.690000,-0.36407881,-0.26081739,1.24338170,-0.03182025,1.58559585,-0.34378808,-0.12255080,0.17321843,0.40929829,-0.04252414,-0.11544151,-0.28414716,0.48462677,-0.69167312,-1.61072087,0.18835441,0.41874173,1.11461694
7.700000,-0.36527993,-0.25912000,1.24739361,-0.03223606,1.58446258,-0.34657344,-0.11765824,0.16623931,0.39303163,-0.04063450,-0.11119139,-0.27288852,0.49370257,-0.70389176,-1.64199428,0.18951233,0.43110507,1.13668238
7.710000,-0.36643169,-0.25749299,1.25124135,-0.03263291,1.58337242,-0.34924516,-0.11268048,0.15914589,0.37647102,-0.03873514,-0.10682309,-0.26142228,0.50165791,-0.71452203,-1.66948178,0.19029730,0.44236546,1.15611668
7.720000,-0.36753329,-0.25593741,1.25492218,-0.03301074,1.58232648,-0.35180129,-0.10762900,0.15195441,0.35965522,-0.03682984,-0.10234797,-0.24977538,0.50843828,-0.72349012,-1.69300100,0.19069801,0.45245859,1.17279190
7.730000,-0.36858406,-0.25445417,1.25843374,-0.03336950,1.58132578,-0.35424016,-0.10251582,0.14468187,0.34262484,-0.03492250,-0.09777802,-0.23797606,0.51398918,-0.73072219,-1.71236957,0.19070314,0.46132014,1.18658008
7.740000,-0.36958345,-0.25304399,1.26177410,-0.03370920,1.58037119,-0.35656040,-0.09735350,0.13734600,0.32542228,-0.03301713,-0.09312589,-0.22605383,0.51825613,-0.73614441,-1.72740512,0.19030139,0.46888577,1.19735325
7.750000,-0.37053101,-0.25170740,1.26494176,-0.03402986,1.57946349,-0.35876093,-0.09215515,0.12996526,0.30809179,-0.03111786,-0.08840484,-0.21403948,0.52118462,-0.73968295,-1.73792529,0.18948146,0.47509116,1.20498346
7.760000,-0.37142648,-0.25044477,1.26793566,-0.03433159,1.57860328,-0.36084099,-0.08693445,0.12255886,0.29067943,-0.02922893,-0.08362881,-0.20196507,0.52272016,-0.74126399,-1.74374771,0.18823204,0.47987199,1.20934275
7.770000,-0.37226968,-0.24925624,1.27075523,-0.03461449,1.57779105,-0.36280014,-0.08170558,0.11514675,0.27323310,-0.02735469,-0.07881236,-0.18986395,0.52280826,-0.74081368,-1.74469000,0.18654182,0.48316394,1.21030316
7.780000,-0.37306061,-0.24814178,1.27340038,-0.03487874,1.57702712,-0.36463829,-0.07648329,0.10774961,0.25580250,-0.02549960,-0.07397071,-0.17777076,0.52139442,-0.73825821,-1.74056980,0.18439949,0.48490267,1.20773674
7.790000,-0.37379941,-0.24710113,1.27587151,-0.03512456,1.57631166,-0.36635570,-0.07128288,0.10038885,0.23843919,-0.02366825,-0.06911970,-0.16572140,0.51842414,-0.73352375,-1.73120473,0.18179375,0.48502387,1.20151553
7.800000,-0.37448639,-0.24613381,1.27816956,-0.03535220,1.57564470,-0.36795299,-0.06612018,0.09308664,0.22119650,-0.02186531,-0.06427584,-0.15375306,0.51384293,-0.72653646,-1.71641244,0.17871328,0.48346321,1.19151157
7.810000,-0.37512200,-0.24523912,1.28029602,-0.03556198,1.57502607,-0.36943116,-0.06101157,0.08586588,0.20412964,-0.02009560,-0.05945626,-0.14190420,0.50759630,-0.71722252,-1.69601054,0.17514679,0.48015637,1.17759690
7.820000,-0.37570686,-0.24441614,1.28225293,-0.03575424,1.57445543,-0.37079160,-0.05597398,0.07875019,0.18729560,-0.01836403,-0.05467875,-0.13021458,0.49962974,-0.70550809,-1.66981668,0.17108297,0.47503902,1.15964357
7.830000,-0.37624177,-0.24366369,1.28404291,-0.03592940,1.57393229,-0.37203612,-0.05102489,0.07176396,0.17075322,-0.01667564,-0.04996173,-0.11872522,0.48988876,-0.69131935,-1.63764848,0.16651051,0.46804683,1.13752362
7.840000,-0.37672771,-0.24298035,1.28566917,-0.03608792,1.57345593,-0.37316692,-0.04618230,0.06493230,0.15456315,-0.01503556,-0.04532427,-0.10747842,0.47831887,-0.67458246,-1.59932357,0.16141809,0.45911549,1.11110908
7.850000,-0.37716584,-0.24236444,1.28713555,-0.03623029,1.57302547,-0.37418664,-0.04146479,0.05828105,0.13878787,-0.01344905,-0.04078610,-0.09651778,0.46486557,-0.65522361,-1.55465959,0.15579442,0.44818067,1.08027200
7.860000,-0.37755749,-0.24181404,1.28844652,-0.03635709,1.57263981,-0.37509838,-0.03689145,0.05183681,0.12349170,-0.01192148,-0.03636755,-0.08588815,0.44947436,-0.63316895,-1.50347417,0.14962819,0.43517804,1.04488443
7.870000,-0.37790421,-0.24132692,1.28960720,-0.03646894,1.57229765,-0.37590566,-0.03248194,0.04562691,0.10874074,-0.01045833,-0.03208964,-0.07563569,0.43209076,-0.60834466,-1.44558493,0.14290809,0.42004328,1.00481841
7.880000,-0.37820774,-0.24090062,1.29062338,-0.03656649,1.57199748,-0.37661250,-0.02825646,0.03967940,0.09460295,-0.00906520,-0.02797401,-0.06580781,0.41266025,-0.58067691,-1.38080951,0.13562281,0.40271207,0.95994597
7.890000,-0.37847002,-0.24053237,1.29150154,-0.03665049,1.57173756,-0.37722339,-0.02423574,0.03402309,0.08114811,-0.00774779,-0.02404294,-0.05645321,0.39112836,-0.55009186,-1.30896554,0.12776105,0.38312008,0.91013917
7.900000,-0.37869321,-0.24021909,1.29224886,-0.03672172,1.57151593,-0.37774331,-0.02044108,0.02868753,0.06844781,-0.00651194,-0.02031936,-0.04762190,0.36744058,-0.51651570,-1.22987065,0.11931150,0.36120299,0.85527003
7.910000,-0.37887967,-0.23995744,1.29287325,-0.03678102,1.57133040,-0.37817775,-0.01689430,0.02370300,0.05657547,-0.00536356,-0.01682684,-0.03936511,0.34154242,-0.47987459,-1.14334247,0.11026286,0.33689646,0.79521062
7.920000,-0.37903200,-0.23974376,1.29338338,-0.03682931,1.57117854,-0.37853271,-0.01361778,0.01910050,0.04560635,-0.00430871,-0.01358961,-0.03173541,0.31337938,-0.44009470,-1.04919863,0.10060381,0.31013619,0.72983295
7.930000,-0.37915300,-0.23957406,1.29378865,-0.03686753,1.57105767,-0.37881473,-0.01063444,0.01491181,0.03561749,-0.00335356,-0.01063251,-0.02478661,0.28289697,-0.39710220,-0.94725677,0.09032304,0.28085784,0.65900909
7.940000,-0.37924574,-0.23944404,1.29409926,-0.03689673,1.57096487,-0.37903089,-0.00796775,0.01116941,0.02668781,-0.00250436,-0.00798106,-0.01857381,0.25004069,-0.35082327,-0.83733451,0.07940926,0.24899709,0.58261107
7.950000,-0.37931349,-0.23934907,1.29432620,-0.03691799,1.57089695,-0.37918884,-0.00564172,0.00790655,0.01889801,-0.00176752,-0.00566139,-0.01315340,0.21475604,-0.30118406,-0.71924949,0.06785116,0.21448961,0.50051094
7.960000,-0.37935979,-0.23928419,1.29448129,-0.03693248,1.57085045,-0.37929679,-0.00368091,0.00515718,0.01233064,-0.00114952,-0.00370030,-0.00858303,0.17698853,-0.24811076,-0.59281933,0.05563742,0.17727109,0.41258073
7.970000,-0.37938841,-0.23924410,1.29457717,-0.03694140,1.57082165,-0.37936353,-0.00211041,0.00295602,0.00707005,-0.00065699,-0.00212522,-0.00492164,0.13668367,-0.19152953,-0.45786167,0.04275674,0.13727719,0.31869249
7.980000,-0.37940339,-0.23922313,1.29462734,-0.03694606,1.57080656,-0.37939846,-0.00095588,0.00133853,0.00320244,-0.00029665,-0.00096422,-0.00222946,0.09378696,-0.13136655,-0.31419415,0.02919781,0.09444359,0.21871826
7.990000,-0.37940900,-0.23921526,1.29464616,-0.03694780,1.57080089,-0.37941156,-0.00024349,0.00034088,0.00081581,-0.00007534,-0.00024603,-0.00056799,0.04824390,-0.06754798,-0.16163438,0.01494934,0.04870597,0.11253008
8.000000,-0.37940982,-0.23921412,1.29464889,-0.03694805,1.57080007,-0.37941346,-0.00000000,-0.00000000,0.00000000,-0.00000000,0.00000000,-0.00000000,0.00000000,-0.00000000,-0.00000000,0.00000000,0.00000000,0.00000000
