t_s,q1_rad,q2_rad,q3_rad,q4_rad,q5_rad,q6_rad,qd1_rad_s,qd2_rad_s,qd3_rad_s,qd4_rad_s,qd5_rad_s,qd6_rad_s,qdd1_rad_s2,qdd2_rad_s2,qdd3_rad_s2,qdd4_rad_s2,qdd5_rad_s2,qdd6_rad_s2
0.000000,0.76997042,-0.10538245,1.48074257,0.08893501,1.67860699,0.89002866,0.00000000,0.00000000,0.00000000,0.00000000,0.00000000,0.00000000,0.00000000,-0.00000000,0.00000000,0.00000000,0.00000000,0.00000000
0.010000,0.76996855,-0.10538114,1.48074041,0.08893798,1.67860443,0.89002358,-0.00055548,0.00038948,-0.00064524,0.00088439,-0.00076006,-0.00151086,-0.10933157,0.07665628,-0.12699589,0.17406542,-0.14959454,-0.29736963
0.020000,0.76995584,-0.10537223,1.48072564,0.08895822,1.67858704,0.88998900,-0.00215193,0.00150877,-0.00249959,0.00342599,-0.00294436,-0.00585295,-0.20825345,0.14600552,-0.24189267,0.33153668,-0.28493090,-0.56640761
0.030000,0.76992238,-0.10534877,1.48068678,0.08901148,1.67854127,0.88989801,-0.00468704,0.00328607,-0.00544414,0.00746171,-0.00641278,-0.01274782,-0.29712303,0.20829888,-0.34510602,0.47298421,-0.40649910,-0.80808732
0.040000,0.76985930,-0.10530454,1.48061351,0.08911191,1.67845495,0.88972643,-0.00806208,0.00565206,-0.00936415,0.01283417,-0.01103009,-0.02192675,-0.37629774,0.26378752,-0.43705160,0.59897848,-0.51478920,-1.02338212
0.050000,0.76975866,-0.10523399,1.48049662,0.08927211,1.67831727,0.88945273,-0.01218187,0.00853997,-0.01414900,0.01939167,-0.01666594,-0.03313076,-0.44613500,0.31272261,-0.51814508,0.71008994,-0.61029124,-1.21326537
0.060000,0.76961348,-0.10513222,1.48032800,0.08950321,1.67811866,0.88905790,-0.01695484,0.01188551,-0.01969226,0.02698826,-0.02319492,-0.04611060,-0.50699220,0.35535531,-0.58880214,0.80688903,-0.69349527,-1.37871044
0.070000,0.76941768,-0.10499496,1.48010058,0.08981487,1.67785080,0.88852540,-0.02229297,0.01562691,-0.02589164,0.03548365,-0.03049649,-0.06062675,-0.55922677,0.39193679,-0.64943842,0.88994620,-0.76489133,-1.52069070
0.080000,0.76916602,-0.10481856,1.47980831,0.09021543,1.67750654,0.88784101,-0.02811183,0.01970491,-0.03264901,0.04474328,-0.03845502,-0.07644944,-0.60319611,0.42271820,-0.70046961,0.95983191,-0.82496947,-1.64017951
0.090000,0.76885411,-0.10459993,1.47944606,0.09071186,1.67707988,0.88699279,-0.03433054,0.02406277,-0.03987040,0.05463828,-0.04695978,-0.09335861,-0.63925764,0.44795072,-0.74231138,1.01711661,-0.87421973,-1.73815024
0.100000,0.76847834,-0.10433655,1.47900965,0.09130990,1.67656588,0.88597092,-0.04087181,0.02864627,-0.04746600,0.06504551,-0.05590495,-0.11114396,-0.66776878,0.46788550,-0.77537938,1.06237074,-0.91313216,-1.81557625
0.110000,0.76803585,-0.10402643,1.47849578,0.09201408,1.67596065,0.88476766,-0.04766194,0.03340366,-0.05535013,0.07584750,-0.06518960,-0.12960490,-0.68908693,0.48277371,-0.80008929,1.09616476,-0.94219681,-1.87343092
0.120000,0.76752450,-0.10366806,1.47790196,0.09282779,1.67526127,0.88337721,-0.05463077,0.03828576,-0.06344131,0.08693250,-0.07471770,-0.14855059,-0.70356951,0.49286652,-0.81685677,1.11906911,-0.96190372,-1.91268760
0.130000,0.76694286,-0.10326045,1.47722652,0.09375332,1.67446578,0.88179563,-0.06171173,0.04324585,-0.07166218,0.09819448,-0.08439811,-0.16779991,-0.71157392,0.49841508,-0.82609750,1.13165426,-0.97274293,-1.93431966
0.140000,0.76629010,-0.10280303,1.47646853,0.09479194,1.67357309,0.88002077,-0.06884184,0.04823975,-0.07993955,0.10953309,-0.09414463,-0.18718148,-0.71345760,0.49967056,-0.82822714,1.13449064,-0.97520449,-1.93930048
0.150000,0.76556605,-0.10229568,1.47562777,0.09594392,1.67258294,0.87805210,-0.07596167,0.05322578,-0.08820440,0.12085370,-0.10387591,-0.20653365,-0.70957793,0.49688413,-0.82366135,1.12814871,-0.96977844,-1.92860340
0.160000,0.76477109,-0.10173868,1.47470470,0.09720865,1.67149588,0.87589070,-0.08301538,0.05816479,-0.09639185,0.13206737,-0.11351554,-0.22570453,-0.70029235,0.49030695,-0.81281581,1.11319892,-0.95695484,-1.90320181
0.170000,0.76390614,-0.10113267,1.47370039,0.09858464,1.67031318,0.87353909,-0.08995069,0.06302012,-0.10444117,0.14309089,-0.12299198,-0.24455192,-0.68595825,0.48019018,-0.79610619,1.09021172,-0.93722372,-1.86406907
0.180000,0.76297264,-0.10047867,1.47261652,0.10006958,1.66903681,0.87100118,-0.09671891,0.06775764,-0.11229581,0.15384672,-0.13223862,-0.26294338,-0.66693306,0.46678499,-0.77394814,1.05975756,-0.91107513,-1.81217853
0.190000,0.76197247,-0.09977801,1.47145530,0.10166044,1.66766938,0.86828215,-0.10327491,0.07234570,-0.11990336,0.16426305,-0.14119373,-0.28075621,-0.64357419,0.45034253,-0.74675735,1.02240689,-0.87899912,-1.74850358
0.200000,0.76090798,-0.09903235,1.47021944,0.10335349,1.66621409,0.86538837,-0.10957714,0.07675520,-0.12721557,0.17427377,-0.14980048,-0.29787742,-0.61623904,0.43111398,-0.71494947,0.97873016,-0.84148574,-1.67401757
0.210000,0.75978190,-0.09824359,1.46891212,0.10514436,1.66467470,0.86232726,-0.11558763,0.08095953,-0.13418834,0.18381847,-0.15800695,-0.31420377,-0.58528504,0.40935050,-0.67894018,0.92929782,-0.79902502,-1.58969387
0.220000,0.75859732,-0.09741392,1.46753694,0.10702812,1.66305545,0.85910725,-0.12127197,0.08493460,-0.14078175,0.19284244,-0.16576612,-0.32964175,-0.55106959,0.38530325,-0.63914514,0.87468033,-0.75210701,-1.49650585
0.230000,0.75735765,-0.09654574,1.46609787,0.10899931,1.66136101,0.85573766,-0.12659934,0.08865882,-0.14696001,0.20129669,-0.17303587,-0.34410758,-0.51395010,0.35922340,-0.59598002,0.81544813,-0.70122176,-1.39542686
0.240000,0.75606661,-0.09564165,1.46459923,0.11105201,1.65959648,0.85222859,-0.13154248,0.09211313,-0.15269150,0.20913792,-0.17977897,-0.35752723,-0.47428400,0.33136211,-0.54986048,0.75217167,-0.64685931,-1.28743029
0.250000,0.75472816,-0.09470443,1.46304562,0.11317990,1.65776730,0.84859082,-0.13607772,0.09528096,-0.15794876,0.21632855,-0.18596310,-0.36983637,-0.43242869,0.30197053,-0.50120220,0.68542140,-0.58950971,-1.17348949
0.260000,0.75334649,-0.09373703,1.46144191,0.11537631,1.65587918,0.84483575,-0.14018495,0.09814827,-0.16270847,0.22283667,-0.19156084,-0.38098045,-0.38874158,0.27129985,-0.45042085,0.61576778,-0.52966301,-1.05457784
0.270000,0.75192595,-0.09274251,1.45979317,0.11763427,1.65393811,0.84097525,-0.14384764,0.10070353,-0.16695148,0.22863613,-0.19654967,-0.39091461,-0.34358009,0.23960121,-0.39793209,0.54378125,-0.46780924,-0.93166869
0.280000,0.75047106,-0.09172403,1.45810466,0.11994660,1.65195027,0.83702160,-0.14705283,0.10293771,-0.17066281,0.23370643,-0.20091197,-0.39960374,-0.29730163,0.20712579,-0.34415158,0.47003227,-0.40443846,-0.80573541
0.290000,0.74898645,-0.09068484,1.45638173,0.12230592,1.64992200,0.83298741,-0.14979114,0.10484429,-0.17383160,0.23803280,-0.20463501,-0.40702248,-0.25026361,0.17412475,-0.28949501,0.39509128,-0.34004071,-0.67775137
0.300000,0.74747681,-0.08962825,1.45462985,0.12470474,1.64785973,0.82888544,-0.15205676,0.10641929,-0.17645117,0.24160618,-0.20771099,-0.41315518,-0.20282345,0.14084925,-0.23437802,0.31952874,-0.27510603,-0.54868993
0.310000,0.74594689,-0.08855757,1.45285454,0.12713552,1.64576995,0.82472861,-0.15384746,0.10766120,-0.17851901,0.24442320,-0.21013698,-0.41799593,-0.15533856,0.10755046,-0.17921630,0.24391510,-0.21012448,-0.41952447
0.320000,0.74440144,-0.08747613,1.45106131,0.12959069,1.64365915,0.82052982,-0.15516457,0.10857106,-0.18003673,0.24648621,-0.21191496,-0.42154856,-0.10816635,0.07447953,-0.12442551,0.16882080,-0.14558609,-0.29122834
0.330000,0.74284517,-0.08638724,1.44925562,0.13206276,1.64153379,0.81630189,-0.15601302,0.10915239,-0.18101014,0.24780325,-0.21305181,-0.42382664,-0.06166423,0.04188764,-0.07042132,0.09481630,-0.08198091,-0.16477491
0.340000,0.74128272,-0.08529416,1.44744289,0.13454432,1.63940021,0.81205746,-0.15640128,0.10941124,-0.18144917,0.24838807,-0.21355932,-0.42485345,-0.01618962,0.01002595,-0.01761939,0.02247205,-0.01979899,-0.04113756
0.350000,0.73971863,-0.08420006,1.44562838,0.13702814,1.63726464,0.80780888,-0.15634143,0.10935618,-0.18136792,0.24826013,-0.21345417,-0.42466202,0.02790008,-0.02085438,0.03356461,-0.04764151,0.04046963,0.07871037
0.360000,0.73815733,-0.08310804,1.44381720,0.13950723,1.63513310,0.80356814,-0.15584909,0.10899827,-0.18078465,0.24744458,-0.21275794,-0.42329512,0.07024744,-0.05050219,0.08271500,-0.11495392,0.09833490,0.19379549
0.370000,0.73660303,-0.08202106,1.44201428,0.14197484,1.63301137,0.79934672,-0.15494348,0.10835108,-0.17972178,0.24597229,-0.21149711,-0.42080523,0.11049506,-0.07866631,0.12941613,-0.17889472,0.15330679,0.30314445
0.380000,0.73505976,-0.08094193,1.44022428,0.14442460,1.63090494,0.79515557,-0.15364738,0.10743072,-0.17820588,0.24387982,-0.20970308,-0.41725459,0.14828552,-0.10509558,0.17325232,-0.23889348,0.20489523,0.40578387
0.390000,0.73353130,-0.07987330,1.43845157,0.14685051,1.62881896,0.79100493,-0.15198715,0.10625579,-0.17626767,0.24120946,-0.20741212,-0.41271517,0.18326141,-0.12953883,0.21380790,-0.29437974,0.25261019,0.50074040
0.400000,0.73202113,-0.07881760,1.43670022,0.14924703,1.62675821,0.78690429,-0.14999272,0.10484740,-0.17394204,0.23800917,-0.20466542,-0.40726864,0.21506532,-0.15174490,0.25066722,-0.34478305,0.29596162,0.58704066
0.410000,0.73053245,-0.07777705,1.43497389,0.15160911,1.62472702,0.78286228,-0.14769748,0.10322909,-0.17126788,0.23433244,-0.20150889,-0.40100610,0.24339796,-0.17150358,0.28348229,-0.38962600,0.33453937,0.66386983
0.420000,0.72906807,-0.07675363,1.43327588,0.15393227,1.62272924,0.77888657,-0.14513627,0.10142544,-0.16828581,0.23023509,-0.19799046,-0.39402265,0.26827743,-0.18882831,0.31227481,-0.42893926,0.36836952,0.73127876
0.430000,0.72763049,-0.07574908,1.43160907,0.15621259,1.62076826,0.77498392,-0.14234302,0.09946034,-0.16503531,0.22577141,-0.19415674,-0.38641077,0.28982961,-0.20380846,0.33719200,-0.46292604,0.39762630,0.78961228
0.440000,0.72622187,-0.07476489,1.42997595,0.15844665,1.61884701,0.77116015,-0.13935035,0.09735679,-0.16155439,0.22099364,-0.19005260,-0.37825950,0.30818048,-0.21653348,0.35838118,-0.49178969,0.42248405,0.83921546
0.450000,0.72484405,-0.07380233,1.42837863,0.16063158,1.61696797,0.76742024,-0.13618966,0.09513689,-0.15787962,0.21595201,-0.18572114,-0.36965441,0.32345600,-0.22709282,0.37598968,-0.51573354,0.44311713,0.88043338
0.460000,0.72349854,-0.07286247,1.42681888,0.16276498,1.61513321,0.76376830,-0.13289106,0.09282186,-0.15404604,0.21069469,-0.18120376,-0.36067763,0.33578215,-0.23557590,0.39016484,-0.53496096,0.45969989,0.91361113
0.470000,0.72218659,-0.07194614,1.42529813,0.16484491,1.61334438,0.76020766,-0.12948343,0.09043200,-0.15008727,0.20526784,-0.17654007,-0.35140784,0.34528491,-0.24207218,0.40105396,-0.54967529,0.47240667,0.93909377
0.480000,0.72090914,-0.07105401,1.42381745,0.16686991,1.61160277,0.75674087,-0.12599436,0.08798674,-0.14603543,0.19971555,-0.17176796,-0.34192026,0.35209023,-0.24667110,0.40880439,-0.56007987,0.48141183,0.95722637
0.490000,0.71966688,-0.07018653,1.42237763,0.16883894,1.60990926,0.75336975,-0.12245020,0.08550460,-0.14192116,0.19407993,-0.16692359,-0.33228666,0.35632410,-0.24946210,0.41356345,-0.56637806,0.48688972,0.96835403
0.500000,0.71846024,-0.06934398,1.42097914,0.17075137,1.60826442,0.75009540,-0.11887603,0.08300322,-0.13777364,0.18840100,-0.16204134,-0.32257538,0.35811249,-0.25053462,0.41547846,-0.56877321,0.48901469,0.97282181
0.510000,0.71728938,-0.06852647,1.41962217,0.17260695,1.60666845,0.74691828,-0.11529568,0.08049934,-0.13362058,0.18271679,-0.15715389,-0.31285128,0.35758137,-0.24997811,0.41469675,-0.56746866,0.48796109,0.97097479
0.520000,0.71615427,-0.06773395,1.41830665,0.17440581,1.60512126,0.74383821,-0.11173171,0.07800879,-0.12948820,0.17706328,-0.15229214,-0.30317578,0.35485672,-0.24788200,0.41136565,-0.56266775,0.48390326,0.96315804
0.530000,0.71505462,-0.06696620,1.41703226,0.17614843,1.60362243,0.74085441,-0.10820543,0.07554653,-0.12540127,0.17147442,-0.14748526,-0.29360686,0.35006449,-0.24433575,0.40563248,-0.55457385,0.47701556,0.94971665
0.540000,0.71398997,-0.06622288,1.41579840,0.17783562,1.60217128,0.73796554,-0.10473689,0.07312661,-0.12138307,0.16598211,-0.14276068,-0.28419905,0.34333068,-0.23942880,0.39764458,-0.54339029,0.46747234,0.93099569
0.550000,0.71295963,-0.06550349,1.41460429,0.17946849,1.60076685,0.73516972,-0.10134487,0.07076220,-0.11745540,0.16061623,-0.13814408,-0.27500340,0.33478124,-0.23325058,0.38754926,-0.52932043,0.45544795,0.90734023
0.560000,0.71196276,-0.06480741,1.41344892,0.18104846,1.59940796,0.73246460,-0.09804690,0.06846554,-0.11363862,0.15540464,-0.13365941,-0.26606754,0.32454216,-0.22589054,0.37549386,-0.51256761,0.44111674,0.87909535
0.570000,0.71099833,-0.06413391,1.41233109,0.18257719,1.59809315,0.72984736,-0.09485924,0.06624803,-0.10995157,0.15037314,-0.12932885,-0.25743564,0.31273939,-0.21743813,0.36162570,-0.49333519,0.42465305,0.84660613
0.580000,0.71006516,-0.06348215,1.41124940,0.18405660,1.59682080,0.72731474,-0.09179691,0.06412012,-0.10641165,0.14554552,-0.12517287,-0.24914842,0.29949893,-0.20798277,0.34609210,-0.47182650,0.40623125,0.81021764
0.590000,0.70916192,-0.06285118,1.41020231,0.18548885,1.59558905,0.72486311,-0.08887364,0.06209142,-0.10303479,0.14094352,-0.12121017,-0.24124313,0.28494673,-0.19761393,0.32904040,-0.44824490,0.38602567,0.77027496
0.600000,0.70828718,-0.06223996,1.40918811,0.18687629,1.59439589,0.72248849,-0.08610192,0.06017059,-0.09983542,0.13658686,-0.11745772,-0.23375361,0.26920877,-0.18642104,0.31061792,-0.42279374,0.36421067,0.72712317
0.610000,0.70743934,-0.06164738,1.40820497,0.18822146,1.59323914,0.72018655,-0.08349299,0.05836544,-0.09682651,0.13249320,-0.11393074,-0.22671022,0.25241103,-0.17449354,0.29097198,-0.39567636,0.34096061,0.68110734
0.620000,0.70661674,-0.06107224,1.40725091,0.18952708,1.59211648,0.71795271,-0.08105682,0.05668287,-0.09401956,0.12867821,-0.11064271,-0.22013986,0.23467947,-0.16192088,0.27024992,-0.36709612,0.31644982,0.63257254
0.630000,0.70581760,-0.06051330,1.40632387,0.19079600,1.59102545,0.71578210,-0.07880210,0.05512888,-0.09142461,0.12515548,-0.10760537,-0.21406601,0.21614006,-0.14879249,0.24859906,-0.33725636,0.29085266,0.58186387
0.640000,0.70504007,-0.05996922,1.40542168,0.19203120,1.58996350,0.71366967,-0.07673629,0.05370858,-0.08905019,0.12193660,-0.10482870,-0.20850868,0.19691879,-0.13519783,0.22616673,-0.30636043,0.26434348,0.52932638
0.650000,0.70428223,-0.05943866,1.40454211,0.19323578,1.58892798,0.71161015,-0.07486557,0.05242618,-0.08690338,0.11903111,-0.10232096,-0.20348443,0.17714162,-0.12122633,0.20310025,-0.27461167,0.23709663,0.47530516
0.660000,0.70354209,-0.05892023,1.40368284,0.19441290,1.58791617,0.70959816,-0.07319489,0.05128501,-0.08498980,0.11644653,-0.10008865,-0.19900637,0.15693452,-0.10696744,0.17954695,-0.24221344,0.20928646,0.42014529
0.670000,0.70281765,-0.05841249,1.40284152,0.19556580,1.58692528,0.70762817,-0.07172790,0.05028749,-0.08331358,0.11418833,-0.09813653,-0.19508417,0.13642347,-0.09251060,0.15565416,-0.20936909,0.18108732,0.36419183
0.680000,0.70210685,-0.05791399,1.40201576,0.19669776,1.58595249,0.70569460,-0.07046701,0.04943516,-0.08187736,0.11225996,-0.09646761,-0.19172403,0.11573443,-0.07794525,0.13156920,-0.17628196,0.15267356,0.30778987
0.690000,0.70140762,-0.05742330,1.40120317,0.19781210,1.58499497,0.70379181,-0.06941338,0.04872865,-0.08068234,0.11066282,-0.09508319,-0.18892872,0.09499339,-0.06336084,0.10743940,-0.14315540,0.12421953,0.25128448
0.700000,0.70071789,-0.05693894,1.40040131,0.19891212,1.58404988,0.70191414,-0.06856690,0.04816770,-0.07972823,0.10939630,-0.09398278,-0.18669754,0.07432631,-0.04884680,0.08341209,-0.11019276,0.09589958,0.19502074
0.710000,0.70003559,-0.05645946,1.39960781,0.20000112,1.58311438,0.70005599,-0.06792619,0.04775118,-0.07901327,0.10845774,-0.09316417,-0.18502635,0.05385916,-0.03449258,0.05963459,-0.07759739,0.06788806,0.13934373
0.720000,0.69935869,-0.05598344,1.39882026,0.20108235,1.58218567,0.69821178,-0.06748863,0.04747702,-0.07853422,0.10784245,-0.09262341,-0.18390756,0.03371792,-0.02038763,0.03625423,-0.04557263,0.04035933,0.08459851
0.730000,0.69868516,-0.05550945,1.39803635,0.20215902,1.58126100,0.69637603,-0.06725032,0.04734230,-0.07828637,0.10754371,-0.09235479,-0.18333012,0.01402856,-0.00662138,0.01341833,-0.01432183,0.01348772,0.03113018
0.740000,0.69801303,-0.05503614,1.39725379,0.20323425,1.58033769,0.69454342,-0.06720613,0.04734317,-0.07826354,0.10755276,-0.09235088,-0.18327955,-0.00508295,0.00671671,-0.00872577,0.01595165,-0.01255241,-0.02071621
0.750000,0.69734041,-0.05456216,1.39647035,0.20431107,1.57941313,0.69270875,-0.06734964,0.04747491,-0.07845809,0.10785881,-0.09260249,-0.18373789,-0.02349063,0.01953722,-0.03003075,0.04504447,-0.03758670,-0.07059556
0.760000,0.69666544,-0.05408622,1.39568393,0.20539238,1.57848483,0.69086703,-0.06767318,0.04773189,-0.07886087,0.10844904,-0.09309868,-0.18468375,-0.04106852,0.03175070,-0.05034929,0.07275328,-0.06144082,-0.11816281
0.770000,0.69598637,-0.05360712,1.39489248,0.20648095,1.57755039,0.68901353,-0.06816782,0.04810760,-0.07946129,0.10930858,-0.09382679,-0.18609229,-0.05769064,0.04326769,-0.06953405,0.09887474,-0.08394040,-0.16307287
0.780000,0.69530155,-0.05312370,1.39409408,0.20757939,1.57660757,0.68714374,-0.06882338,0.04859462,-0.08024728,0.11042056,-0.09477239,-0.18793520,-0.07323102,0.05399877,-0.08743772,0.12320549,-0.10491110,-0.20498068
0.790000,0.69460941,-0.05263489,1.39328696,0.20869014,1.57565427,0.68525348,-0.06962842,0.04918466,-0.08120529,0.11176605,-0.09591933,-0.19018074,-0.08756369,0.06385449,-0.10391296,0.14554218,-0.12417857,-0.24354115
0.800000,0.69390852,-0.05213969,1.39246946,0.20981542,1.57468857,0.68333890,-0.07057021,0.04986850,-0.08232029,0.11332408,-0.09724971,-0.19279372,-0.10056267,0.07274540,-0.11881244,0.16568148,-0.14156846,-0.27840921
0.810000,0.69319759,-0.05163724,1.39164008,0.21095725,1.57370873,0.68139651,-0.07163483,0.05063607,-0.08357583,0.11507172,-0.09874390,-0.19573555,-0.11211689,0.08059281,-0.13200643,0.18344450,-0.15692734,-0.30928097
0.820000,0.69247547,-0.05112673,1.39079753,0.21211741,1.57271321,0.67942323,-0.07280774,0.05147688,-0.08495474,0.11698507,-0.10038150,-0.19896603,-0.12222758,0.08739910,-0.14349769,0.19883696,-0.17025957,-0.33616307
0.830000,0.69174113,-0.05060749,1.38994063,0.21329743,1.57170069,0.67741636,-0.07407475,0.05238071,-0.08644032,0.11904086,-0.10214259,-0.20244601,-0.13094722,0.09320358,-0.15334944,0.21194873,-0.18164145,-0.35920376
0.840000,0.69099370,-0.05007894,1.38906842,0.21449862,1.57067001,0.67537360,-0.07542222,0.05333775,-0.08801648,0.12121674,-0.10400808,-0.20613780,-0.13832850,0.09804578,-0.16162521,0.22287011,-0.19114965,-0.37855203
0.850000,0.69023246,-0.04954059,1.38818005,0.21572209,1.56962024,0.67329302,-0.07683703,0.05433855,-0.08966778,0.12349126,-0.10595960,-0.21000524,-0.14442417,0.10196522,-0.16838853,0.23169141,-0.19886085,-0.39435684
0.860000,0.68945678,-0.04899205,1.38727486,0.21696871,1.56855059,0.67117303,-0.07830659,0.05537411,-0.09137942,0.12584387,-0.10797956,-0.21401362,-0.14928692,0.10500142,-0.17370291,0.23850294,-0.20485172,-0.40676718
0.870000,0.68866618,-0.04843302,1.38635231,0.21823916,1.56746047,0.66901239,-0.07981884,0.05643577,-0.09313722,0.12825492,-0.11005115,-0.21812976,-0.15296949,0.10719390,-0.17763188,0.24339500,-0.20919892,-0.41593203
0.880000,0.68786030,-0.04786328,1.38541201,0.21953394,1.56634945,0.66681018,-0.08136223,0.05751530,-0.09492765,0.13070567,-0.11215832,-0.22232194,-0.15552460,0.10858217,-0.18023897,0.24645789,-0.21197915,-0.42200036
0.890000,0.68703887,-0.04728268,1.38445369,0.22085335,1.56521724,0.66456579,-0.08292575,0.05860486,-0.09673780,0.13317828,-0.11428577,-0.22655994,-0.15700495,0.10920576,-0.18158770,0.24778193,-0.21326905,-0.42512116
0.900000,0.68620175,-0.04669117,1.38347723,0.22219752,1.56406372,0.66227892,-0.08449892,0.05969700,-0.09855542,0.13565582,-0.11641899,-0.23081504,-0.15746328,0.10910419,-0.18174159,0.24745741,-0.21314532,-0.42544339
0.910000,0.68534889,-0.04608875,1.38248260,0.22356643,1.56288889,0.65994953,-0.08607178,0.06078466,-0.10036886,0.13812224,-0.11854422,-0.23505998,-0.15695230,0.10831698,-0.18076418,0.24557465,-0.21168461,-0.42311604
0.920000,0.68448035,-0.04547551,1.38146990,0.22495988,1.56169290,0.65757784,-0.08763491,0.06186119,-0.10216714,0.14056242,-0.12064848,-0.23926902,-0.15552473,0.10688364,-0.17871898,0.24222395,-0.20896360,-0.41828809
0.930000,0.68359626,-0.04485159,1.38043934,0.22637754,1.56047603,0.65516435,-0.08917940,0.06292031,-0.10393990,0.14296212,-0.12271954,-0.24341790,-0.15323330,0.10484370,-0.17566953,0.23749561,-0.20505897,-0.41110851
0.940000,0.68269685,-0.04421718,1.37939122,0.22781894,1.55923866,0.65270976,-0.09069687,0.06395617,-0.10567740,0.14530804,-0.12474597,-0.24748385,-0.15013071,0.10223667,-0.17167933,0.23147995,-0.20004739,-0.40172629
0.950000,0.68178244,-0.04357256,1.37832594,0.22928348,1.55798129,0.65021502,-0.09217948,0.06496329,-0.10737056,0.14758773,-0.12671706,-0.25144558,-0.14626970,0.09910207,-0.16681193,0.22426725,-0.19400552,-0.39029039
0.960000,0.68085340,-0.04291803,1.37724399,0.23077044,1.55670454,0.64768126,-0.09361991,0.06593659,-0.10901092,0.14978969,-0.12862290,-0.25528331,-0.14170298,0.09547944,-0.16113084,0.21594784,-0.18701005,-0.37694980
0.970000,0.67991020,-0.04225396,1.37614593,0.23227898,1.55540908,0.64510983,-0.09501137,0.06687138,-0.11059067,0.15190330,-0.13045434,-0.25897873,-0.13648326,0.09140827,-0.15469959,0.20661202,-0.17913764,-0.36185350
0.980000,0.67895336,-0.04158075,1.37503240,0.23380818,1.55409573,0.64250222,-0.09634758,0.06776339,-0.11210263,0.15391885,-0.13220298,-0.26251502,-0.13066328,0.08692810,-0.14758171,0.19635008,-0.17046496,-0.34515047
0.990000,0.67798345,-0.04089885,1.37390412,0.23535700,1.55276533,0.63986011,-0.09762281,0.06860871,-0.11354023,0.15582752,-0.13386122,-0.26587688,-0.12429574,0.08207844,-0.13984071,0.18525235,-0.16106869,-0.32698967
1.000000,0.67700112,-0.04020874,1.37276186,0.23692434,1.55141883,0.63718531,-0.09883184,0.06940386,-0.11489758,0.15762141,-0.13542220,-0.26905045,-0.11743338,0.07689882,-0.13154013,0.17340912,-0.15102551,-0.30752009
1.010000,0.67600705,-0.03951095,1.37160645,0.23850902,1.55005723,0.63447977,-0.09997000,0.07014572,-0.11616938,0.15929352,-0.13687983,-0.27202341,-0.11012890,0.07142874,-0.12274349,0.16091069,-0.14041207,-0.28689072
1.020000,0.67500197,-0.03880601,1.37043878,0.24010979,1.54868159,0.63174555,-0.10103312,0.07083159,-0.11735100,0.16083774,-0.13822880,-0.27478490,-0.10243503,0.06570774,-0.11351431,0.14784739,-0.12930506,-0.26525051
1.030000,0.67398665,-0.03809451,1.36925975,0.24172533,1.54729303,0.62898481,-0.10201758,0.07145917,-0.11843844,0.16224888,-0.13946454,-0.27732555,-0.09440448,0.05977534,-0.10391611,0.13430950,-0.11778115,-0.24274847
1.040000,0.67296189,-0.03737703,1.36807033,0.24335431,1.54589269,0.62619980,-0.10292027,0.07202653,-0.11942831,0.16352265,-0.14058329,-0.27963749,-0.08608999,0.05367104,-0.09401243,0.12038733,-0.10591700,-0.21953355
1.050000,0.67192853,-0.03665418,1.36687152,0.24499532,1.54448176,0.62339284,-0.10373861,0.07253215,-0.12031788,0.16465565,-0.14158201,-0.28171434,-0.07754426,0.04743437,-0.08386679,0.10617120,-0.09378930,-0.19575474
1.060000,0.67088741,-0.03592660,1.36566432,0.24664694,1.54306146,0.62056631,-0.10447056,0.07297491,-0.12110505,0.16564539,-0.14245845,-0.28355120,-0.06882002,0.04110485,-0.07354271,0.09175140,-0.08147471,-0.17156103
1.070000,0.66983941,-0.03519490,1.36444976,0.24830774,1.54163301,0.61772263,-0.10511459,0.07335407,-0.12178835,0.16649030,-0.14321113,-0.28514468,-0.05996998,0.03472201,-0.06310372,0.07721825,-0.06904991,-0.14710137
1.080000,0.66878541,-0.03445973,1.36322890,0.24997626,1.54019765,0.61486423,-0.10566971,0.07366930,-0.12236695,0.16718968,-0.14383934,-0.28649284,-0.05104687,0.02832535,-0.05261333,0.06266204,-0.05659157,-0.12252477
1.090000,0.66772631,-0.03372173,1.36200277,0.25165105,1.53875663,0.61199359,-0.10613546,0.07392066,-0.12284066,0.16774376,-0.14434311,-0.28759528,-0.04210340,0.02195441,-0.04213509,0.04817309,-0.04417635,-0.09798018
1.100000,0.66666300,-0.03298153,1.36077243,0.25333066,1.53731120,0.60911314,-0.10651189,0.07410861,-0.12320991,0.16815367,-0.14472326,-0.28845305,-0.03319230,0.01564869,-0.03173250,0.03384169,-0.03188094,-0.07361660
1.110000,0.66559637,-0.03223976,1.35953892,0.25501365,1.53586258,0.60622534,-0.10679959,0.07423398,-0.12347577,0.16842142,-0.14498138,-0.28906871,-0.02436629,0.00944772,-0.02146910,0.01975816,-0.01978201,-0.04958299
1.120000,0.66452730,-0.03149705,1.35830326,0.25669862,1.53441197,0.60333256,-0.10699967,0.07429804,-0.12363996,0.16854996,-0.14511981,-0.28944631,-0.01567807,0.00339102,-0.01140842,0.00601280,-0.00795622,-0.02602834
1.130000,0.66345667,-0.03075400,1.35706645,0.25838420,1.53296057,0.60043718,-0.10711378,0.07430242,-0.12370483,0.16854311,-0.14514167,-0.28959137,-0.00718039,-0.00248190,-0.00161396,-0.00730409,0.00351975,-0.00310162
1.140000,0.66238531,-0.03001119,1.35582948,0.26006905,1.53150951,0.59754149,-0.10714409,0.07424915,-0.12367334,0.16840561,-0.14505084,-0.28951093,0.00107406,-0.00813150,0.00785073,-0.02010219,0.01456922,0.01904819
1.150000,0.66131405,-0.02926920,1.35459329,0.26175190,1.53005991,0.59464769,-0.10709329,0.07414066,-0.12354912,0.16814309,-0.14485196,-0.28921349,0.00903254,-0.01351828,0.01692213,-0.03229121,0.02511553,0.04027210
1.160000,0.66024370,-0.02852856,1.35335879,0.26343152,1.52861282,0.59175791,-0.10696460,0.07397979,-0.12333642,0.16776211,-0.14455046,-0.28870907,0.01664234,-0.01860272,0.02553673,-0.04378084,0.03508201,0.06042115
1.170000,0.65917501,-0.02778977,1.35212684,0.26510677,1.52716922,0.58887416,-0.10676178,0.07376975,-0.12304012,0.16727011,-0.14415251,-0.28800915,0.02385074,-0.02334528,0.03363099,-0.05448077,0.04439198,0.07934635
1.180000,0.65810870,-0.02705331,1.35089825,0.26677658,1.52573007,0.58599833,-0.10648910,0.07351416,-0.12266575,0.16667543,-0.14366507,-0.28712672,0.03060502,-0.02770647,0.04114140,-0.06430070,0.05296876,0.09689873
1.190000,0.65704544,-0.02631962,1.34967377,0.26843996,1.52429620,0.58313219,-0.10615137,0.07321702,-0.12221945,0.16598733,-0.14309584,-0.28607625,0.03685245,-0.03164674,0.04800442,-0.07315032,0.06073569,0.11292930
1.200000,0.65598587,-0.02558910,1.34845408,0.27009605,1.52286839,0.58027732,-0.10575392,0.07288276,-0.12170803,0.16521596,-0.14245331,-0.28487370,0.04254033,-0.03512659,0.05415653,-0.08093933,0.06761610,0.12728910
1.210000,0.65493055,-0.02486208,1.34723980,0.27174404,1.52144734,0.57743516,-0.10530260,0.07251615,-0.12113890,0.16437237,-0.14174671,-0.28353651,0.04762001,-0.03810982,0.05953937,-0.08758506,0.07353971,0.13984126
1.220000,0.65387998,-0.02413886,1.34603147,0.27338329,1.52003364,0.57460697,-0.10480356,0.07212222,-0.12051982,0.16346808,-0.14098571,-0.28208293,0.05208656,-0.04059570,0.06414963,-0.09308648,0.07850463,0.15057831
1.230000,0.65283461,-0.02341971,1.34482955,0.27501324,1.51862778,0.57179383,-0.10426284,0.07170583,-0.11985838,0.16251429,-0.14017969,-0.28053076,0.05596142,-0.04260495,0.06801733,-0.09749189,0.08255028,0.15957102
1.240000,0.65179484,-0.02270481,1.34363442,0.27663345,1.51723017,0.56899663,-0.10368623,0.07127164,-0.11916185,0.16152173,-0.13933763,-0.27889708,0.05926642,-0.04415859,0.07117293,-0.10085029,0.08571669,0.16689124
1.250000,0.65076099,-0.02199432,1.34244640,0.27824358,1.51584112,0.56621611,-0.10307934,0.07082410,-0.11843719,0.16050061,-0.13846815,-0.27719827,0.06202339,-0.04527764,0.07364689,-0.10321068,0.08804386,0.17261084
1.260000,0.64973334,-0.02128836,1.34126575,0.27984340,1.51446087,0.56345283,-0.10244752,0.07036746,-0.11769108,0.15946068,-0.13757942,-0.27544996,0.06425415,-0.04598312,0.07546970,-0.10462205,0.08957180,0.17680168
1.270000,0.64871210,-0.02058699,1.34009263,0.28143276,1.51308957,0.56070722,-0.10179594,0.06990575,-0.11692987,0.15841117,-0.13667924,-0.27366709,0.06598053,-0.04629605,0.07667181,-0.10513342,0.09034054,0.17953561
1.280000,0.64769747,-0.01989024,1.33892718,0.28301162,1.51172730,0.55797956,-0.10112952,0.06944278,-0.11615961,0.15736085,-0.13577501,-0.27186387,0.06722436,-0.04623745,0.07728370,-0.10479377,0.09039009,0.18088449
1.290000,0.64668955,-0.01919812,1.33776945,0.28458000,1.51037406,0.55526997,-0.10045298,0.06898217,-0.11538606,0.15631797,-0.13487371,-0.27005378,0.06800746,-0.04582834,0.07733583,-0.10365211,0.08976045,0.18092019
1.300000,0.64568843,-0.01851058,1.33661945,0.28613803,1.50902979,0.55257846,-0.09977083,0.06852731,-0.11461466,0.15529031,-0.13398193,-0.26824960,0.06835167,-0.04508974,0.07685868,-0.10175744,0.08849164,0.17971457
1.310000,0.64469414,-0.01782755,1.33547713,0.28768588,1.50769437,0.54990492,-0.09908734,0.06808140,-0.11385055,0.15428517,-0.13310587,-0.26646339,0.06827880,-0.04404266,0.07588271,-0.09915875,0.08662368,0.17733949
1.320000,0.64370667,-0.01714891,1.33434240,0.28922383,1.50636760,0.54724910,-0.09840657,0.06764742,-0.11309856,0.15330932,-0.13225132,-0.26470647,0.06781068,-0.04270814,0.07443839,-0.09590504,0.08419658,0.17386679
1.330000,0.64272598,-0.01647455,1.33321511,0.29075219,1.50504925,0.54461065,-0.09773237,0.06722813,-0.11236324,0.15236909,-0.13142367,-0.26298947,0.06696914,-0.04110718,0.07255619,-0.09204532,0.08125035,0.16936836
1.340000,0.64175199,-0.01580429,1.33209506,0.29227135,1.50373902,0.54198914,-0.09706836,0.06682609,-0.11164880,0.15147027,-0.13062791,-0.26132228,0.06577601,-0.03926082,0.07026658,-0.08762858,0.07782500,0.16391604
1.350000,0.64078457,-0.01513796,1.33098205,0.29378175,1.50243657,0.53938401,-0.09641795,0.06644366,-0.11095916,0.15061821,-0.12986863,-0.25971409,0.06425311,-0.03719006,0.06760002,-0.08270382,0.07396056,0.15758170
1.360000,0.63982357,-0.01447535,1.32987579,0.29528388,1.50114151,0.53679463,-0.09578433,0.06608297,-0.11029795,0.14981773,-0.12915003,-0.25817335,0.06242227,-0.03491593,0.06458700,-0.07732004,0.06969702,0.15043719
1.370000,0.63886882,-0.01381622,1.32877598,0.29677829,1.49985342,0.53422029,-0.09517046,0.06574595,-0.10966848,0.14907317,-0.12847589,-0.25670781,0.06030531,-0.03245945,0.06125797,-0.07152625,0.06507442,0.14255437
1.380000,0.63792009,-0.01316034,1.32768230,0.29826555,1.49857184,0.53166020,-0.09457910,0.06543432,-0.10907375,0.14838840,-0.12784960,-0.25532448,0.05792407,-0.02984164,0.05764340,-0.06537143,0.06013275,0.13400512
1.390000,0.63697715,-0.01250745,1.32659438,0.29974627,1.49729626,0.52911351,-0.09401279,0.06514958,-0.10851646,0.14776678,-0.12727416,-0.25402968,0.05530036,-0.02708351,0.05377377,-0.05890459,0.05491203,0.12486128
1.400000,0.63603974,-0.01185726,1.32551184,0.30122110,1.49602617,0.52657930,-0.09347383,0.06489304,-0.10799902,0.14721119,-0.12675216,-0.25282900,0.05245602,-0.02420610,0.04967954,-0.05217472,0.04945228,0.11519471
1.410000,0.63510758,-0.01120949,1.32443426,0.30269072,1.49476103,0.52405660,-0.09296433,0.06466579,-0.10752352,0.14672400,-0.12628578,-0.25172729,0.04941287,-0.02123041,0.04539118,-0.04523083,0.04379351,0.10507728
1.420000,0.63418035,-0.01056384,1.32336122,0.30415582,1.49350027,0.52154441,-0.09248616,0.06446869,-0.10709174,0.14630712,-0.12587682,-0.25072872,0.04619273,-0.01817747,0.04093916,-0.03812192,0.03797574,0.09458084
1.430000,0.63325774,-0.00992001,1.32229228,0.30561710,1.49224330,0.51904167,-0.09204099,0.06430243,-0.10670518,0.14596195,-0.12552666,-0.24983670,0.04281744,-0.01506830,0.03635394,-0.03089698,0.03203897,0.08377726
1.440000,0.63233942,-0.00927769,1.32122696,0.30707530,1.49098953,0.51654731,-0.09163026,0.06416744,-0.10636500,0.14568941,-0.12523630,-0.24905396,0.03930882,-0.01192391,0.03166601,-0.02360502,0.02602322,0.07273839
1.450000,0.63142502,-0.00863656,1.32016482,0.30853113,1.48973837,0.51406022,-0.09125519,0.06406400,-0.10607210,0.14548991,-0.12500633,-0.24838248,0.03568869,-0.00876534,0.02690582,-0.01629503,0.01996850,0.06153610
1.460000,0.63051419,-0.00799631,1.31910536,0.30998534,1.48848921,0.51157928,-0.09091678,0.06399212,-0.10582703,0.14536340,-0.12483693,-0.24782354,0.03197889,-0.00561359,0.02210385,-0.00901601,0.01391484,0.05024225
1.470000,0.62960656,-0.00735661,1.31804812,0.31143864,1.48724143,0.50910337,-0.09061583,0.06395163,-0.10563006,0.14530932,-0.12472790,-0.24737770,0.02820123,-0.00248968,0.01729056,-0.00181696,0.00790223,0.03892869
1.480000,0.62870175,-0.00671717,1.31699260,0.31289177,1.48599445,0.50663135,-0.09035291,0.06394216,-0.10548115,0.14532663,-0.12467862,-0.24704479,0.02437756,0.00058535,0.01249643,0.00525312,0.00197069,0.02766728
1.490000,0.62779937,-0.00607767,1.31593834,0.31434541,1.48474766,0.50416210,-0.09012836,0.06396310,-0.10537996,0.14541379,-0.12468808,-0.24682394,0.02052968,0.00359050,0.00775191,0.01214522,-0.00383976,0.01652989
1.500000,0.62689905,-0.00543781,1.31488485,0.31580027,1.48350050,0.50169451,-0.08994233,0.06401367,-0.10532585,0.14556878,-0.12475487,-0.24671354,0.01667943,0.00650474,0.00308749,0.01881036,-0.00948910,0.00558837
1.510000,0.62600040,-0.00479730,1.31383166,0.31725700,1.48225238,0.49922747,-0.08979471,0.06409283,-0.10531785,0.14578908,-0.12487719,-0.24671128,0.01284864,0.00930706,-0.00146638,0.02519953,-0.01493733,-0.00508541
1.520000,0.62510303,-0.00415586,1.31277834,0.31871626,1.48100277,0.49675993,-0.08968522,0.06419936,-0.10535470,0.14607169,-0.12505282,-0.24681412,0.00905913,0.01197643,-0.00587921,0.03126374,-0.02014444,-0.01541959
1.530000,0.62420657,-0.00351323,1.31172443,0.32017863,1.47975116,0.49429085,-0.08961332,0.06433184,-0.10543486,0.14641311,-0.12527914,-0.24701830,0.00533273,0.01449183,-0.01012055,0.03695398,-0.02507040,-0.02534233
1.540000,0.62331064,-0.00286914,1.31066950,0.32164470,1.47849703,0.49181924,-0.08957828,0.06448862,-0.10555644,0.14680936,-0.12555315,-0.24731935,0.00169126,0.01683224,-0.01415992,0.04222125,-0.02967521,-0.03478174
1.550000,0.62241488,-0.00222338,1.30961317,0.32311499,1.47723994,0.48934416,-0.08957914,0.06466783,-0.10571728,0.14725596,-0.12587144,-0.24771208,-0.00184345,0.01897665,-0.01796686,0.04701656,-0.03391885,-0.04366598
1.560000,0.62151894,-0.00157572,1.30855503,0.32458997,1.47597947,0.48686471,-0.08961472,0.06486743,-0.10591490,0.14774795,-0.12623019,-0.24819058,-0.00524958,0.02090404,-0.02151090,0.05129090,-0.03776131,-0.05192319
1.570000,0.62062248,-0.00092597,1.30749475,0.32607008,1.47471522,0.48438008,-0.08968363,0.06508512,-0.10614652,0.14827988,-0.12662520,-0.24874822,-0.00850528,0.02259337,-0.02476156,0.05499528,-0.04116258,-0.05948151
1.580000,0.61972516,-0.00027396,1.30643200,0.32755568,1.47344686,0.48188951,-0.08978425,0.06531843,-0.10640906,0.14884580,-0.12705184,-0.24937764,-0.01158875,0.02402364,-0.02768838,0.05808070,-0.04408264,-0.06626906
1.590000,0.61882669,0.00038044,1.30536648,0.32904709,1.47217409,0.47939232,-0.08991475,0.06556466,-0.10669911,0.14943927,-0.12750511,-0.25007079,-0.01447816,0.02517383,-0.03026089,0.06049816,-0.04648147,-0.07221401
1.600000,0.61792678,0.00103736,1.30429794,0.33054454,1.47089669,0.47688791,-0.09007309,0.06582090,-0.10701299,0.15005337,-0.12797960,-0.25081888,-0.01715167,0.02602291,-0.03244862,0.06219866,-0.04831907,-0.07724448
1.610000,0.61702515,0.00169688,1.30322616,0.33204820,1.46961445,0.47437579,-0.09025700,0.06608405,-0.10734670,0.15068069,-0.12846949,-0.25161240,-0.01958839,0.02655100,-0.03422262,0.06313588,-0.04955756,-0.08129221
1.620000,0.61612156,0.00235906,1.30215095,0.33355817,1.46832727,0.47185554,-0.09046405,0.06635085,-0.10769605,0.15131353,-0.12896874,-0.25244140,-0.02178216,0.02675607,-0.03557778,0.06330574,-0.05019256,-0.08434544
1.630000,0.61521580,0.00302390,1.30107220,0.33507446,1.46703506,0.46932687,-0.09069185,0.06661813,-0.10805691,0.15194435,-0.12947141,-0.25329610,-0.02373852,0.02665031,-0.03652796,0.06273773,-0.05024639,-0.08643736
1.640000,0.61430766,0.00369141,1.29998979,0.33659703,1.46573784,0.46678957,-0.09093805,0.06688286,-0.10842530,0.15256592,-0.12997181,-0.25416706,-0.02546331,0.02624627,-0.03708753,0.06146225,-0.04974209,-0.08760239
1.650000,0.61339698,0.00436154,1.29890368,0.33812573,1.46443565,0.46424351,-0.09120036,0.06714210,-0.10879740,0.15317133,-0.13046447,-0.25504518,-0.02696240,0.02555654,-0.03727087,0.05950973,-0.04870268,-0.08787496
1.660000,0.61248361,0.00503422,1.29781384,0.33966038,1.46312860,0.46168867,-0.09147656,0.06739308,-0.10916951,0.15375396,-0.13094415,-0.25592170,-0.02824164,0.02459367,-0.03709237,0.05691058,-0.04715120,-0.08728950
1.670000,0.61156741,0.00570937,1.29672030,0.34120071,1.46181683,0.45912511,-0.09176448,0.06763311,-0.10953809,0.15430749,-0.13140586,-0.25678822,-0.02930689,0.02337024,-0.03656640,0.05369522,-0.04511070,-0.08588044
1.680000,0.61064829,0.00638684,1.29562310,0.34274641,1.46050056,0.45655297,-0.09206201,0.06785966,-0.10989973,0.15482591,-0.13184481,-0.25763668,-0.03016402,0.02189882,-0.03570735,0.04989408,-0.04260421,-0.08368220
1.690000,0.60972615,0.00706651,1.29452234,0.34429709,1.45918003,0.45397246,-0.09236709,0.06807030,-0.11025118,0.15530352,-0.13225647,-0.25845935,-0.03081887,0.02019197,-0.03452959,0.04553755,-0.03965477,-0.08072921
1.700000,0.60880093,0.00774819,1.29341812,0.34585233,1.45785553,0.45138389,-0.09267773,0.06826275,-0.11058931,0.15573492,-0.13263651,-0.25924886,-0.03127732,0.01826227,-0.03304750,0.04065607,-0.03628541,-0.07705590
1.710000,0.60787258,0.00843169,1.29231061,0.34741162,1.45652741,0.44878762,-0.09299200,0.06843485,-0.11091116,0.15611500,-0.13298085,-0.25999818,-0.03154521,0.01612229,-0.03127546,0.03528005,-0.03251917,-0.07269669
1.720000,0.60694108,0.00911681,1.29119997,0.34897444,1.45519605,0.44618408,-0.09330802,0.06858454,-0.11121390,0.15643897,-0.13328565,-0.26070062,-0.03162840,0.01378459,-0.02922786,0.02943990,-0.02837910,-0.06768601
1.730000,0.60600642,0.00980330,1.29008640,0.35054020,1.45386185,0.44357378,-0.09362397,0.06870992,-0.11149485,0.15670235,-0.13354727,-0.26134984,-0.03153276,0.01126174,-0.02691906,0.02316605,-0.02388822,-0.06205829
1.740000,0.60506861,0.01049092,1.28897015,0.35210827,1.45252526,0.44095728,-0.09393810,0.06880920,-0.11175146,0.15690095,-0.13376232,-0.26193985,-0.03126413,0.00856632,-0.02436345,0.01648891,-0.01906957,-0.05584796
1.750000,0.60412767,0.01117939,1.28785146,0.35367799,1.45118677,0.43833520,-0.09424870,0.06888071,-0.11198134,0.15703088,-0.13392764,-0.26246498,-0.03082839,0.00571088,-0.02157542,0.00943889,-0.01394620,-0.04908944
1.760000,0.60318365,0.01186844,1.28673062,0.35524865,1.44984688,0.43570822,-0.09455413,0.06892293,-0.11218224,0.15708858,-0.13404030,-0.26291992,-0.03023138,0.00270801,-0.01856933,0.00204642,-0.00854114,-0.04181716
1.770000,0.60223661,0.01255775,1.28560792,0.35681951,1.44850614,0.43307705,-0.09485281,0.06893442,-0.11235205,0.15707077,-0.13409760,-0.26329972,-0.02947896,-0.00042973,-0.01535958,-0.00565809,-0.00287742,-0.03406555
1.780000,0.60128662,0.01324702,1.28448369,0.35838980,1.44716512,0.43044249,-0.09514321,0.06891392,-0.11248880,0.15697448,-0.13409707,-0.26359975,-0.02857700,-0.00368977,-0.01196053,-0.01364423,0.00302192,-0.02586903
1.790000,0.60033378,0.01393592,1.28335826,0.35995873,1.44582440,0.42780534,-0.09542387,0.06886026,-0.11259068,0.15679705,-0.13403645,-0.26381573,-0.02753136,-0.00705954,-0.00838657,-0.02188156,0.00913383,-0.01726204
1.800000,0.59937818,0.01462411,1.28223200,0.36152546,1.44448460,0.42516647,-0.09569338,0.06877241,-0.11265600,0.15653611,-0.13391376,-0.26394374,-0.02634788,-0.01052647,-0.00465207,-0.03033969,0.01543528,-0.00827899
1.810000,0.59841995,0.01531125,1.28110527,0.36308916,1.44314634,0.42252677,-0.09595039,0.06864945,-0.11268323,0.15618962,-0.13372719,-0.26398017,-0.02503243,-0.01407800,-0.00077142,-0.03898819,0.02190324,0.00104568
1.820000,0.59745922,0.01599698,1.27997846,0.36464896,1.44181027,0.41988718,-0.09619360,0.06849061,-0.11267099,0.15575582,-0.13347521,-0.26392180,-0.02359086,-0.01770154,0.00324100,-0.04779664,0.02851467,0.01067754
1.830000,0.59649613,0.01668094,1.27885198,0.36620398,1.44047706,0.41724866,-0.09642180,0.06829522,-0.11261802,0.15523326,-0.13315650,-0.26376571,-0.02202905,-0.02138454,0.00737081,-0.05673463,0.03524652,0.02058218
1.840000,0.59553084,0.01736276,1.27772624,0.36775333,1.43914737,0.41461220,-0.09663380,0.06806276,-0.11252323,0.15462079,-0.13276996,-0.26350936,-0.02035283,-0.02511443,0.01160364,-0.06577174,0.04207577,0.03072516
1.850000,0.59456351,0.01804207,1.27660166,0.36929610,1.43782189,0.41197881,-0.09682850,0.06779282,-0.11238565,0.15391759,-0.13231474,-0.26315053,-0.01856807,-0.02887863,0.01592511,-0.07487756,0.04897937,0.04107205
1.860000,0.59359433,0.01871849,1.27547868,0.37083138,1.43650131,0.40934954,-0.09700482,0.06748512,-0.11220448,0.15312312,-0.13179020,-0.26268736,-0.01668064,-0.03266458,0.02032083,-0.08402166,0.05593429,0.05158844
1.870000,0.59262348,0.01939165,1.27435772,0.37235825,1.43518632,0.40672542,-0.09716179,0.06713950,-0.11197903,0.15223713,-0.13119596,-0.26211831,-0.01469638,-0.03645970,0.02477642,-0.09317362,0.06291749,0.06223988
1.880000,0.59165116,0.02006115,1.27323924,0.37387581,1.43387762,0.40410753,-0.09729845,0.06675593,-0.11170880,0.15125972,-0.13053183,-0.26144222,-0.01262115,-0.04025143,0.02927751,-0.10230305,0.06990594,0.07299195
1.890000,0.59067758,0.02072664,1.27212370,0.37538315,1.43257591,0.40149693,-0.09741393,0.06633452,-0.11139338,0.15019125,-0.12979790,-0.26065825,-0.01046082,-0.04402720,0.03380972,-0.11137950,0.07687659,0.08381024
1.900000,0.58970296,0.02138772,1.27101153,0.37687934,1.43128189,0.39889472,-0.09750740,0.06587548,-0.11103255,0.14903241,-0.12899444,-0.25976591,-0.00822125,-0.04777444,0.03835867,-0.12037258,0.08380640,0.09466030
1.910000,0.58872751,0.02204402,1.26990320,0.37836350,1.42999625,0.39630198,-0.09757811,0.06537917,-0.11062620,0.14778418,-0.12812198,-0.25876506,-0.00590828,-0.05148057,0.04290998,-0.12925185,0.09067235,0.10550771
1.920000,0.58775147,0.02269518,1.26879916,0.37983473,1.42871968,0.39371978,-0.09762534,0.06484605,-0.11017439,0.14644785,-0.12718128,-0.25765588,-0.00352778,-0.05513304,0.04744926,-0.13798691,0.09745139,0.11631805
1.930000,0.58677508,0.02334082,1.26769986,0.38129216,1.42745285,0.39114922,-0.09764846,0.06427673,-0.10967730,0.14502502,-0.12617332,-0.25643893,-0.00108561,-0.05871927,0.05196214,-0.14654734,0.10412049,0.12705688
1.940000,0.58579858,0.02398060,1.26660576,0.38273495,1.42619644,0.38859136,-0.09764687,0.06367193,-0.10913528,0.14351759,-0.12509931,-0.25511510,0.00141238,-0.06222669,0.05643424,-0.15490272,0.11065661,0.13768979
1.950000,0.58482223,0.02461415,1.26551730,0.38416224,1.42495108,0.38604727,-0.09762004,0.06303250,-0.10854880,0.14192775,-0.12396071,-0.25368560,0.00396032,-0.06564273,0.06085118,-0.16302263,0.11703671,0.14818234
1.960000,0.58384627,0.02524113,1.26443493,0.38557324,1.42371743,0.38351800,-0.09756751,0.06235942,-0.10791849,0.14025802,-0.12275918,-0.25215203,0.00655237,-0.06895482,0.06519859,-0.17087666,0.12323775,0.15850011
1.970000,0.58287097,0.02586123,1.26335908,0.38696714,1.42249610,0.38100457,-0.09748887,0.06165379,-0.10724511,0.13851121,-0.12149663,-0.25051630,0.00918265,-0.07215040,0.06946207,-0.17843439,0.12923670,0.16860866
1.980000,0.58189658,0.02647411,1.26229017,0.38834321,1.42128769,0.37850800,-0.09738375,0.06091684,-0.10652957,0.13669042,-0.12017519,-0.24878067,0.01184532,-0.07521689,0.07362725,-0.18566540,0.13501052,0.17847358
1.990000,0.58092338,0.02707946,1.26122862,0.38970072,1.42009279,0.37602928,-0.09725187,0.06014993,-0.10577294,0.13479909,-0.11879724,-0.24694776,0.01453450,-0.07814173,0.07767976,-0.19253928,0.14053617,0.18806043
2.000000,0.57995163,0.02767701,1.26017484,0.39103897,1.41891193,0.37356936,-0.09709299,0.05935452,-0.10497640,0.13284093,-0.11736537,-0.24502050,0.01724436,-0.08091235,0.08160521,-0.19902560,0.14579062,0.19733478
2.010000,0.57898161,0.02826647,1.25912922,0.39235733,1.41774565,0.37112917,-0.09690694,0.05853224,-0.10414131,0.13081997,-0.11588241,-0.24300222,0.01996910,-0.08351647,0.08538953,-0.20509469,0.15075137,0.20626297
2.020000,0.57801359,0.02884757,1.25809214,0.39365518,1.41659444,0.36870961,-0.09669357,0.05768477,-0.10326910,0.12874046,-0.11435136,-0.24089645,0.02270493,-0.08594926,0.08902637,-0.21073509,0.15540936,0.21482992
2.030000,0.57704783,0.02942008,1.25706396,0.39493196,1.41545877,0.36631153,-0.09645281,0.05681381,-0.10236126,0.12660667,-0.11277522,-0.23870681,0.02545012,-0.08821363,0.09251741,-0.21595432,0.15976956,0.22303991
2.040000,0.57608462,0.02998377,1.25604503,0.39618714,1.41433908,0.36393574,-0.09618455,0.05592104,-0.10141923,0.12442275,-0.11115694,-0.23643683,0.02820302,-0.09031286,0.09586471,-0.22076077,0.16383755,0.23089816
2.050000,0.57512423,0.03053844,1.25503568,0.39742026,1.41323576,0.36158304,-0.09588873,0.05500809,-0.10044444,0.12219280,-0.10949942,-0.23409000,0.03096200,-0.09225021,0.09907031,-0.22516285,0.16761894,0.23840985
2.060000,0.57416694,0.03108387,1.25403624,0.39863086,1.41214921,0.35925419,-0.09556529,0.05407657,-0.09943829,0.11992082,-0.10780550,-0.23166977,0.03372542,-0.09402895,0.10213628,-0.22916896,0.17111932,0.24558019
2.070000,0.57321302,0.03161991,1.25304702,0.39981855,1.41107977,0.35694988,-0.09521421,0.05312803,-0.09840218,0.11761072,-0.10607795,-0.22917952,0.03649163,-0.09565235,0.10506466,-0.23278750,0.17434431,0.25241437
2.080000,0.57226275,0.03214638,1.25206830,0.40098296,1.41002775,0.35467082,-0.09483545,0.05216403,-0.09733745,0.11526633,-0.10431951,-0.22662258,0.03925900,-0.09712368,0.10785751,-0.23602688,0.17729950,0.25891759
2.090000,0.57131640,0.03266314,1.25110036,0.40212377,1.40899347,0.35241764,-0.09442903,0.05118606,-0.09624547,0.11289141,-0.10253284,-0.22400225,0.04202590,-0.09844621,0.11051689,-0.23889549,0.17999049,0.26509506
2.100000,0.57037426,0.03317006,1.25014347,0.40324070,1.40797718,0.35019097,-0.09399494,0.05019559,-0.09512755,0.11048963,-0.10072056,-0.22132175,0.04479067,-0.09962322,0.11304484,-0.24140174,0.18242289,0.27095197
2.110000,0.56943659,0.03366702,1.24919789,0.40433349,1.40697914,0.34799140,-0.09353323,0.04919407,-0.09398500,0.10806456,-0.09888523,-0.21858426,0.04755168,-0.10065796,0.11544343,-0.24355403,0.18460229,0.27649352
2.120000,0.56850369,0.03415391,1.24826385,0.40540192,1.40599955,0.34581947,-0.09304393,0.04818289,-0.09281911,0.10561970,-0.09702934,-0.21579291,0.05030730,-0.10155372,0.11771470,-0.24536077,0.18653429,0.28172491
2.130000,0.56757581,0.03463065,1.24734158,0.40644583,1.40503861,0.34367571,-0.09252711,0.04716344,-0.09163113,0.10315847,-0.09515535,-0.21295078,0.05305588,-0.10231375,0.11986071,-0.24683035,0.18822450,0.28665133
2.140000,0.56665323,0.03509716,1.24643130,0.40746505,1.40409649,0.34156061,-0.09198284,0.04613706,-0.09042231,0.10068419,-0.09326564,-0.21006089,0.05579579,-0.10294134,0.12188352,-0.24797118,0.18967852,0.29127799
2.150000,0.56573624,0.03555337,1.24553320,0.40845948,1.40317334,0.33947464,-0.09141122,0.04510505,-0.08919386,0.09820011,-0.09136255,-0.20712620,0.05852538,-0.10343975,0.12378518,-0.24879165,0.19090194,0.29561008
2.160000,0.56482510,0.03599924,1.24464748,0.40942903,1.40226928,0.33741823,-0.09081237,0.04406868,-0.08794700,0.09570940,-0.08944835,-0.20414965,0.06124302,-0.10381225,0.12556774,-0.24930018,0.19190038,0.29965280
2.170000,0.56392008,0.03643474,1.24377432,0.41037365,1.40138440,0.33539178,-0.09018641,0.04302921,-0.08668290,0.09321512,-0.08752527,-0.20113409,0.06394707,-0.10406211,0.12723326,-0.24950516,0.19267942,0.30341136
2.180000,0.56302146,0.03685982,1.24291388,0.41129333,1.40051880,0.33339567,-0.08953348,0.04198784,-0.08540272,0.09072028,-0.08559547,-0.19808235,0.06663588,-0.10419261,0.12878379,-0.24941499,0.19324467,0.30689095
2.190000,0.56212950,0.03727449,1.24206631,0.41218807,1.39967251,0.33143024,-0.08885375,0.04094575,-0.08410760,0.08822778,-0.08366107,-0.19499719,0.06930782,-0.10420700,0.13022138,-0.24903808,0.19360174,0.31009676
2.200000,0.56124448,0.03767874,1.24123177,0.41305790,1.39884558,0.32949582,-0.08814739,0.03990408,-0.08279866,0.08574044,-0.08172411,-0.19188131,0.07196126,-0.10410856,0.13154810,-0.24838283,0.19375622,0.31303400
2.210000,0.56036664,0.03807258,1.24041038,0.41390290,1.39803803,0.32759271,-0.08741459,0.03886394,-0.08147700,0.08326102,-0.07978660,-0.18873738,0.07459454,-0.10390057,0.13276599,-0.24745764,0.19371371,0.31570787
2.220000,0.55949627,0.03845603,1.23960227,0.41472316,1.39724985,0.32572116,-0.08665557,0.03782642,-0.08014369,0.08079216,-0.07785048,-0.18556801,0.07720604,-0.10358629,0.13387710,-0.24627092,0.19347982,0.31812356
2.230000,0.55863362,0.03882912,1.23880754,0.41551879,1.39648101,0.32388142,-0.08587055,0.03679256,-0.07879981,0.07833644,-0.07591763,-0.18237576,0.07979411,-0.10316898,0.13488350,-0.24483106,0.19306014,0.32028628
2.240000,0.55777895,0.03919189,1.23802631,0.41628994,1.39573148,0.32207371,-0.08505977,0.03576337,-0.07744637,0.07589636,-0.07398988,-0.17916311,0.08235711,-0.10265193,0.13578724,-0.24314647,0.19246028,0.32220122
2.250000,0.55693251,0.03954440,1.23725865,0.41703678,1.39500119,0.32029822,-0.08422349,0.03473984,-0.07608440,0.07347430,-0.07206900,-0.17593254,0.08489341,-0.10203840,0.13659036,-0.24122554,0.19168584,0.32387358
2.260000,0.55609456,0.03988671,1.23650464,0.41775949,1.39429007,0.31855512,-0.08336200,0.03372291,-0.07471489,0.07107261,-0.07015672,-0.17268643,0.08740136,-0.10133166,0.13729493,-0.23907669,0.19074241,0.32530856
2.270000,0.55526535,0.04021889,1.23576437,0.41845830,1.39359802,0.31684454,-0.08247557,0.03271351,-0.07333882,0.06869350,-0.06825470,-0.16942714,0.08987933,-0.10053498,0.13790300,-0.23670831,0.18963561,0.32651135
2.280000,0.55444513,0.04054101,1.23503789,0.41913344,1.39292493,0.31516661,-0.08156451,0.03171250,-0.07195714,0.06633914,-0.06636454,-0.16615696,0.09232568,-0.09965163,0.13841662,-0.23412881,0.18837102,0.32748717
2.290000,0.55363414,0.04085317,1.23432524,0.41978517,1.39227068,0.31352143,-0.08062916,0.03072075,-0.07057079,0.06401160,-0.06448779,-0.16287814,0.09473877,-0.09868488,0.13883785,-0.23134658,0.18695426,0.32824119
2.300000,0.55283263,0.04115546,1.23362648,0.42041377,1.39163513,0.31190907,-0.07966986,0.02973907,-0.06918069,0.06171286,-0.06262594,-0.15959286,0.09711695,-0.09763800,0.13916874,-0.22837003,0.18539092,0.32877864
2.310000,0.55204083,0.04144799,1.23294164,0.42101953,1.39101811,0.31032958,-0.07868695,0.02876825,-0.06778771,0.05944482,-0.06078044,-0.15630327,0.09945860,-0.09651427,0.13941134,-0.22520757,0.18368660,0.32910469
2.320000,0.55125897,0.04173086,1.23227073,0.42160278,1.39041946,0.30878301,-0.07768081,0.02780903,-0.06639275,0.05720930,-0.05895266,-0.15301146,0.10176207,-0.09531694,0.13956772,-0.22186759,0.18184690,0.32922456
2.330000,0.55048729,0.04200421,1.23161379,0.42216383,1.38983899,0.30726936,-0.07665184,0.02686214,-0.06499664,0.05500803,-0.05714393,-0.14971945,0.10402572,-0.09404930,0.13963991,-0.21835849,0.17987744,0.32914343
2.340000,0.54972601,0.04226815,1.23097080,0.42270306,1.38927651,0.30578861,-0.07560043,0.02592827,-0.06360022,0.05284267,-0.05535552,-0.14642924,0.10624791,-0.09271460,0.13962999,-0.21468868,0.17778379,0.32886652
2.350000,0.54897535,0.04252282,1.23034178,0.42322081,1.38873181,0.30434076,-0.07452702,0.02500806,-0.06220431,0.05071477,-0.05358865,-0.14314276,0.10842701,-0.09131613,0.13953999,-0.21086656,0.17557158,0.32839901
2.360000,0.54823554,0.04276836,1.22972671,0.42371748,1.38820467,0.30292574,-0.07343204,0.02410215,-0.06080968,0.04862581,-0.05184447,-0.13986188,0.11056137,-0.08985714,0.13937199,-0.20690054,0.17324639,0.32774610
2.370000,0.54750678,0.04300491,1.22912558,0.42419346,1.38769484,0.30154350,-0.07231595,0.02321111,-0.05941712,0.04657721,-0.05012408,-0.13658843,0.11264936,-0.08834092,0.13912802,-0.20279900,0.17081383,0.32691301
2.380000,0.54678929,0.04323263,1.22853836,0.42464917,1.38720210,0.30019394,-0.07117922,0.02233551,-0.05802737,0.04457026,-0.04842853,-0.13332420,0.11468933,-0.08677072,0.13881014,-0.19857036,0.16827950,0.32590491
2.390000,0.54608326,0.04345167,1.22796502,0.42508501,1.38672619,0.29887698,-0.07002233,0.02147587,-0.05664116,0.04260619,-0.04675881,-0.13007090,0.11667966,-0.08514983,0.13842042,-0.19422303,0.16564901,0.32472702
2.400000,0.54538891,0.04366220,1.22740552,0.42550144,1.38626684,0.29759248,-0.06884579,0.02063267,-0.05525919,0.04068616,-0.04511585,-0.12683021,0.11861869,-0.08348151,0.13796089,-0.18976539,0.16292794,0.32338453
2.410000,0.54470641,0.04386438,1.22685982,0.42589889,1.38582378,0.29634032,-0.06765013,0.01980638,-0.05388217,0.03881123,-0.04350054,-0.12360374,0.12050479,-0.08176903,0.13743363,-0.18520585,0.16012191,0.32188263
2.420000,0.54403596,0.04405839,1.22632786,0.42627781,1.38539673,0.29512035,-0.06643588,0.01899743,-0.05251074,0.03698236,-0.04191368,-0.12039307,0.12233632,-0.08001566,0.13684067,-0.18055282,0.15723651,0.32022654
2.430000,0.54337775,0.04424439,1.22580958,0.42663869,1.38498541,0.29393240,-0.06520359,0.01820620,-0.05114556,0.03520045,-0.04035605,-0.11719971,0.12411165,-0.07822466,0.13618408,-0.17581469,0.15427735,0.31842144
2.440000,0.54273195,0.04442257,1.22530493,0.42698198,1.38458951,0.29277630,-0.06395384,0.01743305,-0.04978726,0.03346632,-0.03882836,-0.11402512,0.12582912,-0.07639932,0.13546591,-0.17099987,0.15125002,0.31647253
2.450000,0.54209873,0.04459311,1.22481381,0.42730818,1.38420874,0.29165184,-0.06268721,0.01667831,-0.04843644,0.03178068,-0.03733126,-0.11087072,0.12748711,-0.07454290,0.13468821,-0.16611676,0.14816013,0.31438502
2.460000,0.54147826,0.04475620,1.22433617,0.42761776,1.38384278,0.29055881,-0.06140430,0.01594228,-0.04709369,0.03014419,-0.03586535,-0.10773786,0.12908397,-0.07265867,0.13385304,-0.16117376,0.14501327,0.31216411
2.470000,0.54087070,0.04491202,1.22387191,0.42791123,1.38349132,0.28949700,-0.06010574,0.01522522,-0.04575957,0.02855738,-0.03443117,-0.10462786,0.13061807,-0.07074990,0.13296244,-0.15617928,0.14181506,0.30981498
2.480000,0.54027620,0.04506077,1.22342095,0.42818908,1.38315405,0.28846617,-0.05879216,0.01452736,-0.04443462,0.02702074,-0.03302920,-0.10154198,0.13208777,-0.06881986,0.13201849,-0.15114172,0.13857108,0.30734284
2.490000,0.53969490,0.04520263,1.22298319,0.42845181,1.38283063,0.28746608,-0.05746420,0.01384888,-0.04311937,0.02553466,-0.03165988,-0.09848140,0.13349142,-0.06687182,0.13102322,-0.14606947,0.13528695,0.30475290
2.500000,0.53912696,0.04533781,1.22255853,0.42869994,1.38252074,0.28649646,-0.05612255,0.01318997,-0.04181432,0.02409944,-0.03032358,-0.09544729,0.13482739,-0.06490905,0.12997870,-0.14097094,0.13196825,0.30205034
2.510000,0.53857250,0.04546650,1.22214687,0.42893397,1.38222405,0.28555704,-0.05476789,0.01255074,-0.04051995,0.02271530,-0.02902061,-0.09244075,0.13609404,-0.06293482,0.12888698,-0.13585454,0.12862060,0.29924036
2.520000,0.53803164,0.04558889,1.22174809,0.42915441,1.38194022,0.28464755,-0.05340091,0.01193130,-0.03923673,0.02138238,-0.02775124,-0.08946283,0.13728973,-0.06095240,0.12775010,-0.13072865,0.12524960,0.29632817
2.530000,0.53750452,0.04570519,1.22136209,0.42936179,1.38166891,0.28376768,-0.05202233,0.01133171,-0.03796509,0.02010073,-0.02651568,-0.08651451,0.13841282,-0.05896506,0.12657014,-0.12560170,0.12186083,0.29331896
2.540000,0.53699123,0.04581559,1.22098875,0.42955660,1.38140979,0.28291715,-0.05063290,0.01075200,-0.03670547,0.01887032,-0.02531407,-0.08359675,0.13946167,-0.05697608,0.12534913,-0.12048208,0.11845992,0.29021794
2.550000,0.53649189,0.04592030,1.22062794,0.42973936,1.38116252,0.28209564,-0.04923335,0.01019218,-0.03545824,0.01769104,-0.02414650,-0.08071044,0.14043464,-0.05498871,0.12408914,-0.11537818,0.11505244,0.28703029
2.560000,0.53600659,0.04601950,1.22027954,0.42991059,1.38092675,0.28130284,-0.04782446,0.00965221,-0.03422381,0.01656268,-0.02301302,-0.07785642,0.14133010,-0.05300623,0.12279222,-0.11029842,0.11164402,0.28376122
2.570000,0.53553543,0.04611341,1.21994342,0.43007079,1.38070214,0.28053841,-0.04640702,0.00913203,-0.03300251,0.01548496,-0.02191360,-0.07503547,0.14214640,-0.05103191,0.12146042,-0.10525119,0.10824024,0.28041594
2.580000,0.53507848,0.04620221,1.21961945,0.43022046,1.38048836,0.27980202,-0.04498181,0.00863154,-0.03179471,0.01445752,-0.02084818,-0.07224834,0.14288191,-0.04906902,0.12009579,-0.10024490,0.10484672,0.27699962
2.590000,0.53463582,0.04628610,1.21930748,0.43036010,1.38028507,0.27909332,-0.04354965,0.00815060,-0.03060070,0.01347990,-0.01981662,-0.06949570,0.14353498,-0.04712083,0.11870040,-0.09528795,0.10146904,0.27351749
2.600000,0.53420751,0.04636529,1.21900739,0.43049022,1.38009192,0.27841198,-0.04211139,0.00768906,-0.02942079,0.01255157,-0.01881873,-0.06677819,0.14410398,-0.04519061,0.11727629,-0.09038874,0.09811282,0.26997472
2.610000,0.53379361,0.04643995,1.21871902,0.43061130,1.37990858,0.27775764,-0.04066786,0.00724672,-0.02825526,0.01167190,-0.01785427,-0.06409639,0.14458727,-0.04328163,0.11582552,-0.08555567,0.09478364,0.26637653
2.620000,0.53339417,0.04651028,1.21844223,0.43072382,1.37973472,0.27712994,-0.03921993,0.00682335,-0.02710437,0.01084021,-0.01692295,-0.06145083,0.14498321,-0.04139716,0.11435015,-0.08079715,0.09148712,0.26272811
2.630000,0.53300922,0.04657648,1.21817688,0.43082826,1.37957001,0.27652850,-0.03776849,0.00641868,-0.02596834,0.01005569,-0.01602440,-0.05884198,0.14529016,-0.03954047,0.11285222,-0.07612157,0.08822886,0.25903466
2.640000,0.53263880,0.04663872,1.21792281,0.43092509,1.37941413,0.27595297,-0.03631443,0.00603243,-0.02484739,0.00931747,-0.01515822,-0.05627027,0.14550648,-0.03771483,0.11133379,-0.07153735,0.08501445,0.25530138
2.650000,0.53228294,0.04669719,1.21767988,0.43101476,1.37926674,0.27540297,-0.03485867,0.00566427,-0.02374172,0.00862461,-0.01432395,-0.05373606,0.14563053,-0.03592351,0.10979692,-0.06705287,0.08184949,0.25153346
2.660000,0.53194163,0.04675206,1.21744793,0.43109773,1.37912754,0.27487813,-0.03340213,0.00531384,-0.02265151,0.00797605,-0.01352105,-0.05123969,0.14566067,-0.03416978,0.10824366,-0.06267655,0.07873959,0.24773611
2.670000,0.53161489,0.04680352,1.21722680,0.43117442,1.37899622,0.27437805,-0.03194577,0.00498074,-0.02157690,0.00737069,-0.01274895,-0.04878142,0.14559527,-0.03245691,0.10667607,-0.05841678,0.07569035,0.24391453
2.680000,0.53130271,0.04685173,1.21701634,0.43124528,1.37887246,0.27390237,-0.03049055,0.00466455,-0.02051803,0.00680730,-0.01200702,-0.04636147,0.14543270,-0.03078815,0.10509618,-0.05428193,0.07270734,0.24007389
2.690000,0.53100508,0.04689687,1.21681639,0.43131071,1.37875598,0.27345069,-0.02903745,0.00436482,-0.01947501,0.00628461,-0.01129457,-0.04398000,0.14517232,-0.02916549,0.10350544,-0.05027703,0.06979401,0.23621777
2.700000,0.53072195,0.04693908,1.21662678,0.43137110,1.37864648,0.27302264,-0.02758743,0.00408109,-0.01844795,0.00580133,-0.01061091,-0.04163716,0.14481527,-0.02758869,0.10190425,-0.04640133,0.06695007,0.23234701
2.710000,0.53045331,0.04697854,1.21644737,0.43142686,1.37854367,0.27261782,-0.02614146,0.00381290,-0.01743696,0.00535616,-0.00995534,-0.03933310,0.14436280,-0.02605732,0.10029287,-0.04265355,0.06417491,0.22846216
2.720000,0.53019911,0.04701539,1.21627799,0.43147835,1.37844728,0.27223585,-0.02470049,0.00355979,-0.01644213,0.00494784,-0.00932719,-0.03706796,0.14381622,-0.02457092,0.09867160,-0.03903235,0.06146790,0.22456376
2.730000,0.52995928,0.04704979,1.21611848,0.43152593,1.37835703,0.27187633,-0.02326544,0.00332133,-0.01546356,0.00457510,-0.00872576,-0.03484187,0.14317680,-0.02312905,0.09704072,-0.03553644,0.05882839,0.22065236
2.740000,0.52973378,0.04708187,1.21596867,0.43156997,1.37827267,0.27153888,-0.02183725,0.00309707,-0.01450134,0.00423669,-0.00815039,-0.03265496,0.14244583,-0.02173126,0.09540052,-0.03216451,0.05625576,0.21672852
2.750000,0.52952251,0.04711177,1.21582840,0.43161078,1.37819394,0.27122310,-0.02041683,0.00288656,-0.01355558,0.00393140,-0.00760042,-0.03050734,0.14162459,-0.02037711,0.09375127,-0.02891525,0.05374938,0.21279278
2.760000,0.52932541,0.04713964,1.21569750,0.43164870,1.37812058,0.27092860,-0.01900506,0.00268938,-0.01262635,0.00365798,-0.00707519,-0.02839914,0.14071437,-0.01906614,0.09209326,-0.02578734,0.05130861,0.20884571
2.770000,0.52914238,0.04716560,1.21557581,0.43168404,1.37805236,0.27065499,-0.01760283,0.00250510,-0.01171374,0.00341525,-0.00657403,-0.02633046,0.13971644,-0.01779793,0.09042678,-0.02277949,0.04893282,0.20488783
2.780000,0.52897332,0.04718979,1.21546317,0.43171710,1.37798902,0.27040186,-0.01621102,0.00233328,-0.01081784,0.00320200,-0.00609632,-0.02430142,0.13863209,-0.01657201,0.08875210,-0.01989038,0.04662138,0.20091972
2.790000,0.52881812,0.04721231,1.21535940,0.43174818,1.37793036,0.27016883,-0.01483047,0.00217352,-0.00993872,0.00301705,-0.00564139,-0.02231210,0.13746261,-0.01538794,0.08706952,-0.01711870,0.04437366,0.19694192
2.800000,0.52867667,0.04723329,1.21526434,0.43177753,1.37787612,0.26995549,-0.01346205,0.00202538,-0.00907647,0.00285924,-0.00520863,-0.02036261,0.13620928,-0.01424527,0.08537931,-0.01446315,0.04218903,0.19295497
2.810000,0.52854884,0.04725286,1.21517781,0.43180545,1.37782611,0.26976144,-0.01210656,0.00188847,-0.00823116,0.00272741,-0.00479741,-0.01845303,0.13487338,-0.01314357,0.08368177,-0.01192241,0.04006685,0.18895943
2.820000,0.52843449,0.04727110,1.21509966,0.43183217,1.37778011,0.26958629,-0.01076485,0.00176238,-0.00740286,0.00262041,-0.00440709,-0.01658345,0.13345619,-0.01208238,0.08197716,-0.00949518,0.03800649,0.18495585
2.830000,0.52833349,0.04728814,1.21502970,0.43185793,1.37773790,0.26942964,-0.00943771,0.00164669,-0.00659164,0.00253713,-0.00403707,-0.01475394,0.13195900,-0.01106126,0.08026579,-0.00718014,0.03600732,0.18094479
2.840000,0.52824569,0.04730407,1.21496777,0.43188298,1.37769930,0.26929108,-0.00812593,0.00154102,-0.00579757,0.00247644,-0.00368674,-0.01296457,0.13038309,-0.01007976,0.07854792,-0.00497600,0.03406871,0.17692678
2.850000,0.52817092,0.04731899,1.21491369,0.43190753,1.37766410,0.26917021,-0.00683030,0.00144497,-0.00502070,0.00243724,-0.00335550,-0.01121542,0.12872975,-0.00913743,0.07682385,-0.00288144,0.03219003,0.17290239
2.860000,0.52810903,0.04733300,1.21486730,0.43193180,1.37763213,0.26906664,-0.00555159,0.00135814,-0.00426111,0.00241845,-0.00304274,-0.00950655,0.12700026,-0.00823383,0.07509386,-0.00089515,0.03037064,0.16887215
2.870000,0.52805983,0.04734618,1.21482841,0.43195597,1.37760319,0.26897995,-0.00429055,0.00128016,-0.00351885,0.00241898,-0.00274789,-0.00783800,0.12519590,-0.00736851,0.07335823,0.00098417,0.02860991,0.16483663
2.880000,0.52802315,0.04735863,1.21479686,0.43198024,1.37757711,0.26890974,-0.00304792,0.00121065,-0.00279396,0.00243778,-0.00247035,-0.00620983,0.12331796,-0.00654103,0.07161725,0.00275785,0.02690721,0.16079637
2.890000,0.52799881,0.04737042,1.21477247,0.43200478,1.37755373,0.26885562,-0.00182443,0.00114922,-0.00208652,0.00247379,-0.00220955,-0.00462208,0.12136771,-0.00575094,0.06987120,0.00442717,0.02526191,0.15675193
2.900000,0.52798660,0.04738164,1.21475507,0.43202977,1.37753287,0.26881717,-0.00062080,0.00109550,-0.00139656,0.00252598,-0.00196493,-0.00307480,0.11934645,-0.00499780,0.06812035,0.00599346,0.02367338,0.15270385
2.910000,0.52798632,0.04739236,1.21474448,0.43205535,1.37751437,0.26879399,0.00056227,0.00104914,-0.00072413,0.00259332,-0.00173590,-0.00156802,0.11725545,-0.00428115,0.06636501,0.00745802,0.02214098,0.14865268
2.920000,0.52799777,0.04740265,1.21474053,0.43208168,1.37749810,0.26878567,0.00172408,0.00100976,-0.00006927,0.00267481,-0.00152192,-0.00010176,0.11509601,-0.00360055,0.06460545,0.00882215,0.02066409,0.14459898
2.930000,0.52802073,0.04741257,1.21474304,0.43210889,1.37748389,0.26879182,0.00286396,0.00097701,0.00056797,0.00276943,-0.00132244,0.00132396,0.11286940,-0.00295556,0.06284195,0.01008718,0.01924206,0.14054330
2.940000,0.52805498,0.04742221,1.21475183,0.43213711,1.37747160,0.26881201,0.00398125,0.00095053,0.00118756,0.00287622,-0.00113690,0.00270910,0.11057690,-0.00234573,0.06107480,0.01125441,0.01787427,0.13648618
2.950000,0.52810028,0.04743160,1.21476673,0.43216645,1.37746111,0.26884586,0.00507529,0.00092998,0.00178945,0.00299420,-0.00096477,0.00405368,0.10821980,-0.00177061,0.05930429,0.01232514,0.01656009,0.13242818
2.960000,0.52815640,0.04744082,1.21478756,0.43219703,1.37745226,0.26889295,0.00614543,0.00091501,0.00237363,0.00312241,-0.00080552,0.00535767,0.10579939,-0.00122976,0.05753069,0.01330068,0.01529888,0.12836985
2.970000,0.52822311,0.04744992,1.21481415,0.43222893,1.37744495,0.26895288,0.00719107,0.00090527,0.00294006,0.00325990,-0.00065862,0.00662107,0.10331695,-0.00072273,0.05575429,0.01418235,0.01409002,0.12431173
2.980000,0.52830014,0.04745895,1.21484630,0.43226225,1.37743905,0.26902524,0.00821157,0.00090044,0.00348871,0.00340575,-0.00052355,0.00784390,0.10077375,-0.00024907,0.05397537,0.01497146,0.01293286,0.12025438
2.990000,0.52838725,0.04746795,1.21488386,0.43229707,1.37743445,0.26910962,0.00920634,0.00090018,0.00401956,0.00355903,-0.00039979,0.00902617,0.09817109,0.00019166,0.05219422,0.01566930,0.01182679,0.11619835
3.000000,0.52848418,0.04747696,1.21492664,0.43233346,1.37743102,0.26920563,0.01017480,0.00090417,0.00453259,0.00371883,-0.00028684,0.01016788,0.09551025,0.00059990,0.05041112,0.01627719,0.01077116,0.11214419
3.010000,0.52859066,0.04748604,1.21497445,0.43237147,1.37742867,0.26931285,0.01111636,0.00091207,0.00502778,0.00388428,-0.00018420,0.01126906,0.09279250,0.00097611,0.04862635,0.01679645,0.00976534,0.10809245
3.020000,0.52870642,0.04749522,1.21502713,0.43241116,1.37742730,0.26943087,0.01203046,0.00092358,0.00550511,0.00405447,-0.00009137,0.01232974,0.09001915,0.00132073,0.04684021,0.01722836,0.00880871,0.10404368
3.030000,0.52883117,0.04750452,1.21508450,0.43245257,1.37742682,0.26955931,0.01291656,0.00093838,0.00596458,0.00422856,-0.00000787,0.01334994,0.08719146,0.00163421,0.04505296,0.01757426,0.00790063,0.09999843
3.040000,0.52896465,0.04751400,1.21514636,0.43249574,1.37742712,0.26969774,0.01377412,0.00095616,0.00640617,0.00440567,0.00006680,0.01432972,0.08431072,0.00191698,0.04326491,0.01783544,0.00704046,0.09595726
3.050000,0.52910656,0.04752366,1.21521256,0.43254069,1.37742812,0.26984577,0.01460260,0.00097662,0.00682987,0.00458499,0.00013310,0.01526910,0.08137821,0.00216951,0.04147632,0.01801321,0.00622759,0.09192070
3.060000,0.52925660,0.04753354,1.21528290,0.43258744,1.37742975,0.27000298,0.01540151,0.00099946,0.00723569,0.00476567,0.00019151,0.01616815,0.07839523,0.00239223,0.03968748,0.01810889,0.00546136,0.08788932
3.070000,0.52941449,0.04754365,1.21535721,0.43263601,1.37743193,0.27016899,0.01617034,0.00102437,0.00762362,0.00494690,0.00024248,0.01702691,0.07536305,0.00258559,0.03789869,0.01812377,0.00474116,0.08386366
3.080000,0.52957991,0.04755403,1.21543531,0.43268638,1.37743458,0.27034339,0.01690861,0.00105107,0.00799367,0.00512788,0.00028648,0.01784544,0.07228295,0.00275004,0.03611021,0.01805918,0.00406635,0.07984427
3.090000,0.52975256,0.04756468,1.21551703,0.43273856,1.37743764,0.27052577,0.01761585,0.00107927,0.00834583,0.00530782,0.00032396,0.01862382,0.06915622,0.00288602,0.03432234,0.01791641,0.00343630,0.07583171
3.100000,0.52993212,0.04757562,1.21560217,0.43279253,1.37744104,0.27071573,0.01829159,0.00110870,0.00868012,0.00548595,0.00035535,0.01936210,0.06598414,0.00299398,0.03253535,0.01769678,0.00285038,0.07182653
3.110000,0.53011828,0.04758686,1.21569057,0.43284827,1.37744473,0.27091288,0.01893538,0.00113906,0.00899654,0.00566150,0.00038111,0.02006037,0.06276800,0.00307437,0.03074954,0.01740160,0.00230795,0.06782926
3.120000,0.53031072,0.04759840,1.21578204,0.43290575,1.37744864,0.27111681,0.01954680,0.00117009,0.00929511,0.00583373,0.00040166,0.02071872,0.05950907,0.00312763,0.02896519,0.01703217,0.00180838,0.06384048
3.130000,0.53050911,0.04761026,1.21587641,0.43296493,1.37745274,0.27132712,0.02012543,0.00120153,0.00957585,0.00600190,0.00041742,0.02133721,0.05620865,0.00315420,0.02718257,0.01658981,0.00135105,0.05986072
3.140000,0.53071312,0.04762243,1.21597350,0.43302577,1.37745698,0.27154342,0.02067084,0.00123309,0.00983877,0.00616529,0.00042882,0.02191596,0.05286802,0.00315454,0.02540198,0.01607581,0.00093531,0.05589054
3.150000,0.53092242,0.04763492,1.21607313,0.43308822,1.37746131,0.27176531,0.02118266,0.00126453,0.01008390,0.00632318,0.00043626,0.02245506,0.04948845,0.00312909,0.02362370,0.01549150,0.00056054,0.05193048
3.160000,0.53113666,0.04764772,1.21617512,0.43315221,1.37746569,0.27199239,0.02166049,0.00129559,0.01031125,0.00647489,0.00044016,0.02295461,0.04607124,0.00307830,0.02184800,0.01483818,0.00022611,0.04798111
3.170000,0.53135551,0.04766083,1.21627929,0.43321769,1.37747010,0.27222427,0.02210396,0.00132601,0.01052087,0.00661972,0.00044092,0.02341472,0.04261767,0.00300260,0.02007519,0.01411715,-0.00006862,0.04404296
3.180000,0.53157862,0.04767424,1.21638548,0.43328458,1.37747450,0.27246055,0.02251272,0.00135556,0.01071277,0.00675701,0.00043892,0.02383551,0.03912901,0.00290246,0.01830553,0.01332973,-0.00032429,0.04011659
3.190000,0.53180565,0.04768794,1.21649349,0.43335281,1.37747887,0.27270085,0.02288643,0.00138398,0.01088699,0.00688610,0.00043456,0.02421709,0.03560656,0.00277831,0.01653931,0.01247723,-0.00054151,0.03620255
3.200000,0.53203623,0.04770191,1.21660316,0.43342228,1.37748318,0.27294476,0.02322474,0.00141105,0.01104357,0.00700634,0.00042821,0.02455960,0.03205159,0.00263060,0.01477682,0.01156095,-0.00072092,0.03230139
3.210000,0.53227002,0.04771615,1.21671430,0.43349290,1.37748743,0.27319191,0.02352735,0.00143652,0.01118254,0.00711711,0.00042026,0.02486316,0.02846540,0.00245978,0.01301833,0.01058220,-0.00086316,0.02841366
3.220000,0.53250666,0.04773064,1.21682675,0.43356458,1.37749159,0.27344190,0.02379395,0.00146017,0.01130395,0.00721778,0.00041107,0.02512792,0.02484925,0.00226629,0.01126414,0.00954230,-0.00096886,0.02453991
3.230000,0.53274578,0.04774535,1.21694032,0.43363722,1.37749565,0.27369434,0.02402424,0.00148177,0.01140784,0.00730776,0.00040101,0.02535401,0.02120445,0.00205059,0.00951453,0.00844254,-0.00103865,0.02068070
3.240000,0.53298702,0.04776027,1.21705485,0.43371070,1.37749960,0.27394885,0.02421795,0.00150111,0.01149425,0.00738644,0.00039042,0.02554158,0.01753227,0.00181310,0.00776978,0.00728425,-0.00107315,0.01683656
3.250000,0.53323002,0.04777536,1.21717015,0.43378491,1.37750345,0.27420504,0.02437480,0.00151796,0.01156325,0.00745325,0.00037966,0.02569079,0.01383399,0.00155429,0.00603018,0.00606872,-0.00107301,0.01300806
3.260000,0.53347440,0.04779062,1.21728606,0.43385973,1.37750720,0.27446254,0.02449455,0.00153212,0.01161488,0.00750763,0.00036907,0.02580180,0.01011089,0.00127460,0.00429600,0.00479727,-0.00103886,0.00919574
3.270000,0.53371978,0.04780600,1.21740239,0.43393502,1.37751084,0.27472095,0.02457694,0.00154338,0.01164919,0.00754901,0.00035899,0.02587476,0.00636427,0.00097447,0.00256753,0.00347120,-0.00097132,0.00540016
3.280000,0.53396581,0.04782147,1.21751898,0.43401066,1.37751438,0.27497991,0.02462176,0.00155154,0.01166625,0.00757687,0.00034975,0.02590986,0.00259541,0.00065435,0.00084507,0.00209183,-0.00087103,0.00162186
3.290000,0.53421209,0.04783702,1.21763566,0.43408651,1.37751784,0.27523902,0.02462878,0.00155641,0.01166611,0.00759068,0.00034168,0.02590726,-0.00119442,0.00031469,-0.00087112,0.00066046,-0.00073862,-0.00213860
3.300000,0.53445826,0.04785259,1.21775225,0.43416243,1.37752122,0.27549793,0.02459780,0.00155777,0.01164885,0.00758991,0.00033509,0.02586715,-0.00500393,-0.00004408,-0.00258075,-0.00082159,-0.00057473,-0.00588068
3.310000,0.53470392,0.04786816,1.21786858,0.43423826,1.37752454,0.27575624,0.02452864,0.00155546,0.01161452,0.00757408,0.00033029,0.02578971,-0.00883183,-0.00042149,-0.00428353,-0.00235303,-0.00037998,-0.00960383
3.320000,0.53494870,0.04788369,1.21798448,0.43431386,1.37752783,0.27601360,0.02442111,0.00154928,0.01156320,0.00754269,0.00032759,0.02567514,-0.01267684,-0.00081711,-0.00597918,-0.00393254,-0.00015500,-0.01330748
3.330000,0.53519222,0.04789913,1.21809979,0.43438906,1.37753110,0.27626962,0.02427505,0.00153906,0.01149496,0.00749527,0.00032729,0.02552363,-0.01653769,-0.00123048,-0.00766741,-0.00555881,0.00009956,-0.01699110
3.340000,0.53543408,0.04791445,1.21821432,0.43446371,1.37753439,0.27652395,0.02409031,0.00152462,0.01140988,0.00743137,0.00032968,0.02533538,-0.02041307,-0.00166117,-0.00934794,-0.00723054,0.00038309,-0.02065414
3.350000,0.53567389,0.04792961,1.21832793,0.43453763,1.37753771,0.27677621,0.02386675,0.00150578,0.01130803,0.00735052,0.00033504,0.02511062,-0.02430172,-0.00210873,-0.01102049,-0.00894640,0.00069494,-0.02429603
3.360000,0.53591128,0.04794455,1.21844043,0.43461066,1.37754110,0.27702604,0.02360423,0.00148239,0.01118949,0.00725229,0.00034367,0.02484954,-0.02820234,-0.00257270,-0.01268478,-0.01070511,0.00103448,-0.02791624
3.370000,0.53614585,0.04795924,1.21855166,0.43468262,1.37754459,0.27727308,0.02330266,0.00145427,0.01105436,0.00713628,0.00035582,0.02455236,-0.03211366,-0.00305266,-0.01434052,-0.01250534,0.00140110,-0.03151420
3.380000,0.53637720,0.04797362,1.21866146,0.43475332,1.37754823,0.27751697,0.02296193,0.00142128,0.01090271,0.00700205,0.00037178,0.02421933,-0.03603439,-0.00354813,-0.01598742,-0.01434580,0.00179414,-0.03508938
3.390000,0.53660496,0.04798765,1.21876966,0.43482260,1.37755204,0.27775734,0.02258195,0.00138326,0.01073464,0.00684923,0.00039179,0.02385065,-0.03996325,-0.00405870,-0.01762520,-0.01622516,0.00221298,-0.03864121
3.400000,0.53682871,0.04800127,1.21887610,0.43489024,1.37755608,0.27799386,0.02216264,0.00134006,0.01055024,0.00667742,0.00041612,0.02344658,-0.04389895,-0.00458389,-0.01925359,-0.01814212,0.00265699,-0.04216916
3.410000,0.53704808,0.04801443,1.21898061,0.43495608,1.37756038,0.27822616,0.02170395,0.00129154,0.01034960,0.00648627,0.00044501,0.02300735,-0.04784021,-0.00512328,-0.02087229,-0.02009538,0.00312553,-0.04567266
3.420000,0.53726266,0.04802708,1.21908304,0.43501990,1.37756499,0.27845389,0.02120582,0.00123755,0.01013283,0.00627540,0.00047871,0.02253321,-0.05178575,-0.00567641,-0.02248102,-0.02208362,0.00361798,-0.04915118
3.430000,0.53747206,0.04803917,1.21918322,0.43508152,1.37756997,0.27867671,0.02066823,0.00117796,0.00990002,0.00604448,0.00051745,0.02202441,-0.05573428,-0.00624284,-0.02407950,-0.02410553,0.00413370,-0.05260415
3.440000,0.53767589,0.04805062,1.21928099,0.43514073,1.37757536,0.27889426,0.02009113,0.00111265,0.00965127,0.00579318,0.00056146,0.02148122,-0.05968453,-0.00682212,-0.02566744,-0.02615982,0.00467206,-0.05603102
3.450000,0.53787375,0.04806140,1.21937619,0.43519731,1.37758122,0.27910622,0.01947453,0.00104148,0.00938670,0.00552118,0.00061096,0.02090388,-0.06363520,-0.00741381,-0.02724456,-0.02824516,0.00523243,-0.05943126
3.460000,0.53806525,0.04807143,1.21946867,0.43525108,1.37758760,0.27931223,0.01881843,0.00096433,0.00910642,0.00522818,0.00066618,0.02029268,-0.06758501,-0.00801745,-0.02881058,-0.03036024,0.00581417,-0.06280430
3.470000,0.53824999,0.04808067,1.21955826,0.43530181,1.37759456,0.27951196,0.01812284,0.00088109,0.00881053,0.00491388,0.00072732,0.01964789,-0.07153268,-0.00863261,-0.03036522,-0.03250377,0.00641665,-0.06614959
3.480000,0.53842758,0.04808904,1.21964483,0.43534929,1.37760216,0.27970508,0.01738779,0.00079164,0.00849915,0.00457801,0.00079458,0.01896978,-0.07547693,-0.00925883,-0.03190818,-0.03467443,0.00703925,-0.06946659
3.490000,0.53859761,0.04809648,1.21972820,0.43539330,1.37761047,0.27989125,0.01661332,0.00069588,0.00817241,0.00422031,0.00086817,0.01825865,-0.07941647,-0.00989567,-0.03343918,-0.03687092,0.00768133,-0.07275475
3.500000,0.53875971,0.04810293,1.21980822,0.43543362,1.37761955,0.28007014,0.01579948,0.00059370,0.00783041,0.00384051,0.00094827,0.01751479,-0.08335001,-0.01054269,-0.03495795,-0.03909192,0.00834225,-0.07601351
3.510000,0.53891347,0.04810833,1.21988475,0.43547003,1.37762946,0.28024143,0.01494634,0.00048499,0.00747329,0.00343839,0.00103507,0.01673848,-0.08727629,-0.01119944,-0.03646420,-0.04133612,0.00902139,-0.07924232
3.520000,0.53905851,0.04811261,1.21995764,0.43550231,1.37764027,0.28040480,0.01405398,0.00036968,0.00710117,0.00301372,0.00112876,0.01593004,-0.09119401,-0.01186547,-0.03795764,-0.04360222,0.00971812,-0.08244063
3.530000,0.53919442,0.04811570,1.22002673,0.43553023,1.37765206,0.28055993,0.01312249,0.00024766,0.00671418,0.00256628,0.00122949,0.01508977,-0.09510188,-0.01254033,-0.03943799,-0.04588891,0.01043179,-0.08560790
3.540000,0.53932083,0.04811754,1.22009187,0.43555356,1.37766489,0.28070649,0.01215198,0.00011884,0.00631245,0.00209588,0.00133745,0.01421799,-0.09899863,-0.01322358,-0.04090497,-0.04819487,0.01116179,-0.08874357
3.550000,0.53943733,0.04811806,1.22015293,0.43557207,1.37767883,0.28084418,0.01114256,-0.00001684,0.00589613,0.00160232,0.00145278,0.01331501,-0.10288298,-0.01391478,-0.04235828,-0.05051881,0.01190747,-0.09184709
3.560000,0.53954355,0.04811718,1.22020975,0.43558553,1.37769397,0.28097269,0.01009437,-0.00015948,0.00546533,0.00108544,0.00157565,0.01238116,-0.10675363,-0.01461348,-0.04379766,-0.05285941,0.01266821,-0.09491791
3.570000,0.53963909,0.04811484,1.22026219,0.43559370,1.37771037,0.28109171,0.00900754,-0.00030914,0.00502022,0.00054508,0.00170619,0.01141676,-0.11060930,-0.01531922,-0.04522282,-0.05521536,0.01344338,-0.09795548
3.580000,0.53972357,0.04811097,1.22031011,0.43559635,1.37772812,0.28120092,0.00788224,-0.00046588,0.00456093,-0.00001891,0.00184456,0.01042216,-0.11444872,-0.01603157,-0.04663346,-0.05758536,0.01423233,-0.10095925
3.590000,0.53979661,0.04810550,1.22035336,0.43559324,1.37774729,0.28130005,0.00671862,-0.00062979,0.00408760,-0.00060667,0.00199088,0.00939769,-0.11827060,-0.01675008,-0.04802931,-0.05996809,0.01503445,-0.10392867
3.600000,0.53985782,0.04809835,1.22039181,0.43558414,1.37776796,0.28138878,0.00551689,-0.00080091,0.00360039,-0.00121831,0.00214529,0.00834370,-0.12207365,-0.01747431,-0.04941009,-0.06236225,0.01584909,-0.10686319
3.610000,0.53990682,0.04808946,1.22042532,0.43556880,1.37779022,0.28146683,0.00427722,-0.00097929,0.00309945,-0.00185395,0.00230790,0.00726055,-0.12585659,-0.01820380,-0.05077551,-0.06476653,0.01667563,-0.10976225
3.620000,0.53994324,0.04807874,1.22045375,0.43554698,1.37781415,0.28153390,0.00299983,-0.00116500,0.00258493,-0.00251367,0.00247884,0.00614858,-0.12961814,-0.01893811,-0.05212528,-0.06717962,0.01751343,-0.11262531
3.630000,0.53996669,0.04806613,1.22047698,0.43551844,1.37783983,0.28158970,0.00168493,-0.00135807,0.00205700,-0.00319756,0.00265821,0.00500816,-0.13335701,-0.01967679,-0.05345913,-0.06960021,0.01836187,-0.11545182
3.640000,0.53997681,0.04805156,1.22049485,0.43548295,1.37786734,0.28163396,0.00033277,-0.00155855,0.00151580,-0.00390569,0.00284611,0.00383967,-0.13707192,-0.02041940,-0.05477676,-0.07202699,0.01922030,-0.11824123
3.650000,0.53997322,0.04803494,1.22050725,0.43544025,1.37789678,0.28166640,-0.00105642,-0.00176647,0.00096152,-0.00463812,0.00304264,0.00264346,-0.14076159,-0.02116550,-0.05607790,-0.07445865,0.02008811,-0.12099298
3.660000,0.53995556,0.04801620,1.22051404,0.43539010,1.37792822,0.28168674,-0.00248238,-0.00198187,0.00039430,-0.00539488,0.00324790,0.00141993,-0.14442474,-0.02191463,-0.05736227,-0.07689389,0.02096464,-0.12370653
3.670000,0.53992345,0.04799528,1.22051509,0.43533227,1.37796177,0.28169471,-0.00394483,-0.00220477,-0.00018567,-0.00617600,0.00346196,0.00016946,-0.14806007,-0.02266635,-0.05862956,-0.07933140,0.02184929,-0.12638132
3.680000,0.53987654,0.04797208,1.22051028,0.43526650,1.37799749,0.28169004,-0.00544348,-0.00243520,-0.00077823,-0.00698151,0.00368491,-0.00110756,-0.15166632,-0.02342021,-0.05987952,-0.08176986,0.02274140,-0.12901681
3.690000,0.53981446,0.04794655,1.22049949,0.43519256,1.37803549,0.28167247,-0.00697805,-0.00267318,-0.00138320,-0.00781140,0.00391682,-0.00241074,-0.15524218,-0.02417577,-0.06111184,-0.08420797,0.02364036,-0.13161244
3.700000,0.53973686,0.04791859,1.22048258,0.43511019,1.37807586,0.28164174,-0.00854822,-0.00291872,-0.00200041,-0.00866566,0.00415774,-0.00373968,-0.15878638,-0.02493258,-0.06232625,-0.08664442,0.02454552,-0.13416767
3.710000,0.53964338,0.04788815,1.22045944,0.43501916,1.37811868,0.28159760,-0.01015367,-0.00317183,-0.00262967,-0.00954428,0.00440774,-0.00509396,-0.16229765,-0.02569020,-0.06352247,-0.08907790,0.02545626,-0.13668193
3.720000,0.53953367,0.04785513,1.22042994,0.43491923,1.37816404,0.28153978,-0.01179406,-0.00343252,-0.00327080,-0.01044721,0.00466688,-0.00647318,-0.16577468,-0.02644817,-0.06470020,-0.09150710,0.02637195,-0.13915469
3.730000,0.53940738,0.04781947,1.22039398,0.43481014,1.37821205,0.28146805,-0.01346904,-0.00370080,-0.00392361,-0.01137440,0.00493520,-0.00787691,-0.16921620,-0.02720606,-0.06585916,-0.09393072,0.02729195,-0.14158539
3.740000,0.53926418,0.04778109,1.22035143,0.43469166,1.37826278,0.28138216,-0.01517826,-0.00397664,-0.00458792,-0.01232580,0.00521273,-0.00930474,-0.17262093,-0.02796342,-0.06699908,-0.09634744,0.02821562,-0.14397348
3.750000,0.53910371,0.04773991,1.22030219,0.43456354,1.37831633,0.28128188,-0.01692134,-0.00426006,-0.00526353,-0.01330132,0.00549952,-0.01075624,-0.17598758,-0.02871979,-0.06811967,-0.09875596,0.02914235,-0.14631841
3.760000,0.53892564,0.04769586,1.22024613,0.43442555,1.37837280,0.28116696,-0.01869788,-0.00455104,-0.00595024,-0.01430089,0.00579559,-0.01223096,-0.17931487,-0.02947474,-0.06922064,-0.10115497,0.03007149,-0.14861964
3.770000,0.53872964,0.04764887,1.22018314,0.43427744,1.37843228,0.28103718,-0.02050750,-0.00484955,-0.00664787,-0.01532439,0.00610096,-0.01372848,-0.18260152,-0.03022782,-0.07030171,-0.10354315,0.03100242,-0.15087660
3.780000,0.53851538,0.04759885,1.22011313,0.43411898,1.37849485,0.28089232,-0.02234977,-0.00515558,-0.00735621,-0.01637171,0.00641564,-0.01524835,-0.18584624,-0.03097858,-0.07136260,-0.10591920,0.03193449,-0.15308875
3.790000,0.53828254,0.04754573,1.22003599,0.43394993,1.37856062,0.28073214,-0.02422428,-0.00546911,-0.00807506,-0.01744273,0.00673965,-0.01679011,-0.18904775,-0.03172657,-0.07240302,-0.10828182,0.03286709,-0.15525554
3.800000,0.53803079,0.04748944,1.21995160,0.43377005,1.37862967,0.28055644,-0.02613058,-0.00579010,-0.00880420,-0.01853730,0.00707298,-0.01835330,-0.19220476,-0.03247136,-0.07342269,-0.11062969,0.03379958,-0.15737641
3.810000,0.53775982,0.04742990,1.21985987,0.43357911,1.37870211,0.28036501,-0.02806822,-0.00611853,-0.00954344,-0.01965527,0.00741564,-0.01993748,-0.19531599,-0.03321248,-0.07442132,-0.11296150,0.03473132,-0.15945083
3.820000,0.53746932,0.04736705,1.21976070,0.43337687,1.37877802,0.28015762,-0.03003674,-0.00645434,-0.01029256,-0.02079647,0.00776760,-0.02154216,-0.19838016,-0.03394951,-0.07539864,-0.11527595,0.03566169,-0.16147823
3.830000,0.53715898,0.04730079,1.21965398,0.43316310,1.37885749,0.27993410,-0.03203566,-0.00679750,-0.01105134,-0.02196072,0.00812886,-0.02316689,-0.20139599,-0.03468198,-0.07635435,-0.11757172,0.03659005,-0.16345806
3.840000,0.53682851,0.04723107,1.21953964,0.43293758,1.37894063,0.27969422,-0.03406450,-0.00714796,-0.01181957,-0.02314784,0.00849940,-0.02481117,-0.20436219,-0.03540946,-0.07728818,-0.11984751,0.03751578,-0.16538978
3.850000,0.53647760,0.04715781,1.21941756,0.43270007,1.37902751,0.27943781,-0.03612274,-0.00750567,-0.01259703,-0.02435760,0.00887917,-0.02647452,-0.20727747,-0.03613150,-0.07819983,-0.12210201,0.03843823,-0.16727284
3.860000,0.53610596,0.04708093,1.21928767,0.43245035,1.37911824,0.27916467,-0.03820987,-0.00787057,-0.01338349,-0.02558980,0.00926815,-0.02815646,-0.21014056,-0.03684766,-0.07908904,-0.12433391,0.03935677,-0.16910668
3.870000,0.53571330,0.04700037,1.21914986,0.43218820,1.37921291,0.27887462,-0.04032537,-0.00824261,-0.01417874,-0.02684420,0.00966629,-0.02985649,-0.21295018,-0.03755748,-0.07995550,-0.12654190,0.04027078,-0.17089076
3.880000,0.53529936,0.04691606,1.21900406,0.43191339,1.37931160,0.27856748,-0.04246869,-0.00862170,-0.01498253,-0.02812056,0.01007355,-0.03157411,-0.21570502,-0.03826051,-0.08079895,-0.12872468,0.04117963,-0.17262452
3.890000,0.53486384,0.04682792,1.21885018,0.43162572,1.37941441,0.27824308,-0.04463928,-0.00900779,-0.01579464,-0.02941861,0.01048986,-0.03330881,-0.21840383,-0.03895633,-0.08161909,-0.13088093,0.04208267,-0.17430741
3.900000,0.53440648,0.04673588,1.21868814,0.43132495,1.37952142,0.27790125,-0.04683658,-0.00940080,-0.01661483,-0.03073808,0.01091518,-0.03506008,-0.22104530,-0.03964447,-0.08241564,-0.13300934,0.04297929,-0.17593889
3.910000,0.53392702,0.04663988,1.21851786,0.43101088,1.37963274,0.27754183,-0.04905999,-0.00980065,-0.01744287,-0.03207870,0.01134942,-0.03682741,-0.22362816,-0.04032449,-0.08318832,-0.13510861,0.04386883,-0.17751840
3.920000,0.53342520,0.04653984,1.21833926,0.43068331,1.37974844,0.27716465,-0.05130894,-0.01020726,-0.01827852,-0.03344015,0.01179253,-0.03861028,-0.22615112,-0.04099595,-0.08393685,-0.13717743,0.04475069,-0.17904539
3.930000,0.53290076,0.04643571,1.21815227,0.43034201,1.37986862,0.27676957,-0.05358281,-0.01062054,-0.01912153,-0.03482214,0.01224441,-0.04040814,-0.22861291,-0.04165840,-0.08466093,-0.13921449,0.04562422,-0.18051931
3.940000,0.53235346,0.04632741,1.21795681,0.42998680,1.37999336,0.27635644,-0.05588099,-0.01104040,-0.01997165,-0.03622433,0.01270498,-0.04222048,-0.23101223,-0.04231139,-0.08536029,-0.14121848,0.04648879,-0.18193961
3.950000,0.53178306,0.04621488,1.21775281,0.42961746,1.38012275,0.27592511,-0.05820284,-0.01146674,-0.02082865,-0.03764639,0.01317415,-0.04404675,-0.23334780,-0.04295448,-0.08603465,-0.14318809,0.04734376,-0.18330574
3.960000,0.53118933,0.04609806,1.21754021,0.42923380,1.38025687,0.27547546,-0.06054773,-0.01189945,-0.02169226,-0.03908797,0.01365182,-0.04588642,-0.23561834,-0.04358722,-0.08668371,-0.14512201,0.04818852,-0.18461714
3.970000,0.53057203,0.04597687,1.21731894,0.42883564,1.38039581,0.27500734,-0.06291499,-0.01233845,-0.02256224,-0.04054871,0.01413789,-0.04773891,-0.23782257,-0.04420916,-0.08730720,-0.14701894,0.04902242,-0.18587328
3.980000,0.52993095,0.04585127,1.21708895,0.42842277,1.38053966,0.27452064,-0.06530396,-0.01278360,-0.02343832,-0.04202823,0.01463223,-0.04960369,-0.23995921,-0.04481986,-0.08790482,-0.14887756,0.04984483,-0.18707360
3.990000,0.52926588,0.04572118,1.21685016,0.42799501,1.38068848,0.27401523,-0.06771394,-0.01323480,-0.02432025,-0.04352613,0.01513474,-0.05148020,-0.24202696,-0.04541888,-0.08847631,-0.15069657,0.05065512,-0.18821754
4.000000,0.52857661,0.04558655,1.21660252,0.42755218,1.38084238,0.27349100,-0.07014426,-0.01369194,-0.02520776,-0.04504202,0.01564529,-0.05336786,-0.24402454,-0.04600576,-0.08902137,-0.15247466,0.05145266,-0.18930456
4.010000,0.52786293,0.04544732,1.21634599,0.42709411,1.38100142,0.27294784,-0.07259420,-0.01415488,-0.02610058,-0.04657548,0.01616375,-0.05526610,-0.24595068,-0.04658006,-0.08953972,-0.15421052,0.05223682,-0.19033411
4.020000,0.52712466,0.04530343,1.21608050,0.42662062,1.38116568,0.27238564,-0.07506303,-0.01462350,-0.02699846,-0.04812609,0.01668998,-0.05717434,-0.24780409,-0.04714134,-0.09003108,-0.15590284,0.05300696,-0.19130564
4.030000,0.52636161,0.04515483,1.21580600,0.42613153,1.38133524,0.27180432,-0.07755003,-0.01509766,-0.02790112,-0.04969339,0.01722384,-0.05909201,-0.24958349,-0.04768914,-0.09049516,-0.15755031,0.05376246,-0.19221859
4.040000,0.52557360,0.04500146,1.21552246,0.42562669,1.38151018,0.27120377,-0.08005445,-0.01557723,-0.02880827,-0.05127694,0.01776518,-0.06101852,-0.25128758,-0.04822302,-0.09093168,-0.15915162,0.05450268,-0.19307241
4.050000,0.52476047,0.04484327,1.21522982,0.42510594,1.38169057,0.27058392,-0.08257553,-0.01606207,-0.02971966,-0.05287626,0.01831384,-0.06295326,-0.25291510,-0.04874255,-0.09134035,-0.16070547,0.05522698,-0.19386656
4.060000,0.52392204,0.04468020,1.21492805,0.42456912,1.38187648,0.26994468,-0.08511249,-0.01655203,-0.03063499,-0.05449089,0.01886967,-0.06489565,-0.25446475,-0.04924726,-0.09172090,-0.16221055,0.05593475,-0.19460048
4.070000,0.52305817,0.04451221,1.21461711,0.42401607,1.38206799,0.26928598,-0.08766456,-0.01704697,-0.03155398,-0.05612031,0.01943248,-0.06684507,-0.25593525,-0.04973671,-0.09207303,-0.16366554,0.05662534,-0.19527363
4.080000,0.52216870,0.04433925,1.21429696,0.42344666,1.38226515,0.26860776,-0.09023093,-0.01754672,-0.03247635,-0.05776402,0.02000211,-0.06880092,-0.25732532,-0.05021046,-0.09239647,-0.16506914,0.05729812,-0.19588545
4.090000,0.52125350,0.04416126,1.21396757,0.42286075,1.38246805,0.26790995,-0.09281079,-0.01805112,-0.03340181,-0.05942152,0.02057838,-0.07076257,-0.25863367,-0.05066806,-0.09269093,-0.16642004,0.05795246,-0.19643539
4.100000,0.52031244,0.04397821,1.21362892,0.42225819,1.38267674,0.26719249,-0.09540333,-0.01856002,-0.03433007,-0.06109225,0.02116110,-0.07272942,-0.25985902,-0.05110907,-0.09295612,-0.16771693,0.05858773,-0.19692290
4.110000,0.51934540,0.04379005,1.21328096,0.42163886,1.38289129,0.26645534,-0.09800769,-0.01907325,-0.03526084,-0.06277567,0.02175007,-0.07470082,-0.26100010,-0.05153303,-0.09319177,-0.16895850,0.05920330,-0.19734744
4.120000,0.51835225,0.04359673,1.21292369,0.42100264,1.38311176,0.26569846,-0.10062304,-0.01959062,-0.03619381,-0.06447123,0.02234510,-0.07667615,-0.26205560,-0.05193951,-0.09339758,-0.17014345,0.05979854,-0.19770844
4.130000,0.51733290,0.04339822,1.21255708,0.42034940,1.38333822,0.26492181,-0.10324852,-0.02011198,-0.03712869,-0.06617834,0.02294597,-0.07865478,-0.26302426,-0.05232805,-0.09357328,-0.17127046,0.06037281,-0.19800537
4.140000,0.51628725,0.04319448,1.21218111,0.41967903,1.38357070,0.26412536,-0.10588324,-0.02063712,-0.03806517,-0.06789644,0.02355248,-0.08063605,-0.26390479,-0.05269822,-0.09371859,-0.17233822,0.06092548,-0.19823766
4.150000,0.51521521,0.04298547,1.21179577,0.41899143,1.38380928,0.26330908,-0.10852631,-0.02116588,-0.03900296,-0.06962491,0.02416441,-0.08261931,-0.26469589,-0.05304955,-0.09383321,-0.17334544,0.06145592,-0.19840478
4.160000,0.51411670,0.04277115,1.21140105,0.41828650,1.38405401,0.26247297,-0.11117685,-0.02169805,-0.03994173,-0.07136314,0.02478152,-0.08460392,-0.26539630,-0.05338162,-0.09391686,-0.17429079,0.06196349,-0.19850616
4.170000,0.51299165,0.04255150,1.21099694,0.41756414,1.38430493,0.26161700,-0.11383393,-0.02223344,-0.04088119,-0.07311051,0.02540360,-0.08658922,-0.26600473,-0.05369397,-0.09396927,-0.17517297,0.06244757,-0.19854126
4.180000,0.51184000,0.04232647,1.21058342,0.41682426,1.38456210,0.26074118,-0.11649663,-0.02277186,-0.04182101,-0.07486639,0.02603040,-0.08857453,-0.26651989,-0.05398615,-0.09399014,-0.17599068,0.06290753,-0.19850953
4.190000,0.51066170,0.04209605,1.21016051,0.41606679,1.38482555,0.25984551,-0.11916402,-0.02331310,-0.04276089,-0.07663011,0.02666167,-0.09055918,-0.26694050,-0.05425772,-0.09397919,-0.17674260,0.06334272,-0.19841042
4.200000,0.50945671,0.04186020,1.20972821,0.41529164,1.38509534,0.25893000,-0.12183513,-0.02385695,-0.04370049,-0.07840101,0.02729717,-0.09254251,-0.26726527,-0.05450823,-0.09393614,-0.17742742,0.06375253,-0.19824337
4.210000,0.50822499,0.04161890,1.20928651,0.41449875,1.38537151,0.25799467,-0.12450900,-0.02440319,-0.04463950,-0.08017843,0.02793663,-0.09452382,-0.26749293,-0.05473725,-0.09386071,-0.17804383,0.06413631,-0.19800784
4.220000,0.50696652,0.04137213,1.20883542,0.41368805,1.38565409,0.25703954,-0.12718466,-0.02495162,-0.04557760,-0.08196166,0.02857980,-0.09650243,-0.26762219,-0.05494431,-0.09375261,-0.17859053,0.06449344,-0.19770327
4.230000,0.50568129,0.04111986,1.20837496,0.41285950,1.38594312,0.25606463,-0.12986111,-0.02550200,-0.04651444,-0.08375000,0.02922641,-0.09847765,-0.26765176,-0.05512898,-0.09361156,-0.17906621,0.06482328,-0.19732912
4.240000,0.50436930,0.04086208,1.20790514,0.41201303,1.38623863,0.25507000,-0.13253735,-0.02605412,-0.04744972,-0.08554274,0.02987618,-0.10044878,-0.26758037,-0.05529080,-0.09343727,-0.17946956,0.06512521,-0.19688483
4.250000,0.50303055,0.04059878,1.20742597,0.41114863,1.38654065,0.25405567,-0.13521238,-0.02660774,-0.04838308,-0.08733915,0.03052882,-0.10241512,-0.26740673,-0.05542934,-0.09322946,-0.17979927,0.06539858,-0.19636986
4.260000,0.50166506,0.04032993,1.20693748,0.41026624,1.38684921,0.25302171,-0.13788514,-0.02716263,-0.04931419,-0.08913848,0.03118405,-0.10437594,-0.26712955,-0.05554414,-0.09298784,-0.18005403,0.06564277,-0.19578365
4.270000,0.50027286,0.04005552,1.20643970,0.40936585,1.38716434,0.25196817,-0.14055462,-0.02771854,-0.05024272,-0.09093997,0.03184157,-0.10633055,-0.26674755,-0.05563477,-0.09271214,-0.18023253,0.06585715,-0.19512565
4.280000,0.49885398,0.03977555,1.20593264,0.40844744,1.38748605,0.25089512,-0.14321974,-0.02827524,-0.05116832,-0.09274287,0.03250109,-0.10827821,-0.26625945,-0.05570077,-0.09240207,-0.18033347,0.06604108,-0.19439532
4.290000,0.49740848,0.03949001,1.20541634,0.40751099,1.38781437,0.24980264,-0.14587945,-0.02883248,-0.05209065,-0.09454638,0.03316229,-0.11021821,-0.26566397,-0.05574169,-0.09205735,-0.18035553,0.06619393,-0.19359209
4.300000,0.49593642,0.03919890,1.20489084,0.40655651,1.38814930,0.24869079,-0.14853266,-0.02938999,-0.05300935,-0.09634971,0.03382486,-0.11214981,-0.26495982,-0.05575710,-0.09167768,-0.18029741,0.06631507,-0.19271543
4.310000,0.49443785,0.03890221,1.20435617,0.40558400,1.38849087,0.24755967,-0.15117828,-0.02994753,-0.05392408,-0.09815206,0.03448849,-0.11407227,-0.26414572,-0.05574654,-0.09126280,-0.18015780,0.06640387,-0.19176478
4.320000,0.49291288,0.03859995,1.20381237,0.40459348,1.38883907,0.24640938,-0.15381520,-0.03050483,-0.05483449,-0.09995259,0.03515283,-0.11598486,-0.26322038,-0.05570957,-0.09081240,-0.17993538,0.06645970,-0.19073959
4.330000,0.49136158,0.03829212,1.20325949,0.40358496,1.38919392,0.24524001,-0.15644231,-0.03106163,-0.05574021,-0.10175048,0.03581757,-0.11788682,-0.26218253,-0.05564575,-0.09032622,-0.17962886,0.06648192,-0.18963931
4.340000,0.48978407,0.03797872,1.20269758,0.40255848,1.38955542,0.24405168,-0.15905847,-0.03161766,-0.05664089,-0.10354488,0.03648236,-0.11977739,-0.26103087,-0.05555462,-0.08980396,-0.17923692,0.06646990,-0.18846338
4.350000,0.48818045,0.03765977,1.20212669,0.40151407,1.38992357,0.24284450,-0.16166254,-0.03217263,-0.05753617,-0.10533493,0.03714685,-0.12165583,-0.25976412,-0.05543574,-0.08924535,-0.17875825,0.06642301,-0.18721127
4.360000,0.48655086,0.03733527,1.20154688,0.40045180,1.39029836,0.24161860,-0.16425337,-0.03272628,-0.05842568,-0.10711976,0.03781070,-0.12352136,-0.25838101,-0.05528867,-0.08865010,-0.17819154,0.06634062,-0.18588241
4.370000,0.48489543,0.03700525,1.20095820,0.39937170,1.39067978,0.24037412,-0.16682977,-0.03327831,-0.05930905,-0.10889847,0.03847354,-0.12537322,-0.25688025,-0.05511296,-0.08801792,-0.17753549,0.06622209,-0.18447626
4.380000,0.48321432,0.03666971,1.20036072,0.39827385,1.39106783,0.23911119,-0.16939058,-0.03382844,-0.06018591,-0.11067016,0.03913502,-0.12721063,-0.25526055,-0.05490815,-0.08734853,-0.17678879,0.06606680,-0.18299227
4.390000,0.48150768,0.03632869,1.19975450,0.39715832,1.39146248,0.23782996,-0.17193458,-0.03437638,-0.06105589,-0.11243394,0.03979475,-0.12903280,-0.25352063,-0.05467382,-0.08664165,-0.17595012,0.06587411,-0.18142988
4.400000,0.47977569,0.03598219,1.19913963,0.39602520,1.39186371,0.23653058,-0.17446058,-0.03492182,-0.06191862,-0.11418886,0.04045237,-0.13083896,-0.25165920,-0.05440950,-0.08589699,-0.17501819,0.06564339,-0.17978855
4.410000,0.47801853,0.03563026,1.19851616,0.39487458,1.39227151,0.23521323,-0.17696736,-0.03546446,-0.06277371,-0.11593398,0.04110749,-0.13262831,-0.24967499,-0.05411476,-0.08511428,-0.17399167,0.06537401,-0.17806773
4.420000,0.47623641,0.03527292,1.19788418,0.39370656,1.39268585,0.23387808,-0.17945367,-0.03600401,-0.06362078,-0.11766837,0.04175972,-0.13440005,-0.24756672,-0.05378915,-0.08429322,-0.17286927,0.06506533,-0.17626686
4.430000,0.47442953,0.03491019,1.19724377,0.39252125,1.39310670,0.23252529,-0.18191827,-0.03654014,-0.06445944,-0.11939105,0.04240867,-0.13615338,-0.24533308,-0.05343221,-0.08343353,-0.17164967,0.06471673,-0.17438539
4.440000,0.47259812,0.03454212,1.19659502,0.39131878,1.39353401,0.23115507,-0.18435991,-0.03707255,-0.06528932,-0.12110103,0.04305392,-0.13788749,-0.24297281,-0.05304351,-0.08253493,-0.17033157,0.06432757,-0.17242278
4.450000,0.47074241,0.03416875,1.19593801,0.39009928,1.39396776,0.22976761,-0.18677730,-0.03760091,-0.06611001,-0.12279734,0.04369508,-0.13960156,-0.24048462,-0.05262261,-0.08159714,-0.16891365,0.06389722,-0.17037847
4.460000,0.46886266,0.03379012,1.19527285,0.38886288,1.39440790,0.22836311,-0.18916917,-0.03812489,-0.06692113,-0.12447897,0.04433173,-0.14129478,-0.23786723,-0.05216904,-0.08061987,-0.16739460,0.06342505,-0.16825191
4.470000,0.46695912,0.03340627,1.19459962,0.38760975,1.39485438,0.22694179,-0.19153421,-0.03864418,-0.06772228,-0.12614489,0.04496344,-0.14296632,-0.23511935,-0.05168237,-0.07960284,-0.16577313,0.06291042,-0.16604256
4.480000,0.46503207,0.03301725,1.19391844,0.38634004,1.39530715,0.22550386,-0.19387112,-0.03915843,-0.06851305,-0.12779409,0.04558979,-0.14461536,-0.23223970,-0.05116215,-0.07854576,-0.16404792,0.06235271,-0.16374986
4.490000,0.46308179,0.03262312,1.19322940,0.38505393,1.39576616,0.22404956,-0.19617856,-0.03966731,-0.06929306,-0.12942550,0.04621035,-0.14624104,-0.22922700,-0.05060794,-0.07744835,-0.16221765,0.06175128,-0.16137325
4.500000,0.46110860,0.03222393,1.19253262,0.38375159,1.39623134,0.22257912,-0.19845521,-0.04017047,-0.07006188,-0.13103809,0.04682467,-0.14784254,-0.22607995,-0.05001928,-0.07631032,-0.16028103,0.06110550,-0.15891220
4.510000,0.45911280,0.03181973,1.19182820,0.38243323,1.39670263,0.22109279,-0.20069971,-0.04066758,-0.07081913,-0.13263076,0.04743231,-0.14941900,-0.22279729,-0.04939574,-0.07513140,-0.15823674,0.06041474,-0.15636615
4.520000,0.45709472,0.03141060,1.19111627,0.38109905,1.39717996,0.21959083,-0.20291070,-0.04115827,-0.07156437,-0.13420246,0.04803281,-0.15096958,-0.21937772,-0.04873686,-0.07391130,-0.15608348,0.05967836,-0.15373455
4.530000,0.45505470,0.03099659,1.19039695,0.37974925,1.39766326,0.21807349,-0.20508681,-0.04164219,-0.07229721,-0.13575207,0.04862572,-0.15249341,-0.21581997,-0.04804221,-0.07264973,-0.15381993,0.05889574,-0.15101684
4.540000,0.45299310,0.03057778,1.18967037,0.37838408,1.39815245,0.21654105,-0.20722664,-0.04211899,-0.07301723,-0.13727848,0.04921057,-0.15398963,-0.21212274,-0.04731132,-0.07134642,-0.15144479,0.05806624,-0.14821249
4.550000,0.45091029,0.03015423,1.18893665,0.37700377,1.39864744,0.21499379,-0.20932879,-0.04258830,-0.07372400,-0.13878059,0.04978689,-0.15545737,-0.20828476,-0.04654377,-0.07000107,-0.14895675,0.05718924,-0.14532093
4.560000,0.44880666,0.02972604,1.18819594,0.37560856,1.39914816,0.21343200,-0.21139186,-0.04304974,-0.07441711,-0.14025724,0.05035419,-0.15689575,-0.20430474,-0.04573909,-0.06861341,-0.14635450,0.05626409,-0.14234162
4.570000,0.44668259,0.02929327,1.18744836,0.37419871,1.39965449,0.21185598,-0.21341441,-0.04350295,-0.07509613,-0.14170729,0.05091201,-0.15830390,-0.20018139,-0.04489685,-0.06718315,-0.14363673,0.05529016,-0.13927401
4.580000,0.44453851,0.02885601,1.18669406,0.37277450,1.40016636,0.21026603,-0.21539500,-0.04394755,-0.07576063,-0.14312958,0.05145983,-0.15968094,-0.19591345,-0.04401660,-0.06571000,-0.14080213,0.05426683,-0.13611754
4.590000,0.44237484,0.02841435,1.18593320,0.37133621,1.40068366,0.20866246,-0.21733219,-0.04438316,-0.07641018,-0.14452294,0.05199718,-0.16102596,-0.19149961,-0.04309789,-0.06419369,-0.13784940,0.05319347,-0.13287167
4.600000,0.44019201,0.02796838,1.18516591,0.36988414,1.40120627,0.20704562,-0.21922450,-0.04480938,-0.07704436,-0.14588617,0.05252353,-0.16233807,-0.18693860,-0.04214028,-0.06263392,-0.13477722,0.05206943,-0.12953584
4.610000,0.43799050,0.02751819,1.18439236,0.36841860,1.40173409,0.20541582,-0.22107047,-0.04522583,-0.07766272,-0.14721808,0.05303839,-0.16361637,-0.18222914,-0.04114332,-0.06103042,-0.13158429,0.05089409,-0.12610951
4.620000,0.43577076,0.02706389,1.18361271,0.36693989,1.40226700,0.20377341,-0.22286859,-0.04563212,-0.07826482,-0.14851745,0.05354124,-0.16485996,-0.17736993,-0.04010657,-0.05938290,-0.12826929,0.04966682,-0.12259212
4.630000,0.43353329,0.02660558,1.18282712,0.36544836,1.40280487,0.20211874,-0.22461736,-0.04602783,-0.07885023,-0.14978306,0.05403156,-0.16606791,-0.17235971,-0.03902957,-0.05769108,-0.12483092,0.04838699,-0.11898313
4.640000,0.43127859,0.02614337,1.18203576,0.36394435,1.40334759,0.20045217,-0.22631528,-0.04641257,-0.07941850,-0.15101366,0.05450881,-0.16723931,-0.16719940,-0.03791246,-0.05595533,-0.12126962,0.04705468,-0.11528338
4.650000,0.42900716,0.02567737,1.18123881,0.36242821,1.40389500,0.19877407,-0.22796088,-0.04678595,-0.07996920,-0.15220806,0.05497248,-0.16837329,-0.16189856,-0.03675756,-0.05417855,-0.11759256,0.04567280,-0.11149919
4.660000,0.42671955,0.02520769,1.18043644,0.36090031,1.40444699,0.19708483,-0.22955282,-0.04714761,-0.08050194,-0.15336515,0.05542211,-0.16946904,-0.15646881,-0.03556777,-0.05236424,-0.11380855,0.04424493,-0.10763814
4.670000,0.42441629,0.02473446,1.17962883,0.35936103,1.40500340,0.19538482,-0.23108987,-0.04749720,-0.08101637,-0.15448391,0.05585724,-0.17052583,-0.15092176,-0.03434593,-0.05051593,-0.10992638,0.04277464,-0.10370786
4.680000,0.42209794,0.02425779,1.17881617,0.35781076,1.40556408,0.19367445,-0.23257090,-0.04783443,-0.08151216,-0.15556338,0.05627747,-0.17154299,-0.14526903,-0.03309493,-0.04863712,-0.10595487,0.04126552,-0.09971595
4.690000,0.41976506,0.02377781,1.17799865,0.35624990,1.40612890,0.19195410,-0.23399493,-0.04815901,-0.08198902,-0.15660274,0.05668243,-0.17251997,-0.13952226,-0.03181764,-0.04673132,-0.10190281,0.03972114,-0.09567002
4.700000,0.41741823,0.02329465,1.17717646,0.35467884,1.40669768,0.19022418,-0.23536107,-0.04847070,-0.08244671,-0.15760120,0.05707179,-0.17345624,-0.13369305,-0.03051692,-0.04480205,-0.09777901,0.03814507,-0.09157768
4.710000,0.41505803,0.02280844,1.17634978,0.35309801,1.40727028,0.18848511,-0.23666856,-0.04876928,-0.08288500,-0.15855811,0.05744524,-0.17435139,-0.12779302,-0.02919565,-0.04285281,-0.09359227,0.03654090,-0.08744653
4.720000,0.41268506,0.02231931,1.17551882,0.35150782,1.40784653,0.18673729,-0.23791674,-0.04905456,-0.08330371,-0.15947287,0.05780253,-0.17520507,-0.12183381,-0.02785670,-0.04088711,-0.08935140,0.03491221,-0.08328418
4.730000,0.41029990,0.02182740,1.17468377,0.34990870,1.40842627,0.18498115,-0.23910508,-0.04932637,-0.08370270,-0.16034498,0.05814342,-0.17601699,-0.11582702,-0.02650294,-0.03890848,-0.08506521,0.03326256,-0.07909824
4.740000,0.40790316,0.02133283,1.17384483,0.34830107,1.40900934,0.18321709,-0.24023316,-0.04958458,-0.08408185,-0.16117405,0.05846772,-0.17678698,-0.10978428,-0.02513724,-0.03692040,-0.08074248,0.03159555,-0.07489633
4.750000,0.40549544,0.02083575,1.17300220,0.34668536,1.40959557,0.18144555,-0.24130068,-0.04982908,-0.08444108,-0.16195974,0.05877528,-0.17751489,-0.10371721,-0.02376247,-0.03492641,-0.07639203,0.02991474,-0.07068604
4.760000,0.40307735,0.02033629,1.17215608,0.34506202,1.41018479,0.17966694,-0.24230746,-0.05005981,-0.08478037,-0.16270183,0.05906598,-0.17820070,-0.09763743,-0.02238151,-0.03293000,-0.07202266,0.02822372,-0.06647498
4.770000,0.40064949,0.01983460,1.17130666,0.34343147,1.41077684,0.17788167,-0.24325343,-0.05027670,-0.08509969,-0.16340016,0.05933973,-0.17884442,-0.09155655,-0.02099722,-0.03093470,-0.06764318,0.02652605,-0.06227077
4.780000,0.39821248,0.01933081,1.17045415,0.34179416,1.41137153,0.17609019,-0.24413863,-0.05047975,-0.08539908,-0.16405468,0.05959649,-0.17944616,-0.08548621,-0.01961247,-0.02894400,-0.06326239,0.02482533,-0.05808102
4.790000,0.39576692,0.01882505,1.16959875,0.34015052,1.41196871,0.17429289,-0.24496322,-0.05066896,-0.08567859,-0.16466543,0.05983624,-0.18000611,-0.07943802,-0.01823014,-0.02696143,-0.05888908,0.02312513,-0.05391332
4.800000,0.39331342,0.01831747,1.16874065,0.33850100,1.41256820,0.17249020,-0.24572750,-0.05084437,-0.08593834,-0.16523252,0.06005901,-0.18052452,-0.07342360,-0.01685310,-0.02499049,-0.05453207,0.02142902,-0.04977529
4.810000,0.39085257,0.01780821,1.16788005,0.33684602,1.41316983,0.17068254,-0.24643185,-0.05100605,-0.08617845,-0.16575616,0.06026485,-0.18100174,-0.06745457,-0.01548421,-0.02303469,-0.05020016,0.01974059,-0.04567453
4.820000,0.38838498,0.01729740,1.16701714,0.33518602,1.41377344,0.16887030,-0.24707678,-0.05115409,-0.08639910,-0.16623664,0.06045386,-0.18143817,-0.06154255,-0.01412636,-0.02109755,-0.04590216,0.01806340,-0.04161866
4.830000,0.38591123,0.01678517,1.16615213,0.33352143,1.41437885,0.16705391,-0.24766293,-0.05128862,-0.08660048,-0.16667434,0.06062616,-0.18183429,-0.05569917,-0.01278240,-0.01918257,-0.04164685,0.01640105,-0.03761528
4.840000,0.38343191,0.01627167,1.16528520,0.33185267,1.41498591,0.16523375,-0.24819103,-0.05140979,-0.08678284,-0.16706975,0.06078194,-0.18219067,-0.04993603,-0.01145522,-0.01729326,-0.03744306,0.01475710,-0.03367200
4.850000,0.38094760,0.01575702,1.16441653,0.33018017,1.41559444,0.16341023,-0.24866195,-0.05151779,-0.08694644,-0.16742341,0.06092138,-0.18250795,-0.04426477,-0.01014768,-0.01543315,-0.03329958,0.01313514,-0.02979643
4.860000,0.37845886,0.01524136,1.16354633,0.32850434,1.41620428,0.16158372,-0.24907667,-0.05161282,-0.08709161,-0.16773597,0.06104473,-0.18278685,-0.03869700,-0.00886265,-0.01360573,-0.02922522,0.01153874,-0.02599618
4.870000,0.37596625,0.01472481,1.16267476,0.32682559,1.41681528,0.15975461,-0.24943628,-0.05169513,-0.08721868,-0.16800817,0.06115225,-0.18302815,-0.03324435,-0.00760300,-0.01181452,-0.02522878,0.00997147,-0.02227885
4.880000,0.37347031,0.01420750,1.16180201,0.32514431,1.41742728,0.15792328,-0.24974198,-0.05176498,-0.08732803,-0.16824083,0.06124427,-0.18323273,-0.02791843,-0.00637161,-0.01006302,-0.02131906,0.00843693,-0.01865206
4.890000,0.37097159,0.01368955,1.16092826,0.32346090,1.41804011,0.15609008,-0.24999511,-0.05182266,-0.08742008,-0.16843487,0.06132111,-0.18340152,-0.02273087,-0.00517135,-0.00835476,-0.01750487,0.00693868,-0.01512340
4.900000,0.36847058,0.01317108,1.16005367,0.32177574,1.41865365,0.15425536,-0.25019710,-0.05186852,-0.08749528,-0.16859128,0.06138317,-0.18353555,-0.01769327,-0.00400508,-0.00669324,-0.01379500,0.00548031,-0.01170050
4.910000,0.36596781,0.01265222,1.15917841,0.32008919,1.41926773,0.15241948,-0.25034951,-0.05190289,-0.08755411,-0.16871115,0.06143086,-0.18363591,-0.01281728,-0.00287569,-0.00508197,-0.01019828,0.00406538,-0.00839095
4.920000,0.36346375,0.01213306,1.15830264,0.31840163,1.41988222,0.15058275,-0.25045402,-0.05192616,-0.08759710,-0.16879565,0.06146464,-0.18370377,-0.00811450,-0.00178603,-0.00352447,-0.00672349,0.00269748,-0.00520236
4.930000,0.36095888,0.01161373,1.15742652,0.31671340,1.42049698,0.14874551,-0.25051242,-0.05193875,-0.08762479,-0.16884605,0.06148498,-0.18374039,-0.00359656,-0.00073898,-0.00202424,-0.00337944,0.00138019,-0.00214235
4.940000,0.35845365,0.01109432,1.15655019,0.31502482,1.42111188,0.14690805,-0.25052661,-0.05194109,-0.08763779,-0.16886370,0.06149242,-0.18374707,0.00072493,0.00026259,-0.00058479,-0.00017494,0.00011709,0.00078147
4.950000,0.35594849,0.01057494,1.15567381,0.31333623,1.42172679,0.14507066,-0.25049861,-0.05193366,-0.08763670,-0.16885004,0.06148752,-0.18372524,0.00483834,0.00121580,0.00079036,0.00288121,-0.00108826,0.00356151
4.960000,0.35344381,0.01005568,1.15479750,0.31164792,1.42234159,0.14323363,-0.25043057,-0.05191695,-0.08762221,-0.16880660,0.06147086,-0.18367635,0.00873205,0.00211779,0.00209771,0.00578021,-0.00223226,0.00619015
4.970000,0.35094001,0.00953663,1.15392141,0.30996019,1.42295617,0.14139722,-0.25032474,-0.05189149,-0.08759499,-0.16873499,0.06144309,-0.18360196,0.01239445,0.00296569,0.00333374,0.00851326,-0.00331135,0.00865979
4.980000,0.34843744,0.00901788,1.15304564,0.30827331,1.42357041,0.13956167,-0.25018349,-0.05185782,-0.08755578,-0.16863692,0.06140486,-0.18350371,0.01581391,0.00375662,0.00449494,0.01107155,-0.00432194,0.01096281
4.990000,0.34593645,0.00849950,1.15217033,0.30658753,1.42418423,0.13772722,-0.25000931,-0.05181655,-0.08750535,-0.16851417,0.06135689,-0.18338329,0.01897881,0.00448772,0.00557780,0.01344627,-0.00526046,0.01309161
5.000000,0.34343735,0.00798157,1.15129557,0.30490310,1.42479752,0.13589407,-0.24980481,-0.05176828,-0.08744450,-0.16836864,0.06129990,-0.18324248,0.02187753,0.00515611,0.00657881,0.01562863,-0.00612333,0.01503858
5.010000,0.34094044,0.00746415,1.15042147,0.30322023,1.42541020,0.13406243,-0.24957269,-0.05171365,-0.08737406,-0.16820227,0.06123469,-0.18308315,0.02449845,0.00575892,0.00749446,0.01760981,-0.00690697,0.01679611
5.020000,0.33844598,0.00694731,1.14954812,0.30153912,1.42602219,0.13223247,-0.24931580,-0.05165333,-0.08729490,-0.16801714,0.06116204,-0.18290722,0.02682995,0.00629328,0.00832124,0.01938102,-0.00760781,0.01835660
5.030000,0.33595420,0.00643110,1.14867560,0.29985994,1.42663342,0.13040434,-0.24903709,-0.05158802,-0.08720794,-0.16781538,0.06108282,-0.18271670,0.02886041,0.00675632,0.00905564,0.02093346,-0.00822226,0.01971243
5.040000,0.33346530,0.00591557,1.14780398,0.29818286,1.42724383,0.12857817,-0.24873963,-0.05151845,-0.08711411,-0.16759922,0.06099789,-0.18251367,0.03058124,0.00714591,0.00969502,0.02226053,-0.00874764,0.02085802
5.050000,0.33097946,0.00540075,1.14693334,0.29650800,1.42785336,0.12675410,-0.24842648,-0.05144534,-0.08701435,-0.16737091,0.06090815,-0.18230022,0.03199979,0.00746381,0.01024138,0.02336736,-0.00918594,0.02179848
5.060000,0.32849681,0.00488667,1.14606371,0.29483547,1.42846198,0.12493220,-0.24810060,-0.05136940,-0.08690958,-0.16713258,0.06081445,-0.18207836,0.03312865,0.00771309,0.01069824,0.02426289,-0.00954073,0.02254241
5.070000,0.32601748,0.00437336,1.14519516,0.29316537,1.42906964,0.12311255,-0.24776483,-0.05129130,-0.08680067,-0.16688632,0.06071761,-0.18185000,0.03398043,0.00789680,0.01106911,0.02495608,-0.00981552,0.02309841
5.080000,0.32354154,0.00386085,1.14432771,0.29149776,1.42967632,0.12129521,-0.24742187,-0.05121167,-0.08668847,-0.16663410,0.06061840,-0.18161699,0.03456771,0.00801797,0.01135751,0.02545589,-0.01001387,0.02347509
5.090000,0.32106906,0.00334913,1.14346140,0.28983270,1.43028200,0.11948022,-0.24707431,-0.05113114,-0.08657379,-0.16637782,0.06051757,-0.18138107,0.03490309,0.00807968,0.01156695,0.02577126,-0.01013932,0.02368107
5.100000,0.31860006,0.00283823,1.14259624,0.28817022,1.43088667,0.11766760,-0.24672461,-0.05105027,-0.08645739,-0.16611926,0.06041584,-0.18114390,0.03499917,0.00808496,0.01170096,0.02591115,-0.01019540,0.02372494
5.110000,0.31613456,0.00232813,1.14173225,0.28651032,1.43149032,0.11585734,-0.24637508,-0.05096962,-0.08634001,-0.16586015,0.06031388,-0.18090708,0.03486853,0.00803688,0.01176304,0.02588452,-0.01018567,0.02361531
5.120000,0.31367255,0.00181883,1.14086944,0.28485301,1.43209295,0.11404945,-0.24602795,-0.05088970,-0.08622235,-0.16560210,0.06021234,-0.18067208,0.03452379,0.00793847,0.01175671,0.02570033,-0.01011366,0.02336079
5.130000,0.31121399,0.00131033,1.14000780,0.28319827,1.43269457,0.11224389,-0.24568528,-0.05081100,-0.08610509,-0.16534664,0.06011181,-0.18044032,0.03397752,0.00779281,0.01168549,0.02536752,-0.00998292,0.02296999
5.140000,0.30875882,0.00080261,1.13914734,0.28154606,1.43329519,0.11044063,-0.24534903,-0.05073399,-0.08598885,-0.16509521,0.06001286,-0.18021311,0.03324232,0.00760293,0.01155290,0.02489505,-0.00979698,0.02245152
5.150000,0.30630698,0.00029564,1.13828802,0.27989635,1.43389483,0.10863961,-0.24502102,-0.05065908,-0.08587422,-0.16484917,0.05991604,-0.17999168,0.03233080,0.00737188,0.01136244,0.02429188,-0.00955939,0.02181397
5.160000,0.30385837,-0.00021058,1.13742984,0.27824906,1.43449352,0.10684077,-0.24470296,-0.05058668,-0.08576178,-0.16460978,0.05982183,-0.17977720,0.03125554,0.00710273,0.01111764,0.02356695,-0.00927369,0.02106597
5.170000,0.30141288,-0.00071610,1.13657278,0.27660412,1.43509128,0.10504404,-0.24439642,-0.05051714,-0.08565204,-0.16437821,0.05973071,-0.17957070,0.03002915,0.00679853,0.01082202,0.02272923,-0.00894343,0.02021611
5.180000,0.29897040,-0.00122094,1.13571679,0.27496146,1.43568815,0.10324933,-0.24410284,-0.05045082,-0.08554550,-0.16415554,0.05964310,-0.17937318,0.02866421,0.00646231,0.01047908,0.02178767,-0.00857214,0.01927300
5.190000,0.29653078,-0.00172513,1.13486185,0.27332098,1.43628416,0.10145654,-0.24382355,-0.05038799,-0.08544260,-0.16394277,0.05955940,-0.17918553,0.02717331,0.00609715,0.01009235,0.02075123,-0.00816337,0.01824525
5.200000,0.29409388,-0.00222871,1.13400793,0.27168257,1.43687935,0.09966558,-0.24355975,-0.05032896,-0.08534378,-0.16374081,0.05947995,-0.17900853,0.02556907,0.00570608,0.00966534,0.01962885,-0.00772066,0.01714146
5.210000,0.29165953,-0.00273172,1.13315496,0.27004613,1.43747377,0.09787633,-0.24331251,-0.05027395,-0.08524942,-0.16355045,0.05940508,-0.17884292,0.02386406,0.00529217,0.00920157,0.01842950,-0.00724755,0.01597025
5.220000,0.28922757,-0.00323420,1.13230292,0.26841152,1.43806747,0.09608868,-0.24308276,-0.05022318,-0.08515986,-0.16337244,0.05933509,-0.17868932,0.02207089,0.00485846,0.00870455,0.01716212,-0.00674758,0.01474022
5.230000,0.28679781,-0.00373620,1.13145175,0.26677863,1.43866049,0.09430250,-0.24287134,-0.05017684,-0.08507543,-0.16320741,0.05927021,-0.17854828,0.02020215,0.00440800,0.00817779,0.01583567,-0.00622430,0.01345997
5.240000,0.28437008,-0.00423775,1.13060140,0.26514733,1.43925289,0.09251767,-0.24267893,-0.05013507,-0.08499640,-0.16305590,0.05921067,-0.17842026,0.01827043,0.00394385,0.00762483,0.01445912,-0.00568124,0.01213812
5.250000,0.28194417,-0.00473892,1.12975180,0.26351747,1.43984472,0.09073405,-0.24250610,-0.05009799,-0.08492301,-0.16291836,0.05915664,-0.17830563,0.01628833,0.00346906,0.00704916,0.01304140,-0.00512195,0.01078327
5.260000,0.27951989,-0.00523973,1.12890292,0.26188891,1.44043604,0.08895151,-0.24235329,-0.05006571,-0.08485548,-0.16279518,0.05910827,-0.17820468,0.01426845,0.00298668,0.00645431,0.01159148,-0.00454997,0.00940402
5.270000,0.27709704,-0.00574025,1.12805467,0.26026152,1.44102690,0.08716992,-0.24222081,-0.05003828,-0.08479397,-0.16268661,0.05906567,-0.17811760,0.01222338,0.00249977,0.00584379,0.01011831,-0.00396885,0.00800899
5.280000,0.27467540,-0.00624051,1.12720702,0.25863513,1.44161737,0.08538912,-0.24210886,-0.05001572,-0.08473864,-0.16259286,0.05902891,-0.17804452,0.01016572,0.00201137,0.00522113,0.00863084,-0.00338212,0.00660678
5.290000,0.27225479,-0.00674058,1.12635988,0.25700961,1.44220750,0.08360898,-0.24201750,-0.04999804,-0.08468958,-0.16251401,0.05899803,-0.17798546,0.00810805,0.00152453,0.00458982,0.00713803,-0.00279333,0.00520600
5.300000,0.26983499,-0.00724049,1.12551320,0.25538480,1.44279735,0.08182936,-0.24194666,-0.04998521,-0.08464686,-0.16245008,0.05897304,-0.17794037,0.00606298,0.00104232,0.00395340,0.00564884,-0.00220602,0.00381526
5.310000,0.26741579,-0.00774030,1.12466692,0.25376056,1.44338698,0.08005012,-0.24189616,-0.04997717,-0.08461052,-0.16240099,0.05895390,-0.17790910,0.00404310,0.00056778,0.00331538,0.00417222,-0.00162372,0.00244315
5.320000,0.26499700,-0.00824005,1.12382097,0.25213673,1.44397645,0.07827113,-0.24186567,-0.04997382,-0.08458055,-0.16236657,0.05894054,-0.17789142,0.00206101,0.00010396,0.00267927,0.00271711,-0.00104999,0.00109830
5.330000,0.26257841,-0.00873979,1.12297529,0.25051318,1.44456581,0.07649225,-0.24185477,-0.04997505,-0.08455691,-0.16234655,0.05893286,-0.17788701,0.00012929,-0.00034609,0.00204859,0.00129249,-0.00048837,-0.00021070
5.340000,0.26015984,-0.00923956,1.12212981,0.24888976,1.44515513,0.07471335,-0.24186288,-0.04998069,-0.08453955,-0.16234059,0.05893072,-0.17789548,-0.00173945,-0.00077930,0.00142685,-0.00009270,0.00005761,-0.00147524
5.350000,0.25774109,-0.00973942,1.12128448,0.24726632,1.44574445,0.07293430,-0.24188930,-0.04999057,-0.08452834,-0.16234824,0.05893395,-0.17791634,-0.00353262,-0.00119264,0.00081758,-0.00142950,0.00058440,-0.00268670
5.360000,0.25532199,-0.01023939,1.12043923,0.24564275,1.44633382,0.07115498,-0.24193323,-0.05000447,-0.08452314,-0.16236899,0.05894233,-0.17794901,-0.00523762,-0.00158305,0.00022428,-0.00270897,0.00108846,-0.00383649
5.370000,0.25290237,-0.01073952,1.11959400,0.24401890,1.44692331,0.06937528,-0.24199372,-0.05002214,-0.08452378,-0.16240220,0.05895563,-0.17799283,-0.00684187,-0.00194747,-0.00034952,-0.00392213,0.00156624,-0.00491599
5.380000,0.25048207,-0.01123984,1.11874873,0.24239466,1.44751295,0.06759509,-0.24206969,-0.05004332,-0.08453005,-0.16244718,0.05897356,-0.17804707,-0.00833276,-0.00228286,-0.00090031,-0.00506005,0.00201421,-0.00591661
5.390000,0.24806093,-0.01174040,1.11790338,0.24076992,1.44810279,0.06581431,-0.24215996,-0.05006769,-0.08454170,-0.16250312,0.05899580,-0.17811088,-0.00969770,-0.00258616,-0.00142458,-0.00611376,0.00242883,-0.00682973
5.400000,0.24563882,-0.01224121,1.11705788,0.23914457,1.44869288,0.06403285,-0.24226319,-0.05009492,-0.08455845,-0.16256914,0.05902201,-0.17818334,-0.01092409,-0.00285432,-0.00191881,-0.00707431,0.00280654,-0.00764674
5.410000,0.24321563,-0.01274230,1.11621219,0.23751851,1.44928325,0.06225062,-0.24237793,-0.05012465,-0.08457997,-0.16264427,0.05905180,-0.17826346,-0.01199934,-0.00308429,-0.00237948,-0.00793275,0.00314382,-0.00835904
5.420000,0.24079123,-0.01324371,1.11536627,0.23589166,1.44987393,0.06046755,-0.24250263,-0.05015647,-0.08460591,-0.16272743,0.05908474,-0.17835014,-0.01291086,-0.00327302,-0.00280307,-0.00868012,0.00343711,-0.00895802
5.430000,0.23836555,-0.01374544,1.11452006,0.23426394,1.45046495,0.05868360,-0.24263556,-0.05018996,-0.08463589,-0.16281747,0.05912038,-0.17844221,-0.01364605,-0.00341745,-0.00318608,-0.00930747,0.00368288,-0.00943508
5.440000,0.23593850,-0.01424751,1.11367354,0.23263529,1.45105634,0.05689870,-0.24277492,-0.05022466,-0.08466949,-0.16291315,0.05915823,-0.17853841,-0.01419424,-0.00351501,-0.00352542,-0.00980715,0.00387810,-0.00978293
5.450000,0.23351003,-0.01474993,1.11282666,0.23100566,1.45164812,0.05511282,-0.24291884,-0.05026011,-0.08470626,-0.16301319,0.05919778,-0.17863745,-0.01455874,-0.00356666,-0.00382127,-0.01018106,0.00402354,-0.01000396
5.460000,0.23108011,-0.01525271,1.11197940,0.22937501,1.45224030,0.05332594,-0.24306552,-0.05029585,-0.08474577,-0.16311637,0.05923854,-0.17873809,-0.01474904,-0.00357488,-0.00407520,-0.01043531,0.00412161,-0.01010481
5.470000,0.22864872,-0.01575585,1.11113174,0.22774332,1.45283289,0.05153806,-0.24321327,-0.05033147,-0.08478763,-0.16322152,0.05928006,-0.17883917,-0.01477464,-0.00354219,-0.00428883,-0.01057602,0.00417475,-0.01009213
5.480000,0.22621585,-0.01625934,1.11028364,0.22611058,1.45342590,0.04974916,-0.24336049,-0.05036657,-0.08483142,-0.16332753,0.05932189,-0.17893958,-0.01464505,-0.00347107,-0.00446373,-0.01060932,0.00418540,-0.00997260
5.490000,0.22378152,-0.01676318,1.10943510,0.22447677,1.45401933,0.04795927,-0.24350568,-0.05040077,-0.08487678,-0.16343337,0.05936363,-0.17903829,-0.01436980,-0.00336403,-0.00460151,-0.01054133,0.00415598,-0.00975286
5.500000,0.22134575,-0.01726735,1.10858610,0.22284192,1.45461317,0.04616840,-0.24364743,-0.05043374,-0.08492333,-0.16353804,0.05940489,-0.17913432,-0.01395838,-0.00322357,-0.00470376,-0.01037817,0.00408894,-0.00943958
5.510000,0.21890858,-0.01777185,1.10773663,0.22120602,1.45520743,0.04437660,-0.24378443,-0.05046514,-0.08497074,-0.16364064,0.05944529,-0.17922679,-0.01342030,-0.00305220,-0.00477208,-0.01012597,0.00398669,-0.00903942
5.520000,0.21647008,-0.01827665,1.10688669,0.21956911,1.45580208,0.04258388,-0.24391545,-0.05049469,-0.08501867,-0.16374029,0.05948451,-0.17931484,-0.01276509,-0.00285242,-0.00480807,-0.00979086,0.00385169,-0.00855904
5.530000,0.21403030,-0.01878173,1.10603626,0.21793123,1.45639711,0.04079032,-0.24403937,-0.05052210,-0.08506680,-0.16383620,0.05952223,-0.17939772,-0.01200224,-0.00262672,-0.00481331,-0.00937896,0.00368635,-0.00800509
5.540000,0.21158932,-0.01928708,1.10518535,0.21629240,1.45699251,0.03899595,-0.24415517,-0.05054714,-0.08511484,-0.16392763,0.05955815,-0.17947472,-0.01114126,-0.00237762,-0.00478940,-0.00889639,0.00349312,-0.00738425
5.550000,0.20914723,-0.01979267,1.10433396,0.21465269,1.45758827,0.03720084,-0.24426190,-0.05056959,-0.08516249,-0.16401391,0.05959200,-0.17954521,-0.01019168,-0.00210761,-0.00473795,-0.00834928,0.00327443,-0.00670316
5.560000,0.20670411,-0.02029846,1.10348210,0.21301215,1.45818435,0.03540507,-0.24435874,-0.05058923,-0.08520951,-0.16409442,0.05962356,-0.17960861,-0.00916300,-0.00181919,-0.00466054,-0.00774375,0.00303270,-0.00596850
5.570000,0.20426009,-0.02080444,1.10262978,0.21137082,1.45878073,0.03360870,-0.24444493,-0.05060592,-0.08525562,-0.16416861,0.05965259,-0.17966442,-0.00806472,-0.00151487,-0.00455876,-0.00708592,0.00277038,-0.00518691
5.580000,0.20181525,-0.02131057,1.10177699,0.20972880,1.45937739,0.03181181,-0.24451983,-0.05061949,-0.08530061,-0.16423599,0.05967891,-0.17971221,-0.00690636,-0.00119714,-0.00443423,-0.00638193,0.00248990,-0.00436507
5.590000,0.19936973,-0.02181682,1.10092377,0.20808613,1.45997430,0.03001448,-0.24458289,-0.05062982,-0.08534424,-0.16429612,0.05970234,-0.17975161,-0.00569744,-0.00086852,-0.00428852,-0.00563789,0.00219368,-0.00350962
5.600000,0.19692364,-0.02232316,1.10007011,0.20644290,1.46057143,0.02821680,-0.24463364,-0.05063683,-0.08538631,-0.16434863,0.05972273,-0.17978231,-0.00444745,-0.00053149,-0.00412324,-0.00485993,0.00188417,-0.00262723
5.610000,0.19447710,-0.02282955,1.09921605,0.20479918,1.46116874,0.02641886,-0.24467173,-0.05064043,-0.08542664,-0.16439322,0.05973998,-0.17980409,-0.00316591,-0.00018857,-0.00393998,-0.00405418,0.00156380,-0.00172457
5.620000,0.19203025,-0.02333596,1.09836159,0.20315506,1.46176621,0.02462075,-0.24469689,-0.05064059,-0.08546506,-0.16442964,0.05975398,-0.17981676,-0.00186233,0.00015774,-0.00374034,-0.00322675,0.00123499,-0.00080828
5.630000,0.18958321,-0.02384235,1.09750675,0.20151062,1.46236381,0.02282256,-0.24470894,-0.05063728,-0.08550140,-0.16445770,0.05976466,-0.17982023,-0.00054623,0.00050495,-0.00352591,-0.00238378,0.00090019,0.00011496
5.640000,0.18713611,-0.02434869,1.09665157,0.19986594,1.46296150,0.02102438,-0.24470780,-0.05063050,-0.08553553,-0.16447729,0.05977197,-0.17981446,0.00077290,0.00085055,-0.00329829,-0.00153138,0.00056182,0.00103851
5.650000,0.18468909,-0.02485495,1.09579605,0.19822110,1.46355924,0.01922630,-0.24469350,-0.05062028,-0.08556733,-0.16448832,0.05977590,-0.17979948,0.00208553,0.00119204,-0.00305907,-0.00067569,0.00022232,0.00195569
5.660000,0.18224228,-0.02536108,1.09494023,0.19657620,1.46415700,0.01742842,-0.24466615,-0.05060668,-0.08559668,-0.16449081,0.05977643,-0.17977539,0.00338216,0.00152692,-0.00280985,0.00017717,-0.00011588,0.00285986
5.670000,0.17979581,-0.02586707,1.09408413,0.19493131,1.46475476,0.01563082,-0.24462594,-0.05058977,-0.08562350,-0.16448481,0.05977359,-0.17974235,0.00465328,0.00185268,-0.00255222,0.00102109,-0.00045034,0.00374434
5.680000,0.17734981,-0.02637287,1.09322777,0.19328653,1.46535246,0.01383360,-0.24457320,-0.05056966,-0.08564770,-0.16447044,0.05976744,-0.17970059,0.00588938,0.00216682,-0.00228778,0.00184993,-0.00077863,0.00460248
5.690000,0.17490439,-0.02687845,1.09237118,0.19164193,1.46595009,0.01203684,-0.24450830,-0.05054648,-0.08566923,-0.16444788,0.05975805,-0.17965041,0.00708094,0.00246685,-0.00201813,0.00265757,-0.00109831,0.00542762
5.700000,0.17245968,-0.02738379,1.09151439,0.18999760,1.46654761,0.01024062,-0.24443176,-0.05052038,-0.08568805,-0.16441738,0.05974551,-0.17959217,0.00821846,0.00275026,-0.00174486,0.00343789,-0.00140697,0.00621310
5.710000,0.17001579,-0.02788885,1.09065743,0.18835361,1.46714499,0.00844502,-0.24434415,-0.05049154,-0.08570413,-0.16437923,0.05972995,-0.17952630,0.00929243,0.00301455,-0.00146956,0.00418475,-0.00170215,0.00695225
5.720000,0.16757283,-0.02839361,1.08980032,0.18671004,1.46774220,0.00665012,-0.24424615,-0.05046016,-0.08571744,-0.16433381,0.05971152,-0.17945330,0.01029333,0.00325721,-0.00119383,0.00489205,-0.00198143,0.00763843
5.730000,0.16513090,-0.02889805,1.08894309,0.18506696,1.46833922,0.00485598,-0.24413856,-0.05042648,-0.08572801,-0.16428154,0.05969038,-0.17937373,0.01121166,0.00347575,-0.00091927,0.00555364,-0.00224238,0.00826496
5.740000,0.16269009,-0.02940213,1.08808577,0.18342443,1.46893600,0.00306266,-0.24402223,-0.05039073,-0.08573584,-0.16422291,0.05966674,-0.17928822,0.01203790,0.00366766,-0.00064747,0.00616342,-0.00248256,0.00882519
5.750000,0.16025048,-0.02990585,1.08722838,0.18178252,1.46953254,0.00127023,-0.24389814,-0.05035322,-0.08574097,-0.16415847,0.05964081,-0.17919747,0.01276255,0.00383045,-0.00038002,0.00671525,-0.00269954,0.00931246
5.760000,0.15781215,-0.03040919,1.08637096,0.18014128,1.47012881,-0.00052127,-0.24376735,-0.05031423,-0.08574346,-0.16408882,0.05961284,-0.17910224,0.01337610,0.00396160,-0.00011853,0.00720300,-0.00289088,0.00972010
5.770000,0.15537515,-0.03091213,1.08551352,0.17850076,1.47072479,-0.00231180,-0.24363102,-0.05027410,-0.08574337,-0.16401464,0.05958309,-0.17900336,0.01386902,0.00405862,0.00013541,0.00762056,-0.00305415,0.01004146
5.780000,0.15293954,-0.03141467,1.08465610,0.17686100,1.47132047,-0.00410133,-0.24349040,-0.05023318,-0.08574078,-0.16393667,0.05955185,-0.17890172,0.01423183,0.00411900,0.00038022,0.00796181,-0.00318693,0.01026988
5.790000,0.15050535,-0.03191680,1.08379871,0.17522203,1.47191583,-0.00588983,-0.24334684,-0.05019185,-0.08573580,-0.16385568,0.05951946,-0.17879829,0.01445499,0.00414025,0.00061428,0.00822060,-0.00328676,0.01039870
5.800000,0.14807261,-0.03241851,1.08294139,0.17358389,1.47251086,-0.00767729,-0.24320180,-0.05015051,-0.08572853,-0.16377255,0.05948624,-0.17869410,0.01452901,0.00411986,0.00083601,0.00839083,-0.00335123,0.01042125
5.810000,0.14564132,-0.03291981,1.08208415,0.17194659,1.47310555,-0.00946371,-0.24305679,-0.05010960,-0.08571912,-0.16368818,0.05945256,-0.17859024,0.01444437,0.00405534,0.00104381,0.00846637,-0.00337790,0.01033088
5.820000,0.14321147,-0.03342070,1.08122701,0.17031013,1.47369991,-0.01124910,-0.24291347,-0.05006956,-0.08570771,-0.16360356,0.05941881,-0.17848788,0.01419157,0.00394417,0.00123608,0.00844108,-0.00336434,0.01012093
5.830000,0.14078304,-0.03392120,1.08037000,0.16867451,1.47429393,-0.01303348,-0.24277355,-0.05003088,-0.08569446,-0.16351972,0.05938541,-0.17838825,0.01376109,0.00378385,0.00141124,0.00830886,-0.00330810,0.00978473
5.840000,0.13835598,-0.03442133,1.07951313,0.16703973,1.47488762,-0.01481688,-0.24263887,-0.04999406,-0.08567955,-0.16343776,0.05935280,-0.17829263,0.01314469,0.00357225,0.00156780,0.00806434,-0.00320707,0.00931654
5.850000,0.13593024,-0.03492109,1.07865642,0.16540575,1.47548099,-0.01659935,-0.24251126,-0.04995960,-0.08566317,-0.16335880,0.05932142,-0.17820234,0.01234720,0.00331083,0.00170551,0.00771002,-0.00306227,0.00871985
5.860000,0.13350573,-0.03542053,1.07779987,0.16377254,1.47607405,-0.01838095,-0.24239249,-0.04992800,-0.08564550,-0.16328390,0.05929169,-0.17811863,0.01138110,0.00300320,0.00182484,0.00725304,-0.00287656,0.00800360
5.870000,0.13108235,-0.03591966,1.07694351,0.16214005,1.47666683,-0.02016175,-0.24228416,-0.04989968,-0.08562673,-0.16321405,0.05926401,-0.17804264,0.01025896,0.00265298,0.00192626,0.00670057,-0.00265281,0.00717679
5.880000,0.12866000,-0.03641854,1.07608734,0.16050824,1.47725934,-0.02194183,-0.24218779,-0.04987507,-0.08560703,-0.16315018,0.05923875,-0.17797543,0.00899335,0.00226381,0.00201024,0.00605978,-0.00239393,0.00624843
5.890000,0.12623855,-0.03691718,1.07523137,0.15887703,1.47785161,-0.02372129,-0.24210473,-0.04985452,-0.08558658,-0.16309313,0.05921624,-0.17791798,0.00759685,0.00183932,0.00207726,0.00533786,-0.00210279,0.00522751
5.900000,0.12381786,-0.03741564,1.07437561,0.15724635,1.47844368,-0.02550023,-0.24203624,-0.04983839,-0.08556554,-0.16304367,0.05919679,-0.17787116,0.00608203,0.00138313,0.00212779,0.00454198,-0.00178229,0.00412305
5.910000,0.12139778,-0.03791396,1.07352006,0.15561612,1.47903556,-0.02727875,-0.24198344,-0.04982695,-0.08554408,-0.16300251,0.05918069,-0.17783577,0.00446146,0.00089887,0.00216230,0.00367932,-0.00143529,0.00294404
5.920000,0.11897814,-0.03841220,1.07266473,0.15398627,1.47962730,-0.02905698,-0.24194733,-0.04982049,-0.08552235,-0.16297028,0.05916817,-0.17781250,0.00274772,0.00039017,0.00218127,0.00275706,-0.00106470,0.00169949
5.930000,0.11655877,-0.03891039,1.07180962,0.15235669,1.48021894,-0.03083504,-0.24192876,-0.04981922,-0.08550050,-0.16294754,0.05915946,-0.17780197,0.00095338,-0.00013933,0.00218518,0.00178238,-0.00067340,0.00039840
5.940000,0.11413950,-0.03940860,1.07095472,0.15072728,1.48081050,-0.03261307,-0.24192848,-0.04982333,-0.08547869,-0.16293479,0.05915476,-0.17780469,-0.00090899,-0.00068602,0.00217449,0.00076245,-0.00026427,-0.00095023
5.950000,0.11172014,-0.03990688,1.07010004,0.14909796,1.48140204,-0.03439118,-0.24194712,-0.04983298,-0.08545706,-0.16293242,0.05915423,-0.17782110,-0.00282680,-0.00124625,0.00214968,-0.00029554,0.00015980,-0.00233740
5.960000,0.10930049,-0.04040528,1.06924558,0.14746860,1.48199360,-0.03616954,-0.24198516,-0.04984829,-0.08543574,-0.16294080,0.05915800,-0.17785154,-0.00478750,-0.00181641,0.00211122,-0.00138442,0.00059592,-0.00375410
5.970000,0.10688037,-0.04090386,1.06839132,0.14583910,1.48258522,-0.03794826,-0.24204297,-0.04986933,-0.08541488,-0.16296019,0.05916617,-0.17789625,-0.00677850,-0.00239287,0.00205959,-0.00249701,0.00104121,-0.00519132
5.980000,0.10445957,-0.04140268,1.06753728,0.14420936,1.48317694,-0.03972751,-0.24212079,-0.04989616,-0.08539459,-0.16299079,0.05917884,-0.17795540,-0.00878724,-0.00297198,0.00199526,-0.00362614,0.00149279,-0.00664007
5.990000,0.10203789,-0.04190180,1.06668343,0.14257925,1.48376881,-0.04150742,-0.24221874,-0.04992877,-0.08537501,-0.16303274,0.05919604,-0.17802906,-0.01080113,-0.00355014,0.00191871,-0.00476461,0.00194776,-0.00809135
6.000000,0.09961512,-0.04240128,1.06582977,0.14094867,1.48436088,-0.04328814,-0.24233679,-0.04996714,-0.08535626,-0.16308609,0.05921780,-0.17811721,-0.01280761,-0.00412370,0.00183040,-0.00590526,0.00240325,-0.00953615
6.010000,0.09719108,-0.04290116,1.06497630,0.13931749,1.48495318,-0.04506981,-0.24247482,-0.05001122,-0.08533844,-0.16315083,0.05924410,-0.17821973,-0.01479410,-0.00468903,0.00173081,-0.00704091,0.00285636,-0.01096546
6.020000,0.09476556,-0.04340152,1.06412300,0.13768561,1.48554577,-0.04685258,-0.24263256,-0.05006089,-0.08532168,-0.16322687,0.05927491,-0.17833643,-0.01674803,-0.00524252,0.00162042,-0.00816438,0.00330421,-0.01237029
6.030000,0.09233837,-0.04390240,1.06326986,0.13605292,1.48613870,-0.04863659,-0.24280963,-0.05011602,-0.08530607,-0.16331406,0.05931016,-0.17846703,-0.01865682,-0.00578052,0.00149970,-0.00926849,0.00374392,-0.01374163
6.040000,0.08990931,-0.04440386,1.06241688,0.13441929,1.48673199,-0.05042197,-0.24300551,-0.05017643,-0.08529172,-0.16341215,0.05934975,-0.17861113,-0.02050790,-0.00629942,0.00136912,-0.01034607,0.00417260,-0.01507048
6.050000,0.08747820,-0.04490595,1.06156403,0.13278464,1.48732570,-0.05220885,-0.24321955,-0.05024193,-0.08527872,-0.16352086,0.05939356,-0.17876826,-0.02228870,-0.00679558,0.00122915,-0.01138992,0.00458735,-0.01634784
6.060000,0.08504486,-0.04540871,1.06071130,0.13114884,1.48791988,-0.05399737,-0.24345101,-0.05031226,-0.08526716,-0.16363982,0.05944144,-0.17893788,-0.02398664,-0.00726537,0.00108028,-0.01239289,0.00498531,-0.01756470
6.070000,0.08260912,-0.04591221,1.05985868,0.12951181,1.48851455,-0.05578765,-0.24369897,-0.05038714,-0.08525714,-0.16376856,0.05949320,-0.17911933,-0.02558916,-0.00770516,0.00092297,-0.01334778,0.00536358,-0.01871206
6.080000,0.08017083,-0.04641647,1.05900615,0.12787344,1.48910975,-0.05757980,-0.24396243,-0.05046625,-0.08524873,-0.16390659,0.05954864,-0.17931186,-0.02708366,-0.00811133,0.00075770,-0.01424742,0.00571927,-0.01978092
6.090000,0.07772982,-0.04692154,1.05815370,0.12623365,1.48970553,-0.05937392,-0.24424024,-0.05054924,-0.08524201,-0.16405330,0.05960750,-0.17951465,-0.02845760,-0.00848024,0.00058494,-0.01508464,0.00604950,-0.02076228
6.100000,0.07528598,-0.04742747,1.05730130,0.12459235,1.49030191,-0.06117012,-0.24453114,-0.05063572,-0.08523706,-0.16420805,0.05966953,-0.17972678,-0.02969838,-0.00880827,0.00040516,-0.01585225,0.00635139,-0.02164713
6.110000,0.07283916,-0.04793427,1.05644895,0.12294946,1.49089893,-0.06296848,-0.24483372,-0.05072526,-0.08523393,-0.16437009,0.05973443,-0.17994724,-0.03079344,-0.00909179,0.00021884,-0.01654307,0.00662205,-0.02242646
6.120000,0.07038927,-0.04844198,1.05559662,0.12130492,1.49149661,-0.06476909,-0.24514648,-0.05081739,-0.08523270,-0.16453863,0.05980186,-0.18017493,-0.03173020,-0.00932717,0.00002645,-0.01714994,0.00685858,-0.02309129
6.130000,0.06793621,-0.04895062,1.05474429,0.11965867,1.49209497,-0.06657200,-0.24546776,-0.05091163,-0.08523342,-0.16471279,0.05987147,-0.18040866,-0.03249609,-0.00951078,-0.00017153,-0.01766566,0.00705812,-0.02363260
6.140000,0.06547989,-0.04946022,1.05389194,0.11801065,1.49269405,-0.06837728,-0.24579579,-0.05100742,-0.08523615,-0.16489161,0.05994289,-0.18064714,-0.03307853,-0.00963899,-0.00037463,-0.01808306,0.00721777,-0.02404139
6.150000,0.06302027,-0.04997078,1.05303956,0.11636083,1.49329384,-0.07018496,-0.24612867,-0.05110421,-0.08524093,-0.16507410,0.06001569,-0.18088901,-0.03346496,-0.00970817,-0.00058238,-0.01839497,0.00733464,-0.02430865
6.160000,0.06055731,-0.05048230,1.05218712,0.11470916,1.49389436,-0.07199506,-0.24646439,-0.05120138,-0.08524781,-0.16525914,0.06008943,-0.18113281,-0.03364279,-0.00971469,-0.00079430,-0.01859420,0.00740585,-0.02442540
6.170000,0.05809098,-0.05099480,1.05133460,0.11305564,1.49449563,-0.07380761,-0.24680079,-0.05129828,-0.08525683,-0.16544558,0.06016364,-0.18137699,-0.03359946,-0.00965492,-0.00100992,-0.01867358,0.00742851,-0.02438261
6.180000,0.05562130,-0.05150827,1.05048197,0.11140025,1.49509763,-0.07562260,-0.24713560,-0.05139424,-0.08526802,-0.16563219,0.06023783,-0.18161990,-0.03332239,-0.00952525,-0.00122877,-0.01862593,0.00739975,-0.02417130
6.190000,0.05314828,-0.05202268,1.04962923,0.10974300,1.49570038,-0.07744000,-0.24746642,-0.05148854,-0.08528141,-0.16581765,0.06031146,-0.18185982,-0.03279901,-0.00932202,-0.00145037,-0.01844407,0.00731666,-0.02378245
6.200000,0.05067199,-0.05253803,1.04877634,0.10808391,1.49630386,-0.07925978,-0.24779072,-0.05158043,-0.08529703,-0.16600060,0.06038397,-0.18209493,-0.03201675,-0.00904163,-0.00167425,-0.01812082,0.00717637,-0.02320707
6.210000,0.04819250,-0.05305428,1.04792328,0.10642300,1.49690806,-0.08108188,-0.24810585,-0.05166910,-0.08531490,-0.16617957,0.06045478,-0.18232331,-0.03096302,-0.00868043,-0.00189993,-0.01764900,0.00697600,-0.02243615
6.220000,0.04570991,-0.05357140,1.04707003,0.10476033,1.49751295,-0.08290622,-0.24840903,-0.05175375,-0.08533504,-0.16635306,0.06052328,-0.18254297,-0.02962526,-0.00823480,-0.00212694,-0.01702145,0.00671264,-0.02146068
6.230000,0.04322437,-0.05408934,1.04621657,0.10309596,1.49811851,-0.08473270,-0.24869737,-0.05183351,-0.08535744,-0.16651946,0.06058882,-0.18275182,-0.02799090,-0.00770111,-0.00235482,-0.01623097,0.00638343,-0.02027168
6.240000,0.04073603,-0.05460805,1.04536288,0.10142997,1.49872471,-0.08656121,-0.24896782,-0.05190747,-0.08538213,-0.16667711,0.06065072,-0.18294766,-0.02604835,-0.00707607,-0.00258291,-0.01527087,0.00598568,-0.01886083
6.250000,0.03824508,-0.05512746,1.04450892,0.09976246,1.49933151,-0.08839160,-0.24921732,-0.05197473,-0.08540909,-0.16682431,0.06070830,-0.18312830,-0.02380091,-0.00636141,-0.00280810,-0.01414181,0.00551986,-0.01723043
6.260000,0.03575176,-0.05564752,1.04365469,0.09809353,1.49993886,-0.09022372,-0.24944287,-0.05203442,-0.08543827,-0.16695940,0.06076090,-0.18329158,-0.02126336,-0.00556274,-0.00302538,-0.01285005,0.00498884,-0.01539096
6.270000,0.03325631,-0.05616813,1.04280015,0.09642331,1.50054671,-0.09205737,-0.24964167,-0.05208572,-0.08546956,-0.16708079,0.06080787,-0.18343546,-0.01845080,-0.00468579,-0.00322966,-0.01140204,0.00439560,-0.01335307
6.280000,0.03075903,-0.05668920,1.04194529,0.09475196,1.50115500,-0.09389236,-0.24981102,-0.05212789,-0.08550280,-0.16718695,0.06084861,-0.18355801,-0.01537828,-0.00373625,-0.00341587,-0.00980421,0.00374306,-0.01112746
6.290000,0.02826020,-0.05721065,1.04109009,0.09307963,1.50176366,-0.09572845,-0.24994842,-0.05216023,-0.08553780,-0.16727640,0.06088255,-0.18365742,-0.01206090,-0.00271985,-0.00357895,-0.00806299,0.00303419,-0.00872479
6.300000,0.02576017,-0.05773237,1.04023453,0.09140649,1.50237263,-0.09756542,-0.25005147,-0.05218209,-0.08557429,-0.16734775,0.06090912,-0.18373195,-0.00851373,-0.00164230,-0.00371381,-0.00618481,0.00227193,-0.00615573
6.310000,0.02325929,-0.05825426,1.03937860,0.08973274,1.50298182,-0.09940301,-0.25011798,-0.05219289,-0.08561196,-0.16739966,0.06092782,-0.18378001,-0.00475185,-0.00050932,-0.00381538,-0.00417612,0.00145922,-0.00343098
6.320000,0.02075794,-0.05877619,1.03852229,0.08805857,1.50359115,-0.10124093,-0.25014585,-0.05219211,-0.08565047,-0.16743086,0.06093815,-0.18380009,-0.00079034,0.00067339,-0.00387859,-0.00204333,0.00059903,-0.00056119
6.330000,0.01825651,-0.05929806,1.03766559,0.08638420,1.50420055,-0.10307891,-0.25013317,-0.05217927,-0.08568939,-0.16744013,0.06093965,-0.18379079,0.00335573,0.00190010,-0.00389837,0.00020711,-0.00030571,0.00244295
6.340000,0.01575542,-0.05981973,1.03680850,0.08470984,1.50480992,-0.10491664,-0.25007817,-0.05215398,-0.08572827,-0.16742635,0.06093189,-0.18375082,0.00767127,0.00316511,-0.00386964,0.00256876,-0.00125203,0.00557078
6.350000,0.01325509,-0.06034109,1.03595102,0.08303575,1.50541916,-0.10675382,-0.24997923,-0.05211586,-0.08576660,-0.16738841,0.06091448,-0.18367900,0.01214120,0.00446270,-0.00378733,0.00503521,-0.00223701,0.00881160
6.360000,0.01075599,-0.06086201,1.03509317,0.08136216,1.50602817,-0.10859011,-0.24983488,-0.05206463,-0.08580382,-0.16732531,0.06088703,-0.18357424,0.01675045,0.00578715,-0.00364636,0.00760001,-0.00325767,0.01215475
6.370000,0.00825855,-0.06138234,1.03423495,0.07968933,1.50663686,-0.11042519,-0.24964380,-0.05200005,-0.08583932,-0.16723610,0.06084922,-0.18343560,0.02148394,0.00713276,-0.00344166,0.01025673,-0.00431108,0.01558956
6.380000,0.00576327,-0.06190196,1.03337639,0.07801753,1.50724512,-0.11225871,-0.24940484,-0.05192193,-0.08587243,-0.16711989,0.06080071,-0.18326218,0.02632659,0.00849381,-0.00316816,0.01299894,-0.00539428,0.01910535
6.390000,0.00327062,-0.06242074,1.03251751,0.07634703,1.50785284,-0.11409032,-0.24911696,-0.05183014,-0.08590244,-0.16697586,0.06074124,-0.18305325,0.03126332,0.00986458,-0.00282079,0.01582021,-0.00650433,0.02269143
6.400000,0.00078110,-0.06293852,1.03165836,0.07467811,1.50845991,-0.11591965,-0.24877931,-0.05172462,-0.08592858,-0.16680325,0.06067055,-0.18280816,0.03627905,0.01123936,-0.00239447,0.01871409,-0.00763828,0.02633715
6.410000,-0.00170480,-0.06345518,1.03079896,0.07301106,1.50906621,-0.11774636,-0.24839116,-0.05160536,-0.08595005,-0.16660136,0.06058841,-0.18252635,0.04135870,0.01261244,-0.00188412,0.02167416,-0.00879317,0.03003181
6.420000,-0.00418656,-0.06397058,1.02993937,0.07134618,1.50967164,-0.11957006,-0.24795197,-0.05147240,-0.08596597,-0.16636956,0.06049462,-0.18220739,0.04648720,0.01397810,-0.00128468,0.02469399,-0.00996606,0.03376476
6.430000,-0.00666367,-0.06448458,1.02907966,0.06968377,1.51027607,-0.12139038,-0.24746131,-0.05132584,-0.08597542,-0.16610730,0.06038903,-0.18185096,0.05164946,0.01533063,-0.00059107,0.02776713,-0.01115400,0.03752530
6.440000,-0.00913561,-0.06499705,1.02821989,0.06802414,1.51087938,-0.12320695,-0.24691892,-0.05116585,-0.08597746,-0.16581407,0.06027150,-0.18145683,0.05683041,0.01666432,0.00020179,0.03088716,-0.01235404,0.04130277
6.450000,-0.01160187,-0.06550786,1.02736014,0.06636759,1.51148146,-0.12501939,-0.24632469,-0.05099264,-0.08597104,-0.16548942,0.06014192,-0.18102488,0.06201496,0.01797345,0.00109896,0.03404765,-0.01356323,0.04508649
6.460000,-0.01406193,-0.06601686,1.02650050,0.06471445,1.51208218,-0.12682732,-0.24567866,-0.05080648,-0.08595511,-0.16513300,0.06000022,-0.18055511,0.06718805,0.01925230,0.00210552,0.03724216,-0.01477862,0.04886578
6.470000,-0.01651527,-0.06652394,1.02564107,0.06306504,1.51268142,-0.12863037,-0.24498102,-0.05060771,-0.08592855,-0.16474449,0.05984634,-0.18004762,0.07233458,0.02049517,0.00322655,0.04046425,-0.01599726,0.05262997
6.480000,-0.01896138,-0.06702898,1.02478197,0.06141967,1.51327906,-0.13042815,-0.24423210,-0.05039671,-0.08589018,-0.16432364,0.05968027,-0.17950260,0.07743949,0.02169634,0.00446711,0.04370750,-0.01721621,0.05636839
6.490000,-0.02139975,-0.06753184,1.02392331,0.05977867,1.51387498,-0.13222030,-0.24343241,-0.05017394,-0.08583879,-0.16387029,0.05950202,-0.17892037,0.08248769,0.02285010,0.00583228,0.04696546,-0.01843250,0.06007036
6.500000,-0.02382986,-0.06803242,1.02306524,0.05814237,1.51446906,-0.13400643,-0.24258259,-0.04993989,-0.08577310,-0.16338431,0.05931164,-0.17830135,0.08746410,0.02395072,0.00732714,0.05023172,-0.01964321,0.06372519
6.510000,-0.02625123,-0.06853060,1.02220790,0.05651110,1.51506118,-0.13578620,-0.24168342,-0.04969512,-0.08569180,-0.16286565,0.05910919,-0.17764606,0.09235365,0.02499251,0.00895676,0.05349982,-0.02084536,0.06732223
6.520000,-0.02866337,-0.06902629,1.02135146,0.05488517,1.51565121,-0.13755924,-0.24073586,-0.04944025,-0.08559350,-0.16231433,0.05889477,-0.17695513,0.09714126,0.02596974,0.01072621,0.05676335,-0.02203602,0.07085079
6.530000,-0.03106579,-0.06951938,1.02049609,0.05326492,1.51623903,-0.13932519,-0.23974099,-0.04917596,-0.08547679,-0.16173042,0.05866852,-0.17622931,0.10181185,0.02687670,0.01264056,0.06001586,-0.02321224,0.07430020
6.540000,-0.03345804,-0.07000978,1.01964199,0.05165067,1.51682454,-0.14108371,-0.23870006,-0.04890297,-0.08534019,-0.16111407,0.05843058,-0.17546943,0.10635033,0.02770767,0.01470489,0.06325093,-0.02437106,0.07765977
6.550000,-0.03583965,-0.07049741,1.01878936,0.05004275,1.51740761,-0.14283447,-0.23761447,-0.04862208,-0.08518218,-0.16046548,0.05818116,-0.17467645,0.11074163,0.02845695,0.01692427,0.06646212,-0.02550954,0.08091885
6.560000,-0.03821018,-0.07098220,1.01793843,0.04844147,1.51798812,-0.14457713,-0.23648577,-0.04833413,-0.08500117,-0.15978493,0.05792047,-0.17385142,0.11497068,0.02911882,0.01930378,0.06964299,-0.02662473,0.08406674
6.570000,-0.04056922,-0.07146407,1.01708942,0.04684715,1.51856598,-0.14631139,-0.23531565,-0.04804001,-0.08479555,-0.15907274,0.05764876,-0.17299552,0.11902239,0.02968756,0.02184849,0.07278712,-0.02771368,0.08709279
6.580000,-0.04291636,-0.07194298,1.01624260,0.04526012,1.51914106,-0.14803694,-0.23410596,-0.04774070,-0.08456364,-0.15832933,0.05736630,-0.17211001,0.12288168,0.03015746,0.02456347,0.07588806,-0.02877344,0.08998630
6.590000,-0.04525122,-0.07241887,1.01539824,0.04368067,1.51971327,-0.14975350,-0.23285871,-0.04743721,-0.08430370,-0.15755515,0.05707339,-0.17119627,0.12653348,0.03052281,0.02745379,0.07893939,-0.02980106,0.09273660
6.600000,-0.04757342,-0.07289171,1.01455663,0.04210911,1.52028250,-0.15146078,-0.23157603,-0.04713062,-0.08401396,-0.15675073,0.05677039,-0.17025579,0.12996271,0.03077790,0.03052454,0.08193468,-0.03079358,0.09533303
6.610000,-0.04988263,-0.07336148,1.01371807,0.04054575,1.52084864,-0.15315853,-0.23026024,-0.04682204,-0.08369259,-0.15591666,0.05645765,-0.16929016,0.13315428,0.03091700,0.03378078,0.08486748,-0.03174807,0.09776490
6.620000,-0.05217852,-0.07382815,1.01288289,0.03899088,1.52141162,-0.15484650,-0.22891379,-0.04651268,-0.08333771,-0.15505361,0.05613557,-0.16830108,0.13609312,0.03093441,0.03722758,0.08773137,-0.03266158,0.10002154
6.630000,-0.05446081,-0.07429173,1.01205143,0.03744477,1.52197133,-0.15652448,-0.22753927,-0.04620378,-0.08294739,-0.15416228,0.05580456,-0.16729035,0.13876416,0.03082441,0.04087003,0.09051991,-0.03353114,0.10209227
6.640000,-0.05672922,-0.07475223,1.01122406,0.03590772,1.52252768,-0.15819225,-0.22613945,-0.04589664,-0.08251964,-0.15324348,0.05546510,-0.16625989,0.14115278,0.03058150,0.04471289,0.09322683,-0.03435391,0.10396676
6.650000,-0.05898352,-0.07520967,1.01040117,0.03437999,1.52308060,-0.15984962,-0.22471717,-0.04559259,-0.08205247,-0.15229803,0.05511765,-0.16521168,0.14325565,0.03020523,0.04875397,0.09584947,-0.03512895,0.10564250
6.660000,-0.06122350,-0.07566410,1.00958315,0.03286185,1.52363001,-0.16149643,-0.22327526,-0.04529296,-0.08154393,-0.15132677,0.05476268,-0.16414768,0.14508077,0.02970025,0.05298402,0.09838886,-0.03585733,0.10712492
6.670000,-0.06344897,-0.07611555,1.00877044,0.03135354,1.52417583,-0.16313252,-0.22181645,-0.04499900,-0.08099219,-0.15033053,0.05440065,-0.16306980,0.14663665,0.02907144,0.05739350,0.10084617,-0.03654017,0.10841981
6.680000,-0.06565978,-0.07656410,1.00796346,0.02985532,1.52471800,-0.16475778,-0.22034340,-0.04471193,-0.08039549,-0.14931011,0.05403202,-0.16197989,0.14793182,0.02832366,0.06197284,0.10322260,-0.03717863,0.10953295
6.690000,-0.06785580,-0.07700982,1.00716268,0.02836742,1.52525645,-0.16637209,-0.21885866,-0.04443291,-0.07975220,-0.14826634,0.05365722,-0.16087973,0.14897477,0.02746178,0.06671249,0.10551931,-0.03777383,0.11047010
6.700000,-0.07003692,-0.07745279,1.00636858,0.02689007,1.52579113,-0.16797535,-0.21736472,-0.04416306,-0.07906074,-0.14719999,0.05327668,-0.15977106,0.14977404,0.02649069,0.07160291,0.10773749,-0.03832693,0.11123705
6.710000,-0.07220307,-0.07789311,1.00558163,0.02542349,1.52632197,-0.16956749,-0.21586396,-0.04390344,-0.07831967,-0.14611185,0.05289082,-0.15865554,0.15033812,0.02541524,0.07663452,0.10987832,-0.03883905,0.11183957
6.720000,-0.07435419,-0.07833090,1.00480235,0.02396790,1.52684893,-0.17114844,-0.21435871,-0.04365508,-0.07752761,-0.14500268,0.05250004,-0.15753479,0.15067553,0.02424032,0.08179779,0.11194298,-0.03931133,0.11228345
6.730000,-0.07649024,-0.07876626,1.00403125,0.02252350,1.52737195,-0.17271817,-0.21285118,-0.04341895,-0.07668330,-0.14387324,0.05210472,-0.15641038,0.15079479,0.02297080,0.08708315,0.11393265,-0.03974492,0.11257447
6.740000,-0.07861121,-0.07919932,1.00326886,0.02109050,1.52789101,-0.17427664,-0.21134351,-0.04319597,-0.07578557,-0.14272427,0.05170526,-0.15528379,0.15070441,0.02161155,0.09248105,0.11584852,-0.04014095,0.11271839
6.750000,-0.08071712,-0.07963022,1.00251572,0.01966908,1.52840605,-0.17582384,-0.20983776,-0.04298700,-0.07483334,-0.14155651,0.05130203,-0.15415648,0.15041290,0.02016744,0.09798193,0.11769177,-0.04050057,0.11272101
6.760000,-0.08280798,-0.08005911,1.00177238,0.01825943,1.52891704,-0.17735977,-0.20833590,-0.04279289,-0.07382562,-0.14037067,0.05089537,-0.15302983,0.14992878,0.01864334,0.10357625,0.11946357,-0.04082491,0.11258809
6.770000,-0.08488385,-0.08048613,1.00103940,0.01686173,1.52942394,-0.17888445,-0.20683980,-0.04261439,-0.07276154,-0.13916747,0.05048564,-0.15190515,0.14926056,0.01704413,0.10925445,0.12116511,-0.04111510,0.11232543
6.780000,-0.08694480,-0.08091145,1.00031734,0.01547614,1.52992674,-0.18039789,-0.20535127,-0.04245224,-0.07164029,-0.13794760,0.05007318,-0.15078373,0.14841676,0.01537468,0.11500696,0.12279757,-0.04137230,0.11193878
6.790000,-0.08899091,-0.08133523,0.99960679,0.01410283,1.53042540,-0.18190014,-0.20387202,-0.04230711,-0.07046118,-0.13671175,0.04965830,-0.14966677,0.14740588,0.01363987,0.12082425,0.12436213,-0.04159763,0.11143394
6.800000,-0.09102228,-0.08175765,0.99890831,0.01274195,1.53091990,-0.18339124,-0.20240368,-0.04217964,-0.06922362,-0.13546058,0.04924133,-0.14855543,0.14623644,0.01184456,0.12669675,0.12585998,-0.04179225,0.11081669
6.810000,-0.09303902,-0.08217889,0.99822251,0.01139366,1.53141022,-0.18487127,-0.20094779,-0.04207041,-0.06792709,-0.13419477,0.04882255,-0.14745079,0.14491695,0.00999362,0.13261492,0.12729228,-0.04195727,0.11009279
6.820000,-0.09504128,-0.08259912,0.99754997,0.01005810,1.53189634,-0.18634028,-0.19950581,-0.04197994,-0.06657120,-0.13291495,0.04840228,-0.14635391,0.14345594,0.00809194,0.13856919,0.12866023,-0.04209386,0.10926804
6.830000,-0.09702919,-0.08301855,0.99689129,0.00873541,1.53237826,-0.18779837,-0.19807912,-0.04190872,-0.06515562,-0.13162177,0.04798077,-0.14526575,0.14186190,0.00614438,0.14455001,0.12996500,-0.04220313,0.10834820
6.840000,-0.09900292,-0.08343736,0.99624706,0.00742571,1.53285596,-0.18924563,-0.19666899,-0.04185719,-0.06368014,-0.13031586,0.04755830,-0.14418724,0.14014336,0.00415582,0.15054782,0.13120778,-0.04228624,0.10733905
6.850000,-0.10096263,-0.08385576,0.99561788,0.00612913,1.53332942,-0.19068215,-0.19527664,-0.04182572,-0.06214464,-0.12899782,0.04713513,-0.14311925,0.13830883,0.00213112,0.15655308,0.13238975,-0.04234433,0.10624638
6.860000,-0.10290851,-0.08427395,0.99500436,0.00484579,1.53379866,-0.19210805,-0.19390317,-0.04181467,-0.06054909,-0.12766826,0.04671149,-0.14206257,0.13636681,0.00007517,0.16255623,0.13351208,-0.04237852,0.10507597
6.870000,-0.10484076,-0.08469212,0.99440710,0.00357580,1.53426365,-0.19352345,-0.19254963,-0.04182431,-0.05889355,-0.12632777,0.04628763,-0.14101797,0.13432584,-0.00200717,0.16854772,0.13457597,-0.04238996,0.10383358
6.880000,-0.10675958,-0.08511050,0.99382669,0.00231927,1.53472441,-0.19492846,-0.19121696,-0.04185488,-0.05717820,-0.12497693,0.04586377,-0.13998612,0.13219441,-0.00411103,0.17451798,0.13558259,-0.04237979,0.10252500
6.890000,-0.10866517,-0.08552929,0.99326374,0.00107630,1.53518093,-0.19632321,-0.18990601,-0.04190658,-0.05540330,-0.12361631,0.04544011,-0.13896767,0.12998104,-0.00623152,0.18045747,0.13653311,-0.04234915,0.10115602
6.900000,-0.11055777,-0.08594870,0.99271882,-0.00015302,1.53563321,-0.19770786,-0.18861758,-0.04197955,-0.05356919,-0.12224645,0.04501685,-0.13796318,0.12769425,-0.00836379,0.18635663,0.13742874,-0.04229918,0.09973239
6.910000,-0.11243760,-0.08636895,0.99219255,-0.00136860,1.53608127,-0.19908253,-0.18735235,-0.04207388,-0.05167633,-0.12086791,0.04459418,-0.13697318,0.12534255,-0.01050295,0.19220591,0.13827063,-0.04223101,0.09825992
6.920000,-0.11430490,-0.08679025,0.99168549,-0.00257035,1.53652510,-0.20044737,-0.18611092,-0.04218962,-0.04972527,-0.11948122,0.04417228,-0.13599813,0.12293445,-0.01264413,0.19799575,0.13905998,-0.04214578,0.09674436
6.930000,-0.11615990,-0.08721282,0.99119823,-0.00375820,1.53696472,-0.20180254,-0.18489382,-0.04232676,-0.04771665,-0.11808688,0.04375132,-0.13503842,0.12047846,-0.01478247,0.20371659,0.13979797,-0.04204464,0.09519151
6.940000,-0.11800286,-0.08763686,0.99073135,-0.00493207,1.53740013,-0.20314819,-0.18370148,-0.04248524,-0.04565120,-0.11668542,0.04333144,-0.13409440,0.11798311,-0.01691308,0.20935890,0.14048578,-0.04192872,0.09360713
6.950000,-0.11983401,-0.08806259,0.99028540,-0.00609189,1.53783135,-0.20448448,-0.18253426,-0.04266498,-0.04352976,-0.11527733,0.04291279,-0.13316636,0.11545689,-0.01903110,0.21491310,0.14112459,-0.04179916,0.09199702
6.960000,-0.12165363,-0.08849023,0.98986094,-0.00723759,1.53825839,-0.20581157,-0.18139242,-0.04286581,-0.04135326,-0.11386309,0.04249550,-0.13225453,0.11290834,-0.02113165,0.22036964,0.14171557,-0.04165711,0.09036694
6.970000,-0.12346195,-0.08891998,0.98945851,-0.00836913,1.53868126,-0.20712963,-0.18027614,-0.04308753,-0.03912273,-0.11244317,0.04207969,-0.13135907,0.11034595,-0.02320987,0.22571898,0.14225992,-0.04150369,0.08872268
6.980000,-0.12525923,-0.08935205,0.98907866,-0.00948644,1.53909999,-0.20843881,-0.17918551,-0.04332991,-0.03683927,-0.11101804,0.04166546,-0.13048010,0.10777825,-0.02526087,0.23095156,0.14275881,-0.04134005,0.08707000
6.990000,-0.12704574,-0.08978664,0.98872190,-0.01058948,1.53951458,-0.20973928,-0.17812056,-0.04359265,-0.03450412,-0.10958815,0.04125292,-0.12961768,0.10521374,-0.02727979,0.23605781,0.14321342,-0.04116732,0.08541471
7.000000,-0.12882173,-0.09022397,0.98838874,-0.01167819,1.53992505,-0.21103122,-0.17708120,-0.04387539,-0.03211857,-0.10815392,0.04084214,-0.12877180,0.10266094,-0.02926174,0.24102820,0.14362494,-0.04098666,0.08376256
7.010000,-0.13058745,-0.09066422,0.98807969,-0.01275254,1.54033143,-0.21231477,-0.17606727,-0.04417774,-0.02968404,-0.10671579,0.04043321,-0.12794240,0.10012837,-0.03120187,0.24585316,0.14399455,-0.04079919,0.08211934
7.020000,-0.13234316,-0.09110759,0.98779522,-0.01381249,1.54073372,-0.21359012,-0.17507854,-0.04449927,-0.02720202,-0.10527416,0.04002617,-0.12712936,0.09762453,-0.03309530,0.25052314,0.14432342,-0.04060605,0.08049083
7.030000,-0.13408911,-0.09155427,0.98753580,-0.01485801,1.54113196,-0.21485741,-0.17411466,-0.04483947,-0.02467412,-0.10382945,0.03962110,-0.12633251,0.09515795,-0.03493715,0.25502858,0.14461274,-0.04040838,0.07888280
7.040000,-0.13582554,-0.09200444,0.98730189,-0.01588907,1.54152615,-0.21611682,-0.17317523,-0.04519782,-0.02210203,-0.10238204,0.03921802,-0.12555162,0.09273713,-0.03672256,0.25935993,0.14486370,-0.04020733,0.07730103
7.050000,-0.13755269,-0.09245828,0.98709390,-0.01690565,1.54191633,-0.21736850,-0.17225974,-0.04557372,-0.01948754,-0.10093230,0.03881696,-0.12478639,0.09037058,-0.03844664,0.26350764,0.14507746,-0.04000402,0.07575131
7.060000,-0.13927081,-0.09291597,0.98691227,-0.01790771,1.54230250,-0.21861260,-0.17136761,-0.04596653,-0.01683252,-0.09948061,0.03841794,-0.12403647,0.08806683,-0.04010453,0.26746216,0.14525521,-0.03979961,0.07423941
7.070000,-0.14098012,-0.09337767,0.98675738,-0.01889525,1.54268469,-0.21984928,-0.17049816,-0.04637558,-0.01413897,-0.09802731,0.03802097,-0.12330145,0.08583438,-0.04169136,0.27121392,0.14539814,-0.03959523,0.07277111
7.080000,-0.14268084,-0.09384353,0.98662961,-0.01986825,1.54306292,-0.22107868,-0.16965065,-0.04680011,-0.01140895,-0.09657276,0.03762603,-0.12258088,0.08368175,-0.04320224,0.27475337,0.14550742,-0.03939201,0.07135219
7.090000,-0.14437320,-0.09431372,0.98652932,-0.02082671,1.54343722,-0.22230094,-0.16882423,-0.04723935,-0.00864464,-0.09511727,0.03723312,-0.12187423,0.08161745,-0.04463232,0.27807096,0.14558424,-0.03919110,0.06998842
7.100000,-0.14605740,-0.09478836,0.98645683,-0.02177060,1.54380759,-0.22351621,-0.16801798,-0.04769247,-0.00584830,-0.09366118,0.03684220,-0.12118091,0.07964999,-0.04597671,0.28115714,0.14562978,-0.03899363,0.06868558
7.110000,-0.14773362,-0.09526761,0.98641245,-0.02269993,1.54417407,-0.22472460,-0.16723088,-0.04815858,-0.00302230,-0.09220478,0.03645323,-0.12050029,0.07778790,-0.04723055,0.28400235,0.14564521,-0.03880075,0.06744946
7.120000,-0.14940207,-0.09575158,0.98639647,-0.02361469,1.54453666,-0.22592625,-0.16646184,-0.04863676,-0.00016909,-0.09074837,0.03606617,-0.11983168,0.07603967,-0.04838896,0.28659703,0.14563172,-0.03861359,0.06628583
7.130000,-0.15106292,-0.09624038,0.98640915,-0.02451490,1.54489540,-0.22712127,-0.16570968,-0.04912603,0.00270877,-0.08929223,0.03568094,-0.11917431,0.07441383,-0.04944707,0.28893163,0.14559049,-0.03843330,0.06520047
7.140000,-0.15271632,-0.09673413,0.98645072,-0.02540054,1.54525029,-0.22830977,-0.16497313,-0.04962535,0.00560864,-0.08783665,0.03529747,-0.11852739,0.07291870,-0.05040012,0.29099685,0.14552269,-0.03826098,0.06419902
7.150000,-0.15436243,-0.09723292,0.98652139,-0.02627163,1.54560135,-0.22949185,-0.16425086,-0.05013367,0.00852780,-0.08638187,0.03491569,-0.11789005,0.07155760,-0.05124638,0.29278967,0.14542904,-0.03809714,0.06328379
7.160000,-0.15600138,-0.09773683,0.98662133,-0.02712818,1.54594861,-0.23066760,-0.16354154,-0.05064993,0.01146354,-0.08492815,0.03453550,-0.11726143,0.07032858,-0.05198736,0.29431377,0.14530981,-0.03794164,0.06245348
7.170000,-0.15763330,-0.09824594,0.98675070,-0.02797020,1.54629207,-0.23183711,-0.16284386,-0.05117308,0.01441319,-0.08347576,0.03415683,-0.11664070,0.06922938,-0.05262469,0.29557318,0.14516524,-0.03779428,0.06170665
7.180000,-0.15925829,-0.09876031,0.98690963,-0.02879770,1.54663175,-0.23300044,-0.16215652,-0.05170208,0.01737413,-0.08202493,0.03377959,-0.11602702,0.06825780,-0.05316002,0.29657192,0.14499558,-0.03765490,0.06104182
7.190000,-0.16087646,-0.09928000,0.98709822,-0.02961070,1.54696767,-0.23415767,-0.16147828,-0.05223594,0.02034378,-0.08057593,0.03340371,-0.11541959,0.06741158,-0.05359502,0.29731399,0.14480106,-0.03752331,0.06045756
7.200000,-0.16248788,-0.09980504,0.98731653,-0.03040923,1.54729983,-0.23530885,-0.16080788,-0.05277365,0.02331957,-0.07912899,0.03302910,-0.11481761,0.06668851,-0.05393132,0.29780343,0.14458193,-0.03739932,0.05995241
7.210000,-0.16409264,-0.10033548,0.98756462,-0.03119329,1.54762825,-0.23645404,-0.16014411,-0.05331424,0.02629902,-0.07768437,0.03265569,-0.11422029,0.06608634,-0.05417057,0.29804424,0.14433844,-0.03728277,0.05952490
7.220000,-0.16569078,-0.10087133,0.98784251,-0.03196292,1.54795295,-0.23759327,-0.15948576,-0.05385675,0.02927964,-0.07624230,0.03228342,-0.11362686,0.06560286,-0.05431443,0.29804044,0.14407082,-0.03717346,0.05917358
7.230000,-0.16728237,-0.10141262,0.98815021,-0.03271815,1.54827392,-0.23872659,-0.15883166,-0.05440022,0.03225902,-0.07480303,0.03191220,-0.11303657,0.06523582,-0.05436455,0.29779605,0.14377932,-0.03707123,0.05889700
7.240000,-0.16886743,-0.10195934,0.98848768,-0.03345899,1.54859119,-0.23985401,-0.15818066,-0.05494373,0.03523477,-0.07336680,0.03154197,-0.11244867,0.06498300,-0.05432257,0.29731509,0.14346418,-0.03697588,0.05869370
7.250000,-0.17044599,-0.10251149,0.98885488,-0.03418549,1.54890477,-0.24097556,-0.15753163,-0.05548637,0.03820455,-0.07193383,0.03117266,-0.11186245,0.06484216,-0.05419015,0.29660157,0.14312564,-0.03688724,0.05856222
7.260000,-0.17201806,-0.10306906,0.98925174,-0.03489768,1.54921465,-0.24209126,-0.15688345,-0.05602724,0.04116604,-0.07050436,0.03080421,-0.11127719,0.06481108,-0.05396892,0.29565951,0.14276395,-0.03680512,0.05850111
7.270000,-0.17358366,-0.10363203,0.98967817,-0.03559559,1.54952085,-0.24320111,-0.15623505,-0.05656546,0.04411699,-0.06907862,0.03043654,-0.11069220,0.06488752,-0.05366055,0.29449293,0.14237935,-0.03672936,0.05850892
7.280000,-0.17514276,-0.10420036,0.99013404,-0.03627927,1.54982338,-0.24430510,-0.15558535,-0.05710017,0.04705517,-0.06765685,0.03006960,-0.11010679,0.06506925,-0.05326669,0.29310584,0.14197207,-0.03665976,0.05858418
7.290000,-0.17669535,-0.10477401,0.99061922,-0.03694874,1.55012225,-0.24540324,-0.15493332,-0.05763051,0.04997839,-0.06623926,0.02970332,-0.10952030,0.06535404,-0.05278898,0.29150227,0.14154238,-0.03659614,0.05872545
7.300000,-0.17824141,-0.10535295,0.99113355,-0.03760407,1.55041745,-0.24649550,-0.15427794,-0.05815567,0.05288450,-0.06482607,0.02933766,-0.10893207,0.06573965,-0.05222907,0.28968622,0.14109050,-0.03653833,0.05893126
7.310000,-0.17978090,-0.10593711,0.99167685,-0.03824528,1.55070900,-0.24758187,-0.15361820,-0.05867483,0.05577142,-0.06341752,0.02897254,-0.10834146,0.06622387,-0.05158861,0.28766172,0.14061668,-0.03648615,0.05920016
7.320000,-0.18131376,-0.10652642,0.99224891,-0.03887243,1.55099690,-0.24866232,-0.15295314,-0.05918718,0.05863706,-0.06201381,0.02860791,-0.10774786,0.06680445,-0.05086925,0.28543278,0.14012117,-0.03643941,0.05953069
7.330000,-0.18283994,-0.10712083,0.99284951,-0.03948557,1.55128116,-0.24973682,-0.15228180,-0.05969195,0.06147940,-0.06061517,0.02824373,-0.10715065,0.06747916,-0.05007264,0.28300343,0.13960419,-0.03639794,0.05992140
7.340000,-0.18435937,-0.10772024,0.99347841,-0.04008475,1.55156178,-0.25080532,-0.15160325,-0.06018838,0.06429647,-0.05922180,0.02787994,-0.10654923,0.06824578,-0.04920043,0.28037767,0.13906601,-0.03636154,0.06037084
7.350000,-0.18587198,-0.10832456,0.99413535,-0.04067003,1.55183876,-0.25186779,-0.15091658,-0.06067572,0.06708632,-0.05783392,0.02751648,-0.10594304,0.06910207,-0.04825428,0.27755952,0.13850686,-0.03633006,0.06087754
7.360000,-0.18737767,-0.10893372,0.99482004,-0.04124145,1.55211211,-0.25292417,-0.15022091,-0.06115323,0.06984703,-0.05645173,0.02715332,-0.10533150,0.07004580,-0.04723582,0.27455300,0.13792698,-0.03630329,0.06144005
7.370000,-0.18887636,-0.10954759,0.99553219,-0.04179908,1.55238183,-0.25397440,-0.14951538,-0.06162020,0.07257676,-0.05507545,0.02679040,-0.10471406,0.07107473,-0.04614671,0.27136214,0.13732662,-0.03628107,0.06205692
7.380000,-0.19036795,-0.11016608,0.99627147,-0.04234298,1.55264792,-0.25501843,-0.14879914,-0.06207593,0.07527368,-0.05370527,0.02642769,-0.10409018,0.07218665,-0.04498860,0.26799094,0.13670602,-0.03626321,0.06272668
7.390000,-0.19185231,-0.11078907,0.99703755,-0.04287321,1.55291038,-0.25605618,-0.14807138,-0.06251974,0.07793599,-0.05234139,0.02606513,-0.10345935,0.07337931,-0.04376314,0.26444342,0.13606542,-0.03624953,0.06344789
7.400000,-0.19332933,-0.11141644,0.99783007,-0.04338983,1.55316922,-0.25708759,-0.14733130,-0.06295097,0.08056197,-0.05098402,0.02570268,-0.10282106,0.07465049,-0.04247198,0.26072360,0.13540506,-0.03623985,0.06421909
7.410000,-0.19479889,-0.11204805,0.99864866,-0.04389291,1.55342444,-0.25811257,-0.14657812,-0.06336897,0.08314990,-0.04963336,0.02534032,-0.10217481,0.07599795,-0.04111677,0.25683549,0.13472519,-0.03623399,0.06503882
7.420000,-0.19626085,-0.11268377,0.99949293,-0.04438252,1.55367603,-0.25913106,-0.14581109,-0.06377310,0.08569813,-0.04828959,0.02497799,-0.10152012,0.07741946,-0.03969915,0.25278312,0.13402606,-0.03623178,0.06590562
7.430000,-0.19771506,-0.11332346,1.00036248,-0.04485873,1.55392400,-0.26014295,-0.14502949,-0.06416275,0.08820503,-0.04695290,0.02461567,-0.10085654,0.07891279,-0.03822078,0.24857050,0.13330789,-0.03623302,0.06681804
7.440000,-0.19916139,-0.11396697,1.00125689,-0.04532160,1.55416834,-0.26114816,-0.14423260,-0.06453732,0.09066902,-0.04562349,0.02425332,-0.10018362,0.08047572,-0.03668330,0.24420165,0.13257094,-0.03623754,0.06777463
7.450000,-0.20059966,-0.11461416,1.00217572,-0.04577122,1.55440906,-0.26214659,-0.14341975,-0.06489622,0.09308856,-0.04430154,0.02389091,-0.09950091,0.08210600,-0.03508838,0.23968058,0.13181545,-0.03624516,0.06877393
7.460000,-0.20202973,-0.11526484,1.00311851,-0.04620766,1.55464616,-0.26313814,-0.14259026,-0.06523890,0.09546214,-0.04298724,0.02352841,-0.09880800,0.08380141,-0.03343764,0.23501131,0.13104166,-0.03625570,0.06981448
7.470000,-0.20345141,-0.11591888,1.00408480,-0.04663099,1.55487963,-0.26412271,-0.14174351,-0.06556480,0.09778830,-0.04168077,0.02316578,-0.09810449,0.08555972,-0.03173276,0.23019787,0.13024981,-0.03626898,0.07089482
7.480000,-0.20486454,-0.11657608,1.00507411,-0.04704130,1.55510947,-0.26510019,-0.14087887,-0.06587338,0.10006563,-0.04038230,0.02280302,-0.09738998,0.08737868,-0.02997536,0.22524426,0.12944015,-0.03628481,0.07201351
7.490000,-0.20626893,-0.11723629,1.00608595,-0.04743867,1.55533569,-0.26607047,-0.13999574,-0.06616413,0.10229273,-0.03909202,0.02244008,-0.09666409,0.08925609,-0.02816712,0.22015450,0.12861292,-0.03630302,0.07316908
7.500000,-0.20766439,-0.11789930,1.00711979,-0.04782317,1.55555828,-0.26703344,-0.13909356,-0.06643656,0.10446828,-0.03781010,0.02207695,-0.09592648,0.09118969,-0.02630966,0.21493261,0.12776837,-0.03632343,0.07436008
7.510000,-0.20905073,-0.11856495,1.00817514,-0.04819490,1.55577723,-0.26798896,-0.13817177,-0.06669017,0.10659096,-0.03653671,0.02171361,-0.09517678,0.09317727,-0.02440465,0.20958261,0.12690672,-0.03634585,0.07558505
7.520000,-0.21042776,-0.11923304,1.00925143,-0.04855393,1.55599255,-0.26893693,-0.13722984,-0.06692450,0.10865952,-0.03527203,0.02135003,-0.09441467,0.09521658,-0.02245373,0.20410851,0.12602824,-0.03637011,0.07684255
7.530000,-0.21179526,-0.11990338,1.01034814,-0.04890037,1.55620423,-0.26987721,-0.13626727,-0.06713910,0.11067273,-0.03401621,0.02098620,-0.09363982,0.09730541,-0.02045856,0.19851433,0.12513315,-0.03639603,0.07813110
7.540000,-0.21315303,-0.12057576,1.01146470,-0.04923429,1.55641227,-0.27080968,-0.13528358,-0.06733353,0.11262942,-0.03276942,0.02062210,-0.09285195,0.09944150,-0.01842078,0.19280410,0.12422171,-0.03642342,0.07944926
7.550000,-0.21450086,-0.12124998,1.01260054,-0.04955579,1.55661667,-0.27173421,-0.13427829,-0.06750738,0.11452844,-0.03153182,0.02025772,-0.09205075,0.10162265,-0.01634204,0.18698181,0.12329415,-0.03645210,0.08079557
7.560000,-0.21583852,-0.12192584,1.01375507,-0.04986496,1.55681742,-0.27265065,-0.13325098,-0.06766024,0.11636869,-0.03030359,0.01989306,-0.09123595,0.10384661,-0.01422399,0.18105150,0.12235072,-0.03648190,0.08216857
7.570000,-0.21716580,-0.12260311,1.01492771,-0.05016189,1.55701453,-0.27355888,-0.13220122,-0.06779173,0.11814912,-0.02908486,0.01952808,-0.09040729,0.10611115,-0.01206828,0.17501718,0.12139167,-0.03651264,0.08356682
7.580000,-0.21848247,-0.12328160,1.01611785,-0.05044668,1.55720798,-0.27445875,-0.13112863,-0.06790148,0.11986870,-0.02787581,0.01916280,-0.08956453,0.10841404,-0.00987657,0.16888287,0.12041723,-0.03654412,0.08498884
7.590000,-0.21978830,-0.12396107,1.01732488,-0.05071944,1.55739778,-0.27535012,-0.13003282,-0.06798915,0.12152646,-0.02667657,0.01879720,-0.08870744,0.11075305,-0.00765049,0.16265258,0.11942764,-0.03657618,0.08643320
7.600000,-0.22108305,-0.12464131,1.01854817,-0.05098025,1.55758393,-0.27623285,-0.12891346,-0.06805438,0.12312145,-0.02548730,0.01843128,-0.08783580,0.11312596,-0.00539171,0.15633033,0.11842315,-0.03660863,0.08789842
7.610000,-0.22236649,-0.12532208,1.01978710,-0.05122922,1.55776641,-0.27710679,-0.12777020,-0.06809688,0.12465277,-0.02430815,0.01806503,-0.08694941,0.11553051,-0.00310186,0.14992014,0.11740401,-0.03664129,0.08938306
7.620000,-0.22363837,-0.12600317,1.02104101,-0.05146645,1.55794523,-0.27797179,-0.12660275,-0.06811632,0.12611957,-0.02313927,0.01769845,-0.08604808,0.11796450,-0.00078260,0.14342602,0.11637045,-0.03667398,0.09088566
7.630000,-0.22489846,-0.12668433,1.02230927,-0.05169204,1.55812038,-0.27882770,-0.12541082,-0.06811244,0.12752103,-0.02198079,0.01733155,-0.08513164,0.12042568,0.00156441,0.13685199,0.11532272,-0.03670653,0.09240476
7.640000,-0.22614651,-0.12736534,1.02359121,-0.05190610,1.55829186,-0.27967437,-0.12419415,-0.06808495,0.12885636,-0.02083286,0.01696432,-0.08419993,0.12291182,0.00393754,0.13020208,0.11426106,-0.03673874,0.09393891
7.650000,-0.22738226,-0.12804595,1.02488617,-0.05210873,1.55845966,-0.28051165,-0.12295251,-0.06803360,0.13012483,-0.01969562,0.01659677,-0.08325281,0.12542070,0.00633513,0.12348028,0.11318571,-0.03677045,0.09548665
7.660000,-0.22860547,-0.12872593,1.02619348,-0.05230005,1.55862379,-0.28133938,-0.12168567,-0.06795817,0.13132574,-0.01856919,0.01622891,-0.08229016,0.12795007,0.00875554,0.11669064,0.11209692,-0.03680146,0.09704653
7.670000,-0.22981589,-0.12940503,1.02751246,-0.05248015,1.55878424,-0.28215740,-0.12039344,-0.06785842,0.13245843,-0.01745372,0.01586075,-0.08131185,0.13049772,0.01119711,0.10983715,0.11099492,-0.03683160,0.09861709
7.680000,-0.23101326,-0.13008302,1.02884242,-0.05264916,1.55894100,-0.28296556,-0.11907566,-0.06773416,0.13352228,-0.01634934,0.01549228,-0.08031778,0.13306140,0.01365819,0.10292384,0.10987997,-0.03686070,0.10019687
7.690000,-0.23219732,-0.13075963,1.03018268,-0.05280718,1.55909408,-0.28376370,-0.11773217,-0.06758520,0.13451672,-0.01525617,0.01512354,-0.07930788,0.13563889,0.01613713,0.09595472,0.10875231,-0.03688856,0.10178442
7.700000,-0.23336782,-0.13143464,1.03153252,-0.05295432,1.55924347,-0.28455167,-0.11636284,-0.06741137,0.13544120,-0.01417433,0.01475452,-0.07828208,0.13822796,0.01863229,0.08893382,0.10761217,-0.03691500,0.10337829
7.710000,-0.23452449,-0.13210778,1.03289127,-0.05309070,1.55938917,-0.28532929,-0.11496758,-0.06721251,0.13629524,-0.01310396,0.01438524,-0.07724030,0.14082637,0.02114201,0.08186514,0.10645980,-0.03693986,0.10497701
7.720000,-0.23566708,-0.13277880,1.03425819,-0.05321644,1.55953118,-0.28609642,-0.11354629,-0.06698848,0.13707836,-0.01204518,0.01401573,-0.07618252,0.14343189,0.02366464,0.07475271,0.10529544,-0.03696294,0.10657914
7.730000,-0.23679533,-0.13344746,1.03563259,-0.05333164,1.55966949,-0.28685289,-0.11209892,-0.06673918,0.13779016,-0.01099809,0.01364599,-0.07510871,0.14604230,0.02619855,0.06760054,0.10411933,-0.03698407,0.10818321
7.740000,-0.23790897,-0.13411350,1.03701376,-0.05343644,1.55980410,-0.28759854,-0.11062544,-0.06646448,0.13843025,-0.00996283,0.01327605,-0.07401886,0.14865535,0.02874206,0.06041265,0.10293173,-0.03700307,0.10978776
7.750000,-0.23900775,-0.13477667,1.03840096,-0.05353094,1.55993501,-0.28833321,-0.10912582,-0.06616431,0.13899830,-0.00893950,0.01290594,-0.07291296,0.15126883,0.03129355,0.05319305,0.10173286,-0.03701975,0.11139136
7.760000,-0.24009140,-0.13543670,1.03979348,-0.05361527,1.56006222,-0.28905674,-0.10760007,-0.06583859,0.13949402,-0.00792821,0.01253567,-0.07179104,0.15388049,0.03385135,0.04594577,0.10052298,-0.03703393,0.11299253
7.770000,-0.24115966,-0.13609335,1.04119060,-0.05368954,1.56018572,-0.28976898,-0.10604822,-0.06548727,0.13991714,-0.00692907,0.01216527,-0.07065312,0.15648811,0.03641381,0.03867482,0.09930233,-0.03704544,0.11458982
7.780000,-0.24221228,-0.13674636,1.04259158,-0.05375389,1.56030552,-0.29046975,-0.10447033,-0.06511030,0.14026745,-0.00594220,0.01179477,-0.06949926,0.15908945,0.03897930,0.03138422,0.09807114,-0.03705410,0.11618178
7.790000,-0.24324898,-0.13739547,1.04399570,-0.05380843,1.56042162,-0.29115891,-0.10286646,-0.06470767,0.14054477,-0.00496768,0.01142420,-0.06832951,0.16168229,0.04154615,0.02407799,0.09682967,-0.03705971,0.11776695
7.800000,-0.24426952,-0.13804043,1.04540223,-0.05385329,1.56053400,-0.29183629,-0.10123672,-0.06427938,0.14074897,-0.00400564,0.01105358,-0.06714395,0.16426439,0.04411272,0.01676013,0.09557815,-0.03706211,0.11934387
7.810000,-0.24527363,-0.13868098,1.04681044,-0.05388858,1.56064269,-0.29250174,-0.09958121,-0.06382543,0.14087995,-0.00305615,0.01068296,-0.06594267,0.16683352,0.04667736,0.00943468,0.09431683,-0.03706112,0.12091110
7.820000,-0.24626106,-0.13931685,1.04821959,-0.05391445,1.56074766,-0.29315509,-0.09790010,-0.06334584,0.14093765,-0.00211933,0.01031237,-0.06472576,0.16938745,0.04923841,0.00210564,0.09304594,-0.03705655,0.12246717
7.830000,-0.24723155,-0.13994781,1.04962895,-0.05393101,1.56084893,-0.29379620,-0.09619352,-0.06284068,0.14092207,-0.00119527,0.00994185,-0.06349336,0.17192395,0.05179424,-0.00522297,0.09176574,-0.03704821,0.12401062
7.840000,-0.24818485,-0.14057358,1.05103779,-0.05393840,1.56094650,-0.29442491,-0.09446168,-0.06230998,0.14083321,-0.00028405,0.00957142,-0.06224560,0.17444079,0.05434318,-0.01254713,0.09047647,-0.03703595,0.12554001
7.850000,-0.24912070,-0.14119392,1.05244537,-0.05393674,1.56104036,-0.29504106,-0.09270478,-0.06175384,0.14067115,0.00061423,0.00920114,-0.06098262,0.17693573,0.05688360,-0.01986281,0.08917836,-0.03701956,0.12705387
7.860000,-0.25003886,-0.14180857,1.05385096,-0.05392616,1.56113052,-0.29564451,-0.09092305,-0.06117234,0.14043599,0.00149949,0.00883104,-0.05970458,0.17940655,0.05941384,-0.02716602,0.08787167,-0.03699887,0.12855075
7.870000,-0.25093908,-0.14241729,1.05525384,-0.05390679,1.56121699,-0.29623510,-0.08911674,-0.06056560,0.14012789,0.00237164,0.00846118,-0.05841166,0.18185101,0.06193224,-0.03445272,0.08655662,-0.03697370,0.13002919
7.880000,-0.25182111,-0.14301980,1.05665328,-0.05387877,1.56129975,-0.29681269,-0.08728612,-0.05993374,0.13974701,0.00323060,0.00809159,-0.05710406,0.18426688,0.06443717,-0.04171891,0.08523348,-0.03694387,0.13148775
7.890000,-0.25268472,-0.14361588,1.05804854,-0.05384222,1.56137882,-0.29737714,-0.08543150,-0.05927691,0.13929359,0.00407628,0.00772232,-0.05578198,0.18665193,0.06692697,-0.04896056,0.08390247,-0.03690921,0.13292496
7.900000,-0.25352966,-0.14420526,1.05943891,-0.05379729,1.56145420,-0.29792829,-0.08355319,-0.05859526,0.13876789,0.00490862,0.00735342,-0.05444564,0.18900393,0.06939999,-0.05617366,0.08256385,-0.03686952,0.13433936
7.910000,-0.25435571,-0.14478770,1.06082366,-0.05374410,1.56152589,-0.29846600,-0.08165154,-0.05788897,0.13817022,0.00572754,0.00698494,-0.05309527,0.19132065,0.07185459,-0.06335418,0.08121785,-0.03682463,0.13572950
7.920000,-0.25516262,-0.14536296,1.06220208,-0.05368278,1.56159390,-0.29899015,-0.07972691,-0.05715824,0.13750093,0.00653295,0.00661694,-0.05173113,0.19359986,0.07428910,-0.07049812,0.07986471,-0.03677435,0.13709393
7.930000,-0.25595017,-0.14593078,1.06357344,-0.05361348,1.56165823,-0.29950058,-0.07777968,-0.05640326,0.13676040,0.00732481,0.00624948,-0.05035348,0.19583932,0.07670189,-0.07760146,0.07850469,-0.03671852,0.13843119
7.940000,-0.25671814,-0.14649094,1.06493705,-0.05353633,1.56171889,-0.29999717,-0.07581026,-0.05562428,0.13594905,0.00810303,0.00588259,-0.04896260,0.19803681,0.07909131,-0.08466018,0.07713802,-0.03665694,0.13973982
7.950000,-0.25746630,-0.14704319,1.06629219,-0.05345147,1.56177588,-0.30047979,-0.07381909,-0.05482152,0.13506736,0.00886755,0.00551636,-0.04755879,0.20019009,0.08145569,-0.09167026,0.07576494,-0.03658944,0.14101837
7.960000,-0.25819445,-0.14758729,1.06763816,-0.05335903,1.56182922,-0.30094831,-0.07180661,-0.05399525,0.13411582,0.00961830,0.00515082,-0.04614234,0.20229693,0.08379341,-0.09862768,0.07438571,-0.03651583,0.14226538
7.970000,-0.25890237,-0.14812302,1.06897427,-0.05325915,1.56187890,-0.30140260,-0.06977331,-0.05314575,0.13309499,0.01035524,0.00478606,-0.04471359,0.20435509,0.08610279,-0.10552843,0.07300055,-0.03643595,0.14347940
7.980000,-0.25958985,-0.14865013,1.07029983,-0.05315197,1.56192494,-0.30184254,-0.06771968,-0.05227330,0.13200545,0.01107830,0.00442213,-0.04327287,0.20636236,0.08838221,-0.11236850,0.07160972,-0.03634959,0.14465896
7.990000,-0.26025669,-0.14916841,1.07161416,-0.05303763,1.56196735,-0.30226801,-0.06564624,-0.05137821,0.13084784,0.01178742,0.00405909,-0.04182053,0.20831650,0.09062999,-0.11914385,0.07021346,-0.03625659,0.14580262
8.000000,-0.26090271,-0.14967762,1.07291657,-0.05291627,1.56200613,-0.30267891,-0.06355354,-0.05046081,0.12962281,0.01248255,0.00369702,-0.04035694,0.21021527,0.09284451,-0.12585049,0.06881200,-0.03615677,0.14690892
8.010000,-0.26152770,-0.15017755,1.07420639,-0.05278802,1.56204129,-0.30307512,-0.06144213,-0.04952143,0.12833107,0.01316364,0.00333598,-0.03888248,0.21205645,0.09502410,-0.13248438,0.06740560,-0.03604994,0.14797641
8.020000,-0.26213149,-0.15066798,1.07548297,-0.05265304,1.56207285,-0.30345653,-0.05931261,-0.04856045,0.12697337,0.01383064,0.00297604,-0.03739755,0.21383780,0.09716712,-0.13904152,0.06599449,-0.03593592,0.14900362
8.030000,-0.26271390,-0.15114869,1.07674564,-0.05251146,1.56210082,-0.30382303,-0.05716558,-0.04757822,0.12555051,0.01448351,0.00261728,-0.03590255,0.21555709,0.09927191,-0.14551788,0.06457891,-0.03581454,0.14998910
8.040000,-0.26327475,-0.15161947,1.07799376,-0.05236342,1.56212520,-0.30417454,-0.05500168,-0.04657514,0.12406330,0.01512221,0.00225978,-0.03439791,0.21721210,0.10133683,-0.15190945,0.06315912,-0.03568561,0.15093139
8.050000,-0.26381387,-0.15208012,1.07922669,-0.05220906,1.56214602,-0.30451096,-0.05282156,-0.04555162,0.12251262,0.01574668,0.00190360,-0.03288407,0.21880058,0.10336023,-0.15821221,0.06173535,-0.03554895,0.15182905
8.060000,-0.26433112,-0.15253044,1.08044381,-0.05204853,1.56216328,-0.30483220,-0.05062590,-0.04450808,0.12089936,0.01635690,0.00154883,-0.03136148,0.22032031,0.10534046,-0.16442215,0.06030785,-0.03540438,0.15268060
8.070000,-0.26482634,-0.15297022,1.08164448,-0.05188197,1.56217700,-0.30513816,-0.04841539,-0.04344496,0.11922450,0.01695283,0.00119554,-0.02983062,0.22176906,0.10727587,-0.17053524,0.05887686,-0.03525173,0.15348461
8.080000,-0.26529939,-0.15339927,1.08282809,-0.05170952,1.56218719,-0.30542878,-0.04619076,-0.04236272,0.11748900,0.01753443,0.00084382,-0.02829195,0.22314459,0.10916481,-0.17654748,0.05744261,-0.03509080,0.15423961
8.090000,-0.26575011,-0.15381741,1.08399406,-0.05153133,1.56219388,-0.30570398,-0.04395275,-0.04126182,0.11569390,0.01810167,0.00049375,-0.02674599,0.22444468,0.11100562,-0.18245484,0.05600537,-0.03492143,0.15494414
8.100000,-0.26617840,-0.15422445,1.08514178,-0.05134754,1.56219707,-0.30596368,-0.04170212,-0.04014277,0.11384026,0.01865453,0.00014542,-0.02519324,0.22566709,0.11279667,-0.18825330,0.05456535,-0.03474343,0.15559676
8.110000,-0.26658412,-0.15462021,1.08627067,-0.05115829,1.56219679,-0.30620782,-0.03943967,-0.03900606,0.11192921,0.01919297,-0.00020109,-0.02363423,0.22680959,0.11453630,-0.19393885,0.05312282,-0.03455661,0.15619600
8.120000,-0.26696715,-0.15500451,1.08738017,-0.05096372,1.56219306,-0.30643635,-0.03716621,-0.03785222,0.10996188,0.01971698,-0.00054568,-0.02206951,0.22786996,0.11622286,-0.19950748,0.05167801,-0.03436081,0.15674040
8.130000,-0.26732741,-0.15537720,1.08846973,-0.05076400,1.56218589,-0.30664920,-0.03488256,-0.03668179,0.10793946,0.02022652,-0.00088828,-0.02049961,0.22884595,0.11785469,-0.20495516,0.05023116,-0.03415583,0.15722852
8.140000,-0.26766477,-0.15573810,1.08953878,-0.05055924,1.56217530,-0.30684632,-0.03258958,-0.03549532,0.10586319,0.02072159,-0.00122877,-0.01892513,0.22973534,0.11943017,-0.21027788,0.04878253,-0.03394151,0.15765890
8.150000,-0.26797917,-0.15608705,1.09058681,-0.05034961,1.56216132,-0.30702768,-0.03028814,-0.03429338,0.10373433,0.02120217,-0.00156707,-0.01734663,0.23053590,0.12094762,-0.21547161,0.04733234,-0.03371765,0.15803008
8.160000,-0.26827051,-0.15642391,1.09161330,-0.05013525,1.56214397,-0.30719324,-0.02797916,-0.03307656,0.10155420,0.02166824,-0.00190309,-0.01576473,0.23124539,0.12240540,-0.22053236,0.04588084,-0.03348407,0.15834061
8.170000,-0.26853873,-0.15674854,1.09261773,-0.04991630,1.56212326,-0.30734297,-0.02566355,-0.03184547,0.09932414,0.02211978,-0.00223672,-0.01418003,0.23186158,0.12380187,-0.22545609,0.04442828,-0.03324061,0.15858902
8.180000,-0.26878376,-0.15706078,1.09359962,-0.04969290,1.56209924,-0.30747684,-0.02334225,-0.03060073,0.09704555,0.02255680,-0.00256787,-0.01259316,0.23238225,0.12513537,-0.23023879,0.04297490,-0.03298707,0.15877387
8.190000,-0.26900556,-0.15736051,1.09455849,-0.04946521,1.56207192,-0.30759483,-0.02101623,-0.02934298,0.09471985,0.02297928,-0.00289643,-0.01100477,0.23280516,0.12640426,-0.23487644,0.04152095,-0.03272328,0.15889369
8.200000,-0.26920408,-0.15764760,1.09549387,-0.04923336,1.56204132,-0.30769693,-0.01868648,-0.02807287,0.09234852,0.02338722,-0.00322230,-0.00941551,0.23312808,0.12760688,-0.23936503,0.04006665,-0.03244905,0.15894704
8.210000,-0.26937928,-0.15792193,1.09640531,-0.04899751,1.56200748,-0.30778314,-0.01635401,-0.02679107,0.08993306,0.02378061,-0.00354537,-0.00782605,0.23334877,0.12874158,-0.24370053,0.03861226,-0.03216421,0.15893246
8.220000,-0.26953115,-0.15818338,1.09729238,-0.04875780,1.56197042,-0.30785345,-0.01401985,-0.02549827,0.08747503,0.02415946,-0.00386555,-0.00623709,0.23346502,0.12980672,-0.24787894,0.03715802,-0.03186857,0.15884848
8.230000,-0.26965968,-0.15843186,1.09815467,-0.04851437,1.56193018,-0.30790788,-0.01168506,-0.02419517,0.08497602,0.02452377,-0.00418271,-0.00464932,0.23347458,0.13080065,-0.25189623,0.03570418,-0.03156196,0.15869366
8.240000,-0.26976485,-0.15866725,1.09899177,-0.04826737,1.56188678,-0.30794645,-0.00935072,-0.02288250,0.08243765,0.02487355,-0.00449675,-0.00306346,0.23337522,0.13172171,-0.25574839,0.03425097,-0.03124419,0.15846654
8.250000,-0.26984670,-0.15888948,1.09980330,-0.04801695,1.56184025,-0.30796916,-0.00701793,-0.02156099,0.07986161,0.02520880,-0.00480756,-0.00148023,0.23316472,0.13256825,-0.25943140,0.03279864,-0.03091509,0.15816566
8.260000,-0.26990522,-0.15909845,1.10058889,-0.04776325,1.56179064,-0.30797606,-0.00468781,-0.02023139,0.07724960,0.02552952,-0.00511501,0.00009960,0.23284084,0.13333863,-0.26294125,0.03134742,-0.03057446,0.15778957
8.270000,-0.26994046,-0.15929408,1.10134818,-0.04750641,1.56173797,-0.30796718,-0.00236150,-0.01889447,0.07460338,0.02583575,-0.00541901,0.00167530,0.23240135,0.13403120,-0.26627390,0.02989757,-0.03022214,0.15733681
8.280000,-0.26995247,-0.15947631,1.10208085,-0.04724658,1.56168227,-0.30794257,-0.00004017,-0.01755103,0.07192473,0.02612748,-0.00571942,0.00324608,0.23184402,0.13464431,-0.26942536,0.02844933,-0.02985795,0.15680592
8.290000,-0.26994129,-0.15964508,1.10278657,-0.04698391,1.56162359,-0.30790228,0.00227498,-0.01620186,0.06921549,0.02640474,-0.00601612,0.00481115,0.23116662,0.13517630,-0.27239160,0.02700294,-0.02948169,0.15619546
8.300000,-0.26990699,-0.15980033,1.10346506,-0.04671853,1.56156196,-0.30784637,0.00458275,-0.01484778,0.06647753,0.02666755,-0.00630901,0.00636972,0.23036691,0.13562554,-0.27516861,0.02555863,-0.02909320,0.15550396
8.310000,-0.26984966,-0.15994202,1.10411603,-0.04645060,1.56149742,-0.30777491,0.00688191,-0.01348963,0.06371276,0.02691592,-0.00659795,0.00792096,0.22944267,0.13599036,-0.27775236,0.02411667,-0.02869228,0.15472997
8.320000,-0.26976939,-0.16007012,1.10473923,-0.04618026,1.56143002,-0.30768798,0.00917118,-0.01212826,0.06092314,0.02714989,-0.00688281,0.00946404,0.22839167,0.13626912,-0.28013885,0.02267727,-0.02827877,0.15387203
8.330000,-0.26966628,-0.16018458,1.10533442,-0.04590765,1.56135978,-0.30758566,0.01144931,-0.01076454,0.05811066,0.02736948,-0.00716348,0.01099811,0.22721166,0.13646017,-0.28232404,0.02124070,-0.02785248,0.15292868
8.340000,-0.26954044,-0.16028540,1.10590138,-0.04563292,1.56128676,-0.30746805,0.01371498,-0.00939935,0.05527734,0.02757471,-0.00743982,0.01252232,0.22590043,0.13656185,-0.28430394,0.01980719,-0.02741322,0.15189848
8.350000,-0.26939202,-0.16037257,1.10643990,-0.04535621,1.56121100,-0.30733525,0.01596687,-0.00803361,0.05242527,0.02776563,-0.00771170,0.01403579,0.22445574,0.13657253,-0.28607451,0.01837699,-0.02696083,0.15077996
8.360000,-0.26922116,-0.16044608,1.10694983,-0.04507765,1.56113254,-0.30718737,0.01820364,-0.00666821,0.04955656,0.02794226,-0.00797899,0.01553762,0.22287536,0.13649055,-0.28763175,0.01695034,-0.02649511,0.14957168
8.370000,-0.26902800,-0.16050594,1.10743099,-0.04479741,1.56105143,-0.30702454,0.02042392,-0.00530411,0.04667336,0.02810465,-0.00824156,0.01702692,0.22115705,0.13631426,-0.28897163,0.01552747,-0.02601589,0.14827216
8.380000,-0.26881274,-0.16055217,1.10788325,-0.04451561,1.56096773,-0.30684688,0.02262632,-0.00394225,0.04377787,0.02825283,-0.00849926,0.01850276,0.21929859,0.13604202,-0.29009014,0.01410864,-0.02552299,0.14687996
8.390000,-0.26857554,-0.16058479,1.10830651,-0.04423240,1.56088147,-0.30665453,0.02480942,-0.00258359,0.04087231,0.02838684,-0.00875197,0.01996420,0.21729775,0.13567216,-0.29098326,0.01269408,-0.02501623,0.14539363
8.400000,-0.26831662,-0.16060385,1.10870067,-0.04394792,1.56079270,-0.30644765,0.02697179,-0.00122913,0.03795897,0.02850672,-0.00899954,0.02141031,0.21515229,0.13520304,-0.29164698,0.01128405,-0.02449542,0.14381170
8.410000,-0.26803618,-0.16060939,1.10906567,-0.04366231,1.56070149,-0.30622638,0.02911197,0.00012013,0.03504015,0.02861253,-0.00924183,0.02284012,0.21285998,0.13463302,-0.29207727,0.00987877,-0.02396039,0.14213272
8.420000,-0.26773446,-0.16060147,1.10940146,-0.04337572,1.56060789,-0.30599090,0.03122849,0.00146318,0.03211821,0.02870432,-0.00947870,0.02425264,0.21041859,0.13396044,-0.29227013,0.00847850,-0.02341096,0.14035523
8.430000,-0.26741169,-0.16058015,1.10970803,-0.04308827,1.56051194,-0.30574139,0.03331984,0.00279899,0.02919555,0.02878212,-0.00971000,0.02564689,0.20782589,0.13318366,-0.29222153,0.00708348,-0.02284694,0.13847778
8.440000,-0.26706815,-0.16054552,1.10998538,-0.04280012,1.56041370,-0.30547803,0.03538450,0.00412650,0.02627460,0.02884600,-0.00993559,0.02702186,0.20507965,0.13230102,-0.29192745,0.00569395,-0.02226815,0.13649892
8.450000,-0.26670410,-0.16049765,1.11023354,-0.04251140,1.56031324,-0.30520102,0.03742091,0.00544465,0.02335784,0.02889602,-0.01015532,0.02837652,0.20217764,0.13131087,-0.29138388,0.00431015,-0.02167443,0.13441718
8.460000,-0.26631983,-0.16043666,1.11045256,-0.04222224,1.56021062,-0.30491057,0.03942752,0.00675236,0.02044777,0.02893223,-0.01036903,0.02970985,0.19911762,0.13021156,-0.29058680,0.00293232,-0.02106557,0.13223111
8.470000,-0.26591565,-0.16036264,1.11064253,-0.04193280,1.56010588,-0.30460690,0.04140273,0.00804852,0.01754696,0.02895469,-0.01057658,0.03102079,0.19589737,0.12900146,-0.28953220,0.00156072,-0.02044141,0.12993926
8.480000,-0.26549189,-0.16027573,1.11080354,-0.04164320,1.55999911,-0.30429023,0.04334493,0.00933201,0.01465800,0.02896346,-0.01077781,0.03230828,0.19251465,0.12767889,-0.28821606,0.00019557,-0.01980176,0.12754017
8.490000,-0.26504887,-0.16017605,1.11093573,-0.04135358,1.55989035,-0.30396081,0.04525248,0.01060171,0.01178352,0.02895862,-0.01097256,0.03357123,0.18896723,0.12624223,-0.28663436,-0.00116287,-0.01914645,0.12503238
8.500000,-0.26458696,-0.16006375,1.11103927,-0.04106407,1.55977968,-0.30361889,0.04712372,0.01185647,0.00892621,0.02894023,-0.01116068,0.03480856,0.18525288,0.12468980,-0.28478308,-0.00251436,-0.01847528,0.12241444
8.510000,-0.26410652,-0.15993897,1.11111432,-0.04077482,1.55966716,-0.30326473,0.04895697,0.01309512,0.00608877,0.02890836,-0.01134201,0.03601915,0.18136937,0.12301998,-0.28265821,-0.00385867,-0.01778809,0.11968489
8.520000,-0.26360795,-0.15980190,1.11116112,-0.04048595,1.55955286,-0.30289860,0.05075053,0.01431647,0.00327397,0.02886308,-0.01151639,0.03720188,0.17731447,0.12123110,-0.28025573,-0.00519554,-0.01708469,0.11684228
8.530000,-0.26309165,-0.15965271,1.11117989,-0.04019760,1.55943686,-0.30252079,0.05250268,0.01551934,0.00048460,0.02880447,-0.01168365,0.03835561,0.17308594,0.11932152,-0.27757162,-0.00652474,-0.01636490,0.11388514
8.540000,-0.26255804,-0.15949158,1.11117090,-0.03990990,1.55931921,-0.30213159,0.05421167,0.01670250,-0.00227651,0.02873261,-0.01184363,0.03947920,0.16868156,0.11728959,-0.27460186,-0.00784603,-0.01562855,0.11081203
8.550000,-0.26200757,-0.15931873,1.11113446,-0.03962299,1.55920001,-0.30173131,0.05587572,0.01786472,-0.00500648,0.02864758,-0.01199617,0.04057146,0.16409910,0.11513365,-0.27134244,-0.00915915,-0.01487544,0.10762149
8.560000,-0.26144068,-0.15913436,1.11107089,-0.03933699,1.55907931,-0.30132027,0.05749305,0.01900475,-0.00770238,0.02854946,-0.01214108,0.04163123,0.15933631,0.11285207,-0.26778935,-0.01046387,-0.01410540,0.10431207
8.570000,-0.26085787,-0.15893871,1.11098054,-0.03905204,1.55895721,-0.30089880,0.05906184,0.02012133,-0.01036127,0.02843833,-0.01227822,0.04265730,0.15439098,0.11044318,-0.26393856,-0.01175994,-0.01331825,0.10088229
8.580000,-0.26025961,-0.15873202,1.11086380,-0.03876827,1.55883378,-0.30046724,0.06058025,0.02121318,-0.01298015,0.02831429,-0.01240739,0.04364847,0.14926087,0.10790534,-0.25978606,-0.01304713,-0.01251381,0.09733073
8.590000,-0.25964644,-0.15851453,1.11072108,-0.03848580,1.55870909,-0.30002595,0.06204643,0.02227900,-0.01555597,0.02817742,-0.01252844,0.04460351,0.14394374,0.10523691,-0.25532782,-0.01432518,-0.01169190,0.09365590
8.600000,-0.25901887,-0.15828653,1.11055283,-0.03820476,1.55858324,-0.29957529,0.06345849,0.02331748,-0.01808567,0.02802782,-0.01264117,0.04552117,0.13843738,0.10243622,-0.25055984,-0.01559386,-0.01085234,0.08985637
8.610000,-0.25837745,-0.15804828,1.11035953,-0.03792529,1.55845630,-0.29911565,0.06481454,0.02432728,-0.02056612,0.02786557,-0.01274542,0.04640021,0.13273954,0.09950163,-0.24547810,-0.01685292,-0.00999494,0.08593067
8.620000,-0.25772277,-0.15780008,1.11014168,-0.03764749,1.55832836,-0.29864742,0.06611264,0.02530706,-0.02299417,0.02769079,-0.01284101,0.04723936,0.12684799,0.09643149,-0.24007857,-0.01810213,-0.00911954,0.08187734
8.630000,-0.25705540,-0.15754224,1.10989983,-0.03737151,1.55819951,-0.29817100,0.06735085,0.02625546,-0.02536662,0.02750356,-0.01292775,0.04803733,0.12076051,0.09322416,-0.23435725,-0.01934123,-0.00822593,0.07769494
8.640000,-0.25637596,-0.15727508,1.10963455,-0.03709746,1.55806983,-0.29768682,0.06852719,0.02717108,-0.02768023,0.02730400,-0.01300547,0.04879282,0.11447485,0.08987798,-0.22831011,-0.02056999,-0.00731396,0.07338201
8.650000,-0.25568507,-0.15699893,1.10934643,-0.03682547,1.55793943,-0.29719529,0.06963968,0.02805255,-0.02993172,0.02709220,-0.01307397,0.04950453,0.10798880,0.08639130,-0.22193314,-0.02178816,-0.00638343,0.06893708
8.660000,-0.25498338,-0.15671415,1.10903613,-0.03655566,1.55780838,-0.29669688,0.07068629,0.02889843,-0.03211778,0.02686827,-0.01313307,0.05017112,0.10130012,0.08276247,-0.21522232,-0.02299550,-0.00543416,0.06435871
8.670000,-0.25427157,-0.15642109,1.10870431,-0.03628815,1.55767680,-0.29619203,0.07166500,0.02970732,-0.03423504,0.02663233,-0.01318259,0.05079125,0.09440658,0.07898984,-0.20817364,-0.02419176,-0.00446598,0.05964544
8.680000,-0.25355032,-0.15612013,1.10835167,-0.03602305,1.55754476,-0.29568121,0.07257373,0.03047775,-0.03628011,0.02638448,-0.01322233,0.05136357,0.08730594,0.07507177,-0.20078307,-0.02537671,-0.00347871,0.05479582
8.690000,-0.25282033,-0.15581167,1.10797896,-0.03576050,1.55741238,-0.29516492,0.07341042,0.03120826,-0.03824955,0.02612483,-0.01325210,0.05188671,0.07999598,0.07100660,-0.19304660,-0.02655010,-0.00247216,0.04980837
8.700000,-0.25208236,-0.15549610,1.10758694,-0.03550060,1.55727976,-0.29464364,0.07417295,0.03189738,-0.04013988,0.02585351,-0.01327171,0.05235928,0.07247446,0.06679269,-0.18496021,-0.02771170,-0.00144615,0.04468167
8.710000,-0.25133713,-0.15517386,1.10717643,-0.03524347,1.55714698,-0.29411791,0.07485919,0.03254361,-0.04194758,0.02557064,-0.01328096,0.05277988,0.06473916,0.06242838,-0.17651989,-0.02886124,-0.00040050,0.03941423
8.720000,-0.25058543,-0.15484538,1.10674828,-0.03498922,1.55701417,-0.29358823,0.07546701,0.03314544,-0.04366909,0.02527633,-0.01327965,0.05314709,0.05678784,0.05791202,-0.16772161,-0.02999850,0.00066496,0.03400462
8.730000,-0.24982806,-0.15451111,1.10630335,-0.03473798,1.55688143,-0.29305515,0.07599422,0.03370134,-0.04530080,0.02497071,-0.01326759,0.05345949,0.04861826,0.05324197,-0.15856137,-0.03112323,0.00175042,0.02845137
8.740000,-0.24906582,-0.15417151,1.10584257,-0.03448984,1.55674886,-0.29251922,0.07643864,0.03420976,-0.04683909,0.02465391,-0.01324458,0.05371563,0.04022821,0.04841658,-0.14903514,-0.03223519,0.00285606,0.02275303
8.750000,-0.24829957,-0.15382707,1.10536689,-0.03424494,1.55661657,-0.29198103,0.07679804,0.03466915,-0.04828027,0.02432605,-0.01321040,0.05391406,0.03161544,0.04343419,-0.13913891,-0.03333413,0.00398205,0.01690814
8.760000,-0.24753015,-0.15347830,1.10487730,-0.03400336,1.55648469,-0.29144114,0.07707020,0.03507792,-0.04962062,0.02398727,-0.01316487,0.05405330,0.02277773,0.03829316,-0.12886866,-0.03441982,0.00512859,0.01091524
8.770000,-0.24675846,-0.15312569,1.10437483,-0.03376523,1.55635331,-0.29090016,0.07725284,0.03543448,-0.05085639,0.02363770,-0.01310776,0.05413187,0.01371285,0.03299184,-0.11822037,-0.03549200,0.00629585,0.00477289
8.780000,-0.24598540,-0.15276979,1.10386054,-0.03353064,1.55622257,-0.29035871,0.07734369,0.03573722,-0.05198376,0.02327747,-0.01303888,0.05414826,0.00441855,0.02752857,-0.10719003,-0.03655044,0.00748400,-0.00152038
8.790000,-0.24521190,-0.15241113,1.10333553,-0.03329971,1.55609258,-0.28981741,0.07734044,0.03598451,-0.05299890,0.02290674,-0.01295801,0.05410095,-0.00510738,0.02190172,-0.09577361,-0.03759490,0.00869324,-0.00796601
8.800000,-0.24443892,-0.15205029,1.10280095,-0.03307254,1.55596345,-0.28927691,0.07724076,0.03617470,-0.05389793,0.02252562,-0.01286494,0.05398842,-0.01486717,0.01610962,-0.08396711,-0.03862513,0.00992374,-0.01456548
8.810000,-0.24366742,-0.15168783,1.10225797,-0.03284923,1.55583532,-0.28873786,0.07704231,0.03630614,-0.05467693,0.02213428,-0.01275947,0.05380913,-0.02486307,0.01015062,-0.07176650,-0.03964088,0.01117567,-0.02132023
8.820000,-0.24289841,-0.15132437,1.10170782,-0.03262989,1.55570830,-0.28820095,0.07674271,0.03637715,-0.05533193,0.02173285,-0.01264136,0.05356150,-0.03509730,0.00402309,-0.05916777,-0.04064192,0.01244923,-0.02823171
8.830000,-0.24213291,-0.15096050,1.10115176,-0.03241461,1.55558253,-0.28766687,0.07633956,0.03638604,-0.05585894,0.02132149,-0.01251041,0.05324396,-0.04557210,-0.00227463,-0.04616690,-0.04162801,0.01374460,-0.03530140
8.840000,-0.24137197,-0.15059686,1.10059108,-0.03220349,1.55545814,-0.28713631,0.07583046,0.03633109,-0.05625392,0.02090035,-0.01236639,0.05285494,-0.05628969,-0.00874420,-0.03275988,-0.04259889,0.01506194,-0.04253073
8.850000,-0.24061666,-0.15023409,1.10002713,-0.03199663,1.55533525,-0.28661001,0.07521295,0.03621057,-0.05651277,0.02046957,-0.01220910,0.05239281,-0.06725230,-0.01538725,-0.01894268,-0.04355433,0.01640145,-0.04992116
8.860000,-0.23986808,-0.14987287,1.09946129,-0.03179413,1.55521400,-0.28608870,0.07448459,0.03602276,-0.05663139,0.02002931,-0.01203829,0.05185597,-0.07846217,-0.02220544,-0.00471129,-0.04449409,0.01776330,-0.05747416
8.870000,-0.23912735,-0.14951387,1.09889499,-0.03159608,1.55509453,-0.28557315,0.07364288,0.03576588,-0.05660560,0.01957974,-0.01185375,0.05124278,-0.08992153,-0.02920042,0.00993831,-0.04541792,0.01914768,-0.06519118
8.880000,-0.23839561,-0.14915779,1.09832968,-0.03140257,1.55497697,-0.28506411,0.07268532,0.03543815,-0.05643122,0.01912101,-0.01165526,0.05055160,-0.10163261,-0.03637384,0.02501013,-0.04632558,0.02055476,-0.07307367
8.890000,-0.23767403,-0.14880535,1.09776687,-0.03121369,1.55486147,-0.28456238,0.07160938,0.03503780,-0.05610398,0.01865328,-0.01144258,0.04978075,-0.11359764,-0.04372735,0.04050819,-0.04721682,0.02198472,-0.08112308
8.900000,-0.23696382,-0.14845728,1.09720812,-0.03102953,1.55474817,-0.28406876,0.07041251,0.03456300,-0.05561962,0.01817673,-0.01121549,0.04892857,-0.12581885,-0.05126260,0.05643651,-0.04809141,0.02343775,-0.08934089
8.910000,-0.23626620,-0.14811434,1.09665502,-0.03085018,1.55463721,-0.28358409,0.06909214,0.03401194,-0.05497380,0.01769151,-0.01097375,0.04799337,-0.13829848,-0.05898123,0.07279911,-0.04894910,0.02491403,-0.09772853
8.920000,-0.23558240,-0.14777730,1.09610920,-0.03067573,1.55452874,-0.28310918,0.06764567,0.03338276,-0.05416218,0.01719780,-0.01071713,0.04697343,-0.15103875,-0.06688490,0.08960000,-0.04978965,0.02641373,-0.10628747
8.930000,-0.23491371,-0.14744695,1.09557234,-0.03050626,1.55442292,-0.28264490,0.06607049,0.03267361,-0.05318033,0.01669577,-0.01044540,0.04586704,-0.16404190,-0.07497526,0.10684320,-0.05061281,0.02793704,-0.11501916
8.940000,-0.23426143,-0.14712410,1.09504617,-0.03034184,1.55431989,-0.28219213,0.06436395,0.03188263,-0.05202382,0.01618560,-0.01015831,0.04467247,-0.17731015,-0.08325395,0.12453273,-0.05141835,0.02948413,-0.12392507
8.950000,-0.23362688,-0.14680958,1.09453246,-0.03018257,1.55421981,-0.28175176,0.06252339,0.03100790,-0.05068817,0.01566747,-0.00985563,0.04338796,-0.19084574,-0.09172263,0.14267260,-0.05220602,0.03105520,-0.13300663
8.960000,-0.23301142,-0.14650423,1.09403302,-0.03002852,1.55412283,-0.28132468,0.06054614,0.03004754,-0.04916886,0.01514154,-0.00953713,0.04201174,-0.20465091,-0.10038294,0.16126684,-0.05297557,0.03265041,-0.14226532
8.970000,-0.23241642,-0.14620892,1.09354971,-0.02987976,1.55402912,-0.28091183,0.05842947,0.02899960,-0.04746131,0.01460802,-0.00920255,0.04054205,-0.21872787,-0.10923654,0.18031945,-0.05372677,0.03426995,-0.15170258
8.980000,-0.23184330,-0.14592454,1.09308444,-0.02973638,1.55393883,-0.28051416,0.05617067,0.02786215,-0.04556093,0.01406707,-0.00885165,0.03897709,-0.23307887,-0.11828508,0.19983446,-0.05445937,0.03591400,-0.16131987
8.990000,-0.23129349,-0.14565198,1.09263915,-0.02959845,1.55385214,-0.28013261,0.05376697,0.02663324,-0.04346307,0.01351889,-0.00848418,0.03731505,-0.24770613,-0.12753020,0.21981588,-0.05517313,0.03758273,-0.17111865
9.000000,-0.23076845,-0.14539218,1.09221585,-0.02946603,1.55376920,-0.27976818,0.05121561,0.02531089,-0.04116304,0.01296367,-0.00809991,0.03555411,-0.26261189,-0.13697355,0.24026772,-0.05586781,0.03927634,-0.18110037
9.010000,-0.23026968,-0.14514608,1.09181658,-0.02933920,1.55369020,-0.27942187,0.04851380,0.02389311,-0.03865613,0.01240160,-0.00769857,0.03369243,-0.27779837,-0.14661678,0.26119402,-0.05654316,0.04099500,-0.19126649
9.020000,-0.22979869,-0.14491465,1.09144343,-0.02921802,1.55361529,-0.27909468,0.04565870,0.02237788,-0.03593757,0.01183287,-0.00727992,0.03172816,-0.29326781,-0.15646155,0.28259878,-0.05719894,0.04273889,-0.20161847
9.030000,-0.22935703,-0.14469886,1.09109855,-0.02910256,1.55354466,-0.27878765,0.04264749,0.02076320,-0.03300255,0.01125769,-0.00684371,0.02965944,-0.30902244,-0.16650950,0.30448602,-0.05783491,0.04450819,-0.21215775
9.040000,-0.22894627,-0.14449972,1.09078412,-0.02899289,1.55347848,-0.27850184,0.03947730,0.01904701,-0.02984622,0.01067624,-0.00638968,0.02748438,-0.32506449,-0.17676229,0.32685976,-0.05845082,0.04630308,-0.22288581
9.050000,-0.22856802,-0.14431826,1.09050238,-0.02888906,1.55341692,-0.27823833,0.03614524,0.01722726,-0.02646372,0.01008874,-0.00591756,0.02520109,-0.34139620,-0.18722155,0.34972401,-0.05904644,0.04812374,-0.23380408
9.060000,-0.22822391,-0.14415553,1.09025562,-0.02879113,1.55336019,-0.27799819,0.03264840,0.01530188,-0.02285009,0.00949538,-0.00542711,0.02280766,-0.35801978,-0.19788895,0.37308279,-0.05962152,0.04997036,-0.24491404
9.070000,-0.22791561,-0.14401258,1.09004617,-0.02869917,1.55330844,-0.27778255,0.02898386,0.01326878,-0.01900040,0.00889638,-0.00491807,0.02030216,-0.37493749,-0.20876612,0.39694012,-0.06017581,0.05184311,-0.25621712
9.080000,-0.22764481,-0.14389052,1.08987641,-0.02861322,1.55326189,-0.27759253,0.02514866,0.01112586,-0.01490962,0.00829193,-0.00439016,0.01768267,-0.39215153,-0.21985473,0.42130002,-0.06070908,0.05374217,-0.26771480
9.090000,-0.22741322,-0.14379044,1.08974879,-0.02853335,1.55322070,-0.27742928,0.02113983,0.00887098,-0.01057271,0.00768227,-0.00384314,0.01494721,-0.40966416,-0.23115642,0.44616650,-0.06122108,0.05566772,-0.27940852
9.100000,-0.22722260,-0.14371348,1.08966580,-0.02845959,1.55318509,-0.27729397,0.01695438,0.00650201,-0.00598459,0.00706758,-0.00327672,0.01209384,-0.42747759,-0.24267284,0.47154359,-0.06171157,0.05761995,-0.29129975
9.110000,-0.22707473,-0.14366079,1.08962996,-0.02839201,1.55315524,-0.27718780,0.01258927,0.00401680,-0.00114012,0.00644811,-0.00269065,0.00912055,-0.44559406,-0.25440563,0.49743529,-0.06218030,0.05959904,-0.30338993
9.120000,-0.22697142,-0.14363354,1.08964387,-0.02833065,1.55313134,-0.27711197,0.00804148,0.00141317,0.00396585,0.00582405,-0.00208465,0.00602537,-0.46401581,-0.26635646,0.52384562,-0.06262704,0.06160516,-0.31568052
9.130000,-0.22691452,-0.14363293,1.08971016,-0.02827554,1.55311361,-0.27706771,0.00330793,-0.00131106,0.00933853,0.00519564,-0.00145845,0.00280627,-0.48274505,-0.27852696,0.55077860,-0.06305154,0.06363849,-0.32817298
9.140000,-0.22690589,-0.14366017,1.08983154,-0.02822675,1.55310224,-0.27705626,-0.00161446,-0.00415810,0.01498318,0.00456310,-0.00081179,-0.00053877,-0.50178404,-0.29091880,0.57823826,-0.06345356,0.06569922,-0.34086877
9.150000,-0.22694745,-0.14371650,1.09001075,-0.02818430,1.55309744,-0.27707891,-0.00672879,-0.00713018,0.02090507,0.00392665,-0.00014438,-0.00401179,-0.52113498,-0.30353361,0.60622859,-0.06383286,0.06778753,-0.35376934
9.160000,-0.22704112,-0.14380320,1.09025059,-0.02814823,1.55309942,-0.27713693,-0.01203820,-0.01022952,0.02710953,0.00328652,0.00054405,-0.00761484,-0.54080012,-0.31637304,0.63475364,-0.06418918,0.06990359,-0.36687614
9.170000,-0.22718887,-0.14392153,1.09055390,-0.02811858,1.55310839,-0.27723165,-0.01754584,-0.01345839,0.03360193,0.00264294,0.00125379,-0.01135000,-0.56077786,-0.32943629,0.66381197,-0.06452218,0.07204717,-0.38018807
9.180000,-0.22739271,-0.14407280,1.09092360,-0.02809538,1.55312457,-0.27736438,-0.02325460,-0.01681887,0.04038727,0.00199616,0.00198507,-0.01521915,-0.58100753,-0.34268446,0.69331859,-0.06482966,0.07421150,-0.39366457
9.190000,-0.22765464,-0.14425835,1.09136264,-0.02807866,1.55314817,-0.27753648,-0.02916648,-0.02031247,0.04746929,0.00134644,0.00273805,-0.01922360,-0.60138213,-0.35604883,0.72312290,-0.06510802,0.07638469,-0.40723411
9.200000,-0.22797671,-0.14447950,1.09187398,-0.02806846,1.55317940,-0.27774931,-0.03528237,-0.02394000,0.05485021,0.00069411,0.00351275,-0.02336390,-0.62179342,-0.36945984,0.75307255,-0.06535359,0.07855473,-0.42082432
9.210000,-0.22836097,-0.14473759,1.09246064,-0.02806479,1.55321850,-0.27800421,-0.04160211,-0.02770159,0.06253072,0.00003949,0.00430909,-0.02763991,-0.64213316,-0.38284798,0.78301517,-0.06556272,0.08070960,-0.43436286
9.220000,-0.22880943,-0.14503397,1.09312559,-0.02806767,1.55326566,-0.27830255,-0.04812443,-0.03159665,0.07050998,-0.00061701,0.00512685,-0.03205075,-0.66229310,-0.39614368,0.81279842,-0.06573177,0.08283727,-0.44777735
9.230000,-0.22932412,-0.14536997,1.09387183,-0.02807713,1.55332110,-0.27864567,-0.05484701,-0.03562392,0.07878565,-0.00127500,0.00596570,-0.03659481,-0.68216500,-0.40927742,0.84226992,-0.06585707,0.08492573,-0.46099546
9.240000,-0.22990703,-0.14574689,1.09470228,-0.02809318,1.55338504,-0.27903489,-0.06176641,-0.03978143,0.08735384,-0.00193400,0.00682520,-0.04126976,-0.70164062,-0.42217966,0.87127733,-0.06593497,0.08696297,-0.47394480
9.250000,-0.23056009,-0.14616602,1.09561986,-0.02811582,1.55345767,-0.27947149,-0.06887814,-0.04406651,0.09620914,-0.00259353,0.00770475,-0.04607257,-0.72061170,-0.43478086,0.89966829,-0.06596182,0.08893695,-0.48655304
9.260000,-0.23128521,-0.14662863,1.09662740,-0.02814505,1.55353920,-0.27995675,-0.07617660,-0.04847581,0.10534464,-0.00325305,0.00860368,-0.05099944,-0.73897001,-0.44701147,0.92729043,-0.06593396,0.09083565,-0.49874780
9.270000,-0.23208423,-0.14713594,1.09772766,-0.02818087,1.55362981,-0.28049188,-0.08365513,-0.05300527,0.11475188,-0.00391201,0.00952118,-0.05604590,-0.75660731,-0.45880196,0.95399141,-0.06584774,0.09264707,-0.51045673
9.280000,-0.23295889,-0.14768912,1.09892331,-0.02822328,1.55372968,-0.28107805,-0.09130598,-0.05765015,0.12442089,-0.00456980,0.01045629,-0.06120672,-0.77341535,-0.47008279,0.97961886,-0.06569951,0.09435918,-0.52160747
9.290000,-0.23391089,-0.14828931,1.10021691,-0.02827226,1.55383899,-0.28171638,-0.09912032,-0.06240500,0.13434017,-0.00522578,0.01140799,-0.06647595,-0.78928588,-0.48078443,1.00402043,-0.06548561,0.09595996,-0.53212767
9.300000,-0.23494181,-0.14893757,1.10161090,-0.02832779,1.55395789,-0.28240791,-0.10708822,-0.06726368,0.14449670,-0.00587928,0.01237508,-0.07184693,-0.80411066,-0.49083732,1.02704376,-0.06520238,0.09743738,-0.54194496
9.310000,-0.23605313,-0.14963491,1.10310759,-0.02838984,1.55408654,-0.28315363,-0.11519868,-0.07221935,0.15487594,-0.00652959,0.01335628,-0.07731226,-0.81778145,-0.50017194,1.04853650,-0.06484618,0.09877944,-0.55098699
9.320000,-0.23724622,-0.15038225,1.10470911,-0.02845837,1.55422506,-0.28395444,-0.12343964,-0.07726449,0.16546182,-0.00717595,0.01435018,-0.08286384,-0.83019001,-0.50871874,1.06834627,-0.06441335,0.09997411,-0.55918139
9.330000,-0.23852231,-0.15118047,1.10641745,-0.02853334,1.55437358,-0.28481116,-0.13179791,-0.08239087,0.17623675,-0.00781759,0.01535523,-0.08849283,-0.84122809,-0.51640818,1.08632074,-0.06390024,0.10100937,-0.56645582
9.340000,-0.23988252,-0.15203031,1.10823441,-0.02861470,1.55453220,-0.28572452,-0.14025927,-0.08758956,0.18718161,-0.00845367,0.01636980,-0.09418965,-0.85078745,-0.52317073,1.10230753,-0.06330319,0.10187320,-0.57273790
9.350000,-0.24132779,-0.15293247,1.11016158,-0.02870239,1.55470100,-0.28669515,-0.14880837,-0.09285096,0.19827577,-0.00908336,0.01739209,-0.09994403,-0.85875983,-0.52893685,1.11615430,-0.06261854,0.10255359,-0.57795529
9.360000,-0.24285893,-0.15388751,1.11220035,-0.02879635,1.55488006,-0.28772356,-0.15742882,-0.09816475,0.20949706,-0.00970574,0.01842022,-0.10574497,-0.86503701,-0.53363699,1.12770869,-0.06184265,0.10303850,-0.58203562
9.370000,-0.24447655,-0.15489590,1.11435187,-0.02889648,1.55506942,-0.28881016,-0.16610310,-0.10351992,0.22082179,-0.01031989,0.01945217,-0.11158072,-0.86951074,-0.53720162,1.13681833,-0.06097186,0.10331593,-0.58490654
9.380000,-0.24618111,-0.15595800,1.11661705,-0.02900271,1.55526911,-0.28995525,-0.17481266,-0.10890476,0.23222477,-0.01092485,0.02048580,-0.11743883,-0.87207277,-0.53956120,1.14333087,-0.06000251,0.10337385,-0.58649568
9.390000,-0.24797285,-0.15707405,1.11899654,-0.02911495,1.55547913,-0.29115897,-0.18353782,-0.11430689,0.24367924,-0.01151960,0.02151887,-0.12330612,-0.87261485,-0.54064619,1.14709396,-0.05893096,0.10320024,-0.58673069
9.400000,-0.24985185,-0.15824416,1.12149071,-0.02923307,1.55569948,-0.29242136,-0.19225786,-0.11971321,0.25515697,-0.01210312,0.02254900,-0.12916868,-0.87102875,-0.54038705,1.14795523,-0.05775354,0.10278309,-0.58553922
9.410000,-0.25181792,-0.15946828,1.12409966,-0.02935697,1.55593009,-0.29374228,-0.20095095,-0.12510992,0.26662817,-0.01267431,0.02357368,-0.13501190,-0.86720622,-0.53871424,1.14576233,-0.05646661,0.10211037,-0.58284889
9.420000,-0.25387070,-0.16074627,1.12682315,-0.02948651,1.55617092,-0.29512148,-0.20959417,-0.13048255,0.27806153,-0.01323207,0.02459031,-0.14082042,-0.86103902,-0.53555823,1.14036290,-0.05506651,0.10117007,-0.57858736
9.430000,-0.25600956,-0.16207780,1.12966065,-0.02962156,1.55642187,-0.29655852,-0.21816355,-0.13581591,0.28942423,-0.01377525,0.02559615,-0.14657817,-0.85241890,-0.53084946,1.13160458,-0.05354959,0.09995016,-0.57268226
9.440000,-0.25823364,-0.16346241,1.13261128,-0.02976196,1.55668280,-0.29805282,-0.22663401,-0.14109413,0.30068192,-0.01430266,0.02658834,-0.15226835,-0.84123762,-0.52451841,1.11933502,-0.05191218,0.09843862,-0.56506124
9.450000,-0.26054182,-0.16489945,1.13567382,-0.02990756,1.55695358,-0.29960360,-0.23497940,-0.14630064,0.31179872,-0.01481308,0.02756391,-0.15787344,-0.82738694,-0.51649554,1.10340186,-0.05015065,0.09662344,-0.55565193
9.460000,-0.26293272,-0.16638812,1.13884666,-0.03005816,1.55723401,-0.30120994,-0.24317249,-0.15141817,0.32273724,-0.01530525,0.02851976,-0.16337519,-0.81075861,-0.50671130,1.08365274,-0.04826133,0.09449259,-0.54438199
9.470000,-0.26540467,-0.16792746,1.14212784,-0.03021360,1.55752390,-0.30287070,-0.25118496,-0.15642876,0.33345855,-0.01577787,0.02945267,-0.16875463,-0.79124439,-0.49509616,1.05993530,-0.04624057,0.09203406,-0.53117904
9.480000,-0.26795572,-0.16951628,1.14551498,-0.03037365,1.55782298,-0.30458456,-0.25898740,-0.16131376,0.34392221,-0.01622961,0.03035931,-0.17399208,-0.76873603,-0.48158058,1.03209719,-0.04408472,0.08923583,-0.51597074
9.490000,-0.27058362,-0.17115325,1.14900529,-0.03053811,1.55813098,-0.30635000,-0.26654934,-0.16605380,0.35408625,-0.01665910,0.03123621,-0.17906712,-0.74312530,-0.46609501,0.99998605,-0.04179011,0.08608587,-0.49868473
9.500000,-0.27328580,-0.17283681,1.15259556,-0.03070675,1.55844759,-0.30816529,-0.27383920,-0.17062886,0.36390718,-0.01706494,0.03207981,-0.18395861,-0.71430394,-0.44856993,0.96344952,-0.03935311,0.08257217,-0.47924864
9.510000,-0.27605938,-0.17456521,1.15628214,-0.03087933,1.55877246,-0.31002849,-0.28082435,-0.17501817,0.37333998,-0.01744568,0.03288641,-0.18864469,-0.68216371,-0.42893578,0.92233524,-0.03677005,0.07868271,-0.45759011
9.520000,-0.27890116,-0.17633648,1.16006091,-0.03105558,1.55910518,-0.31193742,-0.28747105,-0.17920031,0.38233811,-0.01779984,0.03365217,-0.19310276,-0.64659637,-0.40712304,0.87649086,-0.03403729,0.07440546,-0.43363680
9.530000,-0.28180756,-0.17814845,1.16392729,-0.03123523,1.55944535,-0.31388971,-0.29374449,-0.18315314,0.39085352,-0.01812591,0.03437318,-0.19730953,-0.60749368,-0.38306216,0.82576402,-0.03115115,0.06972841,-0.40731633
9.540000,-0.28477468,-0.17999870,1.16787621,-0.03141800,1.55979248,-0.31588270,-0.29960878,-0.18685383,0.39883661,-0.01842234,0.03504537,-0.20124096,-0.56474740,-0.35668360,0.77000236,-0.02810801,0.06463954,-0.37855636
9.550000,-0.28779825,-0.18188461,1.17190208,-0.03160357,1.56014608,-0.31791352,-0.30502694,-0.19027886,0.40623628,-0.01868754,0.03566456,-0.20487229,-0.51824927,-0.32791783,0.70905353,-0.02490419,0.05912682,-0.34728452
9.560000,-0.29087361,-0.18380328,1.17599881,-0.03179164,1.56050558,-0.31997906,-0.30996090,-0.19340400,0.41299988,-0.01891987,0.03622645,-0.20817803,-0.46789105,-0.29669530,0.64276516,-0.02153604,0.05317825,-0.31342845
9.570000,-0.29399572,-0.18575160,1.18015977,-0.03198186,1.56087040,-0.32207591,-0.31437153,-0.19620434,0.41907327,-0.01911770,0.03672663,-0.21113200,-0.41356451,-0.26294648,0.57098490,-0.01799992,0.04678179,-0.27691580
9.580000,-0.29715916,-0.18772620,1.18437779,-0.03217387,1.56123990,-0.32420044,-0.31821860,-0.19865427,0.42440077,-0.01927930,0.03716056,-0.21370725,-0.35516139,-0.22660182,0.49356040,-0.01429216,0.03992544,-0.23767421
9.590000,-0.30035808,-0.18972343,1.18864511,-0.03236732,1.56161338,-0.32634870,-0.32146081,-0.20072749,0.42892516,-0.01940296,0.03752357,-0.21587615,-0.29257345,-0.18759179,0.41033929,-0.01040911,0.03259716,-0.19563132
9.600000,-0.30358622,-0.19173940,1.19295342,-0.03256180,1.56199012,-0.32851651,-0.32405576,-0.20239699,0.43258772,-0.01948689,0.03781089,-0.21761030,-0.22569258,-0.14584693,0.32116938,-0.00634713,0.02478495,-0.15071486
9.610000,-0.30683689,-0.19376994,1.19729380,-0.03275692,1.56236933,-0.33069936,-0.32596040,-0.20363534,0.43532877,-0.01952931,0.03801766,-0.21888090,-0.15456027,-0.10139246,0.22610329,-0.00210972,0.01649388,-0.10295279
9.620000,-0.31010299,-0.19581059,1.20165674,-0.03295224,1.56275019,-0.33289249,-0.32713440,-0.20441682,0.43709232,-0.01952858,0.03813935,-0.21966095,-0.07965855,-0.05453246,0.12579668,0.00227855,0.00777923,-0.05266832
9.630000,-0.31337703,-0.19785667,1.20603222,-0.03314734,1.56313182,-0.33509087,-0.32754288,-0.20471916,0.43782979,-0.01948333,0.03817205,-0.21992712,-0.00155016,-0.00562204,0.02101564,0.00678927,-0.00129449,-0.00023868
9.640000,-0.31665120,-0.19990331,1.21040978,-0.03334176,1.56351332,-0.33728926,-0.32715659,-0.20452361,0.43750027,-0.01939248,0.03811248,-0.21965983,0.07920218,0.04498367,-0.08747372,0.01139400,-0.01066278,0.05395886
9.650000,-0.31991743,-0.20194544,1.21477856,-0.03353503,1.56389375,-0.33948223,-0.32595190,-0.20381502,0.43607051,-0.01925523,0.03795803,-0.21884330,0.16203574,0.09692954,-0.19890529,0.01606433,-0.02026115,0.10954705
9.660000,-0.32316745,-0.20397786,1.21912743,-0.03372670,1.56427216,-0.34166425,-0.32391081,-0.20258174,0.43351491,-0.01907107,0.03770671,-0.21746551,0.24638780,0.14986043,-0.31251299,0.02077183,-0.03002510,0.16614865
9.670000,-0.32639282,-0.20599529,1.22344504,-0.03391630,1.56464756,-0.34382965,-0.32102096,-0.20081571,0.42981555,-0.01883977,0.03735719,-0.21551821,0.33169563,0.20342124,-0.42753070,0.02548808,-0.03989013,0.22338640
9.680000,-0.32958502,-0.20799238,1.22771989,-0.03410334,1.56501897,-0.34597270,-0.31727559,-0.19851240,0.42496215,-0.01856137,0.03690878,-0.21299692,0.41739650,0.25725682,-0.54319233,0.03018465,-0.04979175,0.28088305
9.690000,-0.33273547,-0.20996375,1.23194043,-0.03428737,1.56538540,-0.34808767,-0.31267359,-0.19567084,0.41895211,-0.01823623,0.03636144,-0.20990094,0.50292770,0.31101206,-0.65873178,0.03483312,-0.05966544,0.33826135
9.700000,-0.33583565,-0.21190401,1.23609510,-0.03446791,1.56574587,-0.35016881,-0.30721948,-0.19229361,0.41179048,-0.01786497,0.03571578,-0.20623335,0.58772648,0.36433182,-0.77338293,0.03940506,-0.06944673,0.39514404
9.710000,-0.33887706,-0.21380785,1.24017244,-0.03464452,1.56609940,-0.35221045,-0.30092338,-0.18838684,0.40348997,-0.01744848,0.03497303,-0.20200097,0.67123014,0.41686098,-0.88637970,0.04387206,-0.07907109,0.45115388
9.720000,-0.34185136,-0.21567002,1.24416117,-0.03481674,1.56644501,-0.35420699,-0.29380107,-0.18396021,0.39407095,-0.01698797,0.03413510,-0.19721443,0.75287593,0.46824442,-0.99695597,0.04820569,-0.08847405,0.50591361
9.730000,-0.34475039,-0.21748537,1.24805022,-0.03498414,1.56678179,-0.35615294,-0.28587393,-0.17902695,0.38356147,-0.01648491,0.03320451,-0.19188812,0.83210114,0.51812700,-1.10434565,0.05237753,-0.09759110,0.55904597
9.740000,-0.34756624,-0.21924892,1.25182888,-0.03514630,1.56710881,-0.35804301,-0.27716899,-0.17360386,0.37199721,-0.01594105,0.03218444,-0.18604020,0.90834304,0.56615359,-1.20778264,0.05635915,-0.10635773,0.61017373
9.750000,-0.35029129,-0.22095588,1.25548680,-0.03530283,1.56742519,-0.35987208,-0.26771889,-0.16771125,0.35942155,-0.01535845,0.03107873,-0.17969259,0.98103890,0.61196908,-1.30650083,0.06012213,-0.11470946,0.65891963
9.760000,-0.35291827,-0.22260166,1.25901411,-0.03545335,1.56773011,-0.36163528,-0.25756191,-0.16137303,0.34588548,-0.01473943,0.02989185,-0.17287100,1.04962600,0.65521833,-1.39973413,0.06363805,-0.12258179,0.70490641
9.770000,-0.35544032,-0.22418195,1.26240150,-0.03559750,1.56802278,-0.36332802,-0.24674194,-0.15461662,0.33144770,-0.01408661,0.02862891,-0.16560491,1.11354161,0.69554623,-1.48671642,0.06687848,-0.12991021,0.74775682
9.780000,-0.35785106,-0.22569270,1.26564028,-0.03573498,1.56830245,-0.36494601,-0.23530852,-0.14747302,0.31617454,-0.01340288,0.02729567,-0.15792758,1.17222300,0.73259763,-1.56668162,0.06981500,-0.13663023,0.78709362
9.790000,-0.36014463,-0.22713023,1.26872245,-0.03586547,1.56856848,-0.36648532,-0.22331681,-0.13997678,0.30014001,-0.01269142,0.02589855,-0.14987601,1.22510746,0.76601741,-1.63886361,0.07241918,-0.14267734,0.82253954
9.800000,-0.36231574,-0.22849119,1.27164081,-0.03598872,1.56882024,-0.36794242,-0.21082757,-0.13216597,0.28342577,-0.01195570,0.02444459,-0.14149101,1.27163225,0.79545046,-1.70249630,0.07466261,-0.14798706,0.85371735
9.810000,-0.36435974,-0.22977264,1.27438900,-0.03610451,1.56905720,-0.36931418,-0.19790724,-0.12408224,0.26612114,-0.01119946,0.02294148,-0.13281715,1.31123464,0.82054163,-1.75681359,0.07651686,-0.15249488,0.88024978
9.820000,-0.36627268,-0.23097208,1.27696159,-0.03621266,1.56927893,-0.37059796,-0.18462783,-0.11577079,0.24832310,-0.01042675,0.02139758,-0.12390276,1.34335192,0.84093581,-1.80104937,0.07795350,-0.15613631,0.90175958
9.830000,-0.36805136,-0.23208746,1.27935416,-0.03631301,1.56948505,-0.37179160,-0.17106702,-0.10728036,0.23013631,-0.00964188,0.01982186,-0.11479996,1.36742135,0.85627786,-1.83443754,0.07894411,-0.15884684,0.91786950
9.840000,-0.36969336,-0.23311726,1.28156339,-0.03640547,1.56967529,-0.37289351,-0.15730811,-0.09866326,0.21167306,-0.00884945,0.01822396,-0.10556463,1.38288021,0.86621266,-1.85621200,0.07946028,-0.16056197,0.92820230
9.850000,-0.37119716,-0.23406049,1.28358710,-0.03648999,1.56984949,-0.37390265,-0.14344000,-0.08997532,0.19305333,-0.00805435,0.01661415,-0.09625643,1.38916577,0.87038509,-1.86560665,0.07947356,-0.16121722,0.93238072
9.860000,-0.37256211,-0.23491673,1.28542436,-0.03656657,1.57000757,-0.37481861,-0.12955724,-0.08127595,0.17440475,-0.00726175,0.01500336,-0.08693879,1.38571532,0.86844001,-1.86185539,0.07895556,-0.16074807,0.93002750
9.870000,-0.37378859,-0.23568618,1.28707555,-0.03663525,1.57014959,-0.37564162,-0.11576002,-0.07262809,0.15586260,-0.00647710,0.01340315,-0.07767891,1.37196611,0.86002230,-1.84419211,0.07787782,-0.15909004,0.92076540
9.880000,-0.37487795,-0.23636968,1.28854244,-0.03669615,1.57027571,-0.37637262,-0.10215413,-0.06409826,0.13756983,-0.00570615,0.01182574,-0.06854776,1.34735543,0.84477684,-1.81185072,0.07621195,-0.15617862,0.90421716
9.890000,-0.37583268,-0.23696877,1.28982828,-0.03674944,1.57038622,-0.37701325,-0.08885099,-0.05575650,0.11967707,-0.00495492,0.01028397,-0.05962011,1.31132055,0.82234849,-1.76406511,0.07392950,-0.15194932,0.88000553
9.900000,-0.37665637,-0.23748569,1.29093785,-0.03679534,1.57048155,-0.37756596,-0.07596767,-0.04767642,0.10234257,-0.00422971,0.00879136,-0.05097446,1.26329874,0.79238213,-1.70006918,0.07100207,-0.14633763,0.84775327
9.910000,-0.37735384,-0.23792343,1.29187755,-0.03683414,1.57056226,-0.37803396,-0.06362685,-0.03993517,0.08573227,-0.00353712,0.00736204,-0.04269310,1.20272728,0.75452263,-1.61909683,0.06740122,-0.13927906,0.80708311
9.920000,-0.37793114,-0.23828579,1.29265548,-0.03686621,1.57062906,-0.37842132,-0.05195683,-0.03261346,0.07001977,-0.00288403,0.00601082,-0.03486211,1.12904344,0.70841487,-1.52038196,0.06309853,-0.13070911,0.75761781
9.930000,-0.37839566,-0.23857738,1.29328154,-0.03689198,1.57068279,-0.37873300,-0.04109156,-0.02579555,0.05538633,-0.00227759,0.00475311,-0.02757132,1.04168450,0.65370371,-1.40315846,0.05806557,-0.12056328,0.69898011
9.940000,-0.37875612,-0.23880367,1.29376744,-0.03691194,1.57072448,-0.37897486,-0.03117060,-0.01956925,0.04202085,-0.00172525,0.00360502,-0.02091434,0.94008773,0.59003404,-1.26666024,0.05227394,-0.10877707,0.63079276
9.950000,-0.37902270,-0.23897104,1.29412683,-0.03692669,1.57075531,-0.37915372,-0.02233915,-0.01402591,0.03011992,-0.00123473,0.00258326,-0.01498855,0.82369040,0.51705072,-1.11012120,0.04569519,-0.09528599,0.55267852
9.960000,-0.37920704,-0.23908678,1.29437540,-0.03693687,1.57077663,-0.37927741,-0.01474801,-0.00926046,0.01988778,-0.00081406,0.00170520,-0.00989512,0.69192979,0.43439863,-0.93277522,0.03830091,-0.08002553,0.46426012
9.970000,-0.37932231,-0.23915917,1.29453086,-0.03694323,1.57078995,-0.37935475,-0.00855364,-0.00537135,0.01153633,-0.00047153,0.00098886,-0.00573896,0.54424317,0.34172263,-0.73385621,0.03006268,-0.06293120,0.36516033
9.980000,-0.37938331,-0.23919747,1.29461312,-0.03694659,1.57079701,-0.37939567,-0.00391811,-0.00246060,0.00528512,-0.00021572,0.00045290,-0.00262877,0.38006781,0.23866762,-0.51259808,0.02095206,-0.04393851,0.25500187
9.990000,-0.37940643,-0.23921199,1.29464432,-0.03694786,1.57079968,-0.37941119,-0.00100912,-0.00063378,0.00136139,-0.00005549,0.00011663,-0.00067704,0.19884100,0.12487845,-0.26823471,0.01094064,-0.02298294,0.13340752
10.000000,-0.37940982,-0.23921412,1.29464889,-0.03694805,1.57080007,-0.37941346,0.00000000,-0.00000000,0.00000000,-0.00000000,0.00000000,0.00000000,0.00000000,0.00000000,-0.00000000,0.00000000,-0.00000000,0.00000000
