scenario_id,angle_deg,center_x_m,center_y_m,center_z_m,speed_m_s,velocity_x_m_s,velocity_y_m_s,trigger_current_m,trigger_predicted_m,trigger_ok,predictive_gain_m,local1_ready,coarse_m,fast_m,fast_ms,hold_start_m,hold_min_m,hold_end_m,hold_min_tau_s,tail_safe,moving_away,feasible
1,-85.0,0.36,-0.24,0.3662453006383523,0.08,-0.07969557584733965,0.006972459419812651,0.0020956546124651643,-0.03872784036999316,False,0.040823494982458325,False,nan,nan,nan,nan,nan,nan,nan,False,False,False
2,-85.0,0.36,-0.24,0.3662453006383523,0.1,-0.09961946980917456,0.008715574274765815,0.0020956546124651643,-0.04862169958928925,False,0.05071735420175441,False,nan,nan,nan,nan,nan,nan,nan,False,False,False
3,-85.0,0.36,-0.24,0.3662453006383523,0.12,-0.11954336377100946,0.010458689129718975,0.0020956546124651643,-0.05839673194677353,False,0.06049238655923869,False,nan,nan,nan,nan,nan,nan,nan,False,False,False
4,-85.0,0.36,-0.24,0.3662453006383523,0.14,-0.13946725773284438,0.012201803984672141,0.0020956546124651643,-0.06814162632999182,False,0.07023728094245699,False,nan,nan,nan,nan,nan,nan,nan,False,False,False
5,-85.0,0.36,-0.2,0.3662453006383523,0.08,-0.07969557584733965,0.006972459419812651,-0.0129963503936332,-0.05450519378315849,False,0.04150884338952529,False,nan,nan,nan,nan,nan,nan,nan,False,False,False
6,-85.0,0.36,-0.2,0.3662453006383523,0.1,-0.09961946980917456,0.008715574274765815,-0.0129963503936332,-0.06470307503060985,False,0.05170672463697665,False,nan,nan,nan,nan,nan,nan,nan,False,False,False
7,-85.0,0.36,-0.2,0.3662453006383523,0.12,-0.11954336377100946,0.010458689129718975,-0.0129963503936332,-0.07481055854441185,False,0.06181420815077865,False,nan,nan,nan,nan,nan,nan,nan,False,False,False
8,-85.0,0.36,-0.2,0.3662453006383523,0.14,-0.13946725773284438,0.012201803984672141,-0.0129963503936332,-0.08534393520849695,False,0.07234758481486375,False,nan,nan,nan,nan,nan,nan,nan,False,False,False
9,-85.0,0.36,-0.16,0.3662453006383523,0.08,-0.07969557584733965,0.006972459419812651,-0.02405418770438808,-0.0654465619762593,False,0.041392374271871216,False,nan,nan,nan,nan,nan,nan,nan,False,False,False
10,-85.0,0.36,-0.16,0.3662453006383523,0.1,-0.09961946980917456,0.008715574274765815,-0.02405418770438808,-0.07602202468743682,False,0.05196783698304874,False,nan,nan,nan,nan,nan,nan,nan,False,False,False
11,-85.0,0.36,-0.16,0.3662453006383523,0.12,-0.11954336377100946,0.010458689129718975,-0.02405418770438808,-0.08653858404895905,False,0.06248439634457097,False,nan,nan,nan,nan,nan,nan,nan,False,False,False
12,-85.0,0.36,-0.16,0.3662453006383523,0.14,-0.13946725773284438,0.012201803984672141,-0.02405418770438808,-0.09697013299009499,False,0.07291594528570691,False,nan,nan,nan,nan,nan,nan,nan,False,False,False
13,-85.0,0.36,-0.12,0.3662453006383523,0.08,-0.07969557584733965,0.006972459419812651,-0.03759465340956078,-0.07898234074948737,False,0.04138768733992659,False,nan,nan,nan,nan,nan,nan,nan,False,False,False
14,-85.0,0.36,-0.12,0.3662453006383523,0.1,-0.09961946980917456,0.008715574274765815,-0.03759465340956078,-0.08944093371989412,False,0.05184628031033334,False,nan,nan,nan,nan,nan,nan,nan,False,False,False
15,-85.0,0.36,-0.12,0.3662453006383523,0.12,-0.11954336377100946,0.010458689129718975,-0.03759465340956078,-0.09979145985242305,False,0.06219680644286227,False,nan,nan,nan,nan,nan,nan,nan,False,False,False
16,-85.0,0.36,-0.12,0.3662453006383523,0.14,-0.13946725773284438,0.012201803984672141,-0.03759465340956078,-0.10997521819257142,False,0.07238056478301064,False,nan,nan,nan,nan,nan,nan,nan,False,False,False
17,-85.0,0.36,-0.08,0.3662453006383523,0.08,-0.07969557584733965,0.006972459419812651,-0.0435852433747219,-0.08226227532143192,False,0.03867703194671002,False,nan,nan,nan,nan,nan,nan,nan,False,False,False
18,-85.0,0.36,-0.08,0.3662453006383523,0.1,-0.09961946980917456,0.008715574274765815,-0.0435852433747219,-0.09267437345687432,False,0.04908913008215242,False,nan,nan,nan,nan,nan,nan,nan,False,False,False
19,-85.0,0.36,-0.08,0.3662453006383523,0.12,-0.11954336377100946,0.010458689129718975,-0.0435852433747219,-0.10295737528286428,False,0.059372131908142375,False,nan,nan,nan,nan,nan,nan,nan,False,False,False
20,-85.0,0.36,-0.08,0.3662453006383523,0.14,-0.13946725773284438,0.012201803984672141,-0.0435852433747219,-0.11303735000180133,False,0.06945210662707943,False,nan,nan,nan,nan,nan,nan,nan,False,False,False
21,-85.0,0.42,-0.24,0.3662453006383523,0.08,-0.07969557584733965,0.006972459419812651,0.056931854445468055,0.015779005071967056,False,0.041152849373501,False,nan,nan,nan,nan,nan,nan,nan,False,False,False
22,-85.0,0.42,-0.24,0.3662453006383523,0.1,-0.09961946980917456,0.008715574274765815,0.056931854445468055,0.005396689741019672,False,0.05153516470444838,False,nan,nan,nan,nan,nan,nan,nan,False,False,False
23,-85.0,0.42,-0.24,0.3662453006383523,0.12,-0.11954336377100946,0.010458689129718975,0.056931854445468055,-0.00494454364256125,False,0.061876398088029305,False,nan,nan,nan,nan,nan,nan,nan,False,False,False
24,-85.0,0.42,-0.24,0.3662453006383523,0.14,-0.13946725773284438,0.012201803984672141,0.056931854445468055,-0.015238493605851333,False,0.07217034805131939,False,nan,nan,nan,nan,nan,nan,nan,False,False,False
25,-85.0,0.42,-0.2,0.3662453006383523,0.08,-0.07969557584733965,0.006972459419812651,0.04327300817388233,0.0014939753436860603,False,0.04177903283019627,False,nan,nan,nan,nan,nan,nan,nan,False,False,False
26,-85.0,0.42,-0.2,0.3662453006383523,0.1,-0.09961946980917456,0.008715574274765815,0.04327300817388233,-0.008938941206373646,False,0.05221194938025597,False,nan,nan,nan,nan,nan,nan,nan,False,False,False
27,-85.0,0.42,-0.2,0.3662453006383523,0.12,-0.11954336377100946,0.010458689129718975,0.04327300817388233,-0.019332839914237288,False,0.06260584808811961,False,nan,nan,nan,nan,nan,nan,nan,False,False,False
28,-85.0,0.42,-0.2,0.3662453006383523,0.14,-0.13946725773284438,0.012201803984672141,0.04327300817388233,-0.029802814138115308,False,0.07307582231199763,False,nan,nan,nan,nan,nan,nan,nan,False,False,False
29,-85.0,0.42,-0.16,0.3662453006383523,0.08,-0.07969557584733965,0.006972459419812651,0.03071552789993251,-0.009594901400570455,False,0.040310429300502965,False,nan,nan,nan,nan,nan,nan,nan,False,False,False
30,-85.0,0.42,-0.16,0.3662453006383523,0.1,-0.09961946980917456,0.008715574274765815,0.03071552789993251,-0.0197500998356345,False,0.05046562773556701,False,nan,nan,nan,nan,nan,nan,nan,False,False,False
31,-85.0,0.42,-0.16,0.3662453006383523,0.12,-0.11954336377100946,0.010458689129718975,0.03071552789993251,-0.029810817593084293,False,0.0605263454930168,False,nan,nan,nan,nan,nan,nan,nan,False,False,False
32,-85.0,0.42,-0.16,0.3662453006383523,0.14,-0.13946725773284438,0.012201803984672141,0.03071552789993251,-0.03975571160089182,False,0.07047123950082433,False,nan,nan,nan,nan,nan,nan,nan,False,False,False
33,-85.0,0.42,-0.12,0.3662453006383523,0.08,-0.07969557584733965,0.006972459419812651,0.018418107678528972,-0.022604631801156405,False,0.04102273947968538,False,nan,nan,nan,nan,nan,nan,nan,False,False,False
34,-85.0,0.42,-0.12,0.3662453006383523,0.1,-0.09961946980917456,0.008715574274765815,0.018418107678528972,-0.03293249252492045,False,0.05135060020344942,False,nan,nan,nan,nan,nan,nan,nan,False,False,False
35,-85.0,0.42,-0.12,0.3662453006383523,0.12,-0.11954336377100946,0.010458689129718975,0.018418107678528972,-0.04318269903373098,False,0.06160080671225995,False,nan,nan,nan,nan,nan,nan,nan,False,False,False
36,-85.0,0.42,-0.12,0.3662453006383523,0.14,-0.13946725773284438,0.012201803984672141,0.018418107678528972,-0.053335128645076765,False,0.07175323632360574,False,nan,nan,nan,nan,nan,nan,nan,False,False,False
37,-85.0,0.42,-0.08,0.3662453006383523,0.08,-0.07969557584733965,0.006972459419812651,0.014412181669531676,-0.02520251793274428,False,0.039614699602275955,False,nan,nan,nan,nan,nan,nan,nan,False,False,False
38,-85.0,0.42,-0.08,0.3662453006383523,0.1,-0.09961946980917456,0.008715574274765815,0.014412181669531676,-0.03544992421825663,False,0.049862105887788305,False,nan,nan,nan,nan,nan,nan,nan,False,False,False
39,-85.0,0.42,-0.08,0.3662453006383523,0.12,-0.11954336377100946,0.010458689129718975,0.014412181669531676,-0.04560492727492631,False,0.060017108944457984,False,nan,nan,nan,nan,nan,nan,nan,False,False,False
40,-85.0,0.42,-0.08,0.3662453006383523,0.14,-0.13946725773284438,0.012201803984672141,0.014412181669531676,-0.05564331238382206,False,0.07005549405335373,False,nan,nan,nan,nan,nan,nan,nan,False,False,False
41,-85.0,0.48,-0.24,0.3662453006383523,0.08,-0.07969557584733965,0.006972459419812651,0.11126117483230785,0.07047196208051068,False,0.04078921275179717,False,nan,nan,nan,nan,nan,nan,nan,False,False,False
42,-85.0,0.48,-0.24,0.3662453006383523,0.1,-0.09961946980917456,0.008715574274765815,0.11126117483230785,0.060160096750030645,False,0.05110107808227721,False,nan,nan,nan,nan,nan,nan,nan,False,False,False
43,-85.0,0.48,-0.24,0.3662453006383523,0.12,-0.11954336377100946,0.010458689129718975,0.11126117483230785,0.04988573981636482,False,0.06137543501594303,False,nan,nan,nan,nan,nan,nan,nan,False,False,False
44,-85.0,0.48,-0.24,0.3662453006383523,0.14,-0.13946725773284438,0.012201803984672141,0.11126117483230785,0.039653251413581,False,0.07160792341872685,False,nan,nan,nan,nan,nan,nan,nan,False,False,False
45,-85.0,0.48,-0.2,0.3662453006383523,0.08,-0.07969557584733965,0.006972459419812651,0.09518175441206883,0.057918606032361125,False,0.037263148379707706,False,nan,nan,nan,nan,nan,nan,nan,False,False,False
46,-85.0,0.48,-0.2,0.3662453006383523,0.1,-0.09961946980917456,0.008715574274765815,0.09518175441206883,0.047758731681198346,False,0.047423022730870484,False,nan,nan,nan,nan,nan,nan,nan,False,False,False
47,-85.0,0.48,-0.2,0.3662453006383523,0.12,-0.11954336377100946,0.010458689129718975,0.09518175441206883,0.037660951103152845,False,0.057520803308915985,False,nan,nan,nan,nan,nan,nan,nan,False,False,False
48,-85.0,0.48,-0.2,0.3662453006383523,0.14,-0.13946725773284438,0.012201803984672141,0.09518175441206883,0.027107277452566275,False,0.06807447695950256,False,nan,nan,nan,nan,nan,nan,nan,False,False,False
49,-85.0,0.48,-0.16,0.3662453006383523,0.08,-0.07969557584733965,0.006972459419812651,0.08318114364293594,0.04469734651282914,False,0.0384837971301068,False,nan,nan,nan,nan,nan,nan,nan,False,False,False
50,-85.0,0.48,-0.16,0.3662453006383523,0.1,-0.09961946980917456,0.008715574274765815,0.08318114364293594,0.0344137970706741,False,0.04876734657226184,False,nan,nan,nan,nan,nan,nan,nan,False,False,False
51,-85.0,0.48,-0.16,0.3662453006383523,0.12,-0.11954336377100946,0.010458689129718975,0.08318114364293594,0.024184314389331607,False,0.05899682925360433,False,nan,nan,nan,nan,nan,nan,nan,False,False,False
52,-85.0,0.48,-0.16,0.3662453006383523,0.14,-0.13946725773284438,0.012201803984672141,0.08318114364293594,0.014017551022029201,False,0.06916359262090674,False,nan,nan,nan,nan,nan,nan,nan,False,False,False
53,-85.0,0.48,-0.12,0.3662453006383523,0.08,-0.07969557584733965,0.006972459419812651,0.07267282036065864,0.03493309932533781,False,0.03773972103532083,False,nan,nan,nan,nan,nan,nan,nan,False,False,False
54,-85.0,0.48,-0.12,0.3662453006383523,0.1,-0.09961946980917456,0.008715574274765815,0.07267282036065864,0.02433854066731389,False,0.04833427969334475,False,nan,nan,nan,nan,nan,nan,nan,False,False,False
55,-85.0,0.48,-0.12,0.3662453006383523,0.12,-0.11954336377100946,0.010458689129718975,0.07267282036065864,0.013767126353454978,False,0.05890569400720366,False,nan,nan,nan,nan,nan,nan,nan,False,False,False
56,-85.0,0.48,-0.12,0.3662453006383523,0.14,-0.13946725773284438,0.012201803984672141,0.07267282036065864,0.0032229441694689165,False,0.06944987619118972,False,nan,nan,nan,nan,nan,nan,nan,False,False,False
57,-85.0,0.48,-0.08,0.3662453006383523,0.08,-0.07969557584733965,0.006972459419812651,0.06889907582064567,0.03310940728041767,False,0.035789668540228,False,nan,nan,nan,nan,nan,nan,nan,False,False,False
58,-85.0,0.48,-0.08,0.3662453006383523,0.1,-0.09961946980917456,0.008715574274765815,0.06889907582064567,0.022607384747835135,False,0.04629169107281053,False,nan,nan,nan,nan,nan,nan,nan,False,False,False
59,-85.0,0.48,-0.08,0.3662453006383523,0.12,-0.11954336377100946,0.010458689129718975,0.06889907582064567,0.012139087950538557,False,0.05675998787010711,False,nan,nan,nan,nan,nan,nan,nan,False,False,False
60,-85.0,0.48,-0.08,0.3662453006383523,0.14,-0.13946725773284438,0.012201803984672141,0.06889907582064567,0.0017104649503315028,False,0.06718861087031416,False,nan,nan,nan,nan,nan,nan,nan,False,False,False
61,-85.0,0.54,-0.24,0.3662453006383523,0.08,-0.07969557584733965,0.006972459419812651,0.1585270465301356,0.12197046839704442,True,0.03655657813309118,False,nan,nan,nan,nan,nan,nan,nan,False,False,False
62,-85.0,0.54,-0.24,0.3662453006383523,0.1,-0.09961946980917456,0.008715574274765815,0.1585270465301356,0.1129154675299901,True,0.04561157900014551,False,nan,nan,nan,nan,nan,nan,nan,False,False,False
63,-85.0,0.54,-0.24,0.3662453006383523,0.12,-0.11954336377100946,0.010458689129718975,0.1585270465301356,0.10398027994053619,True,0.05454676658959942,False,nan,nan,nan,nan,nan,nan,nan,False,False,False
64,-85.0,0.54,-0.24,0.3662453006383523,0.14,-0.13946725773284438,0.012201803984672141,0.1585270465301356,0.09517624282173454,True,0.06335080370840107,False,nan,nan,nan,nan,nan,nan,nan,False,False,False
65,-85.0,0.54,-0.2,0.3662453006383523,0.08,-0.07969557584733965,0.006972459419812651,0.1416571394353583,0.10728012470827977,True,0.03437701472707852,False,nan,nan,nan,nan,nan,nan,nan,False,False,False
66,-85.0,0.54,-0.2,0.3662453006383523,0.1,-0.09961946980917456,0.008715574274765815,0.1416571394353583,0.09883237412759927,True,0.04282476530775903,False,nan,nan,nan,nan,nan,nan,nan,False,False,False
67,-85.0,0.54,-0.2,0.3662453006383523,0.12,-0.11954336377100946,0.010458689129718975,0.1416571394353583,0.08958050231138445,True,0.05207663712397384,False,nan,nan,nan,nan,nan,nan,nan,False,False,False
68,-85.0,0.54,-0.2,0.3662453006383523,0.14,-0.13946725773284438,0.012201803984672141,0.1416571394353583,0.08044611842200655,True,0.06121102101335174,False,nan,nan,nan,nan,nan,nan,nan,False,False,False
69,-85.0,0.54,-0.16,0.3662453006383523,0.08,-0.07969557584733965,0.006972459419812651,0.12881598933347121,0.0940610508036884,True,0.034754938529782814,False,nan,nan,nan,nan,nan,nan,nan,False,False,False
70,-85.0,0.54,-0.16,0.3662453006383523,0.1,-0.09961946980917456,0.008715574274765815,0.12881598933347121,0.0855360714377803,True,0.04327991789569091,False,nan,nan,nan,nan,nan,nan,nan,False,False,False
71,-85.0,0.54,-0.16,0.3662453006383523,0.12,-0.11954336377100946,0.010458689129718975,0.12881598933347121,0.07717978162846456,True,0.051636207705006654,False,nan,nan,nan,nan,nan,nan,nan,False,False,False
72,-85.0,0.54,-0.16,0.3662453006383523,0.14,-0.13946725773284438,0.012201803984672141,0.12881598933347121,0.06900868179601177,True,0.05980730753745944,False,nan,nan,nan,nan,nan,nan,nan,False,False,False
73,-85.0,0.54,-0.12,0.3662453006383523,0.08,-0.07969557584733965,0.006972459419812651,0.12005253817376865,0.08580395399143484,True,0.03424858418233381,False,nan,nan,nan,nan,nan,nan,nan,False,False,False
74,-85.0,0.54,-0.12,0.3662453006383523,0.1,-0.09961946980917456,0.008715574274765815,0.12005253817376865,0.07715763532447215,True,0.04289490284929651,False,nan,nan,nan,nan,nan,nan,nan,False,False,False
75,-85.0,0.54,-0.12,0.3662453006383523,0.12,-0.11954336377100946,0.010458689129718975,0.12005253817376865,0.06867803081464172,True,0.051374507359126936,False,nan,nan,nan,nan,nan,nan,nan,False,False,False
76,-85.0,0.54,-0.12,0.3662453006383523,0.14,-0.13946725773284438,0.012201803984672141,0.12005253817376865,0.06038235455706545,True,0.059670183616703204,False,nan,nan,nan,nan,nan,nan,nan,False,False,False
77,-85.0,0.54,-0.08,0.3662453006383523,0.08,-0.07969557584733965,0.006972459419812651,0.09607351250836399,0.08323958708711968,False,0.012833925421244313,False,nan,nan,nan,nan,nan,nan,nan,False,False,False
78,-85.0,0.54,-0.08,0.3662453006383523,0.1,-0.09961946980917456,0.008715574274765815,0.09607351250836399,0.07533894850238734,False,0.020734564005976647,False,nan,nan,nan,nan,nan,nan,nan,False,False,False
79,-85.0,0.54,-0.08,0.3662453006383523,0.12,-0.11954336377100946,0.010458689129718975,0.09607351250836399,0.06695064800660444,False,0.02912286450175955,False,nan,nan,nan,nan,nan,nan,nan,False,False,False
80,-85.0,0.54,-0.08,0.3662453006383523,0.14,-0.13946725773284438,0.012201803984672141,0.09607351250836399,0.05875392782239272,False,0.03731958468597127,False,nan,nan,nan,nan,nan,nan,nan,False,False,False
81,-85.0,0.6,-0.24,0.3662453006383523,0.08,-0.07969557584733965,0.006972459419812651,0.20482794557359657,0.16844669993190733,False,0.036381245641689236,False,nan,nan,nan,nan,nan,nan,nan,False,False,False
82,-85.0,0.6,-0.24,0.3662453006383523,0.1,-0.09961946980917456,0.008715574274765815,0.20482794557359657,0.15962015520936568,False,0.04520779036423089,False,nan,nan,nan,nan,nan,nan,nan,False,False,False
83,-85.0,0.6,-0.24,0.3662453006383523,0.12,-0.11954336377100946,0.010458689129718975,0.20482794557359657,0.15090733930422237,False,0.0539206062693742,False,nan,nan,nan,nan,nan,nan,nan,False,False,False
84,-85.0,0.6,-0.24,0.3662453006383523,0.14,-0.13946725773284438,0.012201803984672141,0.20482794557359657,0.1423171019840227,False,0.06251084358957387,False,nan,nan,nan,nan,nan,nan,nan,False,False,False
85,-85.0,0.6,-0.2,0.3662453006383523,0.08,-0.07969557584733965,0.006972459419812651,0.1902237656897205,0.15360631855226595,False,0.036617447137454545,False,nan,nan,nan,nan,nan,nan,nan,False,False,False
86,-85.0,0.6,-0.2,0.3662453006383523,0.1,-0.09961946980917456,0.008715574274765815,0.1902237656897205,0.1445042456357865,False,0.04571952005393398,False,nan,nan,nan,nan,nan,nan,nan,False,False,False
87,-85.0,0.6,-0.2,0.3662453006383523,0.12,-0.11954336377100946,0.010458689129718975,0.1902237656897205,0.1355066615705128,True,0.05471710411920769,False,nan,nan,nan,nan,nan,nan,nan,False,False,False
88,-85.0,0.6,-0.2,0.3662453006383523,0.14,-0.13946725773284438,0.012201803984672141,0.1902237656897205,0.12662244659379068,True,0.06360131909592981,False,nan,nan,nan,nan,nan,nan,nan,False,False,False
89,-85.0,0.6,-0.16,0.3662453006383523,0.08,-0.07969557584733965,0.006972459419812651,0.17496008865397916,0.14212212962926798,False,0.03283795902471118,False,nan,nan,nan,nan,nan,nan,nan,False,False,False
90,-85.0,0.6,-0.16,0.3662453006383523,0.1,-0.09961946980917456,0.008715574274765815,0.17496008865397916,0.13282787788827694,True,0.04213221076570223,False,nan,nan,nan,nan,nan,nan,nan,False,False,False
91,-85.0,0.6,-0.16,0.3662453006383523,0.12,-0.11954336377100946,0.010458689129718975,0.17496008865397916,0.12363115468759331,True,0.051328933966385853,False,nan,nan,nan,nan,nan,nan,nan,False,False,False
92,-85.0,0.6,-0.16,0.3662453006383523,0.14,-0.13946725773284438,0.012201803984672141,0.17496008865397916,0.11454081999561022,True,0.06041926865836894,False,nan,nan,nan,nan,nan,nan,nan,False,False,False
93,-85.0,0.6,-0.12,0.3662453006383523,0.08,-0.07969557584733965,0.006972459419812651,0.1374618194243804,0.11664196371126548,True,0.020819855713114926,True,0.12123106773931216,0.1122493360168231,46.99911404168233,0.1216493360168231,0.0849411894694917,0.0849411894694917,0.5,False,False,False
94,-85.0,0.6,-0.12,0.3662453006383523,0.1,-0.09961946980917456,0.008715574274765815,0.1374618194243804,0.11479095919180593,True,0.022670860232574475,False,nan,nan,nan,nan,nan,nan,nan,False,False,False
95,-85.0,0.6,-0.12,0.3662453006383523,0.12,-0.11954336377100946,0.010458689129718975,0.1374618194243804,0.11325177356917634,True,0.02421004585520406,False,nan,nan,nan,nan,nan,nan,nan,False,False,False
96,-85.0,0.6,-0.12,0.3662453006383523,0.14,-0.13946725773284438,0.012201803984672141,0.1374618194243804,0.10737248337742,True,0.030089336046960402,False,nan,nan,nan,nan,nan,nan,nan,False,False,False
97,-85.0,0.6,-0.08,0.3662453006383523,0.08,-0.07969557584733965,0.006972459419812651,0.10061404566209836,0.07953809076987942,False,0.021075954892218945,False,nan,nan,nan,nan,nan,nan,nan,False,False,False
98,-85.0,0.6,-0.08,0.3662453006383523,0.1,-0.09961946980917456,0.008715574274765815,0.10061404566209836,0.07767237123757836,False,0.022941674424519998,False,nan,nan,nan,nan,nan,nan,nan,False,False,False
99,-85.0,0.6,-0.08,0.3662453006383523,0.12,-0.11954336377100946,0.010458689129718975,0.10061404566209836,0.07615968305694307,False,0.024454362605155294,False,nan,nan,nan,nan,nan,nan,nan,False,False,False
100,-85.0,0.6,-0.08,0.3662453006383523,0.14,-0.13946725773284438,0.012201803984672141,0.10061404566209836,0.0750027232850603,False,0.02561132237703806,False,nan,nan,nan,nan,nan,nan,nan,False,False,False
101,-85.0,0.66,-0.24,0.3662453006383523,0.08,-0.07969557584733965,0.006972459419812651,0.2546931154696529,0.21681037803197598,False,0.03788273743767692,False,nan,nan,nan,nan,nan,nan,nan,False,False,False
102,-85.0,0.66,-0.24,0.3662453006383523,0.1,-0.09961946980917456,0.008715574274765815,0.2546931154696529,0.20741578954386725,False,0.04727732592578565,False,nan,nan,nan,nan,nan,nan,nan,False,False,False
103,-85.0,0.66,-0.24,0.3662453006383523,0.12,-0.11954336377100946,0.010458689129718975,0.2546931154696529,0.19809379107725336,False,0.056599324392399536,False,nan,nan,nan,nan,nan,nan,nan,False,False,False
104,-85.0,0.66,-0.24,0.3662453006383523,0.14,-0.13946725773284438,0.012201803984672141,0.2546931154696529,0.1888496609166445,False,0.06584345455300838,False,nan,nan,nan,nan,nan,nan,nan,False,False,False
105,-85.0,0.66,-0.2,0.3662453006383523,0.08,-0.07969557584733965,0.006972459419812651,0.22479862186126287,0.19895125731246452,False,0.02584736454879835,False,nan,nan,nan,nan,nan,nan,nan,False,False,False
106,-85.0,0.66,-0.2,0.3662453006383523,0.1,-0.09961946980917456,0.008715574274765815,0.22479862186126287,0.1943380605392609,False,0.030460561322001978,False,nan,nan,nan,nan,nan,nan,nan,False,False,False
107,-85.0,0.66,-0.2,0.3662453006383523,0.12,-0.11954336377100946,0.010458689129718975,0.22479862186126287,0.18479526188614123,False,0.04000335997512164,False,nan,nan,nan,nan,nan,nan,nan,False,False,False
108,-85.0,0.66,-0.2,0.3662453006383523,0.14,-0.13946725773284438,0.012201803984672141,0.22479862186126287,0.17532216967538383,False,0.04947645218587904,False,nan,nan,nan,nan,nan,nan,nan,False,False,False
109,-85.0,0.66,-0.16,0.3662453006383523,0.08,-0.07969557584733965,0.006972459419812651,0.1879979445145714,0.1614463862581341,False,0.02655155825643732,False,nan,nan,nan,nan,nan,nan,nan,False,False,False
110,-85.0,0.66,-0.16,0.3662453006383523,0.1,-0.09961946980917456,0.008715574274765815,0.1879979445145714,0.1579782194313552,False,0.03001972508321621,False,nan,nan,nan,nan,nan,nan,nan,False,False,False
111,-85.0,0.66,-0.16,0.3662453006383523,0.12,-0.11954336377100946,0.010458689129718975,0.1879979445145714,0.15476899000479746,False,0.03322895450977395,False,nan,nan,nan,nan,nan,nan,nan,False,False,False
112,-85.0,0.66,-0.16,0.3662453006383523,0.14,-0.13946725773284438,0.012201803984672141,0.1879979445145714,0.15182394500254398,False,0.03617399951202743,False,nan,nan,nan,nan,nan,nan,nan,False,False,False
113,-85.0,0.66,-0.12,0.3662453006383523,0.08,-0.07969557584733965,0.006972459419812651,0.15190068367831916,0.12453345203023822,True,0.027367231648080942,True,0.13293890868784283,0.1386059138017973,45.97869800636545,0.14800591380179728,0.1339000067830122,0.1339000067830122,0.5,False,False,False
114,-85.0,0.66,-0.12,0.3662453006383523,0.1,-0.09961946980917456,0.008715574274765815,0.15190068367831916,0.12086904179097607,True,0.031031641887343087,True,0.12975962502841937,0.1369254697478318,45.8499490050599,0.14838006497181505,0.10774995261809706,0.10774995261809706,0.5,False,False,False
115,-85.0,0.66,-0.12,0.3662453006383523,0.12,-0.11954336377100946,0.010458689129718975,0.15190068367831916,0.11749023469378991,True,0.034410448984529246,True,0.1281039225545924,0.12745872328940133,46.74981295829639,0.14005872328940133,0.0850956291904652,0.0850956291904652,0.5,False,False,False
116,-85.0,0.66,-0.12,0.3662453006383523,0.14,-0.13946725773284438,0.012201803984672141,0.15190068367831916,0.11440395155068062,True,0.03749673212763854,True,0.11646940647040105,0.10779780031907499,46.57040297752246,0.12199780031907498,0.05449311722706754,0.05449311722706754,0.5,False,False,False
117,-85.0,0.66,-0.08,0.3662453006383523,0.08,-0.07969557584733965,0.006972459419812651,0.11674913256168179,0.08843787958102042,False,0.028311252980661367,False,nan,nan,nan,nan,nan,nan,nan,False,False,False
118,-85.0,0.66,-0.08,0.3662453006383523,0.1,-0.09961946980917456,0.008715574274765815,0.11674913256168179,0.08453544698037346,False,0.03221368558130833,False,nan,nan,nan,nan,nan,nan,nan,False,False,False
119,-85.0,0.66,-0.08,0.3662453006383523,0.12,-0.11954336377100946,0.010458689129718975,0.11674913256168179,0.08095028377580091,False,0.03579884878588088,False,nan,nan,nan,nan,nan,nan,nan,False,False,False
120,-85.0,0.66,-0.08,0.3662453006383523,0.14,-0.13946725773284438,0.012201803984672141,0.11674913256168179,0.07769177224504864,False,0.03905736031663315,False,nan,nan,nan,nan,nan,nan,nan,False,False,False
121,-85.0,0.72,-0.24,0.3662453006383523,0.08,-0.07969557584733965,0.006972459419812651,0.2803522316786447,0.2506766057058031,False,0.029675625972841624,False,nan,nan,nan,nan,nan,nan,nan,False,False,False
122,-85.0,0.72,-0.24,0.3662453006383523,0.1,-0.09961946980917456,0.008715574274765815,0.2803522316786447,0.24625428790821868,False,0.03409794377042602,False,nan,nan,nan,nan,nan,nan,nan,False,False,False
123,-85.0,0.72,-0.24,0.3662453006383523,0.12,-0.11954336377100946,0.010458689129718975,0.2803522316786447,0.2420267700229589,False,0.038325461655685816,False,nan,nan,nan,nan,nan,nan,nan,False,False,False
124,-85.0,0.72,-0.24,0.3662453006383523,0.14,-0.13946725773284438,0.012201803984672141,0.2803522316786447,0.23799857504680566,False,0.04235365663183904,False,nan,nan,nan,nan,nan,nan,nan,False,False,False
125,-85.0,0.72,-0.2,0.3662453006383523,0.08,-0.07969557584733965,0.006972459419812651,0.24455742860895813,0.21398884782654556,False,0.030568580782412563,False,nan,nan,nan,nan,nan,nan,nan,False,False,False
126,-85.0,0.72,-0.2,0.3662453006383523,0.1,-0.09961946980917456,0.008715574274765815,0.24455742860895813,0.20932899567815555,False,0.03522843293080258,False,nan,nan,nan,nan,nan,nan,nan,False,False,False
127,-85.0,0.72,-0.2,0.3662453006383523,0.12,-0.11954336377100946,0.010458689129718975,0.24455742860895813,0.20487730031539023,False,0.0396801282935679,False,nan,nan,nan,nan,nan,nan,nan,False,False,False
128,-85.0,0.72,-0.2,0.3662453006383523,0.14,-0.13946725773284438,0.012201803984672141,0.24455742860895813,0.20063938539104265,False,0.04391804321791548,False,nan,nan,nan,nan,nan,nan,nan,False,False,False
129,-85.0,0.72,-0.16,0.3662453006383523,0.08,-0.07969557584733965,0.006972459419812651,0.20954591479607237,0.17796936457848925,False,0.03157655021758313,False,nan,nan,nan,nan,nan,nan,nan,False,False,False
130,-85.0,0.72,-0.16,0.3662453006383523,0.1,-0.09961946980917456,0.008715574274765815,0.20954591479607237,0.1730327887663618,False,0.036513126029710574,False,nan,nan,nan,nan,nan,nan,nan,False,False,False
131,-85.0,0.72,-0.16,0.3662453006383523,0.12,-0.11954336377100946,0.010458689129718975,0.20954591479607237,0.16831887163347006,False,0.04122704316260231,False,nan,nan,nan,nan,nan,nan,nan,False,False,False
132,-85.0,0.72,-0.16,0.3662453006383523,0.14,-0.13946725773284438,0.012201803984672141,0.20954591479607237,0.16383470420518315,False,0.04571121059088923,False,nan,nan,nan,nan,nan,nan,nan,False,False,False
133,-85.0,0.72,-0.12,0.3662453006383523,0.08,-0.07969557584733965,0.006972459419812651,0.17553814830893288,0.142827356990866,False,0.032710791318066895,False,nan,nan,nan,nan,nan,nan,nan,False,False,False
134,-85.0,0.72,-0.12,0.3662453006383523,0.1,-0.09961946980917456,0.008715574274765815,0.17553814830893288,0.1375667086762864,True,0.037971439632646486,True,0.1344029914051486,0.14167194012794315,45.64968898193911,0.15267194012794316,0.13372792030094288,0.13372792030094288,0.5,False,False,False
135,-85.0,0.72,-0.12,0.3662453006383523,0.12,-0.11954336377100946,0.010458689129718975,0.17553814830893288,0.132544116870877,True,0.042994031438055885,True,0.12818306779003213,0.13755680862512837,45.71509000379592,0.15015680862512837,0.13229610221232038,0.13229610221232038,0.5,False,False,False
136,-85.0,0.72,-0.12,0.3662453006383523,0.14,-0.13946725773284438,0.012201803984672141,0.17553814830893288,0.12776864778634506,True,0.04776950052258783,True,0.12344206093569399,0.13199970906119518,45.4466039664112,0.14619970906119517,0.10727704173575298,0.10727704173575298,0.5,False,False,False
137,-85.0,0.72,-0.08,0.3662453006383523,0.08,-0.07969557584733965,0.006972459419812651,0.14283492829255073,0.10886011639351376,True,0.03397481189903698,False,nan,nan,nan,nan,nan,nan,nan,False,False,False
138,-85.0,0.72,-0.08,0.3662453006383523,0.1,-0.09961946980917456,0.008715574274765815,0.14283492829255073,0.10321907986924628,True,0.039615848423304456,False,nan,nan,nan,nan,nan,nan,nan,False,False,False
139,-85.0,0.72,-0.08,0.3662453006383523,0.12,-0.11954336377100946,0.010458689129718975,0.14283492829255073,0.09783176471343594,True,0.0450031635791148,False,nan,nan,nan,nan,nan,nan,nan,False,False,False
140,-85.0,0.72,-0.08,0.3662453006383523,0.14,-0.13946725773284438,0.012201803984672141,0.14283492829255073,0.09270990518071559,True,0.05012502311183514,False,nan,nan,nan,nan,nan,nan,nan,False,False,False
141,-85.0,0.78,-0.24,0.3662453006383523,0.08,-0.07969557584733965,0.006972459419812651,0.30511197026401987,0.27170391805931327,False,0.033408052204706606,False,nan,nan,nan,nan,nan,nan,nan,False,False,False
142,-85.0,0.78,-0.24,0.3662453006383523,0.1,-0.09961946980917456,0.008715574274765815,0.30511197026401987,0.2661718912928346,False,0.03894007897118529,False,nan,nan,nan,nan,nan,nan,nan,False,False,False
143,-85.0,0.78,-0.24,0.3662453006383523,0.12,-0.11954336377100946,0.010458689129718975,0.30511197026401987,0.26080684085263284,False,0.044305129411387034,False,nan,nan,nan,nan,nan,nan,nan,False,False,False
144,-85.0,0.78,-0.24,0.3662453006383523,0.14,-0.13946725773284438,0.012201803984672141,0.30511197026401987,0.2556137328748254,False,0.049498237389194455,False,nan,nan,nan,nan,nan,nan,nan,False,False,False
145,-85.0,0.78,-0.2,0.3662453006383523,0.08,-0.07969557584733965,0.006972459419812651,0.27121080681527077,0.23677601671747453,False,0.034434790097796236,False,nan,nan,nan,nan,nan,nan,nan,False,False,False
146,-85.0,0.78,-0.2,0.3662453006383523,0.1,-0.09961946980917456,0.008715574274765815,0.27121080681527077,0.23094373412768104,False,0.04026707268758972,False,nan,nan,nan,nan,nan,nan,nan,False,False,False
147,-85.0,0.78,-0.2,0.3662453006383523,0.12,-0.11954336377100946,0.010458689129718975,0.27121080681527077,0.22528541671977045,False,0.04592539009550031,False,nan,nan,nan,nan,nan,nan,nan,False,False,False
148,-85.0,0.78,-0.2,0.3662453006383523,0.14,-0.13946725773284438,0.012201803984672141,0.27121080681527077,0.2198070351673318,False,0.05140377164793897,False,nan,nan,nan,nan,nan,nan,nan,False,False,False
149,-85.0,0.78,-0.16,0.3662453006383523,0.08,-0.07969557584733965,0.006972459419812651,0.23834436308274115,0.20278700416288373,False,0.035557358919857424,False,nan,nan,nan,nan,nan,nan,nan,False,False,False
150,-85.0,0.78,-0.16,0.3662453006383523,0.1,-0.09961946980917456,0.008715574274765815,0.23834436308274115,0.19661430994965462,False,0.04173005313308653,False,nan,nan,nan,nan,nan,nan,nan,False,False,False
151,-85.0,0.78,-0.16,0.3662453006383523,0.12,-0.11954336377100946,0.010458689129718975,0.23834436308274115,0.19062188823873408,False,0.04772247484400707,False,nan,nan,nan,nan,nan,nan,nan,False,False,False
152,-85.0,0.78,-0.16,0.3662453006383523,0.14,-0.13946725773284438,0.012201803984672141,0.23834436308274115,0.18481694544556876,False,0.05352741763717239,False,nan,nan,nan,nan,nan,nan,nan,False,False,False
153,-85.0,0.78,-0.12,0.3662453006383523,0.08,-0.07969557584733965,0.006972459419812651,0.20676492101429228,0.1699940090622946,False,0.03677091195199769,False,nan,nan,nan,nan,nan,nan,nan,False,False,False
154,-85.0,0.78,-0.12,0.3662453006383523,0.1,-0.09961946980917456,0.008715574274765815,0.20676492101429228,0.1634361185017551,False,0.04332880251253718,False,nan,nan,nan,nan,nan,nan,nan,False,False,False
155,-85.0,0.78,-0.12,0.3662453006383523,0.12,-0.11954336377100946,0.010458689129718975,0.20676492101429228,0.15706338271980627,False,0.04970153829448601,False,nan,nan,nan,nan,nan,nan,nan,False,False,False
156,-85.0,0.78,-0.12,0.3662453006383523,0.14,-0.13946725773284438,0.012201803984672141,0.20676492101429228,0.1508845031532634,False,0.055880417861028875,False,nan,nan,nan,nan,nan,nan,nan,False,False,False
157,-85.0,0.78,-0.08,0.3662453006383523,0.08,-0.07969557584733965,0.006972459419812651,0.17634096748199984,0.1385923390283428,True,0.037748628453657035,True,0.13004008575177115,0.1451546566978489,45.986989978700876,0.1545546566978489,0.12869909839794766,0.12869909839794766,0.5,False,False,False
158,-85.0,0.78,-0.08,0.3662453006383523,0.1,-0.09961946980917456,0.008715574274765815,0.17634096748199984,0.13175137442753004,True,0.0445895930544698,True,0.11831745325841864,0.1329699720567884,45.904490048997104,0.1439699720567884,0.11498665608892811,0.11498665608892811,0.5,False,False,False
159,-85.0,0.78,-0.08,0.3662453006383523,0.12,-0.11954336377100946,0.010458689129718975,0.17634096748199984,0.12494820713003404,True,0.0513927603519658,False,nan,nan,nan,nan,nan,nan,nan,False,False,False
160,-85.0,0.78,-0.08,0.3662453006383523,0.14,-0.13946725773284438,0.012201803984672141,0.17634096748199984,0.11834300040505868,True,0.05799796707694116,False,nan,nan,nan,nan,nan,nan,nan,False,False,False
161,-85.0,0.84,-0.24,0.3662453006383523,0.08,-0.07969557584733965,0.006972459419812651,0.3355027154871771,0.29906771698884815,False,0.03643499849832893,False,nan,nan,nan,nan,nan,nan,nan,False,False,False
162,-85.0,0.84,-0.24,0.3662453006383523,0.1,-0.09961946980917456,0.008715574274765815,0.3355027154871771,0.2925922943788593,False,0.042910421108317776,False,nan,nan,nan,nan,nan,nan,nan,False,False,False
163,-85.0,0.84,-0.24,0.3662453006383523,0.12,-0.11954336377100946,0.010458689129718975,0.3355027154871771,0.28625514824453335,False,0.04924756724264373,False,nan,nan,nan,nan,nan,nan,nan,False,False,False
164,-85.0,0.84,-0.24,0.3662453006383523,0.14,-0.13946725773284438,0.012201803984672141,0.3355027154871771,0.2800610153972244,False,0.055441700089952695,False,nan,nan,nan,nan,nan,nan,nan,False,False,False
165,-85.0,0.84,-0.2,0.3662453006383523,0.08,-0.07969557584733965,0.006972459419812651,0.3036605024567632,0.26618368715169916,False,0.037476815305064026,False,nan,nan,nan,nan,nan,nan,nan,False,False,False
166,-85.0,0.84,-0.2,0.3662453006383523,0.1,-0.09961946980917456,0.008715574274765815,0.3036605024567632,0.2593803327101619,False,0.04428016974660126,False,nan,nan,nan,nan,nan,nan,nan,False,False,False
167,-85.0,0.84,-0.2,0.3662453006383523,0.12,-0.11954336377100946,0.010458689129718975,0.3036605024567632,0.2527170235196835,False,0.05094347893707968,False,nan,nan,nan,nan,nan,nan,nan,False,False,False
168,-85.0,0.84,-0.2,0.3662453006383523,0.14,-0.13946725773284438,0.012201803984672141,0.3036605024567632,0.24619922094133784,False,0.057461281515425344,False,nan,nan,nan,nan,nan,nan,nan,False,False,False
169,-85.0,0.84,-0.16,0.3662453006383523,0.08,-0.07969557584733965,0.006972459419812651,0.27306471818893263,0.2344882333161449,False,0.038576484872787725,False,nan,nan,nan,nan,nan,nan,nan,False,False,False
170,-85.0,0.84,-0.16,0.3662453006383523,0.1,-0.09961946980917456,0.008715574274765815,0.27306471818893263,0.22732408655351144,False,0.04574063163542119,False,nan,nan,nan,nan,nan,nan,nan,False,False,False
171,-85.0,0.84,-0.16,0.3662453006383523,0.12,-0.11954336377100946,0.010458689129718975,0.27306471818893263,0.22030016826537055,False,0.05276454992356208,False,nan,nan,nan,nan,nan,nan,nan,False,False,False
172,-85.0,0.84,-0.16,0.3662453006383523,0.14,-0.13946725773284438,0.012201803984672141,0.27306471818893263,0.21342273815857232,False,0.05964198003036031,False,nan,nan,nan,nan,nan,nan,nan,False,False,False
173,-85.0,0.84,-0.12,0.3662453006383523,0.08,-0.07969557584733965,0.006972459419812651,0.24397443189445966,0.20425932561438895,False,0.03971510628007072,False,nan,nan,nan,nan,nan,nan,nan,False,False,False
174,-85.0,0.84,-0.12,0.3662453006383523,0.1,-0.09961946980917456,0.008715574274765815,0.24397443189445966,0.19670153804699397,False,0.04727289384746569,False,nan,nan,nan,nan,nan,nan,nan,False,False,False
175,-85.0,0.84,-0.12,0.3662453006383523,0.12,-0.11954336377100946,0.010458689129718975,0.24397443189445966,0.18928190449316865,False,0.05469252740129102,False,nan,nan,nan,nan,nan,nan,nan,False,False,False
176,-85.0,0.84,-0.12,0.3662453006383523,0.14,-0.13946725773284438,0.012201803984672141,0.24397443189445966,0.18200751680570537,False,0.06196691508875429,False,nan,nan,nan,nan,nan,nan,nan,False,False,False
177,-85.0,0.84,-0.08,0.3662453006383523,0.08,-0.07969557584733965,0.006972459419812651,0.2148285130552096,0.17410869715426905,False,0.040719815900940565,False,nan,nan,nan,nan,nan,nan,nan,False,False,False
178,-85.0,0.84,-0.08,0.3662453006383523,0.1,-0.09961946980917456,0.008715574274765815,0.2148285130552096,0.1663153036416447,False,0.048513209413564906,False,nan,nan,nan,nan,nan,nan,nan,False,False,False
179,-85.0,0.84,-0.08,0.3662453006383523,0.12,-0.11954336377100946,0.010458689129718975,0.2148285130552096,0.15866279535259561,False,0.056165717702614,False,nan,nan,nan,nan,nan,nan,nan,False,False,False
180,-85.0,0.84,-0.08,0.3662453006383523,0.14,-0.13946725773284438,0.012201803984672141,0.2148285130552096,0.1511593074622533,False,0.0636692055929563,False,nan,nan,nan,nan,nan,nan,nan,False,False,False
181,-85.0,0.9,-0.24,0.3662453006383523,0.08,-0.07969557584733965,0.006972459419812651,0.37062193407298033,0.33179525156138534,False,0.03882668251159499,False,nan,nan,nan,nan,nan,nan,nan,False,False,False
182,-85.0,0.9,-0.24,0.3662453006383523,0.1,-0.09961946980917456,0.008715574274765815,0.37062193407298033,0.32453985610609626,False,0.04608207796688407,False,nan,nan,nan,nan,nan,nan,nan,False,False,False
183,-85.0,0.9,-0.24,0.3662453006383523,0.12,-0.11954336377100946,0.010458689129718975,0.37062193407298033,0.3173963282273683,False,0.053225605845612034,False,nan,nan,nan,nan,nan,nan,nan,False,False,False
184,-85.0,0.9,-0.24,0.3662453006383523,0.14,-0.13946725773284438,0.012201803984672141,0.37062193407298033,0.3103687998976134,False,0.06025313417536693,False,nan,nan,nan,nan,nan,nan,nan,False,False,False
185,-85.0,0.9,-0.2,0.3662453006383523,0.08,-0.07969557584733965,0.006972459419812651,0.3408599187704658,0.3010531832456522,False,0.039806735524813563,False,nan,nan,nan,nan,nan,nan,nan,False,False,False
186,-85.0,0.9,-0.2,0.3662453006383523,0.1,-0.09961946980917456,0.008715574274765815,0.3408599187704658,0.2934685626967754,False,0.04739135607369038,False,nan,nan,nan,nan,nan,nan,nan,False,False,False
187,-85.0,0.9,-0.2,0.3662453006383523,0.12,-0.11954336377100946,0.010458689129718975,0.3408599187704658,0.28599408288849715,False,0.05486583588196864,False,nan,nan,nan,nan,nan,nan,nan,False,False,False
188,-85.0,0.9,-0.2,0.3662453006383523,0.14,-0.13946725773284438,0.012201803984672141,0.3408599187704658,0.27863430520640786,False,0.062225613564057924,False,nan,nan,nan,nan,nan,nan,nan,False,False,False
189,-85.0,0.9,-0.16,0.3662453006383523,0.08,-0.07969557584733965,0.006972459419812651,0.31249955065395346,0.2716943797417197,False,0.040805170912233735,False,nan,nan,nan,nan,nan,nan,nan,False,False,False
190,-85.0,0.9,-0.16,0.3662453006383523,0.1,-0.09961946980917456,0.008715574274765815,0.31249955065395346,0.2637580298076103,False,0.048741520846343145,False,nan,nan,nan,nan,nan,nan,nan,False,False,False
191,-85.0,0.9,-0.16,0.3662453006383523,0.12,-0.11954336377100946,0.010458689129718975,0.31249955065395346,0.25592837416518377,False,0.05657117648876969,False,nan,nan,nan,nan,nan,nan,nan,False,False,False
192,-85.0,0.9,-0.16,0.3662453006383523,0.14,-0.13946725773284438,0.012201803984672141,0.31249955065395346,0.2482103791103486,False,0.06428917154360486,False,nan,nan,nan,nan,nan,nan,nan,False,False,False
193,-85.0,0.9,-0.12,0.3662453006383523,0.08,-0.07969557584733965,0.006972459419812651,0.28470952925676707,0.24309313436217853,False,0.04161639489458854,False,nan,nan,nan,nan,nan,nan,nan,False,False,False
194,-85.0,0.9,-0.12,0.3662453006383523,0.1,-0.09961946980917456,0.008715574274765815,0.28470952925676707,0.2349572510615872,False,0.049752278195179855,False,nan,nan,nan,nan,nan,nan,nan,False,False,False
195,-85.0,0.9,-0.12,0.3662453006383523,0.12,-0.11954336377100946,0.010458689129718975,0.28470952925676707,0.2269285411237741,False,0.057780988132992955,False,nan,nan,nan,nan,nan,nan,nan,False,False,False
196,-85.0,0.9,-0.12,0.3662453006383523,0.14,-0.13946725773284438,0.012201803984672141,0.28470952925676707,0.21901248777088494,False,0.06569704148588212,False,nan,nan,nan,nan,nan,nan,nan,False,False,False
197,-85.0,0.9,-0.08,0.3662453006383523,0.08,-0.07969557584733965,0.006972459419812651,0.25798885892356743,0.2152615127861678,False,0.04272734613739962,False,nan,nan,nan,nan,nan,nan,nan,False,False,False
198,-85.0,0.9,-0.08,0.3662453006383523,0.1,-0.09961946980917456,0.008715574274765815,0.25798885892356743,0.20671286611471384,False,0.05127599280885359,False,nan,nan,nan,nan,nan,nan,nan,False,False,False
199,-85.0,0.9,-0.08,0.3662453006383523,0.12,-0.11954336377100946,0.010458689129718975,0.25798885892356743,0.19826355080236638,False,0.059725308121201054,False,nan,nan,nan,nan,nan,nan,nan,False,False,False
200,-85.0,0.9,-0.08,0.3662453006383523,0.14,-0.13946725773284438,0.012201803984672141,0.25798885892356743,0.189919340868759,False,0.06806951805480843,False,nan,nan,nan,nan,nan,nan,nan,False,False,False
201,-80.0,0.36,-0.24,0.3662453006383523,0.08,-0.07878462024097664,0.013891854213354433,0.0020956546124651643,-0.03994617050005356,False,0.04204182511251872,False,nan,nan,nan,nan,nan,nan,nan,False,False,False
202,-80.0,0.36,-0.24,0.3662453006383523,0.1,-0.0984807753012208,0.017364817766693044,0.0020956546124651643,-0.05023660334878097,False,0.05233225796124613,False,nan,nan,nan,nan,nan,nan,nan,False,False,False
203,-80.0,0.36,-0.24,0.3662453006383523,0.12,-0.11817693036146495,0.02083778132003165,0.0020956546124651643,-0.06045785872474388,False,0.06255351333720904,False,nan,nan,nan,nan,nan,nan,nan,False,False,False
204,-80.0,0.36,-0.24,0.3662453006383523,0.14,-0.13787308542170915,0.02431074487337026,0.0020956546124651643,-0.0705953735016327,False,0.07269102811409786,False,nan,nan,nan,nan,nan,nan,nan,False,False,False
205,-80.0,0.36,-0.2,0.3662453006383523,0.08,-0.07878462024097664,0.013891854213354433,-0.0129963503936332,-0.05538947593769605,False,0.042393125544062854,False,nan,nan,nan,nan,nan,nan,nan,False,False,False
206,-80.0,0.36,-0.2,0.3662453006383523,0.1,-0.0984807753012208,0.017364817766693044,-0.0129963503936332,-0.06588491306410688,False,0.05288856267047368,False,nan,nan,nan,nan,nan,nan,nan,False,False,False
207,-80.0,0.36,-0.2,0.3662453006383523,0.12,-0.11817693036146495,0.02083778132003165,-0.0129963503936332,-0.07633337821062156,False,0.06333702781698836,False,nan,nan,nan,nan,nan,nan,nan,False,False,False
208,-80.0,0.36,-0.2,0.3662453006383523,0.14,-0.13787308542170915,0.02431074487337026,-0.0129963503936332,-0.08672336198026821,False,0.07372701158663501,False,nan,nan,nan,nan,nan,nan,nan,False,False,False
209,-80.0,0.36,-0.16,0.3662453006383523,0.08,-0.07878462024097664,0.013891854213354433,-0.02405418770438808,-0.06591556987140106,False,0.041861382167012975,False,nan,nan,nan,nan,nan,nan,nan,False,False,False
210,-80.0,0.36,-0.16,0.3662453006383523,0.1,-0.0984807753012208,0.017364817766693044,-0.02405418770438808,-0.07667650611535547,False,0.052622318410967386,False,nan,nan,nan,nan,nan,nan,nan,False,False,False
211,-80.0,0.36,-0.16,0.3662453006383523,0.12,-0.11817693036146495,0.02083778132003165,-0.02405418770438808,-0.08742697861381649,False,0.0633727909094284,False,nan,nan,nan,nan,nan,nan,nan,False,False,False
212,-80.0,0.36,-0.16,0.3662453006383523,0.14,-0.13787308542170915,0.02431074487337026,-0.02405418770438808,-0.09816215111842919,False,0.0741079634140411,False,nan,nan,nan,nan,nan,nan,nan,False,False,False
213,-80.0,0.36,-0.12,0.3662453006383523,0.08,-0.07878462024097664,0.013891854213354433,-0.03759465340956078,-0.07960776584882813,False,0.04201311243926735,False,nan,nan,nan,nan,nan,nan,nan,False,False,False
214,-80.0,0.36,-0.12,0.3662453006383523,0.1,-0.0984807753012208,0.017364817766693044,-0.03759465340956078,-0.09033011594121107,False,0.05273546253165029,False,nan,nan,nan,nan,nan,nan,nan,False,False,False
215,-80.0,0.36,-0.12,0.3662453006383523,0.12,-0.11817693036146495,0.02083778132003165,-0.03759465340956078,-0.10102706907318215,False,0.06343241566362137,False,nan,nan,nan,nan,nan,nan,nan,False,False,False
216,-80.0,0.36,-0.12,0.3662453006383523,0.14,-0.13787308542170915,0.02431074487337026,-0.03759465340956078,-0.11168385720304375,False,0.07408920379348297,False,nan,nan,nan,nan,nan,nan,nan,False,False,False
217,-80.0,0.36,-0.08,0.3662453006383523,0.08,-0.07878462024097664,0.013891854213354433,-0.0435852433747219,-0.08114724564666984,False,0.037562002271947934,False,nan,nan,nan,nan,nan,nan,nan,False,False,False
218,-80.0,0.36,-0.08,0.3662453006383523,0.1,-0.0984807753012208,0.017364817766693044,-0.0435852433747219,-0.09109187865378032,False,0.04750663527905842,False,nan,nan,nan,nan,nan,nan,nan,False,False,False
219,-80.0,0.36,-0.08,0.3662453006383523,0.12,-0.11817693036146495,0.02083778132003165,-0.0435852433747219,-0.10076827298731006,False,0.05718302961258816,False,nan,nan,nan,nan,nan,nan,nan,False,False,False
220,-80.0,0.36,-0.08,0.3662453006383523,0.14,-0.13787308542170915,0.02431074487337026,-0.0435852433747219,-0.11004074088745786,False,0.06645549751273595,False,nan,nan,nan,nan,nan,nan,nan,False,False,False
221,-80.0,0.42,-0.24,0.3662453006383523,0.08,-0.07878462024097664,0.013891854213354433,0.056931854445468055,0.01499216670641404,False,0.041939687739054016,False,nan,nan,nan,nan,nan,nan,nan,False,False,False
222,-80.0,0.42,-0.24,0.3662453006383523,0.1,-0.0984807753012208,0.017364817766693044,0.056931854445468055,0.004367288837476779,False,0.052564565607991276,False,nan,nan,nan,nan,nan,nan,nan,False,False,False
223,-80.0,0.42,-0.24,0.3662453006383523,0.12,-0.11817693036146495,0.02083778132003165,0.056931854445468055,-0.006240038134625175,False,0.06317189258009323,False,nan,nan,nan,nan,nan,nan,nan,False,False,False
224,-80.0,0.42,-0.24,0.3662453006383523,0.14,-0.13787308542170915,0.02431074487337026,0.056931854445468055,-0.016827067966588616,False,0.07375892241205667,False,nan,nan,nan,nan,nan,nan,nan,False,False,False
225,-80.0,0.42,-0.2,0.3662453006383523,0.08,-0.07878462024097664,0.013891854213354433,0.04327300817388233,0.0009805781401538705,False,0.042292430033728456,False,nan,nan,nan,nan,nan,nan,nan,False,False,False
226,-80.0,0.42,-0.2,0.3662453006383523,0.1,-0.0984807753012208,0.017364817766693044,0.04327300817388233,-0.009612821087337825,False,0.05288582926122015,False,nan,nan,nan,nan,nan,nan,nan,False,False,False
227,-80.0,0.42,-0.2,0.3662453006383523,0.12,-0.11817693036146495,0.02083778132003165,0.04327300817388233,-0.0201839794333023,False,0.06345698760718463,False,nan,nan,nan,nan,nan,nan,nan,False,False,False
228,-80.0,0.42,-0.2,0.3662453006383523,0.14,-0.13787308542170915,0.02431074487337026,0.04327300817388233,-0.03083667355181155,False,0.07410968172569388,False,nan,nan,nan,nan,nan,nan,nan,False,False,False
229,-80.0,0.42,-0.16,0.3662453006383523,0.08,-0.07878462024097664,0.013891854213354433,0.03071552789993251,-0.010228269644519006,False,0.040943797544451516,False,nan,nan,nan,nan,nan,nan,nan,False,False,False
230,-80.0,0.42,-0.16,0.3662453006383523,0.1,-0.0984807753012208,0.017364817766693044,0.03071552789993251,-0.02030443720144437,False,0.05101996510137688,False,nan,nan,nan,nan,nan,nan,nan,False,False,False
231,-80.0,0.42,-0.16,0.3662453006383523,0.12,-0.11817693036146495,0.02083778132003165,0.03071552789993251,-0.030523166342574237,False,0.06123869424250675,False,nan,nan,nan,nan,nan,nan,nan,False,False,False
232,-80.0,0.42,-0.16,0.3662453006383523,0.14,-0.13787308542170915,0.02431074487337026,0.03071552789993251,-0.04064941685790312,False,0.07136494475783563,False,nan,nan,nan,nan,nan,nan,nan,False,False,False
233,-80.0,0.42,-0.12,0.3662453006383523,0.08,-0.07878462024097664,0.013891854213354433,0.018418107678528972,-0.022856756787166144,False,0.041274864465695116,False,nan,nan,nan,nan,nan,nan,nan,False,False,False
234,-80.0,0.42,-0.12,0.3662453006383523,0.1,-0.0984807753012208,0.017364817766693044,0.018418107678528972,-0.03327120534599429,False,0.05168931302452326,False,nan,nan,nan,nan,nan,nan,nan,False,False,False
235,-80.0,0.42,-0.12,0.3662453006383523,0.12,-0.11817693036146495,0.02083778132003165,0.018418107678528972,-0.043621727196877874,False,0.062039834875406846,False,nan,nan,nan,nan,nan,nan,nan,False,False,False
236,-80.0,0.42,-0.12,0.3662453006383523,0.14,-0.13787308542170915,0.02431074487337026,0.018418107678528972,-0.05389149573178521,False,0.07230960341031419,False,nan,nan,nan,nan,nan,nan,nan,False,False,False
237,-80.0,0.42,-0.08,0.3662453006383523,0.08,-0.07878462024097664,0.013891854213354433,0.014412181669531676,-0.024437452912747626,False,0.0388496345822793,False,nan,nan,nan,nan,nan,nan,nan,False,False,False
238,-80.0,0.42,-0.08,0.3662453006383523,0.1,-0.0984807753012208,0.017364817766693044,0.014412181669531676,-0.03442300190382927,False,0.048835183573360946,False,nan,nan,nan,nan,nan,nan,nan,False,False,False
239,-80.0,0.42,-0.08,0.3662453006383523,0.12,-0.11817693036146495,0.02083778132003165,0.014412181669531676,-0.04427568979301666,False,0.058687871462548336,False,nan,nan,nan,nan,nan,nan,nan,False,False,False
240,-80.0,0.42,-0.08,0.3662453006383523,0.14,-0.13787308542170915,0.02431074487337026,0.014412181669531676,-0.05396234410145022,False,0.0683745257709819,False,nan,nan,nan,nan,nan,nan,nan,False,False,False
241,-80.0,0.48,-0.24,0.3662453006383523,0.08,-0.07878462024097664,0.013891854213354433,0.11126117483230785,0.06968074042264252,False,0.04158043440966533,False,nan,nan,nan,nan,nan,nan,nan,False,False,False
242,-80.0,0.48,-0.24,0.3662453006383523,0.1,-0.0984807753012208,0.017364817766693044,0.11126117483230785,0.059134847050376194,False,0.05212632778193166,False,nan,nan,nan,nan,nan,nan,nan,False,False,False
243,-80.0,0.48,-0.24,0.3662453006383523,0.12,-0.11817693036146495,0.02083778132003165,0.11126117483230785,0.04860881266630099,False,0.06265236216600686,False,nan,nan,nan,nan,nan,nan,nan,False,False,False
244,-80.0,0.48,-0.24,0.3662453006383523,0.14,-0.13787308542170915,0.02431074487337026,0.11126117483230785,0.03810502217723016,False,0.07315615265507769,False,nan,nan,nan,nan,nan,nan,nan,False,False,False
245,-80.0,0.48,-0.2,0.3662453006383523,0.08,-0.07878462024097664,0.013891854213354433,0.09518175441206883,0.05712160619740153,False,0.0380601482146673,False,nan,nan,nan,nan,nan,nan,nan,False,False,False
246,-80.0,0.48,-0.2,0.3662453006383523,0.1,-0.0984807753012208,0.017364817766693044,0.09518175441206883,0.046717150355846254,False,0.04846460405622258,False,nan,nan,nan,nan,nan,nan,nan,False,False,False
247,-80.0,0.48,-0.2,0.3662453006383523,0.12,-0.11817693036146495,0.02083778132003165,0.09518175441206883,0.036351802280501194,False,0.05882995213156764,False,nan,nan,nan,nan,nan,nan,nan,False,False,False
248,-80.0,0.48,-0.2,0.3662453006383523,0.14,-0.13787308542170915,0.02431074487337026,0.09518175441206883,0.026031506663446974,False,0.06915024774862186,False,nan,nan,nan,nan,nan,nan,nan,False,False,False
249,-80.0,0.48,-0.16,0.3662453006383523,0.08,-0.07878462024097664,0.013891854213354433,0.08318114364293594,0.04398526996772453,False,0.03919587367521141,False,nan,nan,nan,nan,nan,nan,nan,False,False,False
250,-80.0,0.48,-0.16,0.3662453006383523,0.1,-0.0984807753012208,0.017364817766693044,0.08318114364293594,0.03347992869169003,False,0.04970121495124591,False,nan,nan,nan,nan,nan,nan,nan,False,False,False
251,-80.0,0.48,-0.16,0.3662453006383523,0.12,-0.11817693036146495,0.02083778132003165,0.08318114364293594,0.023005983002746283,False,0.06017516064018966,False,nan,nan,nan,nan,nan,nan,nan,False,False,False
252,-80.0,0.48,-0.16,0.3662453006383523,0.14,-0.13787308542170915,0.02431074487337026,0.08318114364293594,0.012568630090630112,False,0.07061251355230583,False,nan,nan,nan,nan,nan,nan,nan,False,False,False
253,-80.0,0.48,-0.12,0.3662453006383523,0.08,-0.07878462024097664,0.013891854213354433,0.07267282036065864,0.03489536131599397,False,0.037777459044664674,False,nan,nan,nan,nan,nan,nan,nan,False,False,False
254,-80.0,0.48,-0.12,0.3662453006383523,0.1,-0.0984807753012208,0.017364817766693044,0.07267282036065864,0.02428887542036587,False,0.04838394494029277,False,nan,nan,nan,nan,nan,nan,nan,False,False,False
255,-80.0,0.48,-0.12,0.3662453006383523,0.12,-0.11817693036146495,0.02083778132003165,0.07267282036065864,0.013704211053144844,False,0.0589686093075138,False,nan,nan,nan,nan,nan,nan,nan,False,False,False
256,-80.0,0.48,-0.12,0.3662453006383523,0.14,-0.13787308542170915,0.02431074487337026,0.07267282036065864,0.0031452293940635034,False,0.06952759096659514,False,nan,nan,nan,nan,nan,nan,nan,False,False,False
257,-80.0,0.48,-0.08,0.3662453006383523,0.08,-0.07878462024097664,0.013891854213354433,0.06889907582064567,0.03378546400848423,False,0.03511361181216144,False,nan,nan,nan,nan,nan,nan,nan,False,False,False
258,-80.0,0.48,-0.08,0.3662453006383523,0.1,-0.0984807753012208,0.017364817766693044,0.06889907582064567,0.023496477037959845,False,0.04540259878268582,False,nan,nan,nan,nan,nan,nan,nan,False,False,False
259,-80.0,0.48,-0.08,0.3662453006383523,0.12,-0.11817693036146495,0.02083778132003165,0.06889907582064567,0.01326433853308695,False,0.055634737287558717,False,nan,nan,nan,nan,nan,nan,nan,False,False,False
260,-80.0,0.48,-0.08,0.3662453006383523,0.14,-0.13787308542170915,0.02431074487337026,0.06889907582064567,0.0030987479454744338,False,0.06580032787517123,False,nan,nan,nan,nan,nan,nan,nan,False,False,False
261,-80.0,0.54,-0.24,0.3662453006383523,0.08,-0.07878462024097664,0.013891854213354433,0.1585270465301356,0.12094611941651176,True,0.037580927113623847,False,nan,nan,nan,nan,nan,nan,nan,False,False,False
262,-80.0,0.54,-0.24,0.3662453006383523,0.1,-0.0984807753012208,0.017364817766693044,0.1585270465301356,0.11159567916102481,True,0.0469313673691108,False,nan,nan,nan,nan,nan,nan,nan,False,False,False
263,-80.0,0.54,-0.24,0.3662453006383523,0.12,-0.11817693036146495,0.02083778132003165,0.1585270465301356,0.10234699947542267,True,0.05618004705471294,False,nan,nan,nan,nan,nan,nan,nan,False,False,False
264,-80.0,0.54,-0.24,0.3662453006383523,0.14,-0.13787308542170915,0.02431074487337026,0.1585270465301356,0.09321015718078096,True,0.06531688934935465,False,nan,nan,nan,nan,nan,nan,nan,False,False,False
265,-80.0,0.54,-0.2,0.3662453006383523,0.08,-0.07878462024097664,0.013891854213354433,0.1416571394353583,0.10634950203412649,True,0.0353076374012318,False,nan,nan,nan,nan,nan,nan,nan,False,False,False
266,-80.0,0.54,-0.2,0.3662453006383523,0.1,-0.0984807753012208,0.017364817766693044,0.1416571394353583,0.09780113250294814,True,0.04385600693241015,False,nan,nan,nan,nan,nan,nan,nan,False,False,False
267,-80.0,0.54,-0.2,0.3662453006383523,0.12,-0.11817693036146495,0.02083778132003165,0.1416571394353583,0.0886826903273267,True,0.05297444910803159,False,nan,nan,nan,nan,nan,nan,nan,False,False,False
268,-80.0,0.54,-0.2,0.3662453006383523,0.14,-0.13787308542170915,0.02431074487337026,0.1416571394353583,0.07936229341961518,True,0.062294846015743116,False,nan,nan,nan,nan,nan,nan,nan,False,False,False
269,-80.0,0.54,-0.16,0.3662453006383523,0.08,-0.07878462024097664,0.013891854213354433,0.12881598933347121,0.09345529681351086,True,0.03536069251996035,False,nan,nan,nan,nan,nan,nan,nan,False,False,False
270,-80.0,0.54,-0.16,0.3662453006383523,0.1,-0.0984807753012208,0.017364817766693044,0.12881598933347121,0.08475486027107923,True,0.044061129062391985,False,nan,nan,nan,nan,nan,nan,nan,False,False,False
271,-80.0,0.54,-0.16,0.3662453006383523,0.12,-0.11817693036146495,0.02083778132003165,0.12881598933347121,0.07621227975498651,True,0.0526037095784847,False,nan,nan,nan,nan,nan,nan,nan,False,False,False
272,-80.0,0.54,-0.16,0.3662453006383523,0.14,-0.13787308542170915,0.02431074487337026,0.12881598933347121,0.06784345660193133,True,0.06097253273153988,False,nan,nan,nan,nan,nan,nan,nan,False,False,False
273,-80.0,0.54,-0.12,0.3662453006383523,0.08,-0.07878462024097664,0.013891854213354433,0.12005253817376865,0.08574081520672705,True,0.0343117229670416,False,nan,nan,nan,nan,nan,nan,nan,False,False,False
274,-80.0,0.54,-0.12,0.3662453006383523,0.1,-0.0984807753012208,0.017364817766693044,0.12005253817376865,0.07707610979960175,True,0.0429764283741669,False,nan,nan,nan,nan,nan,nan,nan,False,False,False
275,-80.0,0.54,-0.12,0.3662453006383523,0.12,-0.11817693036146495,0.02083778132003165,0.12005253817376865,0.06857693770949339,True,0.05147560046427527,False,nan,nan,nan,nan,nan,nan,nan,False,False,False
276,-80.0,0.54,-0.12,0.3662453006383523,0.14,-0.13787308542170915,0.02431074487337026,0.12005253817376865,0.0602604440194654,True,0.059792094154303255,False,nan,nan,nan,nan,nan,nan,nan,False,False,False
277,-80.0,0.54,-0.08,0.3662453006383523,0.08,-0.07878462024097664,0.013891854213354433,0.09607351250836399,0.08003333709146268,False,0.01604017541690131,False,nan,nan,nan,nan,nan,nan,nan,False,False,False
278,-80.0,0.54,-0.08,0.3662453006383523,0.1,-0.0984807753012208,0.017364817766693044,0.09607351250836399,0.0759873882205421,False,0.020086124287821888,False,nan,nan,nan,nan,nan,nan,nan,False,False,False
279,-80.0,0.54,-0.08,0.3662453006383523,0.12,-0.11817693036146495,0.02083778132003165,0.09607351250836399,0.06775426278977298,False,0.02831924971859101,False,nan,nan,nan,nan,nan,nan,nan,False,False,False
280,-80.0,0.54,-0.08,0.3662453006383523,0.14,-0.13787308542170915,0.02431074487337026,0.09607351250836399,0.05972236965204997,False,0.03635114285631402,False,nan,nan,nan,nan,nan,nan,nan,False,False,False
281,-80.0,0.6,-0.24,0.3662453006383523,0.08,-0.07878462024097664,0.013891854213354433,0.20482794557359657,0.16735091944532035,False,0.03747702612827622,False,nan,nan,nan,nan,nan,nan,nan,False,False,False
282,-80.0,0.6,-0.24,0.3662453006383523,0.1,-0.0984807753012208,0.017364817766693044,0.20482794557359657,0.1582154191759806,False,0.04661252639761598,False,nan,nan,nan,nan,nan,nan,nan,False,False,False
283,-80.0,0.6,-0.24,0.3662453006383523,0.12,-0.11817693036146495,0.02083778132003165,0.20482794557359657,0.14917802680539713,False,0.05564991876819944,False,nan,nan,nan,nan,nan,nan,nan,False,False,False
284,-80.0,0.6,-0.24,0.3662453006383523,0.14,-0.13787308542170915,0.02431074487337026,0.20482794557359657,0.14024674400737158,False,0.06458120156622499,False,nan,nan,nan,nan,nan,nan,nan,False,False,False
285,-80.0,0.6,-0.2,0.3662453006383523,0.08,-0.07878462024097664,0.013891854213354433,0.1902237656897205,0.1529006463344376,False,0.0373231193552829,False,nan,nan,nan,nan,nan,nan,nan,False,False,False
286,-80.0,0.6,-0.2,0.3662453006383523,0.1,-0.0984807753012208,0.017364817766693044,0.1902237656897205,0.14359787083348324,False,0.04662589485623725,False,nan,nan,nan,nan,nan,nan,nan,False,False,False
287,-80.0,0.6,-0.2,0.3662453006383523,0.12,-0.11817693036146495,0.02083778132003165,0.1902237656897205,0.13438859329602823,True,0.05583517239369226,False,nan,nan,nan,nan,nan,nan,nan,False,False,False
288,-80.0,0.6,-0.2,0.3662453006383523,0.14,-0.13787308542170915,0.02431074487337026,0.1902237656897205,0.12528100302653955,True,0.06494276266318094,False,nan,nan,nan,nan,nan,nan,nan,False,False,False
289,-80.0,0.6,-0.16,0.3662453006383523,0.08,-0.07878462024097664,0.013891854213354433,0.17496008865397916,0.14170329324420652,False,0.03325679540977264,False,nan,nan,nan,nan,nan,nan,nan,False,False,False
290,-80.0,0.6,-0.16,0.3662453006383523,0.1,-0.0984807753012208,0.017364817766693044,0.17496008865397916,0.13228908426603142,True,0.04267100438794774,False,nan,nan,nan,nan,nan,nan,nan,False,False,False
291,-80.0,0.6,-0.16,0.3662453006383523,0.12,-0.11817693036146495,0.02083778132003165,0.17496008865397916,0.12296542630839682,True,0.05199466234558234,False,nan,nan,nan,nan,nan,nan,nan,False,False,False
292,-80.0,0.6,-0.16,0.3662453006383523,0.14,-0.13787308542170915,0.02431074487337026,0.17496008865397916,0.11374069398110076,True,0.0612193946728784,False,nan,nan,nan,nan,nan,nan,nan,False,False,False
293,-80.0,0.6,-0.12,0.3662453006383523,0.08,-0.07878462024097664,0.013891854213354433,0.1374618194243804,0.11342316866250382,True,0.024038650761876584,True,0.12194085654440415,0.11302508375452744,46.532686974387616,0.12242508375452743,0.08619564819067219,0.08619564819067219,0.5,False,False,False
294,-80.0,0.6,-0.12,0.3662453006383523,0.1,-0.0984807753012208,0.017364817766693044,0.1374618194243804,0.11074884369123056,True,0.026712975733149846,False,nan,nan,nan,nan,nan,nan,nan,False,False,False
295,-80.0,0.6,-0.12,0.3662453006383523,0.12,-0.11817693036146495,0.02083778132003165,0.1374618194243804,0.10838348480374763,True,0.02907833462063278,False,nan,nan,nan,nan,nan,nan,nan,False,False,False
296,-80.0,0.6,-0.12,0.3662453006383523,0.14,-0.13787308542170915,0.02431074487337026,0.1374618194243804,0.10633175451538851,True,0.031130064908991895,False,nan,nan,nan,nan,nan,nan,nan,False,False,False
297,-80.0,0.6,-0.08,0.3662453006383523,0.08,-0.07878462024097664,0.013891854213354433,0.10061404566209836,0.07638729136787417,False,0.02422675429422419,False,nan,nan,nan,nan,nan,nan,nan,False,False,False
298,-80.0,0.6,-0.08,0.3662453006383523,0.1,-0.0984807753012208,0.017364817766693044,0.10061404566209836,0.07371311804068831,False,0.026900927621410053,False,nan,nan,nan,nan,nan,nan,nan,False,False,False
299,-80.0,0.6,-0.08,0.3662453006383523,0.12,-0.11817693036146495,0.02083778132003165,0.10061404566209836,0.0713894579526538,False,0.029224587709444555,False,nan,nan,nan,nan,nan,nan,nan,False,False,False
300,-80.0,0.6,-0.08,0.3662453006383523,0.14,-0.13787308542170915,0.02431074487337026,0.10061404566209836,0.06942215254273726,False,0.031191893119361103,False,nan,nan,nan,nan,nan,nan,nan,False,False,False
301,-80.0,0.66,-0.24,0.3662453006383523,0.08,-0.07878462024097664,0.013891854213354433,0.2546931154696529,0.21592812883963444,False,0.038764986630018455,False,nan,nan,nan,nan,nan,nan,nan,False,False,False
302,-80.0,0.66,-0.24,0.3662453006383523,0.1,-0.0984807753012208,0.017364817766693044,0.2546931154696529,0.2062868526006802,False,0.048406262868972705,False,nan,nan,nan,nan,nan,nan,nan,False,False,False
303,-80.0,0.66,-0.24,0.3662453006383523,0.12,-0.11817693036146495,0.02083778132003165,0.2546931154696529,0.1967064524621047,False,0.057986663007548206,False,nan,nan,nan,nan,nan,nan,nan,False,False,False
304,-80.0,0.66,-0.24,0.3662453006383523,0.14,-0.13787308542170915,0.02431074487337026,0.2546931154696529,0.18719151077237717,False,0.06750160469727573,False,nan,nan,nan,nan,nan,nan,nan,False,False,False
305,-80.0,0.66,-0.2,0.3662453006383523,0.08,-0.07878462024097664,0.013891854213354433,0.22479862186126287,0.19577136014205906,False,0.029027261719203806,False,nan,nan,nan,nan,nan,nan,nan,False,False,False
306,-80.0,0.66,-0.2,0.3662453006383523,0.1,-0.0984807753012208,0.017364817766693044,0.22479862186126287,0.19164250610795303,False,0.033156115753309845,False,nan,nan,nan,nan,nan,nan,nan,False,False,False
307,-80.0,0.66,-0.2,0.3662453006383523,0.12,-0.11817693036146495,0.02083778132003165,0.22479862186126287,0.18389810802730824,False,0.04090051383395463,False,nan,nan,nan,nan,nan,nan,nan,False,False,False
308,-80.0,0.66,-0.2,0.3662453006383523,0.14,-0.13787308542170915,0.02431074487337026,0.22479862186126287,0.17423743426595883,False,0.050561187595304036,False,nan,nan,nan,nan,nan,nan,nan,False,False,False
309,-80.0,0.66,-0.16,0.3662453006383523,0.08,-0.07878462024097664,0.013891854213354433,0.1879979445145714,0.15831950660665992,False,0.029678437907911498,False,nan,nan,nan,nan,nan,nan,nan,False,False,False
310,-80.0,0.66,-0.16,0.3662453006383523,0.1,-0.0984807753012208,0.017364817766693044,0.1879979445145714,0.1540361576273359,False,0.0339617868872355,False,nan,nan,nan,nan,nan,nan,nan,False,False,False
311,-80.0,0.66,-0.16,0.3662453006383523,0.12,-0.11817693036146495,0.02083778132003165,0.1879979445145714,0.15000106225928436,False,0.03799688225528705,False,nan,nan,nan,nan,nan,nan,nan,False,False,False
312,-80.0,0.66,-0.16,0.3662453006383523,0.14,-0.13787308542170915,0.02431074487337026,0.1879979445145714,0.14622108328046013,False,0.041776861234111284,False,nan,nan,nan,nan,nan,nan,nan,False,False,False
313,-80.0,0.66,-0.12,0.3662453006383523,0.08,-0.07878462024097664,0.013891854213354433,0.15190068367831916,0.12147747514037119,True,0.03042320853794797,True,0.12675306862598992,0.13251191929755105,45.607003034092486,0.14191191929755104,0.12802815511980467,0.12802815511980467,0.5,False,False,False
314,-80.0,0.66,-0.12,0.3662453006383523,0.1,-0.0984807753012208,0.017364817766693044,0.15190068367831916,0.11701035211450378,True,0.03489033156381538,True,0.12196011503394782,0.12967245294055296,45.35949300043285,0.14067245294055297,0.10937157755025434,0.10937157755025434,0.5,False,False,False
315,-80.0,0.66,-0.12,0.3662453006383523,0.12,-0.11817693036146495,0.02083778132003165,0.15190068367831916,0.11281648814648779,True,0.03908419553183137,True,0.1187140543296607,0.12550119274724297,45.95450597116724,0.13810119274724297,0.08403267339943227,0.08403267339943227,0.5,False,False,False
316,-80.0,0.66,-0.12,0.3662453006383523,0.14,-0.13787308542170915,0.02431074487337026,0.15190068367831916,0.10890475053545473,True,0.04299593314286443,True,0.11165743619698287,0.10950798544948737,46.1852639564313,0.12370798544948736,0.057930669880215724,0.057930669880215724,0.5,False,False,False
317,-80.0,0.66,-0.08,0.3662453006383523,0.08,-0.07878462024097664,0.013891854213354433,0.11674913256168179,0.08547944179701963,False,0.031269690764662156,False,nan,nan,nan,nan,nan,nan,nan,False,False,False
318,-80.0,0.66,-0.08,0.3662453006383523,0.1,-0.0984807753012208,0.017364817766693044,0.11674913256168179,0.08079219873650562,False,0.035956933825176174,False,nan,nan,nan,nan,nan,nan,nan,False,False,False
319,-80.0,0.66,-0.08,0.3662453006383523,0.12,-0.11817693036146495,0.02083778132003165,0.11674913256168179,0.07640778903727088,False,0.040341343524410905,False,nan,nan,nan,nan,nan,nan,nan,False,False,False
320,-80.0,0.66,-0.08,0.3662453006383523,0.14,-0.13787308542170915,0.02431074487337026,0.11674913256168179,0.07233796061426612,False,0.04441117194741567,False,nan,nan,nan,nan,nan,nan,nan,False,False,False
321,-80.0,0.72,-0.24,0.3662453006383523,0.08,-0.07878462024097664,0.013891854213354433,0.2803522316786447,0.24761541982206667,False,0.032736811856578035,False,nan,nan,nan,nan,nan,nan,nan,False,False,False
322,-80.0,0.72,-0.24,0.3662453006383523,0.1,-0.0984807753012208,0.017364817766693044,0.2803522316786447,0.2423934193732339,False,0.037958812305410816,False,nan,nan,nan,nan,nan,nan,nan,False,False,False
323,-80.0,0.72,-0.24,0.3662453006383523,0.12,-0.11817693036146495,0.02083778132003165,0.2803522316786447,0.23735370236866202,False,0.042998529309982686,False,nan,nan,nan,nan,nan,nan,nan,False,False,False
324,-80.0,0.72,-0.24,0.3662453006383523,0.14,-0.13787308542170915,0.02431074487337026,0.2803522316786447,0.23250156991732374,False,0.04785066176132097,False,nan,nan,nan,nan,nan,nan,nan,False,False,False
325,-80.0,0.72,-0.2,0.3662453006383523,0.08,-0.07878462024097664,0.013891854213354433,0.24455742860895813,0.2109907451501188,False,0.033566683458839314,False,nan,nan,nan,nan,nan,nan,nan,False,False,False
326,-80.0,0.72,-0.2,0.3662453006383523,0.1,-0.0984807753012208,0.017364817766693044,0.24455742860895813,0.20554254911800368,False,0.039014879490954446,False,nan,nan,nan,nan,nan,nan,nan,False,False,False
327,-80.0,0.72,-0.2,0.3662453006383523,0.12,-0.11817693036146495,0.02083778132003165,0.24455742860895813,0.20028827737917346,False,0.04426915122978467,False,nan,nan,nan,nan,nan,nan,nan,False,False,False
328,-80.0,0.72,-0.2,0.3662453006383523,0.14,-0.13787308542170915,0.02431074487337026,0.24455742860895813,0.1952344068833649,False,0.04932302172559322,False,nan,nan,nan,nan,nan,nan,nan,False,False,False
329,-80.0,0.72,-0.16,0.3662453006383523,0.08,-0.07878462024097664,0.013891854213354433,0.20954591479607237,0.17505179177912453,False,0.03449412301694785,False,nan,nan,nan,nan,nan,nan,nan,False,False,False
330,-80.0,0.72,-0.16,0.3662453006383523,0.1,-0.0984807753012208,0.017364817766693044,0.20954591479607237,0.16934176771833798,False,0.0402041470777344,False,nan,nan,nan,nan,nan,nan,nan,False,False,False
331,-80.0,0.72,-0.16,0.3662453006383523,0.12,-0.11817693036146495,0.02083778132003165,0.20954591479607237,0.16383808564269128,False,0.04570782915338109,False,nan,nan,nan,nan,nan,nan,nan,False,False,False
332,-80.0,0.72,-0.16,0.3662453006383523,0.14,-0.13787308542170915,0.02431074487337026,0.20954591479607237,0.1585487578200323,False,0.05099715697604007,False,nan,nan,nan,nan,nan,nan,nan,False,False,False
333,-80.0,0.72,-0.12,0.3662453006383523,0.08,-0.07878462024097664,0.013891854213354433,0.17553814830893288,0.1400145042412597,False,0.035523644067673193,False,nan,nan,nan,nan,nan,nan,nan,False,False,False
334,-80.0,0.72,-0.12,0.3662453006383523,0.1,-0.0984807753012208,0.017364817766693044,0.17553814830893288,0.1340004770169667,True,0.04153767129196617,True,0.12695528954510749,0.13721083767043674,45.609362015966326,0.14821083767043675,0.12506037632193118,0.12506037632193118,0.5,False,False,False
335,-80.0,0.72,-0.12,0.3662453006383523,0.12,-0.11817693036146495,0.02083778132003165,0.17553814830893288,0.1282056653672992,True,0.0473324829416337,True,0.11908369580275313,0.13066761818646572,45.46136799035594,0.14326761818646572,0.12030818973742466,0.12030818973742466,0.5,False,False,False
336,-80.0,0.72,-0.12,0.3662453006383523,0.14,-0.13787308542170915,0.02431074487337026,0.17553814830893288,0.12264009941274234,True,0.05289804889619054,True,0.11267750867374093,0.1234386312973268,45.460922992788255,0.13763863129732679,0.10913191055252341,0.10913191055252341,0.5,False,False,False
337,-80.0,0.72,-0.08,0.3662453006383523,0.08,-0.07878462024097664,0.013891854213354433,0.14283492829255073,0.10618610421063582,True,0.036648824081914916,False,nan,nan,nan,nan,nan,nan,nan,False,False,False
338,-80.0,0.72,-0.08,0.3662453006383523,0.1,-0.0984807753012208,0.017364817766693044,0.14283492829255073,0.0998194944174357,True,0.04301543387511503,False,nan,nan,nan,nan,nan,nan,nan,False,False,False
339,-80.0,0.72,-0.08,0.3662453006383523,0.12,-0.11817693036146495,0.02083778132003165,0.14283492829255073,0.09368475970877779,True,0.04915016858377294,False,nan,nan,nan,nan,nan,nan,nan,False,False,False
340,-80.0,0.72,-0.08,0.3662453006383523,0.14,-0.13787308542170915,0.02431074487337026,0.14283492829255073,0.08779458072861424,True,0.0550403475639365,False,nan,nan,nan,nan,nan,nan,nan,False,False,False
341,-80.0,0.78,-0.24,0.3662453006383523,0.08,-0.07878462024097664,0.013891854213354433,0.30511197026401987,0.26883733542239596,False,0.03627463484162391,False,nan,nan,nan,nan,nan,nan,nan,False,False,False
342,-80.0,0.78,-0.24,0.3662453006383523,0.1,-0.0984807753012208,0.017364817766693044,0.30511197026401987,0.2625495073053626,False,0.04256246295865729,False,nan,nan,nan,nan,nan,nan,nan,False,False,False
343,-80.0,0.78,-0.24,0.3662453006383523,0.12,-0.11817693036146495,0.02083778132003165,0.30511197026401987,0.2564134689678432,False,0.048698501296176644,False,nan,nan,nan,nan,nan,nan,nan,False,False,False
344,-80.0,0.78,-0.24,0.3662453006383523,0.14,-0.13787308542170915,0.02431074487337026,0.30511197026401987,0.2504345573484518,False,0.05467741291556805,False,nan,nan,nan,nan,nan,nan,nan,False,False,False
345,-80.0,0.78,-0.2,0.3662453006383523,0.08,-0.07878462024097664,0.013891854213354433,0.27121080681527077,0.23399711272611287,False,0.037213694089157895,False,nan,nan,nan,nan,nan,nan,nan,False,False,False
346,-80.0,0.78,-0.2,0.3662453006383523,0.1,-0.0984807753012208,0.017364817766693044,0.27121080681527077,0.22742671777720236,False,0.04378408903806841,False,nan,nan,nan,nan,nan,nan,nan,False,False,False
347,-80.0,0.78,-0.2,0.3662453006383523,0.12,-0.11817693036146495,0.02083778132003165,0.27121080681527077,0.22101327167329468,False,0.050197535141976085,False,nan,nan,nan,nan,nan,nan,nan,False,False,False
348,-80.0,0.78,-0.2,0.3662453006383523,0.14,-0.13787308542170915,0.02431074487337026,0.27121080681527077,0.21476307313259102,False,0.056447733682679746,False,nan,nan,nan,nan,nan,nan,nan,False,False,False
349,-80.0,0.78,-0.16,0.3662453006383523,0.08,-0.07878462024097664,0.013891854213354433,0.23834436308274115,0.20011725085208007,False,0.03822711223066108,False,nan,nan,nan,nan,nan,nan,nan,False,False,False
350,-80.0,0.78,-0.16,0.3662453006383523,0.1,-0.0984807753012208,0.017364817766693044,0.23834436308274115,0.19322909123636017,False,0.04511527184638098,False,nan,nan,nan,nan,nan,nan,nan,False,False,False
351,-80.0,0.78,-0.16,0.3662453006383523,0.12,-0.11817693036146495,0.02083778132003165,0.23834436308274115,0.18650210239953943,False,0.05184226068320172,False,nan,nan,nan,nan,nan,nan,nan,False,False,False
352,-80.0,0.78,-0.16,0.3662453006383523,0.14,-0.13787308542170915,0.02431074487337026,0.23834436308274115,0.17994373176219258,False,0.05840063132054857,False,nan,nan,nan,nan,nan,nan,nan,False,False,False
353,-80.0,0.78,-0.12,0.3662453006383523,0.08,-0.07878462024097664,0.013891854213354433,0.20676492101429228,0.1674617119939454,False,0.03930320902034687,False,nan,nan,nan,nan,nan,nan,nan,False,False,False
354,-80.0,0.78,-0.12,0.3662453006383523,0.1,-0.0984807753012208,0.017364817766693044,0.20676492101429228,0.1602178515450628,False,0.046547069469229485,False,nan,nan,nan,nan,nan,nan,nan,False,False,False
355,-80.0,0.78,-0.12,0.3662453006383523,0.12,-0.11817693036146495,0.02083778132003165,0.20676492101429228,0.15313773783623932,False,0.053627183178052956,False,nan,nan,nan,nan,nan,nan,nan,False,False,False
356,-80.0,0.78,-0.12,0.3662453006383523,0.14,-0.13787308542170915,0.02431074487337026,0.20676492101429228,0.14623015800491757,False,0.060534763009374715,False,nan,nan,nan,nan,nan,nan,nan,False,False,False
357,-80.0,0.78,-0.08,0.3662453006383523,0.08,-0.07878462024097664,0.013891854213354433,0.17634096748199984,0.13600021953363792,True,0.04034074794836193,True,0.1218417150625323,0.13818702333051366,45.28958001174033,0.14758702333051366,0.11814563722330892,0.11814563722330892,0.5,False,False,False
358,-80.0,0.78,-0.08,0.3662453006383523,0.1,-0.0984807753012208,0.017364817766693044,0.17634096748199984,0.12854164186640432,True,0.04779932561559552,True,0.1118175118984735,0.12774944640169683,45.605269027873874,0.13874944640169684,0.10583841438186481,0.10583841438186481,0.5,False,False,False
359,-80.0,0.78,-0.08,0.3662453006383523,0.12,-0.11817693036146495,0.02083778132003165,0.17634096748199984,0.12125421528509742,True,0.05508675219690243,False,nan,nan,nan,nan,nan,nan,nan,False,False,False
360,-80.0,0.78,-0.08,0.3662453006383523,0.14,-0.13787308542170915,0.02431074487337026,0.17634096748199984,0.11397331737655714,True,0.06236765010544271,False,nan,nan,nan,nan,nan,nan,nan,False,False,False
361,-80.0,0.84,-0.24,0.3662453006383523,0.08,-0.07878462024097664,0.013891854213354433,0.3355027154871771,0.2964131954738036,False,0.03908952001337346,False,nan,nan,nan,nan,nan,nan,nan,False,False,False
362,-80.0,0.84,-0.24,0.3662453006383523,0.1,-0.0984807753012208,0.017364817766693044,0.3355027154871771,0.28923367073078105,False,0.04626904475639604,False,nan,nan,nan,nan,nan,nan,nan,False,False,False
363,-80.0,0.84,-0.24,0.3662453006383523,0.12,-0.11817693036146495,0.02083778132003165,0.3355027154871771,0.2821761217584974,False,0.053326593728679705,False,nan,nan,nan,nan,nan,nan,nan,False,False,False
364,-80.0,0.84,-0.24,0.3662453006383523,0.14,-0.13787308542170915,0.02431074487337026,0.3355027154871771,0.27524531796137,False,0.06025739752580711,False,nan,nan,nan,nan,nan,nan,nan,False,False,False
365,-80.0,0.84,-0.2,0.3662453006383523,0.08,-0.07878462024097664,0.013891854213354433,0.3036605024567632,0.26363880434727927,False,0.040021698109483916,False,nan,nan,nan,nan,nan,nan,nan,False,False,False
366,-80.0,0.84,-0.2,0.3662453006383523,0.1,-0.0984807753012208,0.017364817766693044,0.3036605024567632,0.25615546000242045,False,0.04750504245434273,False,nan,nan,nan,nan,nan,nan,nan,False,False,False
367,-80.0,0.84,-0.2,0.3662453006383523,0.12,-0.11817693036146495,0.02083778132003165,0.3036605024567632,0.24879431896963225,False,0.05486618348713093,False,nan,nan,nan,nan,nan,nan,nan,False,False,False
368,-80.0,0.84,-0.2,0.3662453006383523,0.14,-0.13787308542170915,0.02431074487337026,0.3036605024567632,0.2415607694180098,False,0.06209973303875338,False,nan,nan,nan,nan,nan,nan,nan,False,False,False
369,-80.0,0.84,-0.16,0.3662453006383523,0.08,-0.07878462024097664,0.013891854213354433,0.27306471818893263,0.23207621728007496,False,0.04098850090885767,False,nan,nan,nan,nan,nan,nan,nan,False,False,False
370,-80.0,0.84,-0.16,0.3662453006383523,0.1,-0.0984807753012208,0.017364817766693044,0.27306471818893263,0.2242620609105868,False,0.04880265727834582,False,nan,nan,nan,nan,nan,nan,nan,False,False,False
371,-80.0,0.84,-0.16,0.3662453006383523,0.12,-0.11817693036146495,0.02083778132003165,0.27306471818893263,0.21656869712981555,False,0.05649602105911708,False,nan,nan,nan,nan,nan,nan,nan,False,False,False
372,-80.0,0.84,-0.16,0.3662453006383523,0.14,-0.13787308542170915,0.02431074487337026,0.27306471818893263,0.209002161802803,False,0.06406255638612962,False,nan,nan,nan,nan,nan,nan,nan,False,False,False
373,-80.0,0.84,-0.12,0.3662453006383523,0.08,-0.07878462024097664,0.013891854213354433,0.24397443189445966,0.20200922125731455,False,0.04196521063714512,False,nan,nan,nan,nan,nan,nan,nan,False,False,False
374,-80.0,0.84,-0.12,0.3662453006383523,0.1,-0.0984807753012208,0.017364817766693044,0.24397443189445966,0.19383905360692882,False,0.05013537828753084,False,nan,nan,nan,nan,nan,nan,nan,False,False,False
375,-80.0,0.84,-0.12,0.3662453006383523,0.12,-0.11817693036146495,0.02083778132003165,0.24397443189445966,0.18578607944397338,False,0.058188352450486286,False,nan,nan,nan,nan,nan,nan,nan,False,False,False
376,-80.0,0.84,-0.12,0.3662453006383523,0.14,-0.13787308542170915,0.02431074487337026,0.24397443189445966,0.17785696171322085,False,0.06611747018123881,False,nan,nan,nan,nan,nan,nan,nan,False,False,False
377,-80.0,0.84,-0.08,0.3662453006383523,0.08,-0.07878462024097664,0.013891854213354433,0.2148285130552096,0.17183568907214694,False,0.04299282398306267,False,nan,nan,nan,nan,nan,nan,nan,False,False,False
378,-80.0,0.84,-0.08,0.3662453006383523,0.1,-0.0984807753012208,0.017364817766693044,0.2148285130552096,0.16341765695535976,False,0.051410856099849855,False,nan,nan,nan,nan,nan,nan,nan,False,False,False
379,-80.0,0.84,-0.08,0.3662453006383523,0.12,-0.11817693036146495,0.02083778132003165,0.2148285130552096,0.1551164819893929,False,0.05971203106581671,False,nan,nan,nan,nan,nan,nan,nan,False,False,False
380,-80.0,0.84,-0.08,0.3662453006383523,0.14,-0.13787308542170915,0.02431074487337026,0.2148285130552096,0.14693963922738906,False,0.06788887382782055,False,nan,nan,nan,nan,nan,nan,nan,False,False,False
381,-80.0,0.9,-0.24,0.3662453006383523,0.08,-0.07878462024097664,0.013891854213354433,0.37062193407298033,0.3293555179561457,False,0.041266416116834626,False,nan,nan,nan,nan,nan,nan,nan,False,False,False
382,-80.0,0.9,-0.24,0.3662453006383523,0.1,-0.0984807753012208,0.017364817766693044,0.37062193407298033,0.32145089878429733,False,0.049171035288682996,False,nan,nan,nan,nan,nan,nan,nan,False,False,False
383,-80.0,0.9,-0.24,0.3662453006383523,0.12,-0.11817693036146495,0.02083778132003165,0.37062193407298033,0.3136419503012273,False,0.05697998377175301,False,nan,nan,nan,nan,nan,nan,nan,False,False,False
384,-80.0,0.9,-0.24,0.3662453006383523,0.14,-0.13787308542170915,0.02431074487337026,0.37062193407298033,0.30593261081379614,False,0.0646893232591842,False,nan,nan,nan,nan,nan,nan,nan,False,False,False
385,-80.0,0.9,-0.2,0.3662453006383523,0.08,-0.07878462024097664,0.013891854213354433,0.3408599187704658,0.2987399328127117,False,0.04211998595775407,False,nan,nan,nan,nan,nan,nan,nan,False,False,False
386,-80.0,0.9,-0.2,0.3662453006383523,0.1,-0.0984807753012208,0.017364817766693044,0.3408599187704658,0.2905355788967561,False,0.05032433987370971,False,nan,nan,nan,nan,nan,nan,nan,False,False,False
387,-80.0,0.9,-0.2,0.3662453006383523,0.12,-0.11817693036146495,0.02083778132003165,0.3408599187704658,0.28242409501920973,False,0.058435823751256055,False,nan,nan,nan,nan,nan,nan,nan,False,False,False
388,-80.0,0.9,-0.2,0.3662453006383523,0.14,-0.13787308542170915,0.02431074487337026,0.3408599187704658,0.27440973152088854,False,0.06645018724957724,False,nan,nan,nan,nan,nan,nan,nan,False,False,False
389,-80.0,0.9,-0.16,0.3662453006383523,0.08,-0.07878462024097664,0.013891854213354433,0.31249955065395346,0.2695304642890668,False,0.042969086364886666,False,nan,nan,nan,nan,nan,nan,nan,False,False,False
390,-80.0,0.9,-0.16,0.3662453006383523,0.1,-0.0984807753012208,0.017364817766693044,0.31249955065395346,0.2610099843944005,False,0.05148956625955298,False,nan,nan,nan,nan,nan,nan,nan,False,False,False
391,-80.0,0.9,-0.16,0.3662453006383523,0.12,-0.11817693036146495,0.02083778132003165,0.31249955065395346,0.25257797293599127,False,0.05992157771796219,False,nan,nan,nan,nan,nan,nan,nan,False,False,False
392,-80.0,0.9,-0.16,0.3662453006383523,0.14,-0.13787308542170915,0.02431074487337026,0.31249955065395346,0.2442389402421571,False,0.06826061041179637,False,nan,nan,nan,nan,nan,nan,nan,False,False,False
393,-80.0,0.9,-0.12,0.3662453006383523,0.08,-0.07878462024097664,0.013891854213354433,0.28470952925676707,0.24092330610794407,False,0.043786223148822995,False,nan,nan,nan,nan,nan,nan,nan,False,False,False
394,-80.0,0.9,-0.12,0.3662453006383523,0.1,-0.0984807753012208,0.017364817766693044,0.28470952925676707,0.23219758683498998,False,0.05251194242177709,False,nan,nan,nan,nan,nan,nan,nan,False,False,False
395,-80.0,0.9,-0.12,0.3662453006383523,0.12,-0.11817693036146495,0.02083778132003165,0.28470952925676707,0.223558829822486,False,0.06115069943428106,False,nan,nan,nan,nan,nan,nan,nan,False,False,False
396,-80.0,0.9,-0.12,0.3662453006383523,0.14,-0.13787308542170915,0.02431074487337026,0.28470952925676707,0.2150119056912821,False,0.06969762356548498,False,nan,nan,nan,nan,nan,nan,nan,False,False,False
397,-80.0,0.9,-0.08,0.3662453006383523,0.08,-0.07878462024097664,0.013891854213354433,0.25798885892356743,0.21327933948238328,False,0.04470951944118415,False,nan,nan,nan,nan,nan,nan,nan,False,False,False
398,-80.0,0.9,-0.08,0.3662453006383523,0.1,-0.0984807753012208,0.017364817766693044,0.25798885892356743,0.204186525568834,False,0.053802333354733445,False,nan,nan,nan,nan,nan,nan,nan,False,False,False
399,-80.0,0.9,-0.08,0.3662453006383523,0.12,-0.11817693036146495,0.02083778132003165,0.25798885892356743,0.1951719424892214,False,0.06281691643434603,False,nan,nan,nan,nan,nan,nan,nan,False,False,False
400,-80.0,0.9,-0.08,0.3662453006383523,0.14,-0.13787308542170915,0.02431074487337026,0.25798885892356743,0.18624051969257338,False,0.07174833923099405,False,nan,nan,nan,nan,nan,nan,nan,False,False,False
401,-75.0,0.36,-0.24,0.3662453006383523,0.08,-0.07727406610312547,0.02070552360820166,0.0020956546124651643,-0.040806574603947876,False,0.04290222921641304,False,nan,nan,nan,nan,nan,nan,nan,False,False,False
402,-75.0,0.36,-0.24,0.3662453006383523,0.1,-0.09659258262890684,0.025881904510252074,0.0020956546124651643,-0.05138005904886572,False,0.05347571366133089,False,nan,nan,nan,nan,nan,nan,nan,False,False,False
403,-75.0,0.36,-0.24,0.3662453006383523,0.12,-0.1159110991546882,0.03105828541230249,0.0020956546124651643,-0.061922028492119585,False,0.06401768310458475,False,nan,nan,nan,nan,nan,nan,nan,False,False,False
404,-75.0,0.36,-0.24,0.3662453006383523,0.14,-0.13522961568046957,0.036234666314352904,0.0020956546124651643,-0.07242552798981239,False,0.07452118260227755,False,nan,nan,nan,nan,nan,nan,nan,False,False,False
405,-75.0,0.36,-0.2,0.3662453006383523,0.08,-0.07727406610312547,0.02070552360820166,-0.0129963503936332,-0.05589872842581867,False,0.04290237803218547,False,nan,nan,nan,nan,nan,nan,nan,False,False,False
406,-75.0,0.36,-0.2,0.3662453006383523,0.1,-0.09659258262890684,0.025881904510252074,-0.0129963503936332,-0.06656691800551695,False,0.05357056761188375,False,nan,nan,nan,nan,nan,nan,nan,False,False,False
407,-75.0,0.36,-0.2,0.3662453006383523,0.12,-0.1159110991546882,0.03105828541230249,-0.0129963503936332,-0.07721446015463787,False,0.06421810976100467,False,nan,nan,nan,nan,nan,nan,nan,False,False,False
408,-75.0,0.36,-0.2,0.3662453006383523,0.14,-0.13522961568046957,0.036234666314352904,-0.0129963503936332,-0.08783614234969152,False,0.07483979195605832,False,nan,nan,nan,nan,nan,nan,nan,False,False,False
409,-75.0,0.36,-0.16,0.3662453006383523,0.08,-0.07727406610312547,0.02070552360820166,-0.02405418770438808,-0.06595344493610297,False,0.04189925723171489,False,nan,nan,nan,nan,nan,nan,nan,False,False,False
410,-75.0,0.36,-0.16,0.3662453006383523,0.1,-0.09659258262890684,0.025881904510252074,-0.02405418770438808,-0.07672943851310204,False,0.052675250808713964,False,nan,nan,nan,nan,nan,nan,nan,False,False,False
411,-75.0,0.36,-0.16,0.3662453006383523,0.12,-0.1159110991546882,0.03105828541230249,-0.02405418770438808,-0.08749899074956667,False,0.06344480304517859,False,nan,nan,nan,nan,nan,nan,nan,False,False,False
412,-75.0,0.36,-0.16,0.3662453006383523,0.14,-0.13522961568046957,0.036234666314352904,-0.02405418770438808,-0.09825911436570531,False,0.07420492666131723,False,nan,nan,nan,nan,nan,nan,nan,False,False,False
413,-75.0,0.36,-0.12,0.3662453006383523,0.08,-0.07727406610312547,0.02070552360820166,-0.03759465340956078,-0.07978264025510926,False,0.042187986845548475,False,nan,nan,nan,nan,nan,nan,nan,False,False,False
414,-75.0,0.36,-0.12,0.3662453006383523,0.1,-0.09659258262890684,0.025881904510252074,-0.03759465340956078,-0.0905795039627573,False,0.052984850553196516,False,nan,nan,nan,nan,nan,nan,nan,False,False,False
415,-75.0,0.36,-0.12,0.3662453006383523,0.12,-0.1159110991546882,0.03105828541230249,-0.03759465340956078,-0.1013753323338886,False,0.06378067892432782,False,nan,nan,nan,nan,nan,nan,nan,False,False,False
416,-75.0,0.36,-0.12,0.3662453006383523,0.14,-0.13522961568046957,0.036234666314352904,-0.03759465340956078,-0.11216951156446817,False,0.07457485815490739,False,nan,nan,nan,nan,nan,nan,nan,False,False,False
417,-75.0,0.36,-0.08,0.3662453006383523,0.08,-0.07727406610312547,0.02070552360820166,-0.0435852433747219,-0.07961952489532777,False,0.036034281520605865,False,nan,nan,nan,nan,nan,nan,nan,False,False,False
418,-75.0,0.36,-0.08,0.3662453006383523,0.1,-0.09659258262890684,0.025881904510252074,-0.0435852433747219,-0.08894503912101615,False,0.04535979574629424,False,nan,nan,nan,nan,nan,nan,nan,False,False,False
419,-75.0,0.36,-0.08,0.3662453006383523,0.12,-0.1159110991546882,0.03105828541230249,-0.0435852433747219,-0.09784304250113485,False,0.054257799126412945,False,nan,nan,nan,nan,nan,nan,nan,False,False,False
420,-75.0,0.36,-0.08,0.3662453006383523,0.14,-0.13522961568046957,0.036234666314352904,-0.0435852433747219,-0.10612980931605248,False,0.06254456594133058,False,nan,nan,nan,nan,nan,nan,nan,False,False,False
421,-75.0,0.42,-0.24,0.3662453006383523,0.08,-0.07727406610312547,0.02070552360820166,0.056931854445468055,0.014248236500704309,False,0.042683617944763746,False,nan,nan,nan,nan,nan,nan,nan,False,False,False
422,-75.0,0.42,-0.24,0.3662453006383523,0.1,-0.09659258262890684,0.025881904510252074,0.056931854445468055,0.003744160745891456,False,0.0531876936995766,False,nan,nan,nan,nan,nan,nan,nan,False,False,False
423,-75.0,0.42,-0.24,0.3662453006383523,0.12,-0.1159110991546882,0.03105828541230249,0.056931854445468055,-0.006955169516476067,False,0.06388702396194412,False,nan,nan,nan,nan,nan,nan,nan,False,False,False
424,-75.0,0.42,-0.24,0.3662453006383523,0.14,-0.13522961568046957,0.036234666314352904,0.056931854445468055,-0.017705278035670236,False,0.07463713248113829,False,nan,nan,nan,nan,nan,nan,nan,False,False,False
425,-75.0,0.42,-0.2,0.3662453006383523,0.08,-0.07727406610312547,0.02070552360820166,0.04327300817388233,0.0008247691233037313,False,0.042448239050578596,False,nan,nan,nan,nan,nan,nan,nan,False,False,False
426,-75.0,0.42,-0.2,0.3662453006383523,0.1,-0.09659258262890684,0.025881904510252074,0.04327300817388233,-0.009817461845224418,False,0.053090470019106745,False,nan,nan,nan,nan,nan,nan,nan,False,False,False
427,-75.0,0.42,-0.2,0.3662453006383523,0.12,-0.1159110991546882,0.03105828541230249,0.04327300817388233,-0.020442643096097668,False,0.06371565126998,False,nan,nan,nan,nan,nan,nan,nan,False,False,False
428,-75.0,0.42,-0.2,0.3662453006383523,0.14,-0.13522961568046957,0.036234666314352904,0.04327300817388233,-0.031133078328493574,False,0.0744060865023759,False,nan,nan,nan,nan,nan,nan,nan,False,False,False
429,-75.0,0.42,-0.16,0.3662453006383523,0.08,-0.07727406610312547,0.02070552360820166,0.03071552789993251,-0.011019279899589174,False,0.041734807799521684,False,nan,nan,nan,nan,nan,nan,nan,False,False,False
430,-75.0,0.42,-0.16,0.3662453006383523,0.1,-0.09659258262890684,0.025881904510252074,0.03071552789993251,-0.021328251628470712,False,0.05204377952840322,False,nan,nan,nan,nan,nan,nan,nan,False,False,False
431,-75.0,0.42,-0.16,0.3662453006383523,0.12,-0.1159110991546882,0.03105828541230249,0.03071552789993251,-0.03156373357001929,False,0.0622792614699518,False,nan,nan,nan,nan,nan,nan,nan,False,False,False
432,-75.0,0.42,-0.16,0.3662453006383523,0.14,-0.13522961568046957,0.036234666314352904,0.03071552789993251,-0.041888765022026986,False,0.0726042929219595,False,nan,nan,nan,nan,nan,nan,nan,False,False,False
433,-75.0,0.42,-0.12,0.3662453006383523,0.08,-0.07727406610312547,0.02070552360820166,0.018418107678528972,-0.022727086612719938,False,0.04114519429124891,False,nan,nan,nan,nan,nan,nan,nan,False,False,False
434,-75.0,0.42,-0.12,0.3662453006383523,0.1,-0.09659258262890684,0.025881904510252074,0.018418107678528972,-0.03309696786187563,False,0.0515150755404046,False,nan,nan,nan,nan,nan,nan,nan,False,False,False
435,-75.0,0.42,-0.12,0.3662453006383523,0.12,-0.1159110991546882,0.03105828541230249,0.018418107678528972,-0.04339582841234603,False,0.061813936090875,False,nan,nan,nan,nan,nan,nan,nan,False,False,False
436,-75.0,0.42,-0.12,0.3662453006383523,0.14,-0.13522961568046957,0.036234666314352904,0.018418107678528972,-0.0536051241563507,False,0.07202323183487967,False,nan,nan,nan,nan,nan,nan,nan,False,False,False
437,-75.0,0.42,-0.08,0.3662453006383523,0.08,-0.07727406610312547,0.02070552360820166,0.014412181669531676,-0.023308258458859754,False,0.03772044012839143,False,nan,nan,nan,nan,nan,nan,nan,False,False,False
438,-75.0,0.42,-0.08,0.3662453006383523,0.1,-0.09659258262890684,0.025881904510252074,0.014412181669531676,-0.03291192115111727,False,0.047324102820648944,False,nan,nan,nan,nan,nan,nan,nan,False,False,False
439,-75.0,0.42,-0.08,0.3662453006383523,0.12,-0.1159110991546882,0.03105828541230249,0.014412181669531676,-0.0423273837983771,False,0.05673956546790877,False,nan,nan,nan,nan,nan,nan,nan,False,False,False
440,-75.0,0.42,-0.08,0.3662453006383523,0.14,-0.13522961568046957,0.036234666314352904,0.014412181669531676,-0.05151091007142758,False,0.06592309174095926,False,nan,nan,nan,nan,nan,nan,nan,False,False,False
441,-75.0,0.48,-0.24,0.3662453006383523,0.08,-0.07727406610312547,0.02070552360820166,0.11126117483230785,0.06922970898503164,False,0.04203146584727621,False,nan,nan,nan,nan,nan,nan,nan,False,False,False
442,-75.0,0.48,-0.24,0.3662453006383523,0.1,-0.09659258262890684,0.025881904510252074,0.11126117483230785,0.058549950152026686,False,0.052711224680281166,False,nan,nan,nan,nan,nan,nan,nan,False,False,False
443,-75.0,0.48,-0.24,0.3662453006383523,0.12,-0.1159110991546882,0.03105828541230249,0.11126117483230785,0.04787967932186324,False,0.06338149551044461,False,nan,nan,nan,nan,nan,nan,nan,False,False,False
444,-75.0,0.48,-0.24,0.3662453006383523,0.14,-0.13522961568046957,0.036234666314352904,0.11126117483230785,0.03722005705032452,False,0.07404111778198333,False,nan,nan,nan,nan,nan,nan,nan,False,False,False
445,-75.0,0.48,-0.2,0.3662453006383523,0.08,-0.07727406610312547,0.02070552360820166,0.09518175441206883,0.056671598933279915,False,0.038510155478788916,False,nan,nan,nan,nan,nan,nan,nan,False,False,False
446,-75.0,0.48,-0.2,0.3662453006383523,0.1,-0.09659258262890684,0.025881904510252074,0.09518175441206883,0.0461284260212749,False,0.04905332839079393,False,nan,nan,nan,nan,nan,nan,nan,False,False,False
447,-75.0,0.48,-0.2,0.3662453006383523,0.12,-0.1159110991546882,0.03105828541230249,0.09518175441206883,0.035610920517371275,False,0.059570833894697556,False,nan,nan,nan,nan,nan,nan,nan,False,False,False
448,-75.0,0.48,-0.2,0.3662453006383523,0.14,-0.13522961568046957,0.036234666314352904,0.09518175441206883,0.025123065281780793,False,0.07005868913028804,False,nan,nan,nan,nan,nan,nan,nan,False,False,False
449,-75.0,0.48,-0.16,0.3662453006383523,0.08,-0.07727406610312547,0.02070552360820166,0.08318114364293594,0.04362711804730818,False,0.03955402559562776,False,nan,nan,nan,nan,nan,nan,nan,False,False,False
450,-75.0,0.48,-0.16,0.3662453006383523,0.1,-0.09659258262890684,0.025881904510252074,0.08318114364293594,0.03300975862712177,False,0.05017138501581417,False,nan,nan,nan,nan,nan,nan,nan,False,False,False
451,-75.0,0.48,-0.16,0.3662453006383523,0.12,-0.1159110991546882,0.03105828541230249,0.08318114364293594,0.022412032428082984,False,0.060769111214852956,False,nan,nan,nan,nan,nan,nan,nan,False,False,False
452,-75.0,0.48,-0.16,0.3662453006383523,0.14,-0.13522961568046957,0.036234666314352904,0.08318114364293594,0.011837244868232094,False,0.07134389877470385,False,nan,nan,nan,nan,nan,nan,nan,False,False,False
453,-75.0,0.48,-0.12,0.3662453006383523,0.08,-0.07727406610312547,0.02070552360820166,0.07267282036065864,0.0352185511715892,False,0.03745426918906944,False,nan,nan,nan,nan,nan,nan,nan,False,False,False
454,-75.0,0.48,-0.12,0.3662453006383523,0.1,-0.09659258262890684,0.025881904510252074,0.07267282036065864,0.024714091005916455,False,0.047958729354742186,False,nan,nan,nan,nan,nan,nan,nan,False,False,False
455,-75.0,0.48,-0.12,0.3662453006383523,0.12,-0.1159110991546882,0.03105828541230249,0.07267282036065864,0.014242685306061431,False,0.05843013505459721,False,nan,nan,nan,nan,nan,nan,nan,False,False,False
456,-75.0,0.48,-0.12,0.3662453006383523,0.14,-0.13522961568046957,0.036234666314352904,0.07267282036065864,0.0038100921040408187,False,0.06886272825661782,False,nan,nan,nan,nan,nan,nan,nan,False,False,False
457,-75.0,0.48,-0.08,0.3662453006383523,0.08,-0.07727406610312547,0.02070552360820166,0.06889907582064567,0.03481001225189931,False,0.03408906356874636,False,nan,nan,nan,nan,nan,nan,nan,False,False,False
458,-75.0,0.48,-0.08,0.3662453006383523,0.1,-0.09659258262890684,0.025881904510252074,0.06889907582064567,0.024841629666453646,False,0.04405744615419202,False,nan,nan,nan,nan,nan,nan,nan,False,False,False
459,-75.0,0.48,-0.08,0.3662453006383523,0.12,-0.1159110991546882,0.03105828541230249,0.06889907582064567,0.014963374252281447,False,0.05393570156836422,False,nan,nan,nan,nan,nan,nan,nan,False,False,False
460,-75.0,0.48,-0.08,0.3662453006383523,0.14,-0.13522961568046957,0.036234666314352904,0.06889907582064567,0.005189862430560771,False,0.0637092133900849,False,nan,nan,nan,nan,nan,nan,nan,False,False,False
461,-75.0,0.54,-0.24,0.3662453006383523,0.08,-0.07727406610312547,0.02070552360820166,0.1585270465301356,0.12022401817845071,True,0.03830302835168489,False,nan,nan,nan,nan,nan,nan,nan,False,False,False
462,-75.0,0.54,-0.24,0.3662453006383523,0.1,-0.09659258262890684,0.025881904510252074,0.1585270465301356,0.1106643606858933,True,0.0478626858442423,False,nan,nan,nan,nan,nan,nan,nan,False,False,False
463,-75.0,0.54,-0.24,0.3662453006383523,0.12,-0.1159110991546882,0.03105828541230249,0.1585270465301356,0.10119314248596076,True,0.05733390404417485,False,nan,nan,nan,nan,nan,nan,nan,False,False,False
464,-75.0,0.54,-0.24,0.3662453006383523,0.14,-0.13522961568046957,0.036234666314352904,0.1585270465301356,0.0918194010277062,True,0.06670764550242941,False,nan,nan,nan,nan,nan,nan,nan,False,False,False
465,-75.0,0.54,-0.2,0.3662453006383523,0.08,-0.07727406610312547,0.02070552360820166,0.1416571394353583,0.10570028314400468,True,0.03595685629135362,False,nan,nan,nan,nan,nan,nan,nan,False,False,False
466,-75.0,0.54,-0.2,0.3662453006383523,0.1,-0.09659258262890684,0.025881904510252074,0.1416571394353583,0.09696499386887564,True,0.044692145566482655,False,nan,nan,nan,nan,nan,nan,nan,False,False,False
467,-75.0,0.54,-0.2,0.3662453006383523,0.12,-0.1159110991546882,0.03105828541230249,0.1416571394353583,0.08828383687179539,True,0.0533733025635629,False,nan,nan,nan,nan,nan,nan,nan,False,False,False
468,-75.0,0.54,-0.2,0.3662453006383523,0.14,-0.13522961568046957,0.036234666314352904,0.1416571394353583,0.07888049255602467,True,0.06277664687933363,False,nan,nan,nan,nan,nan,nan,nan,False,False,False
469,-75.0,0.54,-0.16,0.3662453006383523,0.08,-0.07727406610312547,0.02070552360820166,0.12881598933347121,0.09313936294778583,True,0.03567662638568539,False,nan,nan,nan,nan,nan,nan,nan,False,False,False
470,-75.0,0.54,-0.16,0.3662453006383523,0.1,-0.09659258262890684,0.025881904510252074,0.12881598933347121,0.08434717082966045,True,0.044468818503810764,False,nan,nan,nan,nan,nan,nan,nan,False,False,False
471,-75.0,0.54,-0.16,0.3662453006383523,0.12,-0.1159110991546882,0.03105828541230249,0.12881598933347121,0.07570703069203699,True,0.05310895864143422,False,nan,nan,nan,nan,nan,nan,nan,False,False,False
472,-75.0,0.54,-0.16,0.3662453006383523,0.14,-0.13522961568046957,0.036234666314352904,0.12881598933347121,0.06723449326453915,True,0.06158149606893207,False,nan,nan,nan,nan,nan,nan,nan,False,False,False
473,-75.0,0.54,-0.12,0.3662453006383523,0.08,-0.07727406610312547,0.02070552360820166,0.12005253817376865,0.08596882406880355,True,0.03408371410496511,False,nan,nan,nan,nan,nan,nan,nan,False,False,False
474,-75.0,0.54,-0.12,0.3662453006383523,0.1,-0.09659258262890684,0.025881904510252074,0.12005253817376865,0.07737048458607512,True,0.04268205358769353,False,nan,nan,nan,nan,nan,nan,nan,False,False,False
475,-75.0,0.54,-0.12,0.3662453006383523,0.12,-0.1159110991546882,0.03105828541230249,0.12005253817376865,0.06894192188276282,True,0.05111061629100583,False,nan,nan,nan,nan,nan,nan,nan,False,False,False
476,-75.0,0.54,-0.12,0.3662453006383523,0.14,-0.13522961568046957,0.036234666314352904,0.12005253817376865,0.060700524982288034,True,0.05935201319148062,False,nan,nan,nan,nan,nan,nan,nan,False,False,False
477,-75.0,0.54,-0.08,0.3662453006383523,0.08,-0.07727406610312547,0.02070552360820166,0.09607351250836399,0.07683169563025935,False,0.01924181687810464,False,nan,nan,nan,nan,nan,nan,nan,False,False,False
478,-75.0,0.54,-0.08,0.3662453006383523,0.1,-0.09659258262890684,0.025881904510252074,0.09607351250836399,0.07547689298810184,False,0.02059661952026215,False,nan,nan,nan,nan,nan,nan,nan,False,False,False
479,-75.0,0.54,-0.08,0.3662453006383523,0.12,-0.1159110991546882,0.03105828541230249,0.09607351250836399,0.06900730496991897,False,0.02706620753844502,False,nan,nan,nan,nan,nan,nan,nan,False,False,False
480,-75.0,0.54,-0.08,0.3662453006383523,0.14,-0.13522961568046957,0.036234666314352904,0.09607351250836399,0.061230776493951034,False,0.034842736014412956,False,nan,nan,nan,nan,nan,nan,nan,False,False,False
481,-75.0,0.6,-0.24,0.3662453006383523,0.08,-0.07727406610312547,0.02070552360820166,0.20482794557359657,0.16654464399496913,False,0.03828330157862744,False,nan,nan,nan,nan,nan,nan,nan,False,False,False
482,-75.0,0.6,-0.24,0.3662453006383523,0.1,-0.09659258262890684,0.025881904510252074,0.20482794557359657,0.15718086658510572,False,0.047647078988490854,False,nan,nan,nan,nan,nan,nan,nan,False,False,False
483,-75.0,0.6,-0.24,0.3662453006383523,0.12,-0.1159110991546882,0.03105828541230249,0.20482794557359657,0.14790314705426458,False,0.05692479851933199,False,nan,nan,nan,nan,nan,nan,nan,False,False,False
484,-75.0,0.6,-0.24,0.3662453006383523,0.14,-0.13522961568046957,0.036234666314352904,0.20482794557359657,0.13871874565872944,True,0.06610919991486713,False,nan,nan,nan,nan,nan,nan,nan,False,False,False
485,-75.0,0.6,-0.2,0.3662453006383523,0.08,-0.07727406610312547,0.02070552360820166,0.1902237656897205,0.15249297787942037,False,0.03773078781030012,False,nan,nan,nan,nan,nan,nan,nan,False,False,False
486,-75.0,0.6,-0.2,0.3662453006383523,0.1,-0.09659258262890684,0.025881904510252074,0.1902237656897205,0.14307395786684934,False,0.04714980782287115,False,nan,nan,nan,nan,nan,nan,nan,False,False,False
487,-75.0,0.6,-0.2,0.3662453006383523,0.12,-0.1159110991546882,0.03105828541230249,0.1902237656897205,0.13374190729512,True,0.05648185839460049,False,nan,nan,nan,nan,nan,nan,nan,False,False,False
488,-75.0,0.6,-0.2,0.3662453006383523,0.14,-0.13522961568046957,0.036234666314352904,0.1902237656897205,0.1244571625148932,True,0.0657666031748273,False,nan,nan,nan,nan,nan,nan,nan,False,False,False
489,-75.0,0.6,-0.16,0.3662453006383523,0.08,-0.07727406610312547,0.02070552360820166,0.17496008865397916,0.1415879954720584,False,0.033372093181920776,False,nan,nan,nan,nan,nan,nan,nan,False,False,False
490,-75.0,0.6,-0.16,0.3662453006383523,0.1,-0.09659258262890684,0.025881904510252074,0.17496008865397916,0.13214072202120203,True,0.042819366632777134,False,nan,nan,nan,nan,nan,nan,nan,False,False,False
491,-75.0,0.6,-0.16,0.3662453006383523,0.12,-0.1159110991546882,0.03105828541230249,0.17496008865397916,0.12278205281692053,True,0.05217803583705863,False,nan,nan,nan,nan,nan,nan,nan,False,False,False
492,-75.0,0.6,-0.16,0.3662453006383523,0.14,-0.13522961568046957,0.036234666314352904,0.17496008865397916,0.11352022264545886,True,0.061439866008520305,False,nan,nan,nan,nan,nan,nan,nan,False,False,False
493,-75.0,0.6,-0.12,0.3662453006383523,0.08,-0.07727406610312547,0.02070552360820166,0.1374618194243804,0.11027251893430354,True,0.027189300490076868,True,0.11935338745761351,0.11478767159495043,46.22695600846782,0.12418767159495042,0.08886301811577219,0.08886301811577219,0.5,False,False,False
494,-75.0,0.6,-0.12,0.3662453006383523,0.1,-0.09659258262890684,0.025881904510252074,0.1374618194243804,0.10678172162190142,True,0.03068009780247899,False,nan,nan,nan,nan,nan,nan,nan,False,False,False
495,-75.0,0.6,-0.12,0.3662453006383523,0.12,-0.1159110991546882,0.03105828541230249,0.1374618194243804,0.10359257923637463,True,0.03386924018800577,False,nan,nan,nan,nan,nan,nan,nan,False,False,False
496,-75.0,0.6,-0.12,0.3662453006383523,0.14,-0.13522961568046957,0.036234666314352904,0.1374618194243804,0.10071216739025823,True,0.03674965203412217,False,nan,nan,nan,nan,nan,nan,nan,False,False,False
497,-75.0,0.6,-0.08,0.3662453006383523,0.08,-0.07727406610312547,0.02070552360820166,0.10061404566209836,0.07330767530585067,False,0.027306370356247694,False,nan,nan,nan,nan,nan,nan,nan,False,False,False
498,-75.0,0.6,-0.08,0.3662453006383523,0.1,-0.09659258262890684,0.025881904510252074,0.10061404566209836,0.06983175510819856,False,0.030782290553899805,False,nan,nan,nan,nan,nan,nan,nan,False,False,False
499,-75.0,0.6,-0.08,0.3662453006383523,0.12,-0.1159110991546882,0.03105828541230249,0.10061404566209836,0.06669893750199893,False,0.03391510816009943,False,nan,nan,nan,nan,nan,nan,nan,False,False,False
500,-75.0,0.6,-0.08,0.3662453006383523,0.14,-0.13522961568046957,0.036234666314352904,0.10061404566209836,0.06391815632908582,False,0.036695889333012544,False,nan,nan,nan,nan,nan,nan,nan,False,False,False
501,-75.0,0.66,-0.24,0.3662453006383523,0.08,-0.07727406610312547,0.02070552360820166,0.2546931154696529,0.2153467907215065,False,0.039346324748146394,False,nan,nan,nan,nan,nan,nan,nan,False,False,False
502,-75.0,0.66,-0.24,0.3662453006383523,0.1,-0.09659258262890684,0.025881904510252074,0.2546931154696529,0.205542515727352,False,0.049150599742300904,False,nan,nan,nan,nan,nan,nan,nan,False,False,False
503,-75.0,0.66,-0.24,0.3662453006383523,0.12,-0.1159110991546882,0.03105828541230249,0.2546931154696529,0.1957911403254071,False,0.058901975144245805,False,nan,nan,nan,nan,nan,nan,nan,False,False,False
504,-75.0,0.66,-0.24,0.3662453006383523,0.14,-0.13522961568046957,0.036234666314352904,0.2546931154696529,0.18609673671997962,False,0.06859637874967328,False,nan,nan,nan,nan,nan,nan,nan,False,False,False
505,-75.0,0.66,-0.2,0.3662453006383523,0.08,-0.07727406610312547,0.02070552360820166,0.22479862186126287,0.19270225521744802,False,0.03209636664381485,False,nan,nan,nan,nan,nan,nan,nan,False,False,False
506,-75.0,0.66,-0.2,0.3662453006383523,0.1,-0.09659258262890684,0.025881904510252074,0.22479862186126287,0.18776970355394607,False,0.037028918307316805,False,nan,nan,nan,nan,nan,nan,nan,False,False,False
507,-75.0,0.66,-0.2,0.3662453006383523,0.12,-0.1159110991546882,0.03105828541230249,0.22479862186126287,0.18305141794393173,False,0.04174720391733114,False,nan,nan,nan,nan,nan,nan,nan,False,False,False
508,-75.0,0.66,-0.2,0.3662453006383523,0.14,-0.13522961568046957,0.036234666314352904,0.22479862186126287,0.1735836370311616,False,0.051214984830101284,False,nan,nan,nan,nan,nan,nan,nan,False,False,False
509,-75.0,0.66,-0.16,0.3662453006383523,0.08,-0.07727406610312547,0.02070552360820166,0.1879979445145714,0.1553100250655867,False,0.03268791944898472,False,nan,nan,nan,nan,nan,nan,nan,False,False,False
510,-75.0,0.66,-0.16,0.3662453006383523,0.1,-0.09659258262890684,0.025881904510252074,0.1879979445145714,0.15023323524995152,False,0.03776470926461989,False,nan,nan,nan,nan,nan,nan,nan,False,False,False
511,-75.0,0.66,-0.16,0.3662453006383523,0.12,-0.1159110991546882,0.03105828541230249,0.1879979445145714,0.1453903449744177,False,0.04260759954015372,False,nan,nan,nan,nan,nan,nan,nan,False,False,False
512,-75.0,0.66,-0.16,0.3662453006383523,0.14,-0.13522961568046957,0.036234666314352904,0.1879979445145714,0.14078956173963575,False,0.047208382774935664,False,nan,nan,nan,nan,nan,nan,nan,False,False,False
513,-75.0,0.66,-0.12,0.3662453006383523,0.08,-0.07727406610312547,0.02070552360820166,0.15190068367831916,0.11854712285523253,True,0.03335356082308663,True,0.1207228720227331,0.1266028076538034,45.530624978709966,0.1360028076538034,0.11886273410868584,0.11886273410868584,0.5,False,False,False
514,-75.0,0.66,-0.12,0.3662453006383523,0.1,-0.09659258262890684,0.025881904510252074,0.15190068367831916,0.11330074441899318,True,0.03859993925932598,True,0.11430258694718337,0.1221476128565065,48.26802900061011,0.1331476128565065,0.11256552130196623,0.11256552130196623,0.5,False,False,False
515,-75.0,0.66,-0.12,0.3662453006383523,0.12,-0.1159110991546882,0.03105828541230249,0.15190068367831916,0.10831131200606772,True,0.04358937167225144,False,nan,nan,nan,nan,nan,nan,nan,False,False,False
516,-75.0,0.66,-0.12,0.3662453006383523,0.14,-0.13522961568046957,0.036234666314352904,0.15190068367831916,0.10358929548041534,True,0.048311388197903815,False,nan,nan,nan,nan,nan,nan,nan,False,False,False
517,-75.0,0.66,-0.08,0.3662453006383523,0.08,-0.07727406610312547,0.02070552360820166,0.11674913256168179,0.08265708806140351,False,0.03409204450027828,False,nan,nan,nan,nan,nan,nan,nan,False,False,False
518,-75.0,0.66,-0.08,0.3662453006383523,0.1,-0.09659258262890684,0.025881904510252074,0.11674913256168179,0.07721092786508804,False,0.03953820469659375,False,nan,nan,nan,nan,nan,nan,nan,False,False,False
519,-75.0,0.66,-0.08,0.3662453006383523,0.12,-0.1159110991546882,0.03105828541230249,0.11674913256168179,0.07204890693684732,False,0.04470022562483447,False,nan,nan,nan,nan,nan,nan,nan,False,False,False
520,-75.0,0.66,-0.08,0.3662453006383523,0.14,-0.13522961568046957,0.036234666314352904,0.11674913256168179,0.06718469343169092,False,0.04956443912999087,False,nan,nan,nan,nan,nan,nan,nan,False,False,False
521,-75.0,0.72,-0.24,0.3662453006383523,0.08,-0.07727406610312547,0.02070552360820166,0.2803522316786447,0.2446987654905067,False,0.035653466188138,False,nan,nan,nan,nan,nan,nan,nan,False,False,False
522,-75.0,0.72,-0.24,0.3662453006383523,0.1,-0.09659258262890684,0.025881904510252074,0.2803522316786447,0.23870811851408946,False,0.04164411316455524,False,nan,nan,nan,nan,nan,nan,nan,False,False,False
523,-75.0,0.72,-0.24,0.3662453006383523,0.12,-0.1159110991546882,0.03105828541230249,0.2803522316786447,0.23288470336483222,False,0.047467528313812485,False,nan,nan,nan,nan,nan,nan,nan,False,False,False
524,-75.0,0.72,-0.24,0.3662453006383523,0.14,-0.13522961568046957,0.036234666314352904,0.2803522316786447,0.22723435265307984,False,0.05311787902556486,False,nan,nan,nan,nan,nan,nan,nan,False,False,False
525,-75.0,0.72,-0.2,0.3662453006383523,0.08,-0.07727406610312547,0.02070552360820166,0.24455742860895813,0.2081458248210156,False,0.03641160378794253,False,nan,nan,nan,nan,nan,nan,nan,False,False,False
526,-75.0,0.72,-0.2,0.3662453006383523,0.1,-0.09659258262890684,0.025881904510252074,0.24455742860895813,0.20194248655554137,False,0.04261494205341676,False,nan,nan,nan,nan,nan,nan,nan,False,False,False
527,-75.0,0.72,-0.2,0.3662453006383523,0.12,-0.1159110991546882,0.03105828541230249,0.24455742860895813,0.19591620756737252,False,0.04864122104158561,False,nan,nan,nan,nan,nan,nan,nan,False,False,False
528,-75.0,0.72,-0.2,0.3662453006383523,0.14,-0.13522961568046957,0.036234666314352904,0.24455742860895813,0.19007401714157263,False,0.0544834114673855,False,nan,nan,nan,nan,nan,nan,nan,False,False,False
529,-75.0,0.72,-0.16,0.3662453006383523,0.08,-0.07727406610312547,0.02070552360820166,0.20954591479607237,0.17229768745231164,False,0.03724822734376074,False,nan,nan,nan,nan,nan,nan,nan,False,False,False
530,-75.0,0.72,-0.16,0.3662453006383523,0.1,-0.09659258262890684,0.025881904510252074,0.20954591479607237,0.16585013476252158,False,0.04369578003355079,False,nan,nan,nan,nan,nan,nan,nan,False,False,False
531,-75.0,0.72,-0.16,0.3662453006383523,0.12,-0.1159110991546882,0.03105828541230249,0.20954591479607237,0.15958991217723958,False,0.04995600261883279,False,nan,nan,nan,nan,nan,nan,nan,False,False,False
532,-75.0,0.72,-0.16,0.3662453006383523,0.14,-0.13522961568046957,0.036234666314352904,0.20954591479607237,0.15352558204824834,False,0.05602033274782403,False,nan,nan,nan,nan,nan,nan,nan,False,False,False
533,-75.0,0.72,-0.12,0.3662453006383523,0.08,-0.07727406610312547,0.02070552360820166,0.17553814830893288,0.13737746711460233,True,0.038160681194330554,True,0.13061452996076264,0.1418680174695295,45.76166998594999,0.1512680174695295,0.12656230057538828,0.12656230057538828,0.5,False,False,False
534,-75.0,0.72,-0.12,0.3662453006383523,0.1,-0.09659258262890684,0.025881904510252074,0.17553814830893288,0.1306494591751039,True,0.044888689133828985,True,0.11984226542248627,0.13243403605264747,45.66239198902622,0.14343403605264748,0.11616604147163456,0.11616604147163456,0.5,False,False,False
535,-75.0,0.72,-0.12,0.3662453006383523,0.12,-0.1159110991546882,0.03105828541230249,0.17553814830893288,0.12411914246263492,True,0.051419005846297966,True,0.1103309350368436,0.12223138541755069,45.82994198426604,0.1348313854175507,0.10686555888098467,0.10686555888098467,0.5,False,False,False
536,-75.0,0.72,-0.12,0.3662453006383523,0.14,-0.13522961568046957,0.036234666314352904,0.17553814830893288,0.1177970499837307,True,0.05774109832520219,False,nan,nan,nan,nan,nan,nan,nan,False,False,False
537,-75.0,0.72,-0.08,0.3662453006383523,0.08,-0.07727406610312547,0.02070552360820166,0.14283492829255073,0.10370283612590445,True,0.03913209216664629,False,nan,nan,nan,nan,nan,nan,nan,False,False,False
538,-75.0,0.72,-0.08,0.3662453006383523,0.1,-0.09659258262890684,0.025881904510252074,0.14283492829255073,0.09665458907298763,True,0.046180339219563105,False,nan,nan,nan,nan,nan,nan,nan,False,False,False
539,-75.0,0.72,-0.08,0.3662453006383523,0.12,-0.1159110991546882,0.03105828541230249,0.14283492829255073,0.08981384876794382,True,0.05302107952460691,False,nan,nan,nan,nan,nan,nan,nan,False,False,False
540,-75.0,0.72,-0.08,0.3662453006383523,0.14,-0.13522961568046957,0.036234666314352904,0.14283492829255073,0.08319367027810654,True,0.0596412580144442,False,nan,nan,nan,nan,nan,nan,nan,False,False,False
541,-75.0,0.78,-0.24,0.3662453006383523,0.08,-0.07727406610312547,0.02070552360820166,0.30511197026401987,0.2661495276038808,False,0.038962442660139096,False,nan,nan,nan,nan,nan,nan,nan,False,False,False
542,-75.0,0.78,-0.24,0.3662453006383523,0.1,-0.09659258262890684,0.025881904510252074,0.30511197026401987,0.2591474349325016,False,0.045964535331518286,False,nan,nan,nan,nan,nan,nan,nan,False,False,False
543,-75.0,0.78,-0.24,0.3662453006383523,0.12,-0.1159110991546882,0.03105828541230249,0.30511197026401987,0.25228020448505106,False,0.05283176577896881,False,nan,nan,nan,nan,nan,nan,nan,False,False,False
544,-75.0,0.78,-0.24,0.3662453006383523,0.14,-0.13522961568046957,0.036234666314352904,0.30511197026401987,0.24555328621614242,False,0.05955868404787745,False,nan,nan,nan,nan,nan,nan,nan,False,False,False
545,-75.0,0.78,-0.2,0.3662453006383523,0.08,-0.07727406610312547,0.02070552360820166,0.27121080681527077,0.2314075706770505,False,0.03980323613822026,False,nan,nan,nan,nan,nan,nan,nan,False,False,False
546,-75.0,0.78,-0.2,0.3662453006383523,0.1,-0.09659258262890684,0.025881904510252074,0.27121080681527077,0.224143639401031,False,0.047067167414239774,False,nan,nan,nan,nan,nan,nan,nan,False,False,False
547,-75.0,0.78,-0.2,0.3662453006383523,0.12,-0.1159110991546882,0.03105828541230249,0.27121080681527077,0.21701798907782985,False,0.05419281773744092,False,nan,nan,nan,nan,nan,nan,nan,False,False,False
548,-75.0,0.78,-0.2,0.3662453006383523,0.14,-0.13522961568046957,0.036234666314352904,0.27121080681527077,0.21003694457169392,False,0.06117386224357685,False,nan,nan,nan,nan,nan,nan,nan,False,False,False
549,-75.0,0.78,-0.16,0.3662453006383523,0.08,-0.07727406610312547,0.02070552360820166,0.23834436308274115,0.19764904408854087,False,0.040695318994200286,False,nan,nan,nan,nan,nan,nan,nan,False,False,False
550,-75.0,0.78,-0.16,0.3662453006383523,0.1,-0.09659258262890684,0.025881904510252074,0.23834436308274115,0.19009366383876003,False,0.04825069924398112,False,nan,nan,nan,nan,nan,nan,nan,False,False,False
551,-75.0,0.78,-0.16,0.3662453006383523,0.12,-0.1159110991546882,0.03105828541230249,0.23834436308274115,0.18267888137981161,False,0.05566548170292954,False,nan,nan,nan,nan,nan,nan,nan,False,False,False
552,-75.0,0.78,-0.16,0.3662453006383523,0.14,-0.13522961568046957,0.036234666314352904,0.23834436308274115,0.1754120338109701,False,0.06293232927177106,False,nan,nan,nan,nan,nan,nan,nan,False,False,False
553,-75.0,0.78,-0.12,0.3662453006383523,0.08,-0.07727406610312547,0.02070552360820166,0.20676492101429228,0.16514498343459458,False,0.0416199375796977,False,nan,nan,nan,nan,nan,nan,nan,False,False,False
554,-75.0,0.78,-0.12,0.3662453006383523,0.1,-0.09659258262890684,0.025881904510252074,0.20676492101429228,0.15726785909580976,False,0.04949706191848252,False,nan,nan,nan,nan,nan,nan,nan,False,False,False
555,-75.0,0.78,-0.12,0.3662453006383523,0.12,-0.1159110991546882,0.03105828541230249,0.20676492101429228,0.1495319262982623,False,0.05723299471602997,False,nan,nan,nan,nan,nan,nan,nan,False,False,False
556,-75.0,0.78,-0.12,0.3662453006383523,0.14,-0.13522961568046957,0.036234666314352904,0.20676492101429228,0.1419456564021449,False,0.06481926461214738,False,nan,nan,nan,nan,nan,nan,nan,False,False,False
557,-75.0,0.78,-0.08,0.3662453006383523,0.08,-0.07727406610312547,0.02070552360820166,0.17634096748199984,0.133631066260155,True,0.04270990122184484,True,0.11731308599327481,0.13379504948564166,45.34081200836226,0.14319504948564166,0.11102053769655987,0.11102053769655987,0.5,False,False,False
558,-75.0,0.78,-0.08,0.3662453006383523,0.1,-0.09659258262890684,0.025881904510252074,0.17634096748199984,0.12551756217712362,True,0.050823405304876224,False,nan,nan,nan,nan,nan,nan,nan,False,False,False
559,-75.0,0.78,-0.08,0.3662453006383523,0.12,-0.1159110991546882,0.03105828541230249,0.17634096748199984,0.11754871533406477,True,0.05879225214793507,False,nan,nan,nan,nan,nan,nan,nan,False,False,False
560,-75.0,0.78,-0.08,0.3662453006383523,0.14,-0.13522961568046957,0.036234666314352904,0.17634096748199984,0.10973441503374654,True,0.06660655244825331,False,nan,nan,nan,nan,nan,nan,nan,False,False,False
561,-75.0,0.84,-0.24,0.3662453006383523,0.08,-0.07727406610312547,0.02070552360820166,0.3355027154871771,0.29396603587044934,False,0.041536679616727745,False,nan,nan,nan,nan,nan,nan,nan,False,False,False
562,-75.0,0.84,-0.24,0.3662453006383523,0.1,-0.09659258262890684,0.025881904510252074,0.3355027154871771,0.2861329358630493,False,0.04936977962412781,False,nan,nan,nan,nan,nan,nan,nan,False,False,False
563,-75.0,0.84,-0.24,0.3662453006383523,0.12,-0.1159110991546882,0.03105828541230249,0.3355027154871771,0.27840459157366226,False,0.05709812391351482,False,nan,nan,nan,nan,nan,nan,nan,False,False,False
564,-75.0,0.84,-0.24,0.3662453006383523,0.14,-0.13522961568046957,0.036234666314352904,0.3355027154871771,0.2707855806935435,False,0.06471713479363356,False,nan,nan,nan,nan,nan,nan,nan,False,False,False
565,-75.0,0.84,-0.2,0.3662453006383523,0.08,-0.07727406610312547,0.02070552360820166,0.3036605024567632,0.26131255844232504,False,0.042347944014438144,False,nan,nan,nan,nan,nan,nan,nan,False,False,False
566,-75.0,0.84,-0.2,0.3662453006383523,0.1,-0.09659258262890684,0.025881904510252074,0.3036605024567632,0.25320322758062913,False,0.05045727487613405,False,nan,nan,nan,nan,nan,nan,nan,False,False,False
567,-75.0,0.84,-0.2,0.3662453006383523,0.12,-0.1159110991546882,0.03105828541230249,0.3036605024567632,0.24519757664279387,False,0.05846292581396931,False,nan,nan,nan,nan,nan,nan,nan,False,False,False
568,-75.0,0.84,-0.2,0.3662453006383523,0.14,-0.13522961568046957,0.036234666314352904,0.3036605024567632,0.23730067449582126,False,0.06635982796094192,False,nan,nan,nan,nan,nan,nan,nan,False,False,False
569,-75.0,0.84,-0.16,0.3662453006383523,0.08,-0.07727406610312547,0.02070552360820166,0.27306471818893263,0.22989536456665335,False,0.04316935362227928,False,nan,nan,nan,nan,nan,nan,nan,False,False,False
570,-75.0,0.84,-0.16,0.3662453006383523,0.1,-0.09659258262890684,0.025881904510252074,0.27306471818893263,0.22148923078380228,False,0.05157548740513035,False,nan,nan,nan,nan,nan,nan,nan,False,False,False
571,-75.0,0.84,-0.16,0.3662453006383523,0.12,-0.1159110991546882,0.03105828541230249,0.27306471818893263,0.2131841212349366,False,0.05988059695399603,False,nan,nan,nan,nan,nan,nan,nan,False,False,False
572,-75.0,0.84,-0.16,0.3662453006383523,0.14,-0.13522961568046957,0.036234666314352904,0.27306471818893263,0.2049855858290654,False,0.06807913235986723,False,nan,nan,nan,nan,nan,nan,nan,False,False,False
573,-75.0,0.84,-0.12,0.3662453006383523,0.08,-0.07727406610312547,0.02070552360820166,0.24397443189445966,0.20000407869377432,False,0.04397035320068535,False,nan,nan,nan,nan,nan,nan,nan,False,False,False
574,-75.0,0.84,-0.12,0.3662453006383523,0.1,-0.09659258262890684,0.025881904510252074,0.24397443189445966,0.19128421558914815,False,0.05269021630531151,False,nan,nan,nan,nan,nan,nan,nan,False,False,False
575,-75.0,0.84,-0.12,0.3662453006383523,0.12,-0.1159110991546882,0.03105828541230249,0.24397443189445966,0.18266075370810472,False,0.06131367818635494,False,nan,nan,nan,nan,nan,nan,nan,False,False,False
576,-75.0,0.84,-0.12,0.3662453006383523,0.14,-0.13522961568046957,0.036234666314352904,0.24397443189445966,0.1741396629449406,False,0.06983476894951907,False,nan,nan,nan,nan,nan,nan,nan,False,False,False
577,-75.0,0.84,-0.08,0.3662453006383523,0.08,-0.07727406610312547,0.02070552360820166,0.2148285130552096,0.1698164836453682,False,0.04501202940984142,False,nan,nan,nan,nan,nan,nan,nan,False,False,False
578,-75.0,0.84,-0.08,0.3662453006383523,0.1,-0.09659258262890684,0.025881904510252074,0.2148285130552096,0.16083909496070403,False,0.05398941809450558,False,nan,nan,nan,nan,nan,nan,nan,False,False,False
579,-75.0,0.84,-0.08,0.3662453006383523,0.12,-0.1159110991546882,0.03105828541230249,0.2148285130552096,0.15195477709352725,False,0.06287373596168236,False,nan,nan,nan,nan,nan,nan,nan,False,False,False
580,-75.0,0.84,-0.08,0.3662453006383523,0.14,-0.13522961568046957,0.036234666314352904,0.2148285130552096,0.14317001586124856,False,0.07165849719396106,False,nan,nan,nan,nan,nan,nan,nan,False,False,False
581,-75.0,0.9,-0.24,0.3662453006383523,0.08,-0.07727406610312547,0.02070552360820166,0.37062193407298033,0.3271461952179736,False,0.04347573885500672,False,nan,nan,nan,nan,nan,nan,nan,False,False,False
582,-75.0,0.9,-0.24,0.3662453006383523,0.1,-0.09659258262890684,0.025881904510252074,0.37062193407298033,0.31865019193482613,False,0.0519717421381542,False,nan,nan,nan,nan,nan,nan,nan,False,False,False
583,-75.0,0.9,-0.24,0.3662453006383523,0.12,-0.1159110991546882,0.03105828541230249,0.37062193407298033,0.31023347145091895,False,0.06038846262206138,False,nan,nan,nan,nan,nan,nan,nan,False,False,False
584,-75.0,0.9,-0.24,0.3662453006383523,0.14,-0.13522961568046957,0.036234666314352904,0.37062193407298033,0.30189960869379945,False,0.06872232537918088,False,nan,nan,nan,nan,nan,nan,nan,False,False,False
585,-75.0,0.9,-0.2,0.3662453006383523,0.08,-0.07727406610312547,0.02070552360820166,0.3408599187704658,0.2966681359801857,False,0.044191782790280076,False,nan,nan,nan,nan,nan,nan,nan,False,False,False
586,-75.0,0.9,-0.2,0.3662453006383523,0.1,-0.09659258262890684,0.025881904510252074,0.3408599187704658,0.2879054284797892,False,0.05295449029067656,False,nan,nan,nan,nan,nan,nan,nan,False,False,False
587,-75.0,0.9,-0.2,0.3662453006383523,0.12,-0.1159110991546882,0.03105828541230249,0.3408599187704658,0.279218449803347,False,0.061641468967118807,False,nan,nan,nan,nan,nan,nan,nan,False,False,False
588,-75.0,0.9,-0.2,0.3662453006383523,0.14,-0.13522961568046957,0.036234666314352904,0.3408599187704658,0.27061096846605315,False,0.07024895030441264,False,nan,nan,nan,nan,nan,nan,nan,False,False,False
589,-75.0,0.9,-0.16,0.3662453006383523,0.08,-0.07727406610312547,0.02070552360820166,0.31249955065395346,0.2676198532448174,False,0.044879697409136055,False,nan,nan,nan,nan,nan,nan,nan,False,False,False
590,-75.0,0.9,-0.16,0.3662453006383523,0.1,-0.09659258262890684,0.025881904510252074,0.31249955065395346,0.2585805634202941,False,0.05391898723365934,False,nan,nan,nan,nan,nan,nan,nan,False,False,False
591,-75.0,0.9,-0.16,0.3662453006383523,0.12,-0.1159110991546882,0.03105828541230249,0.31249955065395346,0.2496120660612189,False,0.06288748459273455,False,nan,nan,nan,nan,nan,nan,nan,False,False,False
592,-75.0,0.9,-0.16,0.3662453006383523,0.14,-0.13522961568046957,0.036234666314352904,0.31249955065395346,0.24071825455622203,False,0.07178129609773143,False,nan,nan,nan,nan,nan,nan,nan,False,False,False
593,-75.0,0.9,-0.12,0.3662453006383523,0.08,-0.07727406610312547,0.02070552360820166,0.28470952925676707,0.23901407611943845,False,0.04569545313732862,False,nan,nan,nan,nan,nan,nan,nan,False,False,False
594,-75.0,0.9,-0.12,0.3662453006383523,0.1,-0.09659258262890684,0.025881904510252074,0.28470952925676707,0.22976605542521322,False,0.054943473831553846,False,nan,nan,nan,nan,nan,nan,nan,False,False,False
595,-75.0,0.9,-0.12,0.3662453006383523,0.12,-0.1159110991546882,0.03105828541230249,0.28470952925676707,0.22058546316094205,False,0.06412406609582502,False,nan,nan,nan,nan,nan,nan,nan,False,False,False
596,-75.0,0.9,-0.12,0.3662453006383523,0.14,-0.13522961568046957,0.036234666314352904,0.28470952925676707,0.21147637121743085,False,0.07323315803933622,False,nan,nan,nan,nan,nan,nan,nan,False,False,False
597,-75.0,0.9,-0.08,0.3662453006383523,0.08,-0.07727406610312547,0.02070552360820166,0.25798885892356743,0.21157182083434142,False,0.04641703808922601,False,nan,nan,nan,nan,nan,nan,nan,False,False,False
598,-75.0,0.9,-0.08,0.3662453006383523,0.1,-0.09659258262890684,0.025881904510252074,0.25798885892356743,0.20200733040382762,False,0.05598152851973981,False,nan,nan,nan,nan,nan,nan,nan,False,False,False
599,-75.0,0.9,-0.08,0.3662453006383523,0.12,-0.1159110991546882,0.03105828541230249,0.25798885892356743,0.19250130603943846,False,0.06548755288412897,False,nan,nan,nan,nan,nan,nan,nan,False,False,False
600,-75.0,0.9,-0.08,0.3662453006383523,0.14,-0.13522961568046957,0.036234666314352904,0.25798885892356743,0.18305768421094853,False,0.0749311747126189,False,nan,nan,nan,nan,nan,nan,nan,False,False,False
601,-70.0,0.36,-0.24,0.3662453006383523,0.08,-0.07517540966287267,0.027361611466053506,0.0020956546124651643,-0.04129673405294548,False,0.04339238866541065,False,nan,nan,nan,nan,nan,nan,nan,False,False,False
602,-70.0,0.36,-0.24,0.3662453006383523,0.1,-0.09396926207859084,0.03420201433256689,0.0020956546124651643,-0.052032598549645814,False,0.05412825316211098,False,nan,nan,nan,nan,nan,nan,nan,False,False,False
603,-70.0,0.36,-0.24,0.3662453006383523,0.12,-0.112763114494309,0.04104241719908026,0.0020956546124651643,-0.06275941402580731,False,0.06485506863827248,False,nan,nan,nan,nan,nan,nan,nan,False,False,False
604,-70.0,0.36,-0.24,0.3662453006383523,0.14,-0.1315569669100272,0.04788282006559364,0.0020956546124651643,-0.07347512937255912,False,0.07557078398502429,False,nan,nan,nan,nan,nan,nan,nan,False,False,False
605,-70.0,0.36,-0.2,0.3662453006383523,0.08,-0.07517540966287267,0.027361611466053506,-0.0129963503936332,-0.056025152561165414,False,0.043028802167532215,False,nan,nan,nan,nan,nan,nan,nan,False,False,False
606,-70.0,0.36,-0.2,0.3662453006383523,0.1,-0.09396926207859084,0.03420201433256689,-0.0129963503936332,-0.06673638865965675,False,0.053740038266023554,False,nan,nan,nan,nan,nan,nan,nan,False,False,False
607,-70.0,0.36,-0.2,0.3662453006383523,0.12,-0.112763114494309,0.04104241719908026,-0.0129963503936332,-0.07743366646438687,False,0.06443731607075368,False,nan,nan,nan,nan,nan,nan,nan,False,False,False
608,-70.0,0.36,-0.2,0.3662453006383523,0.14,-0.1315569669100272,0.04788282006559364,-0.0129963503936332,-0.08811343596610625,False,0.07511708557247306,False,nan,nan,nan,nan,nan,nan,nan,False,False,False
609,-70.0,0.36,-0.16,0.3662453006383523,0.08,-0.07517540966287267,0.027361611466053506,-0.02405418770438808,-0.06555938326535302,False,0.041505195560964936,False,nan,nan,nan,nan,nan,nan,nan,False,False,False
610,-70.0,0.36,-0.16,0.3662453006383523,0.1,-0.09396926207859084,0.03420201433256689,-0.02405418770438808,-0.0761792973171052,False,0.052125109612717116,False,nan,nan,nan,nan,nan,nan,nan,False,False,False
611,-70.0,0.36,-0.16,0.3662453006383523,0.12,-0.112763114494309,0.04104241719908026,-0.02405418770438808,-0.08675173219261496,False,0.06269754448822688,False,nan,nan,nan,nan,nan,nan,nan,False,False,False
612,-70.0,0.36,-0.16,0.3662453006383523,0.14,-0.1315569669100272,0.04788282006559364,-0.02405418770438808,-0.09725543179287202,False,0.07320124408848394,False,nan,nan,nan,nan,nan,nan,nan,False,False,False
613,-70.0,0.36,-0.12,0.3662453006383523,0.08,-0.07517540966287267,0.027361611466053506,-0.03759465340956078,-0.079502712521415,False,0.04190805911185422,False,nan,nan,nan,nan,nan,nan,nan,False,False,False
614,-70.0,0.36,-0.12,0.3662453006383523,0.1,-0.09396926207859084,0.03420201433256689,-0.03759465340956078,-0.09018046199019146,False,0.05258580858063068,False,nan,nan,nan,nan,nan,nan,nan,False,False,False
615,-70.0,0.36,-0.12,0.3662453006383523,0.12,-0.112763114494309,0.04104241719908026,-0.03759465340956078,-0.10081844798379891,False,0.06322379457423813,False,nan,nan,nan,nan,nan,nan,nan,False,False,False
616,-70.0,0.36,-0.12,0.3662453006383523,0.14,-0.1315569669100272,0.04788282006559364,-0.03759465340956078,-0.11139381428287758,False,0.0737991608733168,False,nan,nan,nan,nan,nan,nan,nan,False,False,False
617,-70.0,0.36,-0.08,0.3662453006383523,0.08,-0.07517540966287267,0.027361611466053506,-0.0435852433747219,-0.07771324533300507,False,0.034128001958283166,False,nan,nan,nan,nan,nan,nan,nan,False,False,False
618,-70.0,0.36,-0.08,0.3662453006383523,0.1,-0.09396926207859084,0.03420201433256689,-0.0435852433747219,-0.08629791128851383,False,0.04271266791379193,False,nan,nan,nan,nan,nan,nan,nan,False,False,False
619,-70.0,0.36,-0.08,0.3662453006383523,0.12,-0.112763114494309,0.04104241719908026,-0.0435852433747219,-0.09429768602297897,False,0.05071244264825707,False,nan,nan,nan,nan,nan,nan,nan,False,False,False
620,-70.0,0.36,-0.08,0.3662453006383523,0.14,-0.1315569669100272,0.04788282006559364,-0.0435852433747219,-0.10150594823571674,False,0.057920704860994834,False,nan,nan,nan,nan,nan,nan,nan,False,False,False
621,-70.0,0.42,-0.24,0.3662453006383523,0.08,-0.07517540966287267,0.027361611466053506,0.056931854445468055,0.013824792841469785,False,0.04310706160399827,False,nan,nan,nan,nan,nan,nan,nan,False,False,False
622,-70.0,0.42,-0.24,0.3662453006383523,0.1,-0.09396926207859084,0.03420201433256689,0.056931854445468055,0.0031898423513328777,False,0.05374201209413518,False,nan,nan,nan,nan,nan,nan,nan,False,False,False
623,-70.0,0.42,-0.24,0.3662453006383523,0.12,-0.112763114494309,0.04104241719908026,0.056931854445468055,-0.007428458333418264,False,0.06436031277888632,False,nan,nan,nan,nan,nan,nan,nan,False,False,False
624,-70.0,0.42,-0.24,0.3662453006383523,0.14,-0.1315569669100272,0.04788282006559364,0.056931854445468055,-0.01809622608508274,False,0.0750280805305508,False,nan,nan,nan,nan,nan,nan,nan,False,False,False
625,-70.0,0.42,-0.2,0.3662453006383523,0.08,-0.07517540966287267,0.027361611466053506,0.04327300817388233,0.0010285547719992294,False,0.0422444534018831,False,nan,nan,nan,nan,nan,nan,nan,False,False,False
626,-70.0,0.42,-0.2,0.3662453006383523,0.1,-0.09396926207859084,0.03420201433256689,0.04327300817388233,-0.00954982019913378,False,0.052822828373016106,False,nan,nan,nan,nan,nan,nan,nan,False,False,False
627,-70.0,0.42,-0.2,0.3662453006383523,0.12,-0.112763114494309,0.04104241719908026,0.04327300817388233,-0.020104365230270482,False,0.06337737340415281,False,nan,nan,nan,nan,nan,nan,nan,False,False,False
628,-70.0,0.42,-0.2,0.3662453006383523,0.14,-0.1315569669100272,0.04788282006559364,0.04327300817388233,-0.03068601148582842,False,0.07395901965971075,False,nan,nan,nan,nan,nan,nan,nan,False,False,False
629,-70.0,0.42,-0.16,0.3662453006383523,0.08,-0.07517540966287267,0.027361611466053506,0.03071552789993251,-0.011440985208033605,False,0.042156513107966115,False,nan,nan,nan,nan,nan,nan,nan,False,False,False
630,-70.0,0.42,-0.16,0.3662453006383523,0.1,-0.09396926207859084,0.03420201433256689,0.03071552789993251,-0.02189157183499424,False,0.05260709973492675,False,nan,nan,nan,nan,nan,nan,nan,False,False,False
631,-70.0,0.42,-0.16,0.3662453006383523,0.12,-0.112763114494309,0.04104241719908026,0.03071552789993251,-0.03228919326820298,False,0.06300472116813549,False,nan,nan,nan,nan,nan,nan,nan,False,False,False
632,-70.0,0.42,-0.16,0.3662453006383523,0.14,-0.1315569669100272,0.04788282006559364,0.03071552789993251,-0.04262115411152369,False,0.0733366820114562,False,nan,nan,nan,nan,nan,nan,nan,False,False,False
633,-70.0,0.42,-0.12,0.3662453006383523,0.08,-0.07517540966287267,0.027361611466053506,0.018418107678528972,-0.022217679235704252,False,0.040635786914233224,False,nan,nan,nan,nan,nan,nan,nan,False,False,False
634,-70.0,0.42,-0.12,0.3662453006383523,0.1,-0.09396926207859084,0.03420201433256689,0.018418107678528972,-0.03241318085936945,False,0.05083128853789842,False,nan,nan,nan,nan,nan,nan,nan,False,False,False
635,-70.0,0.42,-0.12,0.3662453006383523,0.12,-0.112763114494309,0.04104241719908026,0.018418107678528972,-0.04251048014521647,False,0.06092858782374544,False,nan,nan,nan,nan,nan,nan,nan,False,False,False
636,-70.0,0.42,-0.12,0.3662453006383523,0.14,-0.1315569669100272,0.04788282006559364,0.018418107678528972,-0.052484734047726814,False,0.07090284172625579,False,nan,nan,nan,nan,nan,nan,nan,False,False,False
637,-70.0,0.42,-0.08,0.3662453006383523,0.08,-0.07517540966287267,0.027361611466053506,0.014412181669531676,-0.021832305785377676,False,0.03624448745490935,False,nan,nan,nan,nan,nan,nan,nan,False,False,False
638,-70.0,0.42,-0.08,0.3662453006383523,0.1,-0.09396926207859084,0.03420201433256689,0.014412181669531676,-0.030944795041744272,False,0.04535697671127595,False,nan,nan,nan,nan,nan,nan,nan,False,False,False
639,-70.0,0.42,-0.08,0.3662453006383523,0.12,-0.112763114494309,0.04104241719908026,0.014412181669531676,-0.03980402785941438,False,0.054216209528946055,False,nan,nan,nan,nan,nan,nan,nan,False,False,False
640,-70.0,0.42,-0.08,0.3662453006383523,0.14,-0.1315569669100272,0.04788282006559364,0.014412181669531676,-0.04835646520224646,False,0.06276864687177813,False,nan,nan,nan,nan,nan,nan,nan,False,False,False
641,-70.0,0.48,-0.24,0.3662453006383523,0.08,-0.07517540966287267,0.027361611466053506,0.11126117483230785,0.06912399952659096,False,0.042137175305716895,False,nan,nan,nan,nan,nan,nan,nan,False,False,False
642,-70.0,0.48,-0.24,0.3662453006383523,0.1,-0.09396926207859084,0.03420201433256689,0.11126117483230785,0.05841281773821222,False,0.05284835709409563,False,nan,nan,nan,nan,nan,nan,nan,False,False,False
643,-70.0,0.48,-0.24,0.3662453006383523,0.12,-0.112763114494309,0.04104241719908026,0.11126117483230785,0.04770866023859885,False,0.063552514593709,False,nan,nan,nan,nan,nan,nan,nan,False,False,False
644,-70.0,0.48,-0.24,0.3662453006383523,0.14,-0.1315569669100272,0.04788282006559364,0.11126117483230785,0.037012389915870164,False,0.07424878491643769,False,nan,nan,nan,nan,nan,nan,nan,False,False,False
645,-70.0,0.48,-0.2,0.3662453006383523,0.08,-0.07517540966287267,0.027361611466053506,0.09518175441206883,0.056574173715228215,False,0.038607580696840615,False,nan,nan,nan,nan,nan,nan,nan,False,False,False
646,-70.0,0.48,-0.2,0.3662453006383523,0.1,-0.09396926207859084,0.03420201433256689,0.09518175441206883,0.046000909561738274,False,0.04918084485033056,False,nan,nan,nan,nan,nan,nan,nan,False,False,False
647,-70.0,0.48,-0.2,0.3662453006383523,0.12,-0.112763114494309,0.04104241719908026,0.09518175441206883,0.03545035831242524,False,0.05973139609964359,False,nan,nan,nan,nan,nan,nan,nan,False,False,False
648,-70.0,0.48,-0.2,0.3662453006383523,0.14,-0.1315569669100272,0.04788282006559364,0.09518175441206883,0.024926060064793698,False,0.07025569434727513,False,nan,nan,nan,nan,nan,nan,nan,False,False,False
649,-70.0,0.48,-0.16,0.3662453006383523,0.08,-0.07517540966287267,0.027361611466053506,0.08318114364293594,0.04362748323709564,False,0.039553660405840296,False,nan,nan,nan,nan,nan,nan,nan,False,False,False
650,-70.0,0.48,-0.16,0.3662453006383523,0.1,-0.09396926207859084,0.03420201433256689,0.08318114364293594,0.03301023819553861,False,0.05017090544739733,False,nan,nan,nan,nan,nan,nan,nan,False,False,False
651,-70.0,0.48,-0.16,0.3662453006383523,0.12,-0.112763114494309,0.04104241719908026,0.08318114364293594,0.02241263849310482,False,0.06076850514983112,False,nan,nan,nan,nan,nan,nan,nan,False,False,False
652,-70.0,0.48,-0.16,0.3662453006383523,0.14,-0.1315569669100272,0.04788282006559364,0.08318114364293594,0.011837991531169628,False,0.07134315211176631,False,nan,nan,nan,nan,nan,nan,nan,False,False,False
653,-70.0,0.48,-0.12,0.3662453006383523,0.08,-0.07517540966287267,0.027361611466053506,0.07267282036065864,0.03589843665473552,False,0.03677438370592312,False,nan,nan,nan,nan,nan,nan,nan,False,False,False
654,-70.0,0.48,-0.12,0.3662453006383523,0.1,-0.09396926207859084,0.03420201433256689,0.07267282036065864,0.025607726911728995,False,0.047065093448929646,False,nan,nan,nan,nan,nan,nan,nan,False,False,False
655,-70.0,0.48,-0.12,0.3662453006383523,0.12,-0.112763114494309,0.04104241719908026,0.07267282036065864,0.01537300494763122,False,0.05729981541302742,False,nan,nan,nan,nan,nan,nan,nan,False,False,False
656,-70.0,0.48,-0.12,0.3662453006383523,0.14,-0.1315569669100272,0.04788282006559364,0.07267282036065864,0.005203706215484161,False,0.06746911414517448,False,nan,nan,nan,nan,nan,nan,nan,False,False,False
657,-70.0,0.48,-0.08,0.3662453006383523,0.08,-0.07517540966287267,0.027361611466053506,0.06889907582064567,0.036169878801673355,False,0.03272919701897231,False,nan,nan,nan,nan,nan,nan,nan,False,False,False
658,-70.0,0.48,-0.08,0.3662453006383523,0.1,-0.09396926207859084,0.03420201433256689,0.06889907582064567,0.02662293885479805,False,0.042276136965847616,False,nan,nan,nan,nan,nan,nan,nan,False,False,False
659,-70.0,0.48,-0.08,0.3662453006383523,0.12,-0.112763114494309,0.04104241719908026,0.06889907582064567,0.017207165690161702,False,0.051691910130483965,False,nan,nan,nan,nan,nan,nan,nan,False,False,False
660,-70.0,0.48,-0.08,0.3662453006383523,0.14,-0.1315569669100272,0.04788282006559364,0.06889907582064567,0.00794242240685053,False,0.06095665341379514,False,nan,nan,nan,nan,nan,nan,nan,False,False,False
661,-70.0,0.54,-0.24,0.3662453006383523,0.08,-0.07517540966287267,0.027361611466053506,0.1585270465301356,0.11981201264995336,True,0.03871503388018224,False,nan,nan,nan,nan,nan,nan,nan,False,False,False
662,-70.0,0.54,-0.24,0.3662453006383523,0.1,-0.09396926207859084,0.03420201433256689,0.1585270465301356,0.11013262714151034,True,0.048394419388625265,False,nan,nan,nan,nan,nan,nan,nan,False,False,False
663,-70.0,0.54,-0.24,0.3662453006383523,0.12,-0.112763114494309,0.04104241719908026,0.1585270465301356,0.10053385479955687,True,0.057993191730578736,False,nan,nan,nan,nan,nan,nan,nan,False,False,False
664,-70.0,0.54,-0.24,0.3662453006383523,0.14,-0.1315569669100272,0.04788282006559364,0.1585270465301356,0.09102408069896545,True,0.06750296583117016,False,nan,nan,nan,nan,nan,nan,nan,False,False,False
665,-70.0,0.54,-0.2,0.3662453006383523,0.08,-0.07517540966287267,0.027361611466053506,0.1416571394353583,0.10533948466575119,True,0.036317654769607105,False,nan,nan,nan,nan,nan,nan,nan,False,False,False
666,-70.0,0.54,-0.2,0.3662453006383523,0.1,-0.09396926207859084,0.03420201433256689,0.1416571394353583,0.09650002711698885,True,0.04515711231836944,False,nan,nan,nan,nan,nan,nan,nan,False,False,False
667,-70.0,0.54,-0.2,0.3662453006383523,0.12,-0.112763114494309,0.04104241719908026,0.1416571394353583,0.08780221782172837,True,0.053854921613629925,False,nan,nan,nan,nan,nan,nan,nan,False,False,False
668,-70.0,0.54,-0.2,0.3662453006383523,0.14,-0.1315569669100272,0.04788282006559364,0.1416571394353583,0.07900798376821466,True,0.06264915566714363,False,nan,nan,nan,nan,nan,nan,nan,False,False,False
669,-70.0,0.54,-0.16,0.3662453006383523,0.08,-0.07517540966287267,0.027361611466053506,0.12881598933347121,0.09311673912517407,True,0.035699250208297145,False,nan,nan,nan,nan,nan,nan,nan,False,False,False
670,-70.0,0.54,-0.16,0.3662453006383523,0.1,-0.09396926207859084,0.03420201433256689,0.12881598933347121,0.08431796997096899,True,0.04449801936250222,False,nan,nan,nan,nan,nan,nan,nan,False,False,False
671,-70.0,0.54,-0.16,0.3662453006383523,0.12,-0.112763114494309,0.04104241719908026,0.12881598933347121,0.07567083308498657,True,0.05314515624848465,False,nan,nan,nan,nan,nan,nan,nan,False,False,False
672,-70.0,0.54,-0.16,0.3662453006383523,0.14,-0.1315569669100272,0.04788282006559364,0.12881598933347121,0.06719085305645425,True,0.06162513627701696,False,nan,nan,nan,nan,nan,nan,nan,False,False,False
673,-70.0,0.54,-0.12,0.3662453006383523,0.08,-0.07517540966287267,0.027361611466053506,0.12005253817376865,0.08648544291940843,True,0.03356709525436022,False,nan,nan,nan,nan,nan,nan,nan,False,False,False
674,-70.0,0.54,-0.12,0.3662453006383523,0.1,-0.09396926207859084,0.03420201433256689,0.12005253817376865,0.07803713907668527,True,0.04201539909708338,False,nan,nan,nan,nan,nan,nan,nan,False,False,False
675,-70.0,0.54,-0.12,0.3662453006383523,0.12,-0.112763114494309,0.04104241719908026,0.12005253817376865,0.06976801535502261,True,0.05028452281874604,False,nan,nan,nan,nan,nan,nan,nan,False,False,False
676,-70.0,0.54,-0.12,0.3662453006383523,0.14,-0.1315569669100272,0.04788282006559364,0.12005253817376865,0.0616959606556379,True,0.05835657751813075,False,nan,nan,nan,nan,nan,nan,nan,False,False,False
677,-70.0,0.54,-0.08,0.3662453006383523,0.08,-0.07517540966287267,0.027361611466053506,0.09607351250836399,0.07365961175292526,False,0.022413900755438726,False,nan,nan,nan,nan,nan,nan,nan,False,False,False
678,-70.0,0.54,-0.08,0.3662453006383523,0.1,-0.09396926207859084,0.03420201433256689,0.09607351250836399,0.0714980598695526,False,0.02457545263881139,False,nan,nan,nan,nan,nan,nan,nan,False,False,False
679,-70.0,0.54,-0.08,0.3662453006383523,0.12,-0.112763114494309,0.04104241719908026,0.09607351250836399,0.06969526018100528,False,0.026378252327358714,False,nan,nan,nan,nan,nan,nan,nan,False,False,False
680,-70.0,0.54,-0.08,0.3662453006383523,0.14,-0.1315569669100272,0.04788282006559364,0.09607351250836399,0.06325699940114693,False,0.03281651310721706,False,nan,nan,nan,nan,nan,nan,nan,False,False,False
681,-70.0,0.6,-0.24,0.3662453006383523,0.08,-0.07517540966287267,0.027361611466053506,0.20482794557359657,0.16603617256199263,False,0.03879177301160394,False,nan,nan,nan,nan,nan,nan,nan,False,False,False
682,-70.0,0.6,-0.24,0.3662453006383523,0.1,-0.09396926207859084,0.03420201433256689,0.20482794557359657,0.15652801682791223,False,0.04829992874568434,False,nan,nan,nan,nan,nan,nan,nan,False,False,False
683,-70.0,0.6,-0.24,0.3662453006383523,0.12,-0.112763114494309,0.04104241719908026,0.20482794557359657,0.14709807215558077,False,0.057729873418015804,False,nan,nan,nan,nan,nan,nan,nan,False,False,False
684,-70.0,0.6,-0.24,0.3662453006383523,0.14,-0.1315569669100272,0.04788282006559364,0.20482794557359657,0.137753076862426,True,0.06707486871117058,False,nan,nan,nan,nan,nan,nan,nan,False,False,False
685,-70.0,0.6,-0.2,0.3662453006383523,0.08,-0.07517540966287267,0.027361611466053506,0.1902237656897205,0.15237774743657326,False,0.037846018253147234,False,nan,nan,nan,nan,nan,nan,nan,False,False,False
686,-70.0,0.6,-0.2,0.3662453006383523,0.1,-0.09396926207859084,0.03420201433256689,0.1902237656897205,0.14283443246762656,False,0.04738933322209393,False,nan,nan,nan,nan,nan,nan,nan,False,False,False
687,-70.0,0.6,-0.2,0.3662453006383523,0.12,-0.112763114494309,0.04104241719908026,0.1902237656897205,0.13337088672448602,True,0.05685287896523447,False,nan,nan,nan,nan,nan,nan,nan,False,False,False
688,-70.0,0.6,-0.2,0.3662453006383523,0.14,-0.1315569669100272,0.04788282006559364,0.1902237656897205,0.12399434058351744,True,0.06622942510620305,False,nan,nan,nan,nan,nan,nan,nan,False,False,False
689,-70.0,0.6,-0.16,0.3662453006383523,0.08,-0.07517540966287267,0.027361611466053506,0.17496008865397916,0.14177746092548152,False,0.03318262772849764,False,nan,nan,nan,nan,nan,nan,nan,False,False,False
690,-70.0,0.6,-0.16,0.3662453006383523,0.1,-0.09396926207859084,0.03420201433256689,0.17496008865397916,0.1323845116415534,True,0.04257557701242576,False,nan,nan,nan,nan,nan,nan,nan,False,False,False
691,-70.0,0.6,-0.16,0.3662453006383523,0.12,-0.112763114494309,0.04104241719908026,0.17496008865397916,0.12308335973018755,True,0.05187672892379161,False,nan,nan,nan,nan,nan,nan,nan,False,False,False
692,-70.0,0.6,-0.16,0.3662453006383523,0.14,-0.1315569669100272,0.04788282006559364,0.17496008865397916,0.113882468314905,True,0.06107762033907416,False,nan,nan,nan,nan,nan,nan,nan,False,False,False
693,-70.0,0.6,-0.12,0.3662453006383523,0.08,-0.07517540966287267,0.027361611466053506,0.1374618194243804,0.10721643253963012,True,0.030245386884750286,True,0.11496832862604242,0.11601877968382932,46.7546860454604,0.12541877968382936,0.09140769797613083,0.09140769797613083,0.5,False,False,False
694,-70.0,0.6,-0.12,0.3662453006383523,0.1,-0.09396926207859084,0.03420201433256689,0.1374618194243804,0.10292327809379453,True,0.03453854133058587,False,nan,nan,nan,nan,nan,nan,nan,False,False,False
695,-70.0,0.6,-0.12,0.3662453006383523,0.12,-0.112763114494309,0.04104241719908026,0.1374618194243804,0.09892004279190705,True,0.03854177663247335,False,nan,nan,nan,nan,nan,nan,nan,False,False,False
696,-70.0,0.6,-0.12,0.3662453006383523,0.14,-0.1315569669100272,0.04788282006559364,0.1374618194243804,0.09521601119793466,True,0.04224580822644575,False,nan,nan,nan,nan,nan,nan,nan,False,False,False
697,-70.0,0.6,-0.08,0.3662453006383523,0.08,-0.07517540966287267,0.027361611466053506,0.10061404566209836,0.07032548098391575,False,0.03028856467818261,False,nan,nan,nan,nan,nan,nan,nan,False,False,False
698,-70.0,0.6,-0.08,0.3662453006383523,0.1,-0.09396926207859084,0.03420201433256689,0.10061404566209836,0.06606181795513016,False,0.0345522277069682,False,nan,nan,nan,nan,nan,nan,nan,False,False,False
699,-70.0,0.6,-0.08,0.3662453006383523,0.12,-0.112763114494309,0.04104241719908026,0.10061404566209836,0.062128963328567904,False,0.03848508233353046,False,nan,nan,nan,nan,nan,nan,nan,False,False,False
700,-70.0,0.6,-0.08,0.3662453006383523,0.14,-0.1315569669100272,0.04788282006559364,0.10061404566209836,0.058538721208916955,False,0.042075324453181406,False,nan,nan,nan,nan,nan,nan,nan,False,False,False
701,-70.0,0.66,-0.24,0.3662453006383523,0.08,-0.07517540966287267,0.027361611466053506,0.2546931154696529,0.21507219258842894,False,0.03962092288122396,False,nan,nan,nan,nan,nan,nan,nan,False,False,False
702,-70.0,0.66,-0.24,0.3662453006383523,0.1,-0.09396926207859084,0.03420201433256689,0.2546931154696529,0.2051907993588491,False,0.0495023161108038,False,nan,nan,nan,nan,nan,nan,nan,False,False,False
703,-70.0,0.66,-0.24,0.3662453006383523,0.12,-0.112763114494309,0.04104241719908026,0.2546931154696529,0.19535846579805052,False,0.059334649671602374,False,nan,nan,nan,nan,nan,nan,nan,False,False,False
704,-70.0,0.66,-0.24,0.3662453006383523,0.14,-0.1315569669100272,0.04788282006559364,0.2546931154696529,0.18557900833256602,False,0.06911410713708688,False,nan,nan,nan,nan,nan,nan,nan,False,False,False
705,-70.0,0.66,-0.2,0.3662453006383523,0.08,-0.07517540966287267,0.027361611466053506,0.22479862186126287,0.1897701679122439,False,0.03502845394901896,False,nan,nan,nan,nan,nan,nan,nan,False,False,False
706,-70.0,0.66,-0.2,0.3662453006383523,0.1,-0.09396926207859084,0.03420201433256689,0.22479862186126287,0.18406202358685042,False,0.04073659827441245,False,nan,nan,nan,nan,nan,nan,nan,False,False,False
707,-70.0,0.66,-0.2,0.3662453006383523,0.12,-0.112763114494309,0.04104241719908026,0.22479862186126287,0.17855232996148027,False,0.046246291899782604,False,nan,nan,nan,nan,nan,nan,nan,False,False,False
708,-70.0,0.66,-0.2,0.3662453006383523,0.14,-0.1315569669100272,0.04788282006559364,0.22479862186126287,0.17324850276141318,False,0.05155011909984969,False,nan,nan,nan,nan,nan,nan,nan,False,False,False
709,-70.0,0.66,-0.16,0.3662453006383523,0.08,-0.07517540966287267,0.027361611466053506,0.1879979445145714,0.15244411513210512,False,0.03555382938246629,False,nan,nan,nan,nan,nan,nan,nan,False,False,False
710,-70.0,0.66,-0.16,0.3662453006383523,0.1,-0.09396926207859084,0.03420201433256689,0.1879979445145714,0.14660339127655686,False,0.04139455323801455,False,nan,nan,nan,nan,nan,nan,nan,False,False,False
711,-70.0,0.66,-0.16,0.3662453006383523,0.12,-0.112763114494309,0.04104241719908026,0.1879979445145714,0.14097891649924724,False,0.04701902801532418,False,nan,nan,nan,nan,nan,nan,nan,False,False,False
712,-70.0,0.66,-0.16,0.3662453006383523,0.14,-0.1315569669100272,0.04788282006559364,0.1879979445145714,0.135579884497045,True,0.05241806001752641,True,0.12489727025369901,0.11470453172739897,46.82163300458342,0.12890453172739896,0.06662547236507702,0.06662547236507702,0.5,False,False,False
713,-70.0,0.66,-0.12,0.3662453006383523,0.08,-0.07517540966287267,0.027361611466053506,0.15190068367831916,0.11576846577524921,True,0.036132217903069946,True,0.1149064163316664,0.12376566512584755,45.76278501190245,0.13316566512584754,0.11273096778272954,0.11273096778272954,0.5,False,False,False
714,-70.0,0.66,-0.12,0.3662453006383523,0.1,-0.09396926207859084,0.03420201433256689,0.15190068367831916,0.1097742383141726,True,0.04212644536414656,False,nan,nan,nan,nan,nan,nan,nan,False,False,False
715,-70.0,0.66,-0.12,0.3662453006383523,0.12,-0.112763114494309,0.04104241719908026,0.15190068367831916,0.10401712018801665,True,0.04788356349030251,False,nan,nan,nan,nan,nan,nan,nan,False,False,False
716,-70.0,0.66,-0.12,0.3662453006383523,0.14,-0.1315569669100272,0.04788282006559364,0.15190068367831916,0.09850873486590989,True,0.05339194881240927,False,nan,nan,nan,nan,nan,nan,nan,False,False,False
717,-70.0,0.66,-0.08,0.3662453006383523,0.08,-0.07517540966287267,0.027361611466053506,0.11674913256168179,0.07999668831654735,False,0.036752444245134436,False,nan,nan,nan,nan,nan,nan,nan,False,False,False
718,-70.0,0.66,-0.08,0.3662453006383523,0.1,-0.09396926207859084,0.03420201433256689,0.11674913256168179,0.07382568176826532,False,0.04292345079341647,False,nan,nan,nan,nan,nan,nan,nan,False,False,False
719,-70.0,0.66,-0.08,0.3662453006383523,0.12,-0.112763114494309,0.04104241719908026,0.11674913256168179,0.06791641253445188,False,0.04883272002722991,False,nan,nan,nan,nan,nan,nan,nan,False,False,False
720,-70.0,0.66,-0.08,0.3662453006383523,0.14,-0.1315569669100272,0.04788282006559364,0.11674913256168179,0.06228389859787814,False,0.05446523396380365,False,nan,nan,nan,nan,nan,nan,nan,False,False,False
721,-70.0,0.72,-0.24,0.3662453006383523,0.08,-0.07517540966287267,0.027361611466053506,0.2803522316786447,0.24195189662744945,False,0.03840033505119525,False,nan,nan,nan,nan,nan,nan,nan,False,False,False
722,-70.0,0.72,-0.24,0.3662453006383523,0.1,-0.09396926207859084,0.03420201433256689,0.2803522316786447,0.23523120085143312,False,0.04512103082721158,False,nan,nan,nan,nan,nan,nan,nan,False,False,False
723,-70.0,0.72,-0.24,0.3662453006383523,0.12,-0.112763114494309,0.04104241719908026,0.2803522316786447,0.22866061701955723,False,0.051691614659087476,False,nan,nan,nan,nan,nan,nan,nan,False,False,False
724,-70.0,0.72,-0.24,0.3662453006383523,0.14,-0.1315569669100272,0.04788282006559364,0.2803522316786447,0.22224622960248408,False,0.05810600207616062,False,nan,nan,nan,nan,nan,nan,nan,False,False,False
725,-70.0,0.72,-0.2,0.3662453006383523,0.08,-0.07517540966287267,0.027361611466053506,0.24455742860895813,0.20547916102588723,False,0.0390782675830709,False,nan,nan,nan,nan,nan,nan,nan,False,False,False
726,-70.0,0.72,-0.2,0.3662453006383523,0.1,-0.09396926207859084,0.03420201433256689,0.24455742860895813,0.19856157087832055,False,0.04599585773063758,False,nan,nan,nan,nan,nan,nan,nan,False,False,False
727,-70.0,0.72,-0.2,0.3662453006383523,0.12,-0.112763114494309,0.04104241719908026,0.24455742860895813,0.19180208500830917,False,0.05275534360064896,False,nan,nan,nan,nan,nan,nan,nan,False,False,False
728,-70.0,0.72,-0.2,0.3662453006383523,0.14,-0.1315569669100272,0.04788282006559364,0.24455742860895813,0.18520795005655588,False,0.059349478552402246,False,nan,nan,nan,nan,nan,nan,nan,False,False,False
729,-70.0,0.72,-0.16,0.3662453006383523,0.08,-0.07517540966287267,0.027361611466053506,0.20954591479607237,0.16973186371080864,False,0.03981405108526373,False,nan,nan,nan,nan,nan,nan,nan,False,False,False
730,-70.0,0.72,-0.16,0.3662453006383523,0.1,-0.09396926207859084,0.03420201433256689,0.20954591479607237,0.16259053715375577,False,0.04695537764231661,False,nan,nan,nan,nan,nan,nan,nan,False,False,False
731,-70.0,0.72,-0.16,0.3662453006383523,0.12,-0.112763114494309,0.04104241719908026,0.20954591479607237,0.1556154751826875,False,0.05393043961338487,False,nan,nan,nan,nan,nan,nan,nan,False,False,False
732,-70.0,0.72,-0.16,0.3662453006383523,0.14,-0.1315569669100272,0.04788282006559364,0.20954591479607237,0.14881538667268918,False,0.0607305281233832,False,nan,nan,nan,nan,nan,nan,nan,False,False,False
733,-70.0,0.72,-0.12,0.3662453006383523,0.08,-0.07517540966287267,0.027361611466053506,0.17553814830893288,0.13494066169673893,True,0.04059748661219395,True,0.12543736630924776,0.13875574821060163,49.292444018647075,0.14815574821060162,0.12043342327941856,0.12043342327941856,0.5,False,False,False
734,-70.0,0.72,-0.12,0.3662453006383523,0.1,-0.09396926207859084,0.03420201433256689,0.17553814830893288,0.1275460686755659,True,0.04799207963336699,True,0.11314461549524674,0.12593467643106382,47.10043402155861,0.13693467643106383,0.1056759245161174,0.1056759245161174,0.5,False,False,False
735,-70.0,0.72,-0.12,0.3662453006383523,0.12,-0.112763114494309,0.04104241719908026,0.17553814830893288,0.1203257324400415,True,0.05521241586889139,False,nan,nan,nan,nan,nan,nan,nan,False,False,False
736,-70.0,0.72,-0.12,0.3662453006383523,0.14,-0.1315569669100272,0.04788282006559364,0.17553814830893288,0.11329020275688667,True,0.06224794555204621,False,nan,nan,nan,nan,nan,nan,nan,False,False,False
737,-70.0,0.72,-0.08,0.3662453006383523,0.08,-0.07517540966287267,0.027361611466053506,0.14283492829255073,0.10143410653093651,True,0.04140082176161422,False,nan,nan,nan,nan,nan,nan,nan,False,False,False
738,-70.0,0.72,-0.08,0.3662453006383523,0.1,-0.09396926207859084,0.03420201433256689,0.14283492829255073,0.09375631776287574,True,0.04907861052967499,False,nan,nan,nan,nan,nan,nan,nan,False,False,False
739,-70.0,0.72,-0.08,0.3662453006383523,0.12,-0.112763114494309,0.04104241719908026,0.14283492829255073,0.08626009544676219,True,0.05657483284578854,False,nan,nan,nan,nan,nan,nan,nan,False,False,False
740,-70.0,0.72,-0.08,0.3662453006383523,0.14,-0.1315569669100272,0.04788282006559364,0.14283492829255073,0.07895829112361302,True,0.06387663716893771,False,nan,nan,nan,nan,nan,nan,nan,False,False,False
741,-70.0,0.78,-0.24,0.3662453006383523,0.08,-0.07517540966287267,0.027361611466053506,0.30511197026401987,0.2636642116911404,False,0.04144775857287947,False,nan,nan,nan,nan,nan,nan,nan,False,False,False
742,-70.0,0.78,-0.24,0.3662453006383523,0.1,-0.09396926207859084,0.03420201433256689,0.30511197026401987,0.25599673663126227,False,0.049115233632757604,False,nan,nan,nan,nan,nan,nan,nan,False,False,False
743,-70.0,0.78,-0.24,0.3662453006383523,0.12,-0.112763114494309,0.04104241719908026,0.30511197026401987,0.2484460435060802,False,0.05666592675793966,False,nan,nan,nan,nan,nan,nan,nan,False,False,False
744,-70.0,0.78,-0.24,0.3662453006383523,0.14,-0.1315569669100272,0.04788282006559364,0.30511197026401987,0.2410174366605093,False,0.06409453360351058,False,nan,nan,nan,nan,nan,nan,nan,False,False,False
745,-70.0,0.78,-0.2,0.3662453006383523,0.08,-0.07517540966287267,0.027361611466053506,0.27121080681527077,0.2290306761744719,False,0.04218013064079887,False,nan,nan,nan,nan,nan,nan,nan,False,False,False
746,-70.0,0.78,-0.2,0.3662453006383523,0.1,-0.09396926207859084,0.03420201433256689,0.27121080681527077,0.22112518996151975,False,0.050085616853751014,False,nan,nan,nan,nan,nan,nan,nan,False,False,False
747,-70.0,0.78,-0.2,0.3662453006383523,0.12,-0.112763114494309,0.04104241719908026,0.27121080681527077,0.21333834108596259,False,0.05787246572930818,False,nan,nan,nan,nan,nan,nan,nan,False,False,False
748,-70.0,0.78,-0.2,0.3662453006383523,0.14,-0.1315569669100272,0.04788282006559364,0.27121080681527077,0.20567618679202,False,0.06553462002325078,False,nan,nan,nan,nan,nan,nan,nan,False,False,False
749,-70.0,0.78,-0.16,0.3662453006383523,0.08,-0.07517540966287267,0.027361611466053506,0.23834436308274115,0.19540508422753375,False,0.0429392788552074,False,nan,nan,nan,nan,nan,nan,nan,False,False,False
750,-70.0,0.78,-0.16,0.3662453006383523,0.1,-0.09396926207859084,0.03420201433256689,0.23834436308274115,0.1872381786473774,False,0.051106184435363744,False,nan,nan,nan,nan,nan,nan,nan,False,False,False
751,-70.0,0.78,-0.16,0.3662453006383523,0.12,-0.112763114494309,0.04104241719908026,0.23834436308274115,0.17919060946466184,False,0.05915375361807931,False,nan,nan,nan,nan,nan,nan,nan,False,False,False
752,-70.0,0.78,-0.16,0.3662453006383523,0.14,-0.1315569669100272,0.04788282006559364,0.23834436308274115,0.1712692751474904,False,0.06707508793525074,False,nan,nan,nan,nan,nan,nan,nan,False,False,False
753,-70.0,0.78,-0.12,0.3662453006383523,0.08,-0.07517540966287267,0.027361611466053506,0.20676492101429228,0.16306571077454265,False,0.043699210239749625,False,nan,nan,nan,nan,nan,nan,nan,False,False,False
754,-70.0,0.78,-0.12,0.3662453006383523,0.1,-0.09396926207859084,0.03420201433256689,0.20676492101429228,0.15461548671419556,False,0.05214943430009672,False,nan,nan,nan,nan,nan,nan,nan,False,False,False
755,-70.0,0.78,-0.12,0.3662453006383523,0.12,-0.112763114494309,0.04104241719908026,0.20676492101429228,0.14628366355676578,False,0.0604812574575265,False,nan,nan,nan,nan,nan,nan,nan,False,False,False
756,-70.0,0.78,-0.12,0.3662453006383523,0.14,-0.1315569669100272,0.04788282006559364,0.20676492101429228,0.13807804256410183,True,0.06868687845019045,False,nan,nan,nan,nan,nan,nan,nan,False,False,False
757,-70.0,0.78,-0.08,0.3662453006383523,0.08,-0.07517540966287267,0.027361611466053506,0.17634096748199984,0.13150783439862337,True,0.04483313308337647,True,0.11329144874966626,0.12992080928300467,45.152655977290124,0.13932080928300467,0.10468427253922188,0.10468427253922188,0.5,False,False,False
758,-70.0,0.78,-0.08,0.3662453006383523,0.1,-0.09396926207859084,0.03420201433256689,0.17634096748199984,0.12280183839982495,True,0.0535391290821749,False,nan,nan,nan,nan,nan,nan,nan,False,False,False
759,-70.0,0.78,-0.08,0.3662453006383523,0.12,-0.112763114494309,0.04104241719908026,0.17634096748199984,0.11421367211086078,True,0.06212729537113906,False,nan,nan,nan,nan,nan,nan,nan,False,False,False
760,-70.0,0.78,-0.08,0.3662453006383523,0.14,-0.1315569669100272,0.04788282006559364,0.17634096748199984,0.10575219888541804,True,0.07058876859658181,False,nan,nan,nan,nan,nan,nan,nan,False,False,False
761,-70.0,0.84,-0.24,0.3662453006383523,0.08,-0.07517540966287267,0.027361611466053506,0.3355027154871771,0.29174807308337813,False,0.04375464240379895,False,nan,nan,nan,nan,nan,nan,nan,False,False,False
762,-70.0,0.84,-0.24,0.3662453006383523,0.1,-0.09396926207859084,0.03420201433256689,0.3355027154871771,0.28331883096053984,False,0.05218388452663725,False,nan,nan,nan,nan,nan,nan,nan,False,False,False
763,-70.0,0.84,-0.24,0.3662453006383523,0.12,-0.112763114494309,0.04104241719908026,0.3355027154871771,0.27497684395498356,False,0.06052587153219352,False,nan,nan,nan,nan,nan,nan,nan,False,False,False
764,-70.0,0.84,-0.24,0.3662453006383523,0.14,-0.1315569669100272,0.04788282006559364,0.3355027154871771,0.26672629844149504,False,0.06877641704568205,False,nan,nan,nan,nan,nan,nan,nan,False,False,False
765,-70.0,0.84,-0.2,0.3662453006383523,0.08,-0.07517540966287267,0.027361611466053506,0.3036605024567632,0.2592260835268392,False,0.044434418929924,False,nan,nan,nan,nan,nan,nan,nan,False,False,False
766,-70.0,0.84,-0.2,0.3662453006383523,0.1,-0.09396926207859084,0.03420201433256689,0.3036605024567632,0.25055162984909335,False,0.05310887260766983,False,nan,nan,nan,nan,nan,nan,nan,False,False,False
767,-70.0,0.84,-0.2,0.3662453006383523,0.12,-0.112763114494309,0.04104241719908026,0.3036605024567632,0.24196236596625473,False,0.061698136490508454,False,nan,nan,nan,nan,nan,nan,nan,False,False,False
768,-70.0,0.84,-0.2,0.3662453006383523,0.14,-0.1315569669100272,0.04788282006559364,0.3036605024567632,0.2334628335189995,False,0.07019766893776369,False,nan,nan,nan,nan,nan,nan,nan,False,False,False
769,-70.0,0.84,-0.16,0.3662453006383523,0.08,-0.07517540966287267,0.027361611466053506,0.27306471818893263,0.2279659034292215,False,0.04509881475971114,False,nan,nan,nan,nan,nan,nan,nan,False,False,False
770,-70.0,0.84,-0.16,0.3662453006383523,0.1,-0.09396926207859084,0.03420201433256689,0.27306471818893263,0.21903258867510172,False,0.05403212951383091,False,nan,nan,nan,nan,nan,nan,nan,False,False,False
771,-70.0,0.84,-0.16,0.3662453006383523,0.12,-0.112763114494309,0.04104241719908026,0.27306471818893263,0.21018099562124778,False,0.06288372256768485,False,nan,nan,nan,nan,nan,nan,nan,False,False,False
772,-70.0,0.84,-0.16,0.3662453006383523,0.14,-0.1315569669100272,0.04788282006559364,0.27306471818893263,0.20141598298052094,False,0.0716487352084117,False,nan,nan,nan,nan,nan,nan,nan,False,False,False
773,-70.0,0.84,-0.12,0.3662453006383523,0.08,-0.07517540966287267,0.027361611466053506,0.24397443189445966,0.19816922149194402,False,0.045805210402515645,False,nan,nan,nan,nan,nan,nan,nan,False,False,False
774,-70.0,0.84,-0.12,0.3662453006383523,0.1,-0.09396926207859084,0.03420201433256689,0.24397443189445966,0.18902093818410826,False,0.05495349371035141,False,nan,nan,nan,nan,nan,nan,nan,False,False,False
775,-70.0,0.84,-0.12,0.3662453006383523,0.12,-0.112763114494309,0.04104241719908026,0.24397443189445966,0.1799390260549499,False,0.06403540583950976,False,nan,nan,nan,nan,nan,nan,nan,False,False,False
776,-70.0,0.84,-0.12,0.3662453006383523,0.14,-0.1315569669100272,0.04788282006559364,0.24397443189445966,0.17089715611363793,False,0.07307727578082174,False,nan,nan,nan,nan,nan,nan,nan,False,False,False
777,-70.0,0.84,-0.08,0.3662453006383523,0.08,-0.07517540966287267,0.027361611466053506,0.2148285130552096,0.1680707123247008,False,0.04675780073050881,False,nan,nan,nan,nan,nan,nan,nan,False,False,False
778,-70.0,0.84,-0.08,0.3662453006383523,0.1,-0.09396926207859084,0.03420201433256689,0.2148285130552096,0.1586062551842229,False,0.056222257870986725,False,nan,nan,nan,nan,nan,nan,nan,False,False,False
779,-70.0,0.84,-0.08,0.3662453006383523,0.12,-0.112763114494309,0.04104241719908026,0.2148285130552096,0.1492123657699759,False,0.06561614728523371,False,nan,nan,nan,nan,nan,nan,nan,False,False,False
780,-70.0,0.84,-0.08,0.3662453006383523,0.14,-0.1315569669100272,0.04788282006559364,0.2148285130552096,0.13989432135963403,True,0.07493419169557558,False,nan,nan,nan,nan,nan,nan,nan,False,False,False
781,-70.0,0.9,-0.24,0.3662453006383523,0.08,-0.07517540966287267,0.027361611466053506,0.37062193407298033,0.32518708990191303,False,0.0454348441710673,False,nan,nan,nan,nan,nan,nan,nan,False,False,False
782,-70.0,0.9,-0.24,0.3662453006383523,0.1,-0.09396926207859084,0.03420201433256689,0.37062193407298033,0.3161638734683099,False,0.054458060604670455,False,nan,nan,nan,nan,nan,nan,nan,False,False,False
783,-70.0,0.9,-0.24,0.3662453006383523,0.12,-0.112763114494309,0.04104241719908026,0.37062193407298033,0.30720399158881284,False,0.06341794248416749,False,nan,nan,nan,nan,nan,nan,nan,False,False,False
784,-70.0,0.9,-0.24,0.3662453006383523,0.14,-0.1315569669100272,0.04788282006559364,0.37062193407298033,0.29831052554532284,False,0.0723114085276575,False,nan,nan,nan,nan,nan,nan,nan,False,False,False
785,-70.0,0.9,-0.2,0.3662453006383523,0.08,-0.07517540966287267,0.027361611466053506,0.3408599187704658,0.29485666865563276,False,0.04600325011483303,False,nan,nan,nan,nan,nan,nan,nan,False,False,False
786,-70.0,0.9,-0.2,0.3662453006383523,0.1,-0.09396926207859084,0.03420201433256689,0.3408599187704658,0.2856031650845294,False,0.05525675368593641,False,nan,nan,nan,nan,nan,nan,nan,False,False,False
787,-70.0,0.9,-0.2,0.3662453006383523,0.12,-0.112763114494309,0.04104241719908026,0.3408599187704658,0.2764090618081674,False,0.06445085696229841,False,nan,nan,nan,nan,nan,nan,nan,False,False,False
788,-70.0,0.9,-0.2,0.3662453006383523,0.14,-0.1315569669100272,0.04788282006559364,0.3408599187704658,0.26727752705518654,False,0.07358239171527925,False,nan,nan,nan,nan,nan,nan,nan,False,False,False
789,-70.0,0.9,-0.16,0.3662453006383523,0.08,-0.07517540966287267,0.027361611466053506,0.31249955065395346,0.26598026782352,False,0.04651928283043344,False,nan,nan,nan,nan,nan,nan,nan,False,False,False
790,-70.0,0.9,-0.16,0.3662453006383523,0.1,-0.09396926207859084,0.03420201433256689,0.31249955065395346,0.2564934406429314,False,0.05600611001102207,False,nan,nan,nan,nan,nan,nan,nan,False,False,False
791,-70.0,0.9,-0.16,0.3662453006383523,0.12,-0.112763114494309,0.04104241719908026,0.31249955065395346,0.24706101234417274,False,0.06543853830978072,False,nan,nan,nan,nan,nan,nan,nan,False,False,False
792,-70.0,0.9,-0.16,0.3662453006383523,0.14,-0.1315569669100272,0.04788282006559364,0.31249955065395346,0.2376861662931738,False,0.07481338436077967,False,nan,nan,nan,nan,nan,nan,nan,False,False,False
793,-70.0,0.9,-0.12,0.3662453006383523,0.08,-0.07517540966287267,0.027361611466053506,0.28470952925676707,0.23738345409701725,False,0.04732607515974982,False,nan,nan,nan,nan,nan,nan,nan,False,False,False
794,-70.0,0.9,-0.12,0.3662453006383523,0.1,-0.09396926207859084,0.03420201433256689,0.28470952925676707,0.2276868586869436,False,0.057022670569823464,False,nan,nan,nan,nan,nan,nan,nan,False,False,False
795,-70.0,0.9,-0.12,0.3662453006383523,0.12,-0.112763114494309,0.04104241719908026,0.28470952925676707,0.21803966340855138,False,0.06666986584821569,False,nan,nan,nan,nan,nan,nan,nan,False,False,False
796,-70.0,0.9,-0.12,0.3662453006383523,0.14,-0.1315569669100272,0.04788282006559364,0.28470952925676707,0.20844504064234842,False,0.07626448861441865,False,nan,nan,nan,nan,nan,nan,nan,False,False,False
797,-70.0,0.9,-0.08,0.3662453006383523,0.08,-0.07517540966287267,0.027361611466053506,0.25798885892356743,0.21015543370596793,False,0.04783342521759951,False,nan,nan,nan,nan,nan,nan,nan,False,False,False
798,-70.0,0.9,-0.08,0.3662453006383523,0.1,-0.09396926207859084,0.03420201433256689,0.25798885892356743,0.20019761051024287,False,0.05779124841332456,False,nan,nan,nan,nan,nan,nan,nan,False,False,False
799,-70.0,0.9,-0.08,0.3662453006383523,0.12,-0.112763114494309,0.04104241719908026,0.25798885892356743,0.19028070392617133,False,0.0677081549973961,False,nan,nan,nan,nan,nan,nan,nan,False,False,False
800,-70.0,0.9,-0.08,0.3662453006383523,0.14,-0.1315569669100272,0.04788282006559364,0.25798885892356743,0.18040761869087685,False,0.07758124023269058,False,nan,nan,nan,nan,nan,nan,nan,False,False,False
801,-65.0,0.36,-0.24,0.3662453006383523,0.08,-0.072504622962932,0.03380946093925596,0.0020956546124651643,-0.04140952946923476,False,0.04350518408169993,False,nan,nan,nan,nan,nan,nan,nan,False,False,False
802,-65.0,0.36,-0.24,0.3662453006383523,0.1,-0.090630778703665,0.04226182617406995,0.0020956546124651643,-0.05218287840134936,False,0.05427853301381452,False,nan,nan,nan,nan,nan,nan,nan,False,False,False
803,-65.0,0.36,-0.24,0.3662453006383523,0.12,-0.10875693444439799,0.05071419140888393,0.0020956546124651643,-0.06295245492143442,False,0.06504810953389958,False,nan,nan,nan,nan,nan,nan,nan,False,False,False
804,-65.0,0.36,-0.24,0.3662453006383523,0.14,-0.126883090185131,0.05916655664369793,0.0020956546124651643,-0.07371739868453486,False,0.07581305329700003,False,nan,nan,nan,nan,nan,nan,nan,False,False,False
805,-65.0,0.36,-0.2,0.3662453006383523,0.08,-0.072504622962932,0.03380946093925596,-0.0129963503936332,-0.05576679765576112,False,0.04277044726212792,False,nan,nan,nan,nan,nan,nan,nan,False,False,False
806,-65.0,0.36,-0.2,0.3662453006383523,0.1,-0.090630778703665,0.04226182617406995,-0.0129963503936332,-0.06639013384679279,False,0.05339378345315959,False,nan,nan,nan,nan,nan,nan,nan,False,False,False
807,-65.0,0.36,-0.2,0.3662453006383523,0.12,-0.10875693444439799,0.05071419140888393,-0.0129963503936332,-0.07698590794102231,False,0.06398955754738911,False,nan,nan,nan,nan,nan,nan,nan,False,False,False
808,-65.0,0.36,-0.2,0.3662453006383523,0.14,-0.126883090185131,0.05916655664369793,-0.0129963503936332,-0.0875472153569914,False,0.07455086496335821,False,nan,nan,nan,nan,nan,nan,nan,False,False,False
809,-65.0,0.36,-0.16,0.3662453006383523,0.08,-0.072504622962932,0.03380946093925596,-0.02405418770438808,-0.06474169248637729,False,0.04068750478198921,False,nan,nan,nan,nan,nan,nan,nan,False,False,False
810,-65.0,0.36,-0.16,0.3662453006383523,0.1,-0.090630778703665,0.04226182617406995,-0.02405418770438808,-0.07504175816275097,False,0.050987570458362885,False,nan,nan,nan,nan,nan,nan,nan,False,False,False
811,-65.0,0.36,-0.16,0.3662453006383523,0.12,-0.10875693444439799,0.05071419140888393,-0.02405418770438808,-0.0852185102078862,False,0.061164322503498125,False,nan,nan,nan,nan,nan,nan,nan,False,False,False
812,-65.0,0.36,-0.16,0.3662453006383523,0.14,-0.126883090185131,0.05916655664369793,-0.02405418770438808,-0.0958203569932775,False,0.07176616928888942,False,nan,nan,nan,nan,nan,nan,nan,False,False,False
813,-65.0,0.36,-0.12,0.3662453006383523,0.08,-0.072504622962932,0.03380946093925596,-0.03759465340956078,-0.07877477204165018,False,0.041180118632089396,False,nan,nan,nan,nan,nan,nan,nan,False,False,False
814,-65.0,0.36,-0.12,0.3662453006383523,0.1,-0.090630778703665,0.04226182617406995,-0.03759465340956078,-0.08914675424111054,False,0.05155210083154976,False,nan,nan,nan,nan,nan,nan,nan,False,False,False
815,-65.0,0.36,-0.12,0.3662453006383523,0.12,-0.10875693444439799,0.05071419140888393,-0.03759465340956078,-0.09938470110723949,False,0.06179004769767871,False,nan,nan,nan,nan,nan,nan,nan,False,False,False
816,-65.0,0.36,-0.12,0.3662453006383523,0.14,-0.126883090185131,0.05916655664369793,-0.03759465340956078,-0.10941740861680777,False,0.07182275520724699,False,nan,nan,nan,nan,nan,nan,nan,False,False,False
817,-65.0,0.36,-0.08,0.3662453006383523,0.08,-0.072504622962932,0.03380946093925596,-0.0435852433747219,-0.07546786362373603,False,0.03188262024901413,False,nan,nan,nan,nan,nan,nan,nan,False,False,False
818,-65.0,0.36,-0.08,0.3662453006383523,0.1,-0.090630778703665,0.04226182617406995,-0.0435852433747219,-0.0832204531035244,False,0.039635209728802495,False,nan,nan,nan,nan,nan,nan,nan,False,False,False
819,-65.0,0.36,-0.08,0.3662453006383523,0.12,-0.10875693444439799,0.05071419140888393,-0.0435852433747219,-0.090248887379682,False,0.04666364400496009,False,nan,nan,nan,nan,nan,nan,nan,False,False,False
820,-65.0,0.36,-0.08,0.3662453006383523,0.14,-0.126883090185131,0.05916655664369793,-0.0435852433747219,-0.09634907872810246,False,0.052763835353380556,False,nan,nan,nan,nan,nan,nan,nan,False,False,False
821,-65.0,0.42,-0.24,0.3662453006383523,0.08,-0.072504622962932,0.03380946093925596,0.056931854445468055,0.013756854488233328,False,0.04317499995723473,False,nan,nan,nan,nan,nan,nan,nan,False,False,False
822,-65.0,0.42,-0.24,0.3662453006383523,0.1,-0.090630778703665,0.04226182617406995,0.056931854445468055,0.0031008686256082385,False,0.05383098581985982,False,nan,nan,nan,nan,nan,nan,nan,False,False,False
823,-65.0,0.42,-0.24,0.3662453006383523,0.12,-0.10875693444439799,0.05071419140888393,0.056931854445468055,-0.00754056580434212,False,0.06447242024981018,False,nan,nan,nan,nan,nan,nan,nan,False,False,False
824,-65.0,0.42,-0.24,0.3662453006383523,0.14,-0.126883090185131,0.05916655664369793,0.056931854445468055,-0.018199022655574965,False,0.07513087710104302,False,nan,nan,nan,nan,nan,nan,nan,False,False,False
825,-65.0,0.42,-0.2,0.3662453006383523,0.08,-0.072504622962932,0.03380946093925596,0.04327300817388233,0.0015893118212085278,False,0.0416836963526738,False,nan,nan,nan,nan,nan,nan,nan,False,False,False
826,-65.0,0.42,-0.2,0.3662453006383523,0.1,-0.090630778703665,0.04226182617406995,0.04327300817388233,-0.008813874097569008,False,0.052086882271451335,False,nan,nan,nan,nan,nan,nan,nan,False,False,False
827,-65.0,0.42,-0.2,0.3662453006383523,0.12,-0.10875693444439799,0.05071419140888393,0.04327300817388233,-0.019174981545751812,False,0.06244798971963414,False,nan,nan,nan,nan,nan,nan,nan,False,False,False
828,-65.0,0.42,-0.2,0.3662453006383523,0.14,-0.126883090185131,0.05916655664369793,0.04327300817388233,-0.029504534374508756,False,0.07277754254839108,False,nan,nan,nan,nan,nan,nan,nan,False,False,False
829,-65.0,0.42,-0.16,0.3662453006383523,0.08,-0.072504622962932,0.03380946093925596,0.03071552789993251,-0.011487031943761716,False,0.042202559843694226,False,nan,nan,nan,nan,nan,nan,nan,False,False,False
830,-65.0,0.42,-0.16,0.3662453006383523,0.1,-0.090630778703665,0.04226182617406995,0.03071552789993251,-0.02195312309218303,False,0.05266865099211554,False,nan,nan,nan,nan,nan,nan,nan,False,False,False
831,-65.0,0.42,-0.16,0.3662453006383523,0.12,-0.10875693444439799,0.05071419140888393,0.03071552789993251,-0.03236852876268012,False,0.06308405666261263,False,nan,nan,nan,nan,nan,nan,nan,False,False,False
832,-65.0,0.42,-0.16,0.3662453006383523,0.14,-0.126883090185131,0.05916655664369793,0.03071552789993251,-0.04272106737363285,False,0.07343659527356536,False,nan,nan,nan,nan,nan,nan,nan,False,False,False
833,-65.0,0.42,-0.12,0.3662453006383523,0.08,-0.072504622962932,0.03380946093925596,0.018418107678528972,-0.021336554186371454,False,0.039754661864900426,False,nan,nan,nan,nan,nan,nan,nan,False,False,False
834,-65.0,0.42,-0.12,0.3662453006383523,0.1,-0.090630778703665,0.04226182617406995,0.018418107678528972,-0.031233032328690763,False,0.049651140007219735,False,nan,nan,nan,nan,nan,nan,nan,False,False,False
835,-65.0,0.42,-0.12,0.3662453006383523,0.12,-0.10875693444439799,0.05071419140888393,0.018418107678528972,-0.0409867887329894,False,0.059404896411518374,False,nan,nan,nan,nan,nan,nan,nan,False,False,False
836,-65.0,0.42,-0.12,0.3662453006383523,0.14,-0.126883090185131,0.05916655664369793,0.018418107678528972,-0.050563646109942684,False,0.06898175378847166,False,nan,nan,nan,nan,nan,nan,nan,False,False,False
837,-65.0,0.42,-0.08,0.3662453006383523,0.08,-0.072504622962932,0.03380946093925596,0.014412181669531676,-0.020031564956721787,False,0.03444374662625346,False,nan,nan,nan,nan,nan,nan,nan,False,False,False
838,-65.0,0.42,-0.08,0.3662453006383523,0.1,-0.090630778703665,0.04226182617406995,0.014412181669531676,-0.028556506438722096,False,0.04296868810825377,False,nan,nan,nan,nan,nan,nan,nan,False,False,False
839,-65.0,0.42,-0.08,0.3662453006383523,0.12,-0.10875693444439799,0.05071419140888393,0.014412181669531676,-0.036758926052923996,False,0.05117110772245567,False,nan,nan,nan,nan,nan,nan,nan,False,False,False
840,-65.0,0.42,-0.08,0.3662453006383523,0.14,-0.126883090185131,0.05916655664369793,0.014412181669531676,-0.0445781994934923,False,0.05899038116302398,False,nan,nan,nan,nan,nan,nan,nan,False,False,False
841,-65.0,0.48,-0.24,0.3662453006383523,0.08,-0.072504622962932,0.03380946093925596,0.11126117483230785,0.06936481888045978,False,0.04189635595184807,False,nan,nan,nan,nan,nan,nan,nan,False,False,False
842,-65.0,0.48,-0.24,0.3662453006383523,0.1,-0.090630778703665,0.04226182617406995,0.11126117483230785,0.058725195630055904,False,0.05253597920225195,False,nan,nan,nan,nan,nan,nan,nan,False,False,False
843,-65.0,0.48,-0.24,0.3662453006383523,0.12,-0.10875693444439799,0.05071419140888393,0.11126117483230785,0.04809819098976606,False,0.06316298384254179,False,nan,nan,nan,nan,nan,nan,nan,False,False,False
844,-65.0,0.48,-0.24,0.3662453006383523,0.14,-0.126883090185131,0.05916655664369793,0.11126117483230785,0.037485339998905354,False,0.0737758348334025,False,nan,nan,nan,nan,nan,nan,nan,False,False,False
845,-65.0,0.48,-0.2,0.3662453006383523,0.08,-0.072504622962932,0.03380946093925596,0.09518175441206883,0.05683054579481278,False,0.03835120861725605,False,nan,nan,nan,nan,nan,nan,nan,False,False,False
846,-65.0,0.48,-0.2,0.3662453006383523,0.1,-0.090630778703665,0.04226182617406995,0.09518175441206883,0.04633642052971304,False,0.04884533388235579,False,nan,nan,nan,nan,nan,nan,nan,False,False,False
847,-65.0,0.48,-0.2,0.3662453006383523,0.12,-0.10875693444439799,0.05071419140888393,0.09518175441206883,0.03587274857932185,False,0.05930900583274698,False,nan,nan,nan,nan,nan,nan,nan,False,False,False
848,-65.0,0.48,-0.2,0.3662453006383523,0.14,-0.126883090185131,0.05916655664369793,0.09518175441206883,0.025444221252804128,False,0.0697375331592647,False,nan,nan,nan,nan,nan,nan,nan,False,False,False
849,-65.0,0.48,-0.16,0.3662453006383523,0.08,-0.072504622962932,0.03380946093925596,0.08318114364293594,0.04398636084044405,False,0.03919478280249189,False,nan,nan,nan,nan,nan,nan,nan,False,False,False
850,-65.0,0.48,-0.16,0.3662453006383523,0.1,-0.090630778703665,0.04226182617406995,0.08318114364293594,0.0334813602769799,False,0.04969978336595604,False,nan,nan,nan,nan,nan,nan,nan,False,False,False
851,-65.0,0.48,-0.16,0.3662453006383523,0.12,-0.10875693444439799,0.05071419140888393,0.08318114364293594,0.023007790755498303,False,0.06017335288743764,False,nan,nan,nan,nan,nan,nan,nan,False,False,False
852,-65.0,0.48,-0.16,0.3662453006383523,0.14,-0.126883090185131,0.05916655664369793,0.08318114364293594,0.012570855066633385,False,0.07061028857630255,False,nan,nan,nan,nan,nan,nan,nan,False,False,False
853,-65.0,0.48,-0.12,0.3662453006383523,0.08,-0.072504622962932,0.03380946093925596,0.07267282036065864,0.036926191613268045,False,0.035746628747390596,False,nan,nan,nan,nan,nan,nan,nan,False,False,False
854,-65.0,0.48,-0.12,0.3662453006383523,0.1,-0.090630778703665,0.04226182617406995,0.07267282036065864,0.026956371504558957,False,0.045716448856099684,False,nan,nan,nan,nan,nan,nan,nan,False,False,False
855,-65.0,0.48,-0.12,0.3662453006383523,0.12,-0.10875693444439799,0.05071419140888393,0.07267282036065864,0.01707546742444735,False,0.05559735293621129,False,nan,nan,nan,nan,nan,nan,nan,False,False,False
856,-65.0,0.48,-0.12,0.3662453006383523,0.14,-0.126883090185131,0.05916655664369793,0.07267282036065864,0.007297724763424551,False,0.06537509559723409,False,nan,nan,nan,nan,nan,nan,nan,False,False,False
857,-65.0,0.48,-0.08,0.3662453006383523,0.08,-0.072504622962932,0.03380946093925596,0.06889907582064567,0.037847936154804,False,0.031051139665841665,False,nan,nan,nan,nan,nan,nan,nan,False,False,False
858,-65.0,0.48,-0.08,0.3662453006383523,0.1,-0.090630778703665,0.04226182617406995,0.06889907582064567,0.02881479997445327,False,0.040084275846192396,False,nan,nan,nan,nan,nan,nan,nan,False,False,False
859,-65.0,0.48,-0.08,0.3662453006383523,0.12,-0.10875693444439799,0.05071419140888393,0.06889907582064567,0.01995884555152405,False,0.048940230269121615,False,nan,nan,nan,nan,nan,nan,nan,False,False,False
860,-65.0,0.48,-0.08,0.3662453006383523,0.14,-0.126883090185131,0.05916655664369793,0.06889907582064567,0.011281568338502607,False,0.05761750748214306,False,nan,nan,nan,nan,nan,nan,nan,False,False,False
861,-65.0,0.54,-0.24,0.3662453006383523,0.08,-0.072504622962932,0.03380946093925596,0.1585270465301356,0.11971461042216983,True,0.03881243610796578,False,nan,nan,nan,nan,nan,nan,nan,False,False,False
862,-65.0,0.54,-0.24,0.3662453006383523,0.1,-0.090630778703665,0.04226182617406995,0.1585270465301356,0.11000688198534364,True,0.048520164544791966,False,nan,nan,nan,nan,nan,nan,nan,False,False,False
863,-65.0,0.54,-0.24,0.3662453006383523,0.12,-0.10875693444439799,0.05071419140888393,0.1585270465301356,0.10037789229324198,True,0.058149154236893624,False,nan,nan,nan,nan,nan,nan,nan,False,False,False
864,-65.0,0.54,-0.24,0.3662453006383523,0.14,-0.126883090185131,0.05916655664369793,0.1585270465301356,0.0908358656746886,True,0.06769118085544701,False,nan,nan,nan,nan,nan,nan,nan,False,False,False
865,-65.0,0.54,-0.2,0.3662453006383523,0.08,-0.072504622962932,0.03380946093925596,0.1416571394353583,0.10527103039129795,True,0.03638610904406034,False,nan,nan,nan,nan,nan,nan,nan,False,False,False
866,-65.0,0.54,-0.2,0.3662453006383523,0.1,-0.090630778703665,0.04226182617406995,0.1416571394353583,0.09641178556949598,True,0.045245353865862314,False,nan,nan,nan,nan,nan,nan,nan,False,False,False
867,-65.0,0.54,-0.2,0.3662453006383523,0.12,-0.10875693444439799,0.05071419140888393,0.1416571394353583,0.08755616538863942,True,0.054100974046718875,False,nan,nan,nan,nan,nan,nan,nan,False,False,False
868,-65.0,0.54,-0.2,0.3662453006383523,0.14,-0.126883090185131,0.05916655664369793,0.1416571394353583,0.07882550261923896,True,0.06283163681611934,False,nan,nan,nan,nan,nan,nan,nan,False,False,False
869,-65.0,0.54,-0.16,0.3662453006383523,0.08,-0.072504622962932,0.03380946093925596,0.12881598933347121,0.09338767580671439,True,0.03542831352675682,False,nan,nan,nan,nan,nan,nan,nan,False,False,False
870,-65.0,0.54,-0.16,0.3662453006383523,0.1,-0.090630778703665,0.04226182617406995,0.12881598933347121,0.08466761451062427,True,0.04414837482284695,False,nan,nan,nan,nan,nan,nan,nan,False,False,False
871,-65.0,0.54,-0.16,0.3662453006383523,0.12,-0.10875693444439799,0.05071419140888393,0.12881598933347121,0.07610417590475921,True,0.05271181342871201,False,nan,nan,nan,nan,nan,nan,nan,False,False,False
872,-65.0,0.54,-0.16,0.3662453006383523,0.14,-0.126883090185131,0.05916655664369793,0.12881598933347121,0.06771318853031624,True,0.06110280080315497,False,nan,nan,nan,nan,nan,nan,nan,False,False,False
873,-65.0,0.54,-0.12,0.3662453006383523,0.08,-0.072504622962932,0.03380946093925596,0.12005253817376865,0.08728495054386151,True,0.03276758762990714,False,nan,nan,nan,nan,nan,nan,nan,False,False,False
874,-65.0,0.54,-0.12,0.3662453006383523,0.1,-0.090630778703665,0.04226182617406995,0.12005253817376865,0.07906792913507443,True,0.04098460903869422,False,nan,nan,nan,nan,nan,nan,nan,False,False,False
875,-65.0,0.54,-0.12,0.3662453006383523,0.12,-0.10875693444439799,0.05071419140888393,0.12005253817376865,0.07104407226284801,True,0.049008465910920646,False,nan,nan,nan,nan,nan,nan,nan,False,False,False
876,-65.0,0.54,-0.12,0.3662453006383523,0.14,-0.126883090185131,0.05916655664369793,0.12005253817376865,0.06323190497576792,True,0.056820633198000736,False,nan,nan,nan,nan,nan,nan,nan,False,False,False
877,-65.0,0.54,-0.08,0.3662453006383523,0.08,-0.072504622962932,0.03380946093925596,0.09607351250836399,0.07054267432090447,False,0.02553083818745952,False,nan,nan,nan,nan,nan,nan,nan,False,False,False
878,-65.0,0.54,-0.08,0.3662453006383523,0.1,-0.090630778703665,0.04226182617406995,0.09607351250836399,0.06757669754109841,False,0.028496814967265582,False,nan,nan,nan,nan,nan,nan,nan,False,False,False
879,-65.0,0.54,-0.08,0.3662453006383523,0.12,-0.10875693444439799,0.05071419140888393,0.09607351250836399,0.0649652271326113,False,0.031108285375752692,False,nan,nan,nan,nan,nan,nan,nan,False,False,False
880,-65.0,0.54,-0.08,0.3662453006383523,0.14,-0.126883090185131,0.05916655664369793,0.09607351250836399,0.06271546313812865,False,0.03335804937023534,False,nan,nan,nan,nan,nan,nan,nan,False,False,False
881,-65.0,0.6,-0.24,0.3662453006383523,0.08,-0.072504622962932,0.03380946093925596,0.20482794557359657,0.1658307731187024,False,0.038997172454894174,False,nan,nan,nan,nan,nan,nan,nan,False,False,False
882,-65.0,0.6,-0.24,0.3662453006383523,0.1,-0.090630778703665,0.04226182617406995,0.20482794557359657,0.15626420303032162,False,0.048563742543274946,False,nan,nan,nan,nan,nan,nan,nan,False,False,False
883,-65.0,0.6,-0.24,0.3662453006383523,0.12,-0.10875693444439799,0.05071419140888393,0.20482794557359657,0.14677261922048376,False,0.05805532635311281,False,nan,nan,nan,nan,nan,nan,nan,False,False,False
884,-65.0,0.6,-0.24,0.3662453006383523,0.14,-0.126883090185131,0.05916655664369793,0.20482794557359657,0.1373625367822469,True,0.06746540879134966,False,nan,nan,nan,nan,nan,nan,nan,False,False,False
885,-65.0,0.6,-0.2,0.3662453006383523,0.08,-0.072504622962932,0.03380946093925596,0.1902237656897205,0.15244130114855284,False,0.037782464541167654,False,nan,nan,nan,nan,nan,nan,nan,False,False,False
886,-65.0,0.6,-0.2,0.3662453006383523,0.1,-0.090630778703665,0.04226182617406995,0.1902237656897205,0.14291615686128217,False,0.04730760882843832,False,nan,nan,nan,nan,nan,nan,nan,False,False,False
887,-65.0,0.6,-0.2,0.3662453006383523,0.12,-0.10875693444439799,0.05071419140888393,0.1902237656897205,0.1334718292661193,True,0.056751936423601185,False,nan,nan,nan,nan,nan,nan,nan,False,False,False
888,-65.0,0.6,-0.2,0.3662453006383523,0.14,-0.126883090185131,0.05916655664369793,0.1902237656897205,0.12411562434415452,True,0.06610814134556597,False,nan,nan,nan,nan,nan,nan,nan,False,False,False
889,-65.0,0.6,-0.16,0.3662453006383523,0.08,-0.072504622962932,0.03380946093925596,0.17496008865397916,0.14180720073932926,False,0.0331528879146499,False,nan,nan,nan,nan,nan,nan,nan,False,False,False
890,-65.0,0.6,-0.16,0.3662453006383523,0.1,-0.090630778703665,0.04226182617406995,0.17496008865397916,0.13301762754050334,True,0.041942461113475826,False,nan,nan,nan,nan,nan,nan,nan,False,False,False
891,-65.0,0.6,-0.16,0.3662453006383523,0.12,-0.10875693444439799,0.05071419140888393,0.17496008865397916,0.12386552858623187,True,0.05109456006774729,False,nan,nan,nan,nan,nan,nan,nan,False,False,False
892,-65.0,0.6,-0.16,0.3662453006383523,0.14,-0.126883090185131,0.05916655664369793,0.17496008865397916,0.11482240384894365,True,0.06013768480503551,False,nan,nan,nan,nan,nan,nan,nan,False,False,False
893,-65.0,0.6,-0.12,0.3662453006383523,0.08,-0.072504622962932,0.03380946093925596,0.1374618194243804,0.10428133411490595,True,0.033180485309474456,True,0.11102029697599194,0.11893026555086947,46.37247900245711,0.12833026555086946,0.09604264368711055,0.09604264368711055,0.5,False,False,False
894,-65.0,0.6,-0.12,0.3662453006383523,0.1,-0.090630778703665,0.04226182617406995,0.1374618194243804,0.09920758722847878,True,0.03825423219590163,False,nan,nan,nan,nan,nan,nan,nan,False,False,False
895,-65.0,0.6,-0.12,0.3662453006383523,0.12,-0.10875693444439799,0.05071419140888393,0.1374618194243804,0.09440781442126814,True,0.04305400500311227,False,nan,nan,nan,nan,nan,nan,nan,False,False,False
896,-65.0,0.6,-0.12,0.3662453006383523,0.14,-0.126883090185131,0.05916655664369793,0.1374618194243804,0.08989316928781849,True,0.04756865013656192,False,nan,nan,nan,nan,nan,nan,nan,False,False,False
897,-65.0,0.6,-0.08,0.3662453006383523,0.08,-0.072504622962932,0.03380946093925596,0.10061404566209836,0.06746700068992209,False,0.03314704497217627,False,nan,nan,nan,nan,nan,nan,nan,False,False,False
898,-65.0,0.6,-0.08,0.3662453006383523,0.1,-0.090630778703665,0.04226182617406995,0.10061404566209836,0.06243733819543251,False,0.03817670746666585,False,nan,nan,nan,nan,nan,nan,nan,False,False,False
899,-65.0,0.6,-0.08,0.3662453006383523,0.12,-0.10875693444439799,0.05071419140888393,0.10061404566209836,0.05772152140400119,False,0.04289252425809717,False,nan,nan,nan,nan,nan,nan,nan,False,False,False
900,-65.0,0.6,-0.08,0.3662453006383523,0.14,-0.126883090185131,0.05916655664369793,0.10061404566209836,0.05333383020650306,False,0.0472802154555953,False,nan,nan,nan,nan,nan,nan,nan,False,False,False
901,-65.0,0.66,-0.24,0.3662453006383523,0.08,-0.072504622962932,0.03380946093925596,0.2546931154696529,0.21510709789717222,False,0.039586017572480675,False,nan,nan,nan,nan,nan,nan,nan,False,False,False
902,-65.0,0.66,-0.24,0.3662453006383523,0.1,-0.090630778703665,0.04226182617406995,0.2546931154696529,0.20523551194585382,False,0.049457603523799076,False,nan,nan,nan,nan,nan,nan,nan,False,False,False
903,-65.0,0.66,-0.24,0.3662453006383523,0.12,-0.10875693444439799,0.05071419140888393,0.2546931154696529,0.1954134763571593,False,0.05927963911249359,False,nan,nan,nan,nan,nan,nan,nan,False,False,False
904,-65.0,0.66,-0.24,0.3662453006383523,0.14,-0.126883090185131,0.05916655664369793,0.2546931154696529,0.185644840607379,False,0.06904827486227388,False,nan,nan,nan,nan,nan,nan,nan,False,False,False
905,-65.0,0.66,-0.2,0.3662453006383523,0.08,-0.072504622962932,0.03380946093925596,0.22479862186126287,0.1870007513453711,False,0.03779787051589176,False,nan,nan,nan,nan,nan,nan,nan,False,False,False
906,-65.0,0.66,-0.2,0.3662453006383523,0.1,-0.090630778703665,0.04226182617406995,0.22479862186126287,0.1805528649330082,False,0.044245756928254665,False,nan,nan,nan,nan,nan,nan,nan,False,False,False
907,-65.0,0.66,-0.2,0.3662453006383523,0.12,-0.10875693444439799,0.05071419140888393,0.22479862186126287,0.17428501914155078,False,0.050513602719712086,False,nan,nan,nan,nan,nan,nan,nan,False,False,False
908,-65.0,0.66,-0.2,0.3662453006383523,0.14,-0.126883090185131,0.05916655664369793,0.22479862186126287,0.16820513036179974,False,0.05659349149946313,False,nan,nan,nan,nan,nan,nan,nan,False,False,False
909,-65.0,0.66,-0.16,0.3662453006383523,0.08,-0.072504622962932,0.03380946093925596,0.1879979445145714,0.14974734950094507,False,0.03825059501362635,False,nan,nan,nan,nan,nan,nan,nan,False,False,False
910,-65.0,0.66,-0.16,0.3662453006383523,0.1,-0.090630778703665,0.04226182617406995,0.1879979445145714,0.1431801106293803,False,0.044817833885191116,False,nan,nan,nan,nan,nan,nan,nan,False,False,False
911,-65.0,0.66,-0.16,0.3662453006383523,0.12,-0.10875693444439799,0.05071419140888393,0.1879979445145714,0.13680871844569756,True,0.051189226068873855,True,0.1268737184508787,0.1350499274696399,46.30224400898442,0.1476499274696399,0.09959243524069886,0.09959243524069886,0.5,False,False,False
912,-65.0,0.66,-0.16,0.3662453006383523,0.14,-0.126883090185131,0.05916655664369793,0.1879979445145714,0.1306429298170816,True,0.057355014697489826,True,0.1189111333146946,0.11986675146363424,46.171256981324404,0.13406675146363423,0.07621717979545028,0.07621717979545028,0.5,False,False,False
913,-65.0,0.66,-0.12,0.3662453006383523,0.08,-0.072504622962932,0.03380946093925596,0.15190068367831916,0.11316692596251585,True,0.03873375771580331,False,nan,nan,nan,nan,nan,nan,nan,False,False,False
914,-65.0,0.66,-0.12,0.3662453006383523,0.1,-0.090630778703665,0.04226182617406995,0.15190068367831916,0.10646436840529111,True,0.04543631527302805,False,nan,nan,nan,nan,nan,nan,nan,False,False,False
915,-65.0,0.66,-0.12,0.3662453006383523,0.12,-0.10875693444439799,0.05071419140888393,0.15190068367831916,0.09997620196209175,True,0.051924481716227405,False,nan,nan,nan,nan,nan,nan,nan,False,False,False
916,-65.0,0.66,-0.12,0.3662453006383523,0.14,-0.126883090185131,0.05916655664369793,0.15190068367831916,0.09371467999720223,True,0.05818600368111693,False,nan,nan,nan,nan,nan,nan,nan,False,False,False
917,-65.0,0.66,-0.08,0.3662453006383523,0.08,-0.072504622962932,0.03380946093925596,0.11674913256168179,0.07752338263876837,False,0.03922574992291342,False,nan,nan,nan,nan,nan,nan,nan,False,False,False
918,-65.0,0.66,-0.08,0.3662453006383523,0.1,-0.090630778703665,0.04226182617406995,0.11674913256168179,0.07066994970646762,False,0.046079182855214174,False,nan,nan,nan,nan,nan,nan,nan,False,False,False
919,-65.0,0.66,-0.08,0.3662453006383523,0.12,-0.10875693444439799,0.05071419140888393,0.11674913256168179,0.0640529236694162,False,0.05269620889226559,False,nan,nan,nan,nan,nan,nan,nan,False,False,False
920,-65.0,0.66,-0.08,0.3662453006383523,0.14,-0.126883090185131,0.05916655664369793,0.11674913256168179,0.05768801848620214,False,0.05906111407547965,False,nan,nan,nan,nan,nan,nan,nan,False,False,False
921,-65.0,0.72,-0.24,0.3662453006383523,0.08,-0.072504622962932,0.03380946093925596,0.2803522316786447,0.23939907145863323,False,0.04095316022001147,False,nan,nan,nan,nan,nan,nan,nan,False,False,False
922,-65.0,0.72,-0.24,0.3662453006383523,0.1,-0.090630778703665,0.04226182617406995,0.2803522316786447,0.23199442529631226,False,0.04835780638233245,False,nan,nan,nan,nan,nan,nan,nan,False,False,False
923,-65.0,0.72,-0.24,0.3662453006383523,0.12,-0.10875693444439799,0.05071419140888393,0.2803522316786447,0.22472128490280271,False,0.05563094677584199,False,nan,nan,nan,nan,nan,nan,nan,False,False,False
924,-65.0,0.72,-0.24,0.3662453006383523,0.14,-0.126883090185131,0.05916655664369793,0.2803522316786447,0.21758569550563694,False,0.06276653617300776,False,nan,nan,nan,nan,nan,nan,nan,False,False,False
925,-65.0,0.72,-0.2,0.3662453006383523,0.08,-0.072504622962932,0.03380946093925596,0.24455742860895813,0.2030147564664396,False,0.04154267214251853,False,nan,nan,nan,nan,nan,nan,nan,False,False,False
926,-65.0,0.72,-0.2,0.3662453006383523,0.1,-0.090630778703665,0.04226182617406995,0.24455742860895813,0.19543142037091854,False,0.04912600823803959,False,nan,nan,nan,nan,nan,nan,nan,False,False,False
927,-65.0,0.72,-0.2,0.3662453006383523,0.12,-0.10875693444439799,0.05071419140888393,0.24455742860895813,0.1879858124358493,False,0.056571616173108824,False,nan,nan,nan,nan,nan,nan,nan,False,False,False
928,-65.0,0.72,-0.2,0.3662453006383523,0.14,-0.126883090185131,0.05916655664369793,0.24455742860895813,0.18068505474171953,False,0.0638723738672386,False,nan,nan,nan,nan,nan,nan,nan,False,False,False
929,-65.0,0.72,-0.16,0.3662453006383523,0.08,-0.072504622962932,0.03380946093925596,0.20954591479607237,0.16737795949612563,False,0.04216795529994674,False,nan,nan,nan,nan,nan,nan,nan,False,False,False
930,-65.0,0.72,-0.16,0.3662453006383523,0.1,-0.090630778703665,0.04226182617406995,0.20954591479607237,0.159594353279145,False,0.04995156151692737,False,nan,nan,nan,nan,nan,nan,nan,False,False,False
931,-65.0,0.72,-0.16,0.3662453006383523,0.12,-0.10875693444439799,0.05071419140888393,0.20954591479607237,0.15195467233861962,False,0.05759124245745276,False,nan,nan,nan,nan,nan,nan,nan,False,False,False
932,-65.0,0.72,-0.16,0.3662453006383523,0.14,-0.126883090185131,0.05916655664369793,0.20954591479607237,0.14446737074809235,False,0.06507854404798002,False,nan,nan,nan,nan,nan,nan,nan,False,False,False
933,-65.0,0.72,-0.12,0.3662453006383523,0.08,-0.072504622962932,0.03380946093925596,0.17553814830893288,0.13272719126164065,True,0.042810957047292236,True,0.12067657333326601,0.1341553759479515,45.41443497873843,0.14355537594795148,0.11302565833965642,0.11302565833965642,0.5,False,False,False
934,-65.0,0.72,-0.12,0.3662453006383523,0.1,-0.090630778703665,0.04226182617406995,0.17553814830893288,0.12472127002424227,True,0.050816878284690614,False,nan,nan,nan,nan,nan,nan,nan,False,False,False
935,-65.0,0.72,-0.12,0.3662453006383523,0.12,-0.10875693444439799,0.05071419140888393,0.17553814830893288,0.11686518380059083,True,0.05867296450834206,False,nan,nan,nan,nan,nan,nan,nan,False,False,False
936,-65.0,0.72,-0.12,0.3662453006383523,0.14,-0.126883090185131,0.05916655664369793,0.17553814830893288,0.10916903290179392,True,0.06636911540713897,False,nan,nan,nan,nan,nan,nan,nan,False,False,False
937,-65.0,0.72,-0.08,0.3662453006383523,0.08,-0.072504622962932,0.03380946093925596,0.14283492829255073,0.09940220102102007,True,0.04343272727153066,False,nan,nan,nan,nan,nan,nan,nan,False,False,False
938,-65.0,0.72,-0.08,0.3662453006383523,0.1,-0.090630778703665,0.04226182617406995,0.14283492829255073,0.09115491745791149,True,0.051680010834639245,False,nan,nan,nan,nan,nan,nan,nan,False,False,False
939,-65.0,0.72,-0.08,0.3662453006383523,0.12,-0.10875693444439799,0.05071419140888393,0.14283492829255073,0.08306279366390854,True,0.0597721346286422,False,nan,nan,nan,nan,nan,nan,nan,False,False,False
940,-65.0,0.72,-0.08,0.3662453006383523,0.14,-0.126883090185131,0.05916655664369793,0.14283492829255073,0.07513795257952882,True,0.06769697571302191,False,nan,nan,nan,nan,nan,nan,nan,False,False,False
941,-65.0,0.78,-0.24,0.3662453006383523,0.08,-0.072504622962932,0.03380946093925596,0.30511197026401987,0.2614037005867752,False,0.04370826967724467,False,nan,nan,nan,nan,nan,nan,nan,False,False,False
942,-65.0,0.78,-0.24,0.3662453006383523,0.1,-0.090630778703665,0.04226182617406995,0.30511197026401987,0.25312683174920475,False,0.05198513851481512,False,nan,nan,nan,nan,nan,nan,nan,False,False,False
943,-65.0,0.78,-0.24,0.3662453006383523,0.12,-0.10875693444439799,0.05071419140888393,0.30511197026401987,0.24494818204290023,False,0.060163788221119646,False,nan,nan,nan,nan,nan,nan,nan,False,False,False
944,-65.0,0.78,-0.24,0.3662453006383523,0.14,-0.126883090185131,0.05916655664369793,0.30511197026401987,0.2368726734100527,False,0.06823929685396718,False,nan,nan,nan,nan,nan,nan,nan,False,False,False
945,-65.0,0.78,-0.2,0.3662453006383523,0.08,-0.072504622962932,0.03380946093925596,0.27121080681527077,0.22688819139253744,False,0.04432261542273333,False,nan,nan,nan,nan,nan,nan,nan,False,False,False
946,-65.0,0.78,-0.2,0.3662453006383523,0.1,-0.090630778703665,0.04226182617406995,0.27121080681527077,0.21840025636911486,False,0.0528105504461559,False,nan,nan,nan,nan,nan,nan,nan,False,False,False
947,-65.0,0.78,-0.2,0.3662453006383523,0.12,-0.10875693444439799,0.05071419140888393,0.27121080681527077,0.21001109779017332,False,0.06119970902509744,False,nan,nan,nan,nan,nan,nan,nan,False,False,False
948,-65.0,0.78,-0.2,0.3662453006383523,0.14,-0.126883090185131,0.05916655664369793,0.27121080681527077,0.20172624683663293,False,0.06948455997863784,False,nan,nan,nan,nan,nan,nan,nan,False,False,False
949,-65.0,0.78,-0.16,0.3662453006383523,0.08,-0.072504622962932,0.03380946093925596,0.23834436308274115,0.1934063977535743,False,0.04493796532916686,False,nan,nan,nan,nan,nan,nan,nan,False,False,False
950,-65.0,0.78,-0.16,0.3662453006383523,0.1,-0.090630778703665,0.04226182617406995,0.23834436308274115,0.18469077280231622,False,0.053653590280424934,False,nan,nan,nan,nan,nan,nan,nan,False,False,False
951,-65.0,0.78,-0.16,0.3662453006383523,0.12,-0.10875693444439799,0.05071419140888393,0.23834436308274115,0.1760733966396192,False,0.06227096644312194,False,nan,nan,nan,nan,nan,nan,nan,False,False,False
952,-65.0,0.78,-0.16,0.3662453006383523,0.14,-0.126883090185131,0.05916655664369793,0.23834436308274115,0.16756045624686022,False,0.07078390683588093,False,nan,nan,nan,nan,nan,nan,nan,False,False,False
953,-65.0,0.78,-0.12,0.3662453006383523,0.08,-0.072504622962932,0.03380946093925596,0.20676492101429228,0.16124391613882963,False,0.04552100487546265,False,nan,nan,nan,nan,nan,nan,nan,False,False,False
954,-65.0,0.78,-0.12,0.3662453006383523,0.1,-0.090630778703665,0.04226182617406995,0.20676492101429228,0.15228778972284257,False,0.05447713129144971,False,nan,nan,nan,nan,nan,nan,nan,False,False,False
955,-65.0,0.78,-0.12,0.3662453006383523,0.12,-0.10875693444439799,0.05071419140888393,0.20676492101429228,0.1434280182346089,False,0.06333690277968337,False,nan,nan,nan,nan,nan,nan,nan,False,False,False
956,-65.0,0.78,-0.12,0.3662453006383523,0.14,-0.126883090185131,0.05916655664369793,0.20676492101429228,0.13467146352800025,True,0.07209345748629203,False,nan,nan,nan,nan,nan,nan,nan,False,False,False
957,-65.0,0.78,-0.08,0.3662453006383523,0.08,-0.072504622962932,0.03380946093925596,0.17634096748199984,0.12965154227561723,True,0.04668942520638261,False,nan,nan,nan,nan,nan,nan,nan,False,False,False
958,-65.0,0.78,-0.08,0.3662453006383523,0.1,-0.090630778703665,0.04226182617406995,0.17634096748199984,0.12042314006048954,True,0.0559178274215103,False,nan,nan,nan,nan,nan,nan,nan,False,False,False
959,-65.0,0.78,-0.08,0.3662453006383523,0.12,-0.10875693444439799,0.05071419140888393,0.17634096748199984,0.11128659295701429,True,0.06505437452498555,False,nan,nan,nan,nan,nan,nan,nan,False,False,False
960,-65.0,0.78,-0.08,0.3662453006383523,0.14,-0.126883090185131,0.05916655664369793,0.17634096748199984,0.10224938131833866,True,0.07409158616366118,False,nan,nan,nan,nan,nan,nan,nan,False,False,False
961,-65.0,0.84,-0.24,0.3662453006383523,0.08,-0.072504622962932,0.03380946093925596,0.3355027154871771,0.2897793912821919,False,0.045723324204985205,False,nan,nan,nan,nan,nan,nan,nan,False,False,False
962,-65.0,0.84,-0.24,0.3662453006383523,0.1,-0.090630778703665,0.04226182617406995,0.3355027154871771,0.2808179455067836,False,0.05468476998039351,False,nan,nan,nan,nan,nan,nan,nan,False,False,False
963,-65.0,0.84,-0.24,0.3662453006383523,0.12,-0.10875693444439799,0.05071419140888393,0.3355027154871771,0.2719266555201485,False,0.06357605996702859,False,nan,nan,nan,nan,nan,nan,nan,False,False,False
964,-65.0,0.84,-0.24,0.3662453006383523,0.14,-0.126883090185131,0.05916655664369793,0.3355027154871771,0.2631091603586816,False,0.07239355512849549,False,nan,nan,nan,nan,nan,nan,nan,False,False,False
965,-65.0,0.84,-0.2,0.3662453006383523,0.08,-0.072504622962932,0.03380946093925596,0.3036605024567632,0.2573986221342036,False,0.04626188032255957,False,nan,nan,nan,nan,nan,nan,nan,False,False,False
966,-65.0,0.84,-0.2,0.3662453006383523,0.1,-0.090630778703665,0.04226182617406995,0.3036605024567632,0.24822630790349381,False,0.05543419455326937,False,nan,nan,nan,nan,nan,nan,nan,False,False,False
967,-65.0,0.84,-0.2,0.3662453006383523,0.12,-0.10875693444439799,0.05071419140888393,0.3036605024567632,0.23912147525800778,False,0.0645390271987554,False,nan,nan,nan,nan,nan,nan,nan,False,False,False
968,-65.0,0.84,-0.2,0.3662453006383523,0.14,-0.126883090185131,0.05916655664369793,0.3036605024567632,0.23008798965953464,False,0.07357251279722854,False,nan,nan,nan,nan,nan,nan,nan,False,False,False
969,-65.0,0.84,-0.16,0.3662453006383523,0.08,-0.072504622962932,0.03380946093925596,0.27306471818893263,0.22630600231127976,False,0.04675871587765287,False,nan,nan,nan,nan,nan,nan,nan,False,False,False
970,-65.0,0.84,-0.16,0.3662453006383523,0.1,-0.090630778703665,0.04226182617406995,0.27306471818893263,0.2169165265886422,False,0.05614819160029044,False,nan,nan,nan,nan,nan,nan,nan,False,False,False
971,-65.0,0.84,-0.16,0.3662453006383523,0.12,-0.10875693444439799,0.05071419140888393,0.27306471818893263,0.20759075266950158,False,0.06547396551943105,False,nan,nan,nan,nan,nan,nan,nan,False,False,False
972,-65.0,0.84,-0.16,0.3662453006383523,0.14,-0.126883090185131,0.05916655664369793,0.27306471818893263,0.19833272161670062,False,0.074731996572232,False,nan,nan,nan,nan,nan,nan,nan,False,False,False
973,-65.0,0.84,-0.12,0.3662453006383523,0.08,-0.072504622962932,0.03380946093925596,0.24397443189445966,0.19650073515797709,False,0.04747369673648258,False,nan,nan,nan,nan,nan,nan,nan,False,False,False
974,-65.0,0.84,-0.12,0.3662453006383523,0.1,-0.090630778703665,0.04226182617406995,0.24397443189445966,0.18688959102417518,False,0.05708484087028448,False,nan,nan,nan,nan,nan,nan,nan,False,False,False
975,-65.0,0.84,-0.12,0.3662453006383523,0.12,-0.10875693444439799,0.05071419140888393,0.24397443189445966,0.1773370876664662,False,0.06663734422799347,False,nan,nan,nan,nan,nan,nan,nan,False,False,False
976,-65.0,0.84,-0.12,0.3662453006383523,0.14,-0.126883090185131,0.05916655664369793,0.24397443189445966,0.16784735638694354,False,0.07612707550751613,False,nan,nan,nan,nan,nan,nan,nan,False,False,False
977,-65.0,0.84,-0.08,0.3662453006383523,0.08,-0.072504622962932,0.03380946093925596,0.2148285130552096,0.16661562581205067,False,0.04821288724315895,False,nan,nan,nan,nan,nan,nan,nan,False,False,False
978,-65.0,0.84,-0.08,0.3662453006383523,0.1,-0.090630778703665,0.04226182617406995,0.2148285130552096,0.1567427051129534,False,0.05808580794225621,False,nan,nan,nan,nan,nan,nan,nan,False,False,False
979,-65.0,0.84,-0.08,0.3662453006383523,0.12,-0.10875693444439799,0.05071419140888393,0.2148285130552096,0.14692016716732417,False,0.06790834588788544,False,nan,nan,nan,nan,nan,nan,nan,False,False,False
980,-65.0,0.84,-0.08,0.3662453006383523,0.14,-0.126883090185131,0.05916655664369793,0.2148285130552096,0.13715199939764328,True,0.07767651365756634,False,nan,nan,nan,nan,nan,nan,nan,False,False,False
981,-65.0,0.9,-0.24,0.3662453006383523,0.08,-0.072504622962932,0.03380946093925596,0.37062193407298033,0.32349598405268365,False,0.04712595002029668,False,nan,nan,nan,nan,nan,nan,nan,False,False,False
982,-65.0,0.9,-0.24,0.3662453006383523,0.1,-0.090630778703665,0.04226182617406995,0.37062193407298033,0.31401552375029673,False,0.0566064103226836,False,nan,nan,nan,nan,nan,nan,nan,False,False,False
983,-65.0,0.9,-0.24,0.3662453006383523,0.12,-0.10875693444439799,0.05071419140888393,0.37062193407298033,0.3045835271582321,False,0.06603840691474822,False,nan,nan,nan,nan,nan,nan,nan,False,False,False
984,-65.0,0.9,-0.24,0.3662453006383523,0.14,-0.126883090185131,0.05916655664369793,0.37062193407298033,0.2952025039973631,False,0.07541943007561724,False,nan,nan,nan,nan,nan,nan,nan,False,False,False
985,-65.0,0.9,-0.2,0.3662453006383523,0.08,-0.072504622962932,0.03380946093925596,0.3408599187704658,0.2933222388728083,False,0.0475376798976575,False,nan,nan,nan,nan,nan,nan,nan,False,False,False
986,-65.0,0.9,-0.2,0.3662453006383523,0.1,-0.090630778703665,0.04226182617406995,0.3408599187704658,0.28365107354774877,False,0.05720884522271702,False,nan,nan,nan,nan,nan,nan,nan,False,False,False
987,-65.0,0.9,-0.2,0.3662453006383523,0.12,-0.10875693444439799,0.05071419140888393,0.3408599187704658,0.2740244681105716,False,0.06683545065989421,False,nan,nan,nan,nan,nan,nan,nan,False,False,False
988,-65.0,0.9,-0.2,0.3662453006383523,0.14,-0.126883090185131,0.05916655664369793,0.3408599187704658,0.26444493678842185,False,0.07641498198204394,False,nan,nan,nan,nan,nan,nan,nan,False,False,False
989,-65.0,0.9,-0.16,0.3662453006383523,0.08,-0.072504622962932,0.03380946093925596,0.31249955065395346,0.2646270986513152,False,0.04787245200263829,False,nan,nan,nan,nan,nan,nan,nan,False,False,False
990,-65.0,0.9,-0.16,0.3662453006383523,0.1,-0.090630778703665,0.04226182617406995,0.31249955065395346,0.2547692760669609,False,0.057730274586992536,False,nan,nan,nan,nan,nan,nan,nan,False,False,False
991,-65.0,0.9,-0.16,0.3662453006383523,0.12,-0.10875693444439799,0.05071419140888393,0.31249955065395346,0.24495144494500562,False,0.06754810570894784,False,nan,nan,nan,nan,nan,nan,nan,False,False,False
992,-65.0,0.9,-0.16,0.3662453006383523,0.14,-0.126883090185131,0.05916655664369793,0.31249955065395346,0.23517606397080232,False,0.07732348668315114,False,nan,nan,nan,nan,nan,nan,nan,False,False,False
993,-65.0,0.9,-0.12,0.3662453006383523,0.08,-0.072504622962932,0.03380946093925596,0.28470952925676707,0.23604701930210628,False,0.04866250995466079,False,nan,nan,nan,nan,nan,nan,nan,False,False,False
994,-65.0,0.9,-0.12,0.3662453006383523,0.1,-0.090630778703665,0.04226182617406995,0.28470952925676707,0.22598104229259042,False,0.05872848696417665,False,nan,nan,nan,nan,nan,nan,nan,False,False,False
995,-65.0,0.9,-0.12,0.3662453006383523,0.12,-0.10875693444439799,0.05071419140888393,0.28470952925676707,0.2159487365245121,False,0.06876079273225497,False,nan,nan,nan,nan,nan,nan,nan,False,False,False
996,-65.0,0.9,-0.12,0.3662453006383523,0.14,-0.126883090185131,0.05916655664369793,0.28470952925676707,0.20595237211140577,False,0.0787571571453613,False,nan,nan,nan,nan,nan,nan,nan,False,False,False
997,-65.0,0.9,-0.08,0.3662453006383523,0.08,-0.072504622962932,0.03380946093925596,0.25798885892356743,0.2090440117556643,False,0.04894484716790312,False,nan,nan,nan,nan,nan,nan,nan,False,False,False
998,-65.0,0.9,-0.08,0.3662453006383523,0.1,-0.090630778703665,0.04226182617406995,0.25798885892356743,0.19877620852816058,False,0.05921265039540685,False,nan,nan,nan,nan,nan,nan,nan,False,False,False
999,-65.0,0.9,-0.08,0.3662453006383523,0.12,-0.10875693444439799,0.05071419140888393,0.25798885892356743,0.18853479646437596,False,0.06945406245919147,False,nan,nan,nan,nan,nan,nan,nan,False,False,False
1000,-65.0,0.9,-0.08,0.3662453006383523,0.14,-0.126883090185131,0.05916655664369793,0.25798885892356743,0.1783217263625041,False,0.07966713256106334,False,nan,nan,nan,nan,nan,nan,nan,False,False,False
1001,-60.0,0.36,-0.24,0.3662453006383523,0.08,-0.06928203230275509,0.04000000000000001,0.0020956546124651643,-0.04114331194445989,False,0.04323896655692505,False,nan,nan,nan,nan,nan,nan,nan,False,False,False
1002,-60.0,0.36,-0.24,0.3662453006383523,0.1,-0.08660254037844387,0.05000000000000002,0.0020956546124651643,-0.051828261660245234,False,0.0539239162727104,False,nan,nan,nan,nan,nan,nan,nan,False,False,False
1003,-60.0,0.36,-0.24,0.3662453006383523,0.12,-0.10392304845413262,0.06000000000000001,0.0020956546124651643,-0.06249704973586964,False,0.0645927043483348,False,nan,nan,nan,nan,nan,nan,nan,False,False,False
1004,-60.0,0.36,-0.24,0.3662453006383523,0.14,-0.12124355652982141,0.07000000000000002,0.0020956546124651643,-0.07314604336193906,False,0.07524169797440422,False,nan,nan,nan,nan,nan,nan,nan,False,False,False
1005,-60.0,0.36,-0.2,0.3662453006383523,0.08,-0.06928203230275509,0.04000000000000001,-0.0129963503936332,-0.055127643820007066,False,0.04213129342637387,False,nan,nan,nan,nan,nan,nan,nan,False,False,False
1006,-60.0,0.36,-0.2,0.3662453006383523,0.1,-0.08660254037844387,0.05000000000000002,-0.0129963503936332,-0.06553465867353855,False,0.052538308279905355,False,nan,nan,nan,nan,nan,nan,nan,False,False,False
1007,-60.0,0.36,-0.2,0.3662453006383523,0.12,-0.10392304845413262,0.06000000000000001,-0.0129963503936332,-0.07588154614312409,False,0.06288519574949089,False,nan,nan,nan,nan,nan,nan,nan,False,False,False
1008,-60.0,0.36,-0.2,0.3662453006383523,0.14,-0.12124355652982141,0.07000000000000002,-0.0129963503936332,-0.08615379827453562,False,0.07315744788090242,False,nan,nan,nan,nan,nan,nan,nan,False,False,False
1009,-60.0,0.36,-0.16,0.3662453006383523,0.08,-0.06928203230275509,0.04000000000000001,-0.02405418770438808,-0.06418984214710263,False,0.04013565444271455,False,nan,nan,nan,nan,nan,nan,nan,False,False,False
1010,-60.0,0.36,-0.16,0.3662453006383523,0.1,-0.08660254037844387,0.05000000000000002,-0.02405418770438808,-0.07498548672618341,False,0.05093129902179533,False,nan,nan,nan,nan,nan,nan,nan,False,False,False
1011,-60.0,0.36,-0.16,0.3662453006383523,0.12,-0.10392304845413262,0.06000000000000001,-0.02405418770438808,-0.08577998796059816,False,0.06172580025621008,False,nan,nan,nan,nan,nan,nan,nan,False,False,False
1012,-60.0,0.36,-0.16,0.3662453006383523,0.14,-0.12124355652982141,0.07000000000000002,-0.02405418770438808,-0.09657282783301574,False,0.07251864012862766,False,nan,nan,nan,nan,nan,nan,nan,False,False,False
1013,-60.0,0.36,-0.12,0.3662453006383523,0.08,-0.06928203230275509,0.04000000000000001,-0.03759465340956078,-0.07761608055082916,False,0.040021427141268384,False,nan,nan,nan,nan,nan,nan,nan,False,False,False
1014,-60.0,0.36,-0.12,0.3662453006383523,0.1,-0.08660254037844387,0.05000000000000002,-0.03759465340956078,-0.08751273757013864,False,0.04991808416057786,False,nan,nan,nan,nan,nan,nan,nan,False,False,False
1015,-60.0,0.36,-0.12,0.3662453006383523,0.12,-0.10392304845413262,0.06000000000000001,-0.03759465340956078,-0.0971426647884777,False,0.059548011378916924,False,nan,nan,nan,nan,nan,nan,nan,False,False,False
1016,-60.0,0.36,-0.12,0.3662453006383523,0.14,-0.12124355652982141,0.07000000000000002,-0.03759465340956078,-0.10638038114572215,False,0.06878572773616137,False,nan,nan,nan,nan,nan,nan,nan,False,False,False
1017,-60.0,0.36,-0.08,0.3662453006383523,0.08,-0.06928203230275509,0.04000000000000001,-0.0435852433747219,-0.07292586970253456,False,0.02934062632781266,False,nan,nan,nan,nan,nan,nan,nan,False,False,False
1018,-60.0,0.36,-0.08,0.3662453006383523,0.1,-0.08660254037844387,0.05000000000000002,-0.0435852433747219,-0.0797834501152275,False,0.0361982067405056,False,nan,nan,nan,nan,nan,nan,nan,False,False,False
1019,-60.0,0.36,-0.08,0.3662453006383523,0.12,-0.10392304845413262,0.06000000000000001,-0.0435852433747219,-0.08580507179378033,False,0.04221982841905843,False,nan,nan,nan,nan,nan,nan,nan,False,False,False
1020,-60.0,0.36,-0.08,0.3662453006383523,0.14,-0.12124355652982141,0.07000000000000002,-0.0435852433747219,-0.09080848190287469,False,0.047223238528152786,False,nan,nan,nan,nan,nan,nan,nan,False,False,False
1021,-60.0,0.42,-0.24,0.3662453006383523,0.08,-0.06928203230275509,0.04000000000000001,0.056931854445468055,0.014045272553674465,False,0.04288658189179359,False,nan,nan,nan,nan,nan,nan,nan,False,False,False
1022,-60.0,0.42,-0.24,0.3662453006383523,0.1,-0.08660254037844387,0.05000000000000002,0.056931854445468055,0.0034785164323034856,False,0.05345333801316457,False,nan,nan,nan,nan,nan,nan,nan,False,False,False
1023,-60.0,0.42,-0.24,0.3662453006383523,0.12,-0.10392304845413262,0.06000000000000001,0.056931854445468055,-0.007064834373985779,False,0.06399668881945383,False,nan,nan,nan,nan,nan,nan,nan,False,False,False
1024,-60.0,0.42,-0.24,0.3662453006383523,0.14,-0.12124355652982141,0.07000000000000002,0.056931854445468055,-0.017581126794615515,False,0.07451298124008357,False,nan,nan,nan,nan,nan,nan,nan,False,False,False
1025,-60.0,0.42,-0.2,0.3662453006383523,0.08,-0.06928203230275509,0.04000000000000001,0.04327300817388233,0.002499867550917828,False,0.0407731406229645,False,nan,nan,nan,nan,nan,nan,nan,False,False,False
1026,-60.0,0.42,-0.2,0.3662453006383523,0.1,-0.08660254037844387,0.05000000000000002,0.04327300817388233,-0.007750417205242888,False,0.051023425379125215,False,nan,nan,nan,nan,nan,nan,nan,False,False,False
1027,-60.0,0.42,-0.2,0.3662453006383523,0.12,-0.10392304845413262,0.06000000000000001,0.04327300817388233,-0.018005944139733165,False,0.06127895231361549,False,nan,nan,nan,nan,nan,nan,nan,False,False,False
1028,-60.0,0.42,-0.2,0.3662453006383523,0.14,-0.12124355652982141,0.07000000000000002,0.04327300817388233,-0.028182729747147667,False,0.07145573792103,False,nan,nan,nan,nan,nan,nan,nan,False,False,False
1029,-60.0,0.42,-0.16,0.3662453006383523,0.08,-0.06928203230275509,0.04000000000000001,0.03071552789993251,-0.011156722558884918,False,0.04187225045881743,False,nan,nan,nan,nan,nan,nan,nan,False,False,False
1030,-60.0,0.42,-0.16,0.3662453006383523,0.1,-0.08660254037844387,0.05000000000000002,0.03071552789993251,-0.021511774811353912,False,0.05222730271128642,False,nan,nan,nan,nan,nan,nan,nan,False,False,False
1031,-60.0,0.42,-0.16,0.3662453006383523,0.12,-0.10392304845413262,0.06000000000000001,0.03071552789993251,-0.03179995714320216,False,0.06251548504313467,False,nan,nan,nan,nan,nan,nan,nan,False,False,False
1032,-60.0,0.42,-0.16,0.3662453006383523,0.14,-0.12124355652982141,0.07000000000000002,0.03071552789993251,-0.042005504651634426,False,0.07272103255156694,False,nan,nan,nan,nan,nan,nan,nan,False,False,False
1033,-60.0,0.42,-0.12,0.3662453006383523,0.08,-0.06928203230275509,0.04000000000000001,0.018418107678528972,-0.02009734216641476,False,0.03851544984494373,False,nan,nan,nan,nan,nan,nan,nan,False,False,False
1034,-60.0,0.42,-0.12,0.3662453006383523,0.1,-0.08660254037844387,0.05000000000000002,0.018418107678528972,-0.029578705264323685,False,0.04799681294285266,False,nan,nan,nan,nan,nan,nan,nan,False,False,False
1035,-60.0,0.42,-0.12,0.3662453006383523,0.12,-0.10392304845413262,0.06000000000000001,0.018418107678528972,-0.03885977848323395,False,0.05727788616176292,False,nan,nan,nan,nan,nan,nan,nan,False,False,False
1036,-60.0,0.42,-0.12,0.3662453006383523,0.14,-0.12124355652982141,0.07000000000000002,0.018418107678528972,-0.04789618415198703,False,0.066314291830516,False,nan,nan,nan,nan,nan,nan,nan,False,False,False
1037,-60.0,0.42,-0.08,0.3662453006383523,0.08,-0.06928203230275509,0.04000000000000001,0.014412181669531676,-0.017931769454809426,False,0.0323439511243411,False,nan,nan,nan,nan,nan,nan,nan,False,False,False
1038,-60.0,0.42,-0.08,0.3662453006383523,0.1,-0.08660254037844387,0.05000000000000002,0.014412181669531676,-0.0257869857687181,False,0.04019916743824978,False,nan,nan,nan,nan,nan,nan,nan,False,False,False
1039,-60.0,0.42,-0.08,0.3662453006383523,0.12,-0.10392304845413262,0.06000000000000001,0.014412181669531676,-0.03325136827024447,False,0.047663549939776145,False,nan,nan,nan,nan,nan,nan,nan,False,False,False
1040,-60.0,0.42,-0.08,0.3662453006383523,0.14,-0.12124355652982141,0.07000000000000002,0.014412181669531676,-0.04026110751024893,False,0.05467328917978061,False,nan,nan,nan,nan,nan,nan,nan,False,False,False
1041,-60.0,0.48,-0.24,0.3662453006383523,0.08,-0.06928203230275509,0.04000000000000001,0.11126117483230785,0.06994941999487911,False,0.041311754837428744,False,nan,nan,nan,nan,nan,nan,nan,False,False,False
1042,-60.0,0.48,-0.24,0.3662453006383523,0.1,-0.08660254037844387,0.05000000000000002,0.11126117483230785,0.059483111466391125,False,0.05177806336591673,False,nan,nan,nan,nan,nan,nan,nan,False,False,False
1043,-60.0,0.48,-0.24,0.3662453006383523,0.12,-0.10392304845413262,0.06000000000000001,0.11126117483230785,0.04904273232668535,False,0.0622184425056225,False,nan,nan,nan,nan,nan,nan,nan,False,False,False
1044,-60.0,0.48,-0.24,0.3662453006383523,0.14,-0.12124355652982141,0.07000000000000002,0.11126117483230785,0.03863136239837847,False,0.07262981243392938,False,nan,nan,nan,nan,nan,nan,nan,False,False,False
1045,-60.0,0.48,-0.2,0.3662453006383523,0.08,-0.06928203230275509,0.04000000000000001,0.09518175441206883,0.05743752120849144,False,0.03774423320357739,False,nan,nan,nan,nan,nan,nan,nan,False,False,False
1046,-60.0,0.48,-0.2,0.3662453006383523,0.1,-0.08660254037844387,0.05000000000000002,0.09518175441206883,0.04713017971892422,False,0.04805157469314461,False,nan,nan,nan,nan,nan,nan,nan,False,False,False
1047,-60.0,0.48,-0.2,0.3662453006383523,0.12,-0.10392304845413262,0.06000000000000001,0.09518175441206883,0.03687118097518585,False,0.05831057343688298,False,nan,nan,nan,nan,nan,nan,nan,False,False,False
1048,-60.0,0.48,-0.2,0.3662453006383523,0.14,-0.12124355652982141,0.07000000000000002,0.09518175441206883,0.026553663963641033,False,0.0686280904484278,False,nan,nan,nan,nan,nan,nan,nan,False,False,False
1049,-60.0,0.48,-0.16,0.3662453006383523,0.08,-0.06928203230275509,0.04000000000000001,0.08318114364293594,0.044699149122121695,False,0.038481994520814244,False,nan,nan,nan,nan,nan,nan,nan,False,False,False
1050,-60.0,0.48,-0.16,0.3662453006383523,0.1,-0.08660254037844387,0.05000000000000002,0.08318114364293594,0.03441615959592964,False,0.0487649840470063,False,nan,nan,nan,nan,nan,nan,nan,False,False,False
1051,-60.0,0.48,-0.16,0.3662453006383523,0.12,-0.10392304845413262,0.06000000000000001,0.08318114364293594,0.02418729303415887,False,0.05899385060877707,False,nan,nan,nan,nan,nan,nan,nan,False,False,False
1052,-60.0,0.48,-0.16,0.3662453006383523,0.14,-0.12124355652982141,0.07000000000000002,0.08318114364293594,0.014021210239531012,False,0.06915993340340493,False,nan,nan,nan,nan,nan,nan,nan,False,False,False
1053,-60.0,0.48,-0.12,0.3662453006383523,0.08,-0.06928203230275509,0.04000000000000001,0.07267282036065864,0.03828866894579022,False,0.03438415141486842,False,nan,nan,nan,nan,nan,nan,nan,False,False,False
1054,-60.0,0.48,-0.12,0.3662453006383523,0.1,-0.08660254037844387,0.05000000000000002,0.07267282036065864,0.028740200021230844,False,0.0439326203394278,False,nan,nan,nan,nan,nan,nan,nan,False,False,False
1055,-60.0,0.48,-0.12,0.3662453006383523,0.12,-0.10392304845413262,0.06000000000000001,0.07267282036065864,0.019321219398310358,False,0.05335160096234828,False,nan,nan,nan,nan,nan,nan,nan,False,False,False
1056,-60.0,0.48,-0.12,0.3662453006383523,0.14,-0.12124355652982141,0.07000000000000002,0.07267282036065864,0.010051103882457973,False,0.06262171647820067,False,nan,nan,nan,nan,nan,nan,nan,False,False,False
1057,-60.0,0.48,-0.08,0.3662453006383523,0.08,-0.06928203230275509,0.04000000000000001,0.06889907582064567,0.03982359177846756,False,0.029075484042178107,False,nan,nan,nan,nan,nan,nan,nan,False,False,False
1058,-60.0,0.48,-0.08,0.3662453006383523,0.1,-0.08660254037844387,0.05000000000000002,0.06889907582064567,0.03128996079755872,False,0.03760911502308695,False,nan,nan,nan,nan,nan,nan,nan,False,False,False
1059,-60.0,0.48,-0.08,0.3662453006383523,0.12,-0.10392304845413262,0.06000000000000001,0.06889907582064567,0.02287317184295004,False,0.046025903977695626,False,nan,nan,nan,nan,nan,nan,nan,False,False,False
1060,-60.0,0.48,-0.08,0.3662453006383523,0.14,-0.12124355652982141,0.07000000000000002,0.06889907582064567,0.014693147392838557,False,0.05420592842780711,False,nan,nan,nan,nan,nan,nan,nan,False,False,False
1061,-60.0,0.54,-0.24,0.3662453006383523,0.08,-0.06928203230275509,0.04000000000000001,0.1585270465301356,0.11993288032403551,True,0.038594166206100095,False,nan,nan,nan,nan,nan,nan,nan,False,False,False
1062,-60.0,0.54,-0.24,0.3662453006383523,0.1,-0.08660254037844387,0.05000000000000002,0.1585270465301356,0.11028864567147811,True,0.04823840085865749,False,nan,nan,nan,nan,nan,nan,nan,False,False,False
1063,-60.0,0.54,-0.24,0.3662453006383523,0.12,-0.10392304845413262,0.06000000000000001,0.1585270465301356,0.10072733724844105,True,0.05779970928169456,False,nan,nan,nan,nan,nan,nan,nan,False,False,False
1064,-60.0,0.54,-0.24,0.3662453006383523,0.14,-0.12124355652982141,0.07000000000000002,0.1585270465301356,0.09125753610815679,True,0.06726951042197882,False,nan,nan,nan,nan,nan,nan,nan,False,False,False
1065,-60.0,0.54,-0.2,0.3662453006383523,0.08,-0.06928203230275509,0.04000000000000001,0.1416571394353583,0.10549566675842711,True,0.03616147267693118,False,nan,nan,nan,nan,nan,nan,nan,False,False,False
1066,-60.0,0.54,-0.2,0.3662453006383523,0.1,-0.08660254037844387,0.05000000000000002,0.1416571394353583,0.09652224134055615,True,0.045134898094802145,False,nan,nan,nan,nan,nan,nan,nan,False,False,False
1067,-60.0,0.54,-0.2,0.3662453006383523,0.12,-0.10392304845413262,0.06000000000000001,0.1416571394353583,0.08766929445863811,True,0.053987844976720184,False,nan,nan,nan,nan,nan,nan,nan,False,False,False
1068,-60.0,0.54,-0.2,0.3662453006383523,0.14,-0.12124355652982141,0.07000000000000002,0.1416571394353583,0.0789618118472144,True,0.06269532758814389,False,nan,nan,nan,nan,nan,nan,nan,False,False,False
1069,-60.0,0.54,-0.16,0.3662453006383523,0.08,-0.06928203230275509,0.04000000000000001,0.12881598933347121,0.09394917837456748,True,0.03486681095890373,False,nan,nan,nan,nan,nan,nan,nan,False,False,False
1070,-60.0,0.54,-0.16,0.3662453006383523,0.1,-0.08660254037844387,0.05000000000000002,0.12881598933347121,0.08539184136125211,True,0.04342414797221911,False,nan,nan,nan,nan,nan,nan,nan,False,False,False
1071,-60.0,0.54,-0.16,0.3662453006383523,0.12,-0.10392304845413262,0.06000000000000001,0.12881598933347121,0.07700122204495541,True,0.051814767288515806,False,nan,nan,nan,nan,nan,nan,nan,False,False,False
1072,-60.0,0.54,-0.16,0.3662453006383523,0.14,-0.12124355652982141,0.07000000000000002,0.12881598933347121,0.06879371726128186,True,0.06002227207218935,False,nan,nan,nan,nan,nan,nan,nan,False,False,False
1073,-60.0,0.54,-0.12,0.3662453006383523,0.08,-0.06928203230275509,0.04000000000000001,0.12005253817376865,0.08835857026859192,True,0.03169396790517673,False,nan,nan,nan,nan,nan,nan,nan,False,False,False
1074,-60.0,0.54,-0.12,0.3662453006383523,0.1,-0.08660254037844387,0.05000000000000002,0.12005253817376865,0.08045041103592662,True,0.03960212713784203,False,nan,nan,nan,nan,nan,nan,nan,False,False,False
1075,-60.0,0.54,-0.12,0.3662453006383523,0.12,-0.10392304845413262,0.06000000000000001,0.12005253817376865,0.07275313959919613,True,0.04729939857457252,False,nan,nan,nan,nan,nan,nan,nan,False,False,False
1076,-60.0,0.54,-0.12,0.3662453006383523,0.14,-0.12124355652982141,0.07000000000000002,0.12005253817376865,0.06528589245765745,True,0.0547666457161112,False,nan,nan,nan,nan,nan,nan,nan,False,False,False
1077,-60.0,0.54,-0.08,0.3662453006383523,0.08,-0.06928203230275509,0.04000000000000001,0.09607351250836399,0.06750692015179868,False,0.028566592356565307,False,nan,nan,nan,nan,nan,nan,nan,False,False,False
1078,-60.0,0.54,-0.08,0.3662453006383523,0.1,-0.08660254037844387,0.05000000000000002,0.09607351250836399,0.06374583143111234,False,0.032327681077251647,False,nan,nan,nan,nan,nan,nan,nan,False,False,False
1079,-60.0,0.54,-0.08,0.3662453006383523,0.12,-0.10392304845413262,0.06000000000000001,0.09607351250836399,0.0603300331367794,False,0.03574347937158459,False,nan,nan,nan,nan,nan,nan,nan,False,False,False
1080,-60.0,0.54,-0.08,0.3662453006383523,0.14,-0.12124355652982141,0.07000000000000002,0.09607351250836399,0.05726986242447546,False,0.03880365008388853,False,nan,nan,nan,nan,nan,nan,nan,False,False,False
1081,-60.0,0.6,-0.24,0.3662453006383523,0.08,-0.06928203230275509,0.04000000000000001,0.20482794557359657,0.16593058126505114,False,0.03889736430854543,False,nan,nan,nan,nan,nan,nan,nan,False,False,False
1082,-60.0,0.6,-0.24,0.3662453006383523,0.1,-0.08660254037844387,0.05000000000000002,0.20482794557359657,0.15639240263959814,False,0.04843554293399843,False,nan,nan,nan,nan,nan,nan,nan,False,False,False
1083,-60.0,0.6,-0.24,0.3662453006383523,0.12,-0.10392304845413262,0.06000000000000001,0.20482794557359657,0.14693078126249257,False,0.057897164311104005,False,nan,nan,nan,nan,nan,nan,nan,False,False,False
1084,-60.0,0.6,-0.24,0.3662453006383523,0.14,-0.12124355652982141,0.07000000000000002,0.20482794557359657,0.1375523416002306,True,0.06727560397336596,False,nan,nan,nan,nan,nan,nan,nan,False,False,False
1085,-60.0,0.6,-0.2,0.3662453006383523,0.08,-0.06928203230275509,0.04000000000000001,0.1902237656897205,0.15281033666975238,False,0.03741342901996811,False,nan,nan,nan,nan,nan,nan,nan,False,False,False
1086,-60.0,0.6,-0.2,0.3662453006383523,0.1,-0.08660254037844387,0.05000000000000002,0.1902237656897205,0.14339059778533186,False,0.04683316790438863,False,nan,nan,nan,nan,nan,nan,nan,False,False,False
1087,-60.0,0.6,-0.2,0.3662453006383523,0.12,-0.10392304845413262,0.06000000000000001,0.1902237656897205,0.13405769365692097,True,0.056166072032799524,False,nan,nan,nan,nan,nan,nan,nan,False,False,False
1088,-60.0,0.6,-0.2,0.3662453006383523,0.14,-0.12124355652982141,0.07000000000000002,0.1902237656897205,0.1248193541676767,True,0.06540441152204379,False,nan,nan,nan,nan,nan,nan,nan,False,False,False
1089,-60.0,0.6,-0.16,0.3662453006383523,0.08,-0.06928203230275509,0.04000000000000001,0.17496008865397916,0.1389630445743463,True,0.03599704407963286,True,0.13250656883616155,0.12172638289400314,45.96060002222657,0.13112638289400314,0.09775988256595272,0.09775988256595272,0.5,False,False,False
1090,-60.0,0.6,-0.16,0.3662453006383523,0.1,-0.08660254037844387,0.05000000000000002,0.17496008865397916,0.13310355864809847,True,0.04185653000588069,False,nan,nan,nan,nan,nan,nan,nan,False,False,False
1091,-60.0,0.6,-0.16,0.3662453006383523,0.12,-0.10392304845413262,0.06000000000000001,0.17496008865397916,0.1251187103139005,True,0.04984137834007865,False,nan,nan,nan,nan,nan,nan,nan,False,False,False
1092,-60.0,0.6,-0.16,0.3662453006383523,0.14,-0.12124355652982141,0.07000000000000002,0.17496008865397916,0.1163270897112062,True,0.05863299894277296,False,nan,nan,nan,nan,nan,nan,nan,False,False,False
1093,-60.0,0.6,-0.12,0.3662453006383523,0.08,-0.06928203230275509,0.04000000000000001,0.1374618194243804,0.10149338031881108,True,0.03596843910556932,False,nan,nan,nan,nan,nan,nan,nan,False,False,False
1094,-60.0,0.6,-0.12,0.3662453006383523,0.1,-0.08660254037844387,0.05000000000000002,0.1374618194243804,0.09566876339185687,True,0.041793056032523535,False,nan,nan,nan,nan,nan,nan,nan,False,False,False
1095,-60.0,0.6,-0.12,0.3662453006383523,0.12,-0.10392304845413262,0.06000000000000001,0.1374618194243804,0.09009838155005837,True,0.04736343787432204,False,nan,nan,nan,nan,nan,nan,nan,False,False,False
1096,-60.0,0.6,-0.12,0.3662453006383523,0.14,-0.12124355652982141,0.07000000000000002,0.1374618194243804,0.08479479618122687,True,0.05266702324315353,False,nan,nan,nan,nan,nan,nan,nan,False,False,False
1097,-60.0,0.6,-0.08,0.3662453006383523,0.08,-0.06928203230275509,0.04000000000000001,0.10061404566209836,0.06475829749470505,False,0.035855748167393314,False,nan,nan,nan,nan,nan,nan,nan,False,False,False
1098,-60.0,0.6,-0.08,0.3662453006383523,0.1,-0.08660254037844387,0.05000000000000002,0.10061404566209836,0.05899248638879567,False,0.04162155927330269,False,nan,nan,nan,nan,nan,nan,nan,False,False,False
1099,-60.0,0.6,-0.08,0.3662453006383523,0.12,-0.10392304845413262,0.06000000000000001,0.10061404566209836,0.053519336024646175,False,0.04709470963745219,False,nan,nan,nan,nan,nan,nan,nan,False,False,False
1100,-60.0,0.6,-0.08,0.3662453006383523,0.14,-0.12124355652982141,0.07000000000000002,0.10061404566209836,0.04835505027305281,False,0.05225899538904555,False,nan,nan,nan,nan,nan,nan,nan,False,False,False
1101,-60.0,0.66,-0.24,0.3662453006383523,0.08,-0.06928203230275509,0.04000000000000001,0.2546931154696529,0.2154511550110216,False,0.03924196045863129,False,nan,nan,nan,nan,nan,nan,nan,False,False,False
1102,-60.0,0.66,-0.24,0.3662453006383523,0.1,-0.08660254037844387,0.05000000000000002,0.2546931154696529,0.20567616866629834,False,0.049016946803354555,False,nan,nan,nan,nan,nan,nan,nan,False,False,False
1103,-60.0,0.66,-0.24,0.3662453006383523,0.12,-0.10392304845413262,0.06000000000000001,0.2546931154696529,0.19595552913326883,False,0.05873758633638407,False,nan,nan,nan,nan,nan,nan,nan,False,False,False
1104,-60.0,0.66,-0.24,0.3662453006383523,0.14,-0.12124355652982141,0.07000000000000002,0.2546931154696529,0.18629340330940025,False,0.06839971216025265,False,nan,nan,nan,nan,nan,nan,nan,False,False,False
1105,-60.0,0.66,-0.2,0.3662453006383523,0.08,-0.06928203230275509,0.04000000000000001,0.22479862186126287,0.18441879270452796,False,0.04037982915673491,False,nan,nan,nan,nan,nan,nan,nan,False,False,False
1106,-60.0,0.66,-0.2,0.3662453006383523,0.1,-0.08660254037844387,0.05000000000000002,0.22479862186126287,0.1772747810776934,False,0.04752384078356947,False,nan,nan,nan,nan,nan,nan,nan,False,False,False
1107,-60.0,0.66,-0.2,0.3662453006383523,0.12,-0.10392304845413262,0.06000000000000001,0.22479862186126287,0.1702904224287801,False,0.05450819943248278,False,nan,nan,nan,nan,nan,nan,nan,False,False,False
1108,-60.0,0.66,-0.2,0.3662453006383523,0.14,-0.12124355652982141,0.07000000000000002,0.22479862186126287,0.16347375859752994,False,0.06132486326373293,False,nan,nan,nan,nan,nan,nan,nan,False,False,False
1109,-60.0,0.66,-0.16,0.3662453006383523,0.08,-0.06928203230275509,0.04000000000000001,0.1879979445145714,0.14724439218099813,False,0.04075355233357328,False,nan,nan,nan,nan,nan,nan,nan,False,False,False
1110,-60.0,0.66,-0.16,0.3662453006383523,0.1,-0.08660254037844387,0.05000000000000002,0.1879979445145714,0.13999599981422106,True,0.04800194470035035,True,0.12843425147911586,0.13948178012792328,45.465286006219685,0.1504817801279233,0.12076454267037329,0.12076454267037329,0.5,False,False,False
1111,-60.0,0.66,-0.16,0.3662453006383523,0.12,-0.10392304845413262,0.06000000000000001,0.1879979445145714,0.1329210093851246,True,0.05507693512944681,True,0.11825685885481652,0.12672264214815615,46.577119966968894,0.13932264214815615,0.10718083531888853,0.10718083531888853,0.5,False,False,False
1112,-60.0,0.66,-0.16,0.3662453006383523,0.14,-0.12124355652982141,0.07000000000000002,0.1879979445145714,0.1260292862143384,True,0.061968658300233015,False,nan,nan,nan,nan,nan,nan,nan,False,False,False
1113,-60.0,0.66,-0.12,0.3662453006383523,0.08,-0.06928203230275509,0.04000000000000001,0.15190068367831916,0.11076695077612356,True,0.0411337329021956,False,nan,nan,nan,nan,nan,nan,nan,False,False,False
1114,-60.0,0.66,-0.12,0.3662453006383523,0.1,-0.08660254037844387,0.05000000000000002,0.15190068367831916,0.10340372843228479,True,0.04849695524603437,False,nan,nan,nan,nan,nan,nan,nan,False,False,False
1115,-60.0,0.66,-0.12,0.3662453006383523,0.12,-0.10392304845413262,0.06000000000000001,0.15190068367831916,0.09623012927312044,True,0.05567055440519872,False,nan,nan,nan,nan,nan,nan,nan,False,False,False
1116,-60.0,0.66,-0.12,0.3662453006383523,0.14,-0.12124355652982141,0.07000000000000002,0.15190068367831916,0.08925848103357564,True,0.06264220264474352,False,nan,nan,nan,nan,nan,nan,nan,False,False,False
1117,-60.0,0.66,-0.08,0.3662453006383523,0.08,-0.06928203230275509,0.04000000000000001,0.11674913256168179,0.07526123116780034,False,0.04148790139388145,False,nan,nan,nan,nan,nan,nan,nan,False,False,False
1118,-60.0,0.66,-0.08,0.3662453006383523,0.1,-0.08660254037844387,0.05000000000000002,0.11674913256168179,0.06777616371149597,False,0.048972968850185816,False,nan,nan,nan,nan,nan,nan,nan,False,False,False
1119,-60.0,0.66,-0.08,0.3662453006383523,0.12,-0.10392304845413262,0.06000000000000001,0.11674913256168179,0.06050024185836192,False,0.05624889070331987,False,nan,nan,nan,nan,nan,nan,nan,False,False,False
1120,-60.0,0.66,-0.08,0.3662453006383523,0.14,-0.12124355652982141,0.07000000000000002,0.11674913256168179,0.05344919615749155,False,0.06329993640419024,False,nan,nan,nan,nan,nan,nan,nan,False,False,False
1121,-60.0,0.72,-0.24,0.3662453006383523,0.08,-0.06928203230275509,0.04000000000000001,0.2803522316786447,0.23706325990913504,False,0.04328897176950966,False,nan,nan,nan,nan,nan,nan,nan,False,False,False
1122,-60.0,0.72,-0.24,0.3662453006383523,0.1,-0.08660254037844387,0.05000000000000002,0.2803522316786447,0.22902808220064202,False,0.05132414947800268,False,nan,nan,nan,nan,nan,nan,nan,False,False,False
1123,-60.0,0.72,-0.24,0.3662453006383523,0.12,-0.10392304845413262,0.06000000000000001,0.2803522316786447,0.22110499842065304,False,0.059247233257991666,False,nan,nan,nan,nan,nan,nan,nan,False,False,False
1124,-60.0,0.72,-0.24,0.3662453006383523,0.14,-0.12124355652982141,0.07000000000000002,0.2803522316786447,0.2132997369449371,False,0.06705249473370761,False,nan,nan,nan,nan,nan,nan,nan,False,False,False
1125,-60.0,0.72,-0.2,0.3662453006383523,0.08,-0.06928203230275509,0.04000000000000001,0.24455742860895813,0.20077523722838828,False,0.04378219138056985,False,nan,nan,nan,nan,nan,nan,nan,False,False,False
1126,-60.0,0.72,-0.2,0.3662453006383523,0.1,-0.08660254037844387,0.05000000000000002,0.24455742860895813,0.19258207299711444,False,0.05197535561184369,False,nan,nan,nan,nan,nan,nan,nan,False,False,False
1127,-60.0,0.72,-0.2,0.3662453006383523,0.12,-0.10392304845413262,0.06000000000000001,0.24455742860895813,0.1845056145602544,False,0.06005181404870372,False,nan,nan,nan,nan,nan,nan,nan,False,False,False
1128,-60.0,0.72,-0.2,0.3662453006383523,0.14,-0.12124355652982141,0.07000000000000002,0.24455742860895813,0.17655254138526333,False,0.0680048872236948,False,nan,nan,nan,nan,nan,nan,nan,False,False,False
1129,-60.0,0.72,-0.16,0.3662453006383523,0.08,-0.06928203230275509,0.04000000000000001,0.20954591479607237,0.16525812044818602,False,0.04428779434788635,False,nan,nan,nan,nan,nan,nan,nan,False,False,False
1130,-60.0,0.72,-0.16,0.3662453006383523,0.1,-0.08660254037844387,0.05000000000000002,0.20954591479607237,0.1568912273176395,False,0.05265468747843288,False,nan,nan,nan,nan,nan,nan,nan,False,False,False
1131,-60.0,0.72,-0.16,0.3662453006383523,0.12,-0.10392304845413262,0.06000000000000001,0.20954591479607237,0.1486455383986289,False,0.06090037639744347,False,nan,nan,nan,nan,nan,nan,nan,False,False,False
1132,-60.0,0.72,-0.16,0.3662453006383523,0.14,-0.12124355652982141,0.07000000000000002,0.20954591479607237,0.1405288923112531,False,0.06901702248481928,False,nan,nan,nan,nan,nan,nan,nan,False,False,False
1133,-60.0,0.72,-0.12,0.3662453006383523,0.08,-0.06928203230275509,0.04000000000000001,0.17553814830893288,0.1307585084568241,True,0.04477963985210878,True,0.1163896358731503,0.13005617403030448,45.48028000863269,0.13945617403030447,0.10635970656900898,0.10635970656900898,0.5,False,False,False
1134,-60.0,0.72,-0.12,0.3662453006383523,0.1,-0.08660254037844387,0.05000000000000002,0.17553814830893288,0.12220407643333858,True,0.0533340718755943,False,nan,nan,nan,nan,nan,nan,nan,False,False,False
1135,-60.0,0.72,-0.12,0.3662453006383523,0.12,-0.10392304845413262,0.06000000000000001,0.17553814830893288,0.11377510750045658,True,0.061763040808476305,False,nan,nan,nan,nan,nan,nan,nan,False,False,False
1136,-60.0,0.72,-0.12,0.3662453006383523,0.14,-0.12124355652982141,0.07000000000000002,0.17553814830893288,0.10548085438451771,True,0.07005729392441518,False,nan,nan,nan,nan,nan,nan,nan,False,False,False
1137,-60.0,0.72,-0.08,0.3662453006383523,0.08,-0.06928203230275509,0.04000000000000001,0.14283492829255073,0.09762753875131677,True,0.04520738954123396,False,nan,nan,nan,nan,nan,nan,nan,False,False,False
1138,-60.0,0.72,-0.08,0.3662453006383523,0.1,-0.08660254037844387,0.05000000000000002,0.14283492829255073,0.08887836076650962,True,0.05395656752604111,False,nan,nan,nan,nan,nan,nan,nan,False,False,False
1139,-60.0,0.72,-0.08,0.3662453006383523,0.12,-0.10392304845413262,0.06000000000000001,0.14283492829255073,0.080258681385076,True,0.06257624690747474,False,nan,nan,nan,nan,nan,nan,nan,False,False,False
1140,-60.0,0.72,-0.08,0.3662453006383523,0.14,-0.12124355652982141,0.07000000000000002,0.14283492829255073,0.07177948228606856,True,0.07105544600648217,False,nan,nan,nan,nan,nan,nan,nan,False,False,False
1141,-60.0,0.78,-0.24,0.3662453006383523,0.08,-0.06928203230275509,0.04000000000000001,0.30511197026401987,0.25938861667604685,False,0.045723353587973026,False,nan,nan,nan,nan,nan,nan,nan,False,False,False
1142,-60.0,0.78,-0.24,0.3662453006383523,0.1,-0.08660254037844387,0.05000000000000002,0.30511197026401987,0.2505650822210081,False,0.054546888043011776,False,nan,nan,nan,nan,nan,nan,nan,False,False,False
1143,-60.0,0.78,-0.24,0.3662453006383523,0.12,-0.10392304845413262,0.06000000000000001,0.30511197026401987,0.24182144800927682,False,0.06329052225474305,False,nan,nan,nan,nan,nan,nan,nan,False,False,False
1144,-60.0,0.78,-0.24,0.3662453006383523,0.14,-0.12124355652982141,0.07000000000000002,0.30511197026401987,0.2331620610858503,False,0.07194990917816957,False,nan,nan,nan,nan,nan,nan,nan,False,False,False
1145,-60.0,0.78,-0.2,0.3662453006383523,0.08,-0.06928203230275509,0.04000000000000001,0.27121080681527077,0.22500005995520653,False,0.04621074686006424,False,nan,nan,nan,nan,nan,nan,nan,False,False,False
1146,-60.0,0.78,-0.2,0.3662453006383523,0.1,-0.08660254037844387,0.05000000000000002,0.27121080681527077,0.21599548727947143,False,0.055215319535799334,False,nan,nan,nan,nan,nan,nan,nan,False,False,False
1147,-60.0,0.78,-0.2,0.3662453006383523,0.12,-0.10392304845413262,0.06000000000000001,0.27121080681527077,0.2070704224575229,False,0.06414038435774785,False,nan,nan,nan,nan,nan,nan,nan,False,False,False
1148,-60.0,0.78,-0.2,0.3662453006383523,0.14,-0.12124355652982141,0.07000000000000002,0.27121080681527077,0.19822967342177195,False,0.07298113339349882,False,nan,nan,nan,nan,nan,nan,nan,False,False,False
1149,-60.0,0.78,-0.16,0.3662453006383523,0.08,-0.06928203230275509,0.04000000000000001,0.23834436308274115,0.1916720332611628,False,0.046672329821578346,False,nan,nan,nan,nan,nan,nan,nan,False,False,False
1150,-60.0,0.78,-0.16,0.3662453006383523,0.1,-0.08660254037844387,0.05000000000000002,0.23834436308274115,0.1824771133831175,False,0.055867249699623645,False,nan,nan,nan,nan,nan,nan,nan,False,False,False
1151,-60.0,0.78,-0.16,0.3662453006383523,0.12,-0.10392304845413262,0.06000000000000001,0.23834436308274115,0.17336043074061305,False,0.0649839323421281,False,nan,nan,nan,nan,nan,nan,nan,False,False,False
1152,-60.0,0.78,-0.16,0.3662453006383523,0.14,-0.12124355652982141,0.07000000000000002,0.23834436308274115,0.16432727271364456,False,0.0740170903690966,False,nan,nan,nan,nan,nan,nan,nan,False,False,False
1153,-60.0,0.78,-0.12,0.3662453006383523,0.08,-0.06928203230275509,0.04000000000000001,0.20676492101429228,0.15969744464380206,False,0.04706747637049022,False,nan,nan,nan,nan,nan,nan,nan,False,False,False
1154,-60.0,0.78,-0.12,0.3662453006383523,0.1,-0.08660254037844387,0.05000000000000002,0.20676492101429228,0.15030905401205147,False,0.05645586700224081,False,nan,nan,nan,nan,nan,nan,nan,False,False,False
1155,-60.0,0.78,-0.12,0.3662453006383523,0.12,-0.10392304845413262,0.06000000000000001,0.20676492101429228,0.14099671577658904,False,0.06576820523770324,False,nan,nan,nan,nan,nan,nan,nan,False,False,False
1156,-60.0,0.78,-0.12,0.3662453006383523,0.14,-0.12124355652982141,0.07000000000000002,0.20676492101429228,0.13176619943529994,True,0.07499872157899234,False,nan,nan,nan,nan,nan,nan,nan,False,False,False
1157,-60.0,0.78,-0.08,0.3662453006383523,0.08,-0.06928203230275509,0.04000000000000001,0.17634096748199984,0.12808092205413205,True,0.0482600454278678,False,nan,nan,nan,nan,nan,nan,nan,False,False,False
1158,-60.0,0.78,-0.08,0.3662453006383523,0.1,-0.08660254037844387,0.05000000000000002,0.17634096748199984,0.11840722870979492,True,0.057933738772204924,False,nan,nan,nan,nan,nan,nan,nan,False,False,False
1159,-60.0,0.78,-0.08,0.3662453006383523,0.12,-0.10392304845413262,0.06000000000000001,0.17634096748199984,0.10880148822292066,True,0.06753947925907919,False,nan,nan,nan,nan,nan,nan,nan,False,False,False
1160,-60.0,0.78,-0.08,0.3662453006383523,0.14,-0.12124355652982141,0.07000000000000002,0.17634096748199984,0.09926960314078281,True,0.07707136434121703,False,nan,nan,nan,nan,nan,nan,nan,False,False,False
1161,-60.0,0.84,-0.24,0.3662453006383523,0.08,-0.06928203230275509,0.04000000000000001,0.3355027154871771,0.28807805700973965,False,0.04742465847743743,False,nan,nan,nan,nan,nan,nan,nan,False,False,False
1162,-60.0,0.84,-0.24,0.3662453006383523,0.1,-0.08660254037844387,0.05000000000000002,0.3355027154871771,0.2786543245217364,False,0.0568483909654407,False,nan,nan,nan,nan,nan,nan,nan,False,False,False
1163,-60.0,0.84,-0.24,0.3662453006383523,0.12,-0.10392304845413262,0.06000000000000001,0.3355027154871771,0.2692847442561086,False,0.06621797123106848,False,nan,nan,nan,nan,nan,nan,nan,False,False,False
1164,-60.0,0.84,-0.24,0.3662453006383523,0.14,-0.12124355652982141,0.07000000000000002,0.3355027154871771,0.25997231124568854,False,0.07553040424148855,False,nan,nan,nan,nan,nan,nan,nan,False,False,False
1165,-60.0,0.84,-0.2,0.3662453006383523,0.08,-0.06928203230275509,0.04000000000000001,0.3036605024567632,0.2558472558539061,False,0.047813246602857074,False,nan,nan,nan,nan,nan,nan,nan,False,False,False
1166,-60.0,0.84,-0.2,0.3662453006383523,0.1,-0.08660254037844387,0.05000000000000002,0.3036605024567632,0.24625014648468085,False,0.05741035597208233,False,nan,nan,nan,nan,nan,nan,nan,False,False,False
1167,-60.0,0.84,-0.2,0.3662453006383523,0.12,-0.10392304845413262,0.06000000000000001,0.3036605024567632,0.2367043392470918,False,0.06695616320967138,False,nan,nan,nan,nan,nan,nan,nan,False,False,False
1168,-60.0,0.84,-0.2,0.3662453006383523,0.14,-0.12124355652982141,0.07000000000000002,0.3036605024567632,0.22721294944502585,False,0.07644755301173733,False,nan,nan,nan,nan,nan,nan,nan,False,False,False
1169,-60.0,0.84,-0.16,0.3662453006383523,0.08,-0.06928203230275509,0.04000000000000001,0.27306471818893263,0.22493150025846345,False,0.04813321793046918,False,nan,nan,nan,nan,nan,nan,nan,False,False,False
1170,-60.0,0.84,-0.16,0.3662453006383523,0.1,-0.08660254037844387,0.05000000000000002,0.27306471818893263,0.2151624249914454,False,0.05790229319748724,False,nan,nan,nan,nan,nan,nan,nan,False,False,False
1171,-60.0,0.84,-0.16,0.3662453006383523,0.12,-0.10392304845413262,0.06000000000000001,0.27306471818893263,0.20544110734607987,False,0.06762361084285276,False,nan,nan,nan,nan,nan,nan,nan,False,False,False
1172,-60.0,0.84,-0.16,0.3662453006383523,0.14,-0.12124355652982141,0.07000000000000002,0.27306471818893263,0.19577073775605858,False,0.07729398043287405,False,nan,nan,nan,nan,nan,nan,nan,False,False,False
1173,-60.0,0.84,-0.12,0.3662453006383523,0.08,-0.06928203230275509,0.04000000000000001,0.24397443189445966,0.1951259988306082,False,0.048848433063851476,False,nan,nan,nan,nan,nan,nan,nan,False,False,False
1174,-60.0,0.84,-0.12,0.3662453006383523,0.1,-0.08660254037844387,0.05000000000000002,0.24397443189445966,0.185131427894827,False,0.05884300399963266,False,nan,nan,nan,nan,nan,nan,nan,False,False,False
1175,-60.0,0.84,-0.12,0.3662453006383523,0.12,-0.10392304845413262,0.06000000000000001,0.24397443189445966,0.17517762472426748,False,0.06879680717019218,False,nan,nan,nan,nan,nan,nan,nan,False,False,False
1176,-60.0,0.84,-0.12,0.3662453006383523,0.14,-0.12124355652982141,0.07000000000000002,0.24397443189445966,0.16526761406744522,False,0.07870681782701444,False,nan,nan,nan,nan,nan,nan,nan,False,False,False
1177,-60.0,0.84,-0.08,0.3662453006383523,0.08,-0.06928203230275509,0.04000000000000001,0.2148285130552096,0.16546580381639628,False,0.049362709238813335,False,nan,nan,nan,nan,nan,nan,nan,False,False,False
1178,-60.0,0.84,-0.08,0.3662453006383523,0.1,-0.08660254037844387,0.05000000000000002,0.2148285130552096,0.1552684816681289,False,0.059560031387080714,False,nan,nan,nan,nan,nan,nan,nan,False,False,False
1179,-60.0,0.84,-0.08,0.3662453006383523,0.12,-0.10392304845413262,0.06000000000000001,0.2148285130552096,0.1451046419356947,False,0.06972387111951492,False,nan,nan,nan,nan,nan,nan,nan,False,False,False
1180,-60.0,0.84,-0.08,0.3662453006383523,0.14,-0.12124355652982141,0.07000000000000002,0.2148285130552096,0.13497705233966734,True,0.07985146071554228,False,nan,nan,nan,nan,nan,nan,nan,False,False,False
1181,-60.0,0.9,-0.24,0.3662453006383523,0.08,-0.06928203230275509,0.04000000000000001,0.37062193407298033,0.32208839554872704,False,0.048533538524253295,False,nan,nan,nan,nan,nan,nan,nan,False,False,False
1182,-60.0,0.9,-0.24,0.3662453006383523,0.1,-0.08660254037844387,0.05000000000000002,0.37062193407298033,0.3122258098429048,False,0.05839612423007551,False,nan,nan,nan,nan,nan,nan,nan,False,False,False
1183,-60.0,0.9,-0.24,0.3662453006383523,0.12,-0.10392304845413262,0.06000000000000001,0.37062193407298033,0.3023985086473283,False,0.06822342542565202,False,nan,nan,nan,nan,nan,nan,nan,False,False,False
1184,-60.0,0.9,-0.24,0.3662453006383523,0.14,-0.12124355652982141,0.07000000000000002,0.37062193407298033,0.29260841283236083,False,0.0780135212406195,False,nan,nan,nan,nan,nan,nan,nan,False,False,False
1185,-60.0,0.9,-0.2,0.3662453006383523,0.08,-0.06928203230275509,0.04000000000000001,0.3408599187704658,0.2920791509752825,False,0.04878076779518331,False,nan,nan,nan,nan,nan,nan,nan,False,False,False
1186,-60.0,0.9,-0.2,0.3662453006383523,0.1,-0.08660254037844387,0.05000000000000002,0.3408599187704658,0.2820683145584171,False,0.05879160421204871,False,nan,nan,nan,nan,nan,nan,nan,False,False,False
1187,-60.0,0.9,-0.2,0.3662453006383523,0.12,-0.10392304845413262,0.06000000000000001,0.3408599187704658,0.2720893189499203,False,0.06877059982054551,False,nan,nan,nan,nan,nan,nan,nan,False,False,False
1188,-60.0,0.9,-0.2,0.3662453006383523,0.14,-0.12124355652982141,0.07000000000000002,0.3408599187704658,0.2621440416506567,False,0.0787158771198091,False,nan,nan,nan,nan,nan,nan,nan,False,False,False
1189,-60.0,0.9,-0.16,0.3662453006383523,0.08,-0.06928203230275509,0.04000000000000001,0.31249955065395346,0.2635731774825979,False,0.048926373171355564,False,nan,nan,nan,nan,nan,nan,nan,False,False,False
1190,-60.0,0.9,-0.16,0.3662453006383523,0.1,-0.08660254037844387,0.05000000000000002,0.31249955065395346,0.25342536625677925,False,0.05907418439717421,False,nan,nan,nan,nan,nan,nan,nan,False,False,False
1191,-60.0,0.9,-0.16,0.3662453006383523,0.12,-0.10392304845413262,0.06000000000000001,0.31249955065395346,0.24330576193966844,False,0.06919378871428503,False,nan,nan,nan,nan,nan,nan,nan,False,False,False
1192,-60.0,0.9,-0.16,0.3662453006383523,0.14,-0.12124355652982141,0.07000000000000002,0.31249955065395346,0.23319716913788296,False,0.0793023815160705,False,nan,nan,nan,nan,nan,nan,nan,False,False,False
1193,-60.0,0.9,-0.12,0.3662453006383523,0.08,-0.06928203230275509,0.04000000000000001,0.28470952925676707,0.23501767856990105,False,0.04969185068686602,False,nan,nan,nan,nan,nan,nan,nan,False,False,False
1194,-60.0,0.9,-0.12,0.3662453006383523,0.1,-0.08660254037844387,0.05000000000000002,0.28470952925676707,0.22466611980502554,False,0.060043409451741525,False,nan,nan,nan,nan,nan,nan,nan,False,False,False
1195,-60.0,0.9,-0.12,0.3662453006383523,0.12,-0.10392304845413262,0.06000000000000001,0.28470952925676707,0.21433551712377394,False,0.07037401213299313,False,nan,nan,nan,nan,nan,nan,nan,False,False,False
1196,-60.0,0.9,-0.12,0.3662453006383523,0.14,-0.12124355652982141,0.07000000000000002,0.28470952925676707,0.20402733589915173,False,0.08068219335761534,False,nan,nan,nan,nan,nan,nan,nan,False,False,False
1197,-60.0,0.9,-0.08,0.3662453006383523,0.08,-0.06928203230275509,0.04000000000000001,0.25798885892356743,0.20824851735313435,False,0.04974034157043308,False,nan,nan,nan,nan,nan,nan,nan,False,False,False
1198,-60.0,0.9,-0.08,0.3662453006383523,0.1,-0.08660254037844387,0.05000000000000002,0.25798885892356743,0.19775811825284634,False,0.060230740670721095,False,nan,nan,nan,nan,nan,nan,nan,False,False,False
1199,-60.0,0.9,-0.08,0.3662453006383523,0.12,-0.10392304845413262,0.06000000000000001,0.25798885892356743,0.18728329697585436,False,0.07070556194771307,False,nan,nan,nan,nan,nan,nan,nan,False,False,False
1200,-60.0,0.9,-0.08,0.3662453006383523,0.14,-0.12124355652982141,0.07000000000000002,0.25798885892356743,0.17682523810535372,False,0.08116362081821371,False,nan,nan,nan,nan,nan,nan,nan,False,False,False
1201,60.0,0.36,-0.24,0.3662453006383523,0.08,0.06928203230275509,0.04000000000000001,0.0020956546124651643,0.0020956546124651643,False,0.0,False,nan,nan,nan,nan,nan,nan,nan,False,False,False
1202,60.0,0.36,-0.24,0.3662453006383523,0.1,0.08660254037844387,0.05000000000000002,0.0020956546124651643,0.0020956546124651643,False,0.0,False,nan,nan,nan,nan,nan,nan,nan,False,False,False
1203,60.0,0.36,-0.24,0.3662453006383523,0.12,0.10392304845413262,0.06000000000000001,0.0020956546124651643,0.0020956546124651643,False,0.0,False,nan,nan,nan,nan,nan,nan,nan,False,False,False
1204,60.0,0.36,-0.24,0.3662453006383523,0.14,0.12124355652982141,0.07000000000000002,0.0020956546124651643,0.0020956546124651643,False,0.0,False,nan,nan,nan,nan,nan,nan,nan,False,False,False
1205,60.0,0.36,-0.2,0.3662453006383523,0.08,0.06928203230275509,0.04000000000000001,-0.0129963503936332,-0.0129963503936332,False,0.0,False,nan,nan,nan,nan,nan,nan,nan,False,False,False
1206,60.0,0.36,-0.2,0.3662453006383523,0.1,0.08660254037844387,0.05000000000000002,-0.0129963503936332,-0.0129963503936332,False,0.0,False,nan,nan,nan,nan,nan,nan,nan,False,False,False
1207,60.0,0.36,-0.2,0.3662453006383523,0.12,0.10392304845413262,0.06000000000000001,-0.0129963503936332,-0.0129963503936332,False,0.0,False,nan,nan,nan,nan,nan,nan,nan,False,False,False
1208,60.0,0.36,-0.2,0.3662453006383523,0.14,0.12124355652982141,0.07000000000000002,-0.0129963503936332,-0.0129963503936332,False,0.0,False,nan,nan,nan,nan,nan,nan,nan,False,False,False
1209,60.0,0.36,-0.16,0.3662453006383523,0.08,0.06928203230275509,0.04000000000000001,-0.02405418770438808,-0.02405418770438808,False,0.0,False,nan,nan,nan,nan,nan,nan,nan,False,False,False
1210,60.0,0.36,-0.16,0.3662453006383523,0.1,0.08660254037844387,0.05000000000000002,-0.02405418770438808,-0.02405418770438808,False,0.0,False,nan,nan,nan,nan,nan,nan,nan,False,False,False
1211,60.0,0.36,-0.16,0.3662453006383523,0.12,0.10392304845413262,0.06000000000000001,-0.02405418770438808,-0.02405418770438808,False,0.0,False,nan,nan,nan,nan,nan,nan,nan,False,False,False
1212,60.0,0.36,-0.16,0.3662453006383523,0.14,0.12124355652982141,0.07000000000000002,-0.02405418770438808,-0.02405418770438808,False,0.0,False,nan,nan,nan,nan,nan,nan,nan,False,False,False
1213,60.0,0.36,-0.12,0.3662453006383523,0.08,0.06928203230275509,0.04000000000000001,-0.03759465340956078,-0.03759465340956078,False,0.0,False,nan,nan,nan,nan,nan,nan,nan,False,False,False
1214,60.0,0.36,-0.12,0.3662453006383523,0.1,0.08660254037844387,0.05000000000000002,-0.03759465340956078,-0.03759465340956078,False,0.0,False,nan,nan,nan,nan,nan,nan,nan,False,False,False
1215,60.0,0.36,-0.12,0.3662453006383523,0.12,0.10392304845413262,0.06000000000000001,-0.03759465340956078,-0.03759465340956078,False,0.0,False,nan,nan,nan,nan,nan,nan,nan,False,False,False
1216,60.0,0.36,-0.12,0.3662453006383523,0.14,0.12124355652982141,0.07000000000000002,-0.03759465340956078,-0.03759465340956078,False,0.0,False,nan,nan,nan,nan,nan,nan,nan,False,False,False
1217,60.0,0.36,-0.08,0.3662453006383523,0.08,0.06928203230275509,0.04000000000000001,-0.0435852433747219,-0.0435852433747219,False,0.0,False,nan,nan,nan,nan,nan,nan,nan,False,False,False
1218,60.0,0.36,-0.08,0.3662453006383523,0.1,0.08660254037844387,0.05000000000000002,-0.0435852433747219,-0.0435852433747219,False,0.0,False,nan,nan,nan,nan,nan,nan,nan,False,False,False
1219,60.0,0.36,-0.08,0.3662453006383523,0.12,0.10392304845413262,0.06000000000000001,-0.0435852433747219,-0.0435852433747219,False,0.0,False,nan,nan,nan,nan,nan,nan,nan,False,False,False
1220,60.0,0.36,-0.08,0.3662453006383523,0.14,0.12124355652982141,0.07000000000000002,-0.0435852433747219,-0.0435852433747219,False,0.0,False,nan,nan,nan,nan,nan,nan,nan,False,False,False
1221,60.0,0.42,-0.24,0.3662453006383523,0.08,0.06928203230275509,0.04000000000000001,0.056931854445468055,0.056931854445468055,False,0.0,False,nan,nan,nan,nan,nan,nan,nan,False,False,False
1222,60.0,0.42,-0.24,0.3662453006383523,0.1,0.08660254037844387,0.05000000000000002,0.056931854445468055,0.056931854445468055,False,0.0,False,nan,nan,nan,nan,nan,nan,nan,False,False,False
1223,60.0,0.42,-0.24,0.3662453006383523,0.12,0.10392304845413262,0.06000000000000001,0.056931854445468055,0.056931854445468055,False,0.0,False,nan,nan,nan,nan,nan,nan,nan,False,False,False
1224,60.0,0.42,-0.24,0.3662453006383523,0.14,0.12124355652982141,0.07000000000000002,0.056931854445468055,0.056931854445468055,False,0.0,False,nan,nan,nan,nan,nan,nan,nan,False,False,False
1225,60.0,0.42,-0.2,0.3662453006383523,0.08,0.06928203230275509,0.04000000000000001,0.04327300817388233,0.04327300817388233,False,0.0,False,nan,nan,nan,nan,nan,nan,nan,False,False,False
1226,60.0,0.42,-0.2,0.3662453006383523,0.1,0.08660254037844387,0.05000000000000002,0.04327300817388233,0.04327300817388233,False,0.0,False,nan,nan,nan,nan,nan,nan,nan,False,False,False
1227,60.0,0.42,-0.2,0.3662453006383523,0.12,0.10392304845413262,0.06000000000000001,0.04327300817388233,0.04327300817388233,False,0.0,False,nan,nan,nan,nan,nan,nan,nan,False,False,False
1228,60.0,0.42,-0.2,0.3662453006383523,0.14,0.12124355652982141,0.07000000000000002,0.04327300817388233,0.04327300817388233,False,0.0,False,nan,nan,nan,nan,nan,nan,nan,False,False,False
1229,60.0,0.42,-0.16,0.3662453006383523,0.08,0.06928203230275509,0.04000000000000001,0.03071552789993251,0.03071552789993251,False,0.0,False,nan,nan,nan,nan,nan,nan,nan,False,False,False
1230,60.0,0.42,-0.16,0.3662453006383523,0.1,0.08660254037844387,0.05000000000000002,0.03071552789993251,0.03071552789993251,False,0.0,False,nan,nan,nan,nan,nan,nan,nan,False,False,False
1231,60.0,0.42,-0.16,0.3662453006383523,0.12,0.10392304845413262,0.06000000000000001,0.03071552789993251,0.03071552789993251,False,0.0,False,nan,nan,nan,nan,nan,nan,nan,False,False,False
1232,60.0,0.42,-0.16,0.3662453006383523,0.14,0.12124355652982141,0.07000000000000002,0.03071552789993251,0.03071552789993251,False,0.0,False,nan,nan,nan,nan,nan,nan,nan,False,False,False
1233,60.0,0.42,-0.12,0.3662453006383523,0.08,0.06928203230275509,0.04000000000000001,0.018418107678528972,0.018418107678528972,False,0.0,False,nan,nan,nan,nan,nan,nan,nan,False,False,False
1234,60.0,0.42,-0.12,0.3662453006383523,0.1,0.08660254037844387,0.05000000000000002,0.018418107678528972,0.018418107678528972,False,0.0,False,nan,nan,nan,nan,nan,nan,nan,False,False,False
1235,60.0,0.42,-0.12,0.3662453006383523,0.12,0.10392304845413262,0.06000000000000001,0.018418107678528972,0.018418107678528972,False,0.0,False,nan,nan,nan,nan,nan,nan,nan,False,False,False
1236,60.0,0.42,-0.12,0.3662453006383523,0.14,0.12124355652982141,0.07000000000000002,0.018418107678528972,0.018418107678528972,False,0.0,False,nan,nan,nan,nan,nan,nan,nan,False,False,False
1237,60.0,0.42,-0.08,0.3662453006383523,0.08,0.06928203230275509,0.04000000000000001,0.014412181669531676,0.014412181669531676,False,0.0,False,nan,nan,nan,nan,nan,nan,nan,False,False,False
1238,60.0,0.42,-0.08,0.3662453006383523,0.1,0.08660254037844387,0.05000000000000002,0.014412181669531676,0.014412181669531676,False,0.0,False,nan,nan,nan,nan,nan,nan,nan,False,False,False
1239,60.0,0.42,-0.08,0.3662453006383523,0.12,0.10392304845413262,0.06000000000000001,0.014412181669531676,0.014412181669531676,False,0.0,False,nan,nan,nan,nan,nan,nan,nan,False,False,False
1240,60.0,0.42,-0.08,0.3662453006383523,0.14,0.12124355652982141,0.07000000000000002,0.014412181669531676,0.014412181669531676,False,0.0,False,nan,nan,nan,nan,nan,nan,nan,False,False,False
1241,60.0,0.48,-0.24,0.3662453006383523,0.08,0.06928203230275509,0.04000000000000001,0.11126117483230785,0.11126117483230785,False,0.0,False,nan,nan,nan,nan,nan,nan,nan,False,False,False
1242,60.0,0.48,-0.24,0.3662453006383523,0.1,0.08660254037844387,0.05000000000000002,0.11126117483230785,0.11126117483230785,False,0.0,False,nan,nan,nan,nan,nan,nan,nan,False,False,False
1243,60.0,0.48,-0.24,0.3662453006383523,0.12,0.10392304845413262,0.06000000000000001,0.11126117483230785,0.11126117483230785,False,0.0,False,nan,nan,nan,nan,nan,nan,nan,False,False,False
1244,60.0,0.48,-0.24,0.3662453006383523,0.14,0.12124355652982141,0.07000000000000002,0.11126117483230785,0.11126117483230785,False,0.0,False,nan,nan,nan,nan,nan,nan,nan,False,False,False
1245,60.0,0.48,-0.2,0.3662453006383523,0.08,0.06928203230275509,0.04000000000000001,0.09518175441206883,0.09518175441206883,False,0.0,False,nan,nan,nan,nan,nan,nan,nan,False,False,False
1246,60.0,0.48,-0.2,0.3662453006383523,0.1,0.08660254037844387,0.05000000000000002,0.09518175441206883,0.09518175441206883,False,0.0,False,nan,nan,nan,nan,nan,nan,nan,False,False,False
1247,60.0,0.48,-0.2,0.3662453006383523,0.12,0.10392304845413262,0.06000000000000001,0.09518175441206883,0.09518175441206883,False,0.0,False,nan,nan,nan,nan,nan,nan,nan,False,False,False
1248,60.0,0.48,-0.2,0.3662453006383523,0.14,0.12124355652982141,0.07000000000000002,0.09518175441206883,0.09518175441206883,False,0.0,False,nan,nan,nan,nan,nan,nan,nan,False,False,False
1249,60.0,0.48,-0.16,0.3662453006383523,0.08,0.06928203230275509,0.04000000000000001,0.08318114364293594,0.08318114364293594,False,0.0,False,nan,nan,nan,nan,nan,nan,nan,False,False,False
1250,60.0,0.48,-0.16,0.3662453006383523,0.1,0.08660254037844387,0.05000000000000002,0.08318114364293594,0.08318114364293594,False,0.0,False,nan,nan,nan,nan,nan,nan,nan,False,False,False
1251,60.0,0.48,-0.16,0.3662453006383523,0.12,0.10392304845413262,0.06000000000000001,0.08318114364293594,0.08318114364293594,False,0.0,False,nan,nan,nan,nan,nan,nan,nan,False,False,False
1252,60.0,0.48,-0.16,0.3662453006383523,0.14,0.12124355652982141,0.07000000000000002,0.08318114364293594,0.08318114364293594,False,0.0,False,nan,nan,nan,nan,nan,nan,nan,False,False,False
1253,60.0,0.48,-0.12,0.3662453006383523,0.08,0.06928203230275509,0.04000000000000001,0.07267282036065864,0.07267282036065864,False,0.0,False,nan,nan,nan,nan,nan,nan,nan,False,False,False
1254,60.0,0.48,-0.12,0.3662453006383523,0.1,0.08660254037844387,0.05000000000000002,0.07267282036065864,0.07267282036065864,False,0.0,False,nan,nan,nan,nan,nan,nan,nan,False,False,False
1255,60.0,0.48,-0.12,0.3662453006383523,0.12,0.10392304845413262,0.06000000000000001,0.07267282036065864,0.07267282036065864,False,0.0,False,nan,nan,nan,nan,nan,nan,nan,False,False,False
1256,60.0,0.48,-0.12,0.3662453006383523,0.14,0.12124355652982141,0.07000000000000002,0.07267282036065864,0.07267282036065864,False,0.0,False,nan,nan,nan,nan,nan,nan,nan,False,False,False
1257,60.0,0.48,-0.08,0.3662453006383523,0.08,0.06928203230275509,0.04000000000000001,0.06889907582064567,0.06620885735760343,False,0.0026902184630422377,False,nan,nan,nan,nan,nan,nan,nan,False,False,False
1258,60.0,0.48,-0.08,0.3662453006383523,0.1,0.08660254037844387,0.05000000000000002,0.06889907582064567,0.05996658998337656,False,0.008932485837269105,False,nan,nan,nan,nan,nan,nan,nan,False,False,False
1259,60.0,0.48,-0.08,0.3662453006383523,0.12,0.10392304845413262,0.06000000000000001,0.06889907582064567,0.05399720313230291,False,0.014901872688342754,False,nan,nan,nan,nan,nan,nan,nan,False,False,False
1260,60.0,0.48,-0.08,0.3662453006383523,0.14,0.12124355652982141,0.07000000000000002,0.06889907582064567,0.04831741237164228,False,0.02058166344900339,False,nan,nan,nan,nan,nan,nan,nan,False,False,False
1261,60.0,0.54,-0.24,0.3662453006383523,0.08,0.06928203230275509,0.04000000000000001,0.1585270465301356,0.1585270465301356,False,0.0,False,nan,nan,nan,nan,nan,nan,nan,False,False,False
1262,60.0,0.54,-0.24,0.3662453006383523,0.1,0.08660254037844387,0.05000000000000002,0.1585270465301356,0.1585270465301356,False,0.0,False,nan,nan,nan,nan,nan,nan,nan,False,False,False
1263,60.0,0.54,-0.24,0.3662453006383523,0.12,0.10392304845413262,0.06000000000000001,0.1585270465301356,0.1585270465301356,False,0.0,False,nan,nan,nan,nan,nan,nan,nan,False,False,False
1264,60.0,0.54,-0.24,0.3662453006383523,0.14,0.12124355652982141,0.07000000000000002,0.1585270465301356,0.1585270465301356,False,0.0,False,nan,nan,nan,nan,nan,nan,nan,False,False,False
1265,60.0,0.54,-0.2,0.3662453006383523,0.08,0.06928203230275509,0.04000000000000001,0.1416571394353583,0.1416571394353583,False,0.0,False,nan,nan,nan,nan,nan,nan,nan,False,False,False
1266,60.0,0.54,-0.2,0.3662453006383523,0.1,0.08660254037844387,0.05000000000000002,0.1416571394353583,0.1416571394353583,False,0.0,False,nan,nan,nan,nan,nan,nan,nan,False,False,False
1267,60.0,0.54,-0.2,0.3662453006383523,0.12,0.10392304845413262,0.06000000000000001,0.1416571394353583,0.1416571394353583,False,0.0,False,nan,nan,nan,nan,nan,nan,nan,False,False,False
1268,60.0,0.54,-0.2,0.3662453006383523,0.14,0.12124355652982141,0.07000000000000002,0.1416571394353583,0.1416571394353583,False,0.0,False,nan,nan,nan,nan,nan,nan,nan,False,False,False
1269,60.0,0.54,-0.16,0.3662453006383523,0.08,0.06928203230275509,0.04000000000000001,0.12881598933347121,0.12881598933347121,False,0.0,False,nan,nan,nan,nan,nan,nan,nan,False,False,False
1270,60.0,0.54,-0.16,0.3662453006383523,0.1,0.08660254037844387,0.05000000000000002,0.12881598933347121,0.12881598933347121,False,0.0,False,nan,nan,nan,nan,nan,nan,nan,False,False,False
1271,60.0,0.54,-0.16,0.3662453006383523,0.12,0.10392304845413262,0.06000000000000001,0.12881598933347121,0.12881598933347121,False,0.0,False,nan,nan,nan,nan,nan,nan,nan,False,False,False
1272,60.0,0.54,-0.16,0.3662453006383523,0.14,0.12124355652982141,0.07000000000000002,0.12881598933347121,0.12622592037139102,False,0.002590068962080194,False,nan,nan,nan,nan,nan,nan,nan,False,False,False
1273,60.0,0.54,-0.12,0.3662453006383523,0.08,0.06928203230275509,0.04000000000000001,0.12005253817376865,0.10217472505538464,True,0.017877813118384017,False,nan,nan,nan,nan,nan,nan,nan,False,False,False
1274,60.0,0.54,-0.12,0.3662453006383523,0.1,0.08660254037844387,0.05000000000000002,0.12005253817376865,0.09764999779873479,True,0.022402540375033864,False,nan,nan,nan,nan,nan,nan,nan,False,False,False
1275,60.0,0.54,-0.12,0.3662453006383523,0.12,0.10392304845413262,0.06000000000000001,0.12005253817376865,0.09341493587419333,True,0.02663760229957532,False,nan,nan,nan,nan,nan,nan,nan,False,False,False
1276,60.0,0.54,-0.12,0.3662453006383523,0.14,0.12124355652982141,0.07000000000000002,0.12005253817376865,0.0894796809658257,True,0.03057285720794295,False,nan,nan,nan,nan,nan,nan,nan,False,False,False
1277,60.0,0.54,-0.08,0.3662453006383523,0.08,0.06928203230275509,0.04000000000000001,0.09607351250836399,0.06553305345434088,False,0.03054045905402311,False,nan,nan,nan,nan,nan,nan,nan,False,False,False
1278,60.0,0.54,-0.08,0.3662453006383523,0.1,0.08660254037844387,0.05000000000000002,0.09607351250836399,0.06124857729117533,False,0.03482493521718866,False,nan,nan,nan,nan,nan,nan,nan,False,False,False
1279,60.0,0.54,-0.08,0.3662453006383523,0.12,0.10392304845413262,0.06000000000000001,0.09607351250836399,0.0573004748132587,False,0.03877303769510529,False,nan,nan,nan,nan,nan,nan,nan,False,False,False
1280,60.0,0.54,-0.08,0.3662453006383523,0.14,0.12124355652982141,0.07000000000000002,0.09607351250836399,0.053701032806999116,False,0.042372479701364874,False,nan,nan,nan,nan,nan,nan,nan,False,False,False
1281,60.0,0.6,-0.24,0.3662453006383523,0.08,0.06928203230275509,0.04000000000000001,0.20482794557359657,0.20482794557359657,False,0.0,False,nan,nan,nan,nan,nan,nan,nan,False,False,False
1282,60.0,0.6,-0.24,0.3662453006383523,0.1,0.08660254037844387,0.05000000000000002,0.20482794557359657,0.20482794557359657,False,0.0,False,nan,nan,nan,nan,nan,nan,nan,False,False,False
1283,60.0,0.6,-0.24,0.3662453006383523,0.12,0.10392304845413262,0.06000000000000001,0.20482794557359657,0.20482794557359657,False,0.0,False,nan,nan,nan,nan,nan,nan,nan,False,False,False
1284,60.0,0.6,-0.24,0.3662453006383523,0.14,0.12124355652982141,0.07000000000000002,0.20482794557359657,0.20482794557359657,False,0.0,False,nan,nan,nan,nan,nan,nan,nan,False,False,False
1285,60.0,0.6,-0.2,0.3662453006383523,0.08,0.06928203230275509,0.04000000000000001,0.1902237656897205,0.18638920057465055,False,0.003834565115069938,False,nan,nan,nan,nan,nan,nan,nan,False,False,False
1286,60.0,0.6,-0.2,0.3662453006383523,0.1,0.08660254037844387,0.05000000000000002,0.1902237656897205,0.18298790085161887,False,0.007235864838101624,False,nan,nan,nan,nan,nan,nan,nan,False,False,False
1287,60.0,0.6,-0.2,0.3662453006383523,0.12,0.10392304845413262,0.06000000000000001,0.1902237656897205,0.1798295423539972,False,0.01039422333572329,False,nan,nan,nan,nan,nan,nan,nan,False,False,False
1288,60.0,0.6,-0.2,0.3662453006383523,0.14,0.12124355652982141,0.07000000000000002,0.1902237656897205,0.1769186272583505,False,0.01330513843136999,False,nan,nan,nan,nan,nan,nan,nan,False,False,False
1289,60.0,0.6,-0.16,0.3662453006383523,0.08,0.06928203230275509,0.04000000000000001,0.17496008865397916,0.14942302344601302,False,0.025537065207966142,False,nan,nan,nan,nan,nan,nan,nan,False,False,False
1290,60.0,0.6,-0.16,0.3662453006383523,0.1,0.08660254037844387,0.05000000000000002,0.17496008865397916,0.14631889229354228,False,0.028641196360436882,False,nan,nan,nan,nan,nan,nan,nan,False,False,False
1291,60.0,0.6,-0.16,0.3662453006383523,0.12,0.10392304845413262,0.06000000000000001,0.17496008865397916,0.14348732244546417,False,0.031472766208514996,False,nan,nan,nan,nan,nan,nan,nan,False,False,False
1292,60.0,0.6,-0.16,0.3662453006383523,0.14,0.12124355652982141,0.07000000000000002,0.17496008865397916,0.14093311790275098,False,0.03402697075122818,False,nan,nan,nan,nan,nan,nan,nan,False,False,False
1293,60.0,0.6,-0.12,0.3662453006383523,0.08,0.06928203230275509,0.04000000000000001,0.1374618194243804,0.11319744510743904,True,0.024264374316941367,True,0.12273788553980566,0.13204104803222608,45.47866602661088,0.14144104803222607,0.13745693895206493,0.13745693895206493,0.5,False,False,False
1294,60.0,0.6,-0.12,0.3662453006383523,0.1,0.08660254037844387,0.05000000000000002,0.1374618194243804,0.11046497817011608,True,0.026996841254264325,True,0.11983698978780902,0.12985575962776336,47.145869000814855,0.14085575962776337,0.13947712970383053,0.14001171582898886,0.30000000000000004,False,False,False
1295,60.0,0.6,-0.12,0.3662453006383523,0.12,0.10392304845413262,0.06000000000000001,0.1374618194243804,0.10804110671441106,True,0.02942071270996935,True,0.11446788943036243,0.1251097313475221,49.191716010682285,0.1385029286208178,0.1385029286208178,0.14323961971603752,0.0,False,True,False
1296,60.0,0.6,-0.12,0.3662453006383523,0.14,0.12124355652982141,0.07000000000000002,0.1374618194243804,0.10593066797312178,True,0.03153115145125862,True,0.11285790330065604,0.12363206685337025,45.76387902488932,0.14066378729855916,0.14066378729855916,0.1470690619206778,0.0,True,True,True
1297,60.0,0.6,-0.08,0.3662453006383523,0.08,0.06928203230275509,0.04000000000000001,0.10061404566209836,0.07799959033338491,False,0.02261445532871345,False,nan,nan,nan,nan,nan,nan,nan,False,False,False
1298,60.0,0.6,-0.08,0.3662453006383523,0.1,0.08660254037844387,0.05000000000000002,0.10061404566209836,0.07574057434584686,False,0.024873471316251505,False,nan,nan,nan,nan,nan,nan,nan,False,False,False
1299,60.0,0.6,-0.08,0.3662453006383523,0.12,0.10392304845413262,0.06000000000000001,0.10061404566209836,0.07383397027192659,False,0.02678007539017177,False,nan,nan,nan,nan,nan,nan,nan,False,False,False
1300,60.0,0.6,-0.08,0.3662453006383523,0.14,0.12124355652982141,0.07000000000000002,0.10061404566209836,0.07228399955467135,False,0.02833004610742701,False,nan,nan,nan,nan,nan,nan,nan,False,False,False
1301,60.0,0.66,-0.24,0.3662453006383523,0.08,0.06928203230275509,0.04000000000000001,0.2546931154696529,0.24005897034991955,False,0.01463414511973335,False,nan,nan,nan,nan,nan,nan,nan,False,False,False
1302,60.0,0.66,-0.24,0.3662453006383523,0.1,0.08660254037844387,0.05000000000000002,0.2546931154696529,0.23770032520607998,False,0.01699279026357292,False,nan,nan,nan,nan,nan,nan,nan,False,False,False
1303,60.0,0.66,-0.24,0.3662453006383523,0.12,0.10392304845413262,0.06000000000000001,0.2546931154696529,0.2355636770357896,False,0.019129438433863305,False,nan,nan,nan,nan,nan,nan,nan,False,False,False
1304,60.0,0.66,-0.24,0.3662453006383523,0.14,0.12124355652982141,0.07000000000000002,0.2546931154696529,0.233651055882091,False,0.02104205958756189,False,nan,nan,nan,nan,nan,nan,nan,False,False,False
1305,60.0,0.66,-0.2,0.3662453006383523,0.08,0.06928203230275509,0.04000000000000001,0.22479862186126287,0.2040384616472706,False,0.020760160213992268,False,nan,nan,nan,nan,nan,nan,nan,False,False,False
1306,60.0,0.66,-0.2,0.3662453006383523,0.1,0.08660254037844387,0.05000000000000002,0.22479862186126287,0.20203491504005705,False,0.02276370682120582,False,nan,nan,nan,nan,nan,nan,nan,False,False,False
1307,60.0,0.66,-0.2,0.3662453006383523,0.12,0.10392304845413262,0.06000000000000001,0.22479862186126287,0.20027517863734814,False,0.024523443223914726,False,nan,nan,nan,nan,nan,nan,nan,False,False,False
1308,60.0,0.66,-0.2,0.3662453006383523,0.14,0.12124355652982141,0.07000000000000002,0.22479862186126287,0.19876099164748406,False,0.026037630213778806,False,nan,nan,nan,nan,nan,nan,nan,False,False,False
1309,60.0,0.66,-0.16,0.3662453006383523,0.08,0.06928203230275509,0.04000000000000001,0.1879979445145714,0.1688336283976152,False,0.01916431611695621,False,nan,nan,nan,nan,nan,nan,nan,False,False,False
1310,60.0,0.66,-0.16,0.3662453006383523,0.1,0.08660254037844387,0.05000000000000002,0.1879979445145714,0.16725575780832036,False,0.020742186706251053,False,nan,nan,nan,nan,nan,nan,nan,False,False,False
1311,60.0,0.66,-0.16,0.3662453006383523,0.12,0.10392304845413262,0.06000000000000001,0.1879979445145714,0.16594661445291084,False,0.022051330061660573,False,nan,nan,nan,nan,nan,nan,nan,False,False,False
1312,60.0,0.66,-0.16,0.3662453006383523,0.14,0.12124355652982141,0.07000000000000002,0.1879979445145714,0.16490730838616746,False,0.023090636128403952,False,nan,nan,nan,nan,nan,nan,nan,False,False,False
1313,60.0,0.66,-0.12,0.3662453006383523,0.08,0.06928203230275509,0.04000000000000001,0.15190068367831916,0.13470007518155833,True,0.017200608496760833,False,0.14420090888183498,0.14983549401066612,45.166901021730155,nan,nan,nan,nan,False,False,False
1314,60.0,0.66,-0.12,0.3662453006383523,0.1,0.08660254037844387,0.05000000000000002,0.15190068367831916,0.13363743830768976,True,0.0182632453706294,False,0.1431175920718033,0.14882377463585333,45.681276998948306,nan,nan,nan,nan,False,False,False
1315,60.0,0.66,-0.12,0.3662453006383523,0.12,0.10392304845413262,0.06000000000000001,0.15190068367831916,0.13287152301860375,True,0.01902916065971541,False,0.14216693822017726,0.14809010757300234,45.52628501551226,nan,nan,nan,nan,False,False,False
1316,60.0,0.66,-0.12,0.3662453006383523,0.14,0.12124355652982141,0.07000000000000002,0.15190068367831916,0.1324022393518211,True,0.019498444326498054,False,0.14147342368212884,0.1475645486340879,50.0865260255523,nan,nan,nan,nan,False,False,False
1317,60.0,0.66,-0.08,0.3662453006383523,0.08,0.06928203230275509,0.04000000000000001,0.11674913256168179,0.10199832602746636,False,0.014750806534215427,False,nan,nan,nan,nan,nan,nan,nan,False,False,False
1318,60.0,0.66,-0.08,0.3662453006383523,0.1,0.08660254037844387,0.05000000000000002,0.11674913256168179,0.10109648933502252,False,0.01565264322665927,False,nan,nan,nan,nan,nan,nan,nan,False,False,False
1319,60.0,0.66,-0.08,0.3662453006383523,0.12,0.10392304845413262,0.06000000000000001,0.11674913256168179,0.10035025147383028,False,0.016398881087851508,False,nan,nan,nan,nan,nan,nan,nan,False,False,False
1320,60.0,0.66,-0.08,0.3662453006383523,0.14,0.12124355652982141,0.07000000000000002,0.11674913256168179,0.09993227251993742,False,0.016816860041744375,False,nan,nan,nan,nan,nan,nan,nan,False,False,False
1321,60.0,0.72,-0.24,0.3662453006383523,0.08,0.06928203230275509,0.04000000000000001,0.2803522316786447,0.26343733888935994,False,0.016914892789284763,False,nan,nan,nan,nan,nan,nan,nan,False,False,False
1322,60.0,0.72,-0.24,0.3662453006383523,0.1,0.08660254037844387,0.05000000000000002,0.2803522316786447,0.26227466964073126,False,0.01807756203791344,False,nan,nan,nan,nan,nan,nan,nan,False,False,False
1323,60.0,0.72,-0.24,0.3662453006383523,0.12,0.10392304845413262,0.06000000000000001,0.2803522316786447,0.261326642071378,False,0.01902558960726669,False,nan,nan,nan,nan,nan,nan,nan,False,False,False
1324,60.0,0.72,-0.24,0.3662453006383523,0.14,0.12124355652982141,0.07000000000000002,0.2803522316786447,0.26059346096772285,False,0.019758770710921858,False,nan,nan,nan,nan,nan,nan,nan,False,False,False
1325,60.0,0.72,-0.2,0.3662453006383523,0.08,0.06928203230275509,0.04000000000000001,0.24455742860895813,0.22937131904282318,False,0.015186109566134948,False,nan,nan,nan,nan,nan,nan,nan,False,False,False
1326,60.0,0.72,-0.2,0.3662453006383523,0.1,0.08660254037844387,0.05000000000000002,0.24455742860895813,0.22864332923935216,False,0.015914099369605972,False,nan,nan,nan,nan,nan,nan,nan,False,False,False
1327,60.0,0.72,-0.2,0.3662453006383523,0.12,0.10392304845413262,0.06000000000000001,0.24455742860895813,0.22814675979925217,False,0.01641066880970596,False,nan,nan,nan,nan,nan,nan,nan,False,False,False
1328,60.0,0.72,-0.2,0.3662453006383523,0.14,0.12124355652982141,0.07000000000000002,0.24455742860895813,0.2278811239196929,False,0.01667630468926523,False,nan,nan,nan,nan,nan,nan,nan,False,False,False
1329,60.0,0.72,-0.16,0.3662453006383523,0.08,0.06928203230275509,0.04000000000000001,0.20954591479607237,0.19640870575200162,False,0.013137209044070758,False,nan,nan,nan,nan,nan,nan,nan,False,False,False
1330,60.0,0.72,-0.16,0.3662453006383523,0.1,0.08660254037844387,0.05000000000000002,0.20954591479607237,0.19618767052368147,False,0.013358244272390907,False,nan,nan,nan,nan,nan,nan,nan,False,False,False
1331,60.0,0.72,-0.16,0.3662453006383523,0.12,0.10392304845413262,0.06000000000000001,0.20954591479607237,0.19621570277158126,False,0.013330212024491112,False,nan,nan,nan,nan,nan,nan,nan,False,False,False
1332,60.0,0.72,-0.16,0.3662453006383523,0.14,0.12124355652982141,0.07000000000000002,0.20954591479607237,0.19649126093946173,False,0.013054653856610643,False,nan,nan,nan,nan,nan,nan,nan,False,False,False
1333,60.0,0.72,-0.12,0.3662453006383523,0.08,0.06928203230275509,0.04000000000000001,0.17553814830893288,0.16484668245097392,False,0.010691465857958965,False,nan,nan,nan,nan,nan,nan,nan,False,False,False
1334,60.0,0.72,-0.12,0.3662453006383523,0.1,0.08660254037844387,0.05000000000000002,0.17553814830893288,0.1652184868610792,False,0.010319661447853679,False,nan,nan,nan,nan,nan,nan,nan,False,False,False
1335,60.0,0.72,-0.12,0.3662453006383523,0.12,0.10392304845413262,0.06000000000000001,0.17553814830893288,0.16563613683898973,False,0.009902011469943156,False,nan,nan,nan,nan,nan,nan,nan,False,False,False
1336,60.0,0.72,-0.12,0.3662453006383523,0.14,0.12124355652982141,0.07000000000000002,0.17553814830893288,0.1660135515704519,False,0.009524596738480995,False,nan,nan,nan,nan,nan,nan,nan,False,False,False
1337,60.0,0.72,-0.08,0.3662453006383523,0.08,0.06928203230275509,0.04000000000000001,0.14283492829255073,0.13343595291545066,True,0.009398975377100077,False,0.13870834902507878,0.14278164718137007,45.24092504289001,nan,nan,nan,nan,False,False,False
1338,60.0,0.72,-0.08,0.3662453006383523,0.1,0.08660254037844387,0.05000000000000002,0.14283492829255073,0.13393141254783497,True,0.008903515744715762,False,0.13862224493733105,0.14275791169342888,45.48596200766042,nan,nan,nan,nan,False,False,False
1339,60.0,0.72,-0.08,0.3662453006383523,0.12,0.10392304845413262,0.06000000000000001,0.14283492829255073,0.13471722154628105,True,0.008117706746269687,False,0.13855174576236823,0.14273638478402428,45.30446499120444,nan,nan,nan,nan,False,False,False
1340,60.0,0.72,-0.08,0.3662453006383523,0.14,0.12124355652982141,0.07000000000000002,0.14283492829255073,0.13578932499267476,True,0.007045603299875969,False,0.13849024272056146,0.14271647949933752,45.19067401997745,nan,nan,nan,nan,False,False,False
1341,60.0,0.78,-0.24,0.3662453006383523,0.08,0.06928203230275509,0.04000000000000001,0.30511197026401987,0.2930171576773921,False,0.012094812586627757,False,nan,nan,nan,nan,nan,nan,nan,False,False,False
1342,60.0,0.78,-0.24,0.3662453006383523,0.1,0.08660254037844387,0.05000000000000002,0.30511197026401987,0.29292448299020407,False,0.0121874872738158,False,nan,nan,nan,nan,nan,nan,nan,False,False,False
1343,60.0,0.78,-0.24,0.3662453006383523,0.12,0.10392304845413262,0.06000000000000001,0.30511197026401987,0.29303201189157657,False,0.0120799583724433,False,nan,nan,nan,nan,nan,nan,nan,False,False,False
1344,60.0,0.78,-0.24,0.3662453006383523,0.14,0.12124355652982141,0.07000000000000002,0.30511197026401987,0.2933386502991882,False,0.011773319964831663,False,nan,nan,nan,nan,nan,nan,nan,False,False,False
1345,60.0,0.78,-0.2,0.3662453006383523,0.08,0.06928203230275509,0.04000000000000001,0.27121080681527077,0.26112987126299836,False,0.010080935552272408,False,nan,nan,nan,nan,nan,nan,nan,False,False,False
1346,60.0,0.78,-0.2,0.3662453006383523,0.1,0.08660254037844387,0.05000000000000002,0.27121080681527077,0.26151628544272465,False,0.009694521372546117,False,nan,nan,nan,nan,nan,nan,nan,False,False,False
1347,60.0,0.78,-0.2,0.3662453006383523,0.12,0.10392304845413262,0.06000000000000001,0.27121080681527077,0.26211423997236927,False,0.009096566842901499,False,nan,nan,nan,nan,nan,nan,nan,False,False,False
1348,60.0,0.78,-0.2,0.3662453006383523,0.14,0.12124355652982141,0.07000000000000002,0.27121080681527077,0.26292183830893556,False,0.008288968506335204,False,nan,nan,nan,nan,nan,nan,nan,False,False,False
1349,60.0,0.78,-0.16,0.3662453006383523,0.08,0.06928203230275509,0.04000000000000001,0.23834436308274115,0.23059140801497893,False,0.007752955067762218,False,nan,nan,nan,nan,nan,nan,nan,False,False,False
1350,60.0,0.78,-0.16,0.3662453006383523,0.1,0.08660254037844387,0.05000000000000002,0.23834436308274115,0.23152149462253652,False,0.006822868460204634,False,nan,nan,nan,nan,nan,nan,nan,False,False,False
1351,60.0,0.78,-0.16,0.3662453006383523,0.12,0.10392304845413262,0.06000000000000001,0.23834436308274115,0.23267375627119705,False,0.005670606811544104,False,nan,nan,nan,nan,nan,nan,nan,False,False,False
1352,60.0,0.78,-0.16,0.3662453006383523,0.14,0.12124355652982141,0.07000000000000002,0.23834436308274115,0.23374389565018577,False,0.004600467432555377,False,nan,nan,nan,nan,nan,nan,nan,False,False,False
1353,60.0,0.78,-0.12,0.3662453006383523,0.08,0.06928203230275509,0.04000000000000001,0.20676492101429228,0.20097185267435405,False,0.005793068339938229,False,nan,nan,nan,nan,nan,nan,nan,False,False,False
1354,60.0,0.78,-0.12,0.3662453006383523,0.1,0.08660254037844387,0.05000000000000002,0.20676492101429228,0.20204044043969527,False,0.004724480574597012,False,nan,nan,nan,nan,nan,nan,nan,False,False,False
1355,60.0,0.78,-0.12,0.3662453006383523,0.12,0.10392304845413262,0.06000000000000001,0.20676492101429228,0.2033459817777594,False,0.0034189392365328863,False,nan,nan,nan,nan,nan,nan,nan,False,False,False
1356,60.0,0.78,-0.12,0.3662453006383523,0.14,0.12124355652982141,0.07000000000000002,0.20676492101429228,0.2041875743729821,False,0.0025773466413101798,False,nan,nan,nan,nan,nan,nan,nan,False,False,False
1357,60.0,0.78,-0.08,0.3662453006383523,0.08,0.06928203230275509,0.04000000000000001,0.17634096748199984,0.17177525997936852,False,0.004565707502631328,False,nan,nan,nan,nan,nan,nan,nan,False,False,False
1358,60.0,0.78,-0.08,0.3662453006383523,0.1,0.08660254037844387,0.05000000000000002,0.17634096748199984,0.1732165824975841,False,0.003124384984415751,False,nan,nan,nan,nan,nan,nan,nan,False,False,False
1359,60.0,0.78,-0.08,0.3662453006383523,0.12,0.10392304845413262,0.06000000000000001,0.17634096748199984,0.17404808752635537,False,0.002292879955644478,False,nan,nan,nan,nan,nan,nan,nan,False,False,False
1360,60.0,0.78,-0.08,0.3662453006383523,0.14,0.12124355652982141,0.07000000000000002,0.17634096748199984,0.17497053391557163,False,0.0013704335664282141,False,nan,nan,nan,nan,nan,nan,nan,False,False,False
1361,60.0,0.84,-0.24,0.3662453006383523,0.08,0.06928203230275509,0.04000000000000001,0.3355027154871771,0.327761548621747,False,0.0077411668654300825,False,nan,nan,nan,nan,nan,nan,nan,False,False,False
1362,60.0,0.84,-0.24,0.3662453006383523,0.1,0.08660254037844387,0.05000000000000002,0.3355027154871771,0.32860045849031305,False,0.006902256996864031,False,nan,nan,nan,nan,nan,nan,nan,False,False,False
1363,60.0,0.84,-0.24,0.3662453006383523,0.12,0.10392304845413262,0.06000000000000001,0.3355027154871771,0.3296217438856234,False,0.005880971601553708,False,nan,nan,nan,nan,nan,nan,nan,False,False,False
1364,60.0,0.84,-0.24,0.3662453006383523,0.14,0.12124355652982141,0.07000000000000002,0.3355027154871771,0.330781760738799,False,0.004720954748378081,False,nan,nan,nan,nan,nan,nan,nan,False,False,False
1365,60.0,0.84,-0.2,0.3662453006383523,0.08,0.06928203230275509,0.04000000000000001,0.3036605024567632,0.29809253746809183,False,0.005567964988671348,False,nan,nan,nan,nan,nan,nan,nan,False,False,False
1366,60.0,0.84,-0.2,0.3662453006383523,0.1,0.08660254037844387,0.05000000000000002,0.3036605024567632,0.2994262827057772,False,0.004234219750985979,False,nan,nan,nan,nan,nan,nan,nan,False,False,False
1367,60.0,0.84,-0.2,0.3662453006383523,0.12,0.10392304845413262,0.06000000000000001,0.3036605024567632,0.3005644188395969,False,0.0030960836171662898,False,nan,nan,nan,nan,nan,nan,nan,False,False,False
1368,60.0,0.84,-0.2,0.3662453006383523,0.14,0.12124355652982141,0.07000000000000002,0.3036605024567632,0.30127114361623086,False,0.0023893588405323185,False,nan,nan,nan,nan,nan,nan,nan,False,False,False
1369,60.0,0.84,-0.16,0.3662453006383523,0.08,0.06928203230275509,0.04000000000000001,0.27306471818893263,0.2698623757146399,False,0.003202342474292741,False,nan,nan,nan,nan,nan,nan,nan,False,False,False
1370,60.0,0.84,-0.16,0.3662453006383523,0.1,0.08660254037844387,0.05000000000000002,0.27306471818893263,0.2711138780784954,False,0.0019508401104372242,False,nan,nan,nan,nan,nan,nan,nan,False,False,False
1371,60.0,0.84,-0.16,0.3662453006383523,0.12,0.10392304845413262,0.06000000000000001,0.27306471818893263,0.2720730262605547,False,0.0009916919283779468,False,nan,nan,nan,nan,nan,nan,nan,False,False,False
1372,60.0,0.84,-0.16,0.3662453006383523,0.14,0.12124355652982141,0.07000000000000002,0.27306471818893263,0.272831165986238,False,0.00023355220269460908,False,nan,nan,nan,nan,nan,nan,nan,False,False,False
1373,60.0,0.84,-0.12,0.3662453006383523,0.08,0.06928203230275509,0.04000000000000001,0.24397443189445966,0.24159314488650527,False,0.002381287007954397,False,nan,nan,nan,nan,nan,nan,nan,False,False,False
1374,60.0,0.84,-0.12,0.3662453006383523,0.1,0.08660254037844387,0.05000000000000002,0.24397443189445966,0.24259864605343023,False,0.001375785841029431,False,nan,nan,nan,nan,nan,nan,nan,False,False,False
1375,60.0,0.84,-0.12,0.3662453006383523,0.12,0.10392304845413262,0.06000000000000001,0.24397443189445966,0.24365656726779938,False,0.00031786462666028026,False,nan,nan,nan,nan,nan,nan,nan,False,False,False
1376,60.0,0.84,-0.12,0.3662453006383523,0.14,0.12124355652982141,0.07000000000000002,0.24397443189445966,0.24397443189445966,False,0.0,False,nan,nan,nan,nan,nan,nan,nan,False,False,False
1377,60.0,0.84,-0.08,0.3662453006383523,0.08,0.06928203230275509,0.04000000000000001,0.2148285130552096,0.21407078306454594,False,0.0007577299906636747,False,nan,nan,nan,nan,nan,nan,nan,False,False,False
1378,60.0,0.84,-0.08,0.3662453006383523,0.1,0.08660254037844387,0.05000000000000002,0.2148285130552096,0.2148285130552096,False,0.0,False,nan,nan,nan,nan,nan,nan,nan,False,False,False
1379,60.0,0.84,-0.08,0.3662453006383523,0.12,0.10392304845413262,0.06000000000000001,0.2148285130552096,0.2148285130552096,False,0.0,False,nan,nan,nan,nan,nan,nan,nan,False,False,False
1380,60.0,0.84,-0.08,0.3662453006383523,0.14,0.12124355652982141,0.07000000000000002,0.2148285130552096,0.2148285130552096,False,0.0,False,nan,nan,nan,nan,nan,nan,nan,False,False,False
1381,60.0,0.9,-0.24,0.3662453006383523,0.08,0.06928203230275509,0.04000000000000001,0.37062193407298033,0.36672552521262236,False,0.0038964088603579694,False,nan,nan,nan,nan,nan,nan,nan,False,False,False
1382,60.0,0.9,-0.24,0.3662453006383523,0.1,0.08660254037844387,0.05000000000000002,0.37062193407298033,0.3681726813861794,False,0.002449252686800907,False,nan,nan,nan,nan,nan,nan,nan,False,False,False
1383,60.0,0.9,-0.24,0.3662453006383523,0.12,0.10392304845413262,0.06000000000000001,0.37062193407298033,0.3690128121951863,False,0.0016091218777940508,False,nan,nan,nan,nan,nan,nan,nan,False,False,False
1384,60.0,0.9,-0.24,0.3662453006383523,0.14,0.12124355652982141,0.07000000000000002,0.37062193407298033,0.369912843412202,False,0.0007090906607783443,False,nan,nan,nan,nan,nan,nan,nan,False,False,False
1385,60.0,0.9,-0.2,0.3662453006383523,0.08,0.06928203230275509,0.04000000000000001,0.3408599187704658,0.3389694700905431,False,0.0018904486799226627,False,nan,nan,nan,nan,nan,nan,nan,False,False,False
1386,60.0,0.9,-0.2,0.3662453006383523,0.1,0.08660254037844387,0.05000000000000002,0.3408599187704658,0.3400373076368005,False,0.0008226111336652742,False,nan,nan,nan,nan,nan,nan,nan,False,False,False
1387,60.0,0.9,-0.2,0.3662453006383523,0.12,0.10392304845413262,0.06000000000000001,0.3408599187704658,0.3408599187704658,False,0.0,False,nan,nan,nan,nan,nan,nan,nan,False,False,False
1388,60.0,0.9,-0.2,0.3662453006383523,0.14,0.12124355652982141,0.07000000000000002,0.3408599187704658,0.3408599187704658,False,0.0,False,nan,nan,nan,nan,nan,nan,nan,False,False,False
1389,60.0,0.9,-0.16,0.3662453006383523,0.08,0.06928203230275509,0.04000000000000001,0.31249955065395346,0.3115767141220769,False,0.0009228365318765808,False,nan,nan,nan,nan,nan,nan,nan,False,False,False
1390,60.0,0.9,-0.16,0.3662453006383523,0.1,0.08660254037844387,0.05000000000000002,0.31249955065395346,0.31249955065395346,False,0.0,False,nan,nan,nan,nan,nan,nan,nan,False,False,False
1391,60.0,0.9,-0.16,0.3662453006383523,0.12,0.10392304845413262,0.06000000000000001,0.31249955065395346,0.31249955065395346,False,0.0,False,nan,nan,nan,nan,nan,nan,nan,False,False,False
1392,60.0,0.9,-0.16,0.3662453006383523,0.14,0.12124355652982141,0.07000000000000002,0.31249955065395346,0.31249955065395346,False,0.0,False,nan,nan,nan,nan,nan,nan,nan,False,False,False
1393,60.0,0.9,-0.12,0.3662453006383523,0.08,0.06928203230275509,0.04000000000000001,0.28470952925676707,0.2847052419228281,False,4.2873339389792875e-06,False,nan,nan,nan,nan,nan,nan,nan,False,False,False
1394,60.0,0.9,-0.12,0.3662453006383523,0.1,0.08660254037844387,0.05000000000000002,0.28470952925676707,0.28470952925676707,False,0.0,False,nan,nan,nan,nan,nan,nan,nan,False,False,False
1395,60.0,0.9,-0.12,0.3662453006383523,0.12,0.10392304845413262,0.06000000000000001,0.28470952925676707,0.28470952925676707,False,0.0,False,nan,nan,nan,nan,nan,nan,nan,False,False,False
1396,60.0,0.9,-0.12,0.3662453006383523,0.14,0.12124355652982141,0.07000000000000002,0.28470952925676707,0.28470952925676707,False,0.0,False,nan,nan,nan,nan,nan,nan,nan,False,False,False
1397,60.0,0.9,-0.08,0.3662453006383523,0.08,0.06928203230275509,0.04000000000000001,0.25798885892356743,0.25798885892356743,False,0.0,False,nan,nan,nan,nan,nan,nan,nan,False,False,False
1398,60.0,0.9,-0.08,0.3662453006383523,0.1,0.08660254037844387,0.05000000000000002,0.25798885892356743,0.25798885892356743,False,0.0,False,nan,nan,nan,nan,nan,nan,nan,False,False,False
1399,60.0,0.9,-0.08,0.3662453006383523,0.12,0.10392304845413262,0.06000000000000001,0.25798885892356743,0.25798885892356743,False,0.0,False,nan,nan,nan,nan,nan,nan,nan,False,False,False
1400,60.0,0.9,-0.08,0.3662453006383523,0.14,0.12124355652982141,0.07000000000000002,0.25798885892356743,0.25798885892356743,False,0.0,False,nan,nan,nan,nan,nan,nan,nan,False,False,False
1401,65.0,0.36,-0.24,0.3662453006383523,0.08,0.072504622962932,0.03380946093925596,0.0020956546124651643,0.0020956546124651643,False,0.0,False,nan,nan,nan,nan,nan,nan,nan,False,False,False
1402,65.0,0.36,-0.24,0.3662453006383523,0.1,0.090630778703665,0.04226182617406995,0.0020956546124651643,0.0020956546124651643,False,0.0,False,nan,nan,nan,nan,nan,nan,nan,False,False,False
1403,65.0,0.36,-0.24,0.3662453006383523,0.12,0.10875693444439799,0.05071419140888393,0.0020956546124651643,0.0020956546124651643,False,0.0,False,nan,nan,nan,nan,nan,nan,nan,False,False,False
1404,65.0,0.36,-0.24,0.3662453006383523,0.14,0.126883090185131,0.05916655664369793,0.0020956546124651643,0.0020956546124651643,False,0.0,False,nan,nan,nan,nan,nan,nan,nan,False,False,False
1405,65.0,0.36,-0.2,0.3662453006383523,0.08,0.072504622962932,0.03380946093925596,-0.0129963503936332,-0.0129963503936332,False,0.0,False,nan,nan,nan,nan,nan,nan,nan,False,False,False
1406,65.0,0.36,-0.2,0.3662453006383523,0.1,0.090630778703665,0.04226182617406995,-0.0129963503936332,-0.0129963503936332,False,0.0,False,nan,nan,nan,nan,nan,nan,nan,False,False,False
1407,65.0,0.36,-0.2,0.3662453006383523,0.12,0.10875693444439799,0.05071419140888393,-0.0129963503936332,-0.0129963503936332,False,0.0,False,nan,nan,nan,nan,nan,nan,nan,False,False,False
1408,65.0,0.36,-0.2,0.3662453006383523,0.14,0.126883090185131,0.05916655664369793,-0.0129963503936332,-0.0129963503936332,False,0.0,False,nan,nan,nan,nan,nan,nan,nan,False,False,False
1409,65.0,0.36,-0.16,0.3662453006383523,0.08,0.072504622962932,0.03380946093925596,-0.02405418770438808,-0.02405418770438808,False,0.0,False,nan,nan,nan,nan,nan,nan,nan,False,False,False
1410,65.0,0.36,-0.16,0.3662453006383523,0.1,0.090630778703665,0.04226182617406995,-0.02405418770438808,-0.02405418770438808,False,0.0,False,nan,nan,nan,nan,nan,nan,nan,False,False,False
1411,65.0,0.36,-0.16,0.3662453006383523,0.12,0.10875693444439799,0.05071419140888393,-0.02405418770438808,-0.02405418770438808,False,0.0,False,nan,nan,nan,nan,nan,nan,nan,False,False,False
1412,65.0,0.36,-0.16,0.3662453006383523,0.14,0.126883090185131,0.05916655664369793,-0.02405418770438808,-0.02405418770438808,False,0.0,False,nan,nan,nan,nan,nan,nan,nan,False,False,False
1413,65.0,0.36,-0.12,0.3662453006383523,0.08,0.072504622962932,0.03380946093925596,-0.03759465340956078,-0.03759465340956078,False,0.0,False,nan,nan,nan,nan,nan,nan,nan,False,False,False
1414,65.0,0.36,-0.12,0.3662453006383523,0.1,0.090630778703665,0.04226182617406995,-0.03759465340956078,-0.03759465340956078,False,0.0,False,nan,nan,nan,nan,nan,nan,nan,False,False,False
1415,65.0,0.36,-0.12,0.3662453006383523,0.12,0.10875693444439799,0.05071419140888393,-0.03759465340956078,-0.03759465340956078,False,0.0,False,nan,nan,nan,nan,nan,nan,nan,False,False,False
1416,65.0,0.36,-0.12,0.3662453006383523,0.14,0.126883090185131,0.05916655664369793,-0.03759465340956078,-0.03759465340956078,False,0.0,False,nan,nan,nan,nan,nan,nan,nan,False,False,False
1417,65.0,0.36,-0.08,0.3662453006383523,0.08,0.072504622962932,0.03380946093925596,-0.0435852433747219,-0.0435852433747219,False,0.0,False,nan,nan,nan,nan,nan,nan,nan,False,False,False
1418,65.0,0.36,-0.08,0.3662453006383523,0.1,0.090630778703665,0.04226182617406995,-0.0435852433747219,-0.0435852433747219,False,0.0,False,nan,nan,nan,nan,nan,nan,nan,False,False,False
1419,65.0,0.36,-0.08,0.3662453006383523,0.12,0.10875693444439799,0.05071419140888393,-0.0435852433747219,-0.0435852433747219,False,0.0,False,nan,nan,nan,nan,nan,nan,nan,False,False,False
1420,65.0,0.36,-0.08,0.3662453006383523,0.14,0.126883090185131,0.05916655664369793,-0.0435852433747219,-0.0435852433747219,False,0.0,False,nan,nan,nan,nan,nan,nan,nan,False,False,False
1421,65.0,0.42,-0.24,0.3662453006383523,0.08,0.072504622962932,0.03380946093925596,0.056931854445468055,0.056931854445468055,False,0.0,False,nan,nan,nan,nan,nan,nan,nan,False,False,False
1422,65.0,0.42,-0.24,0.3662453006383523,0.1,0.090630778703665,0.04226182617406995,0.056931854445468055,0.056931854445468055,False,0.0,False,nan,nan,nan,nan,nan,nan,nan,False,False,False
1423,65.0,0.42,-0.24,0.3662453006383523,0.12,0.10875693444439799,0.05071419140888393,0.056931854445468055,0.056931854445468055,False,0.0,False,nan,nan,nan,nan,nan,nan,nan,False,False,False
1424,65.0,0.42,-0.24,0.3662453006383523,0.14,0.126883090185131,0.05916655664369793,0.056931854445468055,0.056931854445468055,False,0.0,False,nan,nan,nan,nan,nan,nan,nan,False,False,False
1425,65.0,0.42,-0.2,0.3662453006383523,0.08,0.072504622962932,0.03380946093925596,0.04327300817388233,0.04327300817388233,False,0.0,False,nan,nan,nan,nan,nan,nan,nan,False,False,False
1426,65.0,0.42,-0.2,0.3662453006383523,0.1,0.090630778703665,0.04226182617406995,0.04327300817388233,0.04327300817388233,False,0.0,False,nan,nan,nan,nan,nan,nan,nan,False,False,False
1427,65.0,0.42,-0.2,0.3662453006383523,0.12,0.10875693444439799,0.05071419140888393,0.04327300817388233,0.04327300817388233,False,0.0,False,nan,nan,nan,nan,nan,nan,nan,False,False,False
1428,65.0,0.42,-0.2,0.3662453006383523,0.14,0.126883090185131,0.05916655664369793,0.04327300817388233,0.04327300817388233,False,0.0,False,nan,nan,nan,nan,nan,nan,nan,False,False,False
1429,65.0,0.42,-0.16,0.3662453006383523,0.08,0.072504622962932,0.03380946093925596,0.03071552789993251,0.03071552789993251,False,0.0,False,nan,nan,nan,nan,nan,nan,nan,False,False,False
1430,65.0,0.42,-0.16,0.3662453006383523,0.1,0.090630778703665,0.04226182617406995,0.03071552789993251,0.03071552789993251,False,0.0,False,nan,nan,nan,nan,nan,nan,nan,False,False,False
1431,65.0,0.42,-0.16,0.3662453006383523,0.12,0.10875693444439799,0.05071419140888393,0.03071552789993251,0.03071552789993251,False,0.0,False,nan,nan,nan,nan,nan,nan,nan,False,False,False
1432,65.0,0.42,-0.16,0.3662453006383523,0.14,0.126883090185131,0.05916655664369793,0.03071552789993251,0.03071552789993251,False,0.0,False,nan,nan,nan,nan,nan,nan,nan,False,False,False
1433,65.0,0.42,-0.12,0.3662453006383523,0.08,0.072504622962932,0.03380946093925596,0.018418107678528972,0.018418107678528972,False,0.0,False,nan,nan,nan,nan,nan,nan,nan,False,False,False
1434,65.0,0.42,-0.12,0.3662453006383523,0.1,0.090630778703665,0.04226182617406995,0.018418107678528972,0.018418107678528972,False,0.0,False,nan,nan,nan,nan,nan,nan,nan,False,False,False
1435,65.0,0.42,-0.12,0.3662453006383523,0.12,0.10875693444439799,0.05071419140888393,0.018418107678528972,0.018418107678528972,False,0.0,False,nan,nan,nan,nan,nan,nan,nan,False,False,False
1436,65.0,0.42,-0.12,0.3662453006383523,0.14,0.126883090185131,0.05916655664369793,0.018418107678528972,0.018418107678528972,False,0.0,False,nan,nan,nan,nan,nan,nan,nan,False,False,False
1437,65.0,0.42,-0.08,0.3662453006383523,0.08,0.072504622962932,0.03380946093925596,0.014412181669531676,0.014412181669531676,False,0.0,False,nan,nan,nan,nan,nan,nan,nan,False,False,False
1438,65.0,0.42,-0.08,0.3662453006383523,0.1,0.090630778703665,0.04226182617406995,0.014412181669531676,0.014412181669531676,False,0.0,False,nan,nan,nan,nan,nan,nan,nan,False,False,False
1439,65.0,0.42,-0.08,0.3662453006383523,0.12,0.10875693444439799,0.05071419140888393,0.014412181669531676,0.014412181669531676,False,0.0,False,nan,nan,nan,nan,nan,nan,nan,False,False,False
1440,65.0,0.42,-0.08,0.3662453006383523,0.14,0.126883090185131,0.05916655664369793,0.014412181669531676,0.014412181669531676,False,0.0,False,nan,nan,nan,nan,nan,nan,nan,False,False,False
1441,65.0,0.48,-0.24,0.3662453006383523,0.08,0.072504622962932,0.03380946093925596,0.11126117483230785,0.11126117483230785,False,0.0,False,nan,nan,nan,nan,nan,nan,nan,False,False,False
1442,65.0,0.48,-0.24,0.3662453006383523,0.1,0.090630778703665,0.04226182617406995,0.11126117483230785,0.11126117483230785,False,0.0,False,nan,nan,nan,nan,nan,nan,nan,False,False,False
1443,65.0,0.48,-0.24,0.3662453006383523,0.12,0.10875693444439799,0.05071419140888393,0.11126117483230785,0.11126117483230785,False,0.0,False,nan,nan,nan,nan,nan,nan,nan,False,False,False
1444,65.0,0.48,-0.24,0.3662453006383523,0.14,0.126883090185131,0.05916655664369793,0.11126117483230785,0.11126117483230785,False,0.0,False,nan,nan,nan,nan,nan,nan,nan,False,False,False
1445,65.0,0.48,-0.2,0.3662453006383523,0.08,0.072504622962932,0.03380946093925596,0.09518175441206883,0.09518175441206883,False,0.0,False,nan,nan,nan,nan,nan,nan,nan,False,False,False
1446,65.0,0.48,-0.2,0.3662453006383523,0.1,0.090630778703665,0.04226182617406995,0.09518175441206883,0.09518175441206883,False,0.0,False,nan,nan,nan,nan,nan,nan,nan,False,False,False
1447,65.0,0.48,-0.2,0.3662453006383523,0.12,0.10875693444439799,0.05071419140888393,0.09518175441206883,0.09518175441206883,False,0.0,False,nan,nan,nan,nan,nan,nan,nan,False,False,False
1448,65.0,0.48,-0.2,0.3662453006383523,0.14,0.126883090185131,0.05916655664369793,0.09518175441206883,0.09518175441206883,False,0.0,False,nan,nan,nan,nan,nan,nan,nan,False,False,False
1449,65.0,0.48,-0.16,0.3662453006383523,0.08,0.072504622962932,0.03380946093925596,0.08318114364293594,0.08318114364293594,False,0.0,False,nan,nan,nan,nan,nan,nan,nan,False,False,False
1450,65.0,0.48,-0.16,0.3662453006383523,0.1,0.090630778703665,0.04226182617406995,0.08318114364293594,0.08318114364293594,False,0.0,False,nan,nan,nan,nan,nan,nan,nan,False,False,False
1451,65.0,0.48,-0.16,0.3662453006383523,0.12,0.10875693444439799,0.05071419140888393,0.08318114364293594,0.08318114364293594,False,0.0,False,nan,nan,nan,nan,nan,nan,nan,False,False,False
1452,65.0,0.48,-0.16,0.3662453006383523,0.14,0.126883090185131,0.05916655664369793,0.08318114364293594,0.08318114364293594,False,0.0,False,nan,nan,nan,nan,nan,nan,nan,False,False,False
1453,65.0,0.48,-0.12,0.3662453006383523,0.08,0.072504622962932,0.03380946093925596,0.07267282036065864,0.07267282036065864,False,0.0,False,nan,nan,nan,nan,nan,nan,nan,False,False,False
1454,65.0,0.48,-0.12,0.3662453006383523,0.1,0.090630778703665,0.04226182617406995,0.07267282036065864,0.07267282036065864,False,0.0,False,nan,nan,nan,nan,nan,nan,nan,False,False,False
1455,65.0,0.48,-0.12,0.3662453006383523,0.12,0.10875693444439799,0.05071419140888393,0.07267282036065864,0.07267282036065864,False,0.0,False,nan,nan,nan,nan,nan,nan,nan,False,False,False
1456,65.0,0.48,-0.12,0.3662453006383523,0.14,0.126883090185131,0.05916655664369793,0.07267282036065864,0.07267282036065864,False,0.0,False,nan,nan,nan,nan,nan,nan,nan,False,False,False
1457,65.0,0.48,-0.08,0.3662453006383523,0.08,0.072504622962932,0.03380946093925596,0.06889907582064567,0.06881206012803828,False,8.701569260738395e-05,False,nan,nan,nan,nan,nan,nan,nan,False,False,False
1458,65.0,0.48,-0.08,0.3662453006383523,0.1,0.090630778703665,0.04226182617406995,0.06889907582064567,0.06328306820914009,False,0.005616007611505575,False,nan,nan,nan,nan,nan,nan,nan,False,False,False
1459,65.0,0.48,-0.08,0.3662453006383523,0.12,0.10875693444439799,0.05071419140888393,0.06889907582064567,0.058050441300093486,False,0.01084863452055218,False,nan,nan,nan,nan,nan,nan,nan,False,False,False
1460,65.0,0.48,-0.08,0.3662453006383523,0.14,0.126883090185131,0.05916655664369793,0.06889907582064567,0.053129455736642184,False,0.015769620084003483,False,nan,nan,nan,nan,nan,nan,nan,False,False,False
1461,65.0,0.54,-0.24,0.3662453006383523,0.08,0.072504622962932,0.03380946093925596,0.1585270465301356,0.1585270465301356,False,0.0,False,nan,nan,nan,nan,nan,nan,nan,False,False,False
1462,65.0,0.54,-0.24,0.3662453006383523,0.1,0.090630778703665,0.04226182617406995,0.1585270465301356,0.1585270465301356,False,0.0,False,nan,nan,nan,nan,nan,nan,nan,False,False,False
1463,65.0,0.54,-0.24,0.3662453006383523,0.12,0.10875693444439799,0.05071419140888393,0.1585270465301356,0.1585270465301356,False,0.0,False,nan,nan,nan,nan,nan,nan,nan,False,False,False
1464,65.0,0.54,-0.24,0.3662453006383523,0.14,0.126883090185131,0.05916655664369793,0.1585270465301356,0.1585270465301356,False,0.0,False,nan,nan,nan,nan,nan,nan,nan,False,False,False
1465,65.0,0.54,-0.2,0.3662453006383523,0.08,0.072504622962932,0.03380946093925596,0.1416571394353583,0.1416571394353583,False,0.0,False,nan,nan,nan,nan,nan,nan,nan,False,False,False
1466,65.0,0.54,-0.2,0.3662453006383523,0.1,0.090630778703665,0.04226182617406995,0.1416571394353583,0.1416571394353583,False,0.0,False,nan,nan,nan,nan,nan,nan,nan,False,False,False
1467,65.0,0.54,-0.2,0.3662453006383523,0.12,0.10875693444439799,0.05071419140888393,0.1416571394353583,0.1416571394353583,False,0.0,False,nan,nan,nan,nan,nan,nan,nan,False,False,False
1468,65.0,0.54,-0.2,0.3662453006383523,0.14,0.126883090185131,0.05916655664369793,0.1416571394353583,0.1416571394353583,False,0.0,False,nan,nan,nan,nan,nan,nan,nan,False,False,False
1469,65.0,0.54,-0.16,0.3662453006383523,0.08,0.072504622962932,0.03380946093925596,0.12881598933347121,0.12881598933347121,False,0.0,False,nan,nan,nan,nan,nan,nan,nan,False,False,False
1470,65.0,0.54,-0.16,0.3662453006383523,0.1,0.090630778703665,0.04226182617406995,0.12881598933347121,0.12881598933347121,False,0.0,False,nan,nan,nan,nan,nan,nan,nan,False,False,False
1471,65.0,0.54,-0.16,0.3662453006383523,0.12,0.10875693444439799,0.05071419140888393,0.12881598933347121,0.12881598933347121,False,0.0,False,nan,nan,nan,nan,nan,nan,nan,False,False,False
1472,65.0,0.54,-0.16,0.3662453006383523,0.14,0.126883090185131,0.05916655664369793,0.12881598933347121,0.12881598933347121,False,0.0,False,nan,nan,nan,nan,nan,nan,nan,False,False,False
1473,65.0,0.54,-0.12,0.3662453006383523,0.08,0.072504622962932,0.03380946093925596,0.12005253817376865,0.10519056131966828,True,0.014861976854100373,True,0.11241511250983247,0.12005253817376865,45.14730698429048,0.12967592398931094,0.12188225549899465,0.12188225549899465,0.5,False,False,False
1474,65.0,0.54,-0.12,0.3662453006383523,0.1,0.090630778703665,0.04226182617406995,0.12005253817376865,0.10146121182500845,True,0.018591326348760207,False,nan,nan,nan,nan,nan,nan,nan,False,False,False
1475,65.0,0.54,-0.12,0.3662453006383523,0.12,0.10875693444439799,0.05071419140888393,0.12005253817376865,0.0980346302199481,True,0.022017907953820554,False,nan,nan,nan,nan,nan,nan,nan,False,False,False
1476,65.0,0.54,-0.12,0.3662453006383523,0.14,0.126883090185131,0.05916655664369793,0.12005253817376865,0.09491877490757317,True,0.025133763266195486,False,nan,nan,nan,nan,nan,nan,nan,False,False,False
1477,65.0,0.54,-0.08,0.3662453006383523,0.08,0.072504622962932,0.03380946093925596,0.09607351250836399,0.06849978921306785,False,0.027573723295296143,False,nan,nan,nan,nan,nan,nan,nan,False,False,False
1478,65.0,0.54,-0.08,0.3662453006383523,0.1,0.090630778703665,0.04226182617406995,0.09607351250836399,0.06500004313770524,False,0.031073469370658746,False,nan,nan,nan,nan,nan,nan,nan,False,False,False
1479,65.0,0.54,-0.08,0.3662453006383523,0.12,0.10875693444439799,0.05071419140888393,0.09607351250836399,0.061849183134788016,False,0.034224329373575973,False,nan,nan,nan,nan,nan,nan,nan,False,False,False
1480,65.0,0.54,-0.08,0.3662453006383523,0.14,0.126883090185131,0.05916655664369793,0.09607351250836399,0.05905653254781229,False,0.0370169799605517,False,nan,nan,nan,nan,nan,nan,nan,False,False,False
1481,65.0,0.6,-0.24,0.3662453006383523,0.08,0.072504622962932,0.03380946093925596,0.20482794557359657,0.20482794557359657,False,0.0,False,nan,nan,nan,nan,nan,nan,nan,False,False,False
1482,65.0,0.6,-0.24,0.3662453006383523,0.1,0.090630778703665,0.04226182617406995,0.20482794557359657,0.20482794557359657,False,0.0,False,nan,nan,nan,nan,nan,nan,nan,False,False,False
1483,65.0,0.6,-0.24,0.3662453006383523,0.12,0.10875693444439799,0.05071419140888393,0.20482794557359657,0.20482794557359657,False,0.0,False,nan,nan,nan,nan,nan,nan,nan,False,False,False
1484,65.0,0.6,-0.24,0.3662453006383523,0.14,0.126883090185131,0.05916655664369793,0.20482794557359657,0.20482794557359657,False,0.0,False,nan,nan,nan,nan,nan,nan,nan,False,False,False
1485,65.0,0.6,-0.2,0.3662453006383523,0.08,0.072504622962932,0.03380946093925596,0.1902237656897205,0.18963546188444433,False,0.0005883038052761635,False,nan,nan,nan,nan,nan,nan,nan,False,False,False
1486,65.0,0.6,-0.2,0.3662453006383523,0.1,0.090630778703665,0.04226182617406995,0.1902237656897205,0.18706855255138433,False,0.003155213138336166,False,nan,nan,nan,nan,nan,nan,nan,False,False,False
1487,65.0,0.6,-0.2,0.3662453006383523,0.12,0.10875693444439799,0.05071419140888393,0.1902237656897205,0.18475088761387123,False,0.005472878075849258,False,nan,nan,nan,nan,nan,nan,nan,False,False,False
1488,65.0,0.6,-0.2,0.3662453006383523,0.14,0.126883090185131,0.05916655664369793,0.1902237656897205,0.1826853952730481,False,0.00753837041667238,False,nan,nan,nan,nan,nan,nan,nan,False,False,False
1489,65.0,0.6,-0.16,0.3662453006383523,0.08,0.072504622962932,0.03380946093925596,0.17496008865397916,0.15265855919328927,False,0.02230152946068989,False,nan,nan,nan,nan,nan,nan,nan,False,False,False
1490,65.0,0.6,-0.16,0.3662453006383523,0.1,0.090630778703665,0.04226182617406995,0.17496008865397916,0.1503850381768781,False,0.024575050477101068,False,nan,nan,nan,nan,nan,nan,nan,False,False,False
1491,65.0,0.6,-0.16,0.3662453006383523,0.12,0.10875693444439799,0.05071419140888393,0.17496008865397916,0.14838919437899226,False,0.026570894274986906,False,nan,nan,nan,nan,nan,nan,nan,False,False,False
1492,65.0,0.6,-0.16,0.3662453006383523,0.14,0.126883090185131,0.05916655664369793,0.17496008865397916,0.14667386160332746,False,0.028286227050651702,False,nan,nan,nan,nan,nan,nan,nan,False,False,False
1493,65.0,0.6,-0.12,0.3662453006383523,0.08,0.072504622962932,0.03380946093925596,0.1374618194243804,0.1164122785216751,True,0.021049540902705305,True,0.12805596357281182,0.13528694939491662,45.18983600428328,0.14779081296692365,0.14675095473727826,0.14696964405729476,0.30000000000000004,True,False,False
1494,65.0,0.6,-0.12,0.3662453006383523,0.1,0.090630778703665,0.04226182617406995,0.1374618194243804,0.11450287715935187,True,0.022958942265028537,True,0.12580619459716663,0.1345227926174384,45.40870699565858,0.1488079985514475,0.1488079985514475,0.1517712819693124,0.0,True,True,True
1495,65.0,0.6,-0.12,0.3662453006383523,0.12,0.10875693444439799,0.05071419140888393,0.1374618194243804,0.11290523751981521,True,0.024556581904565195,True,0.12161977838888577,0.1317930905719184,45.528955990448594,0.14801776186870974,0.14801776186870974,0.1570446366822121,0.0,True,True,True
1496,65.0,0.6,-0.12,0.3662453006383523,0.14,0.126883090185131,0.05916655664369793,0.1374618194243804,0.11162171683815225,True,0.025840102586228153,True,0.12077102046422683,0.131068451953237,45.3722610254772,0.1516897221852393,0.1516897221852393,0.1649623469575454,0.0,True,True,True
1497,65.0,0.6,-0.08,0.3662453006383523,0.08,0.072504622962932,0.03380946093925596,0.10061404566209836,0.08117685877024836,False,0.019437186891850006,False,nan,nan,nan,nan,nan,nan,nan,False,False,False
1498,65.0,0.6,-0.08,0.3662453006383523,0.1,0.090630778703665,0.04226182617406995,0.10061404566209836,0.07972706290263037,False,0.020886982759467987,False,nan,nan,nan,nan,nan,nan,nan,False,False,False
1499,65.0,0.6,-0.08,0.3662453006383523,0.12,0.10875693444439799,0.05071419140888393,0.10061404566209836,0.07862973706207779,False,0.02198430860002057,False,nan,nan,nan,nan,nan,nan,nan,False,False,False
1500,65.0,0.6,-0.08,0.3662453006383523,0.14,0.126883090185131,0.05916655664369793,0.10061404566209836,0.07788599318390188,False,0.02272805247819648,False,nan,nan,nan,nan,nan,nan,nan,False,False,False
1501,65.0,0.66,-0.24,0.3662453006383523,0.08,0.072504622962932,0.03380946093925596,0.2546931154696529,0.2434090014261535,False,0.01128411404349941,False,nan,nan,nan,nan,nan,nan,nan,False,False,False
1502,65.0,0.66,-0.24,0.3662453006383523,0.1,0.090630778703665,0.04226182617406995,0.2546931154696529,0.24189858694823452,False,0.01279452852141838,False,nan,nan,nan,nan,nan,nan,nan,False,False,False
1503,65.0,0.66,-0.24,0.3662453006383523,0.12,0.10875693444439799,0.05071419140888393,0.2546931154696529,0.2406119783736824,False,0.014081137095970503,False,nan,nan,nan,nan,nan,nan,nan,False,False,False
1504,65.0,0.66,-0.24,0.3662453006383523,0.14,0.126883090185131,0.05916655664369793,0.2546931154696529,0.2395499108738126,False,0.015143204595840287,False,nan,nan,nan,nan,nan,nan,nan,False,False,False
1505,65.0,0.66,-0.2,0.3662453006383523,0.08,0.072504622962932,0.03380946093925596,0.22479862186126287,0.20738082895935858,False,0.01741779290190429,False,nan,nan,nan,nan,nan,nan,nan,False,False,False
1506,65.0,0.66,-0.2,0.3662453006383523,0.1,0.090630778703665,0.04226182617406995,0.22479862186126287,0.20622089130968657,False,0.0185777305515763,False,nan,nan,nan,nan,nan,nan,nan,False,False,False
1507,65.0,0.66,-0.2,0.3662453006383523,0.12,0.10875693444439799,0.05071419140888393,0.22479862186126287,0.20530499032502622,False,0.01949363153623665,False,nan,nan,nan,nan,nan,nan,nan,False,False,False
1508,65.0,0.66,-0.2,0.3662453006383523,0.14,0.126883090185131,0.05916655664369793,0.22479862186126287,0.20463333321793137,False,0.020165288643331503,False,nan,nan,nan,nan,nan,nan,nan,False,False,False
1509,65.0,0.66,-0.16,0.3662453006383523,0.08,0.072504622962932,0.03380946093925596,0.1879979445145714,0.1721595973351375,False,0.015838347179433915,False,nan,nan,nan,nan,nan,nan,nan,False,False,False
1510,65.0,0.66,-0.16,0.3662453006383523,0.1,0.090630778703665,0.04226182617406995,0.1879979445145714,0.1714172371692309,False,0.016580707345340506,False,nan,nan,nan,nan,nan,nan,nan,False,False,False
1511,65.0,0.66,-0.16,0.3662453006383523,0.12,0.10875693444439799,0.05071419140888393,0.1879979445145714,0.1709416280758347,False,0.0170563164387367,False,nan,nan,nan,nan,nan,nan,nan,False,False,False
1512,65.0,0.66,-0.16,0.3662453006383523,0.14,0.126883090185131,0.05916655664369793,0.1879979445145714,0.17073207889503367,False,0.017265865619537746,False,nan,nan,nan,nan,nan,nan,nan,False,False,False
1513,65.0,0.66,-0.12,0.3662453006383523,0.08,0.072504622962932,0.03380946093925596,0.15190068367831916,0.13799584000161183,True,0.013904843676707329,False,0.14910993389561147,0.15144586093056142,45.0076760025695,nan,nan,nan,nan,False,False,False
1514,65.0,0.66,-0.12,0.3662453006383523,0.1,0.090630778703665,0.04226182617406995,0.15190068367831916,0.1377553402840319,True,0.014145343394287246,False,0.146955048623492,0.15130273096058044,45.319011027459055,nan,nan,nan,nan,False,False,False
1515,65.0,0.66,-0.12,0.3662453006383523,0.12,0.10875693444439799,0.05071419140888393,0.15190068367831916,0.13780656060035176,True,0.014094123077967396,False,0.14651053095812797,0.15117962972979188,45.55310995783657,nan,nan,nan,nan,False,False,False
1516,65.0,0.66,-0.12,0.3662453006383523,0.14,0.126883090185131,0.05916655664369793,0.15190068367831916,0.13814732913014932,True,0.013753354548169838,False,0.1463713634988931,0.15100300625237248,45.45681498711929,nan,nan,nan,nan,False,False,False
1517,65.0,0.66,-0.08,0.3662453006383523,0.08,0.072504622962932,0.03380946093925596,0.11674913256168179,0.10524198810845739,False,0.0115071444532244,False,nan,nan,nan,nan,nan,nan,nan,False,False,False
1518,65.0,0.66,-0.08,0.3662453006383523,0.1,0.090630778703665,0.04226182617406995,0.11674913256168179,0.10535130808634091,False,0.011397824475340879,False,nan,nan,nan,nan,nan,nan,nan,False,False,False
1519,65.0,0.66,-0.08,0.3662453006383523,0.12,0.10875693444439799,0.05071419140888393,0.11674913256168179,0.10544812827210051,False,0.011301004289581279,False,nan,nan,nan,nan,nan,nan,nan,False,False,False
1520,65.0,0.66,-0.08,0.3662453006383523,0.14,0.126883090185131,0.05916655664369793,0.11674913256168179,0.10586435219814688,False,0.010884780363534907,False,nan,nan,nan,nan,nan,nan,nan,False,False,False
1521,65.0,0.72,-0.24,0.3662453006383523,0.08,0.072504622962932,0.03380946093925596,0.2803522316786447,0.26682649361275856,False,0.01352573806588614,False,nan,nan,nan,nan,nan,nan,nan,False,False,False
1522,65.0,0.72,-0.24,0.3662453006383523,0.1,0.090630778703665,0.04226182617406995,0.2803522316786447,0.26651056316585625,False,0.013841668512788452,False,nan,nan,nan,nan,nan,nan,nan,False,False,False
1523,65.0,0.72,-0.24,0.3662453006383523,0.12,0.10875693444439799,0.05071419140888393,0.2803522316786447,0.26640673705783247,False,0.013945494620812238,False,nan,nan,nan,nan,nan,nan,nan,False,False,False
1524,65.0,0.72,-0.24,0.3662453006383523,0.14,0.126883090185131,0.05916655664369793,0.2803522316786447,0.26651407551814305,False,0.013838156160501658,False,nan,nan,nan,nan,nan,nan,nan,False,False,False
1525,65.0,0.72,-0.2,0.3662453006383523,0.08,0.072504622962932,0.03380946093925596,0.24455742860895813,0.2327412744367445,False,0.011816154172213628,False,nan,nan,nan,nan,nan,nan,nan,False,False,False
1526,65.0,0.72,-0.2,0.3662453006383523,0.1,0.090630778703665,0.04226182617406995,0.24455742860895813,0.23285100911403167,False,0.011706419494926457,False,nan,nan,nan,nan,nan,nan,nan,False,False,False
1527,65.0,0.72,-0.2,0.3662453006383523,0.12,0.10875693444439799,0.05071419140888393,0.24455742860895813,0.23318761289421228,False,0.011369815714745851,False,nan,nan,nan,nan,nan,nan,nan,False,False,False
1528,65.0,0.72,-0.2,0.3662453006383523,0.14,0.126883090185131,0.05916655664369793,0.24455742860895813,0.233749322070665,False,0.010808106538293116,False,nan,nan,nan,nan,nan,nan,nan,False,False,False
1529,65.0,0.72,-0.16,0.3662453006383523,0.08,0.072504622962932,0.03380946093925596,0.20954591479607237,0.19974701643693601,False,0.00979889835913636,False,nan,nan,nan,nan,nan,nan,nan,False,False,False
1530,65.0,0.72,-0.16,0.3662453006383523,0.1,0.090630778703665,0.04226182617406995,0.20954591479607237,0.20035025885549035,False,0.009195655940582026,False,nan,nan,nan,nan,nan,nan,nan,False,False,False
1531,65.0,0.72,-0.16,0.3662453006383523,0.12,0.10875693444439799,0.05071419140888393,0.20954591479607237,0.20119547217608744,False,0.008350442619984938,False,nan,nan,nan,nan,nan,nan,nan,False,False,False
1532,65.0,0.72,-0.16,0.3662453006383523,0.14,0.126883090185131,0.05916655664369793,0.20954591479607237,0.20227972306890757,False,0.007266191727164806,False,nan,nan,nan,nan,nan,nan,nan,False,False,False
1533,65.0,0.72,-0.12,0.3662453006383523,0.08,0.072504622962932,0.03380946093925596,0.17553814830893288,0.16813522004026252,False,0.007402928268670367,False,nan,nan,nan,nan,nan,nan,nan,False,False,False
1534,65.0,0.72,-0.12,0.3662453006383523,0.1,0.090630778703665,0.04226182617406995,0.17553814830893288,0.16931169508837773,False,0.00622645322055515,False,nan,nan,nan,nan,nan,nan,nan,False,False,False
1535,65.0,0.72,-0.12,0.3662453006383523,0.12,0.10875693444439799,0.05071419140888393,0.17553814830893288,0.1706772877565356,False,0.004860860552397289,False,nan,nan,nan,nan,nan,nan,nan,False,False,False
1536,65.0,0.72,-0.12,0.3662453006383523,0.14,0.126883090185131,0.05916655664369793,0.17553814830893288,0.171424041547684,False,0.004114106761248876,False,nan,nan,nan,nan,nan,nan,nan,False,False,False
1537,65.0,0.72,-0.08,0.3662453006383523,0.08,0.072504622962932,0.03380946093925596,0.14283492829255073,0.1368126044965092,True,0.006022323796041534,False,0.1390083812684148,0.14283492829255073,21.35731599992141,nan,nan,nan,nan,False,False,False
1538,65.0,0.72,-0.08,0.3662453006383523,0.1,0.090630778703665,0.04226182617406995,0.14283492829255073,0.138130992769332,True,0.0047039355232187385,False,0.1390083812684148,0.14283492829255073,21.004049049224705,nan,nan,nan,nan,False,False,False
1539,65.0,0.72,-0.08,0.3662453006383523,0.12,0.10875693444439799,0.05071419140888393,0.14283492829255073,0.1394936622965088,True,0.0033412659960419255,False,0.1390083812684148,0.14283492829255073,20.89587802765891,nan,nan,nan,nan,False,False,False
1540,65.0,0.72,-0.08,0.3662453006383523,0.14,0.126883090185131,0.05916655664369793,0.14283492829255073,0.14018201488627227,False,0.002652913406278462,False,nan,nan,nan,nan,nan,nan,nan,False,False,False
1541,65.0,0.78,-0.24,0.3662453006383523,0.08,0.072504622962932,0.03380946093925596,0.30511197026401987,0.2963991503941127,False,0.008712819869907185,False,nan,nan,nan,nan,nan,nan,nan,False,False,False
1542,65.0,0.78,-0.24,0.3662453006383523,0.1,0.090630778703665,0.04226182617406995,0.30511197026401987,0.2971424269147841,False,0.007969543349235775,False,nan,nan,nan,nan,nan,nan,nan,False,False,False
1543,65.0,0.78,-0.24,0.3662453006383523,0.12,0.10875693444439799,0.05071419140888393,0.30511197026401987,0.2980801453237498,False,0.007031824940270048,False,nan,nan,nan,nan,nan,nan,nan,False,False,False
1544,65.0,0.78,-0.24,0.3662453006383523,0.14,0.126883090185131,0.05916655664369793,0.30511197026401987,0.2992102946863067,False,0.00590167557771315,False,nan,nan,nan,nan,nan,nan,nan,False,False,False
1545,65.0,0.78,-0.2,0.3662453006383523,0.08,0.072504622962932,0.03380946093925596,0.27121080681527077,0.26447766754297386,False,0.006733139272296906,False,nan,nan,nan,nan,nan,nan,nan,False,False,False
1546,65.0,0.78,-0.2,0.3662453006383523,0.1,0.090630778703665,0.04226182617406995,0.27121080681527077,0.2656867094661668,False,0.0055240973491039735,False,nan,nan,nan,nan,nan,nan,nan,False,False,False
1547,65.0,0.78,-0.2,0.3662453006383523,0.12,0.10875693444439799,0.05071419140888393,0.27121080681527077,0.26707588808304994,False,0.004134918732220827,False,nan,nan,nan,nan,nan,nan,nan,False,False,False
1548,65.0,0.78,-0.2,0.3662453006383523,0.14,0.126883090185131,0.05916655664369793,0.27121080681527077,0.26781851747484686,False,0.003392289340423904,False,nan,nan,nan,nan,nan,nan,nan,False,False,False
1549,65.0,0.78,-0.16,0.3662453006383523,0.08,0.072504622962932,0.03380946093925596,0.23834436308274115,0.23388976465776537,False,0.004454598424975781,False,nan,nan,nan,nan,nan,nan,nan,False,False,False
1550,65.0,0.78,-0.16,0.3662453006383523,0.1,0.090630778703665,0.04226182617406995,0.23834436308274115,0.2354205188485009,False,0.002923844234240247,False,nan,nan,nan,nan,nan,nan,nan,False,False,False
1551,65.0,0.78,-0.16,0.3662453006383523,0.12,0.10875693444439799,0.05071419140888393,0.23834436308274115,0.23627955598113304,False,0.0020648071016081126,False,nan,nan,nan,nan,nan,nan,nan,False,False,False
1552,65.0,0.78,-0.16,0.3662453006383523,0.14,0.126883090185131,0.05916655664369793,0.23834436308274115,0.23721647818225586,False,0.001127884900485293,False,nan,nan,nan,nan,nan,nan,nan,False,False,False
1553,65.0,0.78,-0.12,0.3662453006383523,0.08,0.072504622962932,0.03380946093925596,0.20676492101429228,0.20432992828576577,False,0.002434992728526514,False,nan,nan,nan,nan,nan,nan,nan,False,False,False
1554,65.0,0.78,-0.12,0.3662453006383523,0.1,0.090630778703665,0.04226182617406995,0.20676492101429228,0.20574459669338124,False,0.0010203243209110369,False,nan,nan,nan,nan,nan,nan,nan,False,False,False
1555,65.0,0.78,-0.12,0.3662453006383523,0.12,0.10875693444439799,0.05071419140888393,0.20676492101429228,0.20669497756993965,False,6.9943444352627e-05,False,nan,nan,nan,nan,nan,nan,nan,False,False,False
1556,65.0,0.78,-0.12,0.3662453006383523,0.14,0.126883090185131,0.05916655664369793,0.20676492101429228,0.20676492101429228,False,0.0,False,nan,nan,nan,nan,nan,nan,nan,False,False,False
1557,65.0,0.78,-0.08,0.3662453006383523,0.08,0.072504622962932,0.03380946093925596,0.17634096748199984,0.17447649258894923,False,0.0018644748930506105,False,nan,nan,nan,nan,nan,nan,nan,False,False,False
1558,65.0,0.78,-0.08,0.3662453006383523,0.1,0.090630778703665,0.04226182617406995,0.17634096748199984,0.175706227261761,False,0.0006347402202388497,False,nan,nan,nan,nan,nan,nan,nan,False,False,False
1559,65.0,0.78,-0.08,0.3662453006383523,0.12,0.10875693444439799,0.05071419140888393,0.17634096748199984,0.17634096748199984,False,0.0,False,nan,nan,nan,nan,nan,nan,nan,False,False,False
1560,65.0,0.78,-0.08,0.3662453006383523,0.14,0.126883090185131,0.05916655664369793,0.17634096748199984,0.17634096748199984,False,0.0,False,nan,nan,nan,nan,nan,nan,nan,False,False,False
1561,65.0,0.84,-0.24,0.3662453006383523,0.08,0.072504622962932,0.03380946093925596,0.3355027154871771,0.3311045080623809,False,0.0043982074247961855,False,nan,nan,nan,nan,nan,nan,nan,False,False,False
1562,65.0,0.84,-0.24,0.3662453006383523,0.1,0.090630778703665,0.04226182617406995,0.3355027154871771,0.33270901969350897,False,0.002793695793668116,False,nan,nan,nan,nan,nan,nan,nan,False,False,False
1563,65.0,0.84,-0.24,0.3662453006383523,0.12,0.10875693444439799,0.05071419140888393,0.3355027154871771,0.33355523894489,False,0.0019474765422871076,False,nan,nan,nan,nan,nan,nan,nan,False,False,False
1564,65.0,0.84,-0.24,0.3662453006383523,0.14,0.126883090185131,0.05916655664369793,0.3355027154871771,0.3344652868601512,False,0.0010374286270258826,False,nan,nan,nan,nan,nan,nan,nan,False,False,False
1565,65.0,0.84,-0.2,0.3662453006383523,0.08,0.072504622962932,0.03380946093925596,0.3036605024567632,0.30135196638389816,False,0.0023085360728650195,False,nan,nan,nan,nan,nan,nan,nan,False,False,False
1566,65.0,0.84,-0.2,0.3662453006383523,0.1,0.090630778703665,0.04226182617406995,0.3036605024567632,0.3024120486076659,False,0.0012484538490972752,False,nan,nan,nan,nan,nan,nan,nan,False,False,False
1567,65.0,0.84,-0.2,0.3662453006383523,0.12,0.10875693444439799,0.05071419140888393,0.3036605024567632,0.3034811781709442,False,0.00017932428581896032,False,nan,nan,nan,nan,nan,nan,nan,False,False,False
1568,65.0,0.84,-0.2,0.3662453006383523,0.14,0.126883090185131,0.05916655664369793,0.3036605024567632,0.3036605024567632,False,0.0,False,nan,nan,nan,nan,nan,nan,nan,False,False,False
1569,65.0,0.84,-0.16,0.3662453006383523,0.08,0.072504622962932,0.03380946093925596,0.27306471818893263,0.2721858807719414,False,0.0008788374169912405,False,nan,nan,nan,nan,nan,nan,nan,False,False,False
1570,65.0,0.84,-0.16,0.3662453006383523,0.1,0.090630778703665,0.04226182617406995,0.27306471818893263,0.27306471818893263,False,0.0,False,nan,nan,nan,nan,nan,nan,nan,False,False,False
1571,65.0,0.84,-0.16,0.3662453006383523,0.12,0.10875693444439799,0.05071419140888393,0.27306471818893263,0.27306471818893263,False,0.0,False,nan,nan,nan,nan,nan,nan,nan,False,False,False
1572,65.0,0.84,-0.16,0.3662453006383523,0.14,0.126883090185131,0.05916655664369793,0.27306471818893263,0.27306471818893263,False,0.0,False,nan,nan,nan,nan,nan,nan,nan,False,False,False
1573,65.0,0.84,-0.12,0.3662453006383523,0.08,0.072504622962932,0.03380946093925596,0.24397443189445966,0.2436029070100494,False,0.00037152488441025144,False,nan,nan,nan,nan,nan,nan,nan,False,False,False
1574,65.0,0.84,-0.12,0.3662453006383523,0.1,0.090630778703665,0.04226182617406995,0.24397443189445966,0.24397443189445966,False,0.0,False,nan,nan,nan,nan,nan,nan,nan,False,False,False
1575,65.0,0.84,-0.12,0.3662453006383523,0.12,0.10875693444439799,0.05071419140888393,0.24397443189445966,0.24397443189445966,False,0.0,False,nan,nan,nan,nan,nan,nan,nan,False,False,False
1576,65.0,0.84,-0.12,0.3662453006383523,0.14,0.126883090185131,0.05916655664369793,0.24397443189445966,0.24397443189445966,False,0.0,False,nan,nan,nan,nan,nan,nan,nan,False,False,False
1577,65.0,0.84,-0.08,0.3662453006383523,0.08,0.072504622962932,0.03380946093925596,0.2148285130552096,0.2148285130552096,False,0.0,False,nan,nan,nan,nan,nan,nan,nan,False,False,False
1578,65.0,0.84,-0.08,0.3662453006383523,0.1,0.090630778703665,0.04226182617406995,0.2148285130552096,0.2148285130552096,False,0.0,False,nan,nan,nan,nan,nan,nan,nan,False,False,False
1579,65.0,0.84,-0.08,0.3662453006383523,0.12,0.10875693444439799,0.05071419140888393,0.2148285130552096,0.2148285130552096,False,0.0,False,nan,nan,nan,nan,nan,nan,nan,False,False,False
1580,65.0,0.84,-0.08,0.3662453006383523,0.14,0.126883090185131,0.05916655664369793,0.2148285130552096,0.2148285130552096,False,0.0,False,nan,nan,nan,nan,nan,nan,nan,False,False,False
1581,65.0,0.9,-0.24,0.3662453006383523,0.08,0.072504622962932,0.03380946093925596,0.37062193407298033,0.36938041363959584,False,0.001241520433384491,False,nan,nan,nan,nan,nan,nan,nan,False,False,False
1582,65.0,0.9,-0.24,0.3662453006383523,0.1,0.090630778703665,0.04226182617406995,0.37062193407298033,0.37062193407298033,False,0.0,False,nan,nan,nan,nan,nan,nan,nan,False,False,False
1583,65.0,0.9,-0.24,0.3662453006383523,0.12,0.10875693444439799,0.05071419140888393,0.37062193407298033,0.37062193407298033,False,0.0,False,nan,nan,nan,nan,nan,nan,nan,False,False,False
1584,65.0,0.9,-0.24,0.3662453006383523,0.14,0.126883090185131,0.05916655664369793,0.37062193407298033,0.37062193407298033,False,0.0,False,nan,nan,nan,nan,nan,nan,nan,False,False,False
1585,65.0,0.9,-0.2,0.3662453006383523,0.08,0.072504622962932,0.03380946093925596,0.3408599187704658,0.3408599187704658,False,0.0,False,nan,nan,nan,nan,nan,nan,nan,False,False,False
1586,65.0,0.9,-0.2,0.3662453006383523,0.1,0.090630778703665,0.04226182617406995,0.3408599187704658,0.3408599187704658,False,0.0,False,nan,nan,nan,nan,nan,nan,nan,False,False,False
1587,65.0,0.9,-0.2,0.3662453006383523,0.12,0.10875693444439799,0.05071419140888393,0.3408599187704658,0.3408599187704658,False,0.0,False,nan,nan,nan,nan,nan,nan,nan,False,False,False
1588,65.0,0.9,-0.2,0.3662453006383523,0.14,0.126883090185131,0.05916655664369793,0.3408599187704658,0.3408599187704658,False,0.0,False,nan,nan,nan,nan,nan,nan,nan,False,False,False
1589,65.0,0.9,-0.16,0.3662453006383523,0.08,0.072504622962932,0.03380946093925596,0.31249955065395346,0.31249955065395346,False,0.0,False,nan,nan,nan,nan,nan,nan,nan,False,False,False
1590,65.0,0.9,-0.16,0.3662453006383523,0.1,0.090630778703665,0.04226182617406995,0.31249955065395346,0.31249955065395346,False,0.0,False,nan,nan,nan,nan,nan,nan,nan,False,False,False
1591,65.0,0.9,-0.16,0.3662453006383523,0.12,0.10875693444439799,0.05071419140888393,0.31249955065395346,0.31249955065395346,False,0.0,False,nan,nan,nan,nan,nan,nan,nan,False,False,False
1592,65.0,0.9,-0.16,0.3662453006383523,0.14,0.126883090185131,0.05916655664369793,0.31249955065395346,0.31249955065395346,False,0.0,False,nan,nan,nan,nan,nan,nan,nan,False,False,False
1593,65.0,0.9,-0.12,0.3662453006383523,0.08,0.072504622962932,0.03380946093925596,0.28470952925676707,0.28470952925676707,False,0.0,False,nan,nan,nan,nan,nan,nan,nan,False,False,False
1594,65.0,0.9,-0.12,0.3662453006383523,0.1,0.090630778703665,0.04226182617406995,0.28470952925676707,0.28470952925676707,False,0.0,False,nan,nan,nan,nan,nan,nan,nan,False,False,False
1595,65.0,0.9,-0.12,0.3662453006383523,0.12,0.10875693444439799,0.05071419140888393,0.28470952925676707,0.28470952925676707,False,0.0,False,nan,nan,nan,nan,nan,nan,nan,False,False,False
1596,65.0,0.9,-0.12,0.3662453006383523,0.14,0.126883090185131,0.05916655664369793,0.28470952925676707,0.28470952925676707,False,0.0,False,nan,nan,nan,nan,nan,nan,nan,False,False,False
1597,65.0,0.9,-0.08,0.3662453006383523,0.08,0.072504622962932,0.03380946093925596,0.25798885892356743,0.25798885892356743,False,0.0,False,nan,nan,nan,nan,nan,nan,nan,False,False,False
1598,65.0,0.9,-0.08,0.3662453006383523,0.1,0.090630778703665,0.04226182617406995,0.25798885892356743,0.25798885892356743,False,0.0,False,nan,nan,nan,nan,nan,nan,nan,False,False,False
1599,65.0,0.9,-0.08,0.3662453006383523,0.12,0.10875693444439799,0.05071419140888393,0.25798885892356743,0.25798885892356743,False,0.0,False,nan,nan,nan,nan,nan,nan,nan,False,False,False
1600,65.0,0.9,-0.08,0.3662453006383523,0.14,0.126883090185131,0.05916655664369793,0.25798885892356743,0.25798885892356743,False,0.0,False,nan,nan,nan,nan,nan,nan,nan,False,False,False
1601,70.0,0.36,-0.24,0.3662453006383523,0.08,0.07517540966287267,0.027361611466053506,0.0020956546124651643,0.0020956546124651643,False,0.0,False,nan,nan,nan,nan,nan,nan,nan,False,False,False
1602,70.0,0.36,-0.24,0.3662453006383523,0.1,0.09396926207859084,0.03420201433256689,0.0020956546124651643,0.0020956546124651643,False,0.0,False,nan,nan,nan,nan,nan,nan,nan,False,False,False
1603,70.0,0.36,-0.24,0.3662453006383523,0.12,0.112763114494309,0.04104241719908026,0.0020956546124651643,0.0020956546124651643,False,0.0,False,nan,nan,nan,nan,nan,nan,nan,False,False,False
1604,70.0,0.36,-0.24,0.3662453006383523,0.14,0.1315569669100272,0.04788282006559364,0.0020956546124651643,0.0020956546124651643,False,0.0,False,nan,nan,nan,nan,nan,nan,nan,False,False,False
1605,70.0,0.36,-0.2,0.3662453006383523,0.08,0.07517540966287267,0.027361611466053506,-0.0129963503936332,-0.0129963503936332,False,0.0,False,nan,nan,nan,nan,nan,nan,nan,False,False,False
1606,70.0,0.36,-0.2,0.3662453006383523,0.1,0.09396926207859084,0.03420201433256689,-0.0129963503936332,-0.0129963503936332,False,0.0,False,nan,nan,nan,nan,nan,nan,nan,False,False,False
1607,70.0,0.36,-0.2,0.3662453006383523,0.12,0.112763114494309,0.04104241719908026,-0.0129963503936332,-0.0129963503936332,False,0.0,False,nan,nan,nan,nan,nan,nan,nan,False,False,False
1608,70.0,0.36,-0.2,0.3662453006383523,0.14,0.1315569669100272,0.04788282006559364,-0.0129963503936332,-0.0129963503936332,False,0.0,False,nan,nan,nan,nan,nan,nan,nan,False,False,False
1609,70.0,0.36,-0.16,0.3662453006383523,0.08,0.07517540966287267,0.027361611466053506,-0.02405418770438808,-0.02405418770438808,False,0.0,False,nan,nan,nan,nan,nan,nan,nan,False,False,False
1610,70.0,0.36,-0.16,0.3662453006383523,0.1,0.09396926207859084,0.03420201433256689,-0.02405418770438808,-0.02405418770438808,False,0.0,False,nan,nan,nan,nan,nan,nan,nan,False,False,False
1611,70.0,0.36,-0.16,0.3662453006383523,0.12,0.112763114494309,0.04104241719908026,-0.02405418770438808,-0.02405418770438808,False,0.0,False,nan,nan,nan,nan,nan,nan,nan,False,False,False
1612,70.0,0.36,-0.16,0.3662453006383523,0.14,0.1315569669100272,0.04788282006559364,-0.02405418770438808,-0.02405418770438808,False,0.0,False,nan,nan,nan,nan,nan,nan,nan,False,False,False
1613,70.0,0.36,-0.12,0.3662453006383523,0.08,0.07517540966287267,0.027361611466053506,-0.03759465340956078,-0.03759465340956078,False,0.0,False,nan,nan,nan,nan,nan,nan,nan,False,False,False
1614,70.0,0.36,-0.12,0.3662453006383523,0.1,0.09396926207859084,0.03420201433256689,-0.03759465340956078,-0.03759465340956078,False,0.0,False,nan,nan,nan,nan,nan,nan,nan,False,False,False
1615,70.0,0.36,-0.12,0.3662453006383523,0.12,0.112763114494309,0.04104241719908026,-0.03759465340956078,-0.03759465340956078,False,0.0,False,nan,nan,nan,nan,nan,nan,nan,False,False,False
1616,70.0,0.36,-0.12,0.3662453006383523,0.14,0.1315569669100272,0.04788282006559364,-0.03759465340956078,-0.03759465340956078,False,0.0,False,nan,nan,nan,nan,nan,nan,nan,False,False,False
1617,70.0,0.36,-0.08,0.3662453006383523,0.08,0.07517540966287267,0.027361611466053506,-0.0435852433747219,-0.0435852433747219,False,0.0,False,nan,nan,nan,nan,nan,nan,nan,False,False,False
1618,70.0,0.36,-0.08,0.3662453006383523,0.1,0.09396926207859084,0.03420201433256689,-0.0435852433747219,-0.0435852433747219,False,0.0,False,nan,nan,nan,nan,nan,nan,nan,False,False,False
1619,70.0,0.36,-0.08,0.3662453006383523,0.12,0.112763114494309,0.04104241719908026,-0.0435852433747219,-0.0435852433747219,False,0.0,False,nan,nan,nan,nan,nan,nan,nan,False,False,False
1620,70.0,0.36,-0.08,0.3662453006383523,0.14,0.1315569669100272,0.04788282006559364,-0.0435852433747219,-0.0435852433747219,False,0.0,False,nan,nan,nan,nan,nan,nan,nan,False,False,False
1621,70.0,0.42,-0.24,0.3662453006383523,0.08,0.07517540966287267,0.027361611466053506,0.056931854445468055,0.056931854445468055,False,0.0,False,nan,nan,nan,nan,nan,nan,nan,False,False,False
1622,70.0,0.42,-0.24,0.3662453006383523,0.1,0.09396926207859084,0.03420201433256689,0.056931854445468055,0.056931854445468055,False,0.0,False,nan,nan,nan,nan,nan,nan,nan,False,False,False
1623,70.0,0.42,-0.24,0.3662453006383523,0.12,0.112763114494309,0.04104241719908026,0.056931854445468055,0.056931854445468055,False,0.0,False,nan,nan,nan,nan,nan,nan,nan,False,False,False
1624,70.0,0.42,-0.24,0.3662453006383523,0.14,0.1315569669100272,0.04788282006559364,0.056931854445468055,0.056931854445468055,False,0.0,False,nan,nan,nan,nan,nan,nan,nan,False,False,False
1625,70.0,0.42,-0.2,0.3662453006383523,0.08,0.07517540966287267,0.027361611466053506,0.04327300817388233,0.04327300817388233,False,0.0,False,nan,nan,nan,nan,nan,nan,nan,False,False,False
1626,70.0,0.42,-0.2,0.3662453006383523,0.1,0.09396926207859084,0.03420201433256689,0.04327300817388233,0.04327300817388233,False,0.0,False,nan,nan,nan,nan,nan,nan,nan,False,False,False
1627,70.0,0.42,-0.2,0.3662453006383523,0.12,0.112763114494309,0.04104241719908026,0.04327300817388233,0.04327300817388233,False,0.0,False,nan,nan,nan,nan,nan,nan,nan,False,False,False
1628,70.0,0.42,-0.2,0.3662453006383523,0.14,0.1315569669100272,0.04788282006559364,0.04327300817388233,0.04327300817388233,False,0.0,False,nan,nan,nan,nan,nan,nan,nan,False,False,False
1629,70.0,0.42,-0.16,0.3662453006383523,0.08,0.07517540966287267,0.027361611466053506,0.03071552789993251,0.03071552789993251,False,0.0,False,nan,nan,nan,nan,nan,nan,nan,False,False,False
1630,70.0,0.42,-0.16,0.3662453006383523,0.1,0.09396926207859084,0.03420201433256689,0.03071552789993251,0.03071552789993251,False,0.0,False,nan,nan,nan,nan,nan,nan,nan,False,False,False
1631,70.0,0.42,-0.16,0.3662453006383523,0.12,0.112763114494309,0.04104241719908026,0.03071552789993251,0.03071552789993251,False,0.0,False,nan,nan,nan,nan,nan,nan,nan,False,False,False
1632,70.0,0.42,-0.16,0.3662453006383523,0.14,0.1315569669100272,0.04788282006559364,0.03071552789993251,0.03071552789993251,False,0.0,False,nan,nan,nan,nan,nan,nan,nan,False,False,False
1633,70.0,0.42,-0.12,0.3662453006383523,0.08,0.07517540966287267,0.027361611466053506,0.018418107678528972,0.018418107678528972,False,0.0,False,nan,nan,nan,nan,nan,nan,nan,False,False,False
1634,70.0,0.42,-0.12,0.3662453006383523,0.1,0.09396926207859084,0.03420201433256689,0.018418107678528972,0.018418107678528972,False,0.0,False,nan,nan,nan,nan,nan,nan,nan,False,False,False
1635,70.0,0.42,-0.12,0.3662453006383523,0.12,0.112763114494309,0.04104241719908026,0.018418107678528972,0.018418107678528972,False,0.0,False,nan,nan,nan,nan,nan,nan,nan,False,False,False
1636,70.0,0.42,-0.12,0.3662453006383523,0.14,0.1315569669100272,0.04788282006559364,0.018418107678528972,0.018418107678528972,False,0.0,False,nan,nan,nan,nan,nan,nan,nan,False,False,False
1637,70.0,0.42,-0.08,0.3662453006383523,0.08,0.07517540966287267,0.027361611466053506,0.014412181669531676,0.014412181669531676,False,0.0,False,nan,nan,nan,nan,nan,nan,nan,False,False,False
1638,70.0,0.42,-0.08,0.3662453006383523,0.1,0.09396926207859084,0.03420201433256689,0.014412181669531676,0.014412181669531676,False,0.0,False,nan,nan,nan,nan,nan,nan,nan,False,False,False
1639,70.0,0.42,-0.08,0.3662453006383523,0.12,0.112763114494309,0.04104241719908026,0.014412181669531676,0.014412181669531676,False,0.0,False,nan,nan,nan,nan,nan,nan,nan,False,False,False
1640,70.0,0.42,-0.08,0.3662453006383523,0.14,0.1315569669100272,0.04788282006559364,0.014412181669531676,0.014412181669531676,False,0.0,False,nan,nan,nan,nan,nan,nan,nan,False,False,False
1641,70.0,0.48,-0.24,0.3662453006383523,0.08,0.07517540966287267,0.027361611466053506,0.11126117483230785,0.11126117483230785,False,0.0,False,nan,nan,nan,nan,nan,nan,nan,False,False,False
1642,70.0,0.48,-0.24,0.3662453006383523,0.1,0.09396926207859084,0.03420201433256689,0.11126117483230785,0.11126117483230785,False,0.0,False,nan,nan,nan,nan,nan,nan,nan,False,False,False
1643,70.0,0.48,-0.24,0.3662453006383523,0.12,0.112763114494309,0.04104241719908026,0.11126117483230785,0.11126117483230785,False,0.0,False,nan,nan,nan,nan,nan,nan,nan,False,False,False
1644,70.0,0.48,-0.24,0.3662453006383523,0.14,0.1315569669100272,0.04788282006559364,0.11126117483230785,0.11126117483230785,False,0.0,False,nan,nan,nan,nan,nan,nan,nan,False,False,False
1645,70.0,0.48,-0.2,0.3662453006383523,0.08,0.07517540966287267,0.027361611466053506,0.09518175441206883,0.09518175441206883,False,0.0,False,nan,nan,nan,nan,nan,nan,nan,False,False,False
1646,70.0,0.48,-0.2,0.3662453006383523,0.1,0.09396926207859084,0.03420201433256689,0.09518175441206883,0.09518175441206883,False,0.0,False,nan,nan,nan,nan,nan,nan,nan,False,False,False
1647,70.0,0.48,-0.2,0.3662453006383523,0.12,0.112763114494309,0.04104241719908026,0.09518175441206883,0.09518175441206883,False,0.0,False,nan,nan,nan,nan,nan,nan,nan,False,False,False
1648,70.0,0.48,-0.2,0.3662453006383523,0.14,0.1315569669100272,0.04788282006559364,0.09518175441206883,0.09518175441206883,False,0.0,False,nan,nan,nan,nan,nan,nan,nan,False,False,False
1649,70.0,0.48,-0.16,0.3662453006383523,0.08,0.07517540966287267,0.027361611466053506,0.08318114364293594,0.08318114364293594,False,0.0,False,nan,nan,nan,nan,nan,nan,nan,False,False,False
1650,70.0,0.48,-0.16,0.3662453006383523,0.1,0.09396926207859084,0.03420201433256689,0.08318114364293594,0.08318114364293594,False,0.0,False,nan,nan,nan,nan,nan,nan,nan,False,False,False
1651,70.0,0.48,-0.16,0.3662453006383523,0.12,0.112763114494309,0.04104241719908026,0.08318114364293594,0.08318114364293594,False,0.0,False,nan,nan,nan,nan,nan,nan,nan,False,False,False
1652,70.0,0.48,-0.16,0.3662453006383523,0.14,0.1315569669100272,0.04788282006559364,0.08318114364293594,0.08318114364293594,False,0.0,False,nan,nan,nan,nan,nan,nan,nan,False,False,False
1653,70.0,0.48,-0.12,0.3662453006383523,0.08,0.07517540966287267,0.027361611466053506,0.07267282036065864,0.07267282036065864,False,0.0,False,nan,nan,nan,nan,nan,nan,nan,False,False,False
1654,70.0,0.48,-0.12,0.3662453006383523,0.1,0.09396926207859084,0.03420201433256689,0.07267282036065864,0.07267282036065864,False,0.0,False,nan,nan,nan,nan,nan,nan,nan,False,False,False
1655,70.0,0.48,-0.12,0.3662453006383523,0.12,0.112763114494309,0.04104241719908026,0.07267282036065864,0.07267282036065864,False,0.0,False,nan,nan,nan,nan,nan,nan,nan,False,False,False
1656,70.0,0.48,-0.12,0.3662453006383523,0.14,0.1315569669100272,0.04788282006559364,0.07267282036065864,0.07267282036065864,False,0.0,False,nan,nan,nan,nan,nan,nan,nan,False,False,False
1657,70.0,0.48,-0.08,0.3662453006383523,0.08,0.07517540966287267,0.027361611466053506,0.06889907582064567,0.06889907582064567,False,0.0,False,nan,nan,nan,nan,nan,nan,nan,False,False,False
1658,70.0,0.48,-0.08,0.3662453006383523,0.1,0.09396926207859084,0.03420201433256689,0.06889907582064567,0.06680148479447684,False,0.002097591026168827,False,nan,nan,nan,nan,nan,nan,nan,False,False,False
1659,70.0,0.48,-0.08,0.3662453006383523,0.12,0.112763114494309,0.04104241719908026,0.06889907582064567,0.06233722481159912,False,0.006561851009046549,False,nan,nan,nan,nan,nan,nan,nan,False,False,False
1660,70.0,0.48,-0.08,0.3662453006383523,0.14,0.1315569669100272,0.04788282006559364,0.06889907582064567,0.058202267889956694,False,0.010696807930688973,False,nan,nan,nan,nan,nan,nan,nan,False,False,False
1661,70.0,0.54,-0.24,0.3662453006383523,0.08,0.07517540966287267,0.027361611466053506,0.1585270465301356,0.1585270465301356,False,0.0,False,nan,nan,nan,nan,nan,nan,nan,False,False,False
1662,70.0,0.54,-0.24,0.3662453006383523,0.1,0.09396926207859084,0.03420201433256689,0.1585270465301356,0.1585270465301356,False,0.0,False,nan,nan,nan,nan,nan,nan,nan,False,False,False
1663,70.0,0.54,-0.24,0.3662453006383523,0.12,0.112763114494309,0.04104241719908026,0.1585270465301356,0.1585270465301356,False,0.0,False,nan,nan,nan,nan,nan,nan,nan,False,False,False
1664,70.0,0.54,-0.24,0.3662453006383523,0.14,0.1315569669100272,0.04788282006559364,0.1585270465301356,0.1585270465301356,False,0.0,False,nan,nan,nan,nan,nan,nan,nan,False,False,False
1665,70.0,0.54,-0.2,0.3662453006383523,0.08,0.07517540966287267,0.027361611466053506,0.1416571394353583,0.1416571394353583,False,0.0,False,nan,nan,nan,nan,nan,nan,nan,False,False,False
1666,70.0,0.54,-0.2,0.3662453006383523,0.1,0.09396926207859084,0.03420201433256689,0.1416571394353583,0.1416571394353583,False,0.0,False,nan,nan,nan,nan,nan,nan,nan,False,False,False
1667,70.0,0.54,-0.2,0.3662453006383523,0.12,0.112763114494309,0.04104241719908026,0.1416571394353583,0.1416571394353583,False,0.0,False,nan,nan,nan,nan,nan,nan,nan,False,False,False
1668,70.0,0.54,-0.2,0.3662453006383523,0.14,0.1315569669100272,0.04788282006559364,0.1416571394353583,0.1416571394353583,False,0.0,False,nan,nan,nan,nan,nan,nan,nan,False,False,False
1669,70.0,0.54,-0.16,0.3662453006383523,0.08,0.07517540966287267,0.027361611466053506,0.12881598933347121,0.12881598933347121,False,0.0,False,nan,nan,nan,nan,nan,nan,nan,False,False,False
1670,70.0,0.54,-0.16,0.3662453006383523,0.1,0.09396926207859084,0.03420201433256689,0.12881598933347121,0.12881598933347121,False,0.0,False,nan,nan,nan,nan,nan,nan,nan,False,False,False
1671,70.0,0.54,-0.16,0.3662453006383523,0.12,0.112763114494309,0.04104241719908026,0.12881598933347121,0.12881598933347121,False,0.0,False,nan,nan,nan,nan,nan,nan,nan,False,False,False
1672,70.0,0.54,-0.16,0.3662453006383523,0.14,0.1315569669100272,0.04788282006559364,0.12881598933347121,0.12881598933347121,False,0.0,False,nan,nan,nan,nan,nan,nan,nan,False,False,False
1673,70.0,0.54,-0.12,0.3662453006383523,0.08,0.07517540966287267,0.027361611466053506,0.12005253817376865,0.1083090901022857,True,0.011743448071482948,False,0.11854590207226015,0.12005253817376865,45.93710298649967,nan,nan,nan,nan,False,False,False
1674,70.0,0.54,-0.12,0.3662453006383523,0.1,0.09396926207859084,0.03420201433256689,0.12005253817376865,0.10539144783197191,True,0.014661090341796745,True,0.11502728333822271,0.12005253817376865,45.699039997998625,0.13469455141293796,0.13300803342118023,0.13336798042203502,0.30000000000000004,False,False,False
1675,70.0,0.54,-0.12,0.3662453006383523,0.12,0.112763114494309,0.04104241719908026,0.12005253817376865,0.10278524558703792,True,0.017267292586730737,True,0.11253496132356325,0.12005253817376865,46.02570499991998,0.13495462564407368,0.13478615302447905,0.13830916506869592,0.1,False,True,False
1676,70.0,0.54,-0.12,0.3662453006383523,0.14,0.1315569669100272,0.04788282006559364,0.12005253817376865,0.10049600997488378,True,0.01955652819888487,True,0.11047868223041837,0.11941141223820562,47.836699988693,0.1359826435515294,0.1359826435515294,0.1453270841375544,0.0,False,True,False
1677,70.0,0.54,-0.08,0.3662453006383523,0.08,0.07517540966287267,0.027361611466053506,0.09607351250836399,0.07156527792424175,False,0.02450823458412224,False,nan,nan,nan,nan,nan,nan,nan,False,False,False
1678,70.0,0.54,-0.08,0.3662453006383523,0.1,0.09396926207859084,0.03420201433256689,0.09607351250836399,0.06886452602932636,False,0.027208986479037633,False,nan,nan,nan,nan,nan,nan,nan,False,False,False
1679,70.0,0.54,-0.08,0.3662453006383523,0.12,0.112763114494309,0.04104241719908026,0.09607351250836399,0.06652023198234394,False,0.029553280526020048,False,nan,nan,nan,nan,nan,nan,nan,False,False,False
1680,70.0,0.54,-0.08,0.3662453006383523,0.14,0.1315569669100272,0.04788282006559364,0.09607351250836399,0.06453852589143894,False,0.031534986616925054,False,nan,nan,nan,nan,nan,nan,nan,False,False,False
1681,70.0,0.6,-0.24,0.3662453006383523,0.08,0.07517540966287267,0.027361611466053506,0.20482794557359657,0.20482794557359657,False,0.0,False,nan,nan,nan,nan,nan,nan,nan,False,False,False
1682,70.0,0.6,-0.24,0.3662453006383523,0.1,0.09396926207859084,0.03420201433256689,0.20482794557359657,0.20482794557359657,False,0.0,False,nan,nan,nan,nan,nan,nan,nan,False,False,False
1683,70.0,0.6,-0.24,0.3662453006383523,0.12,0.112763114494309,0.04104241719908026,0.20482794557359657,0.20482794557359657,False,0.0,False,nan,nan,nan,nan,nan,nan,nan,False,False,False
1684,70.0,0.6,-0.24,0.3662453006383523,0.14,0.1315569669100272,0.04788282006559364,0.20482794557359657,0.20482794557359657,False,0.0,False,nan,nan,nan,nan,nan,nan,nan,False,False,False
1685,70.0,0.6,-0.2,0.3662453006383523,0.08,0.07517540966287267,0.027361611466053506,0.1902237656897205,0.1902237656897205,False,0.0,False,nan,nan,nan,nan,nan,nan,nan,False,False,False
1686,70.0,0.6,-0.2,0.3662453006383523,0.1,0.09396926207859084,0.03420201433256689,0.1902237656897205,0.1902237656897205,False,0.0,False,nan,nan,nan,nan,nan,nan,nan,False,False,False
1687,70.0,0.6,-0.2,0.3662453006383523,0.12,0.112763114494309,0.04104241719908026,0.1902237656897205,0.1897430699372389,False,0.00048069575248158025,False,nan,nan,nan,nan,nan,nan,nan,False,False,False
1688,70.0,0.6,-0.2,0.3662453006383523,0.14,0.1315569669100272,0.04788282006559364,0.1902237656897205,0.18852218508270446,False,0.0017015806070160289,False,nan,nan,nan,nan,nan,nan,nan,False,False,False
1689,70.0,0.6,-0.16,0.3662453006383523,0.08,0.07517540966287267,0.027361611466053506,0.17496008865397916,0.1559474657857349,False,0.01901262286824426,False,nan,nan,nan,nan,nan,nan,nan,False,False,False
1690,70.0,0.6,-0.16,0.3662453006383523,0.1,0.09396926207859084,0.03420201433256689,0.17496008865397916,0.15450837978072995,False,0.020451708873249208,False,nan,nan,nan,nan,nan,nan,nan,False,False,False
1691,70.0,0.6,-0.16,0.3662453006383523,0.12,0.112763114494309,0.04104241719908026,0.17496008865397916,0.15334805147226452,False,0.021612037181714644,False,nan,nan,nan,nan,nan,nan,nan,False,False,False
1692,70.0,0.6,-0.16,0.3662453006383523,0.14,0.1315569669100272,0.04788282006559364,0.17496008865397916,0.15246732415629716,False,0.022492764497682005,False,nan,nan,nan,nan,nan,nan,nan,False,False,False
1693,70.0,0.6,-0.12,0.3662453006383523,0.08,0.07517540966287267,0.027361611466053506,0.1374618194243804,0.11967093070442678,True,0.01779088871995363,False,0.13255623013054,0.13614770907207405,46.483099984470755,nan,nan,nan,nan,False,False,False
1694,70.0,0.6,-0.12,0.3662453006383523,0.1,0.09396926207859084,0.03420201433256689,0.1374618194243804,0.11858507798463236,True,0.018876741439748046,False,0.13120503537500988,0.13503566909136583,46.14078695885837,nan,nan,nan,nan,False,False,False
1695,70.0,0.6,-0.12,0.3662453006383523,0.12,0.112763114494309,0.04104241719908026,0.1374618194243804,0.11780980525561327,True,0.019652014168767135,False,0.1300943194699221,0.13422958697185527,45.183563022874296,nan,nan,nan,nan,False,False,False
1696,70.0,0.6,-0.12,0.3662453006383523,0.14,0.1315569669100272,0.04788282006559364,0.1374618194243804,0.1173450410121602,True,0.020116778412220204,False,0.1272767637394187,0.13180257107668453,46.16698098834604,nan,nan,nan,nan,False,False,False
1697,70.0,0.6,-0.08,0.3662453006383523,0.08,0.07517540966287267,0.027361611466053506,0.10061404566209836,0.08438623100809664,False,0.01622781465400172,False,nan,nan,nan,nan,nan,nan,nan,False,False,False
1698,70.0,0.6,-0.08,0.3662453006383523,0.1,0.09396926207859084,0.03420201433256689,0.10061404566209836,0.08374225348238701,False,0.016871792179711353,False,nan,nan,nan,nan,nan,nan,nan,False,False,False
1699,70.0,0.6,-0.08,0.3662453006383523,0.12,0.112763114494309,0.04104241719908026,0.10061404566209836,0.08344621962471624,False,0.017167826037382122,False,nan,nan,nan,nan,nan,nan,nan,False,False,False
1700,70.0,0.6,-0.08,0.3662453006383523,0.14,0.1315569669100272,0.04788282006559364,0.10061404566209836,0.08349630512032635,False,0.01711774054177201,False,nan,nan,nan,nan,nan,nan,nan,False,False,False
1701,70.0,0.66,-0.24,0.3662453006383523,0.08,0.07517540966287267,0.027361611466053506,0.2546931154696529,0.24678599266802156,False,0.007907122801631333,False,nan,nan,nan,nan,nan,nan,nan,False,False,False
1702,70.0,0.66,-0.24,0.3662453006383523,0.1,0.09396926207859084,0.03420201433256689,0.2546931154696529,0.2461225340394459,False,0.008570581430207003,False,nan,nan,nan,nan,nan,nan,nan,False,False,False
1703,70.0,0.66,-0.24,0.3662453006383523,0.12,0.112763114494309,0.04104241719908026,0.2546931154696529,0.24568143859444883,False,0.009011676875204072,False,nan,nan,nan,nan,nan,nan,nan,False,False,False
1704,70.0,0.66,-0.24,0.3662453006383523,0.14,0.1315569669100272,0.04788282006559364,0.2546931154696529,0.2454621746670071,False,0.009230940802645804,False,nan,nan,nan,nan,nan,nan,nan,False,False,False
1705,70.0,0.66,-0.2,0.3662453006383523,0.08,0.07517540966287267,0.027361611466053506,0.22479862186126287,0.21074017742139603,False,0.01405844443986684,False,nan,nan,nan,nan,nan,nan,nan,False,False,False
1706,70.0,0.66,-0.2,0.3662453006383523,0.1,0.09396926207859084,0.03420201433256689,0.22479862186126287,0.21041946803324857,False,0.014379153828014302,False,nan,nan,nan,nan,nan,nan,nan,False,False,False
1707,70.0,0.66,-0.2,0.3662453006383523,0.12,0.112763114494309,0.04104241719908026,0.22479862186126287,0.2103395868939704,False,0.014459034967292478,False,nan,nan,nan,nan,nan,nan,nan,False,False,False
1708,70.0,0.66,-0.2,0.3662453006383523,0.14,0.1315569669100272,0.04788282006559364,0.22479862186126287,0.21049928141733854,False,0.014299340443924335,False,nan,nan,nan,nan,nan,nan,nan,False,False,False
1709,70.0,0.66,-0.16,0.3662453006383523,0.08,0.07517540966287267,0.027361611466053506,0.1879979445145714,0.17549080407812226,False,0.012507140436449155,False,nan,nan,nan,nan,nan,nan,nan,False,False,False
1710,70.0,0.66,-0.16,0.3662453006383523,0.1,0.09396926207859084,0.03420201433256689,0.1879979445145714,0.17557603518419101,False,0.012421909330380398,False,nan,nan,nan,nan,nan,nan,nan,False,False,False
1711,70.0,0.66,-0.16,0.3662453006383523,0.12,0.112763114494309,0.04104241719908026,0.1879979445145714,0.17592246337618575,False,0.012075481138385663,False,nan,nan,nan,nan,nan,nan,nan,False,False,False
1712,70.0,0.66,-0.16,0.3662453006383523,0.14,0.1315569669100272,0.04788282006559364,0.1879979445145714,0.17652773323791887,False,0.011470211276652542,False,nan,nan,nan,nan,nan,nan,nan,False,False,False
1713,70.0,0.66,-0.12,0.3662453006383523,0.08,0.07517540966287267,0.027361611466053506,0.15190068367831916,0.14128297471214565,False,0.010617708966173506,False,nan,nan,nan,nan,nan,nan,nan,False,False,False
1714,70.0,0.66,-0.12,0.3662453006383523,0.1,0.09396926207859084,0.03420201433256689,0.15190068367831916,0.14185270537989914,False,0.010047978298420024,False,nan,nan,nan,nan,nan,nan,nan,False,False,False
1715,70.0,0.66,-0.12,0.3662453006383523,0.12,0.112763114494309,0.04104241719908026,0.15190068367831916,0.14270551992105338,False,0.009195163757265784,False,nan,nan,nan,nan,nan,nan,nan,False,False,False
1716,70.0,0.66,-0.12,0.3662453006383523,0.14,0.1315569669100272,0.04788282006559364,0.15190068367831916,0.1438373929405244,False,0.00806329073779477,False,nan,nan,nan,nan,nan,nan,nan,False,False,False
1717,70.0,0.66,-0.08,0.3662453006383523,0.08,0.07517540966287267,0.027361611466053506,0.11674913256168179,0.10846065429398152,False,0.008288478267700267,False,nan,nan,nan,nan,nan,nan,nan,False,False,False
1718,70.0,0.66,-0.08,0.3662453006383523,0.1,0.09396926207859084,0.03420201433256689,0.11674913256168179,0.10958144591142804,False,0.007167686650253746,False,nan,nan,nan,nan,nan,nan,nan,False,False,False
1719,70.0,0.66,-0.08,0.3662453006383523,0.12,0.112763114494309,0.04104241719908026,0.11674913256168179,0.11050299600390293,False,0.006246136557778864,False,nan,nan,nan,nan,nan,nan,nan,False,False,False
1720,70.0,0.66,-0.08,0.3662453006383523,0.14,0.1315569669100272,0.04788282006559364,0.11674913256168179,0.11173119735212678,False,0.005017935209555013,False,nan,nan,nan,nan,nan,nan,nan,False,False,False
1721,70.0,0.72,-0.24,0.3662453006383523,0.08,0.07517540966287267,0.027361611466053506,0.2803522316786447,0.270205691352858,False,0.010146540325786713,False,nan,nan,nan,nan,nan,nan,nan,False,False,False
1722,70.0,0.72,-0.24,0.3662453006383523,0.1,0.09396926207859084,0.03420201433256689,0.2803522316786447,0.2707264822922828,False,0.009625749386361904,False,nan,nan,nan,nan,nan,nan,nan,False,False,False
1723,70.0,0.72,-0.24,0.3662453006383523,0.12,0.112763114494309,0.04104241719908026,0.2803522316786447,0.27145394800500766,False,0.008898283673637042,False,nan,nan,nan,nan,nan,nan,nan,False,False,False
1724,70.0,0.72,-0.24,0.3662453006383523,0.14,0.1315569669100272,0.04788282006559364,0.2803522316786447,0.27238610405856944,False,0.007966127620075258,False,nan,nan,nan,nan,nan,nan,nan,False,False,False
1725,70.0,0.72,-0.2,0.3662453006383523,0.08,0.07517540966287267,0.027361611466053506,0.24455742860895813,0.23608906000014826,False,0.008468368608809868,False,nan,nan,nan,nan,nan,nan,nan,False,False,False
1726,70.0,0.72,-0.2,0.3662453006383523,0.1,0.09396926207859084,0.03420201433256689,0.24455742860895813,0.23702311713150637,False,0.0075343114774517606,False,nan,nan,nan,nan,nan,nan,nan,False,False,False
1727,70.0,0.72,-0.2,0.3662453006383523,0.12,0.112763114494309,0.04104241719908026,0.24455742860895813,0.23817655226213333,False,0.006380876346824799,False,nan,nan,nan,nan,nan,nan,nan,False,False,False
1728,70.0,0.72,-0.2,0.3662453006383523,0.14,0.1315569669100272,0.04788282006559364,0.24455742860895813,0.23942335586425306,False,0.005134072744705065,False,nan,nan,nan,nan,nan,nan,nan,False,False,False
1729,70.0,0.72,-0.16,0.3662453006383523,0.08,0.07517540966287267,0.027361611466053506,0.20954591479607237,0.20304918473655123,False,0.006496730059521144,False,nan,nan,nan,nan,nan,nan,nan,False,False,False
1730,70.0,0.72,-0.16,0.3662453006383523,0.1,0.09396926207859084,0.03420201433256689,0.20954591479607237,0.20445958454307084,False,0.005086330253001536,False,nan,nan,nan,nan,nan,nan,nan,False,False,False
1731,70.0,0.72,-0.16,0.3662453006383523,0.12,0.112763114494309,0.04104241719908026,0.20954591479607237,0.20577928858078648,False,0.0037666262152858954,False,nan,nan,nan,nan,nan,nan,nan,False,False,False
1732,70.0,0.72,-0.16,0.3662453006383523,0.14,0.1315569669100272,0.04788282006559364,0.20954591479607237,0.20651687643268954,False,0.0030290383633828355,False,nan,nan,nan,nan,nan,nan,nan,False,False,False
1733,70.0,0.72,-0.12,0.3662453006383523,0.08,0.07517540966287267,0.027361611466053506,0.17553814830893288,0.1713716707500175,False,0.004166477558915388,False,nan,nan,nan,nan,nan,nan,nan,False,False,False
1734,70.0,0.72,-0.12,0.3662453006383523,0.1,0.09396926207859084,0.03420201433256689,0.17553814830893288,0.17279683172382404,False,0.002741316585108844,False,nan,nan,nan,nan,nan,nan,nan,False,False,False
1735,70.0,0.72,-0.12,0.3662453006383523,0.12,0.112763114494309,0.04104241719908026,0.17553814830893288,0.1737658440221097,False,0.0017723042868231786,False,nan,nan,nan,nan,nan,nan,nan,False,False,False
1736,70.0,0.72,-0.12,0.3662453006383523,0.14,0.1315569669100272,0.04788282006559364,0.17553814830893288,0.1747298958669096,False,0.0008082524420232884,False,nan,nan,nan,nan,nan,nan,nan,False,False,False
1737,70.0,0.72,-0.08,0.3662453006383523,0.08,0.07517540966287267,0.027361611466053506,0.14283492829255073,0.14013190312532245,False,0.0027030251672282846,False,nan,nan,nan,nan,nan,nan,nan,False,False,False
1738,70.0,0.72,-0.08,0.3662453006383523,0.1,0.09396926207859084,0.03420201433256689,0.14283492829255073,0.14147981569240758,False,0.001355112600143149,False,nan,nan,nan,nan,nan,nan,nan,False,False,False
1739,70.0,0.72,-0.08,0.3662453006383523,0.12,0.112763114494309,0.04104241719908026,0.14283492829255073,0.14252542090358505,False,0.00030950738896567964,False,nan,nan,nan,nan,nan,nan,nan,False,False,False
1740,70.0,0.72,-0.08,0.3662453006383523,0.14,0.1315569669100272,0.04788282006559364,0.14283492829255073,0.14283492829255073,False,0.0,False,nan,nan,nan,nan,nan,nan,nan,False,False,False
1741,70.0,0.78,-0.24,0.3662453006383523,0.08,0.07517540966287267,0.027361611466053506,0.30511197026401987,0.2997389066880728,False,0.005373063575947079,False,nan,nan,nan,nan,nan,nan,nan,False,False,False
1742,70.0,0.78,-0.24,0.3662453006383523,0.1,0.09396926207859084,0.03420201433256689,0.30511197026401987,0.3013008995118821,False,0.0038110707521377685,False,nan,nan,nan,nan,nan,nan,nan,False,False,False
1743,70.0,0.78,-0.24,0.3662453006383523,0.12,0.112763114494309,0.04104241719908026,0.30511197026401987,0.30240287619055967,False,0.0027090940734602054,False,nan,nan,nan,nan,nan,nan,nan,False,False,False
1744,70.0,0.78,-0.24,0.3662453006383523,0.14,0.1315569669100272,0.04788282006559364,0.30511197026401987,0.3032522416937009,False,0.0018597285703189637,False,nan,nan,nan,nan,nan,nan,nan,False,False,False
1745,70.0,0.78,-0.2,0.3662453006383523,0.08,0.07517540966287267,0.027361611466053506,0.27121080681527077,0.2677699027056891,False,0.003440904109581644,False,nan,nan,nan,nan,nan,nan,nan,False,False,False
1746,70.0,0.78,-0.2,0.3662453006383523,0.1,0.09396926207859084,0.03420201433256689,0.27121080681527077,0.26912093460971115,False,0.0020898722055596175,False,nan,nan,nan,nan,nan,nan,nan,False,False,False
1747,70.0,0.78,-0.2,0.3662453006383523,0.12,0.112763114494309,0.04104241719908026,0.27121080681527077,0.2701631868214122,False,0.0010476199938585506,False,nan,nan,nan,nan,nan,nan,nan,False,False,False
1748,70.0,0.78,-0.2,0.3662453006383523,0.14,0.1315569669100272,0.04788282006559364,0.27121080681527077,0.27104451201013724,False,0.00016629480513352668,False,nan,nan,nan,nan,nan,nan,nan,False,False,False
1749,70.0,0.78,-0.16,0.3662453006383523,0.08,0.07517540966287267,0.027361611466053506,0.23834436308274115,0.2365989791101614,False,0.001745383972579756,False,nan,nan,nan,nan,nan,nan,nan,False,False,False
1750,70.0,0.78,-0.16,0.3662453006383523,0.1,0.09396926207859084,0.03420201433256689,0.23834436308274115,0.23786073812146435,False,0.0004836249612767962,False,nan,nan,nan,nan,nan,nan,nan,False,False,False
1751,70.0,0.78,-0.16,0.3662453006383523,0.12,0.112763114494309,0.04104241719908026,0.23834436308274115,0.23834436308274115,False,0.0,False,nan,nan,nan,nan,nan,nan,nan,False,False,False
1752,70.0,0.78,-0.16,0.3662453006383523,0.14,0.1315569669100272,0.04788282006559364,0.23834436308274115,0.23834436308274115,False,0.0,False,nan,nan,nan,nan,nan,nan,nan,False,False,False
1753,70.0,0.78,-0.12,0.3662453006383523,0.08,0.07517540966287267,0.027361611466053506,0.20676492101429228,0.20653496124787227,False,0.0002299597664200126,False,nan,nan,nan,nan,nan,nan,nan,False,False,False
1754,70.0,0.78,-0.12,0.3662453006383523,0.1,0.09396926207859084,0.03420201433256689,0.20676492101429228,0.20676492101429228,False,0.0,False,nan,nan,nan,nan,nan,nan,nan,False,False,False
1755,70.0,0.78,-0.12,0.3662453006383523,0.12,0.112763114494309,0.04104241719908026,0.20676492101429228,0.20676492101429228,False,0.0,False,nan,nan,nan,nan,nan,nan,nan,False,False,False
1756,70.0,0.78,-0.12,0.3662453006383523,0.14,0.1315569669100272,0.04788282006559364,0.20676492101429228,0.20676492101429228,False,0.0,False,nan,nan,nan,nan,nan,nan,nan,False,False,False
1757,70.0,0.78,-0.08,0.3662453006383523,0.08,0.07517540966287267,0.027361611466053506,0.17634096748199984,0.17634096748199984,False,0.0,False,nan,nan,nan,nan,nan,nan,nan,False,False,False
1758,70.0,0.78,-0.08,0.3662453006383523,0.1,0.09396926207859084,0.03420201433256689,0.17634096748199984,0.17634096748199984,False,0.0,False,nan,nan,nan,nan,nan,nan,nan,False,False,False
1759,70.0,0.78,-0.08,0.3662453006383523,0.12,0.112763114494309,0.04104241719908026,0.17634096748199984,0.17634096748199984,False,0.0,False,nan,nan,nan,nan,nan,nan,nan,False,False,False
1760,70.0,0.78,-0.08,0.3662453006383523,0.14,0.1315569669100272,0.04788282006559364,0.17634096748199984,0.17634096748199984,False,0.0,False,nan,nan,nan,nan,nan,nan,nan,False,False,False
1761,70.0,0.84,-0.24,0.3662453006383523,0.08,0.07517540966287267,0.027361611466053506,0.3355027154871771,0.33390891458984884,False,0.0015938008973282458,False,nan,nan,nan,nan,nan,nan,nan,False,False,False
1762,70.0,0.84,-0.24,0.3662453006383523,0.1,0.09396926207859084,0.03420201433256689,0.3355027154871771,0.3351793064063304,False,0.0003234090808466594,False,nan,nan,nan,nan,nan,nan,nan,False,False,False
1763,70.0,0.84,-0.24,0.3662453006383523,0.12,0.112763114494309,0.04104241719908026,0.3355027154871771,0.3355027154871771,False,0.0,False,nan,nan,nan,nan,nan,nan,nan,False,False,False
1764,70.0,0.84,-0.24,0.3662453006383523,0.14,0.1315569669100272,0.04788282006559364,0.3355027154871771,0.3355027154871771,False,0.0,False,nan,nan,nan,nan,nan,nan,nan,False,False,False
1765,70.0,0.84,-0.2,0.3662453006383523,0.08,0.07517540966287267,0.027361611466053506,0.3036605024567632,0.3033004743252934,False,0.00036002813146979173,False,nan,nan,nan,nan,nan,nan,nan,False,False,False
1766,70.0,0.84,-0.2,0.3662453006383523,0.1,0.09396926207859084,0.03420201433256689,0.3036605024567632,0.3036605024567632,False,0.0,False,nan,nan,nan,nan,nan,nan,nan,False,False,False
1767,70.0,0.84,-0.2,0.3662453006383523,0.12,0.112763114494309,0.04104241719908026,0.3036605024567632,0.3036605024567632,False,0.0,False,nan,nan,nan,nan,nan,nan,nan,False,False,False
1768,70.0,0.84,-0.2,0.3662453006383523,0.14,0.1315569669100272,0.04788282006559364,0.3036605024567632,0.3036605024567632,False,0.0,False,nan,nan,nan,nan,nan,nan,nan,False,False,False
1769,70.0,0.84,-0.16,0.3662453006383523,0.08,0.07517540966287267,0.027361611466053506,0.27306471818893263,0.27306471818893263,False,0.0,False,nan,nan,nan,nan,nan,nan,nan,False,False,False
1770,70.0,0.84,-0.16,0.3662453006383523,0.1,0.09396926207859084,0.03420201433256689,0.27306471818893263,0.27306471818893263,False,0.0,False,nan,nan,nan,nan,nan,nan,nan,False,False,False
1771,70.0,0.84,-0.16,0.3662453006383523,0.12,0.112763114494309,0.04104241719908026,0.27306471818893263,0.27306471818893263,False,0.0,False,nan,nan,nan,nan,nan,nan,nan,False,False,False
1772,70.0,0.84,-0.16,0.3662453006383523,0.14,0.1315569669100272,0.04788282006559364,0.27306471818893263,0.27306471818893263,False,0.0,False,nan,nan,nan,nan,nan,nan,nan,False,False,False
1773,70.0,0.84,-0.12,0.3662453006383523,0.08,0.07517540966287267,0.027361611466053506,0.24397443189445966,0.24397443189445966,False,0.0,False,nan,nan,nan,nan,nan,nan,nan,False,False,False
1774,70.0,0.84,-0.12,0.3662453006383523,0.1,0.09396926207859084,0.03420201433256689,0.24397443189445966,0.24397443189445966,False,0.0,False,nan,nan,nan,nan,nan,nan,nan,False,False,False
1775,70.0,0.84,-0.12,0.3662453006383523,0.12,0.112763114494309,0.04104241719908026,0.24397443189445966,0.24397443189445966,False,0.0,False,nan,nan,nan,nan,nan,nan,nan,False,False,False
1776,70.0,0.84,-0.12,0.3662453006383523,0.14,0.1315569669100272,0.04788282006559364,0.24397443189445966,0.24397443189445966,False,0.0,False,nan,nan,nan,nan,nan,nan,nan,False,False,False
1777,70.0,0.84,-0.08,0.3662453006383523,0.08,0.07517540966287267,0.027361611466053506,0.2148285130552096,0.2148285130552096,False,0.0,False,nan,nan,nan,nan,nan,nan,nan,False,False,False
1778,70.0,0.84,-0.08,0.3662453006383523,0.1,0.09396926207859084,0.03420201433256689,0.2148285130552096,0.2148285130552096,False,0.0,False,nan,nan,nan,nan,nan,nan,nan,False,False,False
1779,70.0,0.84,-0.08,0.3662453006383523,0.12,0.112763114494309,0.04104241719908026,0.2148285130552096,0.2148285130552096,False,0.0,False,nan,nan,nan,nan,nan,nan,nan,False,False,False
1780,70.0,0.84,-0.08,0.3662453006383523,0.14,0.1315569669100272,0.04788282006559364,0.2148285130552096,0.2148285130552096,False,0.0,False,nan,nan,nan,nan,nan,nan,nan,False,False,False
1781,70.0,0.9,-0.24,0.3662453006383523,0.08,0.07517540966287267,0.027361611466053506,0.37062193407298033,0.37062193407298033,False,0.0,False,nan,nan,nan,nan,nan,nan,nan,False,False,False
1782,70.0,0.9,-0.24,0.3662453006383523,0.1,0.09396926207859084,0.03420201433256689,0.37062193407298033,0.37062193407298033,False,0.0,False,nan,nan,nan,nan,nan,nan,nan,False,False,False
1783,70.0,0.9,-0.24,0.3662453006383523,0.12,0.112763114494309,0.04104241719908026,0.37062193407298033,0.37062193407298033,False,0.0,False,nan,nan,nan,nan,nan,nan,nan,False,False,False
1784,70.0,0.9,-0.24,0.3662453006383523,0.14,0.1315569669100272,0.04788282006559364,0.37062193407298033,0.37062193407298033,False,0.0,False,nan,nan,nan,nan,nan,nan,nan,False,False,False
1785,70.0,0.9,-0.2,0.3662453006383523,0.08,0.07517540966287267,0.027361611466053506,0.3408599187704658,0.3408599187704658,False,0.0,False,nan,nan,nan,nan,nan,nan,nan,False,False,False
1786,70.0,0.9,-0.2,0.3662453006383523,0.1,0.09396926207859084,0.03420201433256689,0.3408599187704658,0.3408599187704658,False,0.0,False,nan,nan,nan,nan,nan,nan,nan,False,False,False
1787,70.0,0.9,-0.2,0.3662453006383523,0.12,0.112763114494309,0.04104241719908026,0.3408599187704658,0.3408599187704658,False,0.0,False,nan,nan,nan,nan,nan,nan,nan,False,False,False
1788,70.0,0.9,-0.2,0.3662453006383523,0.14,0.1315569669100272,0.04788282006559364,0.3408599187704658,0.3408599187704658,False,0.0,False,nan,nan,nan,nan,nan,nan,nan,False,False,False
1789,70.0,0.9,-0.16,0.3662453006383523,0.08,0.07517540966287267,0.027361611466053506,0.31249955065395346,0.31249955065395346,False,0.0,False,nan,nan,nan,nan,nan,nan,nan,False,False,False
1790,70.0,0.9,-0.16,0.3662453006383523,0.1,0.09396926207859084,0.03420201433256689,0.31249955065395346,0.31249955065395346,False,0.0,False,nan,nan,nan,nan,nan,nan,nan,False,False,False
1791,70.0,0.9,-0.16,0.3662453006383523,0.12,0.112763114494309,0.04104241719908026,0.31249955065395346,0.31249955065395346,False,0.0,False,nan,nan,nan,nan,nan,nan,nan,False,False,False
1792,70.0,0.9,-0.16,0.3662453006383523,0.14,0.1315569669100272,0.04788282006559364,0.31249955065395346,0.31249955065395346,False,0.0,False,nan,nan,nan,nan,nan,nan,nan,False,False,False
1793,70.0,0.9,-0.12,0.3662453006383523,0.08,0.07517540966287267,0.027361611466053506,0.28470952925676707,0.28470952925676707,False,0.0,False,nan,nan,nan,nan,nan,nan,nan,False,False,False
1794,70.0,0.9,-0.12,0.3662453006383523,0.1,0.09396926207859084,0.03420201433256689,0.28470952925676707,0.28470952925676707,False,0.0,False,nan,nan,nan,nan,nan,nan,nan,False,False,False
1795,70.0,0.9,-0.12,0.3662453006383523,0.12,0.112763114494309,0.04104241719908026,0.28470952925676707,0.28470952925676707,False,0.0,False,nan,nan,nan,nan,nan,nan,nan,False,False,False
1796,70.0,0.9,-0.12,0.3662453006383523,0.14,0.1315569669100272,0.04788282006559364,0.28470952925676707,0.28470952925676707,False,0.0,False,nan,nan,nan,nan,nan,nan,nan,False,False,False
1797,70.0,0.9,-0.08,0.3662453006383523,0.08,0.07517540966287267,0.027361611466053506,0.25798885892356743,0.25798885892356743,False,0.0,False,nan,nan,nan,nan,nan,nan,nan,False,False,False
1798,70.0,0.9,-0.08,0.3662453006383523,0.1,0.09396926207859084,0.03420201433256689,0.25798885892356743,0.25798885892356743,False,0.0,False,nan,nan,nan,nan,nan,nan,nan,False,False,False
1799,70.0,0.9,-0.08,0.3662453006383523,0.12,0.112763114494309,0.04104241719908026,0.25798885892356743,0.25798885892356743,False,0.0,False,nan,nan,nan,nan,nan,nan,nan,False,False,False
1800,70.0,0.9,-0.08,0.3662453006383523,0.14,0.1315569669100272,0.04788282006559364,0.25798885892356743,0.25798885892356743,False,0.0,False,nan,nan,nan,nan,nan,nan,nan,False,False,False
1801,75.0,0.36,-0.24,0.3662453006383523,0.08,0.07727406610312547,0.02070552360820166,0.0020956546124651643,0.0020956546124651643,False,0.0,False,nan,nan,nan,nan,nan,nan,nan,False,False,False
1802,75.0,0.36,-0.24,0.3662453006383523,0.1,0.09659258262890684,0.025881904510252074,0.0020956546124651643,0.0020956546124651643,False,0.0,False,nan,nan,nan,nan,nan,nan,nan,False,False,False
1803,75.0,0.36,-0.24,0.3662453006383523,0.12,0.1159110991546882,0.03105828541230249,0.0020956546124651643,0.0020956546124651643,False,0.0,False,nan,nan,nan,nan,nan,nan,nan,False,False,False
1804,75.0,0.36,-0.24,0.3662453006383523,0.14,0.13522961568046957,0.036234666314352904,0.0020956546124651643,0.0020956546124651643,False,0.0,False,nan,nan,nan,nan,nan,nan,nan,False,False,False
1805,75.0,0.36,-0.2,0.3662453006383523,0.08,0.07727406610312547,0.02070552360820166,-0.0129963503936332,-0.0129963503936332,False,0.0,False,nan,nan,nan,nan,nan,nan,nan,False,False,False
1806,75.0,0.36,-0.2,0.3662453006383523,0.1,0.09659258262890684,0.025881904510252074,-0.0129963503936332,-0.0129963503936332,False,0.0,False,nan,nan,nan,nan,nan,nan,nan,False,False,False
1807,75.0,0.36,-0.2,0.3662453006383523,0.12,0.1159110991546882,0.03105828541230249,-0.0129963503936332,-0.0129963503936332,False,0.0,False,nan,nan,nan,nan,nan,nan,nan,False,False,False
1808,75.0,0.36,-0.2,0.3662453006383523,0.14,0.13522961568046957,0.036234666314352904,-0.0129963503936332,-0.0129963503936332,False,0.0,False,nan,nan,nan,nan,nan,nan,nan,False,False,False
1809,75.0,0.36,-0.16,0.3662453006383523,0.08,0.07727406610312547,0.02070552360820166,-0.02405418770438808,-0.02405418770438808,False,0.0,False,nan,nan,nan,nan,nan,nan,nan,False,False,False
1810,75.0,0.36,-0.16,0.3662453006383523,0.1,0.09659258262890684,0.025881904510252074,-0.02405418770438808,-0.02405418770438808,False,0.0,False,nan,nan,nan,nan,nan,nan,nan,False,False,False
1811,75.0,0.36,-0.16,0.3662453006383523,0.12,0.1159110991546882,0.03105828541230249,-0.02405418770438808,-0.02405418770438808,False,0.0,False,nan,nan,nan,nan,nan,nan,nan,False,False,False
1812,75.0,0.36,-0.16,0.3662453006383523,0.14,0.13522961568046957,0.036234666314352904,-0.02405418770438808,-0.02405418770438808,False,0.0,False,nan,nan,nan,nan,nan,nan,nan,False,False,False
1813,75.0,0.36,-0.12,0.3662453006383523,0.08,0.07727406610312547,0.02070552360820166,-0.03759465340956078,-0.03759465340956078,False,0.0,False,nan,nan,nan,nan,nan,nan,nan,False,False,False
1814,75.0,0.36,-0.12,0.3662453006383523,0.1,0.09659258262890684,0.025881904510252074,-0.03759465340956078,-0.03759465340956078,False,0.0,False,nan,nan,nan,nan,nan,nan,nan,False,False,False
1815,75.0,0.36,-0.12,0.3662453006383523,0.12,0.1159110991546882,0.03105828541230249,-0.03759465340956078,-0.03759465340956078,False,0.0,False,nan,nan,nan,nan,nan,nan,nan,False,False,False
1816,75.0,0.36,-0.12,0.3662453006383523,0.14,0.13522961568046957,0.036234666314352904,-0.03759465340956078,-0.03759465340956078,False,0.0,False,nan,nan,nan,nan,nan,nan,nan,False,False,False
1817,75.0,0.36,-0.08,0.3662453006383523,0.08,0.07727406610312547,0.02070552360820166,-0.0435852433747219,-0.0435852433747219,False,0.0,False,nan,nan,nan,nan,nan,nan,nan,False,False,False
1818,75.0,0.36,-0.08,0.3662453006383523,0.1,0.09659258262890684,0.025881904510252074,-0.0435852433747219,-0.0435852433747219,False,0.0,False,nan,nan,nan,nan,nan,nan,nan,False,False,False
1819,75.0,0.36,-0.08,0.3662453006383523,0.12,0.1159110991546882,0.03105828541230249,-0.0435852433747219,-0.0435852433747219,False,0.0,False,nan,nan,nan,nan,nan,nan,nan,False,False,False
1820,75.0,0.36,-0.08,0.3662453006383523,0.14,0.13522961568046957,0.036234666314352904,-0.0435852433747219,-0.0435852433747219,False,0.0,False,nan,nan,nan,nan,nan,nan,nan,False,False,False
1821,75.0,0.42,-0.24,0.3662453006383523,0.08,0.07727406610312547,0.02070552360820166,0.056931854445468055,0.056931854445468055,False,0.0,False,nan,nan,nan,nan,nan,nan,nan,False,False,False
1822,75.0,0.42,-0.24,0.3662453006383523,0.1,0.09659258262890684,0.025881904510252074,0.056931854445468055,0.056931854445468055,False,0.0,False,nan,nan,nan,nan,nan,nan,nan,False,False,False
1823,75.0,0.42,-0.24,0.3662453006383523,0.12,0.1159110991546882,0.03105828541230249,0.056931854445468055,0.056931854445468055,False,0.0,False,nan,nan,nan,nan,nan,nan,nan,False,False,False
1824,75.0,0.42,-0.24,0.3662453006383523,0.14,0.13522961568046957,0.036234666314352904,0.056931854445468055,0.056931854445468055,False,0.0,False,nan,nan,nan,nan,nan,nan,nan,False,False,False
1825,75.0,0.42,-0.2,0.3662453006383523,0.08,0.07727406610312547,0.02070552360820166,0.04327300817388233,0.04327300817388233,False,0.0,False,nan,nan,nan,nan,nan,nan,nan,False,False,False
1826,75.0,0.42,-0.2,0.3662453006383523,0.1,0.09659258262890684,0.025881904510252074,0.04327300817388233,0.04327300817388233,False,0.0,False,nan,nan,nan,nan,nan,nan,nan,False,False,False
1827,75.0,0.42,-0.2,0.3662453006383523,0.12,0.1159110991546882,0.03105828541230249,0.04327300817388233,0.04327300817388233,False,0.0,False,nan,nan,nan,nan,nan,nan,nan,False,False,False
1828,75.0,0.42,-0.2,0.3662453006383523,0.14,0.13522961568046957,0.036234666314352904,0.04327300817388233,0.04327300817388233,False,0.0,False,nan,nan,nan,nan,nan,nan,nan,False,False,False
1829,75.0,0.42,-0.16,0.3662453006383523,0.08,0.07727406610312547,0.02070552360820166,0.03071552789993251,0.03071552789993251,False,0.0,False,nan,nan,nan,nan,nan,nan,nan,False,False,False
1830,75.0,0.42,-0.16,0.3662453006383523,0.1,0.09659258262890684,0.025881904510252074,0.03071552789993251,0.03071552789993251,False,0.0,False,nan,nan,nan,nan,nan,nan,nan,False,False,False
1831,75.0,0.42,-0.16,0.3662453006383523,0.12,0.1159110991546882,0.03105828541230249,0.03071552789993251,0.03071552789993251,False,0.0,False,nan,nan,nan,nan,nan,nan,nan,False,False,False
1832,75.0,0.42,-0.16,0.3662453006383523,0.14,0.13522961568046957,0.036234666314352904,0.03071552789993251,0.03071552789993251,False,0.0,False,nan,nan,nan,nan,nan,nan,nan,False,False,False
1833,75.0,0.42,-0.12,0.3662453006383523,0.08,0.07727406610312547,0.02070552360820166,0.018418107678528972,0.018418107678528972,False,0.0,False,nan,nan,nan,nan,nan,nan,nan,False,False,False
1834,75.0,0.42,-0.12,0.3662453006383523,0.1,0.09659258262890684,0.025881904510252074,0.018418107678528972,0.018418107678528972,False,0.0,False,nan,nan,nan,nan,nan,nan,nan,False,False,False
1835,75.0,0.42,-0.12,0.3662453006383523,0.12,0.1159110991546882,0.03105828541230249,0.018418107678528972,0.018418107678528972,False,0.0,False,nan,nan,nan,nan,nan,nan,nan,False,False,False
1836,75.0,0.42,-0.12,0.3662453006383523,0.14,0.13522961568046957,0.036234666314352904,0.018418107678528972,0.018418107678528972,False,0.0,False,nan,nan,nan,nan,nan,nan,nan,False,False,False
1837,75.0,0.42,-0.08,0.3662453006383523,0.08,0.07727406610312547,0.02070552360820166,0.014412181669531676,0.014412181669531676,False,0.0,False,nan,nan,nan,nan,nan,nan,nan,False,False,False
1838,75.0,0.42,-0.08,0.3662453006383523,0.1,0.09659258262890684,0.025881904510252074,0.014412181669531676,0.014412181669531676,False,0.0,False,nan,nan,nan,nan,nan,nan,nan,False,False,False
1839,75.0,0.42,-0.08,0.3662453006383523,0.12,0.1159110991546882,0.03105828541230249,0.014412181669531676,0.014412181669531676,False,0.0,False,nan,nan,nan,nan,nan,nan,nan,False,False,False
1840,75.0,0.42,-0.08,0.3662453006383523,0.14,0.13522961568046957,0.036234666314352904,0.014412181669531676,0.014412181669531676,False,0.0,False,nan,nan,nan,nan,nan,nan,nan,False,False,False
1841,75.0,0.48,-0.24,0.3662453006383523,0.08,0.07727406610312547,0.02070552360820166,0.11126117483230785,0.11126117483230785,False,0.0,False,nan,nan,nan,nan,nan,nan,nan,False,False,False
1842,75.0,0.48,-0.24,0.3662453006383523,0.1,0.09659258262890684,0.025881904510252074,0.11126117483230785,0.11126117483230785,False,0.0,False,nan,nan,nan,nan,nan,nan,nan,False,False,False
1843,75.0,0.48,-0.24,0.3662453006383523,0.12,0.1159110991546882,0.03105828541230249,0.11126117483230785,0.11126117483230785,False,0.0,False,nan,nan,nan,nan,nan,nan,nan,False,False,False
1844,75.0,0.48,-0.24,0.3662453006383523,0.14,0.13522961568046957,0.036234666314352904,0.11126117483230785,0.11126117483230785,False,0.0,False,nan,nan,nan,nan,nan,nan,nan,False,False,False
1845,75.0,0.48,-0.2,0.3662453006383523,0.08,0.07727406610312547,0.02070552360820166,0.09518175441206883,0.09518175441206883,False,0.0,False,nan,nan,nan,nan,nan,nan,nan,False,False,False
1846,75.0,0.48,-0.2,0.3662453006383523,0.1,0.09659258262890684,0.025881904510252074,0.09518175441206883,0.09518175441206883,False,0.0,False,nan,nan,nan,nan,nan,nan,nan,False,False,False
1847,75.0,0.48,-0.2,0.3662453006383523,0.12,0.1159110991546882,0.03105828541230249,0.09518175441206883,0.09518175441206883,False,0.0,False,nan,nan,nan,nan,nan,nan,nan,False,False,False
1848,75.0,0.48,-0.2,0.3662453006383523,0.14,0.13522961568046957,0.036234666314352904,0.09518175441206883,0.09518175441206883,False,0.0,False,nan,nan,nan,nan,nan,nan,nan,False,False,False
1849,75.0,0.48,-0.16,0.3662453006383523,0.08,0.07727406610312547,0.02070552360820166,0.08318114364293594,0.08318114364293594,False,0.0,False,nan,nan,nan,nan,nan,nan,nan,False,False,False
1850,75.0,0.48,-0.16,0.3662453006383523,0.1,0.09659258262890684,0.025881904510252074,0.08318114364293594,0.08318114364293594,False,0.0,False,nan,nan,nan,nan,nan,nan,nan,False,False,False
1851,75.0,0.48,-0.16,0.3662453006383523,0.12,0.1159110991546882,0.03105828541230249,0.08318114364293594,0.08318114364293594,False,0.0,False,nan,nan,nan,nan,nan,nan,nan,False,False,False
1852,75.0,0.48,-0.16,0.3662453006383523,0.14,0.13522961568046957,0.036234666314352904,0.08318114364293594,0.08318114364293594,False,0.0,False,nan,nan,nan,nan,nan,nan,nan,False,False,False
1853,75.0,0.48,-0.12,0.3662453006383523,0.08,0.07727406610312547,0.02070552360820166,0.07267282036065864,0.07267282036065864,False,0.0,False,nan,nan,nan,nan,nan,nan,nan,False,False,False
1854,75.0,0.48,-0.12,0.3662453006383523,0.1,0.09659258262890684,0.025881904510252074,0.07267282036065864,0.07267282036065864,False,0.0,False,nan,nan,nan,nan,nan,nan,nan,False,False,False
1855,75.0,0.48,-0.12,0.3662453006383523,0.12,0.1159110991546882,0.03105828541230249,0.07267282036065864,0.07267282036065864,False,0.0,False,nan,nan,nan,nan,nan,nan,nan,False,False,False
1856,75.0,0.48,-0.12,0.3662453006383523,0.14,0.13522961568046957,0.036234666314352904,0.07267282036065864,0.07267282036065864,False,0.0,False,nan,nan,nan,nan,nan,nan,nan,False,False,False
1857,75.0,0.48,-0.08,0.3662453006383523,0.08,0.07727406610312547,0.02070552360820166,0.06889907582064567,0.06889907582064567,False,0.0,False,nan,nan,nan,nan,nan,nan,nan,False,False,False
1858,75.0,0.48,-0.08,0.3662453006383523,0.1,0.09659258262890684,0.025881904510252074,0.06889907582064567,0.06889907582064567,False,0.0,False,nan,nan,nan,nan,nan,nan,nan,False,False,False
1859,75.0,0.48,-0.08,0.3662453006383523,0.12,0.1159110991546882,0.03105828541230249,0.06889907582064567,0.06681464144784702,False,0.002084434372798649,False,nan,nan,nan,nan,nan,nan,nan,False,False,False
1860,75.0,0.48,-0.08,0.3662453006383523,0.14,0.13522961568046957,0.036234666314352904,0.06889907582064567,0.06348358269163706,False,0.005415493129008603,False,nan,nan,nan,nan,nan,nan,nan,False,False,False
1861,75.0,0.54,-0.24,0.3662453006383523,0.08,0.07727406610312547,0.02070552360820166,0.1585270465301356,0.1585270465301356,False,0.0,False,nan,nan,nan,nan,nan,nan,nan,False,False,False
1862,75.0,0.54,-0.24,0.3662453006383523,0.1,0.09659258262890684,0.025881904510252074,0.1585270465301356,0.1585270465301356,False,0.0,False,nan,nan,nan,nan,nan,nan,nan,False,False,False
1863,75.0,0.54,-0.24,0.3662453006383523,0.12,0.1159110991546882,0.03105828541230249,0.1585270465301356,0.1585270465301356,False,0.0,False,nan,nan,nan,nan,nan,nan,nan,False,False,False
1864,75.0,0.54,-0.24,0.3662453006383523,0.14,0.13522961568046957,0.036234666314352904,0.1585270465301356,0.1585270465301356,False,0.0,False,nan,nan,nan,nan,nan,nan,nan,False,False,False
1865,75.0,0.54,-0.2,0.3662453006383523,0.08,0.07727406610312547,0.02070552360820166,0.1416571394353583,0.1416571394353583,False,0.0,False,nan,nan,nan,nan,nan,nan,nan,False,False,False
1866,75.0,0.54,-0.2,0.3662453006383523,0.1,0.09659258262890684,0.025881904510252074,0.1416571394353583,0.1416571394353583,False,0.0,False,nan,nan,nan,nan,nan,nan,nan,False,False,False
1867,75.0,0.54,-0.2,0.3662453006383523,0.12,0.1159110991546882,0.03105828541230249,0.1416571394353583,0.1416571394353583,False,0.0,False,nan,nan,nan,nan,nan,nan,nan,False,False,False
1868,75.0,0.54,-0.2,0.3662453006383523,0.14,0.13522961568046957,0.036234666314352904,0.1416571394353583,0.1416571394353583,False,0.0,False,nan,nan,nan,nan,nan,nan,nan,False,False,False
1869,75.0,0.54,-0.16,0.3662453006383523,0.08,0.07727406610312547,0.02070552360820166,0.12881598933347121,0.12881598933347121,False,0.0,False,nan,nan,nan,nan,nan,nan,nan,False,False,False
1870,75.0,0.54,-0.16,0.3662453006383523,0.1,0.09659258262890684,0.025881904510252074,0.12881598933347121,0.12881598933347121,False,0.0,False,nan,nan,nan,nan,nan,nan,nan,False,False,False
1871,75.0,0.54,-0.16,0.3662453006383523,0.12,0.1159110991546882,0.03105828541230249,0.12881598933347121,0.12881598933347121,False,0.0,False,nan,nan,nan,nan,nan,nan,nan,False,False,False
1872,75.0,0.54,-0.16,0.3662453006383523,0.14,0.13522961568046957,0.036234666314352904,0.12881598933347121,0.12881598933347121,False,0.0,False,nan,nan,nan,nan,nan,nan,nan,False,False,False
1873,75.0,0.54,-0.12,0.3662453006383523,0.08,0.07727406610312547,0.02070552360820166,0.12005253817376865,0.1115038779524207,True,0.008548660221347953,False,0.12444641863677702,0.12005253817376865,23.06718804175034,nan,nan,nan,nan,False,False,False
1874,75.0,0.54,-0.12,0.3662453006383523,0.1,0.09659258262890684,0.025881904510252074,0.12005253817376865,0.10940687998703097,True,0.010645658186737683,False,0.12173385569287776,0.12005253817376865,45.191712968517095,nan,nan,nan,nan,False,False,False
1875,75.0,0.54,-0.12,0.3662453006383523,0.12,0.1159110991546882,0.03105828541230249,0.12005253817376865,0.1076254802878652,True,0.012427057885903453,False,0.11970122908529157,0.12005253817376865,46.32065596524626,nan,nan,nan,nan,False,False,False
1876,75.0,0.54,-0.12,0.3662453006383523,0.14,0.13522961568046957,0.036234666314352904,0.12005253817376865,0.1061626663757646,True,0.01388987179800405,False,0.11837836282101749,0.12005253817376865,46.04612401453778,nan,nan,nan,nan,False,False,False
1877,75.0,0.54,-0.08,0.3662453006383523,0.08,0.07727406610312547,0.02070552360820166,0.09607351250836399,0.07470330708642234,False,0.02137020542194165,False,nan,nan,nan,nan,nan,nan,nan,False,False,False
1878,75.0,0.54,-0.08,0.3662453006383523,0.1,0.09659258262890684,0.025881904510252074,0.09607351250836399,0.07280849685634,False,0.02326501565202399,False,nan,nan,nan,nan,nan,nan,nan,False,False,False
1879,75.0,0.54,-0.08,0.3662453006383523,0.12,0.1159110991546882,0.03105828541230249,0.09607351250836399,0.07127276351051712,False,0.024800748997846872,False,nan,nan,nan,nan,nan,nan,nan,False,False,False
1880,75.0,0.54,-0.08,0.3662453006383523,0.14,0.13522961568046957,0.036234666314352904,0.09607351250836399,0.07009898950367671,False,0.025974523004687278,False,nan,nan,nan,nan,nan,nan,nan,False,False,False
1881,75.0,0.6,-0.24,0.3662453006383523,0.08,0.07727406610312547,0.02070552360820166,0.20482794557359657,0.20482794557359657,False,0.0,False,nan,nan,nan,nan,nan,nan,nan,False,False,False
1882,75.0,0.6,-0.24,0.3662453006383523,0.1,0.09659258262890684,0.025881904510252074,0.20482794557359657,0.20482794557359657,False,0.0,False,nan,nan,nan,nan,nan,nan,nan,False,False,False
1883,75.0,0.6,-0.24,0.3662453006383523,0.12,0.1159110991546882,0.03105828541230249,0.20482794557359657,0.20482794557359657,False,0.0,False,nan,nan,nan,nan,nan,nan,nan,False,False,False
1884,75.0,0.6,-0.24,0.3662453006383523,0.14,0.13522961568046957,0.036234666314352904,0.20482794557359657,0.20482794557359657,False,0.0,False,nan,nan,nan,nan,nan,nan,nan,False,False,False
1885,75.0,0.6,-0.2,0.3662453006383523,0.08,0.07727406610312547,0.02070552360820166,0.1902237656897205,0.1902237656897205,False,0.0,False,nan,nan,nan,nan,nan,nan,nan,False,False,False
1886,75.0,0.6,-0.2,0.3662453006383523,0.1,0.09659258262890684,0.025881904510252074,0.1902237656897205,0.1902237656897205,False,0.0,False,nan,nan,nan,nan,nan,nan,nan,False,False,False
1887,75.0,0.6,-0.2,0.3662453006383523,0.12,0.1159110991546882,0.03105828541230249,0.1902237656897205,0.1902237656897205,False,0.0,False,nan,nan,nan,nan,nan,nan,nan,False,False,False
1888,75.0,0.6,-0.2,0.3662453006383523,0.14,0.13522961568046957,0.036234666314352904,0.1902237656897205,0.1902237656897205,False,0.0,False,nan,nan,nan,nan,nan,nan,nan,False,False,False
1889,75.0,0.6,-0.16,0.3662453006383523,0.08,0.07727406610312547,0.02070552360820166,0.17496008865397916,0.15926360107356738,False,0.015696487580411783,False,nan,nan,nan,nan,nan,nan,nan,False,False,False
1890,75.0,0.6,-0.16,0.3662453006383523,0.1,0.09659258262890684,0.025881904510252074,0.17496008865397916,0.15865612097419873,False,0.01630396767978043,False,nan,nan,nan,nan,nan,nan,nan,False,False,False
1891,75.0,0.6,-0.16,0.3662453006383523,0.12,0.1159110991546882,0.03105828541230249,0.17496008865397916,0.15832459310275374,False,0.016635495551225427,False,nan,nan,nan,nan,nan,nan,nan,False,False,False
1892,75.0,0.6,-0.16,0.3662453006383523,0.14,0.13522961568046957,0.036234666314352904,0.17496008865397916,0.15826794944302636,False,0.016692139210952806,False,nan,nan,nan,nan,nan,nan,nan,False,False,False
1893,75.0,0.6,-0.12,0.3662453006383523,0.08,0.07727406610312547,0.02070552360820166,0.1374618194243804,0.12294765985892761,True,0.014514159565452794,False,0.13564618941650844,0.13698453204146424,45.64626602223143,nan,nan,nan,nan,False,False,False
1894,75.0,0.6,-0.12,0.3662453006383523,0.1,0.09659258262890684,0.025881904510252074,0.1374618194243804,0.12267943447803498,True,0.014782384946345428,False,0.13487866709074503,0.13685538912130407,49.401791009586304,nan,nan,nan,nan,False,False,False
1895,75.0,0.6,-0.12,0.3662453006383523,0.12,0.1159110991546882,0.03105828541230249,0.1374618194243804,0.12271650529602304,True,0.014745314128357362,False,0.13442420678832592,0.13672947383193562,45.761600020341575,nan,nan,nan,nan,False,False,False
1896,75.0,0.6,-0.12,0.3662453006383523,0.14,0.13522961568046957,0.036234666314352904,0.1374618194243804,0.12305653434173092,True,0.014405285082649488,False,0.13423356311673615,0.13657650283337272,45.74839898850769,nan,nan,nan,nan,False,False,False
1897,75.0,0.6,-0.08,0.3662453006383523,0.08,0.07727406610312547,0.02070552360820166,0.10061404566209836,0.08760262321119303,False,0.013011422450905336,False,nan,nan,nan,nan,nan,nan,nan,False,False,False
1898,75.0,0.6,-0.08,0.3662453006383523,0.1,0.09659258262890684,0.025881904510252074,0.10061404566209836,0.0877550338719828,False,0.01285901179011556,False,nan,nan,nan,nan,nan,nan,nan,False,False,False
1899,75.0,0.6,-0.08,0.3662453006383523,0.12,0.1159110991546882,0.03105828541230249,0.10061404566209836,0.08824664389382006,False,0.012367401768278302,False,nan,nan,nan,nan,nan,nan,nan,False,False,False
1900,75.0,0.6,-0.08,0.3662453006383523,0.14,0.13522961568046957,0.036234666314352904,0.10061404566209836,0.08907298175724343,False,0.011541063904854931,False,nan,nan,nan,nan,nan,nan,nan,False,False,False
1901,75.0,0.66,-0.24,0.3662453006383523,0.08,0.07727406610312547,0.02070552360820166,0.2546931154696529,0.2501639281208855,False,0.004529187348767394,False,nan,nan,nan,nan,nan,nan,nan,False,False,False
1902,75.0,0.66,-0.24,0.3662453006383523,0.1,0.09659258262890684,0.025881904510252074,0.2546931154696529,0.25033975185227364,False,0.004353363617379258,False,nan,nan,nan,nan,nan,nan,nan,False,False,False
1903,75.0,0.66,-0.24,0.3662453006383523,0.12,0.1159110991546882,0.03105828541230249,0.2546931154696529,0.2507334137351842,False,0.00395970173446869,False,nan,nan,nan,nan,nan,nan,nan,False,False,False
1904,75.0,0.66,-0.24,0.3662453006383523,0.14,0.13522961568046957,0.036234666314352904,0.2546931154696529,0.25134320384574776,False,0.003349911623905133,False,nan,nan,nan,nan,nan,nan,nan,False,False,False
1905,75.0,0.66,-0.2,0.3662453006383523,0.08,0.07727406610312547,0.02070552360820166,0.22479862186126287,0.21409083905889562,False,0.010707782802367255,False,nan,nan,nan,nan,nan,nan,nan,False,False,False
1906,75.0,0.66,-0.2,0.3662453006383523,0.1,0.09659258262890684,0.025881904510252074,0.22479862186126287,0.21459879302485657,False,0.0101998288364063,False,nan,nan,nan,nan,nan,nan,nan,False,False,False
1907,75.0,0.66,-0.2,0.3662453006383523,0.12,0.1159110991546882,0.03105828541230249,0.22479862186126287,0.2153411683320192,False,0.009457453529243681,False,nan,nan,nan,nan,nan,nan,nan,False,False,False
1908,75.0,0.66,-0.2,0.3662453006383523,0.14,0.13522961568046957,0.036234666314352904,0.22479862186126287,0.21631538958746876,False,0.008483232273794106,False,nan,nan,nan,nan,nan,nan,nan,False,False,False
1909,75.0,0.66,-0.16,0.3662453006383523,0.08,0.07727406610312547,0.02070552360820166,0.1879979445145714,0.1788020906129317,False,0.009195853901639711,False,nan,nan,nan,nan,nan,nan,nan,False,False,False
1910,75.0,0.66,-0.16,0.3662453006383523,0.1,0.09659258262890684,0.025881904510252074,0.1879979445145714,0.1797011022884034,False,0.008296842226168,False,nan,nan,nan,nan,nan,nan,nan,False,False,False
1911,75.0,0.66,-0.16,0.3662453006383523,0.12,0.1159110991546882,0.03105828541230249,0.1879979445145714,0.18085249612492146,False,0.00714544838964995,False,nan,nan,nan,nan,nan,nan,nan,False,False,False
1912,75.0,0.66,-0.16,0.3662453006383523,0.14,0.13522961568046957,0.036234666314352904,0.1879979445145714,0.18214967028713608,False,0.005848274227435335,False,nan,nan,nan,nan,nan,nan,nan,False,False,False
1913,75.0,0.66,-0.12,0.3662453006383523,0.08,0.07727406610312547,0.02070552360820166,0.15190068367831916,0.14453706145364295,False,0.007363622224676208,False,nan,nan,nan,nan,nan,nan,nan,False,False,False
1914,75.0,0.66,-0.12,0.3662453006383523,0.1,0.09659258262890684,0.025881904510252074,0.15190068367831916,0.14589961884613412,False,0.0060010648321850435,False,nan,nan,nan,nan,nan,nan,nan,False,False,False
1915,75.0,0.66,-0.12,0.3662453006383523,0.12,0.1159110991546882,0.03105828541230249,0.15190068367831916,0.14735452115269218,False,0.004546162525626979,False,nan,nan,nan,nan,nan,nan,nan,False,False,False
1916,75.0,0.66,-0.12,0.3662453006383523,0.14,0.13522961568046957,0.036234666314352904,0.15190068367831916,0.14809097278024433,False,0.0038097108980748307,False,nan,nan,nan,nan,nan,nan,nan,False,False,False
1917,75.0,0.66,-0.08,0.3662453006383523,0.08,0.07727406610312547,0.02070552360820166,0.11674913256168179,0.11163097066309405,False,0.005118161898587742,False,nan,nan,nan,nan,nan,nan,nan,False,False,False
1918,75.0,0.66,-0.08,0.3662453006383523,0.1,0.09659258262890684,0.025881904510252074,0.11674913256168179,0.11324658851426467,False,0.003502544047417122,False,nan,nan,nan,nan,nan,nan,nan,False,False,False
1919,75.0,0.66,-0.08,0.3662453006383523,0.12,0.1159110991546882,0.03105828541230249,0.11674913256168179,0.1141532164474367,False,0.0025959161142450893,False,nan,nan,nan,nan,nan,nan,nan,False,False,False
1920,75.0,0.66,-0.08,0.3662453006383523,0.14,0.13522961568046957,0.036234666314352904,0.11674913256168179,0.1151672981410786,False,0.0015818344206031953,False,nan,nan,nan,nan,nan,nan,nan,False,False,False
1921,75.0,0.72,-0.24,0.3662453006383523,0.08,0.07727406610312547,0.02070552360820166,0.2803522316786447,0.2735496990512317,False,0.006802532627412983,False,nan,nan,nan,nan,nan,nan,nan,False,False,False
1922,75.0,0.72,-0.24,0.3662453006383523,0.1,0.09659258262890684,0.025881904510252074,0.2803522316786447,0.2748912916181037,False,0.005460940060540986,False,nan,nan,nan,nan,nan,nan,nan,False,False,False
1923,75.0,0.72,-0.24,0.3662453006383523,0.12,0.1159110991546882,0.03105828541230249,0.2803522316786447,0.2764028032146054,False,0.003949428464039284,False,nan,nan,nan,nan,nan,nan,nan,False,False,False
1924,75.0,0.72,-0.24,0.3662453006383523,0.14,0.13522961568046957,0.036234666314352904,0.2803522316786447,0.27718412215970045,False,0.003168109518944251,False,nan,nan,nan,nan,nan,nan,nan,False,False,False
1925,75.0,0.72,-0.2,0.3662453006383523,0.08,0.07727406610312547,0.02070552360820166,0.24455742860895813,0.2393899885437701,False,0.005167440065188017,False,nan,nan,nan,nan,nan,nan,nan,False,False,False
1926,75.0,0.72,-0.2,0.3662453006383523,0.1,0.09659258262890684,0.025881904510252074,0.24455742860895813,0.24112934639876454,False,0.0034280822101935837,False,nan,nan,nan,nan,nan,nan,nan,False,False,False
1927,75.0,0.72,-0.2,0.3662453006383523,0.12,0.1159110991546882,0.03105828541230249,0.24455742860895813,0.24207958777216138,False,0.002477840836796752,False,nan,nan,nan,nan,nan,nan,nan,False,False,False
1928,75.0,0.72,-0.2,0.3662453006383523,0.14,0.13522961568046957,0.036234666314352904,0.24455742860895813,0.24302683023367508,False,0.0015305983752830488,False,nan,nan,nan,nan,nan,nan,nan,False,False,False
1929,75.0,0.72,-0.16,0.3662453006383523,0.08,0.07727406610312547,0.02070552360820166,0.20954591479607237,0.20629125665272904,False,0.003254658143343331,False,nan,nan,nan,nan,nan,nan,nan,False,False,False
1930,75.0,0.72,-0.16,0.3662453006383523,0.1,0.09659258262890684,0.025881904510252074,0.20954591479607237,0.20757629252582377,False,0.0019696222702486055,False,nan,nan,nan,nan,nan,nan,nan,False,False,False
1931,75.0,0.72,-0.16,0.3662453006383523,0.12,0.1159110991546882,0.03105828541230249,0.20954591479607237,0.2087089426208718,False,0.0008369721752005677,False,nan,nan,nan,nan,nan,nan,nan,False,False,False
1932,75.0,0.72,-0.16,0.3662453006383523,0.14,0.13522961568046957,0.036234666314352904,0.20954591479607237,0.20953972037219368,False,6.194423878697064e-06,False,nan,nan,nan,nan,nan,nan,nan,False,False,False
1933,75.0,0.72,-0.12,0.3662453006383523,0.08,0.07727406610312547,0.02070552360820166,0.17553814830893288,0.17384280008473144,False,0.0016953482242014484,False,nan,nan,nan,nan,nan,nan,nan,False,False,False
1934,75.0,0.72,-0.12,0.3662453006383523,0.1,0.09659258262890684,0.025881904510252074,0.17553814830893288,0.1751915666984148,False,0.000346581610518093,False,nan,nan,nan,nan,nan,nan,nan,False,False,False
1935,75.0,0.72,-0.12,0.3662453006383523,0.12,0.1159110991546882,0.03105828541230249,0.17553814830893288,0.17553814830893288,False,0.0,False,nan,nan,nan,nan,nan,nan,nan,False,False,False
1936,75.0,0.72,-0.12,0.3662453006383523,0.14,0.13522961568046957,0.036234666314352904,0.17553814830893288,0.17553814830893288,False,0.0,False,nan,nan,nan,nan,nan,nan,nan,False,False,False
1937,75.0,0.72,-0.08,0.3662453006383523,0.08,0.07727406610312547,0.02070552360820166,0.14283492829255073,0.14250694429645464,False,0.0003279839960960984,False,nan,nan,nan,nan,nan,nan,nan,False,False,False
1938,75.0,0.72,-0.08,0.3662453006383523,0.1,0.09659258262890684,0.025881904510252074,0.14283492829255073,0.14283492829255073,False,0.0,False,nan,nan,nan,nan,nan,nan,nan,False,False,False
1939,75.0,0.72,-0.08,0.3662453006383523,0.12,0.1159110991546882,0.03105828541230249,0.14283492829255073,0.14283492829255073,False,0.0,False,nan,nan,nan,nan,nan,nan,nan,False,False,False
1940,75.0,0.72,-0.08,0.3662453006383523,0.14,0.13522961568046957,0.036234666314352904,0.14283492829255073,0.14283492829255073,False,0.0,False,nan,nan,nan,nan,nan,nan,nan,False,False,False
1941,75.0,0.78,-0.24,0.3662453006383523,0.08,0.07727406610312547,0.02070552360820166,0.30511197026401987,0.3028909814916123,False,0.0022209887724075617,False,nan,nan,nan,nan,nan,nan,nan,False,False,False
1942,75.0,0.78,-0.24,0.3662453006383523,0.1,0.09659258262890684,0.025881904510252074,0.30511197026401987,0.30409206104817843,False,0.0010199092158414413,False,nan,nan,nan,nan,nan,nan,nan,False,False,False
1943,75.0,0.78,-0.24,0.3662453006383523,0.12,0.1159110991546882,0.03105828541230249,0.30511197026401987,0.30511197026401987,False,0.0,False,nan,nan,nan,nan,nan,nan,nan,False,False,False
1944,75.0,0.78,-0.24,0.3662453006383523,0.14,0.13522961568046957,0.036234666314352904,0.30511197026401987,0.30511197026401987,False,0.0,False,nan,nan,nan,nan,nan,nan,nan,False,False,False
1945,75.0,0.78,-0.2,0.3662453006383523,0.08,0.07727406610312547,0.02070552360820166,0.27121080681527077,0.27010080314657037,False,0.001110003668700399,False,nan,nan,nan,nan,nan,nan,nan,False,False,False
1946,75.0,0.78,-0.2,0.3662453006383523,0.1,0.09659258262890684,0.025881904510252074,0.27121080681527077,0.27121080681527077,False,0.0,False,nan,nan,nan,nan,nan,nan,nan,False,False,False
1947,75.0,0.78,-0.2,0.3662453006383523,0.12,0.1159110991546882,0.03105828541230249,0.27121080681527077,0.27121080681527077,False,0.0,False,nan,nan,nan,nan,nan,nan,nan,False,False,False
1948,75.0,0.78,-0.2,0.3662453006383523,0.14,0.13522961568046957,0.036234666314352904,0.27121080681527077,0.27121080681527077,False,0.0,False,nan,nan,nan,nan,nan,nan,nan,False,False,False
1949,75.0,0.78,-0.16,0.3662453006383523,0.08,0.07727406610312547,0.02070552360820166,0.23834436308274115,0.23834436308274115,False,0.0,False,nan,nan,nan,nan,nan,nan,nan,False,False,False
1950,75.0,0.78,-0.16,0.3662453006383523,0.1,0.09659258262890684,0.025881904510252074,0.23834436308274115,0.23834436308274115,False,0.0,False,nan,nan,nan,nan,nan,nan,nan,False,False,False
1951,75.0,0.78,-0.16,0.3662453006383523,0.12,0.1159110991546882,0.03105828541230249,0.23834436308274115,0.23834436308274115,False,0.0,False,nan,nan,nan,nan,nan,nan,nan,False,False,False
1952,75.0,0.78,-0.16,0.3662453006383523,0.14,0.13522961568046957,0.036234666314352904,0.23834436308274115,0.23834436308274115,False,0.0,False,nan,nan,nan,nan,nan,nan,nan,False,False,False
1953,75.0,0.78,-0.12,0.3662453006383523,0.08,0.07727406610312547,0.02070552360820166,0.20676492101429228,0.20676492101429228,False,0.0,False,nan,nan,nan,nan,nan,nan,nan,False,False,False
1954,75.0,0.78,-0.12,0.3662453006383523,0.1,0.09659258262890684,0.025881904510252074,0.20676492101429228,0.20676492101429228,False,0.0,False,nan,nan,nan,nan,nan,nan,nan,False,False,False
1955,75.0,0.78,-0.12,0.3662453006383523,0.12,0.1159110991546882,0.03105828541230249,0.20676492101429228,0.20676492101429228,False,0.0,False,nan,nan,nan,nan,nan,nan,nan,False,False,False
1956,75.0,0.78,-0.12,0.3662453006383523,0.14,0.13522961568046957,0.036234666314352904,0.20676492101429228,0.20676492101429228,False,0.0,False,nan,nan,nan,nan,nan,nan,nan,False,False,False
1957,75.0,0.78,-0.08,0.3662453006383523,0.08,0.07727406610312547,0.02070552360820166,0.17634096748199984,0.17634096748199984,False,0.0,False,nan,nan,nan,nan,nan,nan,nan,False,False,False
1958,75.0,0.78,-0.08,0.3662453006383523,0.1,0.09659258262890684,0.025881904510252074,0.17634096748199984,0.17634096748199984,False,0.0,False,nan,nan,nan,nan,nan,nan,nan,False,False,False
1959,75.0,0.78,-0.08,0.3662453006383523,0.12,0.1159110991546882,0.03105828541230249,0.17634096748199984,0.17634096748199984,False,0.0,False,nan,nan,nan,nan,nan,nan,nan,False,False,False
1960,75.0,0.78,-0.08,0.3662453006383523,0.14,0.13522961568046957,0.036234666314352904,0.17634096748199984,0.17634096748199984,False,0.0,False,nan,nan,nan,nan,nan,nan,nan,False,False,False
1961,75.0,0.84,-0.24,0.3662453006383523,0.08,0.07727406610312547,0.02070552360820166,0.3355027154871771,0.3355027154871771,False,0.0,False,nan,nan,nan,nan,nan,nan,nan,False,False,False
1962,75.0,0.84,-0.24,0.3662453006383523,0.1,0.09659258262890684,0.025881904510252074,0.3355027154871771,0.3355027154871771,False,0.0,False,nan,nan,nan,nan,nan,nan,nan,False,False,False
1963,75.0,0.84,-0.24,0.3662453006383523,0.12,0.1159110991546882,0.03105828541230249,0.3355027154871771,0.3355027154871771,False,0.0,False,nan,nan,nan,nan,nan,nan,nan,False,False,False
1964,75.0,0.84,-0.24,0.3662453006383523,0.14,0.13522961568046957,0.036234666314352904,0.3355027154871771,0.3355027154871771,False,0.0,False,nan,nan,nan,nan,nan,nan,nan,False,False,False
1965,75.0,0.84,-0.2,0.3662453006383523,0.08,0.07727406610312547,0.02070552360820166,0.3036605024567632,0.3036605024567632,False,0.0,False,nan,nan,nan,nan,nan,nan,nan,False,False,False
1966,75.0,0.84,-0.2,0.3662453006383523,0.1,0.09659258262890684,0.025881904510252074,0.3036605024567632,0.3036605024567632,False,0.0,False,nan,nan,nan,nan,nan,nan,nan,False,False,False
1967,75.0,0.84,-0.2,0.3662453006383523,0.12,0.1159110991546882,0.03105828541230249,0.3036605024567632,0.3036605024567632,False,0.0,False,nan,nan,nan,nan,nan,nan,nan,False,False,False
1968,75.0,0.84,-0.2,0.3662453006383523,0.14,0.13522961568046957,0.036234666314352904,0.3036605024567632,0.3036605024567632,False,0.0,False,nan,nan,nan,nan,nan,nan,nan,False,False,False
1969,75.0,0.84,-0.16,0.3662453006383523,0.08,0.07727406610312547,0.02070552360820166,0.27306471818893263,0.27306471818893263,False,0.0,False,nan,nan,nan,nan,nan,nan,nan,False,False,False
1970,75.0,0.84,-0.16,0.3662453006383523,0.1,0.09659258262890684,0.025881904510252074,0.27306471818893263,0.27306471818893263,False,0.0,False,nan,nan,nan,nan,nan,nan,nan,False,False,False
1971,75.0,0.84,-0.16,0.3662453006383523,0.12,0.1159110991546882,0.03105828541230249,0.27306471818893263,0.27306471818893263,False,0.0,False,nan,nan,nan,nan,nan,nan,nan,False,False,False
1972,75.0,0.84,-0.16,0.3662453006383523,0.14,0.13522961568046957,0.036234666314352904,0.27306471818893263,0.27306471818893263,False,0.0,False,nan,nan,nan,nan,nan,nan,nan,False,False,False
1973,75.0,0.84,-0.12,0.3662453006383523,0.08,0.07727406610312547,0.02070552360820166,0.24397443189445966,0.24397443189445966,False,0.0,False,nan,nan,nan,nan,nan,nan,nan,False,False,False
1974,75.0,0.84,-0.12,0.3662453006383523,0.1,0.09659258262890684,0.025881904510252074,0.24397443189445966,0.24397443189445966,False,0.0,False,nan,nan,nan,nan,nan,nan,nan,False,False,False
1975,75.0,0.84,-0.12,0.3662453006383523,0.12,0.1159110991546882,0.03105828541230249,0.24397443189445966,0.24397443189445966,False,0.0,False,nan,nan,nan,nan,nan,nan,nan,False,False,False
1976,75.0,0.84,-0.12,0.3662453006383523,0.14,0.13522961568046957,0.036234666314352904,0.24397443189445966,0.24397443189445966,False,0.0,False,nan,nan,nan,nan,nan,nan,nan,False,False,False
1977,75.0,0.84,-0.08,0.3662453006383523,0.08,0.07727406610312547,0.02070552360820166,0.2148285130552096,0.2148285130552096,False,0.0,False,nan,nan,nan,nan,nan,nan,nan,False,False,False
1978,75.0,0.84,-0.08,0.3662453006383523,0.1,0.09659258262890684,0.025881904510252074,0.2148285130552096,0.2148285130552096,False,0.0,False,nan,nan,nan,nan,nan,nan,nan,False,False,False
1979,75.0,0.84,-0.08,0.3662453006383523,0.12,0.1159110991546882,0.03105828541230249,0.2148285130552096,0.2148285130552096,False,0.0,False,nan,nan,nan,nan,nan,nan,nan,False,False,False
1980,75.0,0.84,-0.08,0.3662453006383523,0.14,0.13522961568046957,0.036234666314352904,0.2148285130552096,0.2148285130552096,False,0.0,False,nan,nan,nan,nan,nan,nan,nan,False,False,False
1981,75.0,0.9,-0.24,0.3662453006383523,0.08,0.07727406610312547,0.02070552360820166,0.37062193407298033,0.37062193407298033,False,0.0,False,nan,nan,nan,nan,nan,nan,nan,False,False,False
1982,75.0,0.9,-0.24,0.3662453006383523,0.1,0.09659258262890684,0.025881904510252074,0.37062193407298033,0.37062193407298033,False,0.0,False,nan,nan,nan,nan,nan,nan,nan,False,False,False
1983,75.0,0.9,-0.24,0.3662453006383523,0.12,0.1159110991546882,0.03105828541230249,0.37062193407298033,0.37062193407298033,False,0.0,False,nan,nan,nan,nan,nan,nan,nan,False,False,False
1984,75.0,0.9,-0.24,0.3662453006383523,0.14,0.13522961568046957,0.036234666314352904,0.37062193407298033,0.37062193407298033,False,0.0,False,nan,nan,nan,nan,nan,nan,nan,False,False,False
1985,75.0,0.9,-0.2,0.3662453006383523,0.08,0.07727406610312547,0.02070552360820166,0.3408599187704658,0.3408599187704658,False,0.0,False,nan,nan,nan,nan,nan,nan,nan,False,False,False
1986,75.0,0.9,-0.2,0.3662453006383523,0.1,0.09659258262890684,0.025881904510252074,0.3408599187704658,0.3408599187704658,False,0.0,False,nan,nan,nan,nan,nan,nan,nan,False,False,False
1987,75.0,0.9,-0.2,0.3662453006383523,0.12,0.1159110991546882,0.03105828541230249,0.3408599187704658,0.3408599187704658,False,0.0,False,nan,nan,nan,nan,nan,nan,nan,False,False,False
1988,75.0,0.9,-0.2,0.3662453006383523,0.14,0.13522961568046957,0.036234666314352904,0.3408599187704658,0.3408599187704658,False,0.0,False,nan,nan,nan,nan,nan,nan,nan,False,False,False
1989,75.0,0.9,-0.16,0.3662453006383523,0.08,0.07727406610312547,0.02070552360820166,0.31249955065395346,0.31249955065395346,False,0.0,False,nan,nan,nan,nan,nan,nan,nan,False,False,False
1990,75.0,0.9,-0.16,0.3662453006383523,0.1,0.09659258262890684,0.025881904510252074,0.31249955065395346,0.31249955065395346,False,0.0,False,nan,nan,nan,nan,nan,nan,nan,False,False,False
1991,75.0,0.9,-0.16,0.3662453006383523,0.12,0.1159110991546882,0.03105828541230249,0.31249955065395346,0.31249955065395346,False,0.0,False,nan,nan,nan,nan,nan,nan,nan,False,False,False
1992,75.0,0.9,-0.16,0.3662453006383523,0.14,0.13522961568046957,0.036234666314352904,0.31249955065395346,0.31249955065395346,False,0.0,False,nan,nan,nan,nan,nan,nan,nan,False,False,False
1993,75.0,0.9,-0.12,0.3662453006383523,0.08,0.07727406610312547,0.02070552360820166,0.28470952925676707,0.28470952925676707,False,0.0,False,nan,nan,nan,nan,nan,nan,nan,False,False,False
1994,75.0,0.9,-0.12,0.3662453006383523,0.1,0.09659258262890684,0.025881904510252074,0.28470952925676707,0.28470952925676707,False,0.0,False,nan,nan,nan,nan,nan,nan,nan,False,False,False
1995,75.0,0.9,-0.12,0.3662453006383523,0.12,0.1159110991546882,0.03105828541230249,0.28470952925676707,0.28470952925676707,False,0.0,False,nan,nan,nan,nan,nan,nan,nan,False,False,False
1996,75.0,0.9,-0.12,0.3662453006383523,0.14,0.13522961568046957,0.036234666314352904,0.28470952925676707,0.28470952925676707,False,0.0,False,nan,nan,nan,nan,nan,nan,nan,False,False,False
1997,75.0,0.9,-0.08,0.3662453006383523,0.08,0.07727406610312547,0.02070552360820166,0.25798885892356743,0.25798885892356743,False,0.0,False,nan,nan,nan,nan,nan,nan,nan,False,False,False
1998,75.0,0.9,-0.08,0.3662453006383523,0.1,0.09659258262890684,0.025881904510252074,0.25798885892356743,0.25798885892356743,False,0.0,False,nan,nan,nan,nan,nan,nan,nan,False,False,False
1999,75.0,0.9,-0.08,0.3662453006383523,0.12,0.1159110991546882,0.03105828541230249,0.25798885892356743,0.25798885892356743,False,0.0,False,nan,nan,nan,nan,nan,nan,nan,False,False,False
2000,75.0,0.9,-0.08,0.3662453006383523,0.14,0.13522961568046957,0.036234666314352904,0.25798885892356743,0.25798885892356743,False,0.0,False,nan,nan,nan,nan,nan,nan,nan,False,False,False
2001,80.0,0.36,-0.24,0.3662453006383523,0.08,0.07878462024097664,0.013891854213354433,0.0020956546124651643,0.0020956546124651643,False,0.0,False,nan,nan,nan,nan,nan,nan,nan,False,False,False
2002,80.0,0.36,-0.24,0.3662453006383523,0.1,0.0984807753012208,0.017364817766693044,0.0020956546124651643,0.0020956546124651643,False,0.0,False,nan,nan,nan,nan,nan,nan,nan,False,False,False
2003,80.0,0.36,-0.24,0.3662453006383523,0.12,0.11817693036146495,0.02083778132003165,0.0020956546124651643,0.0020956546124651643,False,0.0,False,nan,nan,nan,nan,nan,nan,nan,False,False,False
2004,80.0,0.36,-0.24,0.3662453006383523,0.14,0.13787308542170915,0.02431074487337026,0.0020956546124651643,0.0020956546124651643,False,0.0,False,nan,nan,nan,nan,nan,nan,nan,False,False,False
2005,80.0,0.36,-0.2,0.3662453006383523,0.08,0.07878462024097664,0.013891854213354433,-0.0129963503936332,-0.0129963503936332,False,0.0,False,nan,nan,nan,nan,nan,nan,nan,False,False,False
2006,80.0,0.36,-0.2,0.3662453006383523,0.1,0.0984807753012208,0.017364817766693044,-0.0129963503936332,-0.0129963503936332,False,0.0,False,nan,nan,nan,nan,nan,nan,nan,False,False,False
2007,80.0,0.36,-0.2,0.3662453006383523,0.12,0.11817693036146495,0.02083778132003165,-0.0129963503936332,-0.0129963503936332,False,0.0,False,nan,nan,nan,nan,nan,nan,nan,False,False,False
2008,80.0,0.36,-0.2,0.3662453006383523,0.14,0.13787308542170915,0.02431074487337026,-0.0129963503936332,-0.0129963503936332,False,0.0,False,nan,nan,nan,nan,nan,nan,nan,False,False,False
2009,80.0,0.36,-0.16,0.3662453006383523,0.08,0.07878462024097664,0.013891854213354433,-0.02405418770438808,-0.02405418770438808,False,0.0,False,nan,nan,nan,nan,nan,nan,nan,False,False,False
2010,80.0,0.36,-0.16,0.3662453006383523,0.1,0.0984807753012208,0.017364817766693044,-0.02405418770438808,-0.02405418770438808,False,0.0,False,nan,nan,nan,nan,nan,nan,nan,False,False,False
2011,80.0,0.36,-0.16,0.3662453006383523,0.12,0.11817693036146495,0.02083778132003165,-0.02405418770438808,-0.02405418770438808,False,0.0,False,nan,nan,nan,nan,nan,nan,nan,False,False,False
2012,80.0,0.36,-0.16,0.3662453006383523,0.14,0.13787308542170915,0.02431074487337026,-0.02405418770438808,-0.02405418770438808,False,0.0,False,nan,nan,nan,nan,nan,nan,nan,False,False,False
2013,80.0,0.36,-0.12,0.3662453006383523,0.08,0.07878462024097664,0.013891854213354433,-0.03759465340956078,-0.03759465340956078,False,0.0,False,nan,nan,nan,nan,nan,nan,nan,False,False,False
2014,80.0,0.36,-0.12,0.3662453006383523,0.1,0.0984807753012208,0.017364817766693044,-0.03759465340956078,-0.03759465340956078,False,0.0,False,nan,nan,nan,nan,nan,nan,nan,False,False,False
2015,80.0,0.36,-0.12,0.3662453006383523,0.12,0.11817693036146495,0.02083778132003165,-0.03759465340956078,-0.03759465340956078,False,0.0,False,nan,nan,nan,nan,nan,nan,nan,False,False,False
2016,80.0,0.36,-0.12,0.3662453006383523,0.14,0.13787308542170915,0.02431074487337026,-0.03759465340956078,-0.03759465340956078,False,0.0,False,nan,nan,nan,nan,nan,nan,nan,False,False,False
2017,80.0,0.36,-0.08,0.3662453006383523,0.08,0.07878462024097664,0.013891854213354433,-0.0435852433747219,-0.0435852433747219,False,0.0,False,nan,nan,nan,nan,nan,nan,nan,False,False,False
2018,80.0,0.36,-0.08,0.3662453006383523,0.1,0.0984807753012208,0.017364817766693044,-0.0435852433747219,-0.0435852433747219,False,0.0,False,nan,nan,nan,nan,nan,nan,nan,False,False,False
2019,80.0,0.36,-0.08,0.3662453006383523,0.12,0.11817693036146495,0.02083778132003165,-0.0435852433747219,-0.0435852433747219,False,0.0,False,nan,nan,nan,nan,nan,nan,nan,False,False,False
2020,80.0,0.36,-0.08,0.3662453006383523,0.14,0.13787308542170915,0.02431074487337026,-0.0435852433747219,-0.0435852433747219,False,0.0,False,nan,nan,nan,nan,nan,nan,nan,False,False,False
2021,80.0,0.42,-0.24,0.3662453006383523,0.08,0.07878462024097664,0.013891854213354433,0.056931854445468055,0.056931854445468055,False,0.0,False,nan,nan,nan,nan,nan,nan,nan,False,False,False
2022,80.0,0.42,-0.24,0.3662453006383523,0.1,0.0984807753012208,0.017364817766693044,0.056931854445468055,0.056931854445468055,False,0.0,False,nan,nan,nan,nan,nan,nan,nan,False,False,False
2023,80.0,0.42,-0.24,0.3662453006383523,0.12,0.11817693036146495,0.02083778132003165,0.056931854445468055,0.056931854445468055,False,0.0,False,nan,nan,nan,nan,nan,nan,nan,False,False,False
2024,80.0,0.42,-0.24,0.3662453006383523,0.14,0.13787308542170915,0.02431074487337026,0.056931854445468055,0.056931854445468055,False,0.0,False,nan,nan,nan,nan,nan,nan,nan,False,False,False
2025,80.0,0.42,-0.2,0.3662453006383523,0.08,0.07878462024097664,0.013891854213354433,0.04327300817388233,0.04327300817388233,False,0.0,False,nan,nan,nan,nan,nan,nan,nan,False,False,False
2026,80.0,0.42,-0.2,0.3662453006383523,0.1,0.0984807753012208,0.017364817766693044,0.04327300817388233,0.04327300817388233,False,0.0,False,nan,nan,nan,nan,nan,nan,nan,False,False,False
2027,80.0,0.42,-0.2,0.3662453006383523,0.12,0.11817693036146495,0.02083778132003165,0.04327300817388233,0.04327300817388233,False,0.0,False,nan,nan,nan,nan,nan,nan,nan,False,False,False
2028,80.0,0.42,-0.2,0.3662453006383523,0.14,0.13787308542170915,0.02431074487337026,0.04327300817388233,0.04327300817388233,False,0.0,False,nan,nan,nan,nan,nan,nan,nan,False,False,False
2029,80.0,0.42,-0.16,0.3662453006383523,0.08,0.07878462024097664,0.013891854213354433,0.03071552789993251,0.03071552789993251,False,0.0,False,nan,nan,nan,nan,nan,nan,nan,False,False,False
2030,80.0,0.42,-0.16,0.3662453006383523,0.1,0.0984807753012208,0.017364817766693044,0.03071552789993251,0.03071552789993251,False,0.0,False,nan,nan,nan,nan,nan,nan,nan,False,False,False
2031,80.0,0.42,-0.16,0.3662453006383523,0.12,0.11817693036146495,0.02083778132003165,0.03071552789993251,0.03071552789993251,False,0.0,False,nan,nan,nan,nan,nan,nan,nan,False,False,False
2032,80.0,0.42,-0.16,0.3662453006383523,0.14,0.13787308542170915,0.02431074487337026,0.03071552789993251,0.03071552789993251,False,0.0,False,nan,nan,nan,nan,nan,nan,nan,False,False,False
2033,80.0,0.42,-0.12,0.3662453006383523,0.08,0.07878462024097664,0.013891854213354433,0.018418107678528972,0.018418107678528972,False,0.0,False,nan,nan,nan,nan,nan,nan,nan,False,False,False
2034,80.0,0.42,-0.12,0.3662453006383523,0.1,0.0984807753012208,0.017364817766693044,0.018418107678528972,0.018418107678528972,False,0.0,False,nan,nan,nan,nan,nan,nan,nan,False,False,False
2035,80.0,0.42,-0.12,0.3662453006383523,0.12,0.11817693036146495,0.02083778132003165,0.018418107678528972,0.018418107678528972,False,0.0,False,nan,nan,nan,nan,nan,nan,nan,False,False,False
2036,80.0,0.42,-0.12,0.3662453006383523,0.14,0.13787308542170915,0.02431074487337026,0.018418107678528972,0.018418107678528972,False,0.0,False,nan,nan,nan,nan,nan,nan,nan,False,False,False
2037,80.0,0.42,-0.08,0.3662453006383523,0.08,0.07878462024097664,0.013891854213354433,0.014412181669531676,0.014412181669531676,False,0.0,False,nan,nan,nan,nan,nan,nan,nan,False,False,False
2038,80.0,0.42,-0.08,0.3662453006383523,0.1,0.0984807753012208,0.017364817766693044,0.014412181669531676,0.014412181669531676,False,0.0,False,nan,nan,nan,nan,nan,nan,nan,False,False,False
2039,80.0,0.42,-0.08,0.3662453006383523,0.12,0.11817693036146495,0.02083778132003165,0.014412181669531676,0.014412181669531676,False,0.0,False,nan,nan,nan,nan,nan,nan,nan,False,False,False
2040,80.0,0.42,-0.08,0.3662453006383523,0.14,0.13787308542170915,0.02431074487337026,0.014412181669531676,0.014412181669531676,False,0.0,False,nan,nan,nan,nan,nan,nan,nan,False,False,False
2041,80.0,0.48,-0.24,0.3662453006383523,0.08,0.07878462024097664,0.013891854213354433,0.11126117483230785,0.11126117483230785,False,0.0,False,nan,nan,nan,nan,nan,nan,nan,False,False,False
2042,80.0,0.48,-0.24,0.3662453006383523,0.1,0.0984807753012208,0.017364817766693044,0.11126117483230785,0.11126117483230785,False,0.0,False,nan,nan,nan,nan,nan,nan,nan,False,False,False
2043,80.0,0.48,-0.24,0.3662453006383523,0.12,0.11817693036146495,0.02083778132003165,0.11126117483230785,0.11126117483230785,False,0.0,False,nan,nan,nan,nan,nan,nan,nan,False,False,False
2044,80.0,0.48,-0.24,0.3662453006383523,0.14,0.13787308542170915,0.02431074487337026,0.11126117483230785,0.11126117483230785,False,0.0,False,nan,nan,nan,nan,nan,nan,nan,False,False,False
2045,80.0,0.48,-0.2,0.3662453006383523,0.08,0.07878462024097664,0.013891854213354433,0.09518175441206883,0.09518175441206883,False,0.0,False,nan,nan,nan,nan,nan,nan,nan,False,False,False
2046,80.0,0.48,-0.2,0.3662453006383523,0.1,0.0984807753012208,0.017364817766693044,0.09518175441206883,0.09518175441206883,False,0.0,False,nan,nan,nan,nan,nan,nan,nan,False,False,False
2047,80.0,0.48,-0.2,0.3662453006383523,0.12,0.11817693036146495,0.02083778132003165,0.09518175441206883,0.09518175441206883,False,0.0,False,nan,nan,nan,nan,nan,nan,nan,False,False,False
2048,80.0,0.48,-0.2,0.3662453006383523,0.14,0.13787308542170915,0.02431074487337026,0.09518175441206883,0.09518175441206883,False,0.0,False,nan,nan,nan,nan,nan,nan,nan,False,False,False
2049,80.0,0.48,-0.16,0.3662453006383523,0.08,0.07878462024097664,0.013891854213354433,0.08318114364293594,0.08318114364293594,False,0.0,False,nan,nan,nan,nan,nan,nan,nan,False,False,False
2050,80.0,0.48,-0.16,0.3662453006383523,0.1,0.0984807753012208,0.017364817766693044,0.08318114364293594,0.08318114364293594,False,0.0,False,nan,nan,nan,nan,nan,nan,nan,False,False,False
2051,80.0,0.48,-0.16,0.3662453006383523,0.12,0.11817693036146495,0.02083778132003165,0.08318114364293594,0.08318114364293594,False,0.0,False,nan,nan,nan,nan,nan,nan,nan,False,False,False
2052,80.0,0.48,-0.16,0.3662453006383523,0.14,0.13787308542170915,0.02431074487337026,0.08318114364293594,0.08318114364293594,False,0.0,False,nan,nan,nan,nan,nan,nan,nan,False,False,False
2053,80.0,0.48,-0.12,0.3662453006383523,0.08,0.07878462024097664,0.013891854213354433,0.07267282036065864,0.07267282036065864,False,0.0,False,nan,nan,nan,nan,nan,nan,nan,False,False,False
2054,80.0,0.48,-0.12,0.3662453006383523,0.1,0.0984807753012208,0.017364817766693044,0.07267282036065864,0.07267282036065864,False,0.0,False,nan,nan,nan,nan,nan,nan,nan,False,False,False
2055,80.0,0.48,-0.12,0.3662453006383523,0.12,0.11817693036146495,0.02083778132003165,0.07267282036065864,0.07267282036065864,False,0.0,False,nan,nan,nan,nan,nan,nan,nan,False,False,False
2056,80.0,0.48,-0.12,0.3662453006383523,0.14,0.13787308542170915,0.02431074487337026,0.07267282036065864,0.07267282036065864,False,0.0,False,nan,nan,nan,nan,nan,nan,nan,False,False,False
2057,80.0,0.48,-0.08,0.3662453006383523,0.08,0.07878462024097664,0.013891854213354433,0.06889907582064567,0.06889907582064567,False,0.0,False,nan,nan,nan,nan,nan,nan,nan,False,False,False
2058,80.0,0.48,-0.08,0.3662453006383523,0.1,0.0984807753012208,0.017364817766693044,0.06889907582064567,0.06889907582064567,False,0.0,False,nan,nan,nan,nan,nan,nan,nan,False,False,False
2059,80.0,0.48,-0.08,0.3662453006383523,0.12,0.11817693036146495,0.02083778132003165,0.06889907582064567,0.06889907582064567,False,0.0,False,nan,nan,nan,nan,nan,nan,nan,False,False,False
2060,80.0,0.48,-0.08,0.3662453006383523,0.14,0.13787308542170915,0.02431074487337026,0.06889907582064567,0.06889907582064567,False,0.0,False,nan,nan,nan,nan,nan,nan,nan,False,False,False
2061,80.0,0.54,-0.24,0.3662453006383523,0.08,0.07878462024097664,0.013891854213354433,0.1585270465301356,0.1585270465301356,False,0.0,False,nan,nan,nan,nan,nan,nan,nan,False,False,False
2062,80.0,0.54,-0.24,0.3662453006383523,0.1,0.0984807753012208,0.017364817766693044,0.1585270465301356,0.1585270465301356,False,0.0,False,nan,nan,nan,nan,nan,nan,nan,False,False,False
2063,80.0,0.54,-0.24,0.3662453006383523,0.12,0.11817693036146495,0.02083778132003165,0.1585270465301356,0.1585270465301356,False,0.0,False,nan,nan,nan,nan,nan,nan,nan,False,False,False
2064,80.0,0.54,-0.24,0.3662453006383523,0.14,0.13787308542170915,0.02431074487337026,0.1585270465301356,0.1585270465301356,False,0.0,False,nan,nan,nan,nan,nan,nan,nan,False,False,False
2065,80.0,0.54,-0.2,0.3662453006383523,0.08,0.07878462024097664,0.013891854213354433,0.1416571394353583,0.1416571394353583,False,0.0,False,nan,nan,nan,nan,nan,nan,nan,False,False,False
2066,80.0,0.54,-0.2,0.3662453006383523,0.1,0.0984807753012208,0.017364817766693044,0.1416571394353583,0.1416571394353583,False,0.0,False,nan,nan,nan,nan,nan,nan,nan,False,False,False
2067,80.0,0.54,-0.2,0.3662453006383523,0.12,0.11817693036146495,0.02083778132003165,0.1416571394353583,0.1416571394353583,False,0.0,False,nan,nan,nan,nan,nan,nan,nan,False,False,False
2068,80.0,0.54,-0.2,0.3662453006383523,0.14,0.13787308542170915,0.02431074487337026,0.1416571394353583,0.1416571394353583,False,0.0,False,nan,nan,nan,nan,nan,nan,nan,False,False,False
2069,80.0,0.54,-0.16,0.3662453006383523,0.08,0.07878462024097664,0.013891854213354433,0.12881598933347121,0.12881598933347121,False,0.0,False,nan,nan,nan,nan,nan,nan,nan,False,False,False
2070,80.0,0.54,-0.16,0.3662453006383523,0.1,0.0984807753012208,0.017364817766693044,0.12881598933347121,0.12881598933347121,False,0.0,False,nan,nan,nan,nan,nan,nan,nan,False,False,False
2071,80.0,0.54,-0.16,0.3662453006383523,0.12,0.11817693036146495,0.02083778132003165,0.12881598933347121,0.12881598933347121,False,0.0,False,nan,nan,nan,nan,nan,nan,nan,False,False,False
2072,80.0,0.54,-0.16,0.3662453006383523,0.14,0.13787308542170915,0.02431074487337026,0.12881598933347121,0.12881598933347121,False,0.0,False,nan,nan,nan,nan,nan,nan,nan,False,False,False
2073,80.0,0.54,-0.12,0.3662453006383523,0.08,0.07878462024097664,0.013891854213354433,0.12005253817376865,0.11474867870823655,True,0.005303859465532107,False,0.12895180621641608,0.12005253817376865,28.19756604731083,nan,nan,nan,nan,False,False,False
2074,80.0,0.54,-0.12,0.3662453006383523,0.1,0.0984807753012208,0.017364817766693044,0.12005253817376865,0.11347429607869852,True,0.00657824209507013,False,0.12733485323041993,0.12005253817376865,27.66710298601538,nan,nan,nan,nan,False,False,False
2075,80.0,0.54,-0.12,0.3662453006383523,0.12,0.11817693036146495,0.02083778132003165,0.12005253817376865,0.11251523967772362,True,0.007537298496045036,False,0.12615489723303866,0.12005253817376865,24.02051503304392,nan,nan,nan,nan,False,False,False
2076,80.0,0.54,-0.12,0.3662453006383523,0.14,0.13787308542170915,0.02431074487337026,0.12005253817376865,0.11187198455609265,True,0.008180553617676,False,0.12537883565942542,0.12005253817376865,21.66357502574101,nan,nan,nan,nan,False,False,False
2077,80.0,0.54,-0.08,0.3662453006383523,0.08,0.07878462024097664,0.013891854213354433,0.09607351250836399,0.07788796465197392,False,0.018185547856390066,False,nan,nan,nan,nan,nan,nan,nan,False,False,False
2078,80.0,0.54,-0.08,0.3662453006383523,0.1,0.0984807753012208,0.017364817766693044,0.09607351250836399,0.07679922240792258,False,0.019274290100441405,False,nan,nan,nan,nan,nan,nan,nan,False,False,False
2079,80.0,0.54,-0.08,0.3662453006383523,0.12,0.11817693036146495,0.02083778132003165,0.09607351250836399,0.0760673895464152,False,0.020006122961948786,False,nan,nan,nan,nan,nan,nan,nan,False,False,False
2080,80.0,0.54,-0.08,0.3662453006383523,0.14,0.13787308542170915,0.02431074487337026,0.09607351250836399,0.07569220590811793,False,0.020381306600246063,False,nan,nan,nan,nan,nan,nan,nan,False,False,False
2081,80.0,0.6,-0.24,0.3662453006383523,0.08,0.07878462024097664,0.013891854213354433,0.20482794557359657,0.20482794557359657,False,0.0,False,nan,nan,nan,nan,nan,nan,nan,False,False,False
2082,80.0,0.6,-0.24,0.3662453006383523,0.1,0.0984807753012208,0.017364817766693044,0.20482794557359657,0.20482794557359657,False,0.0,False,nan,nan,nan,nan,nan,nan,nan,False,False,False
2083,80.0,0.6,-0.24,0.3662453006383523,0.12,0.11817693036146495,0.02083778132003165,0.20482794557359657,0.20482794557359657,False,0.0,False,nan,nan,nan,nan,nan,nan,nan,False,False,False
2084,80.0,0.6,-0.24,0.3662453006383523,0.14,0.13787308542170915,0.02431074487337026,0.20482794557359657,0.20482794557359657,False,0.0,False,nan,nan,nan,nan,nan,nan,nan,False,False,False
2085,80.0,0.6,-0.2,0.3662453006383523,0.08,0.07878462024097664,0.013891854213354433,0.1902237656897205,0.1902237656897205,False,0.0,False,nan,nan,nan,nan,nan,nan,nan,False,False,False
2086,80.0,0.6,-0.2,0.3662453006383523,0.1,0.0984807753012208,0.017364817766693044,0.1902237656897205,0.1902237656897205,False,0.0,False,nan,nan,nan,nan,nan,nan,nan,False,False,False
2087,80.0,0.6,-0.2,0.3662453006383523,0.12,0.11817693036146495,0.02083778132003165,0.1902237656897205,0.1902237656897205,False,0.0,False,nan,nan,nan,nan,nan,nan,nan,False,False,False
2088,80.0,0.6,-0.2,0.3662453006383523,0.14,0.13787308542170915,0.02431074487337026,0.1902237656897205,0.1902237656897205,False,0.0,False,nan,nan,nan,nan,nan,nan,nan,False,False,False
2089,80.0,0.6,-0.16,0.3662453006383523,0.08,0.07878462024097664,0.013891854213354433,0.17496008865397916,0.16258133011764767,False,0.012378758536331497,False,nan,nan,nan,nan,nan,nan,nan,False,False,False
2090,80.0,0.6,-0.16,0.3662453006383523,0.1,0.0984807753012208,0.017364817766693044,0.17496008865397916,0.16279640279918617,False,0.012163685854792994,False,nan,nan,nan,nan,nan,nan,nan,False,False,False
2091,80.0,0.6,-0.16,0.3662453006383523,0.12,0.11817693036146495,0.02083778132003165,0.17496008865397916,0.163280995567492,False,0.011679093086487152,False,nan,nan,nan,nan,nan,nan,nan,False,False,False
2092,80.0,0.6,-0.16,0.3662453006383523,0.14,0.13787308542170915,0.02431074487337026,0.17496008865397916,0.1640322927906498,False,0.01092779586332937,False,nan,nan,nan,nan,nan,nan,nan,False,False,False
2093,80.0,0.6,-0.12,0.3662453006383523,0.08,0.07878462024097664,0.013891854213354433,0.1374618194243804,0.12621736079694104,True,0.011244458627439363,False,0.1371147830860442,0.13724742608868548,48.86137001449242,nan,nan,nan,nan,False,False,False
2094,80.0,0.6,-0.12,0.3662453006383523,0.1,0.0984807753012208,0.017364817766693044,0.1374618194243804,0.1267549132533467,True,0.010706906171033703,False,0.13691845584648976,0.13718507739594543,45.74269999284297,nan,nan,nan,nan,False,False,False
2095,80.0,0.6,-0.12,0.3662453006383523,0.12,0.11817693036146495,0.02083778132003165,0.1374618194243804,0.1275887269127868,True,0.0098730925115936,False,0.136753980626396,0.13712635504184478,47.887065971735865,nan,nan,nan,nan,False,False,False
2096,80.0,0.6,-0.12,0.3662453006383523,0.14,0.13787308542170915,0.02431074487337026,0.1374618194243804,0.128714448640391,True,0.008747370783989405,False,0.13659397911046625,0.1370689016951298,46.442218008451164,nan,nan,nan,nan,False,False,False
2097,80.0,0.6,-0.08,0.3662453006383523,0.08,0.07878462024097664,0.013891854213354433,0.10061404566209836,0.09080172798972616,False,0.0098123176723722,False,nan,nan,nan,nan,nan,nan,nan,False,False,False
2098,80.0,0.6,-0.08,0.3662453006383523,0.1,0.0984807753012208,0.017364817766693044,0.10061404566209836,0.09173558405503712,False,0.008878461607061239,False,nan,nan,nan,nan,nan,nan,nan,False,False,False
2099,80.0,0.6,-0.08,0.3662453006383523,0.12,0.11817693036146495,0.02083778132003165,0.10061404566209836,0.0929961356139524,False,0.007617910048145965,False,nan,nan,nan,nan,nan,nan,nan,False,False,False
2100,80.0,0.6,-0.08,0.3662453006383523,0.14,0.13787308542170915,0.02431074487337026,0.10061404566209836,0.09423959580627395,False,0.006374449855824416,False,nan,nan,nan,nan,nan,nan,nan,False,False,False
2101,80.0,0.66,-0.24,0.3662453006383523,0.08,0.07878462024097664,0.013891854213354433,0.2546931154696529,0.2535173636734229,False,0.0011757517962299735,False,nan,nan,nan,nan,nan,nan,nan,False,False,False
2102,80.0,0.66,-0.24,0.3662453006383523,0.1,0.0984807753012208,0.017364817766693044,0.2546931154696529,0.2545187727061869,False,0.00017434276346600663,False,nan,nan,nan,nan,nan,nan,nan,False,False,False
2103,80.0,0.66,-0.24,0.3662453006383523,0.12,0.11817693036146495,0.02083778132003165,0.2546931154696529,0.2546931154696529,False,0.0,False,nan,nan,nan,nan,nan,nan,nan,False,False,False
2104,80.0,0.66,-0.24,0.3662453006383523,0.14,0.13787308542170915,0.02431074487337026,0.2546931154696529,0.2546931154696529,False,0.0,False,nan,nan,nan,nan,nan,nan,nan,False,False,False
2105,80.0,0.66,-0.2,0.3662453006383523,0.08,0.07878462024097664,0.013891854213354433,0.22479862186126287,0.2174078252332627,False,0.007390796628000157,False,nan,nan,nan,nan,nan,nan,nan,False,False,False
2106,80.0,0.66,-0.2,0.3662453006383523,0.1,0.0984807753012208,0.017364817766693044,0.22479862186126287,0.2187281009714192,False,0.006070520889843667,False,nan,nan,nan,nan,nan,nan,nan,False,False,False
2107,80.0,0.66,-0.2,0.3662453006383523,0.12,0.11817693036146495,0.02083778132003165,0.22479862186126287,0.22027350536006893,False,0.004525116501193943,False,nan,nan,nan,nan,nan,nan,nan,False,False,False
2108,80.0,0.66,-0.2,0.3662453006383523,0.14,0.13787308542170915,0.02431074487337026,0.22479862186126287,0.22112732021188833,False,0.003671301649374542,False,nan,nan,nan,nan,nan,nan,nan,False,False,False
2109,80.0,0.66,-0.16,0.3662453006383523,0.08,0.07878462024097664,0.013891854213354433,0.1879979445145714,0.1820690940509054,False,0.005928850463666008,False,nan,nan,nan,nan,nan,nan,nan,False,False,False
2110,80.0,0.66,-0.16,0.3662453006383523,0.1,0.0984807753012208,0.017364817766693044,0.1879979445145714,0.18376262070258442,False,0.004235323811986991,False,nan,nan,nan,nan,nan,nan,nan,False,False,False
2111,80.0,0.66,-0.16,0.3662453006383523,0.12,0.11817693036146495,0.02083778132003165,0.1879979445145714,0.18488191401428444,False,0.0031160305002869704,False,nan,nan,nan,nan,nan,nan,nan,False,False,False
2112,80.0,0.66,-0.16,0.3662453006383523,0.14,0.13787308542170915,0.02431074487337026,0.1879979445145714,0.1857912587197558,False,0.002206685794815616,False,nan,nan,nan,nan,nan,nan,nan,False,False,False
2113,80.0,0.66,-0.12,0.3662453006383523,0.08,0.07878462024097664,0.013891854213354433,0.15190068367831916,0.14773459790647794,False,0.004166085771841216,False,nan,nan,nan,nan,nan,nan,nan,False,False,False
2114,80.0,0.66,-0.12,0.3662453006383523,0.1,0.0984807753012208,0.017364817766693044,0.15190068367831916,0.14921907969027076,False,0.0026816039880483977,False,nan,nan,nan,nan,nan,nan,nan,False,False,False
2115,80.0,0.66,-0.12,0.3662453006383523,0.12,0.11817693036146495,0.02083778132003165,0.15190068367831916,0.15028731751765506,False,0.001613366160664098,False,nan,nan,nan,nan,nan,nan,nan,False,False,False
2116,80.0,0.66,-0.12,0.3662453006383523,0.14,0.13787308542170915,0.02431074487337026,0.15190068367831916,0.15127968635802344,False,0.0006209973202957186,False,nan,nan,nan,nan,nan,nan,nan,False,False,False
2117,80.0,0.66,-0.08,0.3662453006383523,0.08,0.07878462024097664,0.013891854213354433,0.11674913256168179,0.11433946345456483,False,0.0024096691071169574,False,nan,nan,nan,nan,nan,nan,nan,False,False,False
2118,80.0,0.66,-0.08,0.3662453006383523,0.1,0.0984807753012208,0.017364817766693044,0.11674913256168179,0.11559856538015462,False,0.0011505671815271734,False,nan,nan,nan,nan,nan,nan,nan,False,False,False
2119,80.0,0.66,-0.08,0.3662453006383523,0.12,0.11817693036146495,0.02083778132003165,0.11674913256168179,0.11666377440690853,False,8.535815477325737e-05,False,nan,nan,nan,nan,nan,nan,nan,False,False,False
2120,80.0,0.66,-0.08,0.3662453006383523,0.14,0.13787308542170915,0.02431074487337026,0.11674913256168179,0.11674913256168179,False,0.0,False,nan,nan,nan,nan,nan,nan,nan,False,False,False
2121,80.0,0.72,-0.24,0.3662453006383523,0.08,0.07878462024097664,0.013891854213354433,0.2803522316786447,0.2768340671463987,False,0.0035181645322460153,False,nan,nan,nan,nan,nan,nan,nan,False,False,False
2122,80.0,0.72,-0.24,0.3662453006383523,0.1,0.0984807753012208,0.017364817766693044,0.2803522316786447,0.27830416423674686,False,0.0020480674418978384,False,nan,nan,nan,nan,nan,nan,nan,False,False,False
2123,80.0,0.72,-0.24,0.3662453006383523,0.12,0.11817693036146495,0.02083778132003165,0.2803522316786447,0.27943405103134766,False,0.00091818064729704,False,nan,nan,nan,nan,nan,nan,nan,False,False,False
2124,80.0,0.72,-0.24,0.3662453006383523,0.14,0.13787308542170915,0.02431074487337026,0.2803522316786447,0.2803522316786447,False,0.0,False,nan,nan,nan,nan,nan,nan,nan,False,False,False
2125,80.0,0.72,-0.2,0.3662453006383523,0.08,0.07878462024097664,0.013891854213354433,0.24455742860895813,0.24237578771773752,False,0.0021816408912206098,False,nan,nan,nan,nan,nan,nan,nan,False,False,False
2126,80.0,0.72,-0.2,0.3662453006383523,0.1,0.0984807753012208,0.017364817766693044,0.24455742860895813,0.24365026143498392,False,0.0009071671739742104,False,nan,nan,nan,nan,nan,nan,nan,False,False,False
2127,80.0,0.72,-0.2,0.3662453006383523,0.12,0.11817693036146495,0.02083778132003165,0.24455742860895813,0.24455742860895813,False,0.0,False,nan,nan,nan,nan,nan,nan,nan,False,False,False
2128,80.0,0.72,-0.2,0.3662453006383523,0.14,0.13787308542170915,0.02431074487337026,0.24455742860895813,0.24455742860895813,False,0.0,False,nan,nan,nan,nan,nan,nan,nan,False,False,False
2129,80.0,0.72,-0.16,0.3662453006383523,0.08,0.07878462024097664,0.013891854213354433,0.20954591479607237,0.20844774049877238,False,0.0010981742972999975,False,nan,nan,nan,nan,nan,nan,nan,False,False,False
2130,80.0,0.72,-0.16,0.3662453006383523,0.1,0.0984807753012208,0.017364817766693044,0.20954591479607237,0.20954591479607237,False,0.0,False,nan,nan,nan,nan,nan,nan,nan,False,False,False
2131,80.0,0.72,-0.16,0.3662453006383523,0.12,0.11817693036146495,0.02083778132003165,0.20954591479607237,0.20954591479607237,False,0.0,False,nan,nan,nan,nan,nan,nan,nan,False,False,False
2132,80.0,0.72,-0.16,0.3662453006383523,0.14,0.13787308542170915,0.02431074487337026,0.20954591479607237,0.20954591479607237,False,0.0,False,nan,nan,nan,nan,nan,nan,nan,False,False,False
2133,80.0,0.72,-0.12,0.3662453006383523,0.08,0.07878462024097664,0.013891854213354433,0.17553814830893288,0.17553814830893288,False,0.0,False,nan,nan,nan,nan,nan,nan,nan,False,False,False
2134,80.0,0.72,-0.12,0.3662453006383523,0.1,0.0984807753012208,0.017364817766693044,0.17553814830893288,0.17553814830893288,False,0.0,False,nan,nan,nan,nan,nan,nan,nan,False,False,False
2135,80.0,0.72,-0.12,0.3662453006383523,0.12,0.11817693036146495,0.02083778132003165,0.17553814830893288,0.17553814830893288,False,0.0,False,nan,nan,nan,nan,nan,nan,nan,False,False,False
2136,80.0,0.72,-0.12,0.3662453006383523,0.14,0.13787308542170915,0.02431074487337026,0.17553814830893288,0.17553814830893288,False,0.0,False,nan,nan,nan,nan,nan,nan,nan,False,False,False
2137,80.0,0.72,-0.08,0.3662453006383523,0.08,0.07878462024097664,0.013891854213354433,0.14283492829255073,0.14283492829255073,False,0.0,False,nan,nan,nan,nan,nan,nan,nan,False,False,False
2138,80.0,0.72,-0.08,0.3662453006383523,0.1,0.0984807753012208,0.017364817766693044,0.14283492829255073,0.14283492829255073,False,0.0,False,nan,nan,nan,nan,nan,nan,nan,False,False,False
2139,80.0,0.72,-0.08,0.3662453006383523,0.12,0.11817693036146495,0.02083778132003165,0.14283492829255073,0.14283492829255073,False,0.0,False,nan,nan,nan,nan,nan,nan,nan,False,False,False
2140,80.0,0.72,-0.08,0.3662453006383523,0.14,0.13787308542170915,0.02431074487337026,0.14283492829255073,0.14283492829255073,False,0.0,False,nan,nan,nan,nan,nan,nan,nan,False,False,False
2141,80.0,0.78,-0.24,0.3662453006383523,0.08,0.07878462024097664,0.013891854213354433,0.30511197026401987,0.30482391139653653,False,0.00028805886748334286,False,nan,nan,nan,nan,nan,nan,nan,False,False,False
2142,80.0,0.78,-0.24,0.3662453006383523,0.1,0.0984807753012208,0.017364817766693044,0.30511197026401987,0.30511197026401987,False,0.0,False,nan,nan,nan,nan,nan,nan,nan,False,False,False
2143,80.0,0.78,-0.24,0.3662453006383523,0.12,0.11817693036146495,0.02083778132003165,0.30511197026401987,0.30511197026401987,False,0.0,False,nan,nan,nan,nan,nan,nan,nan,False,False,False
2144,80.0,0.78,-0.24,0.3662453006383523,0.14,0.13787308542170915,0.02431074487337026,0.30511197026401987,0.30511197026401987,False,0.0,False,nan,nan,nan,nan,nan,nan,nan,False,False,False
2145,80.0,0.78,-0.2,0.3662453006383523,0.08,0.07878462024097664,0.013891854213354433,0.27121080681527077,0.27121080681527077,False,0.0,False,nan,nan,nan,nan,nan,nan,nan,False,False,False
2146,80.0,0.78,-0.2,0.3662453006383523,0.1,0.0984807753012208,0.017364817766693044,0.27121080681527077,0.27121080681527077,False,0.0,False,nan,nan,nan,nan,nan,nan,nan,False,False,False
2147,80.0,0.78,-0.2,0.3662453006383523,0.12,0.11817693036146495,0.02083778132003165,0.27121080681527077,0.27121080681527077,False,0.0,False,nan,nan,nan,nan,nan,nan,nan,False,False,False
2148,80.0,0.78,-0.2,0.3662453006383523,0.14,0.13787308542170915,0.02431074487337026,0.27121080681527077,0.27121080681527077,False,0.0,False,nan,nan,nan,nan,nan,nan,nan,False,False,False
2149,80.0,0.78,-0.16,0.3662453006383523,0.08,0.07878462024097664,0.013891854213354433,0.23834436308274115,0.23834436308274115,False,0.0,False,nan,nan,nan,nan,nan,nan,nan,False,False,False
2150,80.0,0.78,-0.16,0.3662453006383523,0.1,0.0984807753012208,0.017364817766693044,0.23834436308274115,0.23834436308274115,False,0.0,False,nan,nan,nan,nan,nan,nan,nan,False,False,False
2151,80.0,0.78,-0.16,0.3662453006383523,0.12,0.11817693036146495,0.02083778132003165,0.23834436308274115,0.23834436308274115,False,0.0,False,nan,nan,nan,nan,nan,nan,nan,False,False,False
2152,80.0,0.78,-0.16,0.3662453006383523,0.14,0.13787308542170915,0.02431074487337026,0.23834436308274115,0.23834436308274115,False,0.0,False,nan,nan,nan,nan,nan,nan,nan,False,False,False
2153,80.0,0.78,-0.12,0.3662453006383523,0.08,0.07878462024097664,0.013891854213354433,0.20676492101429228,0.20676492101429228,False,0.0,False,nan,nan,nan,nan,nan,nan,nan,False,False,False
2154,80.0,0.78,-0.12,0.3662453006383523,0.1,0.0984807753012208,0.017364817766693044,0.20676492101429228,0.20676492101429228,False,0.0,False,nan,nan,nan,nan,nan,nan,nan,False,False,False
2155,80.0,0.78,-0.12,0.3662453006383523,0.12,0.11817693036146495,0.02083778132003165,0.20676492101429228,0.20676492101429228,False,0.0,False,nan,nan,nan,nan,nan,nan,nan,False,False,False
2156,80.0,0.78,-0.12,0.3662453006383523,0.14,0.13787308542170915,0.02431074487337026,0.20676492101429228,0.20676492101429228,False,0.0,False,nan,nan,nan,nan,nan,nan,nan,False,False,False
2157,80.0,0.78,-0.08,0.3662453006383523,0.08,0.07878462024097664,0.013891854213354433,0.17634096748199984,0.17634096748199984,False,0.0,False,nan,nan,nan,nan,nan,nan,nan,False,False,False
2158,80.0,0.78,-0.08,0.3662453006383523,0.1,0.0984807753012208,0.017364817766693044,0.17634096748199984,0.17634096748199984,False,0.0,False,nan,nan,nan,nan,nan,nan,nan,False,False,False
2159,80.0,0.78,-0.08,0.3662453006383523,0.12,0.11817693036146495,0.02083778132003165,0.17634096748199984,0.17634096748199984,False,0.0,False,nan,nan,nan,nan,nan,nan,nan,False,False,False
2160,80.0,0.78,-0.08,0.3662453006383523,0.14,0.13787308542170915,0.02431074487337026,0.17634096748199984,0.17634096748199984,False,0.0,False,nan,nan,nan,nan,nan,nan,nan,False,False,False
2161,80.0,0.84,-0.24,0.3662453006383523,0.08,0.07878462024097664,0.013891854213354433,0.3355027154871771,0.3355027154871771,False,0.0,False,nan,nan,nan,nan,nan,nan,nan,False,False,False
2162,80.0,0.84,-0.24,0.3662453006383523,0.1,0.0984807753012208,0.017364817766693044,0.3355027154871771,0.3355027154871771,False,0.0,False,nan,nan,nan,nan,nan,nan,nan,False,False,False
2163,80.0,0.84,-0.24,0.3662453006383523,0.12,0.11817693036146495,0.02083778132003165,0.3355027154871771,0.3355027154871771,False,0.0,False,nan,nan,nan,nan,nan,nan,nan,False,False,False
2164,80.0,0.84,-0.24,0.3662453006383523,0.14,0.13787308542170915,0.02431074487337026,0.3355027154871771,0.3355027154871771,False,0.0,False,nan,nan,nan,nan,nan,nan,nan,False,False,False
2165,80.0,0.84,-0.2,0.3662453006383523,0.08,0.07878462024097664,0.013891854213354433,0.3036605024567632,0.3036605024567632,False,0.0,False,nan,nan,nan,nan,nan,nan,nan,False,False,False
2166,80.0,0.84,-0.2,0.3662453006383523,0.1,0.0984807753012208,0.017364817766693044,0.3036605024567632,0.3036605024567632,False,0.0,False,nan,nan,nan,nan,nan,nan,nan,False,False,False
2167,80.0,0.84,-0.2,0.3662453006383523,0.12,0.11817693036146495,0.02083778132003165,0.3036605024567632,0.3036605024567632,False,0.0,False,nan,nan,nan,nan,nan,nan,nan,False,False,False
2168,80.0,0.84,-0.2,0.3662453006383523,0.14,0.13787308542170915,0.02431074487337026,0.3036605024567632,0.3036605024567632,False,0.0,False,nan,nan,nan,nan,nan,nan,nan,False,False,False
2169,80.0,0.84,-0.16,0.3662453006383523,0.08,0.07878462024097664,0.013891854213354433,0.27306471818893263,0.27306471818893263,False,0.0,False,nan,nan,nan,nan,nan,nan,nan,False,False,False
2170,80.0,0.84,-0.16,0.3662453006383523,0.1,0.0984807753012208,0.017364817766693044,0.27306471818893263,0.27306471818893263,False,0.0,False,nan,nan,nan,nan,nan,nan,nan,False,False,False
2171,80.0,0.84,-0.16,0.3662453006383523,0.12,0.11817693036146495,0.02083778132003165,0.27306471818893263,0.27306471818893263,False,0.0,False,nan,nan,nan,nan,nan,nan,nan,False,False,False
2172,80.0,0.84,-0.16,0.3662453006383523,0.14,0.13787308542170915,0.02431074487337026,0.27306471818893263,0.27306471818893263,False,0.0,False,nan,nan,nan,nan,nan,nan,nan,False,False,False
2173,80.0,0.84,-0.12,0.3662453006383523,0.08,0.07878462024097664,0.013891854213354433,0.24397443189445966,0.24397443189445966,False,0.0,False,nan,nan,nan,nan,nan,nan,nan,False,False,False
2174,80.0,0.84,-0.12,0.3662453006383523,0.1,0.0984807753012208,0.017364817766693044,0.24397443189445966,0.24397443189445966,False,0.0,False,nan,nan,nan,nan,nan,nan,nan,False,False,False
2175,80.0,0.84,-0.12,0.3662453006383523,0.12,0.11817693036146495,0.02083778132003165,0.24397443189445966,0.24397443189445966,False,0.0,False,nan,nan,nan,nan,nan,nan,nan,False,False,False
2176,80.0,0.84,-0.12,0.3662453006383523,0.14,0.13787308542170915,0.02431074487337026,0.24397443189445966,0.24397443189445966,False,0.0,False,nan,nan,nan,nan,nan,nan,nan,False,False,False
2177,80.0,0.84,-0.08,0.3662453006383523,0.08,0.07878462024097664,0.013891854213354433,0.2148285130552096,0.2148285130552096,False,0.0,False,nan,nan,nan,nan,nan,nan,nan,False,False,False
2178,80.0,0.84,-0.08,0.3662453006383523,0.1,0.0984807753012208,0.017364817766693044,0.2148285130552096,0.2148285130552096,False,0.0,False,nan,nan,nan,nan,nan,nan,nan,False,False,False
2179,80.0,0.84,-0.08,0.3662453006383523,0.12,0.11817693036146495,0.02083778132003165,0.2148285130552096,0.2148285130552096,False,0.0,False,nan,nan,nan,nan,nan,nan,nan,False,False,False
2180,80.0,0.84,-0.08,0.3662453006383523,0.14,0.13787308542170915,0.02431074487337026,0.2148285130552096,0.2148285130552096,False,0.0,False,nan,nan,nan,nan,nan,nan,nan,False,False,False
2181,80.0,0.9,-0.24,0.3662453006383523,0.08,0.07878462024097664,0.013891854213354433,0.37062193407298033,0.37062193407298033,False,0.0,False,nan,nan,nan,nan,nan,nan,nan,False,False,False
2182,80.0,0.9,-0.24,0.3662453006383523,0.1,0.0984807753012208,0.017364817766693044,0.37062193407298033,0.37062193407298033,False,0.0,False,nan,nan,nan,nan,nan,nan,nan,False,False,False
2183,80.0,0.9,-0.24,0.3662453006383523,0.12,0.11817693036146495,0.02083778132003165,0.37062193407298033,0.37062193407298033,False,0.0,False,nan,nan,nan,nan,nan,nan,nan,False,False,False
2184,80.0,0.9,-0.24,0.3662453006383523,0.14,0.13787308542170915,0.02431074487337026,0.37062193407298033,0.37062193407298033,False,0.0,False,nan,nan,nan,nan,nan,nan,nan,False,False,False
2185,80.0,0.9,-0.2,0.3662453006383523,0.08,0.07878462024097664,0.013891854213354433,0.3408599187704658,0.3408599187704658,False,0.0,False,nan,nan,nan,nan,nan,nan,nan,False,False,False
2186,80.0,0.9,-0.2,0.3662453006383523,0.1,0.0984807753012208,0.017364817766693044,0.3408599187704658,0.3408599187704658,False,0.0,False,nan,nan,nan,nan,nan,nan,nan,False,False,False
2187,80.0,0.9,-0.2,0.3662453006383523,0.12,0.11817693036146495,0.02083778132003165,0.3408599187704658,0.3408599187704658,False,0.0,False,nan,nan,nan,nan,nan,nan,nan,False,False,False
2188,80.0,0.9,-0.2,0.3662453006383523,0.14,0.13787308542170915,0.02431074487337026,0.3408599187704658,0.3408599187704658,False,0.0,False,nan,nan,nan,nan,nan,nan,nan,False,False,False
2189,80.0,0.9,-0.16,0.3662453006383523,0.08,0.07878462024097664,0.013891854213354433,0.31249955065395346,0.31249955065395346,False,0.0,False,nan,nan,nan,nan,nan,nan,nan,False,False,False
2190,80.0,0.9,-0.16,0.3662453006383523,0.1,0.0984807753012208,0.017364817766693044,0.31249955065395346,0.31249955065395346,False,0.0,False,nan,nan,nan,nan,nan,nan,nan,False,False,False
2191,80.0,0.9,-0.16,0.3662453006383523,0.12,0.11817693036146495,0.02083778132003165,0.31249955065395346,0.31249955065395346,False,0.0,False,nan,nan,nan,nan,nan,nan,nan,False,False,False
2192,80.0,0.9,-0.16,0.3662453006383523,0.14,0.13787308542170915,0.02431074487337026,0.31249955065395346,0.31249955065395346,False,0.0,False,nan,nan,nan,nan,nan,nan,nan,False,False,False
2193,80.0,0.9,-0.12,0.3662453006383523,0.08,0.07878462024097664,0.013891854213354433,0.28470952925676707,0.28470952925676707,False,0.0,False,nan,nan,nan,nan,nan,nan,nan,False,False,False
2194,80.0,0.9,-0.12,0.3662453006383523,0.1,0.0984807753012208,0.017364817766693044,0.28470952925676707,0.28470952925676707,False,0.0,False,nan,nan,nan,nan,nan,nan,nan,False,False,False
2195,80.0,0.9,-0.12,0.3662453006383523,0.12,0.11817693036146495,0.02083778132003165,0.28470952925676707,0.28470952925676707,False,0.0,False,nan,nan,nan,nan,nan,nan,nan,False,False,False
2196,80.0,0.9,-0.12,0.3662453006383523,0.14,0.13787308542170915,0.02431074487337026,0.28470952925676707,0.28470952925676707,False,0.0,False,nan,nan,nan,nan,nan,nan,nan,False,False,False
2197,80.0,0.9,-0.08,0.3662453006383523,0.08,0.07878462024097664,0.013891854213354433,0.25798885892356743,0.25798885892356743,False,0.0,False,nan,nan,nan,nan,nan,nan,nan,False,False,False
2198,80.0,0.9,-0.08,0.3662453006383523,0.1,0.0984807753012208,0.017364817766693044,0.25798885892356743,0.25798885892356743,False,0.0,False,nan,nan,nan,nan,nan,nan,nan,False,False,False
2199,80.0,0.9,-0.08,0.3662453006383523,0.12,0.11817693036146495,0.02083778132003165,0.25798885892356743,0.25798885892356743,False,0.0,False,nan,nan,nan,nan,nan,nan,nan,False,False,False
2200,80.0,0.9,-0.08,0.3662453006383523,0.14,0.13787308542170915,0.02431074487337026,0.25798885892356743,0.25798885892356743,False,0.0,False,nan,nan,nan,nan,nan,nan,nan,False,False,False
2201,85.0,0.36,-0.24,0.3662453006383523,0.08,0.07969557584733965,0.006972459419812651,0.0020956546124651643,0.0020956546124651643,False,0.0,False,nan,nan,nan,nan,nan,nan,nan,False,False,False
2202,85.0,0.36,-0.24,0.3662453006383523,0.1,0.09961946980917456,0.008715574274765815,0.0020956546124651643,0.0020956546124651643,False,0.0,False,nan,nan,nan,nan,nan,nan,nan,False,False,False
2203,85.0,0.36,-0.24,0.3662453006383523,0.12,0.11954336377100946,0.010458689129718975,0.0020956546124651643,0.0020956546124651643,False,0.0,False,nan,nan,nan,nan,nan,nan,nan,False,False,False
2204,85.0,0.36,-0.24,0.3662453006383523,0.14,0.13946725773284438,0.012201803984672141,0.0020956546124651643,0.0020956546124651643,False,0.0,False,nan,nan,nan,nan,nan,nan,nan,False,False,False
2205,85.0,0.36,-0.2,0.3662453006383523,0.08,0.07969557584733965,0.006972459419812651,-0.0129963503936332,-0.0129963503936332,False,0.0,False,nan,nan,nan,nan,nan,nan,nan,False,False,False
2206,85.0,0.36,-0.2,0.3662453006383523,0.1,0.09961946980917456,0.008715574274765815,-0.0129963503936332,-0.0129963503936332,False,0.0,False,nan,nan,nan,nan,nan,nan,nan,False,False,False
2207,85.0,0.36,-0.2,0.3662453006383523,0.12,0.11954336377100946,0.010458689129718975,-0.0129963503936332,-0.0129963503936332,False,0.0,False,nan,nan,nan,nan,nan,nan,nan,False,False,False
2208,85.0,0.36,-0.2,0.3662453006383523,0.14,0.13946725773284438,0.012201803984672141,-0.0129963503936332,-0.0129963503936332,False,0.0,False,nan,nan,nan,nan,nan,nan,nan,False,False,False
2209,85.0,0.36,-0.16,0.3662453006383523,0.08,0.07969557584733965,0.006972459419812651,-0.02405418770438808,-0.02405418770438808,False,0.0,False,nan,nan,nan,nan,nan,nan,nan,False,False,False
2210,85.0,0.36,-0.16,0.3662453006383523,0.1,0.09961946980917456,0.008715574274765815,-0.02405418770438808,-0.02405418770438808,False,0.0,False,nan,nan,nan,nan,nan,nan,nan,False,False,False
2211,85.0,0.36,-0.16,0.3662453006383523,0.12,0.11954336377100946,0.010458689129718975,-0.02405418770438808,-0.02405418770438808,False,0.0,False,nan,nan,nan,nan,nan,nan,nan,False,False,False
2212,85.0,0.36,-0.16,0.3662453006383523,0.14,0.13946725773284438,0.012201803984672141,-0.02405418770438808,-0.02405418770438808,False,0.0,False,nan,nan,nan,nan,nan,nan,nan,False,False,False
2213,85.0,0.36,-0.12,0.3662453006383523,0.08,0.07969557584733965,0.006972459419812651,-0.03759465340956078,-0.03759465340956078,False,0.0,False,nan,nan,nan,nan,nan,nan,nan,False,False,False
2214,85.0,0.36,-0.12,0.3662453006383523,0.1,0.09961946980917456,0.008715574274765815,-0.03759465340956078,-0.03759465340956078,False,0.0,False,nan,nan,nan,nan,nan,nan,nan,False,False,False
2215,85.0,0.36,-0.12,0.3662453006383523,0.12,0.11954336377100946,0.010458689129718975,-0.03759465340956078,-0.03759465340956078,False,0.0,False,nan,nan,nan,nan,nan,nan,nan,False,False,False
2216,85.0,0.36,-0.12,0.3662453006383523,0.14,0.13946725773284438,0.012201803984672141,-0.03759465340956078,-0.03759465340956078,False,0.0,False,nan,nan,nan,nan,nan,nan,nan,False,False,False
2217,85.0,0.36,-0.08,0.3662453006383523,0.08,0.07969557584733965,0.006972459419812651,-0.0435852433747219,-0.0435852433747219,False,0.0,False,nan,nan,nan,nan,nan,nan,nan,False,False,False
2218,85.0,0.36,-0.08,0.3662453006383523,0.1,0.09961946980917456,0.008715574274765815,-0.0435852433747219,-0.0435852433747219,False,0.0,False,nan,nan,nan,nan,nan,nan,nan,False,False,False
2219,85.0,0.36,-0.08,0.3662453006383523,0.12,0.11954336377100946,0.010458689129718975,-0.0435852433747219,-0.0435852433747219,False,0.0,False,nan,nan,nan,nan,nan,nan,nan,False,False,False
2220,85.0,0.36,-0.08,0.3662453006383523,0.14,0.13946725773284438,0.012201803984672141,-0.0435852433747219,-0.0435852433747219,False,0.0,False,nan,nan,nan,nan,nan,nan,nan,False,False,False
2221,85.0,0.42,-0.24,0.3662453006383523,0.08,0.07969557584733965,0.006972459419812651,0.056931854445468055,0.056931854445468055,False,0.0,False,nan,nan,nan,nan,nan,nan,nan,False,False,False
2222,85.0,0.42,-0.24,0.3662453006383523,0.1,0.09961946980917456,0.008715574274765815,0.056931854445468055,0.056931854445468055,False,0.0,False,nan,nan,nan,nan,nan,nan,nan,False,False,False
2223,85.0,0.42,-0.24,0.3662453006383523,0.12,0.11954336377100946,0.010458689129718975,0.056931854445468055,0.056931854445468055,False,0.0,False,nan,nan,nan,nan,nan,nan,nan,False,False,False
2224,85.0,0.42,-0.24,0.3662453006383523,0.14,0.13946725773284438,0.012201803984672141,0.056931854445468055,0.056931854445468055,False,0.0,False,nan,nan,nan,nan,nan,nan,nan,False,False,False
2225,85.0,0.42,-0.2,0.3662453006383523,0.08,0.07969557584733965,0.006972459419812651,0.04327300817388233,0.04327300817388233,False,0.0,False,nan,nan,nan,nan,nan,nan,nan,False,False,False
2226,85.0,0.42,-0.2,0.3662453006383523,0.1,0.09961946980917456,0.008715574274765815,0.04327300817388233,0.04327300817388233,False,0.0,False,nan,nan,nan,nan,nan,nan,nan,False,False,False
2227,85.0,0.42,-0.2,0.3662453006383523,0.12,0.11954336377100946,0.010458689129718975,0.04327300817388233,0.04327300817388233,False,0.0,False,nan,nan,nan,nan,nan,nan,nan,False,False,False
2228,85.0,0.42,-0.2,0.3662453006383523,0.14,0.13946725773284438,0.012201803984672141,0.04327300817388233,0.04327300817388233,False,0.0,False,nan,nan,nan,nan,nan,nan,nan,False,False,False
2229,85.0,0.42,-0.16,0.3662453006383523,0.08,0.07969557584733965,0.006972459419812651,0.03071552789993251,0.03071552789993251,False,0.0,False,nan,nan,nan,nan,nan,nan,nan,False,False,False
2230,85.0,0.42,-0.16,0.3662453006383523,0.1,0.09961946980917456,0.008715574274765815,0.03071552789993251,0.03071552789993251,False,0.0,False,nan,nan,nan,nan,nan,nan,nan,False,False,False
2231,85.0,0.42,-0.16,0.3662453006383523,0.12,0.11954336377100946,0.010458689129718975,0.03071552789993251,0.03071552789993251,False,0.0,False,nan,nan,nan,nan,nan,nan,nan,False,False,False
2232,85.0,0.42,-0.16,0.3662453006383523,0.14,0.13946725773284438,0.012201803984672141,0.03071552789993251,0.03071552789993251,False,0.0,False,nan,nan,nan,nan,nan,nan,nan,False,False,False
2233,85.0,0.42,-0.12,0.3662453006383523,0.08,0.07969557584733965,0.006972459419812651,0.018418107678528972,0.018418107678528972,False,0.0,False,nan,nan,nan,nan,nan,nan,nan,False,False,False
2234,85.0,0.42,-0.12,0.3662453006383523,0.1,0.09961946980917456,0.008715574274765815,0.018418107678528972,0.018418107678528972,False,0.0,False,nan,nan,nan,nan,nan,nan,nan,False,False,False
2235,85.0,0.42,-0.12,0.3662453006383523,0.12,0.11954336377100946,0.010458689129718975,0.018418107678528972,0.018418107678528972,False,0.0,False,nan,nan,nan,nan,nan,nan,nan,False,False,False
2236,85.0,0.42,-0.12,0.3662453006383523,0.14,0.13946725773284438,0.012201803984672141,0.018418107678528972,0.018418107678528972,False,0.0,False,nan,nan,nan,nan,nan,nan,nan,False,False,False
2237,85.0,0.42,-0.08,0.3662453006383523,0.08,0.07969557584733965,0.006972459419812651,0.014412181669531676,0.014412181669531676,False,0.0,False,nan,nan,nan,nan,nan,nan,nan,False,False,False
2238,85.0,0.42,-0.08,0.3662453006383523,0.1,0.09961946980917456,0.008715574274765815,0.014412181669531676,0.014412181669531676,False,0.0,False,nan,nan,nan,nan,nan,nan,nan,False,False,False
2239,85.0,0.42,-0.08,0.3662453006383523,0.12,0.11954336377100946,0.010458689129718975,0.014412181669531676,0.014412181669531676,False,0.0,False,nan,nan,nan,nan,nan,nan,nan,False,False,False
2240,85.0,0.42,-0.08,0.3662453006383523,0.14,0.13946725773284438,0.012201803984672141,0.014412181669531676,0.014412181669531676,False,0.0,False,nan,nan,nan,nan,nan,nan,nan,False,False,False
2241,85.0,0.48,-0.24,0.3662453006383523,0.08,0.07969557584733965,0.006972459419812651,0.11126117483230785,0.11126117483230785,False,0.0,False,nan,nan,nan,nan,nan,nan,nan,False,False,False
2242,85.0,0.48,-0.24,0.3662453006383523,0.1,0.09961946980917456,0.008715574274765815,0.11126117483230785,0.11126117483230785,False,0.0,False,nan,nan,nan,nan,nan,nan,nan,False,False,False
2243,85.0,0.48,-0.24,0.3662453006383523,0.12,0.11954336377100946,0.010458689129718975,0.11126117483230785,0.11126117483230785,False,0.0,False,nan,nan,nan,nan,nan,nan,nan,False,False,False
2244,85.0,0.48,-0.24,0.3662453006383523,0.14,0.13946725773284438,0.012201803984672141,0.11126117483230785,0.11126117483230785,False,0.0,False,nan,nan,nan,nan,nan,nan,nan,False,False,False
2245,85.0,0.48,-0.2,0.3662453006383523,0.08,0.07969557584733965,0.006972459419812651,0.09518175441206883,0.09518175441206883,False,0.0,False,nan,nan,nan,nan,nan,nan,nan,False,False,False
2246,85.0,0.48,-0.2,0.3662453006383523,0.1,0.09961946980917456,0.008715574274765815,0.09518175441206883,0.09518175441206883,False,0.0,False,nan,nan,nan,nan,nan,nan,nan,False,False,False
2247,85.0,0.48,-0.2,0.3662453006383523,0.12,0.11954336377100946,0.010458689129718975,0.09518175441206883,0.09518175441206883,False,0.0,False,nan,nan,nan,nan,nan,nan,nan,False,False,False
2248,85.0,0.48,-0.2,0.3662453006383523,0.14,0.13946725773284438,0.012201803984672141,0.09518175441206883,0.09518175441206883,False,0.0,False,nan,nan,nan,nan,nan,nan,nan,False,False,False
2249,85.0,0.48,-0.16,0.3662453006383523,0.08,0.07969557584733965,0.006972459419812651,0.08318114364293594,0.08318114364293594,False,0.0,False,nan,nan,nan,nan,nan,nan,nan,False,False,False
2250,85.0,0.48,-0.16,0.3662453006383523,0.1,0.09961946980917456,0.008715574274765815,0.08318114364293594,0.08318114364293594,False,0.0,False,nan,nan,nan,nan,nan,nan,nan,False,False,False
2251,85.0,0.48,-0.16,0.3662453006383523,0.12,0.11954336377100946,0.010458689129718975,0.08318114364293594,0.08318114364293594,False,0.0,False,nan,nan,nan,nan,nan,nan,nan,False,False,False
2252,85.0,0.48,-0.16,0.3662453006383523,0.14,0.13946725773284438,0.012201803984672141,0.08318114364293594,0.08318114364293594,False,0.0,False,nan,nan,nan,nan,nan,nan,nan,False,False,False
2253,85.0,0.48,-0.12,0.3662453006383523,0.08,0.07969557584733965,0.006972459419812651,0.07267282036065864,0.07267282036065864,False,0.0,False,nan,nan,nan,nan,nan,nan,nan,False,False,False
2254,85.0,0.48,-0.12,0.3662453006383523,0.1,0.09961946980917456,0.008715574274765815,0.07267282036065864,0.07267282036065864,False,0.0,False,nan,nan,nan,nan,nan,nan,nan,False,False,False
2255,85.0,0.48,-0.12,0.3662453006383523,0.12,0.11954336377100946,0.010458689129718975,0.07267282036065864,0.07267282036065864,False,0.0,False,nan,nan,nan,nan,nan,nan,nan,False,False,False
2256,85.0,0.48,-0.12,0.3662453006383523,0.14,0.13946725773284438,0.012201803984672141,0.07267282036065864,0.07267282036065864,False,0.0,False,nan,nan,nan,nan,nan,nan,nan,False,False,False
2257,85.0,0.48,-0.08,0.3662453006383523,0.08,0.07969557584733965,0.006972459419812651,0.06889907582064567,0.06889907582064567,False,0.0,False,nan,nan,nan,nan,nan,nan,nan,False,False,False
2258,85.0,0.48,-0.08,0.3662453006383523,0.1,0.09961946980917456,0.008715574274765815,0.06889907582064567,0.06889907582064567,False,0.0,False,nan,nan,nan,nan,nan,nan,nan,False,False,False
2259,85.0,0.48,-0.08,0.3662453006383523,0.12,0.11954336377100946,0.010458689129718975,0.06889907582064567,0.06889907582064567,False,0.0,False,nan,nan,nan,nan,nan,nan,nan,False,False,False
2260,85.0,0.48,-0.08,0.3662453006383523,0.14,0.13946725773284438,0.012201803984672141,0.06889907582064567,0.06889907582064567,False,0.0,False,nan,nan,nan,nan,nan,nan,nan,False,False,False
2261,85.0,0.54,-0.24,0.3662453006383523,0.08,0.07969557584733965,0.006972459419812651,0.1585270465301356,0.1585270465301356,False,0.0,False,nan,nan,nan,nan,nan,nan,nan,False,False,False
2262,85.0,0.54,-0.24,0.3662453006383523,0.1,0.09961946980917456,0.008715574274765815,0.1585270465301356,0.1585270465301356,False,0.0,False,nan,nan,nan,nan,nan,nan,nan,False,False,False
2263,85.0,0.54,-0.24,0.3662453006383523,0.12,0.11954336377100946,0.010458689129718975,0.1585270465301356,0.1585270465301356,False,0.0,False,nan,nan,nan,nan,nan,nan,nan,False,False,False
2264,85.0,0.54,-0.24,0.3662453006383523,0.14,0.13946725773284438,0.012201803984672141,0.1585270465301356,0.1585270465301356,False,0.0,False,nan,nan,nan,nan,nan,nan,nan,False,False,False
2265,85.0,0.54,-0.2,0.3662453006383523,0.08,0.07969557584733965,0.006972459419812651,0.1416571394353583,0.1416571394353583,False,0.0,False,nan,nan,nan,nan,nan,nan,nan,False,False,False
2266,85.0,0.54,-0.2,0.3662453006383523,0.1,0.09961946980917456,0.008715574274765815,0.1416571394353583,0.1416571394353583,False,0.0,False,nan,nan,nan,nan,nan,nan,nan,False,False,False
2267,85.0,0.54,-0.2,0.3662453006383523,0.12,0.11954336377100946,0.010458689129718975,0.1416571394353583,0.1416571394353583,False,0.0,False,nan,nan,nan,nan,nan,nan,nan,False,False,False
2268,85.0,0.54,-0.2,0.3662453006383523,0.14,0.13946725773284438,0.012201803984672141,0.1416571394353583,0.1416571394353583,False,0.0,False,nan,nan,nan,nan,nan,nan,nan,False,False,False
2269,85.0,0.54,-0.16,0.3662453006383523,0.08,0.07969557584733965,0.006972459419812651,0.12881598933347121,0.12881598933347121,False,0.0,False,nan,nan,nan,nan,nan,nan,nan,False,False,False
2270,85.0,0.54,-0.16,0.3662453006383523,0.1,0.09961946980917456,0.008715574274765815,0.12881598933347121,0.12881598933347121,False,0.0,False,nan,nan,nan,nan,nan,nan,nan,False,False,False
2271,85.0,0.54,-0.16,0.3662453006383523,0.12,0.11954336377100946,0.010458689129718975,0.12881598933347121,0.12881598933347121,False,0.0,False,nan,nan,nan,nan,nan,nan,nan,False,False,False
2272,85.0,0.54,-0.16,0.3662453006383523,0.14,0.13946725773284438,0.012201803984672141,0.12881598933347121,0.12881598933347121,False,0.0,False,nan,nan,nan,nan,nan,nan,nan,False,False,False
2273,85.0,0.54,-0.12,0.3662453006383523,0.08,0.07969557584733965,0.006972459419812651,0.12005253817376865,0.11801765630757691,False,0.0020348818661917456,False,nan,nan,nan,nan,nan,nan,nan,False,False,False
2274,85.0,0.54,-0.12,0.3662453006383523,0.1,0.09961946980917456,0.008715574274765815,0.12005253817376865,0.11756135565158543,False,0.0024911825221832218,False,nan,nan,nan,nan,nan,nan,nan,False,False,False
2275,85.0,0.54,-0.12,0.3662453006383523,0.12,0.11954336377100946,0.010458689129718975,0.12005253817376865,0.11741590251436215,False,0.0026366356594065,False,nan,nan,nan,nan,nan,nan,nan,False,False,False
2276,85.0,0.54,-0.12,0.3662453006383523,0.14,0.13946725773284438,0.012201803984672141,0.12005253817376865,0.1175794038586277,False,0.002473134315140957,False,nan,nan,nan,nan,nan,nan,nan,False,False,False
2277,85.0,0.54,-0.08,0.3662453006383523,0.08,0.07969557584733965,0.006972459419812651,0.09607351250836399,0.08109385364580277,False,0.014979658862561224,False,nan,nan,nan,nan,nan,nan,nan,False,False,False
2278,85.0,0.54,-0.08,0.3662453006383523,0.1,0.09961946980917456,0.008715574274765815,0.09607351250836399,0.08080500373829236,False,0.015268508770071632,False,nan,nan,nan,nan,nan,nan,nan,False,False,False
2279,85.0,0.54,-0.08,0.3662453006383523,0.12,0.11954336377100946,0.010458689129718975,0.09607351250836399,0.08086641916089518,False,0.015207093347468809,False,nan,nan,nan,nan,nan,nan,nan,False,False,False
2280,85.0,0.54,-0.08,0.3662453006383523,0.14,0.13946725773284438,0.012201803984672141,0.09607351250836399,0.08127493649402817,False,0.014798576014335818,False,nan,nan,nan,nan,nan,nan,nan,False,False,False
2281,85.0,0.6,-0.24,0.3662453006383523,0.08,0.07969557584733965,0.006972459419812651,0.20482794557359657,0.20482794557359657,False,0.0,False,nan,nan,nan,nan,nan,nan,nan,False,False,False
2282,85.0,0.6,-0.24,0.3662453006383523,0.1,0.09961946980917456,0.008715574274765815,0.20482794557359657,0.20482794557359657,False,0.0,False,nan,nan,nan,nan,nan,nan,nan,False,False,False
2283,85.0,0.6,-0.24,0.3662453006383523,0.12,0.11954336377100946,0.010458689129718975,0.20482794557359657,0.20482794557359657,False,0.0,False,nan,nan,nan,nan,nan,nan,nan,False,False,False
2284,85.0,0.6,-0.24,0.3662453006383523,0.14,0.13946725773284438,0.012201803984672141,0.20482794557359657,0.20482794557359657,False,0.0,False,nan,nan,nan,nan,nan,nan,nan,False,False,False
2285,85.0,0.6,-0.2,0.3662453006383523,0.08,0.07969557584733965,0.006972459419812651,0.1902237656897205,0.1902237656897205,False,0.0,False,nan,nan,nan,nan,nan,nan,nan,False,False,False
2286,85.0,0.6,-0.2,0.3662453006383523,0.1,0.09961946980917456,0.008715574274765815,0.1902237656897205,0.1902237656897205,False,0.0,False,nan,nan,nan,nan,nan,nan,nan,False,False,False
2287,85.0,0.6,-0.2,0.3662453006383523,0.12,0.11954336377100946,0.010458689129718975,0.1902237656897205,0.1902237656897205,False,0.0,False,nan,nan,nan,nan,nan,nan,nan,False,False,False
2288,85.0,0.6,-0.2,0.3662453006383523,0.14,0.13946725773284438,0.012201803984672141,0.1902237656897205,0.1902237656897205,False,0.0,False,nan,nan,nan,nan,nan,nan,nan,False,False,False
2289,85.0,0.6,-0.16,0.3662453006383523,0.08,0.07969557584733965,0.006972459419812651,0.17496008865397916,0.16587570032585416,False,0.009084388328124998,False,nan,nan,nan,nan,nan,nan,nan,False,False,False
2290,85.0,0.6,-0.16,0.3662453006383523,0.1,0.09961946980917456,0.008715574274765815,0.17496008865397916,0.16689849220437464,False,0.008061596449604524,False,nan,nan,nan,nan,nan,nan,nan,False,False,False
2291,85.0,0.6,-0.16,0.3662453006383523,0.12,0.11954336377100946,0.010458689129718975,0.17496008865397916,0.16818109154932928,False,0.006778997104649881,False,nan,nan,nan,nan,nan,nan,nan,False,False,False
2292,85.0,0.6,-0.16,0.3662453006383523,0.14,0.13946725773284438,0.012201803984672141,0.17496008865397916,0.16952069658938573,False,0.005439392064593429,False,nan,nan,nan,nan,nan,nan,nan,False,False,False
2293,85.0,0.6,-0.12,0.3662453006383523,0.08,0.07969557584733965,0.006972459419812651,0.1374618194243804,0.12945572306873768,True,0.008006096355642728,False,0.13777299030490625,0.1373747911540815,20.935231004841626,nan,nan,nan,nan,False,False,False
2294,85.0,0.6,-0.12,0.3662453006383523,0.1,0.09961946980917456,0.008715574274765815,0.1374618194243804,0.1307817528485835,True,0.006680066575796895,False,0.1377673391953153,0.13738042212644846,21.16423100233078,nan,nan,nan,nan,False,False,False
2295,85.0,0.6,-0.12,0.3662453006383523,0.12,0.11954336377100946,0.010458689129718975,0.1374618194243804,0.13235122617050257,True,0.005110593253877832,False,0.13779207326857557,0.13738954704137007,21.02989301783964,nan,nan,nan,nan,False,False,False
2296,85.0,0.6,-0.12,0.3662453006383523,0.14,0.13946725773284438,0.012201803984672141,0.1374618194243804,0.13319148605504896,True,0.004270333369331442,False,0.13780530797199816,0.13739858143151407,20.88044595438987,nan,nan,nan,nan,False,False,False
2297,85.0,0.6,-0.08,0.3662453006383523,0.08,0.07969557584733965,0.006972459419812651,0.10061404566209836,0.09396014967443098,False,0.006653895987667385,False,nan,nan,nan,nan,nan,nan,nan,False,False,False
2298,85.0,0.6,-0.08,0.3662453006383523,0.1,0.09961946980917456,0.008715574274765815,0.10061404566209836,0.09565549756496317,False,0.004958548097135196,False,nan,nan,nan,nan,nan,nan,nan,False,False,False
2299,85.0,0.6,-0.08,0.3662453006383523,0.12,0.11954336377100946,0.010458689129718975,0.10061404566209836,0.09679540650161983,False,0.003818639160478532,False,nan,nan,nan,nan,nan,nan,nan,False,False,False
2300,85.0,0.6,-0.08,0.3662453006383523,0.14,0.13946725773284438,0.012201803984672141,0.10061404566209836,0.09767992294275121,False,0.0029341227193471486,False,nan,nan,nan,nan,nan,nan,nan,False,False,False
2301,85.0,0.66,-0.24,0.3662453006383523,0.08,0.07969557584733965,0.006972459419812651,0.2546931154696529,0.2546931154696529,False,0.0,False,nan,nan,nan,nan,nan,nan,nan,False,False,False
2302,85.0,0.66,-0.24,0.3662453006383523,0.1,0.09961946980917456,0.008715574274765815,0.2546931154696529,0.2546931154696529,False,0.0,False,nan,nan,nan,nan,nan,nan,nan,False,False,False
2303,85.0,0.66,-0.24,0.3662453006383523,0.12,0.11954336377100946,0.010458689129718975,0.2546931154696529,0.2546931154696529,False,0.0,False,nan,nan,nan,nan,nan,nan,nan,False,False,False
2304,85.0,0.66,-0.24,0.3662453006383523,0.14,0.13946725773284438,0.012201803984672141,0.2546931154696529,0.2546931154696529,False,0.0,False,nan,nan,nan,nan,nan,nan,nan,False,False,False
2305,85.0,0.66,-0.2,0.3662453006383523,0.08,0.07969557584733965,0.006972459419812651,0.22479862186126287,0.2206669777258304,False,0.004131644135432461,False,nan,nan,nan,nan,nan,nan,nan,False,False,False
2306,85.0,0.66,-0.2,0.3662453006383523,0.1,0.09961946980917456,0.008715574274765815,0.22479862186126287,0.22228181933325997,False,0.002516802528002904,False,nan,nan,nan,nan,nan,nan,nan,False,False,False
2307,85.0,0.66,-0.2,0.3662453006383523,0.12,0.11954336377100946,0.010458689129718975,0.22479862186126287,0.22337655731699507,False,0.0014220645442677982,False,nan,nan,nan,nan,nan,nan,nan,False,False,False
2308,85.0,0.66,-0.2,0.3662453006383523,0.14,0.13946725773284438,0.012201803984672141,0.22479862186126287,0.22444090437973727,False,0.00035771748152560456,False,nan,nan,nan,nan,nan,nan,nan,False,False,False
2309,85.0,0.66,-0.16,0.3662453006383523,0.08,0.07969557584733965,0.006972459419812651,0.1879979445145714,0.18526838053090147,False,0.0027295639836699415,False,nan,nan,nan,nan,nan,nan,nan,False,False,False
2310,85.0,0.66,-0.16,0.3662453006383523,0.1,0.09961946980917456,0.008715574274765815,0.1879979445145714,0.18648087562371551,False,0.0015170688908558994,False,nan,nan,nan,nan,nan,nan,nan,False,False,False
2311,85.0,0.66,-0.16,0.3662453006383523,0.12,0.11954336377100946,0.010458689129718975,0.1879979445145714,0.18774091338258017,False,0.00025703113199124217,False,nan,nan,nan,nan,nan,nan,nan,False,False,False
2312,85.0,0.66,-0.16,0.3662453006383523,0.14,0.13946725773284438,0.012201803984672141,0.1879979445145714,0.1879979445145714,False,0.0,False,nan,nan,nan,nan,nan,nan,nan,False,False,False
2313,85.0,0.66,-0.12,0.3662453006383523,0.08,0.07969557584733965,0.006972459419812651,0.15190068367831916,0.15014797101050228,False,0.0017527126678168747,False,nan,nan,nan,nan,nan,nan,nan,False,False,False
2314,85.0,0.66,-0.12,0.3662453006383523,0.1,0.09961946980917456,0.008715574274765815,0.15190068367831916,0.15158367769077263,False,0.00031700598754652587,False,nan,nan,nan,nan,nan,nan,nan,False,False,False
2315,85.0,0.66,-0.12,0.3662453006383523,0.12,0.11954336377100946,0.010458689129718975,0.15190068367831916,0.15190068367831916,False,0.0,False,nan,nan,nan,nan,nan,nan,nan,False,False,False
2316,85.0,0.66,-0.12,0.3662453006383523,0.14,0.13946725773284438,0.012201803984672141,0.15190068367831916,0.15190068367831916,False,0.0,False,nan,nan,nan,nan,nan,nan,nan,False,False,False
2317,85.0,0.66,-0.08,0.3662453006383523,0.08,0.07969557584733965,0.006972459419812651,0.11674913256168179,0.11618159307533596,False,0.0005675394863458305,False,nan,nan,nan,nan,nan,nan,nan,False,False,False
2318,85.0,0.66,-0.08,0.3662453006383523,0.1,0.09961946980917456,0.008715574274765815,0.11674913256168179,0.11674913256168179,False,0.0,False,nan,nan,nan,nan,nan,nan,nan,False,False,False
2319,85.0,0.66,-0.08,0.3662453006383523,0.12,0.11954336377100946,0.010458689129718975,0.11674913256168179,0.11674913256168179,False,0.0,False,nan,nan,nan,nan,nan,nan,nan,False,False,False
2320,85.0,0.66,-0.08,0.3662453006383523,0.14,0.13946725773284438,0.012201803984672141,0.11674913256168179,0.11674913256168179,False,0.0,False,nan,nan,nan,nan,nan,nan,nan,False,False,False
2321,85.0,0.72,-0.24,0.3662453006383523,0.08,0.07969557584733965,0.006972459419812651,0.2803522316786447,0.2791872983995163,False,0.0011649332791284217,False,nan,nan,nan,nan,nan,nan,nan,False,False,False
2322,85.0,0.72,-0.24,0.3662453006383523,0.1,0.09961946980917456,0.008715574274765815,0.2803522316786447,0.2803522316786447,False,0.0,False,nan,nan,nan,nan,nan,nan,nan,False,False,False
2323,85.0,0.72,-0.24,0.3662453006383523,0.12,0.11954336377100946,0.010458689129718975,0.2803522316786447,0.2803522316786447,False,0.0,False,nan,nan,nan,nan,nan,nan,nan,False,False,False
2324,85.0,0.72,-0.24,0.3662453006383523,0.14,0.13946725773284438,0.012201803984672141,0.2803522316786447,0.2803522316786447,False,0.0,False,nan,nan,nan,nan,nan,nan,nan,False,False,False
2325,85.0,0.72,-0.2,0.3662453006383523,0.08,0.07969557584733965,0.006972459419812651,0.24455742860895813,0.24428454005706543,False,0.0002728885518926971,False,nan,nan,nan,nan,nan,nan,nan,False,False,False
2326,85.0,0.72,-0.2,0.3662453006383523,0.1,0.09961946980917456,0.008715574274765815,0.24455742860895813,0.24455742860895813,False,0.0,False,nan,nan,nan,nan,nan,nan,nan,False,False,False
2327,85.0,0.72,-0.2,0.3662453006383523,0.12,0.11954336377100946,0.010458689129718975,0.24455742860895813,0.24455742860895813,False,0.0,False,nan,nan,nan,nan,nan,nan,nan,False,False,False
2328,85.0,0.72,-0.2,0.3662453006383523,0.14,0.13946725773284438,0.012201803984672141,0.24455742860895813,0.24455742860895813,False,0.0,False,nan,nan,nan,nan,nan,nan,nan,False,False,False
2329,85.0,0.72,-0.16,0.3662453006383523,0.08,0.07969557584733965,0.006972459419812651,0.20954591479607237,0.20954591479607237,False,0.0,False,nan,nan,nan,nan,nan,nan,nan,False,False,False
2330,85.0,0.72,-0.16,0.3662453006383523,0.1,0.09961946980917456,0.008715574274765815,0.20954591479607237,0.20954591479607237,False,0.0,False,nan,nan,nan,nan,nan,nan,nan,False,False,False
2331,85.0,0.72,-0.16,0.3662453006383523,0.12,0.11954336377100946,0.010458689129718975,0.20954591479607237,0.20954591479607237,False,0.0,False,nan,nan,nan,nan,nan,nan,nan,False,False,False
2332,85.0,0.72,-0.16,0.3662453006383523,0.14,0.13946725773284438,0.012201803984672141,0.20954591479607237,0.20954591479607237,False,0.0,False,nan,nan,nan,nan,nan,nan,nan,False,False,False
2333,85.0,0.72,-0.12,0.3662453006383523,0.08,0.07969557584733965,0.006972459419812651,0.17553814830893288,0.17553814830893288,False,0.0,False,nan,nan,nan,nan,nan,nan,nan,False,False,False
2334,85.0,0.72,-0.12,0.3662453006383523,0.1,0.09961946980917456,0.008715574274765815,0.17553814830893288,0.17553814830893288,False,0.0,False,nan,nan,nan,nan,nan,nan,nan,False,False,False
2335,85.0,0.72,-0.12,0.3662453006383523,0.12,0.11954336377100946,0.010458689129718975,0.17553814830893288,0.17553814830893288,False,0.0,False,nan,nan,nan,nan,nan,nan,nan,False,False,False
2336,85.0,0.72,-0.12,0.3662453006383523,0.14,0.13946725773284438,0.012201803984672141,0.17553814830893288,0.17553814830893288,False,0.0,False,nan,nan,nan,nan,nan,nan,nan,False,False,False
2337,85.0,0.72,-0.08,0.3662453006383523,0.08,0.07969557584733965,0.006972459419812651,0.14283492829255073,0.14283492829255073,False,0.0,False,nan,nan,nan,nan,nan,nan,nan,False,False,False
2338,85.0,0.72,-0.08,0.3662453006383523,0.1,0.09961946980917456,0.008715574274765815,0.14283492829255073,0.14283492829255073,False,0.0,False,nan,nan,nan,nan,nan,nan,nan,False,False,False
2339,85.0,0.72,-0.08,0.3662453006383523,0.12,0.11954336377100946,0.010458689129718975,0.14283492829255073,0.14283492829255073,False,0.0,False,nan,nan,nan,nan,nan,nan,nan,False,False,False
2340,85.0,0.72,-0.08,0.3662453006383523,0.14,0.13946725773284438,0.012201803984672141,0.14283492829255073,0.14283492829255073,False,0.0,False,nan,nan,nan,nan,nan,nan,nan,False,False,False
2341,85.0,0.78,-0.24,0.3662453006383523,0.08,0.07969557584733965,0.006972459419812651,0.30511197026401987,0.30511197026401987,False,0.0,False,nan,nan,nan,nan,nan,nan,nan,False,False,False
2342,85.0,0.78,-0.24,0.3662453006383523,0.1,0.09961946980917456,0.008715574274765815,0.30511197026401987,0.30511197026401987,False,0.0,False,nan,nan,nan,nan,nan,nan,nan,False,False,False
2343,85.0,0.78,-0.24,0.3662453006383523,0.12,0.11954336377100946,0.010458689129718975,0.30511197026401987,0.30511197026401987,False,0.0,False,nan,nan,nan,nan,nan,nan,nan,False,False,False
2344,85.0,0.78,-0.24,0.3662453006383523,0.14,0.13946725773284438,0.012201803984672141,0.30511197026401987,0.30511197026401987,False,0.0,False,nan,nan,nan,nan,nan,nan,nan,False,False,False
2345,85.0,0.78,-0.2,0.3662453006383523,0.08,0.07969557584733965,0.006972459419812651,0.27121080681527077,0.27121080681527077,False,0.0,False,nan,nan,nan,nan,nan,nan,nan,False,False,False
2346,85.0,0.78,-0.2,0.3662453006383523,0.1,0.09961946980917456,0.008715574274765815,0.27121080681527077,0.27121080681527077,False,0.0,False,nan,nan,nan,nan,nan,nan,nan,False,False,False
2347,85.0,0.78,-0.2,0.3662453006383523,0.12,0.11954336377100946,0.010458689129718975,0.27121080681527077,0.27121080681527077,False,0.0,False,nan,nan,nan,nan,nan,nan,nan,False,False,False
2348,85.0,0.78,-0.2,0.3662453006383523,0.14,0.13946725773284438,0.012201803984672141,0.27121080681527077,0.27121080681527077,False,0.0,False,nan,nan,nan,nan,nan,nan,nan,False,False,False
2349,85.0,0.78,-0.16,0.3662453006383523,0.08,0.07969557584733965,0.006972459419812651,0.23834436308274115,0.23834436308274115,False,0.0,False,nan,nan,nan,nan,nan,nan,nan,False,False,False
2350,85.0,0.78,-0.16,0.3662453006383523,0.1,0.09961946980917456,0.008715574274765815,0.23834436308274115,0.23834436308274115,False,0.0,False,nan,nan,nan,nan,nan,nan,nan,False,False,False
2351,85.0,0.78,-0.16,0.3662453006383523,0.12,0.11954336377100946,0.010458689129718975,0.23834436308274115,0.23834436308274115,False,0.0,False,nan,nan,nan,nan,nan,nan,nan,False,False,False
2352,85.0,0.78,-0.16,0.3662453006383523,0.14,0.13946725773284438,0.012201803984672141,0.23834436308274115,0.23834436308274115,False,0.0,False,nan,nan,nan,nan,nan,nan,nan,False,False,False
2353,85.0,0.78,-0.12,0.3662453006383523,0.08,0.07969557584733965,0.006972459419812651,0.20676492101429228,0.20676492101429228,False,0.0,False,nan,nan,nan,nan,nan,nan,nan,False,False,False
2354,85.0,0.78,-0.12,0.3662453006383523,0.1,0.09961946980917456,0.008715574274765815,0.20676492101429228,0.20676492101429228,False,0.0,False,nan,nan,nan,nan,nan,nan,nan,False,False,False
2355,85.0,0.78,-0.12,0.3662453006383523,0.12,0.11954336377100946,0.010458689129718975,0.20676492101429228,0.20676492101429228,False,0.0,False,nan,nan,nan,nan,nan,nan,nan,False,False,False
2356,85.0,0.78,-0.12,0.3662453006383523,0.14,0.13946725773284438,0.012201803984672141,0.20676492101429228,0.20676492101429228,False,0.0,False,nan,nan,nan,nan,nan,nan,nan,False,False,False
2357,85.0,0.78,-0.08,0.3662453006383523,0.08,0.07969557584733965,0.006972459419812651,0.17634096748199984,0.17634096748199984,False,0.0,False,nan,nan,nan,nan,nan,nan,nan,False,False,False
2358,85.0,0.78,-0.08,0.3662453006383523,0.1,0.09961946980917456,0.008715574274765815,0.17634096748199984,0.17634096748199984,False,0.0,False,nan,nan,nan,nan,nan,nan,nan,False,False,False
2359,85.0,0.78,-0.08,0.3662453006383523,0.12,0.11954336377100946,0.010458689129718975,0.17634096748199984,0.17634096748199984,False,0.0,False,nan,nan,nan,nan,nan,nan,nan,False,False,False
2360,85.0,0.78,-0.08,0.3662453006383523,0.14,0.13946725773284438,0.012201803984672141,0.17634096748199984,0.17634096748199984,False,0.0,False,nan,nan,nan,nan,nan,nan,nan,False,False,False
2361,85.0,0.84,-0.24,0.3662453006383523,0.08,0.07969557584733965,0.006972459419812651,0.3355027154871771,0.3355027154871771,False,0.0,False,nan,nan,nan,nan,nan,nan,nan,False,False,False
2362,85.0,0.84,-0.24,0.3662453006383523,0.1,0.09961946980917456,0.008715574274765815,0.3355027154871771,0.3355027154871771,False,0.0,False,nan,nan,nan,nan,nan,nan,nan,False,False,False
2363,85.0,0.84,-0.24,0.3662453006383523,0.12,0.11954336377100946,0.010458689129718975,0.3355027154871771,0.3355027154871771,False,0.0,False,nan,nan,nan,nan,nan,nan,nan,False,False,False
2364,85.0,0.84,-0.24,0.3662453006383523,0.14,0.13946725773284438,0.012201803984672141,0.3355027154871771,0.3355027154871771,False,0.0,False,nan,nan,nan,nan,nan,nan,nan,False,False,False
2365,85.0,0.84,-0.2,0.3662453006383523,0.08,0.07969557584733965,0.006972459419812651,0.3036605024567632,0.3036605024567632,False,0.0,False,nan,nan,nan,nan,nan,nan,nan,False,False,False
2366,85.0,0.84,-0.2,0.3662453006383523,0.1,0.09961946980917456,0.008715574274765815,0.3036605024567632,0.3036605024567632,False,0.0,False,nan,nan,nan,nan,nan,nan,nan,False,False,False
2367,85.0,0.84,-0.2,0.3662453006383523,0.12,0.11954336377100946,0.010458689129718975,0.3036605024567632,0.3036605024567632,False,0.0,False,nan,nan,nan,nan,nan,nan,nan,False,False,False
2368,85.0,0.84,-0.2,0.3662453006383523,0.14,0.13946725773284438,0.012201803984672141,0.3036605024567632,0.3036605024567632,False,0.0,False,nan,nan,nan,nan,nan,nan,nan,False,False,False
2369,85.0,0.84,-0.16,0.3662453006383523,0.08,0.07969557584733965,0.006972459419812651,0.27306471818893263,0.27306471818893263,False,0.0,False,nan,nan,nan,nan,nan,nan,nan,False,False,False
2370,85.0,0.84,-0.16,0.3662453006383523,0.1,0.09961946980917456,0.008715574274765815,0.27306471818893263,0.27306471818893263,False,0.0,False,nan,nan,nan,nan,nan,nan,nan,False,False,False
2371,85.0,0.84,-0.16,0.3662453006383523,0.12,0.11954336377100946,0.010458689129718975,0.27306471818893263,0.27306471818893263,False,0.0,False,nan,nan,nan,nan,nan,nan,nan,False,False,False
2372,85.0,0.84,-0.16,0.3662453006383523,0.14,0.13946725773284438,0.012201803984672141,0.27306471818893263,0.27306471818893263,False,0.0,False,nan,nan,nan,nan,nan,nan,nan,False,False,False
2373,85.0,0.84,-0.12,0.3662453006383523,0.08,0.07969557584733965,0.006972459419812651,0.24397443189445966,0.24397443189445966,False,0.0,False,nan,nan,nan,nan,nan,nan,nan,False,False,False
2374,85.0,0.84,-0.12,0.3662453006383523,0.1,0.09961946980917456,0.008715574274765815,0.24397443189445966,0.24397443189445966,False,0.0,False,nan,nan,nan,nan,nan,nan,nan,False,False,False
2375,85.0,0.84,-0.12,0.3662453006383523,0.12,0.11954336377100946,0.010458689129718975,0.24397443189445966,0.24397443189445966,False,0.0,False,nan,nan,nan,nan,nan,nan,nan,False,False,False
2376,85.0,0.84,-0.12,0.3662453006383523,0.14,0.13946725773284438,0.012201803984672141,0.24397443189445966,0.24397443189445966,False,0.0,False,nan,nan,nan,nan,nan,nan,nan,False,False,False
2377,85.0,0.84,-0.08,0.3662453006383523,0.08,0.07969557584733965,0.006972459419812651,0.2148285130552096,0.2148285130552096,False,0.0,False,nan,nan,nan,nan,nan,nan,nan,False,False,False
2378,85.0,0.84,-0.08,0.3662453006383523,0.1,0.09961946980917456,0.008715574274765815,0.2148285130552096,0.2148285130552096,False,0.0,False,nan,nan,nan,nan,nan,nan,nan,False,False,False
2379,85.0,0.84,-0.08,0.3662453006383523,0.12,0.11954336377100946,0.010458689129718975,0.2148285130552096,0.2148285130552096,False,0.0,False,nan,nan,nan,nan,nan,nan,nan,False,False,False
2380,85.0,0.84,-0.08,0.3662453006383523,0.14,0.13946725773284438,0.012201803984672141,0.2148285130552096,0.2148285130552096,False,0.0,False,nan,nan,nan,nan,nan,nan,nan,False,False,False
2381,85.0,0.9,-0.24,0.3662453006383523,0.08,0.07969557584733965,0.006972459419812651,0.37062193407298033,0.37062193407298033,False,0.0,False,nan,nan,nan,nan,nan,nan,nan,False,False,False
2382,85.0,0.9,-0.24,0.3662453006383523,0.1,0.09961946980917456,0.008715574274765815,0.37062193407298033,0.37062193407298033,False,0.0,False,nan,nan,nan,nan,nan,nan,nan,False,False,False
2383,85.0,0.9,-0.24,0.3662453006383523,0.12,0.11954336377100946,0.010458689129718975,0.37062193407298033,0.37062193407298033,False,0.0,False,nan,nan,nan,nan,nan,nan,nan,False,False,False
2384,85.0,0.9,-0.24,0.3662453006383523,0.14,0.13946725773284438,0.012201803984672141,0.37062193407298033,0.37062193407298033,False,0.0,False,nan,nan,nan,nan,nan,nan,nan,False,False,False
2385,85.0,0.9,-0.2,0.3662453006383523,0.08,0.07969557584733965,0.006972459419812651,0.3408599187704658,0.3408599187704658,False,0.0,False,nan,nan,nan,nan,nan,nan,nan,False,False,False
2386,85.0,0.9,-0.2,0.3662453006383523,0.1,0.09961946980917456,0.008715574274765815,0.3408599187704658,0.3408599187704658,False,0.0,False,nan,nan,nan,nan,nan,nan,nan,False,False,False
2387,85.0,0.9,-0.2,0.3662453006383523,0.12,0.11954336377100946,0.010458689129718975,0.3408599187704658,0.3408599187704658,False,0.0,False,nan,nan,nan,nan,nan,nan,nan,False,False,False
2388,85.0,0.9,-0.2,0.3662453006383523,0.14,0.13946725773284438,0.012201803984672141,0.3408599187704658,0.3408599187704658,False,0.0,False,nan,nan,nan,nan,nan,nan,nan,False,False,False
2389,85.0,0.9,-0.16,0.3662453006383523,0.08,0.07969557584733965,0.006972459419812651,0.31249955065395346,0.31249955065395346,False,0.0,False,nan,nan,nan,nan,nan,nan,nan,False,False,False
2390,85.0,0.9,-0.16,0.3662453006383523,0.1,0.09961946980917456,0.008715574274765815,0.31249955065395346,0.31249955065395346,False,0.0,False,nan,nan,nan,nan,nan,nan,nan,False,False,False
2391,85.0,0.9,-0.16,0.3662453006383523,0.12,0.11954336377100946,0.010458689129718975,0.31249955065395346,0.31249955065395346,False,0.0,False,nan,nan,nan,nan,nan,nan,nan,False,False,False
2392,85.0,0.9,-0.16,0.3662453006383523,0.14,0.13946725773284438,0.012201803984672141,0.31249955065395346,0.31249955065395346,False,0.0,False,nan,nan,nan,nan,nan,nan,nan,False,False,False
2393,85.0,0.9,-0.12,0.3662453006383523,0.08,0.07969557584733965,0.006972459419812651,0.28470952925676707,0.28470952925676707,False,0.0,False,nan,nan,nan,nan,nan,nan,nan,False,False,False
2394,85.0,0.9,-0.12,0.3662453006383523,0.1,0.09961946980917456,0.008715574274765815,0.28470952925676707,0.28470952925676707,False,0.0,False,nan,nan,nan,nan,nan,nan,nan,False,False,False
2395,85.0,0.9,-0.12,0.3662453006383523,0.12,0.11954336377100946,0.010458689129718975,0.28470952925676707,0.28470952925676707,False,0.0,False,nan,nan,nan,nan,nan,nan,nan,False,False,False
2396,85.0,0.9,-0.12,0.3662453006383523,0.14,0.13946725773284438,0.012201803984672141,0.28470952925676707,0.28470952925676707,False,0.0,False,nan,nan,nan,nan,nan,nan,nan,False,False,False
2397,85.0,0.9,-0.08,0.3662453006383523,0.08,0.07969557584733965,0.006972459419812651,0.25798885892356743,0.25798885892356743,False,0.0,False,nan,nan,nan,nan,nan,nan,nan,False,False,False
2398,85.0,0.9,-0.08,0.3662453006383523,0.1,0.09961946980917456,0.008715574274765815,0.25798885892356743,0.25798885892356743,False,0.0,False,nan,nan,nan,nan,nan,nan,nan,False,False,False
2399,85.0,0.9,-0.08,0.3662453006383523,0.12,0.11954336377100946,0.010458689129718975,0.25798885892356743,0.25798885892356743,False,0.0,False,nan,nan,nan,nan,nan,nan,nan,False,False,False
2400,85.0,0.9,-0.08,0.3662453006383523,0.14,0.13946725773284438,0.012201803984672141,0.25798885892356743,0.25798885892356743,False,0.0,False,nan,nan,nan,nan,nan,nan,nan,False,False,False
