frame,t_s,timestamp,scene_points,robot_points,cluster_count,stable_track_count,risk_sphere_count,nearest_distance_m,nearest_link,nearest_cluster_index,nearest_cluster_x,nearest_cluster_y,nearest_cluster_z,predicted_distance_m,predicted_nearest_link,predicted_tau_s,predicted_object_id,trigger_block_reason,reference_state,reference_armed,reference_index,reference_index_step,reference_step_clamped,reference_time_s,reference_tcp_y_m,reference_actual_y_error_m,reference_joint_match_max_rad,reference_future_time_s,reference_future_index,reference_future_delta_q_max_rad,predicted_object_speed_m_s,predicted_object_radius_m,predicted_object_age,predicted_object_association_error_m,dynamic_object_valid,dynamic_object_block_reason,risk_state_current,risk_state_predicted,max_track_speed_m_s,motion_y_m,guard_distance_m,guard_object_id,guard_in_motion_direction,guard_speed_scale,guard_decision,guard_cluster_count,guard_robot_points_source,guard_robot_points_count,elapsed_ms,q1_rad,q2_rad,q3_rad,q4_rad,q5_rad,q6_rad,qd1_rad_s,qd2_rad_s,qd3_rad_s,qd4_rad_s,qd5_rad_s,qd6_rad_s
0,0.103945,1786367574.628675,0,50000,0,0,0,,,,,,,,,,,reference_not_armed,WAIT_REFERENCE_START,0,0,0,0,0.000000,0.399997,0.590997,0.869855,0.000000,0,,,,,,0,,SAFE,SAFE,,0.000000,,,1,1.000000,SAFE,0,current,50000,105.2956,0.00000000,0.00000000,1.57080007,0.00000000,1.57079637,0.00000000,0.00000000,0.00000000,0.00000000,0.00000000,0.00000000,0.00000000
1,0.208932,1786367574.734000,2595,50000,0,0,0,,,,,,,,,,,reference_not_armed,WAIT_REFERENCE_START,0,0,0,0,0.000000,0.399997,0.590998,0.869855,0.000000,0,,,,,,0,,SAFE,SAFE,,0.000000,,,1,1.000000,SAFE,0,current,50000,155.7916,0.00000000,0.00000367,1.57080007,-0.00000367,1.57079256,0.00000000,0.00000000,0.00003494,0.00000000,-0.00003494,-0.00003633,0.00000000
2,0.339614,1786367574.889823,2691,50000,0,0,0,,,,,,,,,,,reference_not_armed,WAIT_REFERENCE_START,0,0,0,0,0.000000,0.399997,0.590997,0.869855,0.000000,0,,,,,,0,,SAFE,SAFE,,0.000000,,,1,1.000000,SAFE,0,current,50000,128.8715,0.00000000,-0.00153690,1.56954920,-0.00103072,1.57079637,0.00000000,0.00000000,-0.01178869,-0.00957180,-0.00785913,0.00002919,0.00000000
3,0.476887,1786367575.018698,2597,50000,0,0,0,,,,,,,,,,,reference_not_armed,WAIT_REFERENCE_START,0,0,0,0,0.000000,0.399997,0.590997,0.869855,0.000000,0,,,,,,0,,SAFE,SAFE,,0.000000,,,1,1.000000,SAFE,0,current,50000,127.8359,0.00000000,-0.00859052,1.56216538,-0.00382575,1.57079637,0.00000000,0.00000000,-0.05138398,-0.05378944,-0.02036120,0.00000000,0.00000000
4,0.597388,1786367575.146551,2672,50000,0,0,0,,,,,,,,,,,reference_not_armed,WAIT_REFERENCE_START,0,0,0,0,0.000000,0.399997,0.590997,0.869855,0.000000,0,,,,,,0,,SAFE,SAFE,,0.000000,,,1,1.000000,SAFE,0,current,50000,128.1032,0.00000000,-0.02127089,1.54944837,-0.00604491,1.57079637,0.00000000,0.00000000,-0.10522968,-0.10553372,-0.01841596,0.00000000,0.00000000
5,0.725481,1786367575.274673,2670,50000,0,0,0,,,,,,,,,,,reference_not_armed,WAIT_REFERENCE_START,0,0,0,0,0.000000,0.399997,0.590997,0.869855,0.000000,0,,,,,,0,,SAFE,SAFE,,0.000000,,,1,1.000000,SAFE,0,current,50000,129.9112,0.00000000,-0.04083249,1.52961171,-0.00835210,1.57079637,0.00000000,0.00000000,-0.15271511,-0.15486254,-0.01801196,0.00000000,0.00000000
6,0.853669,1786367575.404626,2642,50000,0,0,0,,,,,,,,,,,reference_not_armed,WAIT_REFERENCE_START,0,0,0,0,0.000000,0.399997,0.590997,0.869855,0.000000,0,,,,,,0,,SAFE,SAFE,,0.000000,,,1,1.000000,SAFE,0,current,50000,129.5532,0.00000000,-0.06586678,1.50195479,-0.01079868,1.57079637,0.00000000,0.00000000,-0.19529226,-0.21575129,-0.01908571,0.00000000,0.00000000
7,0.984331,1786367575.534207,2734,50000,0,0,0,,,,,,,,,,,reference_not_armed,WAIT_REFERENCE_START,0,0,0,0,0.000000,0.399997,0.590998,0.869855,0.000000,0,,,,,,0,,SAFE,SAFE,,0.000000,,,1,1.000000,SAFE,0,current,50000,130.2288,0.00000000,-0.09220322,1.46867847,-0.01316455,1.57079256,0.00000000,0.00000000,-0.20156262,-0.25467613,-0.01810695,-0.00002920,0.00000000
8,1.112654,1786367575.664463,2652,50000,0,0,0,,,,,,,,,,,reference_not_armed,WAIT_REFERENCE_START,0,0,0,0,0.000000,0.399997,0.590997,0.869855,0.000000,0,,,,,,0,,SAFE,SAFE,,0.000000,,,1,1.000000,SAFE,0,current,50000,128.1650,0.00000000,-0.11855434,1.43343961,-0.01556344,1.57079637,0.00000000,0.00000000,-0.20535017,-0.27461099,-0.01869417,0.00002973,0.00000000
9,1.244767,1786367575.792647,2698,50000,0,0,0,,,,,,,,,,,reference_not_armed,WAIT_REFERENCE_START,0,0,0,0,0.000000,0.399997,0.590998,0.869855,0.000000,0,,,,,,0,,SAFE,SAFE,,0.000000,,,1,1.000000,SAFE,0,current,50000,122.8178,0.00000000,-0.14494947,1.40004957,-0.01801735,1.57079256,0.00000000,0.00000000,-0.19979168,-0.25273806,-0.01857430,-0.00002887,0.00000000
10,1.364666,1786367575.915482,2615,50000,0,0,0,,,,,,,,,,,reference_not_armed,WAIT_REFERENCE_START,0,0,0,0,0.000000,0.399997,0.590997,0.869855,0.000000,0,,,,,,0,,SAFE,SAFE,,0.000000,,,1,1.000000,SAFE,0,current,50000,129.0580,0.00000000,-0.16825612,1.37415326,-0.02016315,1.57079637,0.00000000,0.00000000,-0.19438481,-0.21598337,-0.01789662,0.00003182,0.00000000
11,1.504121,1786367576.044567,2648,50000,0,0,0,,,,,,,,,,,reference_not_armed,WAIT_REFERENCE_START,0,0,0,0,0.000000,0.399997,0.590998,0.869855,0.000000,0,,,,,,0,,SAFE,SAFE,,0.000000,,,1,1.000000,SAFE,0,current,50000,125.1582,0.00000000,-0.19033031,1.35185540,-0.02281147,1.57079256,0.00000000,0.00000000,-0.15828900,-0.15989286,-0.01899047,-0.00002735,0.00000000
12,1.618139,1786367576.169743,2697,50000,0,0,0,,,,,,,,,,,reference_not_armed,WAIT_REFERENCE_START,0,0,0,0,0.000000,0.399997,0.590997,0.869855,0.000000,0,,,,,,0,,SAFE,SAFE,,0.000000,,,1,1.000000,SAFE,0,current,50000,116.3739,0.00000000,-0.20219637,1.34001863,-0.02490591,1.57079637,0.00000000,0.00000000,-0.10407192,-0.10381498,-0.01836941,0.00003346,0.00000000
13,1.735887,1786367576.286147,2620,50000,0,0,0,,,,,,,,,,,reference_not_armed,WAIT_REFERENCE_START,0,0,0,0,0.000000,0.399997,0.590997,0.869855,0.000000,0,,,,,,0,,SAFE,SAFE,,0.000000,,,1,1.000000,SAFE,0,current,50000,130.3455,0.00000000,-0.20827429,1.33394432,-0.02697468,1.57079637,0.00000000,0.00000000,-0.05161813,-0.05158750,-0.01756951,0.00000000,0.00000000
14,1.869643,1786367576.416520,2532,50000,0,0,0,,,,,,,,,,,reference_not_armed,WAIT_REFERENCE_START,0,0,0,0,0.000000,0.399997,0.590997,0.869855,0.000000,0,,,,,,0,,SAFE,SAFE,,0.000000,,,1,1.000000,SAFE,0,current,50000,132.9382,0.00000000,-0.21014500,1.33216536,-0.02851892,1.57079637,0.00000000,0.00000000,-0.01398592,-0.01330000,-0.01154517,0.00000000,0.00000000
15,1.999533,1786367576.549482,2622,50000,0,0,0,,,,,,,,,,,reference_not_armed,WAIT_REFERENCE_START,0,0,0,0,0.000000,0.399997,0.590997,0.869855,0.000000,0,,,,,,0,,SAFE,SAFE,,0.000000,,,1,1.000000,SAFE,0,current,50000,132.9425,0.00000000,-0.21020734,1.33207738,-0.02858494,1.57079637,0.00000000,0.00000000,-0.00048000,-0.00067732,-0.00050830,0.00000000,0.00000000
16,2.134111,1786367576.682451,2687,50000,0,0,0,,,,,,,,,,,reference_not_armed,WAIT_REFERENCE_START,0,0,0,0,0.000000,0.399997,0.590976,0.869829,0.000000,0,,,,,,0,,SAFE,SAFE,,0.000000,,,1,1.000000,SAFE,0,current,50000,120.3759,0.00003668,-0.21029538,1.33197093,-0.02863263,1.57079637,0.00002568,0.00027256,-0.00065416,-0.00079102,-0.00035433,0.00000000,0.00019079
17,2.250581,1786367576.802844,2581,50000,0,0,0,,,,,,,,,,,reference_not_armed,WAIT_REFERENCE_START,0,0,0,0,0.000000,0.399997,0.589947,0.868123,0.000000,0,,,,,,0,,SAFE,SAFE,,0.000000,,,1,1.000000,SAFE,0,current,50000,127.8964,0.00178633,-0.21207072,1.33008575,-0.03037127,1.57079256,0.00173131,0.01502230,-0.01524287,-0.01618591,-0.01492780,-0.00003275,0.01464438
18,2.379089,1786367576.930757,2524,50000,0,0,0,,,,,,,,,,,reference_not_armed,WAIT_REFERENCE_START,0,0,0,0,0.000000,0.399997,0.585681,0.860850,0.000000,0,,,,,,0,,SAFE,SAFE,,0.000000,,,1,1.000000,SAFE,0,current,50000,118.1900,0.00898300,-0.21862915,1.32303202,-0.03402830,1.57079637,0.00908937,0.05600167,-0.05103516,-0.05488939,-0.02845753,0.00002968,0.05725757
19,2.498279,1786367577.048965,2615,50000,0,0,0,,,,,,,,,,,reference_not_armed,WAIT_REFERENCE_START,0,0,0,0,0.000000,0.399997,0.577900,0.847894,0.000000,0,,,,,,0,,SAFE,SAFE,,0.000000,,,1,1.000000,SAFE,0,current,50000,131.1309,0.02193848,-0.22752410,1.31158412,-0.03761563,1.57079637,0.02207419,0.10869655,-0.07462870,-0.09604803,-0.03009774,0.00000000,0.10894274
20,2.631644,1786367577.180124,2557,50000,0,0,0,,,,,,,,,,,reference_not_armed,WAIT_REFERENCE_START,0,0,0,0,0.000000,0.399997,0.564529,0.826000,0.000000,0,,,,,,0,,SAFE,SAFE,,0.000000,,,1,1.000000,SAFE,0,current,50000,127.9300,0.04383294,-0.23800001,1.29659283,-0.04175317,1.57079637,0.04405301,0.16416888,-0.07855035,-0.11240754,-0.03102406,0.00000000,0.16480145
21,2.758007,1786367577.308082,2660,50000,0,0,0,,,,,,,,,,,reference_not_armed,WAIT_REFERENCE_START,0,0,0,0,0.000000,0.399997,0.547584,0.798739,0.000000,0,,,,,,0,,SAFE,SAFE,,0.000000,,,1,1.000000,SAFE,0,current,50000,129.7524,0.07109372,-0.24769826,1.28251874,-0.04546154,1.57079637,0.07135048,0.21573432,-0.07674934,-0.11137846,-0.02934708,0.00000000,0.21602462
22,2.896864,1786367577.437851,2495,50000,0,0,0,,,,,,,,,,,reference_not_armed,WAIT_REFERENCE_START,0,0,0,0,0.000000,0.399997,0.523211,0.760261,0.000000,0,,,,,,0,,SAFE,SAFE,,0.000000,,,1,1.000000,SAFE,0,current,50000,135.4384,0.10957134,-0.25856662,1.26674974,-0.04966877,1.57079637,0.10999315,0.27710222,-0.07827005,-0.11356280,-0.03029894,0.00000000,0.27829087
23,3.026667,1786367577.573317,2608,50000,0,0,0,,,,,,,,,,,reference_not_armed,WAIT_REFERENCE_START,0,0,0,0,0.000000,0.399997,0.495305,0.717030,0.000000,0,,,,,,0,,SAFE,SAFE,,0.000000,,,1,1.000000,SAFE,0,current,50000,130.7004,0.15280271,-0.26863170,1.25214005,-0.05354220,1.57080007,0.15337859,0.33305377,-0.07754121,-0.11255285,-0.02984090,0.00002847,0.33424073
24,3.154412,1786367577.704035,2601,50000,0,0,0,,,,,,,,,,,reference_not_armed,WAIT_REFERENCE_START,0,0,0,0,0.000000,0.399997,0.463628,0.668784,0.000000,0,,,,,,0,,SAFE,SAFE,,0.000000,,,1,1.000000,SAFE,0,current,50000,128.8777,0.20104828,-0.27834097,1.23802543,-0.05724325,1.57080007,0.20176354,0.37767035,-0.07600495,-0.11049039,-0.02897206,0.00000000,0.37876135
25,3.293256,1786367577.832941,2362,50000,0,0,0,,,,,,,,,,,reference_not_armed,WAIT_REFERENCE_START,0,0,0,0,0.000000,0.399997,0.423953,0.609318,0.000000,0,,,,,,0,,SAFE,SAFE,,0.000000,,,1,1.000000,SAFE,0,current,50000,132.1891,0.26051435,-0.28916532,1.22229338,-0.06152384,1.57080364,0.26130664,0.42829609,-0.07796090,-0.11330791,-0.03083035,0.00002576,0.42885095
26,3.416600,1786367577.965146,2329,50000,0,0,0,,,,,,,,,,,reference_not_armed,WAIT_REFERENCE_START,0,0,0,0,0.000000,0.399997,0.387118,0.554932,0.000000,0,,,,,,0,,SAFE,SAFE,,0.000000,,,1,1.000000,SAFE,0,current,50000,127.8713,0.31490022,-0.29889292,1.20817137,-0.06519186,1.57080734,0.31584653,0.44092777,-0.07886548,-0.11449272,-0.02973816,0.00002996,0.44217645
27,3.548494,1786367578.093034,2386,50000,0,0,0,,,,,,,,,,,reference_not_armed,WAIT_REFERENCE_START,0,0,0,0,0.000000,0.399997,0.348272,0.498206,0.000000,0,,,,,,0,,SAFE,SAFE,,0.000000,,,1,1.000000,SAFE,0,current,50000,133.8188,0.37162626,-0.30896899,1.19354331,-0.06906163,1.57081103,0.37259096,0.43008813,-0.07639526,-0.11090765,-0.02933996,0.00002802,0.43022755
28,3.677955,1786367578.226882,2340,50000,0,0,0,,,,,,,,,,,reference_not_armed,WAIT_REFERENCE_START,0,0,0,0,0.000000,0.399997,0.309137,0.441502,0.000000,0,,,,,,0,,SAFE,SAFE,,0.000000,,,1,1.000000,SAFE,0,current,50000,129.8834,0.42833030,-0.31904140,1.17887115,-0.07301576,1.57081103,0.42930967,0.43799983,-0.07780246,-0.11333237,-0.03054298,0.00000000,0.43811309
29,3.807897,1786367578.356793,2489,50000,0,0,0,,,,,,,,,,,reference_not_armed,WAIT_REFERENCE_START,0,0,0,0,0.000000,0.399997,0.269815,0.384772,0.000000,0,,,,,,0,,SAFE,SAFE,,0.000000,,,1,1.000000,SAFE,0,current,50000,128.2288,0.48506004,-0.32912484,1.16426146,-0.07688554,1.57081473,0.48602104,0.43657814,-0.07759966,-0.11243263,-0.02978082,0.00002844,0.43643686
30,3.942062,1786367578.485040,2510,50000,0,0,0,,,,,,,,,,,reference_not_armed,WAIT_REFERENCE_START,0,0,0,0,0.000000,0.399997,0.228968,0.325871,0.000000,0,,,,,,0,,SAFE,SAFE,,0.000000,,,1,1.000000,SAFE,0,current,50000,125.6821,0.54396123,-0.33958602,1.14905012,-0.08095338,1.57081473,0.54491860,0.43902171,-0.07797271,-0.11337819,-0.03031980,0.00000000,0.43899461
31,4.063565,1786367578.610740,2593,50000,0,0,0,,,,,,,,,,,reference_not_armed,WAIT_REFERENCE_START,0,0,0,0,0.000000,0.399997,0.192759,0.273507,0.000000,0,,,,,,0,,SAFE,SAFE,,0.000000,,,1,1.000000,SAFE,0,current,50000,128.8162,0.59632599,-0.34890282,1.13557017,-0.08452604,1.57081831,0.59727597,0.43097351,-0.07667932,-0.11094293,-0.02940376,0.00002943,0.43091268
32,4.192037,1786367578.739573,2675,50000,0,0,0,,,,,,,,,,,reference_not_armed,WAIT_REFERENCE_START,0,0,0,0,0.000000,0.399997,0.154144,0.217345,0.000000,0,,,,,,0,,SAFE,SAFE,,0.000000,,,1,1.000000,SAFE,0,current,50000,129.4081,0.65248716,-0.35898992,1.12088335,-0.08837014,1.57081831,0.65327579,0.43714728,-0.07851599,-0.11431929,-0.02992168,0.00000000,0.43589137
33,4.328015,1786367578.868998,2661,50000,0,0,0,,,,,,,,,,,reference_not_armed,WAIT_REFERENCE_START,0,0,0,0,0.000000,0.399997,0.116872,0.162853,0.000000,0,,,,,,0,,SAFE,SAFE,,0.000000,,,1,1.000000,SAFE,0,current,50000,131.5527,0.70697939,-0.36944747,1.10568309,-0.09252234,1.57082200,0.70762861,0.40074309,-0.07690617,-0.11178470,-0.03053584,0.00002718,0.39971782
34,4.452734,1786367579.000567,2578,50000,0,0,0,,,,,,,,,,,reference_not_armed,WAIT_REFERENCE_START,0,0,0,0,0.000000,0.399997,0.086780,0.118936,0.000000,0,,,,,,0,,SAFE,SAFE,,0.000000,,,1,1.000000,SAFE,0,current,50000,132.0977,0.75089669,-0.37916040,1.09162343,-0.09615369,1.57082558,0.75135154,0.35212918,-0.07787837,-0.11273047,-0.02911621,0.00002867,0.35057072
35,4.582679,1786367579.132683,2736,50000,0,0,0,,,,,,,,,,,reference_not_armed,WAIT_REFERENCE_START,0,0,0,0,0.000000,0.399997,0.060355,0.080667,0.000000,0,,,,,,0,,SAFE,SAFE,,0.000000,,,1,1.000000,SAFE,0,current,50000,118.7981,0.78916520,-0.38921812,1.07697701,-0.10004546,1.57082939,0.78948063,0.29449842,-0.07739999,-0.11271265,-0.02994946,0.00002936,0.29342554
36,4.705301,1786367579.251498,2743,50000,0,0,0,,,,,,,,,,,reference_not_armed,WAIT_REFERENCE_START,0,0,0,0,0.000000,0.399997,0.040186,0.051991,0.000000,0,,,,,,0,,SAFE,SAFE,,0.000000,,,1,1.000000,SAFE,0,current,50000,131.6247,0.81784183,-0.39852026,1.06346405,-0.10372817,1.57082939,0.81807297,0.23386127,-0.07586004,-0.11019985,-0.03003287,0.00000000,0.23317395
37,4.832901,1786367579.383140,2620,50000,1,0,0,0.517035,upperArm_Link,0,0.649009,-0.606687,0.328363,,,,,reference_not_armed,WAIT_REFERENCE_START,0,0,0,0,0.000000,0.399997,0.022763,0.028123,0.000000,0,,0.000000,0.127344,1,0.056841,0,"age_ok,speed_history_ready,speed_ok,valid_streak_not_ready",SAFE,SAFE,,0.000000,0.512795,,0,1.000000,SAFE,1,current,50000,156.6365,0.84170973,-0.40859997,1.04885793,-0.10759427,1.57083297,0.84184915,0.18705357,-0.07899504,-0.11446863,-0.03029874,0.00002803,0.18633466
38,4.990537,1786367579.539795,2609,50000,0,0,0,,,,,,,,,,,reference_not_armed,WAIT_REFERENCE_START,0,0,0,0,0.000000,0.399997,0.008086,0.009511,0.000000,0,,,,,,0,,SAFE,SAFE,,0.000000,,,1,1.000000,SAFE,0,current,50000,127.5474,0.86032128,-0.42028633,1.03332758,-0.11224166,1.57083297,0.86039096,0.11806656,-0.07413503,-0.09852026,-0.02948176,0.00000000,0.11762417
39,5.116748,1786367579.667359,2732,50000,0,0,0,,,,,,,,,,,reference_not_armed,WAIT_REFERENCE_START,0,0,0,0,0.000000,0.399997,0.001719,0.002050,0.000000,0,,,,,,0,,SAFE,SAFE,,0.000000,,,1,1.000000,SAFE,0,current,50000,126.9228,0.86779678,-0.42700249,1.02601349,-0.11600872,1.57083666,0.86780411,0.05923013,-0.05321375,-0.05795124,-0.02984736,0.00002928,0.05873614
40,5.250059,1786367579.794299,2656,50000,0,0,0,,,,,,,,,,,no_stable_track,REFERENCE_ARMED,1,0,0,0,0.000000,0.399997,0.000094,0.000180,1.005039,25,0.028152,,,,,0,,SAFE,SAFE,,0.399951,,,1,1.000000,SAFE,0,current,50000,143.9042,0.86971146,-0.42890984,1.02406204,-0.11775838,1.57083666,0.86967474,0.01436251,-0.01430752,-0.01463838,-0.01312463,0.00000000,0.01403210
41,5.392372,1786367579.938233,2731,50000,0,0,0,,,,,,,,,,,no_stable_track,RUNNING,1,0,0,0,0.000000,0.399997,0.000018,0.000051,1.005039,25,0.028237,,,,,0,,SAFE,SAFE,,0.399970,,,1,1.000000,SAFE,0,current,50000,132.2318,0.86979944,-0.42900524,1.02397776,-0.11784274,1.57084036,0.86980313,0.00000000,0.00000000,0.00000000,0.00000000,0.00000000,0.00000000
42,5.524581,1786367580.070493,2733,50000,0,0,0,,,,,,,,,,,reference_step_jump,RUNNING,1,5,5,1,0.171240,0.399967,0.000258,0.000598,1.212231,30,0.035888,,,,,0,,SAFE,SAFE,,0.399480,,,1,1.000000,SAFE,0,current,50000,132.3724,0.86957574,-0.42860174,1.02465260,-0.11774370,1.57084036,0.86967111,-0.00169199,0.00305193,0.00510436,0.00074912,0.00000000,-0.00099860
43,5.652346,1786367580.202883,2752,50000,0,0,0,,,,,,,,,,,no_stable_track,RUNNING,1,10,5,0,0.378422,0.398591,0.000046,0.000106,1.379146,34,0.040128,,,,,0,,SAFE,SAFE,,0.398154,,,1,1.000000,SAFE,0,current,50000,128.7037,0.86847532,-0.42694011,1.02720189,-0.11677168,1.57084405,0.86848998,-0.00861288,0.01300539,0.01995303,0.00760794,0.00002892,-0.00924454
44,5.784056,1786367580.331615,2614,50000,0,0,0,,,,,,,,,,,no_stable_track,RUNNING,1,13,3,0,0.503548,0.396718,0.000165,0.000396,1.507116,37,0.040924,,,,,0,,SAFE,SAFE,,0.396191,,,1,1.000000,SAFE,0,current,50000,130.3418,0.86658263,-0.42414510,1.03158152,-0.11517242,1.57084405,0.86657166,-0.01437008,0.02122091,0.03325202,0.01214226,0.00000000,-0.01456467
45,5.913373,1786367580.461974,2654,50000,0,0,0,,,,,,,,,,,no_stable_track,RUNNING,1,16,3,0,0.627201,0.394336,0.000298,0.000693,1.631844,40,0.040546,,,,,0,,SAFE,SAFE,,0.393144,,,1,1.000000,SAFE,0,current,50000,131.8090,0.86418009,-0.42065677,1.03692949,-0.11332373,1.57084405,0.86418372,-0.01857883,0.02697521,0.04135573,0.01429583,0.00000000,-0.01846590
46,6.045097,1786367580.593801,2698,50000,0,0,0,,,,,,,,,,,no_stable_track,RUNNING,1,19,3,0,0.755009,0.391834,0.000394,0.000646,1.756075,43,0.040004,,,,,0,,SAFE,SAFE,,0.391144,,,1,1.000000,SAFE,0,current,50000,128.7313,0.86170787,-0.41704011,1.04237652,-0.11147504,1.57084405,0.86167848,-0.01876811,0.02745624,0.04135166,0.01403457,0.00000000,-0.01901880
47,6.176967,1786367580.722551,2554,50000,0,0,0,,,,,,,,,,,no_stable_track,RUNNING,1,23,4,0,0.922042,0.388431,0.000307,0.000598,1.963039,48,0.042234,,,,,0,,SAFE,SAFE,,0.387932,,,1,1.000000,SAFE,0,current,50000,134.3232,0.85909247,-0.41333541,1.04800701,-0.10944296,1.57084405,0.85909247,-0.01983306,0.02809348,0.04269720,0.01540967,0.00000000,-0.01961023
48,6.308341,1786367580.856892,2788,50000,0,0,0,,,,,,,,,,,no_stable_track,RUNNING,1,26,3,0,1.046245,0.385942,0.000200,0.000374,2.046613,50,0.040213,,,,,0,,SAFE,SAFE,,0.385949,,,1,1.000000,SAFE,0,current,50000,121.3655,0.85658360,-0.40979579,1.05339158,-0.10759427,1.57084405,0.85657996,-0.01909732,0.02694322,0.04098673,0.01407203,0.00000000,-0.01912499
49,6.430289,1786367580.978292,2641,50000,0,0,0,,,,,,,,,,,no_stable_track,RUNNING,1,29,3,0,1.170770,0.383438,0.000300,0.000565,2.170993,53,0.040011,,,,,0,,SAFE,SAFE,,0.382829,,,1,1.000000,SAFE,0,current,50000,128.6280,0.85426170,-0.40652755,1.05833983,-0.10594732,1.57084405,0.85424709,-0.01904010,0.02680033,0.04057685,0.01350531,0.00000000,-0.01913004
50,6.560049,1786367581.106938,2657,50000,0,0,0,,,,,,,,,,,no_stable_track,RUNNING,1,32,3,0,1.296284,0.380926,0.000200,0.000363,2.337021,57,0.040851,,,,,0,,SAFE,SAFE,,0.380332,,,1,1.000000,SAFE,0,current,50000,129.6564,0.85170507,-0.40303192,1.06366575,-0.10413899,1.57084405,0.85169411,-0.01970269,0.02693921,0.04104432,0.01393601,0.00000000,-0.01967467
51,6.686955,1786367581.236628,2683,50000,0,0,0,,,,,,,,,,,no_stable_track,RUNNING,1,35,3,0,1.420729,0.378433,0.000101,0.000165,2.462189,60,0.040216,,,,,0,,SAFE,SAFE,,0.377845,,,1,1.000000,SAFE,0,current,50000,127.0008,0.84917784,-0.39953628,1.06896615,-0.10231230,1.57084405,0.84914488,-0.01991416,0.02754495,0.04176620,0.01439391,0.00000000,-0.02008747
52,6.815161,1786367581.363648,2647,50000,0,0,0,,,,,,,,,,,no_stable_track,RUNNING,1,38,3,0,1.548775,0.375926,0.000104,0.000176,2.586849,63,0.039894,,,,,0,,SAFE,SAFE,,0.375426,,,1,1.000000,SAFE,0,current,50000,128.7339,0.84669828,-0.39623141,1.07390690,-0.10063969,1.57084405,0.84670562,-0.01934039,0.02577781,0.03853759,0.01304634,0.00000000,-0.01902611
53,6.944762,1786367581.492409,2774,50000,0,0,0,,,,,,,,,,,no_stable_track,RUNNING,1,41,3,0,1.673119,0.373436,0.000002,0.000055,2.711422,66,0.039317,,,,,0,,SAFE,SAFE,,0.372933,,,1,1.000000,SAFE,0,current,50000,129.1919,0.84413797,-0.39280543,1.07900548,-0.09898908,1.57084405,0.84411591,-0.01975536,0.02643484,0.03934056,0.01273607,0.00000000,-0.01998210
54,7.087474,1786367581.621629,2756,50000,0,0,0,,,,,,,,,,,no_stable_track,RUNNING,1,44,3,0,1.797423,0.370935,0.000397,0.000734,2.837775,69,0.038114,,,,,0,,SAFE,SAFE,,0.369837,,,1,1.000000,SAFE,0,current,50000,138.6518,0.84124756,-0.38902739,1.08464694,-0.09708536,1.57084405,0.84125489,-0.02025343,0.02647317,0.03953037,0.01333954,0.00000000,-0.02004752
55,7.213111,1786367581.760299,2714,50000,0,0,0,,,,,,,,,,,no_stable_track,RUNNING,1,47,3,0,1.921422,0.368421,0.000386,0.000726,2.963503,72,0.037770,,,,,0,,SAFE,SAFE,,0.367241,,,1,1.000000,SAFE,0,current,50000,130.8516,0.83873862,-0.38578120,1.08950341,-0.09543476,1.57084405,0.83874226,-0.01996977,0.02583788,0.03865482,0.01313794,0.00000000,-0.01999919
56,7.342356,1786367581.891180,2676,50000,0,0,0,,,,,,,,,,,no_stable_track,RUNNING,1,51,4,0,2.088108,0.365139,0.000304,0.000535,3.088169,75,0.037234,,,,,0,,SAFE,SAFE,,0.364533,,,1,1.000000,SAFE,0,current,50000,125.3643,0.83614165,-0.38245061,1.09451759,-0.09386484,1.57084405,0.83613068,-0.02009338,0.02576952,0.03879586,0.01214682,0.00000000,-0.02020637
57,7.468932,1786367582.016562,2645,50000,0,0,0,,,,,,,,,,,no_stable_track,RUNNING,1,54,3,0,2.212442,0.362615,0.000300,0.000532,3.213139,78,0.036768,,,,,0,,SAFE,SAFE,,0.362130,,,1,1.000000,SAFE,0,current,50000,129.4261,0.83358508,-0.37924841,1.09934103,-0.09237562,1.57084405,0.83362174,-0.02019790,0.02529870,0.03810722,0.01176541,0.00000000,-0.01982165
58,7.597615,1786367582.146012,2773,50000,0,0,0,,,,,,,,,,,no_stable_track,RUNNING,1,57,3,0,2.337021,0.360142,0.000200,0.000367,3.337816,81,0.036310,,,,,0,,SAFE,SAFE,,0.359648,,,1,1.000000,SAFE,0,current,50000,130.9383,0.83096975,-0.37595087,1.10414982,-0.09068833,1.57084405,0.83096975,-0.02032389,0.02562534,0.03736932,0.01311207,0.00000000,-0.02060875
59,7.732411,1786367582.276977,2608,50000,0,0,0,,,,,,,,,,,no_stable_track,RUNNING,1,60,3,0,2.462189,0.357641,0.000001,0.000055,3.462779,84,0.035591,,,,,0,,SAFE,SAFE,,0.357238,,,1,1.000000,SAFE,0,current,50000,122.6222,0.82820773,-0.37256163,1.10918236,-0.08904871,1.57084405,0.82822239,-0.02049035,0.02514345,0.03733446,0.01216365,0.00000000,-0.02038158
60,7.849590,1786367582.399617,2736,50000,0,0,0,,,,,,,,,,,no_stable_track,RUNNING,1,63,3,0,2.586849,0.355126,0.000203,0.000367,3.587230,87,0.035558,,,,,0,,SAFE,SAFE,,0.354728,,,1,1.000000,SAFE,0,current,50000,129.0720,0.82584554,-0.36966386,1.11343360,-0.08775391,1.57084405,0.82583082,-0.02015888,0.02472949,0.03627999,0.01104985,0.00000000,-0.02040966
61,7.978222,1786367582.528720,2690,50000,0,0,0,,,,,,,,,,,no_stable_track,RUNNING,1,66,3,0,2.711422,0.352632,0.000100,0.000191,3.753425,91,0.036390,,,,,0,,SAFE,SAFE,,0.352334,,,1,1.000000,SAFE,0,current,50000,130.2302,0.82317150,-0.36643967,1.11813235,-0.08628302,1.57084405,0.82315683,-0.02078829,0.02506522,0.03652859,0.01143482,0.00000000,-0.02078782
62,8.110279,1786367582.658965,2636,50000,1,0,0,,,,,,,,,,,no_stable_track,RUNNING,1,69,3,0,2.837775,0.350124,0.000004,0.000059,3.878784,94,0.035910,,,,,0,,SAFE,SAFE,,0.349233,,,1,1.000000,SAFE,0,current,50000,128.6504,0.82044983,-0.36322647,1.12277234,-0.08472411,1.57084775,0.82044613,-0.02060970,0.02433178,0.03513605,0.01180481,0.00002798,-0.02052665
63,8.245620,1786367582.787644,2722,50000,0,0,0,,,,,,,,,,,no_stable_track,RUNNING,1,72,3,0,2.963503,0.347644,0.000198,0.000356,4.004159,97,0.035231,,,,,0,,SAFE,SAFE,,0.347345,,,1,1.000000,SAFE,0,current,50000,136.0095,0.81767678,-0.35993257,1.12762892,-0.08317254,1.57084775,0.81765479,-0.02048940,0.02433787,0.03588419,0.01146418,0.00000000,-0.02062460
64,8.381493,1786367582.923672,2741,50000,0,0,0,,,,,,,,,,,no_stable_track,RUNNING,1,76,4,0,3.129827,0.344325,0.000301,0.000697,4.169844,101,0.035928,,,,,0,,SAFE,SAFE,,0.343730,,,1,1.000000,SAFE,0,current,50000,139.5704,0.81483042,-0.35665336,1.13246334,-0.08173834,1.57084775,0.81482679,-0.02094864,0.02413432,0.03558031,0.01055542,0.00000000,-0.02081353
65,8.519070,1786367583.063279,2670,50000,0,0,0,,,,,,,,,,,no_stable_track,RUNNING,1,79,3,0,3.255124,0.341841,0.000093,0.000348,4.294076,104,0.034828,,,,,0,,SAFE,SAFE,,0.341148,,,1,1.000000,SAFE,0,current,50000,132.1584,0.81189603,-0.35329345,1.13735652,-0.08022344,1.57084405,0.81187034,-0.02132917,0.02442212,0.03556696,0.01101129,-0.00002686,-0.02148947
66,8.648811,1786367583.195462,2766,50000,0,0,0,,,,,,,,,,,no_stable_track,RUNNING,1,82,3,0,3.379337,0.339335,0.000001,0.000055,4.417533,107,0.034490,,,,,0,,SAFE,SAFE,,0.338526,,,1,1.000000,SAFE,0,current,50000,130.5387,0.80913401,-0.35019031,1.14176548,-0.07877457,1.57084405,0.80914497,-0.02128862,0.02391782,0.03398259,0.01116735,0.00000000,-0.02100608
67,8.775967,1786367583.326018,2714,50000,0,0,0,,,,,,,,,,,no_stable_track,RUNNING,1,85,3,0,3.504588,0.336845,0.000095,0.000055,4.542054,110,0.034080,,,,,0,,SAFE,SAFE,,0.336049,,,1,1.000000,SAFE,0,current,50000,130.1204,0.80648935,-0.34724122,1.14608276,-0.07743207,1.57084405,0.80648565,-0.02079868,0.02319284,0.03395289,0.01055795,0.00000000,-0.02091399
68,8.916552,1786367583.456167,2699,50000,0,0,0,,,,,,,,,,,no_stable_track,RUNNING,1,89,4,0,3.669718,0.333527,0.000398,0.000627,4.707455,114,0.034241,,,,,0,,SAFE,SAFE,,0.333624,,,1,1.000000,SAFE,0,current,50000,136.6641,0.80337518,-0.34379691,1.15102720,-0.07596853,1.57084405,0.80340451,-0.02215142,0.02449982,0.03517042,0.01041039,0.00000000,-0.02191654
69,9.044603,1786367583.592860,2750,50000,0,0,0,,,,,,,,,,,no_stable_track,RUNNING,1,91,2,0,3.753425,0.331835,0.000406,0.000715,4.790237,116,0.032693,,,,,0,,SAFE,SAFE,,0.330537,,,1,1.000000,SAFE,0,current,50000,131.3555,0.80069381,-0.34089920,1.15523815,-0.07471773,1.57084775,0.80070114,-0.02093989,0.02262933,0.03288492,0.00976795,0.00002886,-0.02111165
70,9.177932,1786367583.724244,2741,50000,0,0,0,,,,,,,,,,,no_stable_track,RUNNING,1,95,4,0,3.920313,0.328531,0.000200,0.000543,4.956061,120,0.033361,,,,,0,,SAFE,SAFE,,0.328025,,,1,1.000000,SAFE,0,current,50000,132.3372,0.79778880,-0.33774835,1.15966177,-0.07336056,1.57084405,0.79779243,-0.02178822,0.02363206,0.03317810,0.01017905,-0.00002772,-0.02181593
71,9.305646,1786367583.856610,2686,50000,0,0,0,,,,,,,,,,,no_stable_track,RUNNING,1,98,3,0,4.045997,0.325928,0.000198,0.000488,5.080137,123,0.032943,,,,,0,,SAFE,SAFE,,0.325629,,,1,1.000000,SAFE,0,current,50000,129.2326,0.79506344,-0.33488363,1.16382861,-0.07209142,1.57084405,0.79507077,-0.02133965,0.02243080,0.03262645,0.00993739,0.00000000,-0.02131071
72,9.440623,1786367583.985872,2739,50000,0,0,0,,,,,,,,,,,no_stable_track,RUNNING,1,101,3,0,4.169844,0.323538,0.000001,0.000202,5.204579,126,0.032187,,,,,0,,SAFE,SAFE,,0.322528,,,1,1.000000,SAFE,0,current,50000,132.8464,0.79214001,-0.33179516,1.16818988,-0.07075626,1.57084405,0.79213637,-0.02165875,0.02288152,0.03231127,0.00989176,0.00000000,-0.02174000
73,9.572550,1786367584.118747,2754,50000,0,0,0,,,,,,,,,,,no_stable_track,RUNNING,1,104,3,0,4.294076,0.321023,0.000199,0.000293,5.327756,129,0.031534,,,,,0,,SAFE,SAFE,,0.320126,,,1,1.000000,SAFE,0,current,50000,130.0341,0.78915787,-0.32873967,1.17247784,-0.06949813,1.57084405,0.78914690,-0.02260442,0.02316036,0.03250244,0.00953658,0.00000000,-0.02265999
74,9.699474,1786367584.248810,2661,50000,0,0,0,,,,,,,,,,,no_stable_track,RUNNING,1,107,3,0,4.417533,0.318540,0.000204,0.000290,5.452588,132,0.031200,,,,,0,,SAFE,SAFE,,0.317636,,,1,1.000000,SAFE,0,current,50000,121.8090,0.78643256,-0.32594833,1.17654574,-0.06836838,1.57084405,0.78641057,-0.02147193,0.02199226,0.03204987,0.00890103,0.00000000,-0.02155881
75,9.820269,1786367584.370637,2689,50000,0,0,0,,,,,,,,,,,no_stable_track,RUNNING,1,110,3,0,4.542054,0.316023,0.000100,0.000150,5.576674,135,0.031061,,,,,0,,SAFE,SAFE,,0.315128,,,1,1.000000,SAFE,0,current,50000,127.5396,0.78376228,-0.32325599,1.18030167,-0.06726063,1.57084405,0.78376955,-0.02210598,0.02228855,0.03109345,0.00917047,0.00000000,-0.02186370
76,9.949296,1786367584.498195,2664,50000,0,0,0,,,,,,,,,,,no_stable_track,RUNNING,1,113,3,0,4.665729,0.313549,0.000201,0.000282,5.701079,138,0.030591,,,,,0,,SAFE,SAFE,,0.312743,,,1,1.000000,SAFE,0,current,50000,119.7169,0.78089750,-0.32039493,1.18429613,-0.06603551,1.57084405,0.78087550,-0.02220289,0.02217402,0.03095830,0.00949506,0.00000000,-0.02242971
77,10.075785,1786367584.617941,2729,50000,0,0,0,,,,,,,,,,,no_stable_track,RUNNING,1,116,3,0,4.790237,0.311137,0.000303,0.000271,5.825331,141,0.030320,,,,,0,,SAFE,SAFE,,0.310230,,,1,1.000000,SAFE,0,current,50000,129.6186,0.77808779,-0.31764022,1.18819523,-0.06488742,1.57084405,0.77809513,-0.02221301,0.02177830,0.03082556,0.00907659,0.00000000,-0.02198117
78,10.202330,1786367584.747578,2644,50000,0,0,0,,,,,,,,,,,no_stable_track,RUNNING,1,119,3,0,4.914654,0.308641,0.000409,0.000605,5.949581,144,0.029594,,,,,0,,SAFE,SAFE,,0.307738,,,1,1.000000,SAFE,0,current,50000,131.2001,0.77517533,-0.31481585,1.19226313,-0.06376867,1.57084405,0.77516437,-0.02301523,0.02231907,0.03214586,0.00884072,0.00000000,-0.02315983
79,10.330388,1786367584.878796,2658,50000,0,0,0,,,,,,,,,,,no_stable_track,RUNNING,1,122,3,0,5.038665,0.306134,0.000408,0.000561,6.074111,147,0.029407,,,,,0,,SAFE,SAFE,,0.305320,,,1,1.000000,SAFE,0,current,50000,128.3807,0.77235103,-0.31209785,1.19599354,-0.06270127,1.57084405,0.77236563,-0.02205493,0.02122480,0.02913072,0.00833530,0.00000000,-0.02185525
80,10.459994,1786367585.007194,2687,50000,1,0,0,0.509475,upperArm_Link,0,0.653491,-0.589930,0.354713,,,,,no_stable_track,RUNNING,1,126,4,0,5.204579,0.302836,0.000293,0.000473,6.239636,151,0.030016,0.000000,0.140290,1,0.041948,0,"age_ok,speed_history_ready,speed_ok,valid_streak_not_ready",SAFE,SAFE,,0.302238,0.509192,,0,1.000000,SAFE,1,current,50000,159.7319,0.76941288,-0.30932114,1.19990361,-0.06163387,1.57084405,0.76943493,-0.02266987,0.02142425,0.03016885,0.00823570,0.00000000,-0.02261238
81,10.619544,1786367585.166957,2617,50000,0,0,0,,,,,,,,,,,no_stable_track,RUNNING,1,129,3,0,5.327756,0.300337,0.000407,0.000594,6.363204,154,0.028735,,,,,0,,SAFE,SAFE,,0.299129,,,1,1.000000,SAFE,0,current,50000,130.2700,0.76576322,-0.30591720,1.20460606,-0.06025103,1.57084405,0.76578891,-0.02287468,0.02133460,0.02947323,0.00866717,0.00000000,-0.02285189
82,10.747175,1786367585.297244,2697,50000,0,0,0,,,,,,,,,,,no_stable_track,RUNNING,1,133,4,0,5.494019,0.297054,0.000289,0.000448,6.529454,158,0.029399,,,,,0,,SAFE,SAFE,,0.297343,,,1,1.000000,SAFE,0,current,50000,130.5441,0.76279944,-0.30318820,1.20839155,-0.05914329,1.57084405,0.76277006,-0.02322141,0.02138187,0.02965956,0.00867922,0.00000000,-0.02365292
83,10.880806,1786367585.427806,2547,50000,0,0,0,,,,,,,,,,,no_stable_track,RUNNING,1,136,3,0,5.617669,0.294534,0.000196,0.000319,6.653726,161,0.028794,,,,,0,,SAFE,SAFE,,0.293719,,,1,1.000000,SAFE,0,current,50000,131.3930,0.75979531,-0.30046654,1.21223927,-0.05809056,1.57084405,0.75980264,-0.02248080,0.02036702,0.02879359,0.00787785,0.00000000,-0.02220604
84,11.014011,1786367585.559232,2705,50000,1,0,0,0.483914,upperArm_Link,0,0.658288,-0.572218,0.364912,,,,,no_stable_track,RUNNING,1,139,3,0,5.742518,0.292045,0.000005,0.000059,6.777511,164,0.028339,0.000000,0.132767,1,0.030622,0,"age_ok,speed_history_ready,speed_ok,valid_streak_not_ready",SAFE,SAFE,,0.291235,0.482889,,0,1.000000,SAFE,1,current,50000,148.2704,0.75668484,-0.29767516,1.21600628,-0.05705985,1.57084775,0.75665545,-0.02335111,0.02095559,0.02827996,0.00773784,0.00002774,-0.02362675
85,11.157909,1786367585.707520,2610,50000,0,0,0,,,,,,,,,,,no_stable_track,RUNNING,1,142,3,0,5.866568,0.289541,0.000417,0.000532,6.901912,167,0.027455,,,,,0,,SAFE,SAFE,,0.288226,,,1,1.000000,SAFE,0,current,50000,127.4164,0.75330293,-0.29468203,1.22013283,-0.05597044,1.57084775,0.75332123,-0.02350200,0.02080030,0.02867676,0.00757064,0.00000000,-0.02317063
86,11.286582,1786367585.834954,2622,50000,1,0,0,0.492740,upperArm_Link,0,0.663719,-0.560372,0.373047,,,,,no_stable_track,RUNNING,1,146,4,0,6.032697,0.286238,0.000290,0.000429,7.066806,171,0.027972,0.037401,0.134556,2,0.021251,0,"age_ok,speed_history_ready,speed_ok,valid_streak_not_ready",SAFE,SAFE,,0.285641,0.489619,,0,1.000000,SAFE,1,current,50000,149.3288,0.75028414,-0.29202640,1.22385597,-0.05496540,1.57084775,0.75025851,-0.02346108,0.02063863,0.02893504,0.00781083,0.00000000,-0.02380248
87,11.434472,1786367585.984302,2671,50000,0,0,0,,,,,,,,,,,no_stable_track,RUNNING,1,149,3,0,6.156510,0.283736,0.000110,0.000169,7.191331,174,0.027210,,,,,0,,SAFE,SAFE,,0.283123,,,1,1.000000,SAFE,0,current,50000,127.7697,0.74686557,-0.28910664,1.22783566,-0.05382464,1.57084775,0.74687654,-0.02311555,0.01974277,0.02690970,0.00771354,0.00000000,-0.02286808
88,11.564879,1786367586.112100,2644,50000,1,1,0,0.489567,upperArm_Link,0,0.669142,-0.554964,0.372729,,,,,predicted_track_not_dynamic,RUNNING,1,152,3,0,6.280598,0.281242,0.000204,0.000282,7.315861,177,0.026773,0.022312,0.138191,3,0.024260,0,"speed_history_ready,speed_ok,valid_streak_not_ready",SAFE,SAFE,0.000000,0.280139,0.484206,,0,1.000000,SAFE,1,current,50000,151.0849,0.74381745,-0.28650233,1.23138273,-0.05284161,1.57084775,0.74380273,-0.02337389,0.01997057,0.02719998,0.00753819,0.00000000,-0.02357088
89,11.724608,1786367586.263204,2655,50000,1,1,0,0.476208,upperArm_Link,0,0.662686,-0.542282,0.384081,,,,,predicted_track_not_dynamic,RUNNING,1,156,4,0,6.446448,0.277927,0.000106,0.000169,7.481480,181,0.026556,0.020377,0.133467,4,0.023730,0,"speed_history_ready,speed_ok,valid_streak_not_ready",SAFE,SAFE,0.000000,0.276930,0.470992,,0,1.000000,SAFE,1,current,50000,155.7260,0.73999530,-0.28333685,1.23570371,-0.05170085,1.57084775,0.74002832,-0.02392899,0.01981787,0.02705198,0.00714185,0.00000000,-0.02363009
90,11.868884,1786367586.418947,2531,50000,1,1,0,0.492180,upperArm_Link,0,0.667230,-0.547390,0.386478,,,,,predicted_track_not_dynamic,RUNNING,1,160,4,0,6.612410,0.274653,0.000290,0.000422,7.648325,185,0.026689,0.020969,0.133215,5,0.021471,0,"speed_ok,valid_streak_not_ready",SAFE,SAFE,0.000000,0.274446,0.484467,,0,1.000000,SAFE,1,current,50000,144.0174,0.73657668,-0.28049046,1.23952568,-0.05071416,1.57084775,0.73655838,-0.02369504,0.01972879,0.02649068,0.00683894,0.00000000,-0.02405074
91,12.015184,1786367586.562984,2654,50000,1,1,0,0.474044,upperArm_Link,0,0.666571,-0.542264,0.371873,,,,,predicted_track_not_dynamic,RUNNING,1,163,3,0,6.736158,0.272125,0.000099,0.000172,7.772792,188,0.025878,0.023085,0.138994,6,0.021440,0,"speed_ok,valid_streak_not_ready",SAFE,SAFE,0.000000,0.271327,0.465239,,0,1.000000,SAFE,1,current,50000,139.6649,0.73307377,-0.27769539,1.24342489,-0.04972379,1.57084775,0.73308843,-0.02394335,0.01910510,0.02665225,0.00676945,0.00000000,-0.02371805
92,12.152208,1786367586.702669,2605,50000,1,1,0,0.473053,upperArm_Link,0,0.665594,-0.539903,0.374886,,,,,predicted_track_not_dynamic,RUNNING,1,166,3,0,6.860396,0.269742,0.000505,0.000532,7.896882,191,0.025229,0.021554,0.142448,7,0.021676,0,"speed_ok,valid_streak_not_ready",SAFE,SAFE,0.000000,0.268222,0.461997,,0,1.000000,SAFE,1,current,50000,146.7569,0.72971386,-0.27499205,1.24698281,-0.04874809,1.57084775,0.72971386,-0.02452067,0.01972898,0.02596573,0.00712062,0.00000000,-0.02462768
93,12.299796,1786367586.849453,2600,50000,1,1,0,0.489525,upperArm_Link,0,0.665108,-0.541738,0.383133,,,,,predicted_track_not_dynamic,RUNNING,1,170,4,0,7.025966,0.266336,0.000003,0.000059,8.062739,195,0.025540,0.024118,0.138273,8,0.016908,0,"speed_ok,valid_streak_not_ready",SAFE,SAFE,0.000000,0.265738,0.476147,,0,1.000000,SAFE,1,current,50000,160.1874,0.72619987,-0.27224469,1.25072789,-0.04774306,1.57084775,0.72615582,-0.02380940,0.01861499,0.02537515,0.00680974,0.00000000,-0.02410785
94,12.460568,1786367587.009667,2704,50000,1,1,0,0.490737,upperArm_Link,0,0.668736,-0.548278,0.385698,,,,,predicted_track_not_dynamic,RUNNING,1,174,4,0,7.191331,0.263033,0.000095,0.000169,8.228919,199,0.025827,0.001403,0.138375,9,0.021615,0,"speed_ok,valid_streak_not_ready",SAFE,SAFE,0.000000,0.262125,0.485608,,0,1.000000,SAFE,1,current,50000,147.1098,0.72229707,-0.26921859,1.25487649,-0.04668666,1.57084775,0.72230810,-0.02427530,0.01882227,0.02580423,0.00657076,0.00000000,-0.02393274
95,12.611449,1786367587.156795,2722,50000,1,1,0,0.484226,upperArm_Link,0,0.667330,-0.539540,0.393193,,,,,predicted_track_not_dynamic,RUNNING,1,178,4,0,7.357262,0.259748,0.000292,0.000433,8.396412,203,0.026344,0.012738,0.133512,10,0.023442,0,"speed_ok,valid_streak_not_ready",SAFE,SAFE,0.000000,0.259036,0.472830,,0,1.000000,SAFE,1,current,50000,154.7794,0.71852267,-0.26633185,1.25872779,-0.04571097,1.57084775,0.71850801,-0.02501587,0.01913265,0.02552548,0.00646668,0.00000000,-0.02518614
96,12.762687,1786367587.311593,2696,50000,1,1,0,0.484680,upperArm_Link,0,0.666101,-0.539201,0.385478,,,,,predicted_track_not_dynamic,RUNNING,1,181,3,0,7.481480,0.257233,0.000206,0.000308,8.520985,206,0.025845,0.017474,0.138335,11,0.018173,0,"speed_ok,valid_streak_not_ready",SAFE,SAFE,0.000000,0.256527,0.469107,,0,1.000000,SAFE,1,current,50000,148.2268,0.71481061,-0.26356617,1.26242518,-0.04479029,1.57084775,0.71481794,-0.02454447,0.01828697,0.02444752,0.00608759,0.00000000,-0.02439904
97,12.917762,1786367587.459841,2617,50000,1,1,0,0.486187,upperArm_Link,0,0.666755,-0.534836,0.391832,,,,,predicted_track_not_dynamic,RUNNING,1,185,4,0,7.648325,0.253939,0.000002,0.000073,8.686657,210,0.026241,0.021746,0.129105,12,0.014785,0,"speed_ok,valid_streak_not_ready",SAFE,SAFE,0.000000,0.253530,0.472112,,0,1.000000,SAFE,1,current,50000,149.8945,0.71099222,-0.26072711,1.26614094,-0.04384761,1.57084775,0.71098483,-0.02462283,0.01830761,0.02396096,0.00607888,0.00000000,-0.02471777
98,13.060650,1786367587.609753,2583,50000,1,1,0,0.465541,upperArm_Link,0,0.666653,-0.540094,0.373772,,,,,predicted_track_not_dynamic,RUNNING,1,188,3,0,7.772792,0.251430,0.000306,0.000433,8.811290,213,0.025981,0.038544,0.148932,13,0.027831,0,"speed_ok,valid_streak_not_ready",SAFE,SAFE,0.013491,0.250332,0.449171,,0,1.000000,SAFE,1,current,50000,149.2750,0.70749658,-0.25820351,1.26958883,-0.04301130,1.57084775,0.70752591,-0.02446411,0.01766136,0.02412998,0.00585289,0.00000000,-0.02420715
99,13.213443,1786367587.759050,2689,50000,1,1,0,0.464900,upperArm_Link,0,0.665357,-0.527973,0.392623,,,,,predicted_track_not_dynamic,RUNNING,1,192,4,0,7.938265,0.248132,0.000104,0.000198,8.977591,217,0.026377,0.013339,0.135379,14,0.031636,0,"speed_ok,valid_streak_not_ready",SAFE,SAFE,0.000000,0.247227,0.450135,,0,1.000000,SAFE,1,current,50000,150.8349,0.70362312,-0.25543046,1.27324581,-0.04206128,1.57084775,0.70364153,-0.02535115,0.01814909,0.02393430,0.00621771,0.00000000,-0.02542253
100,13.368454,1786367587.909903,2706,50000,1,1,0,0.468735,upperArm_Link,0,0.667602,-0.531378,0.379295,,,,,predicted_track_not_dynamic,RUNNING,1,196,4,0,8.104729,0.244851,0.000094,0.000191,9.143072,221,0.026777,0.037345,0.141866,15,0.027400,0,"speed_ok,valid_streak_not_ready",SAFE,SAFE,0.000000,0.244243,0.454871,,0,1.000000,SAFE,1,current,50000,146.5352,0.69974238,-0.25270879,1.27679288,-0.04115527,1.57084775,0.69970936,-0.02503516,0.01755783,0.02288263,0.00584474,0.00000000,-0.02536700
101,13.509375,1786367588.056458,2620,50000,1,1,0,0.472561,upperArm_Link,0,0.665726,-0.530801,0.388513,,,,,predicted_track_not_dynamic,RUNNING,1,199,3,0,8.228919,0.242320,0.000205,0.000305,9.267727,224,0.026494,0.035732,0.138392,16,0.030699,0,"speed_ok,valid_streak_not_ready",SAFE,SAFE,0.000000,0.241137,0.456566,,0,1.000000,SAFE,1,current,50000,144.2056,0.69617343,-0.25024754,1.28013074,-0.04037032,1.57085133,0.69618803,-0.02532595,0.01746554,0.02368611,0.00557020,0.00002538,-0.02498800
102,13.649387,1786367588.200681,2676,50000,1,1,0,0.457885,upperArm_Link,0,0.666905,-0.524024,0.380493,,,,,predicted_track_not_dynamic,RUNNING,1,203,4,0,8.396412,0.238945,0.000396,0.000517,9.433248,228,0.027305,0.020583,0.144967,17,0.025941,0,"speed_ok,valid_streak_not_ready",SAFE,SAFE,0.000000,0.238737,0.441079,,0,1.000000,SAFE,1,current,50000,150.5109,0.69264472,-0.24785966,1.28325224,-0.03959636,1.57085133,0.69262642,-0.02520295,0.01705484,0.02229449,0.00552781,0.00000000,-0.02543794
103,13.805315,1786367588.351213,2678,50000,1,1,0,0.457732,upperArm_Link,0,0.661383,-0.521396,0.390831,,,,,predicted_track_not_dynamic,RUNNING,1,206,3,0,8.520985,0.236435,0.000205,0.000315,9.558026,231,0.026619,0.018693,0.138412,18,0.028623,0,"speed_ok,valid_streak_not_ready",SAFE,SAFE,0.000000,0.235636,0.442479,,0,1.000000,SAFE,1,current,50000,149.0004,0.68868691,-0.24518934,1.28676999,-0.03877106,1.57085133,0.68865758,-0.02538225,0.01712530,0.02256004,0.00529285,0.00000000,-0.02545296
104,13.952158,1786367588.500232,2635,50000,1,1,0,0.460556,upperArm_Link,0,0.665698,-0.521324,0.392398,,,,,predicted_track_not_dynamic,RUNNING,1,210,4,0,8.686657,0.233131,0.000095,0.000183,9.723283,235,0.027162,0.036401,0.138081,19,0.018205,0,"speed_ok,valid_streak_not_ready",SAFE,SAFE,0.000000,0.232426,0.457960,,0,1.000000,SAFE,1,current,50000,158.4959,0.68483555,-0.24265841,1.29009676,-0.03798610,1.57085133,0.68483919,-0.02622764,0.01723560,0.02265526,0.00534553,0.00000000,-0.02600317
105,14.111066,1786367588.658759,2619,50000,1,1,0,0.446087,upperArm_Link,0,0.664316,-0.507101,0.395133,,,,,predicted_track_not_dynamic,RUNNING,1,214,4,0,8.852864,0.229840,0.000295,0.000378,9.889767,239,0.027584,0.042836,0.137311,20,0.028336,0,"speed_ok,valid_streak_not_ready",SAFE,SAFE,0.010934,0.229334,0.430429,,0,1.000000,SAFE,1,current,50000,148.2204,0.68085569,-0.24007609,1.29348969,-0.03719014,1.57085133,0.68084836,-0.02504511,0.01625038,0.02135160,0.00500895,0.00000000,-0.02511412
106,14.261184,1786367588.806998,2626,50000,1,1,0,0.441453,upperArm_Link,0,0.663987,-0.509994,0.384660,,,,,predicted_track_not_dynamic,RUNNING,1,217,3,0,8.977591,0.227328,0.000303,0.000327,10.014342,242,0.027033,0.019899,0.149197,21,0.031718,0,"speed_ok,valid_streak_not_ready",SAFE,SAFE,0.000000,0.226226,0.422745,,0,1.000000,SAFE,1,current,50000,139.4643,0.67694557,-0.23760386,1.29664421,-0.03643452,1.57085502,0.67696756,-0.02604702,0.01646863,0.02101359,0.00503348,0.00002462,-0.02585167
107,14.397825,1786367588.946481,2666,50000,1,1,0,0.439942,upperArm_Link,0,0.660877,-0.506019,0.394523,,,,,predicted_track_not_dynamic,RUNNING,1,221,4,0,9.143072,0.224033,0.000303,0.000407,10.180263,246,0.027980,0.029783,0.146881,22,0.035707,0,"speed_ok,valid_streak_not_ready",SAFE,SAFE,0.000000,0.223828,0.421834,,0,1.000000,SAFE,1,current,50000,161.0003,0.67332155,-0.23534068,1.29969239,-0.03574127,1.57085502,0.67332888,-0.02652226,0.01656295,0.02230800,0.00507358,0.00000000,-0.02662957
108,14.559561,1786367589.107511,2611,50000,1,1,0,0.433206,upperArm_Link,0,0.660648,-0.491449,0.401470,,,,,predicted_track_not_dynamic,RUNNING,1,225,4,0,9.308881,0.220747,0.000395,0.000550,10.346697,250,0.028266,0.045169,0.141769,23,0.029724,0,"speed_ok,valid_streak_not_ready",SAFE,SAFE,0.013320,0.220135,0.424372,,0,1.000000,SAFE,1,current,50000,145.3941,0.66913265,-0.23277673,1.30295694,-0.03494164,1.57085502,0.66912168,-0.02589953,0.01585268,0.02018437,0.00494403,0.00000000,-0.02601267
109,14.705732,1786367589.252923,2732,50000,1,1,0,0.430096,upperArm_Link,0,0.663596,-0.494498,0.407380,,,,,predicted_track_not_dynamic,RUNNING,1,228,3,0,9.433248,0.218226,0.000004,0.000092,10.471344,253,0.027837,0.024127,0.140183,24,0.026746,0,"speed_ok,valid_streak_not_ready",SAFE,SAFE,0.019376,0.217723,0.429147,,0,1.000000,SAFE,1,current,50000,144.9657,0.66529226,-0.23047321,1.30600870,-0.03425205,1.57085502,0.66530693,-0.02627320,0.01575909,0.02087796,0.00471767,0.00000000,-0.02609786
110,14.849776,1786367589.397908,2636,50000,1,1,0,0.430646,upperArm_Link,0,0.663867,-0.490148,0.387205,,,,,predicted_track_not_dynamic,RUNNING,1,232,4,0,9.599299,0.214949,0.000400,0.000488,10.637145,257,0.028530,0.045626,0.145976,25,0.027044,0,"speed_ok,valid_streak_not_ready",SAFE,SAFE,0.022644,0.214536,0.411304,,0,1.000000,SAFE,1,current,50000,148.6823,0.66148853,-0.22822838,1.30889904,-0.03357346,1.57085502,0.66145188,-0.02640687,0.01558442,0.02006585,0.00471100,0.00000000,-0.02676315
111,14.997486,1786367589.546608,2577,50000,1,1,0,0.432502,upperArm_Link,0,0.660910,-0.491200,0.396229,,,,,predicted_track_not_dynamic,RUNNING,1,235,3,0,9.723283,0.212442,0.000106,0.000191,10.761408,260,0.027965,0.018791,0.146924,26,0.039378,0,"speed_ok,valid_streak_not_ready",SAFE,SAFE,0.011491,0.211448,0.418899,,0,1.000000,SAFE,1,current,50000,142.3143,0.65750140,-0.22587350,1.31191790,-0.03290588,1.57085502,0.65748668,-0.02699294,0.01594253,0.02043769,0.00451952,0.00000000,-0.02684445
112,15.138652,1786367589.688942,2592,50000,1,1,0,0.430975,upperArm_Link,0,0.661878,-0.487015,0.406901,,,,,predicted_track_not_dynamic,RUNNING,1,239,4,0,9.889767,0.209139,0.000394,0.000492,10.927976,264,0.028783,0.025774,0.139917,27,0.028887,0,"speed_ok,valid_streak_not_ready",SAFE,SAFE,0.018026,0.209035,0.420196,,0,1.000000,SAFE,1,current,50000,144.7510,0.65375996,-0.22373870,1.31465793,-0.03229699,1.57085502,0.65377098,-0.02650379,0.01512259,0.01940991,0.00431332,0.00000000,-0.02632139
113,15.285062,1786367589.833712,2646,50000,1,1,0,0.428976,upperArm_Link,0,0.659594,-0.479452,0.402241,,,,,predicted_track_not_dynamic,RUNNING,1,242,3,0,10.014342,0.206642,0.000003,0.000092,11.053669,267,0.028376,0.029479,0.145232,28,0.032273,0,"speed_ok,valid_streak_not_ready",SAFE,SAFE,0.020970,0.205838,0.413117,,0,1.000000,SAFE,1,current,50000,148.3236,0.64989018,-0.22154157,1.31750071,-0.03168076,1.57085860,0.64987558,-0.02643103,0.01500668,0.01941657,0.00420890,0.00002443,-0.02660608
114,15.439368,1786367589.982055,2738,50000,1,1,0,0.417057,upperArm_Link,0,0.657499,-0.476713,0.401832,,,,,predicted_track_not_dynamic,RUNNING,1,246,4,0,10.180263,0.203327,0.000195,0.000389,11.218963,271,0.028757,0.011191,0.142246,29,0.036057,0,"speed_ok,valid_streak_not_ready",SAFE,SAFE,0.000000,0.202731,0.412998,,0,1.000000,SAFE,1,current,50000,149.1071,0.64569032,-0.21923071,1.32046807,-0.03103885,1.57085860,0.64571965,-0.02721783,0.01497585,0.01923040,0.00415997,0.00000000,-0.02693314
115,15.587396,1786367590.131191,2647,50000,1,1,0,0.411992,upperArm_Link,0,0.662120,-0.478382,0.397288,,,,,predicted_track_not_dynamic,RUNNING,1,249,3,0,10.305126,0.200842,0.000310,0.000337,11.343349,274,0.028211,0.043568,0.148180,30,0.024940,0,"speed_ok,valid_streak_not_ready",SAFE,SAFE,0.000000,0.199723,0.411287,,0,1.000000,SAFE,1,current,50000,160.1095,0.64164078,-0.21705189,1.32329988,-0.03042629,1.57085860,0.64167380,-0.02735652,0.01471892,0.01913023,0.00413812,0.00000000,-0.02733155
116,15.745467,1786367590.291331,2641,50000,1,1,0,0.412524,upperArm_Link,0,0.660639,-0.467906,0.403771,,,,,predicted_track_not_dynamic,RUNNING,1,253,4,0,10.471344,0.197441,0.000003,0.000099,11.509422,278,0.028644,0.030087,0.140199,31,0.028152,0,"speed_ok,valid_streak_not_ready",SAFE,SAFE,0.000000,0.196633,0.411804,,0,1.000000,SAFE,1,current,50000,143.6782,0.63744092,-0.21479972,1.32618654,-0.02978806,1.57085860,0.63741153,-0.02656950,0.01424790,0.01826177,0.00403767,0.00000000,-0.02696430
117,15.888103,1786367590.435028,2593,50000,1,1,0,0.406307,upperArm_Link,0,0.658892,-0.458111,0.399234,,,,,predicted_track_not_dynamic,RUNNING,1,257,4,0,10.637145,0.194131,0.000396,0.000503,11.674819,282,0.029304,0.016794,0.146047,32,0.037887,0,"speed_ok,valid_streak_not_ready",SAFE,SAFE,0.000000,0.193636,0.405564,,0,1.000000,SAFE,1,current,50000,152.6577,0.63345009,-0.21274196,1.32879090,-0.02920117,1.57085860,0.63345379,-0.02797913,0.01442667,0.01825883,0.00411457,0.00000000,-0.02774721
118,16.047382,1786367590.587706,2574,50000,1,1,0,0.411361,upperArm_Link,0,0.663842,-0.459254,0.400148,,,,,predicted_track_not_dynamic,RUNNING,1,260,3,0,10.761408,0.191637,0.000304,0.000470,11.798790,285,0.028508,0.044344,0.141312,33,0.027777,0,"speed_ok,valid_streak_not_ready",SAFE,SAFE,0.011931,0.190534,0.410602,,0,1.000000,SAFE,1,current,50000,146.8336,0.62906682,-0.21049346,1.33168495,-0.02856660,1.57086241,0.62908149,-0.02751939,0.01411670,0.01816963,0.00398401,0.00002395,-0.02745053
119,16.184114,1786367590.734557,2722,50000,1,1,0,0.403223,upperArm_Link,0,0.661786,-0.459500,0.404981,,,,,predicted_track_not_dynamic,RUNNING,1,264,4,0,10.927976,0.188342,0.000300,0.000404,11.964319,289,0.029451,0.048825,0.144885,34,0.024931,0,"speed_ok,valid_streak_not_ready",SAFE,SAFE,0.021127,0.188143,0.402525,,0,1.000000,SAFE,1,current,50000,151.5289,0.62536210,-0.20859708,1.33398843,-0.02805675,1.57086241,0.62532175,-0.02709489,0.01386938,0.01684674,0.00372886,0.00000000,-0.02749725
120,16.335565,1786367590.886107,2525,50000,1,1,0,0.403118,upperArm_Link,0,0.663561,-0.462819,0.405267,,,,,predicted_track_not_dynamic,RUNNING,1,267,3,0,11.053669,0.185830,0.000206,0.000348,12.089089,292,0.028838,0.052629,0.140254,35,0.019307,0,"speed_ok,valid_streak_not_ready",SAFE,SAFE,0.029744,0.185024,0.402523,,0,1.000000,SAFE,1,current,50000,155.3457,0.62118417,-0.20655033,1.33666968,-0.02751388,1.57086241,0.62120259,-0.02758591,0.01351422,0.01770372,0.00358445,0.00000000,-0.02719786
121,16.494490,1786367591.041473,2504,50000,1,1,0,0.409646,upperArm_Link,0,0.661458,-0.445447,0.402754,,,,,predicted_track_not_dynamic,RUNNING,1,271,4,0,11.218963,0.182543,0.000109,0.000209,12.255348,296,0.029267,0.023733,0.145046,36,0.037304,0,"speed_ok,valid_streak_not_ready",SAFE,SAFE,0.000000,0.181325,0.402892,,0,1.000000,SAFE,1,current,50000,158.7942,0.61673492,-0.20440820,1.33929610,-0.02695267,1.57086241,0.61675322,-0.02799596,0.01347891,0.01652619,0.00353129,0.00000000,-0.02799671
122,16.652445,1786367591.200286,2657,50000,1,1,0,0.402298,upperArm_Link,0,0.660656,-0.433739,0.404811,,,,,predicted_track_not_dynamic,RUNNING,1,275,4,0,11.384834,0.179244,0.000003,0.000114,12.422890,300,0.029572,0.033765,0.142046,37,0.031926,0,"speed_ok,valid_streak_not_ready",SAFE,SAFE,0.012136,0.178339,0.401599,,0,1.000000,SAFE,1,current,50000,150.3515,0.61227822,-0.20229907,1.34207273,-0.02640614,1.57086241,0.61227089,-0.02821489,0.01335265,0.01757850,0.00346005,0.00000000,-0.02837715
123,16.804616,1786367591.350654,2563,50000,1,1,0,0.404567,upperArm_Link,0,0.660237,-0.427356,0.399623,,,,,predicted_track_not_dynamic,RUNNING,1,279,4,0,11.551432,0.175838,0.000390,0.000514,12.589558,304,0.030122,0.034290,0.145986,38,0.035662,0,"speed_ok,valid_streak_not_ready",SAFE,SAFE,0.020298,0.175831,0.397115,,0,1.000000,SAFE,1,current,50000,145.6832,0.60804170,-0.20032935,1.34445691,-0.02591095,1.57086241,0.60806000,-0.02784059,0.01294419,0.01566785,0.00325415,0.00000000,-0.02767216
124,16.947739,1786367591.496356,2617,50000,1,1,0,0.381114,upperArm_Link,0,0.658496,-0.424380,0.391095,,,,,predicted_track_not_dynamic,RUNNING,1,282,3,0,11.674819,0.173429,0.000109,0.000209,12.715063,307,0.029678,0.054477,0.152112,39,0.033312,0,"speed_ok,valid_streak_not_ready",SAFE,SAFE,0.032056,0.172821,0.376157,,0,1.000000,SAFE,1,current,50000,152.3600,0.60394448,-0.19846599,1.34685588,-0.02543777,1.57086599,0.60396284,-0.02862723,0.01301927,0.01676155,0.00330607,0.00002499,-0.02862681
125,17.098386,1786367591.648736,2569,50000,1,1,0,0.386491,upperArm_Link,0,0.660648,-0.418008,0.395715,,,,,predicted_track_not_dynamic,RUNNING,1,286,4,0,11.839936,0.170144,0.000199,0.000286,12.840052,310,0.029227,0.066101,0.146455,40,0.028633,0,"speed_ok,valid_streak_not_ready",SAFE,SAFE,0.034156,0.169735,0.385979,,0,1.000000,SAFE,1,current,50000,153.7349,0.59971523,-0.19660264,1.34917402,-0.02496460,1.57086599,0.59966755,-0.02807393,0.01236897,0.01538794,0.00314096,0.00000000,-0.02851232
126,17.263943,1786367591.802504,2629,50000,1,1,0,0.386864,upperArm_Link,0,0.661955,-0.417595,0.409574,,,,,predicted_track_not_dynamic,RUNNING,1,289,3,0,11.964319,0.167634,0.000598,0.000635,13.006350,314,0.029649,0.056980,0.139257,41,0.023908,0,"speed_ok,valid_streak_not_ready",SAFE,SAFE,0.039264,0.166636,0.386331,,0,1.000000,SAFE,1,current,50000,155.2498,0.59529525,-0.19466959,1.35160232,-0.02447675,1.57086599,0.59528065,-0.02669772,0.01167609,0.01466745,0.00294671,0.00000000,-0.02649790
127,17.415456,1786367591.957772,2621,50000,1,1,0,0.387433,upperArm_Link,0,0.659739,-0.401196,0.397131,,,,,predicted_track_not_dynamic,RUNNING,1,293,4,0,12.130666,0.164232,0.000204,0.000374,13.131142,317,0.028728,0.046327,0.142878,42,0.038033,0,"speed_ok,valid_streak_not_ready",SAFE,SAFE,0.038251,0.163533,0.376856,,0,1.000000,SAFE,1,current,50000,147.2710,0.59070289,-0.19271453,1.35401583,-0.02397790,1.57086599,0.59071392,-0.03030997,0.01290358,0.01592938,0.00329247,0.00000000,-0.03014081
128,17.560115,1786367592.105062,2681,50000,1,1,0,0.366458,upperArm_Link,0,0.659149,-0.397870,0.396399,,,,,predicted_track_not_dynamic,RUNNING,1,297,4,0,12.296665,0.160940,0.000203,0.000268,13.296879,321,0.029451,0.031923,0.144112,43,0.045688,0,"speed_ok,valid_streak_not_ready",SAFE,SAFE,0.038814,0.160534,0.339465,,0,1.000000,SAFE,1,current,50000,164.1242,0.58655804,-0.19098689,1.35618734,-0.02354140,1.57086968,0.58654338,-0.02865243,0.01194280,0.01501122,0.00301740,0.00002555,-0.02883002
129,17.722850,1786367592.269223,2625,50000,1,1,0,0.389552,upperArm_Link,0,0.661754,-0.403388,0.389597,,,,,predicted_track_not_dynamic,RUNNING,1,301,4,0,12.464377,0.157646,0.000193,0.000260,13.504842,326,0.030775,0.023523,0.147000,44,0.035843,0,"speed_ok,valid_streak_not_ready",SAFE,SAFE,0.000000,0.157442,0.363493,,0,1.000000,SAFE,1,current,50000,149.6491,0.58178955,-0.18903549,1.35855687,-0.02306089,1.57086968,0.58180064,-0.02930233,0.01199131,0.01456069,0.00295274,0.00000000,-0.02914410
130,17.872038,1786367592.418889,2613,50000,1,1,0,0.394055,wrist1_Link,0,0.659658,-0.401672,0.394088,,,,,predicted_track_not_dynamic,RUNNING,1,304,3,0,12.589558,0.155132,0.000305,0.000510,13.628505,329,0.030151,0.037475,0.146492,45,0.037207,0,"speed_ok,valid_streak_not_ready",SAFE,SAFE,0.000000,0.154233,0.381360,,0,1.000000,SAFE,1,current,50000,152.5763,0.57742465,-0.18730786,1.36079073,-0.02262806,1.57086968,0.57743931,-0.02925762,0.01158013,0.01497340,0.00290121,0.00000000,-0.02923365
131,18.022710,1786367592.571484,2642,50000,1,1,0,0.378872,wrist1_Link,0,0.659097,-0.384754,0.405240,,,,,predicted_track_not_dynamic,RUNNING,1,308,4,0,12.756729,0.151732,0.000098,0.000183,13.794712,333,0.030716,0.043254,0.144076,46,0.027313,0,"speed_ok,valid_streak_not_ready",SAFE,SAFE,0.017444,0.151023,0.376022,,0,1.000000,SAFE,1,current,50000,149.3636,0.57305968,-0.18561323,1.36288142,-0.02221725,1.57086968,0.57306331,-0.02897015,0.01124724,0.01387586,0.00272658,0.00000000,-0.02904333
132,18.177668,1786367592.720870,2525,50000,1,1,0,0.375385,wrist1_Link,0,0.656215,-0.381747,0.401689,,,,,predicted_track_not_dynamic,RUNNING,1,312,4,0,12.922823,0.148441,0.000302,0.000385,13.961305,337,0.031303,0.041244,0.139416,47,0.030307,0,"speed_ok,valid_streak_not_ready",SAFE,SAFE,0.023087,0.147933,0.373010,,0,1.000000,SAFE,1,current,50000,163.9155,0.56854433,-0.18388924,1.36493933,-0.02180643,1.57086968,0.56850034,-0.02913903,0.01112547,0.01328037,0.00265115,0.00000000,-0.02944636
133,18.337655,1786367592.884815,2575,50000,1,1,0,0.364485,wrist1_Link,0,0.662077,-0.373882,0.403767,,,,,predicted_track_not_dynamic,RUNNING,1,316,4,0,13.089750,0.145144,0.000392,0.000525,14.127297,341,0.031578,0.048634,0.140730,48,0.034920,0,"speed_ok,valid_streak_not_ready",SAFE,SAFE,0.026859,0.144743,0.362050,,0,1.000000,SAFE,1,current,50000,146.6066,0.56383830,-0.18215428,1.36718404,-0.02139561,1.57087326,0.56380892,-0.02941506,0.01084437,0.01403059,0.00256783,0.00002235,-0.02932379
134,18.485432,1786367593.031440,2565,50000,1,1,0,0.359602,wrist1_Link,0,0.662624,-0.376788,0.409902,,,,,predicted_track_not_dynamic,RUNNING,1,319,3,0,13.214053,0.142631,0.000003,0.000136,14.252273,344,0.031094,0.077294,0.138164,49,0.018645,0,"speed_ok,valid_streak_not_ready",SAFE,SAFE,0.035989,0.141633,0.357563,,0,1.000000,SAFE,1,current,50000,156.4516,0.55954665,-0.18059170,1.36899614,-0.02103614,1.57087326,0.55956870,-0.02904145,0.01057392,0.01226241,0.00243249,0.00000000,-0.02869337
135,18.638946,1786367593.187914,2652,50000,1,1,0,0.352821,wrist1_Link,0,0.658458,-0.363069,0.398332,,,,,predicted_track_not_dynamic,RUNNING,1,323,4,0,13.379619,0.139342,0.000198,0.000264,14.418491,348,0.031541,0.035445,0.143005,50,0.036319,0,"speed_ok,valid_streak_not_ready",SAFE,SAFE,0.033652,0.138623,0.351327,,0,1.000000,SAFE,1,current,50000,161.0302,0.55497265,-0.17899244,1.37101722,-0.02067301,1.57087326,0.55498731,-0.02979531,0.01041772,0.01316540,0.00236548,0.00000000,-0.02984346
136,18.801297,1786367593.348974,2572,50000,1,1,0,0.345725,wrist1_Link,0,0.660608,-0.357727,0.405989,,,,,predicted_track_not_dynamic,RUNNING,1,327,4,0,13.546316,0.135946,0.000292,0.000532,14.584353,352,0.031813,0.051185,0.138799,51,0.021577,0,"speed_ok,valid_streak_not_ready",SAFE,SAFE,0.037589,0.135537,0.342857,,0,1.000000,SAFE,1,current,50000,149.0790,0.55022252,-0.17733081,1.37312269,-0.02029887,1.57087708,0.55021888,-0.02925855,0.01023484,0.01296872,0.00230451,0.00002350,-0.02937126
137,18.949202,1786367593.498072,2558,50000,1,1,0,0.338291,left_link,0,0.658825,-0.356572,0.396992,,,,,predicted_track_not_dynamic,RUNNING,1,330,3,0,13.669901,0.133535,0.000202,0.000381,14.708471,355,0.031167,0.041504,0.144366,52,0.039633,0,"speed_ok,valid_streak_not_ready",SAFE,SAFE,0.034762,0.132336,0.339590,,0,1.000000,SAFE,1,current,50000,162.0011,0.54572552,-0.17584160,1.37485397,-0.01996141,1.57087708,0.54573286,-0.03040455,0.01006866,0.01170531,0.00228160,0.00000000,-0.03033040
138,19.114861,1786367593.660104,2528,50000,1,1,0,0.330219,left_link,0,0.655902,-0.349800,0.399457,,,,,predicted_track_not_dynamic,RUNNING,1,334,4,0,13.836419,0.130126,0.000105,0.000220,14.874958,359,0.031299,0.064675,0.145225,53,0.042545,0,"speed_ok,valid_streak_not_ready",SAFE,SAFE,0.034643,0.129227,0.337959,,0,1.000000,SAFE,1,current,50000,152.0321,0.54076272,-0.17422032,1.37684941,-0.01959827,1.57087708,0.54077739,-0.02995783,0.00978679,0.01204545,0.00219205,0.00000000,-0.02991358
139,19.262313,1786367593.812155,2518,50000,1,1,0,0.325745,left_link,0,0.655852,-0.340941,0.401450,,,,,predicted_track_not_dynamic,RUNNING,1,338,4,0,14.002812,0.126834,0.000199,0.000253,15.042602,363,0.032048,0.027272,0.140905,54,0.037402,0,"speed_ok,valid_streak_not_ready",SAFE,SAFE,0.000000,0.126224,0.331673,,0,1.000000,SAFE,1,current,50000,158.4518,0.53626937,-0.17278980,1.37867224,-0.01927549,1.57088077,0.53624737,-0.03047341,0.00970166,0.01236221,0.00218909,0.00002506,-0.03072201
140,19.425505,1786367593.970637,2466,50000,1,1,0,0.323996,left_link,0,0.658905,-0.350029,0.397129,,,,,predicted_track_not_dynamic,RUNNING,1,342,4,0,14.168838,0.123548,0.000298,0.000393,15.208665,367,0.032326,0.025497,0.142543,55,0.030886,0,"speed_ok,valid_streak_not_ready",SAFE,SAFE,0.000000,0.122940,0.325341,,0,1.000000,SAFE,1,current,50000,146.6971,0.53144592,-0.17131159,1.38044035,-0.01894536,1.57088077,0.53142756,-0.02955693,0.00905812,0.01083457,0.00202292,0.00000000,-0.02953465
141,19.569839,1786367594.117354,2419,50000,1,1,0,0.315135,left_link,0,0.657257,-0.348677,0.395799,,,,,predicted_track_not_dynamic,RUNNING,1,345,3,0,14.294517,0.121031,0.000103,0.000231,15.332493,370,0.031798,0.027953,0.143080,56,0.025545,0,"speed_ok,valid_streak_not_ready",SAFE,SAFE,0.000000,0.119941,0.321258,,0,1.000000,SAFE,1,current,50000,150.0086,0.52702594,-0.16995442,1.38205421,-0.01865559,1.57088077,0.52702594,-0.03062320,0.00940294,0.01118136,0.00200765,0.00000000,-0.03049601
142,19.718337,1786367594.267380,2493,50000,1,1,0,0.313488,left_link,0,0.656587,-0.346661,0.407728,,,,,predicted_track_not_dynamic,RUNNING,1,349,4,0,14.460070,0.117727,0.000197,0.000396,15.497990,374,0.032385,0.041193,0.139262,57,0.024503,0,"speed_ok,valid_streak_not_ready",SAFE,SAFE,0.010448,0.117423,0.322743,,0,1.000000,SAFE,1,current,50000,142.3140,0.52244455,-0.16863759,1.38370860,-0.01836215,1.57088077,0.52247024,-0.03085163,0.00886769,0.01114083,0.00197608,0.00000000,-0.03067864
143,19.859646,1786367594.409713,2517,50000,1,1,0,0.304686,left_link,0,0.656229,-0.346024,0.402323,,,,,predicted_track_not_dynamic,RUNNING,1,352,3,0,14.584353,0.115246,0.000111,0.000224,15.622226,377,0.032029,0.012894,0.143402,58,0.028807,0,"speed_ok,valid_streak_not_ready",SAFE,SAFE,0.000000,0.114433,0.316561,,0,1.000000,SAFE,1,current,50000,154.2032,0.51818597,-0.16741614,1.38518679,-0.01809438,1.57088435,0.51821166,-0.03013659,0.00864381,0.01046073,0.00189490,0.00002531,-0.03013659
144,20.016181,1786367594.563951,2428,50000,1,1,0,0.299356,left_link,0,0.657412,-0.341496,0.396271,,,,,predicted_track_not_dynamic,RUNNING,1,356,4,0,14.749813,0.111949,0.000093,0.000213,15.788339,381,0.032455,0.021759,0.145104,59,0.030796,0,"speed_ok,valid_streak_not_ready",SAFE,SAFE,0.000000,0.111743,0.308880,4,1,1.000000,STATIC,1,current,50000,138.8891,0.51343220,-0.16612500,1.38676405,-0.01780461,1.57088435,0.51339918,-0.03036871,0.00824825,0.01007607,0.00185117,0.00000000,-0.03074378
145,20.163971,1786367594.702859,2401,50000,1,1,0,0.293893,left_link,0,0.656816,-0.337751,0.389394,,,,,predicted_track_not_dynamic,RUNNING,1,359,3,0,14.874958,0.109420,0.000403,0.000697,15.913337,384,0.031780,0.044347,0.151759,60,0.031370,0,"speed_ok,valid_streak_not_ready",SAFE,SAFE,0.016939,0.108035,0.304309,4,1,1.000000,FOLLOWING,1,current,50000,163.7283,0.50878853,-0.16484119,1.38831186,-0.01753684,1.57088435,0.50878853,-0.03142082,0.00868672,0.01047307,0.00181179,0.00000000,-0.03119739
146,20.318394,1786367594.866605,2381,50000,1,1,0,0.291920,left_link,0,0.652828,-0.340597,0.391180,,,,,predicted_track_not_dynamic,RUNNING,1,363,4,0,15.042602,0.106036,0.000102,0.000220,16.079336,388,0.032220,0.044103,0.146101,61,0.041433,0,"speed_ok,valid_streak_not_ready",SAFE,SAFE,0.017409,0.105636,0.299017,4,1,1.000000,FOLLOWING,1,current,50000,142.6778,0.50400907,-0.16361973,1.38972771,-0.01726907,1.57088804,0.50400537,-0.03095030,0.00790982,0.00916860,0.00173398,0.00002393,-0.03097423
147,20.458946,1786367595.009302,2360,50000,1,1,0,0.278180,left_link,0,0.658613,-0.330262,0.402809,,,,,predicted_track_not_dynamic,RUNNING,1,367,4,0,15.208665,0.102738,0.000405,0.000576,16.245938,392,0.033295,0.042451,0.141334,62,0.015243,0,"speed_ok,valid_streak_not_ready",SAFE,SAFE,0.016591,0.102537,0.289531,4,1,1.000000,FOLLOWING,1,current,50000,138.5382,0.49969548,-0.16251197,1.39115095,-0.01703799,1.57088804,0.49965879,-0.03069035,0.00788144,0.01012608,0.00164413,0.00000000,-0.03092507
148,20.598398,1786367595.147862,2343,50000,1,1,0,0.272174,left_link,0,0.658979,-0.323629,0.404402,,,,,predicted_track_not_dynamic,RUNNING,1,370,3,0,15.332493,0.100244,0.000099,0.000209,16.369909,395,0.032741,0.032215,0.139542,63,0.028014,0,"speed_ok,valid_streak_not_ready",SAFE,SAFE,0.000000,0.099450,0.286424,4,1,1.000000,STATIC,1,current,50000,150.5626,0.49532682,-0.16147393,1.39240181,-0.01681424,1.57088804,0.49531585,-0.03132731,0.00744373,0.00896983,0.00160448,0.00000000,-0.03114288
149,20.752381,1786367595.298451,2353,50000,1,1,0,0.260855,left_link,0,0.656894,-0.314741,0.399651,,,,,predicted_track_not_dynamic,RUNNING,1,374,4,0,15.497990,0.096933,0.000298,0.000407,16.535807,399,0.033320,0.026927,0.141603,64,0.028389,0,"speed_ok,valid_streak_not_ready",SAFE,SAFE,0.014580,0.096440,0.270357,4,1,1.000000,FOLLOWING,1,current,50000,165.2463,0.49046668,-0.16033317,1.39381039,-0.01657582,1.57089162,0.49048874,-0.03156295,0.00740838,0.00914766,0.00154838,0.00002323,-0.03134850
150,20.918905,1786367595.463732,2483,50000,1,1,0,0.251955,left_link,0,0.661218,-0.307096,0.400440,,,,,predicted_track_not_dynamic,RUNNING,1,378,4,0,15.663612,0.093635,0.000300,0.000418,16.704310,403,0.033460,0.072569,0.143270,65,0.024547,0,"speed_ok,valid_streak_not_ready",SAFE,SAFE,0.019250,0.093336,0.259095,4,1,1.000000,APPROACHING,1,current,50000,152.1111,0.48530579,-0.15911539,1.39514911,-0.01633006,1.57089162,0.48532411,-0.03099178,0.00731292,0.00803917,0.00147580,0.00000000,-0.03101415
151,21.066970,1786367595.615857,2327,50000,1,1,0,0.241612,left_link,0,0.658256,-0.303483,0.395029,,,,,predicted_track_not_dynamic,RUNNING,1,381,3,0,15.788339,0.091143,0.000203,0.000389,16.828510,406,0.032777,0.068169,0.139264,66,0.024010,0,"speed_ok,valid_streak_not_ready",SAFE,SAFE,0.031774,0.090839,0.250831,4,1,1.000000,APPROACHING,1,current,50000,148.8816,0.48059970,-0.15808468,1.39648426,-0.01611732,1.57089162,0.48059970,-0.03178394,0.00696123,0.00901729,0.00143684,0.00000000,-0.03190772
152,21.219735,1786367595.764760,2332,50000,1,1,0,0.236295,left_link,0,0.657219,-0.303696,0.395741,,,,,predicted_track_not_dynamic,RUNNING,1,385,4,0,15.954821,0.087838,0.000101,0.000220,16.995463,410,0.033515,0.071363,0.146651,67,0.030383,0,"speed_ok,valid_streak_not_ready",SAFE,SAFE,0.037918,0.087541,0.245068,4,1,1.000000,APPROACHING,1,current,50000,153.6903,0.47586793,-0.15706497,1.39769840,-0.01591191,1.57089543,0.47581294,-0.03097421,0.00667497,0.00794781,0.00134462,0.00002497,-0.03133414
153,21.375512,1786367595.918469,2321,50000,1,1,0,0.240062,left_link,0,0.660999,-0.299928,0.403348,,,,,predicted_track_not_dynamic,RUNNING,1,389,4,0,16.120814,0.084440,0.000397,0.000576,17.160825,414,0.033926,0.046247,0.140443,68,0.030265,0,"speed_ok,valid_streak_not_ready",SAFE,SAFE,0.039970,0.084444,0.241388,4,1,1.000000,FOLLOWING,1,current,50000,157.4681,0.47095281,-0.15607826,1.39889777,-0.01571016,1.57089543,0.47094178,-0.03155243,0.00633415,0.00769928,0.00129507,0.00000000,-0.03127024
154,21.526098,1786367596.075956,2318,50000,1,1,0,0.228210,left_link,0,0.656082,-0.292658,0.397827,,,,,predicted_track_not_dynamic,RUNNING,1,392,3,0,16.245938,0.081937,0.000099,0.000235,17.285230,417,0.033214,0.040207,0.143429,69,0.032760,0,"speed_ok,valid_streak_not_ready",SAFE,SAFE,0.000000,0.081338,0.231531,4,1,1.000000,APPROACHING,1,current,50000,141.3948,0.46618435,-0.15514292,1.39997268,-0.01551943,1.57089543,0.46618435,-0.03166596,0.00621136,0.00713817,0.00126663,0.00000000,-0.03159273
155,21.675893,1786367596.217368,2316,50000,1,1,0,0.211518,left_link,0,0.655454,-0.278094,0.395608,,,,,predicted_track_not_dynamic,RUNNING,1,396,4,0,16.411635,0.078631,0.000208,0.000436,17.450849,421,0.033988,0.032275,0.144190,70,0.038544,0,"speed_ok,valid_streak_not_ready",SAFE,SAFE,0.014447,0.078331,0.216282,4,1,1.000000,APPROACHING,1,current,50000,154.0683,0.46157366,-0.15425159,1.40103626,-0.01534336,1.57089543,0.46156263,-0.03077998,0.00595032,0.00710027,0.00117537,0.00000000,-0.03085359
156,21.824859,1786367596.371456,2354,50000,1,1,0,0.205656,left_link,0,0.655854,-0.275590,0.396195,,,,,predicted_track_not_dynamic,RUNNING,1,399,3,0,16.535807,0.076143,0.000293,0.000543,17.575927,424,0.033115,0.044634,0.144280,71,0.027984,0,"speed_ok,valid_streak_not_ready",SAFE,SAFE,0.027146,0.075247,0.206017,4,1,0.993325,APPROACHING,1,current,50000,146.3849,0.45663282,-0.15336025,1.40212572,-0.01516363,1.57089543,0.45662546,-0.03316743,0.00598351,0.00731341,0.00120653,0.00000000,-0.03314282
157,21.970088,1786367596.517869,2298,50000,1,1,0,0.199746,left_link,0,0.657414,-0.269151,0.388753,,,,,predicted_track_not_dynamic,RUNNING,1,403,4,0,16.704310,0.072832,0.000101,0.000231,17.745419,428,0.034010,0.031352,0.145925,72,0.035597,0,"speed_ok,valid_streak_not_ready",SAFE,SAFE,0.000000,0.072141,0.196767,4,1,0.933243,APPROACHING,1,current,50000,164.9213,0.45196706,-0.15252027,1.40314543,-0.01500957,1.57089543,0.45195243,-0.03212713,0.00578386,0.00702148,0.00106080,0.00000000,-0.03217720
158,22.138063,1786367596.682819,2373,50000,1,1,0,0.183798,left_link,0,0.658465,-0.259373,0.403764,,,,,predicted_track_not_dynamic,RUNNING,1,407,4,0,16.869716,0.069526,0.000004,0.000176,17.870066,431,0.032477,0.066615,0.138695,73,0.027874,0,"speed_ok,valid_streak_not_ready",SAFE,SAFE,0.013710,0.069133,0.188387,4,1,0.868982,APPROACHING,1,current,50000,164.3696,0.44648704,-0.15162894,1.40423477,-0.01482984,1.57090271,0.44647971,-0.03262390,0.00530629,0.00648507,0.00107000,0.00004329,-0.03258043
159,22.297656,1786367596.847217,2387,50000,1,1,0,0.185054,left_link,0,0.658516,-0.256214,0.396182,,,,,predicted_track_not_dynamic,RUNNING,1,411,4,0,17.037028,0.066131,0.000202,0.000268,18.078148,436,0.034186,0.039296,0.142192,74,0.034238,0,"speed_ok,valid_streak_not_ready",SAFE,SAFE,0.018164,0.065442,0.182288,4,1,0.812600,APPROACHING,1,current,50000,155.9760,0.44132248,-0.15081465,1.40514076,-0.01467211,1.57090271,0.44131145,-0.03236094,0.00510230,0.00567690,0.00098830,0.00000000,-0.03238409
160,22.455712,1786367597.003215,2350,50000,1,1,0,0.172753,left_link,0,0.660306,-0.254932,0.385339,,,,,predicted_track_not_dynamic,RUNNING,1,415,4,0,17.202889,0.062829,0.000411,0.000605,18.203620,439,0.033331,0.014212,0.143293,75,0.031341,0,"speed_ok,valid_streak_not_ready",SAFE,SAFE,0.000000,0.062333,0.177762,4,1,0.675736,STATIC,1,current,50000,148.3737,0.43632293,-0.15004802,1.40607250,-0.01452539,1.57090628,0.43629727,-0.03163135,0.00485038,0.00589497,0.00092828,0.00002263,-0.03172393
161,22.614953,1786367597.151606,2405,50000,1,1,0,0.168916,left_link,0,0.660731,-0.244485,0.398213,,,,,predicted_track_not_dynamic,RUNNING,1,418,3,0,17.326742,0.060338,0.000295,0.000569,18.327700,442,0.032275,0.046380,0.139987,76,0.030565,0,"speed_ok,valid_streak_not_ready",SAFE,SAFE,0.012157,0.061732,0.167867,4,1,0.706140,APPROACHING,1,current,50000,155.8830,0.43113634,-0.14929608,1.40697122,-0.01437867,1.57090628,0.43112168,-0.03257076,0.00472205,0.00564378,0.00092138,0.00000000,-0.03250170
162,22.755818,1786367597.307508,2405,50000,1,1,0,0.156294,left_link,0,0.657606,-0.245246,0.402635,,,,,predicted_track_not_dynamic,RUNNING,1,422,4,0,17.492651,0.057039,0.000317,0.000458,18.493641,446,0.033350,0.020526,0.139560,77,0.021834,0,"speed_ok,valid_streak_not_ready",SAFE,SAFE,0.017629,0.061732,0.159598,,0,0.781822,SAFE,1,current,50000,151.4880,0.42675671,-0.14871652,1.40765345,-0.01426496,1.57090628,0.42674941,-0.03109099,0.00411423,0.00484318,0.00080721,0.00000000,-0.03103873
163,22.910175,1786367597.459015,2391,50000,1,1,0,0.146406,left_link,0,0.657875,-0.241417,0.403829,,,,,predicted_track_not_dynamic,RUNNING,1,424,2,0,17.575927,0.055334,0.000010,0.000220,18.576459,448,0.032873,0.041908,0.138356,78,0.030202,0,"speed_ok,valid_streak_not_ready",WARNING,SAFE,0.024490,0.061732,0.152542,,0,0.864521,SAFE,1,current,50000,165.5438,0.42344081,-0.14829104,1.40819263,-0.01417693,1.57091010,0.42346281,-0.02148203,0.00275652,0.00349310,0.00057032,0.00002471,-0.02129223
164,23.079465,1786367597.624660,2365,50000,1,1,0,0.145135,left_link,0,0.659194,-0.234860,0.403180,,,,,predicted_track_not_dynamic,RUNNING,1,425,1,0,17.617205,0.054526,0.000049,0.000216,18.617701,449,0.032840,0.047143,0.138506,79,0.020181,0,"speed_ok,valid_streak_not_ready",WARNING,SAFE,0.029067,0.061732,0.149338,,0,0.942983,SAFE,1,current,50000,157.0208,0.42205796,-0.14810765,1.40840542,-0.01413658,1.57091010,0.42208368,-0.00816858,0.00108328,0.00125695,0.00023834,0.00000000,-0.00814657
165,23.242647,1786367597.781697,2348,50000,1,1,0,0.140056,left_link,0,0.657646,-0.231184,0.397491,,,,,predicted_track_not_dynamic,RUNNING,1,425,0,0,17.617205,0.054526,0.000081,0.000260,18.617701,449,0.032759,0.027856,0.142015,80,0.034807,0,"speed_ok,valid_streak_not_ready",WARNING,SAFE,0.026735,0.061732,0.150874,,0,1.000000,SAFE,1,current,50000,153.3339,0.42200664,-0.14809662,1.40842378,-0.01413291,1.57091367,0.42200294,-0.00031449,0.00006757,0.00011250,0.00002248,0.00002192,-0.00049475
166,23.394298,1786367597.935050,2366,50000,1,1,0,0.144872,left_link,0,0.657649,-0.234960,0.401784,,,,,predicted_track_not_dynamic,RUNNING,1,425,0,0,17.617205,0.054526,0.000090,0.000271,18.617701,449,0.032748,0.023449,0.144094,81,0.026740,0,"speed_ok,valid_streak_not_ready",WARNING,SAFE,0.000000,0.054444,0.153009,4,1,0.687350,STATIC,1,current,50000,156.4328,0.42199561,-0.14808562,1.40842736,-0.01413291,1.57091367,0.42199194,-0.00007271,0.00007252,0.00002358,0.00000000,0.00000000,-0.00007252
167,23.542668,1786367598.091504,2283,50000,1,1,0,0.145041,left_link,0,0.657933,-0.230076,0.400654,,,,,predicted_track_not_dynamic,RUNNING,1,425,0,0,17.617205,0.054526,0.000328,0.000690,18.617701,449,0.032341,0.018882,0.138354,82,0.024912,0,"speed_ok,valid_streak_not_ready",WARNING,SAFE,0.000000,0.054444,0.145741,,0,0.763838,SAFE,1,current,50000,153.0781,0.42159581,-0.14806361,1.40843475,-0.01413291,1.57091367,0.42157382,-0.00269459,0.00014834,0.00004981,0.00000000,0.00000000,-0.00281812
168,23.699973,1786367598.244631,2250,50000,1,1,0,0.141990,gripper_base_link,0,0.659525,-0.226205,0.393542,,,,,predicted_track_not_dynamic,RUNNING,1,426,1,0,17.658833,0.053732,0.000384,0.000565,18.658876,450,0.033540,0.016178,0.144873,83,0.024914,0,"speed_ok,valid_streak_not_ready",WARNING,SAFE,0.000000,0.054444,0.140811,,0,0.842011,SAFE,1,current,50000,156.4379,0.42146742,-0.14803796,1.40848613,-0.01413291,1.57091367,0.42145276,-0.00081617,0.00016312,0.00032662,0.00000000,0.00000000,-0.00076957
169,23.858836,1786367598.401087,2372,50000,1,1,0,0.130592,left_link,0,0.655574,-0.225101,0.403318,,,,,predicted_track_not_dynamic,RUNNING,1,426,0,0,17.658833,0.053732,0.000378,0.000558,18.658876,450,0.033533,0.027903,0.137589,84,0.024926,0,"speed_ok,valid_streak_not_ready",WARNING,SAFE,0.000000,0.054090,0.137061,4,1,0.496131,STATIC,1,current,50000,173.0723,0.42146009,-0.14803061,1.40850079,-0.01413658,1.57091367,0.42145276,-0.00004615,0.00004624,0.00009230,-0.00002309,0.00000000,0.00000000
170,24.030861,1786367598.574189,2365,50000,1,1,0,0.127419,gripper_base_link,0,0.655228,-0.216257,0.395226,,,,,predicted_track_not_dynamic,RUNNING,1,426,0,0,17.658833,0.053732,0.000035,0.000272,18.658876,450,0.032968,0.033492,0.139936,85,0.024669,0,"speed_ok,valid_streak_not_ready",WARNING,SAFE,0.000000,0.053988,0.126867,4,1,0.242877,STATIC,1,current,50000,157.4559,0.42089519,-0.14797558,1.40855575,-0.01413291,1.57091010,0.42086220,-0.00328384,0.00031990,0.00031946,0.00002132,-0.00002079,-0.00343301
171,24.183620,1786367598.731667,2304,50000,1,1,0,0.118692,gripper_base_link,0,0.659184,-0.205445,0.402201,,,,,predicted_track_not_dynamic,RUNNING,1,427,1,0,17.703906,0.052840,0.000392,0.000723,18.740906,452,0.033680,0.044934,0.138011,86,0.017268,0,"speed_ok,valid_streak_not_ready",WARNING,SAFE,0.016822,0.053988,0.115912,,0,0.319997,SAFE,1,current,50000,154.3351,0.41874576,-0.14769316,1.40891159,-0.01410724,1.57091010,0.41872743,-0.01407072,0.00184880,0.00232941,0.00016809,0.00000000,-0.01397473
172,24.335719,1786367598.886023,2337,50000,1,1,0,0.099611,left_link,0,0.655089,-0.187572,0.399256,,,,,predicted_track_not_dynamic,RUNNING,1,429,2,0,17.786950,0.051120,0.000200,0.000414,18.824088,454,0.033849,0.075093,0.140754,87,0.030808,0,"speed_ok,valid_streak_not_ready",SLOW,SAFE,0.033507,0.053988,0.100674,,0,0.393935,SAFE,1,current,50000,147.9863,0.41624048,-0.14738871,1.40925276,-0.01402287,1.57091367,0.41625518,-0.01647135,0.00200163,0.00224313,0.00055466,0.00002351,-0.01625424
173,24.490200,1786367599.034031,2255,50000,1,1,0,0.098552,gripper_base_link,0,0.655295,-0.188154,0.399254,,,,,predicted_track_not_dynamic,RUNNING,1,430,1,0,17.828459,0.050322,0.000014,0.000209,18.865591,455,0.034318,0.080832,0.143567,88,0.029788,0,valid_streak_not_ready,SLOW,SAFE,0.045599,0.053988,0.092869,,0,0.473540,SAFE,1,current,50000,159.3411,0.41523913,-0.14726399,1.40939212,-0.01397519,1.57091367,0.41524643,-0.00648210,0.00080737,0.00090209,0.00030868,0.00000000,-0.00652994
174,24.654678,1786367599.193397,2326,50000,1,1,1,0.085163,left_link,0,0.657742,-0.177366,0.397511,-0.016612,left_link,0.000,2,predicted_non_scene_link,RUNNING,1,430,0,0,17.828459,0.050322,0.000032,0.000202,18.865591,455,0.034285,0.074062,0.146388,89,0.025042,1,,SLOW,STOP,0.045443,0.053988,0.092925,,0,0.552067,SAFE,1,current,50000,157.1790,0.41520977,-0.14726032,1.40939939,-0.01397152,1.57091367,0.41519511,-0.00017848,0.00002229,0.00004421,0.00002230,0.00000000,-0.00031202
175,24.802935,1786367599.350600,2304,50000,1,1,1,0.101076,gripper_base_link,0,0.657921,-0.182287,0.394395,0.008716,left_link,0.000,2,predicted_non_scene_link,RUNNING,1,430,0,0,17.828459,0.050322,0.000042,0.000198,18.865591,455,0.034267,0.035628,0.142151,90,0.027214,1,,WARNING,STOP,0.000000,0.050228,0.098443,4,1,0.217294,STATIC,1,current,50000,167.5182,0.41519144,-0.14726399,1.40940309,-0.01397519,1.57091367,0.41519144,-0.00012363,-0.00002473,0.00002493,-0.00002474,0.00000000,-0.00002473
176,24.973589,1786367599.518151,2422,50000,1,1,1,0.098993,left_link,0,0.657542,-0.180273,0.398380,0.010123,left_link,0.000,2,predicted_non_scene_link,RUNNING,1,431,1,0,17.870066,0.049532,0.000241,0.000323,18.907356,456,0.034773,0.011758,0.142575,91,0.026733,1,,SLOW,STOP,0.000000,0.050070,0.097675,4,1,0.000000,STATIC,1,current,50000,167.3756,0.41434780,-0.14720529,1.40946174,-0.01397519,1.57091367,0.41430745,-0.00494359,0.00034395,0.00034368,0.00000000,0.00000000,-0.00518005
177,25.134813,1786367599.685563,2342,50000,1,1,0,0.097293,gripper_base_link,0,0.660186,-0.184307,0.400010,,,,,predicted_track_not_dynamic,RUNNING,1,432,1,0,17.911613,0.048636,0.000153,0.000323,18.951488,457,0.034164,0.015441,0.140217,92,0.022980,0,"speed_ok,valid_streak_not_ready",SLOW,SAFE,0.000000,0.050070,0.094740,,0,0.076359,SAFE,1,current,50000,152.8099,0.41223866,-0.14694488,1.40978456,-0.01395685,1.57091367,0.41221300,-0.01308207,0.00161523,0.00200230,0.00011375,0.00000000,-0.01299094
178,25.294129,1786367599.838392,2372,50000,1,1,0,0.092729,gripper_base_link,0,0.657065,-0.175511,0.396304,,,,,predicted_track_not_dynamic,RUNNING,1,433,1,0,17.953894,0.047825,0.000155,0.000319,18.993324,458,0.034175,0.022240,0.145421,93,0.032238,0,"speed_ok,valid_streak_not_ready",SLOW,SAFE,0.000000,0.050070,0.091696,,0,0.152700,SAFE,1,current,50000,152.7697,0.41090351,-0.14678715,1.40995693,-0.01390916,1.57091367,0.41091451,-0.00838044,0.00099003,0.00108197,0.00029931,0.00000000,-0.00815035
179,25.451255,1786367599.991181,2374,50000,1,1,0,0.089973,left_link,0,0.655813,-0.182667,0.404166,,,,,predicted_track_not_dynamic,RUNNING,1,433,0,0,17.953894,0.047825,0.000194,0.000382,18.993324,458,0.034105,0.018302,0.143026,94,0.034288,0,"speed_ok,valid_streak_not_ready",SLOW,SAFE,0.000000,0.050070,0.092166,,0,0.231668,SAFE,1,current,50000,158.0382,0.41084114,-0.14677247,1.40997541,-0.01388715,1.57091367,0.41084483,-0.00039698,0.00009341,0.00011760,0.00014006,0.00000000,-0.00044345
180,25.605499,1786367600.149240,2287,50000,2,1,0,0.098883,gripper_base_link,0,0.658830,-0.181131,0.395277,,,,,predicted_track_not_dynamic,RUNNING,1,433,0,0,17.953894,0.047825,0.000193,0.000385,18.993324,458,0.034098,0.009612,0.145820,95,0.023357,0,"speed_ok,valid_streak_not_ready",SLOW,SAFE,0.000000,0.047628,0.096020,4,1,0.000000,STATIC,1,current,50000,155.0319,0.41084114,-0.14677981,1.40998268,-0.01388349,1.57091367,0.41083747,0.00000000,-0.00004753,0.00004714,0.00002378,0.00000000,-0.00004772
181,25.763145,1786367600.304293,2396,50000,1,1,0,0.092496,left_link,0,0.656232,-0.181343,0.396230,,,,,predicted_track_not_dynamic,RUNNING,1,434,1,0,17.995490,0.047029,0.000351,0.000675,19.034793,459,0.035000,0.016090,0.142182,96,0.027348,0,"speed_ok,valid_streak_not_ready",SLOW,SAFE,0.000000,0.047575,0.090641,4,1,0.000000,STATIC,1,current,50000,158.7215,0.41041932,-0.14675415,1.40999365,-0.01388349,1.57091367,0.41038629,-0.00267576,0.00016277,0.00006957,0.00000000,0.00000000,-0.00286197
182,25.911418,1786367600.463034,2357,50000,2,1,0,0.097559,left_link,0,0.658731,-0.181349,0.399879,,,,,predicted_track_not_dynamic,RUNNING,1,434,0,0,17.995490,0.047029,0.000366,0.000517,19.034793,459,0.033823,0.014995,0.139938,97,0.025832,0,"speed_ok,valid_streak_not_ready",SLOW,SAFE,0.000000,0.047575,0.092532,,0,0.076934,SAFE,1,current,50000,153.9610,0.40924188,-0.14663309,1.41018069,-0.01387982,1.57091367,0.40923089,-0.00794094,0.00081644,0.00126145,0.00002474,0.00000000,-0.00779241
183,26.067329,1786367600.617015,2372,50000,1,1,0,0.092495,gripper_base_link,0,0.658703,-0.182009,0.399272,,,,,predicted_track_not_dynamic,RUNNING,1,435,1,0,18.036880,0.046133,0.000252,0.000356,19.076302,460,0.034887,0.030422,0.141712,98,0.016470,0,"speed_ok,valid_streak_not_ready",SLOW,SAFE,0.000000,0.047575,0.090268,,0,0.153580,SAFE,1,current,50000,153.3843,0.40879074,-0.14655973,1.41023946,-0.01386515,1.57091367,0.40878704,-0.00289363,0.00047052,0.00037695,0.00009411,0.00000000,-0.00284680
184,26.221391,1786367600.770418,2336,50000,1,1,0,0.092344,gripper_base_link,0,0.658057,-0.179217,0.398704,,,,,predicted_track_not_dynamic,RUNNING,1,435,0,0,18.036880,0.046133,0.000250,0.000352,19.076302,460,0.034883,0.014216,0.144812,99,0.031741,0,"speed_ok,valid_streak_not_ready",SLOW,SAFE,0.000000,0.046383,0.084544,4,1,0.000000,STATIC,1,current,50000,166.6248,0.40878704,-0.14655606,1.41024315,-0.01385414,1.57091367,0.40877604,-0.00002399,0.00002379,0.00002399,0.00007143,0.00000000,-0.00007138
185,26.395518,1786367600.937082,2347,50000,1,1,0,0.088828,gripper_base_link,0,0.656843,-0.180459,0.401131,,,,,predicted_track_not_dynamic,RUNNING,1,435,0,0,18.036880,0.046133,0.000169,0.000246,19.076302,460,0.034773,0.018775,0.141442,100,0.027307,0,"speed_ok,valid_streak_not_ready",SLOW,SAFE,0.000000,0.046376,0.085823,,0,0.081476,SAFE,1,current,50000,163.0498,0.40865135,-0.14654873,1.41024315,-0.01385047,1.57091367,0.40868801,-0.00077926,0.00004210,0.00000000,0.00002106,0.00000000,-0.00050559
186,26.555785,1786367601.100152,2379,50000,1,1,0,0.093256,gripper_base_link,0,0.653616,-0.177804,0.396517,,,,,predicted_track_not_dynamic,RUNNING,1,436,1,0,18.078148,0.045345,0.000331,0.000481,19.117539,461,0.035066,0.019710,0.146218,101,0.032639,0,"speed_ok,valid_streak_not_ready",SLOW,SAFE,0.000000,0.046376,0.090171,,0,0.159958,SAFE,1,current,50000,157.0540,0.40761694,-0.14645702,1.41037512,-0.01383947,1.57091367,0.40759861,-0.00645432,0.00057228,0.00082341,0.00006866,0.00000000,-0.00679740
187,26.706654,1786367601.257230,2362,50000,1,1,0,0.091988,gripper_base_link,0,0.658197,-0.180748,0.398519,,,,,predicted_track_not_dynamic,RUNNING,1,436,0,0,18.078148,0.045345,0.000005,0.000183,19.117539,461,0.034538,0.022324,0.141136,102,0.028521,0,"speed_ok,valid_streak_not_ready",SLOW,SAFE,0.000000,0.046376,0.089132,,0,0.239977,SAFE,1,current,50000,160.1693,0.40708873,-0.14638001,1.41045582,-0.01382113,1.57091367,0.40709975,-0.00350115,0.00051044,0.00053493,0.00012157,0.00000000,-0.00330658
188,26.875071,1786367601.417432,2415,50000,1,1,0,0.097074,left_link,0,0.658707,-0.183827,0.391949,,,,,predicted_track_not_dynamic,RUNNING,1,436,0,0,18.078148,0.045345,0.000002,0.000180,19.117539,461,0.034531,0.020037,0.143472,103,0.020347,0,"speed_ok,valid_streak_not_ready",SLOW,SAFE,0.000000,0.045347,0.087221,4,1,0.000000,STATIC,1,current,50000,153.2210,0.40708143,-0.14637633,1.41045952,-0.01381379,1.57091367,0.40707409,-0.00004335,0.00002185,0.00002194,0.00004356,0.00000000,-0.00015236
189,27.024266,1786367601.570676,2388,50000,1,1,0,0.089317,left_link,0,0.658311,-0.179747,0.397883,,,,,predicted_track_not_dynamic,RUNNING,1,436,0,0,18.078148,0.045345,0.000018,0.000180,19.117539,461,0.034498,0.007425,0.136849,104,0.026140,0,"speed_ok,valid_streak_not_ready",SLOW,SAFE,0.000000,0.045344,0.091692,,0,0.076813,SAFE,1,current,50000,153.7175,0.40704840,-0.14637266,1.41045952,-0.01381379,1.57091367,0.40705210,-0.00022133,0.00002457,0.00000000,0.00000000,0.00000000,-0.00014742
190,27.174878,1786367601.724413,2367,50000,2,1,0,0.093885,left_link,0,0.658429,-0.182208,0.394396,,,,,predicted_track_not_dynamic,RUNNING,1,437,1,0,18.120310,0.044542,0.000372,0.000719,19.159204,462,0.035140,0.021855,0.141748,105,0.028338,0,"speed_ok,valid_streak_not_ready",SLOW,SAFE,0.000000,0.045344,0.091669,,0,0.153383,SAFE,1,current,50000,153.2303,0.40635884,-0.14632863,1.41049254,-0.01381013,1.57091367,0.40635148,-0.00457845,0.00029236,0.00021925,0.00002436,0.00000000,-0.00465186
191,27.326667,1786367601.877664,2321,50000,1,1,0,0.092897,left_link,0,0.659327,-0.176801,0.398770,,,,,predicted_track_not_dynamic,RUNNING,1,437,0,0,18.120310,0.044542,0.000018,0.000209,19.159204,462,0.034564,0.012617,0.141621,106,0.022613,0,"speed_ok,valid_streak_not_ready",SLOW,SAFE,0.000000,0.045344,0.091153,,0,0.229796,SAFE,1,current,50000,152.9338,0.40578294,-0.14624794,1.41060627,-0.01380279,1.57091367,0.40580493,-0.00379406,0.00053159,0.00074923,0.00004833,0.00000000,-0.00360067
192,27.480205,1786367602.030622,2339,50000,1,1,0,0.097790,left_link,0,0.657947,-0.188244,0.395718,,,,,predicted_track_not_dynamic,RUNNING,1,437,0,0,18.120310,0.044542,0.000013,0.000202,19.159204,462,0.034556,0.028289,0.138058,107,0.023075,0,"speed_ok,valid_streak_not_ready",SLOW,SAFE,0.000000,0.044554,0.094324,4,1,0.000000,STATIC,1,current,50000,152.2429,0.40577561,-0.14624427,1.41061354,-0.01379545,1.57091367,0.40577561,-0.00004775,0.00002387,0.00004736,0.00004778,0.00000000,-0.00019100
193,27.637918,1786367602.182888,2320,50000,1,1,0,0.091718,gripper_base_link,0,0.656634,-0.182451,0.394525,,,,,predicted_track_not_dynamic,RUNNING,1,437,0,0,18.120310,0.044542,0.000008,0.000194,19.159204,462,0.034549,0.024374,0.145802,108,0.033855,0,"speed_ok,valid_streak_not_ready",SLOW,SAFE,0.000000,0.044554,0.088740,,0,0.080296,SAFE,1,current,50000,160.6855,0.40576828,-0.14624427,1.41062093,-0.01379179,1.57091367,0.40576828,-0.00004649,0.00000000,0.00004686,0.00002325,0.00000000,-0.00004649
194,27.796542,1786367602.343595,2381,50000,1,1,0,0.090250,gripper_base_link,0,0.656449,-0.180366,0.395408,,,,,predicted_track_not_dynamic,RUNNING,1,437,0,0,18.120310,0.044542,0.000164,0.000187,19.159204,462,0.034263,0.016133,0.142425,109,0.027616,0,"speed_ok,valid_streak_not_ready",SLOW,SAFE,0.000000,0.044554,0.086677,,0,0.160268,SAFE,1,current,50000,160.0689,0.40548214,-0.14622593,1.41062820,-0.01378445,1.57091367,0.40546748,-0.00180384,0.00011564,0.00004584,0.00004625,0.00000000,-0.00189627
195,27.952901,1786367602.503696,2292,50000,1,1,0,0.094048,gripper_base_link,0,0.658868,-0.178017,0.398140,,,,,predicted_track_not_dynamic,RUNNING,1,437,0,0,18.120310,0.044542,0.000170,0.000205,19.159204,462,0.034252,0.011692,0.141337,110,0.028867,0,"speed_ok,valid_streak_not_ready",SLOW,SAFE,0.000000,0.044371,0.090930,4,1,0.000000,STATIC,1,current,50000,151.7661,0.40547118,-0.14622228,1.41063559,-0.01378445,1.57091367,0.40544912,-0.00007014,0.00002335,0.00004727,0.00000000,0.00000000,-0.00011741
196,28.116010,1786367602.655485,2364,50000,1,1,0,0.095140,left_link,0,0.656641,-0.179897,0.402130,,,,,predicted_track_not_dynamic,RUNNING,1,437,0,0,18.120310,0.044542,0.000193,0.000209,19.159204,462,0.034223,0.024177,0.140984,111,0.029665,0,"speed_ok,valid_streak_not_ready",SLOW,SAFE,0.000000,0.044372,0.092205,,0,0.076474,SAFE,1,current,50000,153.0459,0.40544182,-0.14621493,1.41064286,-0.01378445,1.57091367,0.40544546,-0.00017997,0.00004504,0.00004458,0.00000000,0.00000000,-0.00002247
197,28.259126,1786367602.808553,2294,50000,1,1,0,0.088968,gripper_base_link,0,0.658513,-0.178219,0.397293,,,,,predicted_track_not_dynamic,RUNNING,1,437,0,0,18.120310,0.044542,0.000460,0.000660,19.159204,462,0.033772,0.016961,0.143173,112,0.025494,0,"speed_ok,valid_streak_not_ready",SLOW,SAFE,0.000000,0.044372,0.085969,,0,0.155823,SAFE,1,current,50000,158.8198,0.40499064,-0.14617825,1.41068327,-0.01378445,1.57091367,0.40499431,-0.00315254,0.00025634,0.00028237,0.00000000,0.00000000,-0.00315233
198,28.423545,1786367602.967409,2326,50000,1,1,0,0.092011,left_link,0,0.654369,-0.185126,0.396769,,,,,predicted_track_not_dynamic,RUNNING,1,438,1,0,18.161833,0.043634,0.000400,0.000602,19.200903,463,0.035195,0.014245,0.142562,113,0.017464,0,"speed_ok,valid_streak_not_ready",SLOW,SAFE,0.000000,0.044372,0.090105,,0,0.236419,SAFE,1,current,50000,161.3532,0.40491730,-0.14615990,1.41072357,-0.01378078,1.57091367,0.40490627,-0.00044608,0.00011156,0.00024506,0.00002231,0.00000000,-0.00053544
199,28.592683,1786367603.128788,2257,50000,1,1,0,0.089042,gripper_base_link,0,0.656736,-0.182404,0.400818,,,,,predicted_track_not_dynamic,RUNNING,1,438,0,0,18.161833,0.043634,0.000398,0.000598,19.200903,463,0.035191,0.013604,0.140594,114,0.020592,0,"speed_ok,valid_streak_not_ready",SLOW,SAFE,0.000000,0.044005,0.085187,4,1,0.000000,STATIC,1,current,50000,161.6118,0.40491360,-0.14615990,1.41072726,-0.01378078,1.57091367,0.40490627,-0.00002185,0.00000000,0.00002185,0.00000000,0.00000000,0.00000000
200,28.749346,1786367603.290421,2365,50000,1,1,0,0.091682,gripper_base_link,0,0.658841,-0.175461,0.393304,,,,,predicted_track_not_dynamic,RUNNING,1,438,0,0,18.161833,0.043634,0.000078,0.000249,19.200903,463,0.034656,0.015691,0.147611,115,0.028012,0,"speed_ok,valid_streak_not_ready",SLOW,SAFE,0.000000,0.043966,0.088300,4,1,0.000000,STATIC,1,current,50000,160.6039,0.40437809,-0.14612325,1.41073465,-0.01377711,1.57091737,0.40435606,-0.00341828,0.00023399,0.00004718,0.00002342,0.00002359,-0.00351206
201,28.916929,1786367603.451074,2324,50000,1,1,0,0.091582,gripper_base_link,0,0.657204,-0.180944,0.399996,,,,,predicted_track_not_dynamic,RUNNING,1,439,1,0,18.203620,0.042833,0.000075,0.000216,19.242369,464,0.034703,0.009720,0.142201,116,0.028481,0,"speed_ok,valid_streak_not_ready",SLOW,SAFE,0.000000,0.043966,0.089275,,0,0.081885,SAFE,1,current,50000,163.8968,0.40308326,-0.14598386,1.41092908,-0.01375877,1.57091737,0.40307227,-0.00772645,0.00083174,0.00116020,0.00010944,0.00000000,-0.00766065
202,29.094208,1786367603.614993,2361,50000,1,1,0,0.089762,gripper_base_link,0,0.654029,-0.179796,0.396333,,,,,predicted_track_not_dynamic,RUNNING,1,439,0,0,18.203620,0.042833,0.000049,0.000180,19.242369,464,0.034476,0.021021,0.148281,117,0.027602,0,"speed_ok,valid_streak_not_ready",SLOW,SAFE,0.000000,0.043966,0.086901,,0,0.172381,SAFE,1,current,50000,181.1681,0.40285584,-0.14594717,1.41096568,-0.01373676,1.57091737,0.40285218,-0.00128285,0.00020694,0.00020644,0.00012414,0.00000000,-0.00124149
203,29.253187,1786367603.796192,2392,50000,1,1,0,0.088578,gripper_base_link,0,0.655931,-0.176907,0.401730,,,,,predicted_track_not_dynamic,RUNNING,1,439,0,0,18.203620,0.042833,0.000050,0.000180,19.242369,464,0.034472,0.018990,0.141662,118,0.031111,0,"speed_ok,valid_streak_not_ready",SLOW,SAFE,0.000000,0.042781,0.085024,4,1,0.000000,STATIC,1,current,50000,158.6181,0.40285218,-0.14594717,1.41096568,-0.01372943,1.57091737,0.40284485,-0.00002306,0.00000000,0.00000000,0.00004614,0.00000000,-0.00004612
204,29.413572,1786367603.954832,2263,50000,1,1,0,0.091480,gripper_base_link,0,0.660837,-0.181703,0.397266,,,,,predicted_track_not_dynamic,RUNNING,1,439,0,0,18.203620,0.042833,0.000185,0.000403,19.242369,464,0.034245,0.025367,0.145485,119,0.016201,0,"speed_ok,valid_streak_not_ready",SLOW,SAFE,0.000000,0.042756,0.088195,4,1,0.000000,STATIC,1,current,50000,169.1643,0.40262476,-0.14593983,1.41097295,-0.01372943,1.57091737,0.40261009,-0.00141797,0.00004580,0.00004534,0.00000000,0.00000000,-0.00146368
205,29.581026,1786367604.124031,2287,50000,1,1,0,0.088889,gripper_base_link,0,0.656152,-0.176854,0.396387,,,,,predicted_track_not_dynamic,RUNNING,1,440,1,0,18.244988,0.042039,0.000155,0.000348,19.284044,465,0.034347,0.022099,0.144679,120,0.034606,0,"speed_ok,valid_streak_not_ready",SLOW,SAFE,0.000000,0.042756,0.085049,,0,0.083368,SAFE,1,current,50000,166.9075,0.40136299,-0.14582980,1.41113079,-0.01372209,1.57091737,0.40134093,-0.00753505,0.00065708,0.00094255,0.00004381,0.00000000,-0.00757919
206,29.772748,1786367604.290971,2295,50000,1,1,0,0.092101,gripper_base_link,0,0.658009,-0.183242,0.395595,,,,,predicted_track_not_dynamic,RUNNING,1,441,1,0,18.286511,0.041138,0.000392,0.000591,19.325661,466,0.035275,0.002738,0.143134,121,0.030321,0,"speed_ok,valid_streak_not_ready",SLOW,SAFE,0.000000,0.042756,0.089279,,0,0.162910,SAFE,1,current,50000,159.2051,0.40078342,-0.14574909,1.41120768,-0.01370742,1.57092106,0.40078706,-0.00302295,0.00042095,0.00040105,0.00007653,0.00001928,-0.00288895
207,29.900848,1786367604.450201,2222,50000,1,1,0,0.096224,gripper_base_link,0,0.658646,-0.183800,0.401462,,,,,predicted_track_not_dynamic,RUNNING,1,441,0,0,18.286511,0.041138,0.000392,0.000591,19.325661,466,0.035275,0.031455,0.140757,122,0.039074,0,"speed_ok,valid_streak_not_ready",SLOW,SAFE,0.012970,0.041529,0.093329,4,1,0.239425,FOLLOWING,1,current,50000,153.1412,0.40078342,-0.14574909,1.41121149,-0.01370008,1.57092106,0.40077242,0.00000000,0.00000000,0.00002978,0.00005727,0.00000000,-0.00011423
208,30.056461,1786367604.603364,2338,50000,1,1,0,0.086843,gripper_base_link,0,0.658741,-0.178387,0.401163,,,,,predicted_track_not_dynamic,RUNNING,1,441,0,0,18.286511,0.041138,0.000353,0.000528,19.325661,466,0.035209,0.017612,0.139241,123,0.025667,0,"speed_ok,valid_streak_not_ready",SLOW,SAFE,0.000000,0.041391,0.082135,4,1,0.000000,STATIC,1,current,50000,150.3700,0.40071741,-0.14574176,1.41121149,-0.01369642,1.57092106,0.40073574,-0.00042421,0.00004711,0.00000000,0.00002357,0.00000000,-0.00023576
209,30.208850,1786367604.753754,2378,50000,1,1,0,0.089980,gripper_base_link,0,0.657848,-0.181049,0.400430,,,,,predicted_track_not_dynamic,RUNNING,1,441,0,0,18.286511,0.041138,0.000207,0.000436,19.325661,466,0.034274,0.015513,0.144052,124,0.028144,0,"speed_ok,valid_streak_not_ready",SLOW,SAFE,0.000000,0.041293,0.087729,4,1,0.000000,STATIC,1,current,50000,155.1999,0.39978206,-0.14568673,1.41125178,-0.01369275,1.57092106,0.39977103,-0.00613791,0.00036112,0.00026441,0.00002407,0.00000000,-0.00633054
210,30.358493,1786367604.908974,2338,50000,1,1,0,0.082717,gripper_base_link,0,0.654764,-0.180608,0.399625,,,,,predicted_track_not_dynamic,RUNNING,1,442,1,0,18.327700,0.040333,0.000239,0.000470,19.367196,467,0.034248,0.006278,0.145960,125,0.030580,0,"speed_ok,valid_streak_not_ready",SLOW,SAFE,0.000000,0.041293,0.081144,,0,0.077303,SAFE,1,current,50000,154.7659,0.39840654,-0.14554003,1.41146445,-0.01367441,1.57091737,0.39843586,-0.00919203,0.00098034,0.00142118,0.00012256,-0.00002470,-0.00892237
211,30.526923,1786367605.063771,2280,50000,1,1,0,0.095536,left_link,0,0.659254,-0.180030,0.397637,,,,,predicted_track_not_dynamic,RUNNING,1,443,1,0,18.369005,0.039524,0.000385,0.000580,19.408700,468,0.035261,0.039519,0.142231,126,0.026462,0,"speed_ok,valid_streak_not_ready",SLOW,SAFE,0.000000,0.041293,0.088779,,0,0.160704,SAFE,1,current,50000,166.9772,0.39810210,-0.14550334,1.41150117,-0.01365240,1.57092106,0.39811310,-0.00180746,0.00021782,0.00021799,0.00013067,0.00002194,-0.00191628
212,30.688385,1786367605.230798,2276,50000,1,1,0,0.087770,gripper_base_link,0,0.656440,-0.182500,0.403293,,,,,predicted_track_not_dynamic,RUNNING,1,443,0,0,18.369005,0.039524,0.000385,0.000580,19.408700,468,0.035261,0.019328,0.145237,127,0.032759,0,"speed_ok,valid_streak_not_ready",SLOW,SAFE,0.000000,0.039909,0.083865,4,1,0.000000,STATIC,1,current,50000,158.4066,0.39810210,-0.14549968,1.41150117,-0.01364507,1.57091737,0.39810210,0.00000000,0.00002270,0.00000000,0.00004543,-0.00002289,-0.00006811
213,30.847244,1786367605.389224,2248,50000,1,1,0,0.092091,left_link,0,0.657937,-0.182224,0.394800,,,,,predicted_track_not_dynamic,RUNNING,1,443,0,0,18.369005,0.039524,0.000306,0.000462,19.408700,468,0.035162,0.013109,0.144793,128,0.026103,0,"speed_ok,valid_streak_not_ready",SLOW,SAFE,0.000000,0.039906,0.089230,,0,0.083311,SAFE,1,current,50000,166.7182,0.39798471,-0.14549600,1.41150498,-0.01364507,1.57091737,0.39801770,-0.00073897,0.00002317,0.00002401,0.00000000,0.00000000,-0.00053129
214,31.006869,1786367605.555963,2372,50000,1,1,0,0.090340,gripper_base_link,0,0.659287,-0.185578,0.397474,,,,,predicted_track_not_dynamic,RUNNING,1,443,0,0,18.369005,0.039524,0.000332,0.000671,19.408700,468,0.034102,0.024846,0.138674,129,0.025915,0,"speed_ok,valid_streak_not_ready",SLOW,SAFE,0.000000,0.039906,0.086640,,0,0.154030,SAFE,1,current,50000,141.5472,0.39694300,-0.14542264,1.41156721,-0.01364140,1.57091737,0.39691365,-0.00652599,0.00045957,0.00038983,0.00002298,0.00000000,-0.00691657
215,31.147071,1786367605.697535,2268,50000,1,1,0,0.087288,gripper_base_link,0,0.657774,-0.177614,0.400899,,,,,predicted_track_not_dynamic,RUNNING,1,444,1,0,18.410474,0.038731,0.000158,0.000367,19.450138,469,0.035107,0.011076,0.140963,130,0.026165,0,"speed_ok,valid_streak_not_ready",SLOW,SAFE,0.000000,0.039906,0.084288,,0,0.230613,SAFE,1,current,50000,153.3943,0.39641479,-0.14535294,1.41168833,-0.01363773,1.57091737,0.39640746,-0.00376754,0.00049709,0.00086387,0.00002616,0.00000000,-0.00361045
216,31.301704,1786367605.850963,2353,50000,1,1,0,0.088476,gripper_base_link,0,0.658762,-0.182943,0.392531,,,,,predicted_track_not_dynamic,RUNNING,1,444,0,0,18.410474,0.038731,0.000151,0.000356,19.450138,469,0.035096,0.027852,0.143876,131,0.031138,0,"speed_ok,valid_streak_not_ready",SLOW,SAFE,0.000000,0.039906,0.082089,,0,0.306765,SAFE,1,current,50000,152.4306,0.39640382,-0.14534561,1.41169190,-0.01362672,1.57091737,0.39639279,-0.00007092,0.00004741,0.00002313,0.00007117,0.00000000,-0.00009482
217,31.460149,1786367606.003416,2300,50000,1,1,0,0.082936,gripper_base_link,0,0.656126,-0.180352,0.393145,,,,,predicted_track_not_dynamic,RUNNING,1,444,0,0,18.410474,0.038731,0.000137,0.000334,19.450138,469,0.035074,0.020499,0.145461,132,0.023416,0,"speed_ok,valid_streak_not_ready",SLOW,SAFE,0.000000,0.038810,0.079279,4,1,0.000000,STATIC,1,current,50000,158.1864,0.39638177,-0.14534195,1.41169560,-0.01362306,1.57091737,0.39638177,-0.00013919,0.00002314,0.00002332,0.00002315,0.00000000,-0.00006959
218,31.618066,1786367606.161623,2376,50000,1,1,0,0.087980,left_link,0,0.658594,-0.180048,0.398268,,,,,predicted_track_not_dynamic,RUNNING,1,444,0,0,18.410474,0.038731,0.000290,0.000451,19.450138,469,0.034355,0.015882,0.141560,133,0.023707,0,"speed_ok,valid_streak_not_ready",SLOW,SAFE,0.000000,0.038738,0.086024,4,1,0.000000,STATIC,1,current,50000,158.6641,0.39566284,-0.14530893,1.41169918,-0.01361939,1.57091737,0.39563718,-0.00455253,0.00020910,0.00002265,0.00002322,0.00000000,-0.00471502
219,31.769256,1786367606.320308,2314,50000,1,1,0,0.081146,gripper_base_link,0,0.656915,-0.182514,0.400504,,,,,predicted_track_not_dynamic,RUNNING,1,445,1,0,18.452412,0.037842,0.000223,0.000448,19.491642,470,0.034355,0.009942,0.141174,134,0.020615,0,"speed_ok,valid_streak_not_ready",SLOW,SAFE,0.000000,0.038738,0.078386,4,0,0.000000,STATIC,1,current,50000,155.6247,0.39430568,-0.14518054,1.41188276,-0.01360472,1.57091737,0.39430568,-0.00897656,0.00084918,0.00121425,0.00009705,0.00000000,-0.00880684
220,31.925926,1786367606.475956,2219,50000,1,1,0,0.080297,left_link,0,0.657858,-0.182968,0.397817,,,,,predicted_track_not_dynamic,RUNNING,1,446,1,0,18.493641,0.037039,0.000305,0.000447,19.533007,471,0.035231,0.021213,0.147100,135,0.026644,0,"speed_ok,valid_streak_not_ready",SLOW,SAFE,0.000000,0.038738,0.083548,,0,0.072626,SAFE,1,current,50000,145.3539,0.39385450,-0.14512554,1.41194499,-0.01358637,1.57091737,0.39386916,-0.00287980,0.00035106,0.00039719,0.00011706,0.00000000,-0.00278621
221,32.072780,1786367606.621330,2402,50000,1,1,0,0.084215,left_link,0,0.656730,-0.177960,0.403119,,,,,predicted_track_not_dynamic,RUNNING,1,446,0,0,18.493641,0.037039,0.000300,0.000440,19.533007,471,0.035224,0.007363,0.141355,136,0.029084,0,"speed_ok,valid_streak_not_ready",SLOW,SAFE,0.000000,0.037340,0.081381,4,1,0.000000,STATIC,1,current,50000,159.4769,0.39384717,-0.14512186,1.41194499,-0.01357904,1.57091737,0.39384717,-0.00004992,0.00002506,0.00000000,0.00004995,0.00000000,-0.00014977
222,32.270467,1786367606.780830,2313,50000,1,1,0,0.084453,gripper_base_link,0,0.658022,-0.181788,0.395195,,,,,predicted_track_not_dynamic,RUNNING,1,446,0,0,18.493641,0.037039,0.000226,0.000315,19.533007,471,0.035114,0.019447,0.145693,137,0.032287,0,"speed_ok,valid_streak_not_ready",SLOW,SAFE,0.000000,0.037340,0.079812,4,0,0.000000,STATIC,1,current,50000,186.4831,0.39372247,-0.14511453,1.41194880,-0.01357537,1.57091737,0.39376283,-0.00063076,0.00003709,0.00001930,0.00001855,0.00000000,-0.00042664
223,32.418274,1786367606.967333,2306,50000,1,1,0,0.087433,gripper_base_link,0,0.657330,-0.180647,0.401039,,,,,predicted_track_not_dynamic,RUNNING,1,446,0,0,18.493641,0.037039,0.000172,0.000385,19.533007,471,0.034432,0.019878,0.142038,138,0.029561,0,"speed_ok,valid_streak_not_ready",SLOW,SAFE,0.000000,0.037340,0.080809,,0,0.076520,SAFE,1,current,50000,153.1378,0.39305487,-0.14507785,1.41197073,-0.01357537,1.57091737,0.39306590,-0.00451671,0.00024811,0.00014840,0.00000000,0.00000000,-0.00471511
224,32.575465,1786367607.120492,2343,50000,1,1,0,0.089246,gripper_base_link,0,0.656021,-0.185905,0.396111,,,,,predicted_track_not_dynamic,RUNNING,1,446,0,0,18.493641,0.037039,0.000224,0.000481,19.533007,471,0.034351,0.008091,0.143818,139,0.027789,0,"speed_ok,valid_streak_not_ready",SLOW,SAFE,0.000000,0.037340,0.084587,,0,0.155585,SAFE,1,current,50000,158.2213,0.39297420,-0.14505951,1.41201472,-0.01357537,1.57092106,0.39297053,-0.00051323,0.00011669,0.00027984,0.00000000,0.00002351,-0.00060670
225,32.735782,1786367607.278733,2262,50000,1,1,0,0.086371,gripper_base_link,0,0.658288,-0.174470,0.401297,,,,,predicted_track_not_dynamic,RUNNING,1,446,0,0,18.493641,0.037039,0.000224,0.000484,19.533007,471,0.034351,0.008452,0.141897,140,0.028654,0,"speed_ok,valid_streak_not_ready",SLOW,SAFE,0.000000,0.036812,0.083391,4,1,0.000000,STATIC,1,current,50000,154.2602,0.39297420,-0.14505951,1.41202569,-0.01357170,1.57092106,0.39296687,0.00000000,0.00000000,0.00006841,0.00002288,0.00000000,-0.00002287
226,32.886467,1786367607.433015,2323,50000,1,1,0,0.086812,gripper_base_link,0,0.653644,-0.183012,0.397806,,,,,predicted_track_not_dynamic,RUNNING,1,447,1,0,18.534820,0.036231,0.000365,0.000543,19.574230,472,0.035323,0.029427,0.146061,141,0.036144,0,"speed_ok,valid_streak_not_ready",SLOW,SAFE,0.000000,0.036749,0.076330,4,1,0.000000,STATIC,1,current,50000,168.1793,0.39260736,-0.14503382,1.41204035,-0.01356804,1.57092106,0.39259639,-0.00243446,0.00017049,0.00009731,0.00002434,0.00000000,-0.00245859
227,33.049953,1786367607.601225,2329,50000,1,1,0,0.084344,gripper_base_link,0,0.656764,-0.178683,0.401928,,,,,predicted_track_not_dynamic,RUNNING,1,448,1,0,18.576459,0.035328,0.000465,0.000712,19.615390,473,0.035529,0.016773,0.140811,142,0.029283,0,"speed_ok,valid_streak_not_ready",SLOW,SAFE,0.000000,0.036749,0.080293,,0,0.077784,SAFE,1,current,50000,155.6653,0.39127955,-0.14491646,1.41219819,-0.01355703,1.57092106,0.39127955,-0.00812188,0.00071787,0.00096542,0.00006731,0.00000000,-0.00805479
228,33.207106,1786367607.756912,2338,50000,1,1,0,0.082837,gripper_base_link,0,0.653881,-0.181456,0.397709,,,,,predicted_track_not_dynamic,RUNNING,1,448,0,0,18.576459,0.035328,0.000232,0.000326,19.615390,473,0.035143,0.020629,0.144833,143,0.034051,0,"speed_ok,valid_streak_not_ready",SLOW,SAFE,0.000000,0.036749,0.077768,4,0,0.000000,STATIC,1,current,50000,154.6169,0.39089441,-0.14487609,1.41223848,-0.01354236,1.57092106,0.39090174,-0.00245071,0.00025687,0.00025639,0.00009336,0.00000000,-0.00240405
229,33.364186,1786367607.911550,2315,50000,1,1,0,0.085399,gripper_base_link,0,0.658719,-0.178940,0.392337,,,,,predicted_track_not_dynamic,RUNNING,1,448,0,0,18.576459,0.035328,0.000232,0.000326,19.615390,473,0.035143,0.007030,0.144172,144,0.027053,0,"speed_ok,valid_streak_not_ready",SLOW,SAFE,0.000000,0.035560,0.083195,4,1,0.000000,STATIC,1,current,50000,155.3738,0.39089441,-0.14487244,1.41223848,-0.01353136,1.57092106,0.39089072,0.00000000,0.00002324,0.00000000,0.00007006,0.00000000,-0.00007020
230,33.517402,1786367608.066944,2303,50000,1,1,0,0.076954,left_link,0,0.658221,-0.181089,0.400518,,,,,predicted_track_not_dynamic,RUNNING,1,448,0,0,18.576459,0.035328,0.000232,0.000326,19.615390,473,0.035143,0.040827,0.139670,145,0.019326,0,"speed_ok,valid_streak_not_ready",SLOW,SAFE,0.000000,0.035560,0.080341,,0,0.082438,SAFE,1,current,50000,164.9992,0.39089441,-0.14487244,1.41223848,-0.01353136,1.57092106,0.39089072,0.00000000,0.00000000,0.00000000,0.00000000,0.00000000,0.00000000
231,33.686822,1786367608.231974,2278,50000,1,1,0,0.081549,left_link,0,0.656165,-0.180352,0.404184,,,,,predicted_track_not_dynamic,RUNNING,1,448,0,0,18.576459,0.035328,0.000232,0.000326,19.615390,473,0.035143,0.014548,0.146796,146,0.030935,0,"speed_ok,valid_streak_not_ready",SLOW,SAFE,0.000000,0.035556,0.079735,4,0,0.000000,STATIC,1,current,50000,169.9515,0.39089441,-0.14487609,1.41223478,-0.01353136,1.57092106,0.39089441,0.00000000,-0.00002155,-0.00002181,0.00000000,0.00000000,0.00002181
232,33.856272,1786367608.401957,2326,50000,1,1,0,0.087992,gripper_base_link,0,0.654059,-0.184176,0.394507,,,,,predicted_track_not_dynamic,RUNNING,1,448,0,0,18.576459,0.035328,0.000039,0.000235,19.615390,473,0.034685,0.011683,0.148024,147,0.039783,0,"speed_ok,valid_streak_not_ready",SLOW,SAFE,0.000000,0.035483,0.079507,4,1,0.000000,STATIC,1,current,50000,159.2728,0.39043590,-0.14486510,1.41223848,-0.01353136,1.57092106,0.39041021,-0.00270586,0.00006490,0.00002181,0.00000000,0.00000000,-0.00285747
233,34.009061,1786367608.561250,2216,50000,1,1,0,0.083458,gripper_base_link,0,0.657163,-0.179178,0.395373,,,,,predicted_track_not_dynamic,RUNNING,1,449,1,0,18.617701,0.034538,0.000036,0.000239,19.656576,474,0.034744,0.009047,0.146276,148,0.027723,0,"speed_ok,valid_streak_not_ready",SLOW,SAFE,0.000000,0.035483,0.075522,4,0,0.000000,STATIC,1,current,50000,151.0585,0.38912642,-0.14476974,1.41235578,-0.01353136,1.57092106,0.38910076,-0.00857052,0.00062408,0.00076774,0.00000000,0.00000000,-0.00857033
234,34.163917,1786367608.712328,2359,50000,1,1,0,0.081060,gripper_base_link,0,0.659242,-0.175414,0.399601,,,,,predicted_track_not_dynamic,RUNNING,1,449,0,0,18.617701,0.034538,0.000324,0.000598,19.656576,474,0.034274,0.012051,0.142276,149,0.027551,0,"speed_ok,valid_streak_not_ready",SLOW,SAFE,0.000000,0.035483,0.077504,4,0,0.000000,STATIC,1,current,50000,153.3051,0.38865691,-0.14470370,1.41243649,-0.01352035,1.57092106,0.38866791,-0.00303189,0.00042647,0.00052116,0.00007106,0.00000000,-0.00279518
235,34.316697,1786367608.865655,2215,50000,2,1,0,0.081058,left_link,0,0.657480,-0.180601,0.397354,,,,,predicted_track_not_dynamic,RUNNING,1,449,0,0,18.617701,0.034538,0.000326,0.000602,19.656576,474,0.034270,0.020078,0.144473,150,0.027446,0,"speed_ok,valid_streak_not_ready",SLOW,SAFE,0.000000,0.034212,0.079034,4,1,0.000000,STATIC,1,current,50000,152.3462,0.38865325,-0.14470005,1.41244030,-0.01350935,1.57092106,0.38864225,-0.00002399,0.00002390,0.00002497,0.00007203,0.00000000,-0.00016795
236,34.470526,1786367609.018031,2324,50000,1,1,0,0.085923,left_link,0,0.657891,-0.178121,0.400179,,,,,predicted_track_not_dynamic,RUNNING,1,449,0,0,18.617701,0.034538,0.000328,0.000605,19.656576,474,0.034267,0.030560,0.138933,151,0.025731,0,"speed_ok,valid_streak_not_ready",SLOW,SAFE,0.000000,0.034210,0.084201,,0,0.076474,SAFE,1,current,50000,153.0427,0.38864958,-0.14470005,1.41244030,-0.01350568,1.57092106,0.38864225,-0.00002383,0.00000000,0.00000000,0.00002384,0.00000000,0.00000000
237,34.633128,1786367609.171093,2346,50000,1,1,0,0.072829,left_link,0,0.656348,-0.179942,0.394524,,,,,predicted_track_not_dynamic,RUNNING,1,449,0,0,18.617701,0.034538,0.000328,0.000605,19.656576,474,0.034267,0.021104,0.144923,152,0.028969,0,"speed_ok,valid_streak_not_ready",SLOW,SAFE,0.000000,0.034203,0.081391,,0,0.153486,SAFE,1,current,50000,154.1170,0.38864958,-0.14470370,1.41244388,-0.01350201,1.57092106,0.38864225,0.00000000,-0.00002245,0.00002199,0.00002256,0.00000000,0.00000000
238,34.776598,1786367609.325232,2287,50000,1,1,0,0.079097,gripper_base_link,0,0.656388,-0.181111,0.395357,,,,,predicted_track_not_dynamic,RUNNING,1,450,1,0,18.658876,0.033739,0.000290,0.000426,19.698009,475,0.035305,0.018957,0.146290,153,0.028931,0,"speed_ok,valid_streak_not_ready",SLOW,SAFE,0.000000,0.033794,0.073189,4,1,0.000000,STATIC,1,current,50000,156.7585,0.38834146,-0.14469637,1.41244388,-0.01350201,1.57092106,0.38834515,-0.00214767,0.00005110,0.00000000,0.00000000,0.00000000,-0.00207081
239,34.935643,1786367609.482011,2334,50000,1,1,0,0.078839,gripper_base_link,0,0.654916,-0.184760,0.401331,,,,,predicted_track_not_dynamic,RUNNING,1,451,1,0,18.699725,0.032930,0.000264,0.000370,19.739476,476,0.035275,0.022140,0.143665,154,0.023776,0,"speed_ok,valid_streak_not_ready",SLOW,SAFE,0.000000,0.033641,0.074287,4,1,0.000000,STATIC,1,current,50000,166.4762,0.38695127,-0.14460100,1.41256857,-0.01349468,1.57092106,0.38695493,-0.00874083,0.00059962,0.00078401,0.00004613,0.00000000,-0.00874102
240,35.101162,1786367609.648519,2283,50000,1,1,0,0.078874,gripper_base_link,0,0.655810,-0.180811,0.398688,,,,,predicted_track_not_dynamic,RUNNING,1,452,1,0,18.740906,0.032020,0.000460,0.000704,19.780887,477,0.035635,0.014444,0.144371,155,0.031973,0,"speed_ok,valid_streak_not_ready",SLOW,SAFE,0.000000,0.033641,0.075530,4,0,0.000000,STATIC,1,current,50000,148.0951,0.38577017,-0.14448363,1.41268969,-0.01346900,1.57092106,0.38580319,-0.00713571,0.00070914,0.00073174,0.00015513,0.00000000,-0.00695836
241,35.246763,1786367609.796637,2258,50000,1,1,0,0.082173,gripper_base_link,0,0.657053,-0.178432,0.406055,,,,,predicted_track_not_dynamic,RUNNING,1,452,0,0,18.740906,0.032020,0.000428,0.000653,19.780887,477,0.035562,0.020630,0.139736,156,0.032364,0,"speed_ok,valid_streak_not_ready",SLOW,SAFE,0.000000,0.033641,0.079184,4,0,0.000000,STATIC,1,current,50000,157.7456,0.38571882,-0.14447263,1.41270435,-0.01346166,1.57092106,0.38572982,-0.00035267,0.00007553,0.00010071,0.00005038,0.00000000,-0.00050394
242,35.405563,1786367609.954412,2225,50000,1,1,0,0.079831,gripper_base_link,0,0.660404,-0.179355,0.398249,,,,,predicted_track_not_dynamic,RUNNING,1,452,0,0,18.740906,0.032020,0.000428,0.000653,19.780887,477,0.035551,0.020995,0.141860,157,0.030358,0,"speed_ok,valid_streak_not_ready",SLOW,SAFE,0.000000,0.032447,0.076538,4,1,0.000000,STATIC,1,current,50000,151.7347,0.38571882,-0.14447263,1.41270804,-0.01345799,1.57092106,0.38571882,0.00000000,0.00000000,0.00002327,0.00002310,0.00000000,-0.00006925
243,35.558094,1786367610.106168,2307,50000,1,1,0,0.077932,gripper_base_link,0,0.656388,-0.177583,0.398135,,,,,predicted_track_not_dynamic,RUNNING,1,452,0,0,18.740906,0.032020,0.000430,0.000657,19.780887,477,0.035554,0.014114,0.143478,158,0.029466,0,"speed_ok,valid_streak_not_ready",SLOW,SAFE,0.000000,0.032450,0.073890,4,0,0.000000,STATIC,1,current,50000,150.5232,0.38572249,-0.14447263,1.41270804,-0.01345433,1.57092106,0.38572249,0.00002403,0.00000000,0.00000000,0.00002404,0.00000000,0.00002403
244,35.705668,1786367610.256710,2305,50000,1,1,0,0.079287,gripper_base_link,0,0.657989,-0.179284,0.399785,,,,,predicted_track_not_dynamic,RUNNING,1,452,0,0,18.740906,0.032020,0.000430,0.000657,19.780887,477,0.035554,0.026772,0.138659,159,0.025987,0,"speed_ok,valid_streak_not_ready",SLOW,SAFE,0.000000,0.032450,0.075232,4,0,0.000000,STATIC,1,current,50000,151.2825,0.38572249,-0.14447263,1.41270435,-0.01345799,1.57092106,0.38572249,0.00000000,0.00000000,-0.00002504,-0.00002485,0.00000000,0.00000000
245,35.858114,1786367610.408013,2224,50000,1,1,0,0.082489,gripper_base_link,0,0.659526,-0.177468,0.395465,,,,,predicted_track_not_dynamic,RUNNING,1,452,0,0,18.740906,0.032020,0.000430,0.000657,19.780887,477,0.035554,0.010751,0.144179,160,0.028843,0,"speed_ok,valid_streak_not_ready",SLOW,SAFE,0.000000,0.032450,0.079337,4,0,0.000000,STATIC,1,current,50000,141.3296,0.38572249,-0.14447263,1.41270435,-0.01345433,1.57092106,0.38572249,0.00000000,0.00000000,0.00000000,0.00002406,0.00000000,0.00000000
246,36.001458,1786367610.549364,2288,50000,1,1,0,0.050542,left_link,0,0.658300,-0.179209,0.391840,,,,,predicted_track_not_dynamic,RUNNING,1,452,0,0,18.740906,0.032020,0.000433,0.000660,19.780887,477,0.035554,0.025155,0.144703,161,0.026041,0,"speed_ok,valid_streak_not_ready",SLOW,SAFE,0.000000,0.032452,0.042704,4,0,0.000000,APPROACHING,1,current,50000,162.9116,0.38572615,-0.14447629,1.41270435,-0.01345799,1.57092106,0.38572249,0.00002557,-0.00002557,0.00000000,-0.00002559,0.00000000,0.00000000
247,36.163954,1786367610.712308,2194,50000,1,1,0,0.081255,gripper_base_link,0,0.657291,-0.178787,0.397516,,,,,predicted_track_not_dynamic,RUNNING,1,452,0,0,18.740906,0.032020,0.000433,0.000660,19.780887,477,0.035558,0.011552,0.141606,162,0.026019,0,"speed_ok,valid_streak_not_ready",SLOW,SAFE,0.000000,0.032452,0.077499,4,0,0.000000,STATIC,1,current,50000,149.9458,0.38572615,-0.14447629,1.41270435,-0.01345799,1.57092106,0.38572615,0.00000000,0.00000000,0.00000000,0.00000000,0.00000000,0.00002256
248,36.311054,1786367610.862272,2290,50000,1,1,0,0.039548,gripper_base_link,0,0.654169,-0.177013,0.395506,,,,,predicted_track_not_dynamic,RUNNING,1,452,0,0,18.740906,0.032020,0.000433,0.000660,19.780887,477,0.035558,0.033923,0.154622,163,0.033020,0,"speed_ok,valid_streak_not_ready",STOP,SAFE,0.010447,0.032455,0.034946,4,0,0.000000,APPROACHING,1,current,50000,147.0310,0.38572615,-0.14447629,1.41270435,-0.01345799,1.57092106,0.38572615,0.00000000,0.00000000,0.00000000,0.00000000,0.00000000,0.00000000
249,36.459897,1786367611.009322,2218,50000,1,1,0,0.038125,gripper_base_link,0,0.656366,-0.181937,0.402031,,,,,predicted_track_not_dynamic,RUNNING,1,452,0,0,18.740906,0.032020,0.000435,0.000664,19.780887,477,0.035562,0.021137,0.150699,164,0.031559,0,"speed_ok,valid_streak_not_ready",STOP,SAFE,0.000000,0.032455,0.034692,4,0,0.000000,STATIC,1,current,50000,161.0678,0.38572982,-0.14447629,1.41270435,-0.01345799,1.57092106,0.38572982,0.00002463,0.00000000,0.00000000,0.00000000,0.00000000,0.00002463
250,36.624574,1786367611.170425,2347,50000,1,1,0,0.069526,gripper_base_link,0,0.656296,-0.181985,0.394444,,,,,predicted_track_not_dynamic,RUNNING,1,452,0,0,18.740906,0.032020,0.000435,0.000664,19.780887,477,0.035562,0.015067,0.143833,165,0.031404,0,"speed_ok,valid_streak_not_ready",SLOW,SAFE,0.000000,0.032455,0.065466,4,0,0.000000,STATIC,1,current,50000,151.6509,0.38572982,-0.14447995,1.41270065,-0.01346166,1.57092106,0.38572982,0.00000000,-0.00002217,-0.00002244,-0.00002227,0.00000000,0.00000000
251,36.771639,1786367611.322096,2287,50000,1,1,0,0.081658,gripper_base_link,0,0.659404,-0.182752,0.390929,,,,,predicted_track_not_dynamic,RUNNING,1,452,0,0,18.740906,0.032020,0.000438,0.000668,19.780887,477,0.035565,0.021493,0.147457,166,0.022581,0,"speed_ok,valid_streak_not_ready",SLOW,SAFE,0.000000,0.032457,0.078628,4,0,0.000000,STATIC,1,current,50000,161.1914,0.38573349,-0.14447995,1.41270065,-0.01345799,1.57092106,0.38573349,0.00002493,0.00000000,0.00000000,0.00002494,0.00000000,0.00002493
252,36.936151,1786367611.483320,2286,50000,1,1,0,0.079991,gripper_base_link,0,0.659759,-0.181428,0.400026,,,,,predicted_track_not_dynamic,RUNNING,1,452,0,0,18.740906,0.032020,0.000437,0.000668,19.780887,477,0.035565,0.029738,0.140194,167,0.026286,0,"speed_ok,valid_streak_not_ready",SLOW,SAFE,0.000000,0.032457,0.076478,4,0,0.000000,STATIC,1,current,50000,158.7055,0.38573349,-0.14447995,1.41270065,-0.01346166,1.57092106,0.38573349,0.00000000,0.00000000,0.00000000,-0.00002229,0.00000000,0.00000000
253,37.094711,1786367611.642059,2254,50000,1,1,0,0.085033,gripper_base_link,0,0.659457,-0.180978,0.400082,,,,,predicted_track_not_dynamic,RUNNING,1,452,0,0,18.740906,0.032020,0.000440,0.000671,19.780887,477,0.035565,0.026753,0.139473,168,0.020488,0,"speed_ok,valid_streak_not_ready",SLOW,SAFE,0.000000,0.032459,0.080052,,0,0.079695,SAFE,1,current,50000,159.5561,0.38573718,-0.14447995,1.41270065,-0.01346166,1.57092106,0.38573349,0.00002331,0.00000000,0.00000000,0.00000000,0.00000000,0.00000000
254,37.258007,1786367611.801663,2309,50000,1,1,0,0.083996,gripper_base_link,0,0.654797,-0.183613,0.392147,,,,,predicted_track_not_dynamic,RUNNING,1,452,0,0,18.740906,0.032020,0.000440,0.000671,19.780887,477,0.035565,0.005273,0.145303,169,0.031080,0,"speed_ok,valid_streak_not_ready",SLOW,SAFE,0.000000,0.032454,0.077543,4,0,0.000000,STATIC,1,current,50000,172.3534,0.38573718,-0.14448363,1.41270065,-0.01346166,1.57092106,0.38573349,0.00000000,-0.00002254,0.00000000,0.00000000,0.00000000,0.00000000
255,37.431292,1786367611.974046,2198,50000,1,1,0,0.082107,gripper_base_link,0,0.658932,-0.181931,0.400265,,,,,predicted_track_not_dynamic,RUNNING,1,452,0,0,18.740906,0.032020,0.000064,0.000260,19.780887,477,0.034912,0.013063,0.140092,170,0.023045,0,"speed_ok,valid_streak_not_ready",SLOW,SAFE,0.000000,0.032378,0.078645,4,1,0.000000,STATIC,1,current,50000,161.1430,0.38509893,-0.14447629,1.41270065,-0.01346166,1.57092106,0.38505492,-0.00368323,0.00004231,0.00000000,0.00000000,0.00000000,-0.00391592
256,37.589064,1786367612.135227,2287,50000,1,1,0,0.046799,gripper_base_link,0,0.655978,-0.174355,0.395751,,,,,predicted_track_not_dynamic,RUNNING,1,453,1,0,18.782336,0.031227,0.000009,0.000301,19.822129,478,0.034861,0.024045,0.150378,171,0.030609,0,"speed_ok,valid_streak_not_ready",STOP,SAFE,0.000000,0.032378,0.038170,4,0,0.000000,APPROACHING,1,current,50000,155.1304,0.38367939,-0.14440294,1.41278136,-0.01346166,1.57092106,0.38363171,-0.00899741,0.00046496,0.00051153,0.00000000,0.00000000,-0.00902064
257,37.744975,1786367612.290375,2217,50000,1,1,0,0.039671,gripper_base_link,0,0.653088,-0.179688,0.407801,,,,,predicted_track_not_dynamic,RUNNING,1,453,0,0,18.782336,0.031227,0.000206,0.000426,19.822129,478,0.034520,0.029751,0.143191,172,0.030865,0,"speed_ok,valid_streak_not_ready",STOP,SAFE,0.000000,0.032378,0.035067,4,0,0.000000,APPROACHING,1,current,50000,167.5724,0.38333827,-0.14432956,1.41290247,-0.01345799,1.57092106,0.38332358,-0.00218790,0.00047061,0.00077683,0.00002352,0.00000000,-0.00197630
258,37.912991,1786367612.457970,2308,50000,1,1,0,0.053172,gripper_base_link,0,0.657482,-0.175481,0.400481,,,,,predicted_track_not_dynamic,RUNNING,1,453,0,0,18.782336,0.031227,0.000212,0.000440,19.822129,478,0.034512,0.018609,0.143011,173,0.021969,0,"speed_ok,valid_streak_not_ready",SLOW,SAFE,0.000000,0.031015,0.042507,4,1,0.000000,STATIC,1,current,50000,163.4677,0.38333094,-0.14431857,1.41290975,-0.01345433,1.57092106,0.38330895,-0.00004363,0.00006545,0.00004328,0.00002183,0.00000000,-0.00008709
259,38.072314,1786367612.621470,2341,50000,1,1,0,0.039953,gripper_base_link,0,0.654300,-0.180942,0.396696,,,,,predicted_track_not_dynamic,RUNNING,1,453,0,0,18.782336,0.031227,0.000214,0.000440,19.822129,478,0.034509,0.017476,0.149530,174,0.028261,0,"speed_ok,valid_streak_not_ready",STOP,SAFE,0.000000,0.031013,0.035024,4,0,0.000000,STATIC,1,current,50000,152.2244,0.38332728,-0.14431490,1.41290975,-0.01345066,1.57092106,0.38330895,-0.00002301,0.00002301,0.00000000,0.00002303,0.00000000,0.00000000
260,38.222453,1786367612.773714,2258,50000,1,1,0,0.045486,gripper_base_link,0,0.655966,-0.180110,0.398190,,,,,predicted_track_not_dynamic,RUNNING,1,453,0,0,18.782336,0.031227,0.000217,0.000436,19.822129,478,0.034505,0.011086,0.149231,175,0.027216,0,"speed_ok,valid_streak_not_ready",STOP,SAFE,0.000000,0.031011,0.039433,4,0,0.000000,STATIC,1,current,50000,147.2168,0.38332358,-0.14431122,1.41290975,-0.01343966,1.57092106,0.38331261,-0.00002461,0.00002451,0.00000000,0.00007329,0.00000000,0.00002442
261,38.370027,1786367612.920951,2334,50000,1,1,0,0.057643,gripper_base_link,0,0.657410,-0.180668,0.402203,,,,,predicted_track_not_dynamic,RUNNING,1,453,0,0,18.782336,0.031227,0.000216,0.000436,19.822129,478,0.034505,0.006401,0.141321,176,0.029337,0,"speed_ok,valid_streak_not_ready",SLOW,SAFE,0.000000,0.031011,0.051431,4,0,0.000000,STATIC,1,current,50000,150.6528,0.38332358,-0.14431122,1.41290975,-0.01343232,1.57092106,0.38331261,0.00000000,0.00000000,0.00000000,0.00004972,0.00000000,0.00000000
262,38.526354,1786367613.071627,2249,50000,1,1,0,0.060256,gripper_base_link,0,0.655195,-0.179096,0.389319,,,,,predicted_track_not_dynamic,RUNNING,1,453,0,0,18.782336,0.031227,0.000216,0.000433,19.822129,478,0.034505,0.026987,0.148026,177,0.033583,0,"speed_ok,valid_streak_not_ready",SLOW,SAFE,0.000000,0.031011,0.051224,4,0,0.000000,STATIC,1,current,50000,149.1593,0.38332358,-0.14431122,1.41290975,-0.01342865,1.57092106,0.38331628,0.00000000,0.00000000,0.00000000,0.00002346,0.00000000,0.00002345
263,38.678845,1786367613.220805,2361,50000,1,1,0,0.038173,gripper_base_link,0,0.657282,-0.177104,0.399795,,,,,predicted_track_not_dynamic,RUNNING,1,453,0,0,18.782336,0.031227,0.000216,0.000433,19.822129,478,0.034505,0.022905,0.144679,178,0.022316,0,"speed_ok,valid_streak_not_ready",STOP,SAFE,0.000000,0.031011,0.033834,4,0,0.000000,STATIC,1,current,50000,150.8396,0.38332358,-0.14431122,1.41290605,-0.01342865,1.57092106,0.38331628,0.00000000,0.00000000,-0.00002423,0.00000000,0.00000000,0.00000000
264,38.822049,1786367613.371665,2335,50000,1,1,0,0.066377,gripper_base_link,0,0.656040,-0.178442,0.393286,,,,,predicted_track_not_dynamic,RUNNING,1,453,0,0,18.782336,0.031227,0.000216,0.000433,19.822129,478,0.034505,0.005884,0.146298,179,0.022972,0,"speed_ok,valid_streak_not_ready",SLOW,SAFE,0.000000,0.031011,0.058669,4,0,0.000000,STATIC,1,current,50000,155.3963,0.38332358,-0.14431122,1.41290605,-0.01342865,1.57092106,0.38331628,0.00000000,0.00000000,0.00000000,0.00000000,0.00000000,0.00000000
265,38.978445,1786367613.527082,2338,50000,1,1,0,0.036354,gripper_base_link,0,0.656440,-0.174870,0.397143,,,,,predicted_track_not_dynamic,RUNNING,1,453,0,0,18.782336,0.031227,0.000216,0.000429,19.822129,478,0.034505,0.020023,0.143974,180,0.033352,0,"speed_ok,valid_streak_not_ready",STOP,SAFE,0.000000,0.031011,0.032882,4,0,0.000000,STATIC,1,current,50000,151.1494,0.38332358,-0.14431122,1.41290605,-0.01342865,1.57092106,0.38331991,0.00000000,0.00000000,0.00000000,0.00000000,0.00000000,0.00002325
266,39.129593,1786367613.678251,2286,50000,1,1,0,0.037925,gripper_base_link,0,0.659453,-0.173858,0.397064,,,,,predicted_track_not_dynamic,RUNNING,1,453,0,0,18.782336,0.031227,0.000216,0.000429,19.822129,478,0.034505,0.032027,0.145846,181,0.020582,0,"speed_ok,valid_streak_not_ready",STOP,SAFE,0.000000,0.031011,0.033322,4,0,0.000000,STATIC,1,current,50000,152.2580,0.38332358,-0.14431122,1.41290605,-0.01342865,1.57092106,0.38331991,0.00000000,0.00000000,0.00000000,0.00000000,0.00000000,0.00000000
267,39.285250,1786367613.830529,2329,50000,1,1,0,0.042370,gripper_base_link,0,0.658621,-0.176606,0.400551,,,,,predicted_track_not_dynamic,RUNNING,1,453,0,0,18.782336,0.031227,0.000216,0.000426,19.822129,478,0.034505,0.012509,0.143775,182,0.029697,0,"speed_ok,valid_streak_not_ready",STOP,SAFE,0.000000,0.031011,0.036232,4,0,0.000000,STATIC,1,current,50000,161.5124,0.38332358,-0.14431122,1.41290605,-0.01343232,1.57092106,0.38332358,0.00000000,0.00000000,0.00000000,-0.00002356,0.00000000,0.00002355
268,39.448655,1786367613.992075,2267,50000,1,1,0,0.041853,gripper_base_link,0,0.658091,-0.176882,0.402569,,,,,predicted_track_not_dynamic,RUNNING,1,453,0,0,18.782336,0.031227,0.000216,0.000426,19.822129,478,0.034505,0.002523,0.143651,183,0.027161,0,"speed_ok,valid_streak_not_ready",STOP,SAFE,0.000000,0.031011,0.037420,4,0,0.000000,STATIC,1,current,50000,166.2073,0.38332358,-0.14431122,1.41290605,-0.01343232,1.57092106,0.38332358,0.00000000,0.00000000,0.00000000,0.00000000,0.00000000,0.00000000
269,39.610856,1786367614.158304,2333,50000,1,1,0,0.041362,gripper_base_link,0,0.656936,-0.173369,0.402298,,,,,predicted_track_not_dynamic,RUNNING,1,453,0,0,18.782336,0.031227,0.000216,0.000426,19.822129,478,0.034505,0.016397,0.146011,184,0.027038,0,"speed_ok,valid_streak_not_ready",STOP,SAFE,0.000000,0.031011,0.035636,4,0,0.000000,STATIC,1,current,50000,149.1340,0.38332358,-0.14431122,1.41290605,-0.01343232,1.57092106,0.38332358,0.00000000,0.00000000,0.00000000,0.00000000,0.00000000,0.00000000
270,39.758733,1786367614.307456,2301,50000,1,1,0,0.053078,gripper_base_link,0,0.657358,-0.178904,0.403463,,,,,predicted_track_not_dynamic,RUNNING,1,453,0,0,18.782336,0.031227,0.000216,0.000426,19.822129,478,0.034505,0.013970,0.144855,185,0.029000,0,"speed_ok,valid_streak_not_ready",SLOW,SAFE,0.000000,0.031011,0.043300,4,0,0.000000,STATIC,1,current,50000,149.8194,0.38332358,-0.14431490,1.41290605,-0.01343232,1.57092106,0.38332358,0.00000000,-0.00002489,0.00000000,0.00000000,0.00000000,0.00000000
271,39.906380,1786367614.457296,2336,50000,1,1,0,0.045731,gripper_base_link,0,0.656938,-0.181254,0.394372,,,,,predicted_track_not_dynamic,RUNNING,1,453,0,0,18.782336,0.031227,0.000216,0.000426,19.822129,478,0.034505,0.005117,0.148717,186,0.025171,0,"speed_ok,valid_streak_not_ready",STOP,SAFE,0.000000,0.031012,0.040727,4,0,0.000000,STATIC,1,current,50000,150.6014,0.38332358,-0.14431490,1.41290605,-0.01343232,1.57092106,0.38332358,0.00000000,0.00000000,0.00000000,0.00000000,0.00000000,0.00000000
272,40.056263,1786367614.607916,2386,50000,1,1,0,0.077849,gripper_base_link,0,0.658416,-0.178619,0.401344,,,,,predicted_track_not_dynamic,RUNNING,1,453,0,0,18.782336,0.031227,0.000216,0.000422,19.822129,478,0.034505,0.004114,0.140450,187,0.025983,0,"speed_ok,valid_streak_not_ready",SLOW,SAFE,0.000000,0.031012,0.070732,4,0,0.000000,STATIC,1,current,50000,149.7407,0.38332358,-0.14431122,1.41290247,-0.01343232,1.57092106,0.38332728,0.00000000,0.00002456,-0.00002386,0.00000000,0.00000000,0.00002466
273,40.206913,1786367614.757680,2298,50000,1,1,0,0.037937,gripper_base_link,0,0.655894,-0.177702,0.407092,,,,,predicted_track_not_dynamic,RUNNING,1,453,0,0,18.782336,0.031227,0.000216,0.000422,19.822129,478,0.034505,0.009535,0.144052,188,0.023685,0,"speed_ok,valid_streak_not_ready",STOP,SAFE,0.000000,0.031012,0.033350,4,0,0.000000,STATIC,1,current,50000,151.8916,0.38332358,-0.14431490,1.41290247,-0.01343232,1.57092106,0.38332728,0.00000000,-0.00002443,0.00000000,0.00000000,0.00000000,0.00000000
274,40.370103,1786367614.909591,2310,50000,1,1,0,0.038491,gripper_base_link,0,0.656992,-0.177734,0.399575,,,,,predicted_track_not_dynamic,RUNNING,1,453,0,0,18.782336,0.031227,0.000216,0.000422,19.822129,478,0.034505,0.005644,0.147690,189,0.026253,0,"speed_ok,valid_streak_not_ready",STOP,SAFE,0.000000,0.031012,0.034435,4,0,0.000000,STATIC,1,current,50000,152.5912,0.38332358,-0.14431490,1.41290247,-0.01343232,1.57092106,0.38332728,0.00000000,0.00000000,0.00000000,0.00000000,0.00000000,0.00000000
275,40.511023,1786367615.062201,2287,50000,1,1,0,0.035378,gripper_base_link,0,0.656697,-0.177910,0.405291,,,,,predicted_track_not_dynamic,RUNNING,1,453,0,0,18.782336,0.031227,0.000216,0.000422,19.822129,478,0.034505,0.015796,0.139878,190,0.028933,0,"speed_ok,valid_streak_not_ready",STOP,SAFE,0.000000,0.031012,0.031750,4,0,0.000000,STATIC,1,current,50000,146.8842,0.38332358,-0.14431490,1.41290247,-0.01343232,1.57092106,0.38332728,0.00000000,0.00000000,0.00000000,0.00000000,0.00000000,0.00000000
276,40.657342,1786367615.209104,2303,50000,1,1,0,0.045860,gripper_base_link,0,0.656202,-0.180060,0.396012,,,,,predicted_track_not_dynamic,RUNNING,1,453,0,0,18.782336,0.031227,0.000216,0.000422,19.822129,478,0.034505,0.010948,0.146867,191,0.024987,0,"speed_ok,valid_streak_not_ready",STOP,SAFE,0.000000,0.031012,0.040100,4,0,0.000000,STATIC,1,current,50000,158.4622,0.38332358,-0.14431490,1.41290247,-0.01343599,1.57092106,0.38332728,0.00000000,0.00000000,0.00000000,-0.00002507,0.00000000,0.00000000
277,40.818033,1786367615.367601,2357,50000,1,1,0,0.039869,gripper_base_link,0,0.654749,-0.174285,0.400560,,,,,predicted_track_not_dynamic,RUNNING,1,453,0,0,18.782336,0.031227,0.000216,0.000422,19.822129,478,0.034505,0.023157,0.148252,192,0.032847,0,"speed_ok,valid_streak_not_ready",STOP,SAFE,0.000000,0.031014,0.035005,4,0,0.000000,STATIC,1,current,50000,149.8732,0.38332358,-0.14431490,1.41290247,-0.01343599,1.57092106,0.38332728,0.00000000,0.00000000,0.00000000,0.00000000,0.00000000,0.00000000
278,40.968983,1786367615.517492,2325,50000,1,1,0,0.057601,gripper_base_link,0,0.657944,-0.177662,0.404216,,,,,predicted_track_not_dynamic,RUNNING,1,453,0,0,18.782336,0.031227,0.000214,0.000422,19.822129,478,0.034509,0.011436,0.141397,193,0.025808,0,"speed_ok,valid_streak_not_ready",SLOW,SAFE,0.000000,0.031014,0.049398,4,0,0.000000,STATIC,1,current,50000,159.1339,0.38332728,-0.14431490,1.41290247,-0.01343599,1.57092106,0.38332728,0.00002448,0.00000000,0.00000000,0.00000000,0.00000000,0.00000000
279,41.130814,1786367615.676659,2285,50000,1,1,0,0.043823,gripper_base_link,0,0.655080,-0.177324,0.399986,,,,,predicted_track_not_dynamic,RUNNING,1,453,0,0,18.782336,0.031227,0.000214,0.000422,19.822129,478,0.034509,0.016246,0.143817,194,0.021645,0,"speed_ok,valid_streak_not_ready",STOP,SAFE,0.000000,0.031014,0.039714,4,0,0.000000,STATIC,1,current,50000,144.7641,0.38332728,-0.14431490,1.41290247,-0.01343599,1.57092106,0.38332728,0.00000000,0.00000000,0.00000000,0.00000000,0.00000000,0.00000000
280,41.272026,1786367615.821442,2320,50000,1,1,0,0.046144,gripper_base_link,0,0.658249,-0.180266,0.404604,,,,,predicted_track_not_dynamic,RUNNING,1,453,0,0,18.782336,0.031227,0.000214,0.000422,19.822129,478,0.034509,0.018528,0.141145,195,0.019468,0,"speed_ok,valid_streak_not_ready",STOP,SAFE,0.000000,0.031014,0.039880,4,0,0.000000,STATIC,1,current,50000,149.9489,0.38332728,-0.14431490,1.41290247,-0.01343599,1.57092106,0.38332728,0.00000000,0.00000000,0.00000000,0.00000000,0.00000000,0.00000000
281,41.422424,1786367615.971430,2327,50000,1,1,0,0.077653,gripper_base_link,0,0.659819,-0.178851,0.399288,,,,,predicted_track_not_dynamic,RUNNING,1,453,0,0,18.782336,0.031227,0.000214,0.000422,19.822129,478,0.034509,0.026469,0.140008,196,0.028549,0,"speed_ok,valid_streak_not_ready",SLOW,SAFE,0.000000,0.031014,0.073884,4,0,0.000000,STATIC,1,current,50000,164.6000,0.38332728,-0.14431490,1.41290247,-0.01343599,1.57092106,0.38332728,0.00000000,0.00000000,0.00000000,0.00000000,0.00000000,0.00000000
282,41.594691,1786367616.136060,2307,50000,1,1,0,0.040050,gripper_base_link,0,0.652265,-0.178722,0.407846,,,,,predicted_track_not_dynamic,RUNNING,1,453,0,0,18.782336,0.031227,0.000214,0.000422,19.822129,478,0.034509,0.009332,0.147152,197,0.027809,0,"speed_ok,valid_streak_not_ready",STOP,SAFE,0.000000,0.031014,0.035189,4,0,0.000000,STATIC,1,current,50000,163.0856,0.38332728,-0.14431490,1.41290247,-0.01343599,1.57092106,0.38332728,0.00000000,0.00000000,0.00000000,0.00000000,0.00000000,0.00000000
283,41.749786,1786367616.299166,2231,50000,1,1,0,0.050462,gripper_base_link,0,0.657082,-0.172870,0.403465,,,,,predicted_track_not_dynamic,RUNNING,1,453,0,0,18.782336,0.031227,0.000213,0.000422,19.822129,478,0.034509,0.010314,0.143064,198,0.021424,0,"speed_ok,valid_streak_not_ready",SLOW,SAFE,0.000000,0.031014,0.043285,4,0,0.000000,STATIC,1,current,50000,151.5433,0.38332728,-0.14431490,1.41290247,-0.01343599,1.57092464,0.38332728,0.00000000,0.00000000,0.00000000,0.00000000,0.00002306,0.00000000
284,41.900156,1786367616.450730,2335,50000,1,1,0,0.042233,gripper_base_link,0,0.658061,-0.172016,0.408677,,,,,predicted_track_not_dynamic,RUNNING,1,453,0,0,18.782336,0.031227,0.000214,0.000422,19.822129,478,0.034509,0.014157,0.140511,199,0.028442,0,"speed_ok,valid_streak_not_ready",STOP,SAFE,0.000000,0.031014,0.037004,4,0,0.000000,STATIC,1,current,50000,160.0085,0.38332728,-0.14431490,1.41290247,-0.01343599,1.57092106,0.38332728,0.00000000,0.00000000,0.00000000,0.00000000,-0.00002378,0.00000000
285,42.061470,1786367616.610772,2263,50000,1,1,0,0.039233,gripper_base_link,0,0.657529,-0.175491,0.400253,,,,,predicted_track_not_dynamic,RUNNING,1,453,0,0,18.782336,0.031227,0.000213,0.000422,19.822129,478,0.034509,0.023586,0.142667,200,0.021781,0,"speed_ok,valid_streak_not_ready",STOP,SAFE,0.000000,0.031014,0.035884,4,0,0.000000,STATIC,1,current,50000,147.3976,0.38332728,-0.14431490,1.41289866,-0.01343599,1.57092106,0.38332728,0.00000000,0.00000000,-0.00002365,0.00000000,0.00000000,0.00000000
286,42.210321,1786367616.758189,2357,50000,1,1,0,0.073144,gripper_base_link,0,0.657372,-0.174517,0.399547,,,,,predicted_track_not_dynamic,RUNNING,1,453,0,0,18.782336,0.031227,0.000213,0.000422,19.822129,478,0.034509,0.019690,0.142262,201,0.036002,0,"speed_ok,valid_streak_not_ready",SLOW,SAFE,0.000000,0.031014,0.068631,4,0,0.000000,STATIC,1,current,50000,152.3239,0.38332728,-0.14431490,1.41289866,-0.01343599,1.57092106,0.38332728,0.00000000,0.00000000,0.00000000,0.00000000,0.00000000,0.00000000
287,42.368710,1786367616.910533,2347,50000,1,1,0,0.045151,gripper_base_link,0,0.656487,-0.173080,0.399571,,,,,predicted_track_not_dynamic,RUNNING,1,453,0,0,18.782336,0.031227,0.000213,0.000422,19.822129,478,0.034509,0.012140,0.145670,202,0.026042,0,"speed_ok,valid_streak_not_ready",STOP,SAFE,0.000000,0.031014,0.040080,4,0,0.000000,STATIC,1,current,50000,149.7059,0.38332728,-0.14431490,1.41289866,-0.01343599,1.57092106,0.38332728,0.00000000,0.00000000,0.00000000,0.00000000,0.00000000,0.00000000
288,42.509278,1786367617.060259,2305,50000,1,1,0,0.047525,gripper_base_link,0,0.655641,-0.176685,0.399449,,,,,predicted_track_not_dynamic,RUNNING,1,453,0,0,18.782336,0.031227,0.000213,0.000422,19.822129,478,0.034509,0.019012,0.143933,203,0.028051,0,"speed_ok,valid_streak_not_ready",STOP,SAFE,0.000000,0.031014,0.042088,4,0,0.000000,STATIC,1,current,50000,149.2509,0.38332728,-0.14431490,1.41289866,-0.01343599,1.57092464,0.38332728,0.00000000,0.00000000,0.00000000,0.00000000,0.00002544,0.00000000
289,42.661949,1786367617.209529,2249,50000,1,1,0,0.036541,gripper_base_link,0,0.656972,-0.182779,0.398370,,,,,predicted_track_not_dynamic,RUNNING,1,453,0,0,18.782336,0.031227,0.000213,0.000422,19.822129,478,0.034509,0.007855,0.147822,204,0.026285,0,"speed_ok,valid_streak_not_ready",STOP,SAFE,0.000000,0.031014,0.032768,4,0,0.000000,STATIC,1,current,50000,148.8025,0.38332728,-0.14431490,1.41289866,-0.01343599,1.57092106,0.38332728,0.00000000,0.00000000,0.00000000,0.00000000,-0.00002342,0.00000000
290,42.806686,1786367617.358351,2322,50000,1,1,0,0.051091,left_link,0,0.658224,-0.179689,0.404591,,,,,predicted_track_not_dynamic,RUNNING,1,453,0,0,18.782336,0.031227,0.000213,0.000422,19.822129,478,0.034509,0.027203,0.141480,205,0.025100,0,"speed_ok,valid_streak_not_ready",SLOW,SAFE,0.000000,0.031014,0.044636,4,0,0.000000,STATIC,1,current,50000,148.3028,0.38332728,-0.14431490,1.41289866,-0.01343599,1.57092106,0.38332728,0.00000000,0.00000000,0.00000000,0.00000000,0.00000000,0.00000000
291,42.958387,1786367617.506672,2265,50000,1,1,0,0.079251,gripper_base_link,0,0.655534,-0.178527,0.404502,,,,,predicted_track_not_dynamic,RUNNING,1,453,0,0,18.782336,0.031227,0.000213,0.000422,19.822129,478,0.034509,0.005886,0.141426,206,0.026160,0,"speed_ok,valid_streak_not_ready",SLOW,SAFE,0.000000,0.031014,0.072917,4,0,0.000000,STATIC,1,current,50000,155.3559,0.38332728,-0.14431490,1.41289866,-0.01343599,1.57092106,0.38332728,0.00000000,0.00000000,0.00000000,0.00000000,0.00000000,0.00000000
292,43.111856,1786367617.662048,2274,50000,1,1,0,0.050460,gripper_base_link,0,0.659405,-0.174838,0.398499,,,,,predicted_track_not_dynamic,RUNNING,1,453,0,0,18.782336,0.031227,0.000213,0.000422,19.822129,478,0.034509,0.009381,0.145150,207,0.026221,0,"speed_ok,valid_streak_not_ready",SLOW,SAFE,0.000000,0.031014,0.043159,4,0,0.000000,STATIC,1,current,50000,147.4761,0.38332728,-0.14431490,1.41289866,-0.01343599,1.57092106,0.38332728,0.00000000,0.00000000,0.00000000,0.00000000,0.00000000,0.00000000
293,43.261172,1786367617.809544,2309,50000,1,1,0,0.050426,gripper_base_link,0,0.656777,-0.178290,0.403010,,,,,predicted_track_not_dynamic,RUNNING,1,453,0,0,18.782336,0.031227,0.000213,0.000422,19.822129,478,0.034509,0.006257,0.141532,208,0.026944,0,"speed_ok,valid_streak_not_ready",SLOW,SAFE,0.000000,0.031014,0.042930,4,0,0.000000,STATIC,1,current,50000,149.5006,0.38332728,-0.14431490,1.41289866,-0.01343599,1.57092106,0.38332728,0.00000000,0.00000000,0.00000000,0.00000000,0.00000000,0.00000000
294,43.408621,1786367617.959063,2253,50000,1,1,0,0.047827,gripper_base_link,0,0.656757,-0.177905,0.395451,,,,,predicted_track_not_dynamic,RUNNING,1,453,0,0,18.782336,0.031227,0.000213,0.000422,19.822129,478,0.034509,0.017785,0.146052,209,0.028228,0,"speed_ok,valid_streak_not_ready",STOP,SAFE,0.000000,0.031014,0.043168,4,0,0.000000,STATIC,1,current,50000,163.4050,0.38332728,-0.14431490,1.41289866,-0.01343599,1.57092106,0.38332728,0.00000000,0.00000000,0.00000000,0.00000000,0.00000000,0.00000000
295,43.581106,1786367618.122499,2371,50000,1,1,0,0.050093,gripper_base_link,0,0.655720,-0.179729,0.399261,,,,,predicted_track_not_dynamic,RUNNING,1,453,0,0,18.782336,0.031227,0.000213,0.000422,19.822129,478,0.034509,0.013488,0.147527,210,0.026662,0,"speed_ok,valid_streak_not_ready",SLOW,SAFE,0.000000,0.031014,0.040375,4,0,0.000000,STATIC,1,current,50000,151.2203,0.38332728,-0.14431490,1.41289866,-0.01343599,1.57092106,0.38332728,0.00000000,0.00000000,0.00000000,0.00000000,0.00000000,0.00000000
296,43.733042,1786367618.273751,2319,50000,1,1,0,0.076714,gripper_base_link,0,0.657464,-0.177437,0.408708,,,,,predicted_track_not_dynamic,RUNNING,1,453,0,0,18.782336,0.031227,0.000213,0.000422,19.822129,478,0.034509,0.015207,0.140065,211,0.032030,0,"speed_ok,valid_streak_not_ready",SLOW,SAFE,0.000000,0.031014,0.073505,4,0,0.000000,STATIC,1,current,50000,161.0385,0.38332728,-0.14431490,1.41289866,-0.01343599,1.57092106,0.38332728,0.00000000,0.00000000,0.00000000,0.00000000,0.00000000,0.00000000
297,43.900736,1786367618.434811,2315,50000,1,1,0,0.035356,gripper_base_link,0,0.656891,-0.177279,0.404610,,,,,predicted_track_not_dynamic,RUNNING,1,453,0,0,18.782336,0.031227,0.000213,0.000422,19.822129,478,0.034509,0.013676,0.142754,212,0.022143,0,"speed_ok,valid_streak_not_ready",STOP,SAFE,0.000000,0.031014,0.031763,4,0,0.000000,STATIC,1,current,50000,168.4112,0.38332728,-0.14431490,1.41289866,-0.01343599,1.57092106,0.38332728,0.00000000,0.00000000,0.00000000,0.00000000,0.00000000,0.00000000
298,44.068064,1786367618.603247,2318,50000,1,1,0,0.046289,gripper_base_link,0,0.659384,-0.179333,0.395826,,,,,predicted_track_not_dynamic,RUNNING,1,453,0,0,18.782336,0.031227,0.000213,0.000422,19.822129,478,0.034509,0.010031,0.142429,213,0.029071,0,"speed_ok,valid_streak_not_ready",STOP,SAFE,0.000000,0.031014,0.040685,4,0,0.000000,STATIC,1,current,50000,162.9082,0.38332728,-0.14431490,1.41289866,-0.01343599,1.57092106,0.38332728,0.00000000,0.00000000,0.00000000,0.00000000,0.00000000,0.00000000
299,44.218477,1786367618.766177,2291,50000,1,1,0,0.076785,gripper_base_link,0,0.660907,-0.177454,0.394504,,,,,predicted_track_not_dynamic,RUNNING,1,453,0,0,18.782336,0.031227,0.000213,0.000422,19.822129,478,0.034509,0.030710,0.141354,214,0.025471,0,"speed_ok,valid_streak_not_ready",SLOW,SAFE,0.000000,0.031014,0.071034,4,0,0.000000,STATIC,1,current,50000,144.1509,0.38332728,-0.14431490,1.41289866,-0.01343599,1.57092106,0.38332728,0.00000000,0.00000000,0.00000000,0.00000000,0.00000000,0.00000000
300,44.369450,1786367618.910351,2327,50000,1,1,0,0.039459,gripper_base_link,0,0.657191,-0.174353,0.397431,,,,,predicted_track_not_dynamic,RUNNING,1,453,0,0,18.782336,0.031227,0.000213,0.000422,19.822129,478,0.034509,0.017566,0.144336,215,0.023857,0,"speed_ok,valid_streak_not_ready",STOP,SAFE,0.000000,0.031014,0.034963,4,0,0.000000,STATIC,1,current,50000,151.8040,0.38332728,-0.14431490,1.41289866,-0.01343599,1.57092106,0.38332728,0.00000000,0.00000000,0.00000000,0.00000000,0.00000000,0.00000000
301,44.511236,1786367619.062175,2254,50000,1,1,0,0.044608,gripper_base_link,0,0.656371,-0.178146,0.402914,,,,,predicted_track_not_dynamic,RUNNING,1,453,0,0,18.782336,0.031227,0.000213,0.000422,19.822129,478,0.034509,0.015112,0.142904,216,0.026604,0,"speed_ok,valid_streak_not_ready",STOP,SAFE,0.000000,0.031014,0.040509,4,0,0.000000,STATIC,1,current,50000,147.8390,0.38332728,-0.14431490,1.41289866,-0.01343599,1.57092106,0.38332728,0.00000000,0.00000000,0.00000000,0.00000000,0.00000000,0.00000000
302,44.658903,1786367619.210036,2312,50000,1,1,0,0.049428,left_link,0,0.658199,-0.177260,0.395351,,,,,predicted_track_not_dynamic,RUNNING,1,453,0,0,18.782336,0.031227,0.000213,0.000422,19.822129,478,0.034509,0.006172,0.146792,217,0.024615,0,"speed_ok,valid_streak_not_ready",STOP,SAFE,0.000000,0.031014,0.038596,4,0,0.000000,STATIC,1,current,50000,146.6765,0.38332728,-0.14431490,1.41289866,-0.01343599,1.57092106,0.38332728,0.00000000,0.00000000,0.00000000,0.00000000,0.00000000,0.00000000
303,44.806101,1786367619.356731,2307,50000,1,1,0,0.046195,gripper_base_link,0,0.656636,-0.182305,0.388553,,,,,predicted_track_not_dynamic,RUNNING,1,453,0,0,18.782336,0.031227,0.000213,0.000422,19.822129,478,0.034509,0.038212,0.150035,218,0.036445,0,"speed_ok,valid_streak_not_ready",STOP,SAFE,0.000000,0.031014,0.042057,4,0,0.000000,STATIC,1,current,50000,153.1187,0.38332728,-0.14431490,1.41289866,-0.01343599,1.57092106,0.38332728,0.00000000,0.00000000,0.00000000,0.00000000,0.00000000,0.00000000
304,44.959563,1786367619.509871,2247,50000,1,1,0,0.051822,gripper_base_link,0,0.658858,-0.178086,0.397383,,,,,predicted_track_not_dynamic,RUNNING,1,453,0,0,18.782336,0.031227,0.000213,0.000422,19.822129,478,0.034509,0.013438,0.142699,219,0.023936,0,"speed_ok,valid_streak_not_ready",SLOW,SAFE,0.000000,0.031014,0.046186,4,0,0.000000,STATIC,1,current,50000,160.3107,0.38332728,-0.14431490,1.41289866,-0.01343599,1.57092106,0.38332728,0.00000000,0.00000000,0.00000000,0.00000000,0.00000000,0.00000000
305,45.130551,1786367619.670212,2270,50000,1,1,0,0.047286,gripper_base_link,0,0.653286,-0.182211,0.404695,,,,,predicted_track_not_dynamic,RUNNING,1,453,0,0,18.782336,0.031227,0.000213,0.000422,19.822129,478,0.034509,0.004019,0.145082,220,0.025077,0,"speed_ok,valid_streak_not_ready",STOP,SAFE,0.000000,0.031014,0.042411,4,0,0.000000,STATIC,1,current,50000,161.6139,0.38332728,-0.14431490,1.41289866,-0.01343599,1.57092106,0.38332728,0.00000000,0.00000000,0.00000000,0.00000000,0.00000000,0.00000000
306,45.286208,1786367619.831846,2327,50000,1,1,0,0.040696,gripper_base_link,0,0.658575,-0.178729,0.404591,,,,,predicted_track_not_dynamic,RUNNING,1,453,0,0,18.782336,0.031227,0.000213,0.000422,19.822129,478,0.034509,0.018863,0.141651,221,0.018713,0,"speed_ok,valid_streak_not_ready",STOP,SAFE,0.000000,0.031014,0.035724,4,0,0.000000,STATIC,1,current,50000,150.8574,0.38332728,-0.14431490,1.41289866,-0.01343599,1.57092106,0.38332728,0.00000000,0.00000000,0.00000000,0.00000000,0.00000000,0.00000000
307,45.428771,1786367619.982723,2276,50000,1,1,0,0.044842,gripper_base_link,0,0.660469,-0.176475,0.393193,,,,,predicted_track_not_dynamic,RUNNING,1,453,0,0,18.782336,0.031227,0.000213,0.000422,19.822129,478,0.034509,0.028286,0.145012,222,0.023865,0,"speed_ok,valid_streak_not_ready",STOP,SAFE,0.000000,0.031014,0.038116,4,0,0.000000,STATIC,1,current,50000,322.3269,0.38332728,-0.14431490,1.41289866,-0.01343599,1.57092106,0.38332728,0.00000000,0.00000000,0.00000000,0.00000000,0.00000000,0.00000000
308,45.755766,1786367620.305070,2343,50000,1,1,0,0.045947,gripper_base_link,0,0.653822,-0.178907,0.403610,,,,,predicted_track_not_dynamic,RUNNING,1,453,0,0,18.782336,0.031227,0.000213,0.000422,19.822129,478,0.034509,0.014612,0.147404,223,0.032661,0,"speed_ok,valid_streak_not_ready",STOP,SAFE,0.000000,0.031014,0.037485,4,0,0.000000,STATIC,1,current,50000,153.2877,0.38332728,-0.14431490,1.41289866,-0.01343599,1.57092106,0.38332728,0.00000000,0.00000000,0.00000000,0.00000000,0.00000000,0.00000000
309,45.909181,1786367620.458379,2250,50000,1,1,0,0.038335,gripper_base_link,0,0.657299,-0.178411,0.389230,,,,,predicted_track_not_dynamic,RUNNING,1,453,0,0,18.782336,0.031227,0.000213,0.000422,19.822129,478,0.034509,0.017643,0.146438,224,0.034759,0,"speed_ok,valid_streak_not_ready",STOP,SAFE,0.000000,0.031014,0.032958,4,0,0.000000,STATIC,1,current,50000,153.2177,0.38332728,-0.14431490,1.41289866,-0.01343599,1.57092106,0.38332728,0.00000000,0.00000000,0.00000000,0.00000000,0.00000000,0.00000000
310,46.063113,1786367620.611617,2271,50000,1,1,0,0.053351,gripper_base_link,0,0.655579,-0.182023,0.397643,,,,,predicted_track_not_dynamic,RUNNING,1,453,0,0,18.782336,0.031227,0.000213,0.000422,19.822129,478,0.034509,0.028501,0.145264,225,0.035132,0,"speed_ok,valid_streak_not_ready",SLOW,SAFE,0.000000,0.031014,0.047343,4,0,0.000000,STATIC,1,current,50000,152.9448,0.38332728,-0.14431490,1.41289866,-0.01343599,1.57092106,0.38332728,0.00000000,0.00000000,0.00000000,0.00000000,0.00000000,0.00000000
311,46.217236,1786367620.764589,2323,50000,1,1,0,0.038116,gripper_base_link,0,0.655173,-0.174978,0.396777,,,,,predicted_track_not_dynamic,RUNNING,1,453,0,0,18.782336,0.031227,0.000213,0.000422,19.822129,478,0.034509,0.008498,0.150886,226,0.025557,0,"speed_ok,valid_streak_not_ready",STOP,SAFE,0.000000,0.031014,0.033597,4,0,0.000000,STATIC,1,current,50000,150.9309,0.38332728,-0.14431490,1.41289866,-0.01343599,1.57092106,0.38332728,0.00000000,0.00000000,0.00000000,0.00000000,0.00000000,0.00000000
312,46.367976,1786367620.915539,2288,50000,1,1,0,0.065882,gripper_base_link,0,0.653530,-0.180413,0.391062,,,,,predicted_track_not_dynamic,RUNNING,1,453,0,0,18.782336,0.031227,0.000213,0.000422,19.822129,478,0.034509,0.014649,0.148304,227,0.031283,0,"speed_ok,valid_streak_not_ready",SLOW,SAFE,0.000000,0.031014,0.056938,4,0,0.000000,STATIC,1,current,50000,154.4240,0.38332728,-0.14431490,1.41289866,-0.01343599,1.57092106,0.38332728,0.00000000,0.00000000,0.00000000,0.00000000,0.00000000,0.00000000
313,46.519494,1786367621.069983,2393,50000,1,1,0,0.037590,gripper_base_link,0,0.656668,-0.180700,0.400683,,,,,predicted_track_not_dynamic,RUNNING,1,453,0,0,18.782336,0.031227,0.000213,0.000422,19.822129,478,0.034509,0.031856,0.145446,228,0.025195,0,"speed_ok,valid_streak_not_ready",STOP,SAFE,0.000000,0.031014,0.032954,4,0,0.000000,STATIC,1,current,50000,156.3058,0.38332728,-0.14431490,1.41289866,-0.01343599,1.57092106,0.38332728,0.00000000,0.00000000,0.00000000,0.00000000,0.00000000,0.00000000
314,46.672966,1786367621.226309,2266,50000,1,1,0,0.035986,gripper_base_link,0,0.657192,-0.178464,0.397966,,,,,predicted_track_not_dynamic,RUNNING,1,453,0,0,18.782336,0.031227,0.000213,0.000422,19.822129,478,0.034509,0.019626,0.148190,229,0.026053,0,"speed_ok,valid_streak_not_ready",STOP,SAFE,0.000000,0.031014,0.031880,4,0,0.000000,STATIC,1,current,50000,153.9839,0.38332728,-0.14431490,1.41289866,-0.01343599,1.57092106,0.38332728,0.00000000,0.00000000,0.00000000,0.00000000,0.00000000,0.00000000
315,46.841631,1786367621.380328,2338,50000,1,1,0,0.049979,gripper_base_link,0,0.661209,-0.178663,0.398110,,,,,predicted_track_not_dynamic,RUNNING,1,453,0,0,18.782336,0.031227,0.000213,0.000422,19.822129,478,0.034509,0.021578,0.139471,230,0.022549,0,"speed_ok,valid_streak_not_ready",STOP,SAFE,0.000000,0.031014,0.045655,4,0,0.000000,STATIC,1,current,50000,153.9790,0.38332728,-0.14431490,1.41289866,-0.01343599,1.57092106,0.38332728,0.00000000,0.00000000,0.00000000,0.00000000,0.00000000,0.00000000
316,46.981229,1786367621.534323,2328,50000,1,1,0,0.050845,gripper_base_link,0,0.654100,-0.179160,0.409627,,,,,predicted_track_not_dynamic,RUNNING,1,453,0,0,18.782336,0.031227,0.000213,0.000422,19.822129,478,0.034509,0.022764,0.145508,231,0.027061,0,"speed_ok,valid_streak_not_ready",SLOW,SAFE,0.000000,0.031014,0.041131,4,0,0.000000,STATIC,1,current,50000,151.9679,0.38332728,-0.14431490,1.41289866,-0.01343599,1.57092106,0.38332728,0.00000000,0.00000000,0.00000000,0.00000000,0.00000000,0.00000000
317,47.142325,1786367621.686312,2325,50000,1,1,0,0.039881,gripper_base_link,0,0.656237,-0.179096,0.402358,,,,,predicted_track_not_dynamic,RUNNING,1,453,0,0,18.782336,0.031227,0.000213,0.000422,19.822129,478,0.034509,0.006994,0.142066,232,0.028643,0,"speed_ok,valid_streak_not_ready",STOP,SAFE,0.000000,0.031014,0.035562,4,0,0.000000,STATIC,1,current,50000,156.8923,0.38332728,-0.14431490,1.41289866,-0.01343599,1.57092106,0.38332728,0.00000000,0.00000000,0.00000000,0.00000000,0.00000000,0.00000000
318,47.298124,1786367621.843227,2286,50000,1,1,0,0.040434,gripper_base_link,0,0.658009,-0.176656,0.405745,,,,,predicted_track_not_dynamic,RUNNING,1,453,0,0,18.782336,0.031227,0.000213,0.000422,19.822129,478,0.034509,0.018137,0.145030,233,0.019419,0,"speed_ok,valid_streak_not_ready",STOP,SAFE,0.000000,0.031014,0.037085,4,0,0.000000,STATIC,1,current,50000,158.6480,0.38332728,-0.14431490,1.41289866,-0.01343599,1.57092106,0.38332728,0.00000000,0.00000000,0.00000000,0.00000000,0.00000000,0.00000000
319,47.458181,1786367622.001899,2272,50000,1,1,0,0.045895,gripper_base_link,0,0.657513,-0.177668,0.397093,,,,,predicted_track_not_dynamic,RUNNING,1,453,0,0,18.782336,0.031227,0.000213,0.000422,19.822129,478,0.034509,0.019758,0.142617,234,0.026636,0,"speed_ok,valid_streak_not_ready",STOP,SAFE,0.000000,0.031014,0.042027,4,0,0.000000,STATIC,1,current,50000,156.3777,0.38332728,-0.14431490,1.41289866,-0.01343599,1.57092106,0.38332728,0.00000000,0.00000000,0.00000000,0.00000000,0.00000000,0.00000000
320,47.619036,1786367622.158304,2271,50000,1,1,0,0.038800,gripper_base_link,0,0.657409,-0.179754,0.398843,,,,,predicted_track_not_dynamic,RUNNING,1,453,0,0,18.782336,0.031227,0.000213,0.000422,19.822129,478,0.034509,0.006396,0.145747,235,0.028628,0,"speed_ok,valid_streak_not_ready",STOP,SAFE,0.000000,0.031014,0.035154,4,0,0.000000,STATIC,1,current,50000,174.6395,0.38332728,-0.14431490,1.41289866,-0.01343599,1.57092464,0.38332728,0.00000000,0.00000000,0.00000000,0.00000000,0.00002223,0.00000000
321,47.793077,1786367622.332977,2263,50000,1,1,0,0.042316,left_link,0,0.655518,-0.178624,0.392585,,,,,predicted_track_not_dynamic,RUNNING,1,453,0,0,18.782336,0.031227,0.000213,0.000422,19.822129,478,0.034509,0.018883,0.146281,236,0.031644,0,"speed_ok,valid_streak_not_ready",STOP,SAFE,0.000000,0.031014,0.037452,4,0,0.000000,STATIC,1,current,50000,174.4478,0.38332728,-0.14431490,1.41289866,-0.01343599,1.57092106,0.38332728,0.00000000,0.00000000,0.00000000,0.00000000,-0.00002055,0.00000000
322,47.968661,1786367622.507457,2241,50000,1,1,0,0.037936,gripper_base_link,0,0.656290,-0.178385,0.397694,,,,,predicted_track_not_dynamic,RUNNING,1,453,0,0,18.782336,0.031227,0.000213,0.000422,19.822129,478,0.034509,0.019844,0.145997,237,0.026882,0,"speed_ok,valid_streak_not_ready",STOP,SAFE,0.000000,0.031014,0.033811,4,0,0.000000,STATIC,1,current,50000,155.1521,0.38332728,-0.14431490,1.41289866,-0.01343599,1.57092106,0.38332728,0.00000000,0.00000000,0.00000000,0.00000000,0.00000000,0.00000000
323,48.116169,1786367622.662632,2275,50000,1,1,0,0.049764,gripper_base_link,0,0.657079,-0.171989,0.396048,,,,,predicted_track_not_dynamic,RUNNING,1,453,0,0,18.782336,0.031227,0.000213,0.000422,19.822129,478,0.034509,0.012631,0.147881,238,0.028751,0,"speed_ok,valid_streak_not_ready",STOP,SAFE,0.000000,0.031014,0.041204,4,0,0.000000,STATIC,1,current,50000,164.1081,0.38332728,-0.14431490,1.41289866,-0.01343599,1.57092106,0.38332728,0.00000000,0.00000000,0.00000000,0.00000000,0.00000000,0.00000000
324,48.281213,1786367622.826773,2268,50000,1,1,0,0.047731,gripper_base_link,0,0.654576,-0.178806,0.404069,,,,,predicted_track_not_dynamic,RUNNING,1,453,0,0,18.782336,0.031227,0.000213,0.000422,19.822129,478,0.034509,0.006536,0.144169,239,0.026808,0,"speed_ok,valid_streak_not_ready",STOP,SAFE,0.000000,0.031014,0.042781,4,0,0.000000,STATIC,1,current,50000,155.2202,0.38332728,-0.14431490,1.41289866,-0.01343599,1.57092106,0.38332728,0.00000000,0.00000000,0.00000000,0.00000000,0.00000000,0.00000000
325,48.431977,1786367622.982013,2292,50000,1,1,0,0.040703,gripper_base_link,0,0.657704,-0.180566,0.399762,,,,,predicted_track_not_dynamic,RUNNING,1,453,0,0,18.782336,0.031227,0.000213,0.000422,19.822129,478,0.034509,0.021232,0.143139,240,0.022872,0,"speed_ok,valid_streak_not_ready",STOP,SAFE,0.000000,0.031014,0.037097,4,0,0.000000,STATIC,1,current,50000,156.0945,0.38332728,-0.14431490,1.41289866,-0.01343599,1.57092106,0.38332728,0.00000000,0.00000000,0.00000000,0.00000000,0.00000000,0.00000000
326,48.587294,1786367623.138127,2254,50000,1,1,0,0.068261,left_link,0,0.657228,-0.184842,0.396245,,,,,predicted_track_not_dynamic,RUNNING,1,453,0,0,18.782336,0.031227,0.000213,0.000422,19.822129,478,0.034509,0.010953,0.143259,241,0.028429,0,"speed_ok,valid_streak_not_ready",SLOW,SAFE,0.000000,0.031014,0.069177,4,0,0.000000,STATIC,1,current,50000,161.9518,0.38332728,-0.14431490,1.41289866,-0.01343599,1.57092106,0.38332728,0.00000000,0.00000000,0.00000000,0.00000000,0.00000000,0.00000000
327,48.749292,1786367623.300105,2333,50000,1,1,0,0.052256,left_link,0,0.656715,-0.174480,0.409070,,,,,predicted_track_not_dynamic,RUNNING,1,453,0,0,18.782336,0.031227,0.000213,0.000422,19.822129,478,0.034509,0.013514,0.140534,242,0.027207,0,"speed_ok,valid_streak_not_ready",SLOW,SAFE,0.000000,0.031014,0.048069,4,0,0.000000,STATIC,1,current,50000,154.9914,0.38332728,-0.14431490,1.41289866,-0.01343599,1.57092106,0.38332728,0.00000000,0.00000000,0.00000000,0.00000000,0.00000000,0.00000000
328,48.913291,1786367623.455130,2253,50000,1,1,0,0.039357,gripper_base_link,0,0.658668,-0.176291,0.397806,,,,,predicted_track_not_dynamic,RUNNING,1,453,0,0,18.782336,0.031227,0.000213,0.000422,19.822129,478,0.034509,0.008393,0.146701,243,0.030496,0,"speed_ok,valid_streak_not_ready",STOP,SAFE,0.000000,0.031014,0.034831,4,0,0.000000,STATIC,1,current,50000,157.5103,0.38332728,-0.14431490,1.41289866,-0.01343599,1.57092106,0.38332728,0.00000000,0.00000000,0.00000000,0.00000000,0.00000000,0.00000000
329,49.060213,1786367623.612661,2186,50000,1,1,0,0.036911,gripper_base_link,0,0.656790,-0.178707,0.406296,,,,,predicted_track_not_dynamic,RUNNING,1,453,0,0,18.782336,0.031227,0.000213,0.000422,19.822129,478,0.034509,0.008372,0.139594,244,0.024545,0,"speed_ok,valid_streak_not_ready",STOP,SAFE,0.000000,0.031014,0.033462,4,0,0.000000,STATIC,1,current,50000,161.5156,0.38332728,-0.14431490,1.41289866,-0.01343599,1.57092106,0.38332728,0.00000000,0.00000000,0.00000000,0.00000000,0.00000000,0.00000000
330,49.225008,1786367623.774207,2322,50000,1,1,0,0.044988,gripper_base_link,0,0.654034,-0.175298,0.404300,,,,,predicted_track_not_dynamic,RUNNING,1,453,0,0,18.782336,0.031227,0.000213,0.000422,19.822129,478,0.034509,0.021363,0.144165,245,0.022612,0,"speed_ok,valid_streak_not_ready",STOP,SAFE,0.000000,0.031014,0.038998,4,0,0.000000,STATIC,1,current,50000,149.4533,0.38332728,-0.14431490,1.41289866,-0.01343599,1.57092106,0.38332728,0.00000000,0.00000000,0.00000000,0.00000000,0.00000000,0.00000000
331,49.374112,1786367623.923679,2289,50000,1,1,0,0.046191,gripper_base_link,0,0.660274,-0.177510,0.398625,,,,,predicted_track_not_dynamic,RUNNING,1,453,0,0,18.782336,0.031227,0.000213,0.000422,19.822129,478,0.034509,0.009578,0.145080,246,0.027450,0,"speed_ok,valid_streak_not_ready",STOP,SAFE,0.000000,0.031014,0.041226,4,0,0.000000,STATIC,1,current,50000,152.5902,0.38332728,-0.14431490,1.41289866,-0.01343599,1.57092106,0.38332728,0.00000000,0.00000000,0.00000000,0.00000000,0.00000000,0.00000000
332,49.535649,1786367624.076293,2337,50000,1,1,0,0.040473,gripper_base_link,0,0.656816,-0.178680,0.399810,,,,,predicted_track_not_dynamic,RUNNING,1,453,0,0,18.782336,0.031227,0.000213,0.000422,19.822129,478,0.034509,0.006338,0.145839,247,0.029036,0,"speed_ok,valid_streak_not_ready",STOP,SAFE,0.000000,0.031014,0.036242,4,0,0.000000,STATIC,1,current,50000,155.5604,0.38332728,-0.14431490,1.41289866,-0.01343599,1.57092106,0.38332728,0.00000000,0.00000000,0.00000000,0.00000000,0.00000000,0.00000000
333,49.685718,1786367624.231873,2268,50000,1,1,0,0.046757,gripper_base_link,0,0.656122,-0.177083,0.395787,,,,,predicted_track_not_dynamic,RUNNING,1,453,0,0,18.782336,0.031227,0.000213,0.000422,19.822129,478,0.034509,0.024197,0.146520,248,0.033445,0,"speed_ok,valid_streak_not_ready",STOP,SAFE,0.000000,0.031014,0.038248,4,0,0.000000,STATIC,1,current,50000,162.0179,0.38332728,-0.14431490,1.41289866,-0.01343599,1.57092106,0.38332728,0.00000000,0.00000000,0.00000000,0.00000000,0.00000000,0.00000000
334,49.856897,1786367624.393920,2266,50000,1,1,0,0.039570,gripper_base_link,0,0.655168,-0.178666,0.392723,,,,,predicted_track_not_dynamic,RUNNING,1,453,0,0,18.782336,0.031227,0.000213,0.000422,19.822129,478,0.034509,0.024614,0.149463,249,0.032614,0,"speed_ok,valid_streak_not_ready",STOP,SAFE,0.000000,0.031014,0.035207,4,0,0.000000,STATIC,1,current,50000,156.0184,0.38332728,-0.14431490,1.41289866,-0.01343599,1.57092106,0.38332728,0.00000000,0.00000000,0.00000000,0.00000000,0.00000000,0.00000000
335,50.024927,1786367624.549971,2265,50000,1,1,0,0.050754,left_link,0,0.658373,-0.177891,0.403447,,,,,predicted_track_not_dynamic,RUNNING,1,453,0,0,18.782336,0.031227,0.000213,0.000422,19.822129,478,0.034509,0.001764,0.142829,250,0.028264,0,"speed_ok,valid_streak_not_ready",SLOW,SAFE,0.000000,0.031014,0.044452,4,0,0.000000,STATIC,1,current,50000,194.1557,0.38332728,-0.14431490,1.41289866,-0.01343599,1.57092106,0.38332728,0.00000000,0.00000000,0.00000000,0.00000000,0.00000000,0.00000000
336,50.207212,1786367624.744151,2375,50000,1,1,0,0.044500,gripper_base_link,0,0.656907,-0.176708,0.404469,,,,,predicted_track_not_dynamic,RUNNING,1,453,0,0,18.782336,0.031227,0.000213,0.000422,19.822129,478,0.034509,0.008249,0.142457,251,0.026757,0,"speed_ok,valid_streak_not_ready",STOP,SAFE,0.000000,0.031014,0.040813,4,0,0.000000,STATIC,1,current,50000,160.6858,0.38332728,-0.14431490,1.41289866,-0.01343599,1.57092106,0.38332728,0.00000000,0.00000000,0.00000000,0.00000000,0.00000000,0.00000000
