frame,t_s,timestamp,scene_points,robot_points,cluster_count,stable_track_count,risk_sphere_count,nearest_distance_m,nearest_link,nearest_cluster_index,nearest_cluster_x,nearest_cluster_y,nearest_cluster_z,predicted_distance_m,predicted_nearest_link,predicted_tau_s,predicted_object_id,trigger_block_reason,reference_state,reference_armed,reference_index,reference_index_step,reference_step_clamped,reference_time_s,reference_tcp_y_m,reference_actual_y_error_m,reference_joint_match_max_rad,reference_future_time_s,reference_future_index,reference_future_delta_q_max_rad,predicted_object_speed_m_s,predicted_object_radius_m,predicted_object_age,predicted_object_association_error_m,dynamic_object_valid,dynamic_object_block_reason,risk_state_current,risk_state_predicted,max_track_speed_m_s,motion_y_m,guard_distance_m,guard_object_id,guard_in_motion_direction,guard_speed_scale,guard_decision,guard_cluster_count,guard_robot_points_source,guard_robot_points_count,elapsed_ms,q1_rad,q2_rad,q3_rad,q4_rad,q5_rad,q6_rad,qd1_rad_s,qd2_rad_s,qd3_rad_s,qd4_rad_s,qd5_rad_s,qd6_rad_s
0,0.172840,1786362066.545763,0,50000,0,0,0,,,,,,,,,,,reference_not_armed,WAIT_REFERENCE_START,0,0,0,0,0.000000,0.399997,0.590997,0.869855,0.000000,0,,,,,,0,,SAFE,SAFE,,0.000000,,,1,1.000000,SAFE,0,current,50000,173.7827,0.00000000,0.00001100,1.57080734,0.00000000,1.57079637,0.00000000,0.00000000,0.00000000,0.00000000,0.00000000,0.00000000,0.00000000
1,0.260497,1786362066.719583,2795,50000,1,0,0,0.350800,left_link,0,0.618563,-0.622225,0.346131,,,,,reference_not_armed,WAIT_REFERENCE_START,0,0,0,0,0.000000,0.399997,0.590997,0.869855,0.000000,0,,,,,,0,,SAFE,SAFE,,0.000000,0.364367,,0,1.000000,SAFE,1,current,50000,208.0377,0.00000000,-0.00013205,1.57074130,-0.00006236,1.57079637,0.00000000,0.00000000,-0.00163197,-0.00075342,-0.00071137,0.00000000,0.00000000
2,0.459544,1786362066.927640,2699,50000,1,0,0,0.348175,left_link,0,0.621185,-0.619396,0.360135,,,,,reference_not_armed,WAIT_REFERENCE_START,0,0,0,0,0.000000,0.399997,0.590997,0.869855,0.000000,0,,,,,,0,,SAFE,SAFE,,0.000000,0.360733,,0,1.000000,SAFE,1,current,50000,157.2379,0.00000000,-0.00673083,1.56406188,-0.00333791,1.57079637,0.00000000,0.00000000,-0.03315188,-0.03355698,-0.01645616,0.00000000,0.00000000
3,0.619914,1786362067.084908,2654,50000,0,0,0,,,,,,,,,,,reference_not_armed,WAIT_REFERENCE_START,0,0,0,0,0.000000,0.399997,0.590997,0.869855,0.000000,0,,,,,,0,,SAFE,SAFE,,0.000000,,,1,1.000000,SAFE,0,current,50000,130.5907,0.00000000,-0.02328097,1.54744565,-0.00629800,1.57079637,0.00000000,0.00000000,-0.10319985,-0.10361192,-0.01845795,0.00000000,0.00000000
4,0.758812,1786362067.215515,2805,50000,0,0,0,,,,,,,,,,,reference_not_armed,WAIT_REFERENCE_START,0,0,0,0,0.000000,0.399997,0.590997,0.869855,0.000000,0,,,,,,0,,SAFE,SAFE,,0.000000,,,1,1.000000,SAFE,0,current,50000,131.2424,0.00000000,-0.04630152,1.52382362,-0.00891698,1.57079637,0.00000000,0.00000000,-0.16573677,-0.17006721,-0.01885533,0.00000000,0.00000000
5,0.883255,1786362067.346786,2712,50000,0,0,0,,,,,,,,,,,reference_not_armed,WAIT_REFERENCE_START,0,0,0,0,0.000000,0.399997,0.590998,0.869855,0.000000,0,,,,,,0,,SAFE,SAFE,,0.000000,,,1,1.000000,SAFE,0,current,50000,122.4260,0.00000000,-0.07088464,1.49595022,-0.01126818,1.57079256,0.00000000,0.00000000,-0.19754549,-0.22398549,-0.01889386,-0.00003065,0.00000000
6,1.001374,1786362067.469229,2748,50000,0,0,0,,,,,,,,,,,reference_not_armed,WAIT_REFERENCE_START,0,0,0,0,0.000000,0.399997,0.590997,0.869855,0.000000,0,,,,,,0,,SAFE,SAFE,,0.000000,,,1,1.000000,SAFE,0,current,50000,129.2463,0.00000000,-0.09418762,1.46599710,-0.01334429,1.57079637,0.00000000,0.00000000,-0.19728327,-0.25358345,-0.01757632,0.00003230,0.00000000
7,1.134765,1786362067.598505,2748,50000,0,0,0,,,,,,,,,,,reference_not_armed,WAIT_REFERENCE_START,0,0,0,0,0.000000,0.399997,0.590997,0.869855,0.000000,0,,,,,,0,,SAFE,SAFE,,0.000000,,,1,1.000000,SAFE,0,current,50000,133.0882,0.00000000,-0.12160613,1.42940855,-0.01585322,1.57079637,0.00000000,0.00000000,-0.20555055,-0.27429634,-0.01880890,0.00000000,0.00000000
8,1.269053,1786362067.731629,2657,50000,0,0,0,,,,,,,,,,,reference_not_armed,WAIT_REFERENCE_START,0,0,0,0,0.000000,0.399997,0.590997,0.869855,0.000000,0,,,,,,0,,SAFE,SAFE,,0.000000,,,1,1.000000,SAFE,0,current,50000,133.7962,0.00000000,-0.14897329,1.39527392,-0.01837315,1.57079637,0.00000000,0.00000000,-0.20379494,-0.25419028,-0.01876520,0.00000000,0.00000000
9,1.400662,1786362067.865440,2658,50000,0,0,0,,,,,,,,,,,reference_not_armed,WAIT_REFERENCE_START,0,0,0,0,0.000000,0.399997,0.590997,0.869855,0.000000,0,,,,,,0,,SAFE,SAFE,,0.000000,,,1,1.000000,SAFE,0,current,50000,131.4740,0.00000000,-0.17360410,1.36864030,-0.02070969,1.57079637,0.00000000,0.00000000,-0.18715158,-0.20236943,-0.01775363,0.00000000,0.00000000
10,1.529646,1786362067.996932,2749,50000,0,0,0,,,,,,,,,,,reference_not_armed,WAIT_REFERENCE_START,0,0,0,0,0.000000,0.399997,0.590997,0.869855,0.000000,0,,,,,,0,,SAFE,SAFE,,0.000000,,,1,1.000000,SAFE,0,current,50000,130.2674,0.00000000,-0.19282456,1.34940886,-0.02319661,1.57079637,0.00000000,0.00000000,-0.14901323,-0.14909837,-0.01928072,0.00000000,0.00000000
11,1.662391,1786362068.127228,2632,50000,0,0,0,,,,,,,,,,,reference_not_armed,WAIT_REFERENCE_START,0,0,0,0,0.000000,0.399997,0.590997,0.869851,0.000000,0,,,,,,0,,SAFE,SAFE,,0.000000,,,1,1.000000,SAFE,0,current,50000,132.0806,0.00000000,-0.20494007,1.33726764,-0.02561384,1.57079637,0.00000367,0.00000000,-0.09126970,-0.09146345,-0.01820971,0.00000000,0.00002763
12,1.791036,1786362068.259336,2707,50000,0,0,0,,,,,,,,,,,reference_not_armed,WAIT_REFERENCE_START,0,0,0,0,0.000000,0.399997,0.590997,0.869855,0.000000,0,,,,,,0,,SAFE,SAFE,,0.000000,,,1,1.000000,SAFE,0,current,50000,128.6509,0.00000000,-0.20941871,1.33276701,-0.02783666,1.57079637,0.00000000,0.00000000,-0.03481393,-0.03498478,-0.01727870,0.00000000,-0.00002851
13,1.923632,1786362068.388004,2695,50000,2,0,0,0.340874,left_link,0,0.623161,-0.617377,0.364450,,,,,reference_not_armed,WAIT_REFERENCE_START,0,0,0,0,0.000000,0.399997,0.590997,0.869855,0.000000,0,,,,,,0,,SAFE,SAFE,,0.000000,0.352541,,0,1.000000,SAFE,1,current,50000,158.7796,0.00000000,-0.21020001,1.33210683,-0.02857394,1.57079637,0.00000000,0.00000000,-0.00589231,-0.00497889,-0.00556030,0.00000000,0.00000000
14,2.095849,1786362068.546813,2608,50000,0,0,0,,,,,,,,,,,reference_not_armed,WAIT_REFERENCE_START,0,0,0,0,0.000000,0.399997,0.590993,0.869851,0.000000,0,,,,,,0,,SAFE,SAFE,,0.000000,,,1,1.000000,SAFE,0,current,50000,138.7309,0.00000734,-0.21022569,1.33204079,-0.02858494,1.57079637,0.00000367,0.00004260,-0.00014908,-0.00038348,-0.00006390,0.00000000,0.00002130
15,2.223738,1786362068.685572,2744,50000,0,0,0,,,,,,,,,,,reference_not_armed,WAIT_REFERENCE_START,0,0,0,0,0.000000,0.399997,0.590126,0.868398,0.000000,0,,,,,,0,,SAFE,SAFE,,0.000000,,,1,1.000000,SAFE,0,current,50000,129.7656,0.00148188,-0.21163788,1.33054781,-0.03003015,1.57079256,0.00145621,0.01152987,-0.01104234,-0.01167397,-0.01130042,-0.00002983,0.01135778
16,2.347662,1786362068.815366,2692,50000,1,0,0,,,,,,,,,,,reference_not_armed,WAIT_REFERENCE_START,0,0,0,0,0.000000,0.399997,0.586568,0.862339,0.000000,0,,,,,,0,,SAFE,SAFE,,0.000000,,,1,1.000000,SAFE,0,current,50000,111.6566,0.00749378,-0.21732700,1.32456899,-0.03342674,1.57079637,0.00755247,0.04851303,-0.04590833,-0.04824613,-0.02740882,0.00003078,0.04919381
17,2.464559,1786362068.927046,2674,50000,0,0,0,,,,,,,,,,,reference_not_armed,WAIT_REFERENCE_START,0,0,0,0,0.000000,0.399997,0.579810,0.851056,0.000000,0,,,,,,0,,SAFE,SAFE,,0.000000,,,1,1.000000,SAFE,0,current,50000,131.2545,0.01877664,-0.22559106,1.31429112,-0.03690770,1.57079637,0.01887200,0.09651971,-0.07069533,-0.08792249,-0.02977800,0.00000000,0.09683348
18,2.594121,1786362069.058318,2718,50000,0,0,0,,,,,,,,,,,reference_not_armed,WAIT_REFERENCE_START,0,0,0,0,0.000000,0.399997,0.567901,0.831483,0.000000,0,,,,,,0,,SAFE,SAFE,,0.000000,,,1,1.000000,SAFE,0,current,50000,135.9358,0.03834923,-0.23566714,1.29995286,-0.04082148,1.57079637,0.03843727,0.15106752,-0.07777035,-0.11066721,-0.03020785,0.00000000,0.15101091
19,2.730336,1786362069.194271,2730,50000,0,0,0,,,,,,,,,,,reference_not_armed,WAIT_REFERENCE_START,0,0,0,0,0.000000,0.399997,0.550556,0.803485,0.000000,0,,,,,,0,,SAFE,SAFE,,0.000000,,,1,1.000000,SAFE,0,current,50000,133.0711,0.06634729,-0.24613935,1.28477812,-0.04488199,1.57079637,0.06652702,0.20554325,-0.07688003,-0.11140296,-0.02980958,0.00000000,0.20621644
20,2.861370,1786362069.327363,2704,50000,1,0,0,0.389233,left_link,0,0.620740,-0.620631,0.355652,,,,,reference_not_armed,WAIT_REFERENCE_START,0,0,0,0,0.000000,0.399997,0.527948,0.769149,0.000000,0,,,,,,0,,SAFE,SAFE,,0.000000,0.399263,,0,1.000000,SAFE,1,current,50000,147.1364,0.10068370,-0.25621176,1.27008402,-0.04880311,1.57079637,0.10096247,0.26204177,-0.07686861,-0.11213946,-0.02992443,0.00000000,0.26279755
21,3.007838,1786362069.474518,2649,50000,0,0,0,,,,,,,,,,,reference_not_armed,WAIT_REFERENCE_START,0,0,0,0,0.000000,0.399997,0.497576,0.720518,0.000000,0,,,,,,0,,SAFE,SAFE,,0.000000,,,1,1.000000,SAFE,0,current,50000,127.8614,0.14931442,-0.26785776,1.25326622,-0.05324142,1.57080007,0.14980227,0.33202145,-0.07951194,-0.11482194,-0.03030213,0.00002523,0.33344896
22,3.138479,1786362069.602396,2581,50000,0,0,0,,,,,,,,,,,reference_not_armed,WAIT_REFERENCE_START,0,0,0,0,0.000000,0.399997,0.464914,0.670721,0.000000,0,,,,,,0,,SAFE,SAFE,,0.000000,,,1,1.000000,SAFE,0,current,50000,130.0774,0.19911157,-0.27792650,1.23858666,-0.05711854,1.57080007,0.19971313,0.38117720,-0.07707220,-0.11236608,-0.02967773,0.00000000,0.38204761
23,3.267156,1786362069.732502,2432,50000,0,0,0,,,,,,,,,,,reference_not_armed,WAIT_REFERENCE_START,0,0,0,0,0.000000,0.399997,0.428232,0.615682,0.000000,0,,,,,,0,,SAFE,SAFE,,0.000000,,,1,1.000000,SAFE,0,current,50000,129.8096,0.25415033,-0.28800622,1.22393668,-0.06107633,1.57080364,0.25479591,0.42772867,-0.07833355,-0.11385102,-0.03075765,0.00002779,0.42807075
24,3.397307,1786362069.862339,2328,50000,0,0,0,,,,,,,,,,,reference_not_armed,WAIT_REFERENCE_START,0,0,0,0,0.000000,0.399997,0.390024,0.559195,0.000000,0,,,,,,0,,SAFE,SAFE,,0.000000,,,1,1.000000,SAFE,0,current,50000,129.9486,0.31063798,-0.29810065,1.20928645,-0.06488008,1.57080734,0.31151095,0.43401404,-0.07755901,-0.11256272,-0.02922551,0.00002839,0.43576117
25,3.528204,1786362069.992316,2387,50000,1,0,0,,,,,,,,,,,reference_not_armed,WAIT_REFERENCE_START,0,0,0,0,0.000000,0.399997,0.351211,0.502469,0.000000,0,,,,,,0,,SAFE,SAFE,,0.000000,,,1,1.000000,SAFE,0,current,50000,128.7259,0.36736399,-0.30816203,1.19466567,-0.06876452,1.57080734,0.36823332,0.43336592,-0.07686528,-0.11169741,-0.02967571,0.00000000,0.43333815
26,3.655241,1786362070.121060,2405,50000,1,0,0,0.515787,upperArm_Link,0,0.622693,-0.619977,0.355964,,,,,reference_not_armed,WAIT_REFERENCE_START,0,0,0,0,0.000000,0.399997,0.313596,0.447936,0.000000,0,,,,,,0,,SAFE,SAFE,,0.000000,0.497571,,0,1.000000,SAFE,1,current,50000,146.7994,0.42189658,-0.31785664,1.18055487,-0.07257560,1.57081103,0.42274389,0.42926397,-0.07631300,-0.11107596,-0.02999964,0.00002909,0.42909061
27,3.801603,1786362070.267879,2492,50000,0,0,0,,,,,,,,,,,reference_not_armed,WAIT_REFERENCE_START,0,0,0,0,0.000000,0.399997,0.268234,0.382484,0.000000,0,,,,,,0,,SAFE,SAFE,,0.000000,,,1,1.000000,SAFE,0,current,50000,128.0385,0.48734888,-0.32948795,1.16366363,-0.07703592,1.57081473,0.48820353,0.44719518,-0.07946956,-0.11540742,-0.03047461,0.00002525,0.44724527
28,3.931563,1786362070.395935,2585,50000,0,0,0,,,,,,,,,,,reference_not_armed,WAIT_REFERENCE_START,0,0,0,0,0.000000,0.399997,0.228903,0.325765,0.000000,0,,,,,,0,,SAFE,SAFE,,0.000000,,,1,1.000000,SAFE,0,current,50000,130.1223,0.54406762,-0.33956403,1.14904284,-0.08096071,1.57081473,0.54490387,0.43643091,-0.07753189,-0.11250181,-0.03019993,0.00000000,0.43628942
29,4.063659,1786362070.526076,2646,50000,1,0,0,0.514164,upperArm_Link,0,0.622646,-0.620865,0.359146,,,,,reference_not_armed,WAIT_REFERENCE_START,0,0,0,0,0.000000,0.399997,0.189692,0.269043,0.000000,0,,,,,,0,,SAFE,SAFE,,0.000000,0.503727,,0,1.000000,SAFE,1,current,50000,149.9326,0.60078996,-0.34965113,1.13443303,-0.08484149,1.57081473,0.60162258,0.42940331,-0.07636207,-0.11060020,-0.02937852,0.00000000,0.42937578
30,4.208673,1786362070.676027,2695,50000,0,0,0,,,,,,,,,,,reference_not_armed,WAIT_REFERENCE_START,0,0,0,0,0.000000,0.399997,0.146867,0.206708,0.000000,0,,,,,,0,,SAFE,SAFE,,0.000000,,,1,1.000000,SAFE,0,current,50000,126.2061,0.66312444,-0.36090830,1.11805165,-0.08911841,1.57081831,0.66375536,0.42985265,-0.07762839,-0.11296446,-0.02949321,0.00002466,0.42846173
31,4.359501,1786362070.802251,2747,50000,0,0,0,,,,,,,,,,,reference_not_armed,WAIT_REFERENCE_START,0,0,0,0,0.000000,0.399997,0.106675,0.147943,0.000000,0,,,,,,0,,SAFE,SAFE,,0.000000,,,1,1.000000,SAFE,0,current,50000,130.4318,0.72188991,-0.37254328,1.10116410,-0.09364842,1.57082200,0.72237045,0.38961757,-0.07714038,-0.11196515,-0.03003418,0.00002450,0.38862053
32,4.465392,1786362070.932699,2683,50000,1,0,0,0.500415,upperArm_Link,0,0.619058,-0.621051,0.351284,,,,,reference_not_armed,WAIT_REFERENCE_START,0,0,0,0,0.000000,0.399997,0.082364,0.112487,0.000000,0,,,,,,0,,SAFE,SAFE,,0.000000,0.497108,,0,1.000000,SAFE,1,current,50000,147.4716,0.75734508,-0.38067162,1.08931994,-0.09679192,1.57082558,0.75768626,0.33482853,-0.07676178,-0.11185287,-0.02968636,0.00003377,0.33351250
33,4.615721,1786362071.080190,2705,50000,0,0,0,,,,,,,,,,,reference_not_armed,WAIT_REFERENCE_START,0,0,0,0,0.000000,0.399997,0.053140,0.070316,0.000000,0,,,,,,0,,SAFE,SAFE,,0.000000,,,1,1.000000,SAFE,0,current,50000,128.4043,0.79951638,-0.39230293,1.07246530,-0.10124491,1.57082558,0.79974383,0.28052595,-0.07737215,-0.11211808,-0.02962154,0.00000000,0.27976944
34,4.743922,1786362071.208613,2817,50000,1,0,0,0.482416,upperArm_Link,0,0.623070,-0.623169,0.344475,,,,,reference_not_armed,WAIT_REFERENCE_START,0,0,0,0,0.000000,0.399997,0.032910,0.041863,0.000000,0,,,,,,0,,SAFE,SAFE,,0.000000,0.478435,,0,1.000000,SAFE,1,current,50000,144.2122,0.82796931,-0.40239370,1.05780792,-0.10523940,1.57082939,0.82809770,0.22193965,-0.07871039,-0.11433104,-0.03115795,0.00002976,0.22116693
35,4.888761,1786362071.352844,2721,50000,0,0,0,,,,,,,,,,,reference_not_armed,WAIT_REFERENCE_START,0,0,0,0,0.000000,0.399997,0.015759,0.018989,0.000000,0,,,,,,0,,SAFE,SAFE,,0.000000,,,1,1.000000,SAFE,0,current,50000,128.2515,0.85084313,-0.41362152,1.04176033,-0.10956033,1.57082939,0.85087609,0.15792597,-0.07751936,-0.11079621,-0.02983270,0.00000000,0.15726712
36,5.019336,1786362071.481112,2735,50000,0,0,0,,,,,,,,,,,reference_not_armed,WAIT_REFERENCE_START,0,0,0,0,0.000000,0.399997,0.005485,0.006412,0.000000,0,,,,,,0,,SAFE,SAFE,,0.000000,,,1,1.000000,SAFE,0,current,50000,135.2747,0.86342078,-0.42283562,1.03037107,-0.11340075,1.57083297,0.86347210,0.09632546,-0.07056584,-0.08722416,-0.02941168,0.00002739,0.09646605
37,5.153604,1786362071.616419,2673,50000,0,0,0,,,,,,,,,,,reference_not_armed,WAIT_REFERENCE_START,0,0,0,0,0.000000,0.399997,0.000772,0.000972,0.000000,0,,,,,,0,,SAFE,SAFE,,0.399635,,,1,1.000000,SAFE,0,current,50000,131.5555,0.86891180,-0.42812121,1.02493501,-0.11700642,1.57083297,0.86890817,0.04089576,-0.03936579,-0.04048646,-0.02685416,0.00000000,0.04048646
38,5.293181,1786362071.748007,2670,50000,0,0,0,,,,,,,,,,,no_stable_track,REFERENCE_ARMED,1,0,0,0,0.000000,0.399997,0.000023,0.000077,1.005039,25,0.028240,,,,,0,,SAFE,SAFE,,0.399984,,,1,1.000000,SAFE,0,current,50000,135.3585,0.86978847,-0.42900524,1.02397406,-0.11782440,1.57083666,0.86977750,0.00628088,-0.00633362,-0.00688472,-0.00586041,0.00002648,0.00622836
39,5.420376,1786362071.883383,2623,50000,0,0,0,,,,,,,,,,,no_stable_track,RUNNING,1,0,0,0,0.000000,0.399997,0.000025,0.000059,1.005039,25,0.028233,,,,,0,,SAFE,SAFE,,0.399958,,,1,1.000000,SAFE,0,current,50000,130.5818,0.86979216,-0.42899421,1.02398133,-0.11783173,1.57083666,0.86979580,0.00000000,0.00000000,0.00000000,0.00000000,0.00000000,0.00000000
40,5.547234,1786362072.013981,2748,50000,1,0,0,0.520778,upperArm_Link,0,0.619688,-0.618933,0.363119,,,,,reference_step_jump,RUNNING,1,5,5,1,0.171240,0.399967,0.000484,0.001166,1.212231,30,0.035319,,,,,0,,SAFE,SAFE,,0.399101,0.515432,,0,1.000000,SAFE,1,current,50000,145.4839,0.86936295,-0.42830831,1.02522111,-0.11762632,1.57084036,0.86952800,-0.00338341,0.00540684,0.00977295,0.00161917,0.00002913,-0.00211105
41,5.695518,1786362072.159484,2716,50000,1,0,0,,,,,,,,,,,reference_step_jump,RUNNING,1,10,5,1,0.378422,0.398591,0.000726,0.001562,1.379146,34,0.038672,,,,,0,,SAFE,SAFE,,0.397560,,,1,1.000000,SAFE,0,current,50000,126.3649,0.86782980,-0.42597544,1.02865803,-0.11621046,1.57084036,0.86780775,-0.01033932,0.01573247,0.02317805,0.00954835,0.00000000,-0.01160108
42,5.821037,1786362072.285866,2675,50000,0,0,0,,,,,,,,,,,no_stable_track,RUNNING,1,14,4,0,0.544795,0.395995,0.000272,0.000602,1.548775,38,0.040825,,,,,0,,SAFE,SAFE,,0.394740,,,1,1.000000,SAFE,0,current,50000,131.7370,0.86578667,-0.42297500,1.03325784,-0.11453418,1.57084036,0.86579037,-0.01627735,0.02390412,0.03664611,0.01335474,0.00000000,-0.01607220
43,5.953129,1786362072.417633,2777,50000,1,0,0,0.513417,upperArm_Link,0,0.623058,-0.617618,0.361621,,,,,no_stable_track,RUNNING,1,18,4,0,0.710154,0.392728,0.000315,0.000825,1.714460,42,0.041581,,,,,0,,SAFE,SAFE,,0.392337,0.507679,,0,1.000000,SAFE,1,current,50000,147.6365,0.86323005,-0.41927764,1.03902030,-0.11260846,1.57084036,0.86322272,-0.01935497,0.02799100,0.04362484,0.01457867,0.00000000,-0.01943845
44,6.099300,1786362072.565287,2757,50000,1,0,0,,,,,,,,,,,no_stable_track,RUNNING,1,21,3,0,0.838779,0.390142,0.000002,0.000051,1.879660,46,0.041907,,,,,0,,SAFE,SAFE,,0.389244,,,1,1.000000,SAFE,0,current,50000,128.9236,0.86045700,-0.41526479,1.04512024,-0.11050668,1.57084036,0.86043501,-0.01897118,0.02745303,0.04173137,0.01437890,0.00000000,-0.01907149
45,6.232570,1786362072.694240,2706,50000,1,0,0,0.506254,upperArm_Link,0,0.619840,-0.623409,0.358493,,,,,no_stable_track,RUNNING,1,24,3,0,0.963943,0.387628,0.000197,0.000437,2.005110,49,0.041229,,,,,0,,SAFE,SAFE,,0.386632,0.500213,,0,1.000000,SAFE,1,current,50000,154.4262,0.85782701,-0.41156009,1.05075073,-0.10848927,1.57084036,0.85784543,-0.01973432,0.02779841,0.04224873,0.01513774,0.00000000,-0.01943109
46,6.384524,1786362072.848686,2770,50000,0,0,0,,,,,,,,,,,no_stable_track,RUNNING,1,28,4,0,1.129306,0.384340,0.000105,0.000183,2.129570,52,0.039607,,,,,0,,SAFE,SAFE,,0.383537,,,1,1.000000,SAFE,0,current,50000,139.4797,0.85494763,-0.40749225,1.05696797,-0.10641683,1.57084036,0.85492563,-0.01894904,0.02677021,0.04091531,0.01363860,0.00000000,-0.01921499
47,6.522398,1786362072.988183,2639,50000,0,0,0,,,,,,,,,,,no_stable_track,RUNNING,1,31,3,0,1.254820,0.381822,0.000198,0.000429,2.295773,56,0.040352,,,,,0,,SAFE,SAFE,,0.381130,,,1,1.000000,SAFE,0,current,50000,122.9626,0.85218930,-0.40371048,1.06269014,-0.10448378,1.57084036,0.85218930,-0.02000616,0.02742920,0.04150295,0.01402041,0.00000000,-0.01984664
48,6.645974,1786362073.111176,2689,50000,1,0,0,0.495534,upperArm_Link,0,0.617686,-0.619014,0.355802,,,,,no_stable_track,RUNNING,1,34,3,0,1.379146,0.379332,0.000204,0.000224,2.420616,59,0.040136,,,,,0,,SAFE,SAFE,,0.378629,0.492445,,0,1.000000,SAFE,1,current,50000,145.6717,0.84986013,-0.40046063,1.06755388,-0.10279649,1.57084036,0.84982342,-0.01884806,0.02629839,0.03935824,0.01365390,0.00000000,-0.01914518
49,6.790628,1786362073.256865,2670,50000,0,0,0,,,,,,,,,,,no_stable_track,RUNNING,1,38,4,0,1.548775,0.375926,0.000404,0.000770,2.586849,63,0.040488,,,,,0,,SAFE,SAFE,,0.375425,,,1,1.000000,SAFE,0,current,50000,129.6054,0.84699166,-0.39663488,1.07331276,-0.10083043,1.57084036,0.84700269,-0.01982983,0.02644753,0.03981129,0.01359142,0.00000000,-0.01949978
50,6.920876,1786362073.386489,2705,50000,0,0,0,,,,,,,,,,,no_stable_track,RUNNING,1,41,3,0,1.673119,0.373436,0.000199,0.000535,2.711422,66,0.039868,,,,,0,,SAFE,SAFE,,0.373635,,,1,1.000000,SAFE,0,current,50000,128.0210,0.84443140,-0.39321628,1.07845533,-0.09917981,1.57084036,0.84442043,-0.01965683,0.02624687,0.03948299,0.01267290,0.00000000,-0.01982570
51,7.050590,1786362073.514528,2720,50000,0,0,0,,,,,,,,,,,no_stable_track,RUNNING,1,44,3,0,1.797423,0.370935,0.000203,0.000345,2.837775,69,0.039193,,,,,0,,SAFE,SAFE,,0.370836,,,1,1.000000,SAFE,0,current,50000,130.8127,0.84185642,-0.38980868,1.08356845,-0.09749619,1.57084036,0.84185642,-0.01985129,0.02627018,0.03941860,0.01297955,0.00000000,-0.01976674
52,7.180941,1786362073.645358,2773,50000,1,0,0,0.485334,upperArm_Link,0,0.622559,-0.620164,0.355487,,,,,no_stable_track,RUNNING,1,47,3,0,1.921422,0.368421,0.000007,0.000180,2.963503,72,0.038676,,,,,0,,SAFE,SAFE,,0.367537,0.484509,,0,1.000000,SAFE,1,current,50000,150.6271,0.83923382,-0.38643044,1.08859742,-0.09575021,1.57084405,0.83924115,-0.02011947,0.02591639,0.03858000,0.01339442,0.00002835,-0.02006323
53,7.330983,1786362073.796005,2731,50000,0,0,0,,,,,,,,,,,no_stable_track,RUNNING,1,51,4,0,2.088108,0.365139,0.000406,0.000712,3.088169,75,0.037410,,,,,0,,SAFE,SAFE,,0.365038,,,1,1.000000,SAFE,0,current,50000,128.8812,0.83624071,-0.38259000,1.09434152,-0.09392720,1.57084036,0.83622974,-0.01994853,0.02559590,0.03828341,0.01215003,-0.00002463,-0.02007049
54,7.461358,1786362073.924903,2695,50000,1,0,0,0.509894,upperArm_Link,0,0.622185,-0.621429,0.356829,,,,,no_stable_track,RUNNING,1,54,3,0,2.212442,0.362615,0.000197,0.000539,3.213139,78,0.036776,,,,,0,,SAFE,SAFE,,0.362030,0.506713,,0,1.000000,SAFE,1,current,50000,146.8035,0.83358139,-0.37924111,1.09933364,-0.09237195,1.57084405,0.83362907,-0.02039738,0.02568646,0.03829035,0.01192899,0.00002834,-0.01994752
55,7.605104,1786362074.071725,2624,50000,0,0,0,,,,,,,,,,,no_stable_track,RUNNING,1,57,3,0,2.337021,0.360142,0.000098,0.000187,3.337816,81,0.035756,,,,,0,,SAFE,SAFE,,0.359550,,,1,1.000000,SAFE,0,current,50000,128.3832,0.83066529,-0.37557307,1.10470366,-0.09049758,1.57084405,0.83066529,-0.02028655,0.02551763,0.03735788,0.01303948,0.00000000,-0.02061828
56,7.735117,1786362074.200126,2737,50000,1,0,0,,,,,,,,,,,no_stable_track,RUNNING,1,60,3,0,2.462189,0.357641,0.000203,0.000352,3.462779,84,0.035239,,,,,0,,SAFE,SAFE,,0.356430,,,1,1.000000,SAFE,0,current,50000,129.4197,0.82799494,-0.37231219,1.10953450,-0.08893501,1.57084036,0.82801336,-0.02053904,0.02508114,0.03715649,0.01201857,-0.00002842,-0.02039738
57,7.864041,1786362074.329565,2755,50000,0,0,0,,,,,,,,,,,no_stable_track,RUNNING,1,63,3,0,2.586849,0.355126,0.000298,0.000558,3.587230,87,0.034634,,,,,0,,SAFE,SAFE,,0.353945,,,1,1.000000,SAFE,0,current,50000,129.6986,0.82533199,-0.36904764,1.11435795,-0.08748247,1.57084036,0.82531363,-0.02065517,0.02532139,0.03741296,0.01126662,0.00000000,-0.02094042
58,7.996212,1786362074.459311,2721,50000,1,0,0,,,,,,,,,,,no_stable_track,RUNNING,1,67,4,0,2.755029,0.351833,0.000299,0.000719,3.795249,92,0.037029,,,,,0,,SAFE,SAFE,,0.351233,,,1,1.000000,SAFE,0,current,50000,131.1237,0.82264698,-0.36583811,1.11906397,-0.08598225,1.57084036,0.82263601,-0.02031481,0.02428333,0.03560582,0.01135067,0.00000000,-0.02025889
59,8.124427,1786362074.590479,2663,50000,0,0,0,,,,,,,,,,,no_stable_track,RUNNING,1,70,3,0,2.879179,0.349336,0.000299,0.000594,3.920313,95,0.036493,,,,,0,,SAFE,SAFE,,0.348834,,,1,1.000000,SAFE,0,current,50000,126.2554,0.81994736,-0.36263224,1.12371135,-0.08442333,1.57084405,0.81993628,-0.02105530,0.02500374,0.03624661,0.01215856,0.00002882,-0.02105622
60,8.253252,1786362074.716751,2747,50000,1,0,0,0.478765,upperArm_Link,0,0.620330,-0.622162,0.348786,,,,,no_stable_track,RUNNING,1,73,3,0,3.005040,0.346843,0.000205,0.000569,4.045997,98,0.035991,,,,,0,,SAFE,SAFE,,0.346033,0.476409,,0,1.000000,SAFE,1,current,50000,151.9182,0.81725860,-0.35945207,1.12832582,-0.08294512,1.57084036,0.81724399,-0.02087142,0.02468597,0.03581963,0.01147460,-0.00002869,-0.02089872
61,8.401732,1786362074.868688,2745,50000,1,0,0,0.484547,upperArm_Link,0,0.626369,-0.619767,0.353922,,,,,no_stable_track,RUNNING,1,76,3,0,3.129827,0.344325,0.000299,0.000510,4.169844,101,0.034721,,,,,0,,SAFE,SAFE,,0.343629,0.482333,,0,1.000000,SAFE,1,current,50000,138.0542,0.81409681,-0.35580975,1.13367009,-0.08136420,1.57084036,0.81408578,-0.02129441,0.02453076,0.03599328,0.01064736,0.00000000,-0.02127033
62,8.542395,1786362075.006760,2774,50000,0,0,0,,,,,,,,,,,no_stable_track,RUNNING,1,80,4,0,3.296430,0.340946,0.000298,0.000536,4.335197,105,0.035136,,,,,0,,SAFE,SAFE,,0.340433,,,1,1.000000,SAFE,0,current,50000,130.3813,0.81116968,-0.35246447,1.13854849,-0.07985664,1.57084036,0.81114775,-0.02080941,0.02378215,0.03468136,0.01071748,0.00000000,-0.02088695
63,8.675126,1786362075.137160,2750,50000,0,0,0,,,,,,,,,,,no_stable_track,RUNNING,1,83,3,0,3.421241,0.338426,0.000200,0.000359,4.459244,108,0.034417,,,,,0,,SAFE,SAFE,,0.337833,,,1,1.000000,SAFE,0,current,50000,133.0961,0.80838573,-0.34934297,1.14302731,-0.07839676,1.57084036,0.80841506,-0.02097442,0.02351747,0.03374355,0.01099881,0.00000000,-0.02058823
64,8.806683,1786362075.270274,2860,50000,0,0,0,,,,,,,,,,,no_stable_track,RUNNING,1,86,3,0,3.545718,0.335950,0.000002,0.000051,4.582966,111,0.033871,,,,,0,,SAFE,SAFE,,0.335440,,,1,1.000000,SAFE,0,current,50000,131.2282,0.80553567,-0.34617749,1.14757550,-0.07697357,1.57084036,0.80552459,-0.02166410,0.02406175,0.03457212,0.01081806,0.00000000,-0.02197128
65,8.935701,1786362075.401520,2758,50000,1,0,0,0.509761,upperArm_Link,0,0.622953,-0.620753,0.354906,,,,,no_stable_track,RUNNING,1,89,3,0,3.669718,0.333527,0.000105,0.000161,4.707455,114,0.033452,,,,,0,,SAFE,SAFE,,0.332326,0.506894,,0,1.000000,SAFE,1,current,50000,154.5890,0.80283231,-0.34321007,1.15181589,-0.07572643,1.57084036,0.80287993,-0.02095337,0.02299997,0.03286661,0.00966636,0.00000000,-0.02049832
66,9.094868,1786362075.556128,2784,50000,0,0,0,,,,,,,,,,,no_stable_track,RUNNING,1,93,4,0,3.837122,0.330139,0.000103,0.000176,4.873256,118,0.033192,,,,,0,,SAFE,SAFE,,0.329842,,,1,1.000000,SAFE,0,current,50000,132.0794,0.79942101,-0.33949801,1.15716386,-0.07413085,1.57084036,0.79941005,-0.02143216,0.02332178,0.03359973,0.01002461,0.00000000,-0.02180028
67,9.225943,1786362075.688240,2700,50000,1,0,0,0.497896,upperArm_Link,0,0.623025,-0.625723,0.349700,,,,,no_stable_track,RUNNING,1,96,3,0,3.961996,0.327625,0.000006,0.000055,4.997607,121,0.032660,,,,,0,,SAFE,SAFE,,0.326825,0.495456,,0,1.000000,SAFE,1,current,50000,155.5632,0.79657829,-0.33649021,1.16155803,-0.07280302,1.57084036,0.79660767,-0.02168782,0.02294721,0.03352419,0.01013031,0.00000000,-0.02137996
68,9.378454,1786362075.843822,2801,50000,0,0,0,,,,,,,,,,,no_stable_track,RUNNING,1,100,4,0,4.128852,0.324343,0.000198,0.000319,5.162869,125,0.032605,,,,,0,,SAFE,SAFE,,0.323740,,,1,1.000000,SAFE,0,current,50000,128.4737,0.79324043,-0.33292857,1.16658330,-0.07124044,1.57084036,0.79322207,-0.02188610,0.02335344,0.03295030,0.01024572,0.00000000,-0.02219915
69,9.509028,1786362075.972313,2773,50000,0,0,0,,,,,,,,,,,no_stable_track,RUNNING,1,103,3,0,4.252870,0.321821,0.000104,0.000180,5.286901,128,0.032069,,,,,0,,SAFE,SAFE,,0.321226,,,1,1.000000,SAFE,0,current,50000,130.6174,0.79037565,-0.32997581,1.17079794,-0.07000065,1.57084036,0.79038668,-0.02193979,0.02261356,0.03227769,0.00949490,0.00000000,-0.02171475
70,9.638087,1786362076.102951,2750,50000,1,0,0,0.482978,upperArm_Link,0,0.619030,-0.621832,0.348016,,,,,no_stable_track,RUNNING,1,106,3,0,4.376099,0.319335,0.000003,0.000051,5.410578,131,0.031633,,,,,0,,SAFE,SAFE,,0.318737,0.480651,,0,1.000000,SAFE,1,current,50000,148.8891,0.78753293,-0.32705238,1.17494273,-0.06880854,1.57084036,0.78749990,-0.02202663,0.02265196,0.03211557,0.00923695,0.00000000,-0.02236793
71,9.785384,1786362076.251857,2732,50000,0,0,0,,,,,,,,,,,no_stable_track,RUNNING,1,109,3,0,4.500643,0.316829,0.000407,0.000635,5.535432,134,0.030683,,,,,0,,SAFE,SAFE,,0.315723,,,1,1.000000,SAFE,0,current,50000,128.1711,0.78431249,-0.32380617,1.17949116,-0.06747705,1.57084036,0.78432345,-0.02186345,0.02203846,0.03087914,0.00903946,0.00000000,-0.02156481
72,9.932001,1786362076.380046,2719,50000,1,0,0,0.518715,upperArm_Link,0,0.622146,-0.619052,0.362200,,,,,no_stable_track,RUNNING,1,113,4,0,4.665729,0.313549,0.000098,0.000051,5.701079,138,0.030903,,,,,0,,SAFE,SAFE,,0.312649,0.516935,,0,1.000000,SAFE,1,current,50000,167.6935,0.78112495,-0.32061866,1.18398440,-0.06612355,1.57084036,0.78109920,-0.02174069,0.02174048,0.03064624,0.00923160,0.00000000,-0.02199111
73,10.081540,1786362076.547776,2692,50000,0,0,0,,,,,,,,,,,no_stable_track,RUNNING,1,117,4,0,4.831836,0.310231,0.000208,0.000334,5.866568,142,0.030789,,,,,0,,SAFE,SAFE,,0.309541,,,1,1.000000,SAFE,0,current,50000,129.0520,0.77764761,-0.31720006,1.18881154,-0.06470034,1.57084036,0.77765495,-0.02325372,0.02286091,0.03228018,0.00951728,0.00000000,-0.02303251
74,10.210459,1786362076.676845,2754,50000,0,0,0,,,,,,,,,,,no_stable_track,RUNNING,1,120,3,0,4.956061,0.307739,0.000201,0.000315,5.991133,145,0.030507,,,,,0,,SAFE,SAFE,,0.307042,,,1,1.000000,SAFE,0,current,50000,128.5177,0.77485627,-0.31447837,1.19270694,-0.06363295,1.57084036,0.77483428,-0.02165191,0.02111166,0.03021586,0.00827955,0.00000000,-0.02187938
75,10.341320,1786362076.805381,2682,50000,0,0,0,,,,,,,,,,,no_stable_track,RUNNING,1,123,3,0,5.080137,0.305324,0.000100,0.000172,6.115167,148,0.030038,,,,,0,,SAFE,SAFE,,0.304428,,,1,1.000000,SAFE,0,current,50000,131.7983,0.77189612,-0.31166136,1.19659877,-0.06252521,1.57084036,0.77192551,-0.02262044,0.02152661,0.02974003,0.00846502,0.00000000,-0.02222782
76,10.471998,1786362076.937198,2752,50000,0,0,0,,,,,,,,,,,no_stable_track,RUNNING,1,126,3,0,5.204579,0.302836,0.000202,0.000268,6.239636,151,0.029278,,,,,0,,SAFE,SAFE,,0.301843,,,1,1.000000,SAFE,0,current,50000,130.5868,0.76885533,-0.30878562,1.20064092,-0.06142480,1.57084036,0.76886266,-0.02326943,0.02200644,0.03093226,0.00842078,0.00000000,-0.02343820
77,10.602061,1786362077.067818,2690,50000,1,0,0,0.501819,upperArm_Link,0,0.622024,-0.620882,0.354744,,,,,no_stable_track,RUNNING,1,129,3,0,5.327756,0.300337,0.000303,0.000433,6.363204,154,0.028897,,,,,0,,SAFE,SAFE,,0.299233,0.499205,,0,1.000000,SAFE,1,current,50000,149.9137,0.76588792,-0.30601624,1.20444465,-0.06030238,1.57084036,0.76590997,-0.02281509,0.02129248,0.02924511,0.00862975,0.00000000,-0.02270189
78,10.753205,1786362077.217751,2774,50000,0,0,0,,,,,,,,,,,no_stable_track,RUNNING,1,133,4,0,5.494019,0.297054,0.000001,0.000051,6.529454,158,0.028974,,,,,0,,SAFE,SAFE,,0.296041,,,1,1.000000,SAFE,0,current,50000,132.5994,0.76247299,-0.30287275,1.20881689,-0.05902591,1.57084036,0.76243263,-0.02259389,0.02079799,0.02892765,0.00844542,0.00000000,-0.02300678
79,10.886220,1786362077.350387,2669,50000,1,0,0,,,,,,,,,,,no_stable_track,RUNNING,1,136,3,0,5.617669,0.294534,0.000206,0.000154,6.653726,161,0.028361,,,,,0,,SAFE,SAFE,,0.293622,,,1,1.000000,SAFE,0,current,50000,130.6812,0.75945050,-0.30014741,1.21267211,-0.05798419,1.57084036,0.75945783,-0.02272296,0.02048893,0.02898343,0.00783159,0.00000000,-0.02236447
80,11.014269,1786362077.481087,2674,50000,0,0,0,,,,,,,,,,,no_stable_track,RUNNING,1,139,3,0,5.742518,0.292045,0.000201,0.000275,6.777511,164,0.028046,,,,,0,,SAFE,SAFE,,0.290936,,,1,1.000000,SAFE,0,current,50000,127.8001,0.75646842,-0.29745874,1.21629977,-0.05699382,1.57084036,0.75643176,-0.02328866,0.02099731,0.02833032,0.00773432,0.00000000,-0.02363219
81,11.142576,1786362077.608905,2670,50000,1,0,0,0.493928,upperArm_Link,0,0.623343,-0.622609,0.349035,,,,,no_stable_track,RUNNING,1,142,3,0,5.866568,0.289541,0.000309,0.000389,6.901912,167,0.027598,,,,,0,,SAFE,SAFE,,0.288523,0.493320,,0,1.000000,SAFE,1,current,50000,146.8969,0.75343132,-0.29479209,1.21998978,-0.05602179,1.57084036,0.75344598,-0.02367058,0.02078341,0.02875924,0.00757582,0.00000000,-0.02327060
82,11.289864,1786362077.755831,2676,50000,0,0,0,,,,,,,,,,,no_stable_track,RUNNING,1,146,4,0,6.032697,0.286238,0.000096,0.000150,7.066806,171,0.027694,,,,,0,,SAFE,SAFE,,0.285346,,,1,1.000000,SAFE,0,current,50000,128.1944,0.75006407,-0.29181731,1.22413468,-0.05489571,1.57084036,0.75003105,-0.02286164,0.02019702,0.02814151,0.00764546,0.00000000,-0.02318538
83,11.415182,1786362077.884051,2708,50000,1,0,0,0.502147,upperArm_Link,0,0.621847,-0.621268,0.360233,,,,,no_stable_track,RUNNING,1,149,3,0,6.156510,0.283736,0.000100,0.000169,7.191331,174,0.027466,,,,,0,,SAFE,SAFE,,0.282928,0.500375,,0,1.000000,SAFE,1,current,50000,144.3436,0.74711859,-0.28931570,1.22757888,-0.05392001,1.57084036,0.74711859,-0.02350403,0.01996204,0.02748360,0.00778574,0.00000000,-0.02324054
84,11.562848,1786362078.028414,2734,50000,0,0,0,,,,,,,,,,,no_stable_track,RUNNING,1,152,3,0,6.280598,0.281242,0.000397,0.000506,7.315861,177,0.026490,,,,,0,,SAFE,SAFE,,0.280444,,,1,1.000000,SAFE,0,current,50000,125.7231,0.74359733,-0.28630060,1.23166513,-0.05278293,1.57084036,0.74357897,-0.02384609,0.02041834,0.02767223,0.00770037,0.00000000,-0.02397041
85,11.689188,1786362078.154154,2763,50000,0,0,0,,,,,,,,,,,no_stable_track,RUNNING,1,155,3,0,6.405050,0.278846,0.000512,0.000513,7.440072,180,0.026270,,,,,0,,SAFE,SAFE,,0.277425,,,1,1.000000,SAFE,0,current,50000,130.9483,0.74060422,-0.28384301,1.23499203,-0.05189160,1.57084036,0.74064088,-0.02369093,0.01945222,0.02633290,0.00705504,0.00000000,-0.02325548
86,11.819598,1786362078.285135,2630,50000,1,0,0,0.518994,upperArm_Link,0,0.627454,-0.616107,0.356667,,,,,no_stable_track,RUNNING,1,159,4,0,6.571412,0.275438,0.000293,0.000396,7.606213,184,0.026689,,,,,0,,SAFE,SAFE,,0.274944,0.518138,,0,1.000000,SAFE,1,current,50000,149.1513,0.73753035,-0.28126073,1.23856103,-0.05100760,1.57084036,0.73752302,-0.02357075,0.01980119,0.02736750,0.00677857,0.00000000,-0.02390805
87,11.975692,1786362078.434306,2850,50000,1,0,0,0.486586,upperArm_Link,0,0.622540,-0.603819,0.376918,,,,,no_stable_track,RUNNING,1,162,3,0,6.695157,0.273030,0.000401,0.000396,7.731436,187,0.025684,,,,,0,,SAFE,SAFE,,0.271825,0.485650,,0,1.000000,SAFE,1,current,50000,151.6993,0.73380733,-0.27825660,1.24263251,-0.04993286,1.57084405,0.73382574,-0.02385125,0.01924573,0.02608355,0.00688520,0.00002367,-0.02368629
88,12.121419,1786362078.586023,2600,50000,1,1,0,0.477481,upperArm_Link,0,0.624439,-0.605559,0.369086,,,,,predicted_track_not_dynamic,RUNNING,1,166,4,0,6.860396,0.269742,0.000100,0.000055,7.896882,191,0.025746,0.000000,0.178404,3,0.025700,0,"speed_history_ready,speed_ok,radius_ok,valid_streak_not_ready",SAFE,SAFE,0.000000,0.268840,0.476400,,0,1.000000,SAFE,1,current,50000,145.1884,0.73021632,-0.27535519,1.24646568,-0.04889848,1.57084405,0.73019439,-0.02464199,0.01990988,0.02630382,0.00709809,0.00000000,-0.02491889
89,12.264502,1786362078.731230,2811,50000,0,0,0,,,,,,,,,,,no_stable_track,RUNNING,1,169,3,0,6.984229,0.267227,0.000395,0.000535,8.021264,194,0.025155,,,,,0,,SAFE,SAFE,,0.265744,,,1,1.000000,SAFE,0,current,50000,139.9993,0.72680509,-0.27269953,1.25010788,-0.04792646,1.57084405,0.72679043,-0.02384091,0.01856022,0.02545513,0.00679343,0.00000000,-0.02379009
90,12.408201,1786362078.871248,2680,50000,1,0,0,0.477671,upperArm_Link,0,0.624259,-0.603152,0.362194,,,,,no_stable_track,RUNNING,1,173,4,0,7.149915,0.263940,0.000001,0.000055,8.187903,198,0.025808,,,,,0,,SAFE,SAFE,,0.263132,0.476823,,0,1.000000,SAFE,1,current,50000,163.0746,0.72330213,-0.26994854,1.25386763,-0.04695076,1.57084405,0.72328377,-0.02437702,0.01914407,0.02616392,0.00678983,0.00000000,-0.02440274
91,12.570284,1786362079.034357,2798,50000,1,0,0,0.466689,upperArm_Link,0,0.621761,-0.602211,0.370404,,,,,no_stable_track,RUNNING,1,177,4,0,7.315861,0.260544,0.000196,0.000297,8.354876,202,0.026182,,,,,0,,SAFE,SAFE,,0.259846,0.465907,,0,1.000000,SAFE,1,current,50000,151.0904,0.71938831,-0.26696643,1.25785851,-0.04593471,1.57084405,0.71936637,-0.02414704,0.01839868,0.02462253,0.00626869,0.00000000,-0.02416911
92,12.719113,1786362079.185481,2757,50000,1,1,0,0.488048,upperArm_Link,0,0.627988,-0.599631,0.370995,,,,,predicted_track_not_dynamic,RUNNING,1,180,3,0,7.440072,0.258139,0.000404,0.000411,8.479423,205,0.025566,0.000000,0.185381,3,0.027324,0,"speed_history_ready,speed_ok,radius_ok,valid_streak_not_ready",SAFE,SAFE,0.000000,0.256826,0.485860,,0,1.000000,SAFE,1,current,50000,149.2999,0.71569097,-0.26420808,1.26160359,-0.04501037,1.57084405,0.71569830,-0.02484292,0.01853377,0.02516371,0.00621078,0.00000000,-0.02464628
93,12.869045,1786362079.334798,2823,50000,1,1,0,0.474051,upperArm_Link,0,0.625540,-0.593934,0.370875,,,,,predicted_track_not_dynamic,RUNNING,1,184,4,0,7.606213,0.254742,0.000002,0.000051,8.645167,209,0.026215,0.000000,0.184530,4,0.027673,0,"speed_history_ready,speed_ok,radius_ok,valid_streak_not_ready",SAFE,SAFE,0.000000,0.253738,0.471920,,0,1.000000,SAFE,1,current,50000,158.7319,0.71200091,-0.26145339,1.26520920,-0.04410070,1.57084405,0.71198261,-0.02461150,0.01837286,0.02404818,0.00606723,0.00000000,-0.02478244
94,13.038258,1786362079.493561,2778,50000,1,1,0,0.473546,upperArm_Link,0,0.629491,-0.597637,0.369667,,,,,predicted_track_not_dynamic,RUNNING,1,188,4,0,7.772792,0.251430,0.000098,0.000172,8.811290,213,0.026241,0.000000,0.184525,5,0.028964,0,"speed_ok,radius_ok,valid_streak_not_ready",SAFE,SAFE,0.000000,0.250538,0.470099,,0,1.000000,SAFE,1,current,50000,149.7946,0.70775706,-0.25839058,1.26936507,-0.04306998,1.57084405,0.70778632,-0.02507999,0.01810039,0.02456008,0.00609123,0.00000000,-0.02479890
95,13.177572,1786362079.643374,2831,50000,1,1,0,0.463871,upperArm_Link,0,0.623792,-0.592659,0.368749,,,,,predicted_track_not_dynamic,RUNNING,1,192,4,0,7.938265,0.248132,0.000407,0.000539,8.977591,217,0.027026,0.000000,0.189158,6,0.030811,0,"speed_ok,radius_ok,valid_streak_not_ready",SAFE,SAFE,0.000000,0.248031,0.460822,,0,1.000000,SAFE,1,current,50000,146.1764,0.70427239,-0.25587061,1.27265537,-0.04221900,1.57084405,0.70428705,-0.02501303,0.01808838,0.02361783,0.00610838,0.00000000,-0.02511785
96,13.328430,1786362079.789568,2697,50000,1,1,0,0.478166,upperArm_Link,0,0.625873,-0.588870,0.380310,,,,,predicted_track_not_dynamic,RUNNING,1,195,3,0,8.062739,0.245651,0.000099,0.000165,9.101616,220,0.026483,0.000000,0.182756,7,0.032179,0,"speed_ok,radius_ok,valid_streak_not_ready",SAFE,SAFE,0.000000,0.244952,0.473243,,0,1.000000,SAFE,1,current,50000,143.5008,0.70050532,-0.25325900,1.27612901,-0.04133868,1.57084405,0.70047969,-0.02497105,0.01731173,0.02302594,0.00583546,0.00000000,-0.02523814
97,13.467503,1786362079.933091,2776,50000,1,1,0,0.451109,upperArm_Link,0,0.625556,-0.589047,0.382285,,,,,predicted_track_not_dynamic,RUNNING,1,199,4,0,8.228919,0.242320,0.000405,0.000543,9.267727,224,0.027272,0.000000,0.185805,8,0.037555,0,"speed_ok,radius_ok,valid_streak_not_ready",SAFE,SAFE,0.000000,0.242523,0.447685,,0,1.000000,SAFE,1,current,50000,149.0643,0.69695097,-0.25077206,1.27944493,-0.04055372,1.57084405,0.69696569,-0.02555724,0.01788218,0.02384291,0.00564419,0.00000000,-0.02526709
98,13.624901,1786362080.082186,2751,50000,1,1,0,0.461499,upperArm_Link,0,0.627358,-0.584661,0.376201,,,,,predicted_track_not_dynamic,RUNNING,1,202,3,0,8.354876,0.239851,0.000207,0.000169,9.391801,227,0.026637,0.000000,0.189663,9,0.025850,0,"speed_ok,radius_ok,valid_streak_not_ready",SAFE,SAFE,0.010621,0.239250,0.456409,,0,1.000000,SAFE,1,current,50000,148.1335,0.69304085,-0.24810541,1.28294039,-0.03968440,1.57084405,0.69301522,-0.02484230,0.01694212,0.02220777,0.00552309,0.00000000,-0.02509867
99,13.767387,1786362080.230338,2718,50000,1,1,0,0.462627,upperArm_Link,0,0.628682,-0.585981,0.384830,,,,,predicted_track_not_dynamic,RUNNING,1,206,4,0,8.520985,0.236435,0.000300,0.000367,9.558026,231,0.027272,0.000000,0.185385,10,0.030211,0,"speed_ok,radius_ok,valid_streak_not_ready",SAFE,SAFE,0.000000,0.236136,0.455189,,0,1.000000,SAFE,1,current,50000,150.0979,0.68933612,-0.24562217,1.28625274,-0.03891044,1.57084405,0.68931419,-0.02600074,0.01742798,0.02324693,0.00543182,0.00000000,-0.02597480
100,13.914846,1786362080.380454,2639,50000,1,1,0,0.430319,upperArm_Link,0,0.623360,-0.571120,0.382032,,,,,predicted_track_not_dynamic,RUNNING,1,209,3,0,8.645167,0.234042,0.000202,0.000176,9.681756,234,0.026894,0.010075,0.189414,11,0.034991,0,"speed_ok,radius_ok,valid_streak_not_ready",SAFE,SAFE,0.010075,0.233132,0.424545,,0,1.000000,SAFE,1,current,50000,148.4806,0.68562782,-0.24317925,1.28945494,-0.03815116,1.57084405,0.68561310,-0.02514796,0.01656677,0.02171581,0.00514909,0.00000000,-0.02509905
101,14.065338,1786362080.528953,2739,50000,1,1,0,0.464037,upperArm_Link,0,0.624062,-0.564681,0.390574,,,,,predicted_track_not_dynamic,RUNNING,1,213,4,0,8.811290,0.230640,0.000202,0.000286,9.848044,238,0.027426,0.010075,0.187758,12,0.023978,0,"speed_ok,radius_ok,valid_streak_not_ready",SAFE,SAFE,0.015995,0.230038,0.449447,,0,1.000000,SAFE,1,current,50000,148.0312,0.68177271,-0.24066666,1.29275620,-0.03737720,1.57084405,0.68176538,-0.02561671,0.01669584,0.02193647,0.00514283,0.00000000,-0.02556760
102,14.211393,1786362080.677003,2677,50000,1,1,0,0.423930,upperArm_Link,0,0.621492,-0.556147,0.388195,,,,,predicted_track_not_dynamic,RUNNING,1,216,3,0,8.936084,0.228128,0.000298,0.000304,9.972881,241,0.027022,0.015995,0.188249,13,0.036665,0,"speed_ok,radius_ok,valid_streak_not_ready",SAFE,SAFE,0.021913,0.226832,0.414486,,0,1.000000,SAFE,1,current,50000,152.0347,0.67799461,-0.23827876,1.29586291,-0.03663993,1.57084405,0.67802763,-0.02586773,0.01634935,0.02127091,0.00504792,0.00000000,-0.02559145
103,14.365021,1786362080.829057,2613,50000,1,1,0,0.442135,upperArm_Link,0,0.623243,-0.565207,0.389889,,,,,predicted_track_not_dynamic,RUNNING,1,220,4,0,9.101616,0.224845,0.000002,0.000062,10.138803,245,0.027452,0.015995,0.184473,14,0.040179,0,"speed_ok,radius_ok,valid_streak_not_ready",SAFE,SAFE,0.000000,0.223832,0.428933,,0,1.000000,SAFE,1,current,50000,148.1490,0.67399281,-0.23574048,1.29917884,-0.03588432,1.57084405,0.67398912,-0.02604861,0.01652224,0.02158412,0.00491847,0.00000000,-0.02628760
104,14.511169,1786362080.977223,2694,50000,1,1,0,0.427958,upperArm_Link,0,0.620105,-0.556034,0.391773,,,,,predicted_track_not_dynamic,RUNNING,1,224,4,0,9.267727,0.221543,0.000300,0.000499,10.305126,249,0.028215,0.000000,0.193263,15,0.044342,0,"speed_ok,radius_ok,valid_streak_not_ready",SAFE,SAFE,0.000000,0.221348,0.415732,,0,1.000000,SAFE,1,current,50000,155.0094,0.67018175,-0.23341863,1.30212426,-0.03515438,1.57084405,0.67019272,-0.02607667,0.01588697,0.02015366,0.00499450,0.00000000,-0.02597634
105,14.668811,1786362081.132264,2754,50000,1,1,0,0.424729,upperArm_Link,0,0.621213,-0.555399,0.383875,,,,,predicted_track_not_dynamic,RUNNING,1,227,3,0,9.391801,0.219031,0.000302,0.000440,10.429479,252,0.027301,0.000000,0.189751,16,0.052323,0,"speed_ok,radius_ok,valid_streak_not_ready",SAFE,SAFE,0.000000,0.218327,0.412789,,0,1.000000,SAFE,1,current,50000,156.9266,0.66597450,-0.23085469,1.30553925,-0.03437676,1.57084405,0.66599655,-0.02668863,0.01626429,0.02166291,0.00493282,0.00000000,-0.02661830
106,14.825580,1786362081.289209,2768,50000,1,1,0,0.434789,upperArm_Link,0,0.618817,-0.557485,0.395825,,,,,predicted_track_not_dynamic,RUNNING,1,231,4,0,9.558026,0.215754,0.000104,0.000187,10.595972,256,0.027855,0.000000,0.192429,17,0.040573,0,"speed_ok,radius_ok,valid_streak_not_ready",SAFE,SAFE,0.000000,0.215253,0.421217,,0,1.000000,SAFE,1,current,50000,153.1264,0.66189933,-0.22844480,1.30861306,-0.03365049,1.57084405,0.66185534,-0.02599483,0.01537229,0.01960734,0.00463277,0.00000000,-0.02641610
107,14.978575,1786362081.442365,2690,50000,1,1,0,0.437696,upperArm_Link,0,0.621674,-0.554006,0.396458,,,,,predicted_track_not_dynamic,RUNNING,1,235,4,0,9.723283,0.212442,0.000095,0.000139,10.761408,260,0.028244,0.000000,0.188375,18,0.043442,0,"speed_ok,radius_ok,valid_streak_not_ready",SAFE,SAFE,0.000000,0.211549,0.422062,,0,1.000000,SAFE,1,current,50000,149.5367,0.65778017,-0.22601655,1.31177115,-0.03296457,1.57084775,0.65776545,-0.02692343,0.01587139,0.02064176,0.00448327,0.00002415,-0.02673214
108,15.125499,1786362081.591923,2671,50000,1,1,0,0.445671,upperArm_Link,0,0.622146,-0.549685,0.397333,,,,,predicted_track_not_dynamic,RUNNING,1,238,3,0,9.848044,0.209936,0.000302,0.000447,10.886479,263,0.027844,0.000000,0.187753,19,0.029979,0,"speed_ok,radius_ok,valid_streak_not_ready",SAFE,SAFE,0.013050,0.209141,0.431142,,0,1.000000,SAFE,1,current,50000,148.8757,0.65391040,-0.22378640,1.31458449,-0.03233000,1.57084775,0.65391773,-0.02633853,0.01517891,0.01914821,0.00431902,0.00000000,-0.02618843
109,15.277181,1786362081.740818,2667,50000,1,1,0,0.438479,upperArm_Link,0,0.620017,-0.543038,0.391525,,,,,predicted_track_not_dynamic,RUNNING,1,242,4,0,10.014342,0.206642,0.000099,0.000183,11.053669,267,0.028255,0.000000,0.188712,20,0.041759,0,"speed_ok,radius_ok,valid_streak_not_ready",SAFE,SAFE,0.000000,0.206040,0.422034,,0,1.000000,SAFE,1,current,50000,160.4563,0.64976919,-0.22146453,1.31763268,-0.03166975,1.57084775,0.64975077,-0.02730196,0.01530750,0.02009589,0.00435282,0.00000000,-0.02747172
110,15.437834,1786362081.901292,2761,50000,1,1,0,0.414263,upperArm_Link,0,0.621254,-0.539918,0.392278,,,,,predicted_track_not_dynamic,RUNNING,1,246,4,0,10.180263,0.203327,0.000003,0.000176,11.218963,271,0.028512,0.000000,0.194998,21,0.054181,0,"speed_ok,radius_ok,valid_streak_not_ready",SAFE,SAFE,0.000000,0.202342,0.398604,,0,1.000000,SAFE,1,current,50000,151.8755,0.64544451,-0.21906930,1.32068086,-0.03101318,1.57084775,0.64546287,-0.02691932,0.01490931,0.01897368,0.00408693,0.00000000,-0.02669041
111,15.589850,1786362082.053185,2771,50000,1,1,0,0.426903,upperArm_Link,0,0.617987,-0.538743,0.399779,,,,,predicted_track_not_dynamic,RUNNING,1,250,4,0,10.346697,0.199929,0.000405,0.000517,11.384834,275,0.029065,0.000000,0.188032,22,0.042277,0,"speed_ok,radius_ok,valid_streak_not_ready",SAFE,SAFE,0.000000,0.199230,0.410750,,0,1.000000,SAFE,1,current,50000,153.9122,0.64138407,-0.21689416,1.32352352,-0.03040062,1.57084775,0.64140970,-0.02671071,0.01430864,0.01869981,0.00402958,0.00000000,-0.02666288
112,15.742373,1786362082.207117,2781,50000,1,1,0,0.420365,upperArm_Link,0,0.618623,-0.535872,0.392282,,,,,predicted_track_not_dynamic,RUNNING,1,253,3,0,10.471344,0.197441,0.000200,0.000315,11.509422,278,0.028387,0.000000,0.217276,23,0.039020,0,"speed_ok,radius_ok,valid_streak_not_ready",SAFE,SAFE,0.020021,0.196232,0.402502,,0,1.000000,SAFE,1,current,50000,151.5840,0.63718414,-0.21463834,1.32639563,-0.02975871,1.57084775,0.63715482,-0.02753639,0.01479012,0.01883071,0.00420860,0.00000000,-0.02789670
113,15.895940,1786362082.358726,2726,50000,1,1,0,0.410780,upperArm_Link,0,0.618026,-0.532674,0.386428,,,,,predicted_track_not_dynamic,RUNNING,1,257,4,0,10.637145,0.194131,0.000102,0.000191,11.674819,282,0.028915,0.000000,0.207230,24,0.045057,0,"speed_ok,radius_ok,valid_streak_not_ready",SAFE,SAFE,0.000000,0.193738,0.392556,,0,1.000000,SAFE,1,current,50000,148.4543,0.63306129,-0.21251455,1.32909906,-0.02915349,1.57084775,0.63305765,-0.02684713,0.01382965,0.01760414,0.00394109,0.00000000,-0.02667985
114,16.042196,1786362082.507198,2619,50000,1,1,0,0.407488,upperArm_Link,0,0.615178,-0.511383,0.390375,,,,,predicted_track_not_dynamic,RUNNING,1,261,4,0,10.803456,0.190837,0.000397,0.000521,11.839936,286,0.029506,0.020021,0.225380,25,0.044882,0,"speed_ok,radius_ok,valid_streak_not_ready",SAFE,SAFE,0.024977,0.190730,0.405010,,0,1.000000,SAFE,1,current,50000,155.0896,0.62894577,-0.21040176,1.33179867,-0.02856660,1.57085133,0.62896043,-0.02813922,0.01444587,0.01845817,0.00401274,0.00002445,-0.02801410
115,16.195245,1786362082.662306,2785,50000,1,1,0,0.372978,upperArm_Link,0,0.613679,-0.497252,0.393267,,,,,predicted_track_not_dynamic,RUNNING,1,264,3,0,10.927976,0.188342,0.000095,0.000194,11.964319,289,0.028919,0.024977,0.207684,26,0.058400,0,"speed_ok,radius_ok,valid_streak_not_ready",SAFE,SAFE,0.031414,0.187645,0.353828,,0,1.000000,SAFE,1,current,50000,147.0291,0.62483025,-0.20831098,1.33438838,-0.02800540,1.57085133,0.62479359,-0.02689028,0.01366090,0.01692078,0.00366684,0.00000000,-0.02722560
116,16.344511,1786362082.809357,2673,50000,1,1,0,0.389311,upperArm_Link,0,0.616193,-0.493183,0.391613,,,,,predicted_track_not_dynamic,RUNNING,1,268,4,0,11.094610,0.185031,0.000199,0.000246,12.130666,293,0.029605,0.031414,0.207611,27,0.048973,0,"speed_ok,radius_ok,valid_streak_not_ready",SAFE,SAFE,0.033988,0.184342,0.369660,,0,1.000000,SAFE,1,current,50000,148.2140,0.62065238,-0.20624955,1.33702195,-0.02745519,1.57085133,0.62066334,-0.02798932,0.01381038,0.01764342,0.00368606,0.00000000,-0.02767027
117,16.491315,1786362082.957589,2765,50000,1,1,0,0.365814,upperArm_Link,0,0.616306,-0.489385,0.391027,,,,,predicted_track_not_dynamic,RUNNING,1,271,3,0,11.218963,0.182543,0.000307,0.000323,12.255348,296,0.029153,0.033988,0.221324,28,0.048226,0,"speed_ok,radius_ok,valid_streak_not_ready",SAFE,SAFE,0.046899,0.181833,0.347483,,0,1.000000,SAFE,1,current,50000,142.4022,0.61661386,-0.20433117,1.33940983,-0.02694900,1.57085133,0.61663949,-0.02750967,0.01306765,0.01626584,0.00344807,0.00000000,-0.02740979
118,16.634950,1786362083.100009,2747,50000,1,1,0,0.384074,upperArm_Link,0,0.616579,-0.480551,0.388016,,,,,predicted_track_not_dynamic,RUNNING,1,275,4,0,11.384834,0.179244,0.000200,0.000242,12.422890,300,0.029869,0.046899,0.223811,29,0.040490,0,"speed_ok,radius_ok,valid_streak_not_ready",SAFE,SAFE,0.057270,0.178846,0.362111,,0,1.000000,SAFE,1,current,50000,149.7772,0.61257541,-0.20241645,1.34194434,-0.02645749,1.57085133,0.61256802,-0.02811604,0.01333047,0.01764546,0.00342197,0.00000000,-0.02834594
119,16.783609,1786362083.249805,2722,50000,1,1,0,0.383843,upperArm_Link,0,0.608587,-0.477238,0.390156,,,,,predicted_track_not_dynamic,RUNNING,1,278,3,0,11.509422,0.176732,0.000301,0.000481,12.547922,303,0.029256,0.057270,0.234603,30,0.048812,0,"speed_ok,radius_ok,valid_streak_not_ready",SAFE,SAFE,0.062461,0.175540,0.365276,,0,1.000000,SAFE,1,current,50000,149.8303,0.60833877,-0.20043939,1.34431028,-0.02595497,1.57085133,0.60835713,-0.02849905,0.01329928,0.01591527,0.00338036,0.00000000,-0.02832584
120,16.943962,1786362083.399653,2730,50000,1,1,0,0.384783,upperArm_Link,0,0.614928,-0.465123,0.395400,,,,,predicted_track_not_dynamic,RUNNING,1,282,4,0,11.674819,0.173429,0.000206,0.000326,12.715063,307,0.029561,0.061465,0.223131,31,0.040105,0,"speed_ok,radius_ok,valid_streak_not_ready",SAFE,SAFE,0.061465,0.172422,0.364741,,0,1.000000,SAFE,1,current,50000,163.8304,0.60381979,-0.19838530,1.34695852,-0.02543777,1.57085502,0.60384548,-0.02818148,0.01280983,0.01651503,0.00322533,0.00002305,-0.02813576
121,17.100375,1786362083.563515,2748,50000,1,1,0,0.365233,upperArm_Link,0,0.614616,-0.459182,0.390802,,,,,predicted_track_not_dynamic,RUNNING,1,286,4,0,11.839936,0.170144,0.000001,0.000092,12.840052,310,0.028959,0.061465,0.219987,32,0.050934,0,"speed_ok,radius_ok,valid_streak_not_ready",SAFE,SAFE,0.050189,0.169230,0.345279,,0,1.000000,SAFE,1,current,50000,148.0949,0.59944749,-0.19645958,1.34936845,-0.02495359,1.57085502,0.59940344,-0.02795345,0.01231173,0.01540745,0.00309551,0.00000000,-0.02839930
122,17.245783,1786362083.711627,2688,50000,1,1,0,0.374240,upperArm_Link,0,0.618494,-0.454658,0.394778,,,,,predicted_track_not_dynamic,RUNNING,1,289,3,0,11.964319,0.167634,0.000394,0.000620,13.006350,314,0.029667,0.052496,0.208606,33,0.024477,0,"speed_ok,radius_ok,valid_streak_not_ready",SAFE,SAFE,0.052496,0.166245,0.373967,,0,1.000000,SAFE,1,current,50000,158.9353,0.59531367,-0.19465125,1.35162425,-0.02449142,1.57085502,0.59529525,-0.02842924,0.01243631,0.01551364,0.00317846,0.00000000,-0.02825298
123,17.405670,1786362083.870596,2703,50000,1,1,0,0.365888,upperArm_Link,0,0.613637,-0.450499,0.392738,,,,,predicted_track_not_dynamic,RUNNING,1,293,4,0,12.130666,0.164232,0.000199,0.000352,13.131142,317,0.028750,0.050189,0.204697,34,0.047386,0,"speed_ok,radius_ok,valid_streak_not_ready",SAFE,SAFE,0.000000,0.163138,0.342057,,0,1.000000,SAFE,1,current,50000,153.2714,0.59072489,-0.19269252,1.35405254,-0.02399257,1.57085502,0.59073591,-0.02870013,0.01225069,0.01518754,0.00312002,0.00000000,-0.02851597
124,17.558864,1786362084.023885,2696,50000,1,1,0,0.373955,upperArm_Link,0,0.616142,-0.455542,0.390965,,,,,predicted_track_not_dynamic,RUNNING,1,297,4,0,12.296665,0.160940,0.000002,0.000092,13.296879,321,0.029175,0.014289,0.208875,35,0.039101,0,"speed_ok,radius_ok,valid_streak_not_ready",SAFE,SAFE,0.014289,0.159928,0.359346,,0,1.000000,SAFE,1,current,50000,158.0451,0.58628291,-0.19084750,1.35636342,-0.02352673,1.57085502,0.58628660,-0.02899566,0.01204362,0.01508456,0.00304084,0.00000000,-0.02904352
125,17.717892,1786362084.181949,2730,50000,1,1,0,0.361428,upperArm_Link,0,0.617204,-0.431186,0.391139,,,,,predicted_track_not_dynamic,RUNNING,1,301,4,0,12.464377,0.157646,0.000100,0.000161,13.504842,326,0.030654,0.014289,0.202557,36,0.046416,0,"speed_ok,radius_ok,valid_streak_not_ready",SAFE,SAFE,0.020179,0.156945,0.335177,,0,1.000000,SAFE,1,current,50000,147.2896,0.58166856,-0.18895847,1.35865593,-0.02305722,1.57085502,0.58166856,-0.02901606,0.01187867,0.01441583,0.00295237,0.00000000,-0.02903930
126,17.864584,1786362084.329258,2717,50000,1,1,0,0.364025,upperArm_Link,0,0.615395,-0.429911,0.376749,,,,,predicted_track_not_dynamic,RUNNING,1,304,3,0,12.589558,0.155132,0.000300,0.000499,13.628505,329,0.030173,0.020179,0.235291,37,0.044600,0,"speed_ok,radius_ok,valid_streak_not_ready",SAFE,SAFE,0.040313,0.153843,0.351808,,0,1.000000,SAFE,1,current,50000,152.2252,0.57744664,-0.18729317,1.36083114,-0.02264640,1.57085502,0.57745028,-0.02878079,0.01135231,0.01482841,0.00280055,0.00000000,-0.02875601
127,18.017229,1786362084.481502,2828,50000,1,1,0,0.358207,upperArm_Link,0,0.616082,-0.421058,0.388967,,,,,predicted_track_not_dynamic,RUNNING,1,308,4,0,12.756729,0.151732,0.000000,0.000081,13.794712,333,0.030588,0.039918,0.209548,38,0.035343,0,"speed_ok,radius_ok,valid_streak_not_ready",SAFE,SAFE,0.039918,0.150727,0.338097,,0,1.000000,SAFE,1,current,50000,149.3642,0.57293129,-0.18553619,1.36298418,-0.02222458,1.57085502,0.57292765,-0.02958066,0.01151022,0.01410485,0.00276341,0.00000000,-0.02962830
128,18.165113,1786362084.630885,2713,50000,1,1,0,0.351774,upperArm_Link,0,0.612413,-0.424348,0.388711,,,,,predicted_track_not_dynamic,RUNNING,1,312,4,0,12.922823,0.148441,0.000406,0.000547,13.961305,337,0.031464,0.039918,0.216718,39,0.050118,0,"speed_ok,radius_ok,valid_streak_not_ready",SAFE,SAFE,0.000000,0.148342,0.326538,,0,1.000000,SAFE,1,current,50000,149.0708,0.56870574,-0.18393327,1.36489165,-0.02183577,1.57085860,0.56866539,-0.02857341,0.01083902,0.01289840,0.00262916,0.00002418,-0.02882169
129,18.313975,1786362084.779975,2618,50000,1,1,0,0.357852,upperArm_Link,0,0.617813,-0.411251,0.394661,,,,,predicted_track_not_dynamic,RUNNING,1,315,3,0,13.048352,0.145934,0.000098,0.000194,14.085601,340,0.030844,0.010132,0.205712,40,0.042580,0,"speed_ok,radius_ok,valid_streak_not_ready",SAFE,SAFE,0.010132,0.145241,0.348287,,0,1.000000,SAFE,1,current,50000,148.5229,0.56429672,-0.18228632,1.36701536,-0.02145430,1.57085860,0.56427109,-0.02961829,0.01106366,0.01426640,0.00256262,0.00000000,-0.02951939
130,18.462098,1786362084.928517,2640,50000,1,1,0,0.356532,upperArm_Link,0,0.619615,-0.424176,0.401762,,,,,predicted_track_not_dynamic,RUNNING,1,319,4,0,13.214053,0.142631,0.000207,0.000264,14.252273,344,0.031417,0.010132,0.216858,41,0.034953,0,"speed_ok,radius_ok,valid_streak_not_ready",SAFE,SAFE,0.030681,0.142032,0.356327,,0,1.000000,SAFE,1,current,50000,168.8149,0.55986941,-0.18068705,1.36890805,-0.02107649,1.57085860,0.55988413,-0.02988946,0.01079689,0.01277781,0.00255064,0.00000000,-0.02961704
131,18.635902,1786362085.097366,2638,50000,1,1,0,0.362079,upperArm_Link,0,0.616012,-0.401958,0.395761,,,,,predicted_track_not_dynamic,RUNNING,1,323,4,0,13.379619,0.139342,0.000102,0.000161,14.418491,348,0.031413,0.030681,0.205203,42,0.031308,0,"speed_ok,radius_ok,valid_streak_not_ready",SAFE,SAFE,0.033366,0.138935,0.353448,,0,1.000000,SAFE,1,current,50000,148.5878,0.55484426,-0.17892274,1.37111986,-0.02067667,1.57085860,0.55486262,-0.02891274,0.01015116,0.01272589,0.00230038,0.00000000,-0.02889182
132,18.780624,1786362085.245971,2657,50000,1,1,0,0.355873,upperArm_Link,0,0.614041,-0.395364,0.392753,,,,,predicted_track_not_dynamic,RUNNING,1,326,3,0,13.504842,0.136833,0.000295,0.000503,14.543043,351,0.030907,0.030681,0.200300,43,0.039919,0,"speed_ok,radius_ok,valid_streak_not_ready",SAFE,SAFE,0.000000,0.135842,0.340767,,0,1.000000,SAFE,1,current,50000,148.6590,0.55053800,-0.17741153,1.37303829,-0.02033922,1.57085860,0.55053067,-0.02975529,0.01044217,0.01325597,0.00233177,0.00000000,-0.02993280
133,18.928738,1786362085.394650,2562,50000,1,1,0,0.359298,upperArm_Link,0,0.615741,-0.395849,0.389332,,,,,predicted_track_not_dynamic,RUNNING,1,330,4,0,13.669901,0.133535,0.000003,0.000121,14.708471,355,0.031497,0.000000,0.203954,44,0.039505,0,"speed_ok,radius_ok,valid_streak_not_ready",SAFE,SAFE,0.000000,0.132840,0.354608,,0,1.000000,SAFE,1,current,50000,151.5588,0.54604465,-0.17592596,1.37475848,-0.01999809,1.57085860,0.54606301,-0.03033715,0.01002992,0.01161396,0.00230314,0.00000000,-0.03016371
134,19.080174,1786362085.546227,2602,50000,1,1,0,0.335881,upperArm_Link,0,0.615462,-0.387199,0.392394,,,,,predicted_track_not_dynamic,RUNNING,1,334,4,0,13.836419,0.130126,0.000402,0.000569,14.874958,359,0.032077,0.000000,0.203165,45,0.049609,0,"speed_ok,radius_ok,valid_streak_not_ready",SAFE,SAFE,0.015123,0.129728,0.312155,,0,1.000000,SAFE,1,current,50000,149.5245,0.54154032,-0.17444041,1.37659991,-0.01967164,1.57086241,0.54155868,-0.02974413,0.00980972,0.01215979,0.00215572,0.00002519,-0.02974413
135,19.231024,1786362085.695792,2602,50000,1,1,0,0.349457,wrist1_Link,0,0.616894,-0.390533,0.389176,,,,,predicted_track_not_dynamic,RUNNING,1,337,3,0,13.961305,0.127642,0.000205,0.000202,15.000964,362,0.031567,0.000000,0.208601,46,0.032685,0,"speed_ok,radius_ok,valid_streak_not_ready",SAFE,SAFE,0.000000,0.126631,0.344642,,0,1.000000,SAFE,1,current,50000,147.5557,0.53704697,-0.17300254,1.37843025,-0.01935252,1.57086241,0.53700662,-0.02978677,0.00953176,0.01213345,0.00211547,0.00000000,-0.03017596
136,19.380005,1786362085.843364,2523,50000,1,1,0,0.342965,wrist1_Link,0,0.612793,-0.387195,0.393553,,,,,predicted_track_not_dynamic,RUNNING,1,341,4,0,14.127297,0.124348,0.000196,0.000257,15.167069,366,0.032158,0.010205,0.205916,47,0.034461,0,"speed_ok,radius_ok,valid_streak_not_ready",SAFE,SAFE,0.010205,0.124148,0.340758,,0,1.000000,SAFE,1,current,50000,150.3607,0.53251696,-0.17160869,1.38007724,-0.01903707,1.57086241,0.53249860,-0.03040677,0.00935596,0.01105512,0.00211739,0.00000000,-0.03025914
137,19.528589,1786362085.993744,2622,50000,1,1,0,0.339925,wrist1_Link,0,0.615709,-0.381581,0.394693,,,,,predicted_track_not_dynamic,RUNNING,1,344,3,0,14.252273,0.121831,0.000300,0.000510,15.291311,369,0.031490,0.000000,0.206992,48,0.033378,0,"speed_ok,radius_ok,valid_streak_not_ready",SAFE,SAFE,0.000000,0.120537,0.337763,,0,1.000000,SAFE,1,current,50000,152.8886,0.52795392,-0.17021485,1.38176823,-0.01873262,1.57086241,0.52796865,-0.03071016,0.00938083,0.01138067,0.00204899,0.00000000,-0.03048752
138,19.681670,1786362086.146651,2529,50000,1,1,0,0.328813,left_link,0,0.617017,-0.380921,0.396260,,,,,predicted_track_not_dynamic,RUNNING,1,348,4,0,14.418491,0.118534,0.000098,0.000202,15.456537,373,0.031934,0.010205,0.215661,49,0.030777,0,"speed_ok,radius_ok,valid_streak_not_ready",SAFE,SAFE,0.022203,0.118030,0.336268,,0,1.000000,SAFE,1,current,50000,146.5409,0.52324057,-0.16884667,1.38348114,-0.01842817,1.57086599,0.52325517,-0.03078981,0.00893758,0.01118957,0.00198878,0.00002336,-0.03079059
139,19.827431,1786362086.293212,2540,50000,1,1,0,0.311676,left_link,0,0.615815,-0.360790,0.393667,,,,,predicted_track_not_dynamic,RUNNING,1,352,4,0,14.584353,0.115246,0.000300,0.000422,15.622226,377,0.032675,0.022203,0.211092,50,0.031418,0,"speed_ok,radius_ok,valid_streak_not_ready",SAFE,SAFE,0.036079,0.114943,0.315193,,0,1.000000,SAFE,1,current,50000,136.9985,0.51883155,-0.16756286,1.38501072,-0.01814573,1.57086599,0.51883155,-0.03024823,0.00880763,0.01049371,0.00193768,0.00000000,-0.03034841
140,19.965000,1786362086.430228,2515,50000,1,1,0,0.308566,wrist1_Link,0,0.615281,-0.349923,0.389429,,,,,predicted_track_not_dynamic,RUNNING,1,355,3,0,14.708471,0.112740,0.000097,0.000154,15.746780,380,0.032444,0.034176,0.204212,51,0.055808,0,"speed_ok,radius_ok,valid_streak_not_ready",SAFE,SAFE,0.034176,0.111849,0.306980,,0,1.000000,SAFE,1,current,50000,148.3850,0.51466835,-0.16644044,1.38643026,-0.01789631,1.57086599,0.51467204,-0.03026266,0.00815892,0.01031877,0.00181309,0.00000000,-0.03023579
141,20.111793,1786362086.578634,2395,50000,1,1,0,0.302788,left_link,0,0.616947,-0.344695,0.389522,,,,,predicted_track_not_dynamic,RUNNING,1,359,4,0,14.874958,0.109420,0.000406,0.000580,15.913337,384,0.033049,0.036079,0.200645,52,0.023993,0,"speed_ok,radius_ok,valid_streak_not_ready",SAFE,SAFE,0.042486,0.109423,0.302894,,0,1.000000,SAFE,1,current,50000,146.6687,0.51004297,-0.16517130,1.38793409,-0.01762854,1.57086599,0.51005763,-0.03150966,0.00864586,0.01024457,0.00182412,0.00000000,-0.03143495
142,20.258645,1786362086.725325,2473,50000,1,1,0,0.297447,left_link,0,0.616012,-0.349348,0.390078,,,,,predicted_track_not_dynamic,RUNNING,1,362,3,0,15.000964,0.106946,0.000007,0.000154,16.037793,387,0.032528,0.042486,0.229461,53,0.039183,0,"speed_ok,radius_ok,valid_streak_not_ready",SAFE,SAFE,0.044539,0.106338,0.303156,,0,1.000000,SAFE,1,current,50000,146.5435,0.50558633,-0.16399020,1.38931692,-0.01737912,1.57086599,0.50556797,-0.03034783,0.00804276,0.00941647,0.00169848,0.00000000,-0.03057269
143,20.407218,1786362086.871886,2444,50000,1,1,0,0.291865,left_link,0,0.618204,-0.340882,0.393584,,,,,predicted_track_not_dynamic,RUNNING,1,366,4,0,15.167069,0.103544,0.000397,0.000576,16.204763,391,0.033108,0.042486,0.207786,54,0.046748,0,"speed_ok,radius_ok,valid_streak_not_ready",SAFE,SAFE,0.000000,0.103243,0.300639,,0,1.000000,SAFE,1,current,50000,162.6472,0.50094628,-0.16279809,1.39078426,-0.01712602,1.57086599,0.50091690,-0.03123061,0.00802369,0.00987623,0.00170350,0.00000000,-0.03130483
144,20.571065,1786362087.034564,2453,50000,1,1,0,0.286164,left_link,0,0.619690,-0.333375,0.397805,,,,,predicted_track_not_dynamic,RUNNING,1,369,3,0,15.291311,0.101037,0.000404,0.000517,16.328537,394,0.032103,0.000000,0.200992,55,0.039095,0,"speed_ok,radius_ok,valid_streak_not_ready",SAFE,SAFE,0.000000,0.100141,0.290292,,0,1.000000,SAFE,1,current,50000,152.1007,0.49595040,-0.16159497,1.39226973,-0.01685826,1.57086968,0.49597239,-0.03049126,0.00734297,0.00906622,0.00163425,0.00002255,-0.03017768
145,20.720100,1786362087.186683,2408,50000,1,1,0,0.277983,left_link,0,0.619256,-0.341916,0.391667,,,,,predicted_track_not_dynamic,RUNNING,1,373,4,0,15.456537,0.097733,0.000001,0.000114,16.494388,398,0.032682,0.000000,0.203872,56,0.028308,0,"speed_ok,radius_ok,valid_streak_not_ready",SAFE,SAFE,0.016303,0.096834,0.285066,,0,1.000000,SAFE,1,current,50000,163.5772,0.49126267,-0.16050558,1.39364529,-0.01663084,1.57086968,0.49129567,-0.03145376,0.00730963,0.00922972,0.00152593,0.00000000,-0.03137997
146,20.888142,1786362087.350282,2500,50000,1,1,0,0.266163,left_link,0,0.616990,-0.333022,0.393561,,,,,predicted_track_not_dynamic,RUNNING,1,377,4,0,15.622226,0.094441,0.000106,0.000216,16.659867,402,0.032656,0.000000,0.200241,57,0.031347,0,"speed_ok,radius_ok,valid_streak_not_ready",SAFE,SAFE,0.000000,0.093729,0.276656,16,1,1.000000,STATIC,1,current,50000,153.5416,0.48594770,-0.15923643,1.39502811,-0.01637408,1.57086968,0.48597702,-0.03162890,0.00755257,0.00822907,0.00152798,0.00000000,-0.03165072
147,21.038326,1786362087.503842,2457,50000,1,1,0,0.260957,left_link,0,0.617292,-0.324794,0.391736,,,,,predicted_track_not_dynamic,RUNNING,1,381,4,0,15.788339,0.091143,0.000197,0.000264,16.828510,406,0.033419,0.000000,0.204553,58,0.035731,0,"speed_ok,radius_ok,valid_streak_not_ready",SAFE,SAFE,0.000000,0.090632,0.272968,16,1,1.000000,STATIC,1,current,50000,152.1738,0.48124158,-0.15820938,1.39635599,-0.01616500,1.57086968,0.48123428,-0.03133558,0.00683858,0.00884161,0.00139213,0.00000000,-0.03157946
148,21.191775,1786362087.656034,2452,50000,1,1,0,0.255529,left_link,0,0.616415,-0.326806,0.393964,,,,,predicted_track_not_dynamic,RUNNING,1,385,4,0,15.954821,0.087838,0.000389,0.000576,16.995463,410,0.033984,0.000000,0.212299,59,0.041876,0,"speed_ok,radius_ok,valid_streak_not_ready",SAFE,SAFE,0.000000,0.087435,0.268623,16,1,1.000000,STATIC,1,current,50000,160.0287,0.47633746,-0.15714198,1.39762509,-0.01594859,1.57087326,0.47631910,-0.03195929,0.00695606,0.00827051,0.00141033,0.00002331,-0.03203134
149,21.351343,1786362087.816092,2391,50000,1,1,0,0.245380,left_link,0,0.616150,-0.319840,0.389586,,,,,predicted_track_not_dynamic,RUNNING,1,388,3,0,16.079336,0.085330,0.000299,0.000374,17.119662,413,0.032950,0.000000,0.203104,60,0.045725,0,"speed_ok,radius_ok,valid_streak_not_ready",SAFE,SAFE,0.000000,0.084242,0.259725,16,1,1.000000,STATIC,1,current,50000,148.4059,0.47143331,-0.15615529,1.39883184,-0.01575051,1.57087326,0.47142965,-0.03073391,0.00618354,0.00756264,0.00124131,0.00000000,-0.03064184
150,21.499251,1786362087.964517,2347,50000,1,1,0,0.231671,left_link,0,0.614098,-0.311785,0.386364,,,,,predicted_track_not_dynamic,RUNNING,1,392,4,0,16.245938,0.081937,0.000200,0.000271,17.285230,417,0.033702,0.000000,0.226060,61,0.044266,0,"speed_ok,radius_ok,valid_streak_not_ready",SAFE,SAFE,0.023025,0.081135,0.243864,16,1,1.000000,FOLLOWING,1,current,50000,156.4245,0.46667221,-0.15522361,1.39991748,-0.01555611,1.57087326,0.46668690,-0.03218976,0.00629908,0.00734000,0.00131438,0.00000000,-0.03206564
151,21.659471,1786362088.120961,2473,50000,1,1,0,0.222374,left_link,0,0.617870,-0.302177,0.398009,,,,,predicted_track_not_dynamic,RUNNING,1,396,4,0,16.411635,0.078631,0.000305,0.000444,17.450849,421,0.033995,0.023025,0.204871,62,0.032384,0,"speed_ok,radius_ok,valid_streak_not_ready",SAFE,SAFE,0.023958,0.078125,0.236993,16,1,1.000000,FOLLOWING,1,current,50000,166.1342,0.46158099,-0.15422957,1.40108037,-0.01536537,1.57087326,0.46159199,-0.03177634,0.00620421,0.00725804,0.00119047,0.00000000,-0.03179941
152,21.824197,1786362088.287127,2427,50000,1,1,0,0.215144,left_link,0,0.610970,-0.302847,0.388458,,,,,predicted_track_not_dynamic,RUNNING,1,400,4,0,16.577306,0.075341,0.000305,0.000444,17.617205,425,0.034124,0.023958,0.223140,63,0.043896,0,"speed_ok,radius_ok,valid_streak_not_ready",SAFE,SAFE,0.032809,0.075039,0.229921,16,1,1.000000,APPROACHING,1,current,50000,145.7401,0.45632103,-0.15327956,1.40223587,-0.01517096,1.57087326,0.45632836,-0.03193160,0.00576721,0.00701466,0.00118017,0.00000000,-0.03195386
153,21.966221,1786362088.432885,2383,50000,1,1,0,0.194305,left_link,0,0.613592,-0.280808,0.392333,,,,,predicted_track_not_dynamic,RUNNING,1,403,3,0,16.704310,0.072832,0.000098,0.000161,17.745419,428,0.033863,0.032809,0.201953,64,0.037085,0,"speed_ok,radius_ok,valid_streak_not_ready",SAFE,SAFE,0.039127,0.071935,0.209231,16,1,1.000000,APPROACHING,1,current,50000,147.7859,0.45182037,-0.15247992,1.40321517,-0.01502424,1.57087708,0.45181304,-0.03168938,0.00563032,0.00689534,0.00103307,0.00002686,-0.03179262
154,22.114022,1786362088.580689,2351,50000,1,1,0,0.174757,left_link,0,0.607392,-0.271436,0.391434,,,,,predicted_track_not_dynamic,RUNNING,1,407,4,0,16.869716,0.069526,0.000297,0.000459,17.870066,431,0.033005,0.039127,0.225651,65,0.048363,0,"speed_ok,radius_ok,valid_streak_not_ready",SAFE,SAFE,0.055615,0.069426,0.185758,16,1,0.896390,APPROACHING,1,current,50000,147.9159,0.44697490,-0.15167663,1.40418708,-0.01486285,1.57087708,0.44700789,-0.03278371,0.00543495,0.00657582,0.00109196,0.00000000,-0.03251090
155,22.263522,1786362088.728626,2414,50000,1,1,0,0.165908,left_link,0,0.616596,-0.256378,0.392514,,,,,predicted_track_not_dynamic,RUNNING,1,410,3,0,16.995463,0.067037,0.000205,0.000209,17.995490,434,0.032403,0.055615,0.204727,66,0.039935,0,"speed_ok,radius_ok,valid_streak_not_ready",SAFE,SAFE,0.057293,0.065833,0.179799,16,1,0.835109,APPROACHING,1,current,50000,160.1066,0.44214410,-0.15092468,1.40504539,-0.01471246,1.57087708,0.44215143,-0.03231312,0.00502972,0.00574119,0.00100595,0.00000000,-0.03248476
156,22.425316,1786362088.888764,2371,50000,1,1,0,0.151804,left_link,0,0.617270,-0.241040,0.396407,,,,,predicted_track_not_dynamic,RUNNING,1,414,4,0,17.160825,0.063639,0.000003,0.000169,18.161833,438,0.032667,0.057293,0.195366,67,0.031226,0,"speed_ok,radius_ok,valid_streak_not_ready",SAFE,SAFE,0.058106,0.062731,0.167078,16,1,0.747541,APPROACHING,1,current,50000,163.9078,0.43698320,-0.15013605,1.40599179,-0.01456207,1.57088077,0.43696851,-0.03189794,0.00487428,0.00584943,0.00092951,0.00002284,-0.03203406
157,22.591064,1786362089.052692,2398,50000,1,1,0,0.141088,left_link,0,0.615112,-0.241334,0.385919,,,,,predicted_track_not_dynamic,RUNNING,1,418,4,0,17.326742,0.060338,0.000102,0.000136,18.327700,442,0.032766,0.058106,0.216068,68,0.037746,0,"speed_ok,radius_ok,valid_streak_not_ready",WARNING,SAFE,0.062554,0.061532,0.156476,16,1,0.659196,APPROACHING,1,current,50000,150.0485,0.43162787,-0.14933643,1.40694916,-0.01441168,1.57088077,0.43163520,-0.03231016,0.00482436,0.00577607,0.00090734,0.00000000,-0.03217728
158,22.735076,1786362089.202764,2392,50000,1,1,0,0.132969,left_link,0,0.619025,-0.229950,0.386577,,,,,predicted_track_not_dynamic,RUNNING,1,421,3,0,17.450849,0.057830,0.000306,0.000569,18.452412,445,0.032308,0.062554,0.199799,69,0.022252,0,"speed_ok,radius_ok,valid_streak_not_ready",WARNING,SAFE,0.065854,0.061532,0.147844,,0,0.734449,SAFE,1,current,50000,150.6050,0.42704651,-0.14872387,1.40766811,-0.01429064,1.57088077,0.42705384,-0.03181228,0.00425350,0.00499229,0.00084052,0.00000000,-0.03181228
159,22.888362,1786362089.353390,2381,50000,1,1,0,0.130487,left_link,0,0.617391,-0.230092,0.393703,,,,,predicted_track_not_dynamic,RUNNING,1,424,3,0,17.575927,0.055334,0.000081,0.000191,18.576459,448,0.033038,0.062876,0.204685,70,0.031658,0,"speed_ok,radius_ok,valid_streak_not_ready",WARNING,SAFE,0.062876,0.061532,0.145002,,0,0.807715,SAFE,1,current,50000,146.6240,0.42360589,-0.14828737,1.40822196,-0.01420261,1.57088077,0.42363158,-0.02244574,0.00284762,0.00361316,0.00057429,0.00000000,-0.02232597
160,23.033642,1786362089.500034,2449,50000,1,1,0,0.128773,left_link,0,0.616485,-0.227947,0.395799,,,,,predicted_track_not_dynamic,RUNNING,1,425,1,0,17.617205,0.054526,0.000009,0.000183,18.617701,449,0.032954,0.062876,0.200911,71,0.036800,0,"speed_ok,radius_ok,valid_streak_not_ready",WARNING,SAFE,0.054939,0.061532,0.142996,,0,0.889192,SAFE,1,current,50000,163.0466,0.42216802,-0.14810030,1.40843844,-0.01416592,1.57088435,0.42219734,-0.00989728,0.00128765,0.00149012,0.00025249,0.00002462,-0.00987225
161,23.197449,1786362089.663100,2417,50000,1,1,0,0.128552,left_link,0,0.611394,-0.234782,0.388094,,,,,predicted_track_not_dynamic,RUNNING,1,425,0,0,17.617205,0.054526,0.000080,0.000227,18.617701,449,0.032792,0.054939,0.231309,72,0.042719,0,"speed_ok,radius_ok,valid_streak_not_ready",WARNING,SAFE,0.046673,0.061532,0.143259,,0,0.965983,SAFE,1,current,50000,153.7166,0.42202497,-0.14807096,1.40847874,-0.01415125,1.57088435,0.42203596,-0.00087329,0.00017912,0.00024598,0.00008956,0.00000000,-0.00098518
162,23.363608,1786362089.816840,2397,50000,1,1,0,0.129547,left_link,0,0.616728,-0.231004,0.386361,,,,,predicted_track_not_dynamic,RUNNING,1,425,0,0,17.617205,0.054526,0.000084,0.000235,18.617701,449,0.032785,0.046673,0.205732,73,0.043072,0,"speed_ok,radius_ok,valid_streak_not_ready",WARNING,SAFE,0.000000,0.054442,0.144122,16,1,0.641279,STATIC,1,current,50000,162.4484,0.42202127,-0.14806361,1.40848613,-0.01415125,1.57088435,0.42202863,-0.00002224,0.00004421,0.00004448,0.00000000,0.00000000,-0.00004412
163,23.514182,1786362089.979307,2472,50000,2,1,0,0.128826,left_link,0,0.611869,-0.232724,0.386801,,,,,predicted_track_not_dynamic,RUNNING,1,425,0,0,17.617205,0.054526,0.000256,0.000558,18.617701,449,0.032477,0.000000,0.227055,74,0.038630,0,"speed_ok,radius_ok,valid_streak_not_ready",WARNING,SAFE,0.000000,0.054442,0.143815,,0,0.719602,SAFE,1,current,50000,156.7442,0.42173153,-0.14804895,1.40848613,-0.01415125,1.57088435,0.42170584,-0.00192422,0.00009738,0.00000000,0.00000000,0.00000000,-0.00214372
164,23.671200,1786362090.136072,2469,50000,2,1,0,0.129539,left_link,0,0.609529,-0.237410,0.378183,,,,,predicted_track_not_dynamic,RUNNING,1,426,1,0,17.658833,0.053732,0.000385,0.000580,18.658876,450,0.033562,0.000000,0.243020,75,0.059157,0,"speed_ok,radius_ok,valid_streak_not_ready",WARNING,SAFE,0.019913,0.054442,0.144040,,0,0.801070,SAFE,1,current,50000,163.0343,0.42148209,-0.14801593,1.40851915,-0.01415125,1.57088435,0.42148209,-0.00158864,0.00021030,0.00021030,0.00000000,0.00000000,-0.00142503
165,23.867852,1786362090.299127,2521,50000,1,1,0,0.126797,left_link,0,0.615931,-0.234110,0.384928,,,,,predicted_track_not_dynamic,RUNNING,1,426,0,0,17.658833,0.053732,0.000373,0.000572,18.658876,450,0.033562,0.000000,0.224505,76,0.036636,0,"speed_ok,radius_ok,valid_streak_not_ready",WARNING,SAFE,0.000000,0.054081,0.141539,16,1,0.434562,STATIC,1,current,50000,183.3584,0.42147478,-0.14801227,1.40854478,-0.01415492,1.57088435,0.42148209,-0.00003713,0.00001864,0.00013033,-0.00001865,0.00000000,0.00000000
166,24.020320,1786362090.482516,2469,50000,3,1,0,0.128396,left_link,0,0.617057,-0.227582,0.387790,,,,,predicted_track_not_dynamic,RUNNING,1,426,0,0,17.658833,0.053732,0.000034,0.000206,18.658876,450,0.032979,0.000000,0.218528,77,0.040345,0,"speed_ok,radius_ok,valid_streak_not_ready",WARNING,SAFE,0.000000,0.054034,0.143231,16,1,0.300332,STATIC,1,current,50000,155.0947,0.42090622,-0.14795724,1.40862179,-0.01415125,1.57088804,0.42088422,-0.00372912,0.00036093,0.00050509,0.00002405,0.00002424,-0.00392126
167,24.174619,1786362090.637630,2476,50000,1,1,0,0.128603,left_link,0,0.615384,-0.227202,0.387216,,,,,predicted_track_not_dynamic,RUNNING,1,427,1,0,17.703906,0.052840,0.000131,0.000268,18.740906,452,0.034120,0.000000,0.210237,78,0.026481,0,"speed_ok,radius_ok,valid_streak_not_ready",WARNING,SAFE,0.000000,0.054034,0.143330,,0,0.381774,SAFE,1,current,50000,163.0337,0.41918591,-0.14772616,1.40890062,-0.01413291,1.57088804,0.41918224,-0.01114914,0.00149755,0.00180707,0.00011886,0.00000000,-0.01103035
168,24.343182,1786362090.800684,2482,50000,1,1,0,0.128902,left_link,0,0.612532,-0.227617,0.390117,,,,,predicted_track_not_dynamic,RUNNING,1,428,1,0,17.745419,0.052033,0.000036,0.000206,18.782336,453,0.034435,0.000000,0.210236,79,0.042182,0,"speed_ok,radius_ok,valid_streak_not_ready",WARNING,SAFE,0.000000,0.054034,0.143213,,0,0.459300,SAFE,1,current,50000,155.1772,0.41814053,-0.14759044,1.40904725,-0.01407789,1.57088435,0.41818455,-0.00620170,0.00080516,0.00086987,0.00032641,-0.00002192,-0.00591882
169,24.491422,1786362090.955886,2440,50000,2,1,0,0.124259,left_link,0,0.610423,-0.235499,0.378380,,,,,predicted_track_not_dynamic,RUNNING,1,428,0,0,17.745419,0.052033,0.000027,0.000206,18.782336,453,0.034395,0.000000,0.246315,80,0.055601,0,"speed_ok,radius_ok,valid_streak_not_ready",WARNING,SAFE,0.020173,0.054034,0.138751,,0,0.540979,SAFE,1,current,50000,163.4799,0.41812584,-0.14758310,1.40904725,-0.01406689,1.57088804,0.41814420,-0.00009911,0.00004956,0.00000000,0.00007423,0.00002493,-0.00027221
170,24.653146,1786362091.119389,2463,50000,1,1,0,0.130526,left_link,0,0.610330,-0.235508,0.386914,,,,,predicted_track_not_dynamic,RUNNING,1,428,0,0,17.745419,0.052033,0.000021,0.000206,18.782336,453,0.034380,0.000000,0.239188,81,0.051330,0,"speed_ok,radius_ok,valid_streak_not_ready",WARNING,SAFE,0.000000,0.052039,0.143525,16,1,0.310895,STATIC,1,current,50000,156.4872,0.41811487,-0.14758310,1.40904725,-0.01406689,1.57088804,0.41812950,-0.00006781,0.00000000,0.00000000,0.00000000,0.00000000,-0.00009085
171,24.815389,1786362091.275897,2390,50000,1,1,0,0.127324,left_link,0,0.617542,-0.231289,0.386315,,,,,predicted_track_not_dynamic,RUNNING,1,428,0,0,17.745419,0.052033,0.000429,0.000635,18.782336,453,0.033621,0.012326,0.219415,82,0.037735,0,"speed_ok,radius_ok,valid_streak_not_ready",WARNING,SAFE,0.012326,0.051928,0.141553,16,1,0.388868,FOLLOWING,1,current,50000,156.0833,0.41736656,-0.14752808,1.40908754,-0.01406322,1.57088804,0.41735923,-0.00461224,0.00033909,0.00024835,0.00002261,0.00000000,-0.00474762
172,24.963676,1786362091.432021,2401,50000,1,1,0,0.126864,left_link,0,0.614394,-0.227842,0.382292,,,,,predicted_track_not_dynamic,RUNNING,1,430,2,0,17.828459,0.050322,0.000216,0.000304,18.865591,455,0.034703,0.000000,0.215101,83,0.034596,0,"speed_ok,radius_ok,valid_streak_not_ready",WARNING,SAFE,0.000000,0.051928,0.140912,,0,0.462643,SAFE,1,current,50000,147.6385,0.41562793,-0.14730433,1.40938842,-0.01404121,1.57088435,0.41562057,-0.01172485,0.00150894,0.00202907,0.00014842,-0.00002492,-0.01172505
173,25.113591,1786362091.579675,2384,50000,1,1,0,0.126156,left_link,0,0.619064,-0.229560,0.386909,,,,,predicted_track_not_dynamic,RUNNING,1,430,0,0,17.828459,0.050322,0.000385,0.000679,18.865591,455,0.033753,0.000000,0.210567,84,0.032979,0,"speed_ok,radius_ok,valid_streak_not_ready",WARNING,SAFE,0.000000,0.051928,0.140000,,0,0.544661,SAFE,1,current,50000,164.1856,0.41464490,-0.14717963,1.40953159,-0.01400086,1.57088435,0.41468158,-0.00655725,0.00083176,0.00095501,0.00026914,0.00000000,-0.00626343
174,25.278656,1786362091.743895,2343,50000,1,1,0,0.123841,left_link,0,0.611963,-0.235453,0.389578,,,,,predicted_track_not_dynamic,RUNNING,1,431,1,0,17.870066,0.049532,0.000382,0.000605,18.907356,456,0.035033,0.000000,0.214460,85,0.043339,0,"speed_ok,radius_ok,valid_streak_not_ready",WARNING,SAFE,0.000000,0.051928,0.138930,,0,0.622410,SAFE,1,current,50000,155.6596,0.41460821,-0.14716862,1.40953517,-0.01398619,1.57088435,0.41460821,-0.00022226,0.00006671,0.00002167,0.00008889,0.00000000,-0.00044451
175,25.441461,1786362091.899583,2395,50000,1,1,0,0.125701,left_link,0,0.616274,-0.233935,0.382799,,,,,predicted_track_not_dynamic,RUNNING,1,431,0,0,17.870066,0.049532,0.000369,0.000594,18.907356,456,0.035011,0.000000,0.224124,86,0.039419,0,"speed_ok,radius_ok,valid_streak_not_ready",WARNING,SAFE,0.000000,0.049915,0.140476,16,1,0.304570,STATIC,1,current,50000,159.0540,0.41458622,-0.14716862,1.40954244,-0.01398252,1.57088435,0.41459721,-0.00013510,0.00000000,0.00004467,0.00002253,0.00000000,-0.00006755
176,25.593621,1786362092.058671,2350,50000,1,1,0,0.125048,left_link,0,0.612530,-0.231129,0.387733,,,,,predicted_track_not_dynamic,RUNNING,1,431,0,0,17.870066,0.049532,0.000107,0.000220,18.907356,456,0.034571,0.000000,0.212262,87,0.040172,0,"speed_ok,radius_ok,valid_streak_not_ready",WARNING,SAFE,0.012595,0.049915,0.139163,,0,0.382430,SAFE,1,current,50000,155.8439,0.41414604,-0.14714661,1.40955353,-0.01398252,1.57088435,0.41413504,-0.00289288,0.00014464,0.00007286,0.00000000,0.00000000,-0.00303743
177,25.755431,1786362092.214547,2445,50000,1,1,0,0.125765,left_link,0,0.613009,-0.223582,0.384904,,,,,predicted_track_not_dynamic,RUNNING,1,431,0,0,17.870066,0.049532,0.000055,0.000180,18.907356,456,0.034490,0.012595,0.222505,88,0.054589,0,"speed_ok,radius_ok,valid_streak_not_ready",WARNING,SAFE,0.017632,0.049915,0.140429,,0,0.455347,SAFE,1,current,50000,145.9366,0.41406536,-0.14712827,1.40959382,-0.01398252,1.57088435,0.41405800,-0.00049858,0.00011336,0.00024901,0.00000000,0.00000000,-0.00047611
178,25.894005,1786362092.360506,2382,50000,1,1,0,0.125939,left_link,0,0.616703,-0.227459,0.399915,,,,,predicted_track_not_dynamic,RUNNING,1,431,0,0,17.870066,0.049532,0.000048,0.000169,18.907356,456,0.034483,0.014351,0.205278,89,0.028822,0,"speed_ok,radius_ok,valid_streak_not_ready",WARNING,SAFE,0.014351,0.049587,0.139543,16,1,0.531588,FOLLOWING,1,current,50000,152.5836,0.41405800,-0.14711361,1.40960479,-0.01398252,1.57088435,0.41405800,-0.00005312,0.00010581,0.00007914,0.00000000,0.00000000,0.00000000
179,26.045705,1786362092.513109,2403,50000,2,1,0,0.126933,left_link,0,0.617523,-0.229801,0.389312,,,,,predicted_track_not_dynamic,RUNNING,1,431,0,0,17.870066,0.049532,0.000147,0.000293,18.907356,456,0.034157,0.014351,0.205618,90,0.035417,0,"speed_ok,radius_ok,valid_streak_not_ready",WARNING,SAFE,0.000000,0.049587,0.140773,,0,0.606391,SAFE,1,current,50000,149.6953,0.41373158,-0.14709526,1.40962684,-0.01398252,1.57088435,0.41372421,-0.00215178,0.00012092,0.00014538,0.00000000,0.00000000,-0.00220030
180,26.200568,1786362092.662824,2383,50000,1,1,0,0.122961,left_link,0,0.616294,-0.224189,0.383122,,,,,predicted_track_not_dynamic,RUNNING,1,431,0,0,17.870066,0.049532,0.000283,0.000510,18.907356,456,0.033940,0.000000,0.202521,91,0.041667,0,"speed_ok,radius_ok,valid_streak_not_ready",WARNING,SAFE,0.000000,0.049587,0.137864,,0,0.686244,SAFE,1,current,50000,159.8008,0.41351515,-0.14705491,1.40968549,-0.01398252,1.57088435,0.41352248,-0.00139752,0.00026057,0.00037873,0.00000000,0.00000000,-0.00130265
181,26.358985,1786362092.822645,2366,50000,1,1,0,0.124793,left_link,0,0.613935,-0.233464,0.384940,,,,,predicted_track_not_dynamic,RUNNING,1,431,0,0,17.870066,0.049532,0.000283,0.000510,18.907356,456,0.033940,0.000000,0.228304,92,0.041191,0,"speed_ok,radius_ok,valid_streak_not_ready",WARNING,SAFE,0.000000,0.049249,0.138987,16,1,0.363857,STATIC,1,current,50000,161.2967,0.41351515,-0.14705124,1.40968549,-0.01397519,1.57088435,0.41351882,0.00000000,0.00002314,0.00000000,0.00004631,0.00000000,-0.00002314
182,26.517864,1786362092.983963,2432,50000,1,1,0,0.125124,left_link,0,0.617004,-0.227910,0.392938,,,,,predicted_track_not_dynamic,RUNNING,1,432,1,0,17.911613,0.048636,0.000426,0.000653,18.951488,457,0.035129,0.000000,0.204270,93,0.036340,0,"speed_ok,radius_ok,valid_streak_not_ready",WARNING,SAFE,0.000000,0.049249,0.139989,,0,0.445713,SAFE,1,current,50000,163.8651,0.41320336,-0.14702557,1.40969288,-0.01397519,1.57088804,0.41318867,-0.00196244,0.00016160,0.00004652,0.00000000,0.00002326,-0.00207799
183,26.685499,1786362093.147863,2312,50000,1,1,0,0.123830,left_link,0,0.616164,-0.228068,0.389744,,,,,predicted_track_not_dynamic,RUNNING,1,432,0,0,17.911613,0.048636,0.000282,0.000444,18.951488,457,0.034912,0.000000,0.201301,94,0.026105,0,"speed_ok,radius_ok,valid_streak_not_ready",WARNING,SAFE,0.000000,0.049249,0.138516,,0,0.528264,SAFE,1,current,50000,165.2251,0.41296861,-0.14699621,1.40974057,-0.01396418,1.57088435,0.41297963,-0.00140038,0.00017511,0.00028445,0.00006563,-0.00002204,-0.00124695
184,26.856934,1786362093.313119,2361,50000,1,1,0,0.124932,left_link,0,0.615861,-0.236072,0.386076,,,,,predicted_track_not_dynamic,RUNNING,1,432,0,0,17.911613,0.048636,0.000281,0.000433,18.951488,457,0.034901,0.000000,0.204767,95,0.029578,0,"speed_ok,radius_ok,valid_streak_not_ready",WARNING,SAFE,0.000000,0.048913,0.138618,16,1,0.275845,STATIC,1,current,50000,158.1774,0.41296861,-0.14699256,1.40974796,-0.01395685,1.57088435,0.41296861,0.00000000,0.00002130,0.00004311,0.00004280,0.00000000,-0.00006432
185,27.039962,1786362093.471316,2432,50000,1,1,0,0.124848,left_link,0,0.618568,-0.231048,0.384976,,,,,predicted_track_not_dynamic,RUNNING,1,432,0,0,17.911613,0.048636,0.000096,0.000213,18.951488,457,0.034267,0.000000,0.211603,96,0.040335,0,"speed_ok,radius_ok,valid_streak_not_ready",WARNING,SAFE,0.000000,0.048849,0.139406,16,1,0.277534,STATIC,1,current,50000,169.8072,0.41234136,-0.14694488,1.40980661,-0.01395318,1.57088435,0.41233036,-0.00342706,0.00026053,0.00032045,0.00002004,0.00000000,-0.00348715
186,27.174271,1786362093.641143,2370,50000,1,1,0,0.120433,left_link,0,0.613271,-0.229598,0.392089,,,,,predicted_track_not_dynamic,RUNNING,1,433,1,0,17.953894,0.047825,0.000218,0.000407,18.993324,458,0.034087,0.000000,0.209618,97,0.038899,0,"speed_ok,radius_ok,valid_streak_not_ready",WARNING,SAFE,0.000000,0.048849,0.135445,,0,0.345204,SAFE,1,current,50000,135.4421,0.41081548,-0.14675780,1.41003036,-0.01393484,1.57088435,0.41082647,-0.01136094,0.00139294,0.00166598,0.00013655,0.00000000,-0.01119718
187,27.309751,1786362093.776647,2359,50000,2,1,0,0.120814,left_link,0,0.614402,-0.231129,0.395796,,,,,predicted_track_not_dynamic,RUNNING,1,434,1,0,17.995490,0.047029,0.000090,0.000139,19.034793,459,0.034307,0.000000,0.207182,98,0.038896,0,"speed_ok,radius_ok,valid_streak_not_ready",WARNING,SAFE,0.000000,0.048849,0.135139,,0,0.418453,SAFE,1,current,50000,146.6120,0.40971875,-0.14662576,1.41016972,-0.01389816,1.57088435,0.40972608,-0.00809513,0.00097460,0.00102861,0.00027074,0.00000000,-0.00812218
188,27.460806,1786362093.923281,2306,50000,1,1,0,0.119992,left_link,0,0.616435,-0.231532,0.380373,,,,,predicted_track_not_dynamic,RUNNING,1,434,0,0,17.995490,0.047029,0.000157,0.000136,19.034793,459,0.034201,0.000000,0.209127,99,0.025667,0,"speed_ok,radius_ok,valid_streak_not_ready",WARNING,SAFE,0.000000,0.048849,0.134854,,0,0.492076,SAFE,1,current,50000,147.3426,0.40960869,-0.14661475,1.41019535,-0.01387982,1.57088435,0.40961972,-0.00072861,0.00007290,0.00016967,0.00012142,0.00000000,-0.00070415
189,27.613374,1786362094.070643,2412,50000,2,1,0,0.123447,left_link,0,0.615607,-0.233312,0.392024,,,,,predicted_track_not_dynamic,RUNNING,1,434,0,0,17.995490,0.047029,0.000158,0.000136,19.034793,459,0.034193,0.000000,0.210227,100,0.035835,0,"speed_ok,radius_ok,valid_streak_not_ready",WARNING,SAFE,0.000000,0.046871,0.137238,16,1,0.265984,STATIC,1,current,50000,153.1855,0.40960869,-0.14661108,1.41020274,-0.01387615,1.57088435,0.40961236,0.00000000,0.00002403,0.00004844,0.00002404,0.00000000,-0.00004825
190,27.757834,1786362094.223850,2373,50000,1,1,0,0.120499,left_link,0,0.612456,-0.232832,0.384978,,,,,predicted_track_not_dynamic,RUNNING,1,434,0,0,17.995490,0.047029,0.000305,0.000403,19.034793,459,0.033940,0.000000,0.228631,101,0.033394,0,"speed_ok,radius_ok,valid_streak_not_ready",WARNING,SAFE,0.000000,0.046871,0.135631,,0,0.340222,SAFE,1,current,50000,148.5816,0.40935925,-0.14660741,1.41019905,-0.01387615,1.57088435,0.40934461,-0.00172675,0.00002538,-0.00002558,0.00000000,0.00000000,-0.00185342
191,27.904151,1786362094.372453,2478,50000,2,1,0,0.122379,left_link,0,0.615617,-0.234302,0.385587,,,,,predicted_track_not_dynamic,RUNNING,1,435,1,0,18.036880,0.046133,0.000238,0.000341,19.076302,460,0.034872,0.000000,0.213845,102,0.042944,0,"speed_ok,radius_ok,valid_streak_not_ready",WARNING,SAFE,0.000000,0.046871,0.136710,,0,0.421192,SAFE,1,current,50000,162.1304,0.40877604,-0.14655238,1.41027248,-0.01387615,1.57088435,0.40878338,-0.00398589,0.00037610,0.00050188,0.00000000,0.00000000,-0.00383578
192,28.070970,1786362094.534621,2341,50000,1,1,0,0.121008,left_link,0,0.616068,-0.231883,0.389030,,,,,predicted_track_not_dynamic,RUNNING,1,435,0,0,18.036880,0.046133,0.000217,0.000312,19.076302,460,0.034843,0.000000,0.207525,103,0.032619,0,"speed_ok,radius_ok,valid_streak_not_ready",WARNING,SAFE,0.000000,0.046871,0.135795,,0,0.505605,SAFE,1,current,50000,168.9740,0.40874669,-0.14653404,1.41030908,-0.01387615,1.57088435,0.40874669,-0.00017597,0.00010996,0.00021938,0.00000000,0.00000000,-0.00021992
193,28.239948,1786362094.703629,2411,50000,2,1,0,0.120653,left_link,0,0.617726,-0.224562,0.390336,,,,,predicted_track_not_dynamic,RUNNING,1,435,0,0,18.036880,0.046133,0.000200,0.000293,19.076302,460,0.034821,0.000000,0.206324,104,0.034951,0,"speed_ok,radius_ok,valid_streak_not_ready",WARNING,SAFE,0.000000,0.046267,0.135916,16,1,0.256542,STATIC,1,current,50000,155.5481,0.40872103,-0.14652672,1.41030908,-0.01387615,1.57088435,0.40873569,-0.00015185,0.00004330,0.00000000,0.00000000,0.00000000,-0.00006508
194,28.404582,1786362094.859197,2353,50000,1,1,0,0.116569,left_link,0,0.620101,-0.226652,0.387911,,,,,predicted_track_not_dynamic,RUNNING,1,435,0,0,18.036880,0.046133,0.000336,0.000620,19.076302,460,0.033926,0.000000,0.207744,105,0.029274,0,"speed_ok,radius_ok,valid_streak_not_ready",WARNING,SAFE,0.000000,0.046193,0.131579,16,1,0.247249,STATIC,1,current,50000,148.6023,0.40782970,-0.14645335,1.41037154,-0.01386881,1.57088435,0.40782237,-0.00541399,0.00044567,0.00037942,0.00004456,0.00000000,-0.00554758
195,28.558108,1786362095.007820,2362,50000,1,1,0,0.113429,left_link,0,0.615452,-0.226891,0.394040,,,,,predicted_track_not_dynamic,RUNNING,1,437,2,0,18.120310,0.044542,0.000038,0.000451,19.159204,462,0.034868,0.000000,0.206413,106,0.029819,0,"speed_ok,radius_ok,valid_streak_not_ready",WARNING,SAFE,0.000000,0.046193,0.128511,,0,0.324217,SAFE,1,current,50000,154.0306,0.40608740,-0.14625895,1.41062093,-0.01384314,1.57088435,0.40610573,-0.01134860,0.00126624,0.00162439,0.00016725,0.00000000,-0.01118147
196,28.697109,1786362095.161872,2342,50000,1,1,0,0.112140,left_link,0,0.618137,-0.220784,0.385345,,,,,predicted_track_not_dynamic,RUNNING,1,438,1,0,18.161833,0.043634,0.000297,0.000448,19.200903,463,0.035044,0.000000,0.199784,107,0.047913,0,"speed_ok,radius_ok,valid_streak_not_ready",WARNING,SAFE,0.000000,0.046193,0.126577,,0,0.401882,SAFE,1,current,50000,155.4220,0.40476322,-0.14611223,1.41078591,-0.01379545,1.57088435,0.40478158,-0.00952643,0.00105551,0.00118694,0.00034305,0.00000000,-0.00952621
197,28.856012,1786362095.317314,2462,50000,1,1,0,0.108920,left_link,0,0.615648,-0.224275,0.383980,,,,,predicted_track_not_dynamic,RUNNING,1,438,0,0,18.161833,0.043634,0.000255,0.000378,19.200903,463,0.034975,0.000000,0.214512,108,0.042553,0,"speed_ok,radius_ok,valid_streak_not_ready",WARNING,SAFE,0.000000,0.046193,0.123035,,0,0.480439,SAFE,1,current,50000,157.2083,0.40469351,-0.14610122,1.41080797,-0.01378078,1.57088804,0.40471187,-0.00043868,0.00006930,0.00013879,0.00009233,0.00002326,-0.00043868
198,29.024134,1786362095.474541,2456,50000,1,1,0,0.109518,left_link,0,0.613729,-0.224289,0.391963,,,,,predicted_track_not_dynamic,RUNNING,1,438,0,0,18.161833,0.043634,0.000253,0.000374,19.200903,463,0.034967,0.000000,0.229990,109,0.044239,0,"speed_ok,radius_ok,valid_streak_not_ready",WARNING,SAFE,0.000000,0.043889,0.120240,16,1,0.149776,STATIC,1,current,50000,165.4354,0.40468988,-0.14610122,1.41080797,-0.01377711,1.57088804,0.40470454,-0.00002163,0.00000000,0.00000000,0.00002182,0.00000000,-0.00004361
199,29.174300,1786362095.639997,2365,50000,2,1,0,0.108225,left_link,0,0.616086,-0.216118,0.398634,,,,,predicted_track_not_dynamic,RUNNING,1,438,0,0,18.161833,0.043634,0.000030,0.000172,19.200903,463,0.034593,0.000000,0.210797,110,0.028931,0,"speed_ok,radius_ok,valid_streak_not_ready",WARNING,SAFE,0.010248,0.043889,0.120255,,0,0.226008,SAFE,1,current,50000,152.6166,0.40431571,-0.14608656,1.41081154,-0.01378078,1.57088804,0.40430474,-0.00249169,0.00009764,0.00002382,-0.00002443,0.00000000,-0.00266237
200,29.330882,1786362095.792651,2473,50000,1,1,0,0.104335,left_link,0,0.608209,-0.215840,0.385567,,,,,predicted_track_not_dynamic,RUNNING,1,438,0,0,18.161833,0.043634,0.000070,0.000180,19.200903,463,0.034428,0.010248,0.222450,111,0.046705,0,"speed_ok,radius_ok,valid_streak_not_ready",WARNING,SAFE,0.016590,0.043889,0.115344,,0,0.308902,SAFE,1,current,50000,165.9121,0.40415066,-0.14606822,1.41083729,-0.01377711,1.57088804,0.40415800,-0.00105405,0.00011715,0.00016445,0.00002343,0.00000000,-0.00093719
201,29.510196,1786362095.958595,2375,50000,1,1,0,0.099377,left_link,0,0.613259,-0.217787,0.392670,,,,,predicted_track_not_dynamic,RUNNING,1,438,0,0,18.161833,0.043634,0.000074,0.000183,19.200903,463,0.034424,0.010248,0.211344,112,0.038956,0,"speed_ok,radius_ok,valid_streak_not_ready",SLOW,SAFE,0.000000,0.043562,0.113996,16,1,0.099968,STATIC,1,current,50000,158.8675,0.40414700,-0.14606455,1.41086304,-0.01378078,1.57088804,0.40415433,-0.00002044,0.00002044,0.00014360,-0.00002046,0.00000000,-0.00002044
202,29.652293,1786362096.117482,2286,50000,1,1,0,0.098207,left_link,0,0.614949,-0.215127,0.387108,,,,,predicted_track_not_dynamic,RUNNING,1,438,0,0,18.161833,0.043634,0.000273,0.000528,19.200903,463,0.034094,0.000000,0.212692,113,0.036900,0,"speed_ok,radius_ok,valid_streak_not_ready",SLOW,SAFE,0.000000,0.043562,0.111527,,0,0.176395,SAFE,1,current,50000,152.9466,0.40381688,-0.14603886,1.41088140,-0.01378078,1.57088804,0.40380952,-0.00232319,0.00018079,0.00012919,0.00000000,0.00000000,-0.00242659
203,29.808307,1786362096.270449,2340,50000,1,1,0,0.099746,left_link,0,0.609318,-0.214064,0.383299,,,,,predicted_track_not_dynamic,RUNNING,1,439,1,0,18.203620,0.042833,0.000397,0.000613,19.242369,464,0.035224,0.000000,0.223534,114,0.045115,0,"speed_ok,radius_ok,valid_streak_not_ready",SLOW,SAFE,0.012010,0.043562,0.113684,,0,0.254460,SAFE,1,current,50000,156.2516,0.40360412,-0.14600952,1.41093266,-0.01378078,1.57088804,0.40360779,-0.00136372,0.00018806,0.00032856,0.00000000,0.00000000,-0.00129304
204,29.963631,1786362096.426724,2360,50000,1,1,0,0.094071,left_link,0,0.609195,-0.213405,0.384269,,,,,predicted_track_not_dynamic,RUNNING,1,439,0,0,18.203620,0.042833,0.000395,0.000613,19.242369,464,0.035224,0.012010,0.246682,115,0.042215,0,"speed_ok,radius_ok,valid_streak_not_ready",SLOW,SAFE,0.017912,0.043222,0.109234,16,1,0.334788,FOLLOWING,1,current,50000,160.7548,0.40360412,-0.14599852,1.41093993,-0.01377711,1.57088804,0.40360779,0.00000000,0.00007080,0.00004682,0.00002362,0.00000000,0.00000000
205,30.123097,1786362096.587500,2334,50000,1,1,0,0.089828,left_link,0,0.611014,-0.207917,0.386104,,,,,predicted_track_not_dynamic,RUNNING,1,439,0,0,18.203620,0.042833,0.000157,0.000213,19.242369,464,0.034824,0.012010,0.224273,116,0.042819,0,"speed_ok,radius_ok,valid_streak_not_ready",SLOW,SAFE,0.000000,0.042859,0.103409,16,1,0.053477,STATIC,1,current,50000,154.6850,0.40320432,-0.14597651,1.41094732,-0.01377711,1.57088804,0.40319330,-0.00250710,0.00013802,0.00004635,0.00000000,0.00000000,-0.00259924
206,30.276182,1786362096.742204,2363,50000,1,1,0,0.089995,left_link,0,0.613531,-0.203764,0.390590,,,,,predicted_track_not_dynamic,RUNNING,1,440,1,0,18.244988,0.042039,0.000106,0.000183,19.284044,465,0.034850,0.000000,0.212208,117,0.037189,0,"speed_ok,radius_ok,valid_streak_not_ready",SLOW,SAFE,0.000000,0.041989,0.105076,16,1,0.048310,STATIC,1,current,50000,152.1452,0.40186548,-0.14584079,1.41113079,-0.01376611,1.57088804,0.40184715,-0.00874570,0.00088656,0.00119844,0.00007187,0.00000000,-0.00879339
207,30.428240,1786362096.894369,2431,50000,1,1,0,0.092215,left_link,0,0.610793,-0.204009,0.384408,,,,,predicted_track_not_dynamic,RUNNING,1,441,1,0,18.286511,0.041138,0.000075,0.000176,19.325661,466,0.034766,0.000000,0.232813,118,0.043396,0,"speed_ok,radius_ok,valid_streak_not_ready",SLOW,SAFE,0.000000,0.041030,0.101195,16,1,0.036379,STATIC,1,current,50000,157.9709,0.40027353,-0.14568673,1.41131055,-0.01372943,1.57088804,0.40027353,-0.01046940,0.00101319,0.00118223,0.00024123,0.00000000,-0.01034887
208,30.591480,1786362097.052371,2414,50000,1,1,0,0.092220,left_link,0,0.612022,-0.207307,0.386963,,,,,predicted_track_not_dynamic,RUNNING,1,442,1,0,18.327700,0.040333,0.000151,0.000249,19.367196,467,0.034468,0.000000,0.222721,119,0.034973,0,"speed_ok,radius_ok,valid_streak_not_ready",SLOW,SAFE,0.000000,0.040058,0.104019,16,1,0.034077,STATIC,1,current,50000,157.2525,0.39861929,-0.14553268,1.41148651,-0.01368174,1.57088804,0.39865598,-0.01013377,0.00094369,0.00107788,0.00029211,0.00000000,-0.00990903
209,30.744153,1786362097.209658,2361,50000,1,1,0,0.083346,left_link,0,0.614700,-0.199145,0.394921,,,,,predicted_track_not_dynamic,RUNNING,1,443,1,0,18.369005,0.039524,0.000260,0.000517,19.408700,468,0.034212,0.000000,0.208544,120,0.042194,0,"speed_ok,radius_ok,valid_streak_not_ready",SLOW,SAFE,0.000000,0.039114,0.098018,16,1,0.019608,STATIC,1,current,50000,152.1509,0.39704937,-0.14538230,1.41166997,-0.01365240,1.57088804,0.39706770,-0.01028295,0.00098500,0.00120167,0.00019220,0.00000000,-0.01040319
210,30.898609,1786362097.361830,2475,50000,1,1,0,0.090133,left_link,0,0.610832,-0.204727,0.377963,,,,,predicted_track_not_dynamic,RUNNING,1,444,1,0,18.410474,0.038731,0.000415,0.000620,19.450138,469,0.034171,0.000000,0.222987,121,0.054063,0,"speed_ok,radius_ok,valid_streak_not_ready",SLOW,SAFE,0.014594,0.038746,0.102251,16,1,0.094185,FOLLOWING,1,current,50000,149.2518,0.39547944,-0.14524658,1.41182768,-0.01363039,1.57088804,0.39546844,-0.01016422,0.00087869,0.00102109,0.00014249,0.00000000,-0.01035408
211,31.044573,1786362097.511101,2447,50000,1,1,0,0.081367,left_link,0,0.611056,-0.205872,0.390133,,,,,predicted_track_not_dynamic,RUNNING,1,445,1,0,18.452412,0.037842,0.000321,0.000576,19.491642,470,0.034212,0.000000,0.221854,122,0.041718,0,"speed_ok,radius_ok,valid_streak_not_ready",SLOW,SAFE,0.000000,0.038746,0.096127,,0,0.170338,SAFE,1,current,50000,152.3970,0.39416263,-0.14512920,1.41197073,-0.01361205,1.57088804,0.39418828,-0.00902150,0.00080415,0.00098004,0.00012565,0.00000000,-0.00877036
212,31.196081,1786362097.663517,2354,50000,1,1,0,0.084092,left_link,0,0.616168,-0.203887,0.394790,,,,,predicted_track_not_dynamic,RUNNING,1,446,1,0,18.493641,0.037039,0.000330,0.000506,19.533007,471,0.035294,0.000000,0.210309,123,0.040221,0,"speed_ok,radius_ok,valid_streak_not_ready",SLOW,SAFE,0.000000,0.038746,0.097317,,0,0.251854,SAFE,1,current,50000,163.1838,0.39391318,-0.14509985,1.41199648,-0.01360105,1.57088804,0.39394253,-0.00164642,0.00019375,0.00016995,0.00007263,0.00000000,-0.00162202
213,31.362201,1786362097.826736,2391,50000,1,1,0,0.089164,left_link,0,0.612103,-0.202568,0.392591,,,,,predicted_track_not_dynamic,RUNNING,1,446,0,0,18.493641,0.037039,0.000328,0.000502,19.533007,471,0.035286,0.000000,0.204817,124,0.044739,0,"speed_ok,radius_ok,valid_streak_not_ready",SLOW,SAFE,0.000000,0.037367,0.100143,16,1,0.001021,STATIC,1,current,50000,153.8222,0.39390951,-0.14509985,1.41199648,-0.01359738,1.57088804,0.39392054,-0.00002207,0.00000000,0.00000000,0.00002208,0.00000000,-0.00013240
214,31.526852,1786362097.980584,2371,50000,1,1,0,0.089822,left_link,0,0.619982,-0.201745,0.390719,,,,,predicted_track_not_dynamic,RUNNING,1,446,0,0,18.493641,0.037039,0.000239,0.000352,19.533007,471,0.035151,0.000000,0.200286,125,0.037978,0,"speed_ok,radius_ok,valid_streak_not_ready",SLOW,SAFE,0.000000,0.037363,0.102112,,0,0.077633,SAFE,1,current,50000,153.3168,0.39375916,-0.14509618,1.41200376,-0.01359738,1.57088804,0.39379951,-0.00091316,0.00002226,0.00004416,0.00000000,0.00000000,-0.00073505
215,31.667945,1786362098.133920,2324,50000,1,1,0,0.080278,left_link,0,0.615871,-0.201793,0.391997,,,,,predicted_track_not_dynamic,RUNNING,1,446,0,0,18.493641,0.037039,0.000251,0.000506,19.533007,471,0.034314,0.000000,0.199574,126,0.041075,0,"speed_ok,radius_ok,valid_streak_not_ready",SLOW,SAFE,0.000000,0.037363,0.095231,,0,0.153842,SAFE,1,current,50000,152.5176,0.39293751,-0.14505216,1.41202569,-0.01359738,1.57088804,0.39294481,-0.00582347,0.00031198,0.00015546,0.00000000,0.00000000,-0.00605772
216,31.819864,1786362098.286459,2374,50000,2,1,0,0.086552,left_link,0,0.615350,-0.203576,0.396911,,,,,predicted_track_not_dynamic,RUNNING,1,447,1,0,18.534820,0.036231,0.000347,0.000532,19.574230,472,0.035338,0.000000,0.194056,127,0.038152,0,"speed_ok,radius_ok,valid_streak_not_ready",SLOW,SAFE,0.000000,0.037363,0.096932,,0,0.236333,SAFE,1,current,50000,165.1296,0.39259639,-0.14500448,1.41212833,-0.01359371,1.57088804,0.39262205,-0.00224539,0.00031388,0.00067562,0.00002414,0.00000000,-0.00212455
217,31.986281,1786362098.451622,2339,50000,1,1,0,0.083742,left_link,0,0.611604,-0.208415,0.384788,,,,,predicted_track_not_dynamic,RUNNING,1,447,0,0,18.534820,0.036231,0.000346,0.000532,19.574230,472,0.035330,0.000000,0.239476,128,0.039089,0,"speed_ok,radius_ok,valid_streak_not_ready",SLOW,SAFE,0.010285,0.036578,0.097367,16,1,0.315914,FOLLOWING,1,current,50000,159.2878,0.39259639,-0.14500082,1.41213214,-0.01358637,1.57088804,0.39261472,0.00000000,0.00002203,0.00002292,0.00004409,0.00000000,-0.00004405
218,32.147204,1786362098.610933,2318,50000,1,1,0,0.081936,left_link,0,0.615740,-0.199936,0.388136,,,,,predicted_track_not_dynamic,RUNNING,1,447,0,0,18.534820,0.036231,0.000287,0.000433,19.574230,472,0.035253,0.000000,0.204571,129,0.035050,0,"speed_ok,radius_ok,valid_streak_not_ready",SLOW,SAFE,0.000000,0.036415,0.096095,16,1,0.014031,STATIC,1,current,50000,151.0381,0.39249736,-0.14499347,1.41213214,-0.01358271,1.57088804,0.39253768,-0.00061540,0.00004565,0.00000000,0.00002278,0.00000000,-0.00047873
219,32.294304,1786362098.761990,2383,50000,1,1,0,0.082910,left_link,0,0.613849,-0.198948,0.388264,,,,,predicted_track_not_dynamic,RUNNING,1,447,0,0,18.534820,0.036231,0.000301,0.000613,19.574230,472,0.034230,0.000000,0.207297,130,0.040799,0,"speed_ok,radius_ok,valid_streak_not_ready",SLOW,SAFE,0.000000,0.035631,0.096571,16,1,0.000000,STATIC,1,current,50000,149.1101,0.39151430,-0.14492746,1.41217244,-0.01357537,1.57088804,0.39150697,-0.00668293,0.00044876,0.00027391,0.00004987,0.00000000,-0.00700689
220,32.446910,1786362098.911121,2426,50000,2,1,0,0.082283,left_link,0,0.618320,-0.201332,0.400834,,,,,predicted_track_not_dynamic,RUNNING,1,448,1,0,18.576459,0.035328,0.000324,0.000642,19.615390,473,0.034234,0.000000,0.202671,131,0.033866,0,"speed_ok,radius_ok,valid_streak_not_ready",SLOW,SAFE,0.000000,0.035449,0.094312,16,1,0.000000,STATIC,1,current,50000,157.6737,0.38998476,-0.14478441,1.41235960,-0.01355703,1.57088804,0.38996270,-0.01002287,0.00093739,0.00122642,0.00012018,0.00000000,-0.01011934
221,32.602448,1786362099.068817,2350,50000,1,1,0,0.082550,left_link,0,0.614580,-0.204318,0.396485,,,,,predicted_track_not_dynamic,RUNNING,1,449,1,0,18.617701,0.034538,0.000314,0.000565,19.656576,474,0.034307,0.000000,0.202631,132,0.035699,0,"speed_ok,radius_ok,valid_streak_not_ready",SLOW,SAFE,0.000000,0.035449,0.095269,,0,0.070434,SAFE,1,current,50000,140.9651,0.38868994,-0.14467436,1.41248417,-0.01353136,1.57088804,0.38868994,-0.00832475,0.00070751,0.00080092,0.00016508,0.00000000,-0.00818296
222,32.743245,1786362099.209802,2372,50000,2,1,0,0.082703,left_link,0,0.615486,-0.202162,0.392367,,,,,predicted_track_not_dynamic,RUNNING,1,450,1,0,18.658876,0.033739,0.000392,0.000627,19.698009,475,0.035503,0.000000,0.199639,133,0.037320,0,"speed_ok,radius_ok,valid_streak_not_ready",SLOW,SAFE,0.000000,0.035449,0.095343,,0,0.153398,SAFE,1,current,50000,166.0253,0.38853586,-0.14465602,1.41251361,-0.01351668,1.57088804,0.38854688,-0.00109433,0.00013028,0.00020913,0.00010420,0.00000000,-0.00101601
223,32.910226,1786362099.375849,2424,50000,1,1,0,0.081835,left_link,0,0.616805,-0.199660,0.384409,,,,,predicted_track_not_dynamic,RUNNING,1,450,0,0,18.658876,0.033739,0.000390,0.000613,19.698009,475,0.035495,0.000000,0.199327,134,0.042910,0,"speed_ok,radius_ok,valid_streak_not_ready",SLOW,SAFE,0.000000,0.034128,0.095764,16,1,0.000000,STATIC,1,current,50000,150.4422,0.38853219,-0.14465602,1.41251361,-0.01351302,1.57088804,0.38853219,-0.00002195,0.00000000,0.00000000,0.00002197,0.00000000,-0.00008799
224,33.065038,1786362099.526316,2409,50000,2,1,0,0.082230,left_link,0,0.611584,-0.202901,0.388904,,,,,predicted_track_not_dynamic,RUNNING,1,450,0,0,18.658876,0.033739,0.000310,0.000528,19.698009,475,0.035404,0.000000,0.208587,135,0.049321,0,"speed_ok,radius_ok,valid_streak_not_ready",SLOW,SAFE,0.010118,0.034118,0.094826,,0,0.083541,SAFE,1,current,50000,167.2142,0.38839647,-0.14465970,1.41251361,-0.01351302,1.57088804,0.38844785,-0.00087667,-0.00002377,0.00000000,0.00000000,0.00000000,-0.00054479
225,33.228968,1786362099.693562,2403,50000,2,1,0,0.083639,left_link,0,0.614851,-0.200968,0.394364,,,,,predicted_track_not_dynamic,RUNNING,1,450,0,0,18.658876,0.033739,0.000346,0.000631,19.698009,475,0.034259,0.000000,0.199923,136,0.040585,0,"speed_ok,radius_ok,valid_streak_not_ready",SLOW,SAFE,0.000000,0.034118,0.098375,,0,0.158635,SAFE,1,current,50000,150.2789,0.38729605,-0.14460467,1.41256857,-0.01350935,1.57088804,0.38729605,-0.00671276,0.00033569,0.00033524,0.00002238,0.00000000,-0.00702619
226,33.379561,1786362099.843865,2346,50000,1,1,0,0.081185,left_link,0,0.613621,-0.201024,0.392693,,,,,predicted_track_not_dynamic,RUNNING,1,451,1,0,18.699725,0.032930,0.000157,0.000220,19.739476,476,0.035147,0.000000,0.197086,137,0.037718,0,"speed_ok,radius_ok,valid_streak_not_ready",SLOW,SAFE,0.000000,0.034118,0.093632,,0,0.234083,SAFE,1,current,50000,150.9998,0.38679722,-0.14454232,1.41267133,-0.01350935,1.57088804,0.38682657,-0.00331246,0.00041401,0.00068236,0.00000000,0.00000000,-0.00311752
227,33.527602,1786362099.994883,2428,50000,2,1,0,0.078635,left_link,0,0.614531,-0.202427,0.390961,,,,,predicted_track_not_dynamic,RUNNING,1,451,0,0,18.699725,0.032930,0.000154,0.000213,19.739476,476,0.035132,0.000000,0.211874,138,0.040504,0,"speed_ok,radius_ok,valid_streak_not_ready",SLOW,SAFE,0.010216,0.033084,0.093276,16,1,0.311800,FOLLOWING,1,current,50000,155.5679,0.38679355,-0.14453498,1.41267133,-0.01350201,1.57088804,0.38681191,-0.00002476,0.00004962,0.00000000,0.00004955,0.00000000,-0.00009905
228,33.683559,1786362100.150475,2434,50000,2,1,0,0.084178,left_link,0,0.615033,-0.204536,0.388933,,,,,predicted_track_not_dynamic,RUNNING,1,451,0,0,18.699725,0.032930,0.000138,0.000191,19.739476,476,0.035118,0.000000,0.206532,139,0.036967,0,"speed_ok,radius_ok,valid_streak_not_ready",SLOW,SAFE,0.000000,0.033035,0.095216,16,1,0.007419,STATIC,1,current,50000,152.2889,0.38676789,-0.14453131,1.41267860,-0.01350201,1.57088804,0.38679722,-0.00016453,0.00002350,0.00004663,0.00000000,0.00000000,-0.00009421
229,33.842311,1786362100.302784,2380,50000,1,1,0,0.079419,left_link,0,0.615455,-0.198761,0.393803,,,,,predicted_track_not_dynamic,RUNNING,1,451,0,0,18.699725,0.032930,0.000387,0.000715,19.739476,476,0.034212,0.000000,0.200603,140,0.046343,0,"speed_ok,radius_ok,valid_streak_not_ready",SLOW,SAFE,0.000000,0.032405,0.091990,16,1,0.000000,STATIC,1,current,50000,151.8143,0.38588390,-0.14449096,1.41269338,-0.01349468,1.57088804,0.38589120,-0.00556840,0.00025418,0.00009311,0.00004621,0.00000000,-0.00570713
230,33.995085,1786362100.454618,2396,50000,1,1,0,0.079434,left_link,0,0.612091,-0.206815,0.391502,,,,,predicted_track_not_dynamic,RUNNING,1,453,2,0,18.782336,0.031227,0.000435,0.000679,19.822129,478,0.035606,0.000000,0.213942,141,0.043112,0,"speed_ok,radius_ok,valid_streak_not_ready",SLOW,SAFE,0.000000,0.032045,0.093225,16,1,0.000000,STATIC,1,current,50000,174.2704,0.38442400,-0.14436992,1.41286564,-0.01348000,1.57089162,0.38440934,-0.00955591,0.00079229,0.00112753,0.00009604,0.00002341,-0.00969968
231,34.168868,1786362100.628909,2279,50000,2,1,0,0.043853,gripper_base_link,0,0.619458,-0.199420,0.388186,,,,,predicted_track_not_dynamic,RUNNING,1,454,1,0,18.824088,0.030437,0.000383,0.000605,19.863511,479,0.035558,0.000000,0.202927,142,0.034866,0,"speed_ok,radius_ok,valid_streak_not_ready",STOP,SAFE,0.010643,0.032045,0.039243,16,0,0.000000,APPROACHING,1,current,50000,152.1191,0.38302281,-0.14425622,1.41299045,-0.01345066,1.57089162,0.38301185,-0.00806287,0.00065424,0.00071821,0.00016886,0.00000000,-0.00804160
232,34.325372,1786362100.781047,2357,50000,1,1,0,0.044252,gripper_base_link,0,0.611947,-0.200250,0.389780,,,,,predicted_track_not_dynamic,RUNNING,1,454,0,0,18.824088,0.030437,0.000323,0.000517,19.863511,479,0.035459,0.000000,0.210696,143,0.043138,0,"speed_ok,radius_ok,valid_streak_not_ready",STOP,SAFE,0.000000,0.032045,0.039297,16,0,0.000000,APPROACHING,1,current,50000,158.5396,0.38292378,-0.14424153,1.41300511,-0.01343966,1.57089162,0.38292378,-0.00063278,0.00009388,0.00009369,0.00007031,0.00000000,-0.00056271
233,34.472324,1786362100.939607,2358,50000,1,1,0,0.079606,left_link,0,0.613723,-0.198687,0.390822,,,,,predicted_track_not_dynamic,RUNNING,1,454,0,0,18.824088,0.030437,0.000321,0.000514,19.863511,479,0.035455,0.000000,0.203708,144,0.041219,0,"speed_ok,radius_ok,valid_streak_not_ready",SLOW,SAFE,0.000000,0.030758,0.092651,16,1,0.000000,STATIC,1,current,50000,159.2487,0.38292012,-0.14424153,1.41300511,-0.01343232,1.57089162,0.38292012,-0.00002494,0.00000000,0.00000000,0.00004993,0.00000000,-0.00002494
234,34.632239,1786362101.098891,2327,50000,1,1,0,0.080316,left_link,0,0.615736,-0.199934,0.385355,,,,,predicted_track_not_dynamic,RUNNING,1,454,0,0,18.824088,0.030437,0.000321,0.000514,19.863511,479,0.035455,0.000000,0.202531,145,0.044845,0,"speed_ok,radius_ok,valid_streak_not_ready",SLOW,SAFE,0.000000,0.030758,0.091091,,0,0.075335,SAFE,1,current,50000,150.7618,0.38292012,-0.14424153,1.41300511,-0.01343232,1.57089162,0.38292012,0.00000000,0.00000000,0.00000000,0.00000000,0.00000000,0.00000000
235,34.789254,1786362101.249671,2378,50000,1,1,0,0.045868,gripper_base_link,0,0.614505,-0.205486,0.394826,,,,,predicted_track_not_dynamic,RUNNING,1,454,0,0,18.824088,0.030437,0.000321,0.000514,19.863511,479,0.035455,0.000000,0.219628,146,0.029550,0,"speed_ok,radius_ok,valid_streak_not_ready",STOP,SAFE,0.000000,0.030752,0.042077,16,0,0.000000,STATIC,1,current,50000,160.3121,0.38292012,-0.14424521,1.41300511,-0.01343599,1.57089162,0.38292012,0.00000000,-0.00002344,0.00000000,-0.00002336,0.00000000,0.00000000
236,34.946092,1786362101.410004,2355,50000,1,1,0,0.078973,left_link,0,0.612238,-0.205352,0.386606,,,,,predicted_track_not_dynamic,RUNNING,1,454,0,0,18.824088,0.030437,0.000103,0.000187,19.863511,479,0.035118,0.000000,0.220744,147,0.030313,0,"speed_ok,radius_ok,valid_streak_not_ready",SLOW,SAFE,0.000000,0.030698,0.092050,16,1,0.000000,STATIC,1,current,50000,159.9007,0.38258266,-0.14424521,1.41300881,-0.01343599,1.57089162,0.38257530,-0.00215159,0.00000000,0.00002356,0.00000000,0.00000000,-0.00219852
237,35.102204,1786362101.569926,2378,50000,1,1,0,0.079522,left_link,0,0.612054,-0.205127,0.387919,,,,,predicted_track_not_dynamic,RUNNING,1,455,1,0,18.865591,0.029636,0.000150,0.000359,19.905056,480,0.035162,0.000000,0.211622,148,0.041450,0,"speed_ok,radius_ok,valid_streak_not_ready",SLOW,SAFE,0.000000,0.030698,0.094196,,0,0.075477,SAFE,1,current,50000,151.0763,0.38128418,-0.14418653,1.41307473,-0.01343599,1.57089162,0.38128418,-0.00831766,0.00037589,0.00042228,0.00000000,0.00000000,-0.00827051
238,35.254121,1786362101.721025,2357,50000,1,1,0,0.046297,gripper_base_link,0,0.611745,-0.205071,0.389039,,,,,predicted_track_not_dynamic,RUNNING,1,455,0,0,18.865591,0.029636,0.000134,0.000154,19.905056,480,0.034725,0.000000,0.218250,149,0.036041,0,"speed_ok,radius_ok,valid_streak_not_ready",STOP,SAFE,0.000000,0.030698,0.040366,16,0,0.000000,STATIC,1,current,50000,168.4575,0.38082200,-0.14412048,1.41316652,-0.01343232,1.57089162,0.38084769,-0.00304229,0.00043473,0.00060422,0.00002415,0.00000000,-0.00287319
239,35.426952,1786362101.889528,2306,50000,1,1,0,0.044001,left_link,0,0.617288,-0.196801,0.395630,,,,,predicted_track_not_dynamic,RUNNING,1,455,0,0,18.865591,0.029636,0.000137,0.000147,19.905056,480,0.034707,0.000000,0.204893,150,0.041141,0,"speed_ok,radius_ok,valid_streak_not_ready",STOP,SAFE,0.013376,0.029499,0.038163,16,1,0.000000,FOLLOWING,1,current,50000,158.8076,0.38081837,-0.14411315,1.41317379,-0.01343232,1.57089162,0.38082933,-0.00002104,0.00004242,0.00004207,0.00000000,0.00000000,-0.00010622
240,35.583117,1786362102.048352,2448,50000,1,1,0,0.081915,left_link,0,0.610683,-0.204040,0.387714,,,,,predicted_track_not_dynamic,RUNNING,1,455,0,0,18.865591,0.029636,0.000137,0.000147,19.905056,480,0.034707,0.000000,0.210029,151,0.045841,0,"speed_ok,radius_ok,valid_streak_not_ready",SLOW,SAFE,0.000000,0.029499,0.092887,,0,0.077322,SAFE,1,current,50000,154.7693,0.38081837,-0.14410949,1.41317379,-0.01342498,1.57089543,0.38082933,0.00000000,0.00002347,0.00000000,0.00004698,0.00002443,0.00000000
241,35.741507,1786362102.203153,2397,50000,1,1,0,0.078295,left_link,0,0.611323,-0.204222,0.392028,,,,,predicted_track_not_dynamic,RUNNING,1,455,0,0,18.865591,0.029636,0.000137,0.000147,19.905056,480,0.034707,0.000000,0.219588,152,0.039502,0,"speed_ok,radius_ok,valid_streak_not_ready",SLOW,SAFE,0.000000,0.029491,0.092994,,0,0.158274,SAFE,1,current,50000,162.0253,0.38081837,-0.14411315,1.41317379,-0.01342131,1.57089543,0.38082933,0.00000000,-0.00002314,0.00000000,0.00002316,0.00000000,0.00000000
242,35.900294,1786362102.365201,2374,50000,1,1,0,0.041288,gripper_base_link,0,0.612674,-0.202342,0.390134,,,,,predicted_track_not_dynamic,RUNNING,1,455,0,0,18.865591,0.029636,0.000432,0.000620,19.905056,480,0.034193,0.000000,0.230406,153,0.037009,0,"speed_ok,radius_ok,valid_streak_not_ready",STOP,SAFE,0.000000,0.029139,0.036758,16,1,0.000000,STATIC,1,current,50000,156.6757,0.38031948,-0.14409849,1.41317379,-0.01341765,1.57089162,0.38030848,-0.00314189,0.00009234,0.00000000,0.00002310,-0.00002402,-0.00328021
243,36.059111,1786362102.521910,2409,50000,1,1,0,0.046209,gripper_base_link,0,0.614878,-0.199616,0.392876,,,,,predicted_track_not_dynamic,RUNNING,1,457,2,0,18.951488,0.027828,0.000488,0.000763,19.989045,482,0.035587,0.000000,0.214522,154,0.040422,0,"speed_ok,radius_ok,valid_streak_not_ready",STOP,SAFE,0.000000,0.028648,0.041420,16,1,0.000000,STATIC,1,current,50000,148.7963,0.37883759,-0.14399946,1.41329861,-0.01340664,1.57089543,0.37881559,-0.00933084,0.00062357,0.00078589,0.00006929,0.00002402,-0.00940008
244,36.205906,1786362102.670726,2345,50000,1,1,0,0.041766,gripper_base_link,0,0.612403,-0.198702,0.387719,,,,,predicted_track_not_dynamic,RUNNING,1,457,0,0,18.951488,0.027828,0.000295,0.000521,19.989045,482,0.034311,0.000000,0.214043,155,0.045806,0,"speed_ok,radius_ok,valid_streak_not_ready",STOP,SAFE,0.000000,0.028648,0.037568,16,0,0.000000,STATIC,1,current,50000,162.1142,0.37756115,-0.14390041,1.41341591,-0.01338830,1.57089543,0.37754646,-0.00869532,0.00067474,0.00079908,0.00012493,0.00000000,-0.00864558
245,36.368040,1786362102.832874,2419,50000,1,1,0,0.074801,left_link,0,0.611007,-0.201848,0.383099,,,,,predicted_track_not_dynamic,RUNNING,1,458,1,0,18.993324,0.027037,0.000374,0.000594,20.030781,483,0.035620,0.000000,0.224323,156,0.036360,0,"speed_ok,radius_ok,valid_streak_not_ready",SLOW,SAFE,0.000000,0.028648,0.089006,,0,0.073577,SAFE,1,current,50000,147.2540,0.37733370,-0.14388207,1.41343784,-0.01337730,1.57089162,0.37733370,-0.00140286,0.00011314,0.00013529,0.00006787,-0.00002353,-0.00131224
246,36.512264,1786362102.980148,2395,50000,1,1,0,0.043189,gripper_base_link,0,0.613795,-0.199700,0.398125,,,,,predicted_track_not_dynamic,RUNNING,1,458,0,0,18.993324,0.027037,0.000372,0.000591,20.030781,483,0.035617,0.000000,0.211173,157,0.042215,0,"speed_ok,radius_ok,valid_streak_not_ready",STOP,SAFE,0.000000,0.027410,0.039223,16,1,0.000000,STATIC,1,current,50000,164.8525,0.37733003,-0.14388207,1.41344154,-0.01336996,1.57089162,0.37733003,-0.00002542,0.00000000,0.00002562,0.00005087,0.00000000,-0.00002542
247,36.686652,1786362103.145035,2372,50000,1,1,0,0.046113,gripper_base_link,0,0.613162,-0.202784,0.388534,,,,,predicted_track_not_dynamic,RUNNING,1,458,0,0,18.993324,0.027037,0.000300,0.000521,20.030781,483,0.035525,0.000000,0.214897,158,0.043459,0,"speed_ok,radius_ok,valid_streak_not_ready",STOP,SAFE,0.000000,0.027403,0.041416,16,0,0.000000,STATIC,1,current,50000,156.7052,0.37720901,-0.14387473,1.41344154,-0.01336996,1.57089162,0.37726033,-0.00069401,0.00004204,0.00000000,0.00000000,0.00000000,-0.00039973
248,36.835708,1786362103.301760,2329,50000,1,1,0,0.041502,gripper_base_link,0,0.615644,-0.198254,0.388916,,,,,predicted_track_not_dynamic,RUNNING,1,458,0,0,18.993324,0.027037,0.000246,0.000462,20.030781,483,0.034575,0.000000,0.207492,159,0.039518,0,"speed_ok,radius_ok,valid_streak_not_ready",STOP,SAFE,0.000000,0.027403,0.037627,16,0,0.000000,STATIC,1,current,50000,160.7433,0.37628832,-0.14384538,1.41346359,-0.01336996,1.57089162,0.37628466,-0.00617674,0.00019694,0.00014796,0.00000000,0.00000000,-0.00654563
249,36.997622,1786362103.462534,2390,50000,1,1,0,0.078297,left_link,0,0.613307,-0.206901,0.387615,,,,,predicted_track_not_dynamic,RUNNING,1,459,1,0,19.034793,0.026242,0.000135,0.000202,20.072420,484,0.035246,0.000000,0.219816,160,0.044575,0,"speed_ok,radius_ok,valid_streak_not_ready",SLOW,SAFE,0.000000,0.027403,0.088854,,0,0.079268,SAFE,1,current,50000,158.6572,0.37560239,-0.14378670,1.41356266,-0.01336629,1.57089162,0.37562072,-0.00423639,0.00036242,0.00061182,0.00002266,0.00000000,-0.00410055
250,37.155000,1786362103.621214,2318,50000,1,1,0,0.042091,gripper_base_link,0,0.614888,-0.204179,0.390089,,,,,predicted_track_not_dynamic,RUNNING,1,459,0,0,19.034793,0.026242,0.000130,0.000176,20.072420,484,0.035235,0.000000,0.213118,161,0.029733,0,"speed_ok,radius_ok,valid_streak_not_ready",STOP,SAFE,0.000000,0.026372,0.037145,16,1,0.000000,STATIC,1,current,50000,157.7144,0.37559506,-0.14378303,1.41357374,-0.01336263,1.57089162,0.37559506,-0.00004658,0.00002329,0.00007044,0.00002330,0.00000000,-0.00016305
251,37.317631,1786362103.778965,2353,50000,1,1,0,0.043495,gripper_base_link,0,0.612011,-0.202957,0.392254,,,,,predicted_track_not_dynamic,RUNNING,1,459,0,0,19.034793,0.026242,0.000112,0.000172,20.072420,484,0.035209,0.000000,0.224275,162,0.040707,0,"speed_ok,radius_ok,valid_streak_not_ready",STOP,SAFE,0.000000,0.026372,0.039511,16,0,0.000000,STATIC,1,current,50000,156.0972,0.37556574,-0.14377570,1.41356993,-0.01335896,1.57089162,0.37558407,-0.00018032,0.00004508,-0.00002346,0.00002256,0.00000000,-0.00006762
252,37.485394,1786362103.935081,2431,50000,1,1,0,0.078660,left_link,0,0.612120,-0.205148,0.387102,,,,,predicted_track_not_dynamic,RUNNING,1,459,0,0,19.034793,0.026242,0.000285,0.000524,20.072420,484,0.034535,0.000000,0.218062,163,0.038598,0,"speed_ok,radius_ok,valid_streak_not_ready",SLOW,SAFE,0.000000,0.026372,0.089376,,0,0.087844,SAFE,1,current,50000,175.8188,0.37489450,-0.14375736,1.41357374,-0.01335529,1.57089162,0.37489814,-0.00400109,0.00010934,0.00002274,0.00002187,0.00000000,-0.00408867
253,37.651923,1786362104.110933,2385,50000,1,1,0,0.076793,left_link,0,0.613126,-0.207277,0.392874,,,,,predicted_track_not_dynamic,RUNNING,1,459,0,0,19.034793,0.026242,0.000398,0.000712,20.072420,484,0.034347,0.000000,0.211589,164,0.038397,0,"speed_ok,radius_ok,valid_streak_not_ready",SLOW,SAFE,0.000000,0.026372,0.087959,,0,0.167585,SAFE,1,current,50000,159.5791,0.37470740,-0.14373901,1.41360295,-0.01335162,1.57089162,0.37471843,-0.00112352,0.00011015,0.00017538,0.00002202,0.00000000,-0.00107914
254,37.803677,1786362104.270530,2431,50000,1,1,0,0.076463,left_link,0,0.611193,-0.201969,0.387231,,,,,predicted_track_not_dynamic,RUNNING,1,459,0,0,19.034793,0.026242,0.000399,0.000712,20.072420,484,0.034347,0.000000,0.218044,165,0.044987,0,"speed_ok,radius_ok,valid_streak_not_ready",SLOW,SAFE,0.000000,0.025842,0.088149,16,1,0.000000,STATIC,1,current,50000,151.1031,0.37470740,-0.14373168,1.41361034,-0.01334795,1.57089162,0.37471476,0.00000000,0.00004831,0.00004870,0.00002417,0.00000000,-0.00002416
255,37.959770,1786362104.421657,2356,50000,1,1,0,0.074952,left_link,0,0.609862,-0.205146,0.385120,,,,,predicted_track_not_dynamic,RUNNING,1,460,1,0,19.076302,0.025336,0.000358,0.000554,20.114258,485,0.035444,0.000000,0.231447,166,0.042624,0,"speed_ok,radius_ok,valid_streak_not_ready",SLOW,SAFE,0.000000,0.025818,0.084571,16,1,0.000000,STATIC,1,current,50000,156.7368,0.37445799,-0.14372435,1.41362870,-0.01334795,1.57089162,0.37445062,-0.00159787,0.00004697,0.00011761,0.00000000,0.00000000,-0.00169219
256,38.114117,1786362104.578414,2292,50000,1,1,0,0.071915,left_link,0,0.617323,-0.199220,0.396040,,,,,predicted_track_not_dynamic,RUNNING,1,460,0,0,19.076302,0.025336,0.000312,0.000569,20.114258,485,0.034329,0.000000,0.209266,167,0.038084,0,"speed_ok,radius_ok,valid_streak_not_ready",SLOW,SAFE,0.000000,0.025818,0.086948,,0,0.077136,SAFE,1,current,50000,154.3649,0.37333557,-0.14366198,1.41370559,-0.01334429,1.57089162,0.37335020,-0.00727200,0.00040413,0.00049816,0.00002376,0.00000000,-0.00712951
257,38.265709,1786362104.732798,2346,50000,1,1,0,0.073781,left_link,0,0.616574,-0.199103,0.394887,,,,,predicted_track_not_dynamic,RUNNING,1,461,1,0,19.117539,0.024527,0.000277,0.000422,20.156076,486,0.035499,0.000000,0.202648,168,0.038034,0,"speed_ok,radius_ok,valid_streak_not_ready",SLOW,SAFE,0.000000,0.025818,0.087365,,0,0.151586,SAFE,1,current,50000,149.0051,0.37297243,-0.14362897,1.41374969,-0.01333695,1.57089162,0.37299812,-0.00239551,0.00021773,0.00029096,0.00004840,0.00000000,-0.00232257
258,38.415896,1786362104.881835,2341,50000,1,1,0,0.070974,left_link,0,0.616090,-0.201388,0.395824,,,,,predicted_track_not_dynamic,RUNNING,1,461,0,0,19.117539,0.024527,0.000277,0.000422,20.156076,486,0.035492,0.000000,0.199415,169,0.038487,0,"speed_ok,radius_ok,valid_streak_not_ready",SLOW,SAFE,0.000000,0.024804,0.083506,16,1,0.000000,STATIC,1,current,50000,153.6395,0.37297243,-0.14362530,1.41375327,-0.01332961,1.57089543,0.37298709,0.00000000,0.00002441,0.00002381,0.00004884,0.00002540,-0.00007342
259,38.581797,1786362105.035497,2384,50000,1,1,0,0.076632,left_link,0,0.609863,-0.204133,0.385909,,,,,predicted_track_not_dynamic,RUNNING,1,461,0,0,19.117539,0.024527,0.000223,0.000345,20.156076,486,0.035426,0.000000,0.239031,170,0.045157,0,"speed_ok,radius_ok,valid_streak_not_ready",SLOW,SAFE,0.012358,0.024804,0.086005,,0,0.079553,SAFE,1,current,50000,159.2188,0.37288073,-0.14362164,1.41375327,-0.01332595,1.57089162,0.37292475,-0.00055275,0.00002210,0.00000000,0.00002211,-0.00002299,-0.00037580
260,38.729143,1786362105.194736,2322,50000,1,1,0,0.074567,left_link,0,0.613259,-0.198686,0.393900,,,,,predicted_track_not_dynamic,RUNNING,1,461,0,0,19.117539,0.024527,0.000159,0.000345,20.156076,486,0.034755,0.000000,0.210271,171,0.049307,0,"speed_ok,radius_ok,valid_streak_not_ready",SLOW,SAFE,0.000000,0.024804,0.087295,,0,0.155109,SAFE,1,current,50000,151.2113,0.37223515,-0.14360331,1.41375709,-0.01332595,1.57089162,0.37223515,-0.00438139,0.00012439,0.00002589,0.00000000,0.00000000,-0.00468013
261,38.883558,1786362105.345969,2323,50000,1,1,0,0.075562,left_link,0,0.612023,-0.202807,0.384404,,,,,predicted_track_not_dynamic,RUNNING,1,461,0,0,19.117539,0.024527,0.000239,0.000477,20.156076,486,0.034622,0.000000,0.213271,172,0.046753,0,"speed_ok,radius_ok,valid_streak_not_ready",SLOW,SAFE,0.000000,0.024804,0.088606,,0,0.239787,SAFE,1,current,50000,169.4832,0.37210310,-0.14359228,1.41376436,-0.01332228,1.57089162,0.37210310,-0.00085519,0.00007141,0.00004709,0.00002376,0.00000000,-0.00085519
262,39.054302,1786362105.515483,2340,50000,1,1,0,0.073518,left_link,0,0.614502,-0.201316,0.387275,,,,,predicted_track_not_dynamic,RUNNING,1,461,0,0,19.117539,0.024527,0.000242,0.000477,20.156076,486,0.034619,0.000000,0.207601,173,0.035382,0,"speed_ok,radius_ok,valid_streak_not_ready",SLOW,SAFE,0.000000,0.024278,0.083852,16,1,0.000000,STATIC,1,current,50000,156.2194,0.37209943,-0.14358862,1.41378272,-0.01331861,1.57089162,0.37210310,-0.00002147,0.00002147,0.00010752,0.00002148,0.00000000,0.00000000
263,39.209037,1786362105.671721,2421,50000,1,1,0,0.072144,left_link,0,0.615192,-0.197934,0.391497,,,,,predicted_track_not_dynamic,RUNNING,1,462,1,0,19.159204,0.023734,0.000331,0.000510,20.197634,487,0.035624,0.000000,0.204893,174,0.041202,0,"speed_ok,radius_ok,valid_streak_not_ready",SLOW,SAFE,0.000000,0.024215,0.085327,16,1,0.000000,STATIC,1,current,50000,164.8241,0.37172896,-0.14357395,1.41380847,-0.01331861,1.57089162,0.37171429,-0.00239423,0.00009476,0.00016641,0.00000000,0.00000000,-0.00251268
264,39.370713,1786362105.836586,2404,50000,1,1,0,0.073060,left_link,0,0.614786,-0.197147,0.396550,,,,,predicted_track_not_dynamic,RUNNING,1,463,1,0,19.200903,0.022840,0.000452,0.000712,20.239688,488,0.035694,0.000000,0.199438,175,0.038338,0,"speed_ok,radius_ok,valid_streak_not_ready",SLOW,SAFE,0.000000,0.024215,0.083971,,0,0.068829,SAFE,1,current,50000,137.7514,0.37043417,-0.14350793,1.41389644,-0.01331494,1.57089162,0.37043050,-0.00800859,0.00040839,0.00054415,0.00002269,0.00000000,-0.00794057
265,39.513820,1786362105.974357,2393,50000,1,1,0,0.074017,left_link,0,0.615460,-0.204123,0.391033,,,,,predicted_track_not_dynamic,RUNNING,1,463,0,0,19.200903,0.022840,0.000191,0.000279,20.239688,488,0.035261,0.000000,0.198105,176,0.032693,0,"speed_ok,radius_ok,valid_streak_not_ready",SLOW,SAFE,0.000000,0.024215,0.080191,,0,0.146658,SAFE,1,current,50000,155.7784,0.37000132,-0.14346391,1.41393685,-0.01330761,1.57089543,0.37001234,-0.00302465,0.00030759,0.00028239,0.00005126,0.00002666,-0.00292198
266,39.662889,1786362106.130160,2348,50000,1,1,0,0.075035,left_link,0,0.617451,-0.202052,0.389917,,,,,predicted_track_not_dynamic,RUNNING,1,463,0,0,19.200903,0.022840,0.000188,0.000275,20.239688,488,0.035257,0.000000,0.200181,177,0.035989,0,"speed_ok,radius_ok,valid_streak_not_ready",SLOW,SAFE,0.000000,0.023029,0.083588,16,1,0.000000,STATIC,1,current,50000,148.5751,0.36999765,-0.14346391,1.41393685,-0.01330394,1.57089162,0.37000498,-0.00002459,0.00000000,0.00000000,0.00002461,-0.00002559,-0.00004938
267,39.817077,1786362106.278758,2311,50000,1,1,0,0.070683,left_link,0,0.615583,-0.199761,0.399117,,,,,predicted_track_not_dynamic,RUNNING,1,463,0,0,19.200903,0.022840,0.000175,0.000257,20.239688,488,0.035235,0.000000,0.195765,178,0.032683,0,"speed_ok,radius_ok,valid_streak_not_ready",SLOW,SAFE,0.000000,0.023029,0.084411,,0,0.074166,SAFE,1,current,50000,148.4409,0.36997566,-0.14346024,1.41393685,-0.01330027,1.57089543,0.36999401,-0.00014264,0.00002377,0.00000000,0.00002379,0.00002474,-0.00007113
268,39.960943,1786362106.427221,2368,50000,1,1,0,0.072928,left_link,0,0.615523,-0.202174,0.395454,,,,,predicted_track_not_dynamic,RUNNING,1,463,0,0,19.200903,0.022840,0.000080,0.000194,20.239688,488,0.034802,0.000000,0.194949,179,0.036350,0,"speed_ok,radius_ok,valid_streak_not_ready",SLOW,SAFE,0.000000,0.023029,0.081940,,0,0.150163,SAFE,1,current,50000,152.0933,0.36954284,-0.14345290,1.41394413,-0.01329660,1.57089543,0.36954284,-0.00300850,0.00005106,0.00005055,0.00002550,0.00000000,-0.00313611
269,40.122109,1786362106.579335,2383,50000,2,1,0,0.070569,left_link,0,0.609257,-0.206386,0.386216,,,,,predicted_track_not_dynamic,RUNNING,1,463,0,0,19.200903,0.022840,0.000139,0.000293,20.239688,488,0.034703,0.000000,0.227260,180,0.038154,0,"speed_ok,radius_ok,valid_streak_not_ready",SLOW,SAFE,0.011757,0.023029,0.084764,,0,0.234037,SAFE,1,current,50000,167.8737,0.36944380,-0.14344925,1.41394413,-0.01329293,1.57089543,0.36944380,-0.00061448,0.00002265,0.00000000,0.00002276,0.00000000,-0.00061448
270,40.285930,1786362106.747241,2365,50000,1,1,0,0.070028,left_link,0,0.616284,-0.201086,0.385087,,,,,predicted_track_not_dynamic,RUNNING,1,463,0,0,19.200903,0.022840,0.000140,0.000293,20.239688,488,0.034700,0.000000,0.209631,181,0.050241,0,"speed_ok,radius_ok,valid_streak_not_ready",SLOW,SAFE,0.000000,0.022697,0.083283,16,1,0.000000,STATIC,1,current,50000,158.7321,0.36944014,-0.14345290,1.41394770,-0.01329293,1.57089543,0.36944380,-0.00002238,-0.00002229,0.00002183,0.00000000,0.00000000,0.00000000
271,40.446491,1786362106.905993,2334,50000,1,1,0,0.075508,left_link,0,0.614392,-0.198012,0.391306,,,,,predicted_track_not_dynamic,RUNNING,1,464,1,0,19.242369,0.022041,0.000378,0.000587,20.281662,489,0.035738,0.000000,0.201121,182,0.048864,0,"speed_ok,radius_ok,valid_streak_not_ready",SLOW,SAFE,0.000000,0.022632,0.085543,16,1,0.000000,STATIC,1,current,50000,156.0843,0.36896697,-0.14343090,1.41396248,-0.01329293,1.57089543,0.36896327,-0.00294699,0.00013698,0.00009206,0.00000000,0.00000000,-0.00299284
272,40.594507,1786362107.062099,2342,50000,1,1,0,0.075296,left_link,0,0.617063,-0.199853,0.395860,,,,,predicted_track_not_dynamic,RUNNING,1,465,1,0,19.284044,0.021228,0.000431,0.000679,20.323001,490,0.035829,0.000000,0.199401,183,0.033557,0,"speed_ok,radius_ok,valid_streak_not_ready",SLOW,SAFE,0.000000,0.022632,0.086730,,0,0.077262,SAFE,1,current,50000,154.6193,0.36769414,-0.14337221,1.41406143,-0.01328927,1.57089543,0.36772349,-0.00859928,0.00039655,0.00066847,0.00002478,0.00000000,-0.00837598
273,40.753026,1786362107.216738,2418,50000,1,1,0,0.071184,left_link,0,0.612074,-0.208119,0.395557,,,,,predicted_track_not_dynamic,RUNNING,1,465,0,0,19.284044,0.021228,0.000109,0.000165,20.323001,490,0.035297,0.000000,0.224686,184,0.040025,0,"speed_ok,radius_ok,valid_streak_not_ready",SLOW,SAFE,0.000000,0.022632,0.082555,,0,0.156993,SAFE,1,current,50000,159.5797,0.36715859,-0.14332452,1.41410553,-0.01327826,1.57089543,0.36719161,-0.00337843,0.00030081,0.00027825,0.00006942,0.00000000,-0.00335531
274,40.908900,1786362107.376343,2290,50000,1,1,0,0.077158,left_link,0,0.611174,-0.207268,0.393941,,,,,predicted_track_not_dynamic,RUNNING,1,465,0,0,19.284044,0.021228,0.000109,0.000165,20.323001,490,0.035283,0.000000,0.211639,185,0.038700,0,"speed_ok,radius_ok,valid_streak_not_ready",SLOW,SAFE,0.000000,0.021337,0.085817,16,1,0.000000,STATIC,1,current,50000,164.3872,0.36715859,-0.14332452,1.41410553,-0.01327826,1.57089543,0.36717695,0.00000000,0.00000000,0.00000000,0.00000000,0.00000000,-0.00009407
275,41.081731,1786362107.540762,2416,50000,1,1,0,0.072120,left_link,0,0.612628,-0.199014,0.394970,,,,,predicted_track_not_dynamic,RUNNING,1,465,0,0,19.284044,0.021228,0.000091,0.000165,20.323001,490,0.035264,0.000000,0.200550,186,0.043834,0,"speed_ok,radius_ok,valid_streak_not_ready",SLOW,SAFE,0.000000,0.021337,0.084848,,0,0.078428,SAFE,1,current,50000,156.9686,0.36714026,-0.14332086,1.41410553,-0.01327459,1.57089543,0.36715859,-0.00010605,0.00002121,0.00000000,0.00002122,0.00000000,-0.00010622
276,41.229752,1786362107.697752,2329,50000,1,1,0,0.072109,left_link,0,0.615202,-0.201093,0.387934,,,,,predicted_track_not_dynamic,RUNNING,1,465,0,0,19.284044,0.021228,0.000327,0.000657,20.323001,490,0.034542,0.000000,0.202824,187,0.042274,0,"speed_ok,radius_ok,valid_streak_not_ready",SLOW,SAFE,0.000000,0.021337,0.083996,,0,0.155707,SAFE,1,current,50000,154.6778,0.36642134,-0.14330618,1.41410553,-0.01327092,1.57089543,0.36640665,-0.00485689,0.00009916,0.00000000,0.00002478,0.00000000,-0.00507997
277,41.395439,1786362107.852461,2350,50000,1,1,0,0.067247,left_link,0,0.613660,-0.208089,0.383291,,,,,predicted_track_not_dynamic,RUNNING,1,466,1,0,19.325661,0.020427,0.000140,0.000352,20.364679,491,0.035360,0.000000,0.215260,188,0.036908,0,"speed_ok,radius_ok,valid_streak_not_ready",SLOW,SAFE,0.000000,0.021337,0.081374,,0,0.235149,SAFE,1,current,50000,159.0488,0.36586010,-0.14327684,1.41413856,-0.01326726,1.57089543,0.36587480,-0.00338733,0.00017708,0.00019930,0.00002213,0.00000000,-0.00320998
278,41.548004,1786362108.011534,2340,50000,1,1,0,0.068436,left_link,0,0.613444,-0.201744,0.391575,,,,,predicted_track_not_dynamic,RUNNING,1,466,0,0,19.325661,0.020427,0.000137,0.000348,20.364679,491,0.035356,0.000000,0.203670,189,0.045222,0,"speed_ok,radius_ok,valid_streak_not_ready",SLOW,SAFE,0.000000,0.020563,0.081018,16,1,0.000000,STATIC,1,current,50000,153.6419,0.36585644,-0.14326951,1.41416419,-0.01326359,1.57089543,0.36586010,-0.00002403,0.00004805,0.00016799,0.00002405,0.00000000,-0.00009630
279,41.705654,1786362108.165199,2331,50000,2,1,0,0.071479,left_link,0,0.612987,-0.200596,0.394223,,,,,predicted_track_not_dynamic,RUNNING,1,466,0,0,19.325661,0.020427,0.000117,0.000315,20.364679,491,0.035323,0.000000,0.208848,190,0.037112,0,"speed_ok,radius_ok,valid_streak_not_ready",SLOW,SAFE,0.000000,0.020563,0.082382,,0,0.080290,SAFE,1,current,50000,160.6786,0.36582342,-0.14326951,1.41416788,-0.01326359,1.57089543,0.36584178,-0.00020946,0.00000000,0.00002344,0.00000000,0.00000000,-0.00011626
280,41.859655,1786362108.325899,2417,50000,1,1,0,0.072529,left_link,0,0.614818,-0.202406,0.394169,,,,,predicted_track_not_dynamic,RUNNING,1,466,0,0,19.325661,0.020427,0.000164,0.000198,20.364679,491,0.034850,0.000000,0.205716,191,0.048966,0,"speed_ok,radius_ok,valid_streak_not_ready",SLOW,SAFE,0.000000,0.020563,0.084928,,0,0.159113,SAFE,1,current,50000,157.7689,0.36535025,-0.14325117,1.41417885,-0.01325992,1.57089543,0.36534292,-0.00307252,0.00011911,0.00007122,0.00002382,0.00000000,-0.00323934
281,42.020099,1786362108.483693,2426,50000,1,1,0,0.078331,left_link,0,0.613863,-0.204786,0.391973,,,,,predicted_track_not_dynamic,RUNNING,1,466,0,0,19.325661,0.020427,0.000197,0.000242,20.364679,491,0.034795,0.000000,0.223852,192,0.036154,0,"speed_ok,radius_ok,valid_streak_not_ready",SLOW,SAFE,0.010950,0.020563,0.079559,16,0,0.239911,FOLLOWING,1,current,50000,161.7019,0.36529526,-0.14324750,1.41418982,-0.01325992,1.57089543,0.36529893,-0.00034271,0.00002285,0.00006836,0.00000000,0.00000000,-0.00027417
282,42.184775,1786362108.645415,2274,50000,1,1,0,0.070189,left_link,0,0.614237,-0.196514,0.395144,,,,,predicted_track_not_dynamic,RUNNING,1,466,0,0,19.325661,0.020427,0.000200,0.000242,20.364679,491,0.034791,0.000000,0.207067,193,0.040059,0,"speed_ok,radius_ok,valid_streak_not_ready",SLOW,SAFE,0.000000,0.020207,0.079814,16,1,0.000000,STATIC,1,current,50000,154.4994,0.36529160,-0.14324017,1.41419721,-0.01325992,1.57089543,0.36529893,-0.00002226,0.00004452,0.00004488,0.00000000,0.00000000,0.00000000
283,42.338551,1786362108.799933,2321,50000,1,1,0,0.068886,left_link,0,0.615180,-0.203123,0.392339,,,,,predicted_track_not_dynamic,RUNNING,1,467,1,0,19.367196,0.019536,0.000371,0.000580,20.406462,492,0.035793,0.000000,0.203504,194,0.038477,0,"speed_ok,radius_ok,valid_streak_not_ready",SLOW,SAFE,0.000000,0.020161,0.081972,16,1,0.000000,STATIC,1,current,50000,156.8882,0.36475238,-0.14322917,1.41420460,-0.01325625,1.57089543,0.36474138,-0.00350648,0.00007151,0.00004806,0.00002386,0.00000000,-0.00362567
284,42.489275,1786362108.956843,2350,50000,1,1,0,0.069358,left_link,0,0.609906,-0.199593,0.388932,,,,,predicted_track_not_dynamic,RUNNING,1,467,0,0,19.367196,0.019536,0.000358,0.000664,20.406462,492,0.034571,0.000000,0.218163,195,0.048979,0,"speed_ok,radius_ok,valid_streak_not_ready",SLOW,SAFE,0.000000,0.020161,0.081176,,0,0.074590,SAFE,1,current,50000,149.3020,0.36353090,-0.14316313,1.41428530,-0.01325259,1.57089543,0.36352357,-0.00810409,0.00043817,0.00053545,0.00002434,0.00000000,-0.00807977
285,42.641615,1786362109.106168,2338,50000,1,1,0,0.068587,left_link,0,0.612094,-0.199887,0.385328,,,,,predicted_track_not_dynamic,RUNNING,1,468,1,0,19.408700,0.018743,0.000230,0.000352,20.447695,493,0.035587,0.000000,0.209109,196,0.052109,0,"speed_ok,radius_ok,valid_streak_not_ready",SLOW,SAFE,0.010217,0.020161,0.081149,,0,0.151606,SAFE,1,current,50000,154.1257,0.36318979,-0.14313745,1.41431832,-0.01324892,1.57089543,0.36320814,-0.00223918,0.00016854,0.00021676,0.00002407,0.00000000,-0.00207055
286,42.793930,1786362109.260313,2349,50000,1,1,0,0.069635,left_link,0,0.611654,-0.201713,0.382539,,,,,predicted_track_not_dynamic,RUNNING,1,468,0,0,19.408700,0.018743,0.000230,0.000348,20.447695,493,0.035587,0.010217,0.225157,197,0.041394,0,"speed_ok,radius_ok,valid_streak_not_ready",SLOW,SAFE,0.011888,0.018974,0.082873,16,1,0.228215,FOLLOWING,1,current,50000,153.3307,0.36318979,-0.14313745,1.41432190,-0.01324525,1.57089543,0.36319712,0.00000000,0.00000000,0.00002348,0.00002408,0.00000000,-0.00007240
287,42.945575,1786362109.413667,2341,50000,1,1,0,0.068296,left_link,0,0.611536,-0.198480,0.382856,,,,,predicted_track_not_dynamic,RUNNING,1,468,0,0,19.408700,0.018743,0.000202,0.000315,20.447695,493,0.035540,0.010217,0.229330,198,0.050322,0,"speed_ok,radius_ok,valid_streak_not_ready",SLOW,SAFE,0.000000,0.018911,0.080771,16,1,0.000000,STATIC,1,current,50000,150.3423,0.36314213,-0.14313745,1.41432559,-0.01323791,1.57089543,0.36317146,-0.00031425,0.00000000,0.00002437,0.00004838,0.00000000,-0.00016921
288,43.100570,1786362109.564029,2359,50000,1,1,0,0.073468,left_link,0,0.612264,-0.199987,0.395002,,,,,predicted_track_not_dynamic,RUNNING,1,468,0,0,19.408700,0.018743,0.000321,0.000587,20.447695,493,0.034652,0.000000,0.216344,199,0.052619,0,"speed_ok,radius_ok,valid_streak_not_ready",SLOW,SAFE,0.000000,0.018749,0.084443,16,1,0.000000,STATIC,1,current,50000,157.8327,0.36225447,-0.14312644,1.41432917,-0.01323791,1.57089543,0.36227646,-0.00572706,0.00007105,0.00002307,0.00000000,0.00000000,-0.00577436
289,43.263904,1786362109.721886,2385,50000,1,1,0,0.068149,left_link,0,0.610416,-0.205524,0.384489,,,,,predicted_track_not_dynamic,RUNNING,1,469,1,0,19.450138,0.017935,0.000368,0.000517,20.488594,494,0.034593,0.000000,0.244076,200,0.044037,0,"speed_ok,radius_ok,valid_streak_not_ready",SLOW,SAFE,0.010080,0.018749,0.080424,,0,0.084379,SAFE,1,current,50000,168.8887,0.36081293,-0.14307144,1.41438067,-0.01323424,1.57089543,0.36084592,-0.00882568,0.00033673,0.00031529,0.00002246,0.00000000,-0.00875835
290,43.438729,1786362109.890806,2373,50000,1,1,0,0.073036,left_link,0,0.612478,-0.204237,0.396256,,,,,predicted_track_not_dynamic,RUNNING,1,470,1,0,19.491642,0.017026,0.000411,0.000649,20.529967,495,0.035723,0.010080,0.219274,201,0.029194,0,"speed_ok,radius_ok,valid_streak_not_ready",SLOW,SAFE,0.015682,0.018749,0.078541,16,0,0.164499,FOLLOWING,1,current,50000,160.3372,0.36060017,-0.14304575,1.41443205,-0.01322324,1.57089543,0.36062217,-0.00121698,0.00014695,0.00029389,0.00006294,0.00000000,-0.00127989
291,43.590701,1786362110.051163,2278,50000,2,1,0,0.069402,left_link,0,0.615129,-0.199731,0.392761,,,,,predicted_track_not_dynamic,RUNNING,1,470,0,0,19.491642,0.017026,0.000411,0.000649,20.529967,495,0.035719,0.010080,0.209844,202,0.044061,0,"speed_ok,radius_ok,valid_streak_not_ready",SLOW,SAFE,0.000000,0.017437,0.077381,16,1,0.000000,STATIC,2,current,50000,157.1919,0.36060017,-0.14304209,1.41443563,-0.01321591,1.57089543,0.36061484,0.00000000,0.00002412,0.00002353,0.00004827,0.00000000,-0.00004824
292,43.745168,1786362110.208375,2362,50000,1,1,0,0.069071,left_link,0,0.614503,-0.202491,0.385417,,,,,predicted_track_not_dynamic,RUNNING,1,470,0,0,19.491642,0.017026,0.000302,0.000466,20.529967,495,0.035536,0.000000,0.208126,203,0.042769,0,"speed_ok,radius_ok,valid_streak_not_ready",SLOW,SAFE,0.000000,0.017414,0.078548,16,1,0.000000,STATIC,1,current,50000,153.2211,0.36041677,-0.14303476,1.41443563,-0.01321591,1.57089543,0.36042777,-0.00118733,0.00004746,0.00000000,0.00000000,0.00000000,-0.00121106
293,43.893848,1786362110.361619,2305,50000,1,1,0,0.072593,left_link,0,0.613695,-0.200373,0.384646,,,,,predicted_track_not_dynamic,RUNNING,1,470,0,0,19.491642,0.017026,0.000344,0.000690,20.529967,495,0.034443,0.000000,0.209605,204,0.047368,0,"speed_ok,radius_ok,valid_streak_not_ready",SLOW,SAFE,0.000000,0.017414,0.076986,16,0,0.000000,STATIC,1,current,50000,143.5522,0.35932368,-0.14300907,1.41445756,-0.01321591,1.57089543,0.35933104,-0.00735197,0.00017278,0.00014753,0.00000000,0.00000000,-0.00737643
294,44.041217,1786362110.505197,2410,50000,1,1,0,0.067113,left_link,0,0.614017,-0.199429,0.388913,,,,,predicted_track_not_dynamic,RUNNING,1,471,1,0,19.533007,0.016237,0.000068,0.000169,20.571572,496,0.035371,0.000000,0.204299,205,0.046338,0,"speed_ok,radius_ok,valid_streak_not_ready",SLOW,SAFE,0.000000,0.017414,0.080664,,0,0.078927,SAFE,1,current,50000,157.9736,0.35869277,-0.14297973,1.41452003,-0.01321224,1.57089543,0.35870746,-0.00428119,0.00019909,0.00042387,0.00002489,0.00000000,-0.00423144
295,44.198633,1786362110.663194,2259,50000,1,1,0,0.069245,left_link,0,0.609214,-0.204162,0.387535,,,,,predicted_track_not_dynamic,RUNNING,1,471,0,0,19.533007,0.016237,0.000059,0.000165,20.571572,496,0.035360,0.000000,0.222455,206,0.041035,0,"speed_ok,radius_ok,valid_streak_not_ready",SLOW,SAFE,0.000000,0.017414,0.078984,16,0,0.000000,STATIC,1,current,50000,155.8602,0.35868180,-0.14296506,1.41452360,-0.01321224,1.57089543,0.35868546,-0.00006967,0.00009315,0.00002272,0.00000000,0.00000000,-0.00013972
296,44.358313,1786362110.819078,2360,50000,1,1,0,0.069919,left_link,0,0.613471,-0.202877,0.383655,,,,,predicted_track_not_dynamic,RUNNING,1,471,0,0,19.533007,0.016237,0.000048,0.000161,20.571572,496,0.035341,0.000000,0.219039,207,0.039918,0,"speed_ok,radius_ok,valid_streak_not_ready",SLOW,SAFE,0.000000,0.016294,0.078120,16,1,0.000000,STATIC,1,current,50000,156.4337,0.35866344,-0.14296140,1.41452742,-0.01320857,1.57089543,0.35867813,-0.00011497,0.00002296,0.00002389,0.00002297,0.00000000,-0.00004591
297,44.507978,1786362110.975532,2289,50000,1,1,0,0.067134,left_link,0,0.611735,-0.204850,0.386235,,,,,predicted_track_not_dynamic,RUNNING,1,471,0,0,19.533007,0.016237,0.000261,0.000517,20.571572,496,0.034817,0.000000,0.211999,208,0.044235,0,"speed_ok,radius_ok,valid_streak_not_ready",SLOW,SAFE,0.000000,0.016294,0.079660,16,0,0.000000,STATIC,1,current,50000,149.0777,0.35813892,-0.14295407,1.41452742,-0.01320857,1.57089543,0.35813159,-0.00350463,0.00004899,0.00000000,0.00000000,0.00000000,-0.00365178
298,44.662522,1786362111.124646,2323,50000,1,1,0,0.071773,left_link,0,0.614750,-0.201082,0.389189,,,,,predicted_track_not_dynamic,RUNNING,1,472,1,0,19.574230,0.015442,0.000328,0.000514,20.612537,497,0.035826,0.000000,0.207666,209,0.042679,0,"speed_ok,radius_ok,valid_streak_not_ready",SLOW,SAFE,0.010692,0.016294,0.081178,,0,0.076523,SAFE,1,current,50000,153.1386,0.35779047,-0.14294672,1.41453469,-0.01320490,1.57089543,0.35779780,-0.00225469,0.00004754,0.00004705,0.00002373,0.00000000,-0.00215981
299,44.809648,1786362111.277804,2356,50000,1,1,0,0.066658,left_link,0,0.611877,-0.203430,0.384287,,,,,predicted_track_not_dynamic,RUNNING,1,472,0,0,19.574230,0.015442,0.000325,0.000510,20.612537,497,0.035822,0.000000,0.235160,210,0.039841,0,"speed_ok,radius_ok,valid_streak_not_ready",SLOW,SAFE,0.000000,0.015766,0.078720,16,1,0.000000,STATIC,1,current,50000,157.0215,0.35778680,-0.14294305,1.41454566,-0.01320490,1.57089543,0.35779414,-0.00002492,0.00002492,0.00007454,0.00000000,0.00000000,-0.00002492
300,44.978947,1786362111.434849,2325,50000,1,1,0,0.069290,left_link,0,0.615429,-0.199298,0.392385,,,,,predicted_track_not_dynamic,RUNNING,1,472,0,0,19.574230,0.015442,0.000265,0.000451,20.612537,497,0.035749,0.000000,0.214766,211,0.047822,0,"speed_ok,radius_ok,valid_streak_not_ready",SLOW,SAFE,0.000000,0.015767,0.077500,16,0,0.000000,STATIC,1,current,50000,167.9946,0.35768777,-0.14293206,1.41455662,-0.01320123,1.57089543,0.35773543,-0.00058496,0.00006496,0.00006478,0.00002167,0.00000000,-0.00034679
301,45.136432,1786362111.602864,2332,50000,2,1,0,0.069596,left_link,0,0.613291,-0.208952,0.379620,,,,,predicted_track_not_dynamic,RUNNING,1,472,0,0,19.574230,0.015442,0.000153,0.000304,20.612537,497,0.035015,0.000000,0.212785,212,0.044275,0,"speed_ok,radius_ok,valid_streak_not_ready",SLOW,SAFE,0.000000,0.015767,0.081826,,0,0.075939,SAFE,1,current,50000,151.9937,0.35697985,-0.14292103,1.41457498,-0.01320123,1.57089543,0.35699448,-0.00449518,0.00007002,0.00011657,0.00000000,0.00000000,-0.00470486
302,45.298704,1786362111.754876,2330,50000,1,1,0,0.064685,left_link,0,0.616043,-0.194801,0.392861,,,,,predicted_track_not_dynamic,RUNNING,1,472,0,0,19.574230,0.015442,0.000203,0.000385,20.612537,497,0.034934,0.000000,0.208684,213,0.042168,0,"speed_ok,radius_ok,valid_streak_not_ready",SLOW,SAFE,0.000000,0.015767,0.076561,16,0,0.000000,STATIC,1,current,50000,161.2812,0.35689914,-0.14290637,1.41459346,-0.01320123,1.57089543,0.35691014,-0.00049734,0.00009036,0.00011387,0.00000000,0.00000000,-0.00051975
303,45.449549,1786362111.916186,2286,50000,1,1,0,0.068162,left_link,0,0.610259,-0.203333,0.381605,,,,,predicted_track_not_dynamic,RUNNING,1,472,0,0,19.574230,0.015442,0.000203,0.000385,20.612537,497,0.034934,0.000000,0.218439,214,0.046071,0,"speed_ok,radius_ok,valid_streak_not_ready",SLOW,SAFE,0.000000,0.015239,0.079701,16,1,0.000000,STATIC,1,current,50000,150.8632,0.35689914,-0.14290637,1.41459703,-0.01320123,1.57089543,0.35690647,0.00000000,0.00000000,0.00002371,0.00000000,0.00000000,-0.00002430
304,45.599442,1786362112.067070,2305,50000,1,1,0,0.065955,left_link,0,0.614332,-0.200083,0.386968,,,,,predicted_track_not_dynamic,RUNNING,1,472,0,0,19.574230,0.015442,0.000203,0.000385,20.612537,497,0.034934,0.000000,0.210343,215,0.050481,0,"speed_ok,radius_ok,valid_streak_not_ready",SLOW,SAFE,0.000000,0.015239,0.075362,16,0,0.000000,STATIC,1,current,50000,148.7432,0.35689914,-0.14290637,1.41459703,-0.01319757,1.57089543,0.35690281,0.00000000,0.00000000,0.00000000,0.00002447,0.00000000,-0.00002446
305,45.749840,1786362112.215836,2350,50000,1,1,0,0.066621,left_link,0,0.610940,-0.202837,0.390946,,,,,predicted_track_not_dynamic,RUNNING,1,472,0,0,19.574230,0.015442,0.000203,0.000385,20.612537,497,0.034934,0.000000,0.217950,216,0.032681,0,"speed_ok,radius_ok,valid_streak_not_ready",SLOW,SAFE,0.000000,0.015239,0.079759,16,0,0.000000,STATIC,1,current,50000,153.8903,0.35689914,-0.14290637,1.41459703,-0.01319757,1.57089543,0.35690647,0.00000000,0.00000000,0.00000000,0.00000000,0.00000000,0.00002437
306,45.902623,1786362112.369747,2381,50000,1,1,0,0.068296,left_link,0,0.608573,-0.203609,0.379775,,,,,predicted_track_not_dynamic,RUNNING,1,472,0,0,19.574230,0.015442,0.000203,0.000385,20.612537,497,0.034934,0.000000,0.240957,217,0.052549,0,"speed_ok,radius_ok,valid_streak_not_ready",SLOW,SAFE,0.015928,0.015239,0.077944,16,0,0.071945,FOLLOWING,1,current,50000,144.0257,0.35689914,-0.14290637,1.41459703,-0.01319757,1.57089543,0.35690647,0.00000000,0.00000000,0.00000000,0.00000000,0.00000000,0.00000000
307,46.048582,1786362112.513802,2284,50000,1,1,0,0.069637,left_link,0,0.615279,-0.200334,0.390006,,,,,predicted_track_not_dynamic,RUNNING,1,472,0,0,19.574230,0.015442,0.000203,0.000385,20.612537,497,0.034934,0.000000,0.217671,218,0.049264,0,"speed_ok,radius_ok,valid_streak_not_ready",SLOW,SAFE,0.000000,0.015237,0.075527,16,0,0.000000,STATIC,1,current,50000,155.8137,0.35689914,-0.14290272,1.41459703,-0.01320123,1.57089543,0.35690647,0.00000000,0.00002501,0.00000000,-0.00002513,0.00000000,0.00000000
308,46.205969,1786362112.669633,2324,50000,1,1,0,0.065663,left_link,0,0.615240,-0.197037,0.395986,,,,,predicted_track_not_dynamic,RUNNING,1,472,0,0,19.574230,0.015442,0.000411,0.000737,20.612537,497,0.034582,0.000000,0.211747,219,0.045292,0,"speed_ok,radius_ok,valid_streak_not_ready",SLOW,SAFE,0.000000,0.015223,0.077817,16,1,0.000000,STATIC,1,current,50000,153.7849,0.35654700,-0.14289904,1.41459703,-0.01319757,1.57089543,0.35654700,-0.00223744,0.00002339,0.00000000,0.00002330,0.00000000,-0.00228403
309,46.358923,1786362112.823450,2326,50000,1,1,0,0.066110,left_link,0,0.613400,-0.207892,0.386649,,,,,predicted_track_not_dynamic,RUNNING,1,473,1,0,19.615390,0.014636,0.000334,0.000451,20.653714,498,0.034725,0.000000,0.210176,220,0.037217,0,"speed_ok,radius_ok,valid_streak_not_ready",SLOW,SAFE,0.000000,0.015223,0.078004,16,0,0.000000,STATIC,1,current,50000,162.0174,0.35531086,-0.14287336,1.41460073,-0.01319757,1.57089543,0.35532922,-0.00808177,0.00016786,0.00002416,0.00000000,0.00000000,-0.00796175
310,46.520731,1786362112.985487,2321,50000,1,1,0,0.068454,left_link,0,0.611783,-0.203827,0.384962,,,,,predicted_track_not_dynamic,RUNNING,1,474,1,0,19.656576,0.013723,0.000364,0.000572,20.695042,499,0.035752,0.000000,0.212719,221,0.042421,0,"speed_ok,radius_ok,valid_streak_not_ready",SLOW,SAFE,0.000000,0.015223,0.077036,16,0,0.000000,STATIC,1,current,50000,153.1509,0.35495508,-0.14284402,1.41465926,-0.01319390,1.57089543,0.35498443,-0.00219878,0.00018133,0.00036174,0.00002267,0.00000000,-0.00213082
311,46.670311,1786362113.138658,2337,50000,1,1,0,0.065481,left_link,0,0.612129,-0.200779,0.387913,,,,,predicted_track_not_dynamic,RUNNING,1,474,0,0,19.656576,0.013723,0.000363,0.000572,20.695042,499,0.035741,0.000000,0.217481,222,0.041394,0,"speed_ok,radius_ok,valid_streak_not_ready",SLOW,SAFE,0.000000,0.014086,0.078853,16,1,0.000000,STATIC,1,current,50000,150.5924,0.35495508,-0.14284034,1.41468143,-0.01319023,1.57089543,0.35497341,0.00000000,0.00002461,0.00014823,0.00002452,0.00000000,-0.00007372
312,46.824282,1786362113.289271,2333,50000,1,1,0,0.065791,left_link,0,0.610844,-0.203754,0.389635,,,,,predicted_track_not_dynamic,RUNNING,1,474,0,0,19.656576,0.013723,0.000365,0.000576,20.695042,499,0.035741,0.000000,0.222605,223,0.041739,0,"speed_ok,radius_ok,valid_streak_not_ready",SLOW,SAFE,0.000000,0.014088,0.074938,16,0,0.000000,STATIC,1,current,50000,153.0533,0.35495871,-0.14284034,1.41468143,-0.01318656,1.57089543,0.35497341,0.00002361,0.00000000,0.00000000,0.00002383,0.00000000,0.00000000
313,46.975562,1786362113.442345,2368,50000,2,1,0,0.063900,left_link,0,0.612602,-0.203866,0.385196,,,,,predicted_track_not_dynamic,RUNNING,1,474,0,0,19.656576,0.013723,0.000365,0.000576,20.695042,499,0.035741,0.000000,0.213126,224,0.036751,0,"speed_ok,radius_ok,valid_streak_not_ready",SLOW,SAFE,0.000000,0.014088,0.077408,16,0,0.000000,STATIC,1,current,50000,152.1841,0.35495871,-0.14284034,1.41468143,-0.01318656,1.57089543,0.35497341,0.00000000,0.00000000,0.00000000,0.00000000,0.00000000,0.00000000
314,47.127590,1786362113.594549,2418,50000,1,1,0,0.068009,left_link,0,0.611309,-0.203496,0.382083,,,,,predicted_track_not_dynamic,RUNNING,1,474,0,0,19.656576,0.013723,0.000365,0.000576,20.695042,499,0.035741,0.000000,0.219206,225,0.043338,0,"speed_ok,radius_ok,valid_streak_not_ready",SLOW,SAFE,0.000000,0.014088,0.074836,16,0,0.000000,STATIC,1,current,50000,151.2526,0.35495871,-0.14284034,1.41468143,-0.01318289,1.57089543,0.35497341,0.00000000,0.00000000,0.00000000,0.00002413,0.00000000,0.00000000
315,47.293723,1786362113.745821,2339,50000,1,1,0,0.066419,left_link,0,0.613102,-0.201104,0.392766,,,,,predicted_track_not_dynamic,RUNNING,1,474,0,0,19.656576,0.013723,0.000365,0.000576,20.695042,499,0.035745,0.000000,0.211501,226,0.046947,0,"speed_ok,radius_ok,valid_streak_not_ready",SLOW,SAFE,0.010499,0.014088,0.076817,16,0,0.081459,FOLLOWING,1,current,50000,163.0690,0.35495871,-0.14284034,1.41467774,-0.01318289,1.57089543,0.35497707,0.00000000,0.00000000,-0.00002224,0.00000000,0.00000000,0.00002206
316,47.449332,1786362113.908925,2356,50000,1,1,0,0.063897,left_link,0,0.613983,-0.203330,0.389471,,,,,predicted_track_not_dynamic,RUNNING,1,474,0,0,19.656576,0.013723,0.000367,0.000580,20.695042,499,0.035745,0.000000,0.205081,227,0.044608,0,"speed_ok,radius_ok,valid_streak_not_ready",SLOW,SAFE,0.000000,0.014088,0.077815,16,0,0.000000,STATIC,1,current,50000,160.8017,0.35496241,-0.14283302,1.41467774,-0.01318289,1.57089543,0.35497707,0.00002375,0.00004702,0.00000000,0.00000000,0.00000000,0.00000000
317,47.606676,1786362114.069746,2386,50000,1,1,0,0.064701,left_link,0,0.612460,-0.202290,0.391229,,,,,predicted_track_not_dynamic,RUNNING,1,474,0,0,19.656576,0.013723,0.000106,0.000172,20.695042,499,0.035268,0.000000,0.224659,228,0.037502,0,"speed_ok,radius_ok,valid_streak_not_ready",SLOW,SAFE,0.000000,0.014051,0.077005,16,1,0.000000,STATIC,1,current,50000,157.6793,0.35451856,-0.14283668,1.41467774,-0.01318289,1.57089543,0.35450023,-0.00282086,-0.00002320,0.00000000,0.00000000,0.00000000,-0.00303053
318,47.759243,1786362114.227446,2250,50000,1,1,0,0.060428,left_link,0,0.614692,-0.199931,0.393145,,,,,predicted_track_not_dynamic,RUNNING,1,475,1,0,19.698009,0.012925,0.000167,0.000231,20.736726,500,0.035569,0.000000,0.208415,229,0.044087,0,"speed_ok,radius_ok,valid_streak_not_ready",SLOW,SAFE,0.000000,0.014051,0.075397,16,0,0.000000,STATIC,1,current,50000,148.0297,0.35326779,-0.14282200,1.41468143,-0.01318289,1.57089543,0.35323477,-0.00819820,0.00009620,0.00002422,0.00000000,0.00000000,-0.00829450
319,47.906871,1786362114.375496,2398,50000,2,1,0,0.069567,left_link,0,0.613943,-0.197263,0.389855,,,,,predicted_track_not_dynamic,RUNNING,1,475,0,0,19.698009,0.012925,0.000073,0.000213,20.736726,500,0.035165,0.000000,0.208265,230,0.050260,0,"speed_ok,radius_ok,valid_streak_not_ready",SLOW,SAFE,0.000000,0.014051,0.073616,16,0,0.000000,STATIC,1,current,50000,162.5968,0.35286430,-0.14279634,1.41468871,-0.01317922,1.57089543,0.35286063,-0.00273319,0.00017381,0.00004926,0.00002484,0.00000000,-0.00253435
320,48.072846,1786362114.538125,2345,50000,1,1,0,0.063428,left_link,0,0.612649,-0.202265,0.388421,,,,,predicted_track_not_dynamic,RUNNING,1,475,0,0,19.698009,0.012925,0.000078,0.000187,20.736726,500,0.035162,0.000000,0.203279,231,0.043120,0,"speed_ok,radius_ok,valid_streak_not_ready",SLOW,SAFE,0.000000,0.012844,0.074904,16,1,0.000000,STATIC,1,current,50000,151.1142,0.35286063,-0.14278533,1.41472542,-0.01317922,1.57089543,0.35285696,-0.00002209,0.00006635,0.00022122,0.00000000,0.00000000,-0.00002209
321,48.224034,1786362114.689259,2341,50000,2,1,0,0.063947,left_link,0,0.614673,-0.203566,0.385977,,,,,predicted_track_not_dynamic,RUNNING,1,475,0,0,19.698009,0.012925,0.000082,0.000191,20.736726,500,0.035158,0.000000,0.200487,232,0.042489,0,"speed_ok,radius_ok,valid_streak_not_ready",SLOW,SAFE,0.000000,0.012843,0.077361,16,0,0.000000,STATIC,1,current,50000,151.8245,0.35285696,-0.14277799,1.41474378,-0.01317556,1.57089543,0.35285330,-0.00002425,0.00004849,0.00012143,0.00002426,0.00000000,-0.00002425
322,48.374150,1786362114.841105,2311,50000,1,1,0,0.064931,left_link,0,0.612182,-0.204822,0.384394,,,,,predicted_track_not_dynamic,RUNNING,1,475,0,0,19.698009,0.012925,0.000082,0.000187,20.736726,500,0.035158,0.000000,0.222923,233,0.039664,0,"speed_ok,radius_ok,valid_streak_not_ready",SLOW,SAFE,0.000000,0.012843,0.075661,16,0,0.000000,STATIC,1,current,50000,139.1398,0.35285696,-0.14277799,1.41474748,-0.01317189,1.57089543,0.35285696,0.00000000,0.00000000,0.00002462,0.00002443,0.00000000,0.00002442
323,48.514467,1786362114.980264,2397,50000,1,1,0,0.067658,left_link,0,0.614677,-0.197150,0.387447,,,,,predicted_track_not_dynamic,RUNNING,1,475,0,0,19.698009,0.012925,0.000082,0.000187,20.736726,500,0.035158,0.000000,0.209428,234,0.044723,0,"speed_ok,radius_ok,valid_streak_not_ready",SLOW,SAFE,0.000000,0.012843,0.074398,16,0,0.000000,STATIC,1,current,50000,151.1670,0.35285696,-0.14277799,1.41474748,-0.01317189,1.57089543,0.35285696,0.00000000,0.00000000,0.00000000,0.00000000,0.00000000,0.00000000
324,48.664705,1786362115.131454,2411,50000,1,1,0,0.067184,left_link,0,0.613870,-0.202836,0.388487,,,,,predicted_track_not_dynamic,RUNNING,1,475,0,0,19.698009,0.012925,0.000082,0.000187,20.736726,500,0.035158,0.000000,0.207674,235,0.053566,0,"speed_ok,radius_ok,valid_streak_not_ready",SLOW,SAFE,0.000000,0.012843,0.076232,16,0,0.000000,STATIC,1,current,50000,149.1146,0.35285696,-0.14277799,1.41474748,-0.01317189,1.57089543,0.35285696,0.00000000,0.00000000,0.00000000,0.00000000,0.00000000,0.00000000
325,48.816515,1786362115.280593,2385,50000,1,1,0,0.062926,left_link,0,0.611511,-0.204457,0.383298,,,,,predicted_track_not_dynamic,RUNNING,1,475,0,0,19.698009,0.012925,0.000082,0.000183,20.736726,500,0.035158,0.000000,0.222188,236,0.037113,0,"speed_ok,radius_ok,valid_streak_not_ready",SLOW,SAFE,0.000000,0.012843,0.072802,16,0,0.000000,STATIC,1,current,50000,155.1934,0.35285696,-0.14277799,1.41474748,-0.01317189,1.57089543,0.35286063,0.00000000,0.00000000,0.00000000,0.00000000,0.00000000,0.00002415
326,48.968357,1786362115.435806,2319,50000,2,1,0,0.064192,left_link,0,0.612405,-0.204019,0.386183,,,,,predicted_track_not_dynamic,RUNNING,1,475,0,0,19.698009,0.012925,0.000082,0.000183,20.736726,500,0.035158,0.000000,0.226671,237,0.042700,0,"speed_ok,radius_ok,valid_streak_not_ready",SLOW,SAFE,0.000000,0.012843,0.073928,16,0,0.000000,STATIC,1,current,50000,151.9015,0.35285696,-0.14277799,1.41474748,-0.01317189,1.57089543,0.35286063,0.00000000,0.00000000,0.00000000,0.00000000,0.00000000,0.00000000
327,49.120839,1786362115.587727,2415,50000,1,1,0,0.063474,left_link,0,0.615885,-0.199650,0.394237,,,,,predicted_track_not_dynamic,RUNNING,1,475,0,0,19.698009,0.012925,0.000082,0.000183,20.736726,500,0.035158,0.000000,0.209795,238,0.041955,0,"speed_ok,radius_ok,valid_streak_not_ready",SLOW,SAFE,0.000000,0.012843,0.075267,16,0,0.000000,STATIC,1,current,50000,151.3275,0.35285696,-0.14277799,1.41474748,-0.01317189,1.57089543,0.35286063,0.00000000,0.00000000,0.00000000,0.00000000,0.00000000,0.00000000
328,49.272013,1786362115.739078,2266,50000,1,1,0,0.068217,left_link,0,0.615807,-0.199014,0.392424,,,,,predicted_track_not_dynamic,RUNNING,1,475,0,0,19.698009,0.012925,0.000082,0.000183,20.736726,500,0.035158,0.000000,0.201175,239,0.048161,0,"speed_ok,radius_ok,valid_streak_not_ready",SLOW,SAFE,0.000000,0.012843,0.074118,16,0,0.000000,STATIC,1,current,50000,139.6364,0.35285696,-0.14277799,1.41474378,-0.01317189,1.57089543,0.35286063,0.00000000,0.00000000,-0.00002445,0.00000000,0.00000000,0.00000000
329,49.410519,1786362115.878734,2301,50000,1,1,0,0.068134,left_link,0,0.613602,-0.202690,0.389659,,,,,predicted_track_not_dynamic,RUNNING,1,475,0,0,19.698009,0.012925,0.000082,0.000180,20.736726,500,0.035158,0.000000,0.202947,240,0.040615,0,"speed_ok,radius_ok,valid_streak_not_ready",SLOW,SAFE,0.000000,0.012843,0.074794,16,0,0.000000,STATIC,1,current,50000,152.8091,0.35285696,-0.14277799,1.41474378,-0.01317189,1.57089543,0.35286430,0.00000000,0.00000000,0.00000000,0.00000000,0.00000000,0.00002647
330,49.571388,1786362116.031564,2417,50000,1,1,0,0.063116,left_link,0,0.610645,-0.203010,0.388619,,,,,predicted_track_not_dynamic,RUNNING,1,475,0,0,19.698009,0.012925,0.000082,0.000180,20.736726,500,0.035158,0.000000,0.214900,241,0.043679,0,"speed_ok,radius_ok,valid_streak_not_ready",SLOW,SAFE,0.000000,0.012843,0.077446,16,0,0.000000,STATIC,1,current,50000,151.6978,0.35285696,-0.14277799,1.41474378,-0.01317189,1.57089543,0.35286430,0.00000000,0.00000000,0.00000000,0.00000000,0.00000000,0.00000000
331,49.718149,1786362116.183283,2404,50000,1,1,0,0.065638,left_link,0,0.612622,-0.202514,0.386182,,,,,predicted_track_not_dynamic,RUNNING,1,475,0,0,19.698009,0.012925,0.000082,0.000180,20.736726,500,0.035158,0.000000,0.208601,242,0.036766,0,"speed_ok,radius_ok,valid_streak_not_ready",SLOW,SAFE,0.000000,0.012843,0.075899,16,0,0.000000,STATIC,1,current,50000,151.0401,0.35285696,-0.14277799,1.41474378,-0.01317189,1.57089543,0.35286430,0.00000000,0.00000000,0.00000000,0.00000000,0.00000000,0.00000000
332,49.866437,1786362116.334342,2354,50000,1,1,0,0.064374,left_link,0,0.611514,-0.201530,0.393000,,,,,predicted_track_not_dynamic,RUNNING,1,475,0,0,19.698009,0.012925,0.000082,0.000180,20.736726,500,0.035158,0.000000,0.201494,243,0.038553,0,"speed_ok,radius_ok,valid_streak_not_ready",SLOW,SAFE,0.000000,0.012843,0.074864,16,0,0.000000,STATIC,1,current,50000,152.8249,0.35285696,-0.14277799,1.41474378,-0.01317556,1.57089543,0.35286430,0.00000000,0.00000000,0.00000000,-0.00002473,0.00000000,0.00000000
333,50.020250,1786362116.487187,2332,50000,1,1,0,0.066749,left_link,0,0.614143,-0.195235,0.391716,,,,,predicted_track_not_dynamic,RUNNING,1,475,0,0,19.698009,0.012925,0.000080,0.000180,20.736726,500,0.035162,0.000000,0.201196,244,0.046085,0,"speed_ok,radius_ok,valid_streak_not_ready",SLOW,SAFE,0.000000,0.012843,0.072616,16,0,0.000000,STATIC,1,current,50000,148.9347,0.35286063,-0.14277799,1.41474378,-0.01317556,1.57089543,0.35286430,0.00002383,0.00000000,0.00000000,0.00000000,0.00000000,0.00000000
334,50.168870,1786362116.636141,2394,50000,1,1,0,0.062163,left_link,0,0.615222,-0.197332,0.396935,,,,,predicted_track_not_dynamic,RUNNING,1,475,0,0,19.698009,0.012925,0.000080,0.000180,20.736726,500,0.035162,0.000000,0.199057,245,0.041299,0,"speed_ok,radius_ok,valid_streak_not_ready",SLOW,SAFE,0.000000,0.012845,0.076352,16,0,0.000000,STATIC,1,current,50000,149.5605,0.35286063,-0.14277799,1.41474378,-0.01317556,1.57089543,0.35286430,0.00000000,0.00000000,0.00000000,0.00000000,0.00000000,0.00000000
335,50.317584,1786362116.785721,2411,50000,1,1,0,0.063545,left_link,0,0.611513,-0.203885,0.380795,,,,,predicted_track_not_dynamic,RUNNING,1,475,0,0,19.698009,0.012925,0.000079,0.000176,20.736726,500,0.035162,0.000000,0.223773,246,0.044380,0,"speed_ok,radius_ok,valid_streak_not_ready",SLOW,SAFE,0.000000,0.012846,0.075432,16,0,0.000000,STATIC,1,current,50000,154.4736,0.35286063,-0.14277799,1.41474378,-0.01317189,1.57090271,0.35286799,0.00000000,0.00000000,0.00000000,0.00002466,0.00004890,0.00002485
