t_s,q1_rad,q2_rad,q3_rad,q4_rad,q5_rad,q6_rad,qd1_rad_s,qd2_rad_s,qd3_rad_s,qd4_rad_s,qd5_rad_s,qd6_rad_s,qdd1_rad_s2,qdd2_rad_s2,qdd3_rad_s2,qdd4_rad_s2,qdd5_rad_s2,qdd6_rad_s2
0.000000,0.75241524,-0.09457277,1.49274445,0.08939718,1.67934430,0.87390769,0.00000000,0.00000000,0.00000000,0.00000000,0.00000000,0.00000000,0.00000000,0.00000000,0.00000000,0.00000000,0.00000000,0.00000000
0.010000,0.75241377,-0.09457303,1.49274391,0.08939715,1.67934416,0.87390574,-0.00043772,-0.00007865,-0.00015892,-0.00001058,-0.00004202,-0.00057944,-0.08660543,-0.01564288,-0.03151743,-0.00202286,-0.00835985,-0.11462171
0.020000,0.75240369,-0.09457485,1.49274024,0.08939691,1.67934318,0.87389240,-0.00171354,-0.00031111,-0.00062507,-0.00003860,-0.00016633,-0.00226737,-0.16763947,-0.03076118,-0.06145066,-0.00348957,-0.01645824,-0.22172499
0.030000,0.75237689,-0.09457975,1.49273044,0.08939634,1.67934056,0.87385695,-0.00377236,-0.00069215,-0.00138276,-0.00007858,-0.00037032,-0.00498945,-0.24322700,-0.04536147,-0.08983047,-0.00441694,-0.02429836,-0.32147961
0.040000,0.75232581,-0.09458917,1.49271167,0.08939532,1.67933552,0.87378941,-0.00656034,-0.00121663,-0.00241660,-0.00012520,-0.00065144,-0.00867304,-0.31349290,-0.05945035,-0.11668763,-0.00482177,-0.03188337,-0.41405532
0.050000,0.75224343,-0.09460454,1.49268124,0.08939383,1.67932729,0.87368052,-0.01002489,-0.00187948,-0.00371153,-0.00017333,-0.00100715,-0.01324719,-0.37856205,-0.07303438,-0.14205291,-0.00472085,-0.03921648,-0.49962187
0.060000,0.75212323,-0.09462721,1.49263662,0.08939187,1.67931513,0.87352173,-0.01411467,-0.00267566,-0.00525279,-0.00021799,-0.00143494,-0.01864267,-0.43855931,-0.08612016,-0.16595707,-0.00413098,-0.04630087,-0.57834901
0.070000,0.75195922,-0.09465848,1.49257541,0.08938950,1.67929836,0.87330515,-0.01877959,-0.00360024,-0.00702591,-0.00025437,-0.00193235,-0.02479194,-0.49360956,-0.09871427,-0.18843088,-0.00306897,-0.05313972,-0.65040651
0.080000,0.75174589,-0.09469962,1.49249537,0.08938682,1.67927626,0.87302359,-0.02397079,-0.00464833,-0.00901674,-0.00027785,-0.00249693,-0.03162914,-0.54383768,-0.11082328,-0.20950511,-0.00155161,-0.05973622,-0.71596412
0.090000,0.75147821,-0.09475185,1.49239440,0.08938400,1.67924820,0.87267049,-0.02964068,-0.00581511,-0.01121145,-0.00028394,-0.00312628,-0.03909012,-0.58936854,-0.12245377,-0.22921054,0.00040430,-0.06609355,-0.77519159
0.100000,0.75115163,-0.09481631,1.49227051,0.08938122,1.67921353,0.87223992,-0.03574292,-0.00709583,-0.01359649,-0.00026836,-0.00381801,-0.04711244,-0.63032702,-0.13361234,-0.24757793,0.00278195,-0.07221489,-0.82825867
0.110000,0.75076206,-0.09489413,1.49212188,0.08937872,1.67917164,0.87172657,-0.04223240,-0.00848581,-0.01615865,-0.00022696,-0.00456980,-0.05563533,-0.66683798,-0.14430555,-0.26463804,0.00556456,-0.07810344,-0.87533512
0.120000,0.75030584,-0.09498637,1.49194679,0.08937678,1.67912194,0.87112574,-0.04906527,-0.00998041,-0.01888500,-0.00015577,-0.00537932,-0.06459974,-0.69902632,-0.15453999,-0.28042165,0.00873532,-0.08376238,-0.91659070
0.130000,0.74977975,-0.09509407,1.49174367,0.08937571,1.67906387,0.87043330,-0.05619893,-0.01157510,-0.02176293,-0.00005101,-0.00624429,-0.07394830,-0.72701689,-0.16432225,-0.29495953,0.01227744,-0.08919490,-0.95219516
0.140000,0.74918100,-0.09521819,1.49151107,0.08937588,1.67899688,0.86964568,-0.06359203,-0.01326537,-0.02478014,0.00009096,-0.00716247,-0.08362537,-0.75093459,-0.17365890,-0.30828245,0.01617410,-0.09440417,-0.98231825
0.150000,0.74850718,-0.09535968,1.49124764,0.08937767,1.67892045,0.86875988,-0.07120446,-0.01504681,-0.02792463,0.00027360,-0.00813164,-0.09357696,-0.77090427,-0.18255653,-0.32042117,0.02040852,-0.09939338,-1.00712973
0.160000,0.74775631,-0.09551942,1.49095219,0.08938150,1.67883408,0.86777340,-0.07899737,-0.01691506,-0.03118472,0.00050020,-0.00914962,-0.10375082,-0.78705082,-0.19102171,-0.33140646,0.02496390,-0.10416573,-1.02679935
0.170000,0.74692676,-0.09569826,1.49062360,0.08938783,1.67873730,0.86668429,-0.08693315,-0.01886583,-0.03454902,0.00077389,-0.01021424,-0.11409638,-0.79949911,-0.19906103,-0.34126909,0.02982344,-0.10872439,-1.04149687
0.180000,0.74601729,-0.09589700,1.49026090,0.08939714,1.67862965,0.86549107,-0.09497544,-0.02089488,-0.03800646,0.00109763,-0.01132340,-0.12456475,-0.80837401,-0.20668108,-0.35003984,0.03497033,-0.11307255,-1.05139205
0.190000,0.74502701,-0.09611640,1.48986320,0.08940996,1.67851069,0.86419274,-0.10308914,-0.02299807,-0.04154628,0.00147420,-0.01247500,-0.13510877,-0.81380041,-0.21388842,-0.35774947,0.04038778,-0.11721339,-1.05665463
0.200000,0.74395538,-0.09635719,1.48942973,0.08942681,1.67838002,0.86278879,-0.11124037,-0.02517130,-0.04515801,0.00190623,-0.01366699,-0.14568297,-0.81590317,-0.22068964,-0.36442874,0.04605899,-0.12115011,-1.05745437
0.210000,0.74280219,-0.09662005,1.48895983,0.08944827,1.67823723,0.86127913,-0.11939654,-0.02741053,-0.04883152,0.00239617,-0.01489734,-0.15624355,-0.81480717,-0.22709133,-0.37010843,0.05196716,-0.12488588,-1.05396103
0.220000,0.74156754,-0.09690561,1.48845293,0.08947494,1.67808195,0.85966410,-0.12752627,-0.02971182,-0.05255695,0.00294630,-0.01616405,-0.16674844,-0.81063729,-0.23310006,-0.37481931,0.05809549,-0.12842389,-1.04634436
0.230000,0.74025185,-0.09721448,1.48790855,0.08950741,1.67791383,0.85794448,-0.13559946,-0.03207125,-0.05632478,0.00355875,-0.01746516,-0.17715726,-0.80351839,-0.23872243,-0.37859215,0.06442718,-0.13176732,-1.03477412
0.240000,0.73885583,-0.09754721,1.48732632,0.08954632,1.67773254,0.85612141,-0.14358723,-0.03448500,-0.06012577,0.00423547,-0.01879876,-0.18743131,-0.79357537,-0.24396499,-0.38145770,0.07094544,-0.13491937,-1.01942005
0.250000,0.73738048,-0.09790434,1.48670595,0.08959234,1.67753775,0.85419643,-0.15146197,-0.03694930,-0.06395101,0.00497823,-0.02016292,-0.19753361,-0.78093308,-0.24883435,-0.38344676,0.07763346,-0.13788321,-1.00045192
0.260000,0.73582706,-0.09828636,1.48604725,0.08964611,1.67732918,0.85217143,-0.15919731,-0.03946046,-0.06779189,0.00578865,-0.02155580,-0.20742887,-0.76571641,-0.25333708,-0.38459007,0.08447445,-0.14066204,-0.97803948
0.270000,0.73419708,-0.09869370,1.48535009,0.08970834,1.67710655,0.85004865,-0.16676813,-0.04201485,-0.07164010,0.00666817,-0.02297556,-0.21708349,-0.74805023,-0.25747976,-0.38491842,0.09145161,-0.14325903,-0.95235249
0.280000,0.73249232,-0.09912679,1.48461445,0.08977971,1.67686959,0.84783067,-0.17415056,-0.04460888,-0.07548764,0.00761808,-0.02442039,-0.22646557,-0.72805941,-0.26126898,-0.38446256,0.09854813,-0.14567738,-0.92356069
0.290000,0.73071478,-0.09958600,1.48384037,0.08986094,1.67661806,0.84552035,-0.18132198,-0.04723907,-0.07932684,0.00863948,-0.02588852,-0.23554492,-0.70586883,-0.26471131,-0.38325328,0.10574722,-0.14792026,-0.89183385
0.300000,0.72886666,-0.10007168,1.48302797,0.08995274,1.67635174,0.84312087,-0.18826102,-0.04990197,-0.08315030,0.00973331,-0.02737822,-0.24429303,-0.68160337,-0.26781334,-0.38132133,0.11303208,-0.14999086,-0.85734171
0.310000,0.72695040,-0.10058413,1.48217744,0.09005585,1.67607043,0.84063568,-0.19494755,-0.05259422,-0.08695096,0.01090035,-0.02888778,-0.25268310,-0.65538789,-0.27058164,-0.37869749,0.12038591,-0.15189237,-0.82025404
0.320000,0.72496861,-0.10112365,1.48128905,0.09017100,1.67577393,0.83806849,-0.20136270,-0.05531251,-0.09072205,0.01214120,-0.03041551,-0.26069003,-0.62734729,-0.27302281,-0.37541252,0.12779191,-0.15362798,-0.78074058
0.330000,0.72292411,-0.10169046,1.48036312,0.09029892,1.67546207,0.83542324,-0.20748883,-0.05805361,-0.09445711,0.01345630,-0.03195979,-0.26829039,-0.59760642,-0.27514341,-0.37149720,0.13523328,-0.15520086,-0.73897109
0.340000,0.72081985,-0.10228478,1.47940004,0.09044037,1.67513468,0.83270411,-0.21330957,-0.06081434,-0.09814999,0.01484593,-0.03351900,-0.27546249,-0.56629016,-0.27695004,-0.36698229,0.14269323,-0.15661421,-0.69511533
0.350000,0.71865898,-0.10290680,1.47840028,0.09059609,1.67479164,0.82991548,-0.21880980,-0.06359159,-0.10179486,0.01631017,-0.03509156,-0.28218631,-0.53352340,-0.27844927,-0.36189857,0.15015495,-0.15787120,-0.64934305
0.360000,0.71644477,-0.10355666,1.47736433,0.09076682,1.67443281,0.82706194,-0.22397562,-0.06638232,-0.10538617,0.01784898,-0.03667591,-0.28844353,-0.49943099,-0.27964769,-0.35627679,0.15760165,-0.15897503,-0.60182401
0.370000,0.71418063,-0.10423448,1.47629275,0.09095332,1.67405809,0.82414822,-0.22879441,-0.06918356,-0.10891870,0.01946210,-0.03827056,-0.29421754,-0.46413783,-0.28055187,-0.35014774,0.16501652,-0.15992888,-0.55272796
0.380000,0.71187008,-0.10494036,1.47518616,0.09115631,1.67366737,0.82117925,-0.23325479,-0.07199240,-0.11238754,0.02114915,-0.03987400,-0.29949340,-0.42776878,-0.28116840,-0.34354217,0.17238277,-0.16073593,-0.50222465
0.390000,0.70951676,-0.10567435,1.47404523,0.09137654,1.67326058,0.81816006,-0.23734662,-0.07480599,-0.11578806,0.02290954,-0.04148480,-0.30425790,-0.39044872,-0.28150386,-0.33649086,0.17968360,-0.16139937,-0.45048384
0.400000,0.70712441,-0.10643648,1.47287064,0.09161474,1.67283766,0.81509583,-0.24106101,-0.07762156,-0.11911597,0.02474254,-0.04310152,-0.30849952,-0.35230253,-0.28156483,-0.32902458,0.18690221,-0.16192238,-0.39767528
0.410000,0.70469682,-0.10722678,1.47166316,0.09187163,1.67239854,0.81199184,-0.24439033,-0.08043639,-0.12236727,0.02664725,-0.04472279,-0.31220842,-0.31345507,-0.28135789,-0.32117410,0.19402179,-0.16230816,-0.34396874
0.420000,0.70223790,-0.10804520,1.47042357,0.09214792,1.67194319,0.80885347,-0.24732819,-0.08324785,-0.12553827,0.02862259,-0.04634724,-0.31537647,-0.27403123,-0.28088963,-0.31297017,0.20102556,-0.16255988,-0.28953395
0.430000,0.69975158,-0.10889171,1.46915268,0.09244432,1.67147159,0.80568614,-0.24986945,-0.08605334,-0.12862560,0.03066732,-0.04797355,-0.31799723,-0.23415587,-0.28016662,-0.30444358,0.20789671,-0.16268073,-0.23454068
0.440000,0.69724185,-0.10976624,1.46785134,0.09276150,1.67098372,0.80249536,-0.25201022,-0.08885035,-0.13162617,0.03278003,-0.04960043,-0.32006598,-0.19395388,-0.27919545,-0.29562510,0.21461845,-0.16267390,-0.17915869
0.450000,0.69471272,-0.11066868,1.46652045,0.09310014,1.67047958,0.79928667,-0.25374786,-0.09163644,-0.13453723,0.03495914,-0.05122661,-0.32157968,-0.15355013,-0.27798269,-0.28654548,0.22117397,-0.16254256,-0.12355772
0.460000,0.69216824,-0.11159892,1.46516091,0.09346090,1.66995919,0.79606562,-0.25508097,-0.09440922,-0.13735631,0.03720290,-0.05285087,-0.32253697,-0.11306949,-0.27653494,-0.27723551,0.22754647,-0.16228992,-0.06790753
0.470000,0.68961245,-0.11255682,1.46377364,0.09384441,1.66942257,0.79283778,-0.25600941,-0.09716638,-0.14008127,0.03950940,-0.05447202,-0.32293823,-0.07263683,-0.27485877,-0.26772594,0.23371916,-0.16191914,-0.01237788
0.480000,0.68704940,-0.11354219,1.46235960,0.09425129,1.66886977,0.78960870,-0.25653428,-0.09990566,-0.14271027,0.04187656,-0.05608887,-0.32278550,-0.03237704,-0.27296075,-0.25804755,0.23967523,-0.16143342,0.04286148
0.490000,0.68448310,-0.11455486,1.46091976,0.09468213,1.66830081,0.78638391,-0.25665794,-0.10262488,-0.14524177,0.04430213,-0.05770031,-0.32208253,0.00758501,-0.27084748,-0.24823111,0.24539790,-0.16083595,0.09764080
0.500000,0.68191757,-0.11559462,1.45945509,0.09513752,1.66771578,0.78316887,-0.25638399,-0.10532191,-0.14767453,0.04678368,-0.05930523,-0.32083478,0.04712444,-0.26852554,-0.23830739,0.25087035,-0.16012990,0.15179031
0.510000,0.67935673,-0.11666122,1.45796660,0.09561798,1.66711474,0.77996900,-0.25571728,-0.10799471,-0.15000766,0.04931864,-0.06090256,-0.31904939,0.08611639,-0.26600150,-0.22830714,0.25607580,-0.15931846,0.20514027
0.520000,0.67680451,-0.11775442,1.45645528,0.09612406,1.66649776,0.77678965,-0.25466390,-0.11064129,-0.15224052,0.05190425,-0.06249126,-0.31673521,0.12443598,-0.26328195,-0.21826115,0.26099743,-0.15840482,0.25752093
0.530000,0.67426472,-0.11887395,1.45492212,0.09665623,1.66586494,0.77363603,-0.25323122,-0.11325972,-0.15437283,0.05453759,-0.06407032,-0.31390277,0.16195833,-0.26037347,-0.20820019,0.26561846,-0.15739216,0.30876251
0.540000,0.67174112,-0.12001952,1.45336815,0.09721496,1.66521639,0.77051328,-0.25142781,-0.11584815,-0.15640458,0.05721556,-0.06563878,-0.31056432,0.19855857,-0.25728264,-0.19815501,0.26992208,-0.15628367,0.35869529
0.550000,0.66923737,-0.12119081,1.45179437,0.09780068,1.66455221,0.76742638,-0.24926353,-0.11840479,-0.15833609,0.05993492,-0.06719569,-0.30673379,0.23411182,-0.25401604,-0.18815640,0.27389149,-0.15508253,0.40714948
0.560000,0.66675702,-0.12238750,1.45020176,0.09841378,1.66387252,0.76438019,-0.24674948,-0.12092791,-0.16016797,0.06269222,-0.06874013,-0.30242682,0.26849321,-0.25058026,-0.17823511,0.27750990,-0.15379193,0.45395535
0.570000,0.66430350,-0.12360925,1.44859134,0.09905464,1.66317745,0.76137938,-0.24389799,-0.12341585,-0.16190115,0.06548389,-0.07027124,-0.29766075,0.30157786,-0.24698187,-0.16842192,0.28076050,-0.15241506,0.49894314
0.580000,0.66188014,-0.12485570,1.44696407,0.09972356,1.66246714,0.75842844,-0.24072266,-0.12586703,-0.16353687,0.06830615,-0.07178816,-0.29245459,0.33324089,-0.24322745,-0.15874760,0.28362650,-0.15095509,0.54194310
0.590000,0.65949008,-0.12612646,1.44532092,0.10042085,1.66174173,0.75553168,-0.23723833,-0.12827990,-0.16507667,0.07115508,-0.07329008,-0.28682908,0.36335745,-0.23932360,-0.14924291,0.28609110,-0.14941522,0.58278546
0.600000,0.65713635,-0.12742116,1.44366285,0.10114674,1.66100139,0.75269318,-0.23346108,-0.13065302,-0.16652239,0.07402658,-0.07477621,-0.28080664,0.39180263,-0.23527688,-0.13993863,0.28813750,-0.14779862,0.62130047
0.610000,0.65482178,-0.12873939,1.44199078,0.10190144,1.66024626,0.74991679,-0.22940826,-0.13298499,-0.16787621,0.07691638,-0.07624580,-0.27441139,0.41845159,-0.23109388,-0.13086552,0.28974889,-0.14610849,0.65731839
0.620000,0.65254904,-0.13008072,1.44030562,0.10268511,1.65947653,0.74720611,-0.22509846,-0.13527447,-0.16914058,0.07982005,-0.07769814,-0.26766916,0.44317943,-0.22678119,-0.12205435,0.29090849,-0.14434801,0.69066945
0.630000,0.65032060,-0.13144473,1.43860826,0.10349787,1.65869236,0.74456447,-0.22055149,-0.13752020,-0.17031827,0.08273299,-0.07913254,-0.26060745,0.46586492,-0.22234536,-0.11353516,0.29160011,-0.14252034,0.72118890
0.640000,0.64813873,-0.13283097,1.43689953,0.10433979,1.65789394,0.74199493,-0.21578810,-0.13972099,-0.17141230,0.08565049,-0.08054833,-0.25325500,0.48647060,-0.21779270,-0.10532106,0.29182167,-0.14062797,0.74882692
0.650000,0.64600549,-0.13423900,1.43518028,0.10521088,1.65708146,0.73950025,-0.21082886,-0.14187568,-0.17242570,0.08856790,-0.08194489,-0.24564030,0.50504276,-0.21312920,-0.09740824,0.29158524,-0.13867272,0.77364863
0.660000,0.64392274,-0.13566833,1.43345128,0.10611113,1.65625511,0.73708291,-0.20569385,-0.14398322,-0.17336145,0.09148071,-0.08332158,-0.23779118,0.52163132,-0.20836086,-0.08979217,0.29090349,-0.13665640,0.79572416
0.670000,0.64189213,-0.13711850,1.43171330,0.10704047,1.65541510,0.73474512,-0.20040268,-0.14604257,-0.17422251,0.09438452,-0.08467782,-0.22973474,0.53628623,-0.20349368,-0.08246831,0.28978908,-0.13458080,0.81512363
0.680000,0.63991514,-0.13858902,1.42996707,0.10799878,1.65456162,0.73248882,-0.19497441,-0.14805278,-0.17501178,0.09727509,-0.08601301,-0.22149739,0.54905741,-0.19853365,-0.07543210,0.28825468,-0.13244774,0.83191716
0.690000,0.63799304,-0.14007939,1.42821329,0.10898591,1.65369491,0.73031569,-0.18942764,-0.15001296,-0.17573210,0.10014826,-0.08732659,-0.21310485,0.55999481,-0.19348677,-0.06867903,0.28631297,-0.13025900,0.84617488
0.700000,0.63612692,-0.14158911,1.42645265,0.11000167,1.65281517,0.72822715,-0.18378046,-0.15192225,-0.17638629,0.10300003,-0.08861801,-0.20458211,0.56914834,-0.18835902,-0.06220453,0.28397661,-0.12801638,0.85796689
0.710000,0.63431771,-0.14311766,1.42468578,0.11104583,1.65192262,0.72622440,-0.17805045,-0.15377989,-0.17697710,0.10582652,-0.08988674,-0.19595349,0.57656796,-0.18315642,-0.05600408,0.28125827,-0.12572170,0.86736333
0.720000,0.63256613,-0.14466453,1.42291331,0.11211810,1.65101751,0.72430836,-0.17225471,-0.15558515,-0.17750727,0.10862397,-0.09113228,-0.18724260,0.58230358,-0.17788494,-0.05007314,0.27817062,-0.12337674,0.87443432
0.730000,0.63087278,-0.14622919,1.42113583,0.11321820,1.65010006,0.72247974,-0.16640983,-0.15733738,-0.17797945,0.11138874,-0.09235412,-0.17847233,0.58640515,-0.17255059,-0.04440716,0.27472634,-0.12098331,0.87924997
0.740000,0.62923805,-0.14781110,1.41935390,0.11434576,1.64917051,0.72073903,-0.16053189,-0.15903597,-0.17839628,0.11411735,-0.09355179,-0.16966488,0.58892259,-0.16715936,-0.03900160,0.27093808,-0.11854320,0.88188041
0.750000,0.62766220,-0.14940973,1.41756808,0.11550041,1.64822910,0.71908650,-0.15463649,-0.16068039,-0.17876034,0.11680640,-0.09472483,-0.16084177,0.58990585,-0.16171724,-0.03385193,0.26681852,-0.11605822,0.88239576
0.760000,0.62614532,-0.15102452,1.41577886,0.11668174,1.64727609,0.71752218,-0.14873872,-0.16227017,-0.17907416,0.11945266,-0.09587281,-0.15202378,0.58940485,-0.15623023,-0.02895360,0.26238033,-0.11353017,0.88086615
0.770000,0.62468738,-0.15265495,1.41398675,0.11788931,1.64631173,0.71604594,-0.14285317,-0.16380487,-0.17934023,0.12205299,-0.09699530,-0.14323103,0.58746952,-0.15070433,-0.02430207,0.25763618,-0.11096084,0.87736169
0.780000,0.62328817,-0.15430044,1.41219221,0.11912264,1.64533627,0.71465741,-0.13699395,-0.16528414,-0.17956100,0.12460440,-0.09809189,-0.13448290,0.58414981,-0.14514553,-0.01989280,0.25259873,-0.10835204,0.87195250
0.790000,0.62194737,-0.15596044,1.41039567,0.12038123,1.64434998,0.71335607,-0.13117463,-0.16670769,-0.17973888,0.12710403,-0.09916221,-0.12579809,0.57949564,-0.13955982,-0.01572126,0.24728066,-0.10570557,0.86470871
0.800000,0.62066450,-0.15763440,1.40859757,0.12166454,1.64335312,0.71214118,-0.12540831,-0.16807527,-0.17987621,0.12954912,-0.10020588,-0.11719461,0.57355695,-0.13395321,-0.01178290,0.24169463,-0.10302322,0.85570044
0.810000,0.61943898,-0.15932176,1.40679828,0.12297202,1.64234595,0.71101185,-0.11970760,-0.16938670,-0.17997530,0.13193707,-0.10122256,-0.10868973,0.56638367,-0.12833168,-0.00807319,0.23585332,-0.10030680,0.84499780
0.820000,0.61827009,-0.16102195,1.40499818,0.12430308,1.64132876,0.70996700,-0.11408459,-0.17064187,-0.18003842,0.13426538,-0.10221191,-0.10030006,0.55802574,-0.12270122,-0.00458757,0.22976939,-0.09755810,0.83267093
0.830000,0.61715699,-0.16273441,1.40319762,0.12565712,1.64030181,0.70900541,-0.10855087,-0.17184072,-0.18006778,0.13653169,-0.10317362,-0.09204149,0.54853308,-0.11706784,-0.00132152,0.22345552,-0.09477893,0.81878994
0.840000,0.61609874,-0.16445858,1.40139693,0.12703350,1.63926538,0.70812568,-0.10311754,-0.17298324,-0.18006556,0.13873376,-0.10410740,-0.08392921,0.53795563,-0.11143754,0.00172951,0.21692437,-0.09197109,0.80342496
0.850000,0.61509427,-0.16619389,1.39959641,0.12843157,1.63821975,0.70732629,-0.09779521,-0.17406950,-0.18003389,0.14086949,-0.10501295,-0.07597771,0.52634333,-0.10581629,0.00457006,0.21018861,-0.08913637,0.78664610
0.860000,0.61414243,-0.16793978,1.39779634,0.12985066,1.63716521,0.70660555,-0.09259396,-0.17509962,-0.17997485,0.14293690,-0.10589004,-0.06820077,0.51374611,-0.10021010,0.00720467,0.20326091,-0.08627658,0.76852349
0.870000,0.61324196,-0.16969569,1.39599700,0.13129008,1.63610205,0.70596165,-0.08752340,-0.17607377,-0.17989047,0.14493412,-0.10673841,-0.06061148,0.50021390,-0.09462497,0.00963787,0.19615394,-0.08339351,0.74912724
0.880000,0.61239150,-0.17146107,1.39419861,0.13274911,1.63503054,0.70539265,-0.08259263,-0.17699221,-0.17978275,0.14685942,-0.10755784,-0.05322224,0.48579663,-0.08906689,0.01187422,0.18888037,-0.08048897,0.72852749
0.890000,0.61158961,-0.17323535,1.39240141,0.13422702,1.63395099,0.70489650,-0.07781025,-0.17785522,-0.17965363,0.14871121,-0.10834812,-0.04604471,0.47054425,-0.08354185,0.01391824,0.18145286,-0.07756475,0.70679435
0.900000,0.61083477,-0.17501799,1.39060560,0.13572308,1.63286368,0.70447101,-0.07318436,-0.17866317,-0.17950501,0.15048801,-0.10910907,-0.03908989,0.45450667,-0.07805585,0.01577448,0.17388410,-0.07462266,0.68399794
0.910000,0.61012538,-0.17680843,1.38881137,0.13723653,1.63176891,0.70411392,-0.06872257,-0.17941649,-0.17933875,0.15218846,-0.10984052,-0.03236806,0.43773384,-0.07261488,0.01744749,0.16618674,-0.07166450,0.66020838
0.920000,0.60945975,-0.17860614,1.38701888,0.13876659,1.63066697,0.70382284,-0.06443197,-0.18011564,-0.17915666,0.15381136,-0.11054232,-0.02588880,0.42027569,-0.06722494,0.01894179,0.15837346,-0.06869206,0.63549580
0.930000,0.60883614,-0.18041057,1.38522829,0.14031249,1.62955816,0.70359531,-0.06031917,-0.18076118,-0.17896049,0.15535559,-0.11121432,-0.01966099,0.40218216,-0.06189203,0.02026193,0.15045693,-0.06570714,0.60993032
0.940000,0.60825275,-0.18222119,1.38343971,0.14187344,1.62844278,0.70342876,-0.05639028,-0.18135369,-0.17875198,0.15682019,-0.11185642,-0.01369281,0.38350317,-0.05662213,0.02141245,0.14244981,-0.06271155,0.58358206
0.950000,0.60770771,-0.18403747,1.38165328,0.14344863,1.62732113,0.70332056,-0.05265090,-0.18189385,-0.17853280,0.15820432,-0.11246852,-0.00799172,0.36428865,-0.05142125,0.02239789,0.13436477,-0.05970708,0.55652114
0.960000,0.60719909,-0.18585889,1.37986909,0.14503725,1.62619351,0.70326801,-0.04910613,-0.18238237,-0.17830456,0.15950727,-0.11305054,-0.00256452,0.34458856,-0.04629537,0.02322279,0.12621449,-0.05669554,0.52881768
0.970000,0.60672492,-0.18768495,1.37808721,0.14663850,1.62506022,0.70326834,-0.04576058,-0.18282003,-0.17806886,0.16072844,-0.11360242,0.00258272,0.32445280,-0.04125050,0.02389170,0.11801163,-0.05367873,0.50054181
0.980000,0.60628320,-0.18951513,1.37630773,0.14825155,1.62392156,0.70331871,-0.04261836,-0.18320767,-0.17782723,0.16186737,-0.11412410,0.00744464,0.30393133,-0.03629262,0.02440914,0.10976886,-0.05065844,0.47176364
0.990000,0.60587186,-0.19134893,1.37453069,0.14987557,1.62277784,0.70341626,-0.03968307,-0.18354619,-0.17758117,0.16292373,-0.11461558,0.01201655,0.28307407,-0.03142774,0.02477966,0.10149885,-0.04763647,0.44255330
1.000000,0.60548884,-0.19318589,1.37275612,0.15150975,1.62162935,0.70355807,-0.03695783,-0.18383655,-0.17733211,0.16389730,-0.11507683,0.01629450,0.26193096,-0.02666184,0.02500781,0.09321427,-0.04461463,0.41298090
1.010000,0.60513200,-0.19502551,1.37098405,0.15315324,1.62047640,0.70374116,-0.03444524,-0.18407978,-0.17708147,0.16478800,-0.11550788,0.02027520,0.24055193,-0.02200093,0.02509811,0.08492780,-0.04159471,0.38311658
1.020000,0.60479921,-0.19686733,1.36921449,0.15480523,1.61931929,0.70396257,-0.03214741,-0.18427694,-0.17683059,0.16559589,-0.11590874,0.02395609,0.21898691,-0.01745099,0.02505512,0.07665209,-0.03857852,0.35303044
1.030000,0.60448833,-0.19871090,1.36744743,0.15646488,1.61815833,0.70421928,-0.03006595,-0.18442918,-0.17658080,0.16632112,-0.11627947,0.02733530,0.19728583,-0.01301803,0.02488337,0.06839982,-0.03556785,0.32279262
1.040000,0.60419717,-0.20055577,1.36568286,0.15813138,1.61699381,0.70450827,-0.02820198,-0.18453771,-0.17633334,0.16696401,-0.11662012,0.03041167,0.17549864,-0.00870803,0.02458740,0.06018366,-0.03256450,0.29247324
1.050000,0.60392356,-0.20240151,1.36392075,0.15980389,1.61582603,0.70482650,-0.02655610,-0.18460378,-0.17608945,0.16752496,-0.11693079,0.03318473,0.15367526,-0.00452700,0.02417175,0.05201627,-0.02957028,0.26214241
1.060000,0.60366532,-0.20424771,1.36216106,0.16148161,1.61465529,0.70517095,-0.02512843,-0.18462870,-0.17585029,0.16800454,-0.11721156,0.03565471,0.13186563,-0.00048092,0.02364096,0.04391034,-0.02658698,0.23187025
1.070000,0.60342027,-0.20609395,1.36040373,0.16316371,1.61348189,0.70553859,-0.02391858,-0.18461386,-0.17561700,0.16840341,-0.11746257,0.03782256,0.11011968,0.00342421,0.02299958,0.03587851,-0.02361641,0.20172690
1.080000,0.60318623,-0.20793986,1.35864870,0.16484941,1.61230614,0.70592640,-0.02292566,-0.18456071,-0.17539065,0.16872240,-0.11768394,0.03968991,0.08848735,0.00718239,0.02225214,0.02793347,-0.02066036,0.17178246
1.090000,0.60296104,-0.20978504,1.35689589,0.16653790,1.61112831,0.70633139,-0.02214828,-0.18447073,-0.17517229,0.16896241,-0.11787583,0.04125911,0.06701856,0.01078763,0.02140318,0.02008789,-0.01772064,0.14210707
1.100000,0.60274255,-0.21162915,1.35514522,0.16822840,1.60994872,0.70675060,-0.02158457,-0.18434548,-0.17496291,0.16912453,-0.11803841,0.04253319,0.04576326,0.01423393,0.02045724,0.01235443,-0.01479904,0.11277084
1.110000,0.60252864,-0.21347184,1.35339660,0.16992013,1.60876764,0.70718109,-0.02123214,-0.18418660,-0.17476346,0.16920992,-0.11817188,0.04351589,0.02477136,0.01751530,0.01941887,0.00474576,-0.01189736,0.08384390
1.120000,0.60231721,-0.21531278,1.35164992,0.17161234,1.60758538,0.70761996,-0.02108810,-0.18399575,-0.17457483,0.16921990,-0.11827643,0.04421166,0.00409282,0.02062574,0.01829260,-0.00272545,-0.00901740,0.05539636
1.130000,0.60210619,-0.21715166,1.34990506,0.17330428,1.60640221,0.70806438,-0.02114907,-0.18377467,-0.17439788,0.16915591,-0.11835230,0.04462565,-0.01622244,0.02355926,0.01708297,-0.01004653,-0.00616097,0.02749835
1.140000,0.60189356,-0.21898818,1.34816192,0.17499522,1.60521843,0.70851155,-0.02141117,-0.18352517,-0.17423343,0.16901951,-0.11839974,0.04476369,-0.03612449,0.02630987,0.01579453,-0.01720480,-0.00332986,0.00021999
1.150000,0.60167731,-0.22082207,1.34642035,0.17668444,1.60403431,0.70895875,-0.02187002,-0.18324910,-0.17408224,0.16881240,-0.11841899,0.04463235,-0.05556339,0.02887157,0.01443181,-0.02418761,-0.00052588,-0.02636861
1.160000,0.60145552,-0.22265308,1.34468022,0.17837124,1.60285014,0.70940333,-0.02252073,-0.18294839,-0.17394503,0.16853639,-0.11841035,0.04423886,-0.07448921,0.03123836,0.01299935,-0.03098228,0.00224918,-0.05219730
1.170000,0.60122628,-0.22448096,1.34294140,0.18005494,1.60166619,0.70984268,-0.02335793,-0.18262501,-0.17382247,0.16819342,-0.11837411,0.04359117,-0.09285201,0.03340425,0.01150170,-0.03757614,0.00499352,-0.07719599
1.180000,0.60098776,-0.22630551,1.34120372,0.18173489,1.60048275,0.71027433,-0.02437573,-0.18228099,-0.17371519,0.16778558,-0.11831059,0.04269794,-0.11060186,0.03536324,0.00994339,-0.04395652,0.00770533,-0.10129454
1.190000,0.60073818,-0.22812652,1.33946704,0.18341045,1.59930007,0.71069586,-0.02556775,-0.18191845,-0.17362379,0.16731505,-0.11822012,0.04156851,-0.12768883,0.03710934,0.00832896,-0.05011075,0.01038282,-0.12442283
1.200000,0.60047585,-0.22994382,1.33773119,0.18508099,1.59811843,0.71110495,-0.02692713,-0.18153954,-0.17354879,0.16678416,-0.11810305,0.04021295,-0.14406299,0.03863656,0.00666296,-0.05602617,0.01302419,-0.14651074
1.210000,0.60019911,-0.23175726,1.33599601,0.18674594,1.59693810,0.71149940,-0.02844647,-0.18114647,-0.17349069,0.16619536,-0.11795976,0.03864200,-0.15967439,0.03993890,0.00494993,-0.06169011,0.01562764,-0.16748816
1.220000,0.59990641,-0.23356671,1.33426132,0.18840471,1.59575932,0.71187711,-0.03011791,-0.18074153,-0.17344993,0.16555124,-0.11779063,0.03686712,-0.17447312,0.04101036,0.00319440,-0.06708989,0.01819136,-0.18728495
1.230000,0.59959627,-0.23537206,1.33252695,0.19005679,1.59458237,0.71223610,-0.03193306,-0.18032705,-0.17342692,0.16485449,-0.11759607,0.03490047,-0.18840922,0.04184496,0.00140091,-0.07221285,0.02071356,-0.20583100
1.240000,0.59926730,-0.23717323,1.33079272,0.19170164,1.59340749,0.71257452,-0.03388305,-0.17990544,-0.17342202,0.16410794,-0.11737651,0.03275490,-0.20143278,0.04243668,-0.00042599,-0.07704631,0.02319244,-0.22305618
1.250000,0.59891819,-0.23897016,1.32905845,0.19333879,1.59223492,0.71289065,-0.03595851,-0.17947915,-0.17343554,0.16331457,-0.11713237,0.03044398,-0.21349386,0.04277955,-0.00228176,-0.08157761,0.02562619,-0.23889038
1.260000,0.59854774,-0.24076281,1.32732395,0.19496778,1.59106492,0.71318290,-0.03814958,-0.17905069,-0.17346774,0.16247743,-0.11686414,0.02798192,-0.22455481,0.04287038,-0.00416193,-0.08579749,0.02801326,-0.25328153
1.270000,0.59815485,-0.24255117,1.32558903,0.19658820,1.58989772,0.71344983,-0.04044631,-0.17862255,-0.17351885,0.16159964,-0.11657227,0.02538309,-0.23462720,0.04271722,-0.00606228,-0.08971030,0.03035299,-0.26624978
1.280000,0.59773850,-0.24433527,1.32385351,0.19819965,1.58873355,0.71369015,-0.04283891,-0.17819712,-0.17358904,0.16068422,-0.11625724,0.02266154,-0.24373486,0.04233094,-0.00797865,-0.09332380,0.03264498,-0.27783333
1.290000,0.59729778,-0.24611513,1.32211719,0.19980177,1.58757265,0.71390270,-0.04531787,-0.17777668,-0.17367846,0.15973414,-0.11591953,0.01983092,-0.25190164,0.04172242,-0.00990688,-0.09664575,0.03488881,-0.28807041
1.300000,0.59683188,-0.24789082,1.32037988,0.20139423,1.58641523,0.71408645,-0.04787389,-0.17736338,-0.17378720,0.15875226,-0.11555962,0.01690449,-0.25915139,0.04090254,-0.01184282,-0.09968393,0.03708408,-0.29699921
1.310000,0.59634008,-0.24966243,1.31864138,0.20297672,1.58526153,0.71424051,-0.05049792,-0.17695929,-0.17391533,0.15774138,-0.11517801,0.01389516,-0.26550795,0.03988214,-0.01378230,-0.10244609,0.03923038,-0.30465795
1.320000,0.59582173,-0.25143005,1.31690151,0.20454897,1.58411175,0.71436412,-0.05318115,-0.17656637,-0.17406285,0.15670423,-0.11477518,0.01081544,-0.27099518,0.03867212,-0.01572118,-0.10493999,0.04132729,-0.31108483
1.330000,0.59527628,-0.25319380,1.31516006,0.20611072,1.58296609,0.71445662,-0.05591500,-0.17618645,-0.17422973,0.15564345,-0.11435163,0.00767745,-0.27563690,0.03728333,-0.01765528,-0.10717341,0.04337441,-0.31631806
1.340000,0.59470329,-0.25495382,1.31341685,0.20766177,1.58182478,0.71451751,-0.05869115,-0.17582126,-0.17441592,0.15456160,-0.11390786,0.00449293,-0.27945698,0.03572666,-0.01958046,-0.10915409,0.04537132,-0.32039585
1.350000,0.59410235,-0.25671028,1.31167168,0.20920189,1.58068800,0.71454637,-0.06150148,-0.17547244,-0.17462130,0.15346118,-0.11344437,0.00127325,-0.28247926,0.03401296,-0.02149256,-0.11088980,0.04731761,-0.32335641
1.360000,0.59347317,-0.25846333,1.30992436,0.21073094,1.57955596,0.71454289,-0.06433815,-0.17514149,-0.17484572,0.15234460,-0.11296168,-0.00197060,-0.28472758,0.03215312,-0.02338742,-0.11238832,0.04921288,-0.32523795
1.370000,0.59281552,-0.26021317,1.30817470,0.21224874,1.57842883,0.71450691,-0.06719353,-0.17482983,-0.17508898,0.15121418,-0.11246029,-0.00522804,-0.28622579,0.03015799,-0.02526088,-0.11365739,0.05105671,-0.32607867
1.380000,0.59212926,-0.26196000,1.30642252,0.21375518,1.57730681,0.71443832,-0.07006025,-0.17453874,-0.17535085,0.15007219,-0.11194072,-0.00848883,-0.28699773,0.02803846,-0.02710878,-0.11470478,0.05284869,-0.32591679
1.390000,0.59141430,-0.26370402,1.30466762,0.21525015,1.57619008,0.71433715,-0.07293115,-0.17426944,-0.17563105,0.14892080,-0.11140349,-0.01174316,-0.28706725,0.02580538,-0.02892697,-0.11553825,0.05458842,-0.32479051
1.400000,0.59067065,-0.26544546,1.30290983,0.21673357,1.57507880,0.71420351,-0.07579933,-0.17402298,-0.17592928,0.14776211,-0.11084912,-0.01498156,-0.28645821,0.02346964,-0.03071130,-0.11616557,0.05627548,-0.32273804
1.410000,0.58989835,-0.26718456,1.30114898,0.21820538,1.57397315,0.71403761,-0.07865813,-0.17380035,-0.17624515,0.14659815,-0.11027815,-0.01819496,-0.28519443,0.02104210,-0.03245759,-0.11659451,0.05790946,-0.31979759
1.420000,0.58909754,-0.26892155,1.29938487,0.21966552,1.57287329,0.71383973,-0.08150112,-0.17360241,-0.17657829,0.14543086,-0.10969111,-0.02137467,-0.28329977,0.01853364,-0.03416170,-0.11683281,0.05948995,-0.31600737
1.430000,0.58826840,-0.27065669,1.29761735,0.22111399,1.57177938,0.71361025,-0.08432210,-0.17342991,-0.17692823,0.14426210,-0.10908853,-0.02451240,-0.28079808,0.01595512,-0.03581947,-0.11688825,0.06101654,-0.31140559
1.440000,0.58741119,-0.27239024,1.29584625,0.22255077,1.57069157,0.71334964,-0.08711513,-0.17328350,-0.17729451,0.14309367,-0.10847096,-0.02760021,-0.27771320,0.01331741,-0.03742673,-0.11676859,0.06248882,-0.30603045
1.450000,0.58652621,-0.27412245,1.29407141,0.22397587,1.56961001,0.71305844,-0.08987450,-0.17316372,-0.17767659,0.14192729,-0.10783894,-0.03063056,-0.27406897,0.01063138,-0.03897934,-0.11648159,0.06390638,-0.29992016
1.460000,0.58561383,-0.27585360,1.29229267,0.22538933,1.56853484,0.71273725,-0.09259473,-0.17307100,-0.17807390,0.14076457,-0.10719302,-0.03359629,-0.26988925,0.00790791,-0.04047314,-0.11603501,0.06526881,-0.29311293
1.470000,0.58467446,-0.27758396,1.29050989,0.22679118,1.56746619,0.71238675,-0.09527058,-0.17300565,-0.17848584,0.13960709,-0.10653375,-0.03649062,-0.26519788,0.00515787,-0.04190396,-0.11543661,0.06657570,-0.28564698
1.480000,0.58370858,-0.27931381,1.28872291,0.22818149,1.56640420,0.71200770,-0.09789706,-0.17296789,-0.17891175,0.13845632,-0.10586169,-0.03930716,-0.26001870,0.00239212,-0.04326765,-0.11469417,0.06782664,-0.27756050
1.490000,0.58271670,-0.28104341,1.28693161,0.22956033,1.56534900,0.71160089,-0.10046941,-0.17295783,-0.17935095,0.13731366,-0.10517740,-0.04203989,-0.25437556,-0.00037846,-0.04456006,-0.11381544,0.06902121,-0.26889171
1.500000,0.58169939,-0.28277306,1.28513585,0.23092780,1.56430069,0.71116720,-0.10298310,-0.17297544,-0.17980270,0.13618044,-0.10448146,-0.04468318,-0.24829231,-0.00314300,-0.04577702,-0.11280818,0.07015902,-0.25967882
1.510000,0.58065725,-0.28450301,1.28333551,0.23228398,1.56325941,0.71070754,-0.10543387,-0.17302063,-0.18026623,0.13505790,-0.10377441,-0.04723178,-0.24179279,-0.00589064,-0.04691438,-0.11168016,0.07123964,-0.24996003
1.520000,0.57959093,-0.28623356,1.28153049,0.23362899,1.56222524,0.71022289,-0.10781765,-0.17309316,-0.18074071,0.13394722,-0.10305686,-0.04968082,-0.23490085,-0.00861050,-0.04796798,-0.11043913,0.07226267,-0.23977355
1.530000,0.57850113,-0.28796497,1.27972066,0.23496296,1.56119830,0.70971427,-0.11013066,-0.17319271,-0.18122530,0.13284947,-0.10232935,-0.05202582,-0.22764033,-0.01129171,-0.04893366,-0.10909287,0.07322769,-0.22915760
1.540000,0.57738857,-0.28969750,1.27790595,0.23628603,1.56017869,0.70918274,-0.11236931,-0.17331883,-0.18171908,0.13176568,-0.10159250,-0.05426267,-0.22003508,-0.01392340,-0.04980727,-0.10764914,0.07413430,-0.21815037
1.550000,0.57625401,-0.29143143,1.27608626,0.23759833,1.55916648,0.70862939,-0.11453029,-0.17347098,-0.18222112,0.13069679,-0.10084686,-0.05638765,-0.21210895,-0.01649470,-0.05058465,-0.10611569,0.07498209,-0.20679008
1.560000,0.57509823,-0.29316701,1.27426150,0.23890002,1.55816178,0.70805537,-0.11661050,-0.17364849,-0.18273044,0.12964364,-0.10009305,-0.05839742,-0.20388578,-0.01899474,-0.05126163,-0.10450030,0.07577064,-0.19511494
1.570000,0.57392207,-0.29490448,1.27243163,0.24019126,1.55716465,0.70746184,-0.11860709,-0.17385060,-0.18324600,0.12860703,-0.09933165,-0.06028903,-0.19538942,-0.02141266,-0.05183407,-0.10281072,0.07649955,-0.18316315
1.580000,0.57272638,-0.29664410,1.27059657,0.24147221,1.55617517,0.70684999,-0.12051746,-0.17407643,-0.18376676,0.12758765,-0.09856326,-0.06205989,-0.18664371,-0.02373757,-0.05229781,-0.10105471,0.07716840,-0.17097293
1.590000,0.57151202,-0.29838609,1.26875628,0.24274307,1.55519340,0.70622105,-0.12233921,-0.17432500,-0.18429158,0.12658613,-0.09778848,-0.06370782,-0.17767251,-0.02595861,-0.05264868,-0.09924004,0.07777679,-0.15858247
1.600000,0.57027990,-0.30013067,1.26691072,0.24400400,1.55421942,0.70557625,-0.12407023,-0.17459522,-0.18481934,0.12560302,-0.09700793,-0.06523100,-0.16849964,-0.02806491,-0.05288254,-0.09737448,0.07832430,-0.14603000
1.610000,0.56903092,-0.30187806,1.26505988,0.24525519,1.55325326,0.70491685,-0.12570861,-0.17488588,-0.18534883,0.12463878,-0.09622220,-0.06662801,-0.15914897,-0.03004560,-0.05299521,-0.09546578,0.07881052,-0.13335372
1.620000,0.56776604,-0.30362845,1.26320375,0.24649684,1.55229499,0.70424411,-0.12725270,-0.17519568,-0.18587883,0.12369382,-0.09543192,-0.06789779,-0.14964434,-0.03188980,-0.05298256,-0.09352170,0.07923505,-0.12059183
1.630000,0.56648619,-0.30538203,1.26134231,0.24772913,1.55134464,0.70355932,-0.12870107,-0.17552319,-0.18640805,0.12276844,-0.09463771,-0.06903968,-0.14000959,-0.03358665,-0.05284041,-0.09155002,0.07959747,-0.10778255
1.640000,0.56519234,-0.30713897,1.25947559,0.24895227,1.55040224,0.70286375,-0.13005254,-0.17586688,-0.18693519,0.12186289,-0.09384018,-0.07005341,-0.13026858,-0.03512528,-0.05256461,-0.08955848,0.07989737,-0.09496408
1.650000,0.56388546,-0.30889942,1.25760362,0.25016646,1.54946784,0.70215868,-0.13130616,-0.17622513,-0.18745888,0.12097731,-0.09303997,-0.07093906,-0.12044513,-0.03649481,-0.05215101,-0.08755487,0.08013434,-0.08217464
1.660000,0.56256655,-0.31066351,1.25572643,0.25137189,1.54854145,0.70144539,-0.13246124,-0.17659618,-0.18797774,0.12011180,-0.09223771,-0.07169713,-0.11056311,-0.03768438,-0.05159544,-0.08554693,0.08030798,-0.06945242
1.670000,0.56123657,-0.31243138,1.25384408,0.25256876,1.54762309,0.70072516,-0.13351731,-0.17697818,-0.18849030,0.11926636,-0.09143402,-0.07232846,-0.10064636,-0.03868312,-0.05089375,-0.08354243,0.08041786,-0.05683565
1.680000,0.55989653,-0.31420311,1.25195665,0.25375728,1.54671277,0.69999924,-0.13447414,-0.17736917,-0.18899511,0.11844092,-0.09062956,-0.07283432,-0.09071872,-0.03948015,-0.05004178,-0.08154914,0.08046359,-0.04436252
1.690000,0.55854742,-0.31597878,1.25006421,0.25493765,1.54581050,0.69926888,-0.13533173,-0.17776708,-0.18949063,0.11763532,-0.08982497,-0.07321632,-0.08080404,-0.04006460,-0.04903537,-0.07957481,0.08044475,-0.03207125
1.700000,0.55719023,-0.31775846,1.24816687,0.25611005,1.54491627,0.69853532,-0.13609034,-0.17816972,-0.18997529,0.11684933,-0.08902088,-0.07347648,-0.07092616,-0.04042560,-0.04787037,-0.07762721,0.08036092,-0.02000005
1.710000,0.55582594,-0.31954219,1.24626475,0.25727470,1.54403008,0.69779975,-0.13675045,-0.17857481,-0.19044749,0.11608266,-0.08821797,-0.07361718,-0.06110894,-0.04055229,-0.04654262,-0.07571410,0.08021171,-0.00818712
1.720000,0.55445554,-0.32132996,1.24435797,0.25843177,1.54315191,0.69706337,-0.13731280,-0.17897995,-0.19090558,0.11533491,-0.08741687,-0.07364121,-0.05137621,-0.04043379,-0.04504796,-0.07384325,0.07999669,0.00332934
1.730000,0.55308001,-0.32312178,1.24244669,0.25958146,1.54228173,0.69632731,-0.13777834,-0.17938263,-0.19134788,0.11460563,-0.08661825,-0.07355171,-0.04175182,-0.04005924,-0.04338224,-0.07202241,0.07971546,0.01451110
1.740000,0.55170029,-0.32491760,1.24053107,0.26072394,1.54141953,0.69559270,-0.13814828,-0.17978024,-0.19177264,0.11389427,-0.08582278,-0.07335223,-0.03225963,-0.03941775,-0.04154129,-0.07025935,0.07936761,0.02531996
1.750000,0.55031735,-0.32671736,1.23861130,0.26185940,1.54056526,0.69486062,-0.13842405,-0.18017006,-0.19217811,0.11320022,-0.08503112,-0.07304668,-0.02292347,-0.03849847,-0.03952096,-0.06856184,0.07895273,0.03571771
1.760000,0.54893212,-0.32852096,1.23668758,0.26298800,1.53971889,0.69413210,-0.13860735,-0.18054925,-0.19256245,0.11252279,-0.08424395,-0.07263937,-0.01376719,-0.03729052,-0.03731709,-0.06693763,0.07847041,0.04566615
1.770000,0.54754551,-0.33032830,1.23476013,0.26410991,1.53888037,0.69340815,-0.13870008,-0.18091487,-0.19292382,0.11186120,-0.08346194,-0.07213498,-0.00481464,-0.03578302,-0.03492552,-0.06539449,0.07792023,0.05512707
1.780000,0.54615841,-0.33213920,1.23282919,0.26522527,1.53804963,0.69268971,-0.13870440,-0.18126387,-0.19326032,0.11121460,-0.08268578,-0.07153858,0.00391034,-0.03396512,-0.03234210,-0.06394018,0.07730179,0.06406225
1.790000,0.54477171,-0.33395351,1.23089501,0.26633425,1.53722663,0.69197767,-0.13862271,-0.18159310,-0.19357001,0.11058207,-0.08191614,-0.07085562,0.01238390,-0.03182594,-0.02956267,-0.06258247,0.07661467,0.07243349
1.800000,0.54338624,-0.33577099,1.22895788,0.26743696,1.53641129,0.69127287,-0.13845764,-0.18189929,-0.19385091,0.10996260,-0.08115371,-0.07009192,0.02058220,-0.02935460,-0.02658307,-0.06132911,0.07585847,0.08020258
1.810000,0.54200282,-0.33759141,1.22701810,0.26853354,1.53560353,0.69057608,-0.13821206,-0.18217905,-0.19410099,0.10935512,-0.08039920,-0.06925370,0.02848138,-0.02654025,-0.02339915,-0.06018787,0.07503278,0.08733132
1.820000,0.54062226,-0.33941447,1.22507597,0.26962410,1.53480328,0.68988802,-0.13788909,-0.18242891,-0.19431820,0.10875845,-0.07965329,-0.06834756,0.03605761,-0.02337200,-0.02000674,-0.05916651,0.07413718,0.09378149
1.830000,0.53924529,-0.34123987,1.22313185,0.27070874,1.53401043,0.68920933,-0.13749206,-0.18264527,-0.19450042,0.10817136,-0.07891669,-0.06738046,0.04328703,-0.01983898,-0.01640169,-0.05827280,0.07317127,0.09951488
1.840000,0.53787265,-0.34306725,1.22118609,0.27178755,1.53322491,0.68854059,-0.13702458,-0.18282444,-0.19464551,0.10759254,-0.07819010,-0.06635977,0.05014581,-0.01593034,-0.01257984,-0.05751449,0.07213463,0.10449329
1.850000,0.53650502,-0.34489622,1.21923907,0.27286061,1.53244660,0.68788229,-0.13649046,-0.18296259,-0.19475128,0.10702059,-0.07747423,-0.06529324,0.05661009,-0.01163519,-0.00853704,-0.05689935,0.07102685,0.10867851
1.860000,0.53514305,-0.34672635,1.21729120,0.27392798,1.53167539,0.68723485,-0.13589377,-0.18305582,-0.19481550,0.10645405,-0.07676980,-0.06418898,0.06265603,-0.00694267,-0.00426912,-0.05643515,0.06984753,0.11203233
1.870000,0.53378734,-0.34855718,1.21534291,0.27498971,1.53091116,0.68659861,-0.13523882,-0.18310009,-0.19483590,0.10589136,-0.07607752,-0.06305549,0.06825979,-0.00184190,0.00022807,-0.05612964,0.06859624,0.11451654
1.880000,0.53243845,-0.35038818,1.21339464,0.27604582,1.53015379,0.68597381,-0.13453013,-0.18309126,-0.19481016,0.10533090,-0.07539812,-0.06190167,0.07339827,0.00367734,0.00495831,-0.05599032,0.06727271,0.11609438
1.890000,0.53109690,-0.35221881,1.21144686,0.27709633,1.52940315,0.68536061,-0.13377242,-0.18302516,-0.19473597,0.10477100,-0.07473230,-0.06073664,0.07806575,0.00961045,0.00991673,-0.05601833,0.06587912,0.11676242
1.900000,0.52976315,-0.35404848,1.20950009,0.27814123,1.52865910,0.68475908,-0.13297035,-0.18289774,-0.19461111,0.10421000,-0.07408075,-0.05956935,0.08227390,0.01593803,0.01508983,-0.05620850,0.06442020,0.11655056
1.910000,0.52843763,-0.35587655,1.20755482,0.27918052,1.52792149,0.68416920,-0.13212843,-0.18270515,-0.19443350,0.10364630,-0.07344410,-0.05840846,0.08603512,0.02264001,0.02046371,-0.05655537,0.06290079,0.11549013
1.920000,0.52712070,-0.35770235,1.20561160,0.28021415,1.52719017,0.68359086,-0.13125109,-0.18244375,-0.19420121,0.10307838,-0.07282292,-0.05726227,0.08936182,0.02969633,0.02602449,-0.05705350,0.06132571,0.11361247
1.930000,0.52581271,-0.35952518,1.20367098,0.28124207,1.52646498,0.68302388,-0.13034260,-0.18211011,-0.19391244,0.10250475,-0.07221776,-0.05613883,0.09226642,0.03708693,0.03175826,-0.05769742,0.05969979,0.11094893
1.940000,0.52451394,-0.36134430,1.20173354,0.28226422,1.52574575,0.68246799,-0.12940713,-0.18170097,-0.19356552,0.10192397,-0.07162908,-0.05504581,0.09476133,0.04479176,0.03765115,-0.05848168,0.05802787,0.10753085
1.950000,0.52322464,-0.36315894,1.19979987,0.28328052,1.52503234,0.68192284,-0.12844870,-0.18121329,-0.19315893,0.10133467,-0.07105733,-0.05399062,0.09685895,0.05279076,0.04368926,-0.05940083,0.05631477,0.10338958
1.960000,0.52194503,-0.36496830,1.19787057,0.28429088,1.52432455,0.68138802,-0.12747123,-0.18064424,-0.19269129,0.10073552,-0.07050291,-0.05298033,0.09857171,0.06106386,0.04985871,-0.06044942,0.05456532,0.09855645
1.970000,0.52067527,-0.36677155,1.19594625,0.28529519,1.52362222,0.68086306,-0.12647851,-0.17999117,-0.19216136,0.10012526,-0.06996613,-0.05202169,0.09991201,0.06959101,0.05614560,-0.06162199,0.05278436,0.09306281
1.980000,0.51941550,-0.36856783,1.19402755,0.28629334,1.52292517,0.68034740,-0.12547419,-0.17925164,-0.19156804,0.09950268,-0.06944731,-0.05112117,0.10089226,0.07835214,0.06253604,-0.06291308,0.05097671,0.08694000
1.990000,0.51816581,-0.37035628,1.19211511,0.28728520,1.52223321,0.67984042,-0.12446182,-0.17842341,-0.19091034,0.09886663,-0.06894667,-0.05028489,0.10152487,0.08732720,0.06901614,-0.06431724,0.04914720,0.08021936
2.000000,0.51692627,-0.37213600,1.19020956,0.28827063,1.52154617,0.67934147,-0.12344481,-0.17750445,-0.19018746,0.09821598,-0.06846442,-0.04951867,0.10182226,0.09649613,0.07557202,-0.06582903,0.04730067,0.07293223
2.010000,0.51569692,-0.37390606,1.18831158,0.28924947,1.52086386,0.67884980,-0.12242645,-0.17649291,-0.18939870,0.09754970,-0.06800070,-0.04882802,0.10179684,0.10583887,0.08218979,-0.06744297,0.04544195,0.06510996
2.020000,0.51447774,-0.37566554,1.18642181,0.29022156,1.52018610,0.67836464,-0.12140991,-0.17538716,-0.18854351,0.09686680,-0.06755561,-0.04821815,0.10146102,0.11533536,0.08885554,-0.06915363,0.04357585,0.05678389
2.030000,0.51326870,-0.37741349,1.18454093,0.29118674,1.51951269,0.67788515,-0.12039823,-0.17418576,-0.18762147,0.09616633,-0.06712919,-0.04769392,0.10082721,0.12496555,0.09555540,-0.07095554,0.04170723,0.04798536
2.040000,0.51206975,-0.37914893,1.18266960,0.29214483,1.51884345,0.67741046,-0.11939432,-0.17288747,-0.18663233,0.09544740,-0.06672145,-0.04725991,0.09990782,0.13470936,0.10227548,-0.07284326,0.03984089,0.03874571
2.050000,0.51088078,-0.38087091,1.18080851,0.29309563,1.51817820,0.67693964,-0.11840098,-0.17149126,-0.18557594,0.09470919,-0.06633235,-0.04692037,0.09871526,0.14454674,0.10900188,-0.07481132,0.03798169,0.02909629
2.060000,0.50970169,-0.38257843,1.17895831,0.29403895,1.51751674,0.67647172,-0.11742088,-0.16999629,-0.18445232,0.09395093,-0.06596178,-0.04667925,0.09726195,0.15445764,0.11572071,-0.07685427,0.03613443,0.01906843
2.070000,0.50853231,-0.38427050,1.17711968,0.29497458,1.51685890,0.67600571,-0.11645657,-0.16840193,-0.18326160,0.09317188,-0.06560960,-0.04654016,0.09556029,0.16442200,0.12241809,-0.07896667,0.03430397,0.00869348
2.080000,0.50737249,-0.38594614,1.17529330,0.29590231,1.51620449,0.67554057,-0.11551046,-0.16670774,-0.18200407,0.09237138,-0.06527563,-0.04650643,0.09362270,0.17441974,0.12908013,-0.08114305,0.03249512,-0.00199722
2.090000,0.50622203,-0.38760433,1.17347982,0.29682193,1.51555333,0.67507522,-0.11458486,-0.16491349,-0.18068016,0.09154882,-0.06495961,-0.04658105,0.09146159,0.18443082,0.13569293,-0.08337796,0.03071271,-0.01297232
2.100000,0.50508072,-0.38924407,1.17167992,0.29773321,1.51490524,0.67460858,-0.11368194,-0.16301914,-0.17929043,0.09070364,-0.06466127,-0.04676672,0.08908937,0.19443518,0.14224260,-0.08566595,0.02896158,-0.02420049
2.110000,0.50394831,-0.39086438,1.16989423,0.29863593,1.51426005,0.67413951,-0.11280374,-0.16102487,-0.17783557,0.08983534,-0.06438026,-0.04706580,0.08651845,0.20441276,0.14871526,-0.08800157,0.02724656,-0.03565037
2.120000,0.50282456,-0.39246424,1.16812342,0.29952984,1.51361758,0.67366687,-0.11195219,-0.15893104,-0.17631642,0.08894347,-0.06411620,-0.04748036,0.08376124,0.21434349,0.15509702,-0.09037935,0.02557247,-0.04729064
2.130000,0.50170917,-0.39404267,1.16636812,0.30041472,1.51297767,0.67318951,-0.11112909,-0.15673823,-0.17473398,0.08802763,-0.06386866,-0.04801215,0.08083016,0.22420732,0.16137398,-0.09279385,0.02394415,-0.05908995
2.140000,0.50060187,-0.39559867,1.16462895,0.30129031,1.51234015,0.67270624,-0.11033612,-0.15444719,-0.17308934,0.08708749,-0.06363715,-0.04866259,0.07773761,0.23398419,0.16753225,-0.09523961,0.02236642,-0.07101695
2.150000,0.49950235,-0.39713129,1.16290653,0.30215639,1.51170487,0.67221586,-0.10957483,-0.15205890,-0.17138377,0.08612276,-0.06342115,-0.04943281,0.07449601,0.24365404,0.17355796,-0.09771117,0.02084412,-0.08304031
2.160000,0.49841027,-0.39863953,1.16120147,0.30301269,1.51107168,0.67171718,-0.10884666,-0.14957453,-0.16961867,0.08513320,-0.06322007,-0.05032361,0.07111777,0.25319681,0.17943720,-0.10020309,0.01938208,-0.09512868
2.170000,0.49732530,-0.40012246,1.15951435,0.30385897,1.51044042,0.67120898,-0.10815289,-0.14699545,-0.16779556,0.08411864,-0.06303329,-0.05133549,0.06761530,0.26259244,0.18515608,-0.10270991,0.01798513,-0.10725071
2.180000,0.49624709,-0.40157913,1.15784575,0.30469497,1.50981097,0.67069006,-0.10749472,-0.14432324,-0.16591613,0.08307897,-0.06286013,-0.05246863,0.06400101,0.27182088,0.19070072,-0.10522618,0.01665809,-0.11937507
2.190000,0.49517528,-0.40300862,1.15619621,0.30552046,1.50918318,0.67015921,-0.10687320,-0.14155966,-0.16398218,0.08201411,-0.06269988,-0.05372290,0.06028732,0.28086205,0.19605723,-0.10774643,0.01540580,-0.13147042
2.200000,0.49410950,-0.40441003,1.15456628,0.30633517,1.50855693,0.66961520,-0.10628927,-0.13870669,-0.16199566,0.08092405,-0.06255175,-0.05509784,0.05648662,0.28969591,0.20121172,-0.11026522,0.01423309,-0.14350541
2.210000,0.49304937,-0.40578246,1.15295647,0.30713886,1.50793210,0.66905685,-0.10574372,-0.13576650,-0.15995866,0.07980883,-0.06241493,-0.05659270,0.05261135,0.29830239,0.20615029,-0.11277710,0.01314479,-0.15544870
2.220000,0.49199450,-0.40712507,1.15136727,0.30793127,1.50730859,0.66848295,-0.10523725,-0.13274147,-0.15787342,0.07866855,-0.06228856,-0.05820640,0.04867390,0.30666144,0.21085906,-0.11527660,0.01214572,-0.16726895
2.230000,0.49094449,-0.40843702,1.14979915,0.30871215,1.50668630,0.66789233,-0.10477041,-0.12963416,-0.15574229,0.07750335,-0.06217171,-0.05993756,0.04468669,0.31475299,0.21532413,-0.11775828,0.01124073,-0.17893481
2.240000,0.48989896,-0.40971749,1.14825256,0.30948125,1.50606513,0.66728382,-0.10434364,-0.12644737,-0.15356779,0.07631346,-0.06206341,-0.06178448,0.04066213,0.32255699,0.21953163,-0.12021668,0.01043463,-0.19041495
2.250000,0.48885748,-0.41096571,1.14672793,0.31023833,1.50544501,0.66665626,-0.10395725,-0.12318405,-0.15135256,0.07509912,-0.06196267,-0.06374514,0.03661263,0.33005338,0.22346765,-0.12264634,0.00973225,-0.20167802
2.260000,0.48781967,-0.41218093,1.14522564,0.31098315,1.50482586,0.66600854,-0.10361143,-0.11984739,-0.14909939,0.07386064,-0.06186841,-0.06581721,0.03255060,0.33722209,0.22711830,-0.12504182,0.00913844,-0.21269268
2.270000,0.48678512,-0.41336243,1.14374606,0.31171547,1.50420762,0.66533956,-0.10330624,-0.11644077,-0.14681120,0.07259841,-0.06177952,-0.06799806,0.02848846,0.34404308,0.23046971,-0.12739766,0.00865802,-0.22342758
2.280000,0.48575341,-0.41450952,1.14228952,0.31243504,1.50359025,0.66464823,-0.10304162,-0.11296775,-0.14449104,0.07131284,-0.06169485,-0.07028473,0.02443861,0.35049627,0.23350797,-0.12970840,0.00829581,-0.23385139
2.290000,0.48472415,-0.41562157,1.14085633,0.31314165,1.50297371,0.66393352,-0.10281738,-0.10943213,-0.14214213,0.07000441,-0.06161319,-0.07267395,0.02041347,0.35656161,0.23621921,-0.13196860,0.00805666,-0.24393276
2.300000,0.48369693,-0.41669797,1.13944676,0.31383506,1.50235798,0.66319442,-0.10263322,-0.10583788,-0.13976779,0.06867366,-0.06153329,-0.07516214,0.01642545,0.36221904,0.23858952,-0.13417278,0.00794538,-0.25364036
2.310000,0.48267136,-0.41773815,1.13806105,0.31451505,1.50174305,0.66242996,-0.10248871,-0.10218918,-0.13737152,0.06732116,-0.06145384,-0.07774540,0.01248696,0.36744851,0.24060501,-0.13631552,0.00796682,-0.26294283
2.320000,0.48164703,-0.41874159,1.13669940,0.31518141,1.50112891,0.66163921,-0.10238328,-0.09849041,-0.13495692,0.06594757,-0.06137350,-0.08041954,0.00861041,0.37222994,0.24225181,-0.13839134,0.00812579,-0.27180884
2.330000,0.48062356,-0.41970780,1.13536196,0.31583393,1.50051558,0.66082128,-0.10231625,-0.09474614,-0.13252776,0.06455358,-0.06129085,-0.08318002,0.00480821,0.37654329,0.24351602,-0.14039479,0.00842713,-0.28020704
2.340000,0.47960058,-0.42063637,1.13404888,0.31647242,1.49990310,0.65997534,-0.10228683,-0.09096117,-0.13008792,0.06313993,-0.06120446,-0.08602201,0.00109278,0.38036849,0.24438374,-0.14232042,0.00887567,-0.28810609
2.350000,0.47857770,-0.42152691,1.13276023,0.31709667,1.49929151,0.65910059,-0.10229407,-0.08714046,-0.12764145,0.06170744,-0.06111283,-0.08894037,-0.00252348,0.38368549,0.24484109,-0.14416278,0.00947625,-0.29547466
2.360000,0.47755458,-0.42237908,1.13149606,0.31770650,1.49868087,0.65819629,-0.10233692,-0.08328922,-0.12519252,0.06025697,-0.06101442,-0.09192964,-0.00602815,0.38647422,0.24487419,-0.14591642,0.01023368,-0.30228139
2.370000,0.47653085,-0.42319261,1.13025637,0.31830175,1.49807125,0.65726178,-0.10241422,-0.07941281,-0.12274543,0.05878943,-0.06090762,-0.09498402,-0.00940882,0.38871462,0.24446913,-0.14757587,0.01115280,-0.30849494
2.380000,0.47550618,-0.42396727,1.12904113,0.31888224,1.49746275,0.65629642,-0.10252464,-0.07551682,-0.12030464,0.05730579,-0.06079081,-0.09809745,-0.01265308,0.39038665,0.24361203,-0.14913568,0.01223845,-0.31408398
2.390000,0.47448025,-0.42470290,1.12785024,0.31944782,1.49685548,0.65529965,-0.10266678,-0.07160704,-0.11787474,0.05580707,-0.06066228,-0.10126352,-0.01574853,0.39147023,0.24228900,-0.15059041,0.01349544,-0.31901716
2.400000,0.47345275,-0.42539939,1.12668358,0.31999833,1.49624955,0.65427099,-0.10283908,-0.06768944,-0.11546046,0.05429435,-0.06052031,-0.10447550,-0.01868273,0.39194531,0.24048615,-0.15193459,0.01492862,-0.32326314
2.410000,0.47242338,-0.42605668,1.12554096,0.32053366,1.49564512,0.65321001,-0.10303986,-0.06377023,-0.11306666,0.05276876,-0.06036311,-0.10772639,-0.02144330,0.39179182,0.23818959,-0.15316277,0.01654281,-0.32679058
2.420000,0.47139186,-0.42667481,1.12442216,0.32105367,1.49504235,0.65211636,-0.10326732,-0.05985577,-0.11069836,0.05123150,-0.06018883,-0.11100882,-0.02401781,0.39098972,0.23538543,-0.15426950,0.01834283,-0.32956813
2.430000,0.47035795,-0.42725384,1.12332689,0.32155826,1.49444141,0.65098976,-0.10351955,-0.05595266,-0.10836069,0.04968379,-0.05999561,-0.11431514,-0.02639385,0.38951893,0.23205978,-0.15524933,0.02033353,-0.33156445
2.440000,0.46932139,-0.42779392,1.12225483,0.32204732,1.49384250,0.64983000,-0.10379450,-0.05206769,-0.10605895,0.04812695,-0.05978151,-0.11763740,-0.02855902,0.38735941,0.22819875,-0.15609679,0.02251974,-0.33274820
2.450000,0.46828199,-0.42829527,1.12120558,0.32252077,1.49324585,0.64863698,-0.10408999,-0.04820783,-0.10379855,0.04656232,-0.05954455,-0.12096729,-0.03050089,0.38449109,0.22378845,-0.15680644,0.02490627,-0.33308804
2.460000,0.46723953,-0.42875818,1.12017870,0.32297854,1.49265169,0.64741066,-0.10440373,-0.04438029,-0.10158506,0.04499130,-0.05928270,-0.12429624,-0.03220706,0.38089391,0.21881499,-0.15737282,0.02749796,-0.33255262
2.470000,0.46619386,-0.42918301,1.11917370,0.32342058,1.49206029,0.64615109,-0.10473330,-0.04059245,-0.09942417,0.04341536,-0.05899389,-0.12761533,-0.03366512,0.37654781,0.21326449,-0.15779048,0.03029965,-0.33111061
2.480000,0.46514482,-0.42957019,1.11819002,0.32384684,1.49147191,0.64485842,-0.10507616,-0.03685190,-0.09732174,0.04183600,-0.05867599,-0.13091533,-0.03486266,0.37143274,0.20712304,-0.15805396,0.03331616,-0.32873066
2.490000,0.46409230,-0.42992023,1.11722705,0.32425729,1.49088687,0.64353288,-0.10542965,-0.03316643,-0.09528373,0.04025481,-0.05832684,-0.13418671,-0.03578726,0.36552863,0.20037676,-0.15815782,0.03655233,-0.32538143
2.500000,0.46303620,-0.43023373,1.11628411,0.32465193,1.49030549,0.64217481,-0.10579096,-0.02954403,-0.09331626,0.03867340,-0.05794420,-0.13741962,-0.03642652,0.35881543,0.19301177,-0.15809658,0.04001297,-0.32103157
2.510000,0.46197647,-0.43051135,1.11536047,0.32503076,1.48972811,0.64078465,-0.10615719,-0.02599286,-0.09142558,0.03709344,-0.05752582,-0.14060393,-0.03677173,0.35128176,0.18502103,-0.15786666,0.04370017,-0.31566126
2.520000,0.46091305,-0.43075385,1.11445532,0.32539381,1.48915510,0.63936293,-0.10652543,-0.02252105,-0.08961786,0.03551662,-0.05706947,-0.14372953,-0.03682911,0.34295098,0.17642499,-0.15747181,0.04760497,-0.30929664
2.530000,0.45984596,-0.43096206,1.11356782,0.32574111,1.48858685,0.63791029,-0.10689285,-0.01913639,-0.08789901,0.03394454,-0.05657303,-0.14678667,-0.03660856,0.33385514,0.16725094,-0.15691767,0.05171565,-0.30197541
2.540000,0.45877521,-0.43113690,1.11269703,0.32607272,1.48802378,0.63642745,-0.10725671,-0.01584639,-0.08627468,0.03237877,-0.05603451,-0.14976598,-0.03612001,0.32402629,0.15752619,-0.15620984,0.05602049,-0.29373523
2.550000,0.45770085,-0.43127933,1.11184199,0.32638871,1.48746631,0.63491526,-0.10761439,-0.01265820,-0.08475023,0.03082083,-0.05545202,-0.15265844,-0.03537336,0.31349648,0.14727805,-0.15535396,0.06050779,-0.28461376
2.560000,0.45662295,-0.43139042,1.11100167,0.32668917,1.48691489,0.63337460,-0.10796335,-0.00957869,-0.08333077,0.02927217,-0.05482379,-0.15545544,-0.03437854,0.30229775,0.13653381,-0.15435563,0.06516581,-0.27464869
2.570000,0.45554162,-0.43147129,1.11017501,0.32697419,1.48636999,0.63180649,-0.10830117,-0.00661437,-0.08202112,0.02773418,-0.05414817,-0.15814873,-0.03314547,0.29046215,0.12532078,-0.15322049,0.06998286,-0.26387768
2.580000,0.45445697,-0.43152311,1.10936087,0.32724389,1.48583209,0.63021200,-0.10862550,-0.00377146,-0.08082583,0.02620820,-0.05342364,-0.16073043,-0.03168406,0.27802173,0.11366626,-0.15195414,0.07494720,-0.25233840
2.590000,0.45336916,-0.43154714,1.10855810,0.32749840,1.48530169,0.62859228,-0.10893412,-0.00105585,-0.07974917,0.02469551,-0.05264877,-0.16319306,-0.03000422,0.26500854,0.10159755,-0.15056220,0.08004713,-0.24006853
2.600000,0.45227835,-0.43154467,1.10776548,0.32773785,1.48477929,0.62694856,-0.10922489,0.00152691,-0.07879516,0.02319735,-0.05182228,-0.16552949,-0.02811588,0.25145462,0.08914196,-0.14905031,0.08527094,-0.22710573
2.610000,0.45118473,-0.43151706,1.10698177,0.32796240,1.48426542,0.62528213,-0.10949577,0.00397155,-0.07796753,0.02171489,-0.05094298,-0.16773299,-0.02602895,0.23739203,0.07632679,-0.14742407,0.09060689,-0.21348769
2.620000,0.45008851,-0.43146572,1.10620569,0.32817221,1.48376061,0.62359437,-0.10974484,0.00627316,-0.07726974,0.02024923,-0.05000981,-0.16979719,-0.02375335,0.22285280,0.06317934,-0.14568910,0.09604329,-0.19925206
2.630000,0.44898991,-0.43139209,1.10543593,0.32836745,1.48326540,0.62188668,-0.10997025,0.00842713,-0.07670496,0.01880145,-0.04902182,-0.17171610,-0.02129900,0.20786899,0.04972691,-0.14385103,0.10156840,-0.18443653
2.640000,0.44788919,-0.43129768,1.10467114,0.32854830,1.48278036,0.62016055,-0.11017026,0.01042916,-0.07627612,0.01737254,-0.04797818,-0.17348411,-0.01867580,0.19247265,0.03599681,-0.14191548,0.10717053,-0.16907876
2.650000,0.44678660,-0.43118403,1.10390995,0.32871496,1.48230603,0.61841751,-0.11034323,0.01227531,-0.07598586,0.01596345,-0.04687819,-0.17509599,-0.01589369,0.17669581,0.02201635,-0.13988806,0.11283794,-0.15321642
2.660000,0.44568242,-0.43105271,1.10315095,0.32886764,1.48184298,0.61665916,-0.11048763,0.01396192,-0.07583654,0.01457506,-0.04572125,-0.17654688,-0.01296258,0.16057054,0.00781281,-0.13777440,0.11855893,-0.13688719
2.670000,0.44457694,-0.43090533,1.10239274,0.32900654,1.48139179,0.61488713,-0.11060202,0.01548567,-0.07583026,0.01320823,-0.04450687,-0.17783230,-0.00989238,0.14412888,-0.00658649,-0.13558010,0.12432178,-0.12012873
2.680000,0.44347048,-0.43074355,1.10163387,0.32913188,1.48095304,0.61310308,-0.11068505,0.01684355,-0.07596883,0.01186371,-0.04323471,-0.17894815,-0.00669301,0.12740287,-0.02115425,-0.13331080,0.13011477,-0.10297873
2.690000,0.44236335,-0.43056902,1.10087288,0.32924389,1.48052729,0.61130874,-0.11073548,0.01803288,-0.07625381,0.01054224,-0.04190452,-0.17989070,-0.00337438,0.11042456,-0.03586316,-0.13097212,0.13592618,-0.08547484
2.700000,0.44125588,-0.43038346,1.10010830,0.32934280,1.48011514,0.60950586,-0.11075217,0.01905131,-0.07668647,0.00924448,-0.04051616,-0.18065659,0.00005357,0.09322601,-0.05068594,-0.12856966,0.14174431,-0.06765474
2.710000,0.44014842,-0.43018858,1.09933865,0.32942886,1.47971716,0.60769621,-0.11073408,0.01989678,-0.07726782,0.00797104,-0.03906965,-0.18124287,0.00358095,0.07583925,-0.06559527,-0.12610905,0.14755744,-0.04955611
2.720000,0.43904132,-0.42998611,1.09856244,0.32950230,1.47933394,0.60588161,-0.11068026,0.02056757,-0.07799858,0.00672248,-0.03756507,-0.18164691,0.00719783,0.05829633,-0.08056384,-0.12359592,0.15335384,-0.03121661
2.730000,0.43793494,-0.42977781,1.09777818,0.32956339,1.47896605,0.60406389,-0.11058986,0.02106229,-0.07887920,0.00549928,-0.03600266,-0.18186652,0.01089429,0.04062931,-0.09556437,-0.12103588,0.15912181,-0.01267391
2.740000,0.43682965,-0.42956545,1.09698436,0.32961238,1.47861408,0.60224490,-0.11046214,0.02137985,-0.07990988,0.00430190,-0.03438277,-0.18189984,0.01466042,0.02287024,-0.11056954,-0.11843454,0.16484962,0.00603431
2.750000,0.43572582,-0.42935081,1.09617948,0.32964952,1.47827859,0.60042652,-0.11029645,0.02151949,-0.08109052,0.00313071,-0.03270585,-0.18174541,0.01848629,0.00505115,-0.12555205,-0.11579754,0.17052557,0.02487038
2.760000,0.43462385,-0.42913566,1.09536205,0.32967508,1.47796015,0.59861062,-0.11009225,0.02148078,-0.08242075,0.00198605,-0.03097247,-0.18140213,0.02236200,-0.01279591,-0.14048460,-0.11313048,0.17613793,0.04379663
2.770000,0.43352411,-0.42892179,1.09453057,0.32968933,1.47765933,0.59679910,-0.10984908,0.02126359,-0.08389995,0.00086818,-0.02918334,-0.18086930,0.02627763,-0.03063888,-0.15533989,-0.11043899,0.18167499,0.06277539
2.780000,0.43242700,-0.42871098,1.09368356,0.32969253,1.47737667,0.59499387,-0.10956659,0.02086812,-0.08552720,-0.00022267,-0.02733926,-0.18014657,0.03022326,-0.04844572,-0.17009061,-0.10772869,0.18712504,0.08176899
2.790000,0.43133291,-0.42850502,1.09281954,0.32968496,1.47711272,0.59319681,-0.10924455,0.02029490,-0.08730133,-0.00128635,-0.02544117,-0.17923400,0.03418897,-0.06618438,-0.18470946,-0.10500520,0.19247636,0.10073976
2.800000,0.43024224,-0.42830567,1.09193705,0.32966690,1.47686802,0.59140982,-0.10888278,0.01954477,-0.08922086,-0.00232275,-0.02349010,-0.17813198,0.03816484,-0.08382282,-0.19916914,-0.10227413,0.19771722,0.11965002
2.810000,0.42915539,-0.42811471,1.09103464,0.32963860,1.47664309,0.58963479,-0.10848125,0.01861889,-0.09128409,-0.00333182,-0.02148723,-0.17684132,0.04214096,-0.10132898,-0.21344234,-0.09954111,0.20283593,0.13846210
2.820000,0.42807275,-0.42793387,1.09011089,0.32960035,1.47643844,0.58787362,-0.10803999,0.01751874,-0.09348900,-0.00431358,-0.01943383,-0.17536319,0.04610741,-0.11867082,-0.22750177,-0.09681175,0.20782075,0.15713834
2.830000,0.42699472,-0.42776491,1.08916440,0.32955242,1.47625458,0.58612815,-0.10755916,0.01624612,-0.09583332,-0.00526809,-0.01733130,-0.17369913,0.05005428,-0.13581629,-0.24132011,-0.09409168,0.21265998,0.17564106
2.840000,0.42592169,-0.42760952,1.08819377,0.32949508,1.47609198,0.58440025,-0.10703901,0.01480317,-0.09831450,-0.00619547,-0.01518115,-0.17185107,0.05397165,-0.15273334,-0.25487008,-0.09138651,0.21734190,0.19393259
2.850000,0.42485407,-0.42746940,1.08719766,0.32942860,1.47595111,0.58269174,-0.10647986,0.01319233,-0.10092973,-0.00709589,-0.01298502,-0.16982131,0.05784959,-0.16938993,-0.26812435,-0.08870187,0.22185479,0.21197526
2.860000,0.42379223,-0.42734622,1.08617474,0.32935325,1.47583242,0.58100442,-0.10588218,0.01141635,-0.10367591,-0.00796959,-0.01074466,-0.16761252,0.06167820,-0.18575401,-0.28105564,-0.08604337,0.22618694,0.22973139
2.870000,0.42273655,-0.42724162,1.08512372,0.32926930,1.47573636,0.57934007,-0.10524650,0.00947833,-0.10654968,-0.00881686,-0.00846193,-0.16522777,0.06544755,-0.20179352,-0.29363664,-0.08341664,0.23032663,0.24716332
2.880000,0.42168742,-0.42715719,1.08404333,0.32917700,1.47566332,0.57770044,-0.10457346,0.00738167,-0.10954739,-0.00963805,-0.00613881,-0.16267046,0.06914773,-0.21747643,-0.30584004,-0.08082728,0.23426215,0.26423337
2.890000,0.42064520,-0.42709450,1.08293237,0.32907662,1.47561371,0.57608722,-0.10386381,0.00513009,-0.11266513,-0.01043355,-0.00377740,-0.15994443,0.07276883,-0.23277069,-0.31763855,-0.07828093,0.23798177,0.28090388
2.900000,0.41961026,-0.42705509,1.08178964,0.32896841,1.47558789,0.57450210,-0.10311838,0.00272766,-0.11589872,-0.01120383,-0.00137993,-0.15705384,0.07630092,-0.24764424,-0.32900485,-0.07578320,0.24147379,0.29713717
2.910000,0.41858295,-0.42704043,1.08061402,0.32885263,1.47558622,0.57294668,-0.10233812,0.00017872,-0.11924370,-0.01194940,0.00105127,-0.15400327,0.07973408,-0.26206505,-0.33991166,-0.07333971,0.24472649,0.31289556
2.920000,0.41756361,-0.42705199,1.07940441,0.32872951,1.47560902,0.57142255,-0.10152406,-0.00251203,-0.12269533,-0.01267082,0.00351376,-0.15079764,0.08305841,-0.27600105,-0.35033165,-0.07095609,0.24772815,0.32814140
2.930000,0.41655258,-0.42709113,1.07815978,0.32859929,1.47565659,0.56993123,-0.10067734,-0.00533958,-0.12624862,-0.01336874,0.00600496,-0.14744228,0.08626398,-0.28942021,-0.36023754,-0.06863794,0.25046705,0.34283701
2.940000,0.41555017,-0.42715922,1.07687912,0.32846221,1.47572921,0.56847418,-0.09979921,-0.00829860,-0.12989828,-0.01404382,0.00852219,-0.14394286,0.08934088,-0.30229048,-0.36960202,-0.06639089,0.25293149,0.35694470
2.950000,0.41455670,-0.42725752,1.07556151,0.32831849,1.47582711,0.56705283,-0.09889099,-0.01138345,-0.13363876,-0.01469681,0.01106264,-0.14030547,0.09227919,-0.31457981,-0.37839779,-0.06422056,0.25510974,0.37042683
2.960000,0.41357245,-0.42738728,1.07420606,0.32816834,1.47595053,0.56566851,-0.09795412,-0.01458816,-0.13746424,-0.01532850,0.01362339,-0.13653654,0.09506900,-0.32625615,-0.38659754,-0.06213257,0.25699009,0.38324571
2.970000,0.41259770,-0.42754966,1.07281196,0.32801198,1.47609964,0.56432251,-0.09699014,-0.01790643,-0.14136863,-0.01593975,0.01620141,-0.13264289,0.09770037,-0.33728745,-0.39417396,-0.06013253,0.25856082,0.39536367
2.980000,0.41163273,-0.42774577,1.07137845,0.32784961,1.47627460,0.56301605,-0.09600067,-0.02133165,-0.14534556,-0.01653147,0.01879354,-0.12863172,0.10016341,-0.34764167,-0.40109977,-0.05822608,0.25981021,0.40674304
2.990000,0.41067777,-0.42797663,1.06990483,0.32768142,1.47647555,0.56175025,-0.09498746,-0.02485690,-0.14938837,-0.01710461,0.02139650,-0.12451062,0.10244819,-0.35728676,-0.40734765,-0.05641882,0.26072656,0.41734614
3.000000,0.40973305,-0.42824322,1.06839048,0.32750758,1.47670256,0.56052617,-0.09395234,-0.02847491,-0.15349016,-0.01766019,0.02400692,-0.12028751,0.10454480,-0.36619067,-0.41289031,-0.05471637,0.26129814,0.42713532
3.010000,0.40879879,-0.42854641,1.06683485,0.32732827,1.47695570,0.55934481,-0.09289723,-0.03217813,-0.15764373,-0.01819930,0.02662128,-0.11597075,0.10644331,-0.37432136,-0.41770043,-0.05312437,0.26151325,0.43607289
3.020000,0.40787517,-0.42888704,1.06523746,0.32714364,1.47723499,0.55820704,-0.09182416,-0.03595866,-0.16184163,-0.01872307,0.02923595,-0.11156902,0.10813381,-0.38164677,-0.42175072,-0.05164841,0.26136015,0.44412119
3.030000,0.40696236,-0.42926582,1.06359790,0.32695385,1.47754041,0.55711368,-0.09073528,-0.03980828,-0.16607612,-0.01923268,0.03184721,-0.10709141,0.10960639,-0.38813486,-0.42501388,-0.05029414,0.26082714,0.45124254
3.040000,0.40606051,-0.42968340,1.06191584,0.32675903,1.47787191,0.55606544,-0.08963280,-0.04371846,-0.17033920,-0.01972937,0.03445119,-0.10254739,0.11085112,-0.39375358,-0.42746259,-0.04906715,0.25990251,0.45739927
3.050000,0.40516974,-0.43014036,1.06019105,0.32655930,1.47822939,0.55506292,-0.08851905,-0.04768034,-0.17462257,-0.02021446,0.03704392,-0.09794677,0.11185810,-0.39847088,-0.42906957,-0.04797308,0.25857453,0.46255372
3.060000,0.40429016,-0.43063715,1.05842335,0.32635478,1.47861273,0.55410666,-0.08739646,-0.05168476,-0.17891769,-0.02068930,0.03962130,-0.09329978,0.11261740,-0.40225473,-0.42980749,-0.04701755,0.25683149,0.46666820
3.070000,0.40342183,-0.43117416,1.05661268,0.32614555,1.47902175,0.55319705,-0.08626756,-0.05572222,-0.18321573,-0.02115529,0.04217913,-0.08861700,0.11311910,-0.40507306,-0.42964908,-0.04620617,0.25466167,0.46970505
3.080000,0.40256482,-0.43175167,1.05475906,0.32593170,1.47945624,0.55233440,-0.08513497,-0.05978290,-0.18750759,-0.02161392,0.04471307,-0.08390939,0.11335329,-0.40689383,-0.42856701,-0.04554456,0.25205336,0.47162660
3.090000,0.40171914,-0.43236987,1.05286258,0.32571329,1.47991592,0.55151890,-0.08400142,-0.06385666,-0.19178390,-0.02206670,0.04721869,-0.07918831,0.11331006,-0.40768499,-0.42653399,-0.04503834,0.24899484,0.47239517
3.100000,0.40088478,-0.43302882,1.05092346,0.32549038,1.48040050,0.55075064,-0.08286973,-0.06793306,-0.19603501,-0.02251522,0.04969143,-0.07446546,0.11297948,-0.40741450,-0.42352271,-0.04469313,0.24547440,0.47197309
3.110000,0.40006173,-0.43372850,1.04894200,0.32526299,1.48090962,0.55002956,-0.08174282,-0.07200131,-0.20025100,-0.02296112,0.05212660,-0.06975294,0.11235163,-0.40605031,-0.41950588,-0.04451455,0.24148032,0.47032270
3.120000,0.39924990,-0.43446878,1.04691860,0.32503116,1.48144289,0.54935550,-0.08062372,-0.07605031,-0.20442169,-0.02340609,0.05451942,-0.06506323,0.11141661,-0.40356036,-0.41445619,-0.04450822,0.23700088,0.46740632
3.130000,0.39844922,-0.43524940,1.04485375,0.32479487,1.48199985,0.54872818,-0.07951554,-0.08006866,-0.20853660,-0.02385188,0.05686496,-0.06040916,0.11016491,-0.39991406,-0.40834761,-0.04467950,0.23202504,0.46318797
3.140000,0.39765954,-0.43607001,1.04274808,0.32455411,1.48258002,0.54814716,-0.07842147,-0.08404474,-0.21258512,-0.02430027,0.05915828,-0.05580380,0.10859673,-0.39511395,-0.40118368,-0.04502760,0.22655691,0.45767039
3.150000,0.39688073,-0.43693012,1.04060231,0.32430885,1.48318283,0.54761190,-0.07734463,-0.08796721,-0.21655686,-0.02475300,0.06139452,-0.05125994,0.10672192,-0.38919570,-0.39299745,-0.04554561,0.22061581,0.45089511
3.160000,0.39611258,-0.43782914,1.03841724,0.32405903,1.48380770,0.54712171,-0.07628802,-0.09182506,-0.22044177,-0.02521172,0.06356908,-0.04678995,0.10455077,-0.38219646,-0.38382327,-0.04622636,0.21422173,0.44290531
3.170000,0.39535489,-0.43876637,1.03619379,0.32380459,1.48445399,0.54667581,-0.07525457,-0.09560766,-0.22423015,-0.02567804,0.06567752,-0.04240574,0.10209357,-0.37415334,-0.37369549,-0.04706267,0.20739464,0.43374418
3.180000,0.39460741,-0.43974101,1.03393299,0.32354544,1.48512102,0.54627327,-0.07424707,-0.09930477,-0.22791262,-0.02615347,0.06771560,-0.03811882,0.09936060,-0.36510348,-0.36264844,-0.04804736,0.20015451,0.42345491
3.190000,0.39386985,-0.44075215,1.03163592,0.32328148,1.48580805,0.54591307,-0.07326824,-0.10290650,-0.23148017,-0.02663946,0.06967930,-0.03394026,0.09636216,-0.35508399,-0.35071649,-0.04917326,0.19252132,0.41208070
3.200000,0.39314194,-0.44179879,1.02930380,0.32301261,1.48651434,0.54559407,-0.07232068,-0.10640334,-0.23492411,-0.02713738,0.07156478,-0.02988068,0.09310852,-0.34413202,-0.33793396,-0.05043318,0.18451505,0.39966473
3.210000,0.39242333,-0.44287983,1.02693788,0.32273869,1.48723908,0.54531503,-0.07140689,-0.10978615,-0.23823613,-0.02764855,0.07336842,-0.02595029,0.08960998,-0.33228469,-0.32433522,-0.05181995,0.17615567,0.38625019
3.220000,0.39171368,-0.44399410,1.02453954,0.32245959,1.48798143,0.54507460,-0.07052926,-0.11304617,-0.24140821,-0.02817418,0.07508678,-0.02215886,0.08587683,-0.31957912,-0.30995460,-0.05332639,0.16746316,0.37188028
3.230000,0.39101261,-0.44514032,1.02211021,0.32217516,1.48874052,0.54487136,-0.06969010,-0.11617500,-0.24443273,-0.02871545,0.07671664,-0.01851573,0.08191934,-0.30605244,-0.29482644,-0.05494533,0.15845750,0.35659818
3.240000,0.39031974,-0.44631714,1.01965140,0.32188523,1.48951545,0.54470376,-0.06889159,-0.11916461,-0.24730236,-0.02927344,0.07825496,-0.01502980,0.07774781,-0.29174179,-0.27898511,-0.05666958,0.14915866,0.34044709
3.250000,0.38963464,-0.44752312,1.01716470,0.32158963,1.49030530,0.54457021,-0.06813582,-0.12200734,-0.25001017,-0.02984917,0.07969890,-0.01170954,0.07337251,-0.27668428,-0.26246494,-0.05849197,0.13958662,0.32347020
3.260000,0.38895687,-0.44875677,1.01465176,0.32128818,1.49110911,0.54446899,-0.06742478,-0.12469593,-0.25254951,-0.03044358,0.08104584,-0.00856300,0.06880375,-0.26091705,-0.24530027,-0.06040533,0.12976135,0.30571069
3.270000,0.38828599,-0.45001650,1.01211429,0.32098069,1.49192589,0.54439834,-0.06676036,-0.12722344,-0.25491414,-0.03105755,0.08229335,-0.00559779,0.06405181,-0.24447723,-0.22752546,-0.06240247,0.11970284,0.28721176
3.280000,0.38762151,-0.45130068,1.00955408,0.32066696,1.49275464,0.54435641,-0.06614432,-0.12958335,-0.25709810,-0.03169189,0.08343919,-0.00282109,0.05912696,-0.22740194,-0.20917485,-0.06447622,0.10943105,0.26801661
3.290000,0.38696294,-0.45260759,1.00697295,0.32034678,1.49359433,0.54434127,-0.06557836,-0.13176949,-0.25909583,-0.03234731,0.08448133,-0.00023964,0.05403951,-0.20972831,-0.19028278,-0.06661940,0.09896597,0.24816841
3.300000,0.38630977,-0.45393547,1.00437280,0.32001994,1.49444391,0.54435095,-0.06506404,-0.13377605,-0.26090207,-0.03302448,0.08541793,0.00214025,0.04879972,-0.19149347,-0.17088361,-0.06882483,0.08832757,0.22771036
3.310000,0.38566148,-0.45528250,1.00175557,0.31968622,1.49530233,0.54438338,-0.06460284,-0.13559761,-0.26251193,-0.03372399,0.08624737,0.00431268,0.04341791,-0.17273454,-0.15101167,-0.07108534,0.07753582,0.20668566
3.320000,0.38501753,-0.45664679,0.99912323,0.31934539,1.49616850,0.54443649,-0.06419612,-0.13722912,-0.26392084,-0.03444635,0.08696820,0.00627222,0.03790434,-0.15348866,-0.13070131,-0.07339375,0.06661071,0.18513749
3.330000,0.38437737,-0.45802643,0.99647783,0.31899722,1.49704133,0.54450810,-0.06384516,-0.13866588,-0.26512461,-0.03519200,0.08757920,0.00801383,0.03226930,-0.13379295,-0.10998689,-0.07574288,0.05557221,0.16310904
3.340000,0.38374044,-0.45941944,0.99382144,0.31864147,1.49791971,0.54459602,-0.06355111,-0.13990360,-0.26611935,-0.03596132,0.08807934,0.00953294,0.02652309,-0.11368454,-0.08890273,-0.07812555,0.04444030,0.14064350
3.350000,0.38310615,-0.46082382,0.99115615,0.31827791,1.49880254,0.54469801,-0.06331503,-0.14093832,-0.26690154,-0.03675460,0.08846777,0.01082539,0.02067599,-0.09320056,-0.06748320,-0.08053459,0.03323495,0.11778407
3.360000,0.38247394,-0.46223752,0.98848412,0.31790630,1.49968869,0.54481176,-0.06313789,-0.14176648,-0.26746801,-0.03757207,0.08874386,0.01188745,0.01473828,-0.07237813,-0.04576264,-0.08296281,0.02197614,0.09457393
3.370000,0.38184320,-0.46365845,0.98580752,0.31752639,1.50057704,0.54493498,-0.06302053,-0.14238488,-0.26781591,-0.03841390,0.08890718,0.01271584,0.00872025,-0.05125439,-0.02377538,-0.08540305,0.01068384,0.07105628
3.380000,0.38121333,-0.46508451,0.98312854,0.31713794,1.50146646,0.54506529,-0.06296372,-0.14279069,-0.26794274,-0.03928015,0.08895749,0.01330770,0.00263220,-0.02986646,-0.00155579,-0.08784813,-0.00062197,0.04727430
3.390000,0.38058372,-0.46651355,0.98044941,0.31674070,1.50235581,0.54520033,-0.06296809,-0.14298145,-0.26784636,-0.04017085,0.08889476,0.01366059,-0.00351561,-0.00825147,0.02086181,-0.09029086,-0.01192130,0.02327120
3.400000,0.37995376,-0.46794342,0.97777237,0.31633444,1.50324398,0.54533770,-0.06303419,-0.14295509,-0.26752496,-0.04108594,0.08871915,0.01377253,-0.00971287,0.01355346,0.04344305,-0.09272407,-0.02319419,-0.00090985
3.410000,0.37932283,-0.46937192,0.97509967,0.31591890,1.50412982,0.54547498,-0.06316248,-0.14270987,-0.26697707,-0.04202528,0.08843103,0.01364195,-0.01594930,0.03551119,0.06615360,-0.09514058,-0.03442066,-0.02522566
3.420000,0.37869030,-0.47079688,0.97243358,0.31549385,1.50501222,0.54560973,-0.06335328,-0.14224448,-0.26620157,-0.04298867,0.08803096,0.01326771,-0.02221461,0.05758460,0.08895910,-0.09753322,-0.04558074,-0.04963302
3.430000,0.37805555,-0.47221608,0.96977640,0.31505905,1.50589007,0.54573952,-0.06360683,-0.14155792,-0.26519769,-0.04397584,0.08751970,0.01264912,-0.02849853,0.07973656,0.11182522,-0.09989480,-0.05665444,-0.07408875
3.440000,0.37741795,-0.47362730,0.96713039,0.31461426,1.50676225,0.54586189,-0.06392328,-0.14064961,-0.26396498,-0.04498644,0.08689822,0.01178592,-0.03479075,0.10192994,0.13471761,-0.10221815,-0.06762179,-0.09854966
3.450000,0.37677688,-0.47502833,0.96449786,0.31415924,1.50762767,0.54597442,-0.06430264,-0.13951931,-0.26250336,-0.04602005,0.08616769,0.01067826,-0.04108100,0.12412761,0.15760192,-0.10449610,-0.07846281,-0.12297256
3.460000,0.37613169,-0.47641695,0.96188109,0.31369378,1.50848525,0.54607465,-0.06474485,-0.13816716,-0.26081308,-0.04707618,0.08532946,0.00932674,-0.04735899,0.14629245,0.18044380,-0.10672147,-0.08915753,-0.14731426
3.470000,0.37548177,-0.47779093,0.95928236,0.31321765,1.50933391,0.54616014,-0.06524974,-0.13659369,-0.25889474,-0.04815428,0.08438509,0.00773239,-0.05361443,0.16838733,0.20320891,-0.10888707,-0.09968597,-0.17153156
3.480000,0.37482649,-0.47914808,0.95670395,0.31273062,1.51017260,0.54622849,-0.06581703,-0.13479977,-0.25674927,-0.04925370,0.08333636,0.00589666,-0.05983704,0.19037512,0.22586291,-0.11098573,-0.11002816,-0.19558128
3.490000,0.37416522,-0.48048620,0.95414813,0.31223250,1.51100029,0.54627728,-0.06644634,-0.13278667,-0.25437797,-0.05037375,0.08218522,0.00382146,-0.06601652,0.21221869,0.24837144,-0.11301028,-0.12016411,-0.21942023
3.500000,0.37349736,-0.48180309,0.95161714,0.31172308,1.51181597,0.54630413,-0.06713719,-0.13055601,-0.25178244,-0.05151364,0.08093383,0.00150911,-0.07214259,0.23388091,0.27070017,-0.11495353,-0.13007386,-0.24300521
3.510000,0.37282228,-0.48309660,0.94911322,0.31120217,1.51261864,0.54630668,-0.06788898,-0.12810978,-0.24896468,-0.05267252,0.07958456,-0.00103765,-0.07820497,0.25532467,0.29281474,-0.11680831,-0.13973742,-0.26629304
3.520000,0.37213938,-0.48436458,0.94663858,0.31066957,1.51340734,0.54628260,-0.06870104,-0.12545036,-0.24592698,-0.05384948,0.07813997,-0.00381562,-0.08419336,0.27651282,0.31468081,-0.11856744,-0.14913482,-0.28924052
3.530000,0.37144806,-0.48560491,0.94419540,0.31012512,1.51418113,0.54622961,-0.06957257,-0.12258050,-0.24267200,-0.05504353,0.07660282,-0.00682118,-0.09009749,0.29740824,0.33626404,-0.12022375,-0.15824608,-0.31180446
3.540000,0.37074773,-0.48681550,0.94178585,0.30956865,1.51493910,0.54614544,-0.07050267,-0.11950330,-0.23920275,-0.05625359,0.07497607,-0.01005029,-0.09590706,0.31797381,0.35753008,-0.12177005,-0.16705123,-0.33394168
3.550000,0.37003781,-0.48799429,0.93941205,0.30900000,1.51568037,0.54602787,-0.07149036,-0.11622225,-0.23552257,-0.05747854,0.07326288,-0.01349845,-0.10161179,0.33817239,0.37844458,-0.12319917,-0.17553029,-0.35560897
3.560000,0.36931773,-0.48913927,0.93707609,0.30841903,1.51640408,0.54587475,-0.07253453,-0.11274120,-0.23163515,-0.05871716,0.07146661,-0.01716076,-0.10720140,0.35796686,0.39897319,-0.12450393,-0.18366328,-0.37676316
3.570000,0.36858694,-0.49024846,0.93478003,0.30782562,1.51710943,0.54568396,-0.07363397,-0.10906438,-0.22754451,-0.05996818,0.06959083,-0.02103186,-0.11266558,0.37732008,0.41908158,-0.12567716,-0.19143023,-0.39736105
3.580000,0.36784488,-0.49131993,0.93252586,0.30721963,1.51779565,0.54545344,-0.07478738,-0.10519639,-0.22325503,-0.06123024,0.06763930,-0.02510598,-0.11799407,0.39619494,0.43873539,-0.12671168,-0.19881116,-0.41735944
3.590000,0.36709101,-0.49235177,0.93031557,0.30660098,1.51846198,0.54518119,-0.07599336,-0.10114220,-0.21877143,-0.06250193,0.06561596,-0.02937690,-0.12317656,0.41455431,0.45790029,-0.12760030,-0.20578609,-0.43671516
3.600000,0.36632484,-0.49334217,0.92815107,0.30596957,1.51910774,0.54486527,-0.07725039,-0.09690715,-0.21409877,-0.06378174,0.06352499,-0.03383799,-0.12820278,0.43236105,0.47654191,-0.12833586,-0.21233505,-0.45538500
3.610000,0.36554584,-0.49428933,0.92603421,0.30532532,1.51973227,0.54450382,-0.07855686,-0.09249694,-0.20924245,-0.06506811,0.06137075,-0.03848217,-0.13306244,0.44957804,0.49462592,-0.12891118,-0.21843806,-0.47332578
3.620000,0.36475354,-0.49519154,0.92396681,0.30466819,1.52033496,0.54409504,-0.07991105,-0.08791768,-0.20420823,-0.06635940,0.05915779,-0.04330194,-0.13774525,0.46616815,0.51211798,-0.12931907,-0.22407515,-0.49049430
3.630000,0.36394747,-0.49604714,0.92195062,0.30399812,1.52091524,0.54363722,-0.08131115,-0.08317580,-0.19900218,-0.06765391,0.05689087,-0.04828934,-0.14224093,0.48209425,0.52898373,-0.12955236,-0.22922634,-0.50684739
3.640000,0.36312717,-0.49685454,0.91998732,0.30331511,1.52147261,0.54312872,-0.08275521,-0.07827813,-0.19363075,-0.06894984,0.05457495,-0.05343602,-0.14653918,0.49731922,0.54518883,-0.12960388,-0.23387165,-0.52234183
3.650000,0.36229222,-0.49761221,0.91807853,0.30261913,1.52200660,0.54256800,-0.08424124,-0.07323187,-0.18810072,-0.07024536,0.05221519,-0.05873317,-0.15062972,0.51180592,0.56069894,-0.12946644,-0.23799110,-0.53693445
3.660000,0.36144221,-0.49831871,0.91622581,0.30191021,1.52251679,0.54195359,-0.08576708,-0.06804459,-0.18241921,-0.07153852,0.04981694,-0.06417156,-0.15450227,0.52551723,0.57547971,-0.12913287,-0.24156473,-0.55058206
3.670000,0.36057676,-0.49897266,0.91443063,0.30118837,1.52300283,0.54128413,-0.08733052,-0.06272424,-0.17659367,-0.07282734,0.04738578,-0.06974152,-0.15814654,0.53841603,0.58949678,-0.12859599,-0.24457254,-0.56324146
3.680000,0.35969549,-0.49957277,0.91269439,0.30045368,1.52346441,0.54055835,-0.08892922,-0.05727911,-0.17063193,-0.07410974,0.04492745,-0.07543295,-0.16155224,0.55046518,0.60271583,-0.12784862,-0.24699458,-0.57486946
3.690000,0.35879806,-0.50011785,0.91101842,0.29970621,1.52390131,0.53977510,-0.09056074,-0.05171789,-0.16454213,-0.07538358,0.04244791,-0.08123533,-0.16470908,0.56162755,0.61510249,-0.12688359,-0.24881085,-0.58542287
3.700000,0.35788417,-0.50060678,0.90940394,0.29894604,1.52431332,0.53893331,-0.09222254,-0.04604963,-0.15833277,-0.07664666,0.03995331,-0.08713768,-0.16760678,0.57186602,0.62662244,-0.12569372,-0.25000139,-0.59485850
3.710000,0.35695352,-0.50103852,0.90785213,0.29817332,1.52470034,0.53803205,-0.09391197,-0.04028377,-0.15201269,-0.07789668,0.03745003,-0.09312863,-0.17023505,0.58114346,0.63724131,-0.12427183,-0.25054622,-0.60313316
3.720000,0.35600585,-0.50141216,0.90636403,0.29738816,1.52506231,0.53707048,-0.09562630,-0.03443009,-0.14559106,-0.07913130,0.03494461,-0.09919633,-0.17258361,0.58942275,0.64692476,-0.12261075,-0.25042536,-0.61020366
3.730000,0.35504092,-0.50172686,0.90494061,0.29659075,1.52539925,0.53604791,-0.09736268,-0.02849877,-0.13907742,-0.08034808,0.03244381,-0.10532854,-0.17464217,0.59666674,0.65563845,-0.12070329,-0.24961883,-0.61602681
3.740000,0.35405853,-0.50198191,0.90358275,0.29578127,1.52571123,0.53496374,-0.09911815,-0.02250033,-0.13248164,-0.08154452,0.02995458,-0.11151257,-0.17640043,0.60283833,0.66334804,-0.11854229,-0.24810666,-0.62055942
3.750000,0.35305850,-0.50217668,0.90229122,0.29495994,1.52599840,0.53381753,-0.10088965,-0.01644570,-0.12581392,-0.08271805,0.02748409,-0.11773528,-0.17784812,0.60790037,0.67001917,-0.11612055,-0.24586888,-0.62375829
3.760000,0.35204069,-0.50231067,0.90106668,0.29412699,1.52626100,0.53260895,-0.10267405,-0.01034612,-0.11908481,-0.08386604,0.02503967,-0.12398318,-0.17897790,0.61182660,0.67562714,-0.11343343,-0.24289300,-0.62559356
3.770000,0.35100499,-0.50238349,0.89990969,0.29328271,1.52649931,0.53133782,-0.10446817,-0.00421290,-0.11230488,-0.08498586,0.02262864,-0.13024269,-0.17979422,0.61463418,0.68018582,-0.11048635,-0.23919657,-0.62608861
3.780000,0.34995131,-0.50239486,0.89882072,0.29242738,1.52671371,0.53000410,-0.10626891,0.00194293,-0.10548451,-0.08607493,0.02025806,-0.13650060,-0.18030446,0.61635113,0.68371871,-0.10728725,-0.23480464,-0.62528017
3.790000,0.34887960,-0.50234459,0.89780011,0.29156132,1.52690463,0.52860786,-0.10807326,0.00811059,-0.09863385,-0.08713079,0.01793478,-0.14274407,-0.18051604,0.61700547,0.68624932,-0.10384407,-0.22974223,-0.62320493
3.800000,0.34778984,-0.50223264,0.89684811,0.29068488,1.52707258,0.52714931,-0.10987826,0.01427959,-0.09176279,-0.08815102,0.01566537,-0.14896060,-0.18043635,0.61662521,0.68780117,-0.10016476,-0.22403441,-0.61989960
3.810000,0.34668204,-0.50205903,0.89596489,0.28979843,1.52721814,0.52562878,-0.11168104,0.02043973,-0.08488101,-0.08913332,0.01345616,-0.15513808,-0.18007279,0.61523839,0.68839775,-0.09625725,-0.21770620,-0.61540091
3.820000,0.34555624,-0.50182391,0.89515049,0.28890235,1.52734192,0.52404672,-0.11347880,0.02658109,-0.07799794,-0.09007544,0.01131323,-0.16126476,-0.17943275,0.61287300,0.68806257,-0.09212950,-0.21078266,-0.60974556
3.830000,0.34441249,-0.50152750,0.89440490,0.28799706,1.52744464,0.52240369,-0.11526880,0.03269403,-0.07112278,-0.09097520,0.00924241,-0.16732926,-0.17852364,0.60955709,0.68681914,-0.08778945,-0.20328882,-0.60297025
3.840000,0.34325090,-0.50117015,0.89372798,0.28708299,1.52752703,0.52070038,-0.11704840,0.03876916,-0.06426450,-0.09183054,0.00724927,-0.17332056,-0.17735284,0.60531865,0.68469096,-0.08324503,-0.19524973,-0.59511171
3.850000,0.34207157,-0.50075228,0.89311952,0.28616060,1.52758990,0.51893756,-0.11881501,0.04479742,-0.05743183,-0.09263945,0.00533914,-0.17922801,-0.17592777,0.60018572,0.68170155,-0.07850419,-0.18669042,-0.58620664
3.860000,0.34087465,-0.50027439,0.89257923,0.28523037,1.52763411,0.51711613,-0.12056613,0.05076999,-0.05063327,-0.09340000,0.00351711,-0.18504133,-0.17425582,0.59418632,0.67787441,-0.07357488,-0.17763596,-0.57629175
3.870000,0.33966031,-0.49973709,0.89210672,0.28429277,1.52766055,0.51523708,-0.12229933,0.05667835,-0.04387706,-0.09411035,0.00178799,-0.19075060,-0.17234438,0.58734845,0.67323305,-0.06846503,-0.16811137,-0.56540375
3.880000,0.33842873,-0.49914107,0.89170152,0.28334833,1.52767019,0.51330150,-0.12401224,0.06251426,-0.03717124,-0.09476872,0.00015637,-0.19634628,-0.17020085,0.57970015,0.66780097,-0.06318259,-0.15814169,-0.55357935
3.890000,0.33718014,-0.49848707,0.89136310,0.28239758,1.52766402,0.51131056,-0.12570259,0.06826974,-0.03052360,-0.09537345,-0.00137344,-0.20181919,-0.16783263,0.57126943,0.66160168,-0.05773550,-0.14775198,-0.54085526
3.900000,0.33591476,-0.49777596,0.89109083,0.28144105,1.52764308,0.50926555,-0.12736817,0.07393713,-0.02394169,-0.09592291,-0.00279736,-0.20716051,-0.16524713,0.56208430,0.65465870,-0.05213171,-0.13696727,-0.52726820
3.910000,0.33463286,-0.49700865,0.89088402,0.28047931,1.52760844,0.50716782,-0.12900684,0.07950901,-0.01743282,-0.09641559,-0.00411155,-0.21236180,-0.16245173,0.55217279,0.64699551,-0.04637916,-0.12581261,-0.51285487
3.920000,0.33333472,-0.49618613,0.89074191,0.27951293,1.52756122,0.50501881,-0.13061653,0.08497826,-0.01100410,-0.09685003,-0.00531246,-0.21741497,-0.15945383,0.54156293,0.63863564,-0.04048578,-0.11431304,-0.49765199
3.930000,0.33202063,-0.49530945,0.89066365,0.27854250,1.52750258,0.50282004,-0.13219526,0.09033803,-0.00466236,-0.09722486,-0.00639675,-0.22231233,-0.15626084,0.53028272,0.62960259,-0.03445953,-0.10249361,-0.48169626
3.940000,0.33069092,-0.49437975,0.89064835,0.27756863,1.52743369,0.50057311,-0.13374112,0.09558177,0.00158579,-0.09753880,-0.00736135,-0.22704651,-0.15288015,0.51836018,0.61991987,-0.02830835,-0.09037934,-0.46502440
3.950000,0.32934593,-0.49339822,0.89069503,0.27659194,1.52735576,0.49827968,-0.13525227,0.10070319,0.00773395,-0.09779064,-0.00820344,-0.23161055,-0.14931916,0.50582334,0.60961097,-0.02204017,-0.07799530,-0.44767311
3.960000,0.32798600,-0.49236612,0.89080267,0.27561303,1.52727004,0.49594148,-0.13672693,0.10569628,0.01377600,-0.09797924,-0.00892044,-0.23599783,-0.14558527,0.49270022,0.59869942,-0.01566295,-0.06536651,-0.42967911
3.970000,0.32661152,-0.49128474,0.89097018,0.27463256,1.52717778,0.49356033,-0.13816342,0.11055533,0.01970601,-0.09810356,-0.00951003,-0.24020211,-0.14168587,0.47901882,0.58720872,-0.00918462,-0.05251803,-0.41107910
3.980000,0.32522286,-0.49015547,0.89119640,0.27365118,1.52708027,0.49113807,-0.13956012,0.11527489,0.02551832,-0.09816262,-0.00997015,-0.24421752,-0.13762836,0.46480719,0.57516237,-0.00261313,-0.03947490,-0.39190980
3.990000,0.32382045,-0.48897973,0.89148013,0.27266953,1.52697881,0.48867663,-0.14091548,0.11984980,0.03120749,-0.09815554,-0.01029897,-0.24803853,-0.13342014,0.45009332,0.56258388,0.00404358,-0.02626215,-0.37220792
4.000000,0.32240470,-0.48775898,0.89182012,0.27168829,1.52687473,0.48617797,-0.14222804,0.12427518,0.03676830,-0.09808149,-0.01049491,-0.25166002,-0.12906861,0.43490524,0.54949676,0.01077757,-0.01290484,-0.35201017
4.010000,0.32097604,-0.48649474,0.89221506,0.27070813,1.52676936,0.48364411,-0.14349640,0.12854642,0.04219580,-0.09793975,-0.01055666,-0.25507721,-0.12458117,0.41927098,0.53592452,0.01758090,0.00057200,-0.33135326
4.020000,0.31953492,-0.48518858,0.89266358,0.26972972,1.52666405,0.48107712,-0.14471924,0.13265920,0.04748525,-0.09772967,-0.01048316,-0.25828568,-0.11996521,0.40321855,0.52189066,0.02444561,0.01414332,-0.31027389
4.030000,0.31808181,-0.48384210,0.89316429,0.26875377,1.52656015,0.47847910,-0.14589530,0.13660949,0.05263216,-0.09745066,-0.01027357,-0.26128140,-0.11522814,0.38677596,0.50741869,0.03136377,0.02778409,-0.28880878
4.040000,0.31661718,-0.48245694,0.89371573,0.26778094,1.52645903,0.47585221,-0.14702342,0.14039352,0.05763225,-0.09710224,-0.00992733,-0.26406069,-0.11037734,0.36997124,0.49253211,0.03832744,0.04146925,-0.26699465
4.050000,0.31514150,-0.48103479,0.89431643,0.26681195,1.52636206,0.47319862,-0.14810250,0.14400780,0.06248150,-0.09668399,-0.00944412,-0.26662025,-0.10542023,0.35283241,0.47725444,0.04532867,0.05517376,-0.24486819
4.060000,0.31365529,-0.47957736,0.89496485,0.26584750,1.52627061,0.47052055,-0.14913150,0.14744914,0.06717611,-0.09619557,-0.00882387,-0.26895714,-0.10036419,0.33538749,0.46160918,0.05235952,0.06887259,-0.22246613
4.070000,0.31215904,-0.47808640,0.89565942,0.26488828,1.52618604,0.46782023,-0.15010947,0.15071462,0.07171253,-0.09563673,-0.00806677,-0.27106878,-0.09521662,0.31766449,0.44561984,0.05941204,0.08254069,-0.19982517
4.080000,0.31065328,-0.47656366,0.89639856,0.26393500,1.52610973,0.46509993,-0.15103555,0.15380160,0.07608744,-0.09500728,-0.00717324,-0.27295296,-0.08998492,0.29969144,0.42930992,0.06647830,0.09615301,-0.17698202
4.090000,0.30913851,-0.47501097,0.89718062,0.26298837,1.52604303,0.46236194,-0.15190892,0.15670771,0.08029774,-0.09430714,-0.00614398,-0.27460786,-0.08467650,0.28149635,0.41270294,0.07355036,0.10968451,-0.15397339
4.100000,0.30761528,-0.47343012,0.89800396,0.26204909,1.52598730,0.45960854,-0.15272885,0.15943088,0.08434059,-0.09353628,-0.00497991,-0.27603200,-0.07929874,0.26310724,0.39582239,0.08062026,0.12311016,-0.13083599
4.110000,0.30608411,-0.47182296,0.89886687,0.26111788,1.52594388,0.45684207,-0.15349469,0.16196930,0.08821335,-0.09269477,-0.00368221,-0.27722428,-0.07385905,0.24455214,0.37869179,0.08768006,0.13640491,-0.10760654
4.120000,0.30454556,-0.47019135,0.89976765,0.26019543,1.52591409,0.45406483,-0.15420585,0.16432146,0.09191367,-0.09178274,-0.00225233,-0.27818395,-0.06836482,0.22585905,0.36133464,0.09472183,0.14954371,-0.08432174
4.130000,0.30300018,-0.46853716,0.90070456,0.25928246,1.52589926,0.45127917,-0.15486182,0.16648612,0.09543937,-0.09080042,-0.00069194,-0.27891065,-0.06282346,0.20705601,0.34377445,0.10173762,0.16250152,-0.06101831
4.140000,0.30144851,-0.46686226,0.90167585,0.25837965,1.52590068,0.44848740,-0.15546218,0.16846231,0.09878856,-0.08974810,0.00099702,-0.27940438,-0.05724235,0.18817103,0.32603472,0.10871949,0.17525330,-0.03773295
4.150000,0.29989112,-0.46516854,0.90267974,0.25748773,1.52591963,0.44569185,-0.15600656,0.17024936,0.10195955,-0.08862617,0.00281236,-0.27966549,-0.05162890,0.16923213,0.30813897,0.11565949,0.18777402,-0.01450238
4.160000,0.29832857,-0.46345791,0.90371444,0.25660736,1.52595734,0.44289486,-0.15649468,0.17184687,0.10495089,-0.08743508,0.00475164,-0.27969473,-0.04599051,0.15026733,0.29011071,0.12254968,0.20003861,0.00863670
4.170000,0.29676142,-0.46173224,0.90477815,0.25573925,1.52601506,0.44009873,-0.15692632,0.17325471,0.10776140,-0.08617537,0.00681219,-0.27949319,-0.04033457,0.13130464,0.27197342,0.12938212,0.21202205,0.03164757
4.180000,0.29519023,-0.45999344,0.90586906,0.25488408,1.52609398,0.43730576,-0.15730134,0.17447306,0.11039008,-0.08484766,0.00899106,-0.27906233,-0.03466848,0.11237209,0.25375064,0.13614886,0.22369928,0.05449353
4.190000,0.29361558,-0.45824341,0.90698534,0.25404252,1.52619527,0.43451824,-0.15761968,0.17550235,0.11283620,-0.08345264,0.01128507,-0.27840399,-0.02899964,0.09349770,0.23546585,0.14284197,0.23504528,0.07713785
4.200000,0.29203803,-0.45648402,0.90812517,0.25321525,1.52632006,0.43173843,-0.15788134,0.17634330,0.11509927,-0.08199109,0.01369078,-0.27752036,-0.02333545,0.07470948,0.21714258,0.14945350,0.24603498,0.09954384
4.210000,0.29045814,-0.45471717,0.90928672,0.25240292,1.52646944,0.42896858,-0.15808643,0.17699692,0.11717900,-0.08046387,0.01620450,-0.27641403,-0.01768330,0.05603545,0.19880432,0.15597550,0.25664336,0.12167478
4.220000,0.28887649,-0.45294471,0.91046814,0.25160619,1.52664449,0.42621088,-0.15823508,0.17746448,0.11907538,-0.07887190,0.01882229,-0.27508791,-0.01205059,0.03750364,0.18047458,0.16240004,0.26684537,0.14349397
4.230000,0.28729363,-0.45116849,0.91166762,0.25082570,1.52684622,0.42346754,-0.15832753,0.17774756,0.12078860,-0.07721622,0.02153997,-0.27354531,-0.00644473,0.01914207,0.16217688,0.16871917,0.27661596,0.16496468
4.240000,0.28571012,-0.44939036,0.91288331,0.25006207,1.52707561,0.42074069,-0.15836408,0.17784799,0.12231910,-0.07549790,0.02435309,-0.27178990,-0.00087310,0.00097874,0.14393471,0.17492495,0.28593009,0.18605021
4.250000,0.28412653,-0.44761213,0.91411339,0.24931594,1.52733359,0.41803244,-0.15834513,0.17776789,0.12366756,-0.07371812,0.02725697,-0.26982571,0.00465688,-0.01695831,0.12577158,0.18100944,0.29476272,0.20671386
4.260000,0.28254340,-0.44583560,0.91535605,0.24858791,1.52762104,0.41534485,-0.15827111,0.17750967,0.12483488,-0.07187814,0.03024666,-0.26765715,0.01013784,-0.03464108,0.10771100,0.18696469,0.30308881,0.22691890
4.270000,0.28096129,-0.44406253,0.91660949,0.24787858,1.52793879,0.41267996,-0.15814256,0.17707601,0.12582220,-0.06997929,0.03331697,-0.26528898,0.01556236,-0.05204153,0.08977649,0.19278275,0.31088332,0.24662863
4.280000,0.27938073,-0.44229465,0.91787190,0.24718852,1.52828763,0.41003972,-0.15796008,0.17646987,0.12663091,-0.06802297,0.03646247,-0.26272635,0.02092305,-0.06913166,0.07199153,0.19845570,0.31812119,0.26580634
4.290000,0.27780227,-0.44053369,0.91914152,0.24651830,1.52866827,0.40742606,-0.15772434,0.17569450,0.12726261,-0.06601068,0.03967746,-0.25997475,0.02621251,-0.08588343,0.05437965,0.20397558,0.32477740,0.28441532
4.300000,0.27622642,-0.43878132,0.92041657,0.24586848,1.52908139,0.40484084,-0.15743609,0.17475342,0.12771915,-0.06394399,0.04295599,-0.25704006,0.03142334,-0.10226884,0.03696435,0.20933445,0.33082689,0.30241885
4.310000,0.27465372,-0.43703916,0.92169532,0.24523960,1.52952758,0.40228585,-0.15709616,0.17365044,0.12800263,-0.06182456,0.04629189,-0.25392852,0.03654815,-0.11825987,0.01976914,0.21452437,0.33624462,0.31978023
4.320000,0.27308467,-0.43530883,0.92297605,0.24463216,1.53000739,0.39976284,-0.15670544,0.17238963,0.12811535,-0.05965410,0.04967870,-0.25064672,0.04157954,-0.13382849,0.00281751,0.21953740,0.34100556,0.33646275
4.330000,0.27151977,-0.43359188,0.92425707,0.24404668,1.53052130,0.39727346,-0.15626490,0.17097537,0.12805987,-0.05743442,0.05310973,-0.24720165,0.04651011,-0.14894668,-0.01386701,0.22436559,0.34508465,0.35242970
4.340000,0.26995953,-0.43188982,0.92553670,0.24348363,1.53106971,0.39481932,-0.15577559,0.16941230,0.12783898,-0.05516743,0.05657803,-0.24360063,0.05133246,-0.16358643,-0.03026093,0.22900099,0.34845686,0.36764435
4.350000,0.26840442,-0.43020412,0.92681331,0.24294348,1.53165296,0.39240194,-0.15523864,0.16770533,0.12745570,-0.05285507,0.06007642,-0.23985139,0.05603920,-0.17771972,-0.04634073,0.23343568,0.35109714,0.38207002
4.360000,0.26685491,-0.42853618,0.92808528,0.24242668,1.53227132,0.39002276,-0.15465522,0.16585968,0.12691329,-0.05049941,0.06359745,-0.23596199,0.06062291,-0.19131852,-0.06208291,0.23766170,0.35298045,0.39566998
4.370000,0.26531147,-0.42688737,0.92935105,0.24193363,1.53292496,0.38768314,-0.15402661,0.16388084,0.12621524,-0.04810256,0.06713343,-0.23194086,0.06507622,-0.20435483,-0.07746396,0.24167111,0.35408175,0.40840752
4.380000,0.26377453,-0.42525899,0.93060908,0.24146475,1.53361401,0.38538435,-0.15335416,0.16177455,0.12536529,-0.04566674,0.07067640,-0.22779683,0.06939188,-0.21680140,-0.09246090,0.24545619,0.35437698,0.42024706
4.390000,0.26224453,-0.42365228,0.93185787,0.24102042,1.53433849,0.38312758,-0.15263925,0.15954681,0.12436734,-0.04319420,0.07421827,-0.22353895,0.07356644,-0.22864915,-0.10706280,0.24901399,0.35386496,0.43117895
4.400000,0.26072188,-0.42206844,0.93309595,0.24060099,1.53509834,0.38091392,-0.15188330,0.15720354,0.12322535,-0.04068721,0.07775108,-0.21917622,0.07760019,-0.23990713,-0.12127079,0.25234642,0.35256732,0.44121944
4.410000,0.25920699,-0.42050858,0.93432191,0.24020678,1.53589345,0.37874438,-0.15108771,0.15475060,0.12194323,-0.03814801,0.08126708,-0.21471748,0.08149361,-0.25058517,-0.13508650,0.25545557,0.35050671,0.45038593
4.420000,0.25770025,-0.41897377,0.93553436,0.23983813,1.53672360,0.37661987,-0.15025389,0.15219373,0.12052492,-0.03557883,0.08475875,-0.21017136,0.08524716,-0.26069313,-0.14851158,0.25834354,0.34770579,0.45869580
4.430000,0.25620204,-0.41746503,0.93673196,0.23949530,1.53758852,0.37454122,-0.14938323,0.14953860,0.11897430,-0.03298187,0.08821880,-0.20554636,0.08886134,-0.27024084,-0.16154769,0.26101242,0.34418718,0.46616646
4.440000,0.25471271,-0.41598331,0.93791342,0.23917857,1.53848785,0.37250917,-0.14847713,0.14679075,0.11729526,-0.03035931,0.09164017,-0.20085077,0.09233659,-0.27923813,-0.17419647,0.26346432,0.33997355,0.47281530
4.450000,0.25323261,-0.41452950,0.93907745,0.23888819,1.53942117,0.37052441,-0.14753696,0.14395564,0.11549166,-0.02771330,0.09501603,-0.19609273,0.09567339,-0.28769485,-0.18645956,0.26570133,0.33508752,0.47865969
4.460000,0.25176208,-0.41310447,0.94022285,0.23862438,1.54038800,0.36858750,-0.14656412,0.14103862,0.11356735,-0.02504599,0.09833976,-0.19128020,0.09887222,-0.29562084,-0.19833861,0.26772555,0.32955175,0.48371705
4.470000,0.25030143,-0.41170899,0.94134841,0.23838734,1.54138777,0.36669896,-0.14555997,0.13804496,0.11152616,-0.02235949,0.10160497,-0.18642096,0.10193355,-0.30302594,-0.20983528,0.26953907,0.32338888,0.48800475
4.480000,0.24885098,-0.41034381,0.94245299,0.23817725,1.54241988,0.36485921,-0.14452590,0.13497981,0.10937191,-0.01965590,0.10480552,-0.18152261,0.10485784,-0.30991999,-0.22095120,0.27114399,0.31662155,0.49154019
4.490000,0.24741101,-0.40900961,0.94353549,0.23799427,1.54348365,0.36306861,-0.14346327,0.13184823,0.10710840,-0.01693730,0.10793547,-0.17659260,0.10764557,-0.31631282,-0.23168802,0.27254242,0.30927241,0.49434077
4.500000,0.24598180,-0.40770705,0.94459481,0.23783854,1.54457834,0.36132744,-0.14237345,0.12865519,0.10473941,-0.01420574,0.11098911,-0.17163819,0.11029721,-0.32221428,-0.24204739,0.27373644,0.30136410,0.49642386
4.510000,0.24456362,-0.40643670,0.94562993,0.23771019,1.54570316,0.35963591,-0.14125778,0.12540555,0.10226870,-0.01146325,0.11396096,-0.16666646,0.11281323,-0.32763420,-0.25203096,0.27472816,0.29291927,0.49780688
4.520000,0.24315673,-0.40519911,0.94663986,0.23760931,1.54685727,0.35799415,-0.14011763,0.12210408,0.09970003,-0.00871184,0.11684578,-0.16168433,0.11519410,-0.33258243,-0.26164037,0.27551967,0.28396055,0.49850720
4.530000,0.24176135,-0.40399477,0.94762362,0.23753598,1.54803977,0.35640223,-0.13895435,0.11875544,0.09703714,-0.00595351,0.11963853,-0.15669853,0.11744029,-0.33706881,-0.27087727,0.27611307,0.27451061,0.49854222
4.540000,0.24037771,-0.40282414,0.94858030,0.23749025,1.54924971,0.35486017,-0.13776927,0.11536421,0.09428373,-0.00319023,0.12233443,-0.15171564,0.11955228,-0.34110318,-0.27974331,0.27651045,0.26459207,0.49792933
4.550000,0.23900603,-0.40168762,0.94950901,0.23747218,1.55048612,0.35336789,-0.13656375,0.11193485,0.09144350,-0.00042395,0.12492889,-0.14674205,0.12153053,-0.34469536,-0.28824013,0.27671393,0.25422758,0.49668593
4.560000,0.23764650,-0.40058556,0.95040889,0.23748178,1.55174794,0.35192527,-0.13533911,0.10847174,0.08852015,0.00234341,0.12741757,-0.14178397,0.12337551,-0.34785522,-0.29636939,0.27672558,0.24343980,0.49482940
4.570000,0.23629931,-0.39951828,0.95127914,0.23751905,1.55303410,0.35053214,-0.13409668,0.10497916,0.08551733,0.00510993,0.12979635,-0.13684745,0.12508771,-0.35059258,-0.30413272,0.27654752,0.23225135,0.49237713
4.580000,0.23496462,-0.39848606,0.95211899,0.23758397,1.55434349,0.34918823,-0.13283779,0.10146127,0.08243871,0.00787373,0.13206134,-0.13193835,0.12666758,-0.35291728,-0.31153177,0.27618183,0.22068489,0.48934653
4.590000,0.23364260,-0.39748912,0.95292768,0.23767651,1.55567494,0.34789326,-0.13156377,0.09792215,0.07928791,0.01063295,0.13420886,-0.12706239,0.12811559,-0.35483917,-0.31856819,0.27563061,0.20876307,0.48575497
4.600000,0.23233339,-0.39652767,0.95370452,0.23779661,1.55702726,0.34664686,-0.13027592,0.09436579,0.07606855,0.01338573,0.13623549,-0.12222507,0.12943223,-0.35636809,-0.32524363,0.27489597,0.19650851,0.48161986
4.610000,0.23103713,-0.39560185,0.95444883,0.23794419,1.55839923,0.34544861,-0.12897556,0.09079607,0.07278423,0.01613026,0.13813800,-0.11743174,0.13061796,-0.35751386,-0.33155974,0.27398000,0.18394388,0.47695858
4.620000,0.22975392,-0.39471178,0.95516000,0.23811918,1.55978960,0.34429806,-0.12766400,0.08721676,0.06943854,0.01886473,0.13991341,-0.11268759,0.13167326,-0.35828634,-0.33751816,0.27288479,0.17109181,0.47178852
4.630000,0.22848388,-0.39385754,0.95583741,0.23832145,1.56119707,0.34319468,-0.12634253,0.08363155,0.06603506,0.02158737,0.14155895,-0.10799761,0.13259858,-0.35869537,-0.34312053,0.27161245,0.15797495,0.46612708
4.640000,0.22722710,-0.39303916,0.95648052,0.23855088,1.56262033,0.34213791,-0.12501246,0.08004403,0.06257732,0.02429640,0.14307210,-0.10336663,0.13339441,-0.35875078,-0.34836851,0.27016506,0.14461594,0.45999165
4.650000,0.22598365,-0.39225665,0.95708879,0.23880732,1.56405806,0.34112714,-0.12367507,0.07645768,0.05906886,0.02699009,0.14445054,-0.09879930,0.13406122,-0.35846241,-0.35326374,0.26854474,0.13103742,0.45339963
4.660000,0.22475362,-0.39150999,0.95766174,0.23909062,1.56550889,0.34016170,-0.12233166,0.07287590,0.05551321,0.02966672,0.14569219,-0.09430010,0.13459947,-0.35784010,-0.35780787,0.26675358,0.11726205,0.44636839
4.670000,0.22353704,-0.39079911,0.95819891,0.23940060,1.56697144,0.33924089,-0.12098351,0.06930196,0.05191387,0.03232460,0.14679520,-0.08987334,0.13500964,-0.35689370,-0.36200254,0.26479366,0.10331246,0.43891534
4.680000,0.22233396,-0.39012391,0.95869988,0.23973705,1.56844433,0.33836397,-0.11963189,0.06573907,0.04827432,0.03496204,0.14775793,-0.08552314,0.13529220,-0.35563304,-0.36584941,0.26266710,0.08921130,0.43105786
4.690000,0.22114441,-0.38948428,0.95916427,0.24009976,1.56992613,0.33753016,-0.11827809,0.06219031,0.04459803,0.03757739,0.14857900,-0.08125347,0.13544762,-0.35406796,-0.36935011,0.26037599,0.07498121,0.42281336
4.700000,0.21996840,-0.38888005,0.95959173,0.24048852,1.57141543,0.33673862,-0.11692336,0.05865869,0.04088847,0.04016902,0.14925720,-0.07706811,0.13547637,-0.35220830,-0.37250630,0.25792242,0.06064485,0.41419921
4.710000,0.21880594,-0.38831104,0.95998194,0.24090306,1.57291079,0.33598851,-0.11556898,0.05514710,0.03714905,0.04273531,0.14979161,-0.07297066,0.13537892,-0.35006391,-0.37531962,0.25530850,0.04622484,0.40523282
4.720000,0.21765701,-0.38777703,0.96033462,0.24134313,1.57441078,0.33527891,-0.11421620,0.05165833,0.03338321,0.04527466,0.15018150,-0.06896457,0.13515574,-0.34764461,-0.37779172,0.25253632,0.03174384,0.39593156
4.730000,0.21652160,-0.38727779,0.96064953,0.24180846,1.57591394,0.33460890,-0.11286628,0.04819509,0.02959435,0.04778551,0.15042636,-0.06505309,0.13480731,-0.34496026,-0.37992425,0.24960798,0.01722449,0.38631285
4.740000,0.21539967,-0.38681304,0.96092644,0.24229874,1.57741882,0.33397752,-0.11152047,0.04475998,0.02578585,0.05026631,0.15052594,-0.06123931,0.13433410,-0.34202069,-0.38171885,0.24652557,0.00268943,0.37639406
4.750000,0.21429118,-0.38638249,0.96116519,0.24281368,1.57892397,0.33338378,-0.11018002,0.04135549,0.02196109,0.05271552,0.15048017,-0.05752615,0.13373657,-0.33883574,-0.38317717,0.24329119,-0.01183868,0.36619258
4.760000,0.21319605,-0.38598582,0.96136562,0.24335294,1.58042794,0.33282665,-0.10884615,0.03798405,0.01812342,0.05513163,0.15028926,-0.05391634,0.13301520,-0.33541524,-0.38430085,0.23990695,-0.02633722,0.35572582
4.770000,0.21211423,-0.38562269,0.96152763,0.24391620,1.58192928,0.33230510,-0.10752012,0.03464794,0.01427619,0.05751317,0.14995360,-0.05041246,0.13217046,-0.33176905,-0.38509155,0.23637493,-0.04078352,0.34501117
4.780000,0.21104562,-0.38529273,0.96165113,0.24450309,1.58342653,0.33181804,-0.10620315,0.03134938,0.01042270,0.05985865,0.14947384,-0.04701689,0.13120282,-0.32790700,-0.38555091,0.23269724,-0.05515495,0.33406600
4.790000,0.20999013,-0.38499557,0.96173607,0.24511324,1.58491828,0.33136439,-0.10489648,0.02809049,0.00656627,0.06216663,0.14885083,-0.04373185,0.13011275,-0.32383893,-0.38568057,0.22887597,-0.06942887,0.32290772
4.800000,0.20894765,-0.38473078,0.96178245,0.24574629,1.58640308,0.33094303,-0.10360131,0.02487326,0.00271018,0.06443569,0.14808566,-0.04055938,0.12890072,-0.31957468,-0.38548219,0.22491322,-0.08358263,0.31155372
4.810000,0.20791806,-0.38449796,0.96179029,0.24640182,1.58787952,0.33055282,-0.10231887,0.02169962,-0.00114229,0.06666443,0.14717965,-0.03750137,0.12756720,-0.31512408,-0.38495740,0.22081109,-0.09759358,0.30002139
4.820000,0.20690123,-0.38429664,0.96175963,0.24707944,1.58934621,0.33019261,-0.10105037,0.01857137,-0.00498789,0.06885146,0.14613434,-0.03455949,0.12611267,-0.31049699,-0.38410787,0.21657168,-0.11143908,0.28832812
4.830000,0.20589700,-0.38412637,0.96169056,0.24777871,1.59080175,0.32986124,-0.09979701,0.01549023,-0.00882337,0.07099541,0.14495150,-0.03173528,0.12453760,-0.30570323,-0.38293522,0.21219707,-0.12509649,0.27649131
4.840000,0.20490523,-0.38398667,0.96158321,0.24849920,1.59224478,0.32955751,-0.09856001,0.01245782,-0.01264552,0.07309496,0.14363312,-0.02903009,0.12284245,-0.30075265,-0.38144112,0.20768938,-0.13854316,0.26452833
4.850000,0.20392575,-0.38387705,0.96143771,0.24924046,1.59367397,0.32928024,-0.09734056,0.00947567,-0.01645113,0.07514876,0.14218141,-0.02644508,0.12102770,-0.29565509,-0.37962721,0.20305069,-0.15175645,0.25245660
4.860000,0.20295836,-0.38379699,0.96125425,0.25000202,1.59508798,0.32902821,-0.09613986,0.00654518,-0.02023700,0.07715554,0.14059884,-0.02398126,0.11909382,-0.29042039,-0.37749513,0.19828311,-0.16471372,0.24029349
4.870000,0.20200288,-0.38374597,0.96103304,0.25078341,1.59648552,0.32880021,-0.09495908,0.00366768,-0.02399997,0.07911400,0.13888807,-0.02163946,0.11704127,-0.28505839,-0.37504653,0.19338873,-0.17739231,0.22805641
4.880000,0.20105911,-0.38372345,0.96077434,0.25158413,1.59786532,0.32859501,-0.09379943,0.00084440,-0.02773688,0.08102290,0.13705200,-0.01942032,0.11487054,-0.27957892,-0.37228305,0.18836965,-0.18976959,0.21576273
4.890000,0.20012682,-0.38372890,0.96047840,0.25240369,1.59922615,0.32841139,-0.09266206,-0.00192354,-0.03144459,0.08288099,0.13509376,-0.01732433,0.11258209,-0.27399183,-0.36920636,0.18322797,-0.20182291,0.20342986
4.900000,0.19920579,-0.38376174,0.96014555,0.25324158,1.60056680,0.32824811,-0.09154817,-0.00463511,-0.03511997,0.08468706,0.13301670,-0.01535180,0.11017640,-0.26830695,-0.36581808,0.17796578,-0.21352963,0.19107519
4.910000,0.19829577,-0.38382141,0.95977612,0.25409726,1.60188610,0.32810394,-0.09045893,-0.00728938,-0.03875992,0.08643991,0.13082439,-0.01350284,0.10765393,-0.26253414,-0.36211987,0.17258518,-0.22486709,0.17871610
4.920000,0.19739652,-0.38390733,0.95937048,0.25497020,1.60318291,0.32797764,-0.08939548,-0.00988553,-0.04236134,0.08813837,0.12852066,-0.01177743,0.10501515,-0.25668322,-0.35811338,0.16708828,-0.23581267,0.16636999
4.930000,0.19650777,-0.38401892,0.95892903,0.25585984,1.60445615,0.32786798,-0.08835901,-0.01242282,-0.04592116,0.08978129,0.12610952,-0.01017534,0.10226054,-0.25076403,-0.35380025,0.16147716,-0.24634371,0.15405426
4.940000,0.19562925,-0.38415559,0.95845221,0.25676563,1.60570476,0.32777373,-0.08735066,-0.01490061,-0.04943633,0.09136754,0.12359524,-0.00869619,0.09939057,-0.24478642,-0.34918212,0.15575392,-0.25643757,0.14178628
4.950000,0.19476066,-0.38431673,0.95794047,0.25768700,1.60692773,0.32769365,-0.08637158,-0.01731838,-0.05290380,0.09289601,0.12098230,-0.00733940,0.09640571,-0.23876023,-0.34426065,0.14992066,-0.26607161,0.12958346
4.960000,0.19390172,-0.38450175,0.95739430,0.25862336,1.60812409,0.32762653,-0.08542292,-0.01967569,-0.05632054,0.09436560,0.11827542,-0.00610424,0.09330643,-0.23269529,-0.33903749,0.14397949,-0.27522318,0.11746319
4.970000,0.19305210,-0.38471005,0.95681423,0.25957411,1.60929294,0.32757116,-0.08450583,-0.02197219,-0.05968355,0.09577524,0.11547952,-0.00498980,0.09009320,-0.22660145,-0.33351427,0.13793249,-0.28386963,0.10544286
4.980000,0.19221149,-0.38494100,0.95620082,0.26053866,1.61043341,0.32752634,-0.08362144,-0.02420766,-0.06298983,0.09712390,0.11259979,-0.00399499,0.08676649,-0.22048854,-0.32769265,0.13178176,-0.29198833,0.09353985
4.990000,0.19137956,-0.38519399,0.95555464,0.26151638,1.61154468,0.32749087,-0.08277088,-0.02638193,-0.06623641,0.09841054,0.10964159,-0.00311856,0.08332677,-0.21436640,-0.32157427,0.12552940,-0.29955662,0.08177157
5.000000,0.19055596,-0.38546843,0.95487630,0.26250666,1.61262599,0.32746358,-0.08195528,-0.02849499,-0.06942033,0.09963416,0.10661056,-0.00235906,0.07977452,-0.20824489,-0.31516077,0.11917752,-0.30655187,0.07015540
5.010000,0.18974033,-0.38576369,0.95416645,0.26350885,1.61367666,0.32744330,-0.08117576,-0.03054686,-0.07253865,0.10079377,0.10351253,-0.00171489,0.07611103,-0.20213233,-0.30845513,0.11272869,-0.31295720,0.05870603
5.020000,0.18893232,-0.38607916,0.95342576,0.26452232,1.61469604,0.32742890,-0.08043341,-0.03253767,-0.07558849,0.10188842,0.10035336,-0.00118437,0.07234093,-0.19603115,-0.30146552,0.10618746,-0.31877883,0.04742727
5.030000,0.18813154,-0.38641424,0.95265492,0.26554640,1.61568355,0.32741924,-0.07972928,-0.03446753,-0.07856705,0.10291722,0.09713886,-0.00076577,0.06846964,-0.18994224,-0.29420146,0.09955889,-0.32402875,0.03632024
5.040000,0.18733760,-0.38676831,0.95185466,0.26658044,1.61663865,0.32741322,-0.07906434,-0.03633656,-0.08147163,0.10387933,0.09387466,-0.00045739,0.06450262,-0.18386653,-0.28667244,0.09284802,-0.32871896,0.02538607
5.050000,0.18655012,-0.38714077,0.95102574,0.26762376,1.61756089,0.32740973,-0.07843953,-0.03814490,-0.08429964,0.10477393,0.09056630,-0.00025747,0.06044531,-0.17780492,-0.27888796,0.08605988,-0.33286144,0.01462585
5.060000,0.18576867,-0.38753101,0.95016893,0.26867569,1.61844985,0.32740771,-0.07785572,-0.03989271,-0.08704857,0.10560028,0.08721921,-0.00016428,0.05630315,-0.17175834,-0.27085754,0.07919952,-0.33646818,0.00404071
5.070000,0.18499286,-0.38793842,0.94928504,0.26973554,1.61930516,0.32740610,-0.07731373,-0.04158012,-0.08971601,0.10635769,0.08383868,-0.00017607,0.05208159,-0.16572768,-0.26259067,0.07227198,-0.33955118,-0.00636825
5.080000,0.18422226,-0.38836241,0.94837489,0.27080261,1.62012653,0.32740385,-0.07681433,-0.04320732,-0.09229963,0.10704551,0.08042989,-0.00029106,0.04778607,-0.15971388,-0.25409686,0.06528231,-0.34212242,-0.01659990
5.090000,0.18345643,-0.38880237,0.94743933,0.27187621,1.62091369,0.32739994,-0.07635824,-0.04477446,-0.09479722,0.10766315,0.07699790,-0.00050747,0.04342203,-0.15371783,-0.24538561,0.05823554,-0.34419390,-0.02665314
5.100000,0.18269495,-0.38925770,0.94647924,0.27295564,1.62166643,0.32739336,-0.07594610,-0.04628174,-0.09720665,0.10821005,0.07354764,-0.00082352,0.03899491,-0.14774045,-0.23646642,0.05113673,-0.34577761,-0.03652684
5.110000,0.18193736,-0.38972780,0.94549550,0.27404018,1.62238459,0.32738314,-0.07557853,-0.04772934,-0.09952588,0.10868573,0.07008394,-0.00123741,0.03451017,-0.14178267,-0.22734880,0.04399090,-0.34688554,-0.04621991
5.120000,0.18118323,-0.39021209,0.94448903,0.27512912,1.62306808,0.32736830,-0.07525607,-0.04911746,-0.10175299,0.10908973,0.06661148,-0.00174732,0.02997324,-0.13584538,-0.21804224,0.03680312,-0.34752968,-0.05573122
5.130000,0.18043209,-0.39070996,0.94346076,0.27622173,1.62371681,0.32734788,-0.07497922,-0.05044631,-0.10388613,0.10942167,0.06313485,-0.00235142,0.02538957,-0.12992950,-0.20855626,0.02957841,-0.34772202,-0.06505965
5.140000,0.17968349,-0.39122082,0.94241163,0.27731731,1.62433077,0.32732096,-0.07474842,-0.05171612,-0.10592355,0.10968119,0.05965850,-0.00304790,0.02076459,-0.12403594,-0.19890035,0.02232182,-0.34747455,-0.07420410
5.150000,0.17893696,-0.39174408,0.94134261,0.27841511,1.62490999,0.32728662,-0.07456405,-0.05292711,-0.10786360,0.10986801,0.05618678,-0.00383489,0.01610376,-0.11816563,-0.18908401,0.01503840,-0.34679926,-0.08316346
5.160000,0.17819205,-0.39227916,0.94025468,0.27951442,1.62545454,0.32724397,-0.07442644,-0.05407952,-0.10970473,0.10998189,0.05272390,-0.00471054,0.01141252,-0.11231947,-0.17911676,0.00773319,-0.34570815,-0.09193660
5.170000,0.17744828,-0.39282548,0.93914885,0.28061451,1.62596452,0.32719212,-0.07433588,-0.05517358,-0.11144547,0.11002262,0.04927397,-0.00567300,0.00669631,-0.10649837,-0.16900809,0.00041122,-0.34421320,-0.10052242
5.180000,0.17670518,-0.39338244,0.93802611,0.28171463,1.62644007,0.32713022,-0.07429258,-0.05620957,-0.11308445,0.10999007,0.04584095,-0.00672036,0.00196057,-0.10070325,-0.15876751,-0.00692245,-0.34232641,-0.10891979
5.190000,0.17596227,-0.39394948,0.93688750,0.28281406,1.62688140,0.32705744,-0.07429672,-0.05718774,-0.11462041,0.10988415,0.04242870,-0.00785076,-0.00278925,-0.09493502,-0.14840451,-0.01426279,-0.34005976,-0.11712762
5.200000,0.17521908,-0.39452600,0.93573405,0.28391207,1.62728873,0.32697294,-0.07434840,-0.05810836,-0.11605217,0.10970481,0.03904098,-0.00906228,-0.00754771,-0.08919459,-0.13792861,-0.02160476,-0.33742525,-0.12514477
5.210000,0.17447514,-0.39511145,0.93456681,0.28500792,1.62766232,0.32687593,-0.07444768,-0.05897173,-0.11737864,0.10945207,0.03568139,-0.01035302,-0.01230937,-0.08348288,-0.12734930,-0.02894330,-0.33443487,-0.13297015
5.220000,0.17372997,-0.39570525,0.93338683,0.28610087,1.62800246,0.32676562,-0.07459458,-0.05977812,-0.11859884,0.10912597,0.03235343,-0.01172104,-0.01706878,-0.07780081,-0.11667609,-0.03627338,-0.33110061,-0.14060263
5.230000,0.17298309,-0.39630683,0.93219519,0.28719019,1.62830950,0.32664125,-0.07478903,-0.06052784,-0.11971188,0.10872664,0.02906048,-0.01316442,-0.02182050,-0.07214927,-0.10591848,-0.04358995,-0.32743445,-0.14804110
5.240000,0.17223403,-0.39691562,0.93099296,0.28827516,1.62858380,0.32650209,-0.07503094,-0.06122121,-0.12071696,0.10825424,0.02580580,-0.01468121,-0.02655908,-0.06652920,-0.09508598,-0.05088797,-0.32344840,-0.15528445
5.250000,0.17148232,-0.39753106,0.92978121,0.28935503,1.62882576,0.32634739,-0.07532015,-0.06185854,-0.12161338,0.10770896,0.02259254,-0.01626946,-0.03127908,-0.06094149,-0.08418808,-0.05816241,-0.31915444,-0.16233156
5.260000,0.17072747,-0.39815260,0.92856105,0.29042909,1.62903580,0.32617647,-0.07565644,-0.06244015,-0.12240053,0.10709108,0.01942370,-0.01792719,-0.03597507,-0.05538706,-0.07323429,-0.06540821,-0.31456457,-0.16918133
5.270000,0.16996903,-0.39877968,0.92733357,0.29149661,1.62921439,0.32598862,-0.07603955,-0.06296639,-0.12307791,0.10640091,0.01630219,-0.01965242,-0.04064159,-0.04986684,-0.06223412,-0.07262033,-0.30969077,-0.17583263
5.280000,0.16920653,-0.39941175,0.92609986,0.29255687,1.62936201,0.32578320,-0.07646916,-0.06343760,-0.12364509,0.10563881,0.01323079,-0.02144317,-0.04527320,-0.04438172,-0.05119706,-0.07979374,-0.30454503,-0.18228435
5.290000,0.16843949,-0.40004825,0.92486104,0.29360915,1.62947918,0.32555955,-0.07694488,-0.06385414,-0.12410176,0.10480518,0.01021216,-0.02329744,-0.04986446,-0.03893262,-0.04013261,-0.08692338,-0.29913935,-0.18853538
5.300000,0.16766748,-0.40068865,0.92361820,0.29465274,1.62956644,0.32531705,-0.07746630,-0.06421638,-0.12444769,0.10390050,0.00724883,-0.02521321,-0.05440992,-0.03352046,-0.02905029,-0.09400422,-0.29348571,-0.19458461
5.310000,0.16689002,-0.40133240,0.92237245,0.29568693,1.62962435,0.32505509,-0.07803291,-0.06452468,-0.12468274,0.10292528,0.00434323,-0.02718845,-0.05890415,-0.02814615,-0.01795960,-0.10103121,-0.28759612,-0.20043092
5.320000,0.16610667,-0.40197896,0.92112491,0.29671101,1.62965350,0.32477308,-0.07864419,-0.06477943,-0.12480688,0.10188007,0.00149766,-0.02922115,-0.06334169,-0.02281060,-0.00687003,-0.10799931,-0.28148255,-0.20607319
5.330000,0.16531699,-0.40262781,0.91987668,0.29772430,1.62965451,0.32447048,-0.07929954,-0.06498102,-0.12482017,0.10076550,-0.00128571,-0.03130923,-0.06771711,-0.01751473,0.00420891,-0.11490347,-0.27515700,-0.21151032
5.340000,0.16452053,-0.40327841,0.91862888,0.29872609,1.62962800,0.32414672,-0.07999831,-0.06512986,-0.12472277,0.09958223,-0.00400482,-0.03345066,-0.07202496,-0.01225945,0.01526771,-0.12173867,-0.26863146,-0.21674119
5.350000,0.16371688,-0.40393023,0.91738260,0.29971572,1.62957463,0.32380129,-0.08073979,-0.06522635,-0.12451492,0.09833098,-0.00665772,-0.03564337,-0.07625980,-0.00704566,0.02629688,-0.12849984,-0.26191792,-0.22176469
5.360000,0.16290560,-0.40458276,0.91613895,0.30069249,1.62949508,0.32343369,-0.08152324,-0.06527092,-0.12419696,0.09701250,-0.00924259,-0.03788526,-0.08041618,-0.00187430,0.03728691,-0.13518195,-0.25502838,-0.22657970
5.370000,0.16208628,-0.40523548,0.91489902,0.30165574,1.62939001,0.32304343,-0.08234784,-0.06526398,-0.12376934,0.09562762,-0.01175774,-0.04017426,-0.08448866,0.00325375,0.04822830,-0.14177996,-0.24797481,-0.23118510
5.380000,0.16125851,-0.40588787,0.91366392,0.30260482,1.62926016,0.32263006,-0.08321272,-0.06520599,-0.12323259,0.09417720,-0.01420158,-0.04250826,-0.08847181,0.00833754,0.05911154,-0.14828882,-0.24076923,-0.23557980
5.390000,0.16042189,-0.40653943,0.91243473,0.30353907,1.62910623,0.32219312,-0.08411696,-0.06509738,-0.12258734,0.09266216,-0.01657265,-0.04488515,-0.09236016,0.01337619,0.06992713,-0.15470350,-0.23342360,-0.23976266
5.400000,0.15957604,-0.40718965,0.91121254,0.30445785,1.62892895,0.32173222,-0.08505959,-0.06493862,-0.12183431,0.09108346,-0.01886962,-0.04730281,-0.09614829,0.01836877,0.08066558,-0.16101894,-0.22594993,-0.24373258
5.410000,0.15872057,-0.40783804,0.90999840,0.30536053,1.62872908,0.32124694,-0.08603957,-0.06473016,-0.12097431,0.08944213,-0.02109127,-0.04975909,-0.09983074,0.02331436,0.09131736,-0.16723011,-0.21836021,-0.24748845
5.420000,0.15785513,-0.40848409,0.90879340,0.30624649,1.62850738,0.32073691,-0.08705583,-0.06447249,-0.12000828,0.08773922,-0.02323648,-0.05225186,-0.10340207,0.02821207,0.10187300,-0.17333196,-0.21066643,-0.25102914
5.430000,0.15697934,-0.40912733,0.90759859,0.30711512,1.62826461,0.32020179,-0.08810722,-0.06416608,-0.11893721,0.08597587,-0.02530429,-0.05477895,-0.10685685,0.03306096,0.11232297,-0.17931945,-0.20288058,-0.25435355
5.440000,0.15609287,-0.40976725,0.90641500,0.30796581,1.62800156,0.31964123,-0.08919256,-0.06381144,-0.11776220,0.08415323,-0.02729383,-0.05733820,-0.11018962,0.03786014,0.12265778,-0.18518754,-0.19501464,-0.25746056
5.450000,0.15519538,-0.41040340,0.90524369,0.30879799,1.62771900,0.31905492,-0.09031059,-0.06340905,-0.11648447,0.08227253,-0.02920435,-0.05992744,-0.11339495,0.04260868,0.13286792,-0.19093118,-0.18708062,-0.26034906
5.460000,0.15428655,-0.41103528,0.90408565,0.30961107,1.62741774,0.31844259,-0.09146002,-0.06295944,-0.11510529,0.08033504,-0.03103525,-0.06254445,-0.11646739,0.04730567,0.14294390,-0.19654533,-0.17909050,-0.26301794
5.470000,0.15336608,-0.41166243,0.90294191,0.31040450,1.62709856,0.31780395,-0.09263948,-0.06246311,-0.11362607,0.07834207,-0.03278602,-0.06518706,-0.11940149,0.05195021,0.15287620,-0.20202496,-0.17105627,-0.26546608
5.480000,0.15243367,-0.41228439,0.90181346,0.31117773,1.62676228,0.31713877,-0.09384757,-0.06192061,-0.11204828,0.07629501,-0.03445627,-0.06785304,-0.12219182,0.05654137,0.16265533,-0.20736501,-0.16298992,-0.26769236
5.490000,0.15148904,-0.41290069,0.90070127,0.31193023,1.62640971,0.31644682,-0.09508282,-0.06133247,-0.11037350,0.07419526,-0.03604575,-0.07054016,-0.12483292,0.06107825,0.17227178,-0.21256044,-0.15490345,-0.26969568
5.500000,0.15053193,-0.41351088,0.89960631,0.31266147,1.62604164,0.31572790,-0.09634371,-0.06069923,-0.10860342,0.07204430,-0.03755431,-0.07324620,-0.12731937,0.06555993,0.18171605,-0.21760621,-0.14680884,-0.27147491
5.510000,0.14956208,-0.41411452,0.89852952,0.31337095,1.62565889,0.31498184,-0.09762867,-0.06002145,-0.10673979,0.06984365,-0.03898194,-0.07596891,-0.12964570,0.06998550,0.19097863,-0.22249729,-0.13871809,-0.27302896
5.520000,0.14857928,-0.41471117,0.89747182,0.31405818,1.62526227,0.31420847,-0.09893607,-0.05929971,-0.10478448,0.06759488,-0.04032873,-0.07870603,-0.13180649,0.07435404,0.20005004,-0.22722862,-0.13064319,-0.27435669
5.530000,0.14758329,-0.41530037,0.89643412,0.31472269,1.62485258,0.31340768,-0.10026423,-0.05853457,-0.10273946,0.06529962,-0.04159489,-0.08145529,-0.13379628,0.07866464,0.20892075,-0.23179516,-0.12259612,-0.27545701
5.540000,0.14657393,-0.41588172,0.89541732,0.31536402,1.62443064,0.31257934,-0.10161141,-0.05772661,-0.10060677,0.06295955,-0.04278078,-0.08421441,-0.13560963,0.08291639,0.21758126,-0.23619187,-0.11458889,-0.27632878
5.550000,0.14555101,-0.41645477,0.89442227,0.31598174,1.62399723,0.31172336,-0.10297582,-0.05687644,-0.09838856,0.06057637,-0.04388684,-0.08698110,-0.13724111,0.08710837,0.22602209,-0.24041371,-0.10663347,-0.27697091
5.560000,0.14451436,-0.41701911,0.89344983,0.31657541,1.62355317,0.31083970,-0.10435561,-0.05598465,-0.09608709,0.05815187,-0.04491366,-0.08975305,-0.13868525,0.09123968,0.23423371,-0.24445563,-0.09874187,-0.27738228
5.570000,0.14346385,-0.41757432,0.89250080,0.31714464,1.62309922,0.30992829,-0.10574888,-0.05505185,-0.09370468,0.05568787,-0.04586193,-0.09252797,-0.13993663,0.09530940,0.24220664,-0.24831260,-0.09092606,-0.27756177
5.580000,0.14239935,-0.41812001,0.89157600,0.31768904,1.62263619,0.30898913,-0.10715368,-0.05407867,-0.09124378,0.05318625,-0.04673248,-0.09530351,-0.14098980,0.09931661,0.24993136,-0.25197957,-0.08319805,-0.27750826
5.590000,0.14132074,-0.41865576,0.89067618,0.31820825,1.62216483,0.30802223,-0.10856800,-0.05306573,-0.08870692,0.05064893,-0.04752623,-0.09807735,-0.14183932,0.10326040,0.25739837,-0.25545149,-0.07556982,-0.27722066
5.600000,0.14022796,-0.41918119,0.88980210,0.31870191,1.62168591,0.30702760,-0.10998977,-0.05201367,-0.08609671,0.04807789,-0.04824425,-0.10084714,-0.14247974,0.10713986,0.26459817,-0.25872332,-0.06805337,-0.27669783
5.610000,0.13912093,-0.41969591,0.88895448,0.31916970,1.62120019,0.30600531,-0.11141688,-0.05092315,-0.08341588,0.04547515,-0.04888771,-0.10361052,-0.14290561,0.11095408,0.27152126,-0.26179003,-0.06066068,-0.27593868
5.620000,0.13799961,-0.42019953,0.88813401,0.31961131,1.62070840,0.30495542,-0.11284715,-0.04979481,-0.08066724,0.04284279,-0.04945791,-0.10636512,-0.14311150,0.11470214,0.27815814,-0.26464657,-0.05340375,-0.27494208
5.630000,0.13686399,-0.42069168,0.88734135,0.32002647,1.62021127,0.30387804,-0.11427836,-0.04862933,-0.07785370,0.04018294,-0.04995628,-0.10910857,-0.14309221,0.11838308,0.28449948,-0.26728801,-0.04629434,-0.27370705
5.640000,0.13571405,-0.42117199,0.88657714,0.32041489,1.61970951,0.30277329,-0.11570824,-0.04742738,-0.07497825,0.03749775,-0.05038431,-0.11183848,-0.14284810,0.12199467,0.29054039,-0.26971228,-0.03933890,-0.27223566
5.650000,0.13454983,-0.42164011,0.88584198,0.32077634,1.61920382,0.30164132,-0.11713459,-0.04618968,-0.07204389,0.03478941,-0.05074357,-0.11455251,-0.14238513,0.12553344,0.29628033,-0.27192011,-0.03253859,-0.27053304
5.660000,0.13337138,-0.42209567,0.88513645,0.32111061,1.61869487,0.30048230,-0.11855524,-0.04491697,-0.06905365,0.03206007,-0.05103561,-0.11724839,-0.14170950,0.12899587,0.30171900,-0.27391237,-0.02589434,-0.26860444
5.670000,0.13217875,-0.42253833,0.88446109,0.32141748,1.61818332,0.29929642,-0.11996809,-0.04361003,-0.06601052,0.02931188,-0.05126198,-0.11992386,-0.14082739,0.13237841,0.30685607,-0.27568993,-0.01940707,-0.26645512
5.680000,0.13097205,-0.42296776,0.88381641,0.32169679,1.61766984,0.29808390,-0.12137112,-0.04226968,-0.06291753,0.02654698,-0.05142427,-0.12257677,-0.13974499,0.13567756,0.31169120,-0.27725365,-0.01307771,-0.26409032
5.690000,0.12975137,-0.42338362,0.88320289,0.32194837,1.61715505,0.29684497,-0.12276234,-0.04089677,-0.05977770,0.02376752,-0.05152406,-0.12520497,-0.13846851,0.13888977,0.31622408,-0.27860440,-0.00690718,-0.26151531
5.700000,0.12851685,-0.42378559,0.88262100,0.32217210,1.61663956,0.29557989,-0.12413986,-0.03949218,-0.05659406,0.02097560,-0.05156295,-0.12780639,-0.13700413,0.14201152,0.32045439,-0.27974305,-0.00089642,-0.25873533
5.710000,0.12726863,-0.42417336,0.88207115,0.32236785,1.61612399,0.29428894,-0.12550182,-0.03805685,-0.05336962,0.01817336,-0.05154253,-0.13037901,-0.13535804,0.14503928,0.32438179,-0.28067046,0.00495366,-0.25575564
5.720000,0.12600687,-0.42454663,0.88155373,0.32253554,1.61560890,0.29297241,-0.12684644,-0.03659172,-0.05010743,0.01536289,-0.05146441,-0.13292086,-0.13353645,0.14796952,0.32800597,-0.28138751,0.01064214,-0.25258150
5.730000,0.12473176,-0.42490510,0.88106912,0.32267509,1.61509488,0.29163063,-0.12817198,-0.03509780,-0.04681052,0.01254631,-0.05133023,-0.13543001,-0.13154553,0.15079871,0.33132660,-0.28189505,0.01616807,-0.24921817
5.740000,0.12344350,-0.42524849,0.88061763,0.32278645,1.61458248,0.29026393,-0.12947680,-0.03357610,-0.04348191,0.00972569,-0.05114160,-0.13790461,-0.12939149,0.15352334,0.33434336,-0.28219395,0.02153054,-0.24567088
5.750000,0.12214230,-0.42557653,0.88019957,0.32286960,1.61407223,0.28887266,-0.13075929,-0.03202769,-0.04012466,0.00690312,-0.05090016,-0.14034283,-0.12708052,0.15613985,0.33705592,-0.28228508,0.02672863,-0.24194491
5.760000,0.12082839,-0.42588896,0.87981522,0.32292451,1.61356465,0.28745720,-0.13201791,-0.03045367,-0.03674181,0.00408068,-0.05060758,-0.14274293,-0.12461880,0.15864474,0.33946395,-0.28216931,0.03176140,-0.23804549
5.770000,0.11950202,-0.42618552,0.87946481,0.32295122,1.61306024,0.28601794,-0.13325119,-0.02885518,-0.03333640,0.00126042,-0.05026549,-0.14510318,-0.12201254,0.16103447,0.34156715,-0.28184751,0.03662794,-0.23397790
5.780000,0.11816346,-0.42646599,0.87914856,0.32294974,1.61255950,0.28455527,-0.13445770,-0.02723338,-0.02991149,-0.00155559,-0.04987557,-0.14742194,-0.11926792,0.16330550,0.34336517,-0.28132053,0.04132731,-0.22974738
5.790000,0.11681296,-0.42673012,0.87886664,0.32292013,1.61206288,0.28306964,-0.13563610,-0.02558948,-0.02647012,-0.00436531,-0.04943950,-0.14969760,-0.11639114,0.16545433,0.34485770,-0.28058925,0.04585859,-0.22535918
5.800000,0.11545083,-0.42697771,0.87861920,0.32286246,1.61157085,0.28156147,-0.13678510,-0.02392471,-0.02301535,-0.00716670,-0.04895897,-0.15192862,-0.11338839,0.16747740,0.34604441,-0.27965453,0.05022085,-0.22081857
5.810000,0.11407736,-0.42720855,0.87840636,0.32277683,1.61108385,0.28003122,-0.13790347,-0.02224036,-0.01955025,-0.00995772,-0.04843565,-0.15411348,-0.11026586,0.16937121,0.34692498,-0.27851724,0.05441317,-0.21613079
5.820000,0.11269287,-0.42742245,0.87822822,0.32266334,1.61060228,0.27847936,-0.13899004,-0.02053773,-0.01607787,-0.01273637,-0.04787127,-0.15625076,-0.10702975,0.17113221,0.34749909,-0.27717824,0.05843463,-0.21130110
5.830000,0.11129767,-0.42761924,0.87808482,0.32252215,1.61012655,0.27690637,-0.14004371,-0.01881817,-0.01260129,-0.01550062,-0.04726753,-0.15833905,-0.10368625,0.17275689,0.34776640,-0.27563841,0.06228429,-0.20633476
5.840000,0.10989211,-0.42779876,0.87797620,0.32235339,1.60965705,0.27531275,-0.14106343,-0.01708306,-0.00912357,-0.01824847,-0.04662616,-0.16037702,-0.10024155,0.17424170,0.34772660,-0.27389861,0.06596123,-0.20123701
5.850000,0.10847652,-0.42796086,0.87790234,0.32215724,1.60919415,0.27369900,-0.14204822,-0.01533381,-0.00564778,-0.02097793,-0.04594889,-0.16236337,-0.09670184,0.17558313,0.34737937,-0.27195970,0.06946454,-0.19601312
5.860000,0.10705126,-0.42810540,0.87786322,0.32193390,1.60873819,0.27206566,-0.14299717,-0.01357189,-0.00217701,-0.02368700,-0.04523745,-0.16429688,-0.09307332,0.17677764,0.34672437,-0.26982255,0.07279327,-0.19066833
5.870000,0.10561670,-0.42823226,0.87785878,0.32168357,1.60828951,0.27041324,-0.14390941,-0.01179876,0.00128568,-0.02637372,-0.04449361,-0.16617635,-0.08936218,0.17782171,0.34576128,-0.26748804,0.07594650,-0.18520791
5.880000,0.10417320,-0.42834134,0.87788890,0.32140650,1.60784842,0.26874231,-0.14478416,-0.01001596,0.00473719,-0.02903611,-0.04371911,-0.16800067,-0.08557461,0.17871181,0.34448979,-0.26495701,0.07892332,-0.17963710
5.890000,0.10272114,-0.42843255,0.87795347,0.32110294,1.60741522,0.26705342,-0.14562067,-0.00822505,0.00817445,-0.03167221,-0.04291573,-0.16976874,-0.08171681,0.17944441,0.34290956,-0.26223035,0.08172279,-0.17396116
5.900000,0.10126092,-0.42850582,0.87805233,0.32077315,1.60699020,0.26534713,-0.14641828,-0.00642761,0.01159435,-0.03428007,-0.04208525,-0.17147956,-0.07779496,0.18001598,0.34102027,-0.25930892,0.08434398,-0.16818535
5.910000,0.09979291,-0.42856109,0.87818529,0.32041744,1.60657360,0.26362402,-0.14717638,-0.00462528,0.01499382,-0.03685774,-0.04122945,-0.17313214,-0.07381527,0.18042299,0.33882160,-0.25619358,0.08678598,-0.16231492
5.920000,0.09831752,-0.42859831,0.87835213,0.32003610,1.60616568,0.26188468,-0.14789441,-0.00281971,0.01836975,-0.03940330,-0.04035013,-0.17472556,-0.06978392,0.18066192,0.33631322,-0.25288521,0.08904786,-0.15635512
5.930000,0.09683516,-0.42861748,0.87855260,0.31962949,1.60576667,0.26012971,-0.14857191,-0.00101261,0.02171905,-0.04191480,-0.03944910,-0.17625896,-0.06570710,0.18072923,0.33349482,-0.24938466,0.09112869,-0.15031121
5.940000,0.09534622,-0.42861857,0.87878641,0.31919793,1.60537677,0.25835971,-0.14920843,0.00079429,0.02503861,-0.04439035,-0.03852816,-0.17773152,-0.06159102,0.18062141,0.33036605,-0.24569280,0.09302754,-0.14418844
5.950000,0.09385113,-0.42860160,0.87905326,0.31874180,1.60499617,0.25657528,-0.14980362,0.00259922,0.02832534,-0.04682803,-0.03758916,-0.17914248,-0.05744185,0.18033491,0.32692661,-0.24181051,0.09474350,-0.13799207
5.960000,0.09235029,-0.42856660,0.87935280,0.31826150,1.60462504,0.25477706,-0.15035717,0.00440038,0.03157611,-0.04922593,-0.03663391,-0.18049113,-0.05326580,0.17986622,0.32317617,-0.23773864,0.09627562,-0.13172735
5.970000,0.09084412,-0.42851361,0.87968465,0.31775742,1.60426354,0.25296567,-0.15086886,0.00619592,0.03478782,-0.05158217,-0.03566426,-0.18177682,-0.04906906,0.17921179,0.31911440,-0.23347807,0.09762300,-0.12539953
5.980000,0.08933305,-0.42844270,0.88004841,0.31723000,1.60391180,0.25114174,-0.15133851,0.00798398,0.03795736,-0.05389486,-0.03468207,-0.18299893,-0.04485782,0.17836812,0.31474098,-0.22902966,0.09878470,-0.11901388
5.990000,0.08781749,-0.42835396,0.88044365,0.31667968,1.60356993,0.24930591,-0.15176599,0.00976264,0.04108160,-0.05616214,-0.03368919,-0.18415692,-0.04063827,0.17733165,0.31005558,-0.22439428,0.09975979,-0.11257564
6.000000,0.08629787,-0.42824749,0.88086988,0.31610692,1.60323804,0.24745882,-0.15215126,0.01152996,0.04415743,-0.05838213,-0.03268749,-0.18525029,-0.03641661,0.17609888,0.30505789,-0.21957279,0.10054736,-0.10609007
6.010000,0.08477461,-0.42812340,0.88132662,0.31551220,1.60291621,0.24560112,-0.15249434,0.01328396,0.04718172,-0.06055298,-0.03167887,-0.18627858,-0.03219902,0.17466627,0.29974757,-0.21456606,0.10114648,-0.09956242
6.020000,0.08324813,-0.42798186,0.88181334,0.31489603,1.60260448,0.24373346,-0.15279528,0.01502261,0.05015134,-0.06267284,-0.03066520,-0.18724141,-0.02799171,0.17303029,0.29412431,-0.20937495,0.10155621,-0.09299795
6.030000,0.08171884,-0.42782301,0.88232946,0.31425892,1.60230291,0.24185651,-0.15305423,0.01674387,0.05306316,-0.06473986,-0.02964838,-0.18813843,-0.02380086,0.17118741,0.28818777,-0.20400034,0.10177564,-0.08640191
6.040000,0.08018718,-0.42764705,0.88287440,0.31360141,1.60201152,0.23997092,-0.15327137,0.01844566,0.05591405,-0.06675223,-0.02863032,-0.18896936,-0.01963266,0.16913410,0.28193764,-0.19844309,0.10180384,-0.07977956
6.050000,0.07865355,-0.42745417,0.88344753,0.31292406,1.60173030,0.23807734,-0.15344698,0.02012584,0.05870086,-0.06870812,-0.02761294,-0.18973396,-0.01549332,0.16686684,0.27537359,-0.19270407,0.10163988,-0.07313614
6.060000,0.07711838,-0.42724461,0.88404819,0.31222744,1.60145925,0.23617646,-0.15358136,0.02178227,0.06142047,-0.07060571,-0.02659817,-0.19043203,-0.01138901,0.16438210,0.26849529,-0.18678414,0.10128284,-0.06647693
6.070000,0.07558206,-0.42701861,0.88467570,0.31151215,1.60119833,0.23426892,-0.15367489,0.02341275,0.06406972,-0.07244320,-0.02558793,-0.19106346,-0.00732595,0.16167635,0.26130243,-0.18068417,0.10073180,-0.05980716
6.080000,0.07404501,-0.42677645,0.88532934,0.31077879,1.60094747,0.23235541,-0.15372803,0.02501505,0.06664547,-0.07421880,-0.02458418,-0.19162816,-0.00331030,0.15874606,0.25379467,-0.17440503,0.09998582,-0.05313210
6.090000,0.07250764,-0.42651841,0.88600835,0.31002799,1.60070661,0.23043658,-0.15374128,0.02658691,0.06914456,-0.07593071,-0.02358887,-0.19212610,0.00065172,0.15558771,0.24597170,-0.16794758,0.09904398,-0.04645699
6.100000,0.07097032,-0.42624482,0.88671196,0.30926039,1.60047566,0.22851311,-0.15371520,0.02812603,0.07156385,-0.07757716,-0.02260396,-0.19255731,0.00455392,0.15219775,0.23783320,-0.16131268,0.09790535,-0.03978710
6.110000,0.06943346,-0.42595601,0.88743936,0.30847667,1.60025449,0.22658566,-0.15365042,0.02963008,0.07390018,-0.07915637,-0.02163142,-0.19292188,0.00839012,0.14857268,0.22937882,-0.15450122,0.09656902,-0.03312767
6.120000,0.06789744,-0.42565234,0.88818968,0.30767749,1.60004298,0.22465490,-0.15354764,0.03109669,0.07615038,-0.08066660,-0.02067324,-0.19321992,0.01215413,0.14470895,0.22060826,-0.14751404,0.09503405,-0.02648397
6.130000,0.06636263,-0.42533421,0.88896207,0.30686357,1.59984097,0.22272148,-0.15340760,0.03252345,0.07831129,-0.08210607,-0.01973140,-0.19345163,0.01583974,0.14060304,0.21152119,-0.14035203,0.09329952,-0.01986124
6.140000,0.06482941,-0.42500201,0.88975560,0.30603561,1.59964829,0.22078608,-0.15323112,0.03390793,0.08037974,-0.08347306,-0.01880792,-0.19361723,0.01944077,0.13625142,0.20211728,-0.13301604,0.09136450,-0.01326474
6.150000,0.06329813,-0.42465620,0.89056934,0.30519436,1.59946475,0.21884936,-0.15301909,0.03524765,0.08235257,-0.08476582,-0.01790479,-0.19371703,0.02295102,0.13165057,0.19239621,-0.12550694,0.08922807,-0.00669973
6.160000,0.06176914,-0.42429722,0.89140232,0.30434055,1.59929012,0.21691196,-0.15277243,0.03654010,0.08422661,-0.08598262,-0.01702403,-0.19375135,0.02636430,0.12679695,0.18235765,-0.11782560,0.08688930,-0.00017146
6.170000,0.06024279,-0.42392556,0.89225353,0.30347496,1.59912419,0.21497455,-0.15249214,0.03778273,0.08599867,-0.08712176,-0.01616768,-0.19372060,0.02967442,0.12168703,0.17200129,-0.10997289,0.08434727,0.00631483
6.180000,0.05871941,-0.42354174,0.89312194,0.30259838,1.59896668,0.21303776,-0.15217930,0.03897297,0.08766557,-0.08818151,-0.01533777,-0.19362521,0.03287518,0.11631730,0.16132680,-0.10194967,0.08160104,0.01275386
6.190000,0.05719931,-0.42314629,0.89400648,0.30171160,1.59881734,0.21110226,-0.15183502,0.04010820,0.08922414,-0.08916019,-0.01453634,-0.19346569,0.03596040,0.11068421,0.15033385,-0.09375680,0.07864971,0.01914039
6.200000,0.05568281,-0.42273977,0.89490605,0.30081545,1.59867585,0.20916866,-0.15146050,0.04118577,0.09067119,-0.09005609,-0.01376546,-0.19324260,0.03892387,0.10478424,0.13902212,-0.08539517,0.07549233,0.02546917
6.210000,0.05417020,-0.42232277,0.89581953,0.29991076,1.59854192,0.20723762,-0.15105697,0.04220298,0.09200352,-0.09086753,-0.01302718,-0.19295652,0.04175942,0.09861387,0.12739128,-0.07686562,0.07212798,0.03173493
6.220000,0.05266176,-0.42189592,0.89674573,0.29899839,1.59841519,0.20530974,-0.15062576,0.04315713,0.09321795,-0.09159284,-0.01232359,-0.19260812,0.04446083,0.09216956,0.11544101,-0.06816903,0.06855575,0.03793243
6.230000,0.05115777,-0.42145985,0.89768348,0.29807920,1.59829532,0.20338566,-0.15016822,0.04404545,0.09431128,-0.09223036,-0.01165676,-0.19219812,0.04702193,0.08544778,0.10317100,-0.05930627,0.06477469,0.04405641
6.240000,0.04965848,-0.42101524,0.89863154,0.29715408,1.59818193,0.20146598,-0.14968581,0.04486515,0.09528030,-0.09277842,-0.01102880,-0.19172726,0.04943652,0.07844502,0.09058090,-0.05027819,0.06078389,0.05010161
6.250000,0.04816413,-0.42056278,0.89958866,0.29622393,1.59807461,0.19955131,-0.14918000,0.04561340,0.09612183,-0.09323537,-0.01044179,-0.19119636,0.05169840,0.07115773,0.07767041,-0.04108568,0.05658243,0.05606279
6.260000,0.04667495,-0.42010322,0.90055354,0.29528968,1.59797295,0.19764225,-0.14865237,0.04628735,0.09683265,-0.09359959,-0.00989785,-0.19060630,0.05380303,0.06358567,0.06444290,-0.03173168,0.05217131,0.06193518
6.270000,0.04519115,-0.41963729,0.90152487,0.29435226,1.59787650,0.19573938,-0.14810446,0.04688421,0.09740969,-0.09386950,-0.00939903,-0.18995797,0.05575250,0.05574171,0.05091662,-0.02222753,0.04755932,0.06771600
6.280000,0.04371293,-0.41916580,0.90250128,0.29341261,1.59778481,0.19384328,-0.14753782,0.04740133,0.09785006,-0.09404368,-0.00894730,-0.18925229,0.05755051,0.04764198,0.03711351,-0.01258665,0.04275718,0.07340299
6.290000,0.04224045,-0.41868954,0.90348141,0.29247171,1.59769739,0.19195452,-0.14695394,0.04783625,0.09815111,-0.09412083,-0.00854449,-0.18849023,0.05920080,0.03930263,0.02305553,-0.00282246,0.03777562,0.07899384
6.300000,0.04077390,-0.41820935,0.90446383,0.29153052,1.59761375,0.19007366,-0.14635428,0.04818664,0.09831039,-0.09409977,-0.00819235,-0.18767274,0.06070709,0.03073980,0.00876463,0.00705161,0.03262536,0.08448629
6.310000,0.03931341,-0.41772610,0.90544713,0.29059004,1.59753337,0.18820125,-0.14574027,0.04845036,0.09832570,-0.09397947,-0.00789251,-0.18680084,0.06207310,0.02196963,-0.00573725,0.01702215,0.02731713,0.08987806
6.320000,0.03785914,-0.41724064,0.90642986,0.28965127,1.59745572,0.18633782,-0.14511328,0.04862540,0.09819502,-0.09375905,-0.00764649,-0.18587553,0.06330256,0.01300827,-0.02042815,0.02707571,0.02186165,0.09516686
6.330000,0.03641119,-0.41675389,0.90741054,0.28871520,1.59738026,0.18448391,-0.14447466,0.04870994,0.09791658,-0.09343773,-0.00745573,-0.18489785,0.06439919,0.00387186,-0.03528612,0.03719890,0.01626964,0.10035041
6.340000,0.03496968,-0.41626675,0.90838769,0.28778285,1.59730642,0.18264004,-0.14382572,0.04870230,0.09748881,-0.09301488,-0.00732152,-0.18386888,0.06536671,-0.00542346,-0.05028921,0.04737827,0.01055184,0.10542643
6.350000,0.03353470,-0.41578016,0.90935982,0.28685524,1.59723364,0.18080670,-0.14316774,0.04860099,0.09691038,-0.09249002,-0.00724508,-0.18278969,0.06620885,-0.01486154,-0.06541547,0.05760042,0.00471895,0.11039265
6.360000,0.03210635,-0.41529505,0.91032539,0.28593339,1.59716132,0.17898441,-0.14250195,0.04840465,0.09618017,-0.09186278,-0.00722749,-0.18166140,0.06692933,-0.02442625,-0.08064296,0.06785191,-0.00121829,0.11524677
6.370000,0.03068469,-0.41481238,0.91128291,0.28501833,1.59708889,0.17717364,-0.14182955,0.04811210,0.09529726,-0.09113293,-0.00726975,-0.18048513,0.06753189,-0.03410144,-0.09594971,0.07811932,-0.00724916,0.11998653
6.380000,0.02926978,-0.41433313,0.91223083,0.28411107,1.59701572,0.17537486,-0.14115170,0.04772231,0.09426098,-0.09030038,-0.00737275,-0.17926205,0.06802023,-0.04387097,-0.11131379,0.08838923,-0.01336294,0.12460963
6.390000,0.02786167,-0.41385826,0.91316762,0.28321266,1.59694123,0.17358855,-0.14046951,0.04723442,0.09307087,-0.08936518,-0.00753725,-0.17799334,0.06839808,-0.05371869,-0.12671323,0.09864822,-0.01954889,0.12911380
6.400000,0.02646040,-0.41338877,0.91409173,0.28232411,1.59686477,0.17181514,-0.13978409,0.04664773,0.09172667,-0.08832750,-0.00776393,-0.17668018,0.06866918,-0.06362847,-0.14212610,0.10888286,-0.02579630,0.13349676
6.410000,0.02506599,-0.41292564,0.91500164,0.28144645,1.59678574,0.17005509,-0.13909647,0.04596170,0.09022837,-0.08718765,-0.00805335,-0.17532381,0.06883723,-0.07358416,-0.15753043,0.11907973,-0.03209445,0.13775623
6.420000,0.02367847,-0.41246987,0.91589579,0.28058070,1.59670349,0.16830881,-0.13840768,0.04517595,0.08857616,-0.08594607,-0.00840595,-0.17392548,0.06890597,-0.08356961,-0.17290428,0.12922540,-0.03843261,0.14188992
6.430000,0.02229784,-0.41202246,0.91677265,0.27972787,1.59661741,0.16657671,-0.13771867,0.04429026,0.08677046,-0.08460335,-0.00882210,-0.17248644,0.06887913,-0.09356869,-0.18822570,0.13930646,-0.04480005,0.14589556
6.440000,0.02092410,-0.41158440,0.91763069,0.27888897,1.59652684,0.16485921,-0.13703040,0.04330458,0.08481190,-0.08316020,-0.00930202,-0.17100800,0.06876042,-0.10356526,-0.20347273,0.14930949,-0.05118605,0.14977087
6.450000,0.01955723,-0.41115670,0.91846838,0.27806499,1.59643115,0.16315668,-0.13634376,0.04221902,0.08270133,-0.08161747,-0.00984584,-0.16949147,0.06855356,-0.11354316,-0.21862344,0.15922105,-0.05757988,0.15351356
6.460000,0.01819721,-0.41074035,0.91928421,0.27725695,1.59632971,0.16146950,-0.13565961,0.04103383,0.08043982,-0.07997613,-0.01045360,-0.16793818,0.06826229,-0.12348626,-0.23365585,0.16902772,-0.06397083,0.15712135
6.470000,0.01684402,-0.41033635,0.92007668,0.27646580,1.59622187,0.15979803,-0.13497878,0.03974946,0.07802868,-0.07823731,-0.01112522,-0.16634950,0.06789032,-0.13337842,-0.24854804,0.17871609,-0.07034817,0.16059197
6.480000,0.01549762,-0.40994569,0.92084429,0.27569252,1.59610699,0.15814263,-0.13430206,0.03836649,0.07546940,-0.07640225,-0.01186049,-0.16472680,0.06744139,-0.14320349,-0.26327804,0.18827272,-0.07670118,0.16392313
6.490000,0.01415797,-0.40956935,0.92158558,0.27493807,1.59598445,0.15650361,-0.13363020,0.03688567,0.07276373,-0.07447234,-0.01265912,-0.16307151,0.06691920,-0.15294533,-0.27782391,0.19768420,-0.08301912,0.16711255
6.500000,0.01282500,-0.40920830,0.92229908,0.27420338,1.59585360,0.15488130,-0.13296391,0.03530791,0.06991361,-0.07244910,-0.01352072,-0.16138503,0.06632750,-0.16258779,-0.29216369,0.20693711,-0.08929128,0.17015795
6.510000,0.01149867,-0.40886351,0.92298337,0.27348939,1.59571383,0.15327601,-0.13230387,0.03363430,0.06692122,-0.07033417,-0.01444476,-0.15966884,0.06567000,-0.17211474,-0.30627544,0.21601801,-0.09550693,0.17305706
6.520000,0.01017890,-0.40853593,0.92363704,0.27279700,1.59556450,0.15168802,-0.13165071,0.03186606,0.06378894,-0.06812935,-0.01543063,-0.15792439,0.06495042,-0.18151004,-0.32013720,0.22491349,-0.10165535,0.17580758
6.530000,0.00886563,-0.40822650,0.92425870,0.27212710,1.59540501,0.15011761,-0.13100505,0.03000459,0.06051938,-0.06583656,-0.01647761,-0.15615319,0.06417250,-0.19075753,-0.33372702,0.23361012,-0.10772581,0.17840724
6.540000,0.00755877,-0.40793614,0.92484698,0.27148056,1.59523475,0.14856504,-0.13036745,0.02805145,0.05711538,-0.06345786,-0.01758485,-0.15435675,0.06333995,-0.19984108,-0.34702296,0.24209449,-0.11370759,0.18085376
6.550000,0.00625825,-0.40766577,0.92540057,0.27085822,1.59505311,0.14703055,-0.12973842,0.02600837,0.05357997,-0.06099543,-0.01875143,-0.15253663,0.06245649,-0.20874454,-0.36000306,0.25035316,-0.11958997,0.18314486
6.560000,0.00496397,-0.40741627,0.92591815,0.27026092,1.59485952,0.14551438,-0.12911847,0.02387722,0.04991644,-0.05845159,-0.01997628,-0.15069438,0.06152586,-0.21745178,-0.37264537,0.25837272,-0.12536222,0.18527826
6.570000,0.00367585,-0.40718851,0.92639848,0.26968945,1.59465340,0.14401673,-0.12850805,0.02166004,0.04612827,-0.05582881,-0.02125827,-0.14883160,0.06055177,-0.22594665,-0.38492794,0.26613973,-0.13101362,0.18725167
6.580000,0.00239378,-0.40698335,0.92684032,0.26914460,1.59443417,0.14253781,-0.12790757,0.01935905,0.04221915,-0.05312968,-0.02259612,-0.14694989,0.05953796,-0.23421300,-0.39682883,0.27364079,-0.13653344,0.18906282
6.590000,0.00111766,-0.40680160,0.92724247,0.26862710,1.59420129,0.14107779,-0.12731741,0.01697660,0.03819303,-0.05035693,-0.02398846,-0.14505089,0.05848814,-0.24223470,-0.40832608,0.28086246,-0.14191096,0.19070943
6.600000,-0.00015260,-0.40664408,0.92760380,0.26813769,1.59395423,0.13963684,-0.12673792,0.01451522,0.03405405,-0.04751341,-0.02543383,-0.14313626,0.05740603,-0.24999559,-0.41939773,0.28779132,-0.14713545,0.19218921
6.610000,-0.00141713,-0.40651155,0.92792319,0.26767706,1.59369245,0.13821511,-0.12616939,0.01197761,0.02980657,-0.04460212,-0.02693063,-0.14120767,0.05629537,-0.25747955,-0.43002185,0.29441396,-0.15219620,0.19349988
6.620000,-0.00267603,-0.40640477,0.92819958,0.26724587,1.59341545,0.13681273,-0.12561209,0.00936661,0.02545518,-0.04162620,-0.02847717,-0.13926683,0.05515987,-0.26467043,-0.44017648,0.30071693,-0.15708247,0.19463916
6.630000,-0.00392941,-0.40632445,0.92843196,0.26684474,1.59312274,0.13542981,-0.12506626,0.00668523,0.02100468,-0.03858890,-0.03007166,-0.13731546,0.05400326,-0.27155207,-0.44983967,0.30668684,-0.16178355,0.19560478
6.640000,-0.00517739,-0.40627129,0.92861936,0.26647428,1.59281386,0.13406645,-0.12453208,0.00393665,0.01646010,-0.03549362,-0.03171219,-0.13535532,0.05282927,-0.27810835,-0.45898946,0.31231024,-0.16628870,0.19639445
6.650000,-0.00642009,-0.40624593,0.92876087,0.26613505,1.59248835,0.13272273,-0.12400972,0.00112420,0.01182668,-0.03234389,-0.03339674,-0.13338817,0.05164161,-0.28432312,-0.46760392,0.31757372,-0.17058721,0.19700590
6.660000,-0.00765763,-0.40624901,0.92885562,0.26582757,1.59214579,0.13139870,-0.12349928,-0.00174862,0.00710988,-0.02914339,-0.03512321,-0.13141580,0.05044402,-0.29018023,-0.47566108,0.32246385,-0.17466835,0.19743683
6.670000,-0.00889012,-0.40628110,0.92890281,0.26555234,1.59178576,0.13009442,-0.12300086,-0.00467816,0.00231538,-0.02589590,-0.03688935,-0.12944004,0.04924021,-0.29566355,-0.48313900,0.32696721,-0.17852140,0.19768497
6.680000,-0.01011769,-0.40634275,0.92890169,0.26530980,1.59140788,0.12880991,-0.12251449,-0.00766059,-0.00255090,-0.02260538,-0.03869284,-0.12746272,0.04803391,-0.30075693,-0.49001573,0.33107038,-0.18213563,0.19774804
6.690000,-0.01134045,-0.40643447,0.92885157,0.26510036,1.59101178,0.12754517,-0.12204018,-0.01069194,-0.00748285,-0.01927587,-0.04053123,-0.12548571,0.04682884,-0.30544423,-0.49626932,0.33475994,-0.18550031,0.19762376
6.700000,-0.01255853,-0.40655674,0.92875183,0.26492440,1.59059714,0.12630019,-0.12157790,-0.01376807,-0.01247414,-0.01591160,-0.04240198,-0.12351088,0.04562873,-0.30970930,-0.50187781,0.33802246,-0.18860473,0.19730985
6.710000,-0.01377205,-0.40670997,0.92860191,0.26478223,1.59016364,0.12507494,-0.12112757,-0.01688467,-0.01751819,-0.01251689,-0.04430242,-0.12154015,0.04443731,-0.31353601,-0.50681926,0.34084452,-0.19143816,0.19680403
6.720000,-0.01498112,-0.40689455,0.92840132,0.26467415,1.58971100,0.12386936,-0.12068911,-0.02003727,-0.02260822,-0.00909622,-0.04622980,-0.11957545,0.04325828,-0.31690820,-0.51107171,0.34321269,-0.19398988,0.19610401
6.730000,-0.01618587,-0.40711082,0.92814962,0.26460038,1.58923897,0.12268340,-0.12026235,-0.02322126,-0.02773725,-0.00565420,-0.04818125,-0.11761872,0.04209539,-0.31980975,-0.51461322,0.34511355,-0.19624916,0.19520752
6.740000,-0.01738641,-0.40735906,0.92784647,0.26456112,1.58874731,0.12151696,-0.11984713,-0.02643185,-0.03289805,-0.00219555,-0.05015377,-0.11567196,0.04095235,-0.32222450,-0.51742184,0.34653369,-0.19820527,0.19411227
6.750000,-0.01858285,-0.40763953,0.92749158,0.26455651,1.58823583,0.12036992,-0.11944323,-0.02966408,-0.03808317,0.00127483,-0.05214430,-0.11373715,0.03983289,-0.32413631,-0.51947561,0.34745967,-0.19984750,0.19281599
6.760000,-0.01977531,-0.40795240,0.92708475,0.26458664,1.58770437,0.11924217,-0.11905039,-0.03291284,-0.04328497,0.00475195,-0.05414964,-0.11181632,0.03874073,-0.32552904,-0.52075258,0.34787807,-0.20116512,0.19131640
6.770000,-0.02096389,-0.40829782,0.92662585,0.26465155,1.58715280,0.11813354,-0.11866831,-0.03617287,-0.04849556,0.00823066,-0.05616649,-0.10991151,0.03767959,-0.32638656,-0.52123081,0.34777548,-0.20214741,0.18961120
6.780000,-0.02214871,-0.40867588,0.92611483,0.26475124,1.58658102,0.11704388,-0.11829668,-0.03943874,-0.05370685,0.01170568,-0.05819144,-0.10802478,0.03665320,-0.32669270,-0.52088834,0.34713846,-0.20278363,0.18769813
6.790000,-0.02332986,-0.40908660,0.92555174,0.26488563,1.58598896,0.11597298,-0.11793512,-0.04270484,-0.05891052,0.01517160,-0.06022097,-0.10615824,0.03566529,-0.32643134,-0.51970322,0.34595360,-0.20306308,0.18557490
6.800000,-0.02450744,-0.40952995,0.92493668,0.26505462,1.58537659,0.11492064,-0.11758323,-0.04596542,-0.06409803,0.01862288,-0.06225147,-0.10431399,0.03471957,-0.32558633,-0.51765350,0.34420747,-0.20297501,0.18323923
6.810000,-0.02568155,-0.41000587,0.92426986,0.26525802,1.58474394,0.11388662,-0.11724057,-0.04921456,-0.06926063,0.02205383,-0.06427921,-0.10249417,0.03381978,-0.32414153,-0.51471724,0.34188664,-0.20250872,0.18068885
6.820000,-0.02685228,-0.41051419,0.92355158,0.26549561,1.58409103,0.11287067,-0.11690667,-0.05244619,-0.07438935,0.02545865,-0.06630035,-0.10070094,0.03296963,-0.32208079,-0.51087248,0.33897771,-0.20165347,0.17792146
6.830000,-0.02801972,-0.41105471,0.92278222,0.26576709,1.58341797,0.11187250,-0.11658100,-0.05565407,-0.07947498,0.02883138,-0.06831095,-0.09893648,0.03217285,-0.31938797,-0.50609727,0.33546723,-0.20039854,0.17493479
6.840000,-0.02918393,-0.41162717,0.92196225,0.26607211,1.58272486,0.11089183,-0.11626302,-0.05883179,-0.08450812,0.03216594,-0.07030695,-0.09720298,0.03143316,-0.31604694,-0.50036966,0.33134179,-0.19873321,0.17172656
6.850000,-0.03034500,-0.41223122,0.92109226,0.26641026,1.58201189,0.10992833,-0.11595214,-0.06197280,-0.08947913,0.03545612,-0.07228421,-0.09550269,0.03075429,-0.31204154,-0.49366770,0.32658797,-0.19664675,0.16829449
6.860000,-0.03150299,-0.41286648,0.92017291,0.26678106,1.58127925,0.10898166,-0.11564772,-0.06507036,-0.09437815,0.03869556,-0.07423845,-0.09383785,0.03013995,-0.30735563,-0.48596944,0.32119234,-0.19412843,0.16463630
6.870000,-0.03265797,-0.41353246,0.91920497,0.26718398,1.58052721,0.10805145,-0.11534911,-0.06811759,-0.09919512,0.04187778,-0.07616530,-0.09221073,0.02959389,-0.30197308,-0.47725293,0.31514149,-0.19116755,0.16074970
6.880000,-0.03380999,-0.41422864,0.91818931,0.26761841,1.57975605,0.10713731,-0.11505560,-0.07110744,-0.10391974,0.04499617,-0.07806029,-0.09062362,0.02911966,-0.29587859,-0.46749743,0.30842274,-0.18775391,0.15663264
6.890000,-0.03495910,-0.41495440,0.91712692,0.26808367,1.57896613,0.10623884,-0.11476648,-0.07403280,-0.10854163,0.04804403,-0.07991888,-0.08907883,0.02871733,-0.28907652,-0.45670997,0.30104111,-0.18389009,0.15228809
6.900000,-0.03610533,-0.41570906,0.91601886,0.26857903,1.57815781,0.10535559,-0.11448103,-0.07688669,-0.11305062,0.05101485,-0.08173664,-0.08757859,0.02838348,-0.28159088,-0.44492535,0.29301924,-0.17959138,0.14772405
6.910000,-0.03724873,-0.41649187,0.91486631,0.26910369,1.57733154,0.10448711,-0.11419859,-0.07966242,-0.11743693,0.05390236,-0.08350931,-0.08612506,0.02811451,-0.27344652,-0.43217961,0.28438055,-0.17487361,0.14294876
6.920000,-0.03838931,-0.41730202,0.91367056,0.26965678,1.57648779,0.10363292,-0.11391854,-0.08235351,-0.12169113,0.05670049,-0.08523277,-0.08472029,0.02790684,-0.26466830,-0.41850875,0.27514845,-0.16975262,0.13797044
6.930000,-0.03952711,-0.41813864,0.91243296,0.27023738,1.57562707,0.10279253,-0.11364026,-0.08495376,-0.12580414,0.05940343,-0.08690307,-0.08336630,0.02775688,-0.25528108,-0.40394880,0.26534637,-0.16424427,0.13279733
6.940000,-0.04066212,-0.41900078,0.91115498,0.27084451,1.57474992,0.10196542,-0.11336322,-0.08745719,-0.12976726,0.06200559,-0.08851642,-0.08206497,0.02766104,-0.24530971,-0.38853577,0.25499771,-0.15836440,0.12743764
6.950000,-0.04179437,-0.41988744,0.90983815,0.27147714,1.57385694,0.10115105,-0.11308687,-0.08985809,-0.13357213,0.06450164,-0.09006917,-0.08081814,0.02761574,-0.23477906,-0.37230568,0.24412590,-0.15212884,0.12189961
6.960000,-0.04292386,-0.42079758,0.90848409,0.27213417,1.57294875,0.10034887,-0.11281075,-0.09215099,-0.13721077,0.06688644,-0.09155786,-0.07962754,0.02761738,-0.22371398,-0.35529455,0.23275436,-0.14555345,0.11619146
6.970000,-0.04405059,-0.42173008,0.90709451,0.27281448,1.57202601,0.09955831,-0.11253438,-0.09433067,-0.14067554,0.06915514,-0.09297916,-0.07849485,0.02766240,-0.21213932,-0.33753840,0.22090649,-0.13865406,0.11032143
6.980000,-0.04517455,-0.42268380,0.90567118,0.27351687,1.57108940,0.09877878,-0.11225737,-0.09639216,-0.14395918,0.07130306,-0.09432992,-0.07742163,0.02774719,-0.20007995,-0.31907324,0.20860573,-0.13144652,0.10429774
6.990000,-0.04629573,-0.42365752,0.90421595,0.27424013,1.57013965,0.09800967,-0.11197932,-0.09833073,-0.14705476,0.07332582,-0.09560712,-0.07640938,0.02786817,-0.18756073,-0.29993509,0.19587548,-0.12394667,0.09812861
7.000000,-0.04741413,-0.42464999,0.90273074,0.27498296,1.56917751,0.09725038,-0.11169989,-0.10014192,-0.14995575,0.07521922,-0.09680793,-0.07545951,0.02802175,-0.17460651,-0.28015997,0.18273916,-0.11617035,0.09182228
7.010000,-0.04852972,-0.42565992,0.90121751,0.27574407,1.56820376,0.09650027,-0.11141879,-0.10182150,-0.15265596,0.07697933,-0.09792966,-0.07457336,0.02820435,-0.16124215,-0.25978390,0.16922019,-0.10813341,0.08538698
7.020000,-0.04964250,-0.42668597,0.89967830,0.27652209,1.56721919,0.09575870,-0.11113572,-0.10336548,-0.15514955,0.07860243,-0.09896978,-0.07375218,0.02841238,-0.14749250,-0.23884290,0.15534198,-0.09985169,0.07883092
7.030000,-0.05075243,-0.42772676,0.89811522,0.27731565,1.56622464,0.09502501,-0.11085047,-0.10477014,-0.15743105,0.08008505,-0.09992593,-0.07299712,0.02864225,-0.13338243,-0.21737297,0.14112797,-0.09134103,0.07216235
7.040000,-0.05185950,-0.42878089,0.89653041,0.27812331,1.56522096,0.09429853,-0.11056282,-0.10603201,-0.15949537,0.08142395,-0.10079589,-0.07230928,0.02889038,-0.11893680,-0.19541016,0.12660155,-0.08261728,0.06538949
7.050000,-0.05296368,-0.42984691,0.89492606,0.27894364,1.56420902,0.09357859,-0.11027261,-0.10714784,-0.16133773,0.08261611,-0.10157762,-0.07168965,0.02915318,-0.10418045,-0.17299046,0.11178614,-0.07369628,0.05852056
7.060000,-0.05406494,-0.43092335,0.89330441,0.27977514,1.56318971,0.09286451,-0.10997972,-0.10811467,-0.16295377,0.08365878,-0.10226921,-0.07113916,0.02942706,-0.08913825,-0.15014990,0.09670518,-0.06459387,0.05156379
7.070000,-0.05516326,-0.43200870,0.89166775,0.28061630,1.56216394,0.09215558,-0.10968404,-0.10892974,-0.16433945,0.08454941,-0.10286894,-0.07065864,0.02970844,-0.07383506,-0.12692449,0.08138206,-0.05532590,0.04452741
7.080000,-0.05625861,-0.43310143,0.89001840,0.28146561,1.56113264,0.09145110,-0.10938553,-0.10959058,-0.16549110,0.08528570,-0.10337523,-0.07024885,0.02999372,-0.05829573,-0.10335026,0.06584022,-0.04590821,0.03741965
7.090000,-0.05735097,-0.43419999,0.88835872,0.28232150,1.56009675,0.09075036,-0.10908417,-0.11009495,-0.16640541,0.08586556,-0.10378666,-0.06991046,0.03027933,-0.04254512,-0.07946322,0.05010306,-0.03635664,0.03024874
7.100000,-0.05844029,-0.43530280,0.88669109,0.28318239,1.55905723,0.09005265,-0.10877996,-0.11044086,-0.16707944,0.08628718,-0.10410197,-0.06964406,0.03056168,-0.02660809,-0.05529939,0.03419400,-0.02668703,0.02302291
7.110000,-0.05952656,-0.43640827,0.88501794,0.28404671,1.55801504,0.08935724,-0.10847296,-0.11062657,-0.16751060,0.08654895,-0.10432006,-0.06945015,0.03083717,-0.01050950,-0.03089478,0.01813646,-0.01691523,0.01575038
7.120000,-0.06060974,-0.43751480,0.88334170,0.28491283,1.55697116,0.08866340,-0.10816325,-0.11065060,-0.16769665,0.08664950,-0.10443999,-0.06932918,0.03110223,0.00572580,-0.00628542,0.00195386,-0.00705709,0.00843937
7.130000,-0.06168981,-0.43862074,0.88166483,0.28577916,1.55592657,0.08797041,-0.10785096,-0.11051168,-0.16763574,0.08658769,-0.10446097,-0.06928147,0.03135326,0.02207295,0.01849267,-0.01433038,0.00287157,0.00109813
7.140000,-0.06276675,-0.43972448,0.87998981,0.28664404,1.55488227,0.08727753,-0.10753624,-0.11020885,-0.16732636,0.08636263,-0.10438237,-0.06930729,0.03158669,0.03850708,0.04340349,-0.03069285,0.01285488,-0.00626513
7.150000,-0.06384053,-0.44082437,0.87831913,0.28750586,1.55383925,0.08658402,-0.10721930,-0.10974134,-0.16676735,0.08597365,-0.10420374,-0.06940682,0.03179891,0.05500335,0.06841100,-0.04711014,0.02287701,-0.01364218
7.160000,-0.06491113,-0.44191876,0.87665530,0.28836297,1.55279853,0.08588915,-0.10690035,-0.10910866,-0.16595793,0.08542032,-0.10392476,-0.06958015,0.03198635,0.07153689,0.09347920,-0.06355882,0.03292212,-0.02102478
7.170000,-0.06597853,-0.44300599,0.87500081,0.28921372,1.55176109,0.08519217,-0.10657966,-0.10831056,-0.16489768,0.08470245,-0.10354527,-0.06982730,0.03214542,0.08808285,0.11857207,-0.08001547,0.04297437,-0.02840471
7.180000,-0.06704272,-0.44408442,0.87335818,0.29005647,1.55072796,0.08449236,-0.10625755,-0.10734704,-0.16358653,0.08382006,-0.10306530,-0.07014821,0.03227253,0.10461638,0.14365358,-0.09645669,0.05301790,-0.03577375
7.190000,-0.06810368,-0.44515238,0.87172992,0.29088957,1.54970012,0.08378896,-0.10593433,-0.10621835,-0.16202477,0.08277344,-0.10248500,-0.07054271,0.03236410,0.12111260,0.16868772,-0.11285905,0.06303688,-0.04312366
7.200000,-0.06916140,-0.44620824,0.87011852,0.29171139,1.54867859,0.08308126,-0.10561039,-0.10492499,-0.16021306,0.08156309,-0.10180469,-0.07101059,0.03241653,0.13754666,0.19363847,-0.12919913,0.07301547,-0.05044622
7.210000,-0.07021588,-0.44725034,0.86852648,0.29252029,1.54766436,0.08236851,-0.10528614,-0.10346771,-0.15815240,0.08018974,-0.10102487,-0.07155152,0.03242625,0.15389371,0.21846981,-0.14545352,0.08293781,-0.05773319
7.220000,-0.07126712,-0.44827705,0.86695630,0.29331465,1.54665842,0.08164998,-0.10496202,-0.10184749,-0.15584418,0.07865438,-0.10014618,-0.07216511,0.03238966,0.17012889,0.24314573,-0.16159881,0.09278808,-0.06497636
7.230000,-0.07231513,-0.44928675,0.86541042,0.29409284,1.54566176,0.08092496,-0.10463852,-0.10006559,-0.15329012,0.07695821,-0.09916941,-0.07285087,0.03230319,0.18622735,0.26763021,-0.17761157,0.10255041,-0.07216749
7.240000,-0.07335990,-0.45027783,0.86389131,0.29485328,1.54467536,0.08019273,-0.10431614,-0.09812349,-0.15049233,0.07510267,-0.09809552,-0.07360826,0.03216323,0.20216421,0.29188723,-0.19346838,0.11220898,-0.07929835
7.250000,-0.07440145,-0.45124869,0.86240138,0.29559437,1.54370017,0.07945256,-0.10399544,-0.09602293,-0.14745326,0.07308944,-0.09692563,-0.07443661,0.03196621,0.21791463,0.31588077,-0.20914584,0.12174794,-0.08636073
7.260000,-0.07543982,-0.45219776,0.86094304,0.29631455,1.54273716,0.07870376,-0.10367702,-0.09376590,-0.14417571,0.07092043,-0.09566101,-0.07533522,0.03170853,0.23345375,0.33957481,-0.22462052,0.13115144,-0.09334638
7.270000,-0.07647500,-0.45312349,0.85951865,0.29701227,1.54178726,0.07794563,-0.10336148,-0.09135464,-0.14066288,0.06859778,-0.09430310,-0.07630326,0.03138662,0.24875671,0.36293334,-0.23986900,0.14040365,-0.10024709
7.280000,-0.07750706,-0.45402435,0.85813055,0.29768600,1.54085141,0.07717747,-0.10304951,-0.08879163,-0.13691829,0.06612388,-0.09285349,-0.07733985,0.03099688,0.26379865,0.38592033,-0.25486788,0.14948871,-0.10705461
7.290000,-0.07853601,-0.45489883,0.85678104,0.29833425,1.53993049,0.07639860,-0.10274179,-0.08607962,-0.13294583,0.06350134,-0.09131394,-0.07844401,0.03053573,0.27855471,0.40849978,-0.26959372,0.15839079,-0.11376074
7.300000,-0.07956191,-0.45574546,0.85547238,0.29895554,1.53902542,0.07560837,-0.10243904,-0.08322157,-0.12874977,0.06073300,-0.08968634,-0.07961470,0.02999958,0.29300004,0.43063566,-0.28402312,0.16709404,-0.12035723
7.310000,-0.08058481,-0.45656278,0.85420678,0.29954843,1.53813705,0.07480609,-0.10214206,-0.08022074,-0.12433472,0.05782194,-0.08797277,-0.08085076,0.02938485,0.30710978,0.45229195,-0.29813266,0.17558262,-0.12683586
7.320000,-0.08160477,-0.45734941,0.85298640,0.30011152,1.53726624,0.07399114,-0.10185162,-0.07708058,-0.11970565,0.05477149,-0.08617546,-0.08215099,0.02868794,0.32085907,0.47343264,-0.31189892,0.18384069,-0.13318841
7.330000,-0.08262187,-0.45810394,0.85181336,0.30064341,1.53641382,0.07316286,-0.10156858,-0.07380484,-0.11486790,0.05158518,-0.08429678,-0.08351408,0.02790528,0.33422306,0.49402170,-0.32529849,0.19185240,-0.13940664
7.340000,-0.08363617,-0.45882506,0.85068972,0.30114278,1.53558057,0.07232065,-0.10129381,-0.07039749,-0.10982717,0.04826682,-0.08233928,-0.08493865,0.02703327,0.34717688,0.51402313,-0.33830793,0.19960191,-0.14548233
7.350000,-0.08464777,-0.45951147,0.84961747,0.30160832,1.53476728,0.07146389,-0.10102823,-0.06686275,-0.10458952,0.04482040,-0.08030567,-0.08642323,0.02606832,0.35969568,0.53340090,-0.35090385,0.20707338,-0.15140724
7.360000,-0.08565677,-0.46016191,0.84859856,0.30203878,1.53397470,0.07059199,-0.10077277,-0.06320511,-0.09916135,0.04125020,-0.07819879,-0.08796627,0.02500686,0.37175460,0.55211899,-0.36306282,0.21425096,-0.15717316
7.370000,-0.08666327,-0.46077518,0.84763486,0.30243293,1.53320354,0.06970438,-0.10052842,-0.05942927,-0.09354946,0.03756068,-0.07602168,-0.08956613,0.02384529,0.38332878,0.57014139,-0.37476143,0.22111882,-0.16277185
7.380000,-0.08766738,-0.46135012,0.84672816,0.30278961,1.53245449,0.06880048,-0.10029621,-0.05554023,-0.08776097,0.03375658,-0.07377750,-0.09122112,0.02258003,0.39439337,0.58743208,-0.38597625,0.22766110,-0.16819509
7.390000,-0.08866923,-0.46188562,0.84588020,0.30310769,1.53172820,0.06787978,-0.10007718,-0.05154319,-0.08180338,0.02984285,-0.07146960,-0.09292942,0.02120749,0.40492351,0.60395504,-0.39668387,0.23386197,-0.17343464
7.400000,-0.08966897,-0.46238064,0.84509263,0.30338612,1.53102530,0.06694172,-0.09987243,-0.04744362,-0.07568454,0.02582467,-0.06910145,-0.09468917,0.01972409,0.41489433,0.61967425,-0.40686088,0.23970557,-0.17848228
7.410000,-0.09066673,-0.46283417,0.84436702,0.30362386,1.53034636,0.06598583,-0.09968308,-0.04324725,-0.06941269,0.02170748,-0.06667673,-0.09649840,0.01812623,0.42428099,0.63455369,-0.41648386,0.24517608,-0.18332979
7.420000,-0.09166269,-0.46324528,0.84370486,0.30381995,1.52969194,0.06501160,-0.09951030,-0.03896003,-0.06299639,0.01749692,-0.06419923,-0.09835507,0.01641033,0.43305862,0.64855736,-0.42552938,0.25025764,-0.18796893
7.430000,-0.09265700,-0.46361309,0.84310755,0.30397350,1.52906254,0.06401857,-0.09935528,-0.03458819,-0.05644458,0.01319889,-0.06167293,-0.10025706,0.01457281,0.44120237,0.66164922,-0.43397403,0.25493442,-0.19239147
7.440000,-0.09364986,-0.46393678,0.84257639,0.30408366,1.52845863,0.06300631,-0.09921926,-0.03013818,-0.04976656,0.00881952,-0.05910194,-0.10220215,0.01261007,0.44868738,0.67379326,-0.44179441,0.25919056,-0.19658920
7.450000,-0.09464145,-0.46421562,0.84211260,0.30414964,1.52788064,0.06197440,-0.09910351,-0.02561672,-0.04297200,0.00436516,-0.05649057,-0.10418806,0.01051853,0.45548879,0.68495346,-0.44896707,0.26301023,-0.20055387
7.460000,-0.09563200,-0.46444890,0.84171730,0.30417074,1.52732894,0.06092242,-0.09900933,-0.02103077,-0.03607089,-0.00015758,-0.05384325,-0.10621242,0.00829461,0.46158174,0.69509381,-0.45546862,0.26637759,-0.20427726
7.470000,-0.09662171,-0.46463604,0.84139150,0.30414629,1.52680388,0.05985003,-0.09893807,-0.01638753,-0.02907364,-0.00474189,-0.05116458,-0.10827278,0.00593471,0.46694138,0.70417829,-0.46127564,0.26927678,-0.20775115
7.480000,-0.09761084,-0.46477649,0.84113612,0.30407572,1.52630574,0.05875686,-0.09889110,-0.01169447,-0.02199097,-0.00938070,-0.04845932,-0.11036659,0.00343526,0.47154284,0.71217088,-0.46636470,0.27169197,-0.21096731
7.490000,-0.09859962,-0.46486979,0.84095193,0.30395852,1.52583476,0.05764259,-0.09886984,-0.00695928,-0.01483398,-0.01406672,-0.04573240,-0.11249124,0.00079265,0.47536128,0.71903556,-0.47071239,0.27360731,-0.21391751
7.500000,-0.09958833,-0.46491556,0.84083965,0.30379425,1.52539115,0.05650694,-0.09887574,-0.00218993,-0.00761414,-0.01879240,-0.04298890,-0.11464403,-0.00199668,0.47837183,0.72473631,-0.47429529,0.27500697,-0.21659352
7.510000,-0.10057723,-0.46491350,0.84079982,0.30358256,1.52497502,0.05534963,-0.09891027,0.00260540,-0.00034323,-0.02355001,-0.04023402,-0.11682217,-0.00493431,0.48055728,0.72924792,-0.47709705,0.27588016,-0.21898917
7.520000,-0.10156663,-0.46486339,0.84083291,0.30332317,1.52458649,0.05417042,-0.09897489,0.00741851,0.00696692,-0.02833178,-0.03747302,-0.11902288,-0.00801365,0.48193098,0.73258843,-0.47912949,0.27623644,-0.22110656
7.530000,-0.10255684,-0.46476510,0.84093925,0.30301587,1.52422557,0.05296910,-0.09907099,0.01224138,0.01430473,-0.03313010,-0.03471097,-0.12124339,-0.01122610,0.48251393,0.73478665,-0.48041154,0.27609042,-0.22294984
7.540000,-0.10354816,-0.46461856,0.84111906,0.30266054,1.52389225,0.05174549,-0.09919983,0.01706622,0.02165894,-0.03793757,-0.03195283,-0.12348098,-0.01456307,0.48232712,0.73587142,-0.48096209,0.27545672,-0.22452316
7.550000,-0.10454095,-0.46442379,0.84137245,0.30225711,1.52358648,0.05049944,-0.09936263,0.02188543,0.02901855,-0.04274697,-0.02920341,-0.12573297,-0.01801594,0.48139157,0.73587158,-0.48080004,0.27434995,-0.22583067
7.560000,-0.10553553,-0.46418089,0.84169941,0.30180561,1.52330814,0.04923080,-0.09956051,0.02669162,0.03637285,-0.04755126,-0.02646736,-0.12799672,-0.02157611,0.47972826,0.73481595,-0.47994429,0.27278472,-0.22687654
7.570000,-0.10653228,-0.46389003,0.84209985,0.30130613,1.52305707,0.04793947,-0.09979448,0.03147764,0.04371144,-0.05234361,-0.02374920,-0.13026964,-0.02523498,0.47735819,0.73273337,-0.47841375,0.27077566,-0.22766490
7.580000,-0.10753154,-0.46355143,0.84257356,0.30075880,1.52283308,0.04662538,-0.10006551,0.03623650,0.05102419,-0.05711735,-0.02105328,-0.13254917,-0.02898394,0.47430236,0.72965268,-0.47622732,0.26833737,-0.22819992
7.590000,-0.10853371,-0.46316541,0.84312022,0.30016386,1.52263592,0.04528847,-0.10037444,0.04096147,0.05830126,-0.06186603,-0.01838383,-0.13483281,-0.03281440,0.47058176,0.72560269,-0.47340389,0.26548448,-0.22848574
7.600000,-0.10953916,-0.46273234,0.84373943,0.29952159,1.52246530,0.04392872,-0.10072204,0.04564599,0.06553311,-0.06658337,-0.01574492,-0.13711807,-0.03671774,0.46621741,0.72061225,-0.46996237,0.26223160,-0.22852652
7.610000,-0.11054828,-0.46225265,0.84443070,0.29883232,1.52232091,0.04254612,-0.10110900,0.05028374,0.07271047,-0.07126328,-0.01314048,-0.13940253,-0.04068537,0.46123028,0.71471018,-0.46592167,0.25859335,-0.22832641
7.620000,-0.11156148,-0.46172684,0.84519343,0.29809647,1.52220237,0.04114068,-0.10153593,0.05486859,0.07982437,-0.07589987,-0.01057429,-0.14168381,-0.04470868,0.45564139,0.70792533,-0.46130067,0.25458434,-0.22788957
7.630000,-0.11257914,-0.46115547,0.84602695,0.29731449,1.52210928,0.03971246,-0.10200334,0.05939463,0.08686613,-0.08048742,-0.00804998,-0.14395955,-0.04877907,0.44947172,0.70028651,-0.45611829,0.25021919,-0.22722014
7.640000,-0.11360168,-0.46053916,0.84693048,0.29648690,1.52204122,0.03826152,-0.10251164,0.06385616,0.09382735,-0.08502042,-0.00557105,-0.14622745,-0.05288793,0.44274229,0.69182257,-0.45039343,0.24551251,-0.22632229
7.650000,-0.11462951,-0.45987858,0.84790320,0.29561428,1.52199770,0.03678794,-0.10306119,0.06824768,0.10069993,-0.08949354,-0.00314082,-0.14848525,-0.05702666,0.43547407,0.68256233,-0.44414498,0.24047892,-0.22520015
7.660000,-0.11566304,-0.45917446,0.84894416,0.29469725,1.52197823,0.03529185,-0.10365225,0.07256391,0.10747604,-0.09390164,-0.00076251,-0.15073072,-0.06118666,0.42768808,0.67253463,-0.43739186,0.23513304,-0.22385790
7.670000,-0.11670269,-0.45842757,0.85005237,0.29373648,1.52198226,0.03377338,-0.10428497,0.07679979,0.11414816,-0.09823976,0.00156084,-0.15296169,-0.06535932,0.41940531,0.66176830,-0.43015295,0.22948948,-0.22229967
7.680000,-0.11774888,-0.45763875,0.85122675,0.29273270,1.52200925,0.03223267,-0.10495945,0.08095044,0.12070904,-0.10250314,0.00382634,-0.15517601,-0.06953603,0.41064676,0.65029217,-0.42244717,0.22356285,-0.22052962
7.690000,-0.11880202,-0.45680886,0.85246616,0.29168668,1.52205859,0.03066992,-0.10567567,0.08501121,0.12715173,-0.10668721,0.00603121,-0.15737159,-0.07370821,0.40143342,0.63813507,-0.41429341,0.21736779,-0.21855191
7.700000,-0.11986253,-0.45593884,0.85376937,0.29059923,1.52212966,0.02908531,-0.10643357,0.08897766,0.13346957,-0.11078758,0.00817285,-0.15954637,-0.07786723,0.39178629,0.62532584,-0.40571058,0.21091889,-0.21637068
7.710000,-0.12093083,-0.45502964,0.85513511,0.28947122,1.52222183,0.02747907,-0.10723295,0.09284556,0.13965617,-0.11480006,0.01024879,-0.16169834,-0.08200451,0.38172638,0.61189331,-0.39671757,0.20423077,-0.21399010
7.720000,-0.12200733,-0.45408227,0.85656204,0.28830354,1.52233441,0.02585143,-0.10807355,0.09661088,0.14570545,-0.11872063,0.01225671,-0.16382552,-0.08611143,0.37127468,0.59786631,-0.38733329,0.19731806,-0.21141431
7.730000,-0.12309244,-0.45309777,0.85804874,0.28709713,1.52246673,0.02420265,-0.10895505,0.10026981,0.15161161,-0.12254548,0.01419445,-0.16592599,-0.09017939,0.36045218,0.58327366,-0.37757664,0.19019536,-0.20864746
7.740000,-0.12418656,-0.45207724,0.85959377,0.28585296,1.52261806,0.02253300,-0.10987698,0.10381876,0.15736914,-0.12627098,0.01605997,-0.16799785,-0.09419979,0.34927989,0.56814422,-0.36746653,0.18287730,-0.20569371
7.750000,-0.12529011,-0.45102178,0.86119561,0.28457205,1.52278768,0.02084279,-0.11083885,0.10725432,0.16297280,-0.12989370,0.01785139,-0.17003925,-0.09816402,0.33777880,0.55250679,-0.35702185,0.17537849,-0.20255722
7.760000,-0.12640347,-0.44993254,0.86285270,0.28325544,1.52297484,0.01913232,-0.11184005,0.11057331,0.16841768,-0.13341037,0.01956698,-0.17204839,-0.10206348,0.32596991,0.53639023,-0.34626150,0.16771354,-0.19924212
7.770000,-0.12752704,-0.44881071,0.86456342,0.28190421,1.52317876,0.01740194,-0.11287988,0.11377276,0.17369911,-0.13681794,0.02120516,-0.17402351,-0.10588957,0.31387421,0.51982336,-0.33520439,0.15989707,-0.19575259
7.780000,-0.12866120,-0.44765749,0.86632612,0.28051946,1.52339868,0.01565197,-0.11395757,0.11684990,0.17881274,-0.14011353,0.02276447,-0.17596288,-0.10963368,0.30151272,0.50283501,-0.32386941,0.15194370,-0.19209276
7.790000,-0.12980631,-0.44647413,0.86813910,0.27910232,1.52363378,0.01388280,-0.11507225,0.11980220,0.18375450,-0.14329446,0.02424362,-0.17786481,-0.11328722,0.28890642,0.48545401,-0.31227548,0.14386804,-0.18826680
7.800000,-0.13096276,-0.44526187,0.87000063,0.27765396,1.52388328,0.01209481,-0.11622298,0.12262729,0.18852060,-0.14635824,0.02564147,-0.17972767,-0.11684157,0.27607631,0.46770920,-0.30044149,0.13568471,-0.18427885
7.810000,-0.13213089,-0.44402201,0.87190892,0.27617555,1.52414634,0.01028839,-0.11740872,0.12532305,0.19310757,-0.14930255,0.02695701,-0.18154986,-0.12028813,0.26304339,0.44962941,-0.28838634,0.12740833,-0.18013308
7.820000,-0.13331105,-0.44275585,0.87386217,0.27466831,1.52442214,0.00846395,-0.11862836,0.12788755,0.19751217,-0.15212529,0.02818938,-0.18332982,-0.12361830,0.24982865,0.43124347,-0.27612893,0.11905350,-0.17583362
7.830000,-0.13450357,-0.44146471,0.87585854,0.27313346,1.52470985,0.00662193,-0.11988067,0.13031908,0.20173151,-0.15482452,0.02933786,-0.18506604,-0.12682347,0.23645310,0.41258022,-0.26368817,0.11063485,-0.17138464
7.840000,-0.13570877,-0.44014992,0.87789617,0.27157224,1.52500862,0.00476278,-0.12116438,0.13261614,0.20576295,-0.15739851,0.03040191,-0.18675703,-0.12989505,0.22293774,0.39366848,-0.25108296,0.10216700,-0.16679028
7.850000,-0.13692695,-0.43881283,0.87997317,0.26998591,1.52531760,0.00288695,-0.12247810,0.13477744,0.20960415,-0.15984570,0.03138109,-0.18840137,-0.13282443,0.20930355,0.37453708,-0.23833220,0.09366455,-0.16205470
7.860000,-0.13815842,-0.43745482,0.88208762,0.26837575,1.52563595,0.00099491,-0.12382037,0.13680189,0.21325305,-0.16216473,0.03227513,-0.18999767,-0.13560300,0.19557155,0.35521487,-0.22545479,0.08514212,-0.15718206
7.870000,-0.13940345,-0.43607726,0.88423758,0.26674305,1.52596282,-0.00091284,-0.12518963,0.13868862,0.21670790,-0.16435443,0.03308391,-0.19154457,-0.13822216,0.18176272,0.33573066,-0.21246963,0.07661434,-0.15217650
7.880000,-0.14066230,-0.43468151,0.88642112,0.26508910,1.52629735,-0.00283581,-0.12658425,0.14043696,0.21996722,-0.16641383,0.03380745,-0.19304077,-0.14067331,0.16789806,0.31611330,-0.19939562,0.06809581,-0.14704218
7.890000,-0.14193522,-0.43326898,0.88863627,0.26341521,1.52663869,-0.00477348,-0.12800250,0.14204646,0.22302982,-0.16834211,0.03444591,-0.19448500,-0.14294784,0.15399858,0.29639162,-0.18625167,0.05960115,-0.14178325
7.900000,-0.14322242,-0.43184105,0.89088106,0.26172269,1.52698598,-0.00672533,-0.12944259,0.14351688,0.22589480,-0.17013869,0.03499960,-0.19587603,-0.14503715,0.14008526,0.27659445,-0.17305668,0.05114498,-0.13640387
7.910000,-0.14452413,-0.43039911,0.89315351,0.26001287,1.52733840,-0.00869082,-0.13090260,0.14484819,0.22856156,-0.17180314,0.03546899,-0.19721269,-0.14693264,0.12617912,0.25675061,-0.15982955,0.04274192,-0.13090818
7.920000,-0.14584054,-0.42894455,0.89545163,0.25828707,1.52769508,-0.01066940,-0.13238057,0.14604056,0.23102976,-0.17333524,0.03585467,-0.19849382,-0.14862571,0.11230113,0.23688895,-0.14658917,0.03440657,-0.12530034
7.930000,-0.14717180,-0.42747876,0.89777344,0.25654661,1.52805521,-0.01266051,-0.13387441,0.14709438,0.23329937,-0.17473494,0.03615739,-0.19971834,-0.15010774,0.09847232,0.21703829,-0.13335446,0.02615356,-0.11958451
7.940000,-0.14851807,-0.42600312,0.90011696,0.25479281,1.52841796,-0.01466357,-0.13538199,0.14801024,0.23537066,-0.17600241,0.03637806,-0.20088517,-0.15137014,0.08471366,0.19722746,-0.12014431,0.01799750,-0.11376483
7.950000,-0.14987948,-0.42451901,0.90248019,0.25302700,1.52878250,-0.01667802,-0.13690105,0.14878895,0.23724415,-0.17713797,0.03651771,-0.20199330,-0.15240430,0.07104616,0.17748531,-0.10697763,0.00995300,-0.10784546
7.960000,-0.15125612,-0.42302779,0.90486118,0.25125049,1.52914805,-0.01870324,-0.13842928,0.14943154,0.23892069,-0.17814217,0.03657754,-0.20304176,-0.15320162,0.05749082,0.15784065,-0.09387331,0.00203469,-0.10183055
7.970000,-0.15264808,-0.42153083,0.90725796,0.24946459,1.52951379,-0.02073865,-0.13996427,0.14993921,0.24040138,-0.17901571,0.03655888,-0.20402961,-0.15375349,0.04406863,0.13832233,-0.08085026,-0.00574282,-0.09572425
7.980000,-0.15405542,-0.42002945,0.90966856,0.24767061,1.52987897,-0.02278363,-0.14150351,0.15031342,0.24168765,-0.17975951,0.03646320,-0.20495595,-0.15405132,0.03080060,0.11895918,-0.06792738,-0.01336492,-0.08953072
7.990000,-0.15547816,-0.41852500,0.91209107,0.24586983,1.53024281,-0.02483756,-0.14304442,0.15055581,0.24278118,-0.18037465,0.03629215,-0.20581994,-0.15408650,0.01770771,0.09978002,-0.05512357,-0.02081699,-0.08325411
8.000000,-0.15691631,-0.41701877,0.91452355,0.24406354,1.53060456,-0.02689982,-0.14458433,0.15066823,0.24368396,-0.18086244,0.03604748,-0.20662077,-0.15385042,0.00481098,0.08081368,-0.04245773,-0.02808441,-0.07689857
8.010000,-0.15836983,-0.41551206,0.91696412,0.24225300,1.53096352,-0.02896976,-0.14612050,0.15065275,0.24439826,-0.18122433,0.03573112,-0.20735767,-0.15333448,-0.00786861,0.06208901,-0.02994877,-0.03515256,-0.07046826
8.020000,-0.15983869,-0.41400613,0.91941090,0.24043947,1.53131896,-0.03104675,-0.14765006,0.15051165,0.24492664,-0.18146200,0.03534514,-0.20802990,-0.15253007,-0.02031006,0.04363484,-0.01761559,-0.04200684,-0.06396733
8.030000,-0.16132280,-0.41250224,0.92186204,0.23862417,1.53167019,-0.03313014,-0.14917011,0.15024742,0.24527196,-0.18157729,0.03489175,-0.20863679,-0.15142860,-0.03249237,0.02547999,-0.00547708,-0.04863263,-0.05739992
8.040000,-0.16282205,-0.41100159,0.92431573,0.23680833,1.53201657,-0.03521927,-0.15067761,0.14986274,0.24543734,-0.18157225,0.03437330,-0.20917769,-0.15002146,-0.04439454,0.00765329,0.00644785,-0.05501530,-0.05077020
8.050000,-0.16433630,-0.40950538,0.92677020,0.23499312,1.53235745,-0.03731347,-0.15216949,0.14936053,0.24542621,-0.18144911,0.03379230,-0.20965200,-0.14830005,-0.05599556,-0.00981641,0.01814030,-0.06114025,-0.04408232
8.060000,-0.16586538,-0.40801476,0.92922368,0.23317973,1.53269222,-0.03941209,-0.15364254,0.14874390,0.24524229,-0.18121028,0.03315140,-0.21005916,-0.14625576,-0.06727446,-0.02690029,0.02958137,-0.06699286,-0.03734042
8.070000,-0.16740908,-0.40653087,0.93167448,0.23136929,1.53302029,-0.04151443,-0.15509350,0.14801618,0.24488959,-0.18085838,0.03245340,-0.21039864,-0.14387999,-0.07821022,-0.04356952,0.04075215,-0.07255851,-0.03054867
8.080000,-0.16896717,-0.40505479,0.93412093,0.22956293,1.53334111,-0.04361983,-0.15651901,0.14718091,0.24437238,-0.18039621,0.03170124,-0.21066998,-0.14116414,-0.08878185,-0.05979527,0.05163375,-0.07782259,-0.02371122
8.090000,-0.17053936,-0.40358760,0.93656140,0.22776173,1.53365414,-0.04572760,-0.15791562,0.14624183,0.24369526,-0.17982674,0.03089800,-0.21087273,-0.13809960,-0.09896836,-0.07554869,0.06220726,-0.08277047,-0.01683221
8.100000,-0.17212537,-0.40213029,0.93899431,0.22596674,1.53395891,-0.04783706,-0.15927981,0.14520290,0.24286308,-0.17915315,0.03004693,-0.21100650,-0.13467776,-0.10874874,-0.09080097,0.07245378,-0.08738755,-0.00991580
8.110000,-0.17372484,-0.40068386,0.94141816,0.22417900,1.53425493,-0.04994750,-0.16060795,0.14406828,0.24188100,-0.17837881,0.02915140,-0.21107093,-0.13089004,-0.11810199,-0.10552326,0.08235441,-0.09165921,-0.00296615
8.120000,-0.17533740,-0.39924923,0.94383145,0.22239949,1.53454180,-0.05205824,-0.16189636,0.14284235,0.24075448,-0.17750728,0.02821494,-0.21106572,-0.12672781,-0.12700712,-0.11968674,0.09189025,-0.09557083,0.00401260
8.130000,-0.17696262,-0.39782730,0.94623278,0.22062916,1.53481911,-0.05416858,-0.16314123,0.14152970,0.23948923,-0.17654229,0.02724123,-0.21099060,-0.12218301,-0.13544372,-0.13326327,0.10104284,-0.09910829,0.01101617
8.140000,-0.17860006,-0.39641891,0.94862079,0.21886894,1.53508651,-0.05627782,-0.16433876,0.14013506,0.23809121,-0.17548773,0.02623404,-0.21084534,-0.11725974,-0.14340479,-0.14624089,0.10980398,-0.10226862,0.01803764
8.150000,-0.18024923,-0.39502485,0.95099419,0.21711970,1.53534369,-0.05838526,-0.16548522,0.13866317,0.23656639,-0.17434750,0.02519709,-0.21062982,-0.11197428,-0.15089676,-0.15862377,0.11817573,-0.10506003,0.02506743
8.160000,-0.18190959,-0.39364589,0.95335172,0.21538226,1.53559037,-0.06049018,-0.16657709,0.13711867,0.23492070,-0.17312550,0.02413404,-0.21034400,-0.10634343,-0.15792666,-0.17041679,0.12616057,-0.10749123,0.03209582
8.170000,-0.18358058,-0.39228271,0.95569222,0.21365745,1.53582630,-0.06259190,-0.16761100,0.13550615,0.23316001,-0.17182557,0.02304844,-0.20998794,-0.10038402,-0.16450151,-0.18162485,0.13376100,-0.10957091,0.03911313
8.180000,-0.18526160,-0.39093598,0.95801456,0.21194600,1.53605127,-0.06468971,-0.16858373,0.13383013,0.23129014,-0.17045155,0.02194376,-0.20956180,-0.09411283,-0.17062831,-0.19225282,0.14097953,-0.11130776,0.04610966
8.190000,-0.18695204,-0.38960630,0.96031767,0.21024865,1.53626512,-0.06678291,-0.16949227,0.13209506,0.22931687,-0.16900725,0.02082340,-0.20906585,-0.08754669,-0.17631409,-0.20230560,0.14781864,-0.11271050,0.05307569
8.200000,-0.18865122,-0.38829426,0.96260057,0.20856608,1.53646770,-0.06887079,-0.17033374,0.13030530,0.22724592,-0.16749644,0.01969064,-0.20850042,-0.08070240,-0.18156586,-0.21178806,0.15428083,-0.11378781,0.06000154
8.210000,-0.19035848,-0.38700036,0.96486229,0.20689893,1.53665890,-0.07095268,-0.17110545,0.12846516,0.22508299,-0.16592288,0.01854870,-0.20786598,-0.07359677,-0.18639064,-0.22070508,0.16036861,-0.11454839,0.06687750
8.220000,-0.19207309,-0.38572511,0.96710194,0.20524782,1.53683865,-0.07302789,-0.17180486,0.12657888,0.22283369,-0.16429031,0.01740070,-0.20716307,-0.06624661,-0.19079545,-0.22906156,0.16608446,-0.11500095,0.07369387
8.230000,-0.19379433,-0.38446893,0.96931869,0.20361331,1.53700691,-0.07509572,-0.17242962,0.12465063,0.22050361,-0.16260242,0.01624967,-0.20639234,-0.05866872,-0.19478730,-0.23686237,0.17143088,-0.11515417,0.08044095
8.240000,-0.19552143,-0.38323222,0.97151176,0.20199594,1.53716365,-0.07715551,-0.17297753,0.12268449,0.21809828,-0.16086291,0.01509858,-0.20555452,-0.05087992,-0.19837321,-0.24411240,0.17641037,-0.11501676,0.08710904
8.250000,-0.19725362,-0.38201535,0.97368042,0.20039621,1.53730889,-0.07920659,-0.17344657,0.12068449,0.21562318,-0.15907543,0.01395028,-0.20465045,-0.04289701,-0.20156021,-0.25081654,0.18102543,-0.11459742,0.09368844
8.260000,-0.19899009,-0.38081863,0.97582401,0.19881458,1.53744267,-0.08124830,-0.17383488,0.11865459,0.21308375,-0.15724361,0.01280754,-0.20368108,-0.03473680,-0.20435530,-0.25697966,0.18527855,-0.11390483,0.10016946
8.270000,-0.20073004,-0.37964234,0.97794190,0.19725147,1.53756507,-0.08328000,-0.17414077,0.11659867,0.21048538,-0.15537106,0.01167306,-0.20264742,-0.02641610,-0.20676550,-0.26260666,0.18917224,-0.11294771,0.10654238
8.280000,-0.20247263,-0.37848673,0.98003354,0.19570728,1.53767617,-0.08530104,-0.17436272,0.11452054,0.20783339,-0.15346135,0.01054944,-0.20155062,-0.01795172,-0.20879783,-0.26770241,0.19270897,-0.11173475,0.11279751
8.290000,-0.20421701,-0.37735199,0.98209841,0.19418236,1.53777610,-0.08731080,-0.17449938,0.11242395,0.20513308,-0.15151806,0.00943919,-0.20039190,-0.00936047,-0.21045931,-0.27227180,0.19589126,-0.11027464,0.11892515
8.300000,-0.20596233,-0.37623830,0.98413606,0.19267702,1.53786500,-0.08930867,-0.17454957,0.11031257,0.20238969,-0.14954470,0.00834474,-0.19917258,-0.00065916,-0.21175696,-0.27631972,0.19872160,-0.10857609,0.12491559
8.310000,-0.20770771,-0.37514578,0.98614608,0.19119155,1.53794305,-0.09129406,-0.17451225,0.10819000,0.19960841,-0.14754479,0.00726844,-0.19789408,0.00813542,-0.21269779,-0.27985104,0.20120248,-0.10664778,0.13075915
8.320000,-0.20945228,-0.37407453,0.98812812,0.18972620,1.53801044,-0.09326636,-0.17438660,0.10605978,0.19679438,-0.14552181,0.00621253,-0.19655791,0.01700644,-0.21328881,-0.28287066,0.20333640,-0.10449843,0.13644611
8.330000,-0.21119514,-0.37302460,0.99008187,0.18828118,1.53806738,-0.09522503,-0.17417193,0.10392537,0.19395269,-0.14347921,0.00517918,-0.19516571,0.02593710,-0.21353705,-0.28538345,0.20512586,-0.10213673,0.14196678
8.340000,-0.21293542,-0.37199602,0.99200709,0.18685667,1.53811411,-0.09716950,-0.17386772,0.10179016,0.19108838,-0.14142043,0.00417047,-0.19371917,0.03491059,-0.21344953,-0.28739430,0.20657336,-0.09957137,0.14731146
8.350000,-0.21467220,-0.37098879,0.99390358,0.18545282,1.53815088,-0.09909924,-0.17347363,0.09965747,0.18820646,-0.13934888,0.00318840,-0.19222010,0.04391010,-0.21303325,-0.28890809,0.20768139,-0.09681105,0.15247044
8.360000,-0.21640459,-0.37000285,0.99577118,0.18406972,1.53817797,-0.10101373,-0.17298948,0.09753057,0.18531186,-0.13726793,0.00223487,-0.19067041,0.05291883,-0.21229525,-0.28992972,0.20845244,-0.09386448,0.15743403
8.370000,-0.21813169,-0.36903815,0.99760979,0.18270748,1.53819568,-0.10291248,-0.17241528,0.09541262,0.18240949,-0.13518094,0.00131170,-0.18907210,0.06191996,-0.21124252,-0.29046405,0.20888902,-0.09074035,0.16219253
8.380000,-0.21985259,-0.36809456,0.99941936,0.18136611,1.53820431,-0.10479502,-0.17175117,0.09330674,0.17950419,-0.13309125,0.00042063,-0.18742727,0.07089669,-0.20988210,-0.29051599,0.20899362,-0.08744735,0.16673623
8.390000,-0.22156641,-0.36717196,1.00119988,0.18004565,1.53820420,-0.10666088,-0.17099748,0.09121598,0.17660076,-0.13100217,-0.00043671,-0.18573812,0.07983220,-0.20822100,-0.29009040,0.20876874,-0.08399419,0.17105543
8.400000,-0.22327225,-0.36627018,1.00295140,0.17874606,1.53819569,-0.10850964,-0.17015472,0.08914330,0.17370396,-0.12891697,-0.00125875,-0.18400695,0.08870970,-0.20626624,-0.28919217,0.20821687,-0.08038956,0.17514044
8.410000,-0.22496921,-0.36538903,1.00467400,0.17746729,1.53817915,-0.11034089,-0.16922354,0.08709161,0.17081848,-0.12683891,-0.00204403,-0.18223613,0.09751237,-0.20402483,-0.28782620,0.20734052,-0.07664216,0.17898156
8.420000,-0.22665643,-0.36452827,1.00636782,0.17620925,1.53815494,-0.11215424,-0.16820477,0.08506374,0.16794897,-0.12477123,-0.00279115,-0.18042816,0.10622340,-0.20150378,-0.28599736,0.20614217,-0.07276069,0.18256908
8.430000,-0.22833302,-0.36368766,1.00803305,0.17497182,1.53812346,-0.11394933,-0.16709943,0.08306244,0.16510005,-0.12271713,-0.00349882,-0.17858562,0.11482599,-0.19871013,-0.28371053,0.20462432,-0.06875385,0.18589330
8.440000,-0.22999813,-0.36286692,1.00966991,0.17375485,1.53808510,-0.11572584,-0.16590867,0.08109042,0.16227627,-0.12067980,-0.00416584,-0.17671120,0.12330332,-0.19565088,-0.28097060,0.20278947,-0.06463033,0.18894453
8.450000,-0.23165091,-0.36206575,1.01127867,0.17255815,1.53804028,-0.11748346,-0.16463384,0.07915029,0.15948214,-0.11866239,-0.00479107,-0.17480768,0.13163859,-0.19233306,-0.27778246,0.20064012,-0.06039884,0.19171306
8.460000,-0.23329053,-0.36128380,1.01285966,0.17138152,1.53798942,-0.11922191,-0.16327643,0.07724460,0.15672210,-0.11666804,-0.00537348,-0.17287792,0.13981499,-0.18876367,-0.27415099,0.19817876,-0.05606806,0.19418919
8.470000,-0.23491617,-0.36052073,1.01441324,0.17022471,1.53793296,-0.12094094,-0.16183812,0.07537583,0.15400058,-0.11469985,-0.00591213,-0.17092490,0.14781571,-0.18494974,-0.27008107,0.19540789,-0.05164670,0.19636323
8.480000,-0.23652703,-0.35977615,1.01593982,0.16908743,1.53787133,-0.12264034,-0.16032076,0.07354639,0.15132193,-0.11276090,-0.00640614,-0.16895169,0.15562395,-0.18089828,-0.26557758,0.19233001,-0.04714346,0.19822546
8.490000,-0.23812233,-0.35904967,1.01743984,0.16796938,1.53780498,-0.12431992,-0.15872634,0.07175863,0.14869046,-0.11085426,-0.00685475,-0.16696146,0.16322289,-0.17661631,-0.26064542,0.18894761,-0.04256704,0.19976620
8.500000,-0.23970131,-0.35834084,1.01891380,0.16687022,1.53773439,-0.12597952,-0.15705705,0.07001481,0.14611043,-0.10898296,-0.00725727,-0.16495747,0.17059572,-0.17211085,-0.25528946,0.18526319,-0.03792612,0.20097574
8.510000,-0.24126323,-0.35764922,1.02036223,0.16578959,1.53765999,-0.12761903,-0.15531524,0.06831713,0.14358606,-0.10715000,-0.00761309,-0.16294308,0.17772564,-0.16738892,-0.24951459,0.18127925,-0.03322942,0.20184438
8.520000,-0.24280738,-0.35697433,1.02178572,0.16472709,1.53758228,-0.12923836,-0.15350341,0.06666773,0.14112152,-0.10535836,-0.00792170,-0.16092175,0.18459584,-0.16245752,-0.24332569,0.17699827,-0.02848562,0.20236242
8.530000,-0.24433307,-0.35631569,1.02318488,0.16368228,1.53750172,-0.13083746,-0.15162424,0.06506866,0.13872091,-0.10361102,-0.00818268,-0.15889704,0.19118951,-0.15732369,-0.23672765,0.17242277,-0.02370343,0.20252017
8.540000,-0.24583965,-0.35567278,1.02456036,0.16265471,1.53741879,-0.13241630,-0.14968059,0.06352191,0.13638831,-0.10191088,-0.00839567,-0.15687258,0.19748984,-0.15199443,-0.22972535,0.16755523,-0.01889154,0.20230791
8.550000,-0.24732648,-0.35504507,1.02591288,0.16164389,1.53733397,-0.13397492,-0.14767548,0.06202940,0.13412774,-0.10026088,-0.00856044,-0.15485214,0.20348002,-0.14647677,-0.22232367,0.16239815,-0.01405866,0.20171595
8.560000,-0.24879296,-0.35443201,1.02724317,0.16064932,1.53724774,-0.13551337,-0.14561208,0.06059298,0.13194315,-0.09866388,-0.00867680,-0.15283956,0.20914325,-0.14077772,-0.21452751,0.15695403,-0.00921347,0.20073459
8.570000,-0.25023854,-0.35383302,1.02855201,0.15967043,1.53716059,-0.13703175,-0.14349376,0.05921443,0.12983849,-0.09712274,-0.00874469,-0.15083878,0.21446272,-0.13490429,-0.20634173,0.15122537,-0.00436468,0.19935413
8.580000,-0.25166267,-0.35324752,1.02984022,0.15870666,1.53707301,-0.13853020,-0.14132403,0.05789545,0.12781760,-0.09564031,-0.00876411,-0.14885384,0.21942161,-0.12886351,-0.19777123,0.14521466,0.00047901,0.19756486
8.590000,-0.25306486,-0.35267491,1.03110866,0.15775742,1.53698547,-0.14000890,-0.13910659,0.05663769,0.12588433,-0.09421938,-0.00873516,-0.14688888,0.22400313,-0.12266240,-0.18882090,0.13892439,0.00530892,0.19535710
8.600000,-0.25444465,-0.35211456,1.03235821,0.15682206,1.53689847,-0.14146806,-0.13684528,0.05544271,0.12404243,-0.09286274,-0.00865801,-0.14494813,0.22819045,-0.11630796,-0.17949560,0.13235707,0.01011633,0.19272113
8.610000,-0.25580163,-0.35156584,1.03358982,0.15589994,1.53681247,-0.14290795,-0.13454415,0.05431202,0.12229565,-0.09157316,-0.00853294,-0.14303592,0.23196678,-0.10980722,-0.16980024,0.12551519,0.01489255,0.18964726
8.620000,-0.25713542,-0.35102810,1.03480445,0.15499037,1.53672797,-0.14432889,-0.13220737,0.05324703,0.12064765,-0.09035335,-0.00836029,-0.14115667,0.23531530,-0.10316719,-0.15973969,0.11840125,0.01962888,0.18612579
8.630000,-0.25844567,-0.35050068,1.03600312,0.15409263,1.53664542,-0.14573121,-0.12983932,0.05224912,0.11910206,-0.08920603,-0.00814052,-0.13931493,0.23821921,-0.09639489,-0.14931884,0.11101774,0.02431664,0.18214701
8.640000,-0.25973211,-0.34998289,1.03718685,0.15320600,1.53656531,-0.14711533,-0.12744453,0.05131955,0.11766245,-0.08813388,-0.00787415,-0.13751529,0.24066170,-0.08949734,-0.13854256,0.10336716,0.02894710,0.17770123
8.650000,-0.26099449,-0.34947405,1.03835673,0.15232969,1.53648809,-0.14848167,-0.12502768,0.05045956,0.11633237,-0.08713957,-0.00756180,-0.13576249,0.24262595,-0.08248156,-0.12741576,0.09545201,0.03351159,0.17277875
8.660000,-0.26223261,-0.34897346,1.03951387,0.15146294,1.53641423,-0.14983075,-0.12259366,0.04967029,0.11511529,-0.08622572,-0.00720417,-0.13406134,0.24409516,-0.07535455,-0.11594330,0.08727478,0.03800140,0.16736986
8.670000,-0.26344632,-0.34848041,1.04065942,0.15060490,1.53634416,-0.15116309,-0.12014749,0.04895282,0.11401464,-0.08539494,-0.00680205,-0.13241675,0.24505253,-0.06812335,-0.10413007,0.07883798,0.04240784,0.16146487
8.680000,-0.26463554,-0.34799416,1.04179456,0.14975475,1.53627833,-0.15247929,-0.11769437,0.04830815,0.11303381,-0.08464981,-0.00635632,-0.13083373,0.24548124,-0.06079497,-0.09198096,0.07014409,0.04672219,0.15505407
8.690000,-0.26580021,-0.34751400,1.04292051,0.14891161,1.53621717,-0.15377999,-0.11523968,0.04773722,0.11217613,-0.08399290,-0.00586794,-0.12931738,0.24536449,-0.05337641,-0.07950086,0.06119561,0.05093578,0.14812777
8.700000,-0.26694034,-0.34703917,1.04403851,0.14807459,1.53616111,-0.15506588,-0.11278895,0.04724090,0.11144488,-0.08342674,-0.00533797,-0.12787292,0.24468546,-0.04587471,-0.06669463,0.05199504,0.05503990,0.14067626
8.710000,-0.26805602,-0.34656893,1.04514984,0.14724277,1.53611055,-0.15633770,-0.11034790,0.04681998,0.11084331,-0.08295384,-0.00476754,-0.12650564,0.24342735,-0.03829688,-0.05356718,0.04254488,0.05902585,0.13268984
8.720000,-0.26914735,-0.34610252,1.04625582,0.14641520,1.53606589,-0.15759626,-0.10792239,0.04647519,0.11037459,-0.08257667,-0.00415787,-0.12522094,0.24157335,-0.03064993,-0.04012338,0.03284762,0.06288493,0.12415882
8.730000,-0.27021454,-0.34563917,1.04735779,0.14559091,1.53602752,-0.15884241,-0.10551848,0.04620719,0.11004188,-0.08229770,-0.00351029,-0.12402431,0.23910665,-0.02294088,-0.02636812,0.02290576,0.06660846,0.11507349
8.740000,-0.27125782,-0.34517812,1.04845712,0.14476891,1.53599581,-0.16007706,-0.10314236,0.04601656,0.10984825,-0.08211936,-0.00282619,-0.12292135,0.23601044,-0.01517676,-0.01230628,0.01272180,0.07018772,0.10542416
8.750000,-0.27227750,-0.34471858,1.04955522,0.14394818,1.53597111,-0.16130117,-0.10080042,0.04590381,0.10979676,-0.08204406,-0.00210705,-0.12191774,0.23226792,-0.00736457,0.00205726,0.00229822,0.07361402,0.09520111
8.760000,-0.27327396,-0.34425978,1.05065354,0.14312767,1.53595378,-0.16251577,-0.09849919,0.04586940,0.10989037,-0.08207418,-0.00135444,-0.12101925,0.22786978,0.00048793,0.01671329,-0.00835901,0.07688029,0.08440224
8.770000,-0.27424764,-0.34380093,1.05175352,0.14230633,1.53594413,-0.16372193,-0.09624514,0.04591367,0.11013191,-0.08221195,-0.00056998,-0.12023152,0.22283671,0.00837007,0.03163533,-0.01923016,0.07998597,0.07305576
8.780000,-0.27519904,-0.34334124,1.05285668,0.14148307,1.53594248,-0.16492079,-0.09404448,0.04603686,0.11052387,-0.08245942,0.00024475,-0.11955984,0.21719692,0.01627044,0.04679260,-0.03029204,0.08293213,0.06119747
8.790000,-0.27612873,-0.34287993,1.05396451,0.14065677,1.53594912,-0.16611353,-0.09190313,0.04623910,0.11106844,-0.08281835,0.00108814,-0.11900916,0.21097862,0.02417762,0.06215430,-0.04152145,0.08571985,0.04886316
8.800000,-0.27703732,-0.34241620,1.05507856,0.13982632,1.53596433,-0.16730139,-0.08982674,0.04652040,0.11176753,-0.08329033,0.00195862,-0.11858405,0.20421000,0.03208020,0.07768963,-0.05289520,0.08835018,0.03608863
8.810000,-0.27792550,-0.34194926,1.05620038,0.13899059,1.53598838,-0.16848564,-0.08782067,0.04688065,0.11262271,-0.08387666,0.00285462,-0.11828873,0.19691927,0.03996677,0.09336780,-0.06439009,0.09082420,0.02290968
8.820000,-0.27879398,-0.34147832,1.05733154,0.13814841,1.53602150,-0.16966761,-0.08589000,0.04731964,0.11363526,-0.08457845,0.00377459,-0.11812708,0.18913463,0.04782593,0.10915801,-0.07598294,0.09314298,0.00936211
8.830000,-0.27964356,-0.34100260,1.05847361,0.13729863,1.53606394,-0.17084864,-0.08403953,0.04783704,0.11480614,-0.08539657,0.00471697,-0.11810260,0.18088428,0.05564626,0.12502948,-0.08765054,0.09530758,-0.00451829
8.840000,-0.28047506,-0.34052132,1.05962819,0.13644009,1.53611591,-0.17203013,-0.08227378,0.04843240,0.11613602,-0.08633164,0.00568023,-0.11821844,0.17219642,0.06341635,0.14095141,-0.09936971,0.09731908,-0.01869572
8.850000,-0.28128934,-0.34003370,1.06079687,0.13557160,1.53617761,-0.17321349,-0.08059697,0.04910516,0.11762524,-0.08738406,0.00666284,-0.11847739,0.16309926,0.07112479,0.15689300,-0.11111726,0.09917855,-0.03313439
8.860000,-0.28208731,-0.33953896,1.06198123,0.13469201,1.53624923,-0.17440016,-0.07901306,0.04985465,0.11927384,-0.08855400,0.00766330,-0.11888188,0.15362100,0.07876017,0.17282347,-0.12286999,0.10088704,-0.04779849
8.870000,-0.28286992,-0.33903635,1.06318287,0.13380013,1.53633093,-0.17559162,-0.07752572,0.05068008,0.12108157,-0.08984140,0.00868008,-0.11943399,0.14378984,0.08631108,0.18871200,-0.13460470,0.10244564,-0.06265223
8.880000,-0.28363815,-0.33852511,1.06440339,0.13289479,1.53642288,-0.17678934,-0.07613835,0.05158056,0.12304784,-0.09124596,0.00971171,-0.12013544,0.13363398,0.09376611,0.20452783,-0.14629821,0.10385542,-0.07765981
8.890000,-0.28439303,-0.33800449,1.06564436,0.13197483,1.53652521,-0.17799483,-0.07485403,0.05255505,0.12517178,-0.09276715,0.01075670,-0.12098758,0.12318162,0.10111385,0.22024013,-0.15792732,0.10511743,-0.09278543
8.900000,-0.28513559,-0.33747377,1.06690735,0.13103906,1.53663805,-0.17920960,-0.07367561,0.05360244,0.12745219,-0.09440421,0.01181357,-0.12199142,0.11246097,0.10834289,0.23581814,-0.16946883,0.10623275,-0.10799330
8.910000,-0.28586690,-0.33693220,1.06819392,0.13008636,1.53676152,-0.18043516,-0.07260561,0.05472147,0.12988759,-0.09615615,0.01288087,-0.12314760,0.10150023,0.11544181,0.25123104,-0.18089956,0.10720245,-0.12324762
8.920000,-0.28658807,-0.33637910,1.06950561,0.12911556,1.53689570,-0.18167306,-0.07164631,0.05591080,0.13247616,-0.09802176,0.01395714,-0.12445641,0.09032761,0.12239921,0.26644805,-0.19219632,0.10802760,-0.13851259
8.930000,-0.28730020,-0.33581376,1.07084394,0.12812555,1.53704068,-0.18292480,-0.07079967,0.05716895,0.13521579,-0.09999956,0.01504094,-0.12591777,0.07897129,0.12920367,0.28143837,-0.20333590,0.10870927,-0.15375242
8.940000,-0.28800444,-0.33523550,1.07221042,0.12711520,1.53719654,-0.18419192,-0.07006740,0.05849433,0.13810407,-0.10208787,0.01613085,-0.12753125,0.06745949,0.13584379,0.29617120,-0.21429512,0.10924852,-0.16893130
8.950000,-0.28870194,-0.33464365,1.07360651,0.12608343,1.53736332,-0.18547593,-0.06945091,0.05988524,0.14113826,-0.10428478,0.01722544,-0.12929607,0.05582041,0.14230815,0.31061576,-0.22505078,0.10964643,-0.18401344
8.960000,-0.28939385,-0.33403758,1.07503366,0.12502915,1.53754106,-0.18677834,-0.06895132,0.06133987,0.14431532,-0.10658813,0.01832331,-0.13121108,0.04408225,0.14858535,0.32474126,-0.23557968,0.10990406,-0.19896305
8.970000,-0.29008136,-0.33341665,1.07649328,0.12395132,1.53772979,-0.18810065,-0.06856950,0.06285628,0.14763192,-0.10899554,0.01942306,-0.13327477,0.03227321,0.15466397,0.33851688,-0.24585865,0.11002248,-0.21374432
8.980000,-0.29076564,-0.33278026,1.07798675,0.12284890,1.53792952,-0.18944433,-0.06830600,0.06443245,0.15108439,-0.11150439,0.02052330,-0.13548528,0.02042150,0.16053260,0.35191185,-0.25586448,0.11000277,-0.22832147
8.990000,-0.29144787,-0.33212781,1.07951541,0.12172090,1.53814025,-0.19081083,-0.06816112,0.06606620,0.15466878,-0.11411184,0.02162266,-0.13784040,0.00855531,0.16617984,0.36489537,-0.26557398,0.10984598,-0.24265868
9.000000,-0.29212925,-0.33145875,1.08108055,0.12056635,1.53836197,-0.19220161,-0.06813485,0.06775527,0.15838082,-0.11681481,0.02271977,-0.14033754,-0.00329715,0.17159427,0.37743663,-0.27496395,0.10955320,-0.25672017
9.010000,-0.29281096,-0.33077253,1.08268344,0.11938430,1.53859464,-0.19361805,-0.06822692,0.06949727,0.16221594,-0.11960998,0.02381327,-0.14297376,-0.01510768,0.17676447,0.38950486,-0.28401121,0.10912549,-0.27047013
9.020000,-0.29349419,-0.33006863,1.08432527,0.11817385,1.53883822,-0.19506153,-0.06843677,0.07128970,0.16616924,-0.12249381,0.02490183,-0.14574578,-0.02684807,0.18167905,0.40106926,-0.29269257,0.10856391,-0.28387277
9.030000,-0.29418009,-0.32934657,1.08600720,0.11693414,1.53909265,-0.19653340,-0.06876355,0.07312996,0.17023554,-0.12546253,0.02598411,-0.14864994,-0.03849013,0.18632659,0.41209902,-0.30098481,0.10786955,-0.29689230
9.040000,-0.29486984,-0.32860588,1.08773034,0.11566433,1.53935787,-0.19803496,-0.06920615,0.07501531,0.17440934,-0.12851214,0.02705878,-0.15168223,-0.05000565,0.19069567,0.42256336,-0.30886477,0.10704346,-0.30949291
9.050000,-0.29556459,-0.32784613,1.08949572,0.11436364,1.53963380,-0.19956746,-0.06976315,0.07694291,0.17868482,-0.13163838,0.02812454,-0.15483829,-0.06136643,0.19477490,0.43243149,-0.31630923,0.10608671,-0.32163881
9.060000,-0.29626548,-0.32706690,1.09130435,0.11303132,1.53992033,-0.20113212,-0.07043287,0.07890980,0.18305588,-0.13483679,0.02918008,-0.15811337,-0.07254427,0.19855285,0.44167260,-0.32329502,0.10500038,-0.33329420
9.070000,-0.29697362,-0.32626781,1.09315714,0.11166668,1.54021736,-0.20273011,-0.07121333,0.08091292,0.18751608,-0.13810267,0.03022412,-0.16150242,-0.08351097,0.20201812,0.45025591,-0.32979893,0.10378554,-0.34442329
9.080000,-0.29769011,-0.32544853,1.09505495,0.11026906,1.54052477,-0.20436253,-0.07210229,0.08294908,0.19205870,-0.14143109,0.03125537,-0.16499997,-0.09423831,0.20515929,0.45815062,-0.33579777,0.10244325,-0.35499027
9.090000,-0.29841602,-0.32460873,1.09699856,0.10883787,1.54084242,-0.20603045,-0.07309721,0.08501499,0.19667669,-0.14481687,0.03227256,-0.16860023,-0.10469811,0.20796496,0.46532594,-0.34126835,0.10097457,-0.36495935
9.100000,-0.29915240,-0.32374814,1.09898871,0.10737255,1.54117017,-0.20773486,-0.07419527,0.08710723,0.20136272,-0.14825462,0.03327444,-0.17229704,-0.11486216,0.21042372,0.47175107,-0.34618747,0.09938059,-0.37429473
9.110000,-0.29990026,-0.32286651,1.10102602,0.10587262,1.54150786,-0.20947669,-0.07539337,0.08922227,0.20610911,-0.15173870,0.03425976,-0.17608389,-0.12470226,0.21252415,0.47739522,-0.35053195,0.09766237,-0.38296061
9.120000,-0.30066059,-0.32196363,1.10311106,0.10433764,1.54185531,-0.21125681,-0.07668814,0.09135648,0.21090792,-0.15526326,0.03522728,-0.17995390,-0.13419020,0.21425485,0.48222759,-0.35427859,0.09582098,-0.39092121
9.130000,-0.30143433,-0.32103933,1.10524433,0.10276724,1.54221234,-0.21307602,-0.07807591,0.09350610,0.21575086,-0.15882220,0.03617577,-0.18389984,-0.14329778,0.21560439,0.48621740,-0.35740420,0.09385749,-0.39814071
9.140000,-0.30222240,-0.32009347,1.10742620,0.10116111,1.54257875,-0.21493504,-0.07955273,0.09566726,0.22062935,-0.16240920,0.03710403,-0.18791413,-0.15199680,0.21656138,0.48933384,-0.35988558,0.09177297,-0.40458332
9.150000,-0.30302567,-0.31912596,1.10965700,0.09951899,1.54295435,-0.21683451,-0.08111439,0.09783598,0.22553452,-0.16601769,0.03801083,-0.19198880,-0.16025906,0.21711441,0.49154612,-0.36169954,0.08956848,-0.41021325
9.160000,-0.30384496,-0.31813674,1.11193695,0.09784070,1.54333890,-0.21877499,-0.08275636,0.10000816,0.23045716,-0.16964089,0.03889500,-0.19611556,-0.16805636,0.21725205,0.49282345,-0.36282289,0.08724509,-0.41499470
9.170000,-0.30468105,-0.31712580,1.11426617,0.09612614,1.54373217,-0.22075696,-0.08447387,0.10217959,0.23538777,-0.17327177,0.03975534,-0.20028575,-0.17536049,0.21696291,0.49313504,-0.36323243,0.08480388,-0.41889187
9.180000,-0.30553467,-0.31609316,1.11664470,0.09437527,1.54413392,-0.22278082,-0.08626184,0.10434596,0.24031654,-0.17690308,0.04059069,-0.20449033,-0.18214325,0.21623556,0.49245009,-0.36290498,0.08224592,-0.42186897
9.190000,-0.30640650,-0.31503891,1.11907246,0.09258811,1.54454389,-0.22484685,-0.08811490,0.10650281,0.24523335,-0.18052733,0.04139988,-0.20871994,-0.18837644,0.21505861,0.49073780,-0.36181733,0.07957227,-0.42389019
9.200000,-0.30729717,-0.31396315,1.12154929,0.09076477,1.54496183,-0.22695527,-0.09002744,0.10864559,0.25012777,-0.18413681,0.04218175,-0.21296483,-0.19403186,0.21342063,0.48796739,-0.35994630,0.07678399,-0.42491974
9.210000,-0.30820723,-0.31286606,1.12407491,0.08890544,1.54538743,-0.22910617,-0.09199352,0.11076964,0.25498906,-0.18772357,0.04293518,-0.21721491,-0.19908130,0.21131022,0.48410805,-0.35726869,0.07388217,-0.42492182
9.220000,-0.30913719,-0.31174784,1.12664892,0.08701040,1.54582043,-0.23129955,-0.09400695,0.11287018,0.25980620,-0.19127942,0.04365902,-0.22145972,-0.20349656,0.20871597,0.47912900,-0.35376131,0.07086787,-0.42386064
9.230000,-0.31008750,-0.31060875,1.12927085,0.08507999,1.54626051,-0.23353531,-0.09606124,0.11494231,0.26456781,-0.19479595,0.04435216,-0.22568846,-0.20724945,0.20562647,0.47299944,-0.34940097,0.06774216,-0.42170040
9.240000,-0.31105853,-0.30944911,1.13194006,0.08311464,1.54670737,-0.23581323,-0.09814964,0.11698102,0.26926225,-0.19826452,0.04501350,-0.22988995,-0.21031175,0.20203030,0.46568857,-0.34416446,0.06450611,-0.41840529
9.250000,-0.31205059,-0.30826926,1.13465583,0.08111489,1.54716067,-0.23813298,-0.10026508,0.11898119,0.27387754,-0.20167625,0.04564192,-0.23405266,-0.21265527,0.19791606,0.45716561,-0.33802861,0.06116078,-0.41393953
9.260000,-0.31306390,-0.30706963,1.13741730,0.07908134,1.54762009,-0.24049411,-0.10240025,0.12093758,0.27840142,-0.20502202,0.04623635,-0.23816472,-0.21425180,0.19327234,0.44739976,-0.33097022,0.05770725,-0.40826731
9.270000,-0.31409863,-0.30585067,1.14022351,0.07701470,1.54808528,-0.24289606,-0.10454754,0.12284484,0.28282129,-0.20829250,0.04679571,-0.24221387,-0.21507315,0.18808772,0.43636022,-0.32296609,0.05414658,-0.40135285
9.280000,-0.31515487,-0.30461291,1.14307334,0.07491577,1.54855589,-0.24533814,-0.10669904,0.12469749,0.28712427,-0.21147811,0.04731893,-0.24618752,-0.21509110,0.18235079,0.42401619,-0.31399303,0.05047985,-0.39316033
9.290000,-0.31623260,-0.30335692,1.14596556,0.07278545,1.54903154,-0.24781952,-0.10884659,0.12648997,0.29129716,-0.21456905,0.04780496,-0.25007270,-0.21427746,0.17605015,0.41033690,-0.30402784,0.04670812,-0.38365397
9.300000,-0.31733176,-0.30208333,1.14889880,0.07062474,1.54951186,-0.25033925,-0.11098172,0.12821658,0.29532646,-0.21755528,0.04825275,-0.25385610,-0.21260403,0.16917438,0.39529154,-0.29304734,0.04283246,-0.37279797
9.310000,-0.31845216,-0.30079283,1.15187156,0.06843473,1.54999646,-0.25289626,-0.11309571,0.12987151,0.29919834,-0.22042654,0.04866126,-0.25752404,-0.21004260,0.16171207,0.37884931,-0.28102834,0.03885395,-0.36055652
9.320000,-0.31959357,-0.29948616,1.15488220,0.06621662,1.55048495,-0.25548930,-0.11517952,0.13144883,0.30289868,-0.22317231,0.04902948,-0.26106249,-0.20656496,0.15365182,0.36097943,-0.26794763,0.03477364,-0.34689384
9.330000,-0.32075562,-0.29816413,1.15792892,0.06397174,1.55097691,-0.25811703,-0.11722386,0.13294251,0.30641306,-0.22578187,0.04935640,-0.26445706,-0.20214293,0.14498220,0.34165110,-0.25378202,0.03059262,-0.33177413
9.340000,-0.32193788,-0.29682761,1.16100979,0.06170148,1.55147194,-0.26077791,-0.11921914,0.13434640,0.30972674,-0.22824426,0.04964100,-0.26769300,-0.19674830,0.13569182,0.32083352,-0.23850833,0.02631194,-0.31516158
9.350000,-0.32313981,-0.29547752,1.16412273,0.05940738,1.55196959,-0.26347031,-0.12115549,0.13565424,0.31282467,-0.23054827,0.04988231,-0.27075519,-0.19035285,0.12576925,0.29849591,-0.22210336,0.02193268,-0.29702040
9.360000,-0.32436076,-0.29411487,1.16726551,0.05709108,1.55246943,-0.26619239,-0.12302276,0.13685964,0.31569149,-0.23268248,0.05007933,-0.27362819,-0.18292840,0.11520310,0.27460746,-0.20454391,0.01745591,-0.27731479
9.370000,-0.32560000,-0.29274069,1.17043574,0.05475433,1.55297102,-0.26894219,-0.12481053,0.13795612,0.31831154,-0.23463522,0.05023111,-0.27629616,-0.17444674,0.10398194,0.24913738,-0.18580679,0.01288270,-0.25600897
9.380000,-0.32685667,-0.29135613,1.17363087,0.05239902,1.55347390,-0.27171757,-0.12650808,0.13893706,0.32066887,-0.23639461,0.05033667,-0.27874292,-0.16488157,0.09209561,0.22205791,-0.16587106,0.00821432,-0.23307013
9.390000,-0.32812982,-0.28996236,1.17684819,0.05002713,1.55397760,-0.27451625,-0.12810461,0.13979587,0.32274747,-0.23794874,0.05039510,-0.28095223,-0.15425044,0.07956246,0.19341059,-0.14476736,0.00345705,-0.20853468
9.400000,-0.32941839,-0.28856064,1.18008484,0.04764077,1.55448164,-0.27733577,-0.12958974,0.14052631,0.32453222,-0.23928634,0.05040555,-0.28290864,-0.14261475,0.06642935,0.16330637,-0.12257795,-0.00137786,-0.18250823
9.410000,-0.33072122,-0.28715228,1.18333781,0.04524216,1.55498555,-0.28017354,-0.13095376,0.14112262,0.32600912,-0.24039697,0.05036732,-0.28459779,-0.13003778,0.05274440,0.13185917,-0.09938733,-0.00627895,-0.15509938
9.420000,-0.33203703,-0.28573865,1.18660395,0.04283361,1.55548883,-0.28302680,-0.13218757,0.14157952,0.32716531,-0.24127103,0.05027979,-0.28600638,-0.11658284,0.03855571,0.09918293,-0.07527998,-0.01123476,-0.12641675
9.430000,-0.33336450,-0.28432117,1.18988001,0.04041755,1.55599098,-0.28589269,-0.13328270,0.14189222,0.32798906,-0.24189979,0.05014248,-0.28712224,-0.10231322,0.02391140,0.06539159,-0.05034041,-0.01623383,-0.09656894
9.440000,-0.33470220,-0.28290130,1.19316259,0.03799646,1.55649151,-0.28876823,-0.13423133,0.14205639,0.32846980,-0.24227535,0.04995501,-0.28793424,-0.08729222,0.00885956,0.03059908,-0.02465311,-0.02126468,-0.06566456
9.450000,-0.33604862,-0.28148055,1.19644823,0.03557291,1.55698991,-0.29165033,-0.13502625,0.14206821,0.32859809,-0.24239064,0.04971712,-0.28843237,-0.07158313,-0.00655169,-0.00508065,0.00169743,-0.02631586,-0.03381223
9.460000,-0.33740219,-0.28006046,1.19973335,0.03314954,1.55748568,-0.29453580,-0.13566091,0.14192432,0.32836561,-0.24223947,0.04942866,-0.28860769,-0.05524926,-0.02227423,-0.04153367,0.02862670,-0.03137590,-0.00112055
9.470000,-0.33876128,-0.27864259,1.20301431,0.03072903,1.55797832,-0.29742138,-0.13612937,0.14162185,0.32776522,-0.24181646,0.04908961,-0.28845234,-0.03835390,-0.03825997,-0.07864604,0.05605021,-0.03643334,0.03230186
9.480000,-0.34012421,-0.27722856,1.20628741,0.02831413,1.55846731,-0.30030372,-0.13642633,0.14115840,0.32679087,-0.24111710,0.04870004,-0.28795958,-0.02096034,-0.05446080,-0.11630384,0.08388346,-0.04147671,0.06634641
9.490000,-0.34148922,-0.27581997,1.20954887,0.02590762,1.55895215,-0.30317942,-0.13654713,0.14053207,0.32543770,-0.24013771,0.04826016,-0.28712370,-0.00313189,-0.07082860,-0.15439311,0.11204196,-0.04649456,0.10090447
9.500000,-0.34285455,-0.27441846,1.21279489,0.02351232,1.55943234,-0.30604504,-0.13648773,0.13974143,0.32370195,-0.23887546,0.04777027,-0.28594014,0.01506817,-0.08731527,-0.19279992,0.14044122,-0.05147541,0.13586744
9.510000,-0.34421837,-0.27302569,1.21602162,0.02113106,1.55990739,-0.30889706,-0.13624473,0.13878553,0.32158102,-0.23732836,0.04723081,-0.28440537,0.03357652,-0.10387269,-0.23141034,0.16899673,-0.05640780,0.17112671
9.520000,-0.34557882,-0.27164331,1.21922522,0.01876671,1.56037680,-0.31173196,-0.13581538,0.13766390,0.31907345,-0.23549528,0.04664232,-0.28251698,0.05232989,-0.12045277,-0.27011043,0.19762400,-0.06128027,0.20657367
9.530000,-0.34693404,-0.27027297,1.22240180,0.01642211,1.56084007,-0.31454621,-0.13519753,0.13637656,0.31617890,-0.23337592,0.04600545,-0.28027363,0.07126496,-0.13700738,-0.30878624,0.22623854,-0.06608135,0.24209970
9.540000,-0.34828214,-0.26891633,1.22554751,0.01410014,1.56129675,-0.31733625,-0.13438969,0.13492400,0.31289818,-0.23097084,0.04532097,-0.27767508,0.09031844,-0.15348843,-0.34732386,0.25475584,-0.07079959,0.27759621
9.550000,-0.34962120,-0.26757503,1.22865848,0.01180364,1.56174634,-0.32009853,-0.13339098,0.13330720,0.30923326,-0.22828141,0.04458977,-0.27472217,0.10942704,-0.16984780,-0.38560933,0.28309141,-0.07542351,0.31295457
9.560000,-0.35094932,-0.26625072,1.23173090,0.00953545,1.56218839,-0.32282952,-0.13220117,0.13152761,0.30518722,-0.22530990,0.04381285,-0.27141681,0.12852746,-0.18603738,-0.42352872,0.31116076,-0.07994166,0.34806619
9.570000,-0.35226459,-0.26494502,1.23476097,0.00729837,1.56262245,-0.32552570,-0.13082067,0.12958718,0.30076429,-0.22205937,0.04299133,-0.26776203,0.14755640,-0.20200907,-0.46096809,0.33887940,-0.08434257,0.38282245
9.580000,-0.35356510,-0.26365951,1.23774495,0.00509518,1.56304807,-0.32818361,-0.12925049,0.12748832,0.29596983,-0.21853376,0.04212643,-0.26376191,0.16645057,-0.21771475,-0.49781351,0.36616281,-0.08861477,0.41711474
9.590000,-0.35484897,-0.26239577,1.24067915,0.00292860,1.56346483,-0.33079981,-0.12749232,0.12523393,0.29081037,-0.21473784,0.04121950,-0.25942164,0.18514666,-0.23310633,-0.53395105,0.39292651,-0.09274680,0.45083444
9.600000,-0.35611433,-0.26115534,1.24355997,0.00080131,1.56387233,-0.33337093,-0.12554843,0.12282740,0.28529355,-0.21067724,0.04027200,-0.25474749,0.20358139,-0.24813568,-0.56926675,0.41908600,-0.09672721,0.48387296
9.610000,-0.35735933,-0.25993972,1.24638386,-0.00128408,1.56427014,-0.33589367,-0.12342177,0.12027258,0.27942816,-0.20635842,0.03928550,-0.24974682,0.22169145,-0.26275470,-0.60364669,0.44455679,-0.10054451,0.51612169
9.620000,-0.35858217,-0.25875037,1.24914740,-0.00332503,1.56465791,-0.33836481,-0.12111590,0.11757383,0.27322412,-0.20178868,0.03826169,-0.24442805,0.23941354,-0.27691528,-0.63697693,0.46925438,-0.10418726,0.54747200
9.630000,-0.35978107,-0.25758870,1.25184725,-0.00531905,1.56503526,-0.34078120,-0.11863500,0.11473597,0.26669250,-0.19697619,0.03720237,-0.23880073,0.25668438,-0.29056932,-0.66914353,0.49309427,-0.10764398,0.57781530
9.640000,-0.36095430,-0.25645609,1.25448020,-0.00726377,1.56540185,-0.34313983,-0.11598392,0.11176429,0.25984551,-0.19192994,0.03610947,-0.23287547,0.27344066,-0.30366870,-0.70003255,0.51599197,-0.11090322,0.60704296
9.650000,-0.36210020,-0.25535384,1.25704315,-0.00915690,1.56575734,-0.34543776,-0.11316812,0.10866460,0.25269649,-0.18665977,0.03498500,-0.22666395,0.28961909,-0.31616532,-0.72953006,0.53786298,-0.11395350,0.63504640
9.660000,-0.36321713,-0.25428321,1.25953317,-0.01099625,1.56610145,-0.34767219,-0.11019368,0.10544316,0.24525992,-0.18117638,0.03383113,-0.22017898,0.30515637,-0.32801106,-0.75752213,0.55862281,-0.11678337,0.66171698
9.670000,-0.36430356,-0.25324536,1.26194745,-0.01277976,1.56643388,-0.34984047,-0.10706734,0.10210671,0.23755144,-0.17549130,0.03265011,-0.21343442,0.31998920,-0.33915782,-0.78389480,0.57818695,-0.11938136,0.68694611
9.680000,-0.36535800,-0.25224143,1.26428335,-0.01450545,1.56675437,-0.35194007,-0.10379645,0.09866249,0.22958781,-0.16961691,0.03144431,-0.20644523,0.33405429,-0.34955749,-0.80853416,0.59647092,-0.12173601,0.71062517
9.690000,-0.36637904,-0.25127245,1.26653841,-0.01617151,1.56706269,-0.35396861,-0.10038902,0.09511821,0.22138692,-0.16356643,0.03021624,-0.19922744,0.34728833,-0.35916196,-0.83132625,0.61339021,-0.12383585,0.73264556
9.700000,-0.36736535,-0.25033937,1.26871036,-0.01777624,1.56735863,-0.35592391,-0.09685367,0.09148206,0.21296782,-0.15735394,0.02896849,-0.19179821,0.35962804,-0.36792312,-0.85215715,0.62886034,-0.12566942,0.75289866
9.710000,-0.36831571,-0.24944308,1.27079711,-0.01931810,1.56764200,-0.35780393,-0.09319965,0.08776272,0.20435069,-0.15099434,0.02770378,-0.18417572,0.37101012,-0.37579286,-0.87091291,0.64279680,-0.12722525,0.77127587
9.720000,-0.36922898,-0.24858437,1.27279678,-0.02079569,1.56791266,-0.35960685,-0.08943687,0.08396934,0.19555686,-0.14450340,0.02642494,-0.17637930,0.38137126,-0.38272308,-0.88747960,0.65511510,-0.12849189,0.78766857
9.730000,-0.37010412,-0.24776391,1.27470773,-0.02220778,1.56817046,-0.36133101,-0.08557584,0.08011155,0.18660878,-0.13789771,0.02513494,-0.16842933,0.39064818,-0.38866566,-0.90174328,0.66573074,-0.12945786,0.80196816
9.740000,-0.37094021,-0.24698232,1.27652852,-0.02355332,1.56841533,-0.36297499,-0.08162773,0.07619948,0.17753005,-0.13119474,0.02383683,-0.16034728,0.39877757,-0.39357250,-0.91359002,0.67455923,-0.13011171,0.81406602
9.750000,-0.37173643,-0.24624007,1.27825798,-0.02483141,1.56864718,-0.36453759,-0.07760433,0.07224371,0.16834541,-0.12441277,0.02253378,-0.15215571,0.40569614,-0.39739548,-0.92290588,0.68151607,-0.13044197,0.82385355
9.760000,-0.37249209,-0.24553755,1.27989516,-0.02604137,1.56886600,-0.36601782,-0.07351806,0.06825534,0.15908075,-0.11757094,0.02122911,-0.14387827,0.41134059,-0.40008651,-0.92957692,0.68651676,-0.13043718,0.83122214
9.770000,-0.37320662,-0.24487503,1.28143942,-0.02718270,1.56907177,-0.36741495,-0.06938197,0.06424592,0.14976307,-0.11068923,0.01992620,-0.13553969,0.41564763,-0.40159746,-0.93348920,0.68947681,-0.13008586,0.83606317
9.780000,-0.37387961,-0.24425266,1.28289034,-0.02825509,1.56926454,-0.36872850,-0.06520977,0.06022749,0.14042054,-0.10378848,0.01862858,-0.12716579,0.41855395,-0.40188024,-0.93452879,0.69031173,-0.12937657,0.83826804
9.790000,-0.37451075,-0.24367047,1.28424784,-0.02925848,1.56944437,-0.36995824,-0.06101577,0.05621257,0.13108245,-0.09689036,0.01733990,-0.11878348,0.41999627,-0.40088673,-0.93258175,0.68893701,-0.12829783,0.83772814
9.800000,-0.37509990,-0.24312836,1.28551211,-0.03019298,1.56961138,-0.37110423,-0.05681494,0.05221417,0.12177924,-0.09001739,0.01606389,-0.11042074,0.41991127,-0.39856882,-0.92753414,0.68526816,-0.12683818,0.83433486
9.810000,-0.37564707,-0.24262609,1.28668365,-0.03105899,1.56976571,-0.37216681,-0.05262285,0.04824577,0.11254248,-0.08319293,0.01480444,-0.10210666,0.41823568,-0.39487841,-0.91927203,0.67922068,-0.12498616,0.82797958
9.820000,-0.37615244,-0.24216329,1.28776329,-0.03185709,1.56990754,-0.37314663,-0.04845574,0.04432133,0.10340489,-0.07644119,0.01356552,-0.09387139,0.41490618,-0.38976739,-0.90768147,0.67071009,-0.12273030,0.81855370
9.830000,-0.37661633,-0.24173947,1.28875219,-0.03258814,1.57003710,-0.37404461,-0.04433045,0.04045531,0.09440033,-0.06978722,0.01235122,-0.08574618,0.40985949,-0.38318764,-0.89264854,0.65965187,-0.12005915,0.80594861
9.840000,-0.37703925,-0.24135394,1.28965185,-0.03325324,1.57015466,-0.37486202,-0.04026448,0.03666264,0.08556378,-0.06325692,0.01116576,-0.07776337,0.40303231,-0.37509106,-0.87405930,0.64596154,-0.11696122,0.79005570
9.850000,-0.37742188,-0.24100592,1.29046414,-0.03385377,1.57026052,-0.37560046,-0.03627595,0.03295871,0.07693137,-0.05687705,0.01001346,-0.06995639,0.39436133,-0.36542954,-0.85179980,0.62955460,-0.11342507,0.77076636
9.860000,-0.37776509,-0.24069442,1.29119129,-0.03439138,1.57035505,-0.37626185,-0.03238361,0.02935942,0.06854039,-0.05067517,0.00889875,-0.06235973,0.38378327,-0.35415497,-0.82575612,0.61034656,-0.10943923,0.74797198
9.870000,-0.37806993,-0.24041833,1.29183589,-0.03486797,1.57043864,-0.37684848,-0.02860685,0.02588115,0.06042925,-0.04467973,0.00782621,-0.05500899,0.37123483,-0.34121925,-0.79581430,0.58825291,-0.10499223,0.72156395
9.880000,-0.37833767,-0.24017634,1.29240094,-0.03528576,1.57051173,-0.37736298,-0.02496569,0.02254074,0.05263748,-0.03892001,0.00680048,-0.04794086,0.35665270,-0.32657426,-0.76186043,0.56318917,-0.10007261,0.69143366
9.890000,-0.37856977,-0.23996699,1.29288984,-0.03564725,1.57057482,-0.37780836,-0.02148079,0.01935552,0.04520579,-0.03342613,0.00582637,-0.04119309,0.33997359,-0.31017189,-0.72378056,0.53507083,-0.09466891,0.65747250
9.900000,-0.37876788,-0.23978865,1.29330639,-0.03595527,1.57062845,-0.37818803,-0.01817342,0.01634332,0.03817600,-0.02822906,0.00490876,-0.03480454,0.32113421,-0.29196404,-0.68146075,0.50381340,-0.08876966,0.61957186
9.910000,-0.37893390,-0.23963949,1.29365484,-0.03621293,1.57067320,-0.37850578,-0.01506552,0.01352242,0.03159109,-0.02336061,0.00405267,-0.02881515,0.30007126,-0.27190260,-0.63478706,0.46933238,-0.08236340,0.57762313
9.920000,-0.37906993,-0.23951750,1.29393984,-0.03642368,1.57070972,-0.37876580,-0.01217962,0.01091160,0.02549515,-0.01885344,0.00326322,-0.02326593,0.27672144,-0.24993945,-0.58364557,0.43154328,-0.07543866,0.53151771
9.930000,-0.37917831,-0.23942049,1.29416652,-0.03659131,1.57073871,-0.37897271,-0.00953892,0.00853013,0.01993345,-0.01474105,0.00254566,-0.01819901,0.25102146,-0.22602650,-0.52792233,0.39036161,-0.06798399,0.48114698
9.940000,-0.37926161,-0.23934607,1.29434045,-0.03671994,1.57076089,-0.37913154,-0.00716724,0.00639773,0.01495236,-0.01105780,0.00190534,-0.01365757,0.22290801,-0.20011562,-0.46750340,0.34570286,-0.05998791,0.42640232
9.950000,-0.37932263,-0.23929164,1.29446766,-0.03681402,1.57077709,-0.37924776,-0.00508902,0.00453464,0.01059941,-0.00783887,0.00134774,-0.00968591,0.19231781,-0.17215872,-0.40227485,0.29748253,-0.05143896,0.36717514
9.960000,-0.37936445,-0.23925441,1.29455469,-0.03687838,1.57078814,-0.37932730,-0.00332935,0.00296154,0.00692327,-0.00512030,0.00087845,-0.00632937,0.15918754,-0.14210769,-0.33212275,0.24561614,-0.04232569,0.30335683
9.970000,-0.37939037,-0.23923137,1.29460855,-0.03691821,1.57079497,-0.37937655,-0.00191394,0.00169962,0.00397375,-0.00293898,0.00050315,-0.00363444,0.12345393,-0.10991440,-0.25693315,0.19001919,-0.03263662,0.23483877
9.980000,-0.37940396,-0.23921931,1.29463676,-0.03693908,1.57079854,-0.37940236,-0.00086916,0.00077055,0.00180178,-0.00133263,0.00022767,-0.00164863,0.08505366,-0.07553077,-0.17659211,0.13060718,-0.02236029,0.16151235
9.990000,-0.37940908,-0.23921478,1.29464735,-0.03694691,1.57079988,-0.37941205,-0.00022197,0.00019647,0.00045946,-0.00033983,0.00005794,-0.00042058,0.04392345,-0.03890867,-0.09098571,0.06729562,-0.01148524,0.08326896
10.000000,-0.37940982,-0.23921412,1.29464889,-0.03694805,1.57080007,-0.37941346,0.00000000,0.00000000,-0.00000000,0.00000000,-0.00000000,0.00000000,0.00000000,-0.00000000,-0.00000000,0.00000000,-0.00000000,0.00000000
