condition,frame,timestamp_s,valid_depth,robot_state_timestamp_s,raw_points,cropped_points,scene_points_after_self_filter,robot_residual_points,cluster_count,risk_state,frame_processing_ms
start,0,0.000000,1,-0.001402,94158,32631,24074,79,0,SAFE,19.9473
start,1,0.033333,1,0.032745,89668,29533,21698,119,0,SAFE,17.3722
start,2,0.066667,1,0.067904,91848,28725,19239,61,0,SAFE,21.1514
start,3,0.100000,1,0.098006,94737,32875,23926,95,0,SAFE,18.0651
start,4,0.133333,1,0.133758,95353,33264,23785,62,0,SAFE,14.6196
start,5,0.166667,1,0.165776,89615,32795,24787,84,0,SAFE,22.7524
start,6,0.200000,1,0.201311,93081,31335,21858,47,0,SAFE,12.7040
start,7,0.233333,1,0.233453,89438,30541,22626,46,0,SAFE,15.6733
start,8,0.266667,1,0.267992,88780,30757,22754,67,0,SAFE,20.9618
start,9,0.300000,1,0.299011,90522,30291,22086,65,0,SAFE,13.4658
start,10,0.333333,1,0.334328,93778,34064,24090,93,0,SAFE,16.5707
start,11,0.366667,1,0.364579,101584,31976,22246,54,0,SAFE,17.2902
start,12,0.400000,1,0.394496,103110,34196,24005,44,0,SAFE,16.0729
start,13,0.433333,1,0.436878,96872,34808,25831,77,0,SAFE,19.0491
start,14,0.466667,1,0.465744,93774,30348,21366,87,0,SAFE,14.3787
start,15,0.500000,1,0.501514,105559,35429,25043,47,0,SAFE,11.9649
start,16,0.533333,1,0.535750,89496,29727,21554,63,0,SAFE,14.7799
start,17,0.566667,1,0.568745,88610,29145,21307,95,0,SAFE,17.9599
start,18,0.600000,1,0.598804,93336,30023,21926,46,0,SAFE,20.5667
start,19,0.633333,1,0.634212,97167,33725,24462,92,0,SAFE,19.3019
start,20,0.666667,1,0.667247,94215,31889,22616,100,0,SAFE,16.1758
start,21,0.700000,1,0.699094,102945,35284,25019,78,0,SAFE,14.6303
start,22,0.733333,1,0.733823,97388,32693,22684,62,0,SAFE,17.6210
start,23,0.766667,1,0.769613,90340,30086,23057,96,0,SAFE,19.2235
start,24,0.800000,1,0.801605,93228,34828,23350,93,0,SAFE,15.4065
start,25,0.833333,1,0.833788,90340,31565,22778,77,0,SAFE,19.0001
start,26,0.866667,1,0.864720,95478,31816,23880,61,0,SAFE,19.8512
start,27,0.900000,1,0.900796,93489,33920,24515,56,0,SAFE,15.7653
start,28,0.933333,1,0.932110,94825,32250,22800,105,0,SAFE,19.0532
start,29,0.966667,1,0.967202,96211,30461,22365,50,0,SAFE,14.6919
start,30,1.000000,1,0.998536,96483,36122,25708,30,0,SAFE,16.1150
start,31,1.033333,1,1.034558,86020,29778,22516,63,0,SAFE,19.4852
start,32,1.066667,1,1.067151,93401,30792,22147,70,0,SAFE,15.4508
start,33,1.100000,1,1.098842,95051,33418,24704,106,0,SAFE,21.5888
start,34,1.133333,1,1.134686,88410,30269,21400,108,0,SAFE,15.1759
start,35,1.166667,1,1.168857,88738,29740,21219,67,0,SAFE,18.0645
start,36,1.200000,1,1.199163,86127,28842,20151,77,0,SAFE,18.1728
start,37,1.233333,1,1.230186,97448,32163,23672,72,0,SAFE,17.6006
start,38,1.266667,1,1.265072,95720,30643,22397,54,0,SAFE,20.7768
start,39,1.300000,1,1.301710,89926,30452,22060,85,0,SAFE,16.2777
start,40,1.333333,1,1.332988,84379,28118,23219,101,0,SAFE,20.7918
start,41,1.366667,1,1.367318,96721,31580,23430,89,0,SAFE,19.8364
start,42,1.400000,1,1.398416,92613,29375,22123,62,0,SAFE,17.5826
start,43,1.433333,1,1.433265,92960,31859,23854,67,0,SAFE,17.8602
start,44,1.466667,1,1.463375,91651,31571,23356,90,0,SAFE,25.1715
start,45,1.500000,1,1.497999,95357,32608,22853,83,0,SAFE,23.2024
start,46,1.533333,1,1.535121,91662,30914,21797,83,0,SAFE,17.0680
start,47,1.566667,1,1.567006,93715,35711,26405,63,0,SAFE,14.2959
start,48,1.600000,1,1.599742,87076,29241,20868,70,0,SAFE,20.4121
start,49,1.633333,1,1.629385,96271,32221,22950,84,0,SAFE,17.9607
start,50,1.666667,1,1.663853,96924,30516,21530,132,0,SAFE,21.5470
start,51,1.700000,1,1.701376,93580,32719,24350,52,0,SAFE,14.5213
start,52,1.733333,1,1.729725,91314,29803,21197,95,0,SAFE,15.8715
start,53,1.766667,1,1.765856,87388,29131,22000,43,0,SAFE,15.7002
start,54,1.800000,1,1.802081,87616,32539,24925,60,0,SAFE,15.0645
start,55,1.833333,1,1.832953,97442,30520,22428,75,0,SAFE,20.0175
start,56,1.866667,1,1.864581,93485,29500,21571,63,0,SAFE,15.0301
start,57,1.900000,1,1.900891,92145,32986,23250,91,0,SAFE,19.2529
start,58,1.933333,1,1.932323,87993,29451,21191,85,0,SAFE,19.8306
start,59,1.966667,1,1.969443,92133,31724,22910,60,0,SAFE,21.0195
start,60,2.000000,1,1.997870,102796,35347,24186,40,0,SAFE,21.9697
start,61,2.033333,1,2.033399,90368,30209,21928,70,0,SAFE,17.6406
start,62,2.066667,1,2.065232,99202,32105,24196,48,0,SAFE,14.9559
start,63,2.100000,1,2.098949,98534,34787,25987,116,0,SAFE,17.8431
start,64,2.133333,1,2.134664,92023,30190,22074,64,0,SAFE,14.1231
start,65,2.166667,1,2.169556,86282,30005,21749,87,0,SAFE,18.4548
start,66,2.200000,1,2.199925,93365,33665,23759,65,0,SAFE,22.1361
start,67,2.233333,1,2.231984,91692,30616,21831,92,0,SAFE,17.5065
start,68,2.266667,1,2.266554,96992,32708,23340,51,0,SAFE,19.2723
start,69,2.300000,1,2.304237,93773,31787,22575,103,0,SAFE,15.9080
start,70,2.333333,1,2.332925,93054,31041,22200,82,0,SAFE,13.3757
start,71,2.366667,1,2.368268,89911,29237,20580,73,0,SAFE,15.3601
start,72,2.400000,1,2.399627,87594,31779,23516,95,0,SAFE,18.9240
start,73,2.433333,1,2.436046,93230,32119,23762,96,0,SAFE,16.6880
start,74,2.466667,1,2.467489,92428,29926,21036,117,0,SAFE,18.3704
start,75,2.500000,1,2.502330,92444,31285,23577,76,0,SAFE,20.0555
start,76,2.533333,1,2.536252,91089,31211,21086,61,0,SAFE,24.9992
start,77,2.566667,1,2.567320,89511,32434,22503,94,0,SAFE,13.5751
start,78,2.600000,1,2.600361,94885,31950,23078,66,0,SAFE,20.9318
start,79,2.633333,1,2.633791,89876,31905,21648,97,0,SAFE,14.8835
start,80,2.666667,1,2.665145,94006,32015,24361,64,0,SAFE,15.9814
start,81,2.700000,1,2.699970,90746,30297,22644,101,0,SAFE,19.1714
start,82,2.733333,1,2.732054,88572,31611,23302,94,0,SAFE,22.2958
start,83,2.766667,1,2.766013,91442,31230,23946,64,0,SAFE,13.4889
start,84,2.800000,1,2.799286,84874,28783,21442,71,0,SAFE,19.8288
start,85,2.833333,1,2.833461,89159,31220,22596,77,0,SAFE,19.3114
start,86,2.866667,1,2.864790,89855,29530,21482,90,0,SAFE,20.2711
start,87,2.900000,1,2.893263,96526,31280,22960,86,0,SAFE,16.2197
start,88,2.933333,1,2.934236,93586,31383,21520,105,0,SAFE,22.0263
start,89,2.966667,1,2.966813,89070,28271,20342,72,0,SAFE,12.2530
start,90,3.000000,1,3.002409,92759,30855,21294,86,0,SAFE,14.8396
start,91,3.033333,1,3.028699,94144,31688,24436,75,0,SAFE,16.1058
start,92,3.066667,1,3.067490,101661,38480,26356,64,0,SAFE,16.5277
start,93,3.100000,1,3.095917,97162,31412,22181,81,0,SAFE,22.5963
start,94,3.133333,1,3.134992,86059,31799,22776,80,0,SAFE,15.8377
start,95,3.166667,1,3.167173,96135,29952,21635,60,0,SAFE,24.5188
start,96,3.200000,1,3.198940,91690,31606,22217,27,0,SAFE,15.8951
start,97,3.233333,1,3.232678,91918,29363,20915,29,0,SAFE,14.5478
start,98,3.266667,1,3.269447,94181,30335,20898,97,0,SAFE,22.8309
start,99,3.300000,1,3.295744,93825,35058,25985,76,0,SAFE,15.7979
start,100,3.333333,1,3.333665,97501,33840,23661,89,0,SAFE,19.6707
start,101,3.366667,1,3.366306,92613,30566,22541,88,0,SAFE,17.6063
start,102,3.400000,1,3.402271,83071,27760,20975,71,0,SAFE,20.2667
start,103,3.433333,1,3.434665,95011,32358,22636,121,0,SAFE,22.7390
start,104,3.466667,1,3.467318,93326,32205,23556,42,0,SAFE,18.0104
start,105,3.500000,1,3.499892,94802,31386,21879,56,0,SAFE,25.2393
start,106,3.533333,1,3.532697,92022,31425,23902,68,0,SAFE,24.0079
start,107,3.566667,1,3.567767,95092,30980,23567,98,0,SAFE,20.0593
start,108,3.600000,1,3.600026,93288,31796,22778,106,0,SAFE,21.5602
start,109,3.633333,1,3.633077,89088,31107,22516,59,0,SAFE,19.6050
start,110,3.666667,1,3.665649,98421,33378,23290,87,0,SAFE,16.2205
start,111,3.700000,1,3.701359,93750,31874,22130,71,1,SAFE_TRANSIENT_CLUSTER,20.3024
start,112,3.733333,1,3.732972,90803,32355,24081,78,0,SAFE,16.1056
start,113,3.766667,1,3.765523,97842,33338,23542,58,0,SAFE,16.8253
start,114,3.800000,1,3.799912,92794,31353,23689,73,0,SAFE,19.1161
start,115,3.833333,1,3.834222,92687,32345,21527,57,0,SAFE,16.1586
start,116,3.866667,1,3.865452,105132,34712,24668,122,0,SAFE,24.2111
start,117,3.900000,1,3.899927,91688,30085,21773,84,0,SAFE,22.2052
start,118,3.933333,1,3.937110,97680,33349,23003,39,0,SAFE,23.0361
start,119,3.966667,0,3.965984,102364,38087,25785,84,0,SAFE,18.5909
start,120,4.000000,1,3.996444,95862,33655,24554,55,0,SAFE,17.0165
start,121,4.033333,1,4.036404,100678,34775,25297,79,0,SAFE,22.9526
start,122,4.066667,1,4.064865,93786,33059,23323,73,0,SAFE,14.3229
start,123,4.100000,1,4.100840,91409,30624,22209,48,0,SAFE,14.3828
start,124,4.133333,1,4.133838,100760,31433,22013,75,0,SAFE,14.4924
start,125,4.166667,1,4.166514,91609,30269,23167,75,0,SAFE,15.7015
start,126,4.200000,1,4.200062,90761,31110,22223,81,0,SAFE,21.8040
start,127,4.233333,1,4.235601,95329,32657,24808,80,0,SAFE,15.7836
start,128,4.266667,1,4.268413,90035,30559,21821,89,0,SAFE,19.7969
start,129,4.300000,1,4.302781,92980,34306,24916,81,0,SAFE,19.2275
start,130,4.333333,1,4.334629,87618,28381,21050,75,0,SAFE,10.6155
start,131,4.366667,1,4.366466,100729,32936,23607,72,0,SAFE,17.6496
start,132,4.400000,1,4.399653,89136,30801,21639,90,0,SAFE,13.7644
start,133,4.433333,1,4.432582,93368,30640,21775,54,0,SAFE,24.4420
start,134,4.466667,1,4.466228,93247,30954,22334,82,0,SAFE,24.3982
start,135,4.500000,1,4.499141,90744,30391,21942,105,0,SAFE,20.3204
start,136,4.533333,1,4.532621,84007,27820,20626,128,0,SAFE,19.2195
start,137,4.566667,1,4.563888,93102,30696,22038,79,0,SAFE,22.9737
start,138,4.600000,1,4.597459,98035,34540,25698,53,0,SAFE,17.3839
start,139,4.633333,1,4.633661,90835,31743,23270,55,0,SAFE,16.1103
start,140,4.666667,1,4.665218,86775,32897,23675,111,0,SAFE,15.7638
start,141,4.700000,1,4.696744,92152,32618,22471,83,0,SAFE,23.1101
start,142,4.733333,1,4.732641,85629,29307,21755,69,0,SAFE,18.8698
start,143,4.766667,1,4.766672,94867,32222,23921,70,0,SAFE,18.9853
start,144,4.800000,1,4.798776,92114,30131,22085,34,0,SAFE,12.2592
start,145,4.833333,1,4.834016,91829,29885,21679,94,0,SAFE,18.7594
start,146,4.866667,1,4.864486,88030,30022,21222,74,0,SAFE,13.4951
start,147,4.900000,1,4.900966,88437,28447,20126,102,0,SAFE,22.1767
start,148,4.933333,1,4.935421,94305,34804,24673,84,0,SAFE,20.4611
start,149,4.966667,1,4.966545,103045,35049,24262,64,0,SAFE,22.3949
start,150,5.000000,1,4.999655,89487,31402,20816,61,0,SAFE,20.1851
start,151,5.033333,1,5.032902,92857,30759,22423,73,0,SAFE,14.1647
start,152,5.066667,1,5.064509,98449,33815,23981,60,0,SAFE,16.1728
start,153,5.100000,1,5.100137,94105,31525,22431,52,0,SAFE,16.7142
start,154,5.133333,1,5.136048,96185,32992,24559,56,0,SAFE,18.3653
start,155,5.166667,1,5.167182,93792,30826,22476,122,0,SAFE,18.4800
start,156,5.200000,1,5.198941,92931,30479,22987,105,0,SAFE,20.1723
start,157,5.233333,1,5.232935,86364,30334,23197,78,0,SAFE,18.3894
start,158,5.266667,1,5.266518,99178,34091,24771,79,0,SAFE,18.4839
start,159,5.300000,1,5.298060,92676,33093,22251,73,0,SAFE,18.0800
start,160,5.333333,1,5.333507,98246,34422,24837,91,0,SAFE,18.8731
start,161,5.366667,1,5.369232,87347,30316,21622,73,0,SAFE,10.8095
start,162,5.400000,1,5.402225,96065,33101,24268,83,0,SAFE,20.0893
start,163,5.433333,1,5.432078,93127,31511,22267,42,0,SAFE,15.4580
start,164,5.466667,1,5.465262,85872,31172,21958,88,0,SAFE,21.9087
start,165,5.500000,1,5.496172,95987,31888,24188,89,0,SAFE,16.7446
start,166,5.533333,1,5.532518,98253,31365,22850,86,0,SAFE,20.5060
start,167,5.566667,1,5.566675,90358,32136,22299,56,0,SAFE,21.1909
start,168,5.600000,1,5.598023,92808,31456,22225,34,0,SAFE,22.0387
start,169,5.633333,1,5.634653,95636,32871,23129,69,0,SAFE,16.0107
start,170,5.666667,1,5.666540,96118,28957,21259,86,0,SAFE,14.4666
start,171,5.700000,1,5.702104,94418,31212,22385,61,0,SAFE,18.8977
start,172,5.733333,1,5.732797,92572,32324,23413,61,0,SAFE,9.7734
start,173,5.766667,1,5.762670,90383,31400,22308,52,0,SAFE,20.6644
start,174,5.800000,1,5.801209,90071,28337,21974,63,0,SAFE,18.4464
start,175,5.833333,1,5.831417,91636,32715,22988,101,0,SAFE,17.1653
start,176,5.866667,1,5.865181,96617,33596,24998,97,0,SAFE,19.6106
start,177,5.900000,1,5.899252,94868,32018,24266,70,0,SAFE,21.1221
start,178,5.933333,1,5.930613,93935,30009,22206,97,0,SAFE,16.2952
start,179,5.966667,1,5.964867,100450,34143,24359,55,0,SAFE,18.2766
start,180,6.000000,1,6.001314,92738,32458,23165,87,0,SAFE,16.1790
start,181,6.033333,1,6.033523,93763,31039,21804,81,0,SAFE,18.4646
start,182,6.066667,1,6.070140,88618,31685,23282,86,0,SAFE,15.2950
start,183,6.100000,1,6.098398,92051,32200,23560,102,0,SAFE,19.9548
start,184,6.133333,1,6.132678,97762,32056,22865,75,0,SAFE,17.2629
start,185,6.166667,1,6.165902,92463,31045,22844,103,0,SAFE,14.7804
start,186,6.200000,0,6.200212,82578,28638,21082,92,0,SAFE,17.3261
start,187,6.233333,1,6.229652,97827,31063,20095,78,0,SAFE,21.6322
start,188,6.266667,1,6.265717,98557,33686,24050,46,0,SAFE,14.0975
start,189,6.300000,1,6.298810,99063,31705,23714,85,0,SAFE,21.1525
start,190,6.333333,1,6.334724,94975,34998,26267,40,1,SAFE_TRANSIENT_CLUSTER,18.7816
start,191,6.366667,1,6.368038,92798,32901,24525,70,0,SAFE,17.5010
start,192,6.400000,1,6.398281,94521,34446,24306,52,0,SAFE,13.5686
start,193,6.433333,1,6.433136,95201,33871,24027,91,0,SAFE,23.9543
start,194,6.466667,1,6.466595,89948,30815,21775,89,0,SAFE,16.2403
start,195,6.500000,1,6.499593,92855,31005,21806,77,0,SAFE,13.1191
start,196,6.533333,1,6.534833,90684,26733,18366,74,0,SAFE,18.1110
start,197,6.566667,1,6.567509,91953,29941,21549,59,0,SAFE,17.0135
start,198,6.600000,1,6.598957,94455,33604,23120,81,0,SAFE,12.5922
start,199,6.633333,1,6.637779,90560,32493,24146,68,0,SAFE,15.3739
start,200,6.666667,1,6.668860,93821,30733,21945,51,0,SAFE,22.7861
start,201,6.700000,1,6.702200,86240,28957,21071,71,0,SAFE,22.0329
start,202,6.733333,1,6.730890,93874,34118,23292,87,0,SAFE,11.0906
start,203,6.766667,1,6.768372,108569,36893,27641,91,0,SAFE,15.4324
start,204,6.800000,1,6.800717,94317,33157,23717,127,0,SAFE,17.5245
start,205,6.833333,1,6.831905,96488,34776,25655,68,0,SAFE,15.9053
start,206,6.866667,1,6.865625,99861,38071,28547,74,0,SAFE,25.9713
start,207,6.900000,1,6.898135,97710,36213,26237,83,0,SAFE,20.4965
start,208,6.933333,1,6.933918,95834,34129,24781,75,0,SAFE,17.3697
start,209,6.966667,1,6.965960,101014,33278,24574,54,0,SAFE,21.1179
start,210,7.000000,1,6.998523,88359,31152,21241,60,0,SAFE,16.0242
start,211,7.033333,1,7.031471,91390,32229,23290,66,0,SAFE,21.5905
start,212,7.066667,1,7.065759,95162,31360,22019,56,0,SAFE,21.1213
start,213,7.100000,1,7.096762,94324,32343,23421,36,0,SAFE,12.2233
start,214,7.133333,1,7.136223,86779,30920,21863,90,0,SAFE,9.4234
start,215,7.166667,1,7.165227,91693,31205,22308,68,0,SAFE,16.5489
start,216,7.200000,1,7.200304,98972,33822,23804,72,0,SAFE,14.7472
start,217,7.233333,1,7.233758,94915,33468,23732,86,0,SAFE,19.1295
start,218,7.266667,1,7.264755,97506,33085,24606,61,0,SAFE,14.9963
start,219,7.300000,1,7.300697,94965,33725,24669,82,0,SAFE,19.4949
start,220,7.333333,1,7.334024,88733,29074,21254,102,0,SAFE,14.5718
start,221,7.366667,1,7.364353,95032,31410,23899,56,0,SAFE,13.9889
start,222,7.400000,1,7.399148,93128,31929,22653,65,0,SAFE,14.3055
start,223,7.433333,1,7.435268,90641,30309,20679,58,0,SAFE,20.2681
start,224,7.466667,1,7.465971,94195,31585,23002,94,0,SAFE,15.4554
start,225,7.500000,1,7.499656,91467,30598,21293,69,0,SAFE,21.3497
start,226,7.533333,1,7.532090,91249,29447,20932,114,0,SAFE,16.2714
start,227,7.566667,1,7.567257,93757,30935,22078,78,0,SAFE,21.5465
start,228,7.600000,1,7.597509,82541,28082,20690,97,0,SAFE,17.5573
start,229,7.633333,1,7.635810,91861,32417,23364,77,0,SAFE,15.5027
start,230,7.666667,1,7.668164,92705,31753,21688,32,0,SAFE,15.0743
start,231,7.700000,1,7.700287,92911,32297,23694,65,0,SAFE,20.7456
start,232,7.733333,1,7.734120,96449,33901,21962,89,0,SAFE,21.4884
start,233,7.766667,1,7.767609,91071,29501,23214,97,0,SAFE,18.3157
start,234,7.800000,1,7.797459,96501,33152,23650,70,0,SAFE,14.5963
start,235,7.833333,1,7.832474,92636,32694,24186,65,0,SAFE,22.7294
start,236,7.866667,1,7.868298,101179,33664,24252,68,0,SAFE,17.4888
start,237,7.900000,1,7.900035,90107,30391,22242,73,0,SAFE,9.0959
start,238,7.933333,1,7.935199,92125,31796,24422,67,0,SAFE,17.7269
start,239,7.966667,1,7.969716,97313,32769,22775,57,0,SAFE,17.8698
start,240,8.000000,1,8.000528,95487,33919,23947,53,0,SAFE,14.2893
start,241,8.033333,1,8.033319,90130,28123,20312,94,0,SAFE,15.0320
start,242,8.066667,1,8.065954,103291,34204,21509,65,0,SAFE,19.9949
start,243,8.100000,1,8.101466,97169,33846,24217,59,0,SAFE,19.2524
start,244,8.133333,1,8.132991,88827,31566,21921,83,0,SAFE,22.2232
start,245,8.166667,1,8.167311,86317,31536,22116,63,0,SAFE,21.6438
start,246,8.200000,1,8.199332,96205,32888,24530,72,0,SAFE,26.9422
start,247,8.233333,1,8.231575,91642,31457,23209,75,0,SAFE,19.2930
start,248,8.266667,1,8.263617,96659,32980,25446,59,0,SAFE,19.9063
start,249,8.300000,1,8.299332,96350,32706,24075,82,0,SAFE,17.1474
start,250,8.333333,1,8.333843,94947,29643,21263,103,0,SAFE,20.3950
start,251,8.366667,1,8.366703,95534,33567,24822,62,0,SAFE,23.9714
start,252,8.400000,1,8.399965,99008,32942,23709,80,0,SAFE,11.9207
start,253,8.433333,1,8.431045,83303,27451,19041,109,0,SAFE,18.5903
start,254,8.466667,1,8.465496,93367,27703,20992,98,0,SAFE,21.2132
start,255,8.500000,1,8.500377,94465,30592,21349,101,0,SAFE,17.2287
start,256,8.533333,1,8.533479,91766,33773,24908,97,0,SAFE,24.3226
start,257,8.566667,1,8.564711,90131,30467,21574,83,0,SAFE,18.5639
start,258,8.600000,1,8.601235,92309,34465,24665,67,0,SAFE,22.1090
start,259,8.633333,1,8.634071,91378,32452,24220,77,0,SAFE,16.1226
start,260,8.666667,1,8.667029,90075,30544,22481,49,0,SAFE,17.8981
start,261,8.700000,1,8.699197,88851,30354,21891,64,0,SAFE,19.0910
start,262,8.733333,1,8.734001,95736,34217,25177,91,0,SAFE,14.2764
start,263,8.766667,1,8.766323,104306,34567,23755,53,0,SAFE,21.8927
start,264,8.800000,1,8.799739,101752,33557,23518,71,0,SAFE,19.9176
start,265,8.833333,1,8.833202,101658,34868,25281,34,0,SAFE,17.0635
start,266,8.866667,1,8.866270,97421,30409,21014,53,0,SAFE,23.6179
start,267,8.900000,1,8.899477,88694,29902,21923,46,0,SAFE,19.7349
start,268,8.933333,1,8.931597,87953,33671,23821,62,0,SAFE,18.9093
start,269,8.966667,1,8.968245,88502,30224,23911,78,0,SAFE,20.5189
start,270,9.000000,1,8.997945,87263,30435,21577,64,0,SAFE,17.4134
start,271,9.033333,1,9.033234,92617,30551,22314,70,0,SAFE,16.0611
start,272,9.066667,1,9.067020,86225,29398,21818,68,0,SAFE,15.3795
start,273,9.100000,1,9.099017,94061,32157,23315,44,0,SAFE,20.1083
start,274,9.133333,1,9.133613,88683,30458,22896,62,0,SAFE,14.7047
start,275,9.166667,1,9.168836,99004,35241,25060,68,0,SAFE,17.6162
start,276,9.200000,1,9.199993,104121,34710,24847,74,0,SAFE,17.0242
start,277,9.233333,1,9.233723,95329,33234,24556,60,0,SAFE,16.7254
start,278,9.266667,1,9.267494,88287,28949,19132,73,0,SAFE,15.1211
start,279,9.300000,1,9.297806,85062,27646,20375,79,0,SAFE,20.9989
start,280,9.333333,1,9.330584,95890,33157,24406,89,0,SAFE,20.5418
start,281,9.366667,1,9.366013,92718,31889,22817,55,0,SAFE,14.3617
start,282,9.400000,1,9.400425,95450,31445,22448,93,0,SAFE,21.1921
start,283,9.433333,1,9.430404,92567,31906,23125,79,0,SAFE,19.1714
start,284,9.466667,1,9.466013,91641,32245,22214,84,0,SAFE,15.3885
start,285,9.500000,1,9.502028,92977,31991,23203,101,0,SAFE,23.7621
start,286,9.533333,1,9.533616,88013,28958,21170,108,0,SAFE,16.4615
start,287,9.566667,1,9.566714,90914,30331,22315,71,0,SAFE,22.0411
start,288,9.600000,1,9.601071,92935,30957,20893,95,0,SAFE,20.1901
start,289,9.633333,1,9.633868,94154,35289,25303,88,0,SAFE,17.6915
start,290,9.666667,1,9.668730,91455,31335,22373,50,0,SAFE,16.0600
start,291,9.700000,1,9.701971,97681,30714,22215,56,0,SAFE,19.4313
start,292,9.733333,1,9.731469,100363,35110,24091,96,0,SAFE,17.9459
start,293,9.766667,1,9.767391,89010,28555,22235,73,0,SAFE,19.7354
start,294,9.800000,1,9.803738,96781,33804,25365,79,0,SAFE,18.4308
start,295,9.833333,1,9.836269,91370,30230,21478,63,0,SAFE,15.8671
start,296,9.866667,1,9.867077,98179,32330,21116,81,0,SAFE,15.0719
start,297,9.900000,1,9.902543,84316,26938,18862,95,0,SAFE,17.4609
start,298,9.933333,1,9.934440,92743,33495,24993,80,1,SAFE_TRANSIENT_CLUSTER,20.2814
start,299,9.966667,1,9.967341,97451,33312,24217,28,0,SAFE,16.6003
start,300,10.000000,1,9.998201,97254,32493,24272,74,0,SAFE,17.6117
start,301,10.033333,1,10.033509,93738,30426,22200,78,0,SAFE,19.7363
start,302,10.066667,1,10.066658,90153,31178,22878,76,0,SAFE,20.2151
start,303,10.100000,1,10.099518,89249,31448,23217,66,0,SAFE,16.8085
start,304,10.133333,1,10.134211,100744,34268,25294,72,0,SAFE,18.0511
start,305,10.166667,1,10.164955,95444,30911,21829,59,0,SAFE,13.1213
start,306,10.200000,1,10.198944,88377,27905,19548,70,0,SAFE,18.5181
start,307,10.233333,1,10.233829,88842,27252,20326,107,0,SAFE,18.3222
start,308,10.266667,1,10.266810,100213,34795,25277,122,0,SAFE,12.5789
start,309,10.300000,1,10.302106,90227,30680,21547,52,0,SAFE,21.2312
start,310,10.333333,1,10.335901,100022,31819,22558,93,0,SAFE,19.7237
start,311,10.366667,1,10.368182,91879,31908,23935,78,0,SAFE,20.4652
start,312,10.400000,1,10.400966,92589,32690,22875,79,0,SAFE,19.7323
start,313,10.433333,1,10.436292,92237,29965,21185,65,0,SAFE,11.4513
start,314,10.466667,1,10.466713,93152,31049,21047,93,0,SAFE,16.5915
start,315,10.500000,1,10.497235,92152,30002,21696,73,0,SAFE,22.4552
start,316,10.533333,1,10.533193,98575,34319,24506,92,0,SAFE,18.9668
start,317,10.566667,1,10.567116,96092,33612,25267,42,0,SAFE,17.8708
start,318,10.600000,1,10.598275,91345,30863,22449,109,0,SAFE,13.8397
start,319,10.633333,1,10.631707,93987,30868,22496,54,0,SAFE,21.1528
start,320,10.666667,1,10.668974,97109,32348,22395,80,0,SAFE,20.1109
start,321,10.700000,1,10.699411,97926,33077,23500,60,0,SAFE,23.7093
start,322,10.733333,1,10.734171,97854,32478,22958,80,0,SAFE,13.9982
start,323,10.766667,1,10.763598,96366,31326,22666,64,0,SAFE,14.9090
start,324,10.800000,1,10.800517,89193,28930,21311,90,0,SAFE,22.3970
start,325,10.833333,1,10.832063,94640,31775,22528,54,0,SAFE,14.8826
start,326,10.866667,1,10.867713,94505,31223,23534,60,0,SAFE,18.1068
start,327,10.900000,1,10.897965,81599,28442,20484,34,0,SAFE,13.5619
start,328,10.933333,1,10.933722,92164,33752,22687,62,0,SAFE,19.5479
start,329,10.966667,1,10.968089,88365,28503,19954,45,0,SAFE,17.6474
start,330,11.000000,1,10.998284,92506,30161,21230,114,0,SAFE,17.4294
start,331,11.033333,1,11.033878,98058,32246,24513,84,0,SAFE,11.6289
start,332,11.066667,1,11.064964,87896,30657,21683,110,0,SAFE,18.2935
start,333,11.100000,1,11.099467,93275,30460,23693,58,0,SAFE,17.3786
start,334,11.133333,1,11.133790,100265,31861,23463,62,0,SAFE,14.0502
start,335,11.166667,1,11.171289,89424,33158,24042,73,0,SAFE,19.6803
start,336,11.200000,1,11.199225,95702,32242,22813,87,0,SAFE,15.8675
start,337,11.233333,1,11.231034,95660,31355,23421,114,0,SAFE,17.0770
start,338,11.266667,1,11.266587,88400,29585,20362,56,0,SAFE,12.0024
start,339,11.300000,1,11.299104,87316,30066,22316,65,0,SAFE,16.9566
start,340,11.333333,1,11.332912,88064,31710,23666,90,0,SAFE,18.8299
start,341,11.366667,1,11.366781,90950,29654,21586,49,0,SAFE,16.6760
start,342,11.400000,1,11.398131,87256,30245,22380,90,0,SAFE,21.5418
start,343,11.433333,1,11.430876,89283,31101,22646,54,0,SAFE,17.1402
start,344,11.466667,1,11.468861,91026,31896,22598,47,0,SAFE,17.5302
start,345,11.500000,1,11.499637,85320,29689,22182,56,0,SAFE,11.4256
start,346,11.533333,1,11.533605,91748,31082,23375,92,0,SAFE,17.0083
start,347,11.566667,1,11.570500,90702,30504,20735,90,0,SAFE,19.0416
start,348,11.600000,1,11.597360,94473,31735,22558,65,0,SAFE,18.0788
start,349,11.633333,1,11.635441,91370,32696,25039,73,0,SAFE,21.5497
start,350,11.666667,1,11.665867,90064,30973,20685,110,0,SAFE,9.2531
start,351,11.700000,1,11.697373,89845,30488,22332,94,0,SAFE,17.5673
start,352,11.733333,1,11.735822,97221,34509,24180,79,0,SAFE,21.2968
start,353,11.766667,1,11.764010,90646,30821,24629,60,0,SAFE,28.9023
start,354,11.800000,1,11.804379,98202,31973,21693,55,0,SAFE,26.7297
start,355,11.833333,1,11.834261,91583,32618,23149,84,0,SAFE,20.7428
start,356,11.866667,1,11.866684,97518,33405,22668,56,0,SAFE,21.1421
start,357,11.900000,1,11.898310,94857,32759,23678,49,0,SAFE,12.5836
start,358,11.933333,1,11.933146,101065,33881,24943,87,0,SAFE,26.8684
start,359,11.966667,1,11.969455,90100,27746,20057,62,1,SAFE_TRANSIENT_CLUSTER,17.9636
start,360,12.000000,1,11.999363,88472,33062,23722,80,0,SAFE,18.1194
start,361,12.033333,1,12.031828,83919,25436,18672,97,0,SAFE,18.3729
start,362,12.066667,1,12.068054,87192,29186,20559,45,0,SAFE,17.4306
start,363,12.100000,1,12.100098,95253,32931,25111,104,0,SAFE,16.0924
start,364,12.133333,1,12.132576,100722,35268,24192,80,0,SAFE,24.2631
start,365,12.166667,1,12.166429,92524,30422,21484,101,0,SAFE,23.3009
start,366,12.200000,1,12.200700,93684,32625,23108,106,0,SAFE,17.1187
start,367,12.233333,1,12.234036,93835,30398,20867,93,0,SAFE,14.9761
start,368,12.266667,1,12.265682,93992,29423,20694,103,0,SAFE,15.6358
start,369,12.300000,1,12.301778,90444,31687,22467,58,0,SAFE,16.3347
start,370,12.333333,1,12.333698,92711,31073,22890,62,0,SAFE,17.6040
start,371,12.366667,1,12.366831,98849,33093,23441,64,0,SAFE,24.9969
start,372,12.400000,1,12.396840,91783,31207,23282,81,0,SAFE,14.8476
start,373,12.433333,1,12.433754,86668,30359,21430,50,0,SAFE,14.0185
start,374,12.466667,1,12.467490,91684,31608,21826,55,0,SAFE,22.4060
start,375,12.500000,1,12.496816,95428,33027,24075,63,0,SAFE,15.7218
start,376,12.533333,1,12.533119,96665,33769,24546,63,0,SAFE,16.9244
start,377,12.566667,1,12.569396,92730,33904,25185,89,0,SAFE,16.9326
start,378,12.600000,1,12.599321,95705,33217,24786,78,0,SAFE,17.8863
start,379,12.633333,1,12.636066,98907,34864,25368,85,0,SAFE,15.6345
start,380,12.666667,1,12.666894,90200,30223,21895,70,0,SAFE,20.9384
start,381,12.700000,1,12.702497,96614,32382,22047,88,0,SAFE,19.1657
start,382,12.733333,1,12.730982,88771,30769,22128,92,0,SAFE,18.6396
start,383,12.766667,1,12.766515,101820,34082,26012,67,0,SAFE,16.7805
start,384,12.800000,1,12.799907,93727,31942,23463,93,0,SAFE,24.3686
start,385,12.833333,1,12.833468,102096,35441,24590,57,0,SAFE,18.6739
start,386,12.866667,1,12.867772,97620,33132,22892,67,0,SAFE,17.6262
start,387,12.900000,1,12.901543,92216,31776,23279,36,0,SAFE,17.5115
start,388,12.933333,1,12.934879,94113,33871,23882,85,0,SAFE,18.4917
start,389,12.966667,1,12.966328,91810,31398,23130,110,0,SAFE,17.9475
start,390,13.000000,1,12.999815,98250,33465,23578,70,0,SAFE,16.8752
start,391,13.033333,1,13.031204,97109,36165,25391,62,1,SAFE_TRANSIENT_CLUSTER,23.5219
start,392,13.066667,1,13.067058,92580,30899,22294,65,0,SAFE,18.1744
start,393,13.100000,1,13.099708,94772,34866,25625,88,0,SAFE,16.0864
start,394,13.133333,1,13.137250,88911,31804,22225,99,0,SAFE,14.1138
start,395,13.166667,1,13.166210,95002,34140,25249,69,0,SAFE,15.5429
start,396,13.200000,1,13.200308,93716,31264,21787,71,0,SAFE,12.7417
start,397,13.233333,1,13.231246,86830,29739,21243,62,0,SAFE,19.4414
start,398,13.266667,1,13.266878,91951,31415,23335,66,0,SAFE,13.5806
start,399,13.300000,1,13.301033,89645,29120,20318,93,0,SAFE,18.2345
start,400,13.333333,1,13.334354,80127,28027,19396,74,0,SAFE,10.6120
start,401,13.366667,1,13.365958,85265,29833,21471,83,0,SAFE,18.1777
start,402,13.400000,1,13.397695,92002,31419,23208,87,0,SAFE,13.6890
start,403,13.433333,1,13.433953,86468,27975,21064,91,0,SAFE,19.1860
start,404,13.466667,1,13.466144,87347,29303,20521,83,0,SAFE,18.1545
start,405,13.500000,1,13.497984,94893,33271,23677,116,0,SAFE,21.1764
start,406,13.533333,1,13.533634,89976,30075,21041,80,0,SAFE,23.1706
start,407,13.566667,1,13.563606,94846,32146,23036,47,0,SAFE,24.6711
start,408,13.600000,1,13.599409,98476,33168,25941,39,0,SAFE,9.1574
start,409,13.633333,1,13.633575,90680,29525,21142,75,0,SAFE,18.5528
start,410,13.666667,1,13.671196,101835,33107,23257,71,0,SAFE,12.1419
start,411,13.700000,1,13.703695,93918,32933,23600,70,0,SAFE,20.8458
start,412,13.733333,1,13.733269,95116,32275,22347,64,0,SAFE,15.7968
start,413,13.766667,1,13.766712,91595,33780,25348,38,0,SAFE,12.4444
start,414,13.800000,1,13.800221,86218,28546,20925,60,0,SAFE,13.7149
start,415,13.833333,1,13.835970,90254,28211,21331,86,0,SAFE,12.3260
start,416,13.866667,1,13.864666,87473,27457,19779,55,0,SAFE,19.7400
start,417,13.900000,1,13.902416,84996,27560,19602,91,0,SAFE,23.7166
start,418,13.933333,1,13.934349,91535,31344,23355,37,0,SAFE,19.6551
start,419,13.966667,1,13.968727,97502,33775,24063,79,0,SAFE,17.7146
start,420,14.000000,1,13.998238,86843,28737,20979,68,0,SAFE,16.2001
start,421,14.033333,1,14.035290,91695,28136,20275,84,0,SAFE,19.8033
start,422,14.066667,1,14.064843,89040,29398,20074,55,0,SAFE,14.6498
start,423,14.100000,1,14.098443,97504,32080,22252,76,0,SAFE,16.6160
start,424,14.133333,1,14.135449,93899,32296,24483,78,0,SAFE,19.6769
start,425,14.166667,1,14.168512,99748,35553,26563,63,0,SAFE,23.9714
start,426,14.200000,1,14.198939,94557,32597,23435,76,0,SAFE,25.3797
start,427,14.233333,1,14.235372,100045,31300,22713,61,0,SAFE,18.7782
start,428,14.266667,1,14.269121,90899,30583,22254,64,0,SAFE,15.5782
start,429,14.300000,1,14.303211,94094,30987,21525,53,0,SAFE,18.7489
start,430,14.333333,1,14.334779,98051,30167,21127,74,0,SAFE,20.1996
start,431,14.366667,1,14.366204,96303,33288,24756,92,0,SAFE,18.2215
start,432,14.400000,1,14.398818,88239,28385,20676,101,0,SAFE,21.0406
start,433,14.433333,1,14.431978,94695,31703,23635,58,0,SAFE,17.1416
start,434,14.466667,1,14.467878,85964,29561,22264,90,0,SAFE,18.0230
start,435,14.500000,1,14.500505,90182,31317,22410,80,0,SAFE,15.3612
start,436,14.533333,1,14.533568,94672,30813,21461,76,0,SAFE,15.5026
start,437,14.566667,1,14.567180,98502,31192,23634,92,0,SAFE,21.7922
start,438,14.600000,1,14.600075,94602,33864,24600,69,0,SAFE,20.6187
start,439,14.633333,1,14.635942,88655,31153,22302,39,0,SAFE,14.1211
start,440,14.666667,1,14.665593,92599,30713,21566,90,0,SAFE,14.3986
start,441,14.700000,1,14.699581,94175,29259,21853,112,0,SAFE,16.9622
start,442,14.733333,1,14.734872,93777,32887,24279,64,0,SAFE,17.5758
start,443,14.766667,1,14.767563,94326,32026,23728,49,0,SAFE,20.5534
start,444,14.800000,1,14.801719,91508,32603,23469,82,0,SAFE,11.0118
start,445,14.833333,1,14.836138,85537,28965,20230,74,0,SAFE,19.5342
start,446,14.866667,1,14.867236,94599,33099,23659,99,0,SAFE,21.6858
start,447,14.900000,1,14.899537,84988,26482,19669,72,0,SAFE,27.1344
start,448,14.933333,1,14.935067,96115,32894,22431,74,0,SAFE,17.8082
start,449,14.966667,1,14.967212,96881,32843,24211,69,0,SAFE,10.4310
start,450,15.000000,1,14.999091,92839,29388,20238,81,0,SAFE,15.9631
start,451,15.033333,1,15.033172,92285,33592,23509,101,0,SAFE,10.6548
start,452,15.066667,1,15.068304,91845,32813,23859,83,0,SAFE,24.5029
start,453,15.100000,1,15.098243,86751,31230,22482,55,0,SAFE,12.9874
start,454,15.133333,1,15.130898,89836,28949,19881,101,0,SAFE,20.7494
start,455,15.166667,1,15.167757,93229,34604,23965,111,0,SAFE,17.4039
start,456,15.200000,1,15.203220,103792,36472,24363,57,0,SAFE,19.7190
start,457,15.233333,1,15.235569,86343,30278,23148,83,0,SAFE,18.4281
start,458,15.266667,1,15.268052,90429,31201,21322,94,0,SAFE,21.9006
start,459,15.300000,1,15.300096,92443,29965,22455,96,0,SAFE,20.7871
start,460,15.333333,1,15.332839,99355,33879,24196,96,0,SAFE,23.7142
start,461,15.366667,0,15.369135,84331,27910,19700,72,0,SAFE,13.8321
start,462,15.400000,1,15.399958,86292,30443,22715,81,0,SAFE,15.2703
start,463,15.433333,1,15.431690,96872,33705,25019,60,0,SAFE,16.9060
start,464,15.466667,1,15.466400,94731,32704,22644,100,0,SAFE,15.4187
start,465,15.500000,1,15.502180,99498,33320,24815,83,0,SAFE,19.7484
start,466,15.533333,1,15.531762,91302,30015,21342,47,0,SAFE,17.8115
start,467,15.566667,1,15.566384,87498,29263,20676,77,0,SAFE,22.5099
start,468,15.600000,1,15.599987,91316,32017,23515,42,0,SAFE,14.5526
start,469,15.633333,1,15.635928,92360,30935,21734,59,0,SAFE,19.9213
start,470,15.666667,1,15.665030,92724,31752,21596,90,0,SAFE,19.5003
start,471,15.700000,1,15.699438,86672,30058,21027,52,0,SAFE,22.0476
start,472,15.733333,1,15.732270,89469,28370,19523,88,0,SAFE,19.3829
start,473,15.766667,1,15.764164,94851,35836,25444,61,0,SAFE,19.5049
start,474,15.800000,1,15.803542,89448,30606,21433,99,0,SAFE,13.9476
start,475,15.833333,1,15.833750,90616,31063,21765,73,0,SAFE,16.1285
start,476,15.866667,1,15.870149,88306,33359,23232,119,0,SAFE,20.2394
start,477,15.900000,1,15.899450,90704,29923,20993,53,0,SAFE,15.9622
start,478,15.933333,1,15.931702,83802,29049,20900,81,0,SAFE,16.6845
start,479,15.966667,1,15.966057,93344,31071,21198,96,0,SAFE,20.1287
start,480,16.000000,1,15.999527,100208,31631,21902,81,0,SAFE,19.4719
start,481,16.033333,1,16.032712,93344,31465,23195,45,0,SAFE,17.1189
start,482,16.066667,1,16.067199,98131,35391,26207,51,0,SAFE,16.0079
start,483,16.100000,1,16.098554,94302,33340,23701,79,0,SAFE,21.3112
start,484,16.133333,1,16.134162,83895,28673,21391,78,0,SAFE,18.7697
start,485,16.166667,1,16.165976,90671,32228,22843,28,0,SAFE,19.5399
start,486,16.200000,1,16.198131,93163,33893,24499,70,0,SAFE,14.8951
start,487,16.233333,1,16.232687,97818,34510,25052,36,0,SAFE,17.2636
start,488,16.266667,1,16.264014,93394,31185,22250,82,0,SAFE,14.6803
start,489,16.300000,1,16.298859,92602,33014,22748,99,0,SAFE,12.6635
start,490,16.333333,1,16.335789,97994,33797,25173,76,0,SAFE,12.8389
start,491,16.366667,1,16.365753,94302,32999,22875,67,0,SAFE,23.4381
start,492,16.400000,1,16.403062,93122,33875,24395,62,0,SAFE,21.5088
start,493,16.433333,1,16.432363,92944,32582,24737,46,0,SAFE,15.1398
start,494,16.466667,1,16.464015,84869,26918,17957,107,0,SAFE,17.6185
start,495,16.500000,1,16.500502,96162,32247,22328,102,0,SAFE,16.8042
start,496,16.533333,1,16.532466,99103,35028,25183,81,1,SAFE_TRANSIENT_CLUSTER,22.5030
start,497,16.566667,1,16.568951,93190,32570,24306,106,0,SAFE,17.9412
start,498,16.600000,1,16.601789,99351,33722,24748,94,0,SAFE,17.6011
start,499,16.633333,1,16.631134,93937,34343,24998,84,0,SAFE,18.5348
start,500,16.666667,1,16.666978,97304,32658,23363,68,0,SAFE,19.8165
start,501,16.700000,1,16.700626,97615,32954,23731,64,0,SAFE,21.0570
start,502,16.733333,1,16.733664,98259,32772,23502,65,0,SAFE,21.1904
start,503,16.766667,1,16.766045,86698,28490,20486,92,0,SAFE,16.0485
start,504,16.800000,1,16.799528,98083,36246,24380,62,0,SAFE,14.3542
start,505,16.833333,1,16.835224,96049,32729,23382,54,0,SAFE,18.8467
start,506,16.866667,1,16.866179,92950,31314,23028,56,0,SAFE,26.3825
start,507,16.900000,1,16.900406,97367,30289,22060,67,0,SAFE,14.2936
start,508,16.933333,1,16.930032,87340,30193,22827,86,0,SAFE,16.5553
start,509,16.966667,1,16.968087,92234,30965,22288,72,0,SAFE,19.0430
start,510,17.000000,1,16.996654,99577,34416,26873,82,0,SAFE,14.8663
start,511,17.033333,1,17.034432,89121,29195,18633,57,0,SAFE,21.8517
start,512,17.066667,1,17.065565,87384,29604,21790,55,0,SAFE,16.2260
start,513,17.100000,1,17.099090,95348,31496,22353,53,0,SAFE,23.0375
start,514,17.133333,1,17.133764,89585,32104,24270,44,0,SAFE,19.0599
start,515,17.166667,1,17.163832,95423,36478,26553,30,0,SAFE,19.6132
start,516,17.200000,1,17.200370,89269,31410,23257,60,0,SAFE,23.4988
start,517,17.233333,1,17.233262,88946,30632,23116,64,0,SAFE,19.5570
start,518,17.266667,1,17.267112,94680,35131,25772,68,0,SAFE,27.8841
start,519,17.300000,1,17.298730,95278,32137,24784,67,0,SAFE,13.1500
start,520,17.333333,1,17.333094,92831,33185,23870,62,0,SAFE,18.9490
start,521,17.366667,1,17.369787,90674,32074,22951,94,0,SAFE,12.9218
start,522,17.400000,1,17.401407,91440,32138,23268,47,0,SAFE,14.7174
start,523,17.433333,1,17.434293,96030,33382,24396,73,0,SAFE,16.5634
start,524,17.466667,1,17.467439,94501,32124,23603,76,0,SAFE,18.1864
start,525,17.500000,1,17.500181,84867,28364,20416,86,0,SAFE,18.8543
start,526,17.533333,1,17.534299,92931,31885,22603,67,0,SAFE,20.7943
start,527,17.566667,1,17.567573,89592,28916,20816,69,0,SAFE,18.7828
start,528,17.600000,1,17.605450,101190,33962,22866,75,0,SAFE,13.9163
start,529,17.633333,1,17.632969,101635,35609,26852,139,0,SAFE,19.7497
start,530,17.666667,1,17.668509,88440,29493,21826,73,0,SAFE,16.6323
start,531,17.700000,1,17.699151,96318,32624,23767,56,0,SAFE,20.4144
start,532,17.733333,1,17.732397,88208,30441,23023,99,0,SAFE,15.0187
start,533,17.766667,1,17.767044,96166,30049,21995,75,0,SAFE,20.4437
start,534,17.800000,1,17.799414,99241,34782,26178,87,0,SAFE,16.4851
start,535,17.833333,1,17.834351,93200,32302,23107,54,0,SAFE,17.0242
start,536,17.866667,1,17.864786,95472,31477,22016,68,0,SAFE,18.8181
start,537,17.900000,1,17.900372,96534,32776,22289,93,0,SAFE,20.0356
start,538,17.933333,1,17.936535,85758,27713,19482,112,0,SAFE,24.1286
start,539,17.966667,1,17.964080,94446,31732,23431,79,0,SAFE,18.9487
start,540,18.000000,1,18.002217,97371,33333,24945,73,0,SAFE,24.4553
start,541,18.033333,1,18.034039,86781,29784,20970,63,0,SAFE,18.6048
start,542,18.066667,1,18.066612,97020,33131,23188,44,0,SAFE,18.5366
start,543,18.100000,1,18.103608,91193,29791,21150,65,0,SAFE,18.4382
start,544,18.133333,1,18.135714,93638,29978,23037,113,0,SAFE,19.0733
start,545,18.166667,1,18.166148,88927,30228,21334,66,0,SAFE,16.3399
start,546,18.200000,1,18.200454,97187,33904,24777,103,1,SAFE_TRANSIENT_CLUSTER,13.9912
start,547,18.233333,1,18.233899,98937,34686,24638,109,0,SAFE,17.5615
start,548,18.266667,1,18.270263,94305,30297,21946,76,0,SAFE,16.8660
start,549,18.300000,1,18.300575,94257,30517,21406,71,0,SAFE,18.9840
start,550,18.333333,1,18.333474,102897,33868,23251,71,0,SAFE,19.5425
start,551,18.366667,1,18.368007,87882,29796,21262,79,0,SAFE,21.2183
start,552,18.400000,1,18.399788,89764,31610,23089,78,0,SAFE,16.9049
start,553,18.433333,1,18.434160,87115,30373,22777,29,0,SAFE,18.7786
start,554,18.466667,1,18.469414,97436,32483,23717,71,0,SAFE,20.6282
start,555,18.500000,1,18.501796,87878,31061,21812,63,0,SAFE,10.5996
start,556,18.533333,1,18.536406,98405,31267,23005,98,0,SAFE,18.0877
start,557,18.566667,1,18.564806,93640,30958,22544,100,0,SAFE,15.8827
start,558,18.600000,1,18.598811,92736,34486,24526,67,0,SAFE,12.9018
start,559,18.633333,1,18.634854,97300,32979,23723,37,0,SAFE,17.4159
start,560,18.666667,1,18.666657,91613,31362,22590,62,0,SAFE,17.9167
start,561,18.700000,1,18.698159,90403,31533,22939,89,0,SAFE,18.9878
start,562,18.733333,1,18.733320,93094,32819,24270,95,0,SAFE,18.9587
start,563,18.766667,1,18.763828,93982,32048,22436,107,0,SAFE,17.4475
start,564,18.800000,1,18.802264,91586,32119,23108,85,0,SAFE,23.2662
start,565,18.833333,1,18.833393,95044,32980,22911,87,0,SAFE,18.1904
start,566,18.866667,1,18.866023,90953,31910,23188,76,0,SAFE,16.6851
start,567,18.900000,1,18.899080,87613,30671,21285,63,0,SAFE,11.8967
start,568,18.933333,1,18.931463,91366,31746,23301,81,0,SAFE,18.8917
start,569,18.966667,1,18.967951,94523,31727,22732,77,0,SAFE,12.3443
start,570,19.000000,1,19.000410,82220,27999,19808,67,0,SAFE,15.3441
start,571,19.033333,1,19.033412,99448,34372,27349,59,0,SAFE,16.8955
start,572,19.066667,1,19.064750,87718,25888,18999,87,0,SAFE,19.3237
start,573,19.100000,1,19.101191,97407,31331,22121,75,0,SAFE,19.8055
start,574,19.133333,1,19.135479,91583,29349,22175,65,0,SAFE,17.3678
start,575,19.166667,1,19.167358,94694,32516,23495,95,0,SAFE,20.1465
start,576,19.200000,1,19.200352,91188,29632,21522,87,0,SAFE,19.1938
start,577,19.233333,1,19.233614,95611,34069,23421,88,0,SAFE,22.5129
start,578,19.266667,1,19.265537,87647,30243,21487,42,0,SAFE,22.6647
start,579,19.300000,1,19.301824,95423,32838,24183,78,0,SAFE,22.5814
start,580,19.333333,1,19.331019,94462,31355,21844,52,0,SAFE,21.8137
start,581,19.366667,1,19.365051,88291,32908,24024,79,0,SAFE,25.2481
start,582,19.400000,1,19.401989,95996,34573,24481,47,0,SAFE,16.2723
start,583,19.433333,1,19.434142,91152,31352,24021,94,0,SAFE,14.6881
start,584,19.466667,1,19.467109,98398,36519,23878,40,0,SAFE,19.7713
start,585,19.500000,1,19.501369,96217,30909,22925,102,0,SAFE,16.3127
start,586,19.533333,1,19.533546,95895,30499,21419,71,1,SAFE_TRANSIENT_CLUSTER,22.3717
start,587,19.566667,1,19.566780,93423,31718,23004,88,0,SAFE,21.5927
start,588,19.600000,1,19.598982,88376,29285,19930,34,0,SAFE,21.3605
start,589,19.633333,1,19.634443,95636,32383,24618,65,0,SAFE,21.8327
start,590,19.666667,1,19.668410,94109,31168,22403,68,0,SAFE,21.6716
start,591,19.700000,1,19.700944,87171,29482,22190,42,0,SAFE,17.1385
start,592,19.733333,1,19.734601,87703,30709,21497,73,0,SAFE,20.8719
start,593,19.766667,1,19.767676,92162,35888,25014,85,0,SAFE,24.0900
start,594,19.800000,1,19.799427,90863,32164,24546,94,0,SAFE,11.5540
start,595,19.833333,0,19.833746,93290,31129,22013,82,0,SAFE,17.5565
start,596,19.866667,1,19.865564,92419,32591,23631,52,0,SAFE,19.2623
start,597,19.900000,1,19.899537,91973,30883,22142,57,0,SAFE,21.2941
start,598,19.933333,1,19.932257,92988,30892,22885,100,0,SAFE,10.7177
start,599,19.966667,1,19.965270,87864,29944,22233,79,0,SAFE,17.4228
start,600,20.000000,1,20.003290,96179,33401,24357,59,0,SAFE,17.3771
start,601,20.033333,1,20.031828,94571,32093,22341,114,0,SAFE,19.2022
start,602,20.066667,1,20.066558,88186,31174,21201,35,0,SAFE,18.6038
start,603,20.100000,1,20.101458,88953,31515,23052,69,0,SAFE,17.3833
start,604,20.133333,1,20.132800,86703,29655,22198,119,0,SAFE,21.9758
start,605,20.166667,1,20.165149,97853,32744,23212,92,0,SAFE,15.4005
start,606,20.200000,1,20.195852,91102,29172,21455,84,0,SAFE,16.9463
start,607,20.233333,1,20.233563,90157,32197,21279,49,0,SAFE,20.1908
start,608,20.266667,1,20.265247,87588,28575,20421,86,0,SAFE,22.1640
start,609,20.300000,1,20.299050,95570,31817,22455,102,0,SAFE,22.6790
start,610,20.333333,1,20.335435,86932,28985,20623,104,0,SAFE,12.6632
start,611,20.366667,1,20.365872,96222,33639,24665,49,1,SAFE_TRANSIENT_CLUSTER,18.5688
start,612,20.400000,1,20.398440,101498,32326,23878,83,0,SAFE,20.3796
start,613,20.433333,1,20.433909,100808,34225,24987,91,0,SAFE,22.8687
start,614,20.466667,1,20.467110,92803,31439,23645,27,0,SAFE,20.0619
start,615,20.500000,1,20.498723,98291,34797,25269,88,0,SAFE,18.9338
start,616,20.533333,1,20.534175,94927,31684,24645,98,0,SAFE,15.3110
start,617,20.566667,1,20.567873,90234,29669,21201,76,0,SAFE,11.5189
start,618,20.600000,1,20.598362,92499,32693,24503,90,0,SAFE,16.2803
start,619,20.633333,1,20.633072,97796,33985,24763,46,0,SAFE,17.4090
start,620,20.666667,1,20.664092,90122,30408,21651,89,0,SAFE,14.7650
start,621,20.700000,1,20.699347,89263,32887,23929,68,0,SAFE,15.0280
start,622,20.733333,1,20.734292,88221,30582,22157,82,0,SAFE,16.2213
start,623,20.766667,1,20.768110,100177,34136,25633,92,0,SAFE,18.7765
start,624,20.800000,1,20.798761,95990,32482,22342,44,1,SAFE_TRANSIENT_CLUSTER,18.6673
start,625,20.833333,1,20.833940,98597,32602,24231,70,0,SAFE,10.5836
start,626,20.866667,1,20.865845,89035,32624,23533,70,0,SAFE,10.1353
start,627,20.900000,1,20.899900,87367,28893,21465,79,0,SAFE,15.0636
start,628,20.933333,1,20.932074,104176,36026,25769,60,0,SAFE,8.7642
start,629,20.966667,1,20.969323,95018,31633,22468,73,0,SAFE,19.0133
start,630,21.000000,1,20.999263,96774,32777,25129,74,0,SAFE,12.1460
start,631,21.033333,1,21.031030,103374,34665,24865,73,0,SAFE,11.7626
start,632,21.066667,1,21.065902,90328,31825,22619,96,0,SAFE,13.4813
start,633,21.100000,1,21.101448,88842,30350,21329,49,0,SAFE,25.7492
start,634,21.133333,1,21.130463,91276,30325,21393,84,0,SAFE,22.4562
start,635,21.166667,1,21.164369,96361,33596,23527,37,0,SAFE,16.8166
start,636,21.200000,0,21.199419,89933,29321,22673,102,0,SAFE,16.1093
start,637,21.233333,1,21.233375,97506,29739,20481,87,0,SAFE,20.1832
start,638,21.266667,1,21.267802,96948,33961,22360,98,0,SAFE,19.7453
start,639,21.300000,1,21.300909,92931,32596,23875,77,0,SAFE,10.8426
start,640,21.333333,1,21.335740,98521,33353,23586,87,0,SAFE,13.7773
start,641,21.366667,1,21.367193,91388,29241,21682,101,0,SAFE,14.2490
start,642,21.400000,1,21.396725,92693,31614,23638,66,0,SAFE,11.9736
start,643,21.433333,1,21.433298,96078,34845,25110,82,0,SAFE,14.8809
start,644,21.466667,1,21.470298,89005,28154,20383,70,0,SAFE,21.1413
start,645,21.500000,1,21.501466,91565,32050,23040,118,0,SAFE,26.9516
start,646,21.533333,1,21.531860,93617,33525,24364,89,0,SAFE,13.7019
start,647,21.566667,1,21.566671,86979,31204,22742,77,0,SAFE,16.0255
start,648,21.600000,1,21.600898,103425,34807,24617,98,0,SAFE,18.2655
start,649,21.633333,1,21.633580,97121,34064,25766,91,0,SAFE,15.0362
start,650,21.666667,1,21.664237,92141,31490,21694,74,0,SAFE,19.1731
start,651,21.700000,1,21.700353,96996,34795,23314,92,0,SAFE,17.3027
start,652,21.733333,1,21.733978,98296,32765,23356,73,0,SAFE,17.7560
start,653,21.766667,1,21.762539,92659,32003,22689,93,0,SAFE,12.4570
start,654,21.800000,1,21.798003,101294,32673,24458,93,0,SAFE,17.9182
start,655,21.833333,1,21.834159,95515,31268,22388,82,0,SAFE,19.9116
start,656,21.866667,1,21.864527,91182,28251,21473,65,0,SAFE,15.6457
start,657,21.900000,1,21.896420,92094,28800,20919,100,0,SAFE,20.2528
start,658,21.933333,1,21.929974,87649,30649,23442,66,0,SAFE,17.8468
start,659,21.966667,1,21.966617,96671,32288,21151,73,0,SAFE,12.9582
start,660,22.000000,1,21.998395,90361,32797,23829,39,0,SAFE,18.6988
start,661,22.033333,1,22.032871,96090,34614,24544,82,0,SAFE,13.0144
start,662,22.066667,1,22.066288,99226,36916,26724,54,0,SAFE,22.3231
start,663,22.100000,1,22.099575,95282,32435,22391,68,0,SAFE,17.6746
start,664,22.133333,1,22.132975,89198,30557,22583,66,0,SAFE,13.9985
start,665,22.166667,1,22.165922,98063,34972,25987,72,0,SAFE,21.0454
start,666,22.200000,1,22.201602,99066,36455,26951,63,0,SAFE,22.6328
start,667,22.233333,1,22.236318,92042,32830,23560,52,0,SAFE,16.1693
start,668,22.266667,1,22.265443,99602,35387,25235,107,0,SAFE,18.3862
start,669,22.300000,1,22.299829,88991,29191,20634,51,0,SAFE,23.6872
start,670,22.333333,1,22.334498,96392,30585,21884,75,0,SAFE,21.6691
start,671,22.366667,1,22.365671,93716,35059,24866,59,0,SAFE,13.8034
start,672,22.400000,1,22.399655,96292,31258,21864,54,0,SAFE,15.8446
start,673,22.433333,1,22.434240,88910,28781,22371,75,0,SAFE,20.1146
start,674,22.466667,1,22.466970,84404,28722,21350,62,0,SAFE,17.6325
start,675,22.500000,1,22.498762,87451,30770,21641,47,0,SAFE,12.8451
start,676,22.533333,1,22.533405,94586,31670,24219,69,0,SAFE,15.7092
start,677,22.566667,1,22.567897,89614,29242,22002,93,0,SAFE,17.8299
start,678,22.600000,1,22.601345,97214,33840,26826,104,0,SAFE,17.4945
start,679,22.633333,1,22.634953,96028,31643,22226,52,0,SAFE,17.8436
start,680,22.666667,1,22.666806,87622,29122,20802,84,0,SAFE,19.1639
start,681,22.700000,1,22.700591,91030,31417,23634,65,0,SAFE,21.7444
start,682,22.733333,1,22.729284,86735,29143,19858,94,0,SAFE,12.5267
start,683,22.766667,1,22.767143,90321,28832,19966,115,0,SAFE,14.9757
start,684,22.800000,0,22.801501,95464,32626,23092,103,1,SAFE_TRANSIENT_CLUSTER,13.9527
start,685,22.833333,0,22.833662,93106,33378,23925,69,0,SAFE,22.8676
start,686,22.866667,1,22.870237,95056,34185,23674,87,0,SAFE,20.0707
start,687,22.900000,1,22.899826,95079,33707,24762,78,0,SAFE,21.1884
start,688,22.933333,1,22.932144,94951,29999,21776,94,0,SAFE,18.6567
start,689,22.966667,1,22.966335,100978,35946,25957,81,0,SAFE,19.7027
start,690,23.000000,1,22.999100,89236,31167,22622,83,0,SAFE,22.6266
start,691,23.033333,1,23.032401,97690,35200,26760,95,0,SAFE,17.4012
start,692,23.066667,0,23.068245,90506,31709,23045,94,0,SAFE,12.4705
start,693,23.100000,1,23.098412,92462,33987,24595,31,0,SAFE,18.2371
start,694,23.133333,1,23.135341,94325,33085,24303,73,0,SAFE,20.0535
start,695,23.166667,1,23.169225,107887,36316,25063,57,0,SAFE,19.2853
start,696,23.200000,1,23.197321,93970,34152,23332,87,0,SAFE,22.3650
start,697,23.233333,1,23.231378,90715,32761,22959,88,0,SAFE,24.8225
start,698,23.266667,1,23.268259,91805,32687,23135,86,0,SAFE,17.9732
start,699,23.300000,1,23.300593,83243,26912,19393,61,0,SAFE,18.3385
start,700,23.333333,1,23.333740,94349,31538,22454,81,0,SAFE,19.9545
start,701,23.366667,1,23.364990,88523,32390,23550,58,0,SAFE,17.2177
start,702,23.400000,1,23.399948,95932,30102,22326,76,0,SAFE,21.2234
start,703,23.433333,1,23.433747,87327,28011,20965,73,0,SAFE,23.8290
start,704,23.466667,1,23.467115,92871,31681,23092,52,0,SAFE,19.9127
start,705,23.500000,1,23.500465,93863,34420,25504,90,0,SAFE,17.9045
start,706,23.533333,1,23.533136,92173,30930,22791,73,0,SAFE,19.4665
start,707,23.566667,1,23.564117,99066,32476,24104,92,0,SAFE,16.1808
start,708,23.600000,1,23.599043,93277,32056,22590,73,0,SAFE,18.2874
start,709,23.633333,1,23.635156,87021,30445,21097,94,0,SAFE,18.0838
start,710,23.666667,1,23.665154,89963,27249,19114,28,0,SAFE,15.9451
start,711,23.700000,1,23.700416,95577,33032,24365,89,0,SAFE,19.2889
start,712,23.733333,1,23.731863,97858,34590,24264,78,0,SAFE,17.4100
start,713,23.766667,1,23.767979,88498,29469,20854,105,0,SAFE,21.4886
start,714,23.800000,1,23.803544,97139,31005,22378,57,0,SAFE,20.6258
start,715,23.833333,1,23.832250,101825,32648,22140,83,0,SAFE,24.3188
start,716,23.866667,1,23.869009,93836,32474,23611,58,0,SAFE,15.6872
start,717,23.900000,1,23.902978,85573,30354,22643,88,0,SAFE,12.8098
start,718,23.933333,1,23.934099,99823,34068,23765,46,0,SAFE,19.6941
start,719,23.966667,1,23.964836,91648,30989,21812,70,0,SAFE,21.1131
start,720,24.000000,1,24.000070,94831,29776,20330,67,0,SAFE,15.9641
start,721,24.033333,1,24.034577,84846,25957,17026,78,0,SAFE,17.3294
start,722,24.066667,1,24.066722,95683,33989,24785,112,0,SAFE,18.9579
start,723,24.100000,1,24.102003,94486,28728,20836,58,0,SAFE,12.8810
start,724,24.133333,1,24.133340,87391,27703,19907,45,0,SAFE,13.6287
start,725,24.166667,1,24.168702,95585,31772,23516,101,0,SAFE,17.8311
start,726,24.200000,1,24.201841,94174,32033,23205,82,0,SAFE,14.6927
start,727,24.233333,1,24.236068,92694,31787,23023,78,0,SAFE,18.3062
start,728,24.266667,1,24.264939,91199,32232,23028,65,0,SAFE,22.1270
start,729,24.300000,1,24.298459,95202,34017,23948,74,0,SAFE,16.7421
start,730,24.333333,1,24.330121,96629,33240,24174,81,0,SAFE,21.6173
start,731,24.366667,1,24.365928,89225,28876,20512,69,0,SAFE,19.4485
start,732,24.400000,1,24.400985,90570,29256,21108,93,0,SAFE,14.5001
start,733,24.433333,1,24.432105,86951,29115,19750,46,0,SAFE,17.5816
start,734,24.466667,1,24.467673,92880,31862,22436,91,0,SAFE,19.8998
start,735,24.500000,1,24.501849,97998,32850,23255,58,0,SAFE,20.3630
start,736,24.533333,1,24.536840,90090,30375,21210,56,0,SAFE,22.3274
start,737,24.566667,1,24.571711,90892,30761,21978,84,0,SAFE,20.1825
start,738,24.600000,1,24.601872,90409,30196,20864,58,0,SAFE,16.6226
start,739,24.633333,1,24.632120,92468,29216,22154,18,0,SAFE,17.0489
start,740,24.666667,1,24.668264,96246,33279,24933,73,0,SAFE,19.6361
start,741,24.700000,1,24.700936,89730,31292,20922,87,0,SAFE,21.3651
start,742,24.733333,1,24.731307,102857,33752,26066,85,0,SAFE,17.2387
start,743,24.766667,1,24.766524,97516,35254,27695,69,0,SAFE,17.3489
start,744,24.800000,1,24.802607,97267,30753,22050,50,0,SAFE,14.8010
start,745,24.833333,1,24.834028,96199,33612,24795,69,0,SAFE,20.8383
start,746,24.866667,1,24.866127,97376,32389,24165,82,0,SAFE,17.6780
start,747,24.900000,1,24.897537,92994,30742,22182,71,0,SAFE,21.6508
start,748,24.933333,1,24.935465,89217,29300,21559,99,0,SAFE,18.9318
start,749,24.966667,1,24.967261,93100,30768,22629,46,0,SAFE,16.7517
start,750,25.000000,1,25.002425,86282,28535,21394,90,0,SAFE,19.8126
start,751,25.033333,1,25.034021,93463,31392,24016,81,0,SAFE,17.0336
start,752,25.066667,1,25.067319,96851,35092,26855,78,0,SAFE,19.2951
start,753,25.100000,1,25.101574,94480,32902,25341,70,0,SAFE,12.2700
start,754,25.133333,1,25.132241,94524,33878,23566,72,0,SAFE,18.2236
start,755,25.166667,1,25.169236,94155,30437,21134,71,0,SAFE,17.4854
start,756,25.200000,1,25.199916,89351,30540,21849,98,0,SAFE,20.2924
start,757,25.233333,1,25.232515,88649,31296,23273,84,0,SAFE,17.0710
start,758,25.266667,1,25.267086,88706,30758,21002,103,0,SAFE,13.7083
start,759,25.300000,1,25.299379,94058,30913,21497,118,0,SAFE,13.4227
start,760,25.333333,1,25.331298,93770,32921,23334,89,0,SAFE,17.2683
start,761,25.366667,1,25.365082,92912,32563,23546,99,0,SAFE,14.6679
start,762,25.400000,1,25.401013,84712,30686,22958,82,0,SAFE,13.2658
start,763,25.433333,1,25.437151,95456,32549,23182,37,0,SAFE,22.7112
start,764,25.466667,1,25.465046,95708,32900,25360,101,0,SAFE,20.8687
start,765,25.500000,1,25.501553,91265,30376,21768,82,0,SAFE,21.8200
start,766,25.533333,1,25.532666,89983,28493,20945,32,0,SAFE,16.3336
start,767,25.566667,1,25.565616,88689,29113,20727,90,0,SAFE,16.2260
start,768,25.600000,1,25.600930,95758,33212,22412,72,0,SAFE,14.7640
start,769,25.633333,1,25.634500,101304,30984,22806,104,0,SAFE,17.2943
start,770,25.666667,1,25.664644,92411,36859,27531,90,0,SAFE,20.6636
start,771,25.700000,1,25.700551,98371,33889,24338,49,0,SAFE,19.9744
start,772,25.733333,1,25.733455,93248,34037,25192,79,0,SAFE,11.0952
start,773,25.766667,1,25.767721,94098,32095,23254,71,0,SAFE,16.8354
start,774,25.800000,1,25.797632,96764,35619,26238,93,0,SAFE,14.1479
start,775,25.833333,1,25.829570,93859,31415,21851,100,0,SAFE,14.9598
start,776,25.866667,1,25.866990,95600,30575,22009,91,0,SAFE,18.2858
start,777,25.900000,1,25.899220,89431,30470,22067,87,1,SAFE_TRANSIENT_CLUSTER,17.6915
start,778,25.933333,1,25.933681,92460,31472,20907,65,0,SAFE,20.7051
start,779,25.966667,1,25.969842,92520,32218,23648,64,0,SAFE,20.2281
start,780,26.000000,1,26.001312,87951,31887,23365,70,0,SAFE,14.0332
start,781,26.033333,1,26.032550,93813,32078,22451,84,0,SAFE,16.4644
start,782,26.066667,1,26.068126,98102,35396,25644,88,0,SAFE,18.9693
start,783,26.100000,1,26.101248,89826,28198,21753,106,0,SAFE,19.3833
start,784,26.133333,1,26.131658,92370,31786,22370,19,0,SAFE,16.2574
start,785,26.166667,1,26.166804,94856,32924,24430,101,0,SAFE,14.9876
start,786,26.200000,1,26.200101,86206,30775,22115,105,0,SAFE,21.4036
start,787,26.233333,1,26.233088,83960,28280,20700,60,0,SAFE,14.9491
start,788,26.266667,1,26.268352,93710,32723,24953,68,0,SAFE,17.7137
start,789,26.300000,1,26.301559,92194,32516,23622,102,0,SAFE,13.0347
start,790,26.333333,1,26.334467,85199,29494,20971,104,0,SAFE,15.8383
start,791,26.366667,1,26.365809,98195,32162,24784,64,0,SAFE,19.7362
start,792,26.400000,1,26.401043,98486,35381,25202,53,0,SAFE,15.9112
start,793,26.433333,1,26.436270,95458,31506,23481,80,0,SAFE,17.9861
start,794,26.466667,1,26.468048,100485,34021,24178,77,0,SAFE,24.9533
start,795,26.500000,1,26.499532,99982,33460,24897,50,0,SAFE,20.7040
start,796,26.533333,1,26.531770,94687,31659,23375,99,0,SAFE,16.1990
start,797,26.566667,1,26.565912,92328,32311,24260,71,0,SAFE,13.0919
start,798,26.600000,1,26.599536,87658,28095,19481,73,0,SAFE,16.6262
start,799,26.633333,1,26.629969,93499,31797,21266,82,0,SAFE,14.5206
start,800,26.666667,0,26.668517,94987,33945,25520,87,0,SAFE,13.0490
start,801,26.700000,1,26.699865,86884,30557,22528,65,0,SAFE,19.2329
start,802,26.733333,1,26.734489,94960,32774,24496,106,0,SAFE,17.4424
start,803,26.766667,1,26.763450,96072,33434,24009,74,0,SAFE,14.0244
start,804,26.800000,1,26.799950,91221,31035,23000,73,0,SAFE,22.3184
start,805,26.833333,1,26.833069,85825,28211,19527,49,0,SAFE,21.5955
start,806,26.866667,1,26.868364,91402,29464,21365,61,0,SAFE,20.2833
start,807,26.900000,1,26.899147,99397,32876,24094,72,0,SAFE,16.6261
start,808,26.933333,1,26.936566,86151,31250,21632,104,0,SAFE,20.2968
start,809,26.966667,1,26.966297,93725,32148,25164,88,0,SAFE,16.7299
start,810,27.000000,1,26.999537,95549,31508,23113,77,0,SAFE,17.4440
start,811,27.033333,1,27.032965,91982,31405,22620,116,0,SAFE,20.6393
start,812,27.066667,1,27.065223,91184,30258,23141,81,0,SAFE,20.9589
start,813,27.100000,1,27.096664,87099,28199,18628,79,0,SAFE,21.6382
start,814,27.133333,1,27.134528,85965,28858,21773,63,0,SAFE,13.6498
start,815,27.166667,1,27.165564,97605,29568,20871,47,0,SAFE,12.9829
start,816,27.200000,1,27.198066,94546,29943,22182,78,0,SAFE,12.6410
start,817,27.233333,1,27.234288,87682,30125,21014,119,0,SAFE,19.6145
start,818,27.266667,1,27.268036,97540,31530,22054,116,0,SAFE,19.7814
start,819,27.300000,1,27.302993,85794,28658,20210,56,0,SAFE,14.9199
start,820,27.333333,1,27.333476,91305,33130,23314,71,0,SAFE,15.9694
start,821,27.366667,1,27.369887,88013,28943,20064,81,0,SAFE,16.2469
start,822,27.400000,1,27.402259,96729,33943,25647,79,0,SAFE,20.6655
start,823,27.433333,1,27.434975,87035,28234,19437,99,0,SAFE,19.0512
start,824,27.466667,1,27.464387,101073,34185,24881,55,0,SAFE,23.2718
start,825,27.500000,1,27.500958,103753,33541,23731,66,0,SAFE,23.4238
start,826,27.533333,1,27.532163,85787,31818,23480,67,0,SAFE,19.9555
start,827,27.566667,1,27.566579,92267,30796,21446,78,0,SAFE,22.5666
start,828,27.600000,1,27.598488,91289,31692,23524,119,0,SAFE,16.0422
start,829,27.633333,1,27.634231,96721,33813,23339,94,0,SAFE,15.6426
start,830,27.666667,1,27.663904,92340,29249,20978,59,0,SAFE,20.1978
start,831,27.700000,1,27.700902,89976,33839,24489,60,0,SAFE,14.3346
start,832,27.733333,1,27.734520,86701,27564,19271,54,0,SAFE,21.8002
start,833,27.766667,1,27.768533,97528,32340,23384,139,0,SAFE,21.8261
start,834,27.800000,1,27.798624,88283,31078,22951,56,0,SAFE,19.7978
start,835,27.833333,1,27.833009,94886,32945,24760,102,0,SAFE,15.5557
start,836,27.866667,1,27.865132,93478,32641,22660,63,1,SAFE_TRANSIENT_CLUSTER,21.9669
start,837,27.900000,1,27.902785,93193,32074,23675,48,0,SAFE,17.9790
start,838,27.933333,1,27.935955,94956,32985,25105,85,0,SAFE,20.5230
start,839,27.966667,1,27.966485,95271,31996,22989,57,0,SAFE,17.7643
start,840,28.000000,1,27.998957,98617,31939,23490,86,0,SAFE,18.6483
start,841,28.033333,1,28.035244,89773,30398,21505,65,0,SAFE,16.7171
start,842,28.066667,1,28.065693,89727,30673,21969,36,0,SAFE,16.9096
start,843,28.100000,1,28.099757,104053,35314,27354,50,0,SAFE,19.3709
start,844,28.133333,1,28.135229,89722,30822,23009,99,0,SAFE,16.1561
start,845,28.166667,1,28.166203,92443,31913,22525,105,0,SAFE,16.0281
start,846,28.200000,1,28.202772,91158,33793,23981,75,0,SAFE,17.8491
start,847,28.233333,1,28.234578,95999,32808,23236,80,0,SAFE,18.0862
start,848,28.266667,1,28.265650,95650,34024,25679,83,0,SAFE,19.4185
start,849,28.300000,1,28.300383,97631,33064,23665,94,0,SAFE,14.9688
start,850,28.333333,1,28.333059,97205,32848,23112,100,0,SAFE,21.9018
start,851,28.366667,1,28.366415,93079,33394,23996,23,1,SAFE_TRANSIENT_CLUSTER,18.4821
start,852,28.400000,1,28.402304,91108,32411,21674,67,0,SAFE,16.1416
start,853,28.433333,1,28.431639,92497,30207,22617,106,0,SAFE,17.3139
start,854,28.466667,1,28.468838,100391,33597,24549,97,0,SAFE,18.5227
start,855,28.500000,1,28.502204,91811,29809,21817,35,0,SAFE,17.4435
start,856,28.533333,1,28.533559,96257,35360,24412,69,0,SAFE,15.7629
start,857,28.566667,1,28.569025,90276,30093,21903,81,0,SAFE,16.6345
start,858,28.600000,1,28.597627,102461,35590,25838,60,1,SAFE_TRANSIENT_CLUSTER,18.0470
start,859,28.633333,1,28.632785,94900,31722,23686,62,0,SAFE,15.9706
start,860,28.666667,1,28.670324,88361,31763,22997,85,0,SAFE,18.1283
start,861,28.700000,1,28.701068,87968,32943,23157,67,0,SAFE,17.9702
start,862,28.733333,1,28.734117,88775,32788,22461,85,0,SAFE,22.3470
start,863,28.766667,1,28.765384,94956,31692,22671,81,0,SAFE,20.7798
start,864,28.800000,1,28.798777,94196,33591,23552,51,0,SAFE,21.9685
start,865,28.833333,1,28.832322,95756,30830,21616,110,0,SAFE,20.3578
start,866,28.866667,1,28.866441,95287,32622,23905,46,0,SAFE,20.4324
start,867,28.900000,1,28.900879,97655,32261,23211,39,0,SAFE,12.4223
start,868,28.933333,1,28.936125,91960,28466,20426,95,0,SAFE,23.2175
start,869,28.966667,1,28.967282,85949,28352,20602,43,0,SAFE,15.9341
start,870,29.000000,1,28.999949,91056,32463,23683,84,0,SAFE,17.7780
start,871,29.033333,1,29.032683,100945,35687,26891,76,0,SAFE,14.9318
start,872,29.066667,1,29.067579,91227,31511,24105,85,0,SAFE,21.3987
start,873,29.100000,1,29.099343,89232,29926,20292,55,0,SAFE,16.3685
start,874,29.133333,1,29.135644,96648,32878,24242,115,1,SAFE_TRANSIENT_CLUSTER,19.7596
start,875,29.166667,1,29.167070,89705,31540,21907,78,0,SAFE,13.5328
start,876,29.200000,1,29.202475,92719,30861,21680,67,0,SAFE,12.7064
start,877,29.233333,1,29.229959,92765,29312,20845,114,0,SAFE,16.5249
start,878,29.266667,1,29.264466,93960,32898,23571,121,0,SAFE,14.8454
start,879,29.300000,1,29.298018,96284,33916,23212,75,0,SAFE,16.4182
start,880,29.333333,1,29.331975,91852,28819,20035,118,0,SAFE,15.7868
start,881,29.366667,1,29.361881,88310,29515,21562,94,1,SAFE_TRANSIENT_CLUSTER,15.8271
start,882,29.400000,1,29.399737,84253,29866,21793,55,0,SAFE,18.1883
start,883,29.433333,1,29.430940,81892,27819,19710,74,0,SAFE,18.1288
start,884,29.466667,1,29.467482,101892,33103,23887,91,0,SAFE,11.9980
start,885,29.500000,1,29.501409,91727,30464,21596,78,0,SAFE,20.5230
start,886,29.533333,0,29.533895,93966,33696,24363,54,0,SAFE,13.9061
start,887,29.566667,1,29.569879,101734,34381,25129,106,0,SAFE,17.1830
start,888,29.600000,1,29.599211,97519,31860,21630,90,0,SAFE,17.3710
start,889,29.633333,1,29.631660,81833,28438,20231,82,0,SAFE,21.6395
start,890,29.666667,1,29.664167,89387,30443,22388,65,0,SAFE,22.4800
start,891,29.700000,1,29.702299,90101,29266,21142,115,1,SAFE_TRANSIENT_CLUSTER,21.8921
start,892,29.733333,1,29.733412,97971,33358,22682,87,0,SAFE,21.1767
start,893,29.766667,1,29.768831,100942,36076,25743,58,0,SAFE,24.1342
start,894,29.800000,1,29.796766,96503,33771,24003,76,0,SAFE,18.7604
start,895,29.833333,1,29.833761,92206,32462,23549,69,0,SAFE,17.1206
start,896,29.866667,1,29.864956,93722,31748,21802,78,0,SAFE,19.1250
start,897,29.900000,1,29.899097,96055,34506,24418,114,0,SAFE,17.9985
start,898,29.933333,1,29.932087,89606,30382,22913,83,0,SAFE,18.5099
start,899,29.966667,1,29.965833,95318,32420,21996,68,0,SAFE,19.9762
start,900,30.000000,1,30.000219,92748,31010,22520,71,0,SAFE,20.7325
start,901,30.033333,1,30.034705,94913,34591,24652,70,0,SAFE,12.8602
start,902,30.066667,1,30.065287,96744,30423,23064,62,0,SAFE,18.6914
start,903,30.100000,1,30.099014,95695,31764,23177,61,0,SAFE,17.7339
start,904,30.133333,1,30.131985,88629,31051,22216,102,0,SAFE,15.7502
start,905,30.166667,1,30.169508,92034,31005,22134,93,0,SAFE,16.7744
start,906,30.200000,1,30.200778,95048,28477,22077,54,0,SAFE,22.5741
start,907,30.233333,1,30.232215,85973,29874,23617,62,0,SAFE,22.0869
start,908,30.266667,1,30.271314,92562,30852,21780,78,0,SAFE,14.3703
start,909,30.300000,1,30.302973,92688,29906,23194,86,0,SAFE,11.0348
start,910,30.333333,1,30.334902,95218,32304,23159,62,0,SAFE,18.0620
start,911,30.366667,1,30.366944,98171,33077,25975,75,0,SAFE,21.2743
start,912,30.400000,1,30.398019,88846,31518,21886,69,0,SAFE,13.6291
start,913,30.433333,1,30.434217,89969,32064,23992,71,0,SAFE,22.3618
start,914,30.466667,1,30.467966,92120,32274,22241,78,0,SAFE,21.0924
start,915,30.500000,1,30.499808,91873,31630,21850,86,0,SAFE,20.0569
start,916,30.533333,1,30.533991,92514,33318,23744,75,1,SAFE_TRANSIENT_CLUSTER,18.9220
start,917,30.566667,1,30.566663,92008,31818,22559,99,0,SAFE,24.2546
start,918,30.600000,1,30.599208,95008,33293,25004,67,0,SAFE,17.1070
start,919,30.633333,1,30.636296,100511,35599,26005,105,0,SAFE,17.7384
start,920,30.666667,1,30.663759,89633,32706,24509,120,0,SAFE,15.3334
start,921,30.700000,1,30.698647,95822,33680,25242,65,0,SAFE,17.7233
start,922,30.733333,1,30.733028,82110,28207,20064,11,0,SAFE,17.9451
start,923,30.766667,1,30.764521,90391,31180,22237,61,0,SAFE,16.5575
start,924,30.800000,1,30.799371,94442,32092,24140,46,0,SAFE,22.5793
start,925,30.833333,1,30.834700,89062,28504,19562,70,0,SAFE,18.6542
start,926,30.866667,1,30.865311,100421,34902,25808,88,0,SAFE,22.1018
start,927,30.900000,1,30.901890,87453,29763,22816,60,0,SAFE,11.7089
start,928,30.933333,1,30.929467,88049,29992,21212,54,0,SAFE,17.2045
start,929,30.966667,1,30.965862,91974,30811,20501,110,0,SAFE,17.0520
start,930,31.000000,1,30.999719,95884,32378,23675,97,0,SAFE,23.5611
start,931,31.033333,1,31.032030,93260,28972,20936,86,0,SAFE,22.8364
start,932,31.066667,1,31.065023,84979,28302,21444,129,0,SAFE,19.1764
start,933,31.100000,1,31.101879,97412,35468,24962,76,1,SAFE_TRANSIENT_CLUSTER,22.2909
start,934,31.133333,1,31.134589,89936,30664,21084,76,0,SAFE,21.5105
start,935,31.166667,1,31.164912,97078,34621,24154,67,0,SAFE,18.3802
start,936,31.200000,1,31.201914,95504,31670,23225,86,0,SAFE,18.1738
start,937,31.233333,1,31.234241,95062,32658,22779,11,0,SAFE,16.0927
start,938,31.266667,1,31.265720,88184,28704,20677,95,0,SAFE,14.7785
start,939,31.300000,1,31.299710,87294,30187,22805,64,0,SAFE,14.2451
start,940,31.333333,1,31.331176,91615,32136,22788,69,0,SAFE,17.4636
start,941,31.366667,1,31.368025,95481,30856,21154,54,0,SAFE,19.3755
start,942,31.400000,1,31.399403,88751,29552,21723,93,0,SAFE,15.4424
start,943,31.433333,1,31.430628,90340,30203,21823,138,0,SAFE,21.6020
start,944,31.466667,1,31.468566,96139,31837,22213,72,0,SAFE,16.2238
start,945,31.500000,1,31.497605,101151,33422,25033,46,0,SAFE,16.7501
start,946,31.533333,1,31.536373,90461,33163,24802,45,0,SAFE,22.2336
start,947,31.566667,1,31.565355,93913,31013,22897,77,0,SAFE,18.8643
start,948,31.600000,1,31.599167,97375,33189,25114,84,0,SAFE,15.2872
start,949,31.633333,1,31.632017,88420,30172,20964,88,0,SAFE,20.5339
start,950,31.666667,1,31.665842,97441,31752,23298,130,0,SAFE,19.3927
start,951,31.700000,1,31.699048,91153,32954,24474,76,0,SAFE,15.2326
start,952,31.733333,1,31.730665,83909,28813,21045,107,0,SAFE,16.0556
start,953,31.766667,1,31.767892,85204,28824,20012,86,0,SAFE,17.6323
start,954,31.800000,1,31.804562,94706,33184,24102,72,0,SAFE,16.3902
start,955,31.833333,1,31.833315,88718,27345,19448,50,0,SAFE,17.4277
start,956,31.866667,1,31.869435,89669,29801,21665,93,0,SAFE,16.9742
start,957,31.900000,1,31.899702,96894,32197,22892,80,0,SAFE,16.1433
start,958,31.933333,1,31.932323,87454,30282,22401,93,0,SAFE,24.1458
start,959,31.966667,1,31.966504,88771,32027,22834,75,0,SAFE,20.3302
start,960,32.000000,1,31.999337,91732,29822,20980,63,0,SAFE,14.3559
start,961,32.033333,1,32.036668,94627,30259,22450,56,0,SAFE,13.9334
start,962,32.066667,1,32.065517,94198,32715,24505,72,0,SAFE,13.3250
start,963,32.100000,1,32.098826,99432,35217,27553,92,0,SAFE,20.9969
start,964,32.133333,1,32.133295,92783,33493,23811,93,0,SAFE,15.5638
start,965,32.166667,1,32.168833,92679,30687,21953,93,0,SAFE,15.8880
start,966,32.200000,1,32.199379,88925,32095,23770,84,0,SAFE,21.8762
start,967,32.233333,1,32.232495,86624,28436,19603,86,0,SAFE,15.9997
start,968,32.266667,1,32.266397,93369,32335,23158,63,0,SAFE,19.5092
start,969,32.300000,1,32.300348,95912,33339,24265,59,0,SAFE,22.4928
start,970,32.333333,1,32.330688,94755,31976,23369,89,0,SAFE,12.2539
start,971,32.366667,1,32.367751,97480,33657,24784,45,0,SAFE,20.3160
start,972,32.400000,1,32.400178,103825,36789,27254,50,0,SAFE,19.6851
start,973,32.433333,1,32.431442,97052,32187,21792,70,0,SAFE,16.9448
start,974,32.466667,1,32.466992,88813,29937,21187,55,0,SAFE,20.4963
start,975,32.500000,1,32.499293,95694,32698,22851,75,0,SAFE,18.3742
start,976,32.533333,1,32.532993,98102,30489,21994,98,0,SAFE,18.2774
start,977,32.566667,1,32.565807,93620,31536,23245,56,0,SAFE,20.5937
start,978,32.600000,1,32.597114,91036,31205,22465,103,0,SAFE,18.6951
start,979,32.633333,1,32.634362,85785,28594,19303,63,0,SAFE,13.6320
start,980,32.666667,1,32.668826,100346,31398,22720,79,0,SAFE,20.1725
start,981,32.700000,1,32.698712,95374,34097,23630,98,0,SAFE,17.9232
start,982,32.733333,1,32.730226,95742,32262,23456,65,0,SAFE,18.6686
start,983,32.766667,1,32.763910,96449,34028,24425,98,0,SAFE,14.1095
start,984,32.800000,1,32.799141,94886,30190,22534,83,0,SAFE,18.2113
start,985,32.833333,1,32.838518,89705,31069,23845,102,0,SAFE,12.4025
start,986,32.866667,1,32.864225,98198,35157,24203,74,0,SAFE,21.5759
start,987,32.900000,1,32.901355,91209,30552,22999,131,0,SAFE,16.5801
start,988,32.933333,1,32.932924,86214,28581,22185,48,0,SAFE,23.2079
start,989,32.966667,1,32.969539,94655,29929,21312,89,0,SAFE,19.7214
start,990,33.000000,1,33.000432,90461,30534,22714,65,0,SAFE,23.4590
start,991,33.033333,1,33.034256,93886,31682,22833,79,0,SAFE,16.2129
start,992,33.066667,1,33.065790,100957,35524,26624,98,0,SAFE,12.2095
start,993,33.100000,1,33.100176,93027,30758,21460,86,0,SAFE,13.8086
start,994,33.133333,1,33.133347,95540,31995,23633,86,1,SAFE_TRANSIENT_CLUSTER,10.9190
start,995,33.166667,1,33.166185,91066,28625,20864,92,0,SAFE,18.2897
start,996,33.200000,1,33.201898,86098,30378,20631,54,0,SAFE,14.4672
start,997,33.233333,1,33.230543,82799,26982,18974,88,0,SAFE,12.5105
start,998,33.266667,1,33.266617,94798,31125,22676,58,0,SAFE,13.8804
start,999,33.300000,1,33.301119,94311,32928,23128,91,0,SAFE,21.3971
start,1000,33.333333,1,33.333478,85664,30534,22620,80,0,SAFE,20.1210
start,1001,33.366667,1,33.364461,100740,35844,26185,93,0,SAFE,19.4901
start,1002,33.400000,1,33.400116,88921,31851,22451,62,0,SAFE,19.3979
start,1003,33.433333,1,33.436238,93421,32716,24205,96,0,SAFE,21.2771
start,1004,33.466667,1,33.466824,94997,33115,24503,72,0,SAFE,17.0887
start,1005,33.500000,1,33.500425,90570,32334,23963,83,0,SAFE,21.4759
start,1006,33.533333,1,33.534565,92162,31190,22769,56,0,SAFE,19.4751
start,1007,33.566667,1,33.565746,97044,32197,23463,93,0,SAFE,22.4914
start,1008,33.600000,1,33.599116,92257,30251,20623,65,0,SAFE,18.7006
start,1009,33.633333,1,33.628858,84571,28203,20195,75,0,SAFE,19.0262
start,1010,33.666667,1,33.665359,92504,30697,22545,69,0,SAFE,18.1227
start,1011,33.700000,1,33.700936,96990,32599,23806,107,0,SAFE,19.4920
start,1012,33.733333,1,33.733521,99098,35252,26276,42,0,SAFE,11.9172
start,1013,33.766667,1,33.765983,94881,31243,23822,102,0,SAFE,15.3536
start,1014,33.800000,1,33.802344,88063,30964,22496,52,0,SAFE,19.3192
start,1015,33.833333,1,33.833413,95537,31669,22450,77,0,SAFE,18.5591
start,1016,33.866667,1,33.867274,99589,34545,25277,92,0,SAFE,13.1260
start,1017,33.900000,1,33.899697,88372,30046,21301,109,0,SAFE,19.4359
start,1018,33.933333,1,33.932516,97535,31869,21406,95,0,SAFE,18.6534
start,1019,33.966667,1,33.965516,92144,32444,24032,61,0,SAFE,22.8388
start,1020,34.000000,1,34.002013,99523,32567,22155,88,0,SAFE,19.4241
start,1021,34.033333,1,34.034052,98890,34323,25629,69,0,SAFE,20.6074
start,1022,34.066667,1,34.069640,88559,29721,20649,93,0,SAFE,18.1156
start,1023,34.100000,1,34.100730,96788,35722,27341,90,0,SAFE,16.6031
start,1024,34.133333,1,34.130116,96993,34255,24289,61,0,SAFE,17.0870
start,1025,34.166667,1,34.166234,99976,33037,23235,67,0,SAFE,17.1838
start,1026,34.200000,1,34.198622,94140,30547,21342,66,0,SAFE,18.6676
start,1027,34.233333,1,34.236360,92708,31840,23291,105,0,SAFE,17.0348
start,1028,34.266667,1,34.266316,89954,31629,23048,71,0,SAFE,17.3958
start,1029,34.300000,1,34.301273,101427,34003,23756,54,0,SAFE,20.9567
start,1030,34.333333,1,34.333885,86166,27529,19321,72,0,SAFE,20.2932
start,1031,34.366667,1,34.364477,82192,26944,20483,70,0,SAFE,14.7913
start,1032,34.400000,1,34.399374,102425,35540,24835,77,0,SAFE,16.4052
start,1033,34.433333,1,34.433593,94051,31188,23163,71,0,SAFE,18.3972
start,1034,34.466667,1,34.469089,88006,30430,22561,94,0,SAFE,17.1868
start,1035,34.500000,1,34.500269,93503,34798,25106,90,0,SAFE,12.5884
start,1036,34.533333,1,34.534459,94132,33276,22794,34,0,SAFE,19.5329
start,1037,34.566667,1,34.567766,87280,29654,19817,86,0,SAFE,15.1695
start,1038,34.600000,1,34.602154,91042,30732,21442,52,0,SAFE,20.1795
start,1039,34.633333,1,34.632922,88278,30577,21689,100,0,SAFE,15.2274
start,1040,34.666667,1,34.667453,97570,30945,21320,92,0,SAFE,16.9804
start,1041,34.700000,1,34.698320,87046,29559,21769,86,0,SAFE,23.0823
start,1042,34.733333,1,34.731045,86878,30249,20951,88,0,SAFE,16.0169
start,1043,34.766667,1,34.765556,91480,31963,22595,54,0,SAFE,19.3923
start,1044,34.800000,1,34.803239,95458,30438,22513,48,0,SAFE,17.1697
start,1045,34.833333,1,34.834039,94753,33947,24744,55,0,SAFE,17.9543
start,1046,34.866667,1,34.867009,103359,36243,26152,104,0,SAFE,11.4519
start,1047,34.900000,1,34.900454,92521,33610,24527,85,0,SAFE,15.6176
start,1048,34.933333,1,34.934365,96843,29951,21583,27,0,SAFE,19.7955
start,1049,34.966667,1,34.966129,91941,31031,22321,66,0,SAFE,16.2216
start,1050,35.000000,1,34.999581,91383,31911,22981,88,0,SAFE,19.6284
start,1051,35.033333,1,35.030862,96572,30142,21271,83,0,SAFE,15.0268
start,1052,35.066667,1,35.066164,90575,30486,21446,65,0,SAFE,23.8269
start,1053,35.100000,1,35.098850,90323,32398,22537,78,0,SAFE,17.6792
start,1054,35.133333,1,35.131187,90501,33602,23119,79,0,SAFE,16.9178
start,1055,35.166667,1,35.168480,92949,30551,23057,71,0,SAFE,17.7213
start,1056,35.200000,1,35.199423,91017,30799,23238,103,0,SAFE,19.4363
start,1057,35.233333,1,35.231384,98643,32411,24287,77,0,SAFE,14.4147
start,1058,35.266667,1,35.268495,96350,30371,20137,27,0,SAFE,15.9578
start,1059,35.300000,1,35.300252,97093,33025,23593,56,0,SAFE,12.8201
start,1060,35.333333,1,35.333222,88882,29923,21155,74,0,SAFE,22.9487
start,1061,35.366667,1,35.368332,98382,32518,23772,73,0,SAFE,12.9459
start,1062,35.400000,1,35.400117,90916,29879,22459,77,0,SAFE,19.7650
start,1063,35.433333,1,35.431449,87115,32238,23403,66,0,SAFE,22.3477
start,1064,35.466667,1,35.466457,94545,33188,24632,91,0,SAFE,16.1027
start,1065,35.500000,1,35.497668,89808,31150,23205,67,0,SAFE,18.2234
start,1066,35.533333,1,35.532801,95788,33556,22210,98,0,SAFE,16.2830
start,1067,35.566667,1,35.565050,87318,28875,20629,65,0,SAFE,18.9583
start,1068,35.600000,1,35.599718,83034,29363,19866,60,0,SAFE,17.7605
start,1069,35.633333,1,35.632611,88984,31990,22783,102,0,SAFE,22.5727
start,1070,35.666667,1,35.670034,100099,31402,22788,74,0,SAFE,18.2086
start,1071,35.700000,1,35.701705,98842,37079,25443,79,0,SAFE,13.9512
start,1072,35.733333,1,35.732319,95402,34465,24447,68,0,SAFE,11.8689
start,1073,35.766667,1,35.763369,91486,30815,22838,102,0,SAFE,17.6798
start,1074,35.800000,1,35.797811,93062,33311,26044,67,0,SAFE,22.5977
start,1075,35.833333,1,35.833617,96588,32334,24340,67,0,SAFE,16.4830
start,1076,35.866667,1,35.867594,94961,29490,20782,60,0,SAFE,23.0229
start,1077,35.900000,1,35.900205,95525,31390,23239,74,0,SAFE,23.4496
start,1078,35.933333,1,35.931571,91610,30562,21906,88,0,SAFE,18.8298
start,1079,35.966667,1,35.965365,92108,31461,23456,70,0,SAFE,15.3316
start,1080,36.000000,1,36.002102,94575,31436,20586,74,0,SAFE,16.7045
start,1081,36.033333,1,36.033389,87494,31684,22812,78,0,SAFE,16.9966
start,1082,36.066667,1,36.064154,90583,31016,23142,83,0,SAFE,22.0784
start,1083,36.100000,1,36.099149,93739,33220,22220,78,0,SAFE,21.7111
start,1084,36.133333,1,36.133582,92672,29934,20916,101,0,SAFE,17.5314
start,1085,36.166667,1,36.167815,86750,28746,20879,57,0,SAFE,18.1251
start,1086,36.200000,1,36.199063,90314,32199,22843,82,0,SAFE,21.0126
start,1087,36.233333,1,36.232692,94762,34828,23607,51,0,SAFE,19.7113
start,1088,36.266667,1,36.270181,91772,31699,23396,43,0,SAFE,20.9169
start,1089,36.300000,0,36.300392,92737,32019,23764,82,0,SAFE,13.5365
start,1090,36.333333,1,36.331335,98336,35577,25813,80,0,SAFE,18.4733
start,1091,36.366667,1,36.366741,94279,32872,23343,78,0,SAFE,16.5628
start,1092,36.400000,1,36.397141,89942,31565,22215,107,0,SAFE,21.1372
start,1093,36.433333,1,36.434648,97479,32787,23135,90,0,SAFE,19.6770
start,1094,36.466667,1,36.466947,93180,31630,22644,87,0,SAFE,23.9121
start,1095,36.500000,1,36.496605,96134,31454,21506,19,0,SAFE,18.3804
start,1096,36.533333,1,36.534908,89567,31578,21958,58,0,SAFE,21.1772
start,1097,36.566667,1,36.568110,93345,32502,22390,71,0,SAFE,16.4043
start,1098,36.600000,1,36.598672,97453,31797,23787,57,0,SAFE,19.9871
start,1099,36.633333,1,36.634504,89111,27951,20628,78,0,SAFE,17.1511
start,1100,36.666667,1,36.663616,95843,30417,20926,90,0,SAFE,15.6861
start,1101,36.700000,1,36.697920,93902,31790,23117,45,0,SAFE,16.7637
start,1102,36.733333,1,36.731049,91382,31590,22174,99,0,SAFE,14.5350
start,1103,36.766667,1,36.766343,101496,37441,26400,68,0,SAFE,17.7574
start,1104,36.800000,1,36.799613,97910,34762,25578,76,0,SAFE,21.5087
start,1105,36.833333,1,36.832951,95964,34127,23796,83,0,SAFE,11.3017
start,1106,36.866667,1,36.866930,94632,33465,25077,73,0,SAFE,16.4292
start,1107,36.900000,1,36.902654,91289,30446,22557,68,0,SAFE,11.7163
start,1108,36.933333,1,36.935828,94565,33451,25188,68,0,SAFE,19.7498
start,1109,36.966667,1,36.969669,89805,31622,22244,52,0,SAFE,22.5447
start,1110,37.000000,1,36.996392,90019,30936,23417,75,0,SAFE,16.0022
start,1111,37.033333,1,37.032226,92339,29989,21763,82,0,SAFE,12.7766
start,1112,37.066667,1,37.065876,94376,32450,23223,70,0,SAFE,15.2213
start,1113,37.100000,1,37.098594,89525,31039,21112,83,0,SAFE,18.4367
start,1114,37.133333,1,37.133978,100844,36317,26873,96,0,SAFE,16.4589
start,1115,37.166667,1,37.167660,89404,31656,22959,48,0,SAFE,18.8791
start,1116,37.200000,1,37.201035,94316,31209,22504,100,0,SAFE,17.2322
start,1117,37.233333,1,37.234533,94057,32059,23197,61,0,SAFE,25.0986
start,1118,37.266667,1,37.267764,87325,29984,22551,82,0,SAFE,25.4131
start,1119,37.300000,1,37.300356,93485,32328,23023,104,0,SAFE,13.2283
start,1120,37.333333,1,37.333028,82912,28328,20852,71,0,SAFE,28.2054
start,1121,37.366667,1,37.361743,93609,33254,23201,85,0,SAFE,15.8555
start,1122,37.400000,1,37.398918,101387,34819,24462,38,0,SAFE,15.7715
start,1123,37.433333,1,37.433639,93258,35375,25090,71,0,SAFE,14.3721
start,1124,37.466667,1,37.468038,88963,32562,22743,79,0,SAFE,11.1267
start,1125,37.500000,1,37.500573,86651,29645,21749,81,0,SAFE,19.4837
start,1126,37.533333,1,37.534690,92504,30215,23181,67,0,SAFE,18.7393
start,1127,37.566667,1,37.566008,93761,31591,22253,87,0,SAFE,13.9154
start,1128,37.600000,1,37.600842,94116,32248,24481,91,0,SAFE,18.6304
start,1129,37.633333,1,37.634043,101654,35835,25348,88,0,SAFE,19.1670
start,1130,37.666667,1,37.664256,94914,33086,22738,74,0,SAFE,15.8227
start,1131,37.700000,1,37.699680,88088,28456,20098,78,0,SAFE,15.9491
start,1132,37.733333,1,37.736278,95260,31624,23484,67,0,SAFE,16.4648
start,1133,37.766667,1,37.770922,85719,30145,22028,111,0,SAFE,17.2641
start,1134,37.800000,1,37.799530,92124,29001,20339,77,0,SAFE,13.2209
start,1135,37.833333,1,37.832961,84503,29575,20735,71,0,SAFE,12.9297
start,1136,37.866667,1,37.865455,89983,31169,21672,65,0,SAFE,16.5799
start,1137,37.900000,1,37.903649,94792,35781,24589,92,0,SAFE,18.1249
start,1138,37.933333,1,37.934019,89601,31878,22685,93,1,SAFE_TRANSIENT_CLUSTER,17.4702
start,1139,37.966667,1,37.967186,94688,30058,21533,98,0,SAFE,16.5111
start,1140,38.000000,1,38.000308,88354,33541,22666,75,0,SAFE,18.1543
start,1141,38.033333,1,38.033839,98317,31756,23158,82,0,SAFE,19.8667
start,1142,38.066667,1,38.068146,84501,29998,21055,50,0,SAFE,17.8863
start,1143,38.100000,1,38.097536,80081,27434,20070,50,0,SAFE,15.2648
start,1144,38.133333,1,38.132427,92898,31832,22391,85,0,SAFE,22.9695
start,1145,38.166667,1,38.169182,92507,32864,24804,64,0,SAFE,17.8467
start,1146,38.200000,1,38.200120,91690,29310,20900,74,0,SAFE,19.0446
start,1147,38.233333,1,38.234992,88114,30865,22031,72,0,SAFE,15.8785
start,1148,38.266667,1,38.267032,94906,29516,21905,90,0,SAFE,19.0695
start,1149,38.300000,1,38.300691,82841,28518,19342,65,0,SAFE,16.9088
start,1150,38.333333,1,38.332715,97556,32862,25122,71,0,SAFE,25.4576
start,1151,38.366667,1,38.369522,99924,35398,24367,76,0,SAFE,21.8857
start,1152,38.400000,1,38.402548,96231,32232,22601,67,0,SAFE,15.2778
start,1153,38.433333,1,38.434483,87647,30764,22452,52,0,SAFE,17.6867
start,1154,38.466667,1,38.464632,91035,30726,23770,59,0,SAFE,16.2772
start,1155,38.500000,1,38.497499,95281,32027,22422,103,0,SAFE,22.7798
start,1156,38.533333,1,38.531448,95526,33166,23876,70,0,SAFE,21.4066
start,1157,38.566667,1,38.564396,94563,31992,24032,64,0,SAFE,10.1261
start,1158,38.600000,1,38.602970,90171,29770,21210,82,0,SAFE,22.0203
start,1159,38.633333,1,38.632829,89502,31060,21918,39,0,SAFE,10.7125
start,1160,38.666667,1,38.666875,91717,30896,22413,79,0,SAFE,18.7891
start,1161,38.700000,1,38.701386,92770,34181,25333,54,0,SAFE,18.9485
start,1162,38.733333,0,38.729309,95238,30943,21403,108,0,SAFE,20.3556
start,1163,38.766667,1,38.765828,100852,32734,24756,71,0,SAFE,18.2310
start,1164,38.800000,1,38.800580,88901,30933,22459,85,0,SAFE,24.8704
start,1165,38.833333,1,38.833141,89079,30136,21735,111,0,SAFE,18.5834
start,1166,38.866667,1,38.865841,95153,33563,25500,58,0,SAFE,15.4467
start,1167,38.900000,1,38.901484,90713,31250,21576,48,0,SAFE,13.9126
start,1168,38.933333,1,38.931313,87654,30031,22679,56,0,SAFE,23.3823
start,1169,38.966667,1,38.963821,94682,32905,23551,98,0,SAFE,18.4277
start,1170,39.000000,1,38.997272,91468,33246,24119,71,0,SAFE,24.3881
start,1171,39.033333,1,39.032505,95511,31082,21524,104,0,SAFE,15.2514
start,1172,39.066667,1,39.066204,89356,31581,23412,74,0,SAFE,19.3153
start,1173,39.100000,1,39.100242,94693,30242,22282,57,0,SAFE,12.7379
start,1174,39.133333,1,39.132802,89940,28753,21936,74,0,SAFE,18.3007
start,1175,39.166667,1,39.165465,93753,32154,22686,88,0,SAFE,18.6536
start,1176,39.200000,1,39.200359,91327,30606,22796,69,0,SAFE,20.1129
start,1177,39.233333,1,39.233761,97687,35321,25441,68,0,SAFE,15.7734
start,1178,39.266667,1,39.265605,98675,33360,24460,59,0,SAFE,19.7263
start,1179,39.300000,1,39.296540,95138,30423,21546,70,0,SAFE,11.3559
start,1180,39.333333,1,39.334382,93140,30550,22455,61,0,SAFE,11.4363
start,1181,39.366667,1,39.364748,87560,27174,20165,68,0,SAFE,12.2070
start,1182,39.400000,1,39.397327,96613,32208,23857,95,0,SAFE,17.6986
start,1183,39.433333,1,39.432521,93448,32729,23244,118,0,SAFE,14.3336
start,1184,39.466667,1,39.465594,93452,32235,23767,71,0,SAFE,17.1401
start,1185,39.500000,1,39.498108,88669,29601,21835,52,0,SAFE,17.4833
start,1186,39.533333,1,39.533037,93028,30635,22480,53,0,SAFE,14.6341
start,1187,39.566667,1,39.568886,93250,31623,24094,104,0,SAFE,10.6575
start,1188,39.600000,1,39.599882,92626,29890,21695,54,0,SAFE,18.4215
start,1189,39.633333,1,39.634898,91002,32986,24770,31,0,SAFE,19.5644
start,1190,39.666667,1,39.670700,88920,30617,22015,77,0,SAFE,23.2113
start,1191,39.700000,1,39.697061,89387,29871,21201,42,0,SAFE,20.4423
start,1192,39.733333,1,39.733885,92977,31739,22496,39,0,SAFE,15.0050
start,1193,39.766667,1,39.765524,97556,32814,24016,103,0,SAFE,17.3224
start,1194,39.800000,1,39.800531,94380,30870,21904,39,0,SAFE,15.1165
start,1195,39.833333,1,39.833180,84100,27821,19939,93,0,SAFE,19.0756
start,1196,39.866667,1,39.866112,95016,31074,23366,39,0,SAFE,18.1585
start,1197,39.900000,0,39.899609,97875,32247,23642,44,0,SAFE,19.2672
start,1198,39.933333,1,39.934023,85878,29062,20685,74,0,SAFE,8.2380
start,1199,39.966667,1,39.969754,90117,29946,21080,67,0,SAFE,25.0151
start,1200,40.000000,1,39.999350,96851,32225,24263,46,0,SAFE,17.9707
start,1201,40.033333,1,40.033126,90705,28226,20710,66,0,SAFE,20.1719
start,1202,40.066667,1,40.065817,98809,33639,24098,55,0,SAFE,15.2457
start,1203,40.100000,1,40.102782,96166,30851,22124,84,0,SAFE,12.0354
start,1204,40.133333,1,40.135479,87405,29448,21700,66,1,SAFE_TRANSIENT_CLUSTER,15.5274
start,1205,40.166667,1,40.165234,94113,31709,22469,56,0,SAFE,19.3807
start,1206,40.200000,1,40.200411,99039,31829,21585,83,0,SAFE,19.9410
start,1207,40.233333,1,40.233690,87345,32760,23228,115,0,SAFE,14.6471
start,1208,40.266667,1,40.266441,91270,32292,22519,75,0,SAFE,17.7570
start,1209,40.300000,1,40.302122,88443,32469,22882,71,0,SAFE,20.8610
start,1210,40.333333,1,40.331268,93875,30004,21961,82,0,SAFE,18.3932
start,1211,40.366667,1,40.367615,95345,32787,22880,69,0,SAFE,21.4929
start,1212,40.400000,1,40.400641,86542,30455,22634,75,1,SAFE_TRANSIENT_CLUSTER,16.1449
start,1213,40.433333,1,40.431376,89780,30249,21878,103,0,SAFE,20.2503
start,1214,40.466667,1,40.465742,91758,30397,22313,83,0,SAFE,16.0586
start,1215,40.500000,1,40.501787,99902,34244,26148,83,0,SAFE,22.5244
start,1216,40.533333,1,40.532792,89895,30463,21864,8,0,SAFE,19.7667
start,1217,40.566667,1,40.566900,101995,36338,25725,84,0,SAFE,21.8126
start,1218,40.600000,1,40.602112,88510,29529,22042,66,0,SAFE,14.6897
start,1219,40.633333,1,40.632121,96166,33489,23864,85,0,SAFE,16.2143
start,1220,40.666667,1,40.667602,96271,34777,25587,62,0,SAFE,25.3835
start,1221,40.700000,1,40.698016,85327,30100,22328,64,0,SAFE,14.5701
start,1222,40.733333,1,40.733544,89932,32367,24635,72,0,SAFE,18.0983
start,1223,40.766667,1,40.765169,94366,32350,23046,100,0,SAFE,17.5366
start,1224,40.800000,1,40.800213,80834,27548,20452,100,0,SAFE,11.2342
start,1225,40.833333,1,40.832700,92352,32504,23558,63,0,SAFE,15.1380
start,1226,40.866667,1,40.868664,94717,34812,26216,72,0,SAFE,16.0448
start,1227,40.900000,1,40.899076,93699,32022,24933,79,0,SAFE,19.6403
start,1228,40.933333,1,40.930611,94146,34810,25320,78,0,SAFE,23.5764
start,1229,40.966667,1,40.968613,84196,30623,20395,68,0,SAFE,21.5823
start,1230,41.000000,1,41.000633,104318,36414,24771,40,0,SAFE,15.1271
start,1231,41.033333,1,41.034862,90263,31849,23809,109,0,SAFE,17.1993
start,1232,41.066667,1,41.066073,95980,34625,25023,61,0,SAFE,15.6387
start,1233,41.100000,1,41.096640,88991,34365,23708,24,0,SAFE,16.9008
start,1234,41.133333,1,41.132434,90049,29689,20775,104,0,SAFE,24.6247
start,1235,41.166667,1,41.167003,91773,29773,20717,52,0,SAFE,20.3890
start,1236,41.200000,1,41.199686,99044,35552,26033,73,0,SAFE,16.5329
start,1237,41.233333,1,41.231064,84402,28412,19850,93,0,SAFE,25.4911
start,1238,41.266667,1,41.266013,90728,28809,21034,103,0,SAFE,19.2570
start,1239,41.300000,1,41.299663,88520,30839,21710,89,0,SAFE,18.4781
start,1240,41.333333,1,41.333460,92833,34130,25346,121,0,SAFE,12.1818
start,1241,41.366667,1,41.366865,98920,32293,22216,67,0,SAFE,13.3903
start,1242,41.400000,1,41.404616,93654,32168,22760,66,0,SAFE,19.0197
start,1243,41.433333,1,41.434859,95477,31755,23252,100,1,SAFE_TRANSIENT_CLUSTER,13.8104
start,1244,41.466667,1,41.466366,90742,29282,20343,83,0,SAFE,16.8418
start,1245,41.500000,1,41.500264,85487,31365,21976,127,0,SAFE,17.6290
start,1246,41.533333,1,41.532787,95475,30292,22543,80,0,SAFE,19.3815
start,1247,41.566667,1,41.567855,93787,32960,23490,77,0,SAFE,16.7866
start,1248,41.600000,1,41.603334,94634,33509,25014,90,0,SAFE,19.1052
start,1249,41.633333,1,41.633190,94792,34690,25231,116,0,SAFE,25.2372
start,1250,41.666667,1,41.666373,93394,30591,22255,70,0,SAFE,18.5972
start,1251,41.700000,1,41.701213,94132,31985,23219,60,0,SAFE,11.4510
start,1252,41.733333,1,41.734141,99400,32754,23725,108,0,SAFE,11.9078
start,1253,41.766667,1,41.766152,92404,31067,20861,73,0,SAFE,21.8428
start,1254,41.800000,1,41.796686,90122,29730,21646,61,0,SAFE,20.3147
start,1255,41.833333,0,41.832161,91498,31055,22942,94,0,SAFE,12.8391
start,1256,41.866667,1,41.864787,90377,31422,24188,99,0,SAFE,21.5966
start,1257,41.900000,1,41.900473,105180,33498,23989,79,0,SAFE,20.0922
start,1258,41.933333,1,41.933192,95638,31869,24772,64,0,SAFE,19.5682
start,1259,41.966667,1,41.969503,92226,32343,23329,74,0,SAFE,17.3154
start,1260,42.000000,1,41.996942,103088,35037,25681,96,0,SAFE,18.0317
start,1261,42.033333,1,42.032143,98195,34489,25431,51,0,SAFE,19.9950
start,1262,42.066667,1,42.066216,92822,30680,22210,14,0,SAFE,14.8967
start,1263,42.100000,1,42.098339,96722,32932,23794,91,0,SAFE,17.0723
start,1264,42.133333,1,42.129611,95630,30228,20920,94,0,SAFE,20.1283
start,1265,42.166667,1,42.166914,97596,32791,22016,68,0,SAFE,18.3916
start,1266,42.200000,1,42.198055,94012,33719,23639,102,0,SAFE,16.0852
start,1267,42.233333,1,42.233470,98182,33697,24205,95,0,SAFE,21.4381
start,1268,42.266667,1,42.264711,92325,31873,23452,80,0,SAFE,13.5166
start,1269,42.300000,1,42.299379,88339,30362,20916,81,0,SAFE,13.1143
start,1270,42.333333,1,42.331175,91719,33370,23265,83,0,SAFE,22.4443
start,1271,42.366667,1,42.363375,97315,33749,23772,61,0,SAFE,18.0101
start,1272,42.400000,1,42.401766,103864,33084,23075,69,0,SAFE,16.6415
start,1273,42.433333,1,42.436219,93975,29708,22050,82,0,SAFE,11.8331
start,1274,42.466667,1,42.467368,89113,31972,23840,77,0,SAFE,21.8213
start,1275,42.500000,1,42.499157,98353,33187,24011,99,0,SAFE,23.4203
start,1276,42.533333,1,42.531393,90229,31186,21491,93,0,SAFE,19.4167
start,1277,42.566667,1,42.565570,96414,35914,25970,92,0,SAFE,17.9981
start,1278,42.600000,1,42.600204,90082,33902,26880,111,0,SAFE,20.2207
start,1279,42.633333,1,42.631771,91582,32180,23431,77,0,SAFE,15.4373
start,1280,42.666667,1,42.665170,97018,31032,22348,57,0,SAFE,20.7387
start,1281,42.700000,1,42.702438,94010,32991,22267,83,0,SAFE,20.7899
start,1282,42.733333,1,42.735061,94165,31479,22505,76,0,SAFE,18.0722
start,1283,42.766667,1,42.765903,90952,30993,22503,40,0,SAFE,20.3862
start,1284,42.800000,1,42.800035,89374,29044,20807,78,0,SAFE,14.3258
start,1285,42.833333,1,42.830492,96005,35675,26788,61,0,SAFE,17.1686
start,1286,42.866667,1,42.868719,95006,30506,23205,83,0,SAFE,17.9480
start,1287,42.900000,1,42.898450,96956,33311,22681,84,0,SAFE,15.7523
start,1288,42.933333,1,42.934326,103048,34525,25726,82,0,SAFE,24.7347
start,1289,42.966667,1,42.967053,88512,27836,19610,109,0,SAFE,19.9001
start,1290,43.000000,1,42.997342,87701,32440,23922,104,0,SAFE,23.2982
start,1291,43.033333,1,43.031482,84846,30505,21513,109,0,SAFE,14.1180
start,1292,43.066667,1,43.064394,97128,30649,21760,53,0,SAFE,21.0437
start,1293,43.100000,1,43.098613,93761,30776,21604,56,1,SAFE_TRANSIENT_CLUSTER,17.3230
start,1294,43.133333,1,43.134407,85718,28373,20612,75,0,SAFE,12.1301
start,1295,43.166667,1,43.164990,90581,30199,23817,43,0,SAFE,18.7416
start,1296,43.200000,1,43.201178,90506,30519,20862,79,0,SAFE,22.1643
start,1297,43.233333,1,43.235191,93564,33743,22761,84,0,SAFE,20.1934
start,1298,43.266667,1,43.265493,92942,33407,24468,73,0,SAFE,17.0435
start,1299,43.300000,1,43.299554,94586,33800,24708,48,0,SAFE,16.3152
start,1300,43.333333,1,43.330861,96266,34398,25644,54,0,SAFE,28.0445
start,1301,43.366667,1,43.366870,93707,31151,23132,85,0,SAFE,17.2449
start,1302,43.400000,1,43.397398,90695,27785,20067,59,0,SAFE,18.4550
start,1303,43.433333,1,43.433220,92091,31781,22363,54,0,SAFE,21.5928
start,1304,43.466667,1,43.470658,94678,32831,22069,66,0,SAFE,13.9961
start,1305,43.500000,1,43.499080,93542,31120,23149,98,0,SAFE,21.4053
start,1306,43.533333,0,43.534376,92772,31792,21475,61,0,SAFE,22.7146
start,1307,43.566667,1,43.564272,92858,30647,22428,66,0,SAFE,18.6623
start,1308,43.600000,1,43.598720,99460,34286,25302,72,0,SAFE,16.3127
start,1309,43.633333,1,43.634827,97260,33755,24042,52,0,SAFE,11.5903
start,1310,43.666667,1,43.669039,92975,32620,23340,103,0,SAFE,18.3042
start,1311,43.700000,1,43.700836,91936,32211,23014,94,0,SAFE,18.9506
start,1312,43.733333,1,43.734958,103214,33879,24138,74,0,SAFE,16.6015
start,1313,43.766667,1,43.768936,91480,30900,21718,62,0,SAFE,21.7024
start,1314,43.800000,1,43.799621,93178,31749,22356,53,0,SAFE,20.1330
start,1315,43.833333,1,43.834135,88266,28699,21193,85,0,SAFE,14.1264
start,1316,43.866667,1,43.868536,88205,29919,19496,135,0,SAFE,21.3165
start,1317,43.900000,1,43.897158,90381,28720,20455,63,0,SAFE,17.5948
start,1318,43.933333,1,43.931448,92613,30751,22579,61,0,SAFE,15.5548
start,1319,43.966667,1,43.966471,97215,34214,23548,66,0,SAFE,13.4947
start,1320,44.000000,1,44.001172,87422,27592,19784,103,0,SAFE,18.1086
start,1321,44.033333,1,44.033708,88180,30922,22902,64,0,SAFE,22.9217
start,1322,44.066667,1,44.068411,92588,32322,24104,62,0,SAFE,18.4041
start,1323,44.100000,1,44.099701,87121,27048,19430,132,0,SAFE,14.9944
start,1324,44.133333,1,44.131206,96504,31605,22478,56,0,SAFE,19.9929
start,1325,44.166667,1,44.170278,100349,33115,23848,82,0,SAFE,19.6571
start,1326,44.200000,1,44.198541,94862,31415,22224,30,0,SAFE,24.4091
start,1327,44.233333,1,44.233577,93431,31947,23375,67,0,SAFE,15.2197
start,1328,44.266667,1,44.264259,93860,30010,22504,91,0,SAFE,18.7013
start,1329,44.300000,1,44.300273,97178,35198,24568,62,0,SAFE,11.3178
start,1330,44.333333,1,44.330424,97335,31306,21988,83,0,SAFE,21.6567
start,1331,44.366667,1,44.369290,89331,30503,22266,81,0,SAFE,14.6223
start,1332,44.400000,1,44.397013,90311,31964,24258,67,0,SAFE,16.0064
start,1333,44.433333,1,44.433660,86342,28545,20101,77,0,SAFE,17.2838
start,1334,44.466667,1,44.467781,99029,35153,23756,85,0,SAFE,11.9631
start,1335,44.500000,1,44.502703,91144,32530,22423,79,0,SAFE,9.6943
start,1336,44.533333,1,44.533121,92542,30797,22955,90,0,SAFE,14.9465
start,1337,44.566667,1,44.564327,94355,29428,21934,61,0,SAFE,15.9795
start,1338,44.600000,1,44.600102,96213,32310,21815,63,0,SAFE,23.5980
start,1339,44.633333,1,44.630454,93123,31740,22636,76,0,SAFE,16.2041
start,1340,44.666667,1,44.664739,95605,33658,24918,86,0,SAFE,12.8489
start,1341,44.700000,1,44.699191,95736,34928,25600,74,0,SAFE,21.7989
start,1342,44.733333,1,44.730229,87438,30440,22282,92,0,SAFE,13.7159
start,1343,44.766667,1,44.768970,90635,30914,21994,38,0,SAFE,16.0095
start,1344,44.800000,1,44.799511,90640,31397,20950,77,0,SAFE,9.2817
start,1345,44.833333,1,44.832856,96565,34107,25792,79,0,SAFE,19.7329
start,1346,44.866667,1,44.866686,93931,32459,23937,88,0,SAFE,18.9268
start,1347,44.900000,1,44.902345,90926,29445,21127,91,0,SAFE,20.6241
start,1348,44.933333,1,44.932871,99830,34068,25027,72,0,SAFE,21.1128
start,1349,44.966667,1,44.964684,89787,31781,21841,73,0,SAFE,15.5248
start,1350,45.000000,1,45.003535,86071,27412,18723,77,0,SAFE,12.7515
start,1351,45.033333,1,45.032867,99930,34949,24102,62,0,SAFE,17.6959
start,1352,45.066667,1,45.065745,90292,28719,19734,84,0,SAFE,18.4606
start,1353,45.100000,1,45.098928,83785,26856,19778,101,0,SAFE,18.3434
start,1354,45.133333,1,45.131448,93915,32299,24253,103,0,SAFE,16.9828
start,1355,45.166667,1,45.167752,87808,29988,21382,68,0,SAFE,21.4831
start,1356,45.200000,1,45.201019,83827,28482,22094,42,0,SAFE,17.3992
start,1357,45.233333,1,45.233994,91375,31833,22410,62,0,SAFE,23.5288
start,1358,45.266667,1,45.264174,96697,33067,23685,85,0,SAFE,14.0233
start,1359,45.300000,0,45.301042,95916,31771,22932,36,0,SAFE,16.2471
start,1360,45.333333,1,45.337243,96094,33806,23770,76,0,SAFE,22.4429
start,1361,45.366667,1,45.368181,96921,32884,23898,105,0,SAFE,23.4137
start,1362,45.400000,1,45.401819,90978,31765,22515,52,0,SAFE,19.1463
start,1363,45.433333,1,45.431605,96278,36054,23857,87,0,SAFE,17.6253
start,1364,45.466667,1,45.467524,99057,32269,23687,87,0,SAFE,19.1891
start,1365,45.500000,1,45.499220,103059,38168,28295,57,0,SAFE,21.8910
start,1366,45.533333,1,45.533844,94978,32856,24099,55,0,SAFE,18.8603
start,1367,45.566667,1,45.570111,99035,31740,22580,78,0,SAFE,19.6037
start,1368,45.600000,1,45.598464,85757,31897,23400,57,0,SAFE,14.3249
start,1369,45.633333,1,45.629739,89248,31385,22485,82,0,SAFE,22.6435
start,1370,45.666667,1,45.665515,93032,32185,23897,47,0,SAFE,21.5593
start,1371,45.700000,1,45.702267,103235,32310,23030,85,0,SAFE,19.5002
start,1372,45.733333,1,45.733286,88825,30916,21994,86,0,SAFE,18.0818
start,1373,45.766667,1,45.763856,84865,27623,19649,92,0,SAFE,18.3591
start,1374,45.800000,1,45.798809,89132,29957,22021,55,0,SAFE,17.8923
start,1375,45.833333,1,45.832672,95268,31649,21144,63,0,SAFE,12.9328
start,1376,45.866667,1,45.865948,96325,30015,21834,76,0,SAFE,21.7150
start,1377,45.900000,1,45.899392,106543,33888,23896,52,0,SAFE,20.2982
start,1378,45.933333,1,45.934288,93466,30173,22357,72,0,SAFE,17.3307
start,1379,45.966667,1,45.966299,94001,33090,24053,20,0,SAFE,16.6625
start,1380,46.000000,1,45.999781,92773,32447,22901,49,0,SAFE,21.6941
start,1381,46.033333,1,46.035084,104531,33893,22809,49,0,SAFE,22.0985
start,1382,46.066667,1,46.066578,97189,31710,22455,90,0,SAFE,17.8990
start,1383,46.100000,1,46.100417,94859,31250,21207,100,0,SAFE,19.4531
start,1384,46.133333,1,46.130311,94852,32469,22899,88,0,SAFE,12.6677
start,1385,46.166667,1,46.168143,89733,31640,22405,73,0,SAFE,22.8894
start,1386,46.200000,1,46.199562,97540,32268,22363,58,0,SAFE,19.4450
start,1387,46.233333,1,46.229650,91752,32831,23854,85,0,SAFE,15.6830
start,1388,46.266667,1,46.265002,94172,34256,24972,53,0,SAFE,15.6430
start,1389,46.300000,1,46.297686,99607,33374,25163,72,0,SAFE,12.6318
start,1390,46.333333,1,46.333878,88057,30284,20532,78,0,SAFE,14.9133
start,1391,46.366667,1,46.366469,94076,31501,22967,96,0,SAFE,15.8163
start,1392,46.400000,1,46.402688,100854,33695,24336,72,0,SAFE,23.0934
start,1393,46.433333,1,46.433361,98345,33435,23051,82,0,SAFE,17.3868
start,1394,46.466667,1,46.466146,96167,30428,21027,104,0,SAFE,18.7327
start,1395,46.500000,1,46.500187,91100,30948,22764,41,0,SAFE,17.4337
start,1396,46.533333,1,46.532706,85480,28943,19431,91,0,SAFE,19.7811
start,1397,46.566667,1,46.566202,92346,30810,23558,57,0,SAFE,23.9290
start,1398,46.600000,1,46.598621,89325,31618,23885,77,0,SAFE,12.4548
start,1399,46.633333,1,46.637537,95766,31799,24693,65,0,SAFE,14.7026
start,1400,46.666667,1,46.664417,83421,27898,20801,68,0,SAFE,20.9467
start,1401,46.700000,1,46.699139,94200,31447,22519,64,0,SAFE,10.6415
start,1402,46.733333,1,46.731832,102501,38584,26151,81,0,SAFE,11.0906
start,1403,46.766667,1,46.770171,80819,29391,21035,47,0,SAFE,14.3221
start,1404,46.800000,1,46.802496,102845,34883,25289,92,0,SAFE,18.8993
start,1405,46.833333,1,46.830801,89177,30243,21595,24,0,SAFE,12.9882
start,1406,46.866667,1,46.866731,85583,28986,19856,72,0,SAFE,15.4216
start,1407,46.900000,1,46.899614,90795,34349,24743,30,0,SAFE,17.8851
start,1408,46.933333,1,46.933886,91536,30350,21719,71,0,SAFE,20.0644
start,1409,46.966667,1,46.969861,98929,34201,23703,62,0,SAFE,14.9897
start,1410,47.000000,1,47.000997,98239,33490,22820,88,0,SAFE,18.3531
start,1411,47.033333,1,47.033833,92568,31698,22780,71,0,SAFE,19.1840
start,1412,47.066667,1,47.068606,89963,28916,21205,106,0,SAFE,14.6314
start,1413,47.100000,1,47.099153,93114,29263,21444,58,0,SAFE,15.1749
start,1414,47.133333,1,47.130702,96741,31535,21396,85,0,SAFE,18.3975
start,1415,47.166667,1,47.164998,101038,35860,26266,61,0,SAFE,18.7512
start,1416,47.200000,1,47.200074,92482,31214,22372,52,0,SAFE,25.7159
start,1417,47.233333,1,47.233637,97834,34356,24723,106,0,SAFE,19.6257
start,1418,47.266667,1,47.263981,97026,33544,23567,78,0,SAFE,11.6856
start,1419,47.300000,1,47.299886,100149,33344,25612,60,0,SAFE,14.5994
start,1420,47.333333,1,47.333779,94312,30106,21148,42,0,SAFE,18.2257
start,1421,47.366667,1,47.368661,93262,35847,25975,85,0,SAFE,17.4688
start,1422,47.400000,1,47.400369,96645,35747,27143,74,0,SAFE,23.9062
start,1423,47.433333,1,47.433852,93208,31292,22440,62,0,SAFE,16.7175
start,1424,47.466667,1,47.465114,89612,28871,20999,61,0,SAFE,22.6045
start,1425,47.500000,1,47.502172,94037,30760,21233,66,0,SAFE,14.0120
start,1426,47.533333,1,47.530809,94957,32181,22896,58,0,SAFE,21.0777
start,1427,47.566667,1,47.567215,92450,31658,22801,96,0,SAFE,19.2691
start,1428,47.600000,1,47.599050,96818,36128,25894,43,0,SAFE,10.7322
start,1429,47.633333,1,47.632886,95221,32349,22942,13,0,SAFE,19.2024
start,1430,47.666667,1,47.665180,98430,31834,23038,52,0,SAFE,21.2030
start,1431,47.700000,1,47.698564,93611,30858,22399,59,0,SAFE,19.5615
start,1432,47.733333,1,47.731536,95914,33239,23213,91,0,SAFE,12.7632
start,1433,47.766667,1,47.768882,92427,33373,22255,91,0,SAFE,20.7877
start,1434,47.800000,1,47.800281,91404,29955,22215,43,0,SAFE,21.2805
start,1435,47.833333,1,47.832389,91502,28415,20486,84,0,SAFE,24.6570
start,1436,47.866667,1,47.868482,84193,27949,19720,43,0,SAFE,16.9665
start,1437,47.900000,1,47.901630,92747,32347,22503,81,0,SAFE,16.8055
start,1438,47.933333,1,47.933700,94143,33796,25474,109,0,SAFE,15.6876
start,1439,47.966667,1,47.964356,102139,34783,23325,84,0,SAFE,19.5973
start,1440,48.000000,1,48.002713,97229,35428,25751,80,0,SAFE,20.2661
start,1441,48.033333,1,48.033515,88984,28657,21958,98,0,SAFE,16.3979
start,1442,48.066667,1,48.063616,87502,29156,20139,49,0,SAFE,15.4203
start,1443,48.100000,1,48.101093,89262,31853,21715,87,1,SAFE_TRANSIENT_CLUSTER,23.8459
start,1444,48.133333,1,48.134806,79166,27497,20251,50,0,SAFE,9.2094
start,1445,48.166667,1,48.166399,91166,31685,23312,100,0,SAFE,19.4505
start,1446,48.200000,1,48.197898,92914,31096,22436,86,0,SAFE,21.6081
start,1447,48.233333,1,48.234644,97465,35639,24596,78,0,SAFE,13.9840
start,1448,48.266667,1,48.265655,97242,34221,25485,102,0,SAFE,20.9727
start,1449,48.300000,1,48.300824,91891,29900,20265,77,0,SAFE,20.5790
start,1450,48.333333,1,48.334026,91090,32806,23727,71,0,SAFE,13.0037
start,1451,48.366667,1,48.364844,105365,34999,24586,94,0,SAFE,14.9998
start,1452,48.400000,0,48.396761,86063,28503,19962,79,0,SAFE,18.9312
start,1453,48.433333,1,48.434310,89434,30241,20829,78,0,SAFE,22.7648
start,1454,48.466667,1,48.465241,97258,33862,23994,78,0,SAFE,16.6466
start,1455,48.500000,1,48.499729,79455,26421,20130,65,0,SAFE,16.9133
start,1456,48.533333,1,48.535259,91427,31287,22347,57,0,SAFE,16.7098
start,1457,48.566667,1,48.564787,94858,30620,21275,87,0,SAFE,16.2186
start,1458,48.600000,1,48.601009,90270,30520,21990,65,0,SAFE,20.4860
start,1459,48.633333,1,48.632113,91436,29706,22309,79,0,SAFE,19.0624
start,1460,48.666667,1,48.666830,103479,31936,22086,74,0,SAFE,13.2545
start,1461,48.700000,1,48.699187,108375,33883,25353,55,0,SAFE,20.7599
start,1462,48.733333,1,48.729915,97351,31459,23087,59,0,SAFE,16.5068
start,1463,48.766667,1,48.764091,97694,34037,26117,102,0,SAFE,18.0929
start,1464,48.800000,1,48.795373,87374,32015,22916,101,0,SAFE,21.7007
start,1465,48.833333,1,48.836080,91836,30134,21887,79,0,SAFE,16.9657
start,1466,48.866667,1,48.863126,89133,31036,22961,96,0,SAFE,24.1212
start,1467,48.900000,1,48.899315,90135,32390,24525,100,0,SAFE,17.3091
start,1468,48.933333,1,48.933372,97549,34412,24337,84,0,SAFE,15.1967
start,1469,48.966667,1,48.969624,95786,34111,24971,79,0,SAFE,22.7247
start,1470,49.000000,1,48.999851,94680,33420,24789,102,0,SAFE,14.0150
start,1471,49.033333,1,49.033543,92207,27918,19458,79,0,SAFE,14.0020
start,1472,49.066667,1,49.068381,88148,27595,19312,89,0,SAFE,19.3263
start,1473,49.100000,1,49.101945,94963,32614,21278,73,0,SAFE,26.9647
start,1474,49.133333,1,49.132224,96927,32129,23658,71,0,SAFE,12.5745
start,1475,49.166667,1,49.166671,94972,33100,25388,114,0,SAFE,16.0908
start,1476,49.200000,1,49.203151,87921,28704,21297,102,0,SAFE,13.6415
start,1477,49.233333,1,49.233423,90783,31971,23555,82,0,SAFE,20.2061
start,1478,49.266667,1,49.264714,86861,28619,20646,73,0,SAFE,15.5148
start,1479,49.300000,1,49.298283,94719,31424,23871,91,0,SAFE,14.7616
start,1480,49.333333,1,49.335064,93066,30546,20409,96,0,SAFE,10.0977
start,1481,49.366667,1,49.365320,85755,28511,19741,84,0,SAFE,19.0184
start,1482,49.400000,1,49.399995,98811,36185,26149,70,0,SAFE,20.4219
start,1483,49.433333,0,49.433748,89109,29074,22514,85,0,SAFE,20.3111
start,1484,49.466667,1,49.467846,88550,29775,21276,95,0,SAFE,17.1879
start,1485,49.500000,1,49.499077,97230,32156,23066,54,0,SAFE,21.1728
start,1486,49.533333,1,49.533254,92068,32488,22792,69,0,SAFE,16.6096
start,1487,49.566667,1,49.567829,85294,28258,20233,78,0,SAFE,19.0737
start,1488,49.600000,1,49.600872,92060,31414,22537,70,0,SAFE,20.3363
start,1489,49.633333,1,49.638130,94924,32202,24293,71,0,SAFE,15.5381
start,1490,49.666667,1,49.667557,91080,31338,22505,65,0,SAFE,14.9865
start,1491,49.700000,1,49.699586,97053,34381,24034,71,0,SAFE,17.1994
start,1492,49.733333,1,49.728720,86710,31100,22195,62,0,SAFE,17.6728
start,1493,49.766667,1,49.768260,85598,28986,22238,66,0,SAFE,13.9438
start,1494,49.800000,1,49.798943,96342,31996,23018,68,0,SAFE,10.8087
start,1495,49.833333,1,49.830244,90347,32183,22726,75,0,SAFE,12.8684
start,1496,49.866667,1,49.865174,90889,33172,24985,83,0,SAFE,8.0000
start,1497,49.900000,1,49.899764,97246,33523,24328,74,0,SAFE,19.6617
start,1498,49.933333,1,49.936178,89054,28312,21646,85,0,SAFE,21.2729
start,1499,49.966667,1,49.965405,92994,32653,22962,76,0,SAFE,20.1014
start,1500,50.000000,1,49.998564,83386,27619,20317,38,0,SAFE,24.0835
start,1501,50.033333,1,50.033212,99320,34635,23010,93,0,SAFE,14.5762
start,1502,50.066667,1,50.068041,91284,29569,19879,85,0,SAFE,20.6793
start,1503,50.100000,1,50.100464,86049,30477,22839,85,0,SAFE,18.5103
start,1504,50.133333,1,50.138334,95458,31152,22619,127,0,SAFE,22.6105
start,1505,50.166667,1,50.166632,96850,32477,23585,68,0,SAFE,17.6515
start,1506,50.200000,1,50.200545,88811,27334,19659,43,0,SAFE,17.9412
start,1507,50.233333,1,50.231404,92141,28011,19061,55,0,SAFE,14.4951
start,1508,50.266667,1,50.267731,93704,31741,23300,84,0,SAFE,22.7224
start,1509,50.300000,1,50.302212,99437,35008,24618,81,0,SAFE,17.0754
start,1510,50.333333,1,50.333442,96599,31259,23613,66,0,SAFE,19.2372
start,1511,50.366667,1,50.364051,97568,30692,22039,78,0,SAFE,18.4972
start,1512,50.400000,1,50.403521,98857,31988,22656,44,0,SAFE,18.8066
start,1513,50.433333,1,50.432234,84487,26365,19350,78,0,SAFE,16.2220
start,1514,50.466667,1,50.466943,90461,30156,20900,106,0,SAFE,22.6233
start,1515,50.500000,1,50.500225,85218,28300,19870,65,0,SAFE,17.5127
start,1516,50.533333,1,50.533318,98393,33483,24038,66,0,SAFE,13.4186
start,1517,50.566667,1,50.565791,95571,32731,23198,76,0,SAFE,14.6455
start,1518,50.600000,1,50.602714,89068,30038,22268,77,0,SAFE,16.5500
start,1519,50.633333,1,50.629562,93683,32615,23632,84,0,SAFE,19.0845
start,1520,50.666667,1,50.667415,104414,35973,25977,106,0,SAFE,25.2943
start,1521,50.700000,1,50.699390,97345,33016,24073,90,0,SAFE,15.5484
start,1522,50.733333,1,50.736832,91990,31904,22656,91,0,SAFE,12.3984
start,1523,50.766667,1,50.764651,96656,32400,23959,50,0,SAFE,13.0654
start,1524,50.800000,1,50.797267,85953,30901,21240,77,0,SAFE,20.5273
start,1525,50.833333,1,50.834594,90896,28830,21630,61,0,SAFE,18.4962
start,1526,50.866667,1,50.869533,90142,29054,20634,34,0,SAFE,16.6951
start,1527,50.900000,1,50.896016,90250,29990,22469,82,0,SAFE,18.3486
start,1528,50.933333,1,50.933352,82107,26338,18688,68,0,SAFE,15.0364
start,1529,50.966667,1,50.969725,107115,36503,26561,112,0,SAFE,22.3010
start,1530,51.000000,1,50.998471,92401,33071,24295,71,0,SAFE,17.1459
start,1531,51.033333,1,51.033155,87459,31344,22925,76,0,SAFE,16.4839
start,1532,51.066667,1,51.067784,85937,28638,20415,71,0,SAFE,14.5920
start,1533,51.100000,1,51.096713,84904,31349,22869,52,0,SAFE,14.3619
start,1534,51.133333,1,51.133144,93665,33305,24477,75,0,SAFE,21.3431
start,1535,51.166667,1,51.169611,101477,32815,22476,60,0,SAFE,16.9068
start,1536,51.200000,1,51.198604,85113,28927,20826,109,0,SAFE,20.2370
start,1537,51.233333,1,51.233648,88000,32835,24588,61,0,SAFE,23.7613
start,1538,51.266667,1,51.272721,95283,31897,22596,76,0,SAFE,19.1292
start,1539,51.300000,1,51.300538,93311,32837,24861,88,0,SAFE,22.7057
start,1540,51.333333,1,51.333804,93679,29065,21275,41,0,SAFE,17.3166
start,1541,51.366667,1,51.364746,92074,31281,22221,86,0,SAFE,15.8052
start,1542,51.400000,1,51.401356,93472,31427,21843,102,0,SAFE,21.2325
start,1543,51.433333,1,51.435656,93734,32619,24263,105,0,SAFE,18.2900
start,1544,51.466667,1,51.469108,95053,32596,22130,29,0,SAFE,17.2128
start,1545,51.500000,1,51.503010,93569,29979,21441,94,0,SAFE,15.4020
start,1546,51.533333,1,51.533837,92323,32354,22942,61,0,SAFE,19.0671
start,1547,51.566667,1,51.569158,95864,34059,25984,67,0,SAFE,18.8833
start,1548,51.600000,1,51.601396,87837,29827,19886,83,0,SAFE,11.1840
start,1549,51.633333,1,51.633651,96136,34333,25102,61,0,SAFE,18.0913
start,1550,51.666667,1,51.664818,90122,31758,22939,143,0,SAFE,20.9888
start,1551,51.700000,1,51.702265,91521,30650,21738,80,0,SAFE,18.4285
start,1552,51.733333,1,51.732935,92293,32156,22853,48,0,SAFE,18.8242
start,1553,51.766667,1,51.764520,93917,36507,27114,80,0,SAFE,19.6566
start,1554,51.800000,1,51.802050,92564,30681,22985,63,0,SAFE,12.6219
start,1555,51.833333,1,51.833054,88963,28516,20227,100,0,SAFE,23.0104
start,1556,51.866667,1,51.865037,91470,31555,23788,63,0,SAFE,14.9893
start,1557,51.900000,1,51.900667,93946,31984,23100,50,0,SAFE,19.5914
start,1558,51.933333,1,51.931301,95794,33377,24870,59,0,SAFE,18.1434
start,1559,51.966667,1,51.964182,92079,29710,19630,50,0,SAFE,13.4441
start,1560,52.000000,1,51.997993,87744,30105,22554,62,0,SAFE,19.7852
start,1561,52.033333,1,52.030351,99796,32940,23533,92,0,SAFE,17.7451
start,1562,52.066667,1,52.066111,99168,33926,24719,83,0,SAFE,17.5438
start,1563,52.100000,1,52.098382,92801,33168,24402,64,0,SAFE,14.3986
start,1564,52.133333,1,52.132730,91675,32377,23197,74,0,SAFE,21.4366
start,1565,52.166667,1,52.167417,94531,29380,22256,98,0,SAFE,20.7986
start,1566,52.200000,1,52.201024,96530,34451,24226,82,0,SAFE,21.8436
start,1567,52.233333,1,52.235494,89663,29326,20847,79,0,SAFE,20.2896
start,1568,52.266667,1,52.268992,94819,32939,23806,75,0,SAFE,15.0043
start,1569,52.300000,1,52.300705,88788,32791,24574,70,0,SAFE,14.5630
start,1570,52.333333,1,52.335350,96253,33037,23608,65,1,SAFE_TRANSIENT_CLUSTER,18.9896
start,1571,52.366667,1,52.370884,88152,30097,19666,66,0,SAFE,27.0051
start,1572,52.400000,1,52.398779,91532,32435,22640,120,0,SAFE,25.2022
start,1573,52.433333,1,52.434044,97570,32169,23928,95,0,SAFE,20.1011
start,1574,52.466667,1,52.467930,86935,29039,19587,131,0,SAFE,17.4391
start,1575,52.500000,1,52.499610,94020,34789,25354,96,0,SAFE,18.4466
start,1576,52.533333,1,52.532822,90261,30357,22798,82,0,SAFE,16.8188
start,1577,52.566667,1,52.565165,87732,29616,21119,67,0,SAFE,20.4776
start,1578,52.600000,1,52.602004,92034,32941,25002,53,0,SAFE,13.2668
start,1579,52.633333,1,52.631472,89173,31281,21578,79,0,SAFE,16.5633
start,1580,52.666667,1,52.664485,92327,30964,22781,70,0,SAFE,18.3139
start,1581,52.700000,1,52.703106,97647,33590,24422,67,0,SAFE,14.0277
start,1582,52.733333,1,52.733910,83203,27341,19532,98,0,SAFE,23.2788
start,1583,52.766667,1,52.765370,88930,29108,22008,92,0,SAFE,19.1257
start,1584,52.800000,1,52.799253,94253,31568,22230,63,0,SAFE,17.6226
start,1585,52.833333,1,52.834883,82754,27028,18492,51,0,SAFE,23.3627
start,1586,52.866667,1,52.866908,94473,31088,23988,76,0,SAFE,14.6953
start,1587,52.900000,1,52.895896,98342,33312,24149,113,0,SAFE,16.2255
start,1588,52.933333,1,52.933396,100401,35465,26390,64,0,SAFE,23.4362
start,1589,52.966667,1,52.968759,93549,30391,22613,80,0,SAFE,18.0762
start,1590,53.000000,1,53.001776,91267,32030,23967,63,0,SAFE,21.2358
start,1591,53.033333,1,53.032556,88392,29783,21285,97,0,SAFE,12.9732
start,1592,53.066667,1,53.068805,88077,28432,20373,92,0,SAFE,14.1712
start,1593,53.100000,1,53.099162,88939,30316,21438,93,0,SAFE,23.4364
start,1594,53.133333,1,53.134487,93047,33830,23139,83,0,SAFE,17.5109
start,1595,53.166667,1,53.167174,98992,35012,25627,77,0,SAFE,17.9443
start,1596,53.200000,1,53.201505,93736,30730,22125,53,2,SAFE_TRANSIENT_CLUSTER,24.0202
start,1597,53.233333,1,53.233453,91408,29896,20717,57,0,SAFE,15.9666
start,1598,53.266667,1,53.265685,100249,36907,26692,102,0,SAFE,14.1253
start,1599,53.300000,1,53.301367,91187,29727,21998,92,0,SAFE,19.4045
start,1600,53.333333,1,53.331818,87827,30508,20738,68,0,SAFE,24.3976
start,1601,53.366667,1,53.369910,87125,28063,20549,44,0,SAFE,16.9714
start,1602,53.400000,1,53.399873,93816,33403,24362,46,0,SAFE,20.4277
start,1603,53.433333,1,53.434440,99019,35757,25005,73,0,SAFE,15.8670
start,1604,53.466667,1,53.468191,90143,30202,22148,98,1,SAFE_TRANSIENT_CLUSTER,16.4778
start,1605,53.500000,1,53.501229,99610,33750,23749,62,0,SAFE,15.2696
start,1606,53.533333,1,53.534804,85277,27135,18858,110,0,SAFE,15.9044
start,1607,53.566667,1,53.568897,84594,28035,21073,90,0,SAFE,23.0132
start,1608,53.600000,1,53.599992,97307,35557,25309,72,0,SAFE,9.6809
start,1609,53.633333,1,53.631845,97017,34504,23760,72,0,SAFE,19.8982
start,1610,53.666667,1,53.665569,94067,31946,22859,82,0,SAFE,17.9646
start,1611,53.700000,1,53.701137,93826,32045,23990,53,0,SAFE,20.9538
start,1612,53.733333,1,53.734243,88625,32464,24354,124,0,SAFE,20.9855
start,1613,53.766667,1,53.767241,95715,29771,19701,56,1,SAFE_TRANSIENT_CLUSTER,18.4083
start,1614,53.800000,1,53.801444,94799,33157,24625,70,0,SAFE,16.1370
start,1615,53.833333,1,53.835402,93821,31575,22307,104,0,SAFE,18.6730
start,1616,53.866667,1,53.867396,97763,31558,23080,77,0,SAFE,15.3289
start,1617,53.900000,1,53.900498,96527,32680,23219,82,0,SAFE,22.4534
start,1618,53.933333,1,53.931614,93686,33081,22851,78,0,SAFE,17.0325
start,1619,53.966667,1,53.965570,89312,30331,22918,74,0,SAFE,23.3270
start,1620,54.000000,1,53.999659,97714,33257,24377,70,0,SAFE,14.6765
start,1621,54.033333,1,54.030748,101568,33961,25328,72,0,SAFE,18.8067
start,1622,54.066667,1,54.064481,87918,30001,21071,97,0,SAFE,17.9316
start,1623,54.100000,1,54.100598,93530,34008,24399,78,0,SAFE,19.5491
start,1624,54.133333,1,54.131506,93706,30133,21430,82,0,SAFE,16.7611
start,1625,54.166667,1,54.166193,97663,31706,23429,70,0,SAFE,15.5821
start,1626,54.200000,1,54.199164,103096,34076,25279,81,0,SAFE,22.1153
start,1627,54.233333,1,54.237674,95965,32791,22729,78,0,SAFE,24.7680
start,1628,54.266667,1,54.265037,89450,28846,21934,89,0,SAFE,17.0360
start,1629,54.300000,1,54.301263,96770,34786,26020,70,0,SAFE,23.5944
start,1630,54.333333,1,54.334650,88315,29735,22099,30,0,SAFE,15.9079
start,1631,54.366667,1,54.365935,102029,32776,24947,59,0,SAFE,23.7373
start,1632,54.400000,1,54.396879,90269,31810,23178,100,0,SAFE,18.0060
start,1633,54.433333,1,54.433645,94237,32948,21479,77,0,SAFE,16.3209
start,1634,54.466667,1,54.465035,94768,31604,23092,56,0,SAFE,24.8463
start,1635,54.500000,1,54.501486,90750,32518,22723,62,0,SAFE,24.1056
start,1636,54.533333,1,54.533367,94849,30097,20689,49,0,SAFE,17.0389
start,1637,54.566667,1,54.565600,87440,30507,22047,65,0,SAFE,17.6426
start,1638,54.600000,1,54.598613,100073,32632,23883,40,0,SAFE,19.0664
start,1639,54.633333,1,54.632924,94094,32767,23981,58,0,SAFE,15.2187
start,1640,54.666667,1,54.667470,99777,35662,26057,78,0,SAFE,20.8340
start,1641,54.700000,1,54.697706,92642,29892,20550,81,0,SAFE,22.3057
start,1642,54.733333,1,54.734553,84962,29478,21515,70,0,SAFE,14.3921
start,1643,54.766667,1,54.764850,98751,33923,23960,51,0,SAFE,19.8111
start,1644,54.800000,1,54.796328,85137,28577,19442,65,0,SAFE,17.7685
start,1645,54.833333,1,54.834628,88980,30749,21923,71,0,SAFE,17.9341
start,1646,54.866667,1,54.863646,97344,32539,21935,48,0,SAFE,21.9092
start,1647,54.900000,1,54.901650,98398,35227,25927,92,0,SAFE,17.1749
start,1648,54.933333,1,54.931071,94552,33006,23082,62,0,SAFE,14.1377
start,1649,54.966667,1,54.967593,96358,34703,25953,64,0,SAFE,16.0160
start,1650,55.000000,1,54.999266,94320,32776,22658,61,0,SAFE,16.8539
start,1651,55.033333,1,55.035886,86771,30255,20363,84,0,SAFE,10.2020
start,1652,55.066667,1,55.066718,90980,29711,20786,71,0,SAFE,16.6334
start,1653,55.100000,1,55.099778,89582,30684,20428,75,0,SAFE,13.9721
start,1654,55.133333,1,55.130676,90972,32142,22047,116,0,SAFE,17.6954
start,1655,55.166667,1,55.164643,90493,30432,20894,78,0,SAFE,19.8276
start,1656,55.200000,1,55.203312,92552,33028,23924,68,0,SAFE,22.1978
start,1657,55.233333,1,55.229652,92227,30356,22467,59,0,SAFE,16.3862
start,1658,55.266667,1,55.267917,88739,30147,21110,70,0,SAFE,15.0184
start,1659,55.300000,1,55.297864,87456,29263,20694,90,0,SAFE,18.3765
start,1660,55.333333,1,55.332381,90808,29026,21355,81,0,SAFE,14.0369
start,1661,55.366667,1,55.365847,82445,27451,18631,67,0,SAFE,24.3475
start,1662,55.400000,1,55.402111,91450,32482,23492,41,0,SAFE,17.1939
start,1663,55.433333,1,55.431912,98675,33708,25229,85,0,SAFE,16.3910
start,1664,55.466667,1,55.471172,86235,29760,21742,69,0,SAFE,16.1545
start,1665,55.500000,1,55.499852,92167,31394,23368,86,0,SAFE,21.1338
start,1666,55.533333,1,55.534828,89224,29270,21179,59,0,SAFE,20.7294
start,1667,55.566667,1,55.566130,90163,30750,22001,84,0,SAFE,9.6345
start,1668,55.600000,1,55.601292,95842,30332,21188,101,0,SAFE,15.3986
start,1669,55.633333,1,55.632787,83850,28689,20401,62,0,SAFE,24.5712
start,1670,55.666667,1,55.666136,93572,30650,21379,64,0,SAFE,19.7418
start,1671,55.700000,1,55.703009,95951,33215,23791,75,0,SAFE,14.6345
start,1672,55.733333,1,55.730409,99866,34357,23522,69,0,SAFE,18.5580
start,1673,55.766667,1,55.766911,95729,32201,22487,89,0,SAFE,11.5181
start,1674,55.800000,1,55.799907,92181,29063,20915,98,0,SAFE,20.7008
start,1675,55.833333,1,55.833117,89518,31797,23651,84,0,SAFE,13.4170
start,1676,55.866667,1,55.867455,84452,30028,22105,92,0,SAFE,23.6430
start,1677,55.900000,1,55.897337,92845,31216,24406,79,0,SAFE,20.2035
start,1678,55.933333,1,55.931779,86594,28328,21600,64,0,SAFE,16.4929
start,1679,55.966667,1,55.967129,100546,35478,26477,63,0,SAFE,20.1684
start,1680,56.000000,1,56.001486,104602,33836,24142,65,0,SAFE,12.5163
start,1681,56.033333,1,56.032991,90753,29209,20456,103,0,SAFE,15.6735
start,1682,56.066667,1,56.065105,94024,31352,22914,95,0,SAFE,19.4037
start,1683,56.100000,1,56.097136,100657,34721,24926,68,0,SAFE,20.2146
start,1684,56.133333,1,56.133797,93787,32838,23339,87,0,SAFE,21.6980
start,1685,56.166667,1,56.171859,98220,32687,25559,101,0,SAFE,16.0984
start,1686,56.200000,1,56.198547,92237,30278,22127,88,0,SAFE,17.2084
start,1687,56.233333,1,56.233355,82830,26474,18643,58,0,SAFE,17.1538
start,1688,56.266667,1,56.265524,94760,31845,21971,67,0,SAFE,16.4297
start,1689,56.300000,1,56.302058,96740,33741,23639,90,0,SAFE,21.2750
start,1690,56.333333,1,56.333494,85249,30545,22487,60,0,SAFE,19.9313
start,1691,56.366667,1,56.365140,84271,31148,22751,71,0,SAFE,18.5779
start,1692,56.400000,1,56.397218,84033,28017,20624,88,0,SAFE,15.8385
start,1693,56.433333,1,56.431233,86846,28558,20694,118,0,SAFE,8.0000
start,1694,56.466667,1,56.466476,93321,31799,21926,53,0,SAFE,17.2854
start,1695,56.500000,1,56.498789,94027,31151,23836,93,0,SAFE,17.0467
start,1696,56.533333,1,56.532539,94382,33053,23045,79,0,SAFE,20.0444
start,1697,56.566667,1,56.567840,82626,31414,22965,60,0,SAFE,18.4882
start,1698,56.600000,1,56.598748,97045,33262,25289,79,0,SAFE,12.3972
start,1699,56.633333,1,56.635227,89313,30617,22310,71,0,SAFE,12.6529
start,1700,56.666667,1,56.664336,89236,29703,20959,107,0,SAFE,10.2964
start,1701,56.700000,1,56.698936,90582,31339,22660,115,0,SAFE,17.2391
start,1702,56.733333,1,56.733803,92755,33381,24711,83,0,SAFE,16.3918
start,1703,56.766667,1,56.765012,86259,28689,19316,89,0,SAFE,15.7283
start,1704,56.800000,1,56.800394,91302,31691,23457,55,0,SAFE,15.7398
start,1705,56.833333,1,56.832902,90128,34859,25901,77,0,SAFE,16.5514
start,1706,56.866667,1,56.863316,92870,27629,21104,56,0,SAFE,23.3274
start,1707,56.900000,1,56.902530,91373,30709,22090,67,0,SAFE,15.9075
start,1708,56.933333,1,56.930724,88723,29610,20772,90,0,SAFE,18.8508
start,1709,56.966667,1,56.965533,82874,28567,19825,63,0,SAFE,13.2144
start,1710,57.000000,1,56.998886,97370,31685,22894,115,0,SAFE,18.5518
start,1711,57.033333,1,57.038415,103781,35394,24234,104,0,SAFE,21.1408
start,1712,57.066667,1,57.067254,94702,32150,25349,82,0,SAFE,20.0632
start,1713,57.100000,1,57.099366,88979,29760,21864,90,0,SAFE,11.4062
start,1714,57.133333,1,57.132456,93449,32099,24178,109,0,SAFE,22.9033
start,1715,57.166667,1,57.167533,97765,30211,23048,46,0,SAFE,14.8047
start,1716,57.200000,1,57.204274,89163,30496,22166,87,0,SAFE,18.1917
start,1717,57.233333,1,57.235849,91601,29723,21238,85,0,SAFE,23.0313
start,1718,57.266667,1,57.266981,94460,30448,21786,69,0,SAFE,19.7311
start,1719,57.300000,1,57.302529,94786,31253,23188,89,0,SAFE,16.8965
start,1720,57.333333,1,57.334513,83007,29328,20377,48,0,SAFE,16.6619
start,1721,57.366667,1,57.366876,93389,30299,21327,50,0,SAFE,19.9900
start,1722,57.400000,1,57.400730,86555,31723,21658,48,0,SAFE,16.1331
start,1723,57.433333,1,57.432826,90024,30572,21504,63,0,SAFE,11.2061
start,1724,57.466667,0,57.464125,93895,31710,23629,104,0,SAFE,12.6798
start,1725,57.500000,1,57.499195,93609,31375,23621,63,0,SAFE,18.1755
start,1726,57.533333,1,57.534569,91594,31882,23511,64,0,SAFE,21.6695
start,1727,57.566667,1,57.568010,100360,33546,24253,101,0,SAFE,24.1663
start,1728,57.600000,1,57.599478,90026,31542,23446,46,0,SAFE,19.4705
start,1729,57.633333,1,57.633523,93266,31961,22586,21,0,SAFE,16.1081
start,1730,57.666667,1,57.665751,95242,32557,22239,51,0,SAFE,13.7783
start,1731,57.700000,1,57.701891,86598,27610,20392,72,0,SAFE,14.3608
start,1732,57.733333,1,57.730903,94413,32867,24701,55,0,SAFE,17.2241
start,1733,57.766667,1,57.766102,92851,32013,21161,84,0,SAFE,21.1486
start,1734,57.800000,1,57.801337,96740,31124,22188,91,0,SAFE,17.2603
start,1735,57.833333,1,57.829655,95309,33772,24317,98,0,SAFE,17.0605
start,1736,57.866667,1,57.864771,93565,33000,24242,55,1,SAFE_TRANSIENT_CLUSTER,16.7760
start,1737,57.900000,1,57.902052,92640,30465,21517,85,0,SAFE,10.9243
start,1738,57.933333,1,57.935429,91423,33106,24259,60,0,SAFE,15.4221
start,1739,57.966667,1,57.969429,88458,31683,22372,56,0,SAFE,21.4263
start,1740,58.000000,1,57.998012,85546,30161,21858,86,1,SAFE_TRANSIENT_CLUSTER,17.1013
start,1741,58.033333,1,58.029123,83743,28503,21307,65,0,SAFE,20.5031
start,1742,58.066667,1,58.064160,91061,29958,22334,80,0,SAFE,19.9495
start,1743,58.100000,1,58.098564,92452,27687,19683,74,0,SAFE,16.9878
start,1744,58.133333,1,58.132231,87155,29040,20184,65,0,SAFE,10.8057
start,1745,58.166667,1,58.165962,102209,36151,25726,112,0,SAFE,17.6466
start,1746,58.200000,1,58.204323,92519,29991,21510,101,0,SAFE,17.8236
start,1747,58.233333,1,58.235097,92723,33681,24145,102,0,SAFE,20.5545
start,1748,58.266667,1,58.267806,96251,31901,23660,75,0,SAFE,11.8249
start,1749,58.300000,0,58.296946,90670,30005,21438,85,0,SAFE,13.2858
start,1750,58.333333,1,58.334459,95676,32948,22708,47,0,SAFE,17.2541
start,1751,58.366667,1,58.365681,85887,29746,21062,92,0,SAFE,18.4880
start,1752,58.400000,1,58.400544,90055,30724,23022,63,0,SAFE,19.3726
start,1753,58.433333,1,58.434537,94502,31545,22141,64,0,SAFE,13.4955
start,1754,58.466667,1,58.467502,87958,28835,21054,51,0,SAFE,22.1656
start,1755,58.500000,1,58.500917,95942,31906,23914,92,0,SAFE,21.6953
start,1756,58.533333,1,58.532240,93336,32075,23673,83,0,SAFE,20.7513
start,1757,58.566667,1,58.565423,92284,30409,21016,45,0,SAFE,16.0926
start,1758,58.600000,1,58.600144,94404,32210,24451,97,0,SAFE,14.4754
start,1759,58.633333,1,58.632243,100652,34061,24077,58,0,SAFE,17.5956
start,1760,58.666667,1,58.668748,95587,33253,24404,31,0,SAFE,14.1061
start,1761,58.700000,1,58.702081,99828,32302,23125,69,0,SAFE,23.4129
start,1762,58.733333,1,58.734324,92401,30846,21699,100,0,SAFE,14.9728
start,1763,58.766667,1,58.766936,97325,31162,22027,14,0,SAFE,13.8672
start,1764,58.800000,1,58.801128,100296,33855,23607,86,0,SAFE,13.2824
start,1765,58.833333,1,58.831521,96145,32295,23497,68,0,SAFE,15.4707
start,1766,58.866667,1,58.866331,89923,31272,22067,66,0,SAFE,17.2211
start,1767,58.900000,1,58.899767,90717,29900,21706,59,0,SAFE,18.2042
start,1768,58.933333,1,58.930790,88362,30161,20771,83,0,SAFE,15.9044
start,1769,58.966667,1,58.967169,100165,34823,25235,57,0,SAFE,19.8633
start,1770,59.000000,1,58.998154,94112,32366,21929,93,0,SAFE,13.8024
start,1771,59.033333,1,59.031622,88641,31010,23367,93,0,SAFE,21.2597
start,1772,59.066667,1,59.067543,90068,29478,20642,68,0,SAFE,20.6496
start,1773,59.100000,1,59.098584,95507,33923,23203,85,0,SAFE,18.8961
start,1774,59.133333,1,59.134476,95560,29880,23680,73,0,SAFE,19.0256
start,1775,59.166667,1,59.167711,91388,30889,23781,66,0,SAFE,16.0397
start,1776,59.200000,1,59.199067,86446,28693,21271,75,0,SAFE,13.3074
start,1777,59.233333,1,59.231564,94405,30509,21511,91,0,SAFE,16.3685
start,1778,59.266667,1,59.264882,82609,27200,19240,80,0,SAFE,23.4734
start,1779,59.300000,1,59.301711,93589,30491,20440,59,0,SAFE,19.2559
start,1780,59.333333,1,59.333384,90731,29809,21514,63,0,SAFE,19.7810
start,1781,59.366667,1,59.366743,96704,34060,23481,88,0,SAFE,11.3034
start,1782,59.400000,1,59.400404,90874,30675,22438,49,0,SAFE,16.9721
start,1783,59.433333,1,59.436397,93422,32162,22656,99,0,SAFE,15.9441
start,1784,59.466667,1,59.464980,94046,29978,22279,96,0,SAFE,22.6454
start,1785,59.500000,1,59.499007,95096,33869,24470,63,0,SAFE,16.2914
start,1786,59.533333,1,59.532945,87262,29112,21578,50,0,SAFE,19.9160
start,1787,59.566667,1,59.568481,98476,32301,22071,77,0,SAFE,14.5380
start,1788,59.600000,1,59.601879,96061,33752,24629,98,0,SAFE,17.6655
start,1789,59.633333,1,59.630102,97036,31908,23119,82,1,SAFE_TRANSIENT_CLUSTER,22.1601
start,1790,59.666667,1,59.668265,92247,32025,23163,45,0,SAFE,19.6442
start,1791,59.700000,1,59.702078,91643,30335,22061,91,0,SAFE,18.6722
start,1792,59.733333,1,59.734074,89195,29390,20899,78,0,SAFE,21.2241
start,1793,59.766667,1,59.768905,96482,34466,24881,49,0,SAFE,14.2916
start,1794,59.800000,1,59.800382,89018,30132,23557,83,0,SAFE,17.2944
start,1795,59.833333,1,59.834044,90072,29356,19391,83,0,SAFE,22.7894
start,1796,59.866667,1,59.866604,95998,31289,22121,85,0,SAFE,18.7469
start,1797,59.900000,1,59.901894,92504,30891,21638,50,0,SAFE,15.5695
start,1798,59.933333,1,59.933024,93948,31315,22717,74,0,SAFE,20.5263
start,1799,59.966667,1,59.969704,93839,31631,22777,103,0,SAFE,15.0417
mid,0,0.000000,1,-0.000308,96420,33993,25688,108,0,SAFE,25.2033
mid,1,0.033333,1,0.033689,99335,34504,25741,76,0,SAFE,23.1906
mid,2,0.066667,1,0.062357,96830,30831,21696,76,0,SAFE,18.4917
mid,3,0.100000,1,0.099397,94272,31307,22994,103,0,SAFE,20.8921
mid,4,0.133333,1,0.131869,88220,29208,20522,71,0,SAFE,20.6498
mid,5,0.166667,1,0.171365,89627,30699,22081,74,0,SAFE,20.5171
mid,6,0.200000,1,0.199598,90479,31354,22756,101,0,SAFE,12.2263
mid,7,0.233333,1,0.232642,91216,29777,21266,109,0,SAFE,16.6921
mid,8,0.266667,1,0.269359,89067,32287,23354,109,0,SAFE,17.3365
mid,9,0.300000,1,0.299417,88018,29361,22828,42,0,SAFE,14.6511
mid,10,0.333333,1,0.334446,88057,30726,22440,72,0,SAFE,17.3548
mid,11,0.366667,1,0.367662,89237,29653,20254,81,0,SAFE,14.1499
mid,12,0.400000,1,0.399570,90226,30784,22738,96,0,SAFE,23.6746
mid,13,0.433333,1,0.432980,97193,31941,22921,84,0,SAFE,18.0598
mid,14,0.466667,1,0.467149,99018,34133,24328,117,0,SAFE,25.2131
mid,15,0.500000,1,0.502223,95560,33763,22898,88,0,SAFE,17.7593
mid,16,0.533333,1,0.534336,100450,36105,26380,69,0,SAFE,21.6920
mid,17,0.566667,1,0.565856,90666,30039,20720,83,0,SAFE,25.8236
mid,18,0.600000,1,0.600959,94087,32730,23125,45,0,SAFE,22.8165
mid,19,0.633333,1,0.633843,91957,31850,23901,132,0,SAFE,23.9944
mid,20,0.666667,0,0.663125,84653,27471,19313,70,0,SAFE,21.8708
mid,21,0.700000,1,0.702621,94359,33053,22177,85,0,SAFE,18.5483
mid,22,0.733333,1,0.733145,85268,29710,21922,97,0,SAFE,20.3335
mid,23,0.766667,1,0.768064,91861,31118,24284,60,0,SAFE,15.0416
mid,24,0.800000,1,0.796779,86747,29587,22507,100,0,SAFE,16.5608
mid,25,0.833333,1,0.834491,95468,33278,24411,100,0,SAFE,21.2007
mid,26,0.866667,1,0.868320,92270,31911,22775,102,0,SAFE,25.6370
mid,27,0.900000,1,0.901827,95164,30012,20322,83,0,SAFE,19.6462
mid,28,0.933333,1,0.931112,91460,30906,22517,72,0,SAFE,21.4555
mid,29,0.966667,1,0.966884,90715,28587,21732,97,0,SAFE,22.4841
mid,30,1.000000,1,1.000657,100828,34890,24301,76,0,SAFE,17.2191
mid,31,1.033333,1,1.032438,92383,30826,22933,156,0,SAFE,23.8270
mid,32,1.066667,1,1.066161,88594,31330,22755,77,0,SAFE,16.4300
mid,33,1.100000,1,1.100863,91823,30584,21862,102,0,SAFE,20.3891
mid,34,1.133333,1,1.136065,90904,30550,23243,41,0,SAFE,22.2633
mid,35,1.166667,1,1.166432,97453,30580,22822,109,0,SAFE,24.6214
mid,36,1.200000,1,1.199223,92721,31380,22420,76,0,SAFE,25.5470
mid,37,1.233333,1,1.231937,95464,34616,24642,124,0,SAFE,15.5817
mid,38,1.266667,1,1.265815,90967,26743,19739,68,0,SAFE,16.1745
mid,39,1.300000,1,1.301581,92670,31393,22579,112,0,SAFE,16.5549
mid,40,1.333333,1,1.334948,85211,28679,20945,64,0,SAFE,20.5823
mid,41,1.366667,1,1.365621,103845,33339,23069,113,0,SAFE,19.7075
mid,42,1.400000,1,1.402079,93600,32068,24396,103,0,SAFE,20.3722
mid,43,1.433333,1,1.433495,88922,31422,23247,100,0,SAFE,20.7057
mid,44,1.466667,1,1.466857,87742,31528,21936,84,0,SAFE,17.9372
mid,45,1.500000,1,1.498090,86859,30328,21864,86,0,SAFE,18.7227
mid,46,1.533333,1,1.532427,87004,28845,23040,73,0,SAFE,26.6781
mid,47,1.566667,1,1.564573,93987,30857,23085,85,0,SAFE,21.5607
mid,48,1.600000,1,1.600215,95494,32186,23371,81,0,SAFE,17.7781
mid,49,1.633333,1,1.632241,89614,30394,21845,70,0,SAFE,10.7958
mid,50,1.666667,1,1.665882,87908,29509,20480,118,0,SAFE,22.0876
mid,51,1.700000,1,1.700684,99615,33268,24212,86,0,SAFE,18.7411
mid,52,1.733333,1,1.735262,85330,28934,20950,82,0,SAFE,23.7523
mid,53,1.766667,1,1.768827,87140,28981,22217,126,0,SAFE,16.6631
mid,54,1.800000,1,1.801044,96305,31586,23271,89,0,SAFE,24.1276
mid,55,1.833333,1,1.834100,97064,32930,21710,79,0,SAFE,16.9026
mid,56,1.866667,1,1.864605,93688,31616,22680,82,0,SAFE,18.0969
mid,57,1.900000,1,1.901642,99318,31488,23323,108,0,SAFE,17.1482
mid,58,1.933333,1,1.933754,90202,31327,23852,110,0,SAFE,14.9528
mid,59,1.966667,1,1.967147,96200,27190,19030,107,0,SAFE,22.7279
mid,60,2.000000,1,2.001650,88483,30063,21741,93,1,SAFE_TRANSIENT_CLUSTER,21.2082
mid,61,2.033333,1,2.034864,94366,33312,23487,63,0,SAFE,19.6842
mid,62,2.066667,1,2.064790,95091,33646,24083,100,0,SAFE,20.9269
mid,63,2.100000,1,2.096542,94767,31557,22809,54,0,SAFE,17.9993
mid,64,2.133333,1,2.134067,98105,35070,24883,59,0,SAFE,12.6075
mid,65,2.166667,1,2.165928,92194,31051,23631,86,0,SAFE,15.0855
mid,66,2.200000,1,2.197716,87931,31532,24211,111,0,SAFE,16.5406
mid,67,2.233333,1,2.232209,86431,27969,20351,81,0,SAFE,25.8567
mid,68,2.266667,1,2.265903,84855,30039,22070,78,0,SAFE,19.0678
mid,69,2.300000,1,2.300351,91865,32402,22637,72,1,SAFE_TRANSIENT_CLUSTER,15.9310
mid,70,2.333333,1,2.333632,87207,28835,20987,92,0,SAFE,12.3859
mid,71,2.366667,1,2.366098,98820,33241,24533,76,0,SAFE,19.8588
mid,72,2.400000,1,2.402984,92597,29762,21486,79,0,SAFE,25.2972
mid,73,2.433333,1,2.433860,93023,31276,23587,75,0,SAFE,22.3492
mid,74,2.466667,1,2.469130,94062,33600,24414,83,0,SAFE,22.1474
mid,75,2.500000,1,2.498856,94736,31624,23899,90,0,SAFE,16.2671
mid,76,2.533333,1,2.533030,97536,34910,24675,97,0,SAFE,17.7997
mid,77,2.566667,1,2.565948,90243,30654,21814,60,0,SAFE,19.1620
mid,78,2.600000,1,2.598330,99723,32909,25028,94,0,SAFE,18.6656
mid,79,2.633333,1,2.633658,96567,33198,24132,115,0,SAFE,22.1682
mid,80,2.666667,1,2.666333,96977,31849,23513,103,0,SAFE,16.2297
mid,81,2.700000,1,2.700069,90349,30299,21822,95,0,SAFE,19.4151
mid,82,2.733333,1,2.732087,96065,30433,21612,100,0,SAFE,18.8300
mid,83,2.766667,1,2.767552,97491,31593,21682,118,0,SAFE,21.5620
mid,84,2.800000,1,2.800881,93654,30039,22259,82,0,SAFE,20.8516
mid,85,2.833333,1,2.833935,95429,31637,21814,84,0,SAFE,21.4472
mid,86,2.866667,1,2.866938,95066,28944,21072,95,0,SAFE,13.9233
mid,87,2.900000,1,2.897242,86847,29106,21465,91,0,SAFE,28.8995
mid,88,2.933333,1,2.930945,87509,29770,22178,56,0,SAFE,18.9204
mid,89,2.966667,1,2.969022,100394,32862,24181,82,0,SAFE,24.6641
mid,90,3.000000,1,2.998288,98122,33944,24443,78,0,SAFE,18.0265
mid,91,3.033333,1,3.031496,96325,33447,24858,50,0,SAFE,24.5783
mid,92,3.066667,1,3.062701,88683,32293,23397,84,0,SAFE,17.2832
mid,93,3.100000,1,3.100020,90764,31708,23861,61,0,SAFE,22.4251
mid,94,3.133333,1,3.133452,94769,34004,25672,110,0,SAFE,22.8378
mid,95,3.166667,1,3.165642,94542,32207,23541,101,0,SAFE,12.2115
mid,96,3.200000,1,3.201052,94668,31061,22126,98,0,SAFE,21.5422
mid,97,3.233333,1,3.229857,91975,30231,21938,130,0,SAFE,23.0830
mid,98,3.266667,1,3.268522,90373,31283,20953,101,0,SAFE,17.8701
mid,99,3.300000,1,3.300480,98020,34069,24861,82,0,SAFE,26.6717
mid,100,3.333333,1,3.335034,99911,35658,25356,85,0,SAFE,18.8762
mid,101,3.366667,1,3.369123,93288,32622,22964,74,0,SAFE,19.3081
mid,102,3.400000,1,3.398444,91611,30639,20423,83,0,SAFE,21.2610
mid,103,3.433333,1,3.433457,94853,32312,23299,110,0,SAFE,19.8680
mid,104,3.466667,1,3.469838,88214,30489,20555,98,0,SAFE,22.4157
mid,105,3.500000,1,3.500071,81389,28404,19811,30,0,SAFE,19.1143
mid,106,3.533333,1,3.532651,94759,31140,21182,64,0,SAFE,17.5929
mid,107,3.566667,1,3.569263,86943,26677,18653,94,0,SAFE,20.1983
mid,108,3.600000,1,3.600409,99892,34447,25052,107,0,SAFE,21.6942
mid,109,3.633333,1,3.631076,92151,29143,21076,58,0,SAFE,17.4421
mid,110,3.666667,1,3.666612,82441,27757,20300,89,0,SAFE,21.8396
mid,111,3.700000,1,3.699091,93652,32789,23239,90,0,SAFE,18.9251
mid,112,3.733333,1,3.733589,89260,28310,20791,90,0,SAFE,14.3103
mid,113,3.766667,1,3.765866,94595,30930,22653,93,0,SAFE,15.5780
mid,114,3.800000,1,3.801992,88346,27015,19229,95,0,SAFE,16.8976
mid,115,3.833333,1,3.833381,93427,33513,24325,52,0,SAFE,19.9442
mid,116,3.866667,1,3.864972,95695,32747,24138,93,0,SAFE,18.9835
mid,117,3.900000,1,3.900020,94088,31301,21357,56,0,SAFE,20.1682
mid,118,3.933333,1,3.932998,90126,31278,22856,108,0,SAFE,16.8076
mid,119,3.966667,1,3.968001,92758,31743,23119,107,0,SAFE,13.4485
mid,120,4.000000,1,4.000089,94208,32786,23901,106,0,SAFE,16.4569
mid,121,4.033333,1,4.034813,94641,34176,23183,82,0,SAFE,12.2228
mid,122,4.066667,1,4.065099,93895,30880,22536,73,0,SAFE,17.2435
mid,123,4.100000,1,4.099409,100997,34361,24317,96,0,SAFE,23.5569
mid,124,4.133333,1,4.133469,100861,33542,23755,58,0,SAFE,19.8168
mid,125,4.166667,1,4.166267,94216,32394,22727,75,0,SAFE,21.6264
mid,126,4.200000,1,4.196433,89289,27867,21311,68,0,SAFE,16.6781
mid,127,4.233333,1,4.233836,95725,30520,22882,68,0,SAFE,14.6822
mid,128,4.266667,1,4.264616,85791,30225,21195,102,0,SAFE,11.8083
mid,129,4.300000,1,4.299664,97808,34334,26233,47,0,SAFE,18.1784
mid,130,4.333333,1,4.331732,91502,30186,20927,85,1,SAFE_TRANSIENT_CLUSTER,18.6594
mid,131,4.366667,1,4.368010,87443,31816,23036,74,0,SAFE,18.0361
mid,132,4.400000,1,4.399224,85791,32117,22207,71,0,SAFE,23.6940
mid,133,4.433333,1,4.434033,85492,30492,21600,63,0,SAFE,22.1025
mid,134,4.466667,1,4.468890,85042,29392,21235,129,0,SAFE,10.1719
mid,135,4.500000,1,4.496444,97284,33218,23240,78,0,SAFE,19.4775
mid,136,4.533333,1,4.531559,91545,30485,22033,66,0,SAFE,18.4101
mid,137,4.566667,1,4.568102,99298,35436,25233,99,0,SAFE,20.5656
mid,138,4.600000,1,4.601201,94552,29930,22489,91,0,SAFE,20.7711
mid,139,4.633333,1,4.634549,91036,28957,20482,77,0,SAFE,22.2072
mid,140,4.666667,1,4.669343,94955,31946,21828,61,0,SAFE,21.6401
mid,141,4.700000,1,4.697316,89441,30207,21685,85,0,SAFE,18.2857
mid,142,4.733333,1,4.729965,98010,31365,21944,70,0,SAFE,17.2633
mid,143,4.766667,1,4.767697,91290,32207,22837,72,0,SAFE,22.7841
mid,144,4.800000,1,4.797965,94597,32156,22814,101,0,SAFE,19.4682
mid,145,4.833333,1,4.834109,97092,30996,22851,100,0,SAFE,15.6628
mid,146,4.866667,1,4.868360,87745,29586,20628,106,0,SAFE,22.0477
mid,147,4.900000,1,4.900009,95513,31675,24067,86,0,SAFE,20.3392
mid,148,4.933333,1,4.934770,83694,26052,17420,68,0,SAFE,21.6987
mid,149,4.966667,1,4.965814,91160,31299,24334,122,0,SAFE,16.8983
mid,150,5.000000,1,4.999746,99887,32779,25073,111,0,SAFE,26.3612
mid,151,5.033333,1,5.028836,95194,34138,23240,84,0,SAFE,19.4190
mid,152,5.066667,1,5.064825,94400,33193,24395,103,0,SAFE,23.2917
mid,153,5.100000,1,5.099784,92352,33308,24224,60,0,SAFE,22.0412
mid,154,5.133333,1,5.136266,94281,33556,24880,87,0,SAFE,19.0775
mid,155,5.166667,1,5.163215,91355,30362,21573,115,1,SAFE_TRANSIENT_CLUSTER,21.1863
mid,156,5.200000,1,5.200957,93661,33212,24048,86,0,SAFE,23.9427
mid,157,5.233333,0,5.234977,99127,33553,24119,108,0,SAFE,13.4466
mid,158,5.266667,1,5.265734,81300,27540,18948,108,0,SAFE,18.4095
mid,159,5.300000,1,5.298199,94960,30723,22553,71,0,SAFE,19.0797
mid,160,5.333333,1,5.335249,86874,28746,21798,78,0,SAFE,13.6572
mid,161,5.366667,1,5.366684,88166,28832,21316,59,0,SAFE,19.1859
mid,162,5.400000,1,5.401322,90726,30185,22910,94,0,SAFE,18.8090
mid,163,5.433333,1,5.430828,92952,30383,21240,93,0,SAFE,14.7542
mid,164,5.466667,1,5.468898,89967,30335,23026,120,0,SAFE,16.4303
mid,165,5.500000,1,5.497169,91365,31314,20834,47,0,SAFE,21.4880
mid,166,5.533333,1,5.533941,95308,30735,22137,65,0,SAFE,22.2584
mid,167,5.566667,1,5.567164,102997,34900,25421,89,0,SAFE,24.6247
mid,168,5.600000,1,5.600541,94253,31319,21850,69,0,SAFE,24.5399
mid,169,5.633333,1,5.632634,90110,28076,20168,103,0,SAFE,10.9517
mid,170,5.666667,1,5.664375,87282,29724,20894,101,0,SAFE,20.9017
mid,171,5.700000,1,5.699785,90912,31034,21475,77,0,SAFE,17.7906
mid,172,5.733333,1,5.734748,106644,33845,25173,89,0,SAFE,13.3051
mid,173,5.766667,1,5.765922,94473,34206,24991,94,0,SAFE,19.7517
mid,174,5.800000,1,5.802613,93293,30766,22440,74,0,SAFE,26.1587
mid,175,5.833333,1,5.831297,101012,35607,26272,95,0,SAFE,21.4973
mid,176,5.866667,1,5.864015,92813,31478,23155,123,0,SAFE,22.7560
mid,177,5.900000,1,5.898548,90344,31428,22343,73,0,SAFE,16.7518
mid,178,5.933333,1,5.934650,95309,30285,21950,67,1,SAFE_TRANSIENT_CLUSTER,18.8297
mid,179,5.966667,1,5.963031,97374,34780,24949,56,0,SAFE,24.7350
mid,180,6.000000,1,5.998230,98509,31326,22132,118,0,SAFE,18.6938
mid,181,6.033333,1,6.031799,92916,29967,22534,105,0,SAFE,14.6095
mid,182,6.066667,1,6.065745,98461,35044,26271,66,0,SAFE,21.9103
mid,183,6.100000,1,6.101766,91334,33532,24034,80,0,SAFE,20.4744
mid,184,6.133333,1,6.132376,91361,33099,24602,57,0,SAFE,19.5784
mid,185,6.166667,1,6.164443,105574,35987,25397,112,0,SAFE,20.9179
mid,186,6.200000,1,6.196561,90489,31087,22552,95,0,SAFE,16.8379
mid,187,6.233333,1,6.235964,94492,28931,19386,115,0,SAFE,14.8597
mid,188,6.266667,1,6.266362,89226,29809,20348,71,0,SAFE,26.7761
mid,189,6.300000,1,6.302304,98475,33187,23658,129,0,SAFE,20.8513
mid,190,6.333333,1,6.329826,87952,27919,20536,104,0,SAFE,17.8199
mid,191,6.366667,1,6.367158,88617,30211,21184,94,0,SAFE,20.0940
mid,192,6.400000,1,6.399565,90303,30616,22267,75,0,SAFE,23.9078
mid,193,6.433333,1,6.434132,98192,33700,24300,108,0,SAFE,24.9904
mid,194,6.466667,1,6.467623,86843,31959,23110,65,0,SAFE,20.8222
mid,195,6.500000,1,6.500171,87592,29608,21259,34,0,SAFE,18.8809
mid,196,6.533333,1,6.532117,91617,30698,20835,102,0,SAFE,19.3690
mid,197,6.566667,1,6.565355,90364,32815,23020,71,0,SAFE,16.5871
mid,198,6.600000,1,6.596044,105031,33901,25023,55,0,SAFE,20.3125
mid,199,6.633333,1,6.635653,84101,28703,20062,72,0,SAFE,13.9171
mid,200,6.666667,1,6.667511,97553,34609,23551,89,0,SAFE,22.3500
mid,201,6.700000,1,6.701566,89486,30665,21022,95,0,SAFE,19.2462
mid,202,6.733333,1,6.734177,91590,30545,22715,84,0,SAFE,20.6700
mid,203,6.766667,1,6.767212,97529,32338,23386,99,0,SAFE,12.4665
mid,204,6.800000,1,6.800852,85871,28275,21489,98,0,SAFE,11.1727
mid,205,6.833333,1,6.832614,96068,31163,22257,80,0,SAFE,18.0568
mid,206,6.866667,1,6.865994,95220,31303,22471,104,0,SAFE,12.3633
mid,207,6.900000,1,6.899742,96381,31668,22062,59,0,SAFE,16.8768
mid,208,6.933333,1,6.932817,88672,27705,19872,77,0,SAFE,15.7842
mid,209,6.966667,1,6.965819,88902,28962,20650,63,0,SAFE,19.3527
mid,210,7.000000,1,6.997305,98288,32075,23000,86,0,SAFE,19.8855
mid,211,7.033333,1,7.033449,93979,30670,20263,63,0,SAFE,15.6068
mid,212,7.066667,1,7.069508,97253,32828,24402,105,0,SAFE,19.4857
mid,213,7.100000,1,7.098588,95269,32142,21839,90,0,SAFE,22.2469
mid,214,7.133333,1,7.132552,89483,31321,22909,97,0,SAFE,14.9519
mid,215,7.166667,1,7.166394,92684,29706,21444,45,0,SAFE,18.7672
mid,216,7.200000,1,7.200293,90536,34691,25389,64,0,SAFE,22.0755
mid,217,7.233333,1,7.235090,87517,30539,22230,59,0,SAFE,24.4738
mid,218,7.266667,1,7.264591,93094,31196,19717,92,0,SAFE,22.2381
mid,219,7.300000,0,7.301747,93154,29805,21009,86,0,SAFE,19.8902
mid,220,7.333333,1,7.335896,91508,32338,23196,91,0,SAFE,18.4706
mid,221,7.366667,1,7.365320,93055,34999,25423,64,0,SAFE,21.0542
mid,222,7.400000,1,7.397862,89232,28937,21844,110,0,SAFE,19.6246
mid,223,7.433333,1,7.436919,94827,31791,23310,81,0,SAFE,19.8599
mid,224,7.466667,1,7.467881,94384,32888,24093,82,0,SAFE,20.0856
mid,225,7.500000,1,7.503442,94925,34031,24046,78,0,SAFE,20.6746
mid,226,7.533333,1,7.533098,87652,30436,23096,89,0,SAFE,16.9379
mid,227,7.566667,1,7.565694,92851,30487,20985,75,0,SAFE,23.5748
mid,228,7.600000,1,7.600977,97605,33389,23683,95,0,SAFE,18.5240
mid,229,7.633333,1,7.631604,82449,27670,18744,107,0,SAFE,17.7327
mid,230,7.666667,1,7.667689,93645,33661,24220,84,0,SAFE,8.4562
mid,231,7.700000,1,7.701836,89578,29979,20979,83,0,SAFE,16.9308
mid,232,7.733333,1,7.735070,94082,31045,22432,140,0,SAFE,24.7203
mid,233,7.766667,1,7.768367,90314,29229,20091,87,0,SAFE,18.4849
mid,234,7.800000,1,7.797973,92468,29315,20078,89,0,SAFE,19.8298
mid,235,7.833333,1,7.833831,94871,33769,24893,98,0,SAFE,20.4862
mid,236,7.866667,1,7.868155,93198,32100,24024,51,0,SAFE,22.7145
mid,237,7.900000,1,7.900676,96304,32788,22785,104,0,SAFE,25.1457
mid,238,7.933333,1,7.932544,97206,33967,24021,115,0,SAFE,17.1698
mid,239,7.966667,1,7.966113,87739,28883,20657,49,0,SAFE,23.3832
mid,240,8.000000,1,7.999170,92061,32165,22624,24,0,SAFE,21.4246
mid,241,8.033333,1,8.034635,93698,31749,21446,106,0,SAFE,20.3907
mid,242,8.066667,1,8.068769,100361,35477,25253,102,0,SAFE,20.9504
mid,243,8.100000,1,8.101133,90892,32563,23055,93,0,SAFE,18.7593
mid,244,8.133333,1,8.132955,96034,32137,22324,96,0,SAFE,20.5155
mid,245,8.166667,1,8.164401,92599,31778,22717,97,0,SAFE,18.6511
mid,246,8.200000,1,8.200612,90228,30604,21912,79,0,SAFE,21.0312
mid,247,8.233333,1,8.233758,88459,32430,23332,62,1,SAFE_TRANSIENT_CLUSTER,12.5435
mid,248,8.266667,1,8.266543,93952,33229,24998,67,0,SAFE,19.2819
mid,249,8.300000,1,8.302515,87920,31665,22715,84,0,SAFE,21.6607
mid,250,8.333333,1,8.331491,92852,29640,23037,76,0,SAFE,18.5312
mid,251,8.366667,1,8.364614,90519,30505,21270,109,0,SAFE,19.3063
mid,252,8.400000,1,8.396115,98507,33888,24341,96,0,SAFE,18.9942
mid,253,8.433333,1,8.435648,91286,30703,22350,71,0,SAFE,20.6275
mid,254,8.466667,1,8.467250,93848,34643,25682,100,0,SAFE,20.8853
mid,255,8.500000,1,8.500631,89745,31201,21636,45,0,SAFE,17.9266
mid,256,8.533333,1,8.529931,94360,32689,22486,90,0,SAFE,21.5697
mid,257,8.566667,1,8.566329,83143,27429,19337,84,0,SAFE,17.0266
mid,258,8.600000,1,8.598901,96321,30503,21168,78,0,SAFE,22.4426
mid,259,8.633333,1,8.631920,88256,29789,21949,89,0,SAFE,22.9837
mid,260,8.666667,1,8.664801,97014,31299,21592,76,0,SAFE,24.9967
mid,261,8.700000,1,8.698834,89679,31092,22226,78,0,SAFE,17.8327
mid,262,8.733333,1,8.731970,82124,28410,21383,66,0,SAFE,24.9177
mid,263,8.766667,1,8.768128,97339,32478,23818,52,0,SAFE,17.2488
mid,264,8.800000,1,8.801647,95581,33277,25008,93,0,SAFE,29.6452
mid,265,8.833333,1,8.834681,90793,31511,22987,101,0,SAFE,24.8545
mid,266,8.866667,1,8.866423,91977,34502,23209,67,0,SAFE,16.7813
mid,267,8.900000,1,8.903798,93960,35151,26252,82,0,SAFE,31.3086
mid,268,8.933333,1,8.930677,92733,32368,22689,74,0,SAFE,19.6733
mid,269,8.966667,1,8.966127,95458,30012,21860,97,0,SAFE,15.1370
mid,270,9.000000,1,8.997872,95141,33433,25233,63,0,SAFE,22.9444
mid,271,9.033333,1,9.031423,91249,31593,22713,70,0,SAFE,24.0815
mid,272,9.066667,1,9.066425,90017,33235,24112,60,0,SAFE,21.8409
mid,273,9.100000,1,9.099849,89397,31281,21586,76,0,SAFE,22.4998
mid,274,9.133333,1,9.134624,97117,33360,24335,45,0,SAFE,15.8917
mid,275,9.166667,1,9.166638,95592,33319,23800,63,0,SAFE,20.0793
mid,276,9.200000,1,9.198378,91289,29118,20707,88,0,SAFE,16.8186
mid,277,9.233333,1,9.230643,85164,30452,21716,78,0,SAFE,17.6339
mid,278,9.266667,1,9.268456,91189,31200,22636,87,0,SAFE,24.8522
mid,279,9.300000,1,9.300988,97192,31308,22422,141,0,SAFE,19.7844
mid,280,9.333333,1,9.333927,93297,32670,23984,69,0,SAFE,20.5504
mid,281,9.366667,1,9.366709,90350,30117,21450,117,0,SAFE,20.3789
mid,282,9.400000,1,9.402253,83636,31754,24712,86,0,SAFE,22.2958
mid,283,9.433333,1,9.434131,90891,30551,21362,81,0,SAFE,22.7970
mid,284,9.466667,1,9.469265,102757,35100,25022,93,0,SAFE,15.1710
mid,285,9.500000,1,9.501710,88315,29447,22813,83,0,SAFE,19.4265
mid,286,9.533333,1,9.530484,99843,35975,27370,88,0,SAFE,18.2662
mid,287,9.566667,1,9.564974,88598,28084,20652,77,0,SAFE,16.1963
mid,288,9.600000,1,9.598359,94817,33965,22475,55,0,SAFE,26.4838
mid,289,9.633333,1,9.635642,92119,30541,21450,81,0,SAFE,23.7996
mid,290,9.666667,1,9.669040,89407,33031,23510,101,0,SAFE,19.6724
mid,291,9.700000,1,9.701178,100038,34462,22754,72,0,SAFE,19.8294
mid,292,9.733333,1,9.731752,87588,29031,20799,89,0,SAFE,20.0052
mid,293,9.766667,1,9.767182,89666,27471,19376,95,0,SAFE,25.3132
mid,294,9.800000,1,9.796229,96126,31575,23824,86,0,SAFE,14.0948
mid,295,9.833333,1,9.832521,89101,30829,21649,124,0,SAFE,20.4573
mid,296,9.866667,1,9.863965,97198,35455,26647,111,0,SAFE,15.4932
mid,297,9.900000,1,9.905354,87037,28780,21265,94,0,SAFE,16.2310
mid,298,9.933333,1,9.934717,96321,30484,22156,64,0,SAFE,22.2049
mid,299,9.966667,1,9.966155,94466,31733,23482,116,0,SAFE,20.9076
mid,300,10.000000,1,10.002245,98244,33276,22072,74,0,SAFE,14.8202
mid,301,10.033333,1,10.036285,95381,31233,21281,93,0,SAFE,24.2908
mid,302,10.066667,1,10.064900,96136,32565,23672,84,0,SAFE,23.2229
mid,303,10.100000,1,10.100632,86510,31457,22531,65,0,SAFE,18.9623
mid,304,10.133333,1,10.133464,94462,29589,20534,109,0,SAFE,15.7676
mid,305,10.166667,1,10.163343,91622,30491,23024,70,0,SAFE,14.9507
mid,306,10.200000,1,10.197290,85884,27414,19777,63,0,SAFE,23.0297
mid,307,10.233333,1,10.233370,98953,36180,26458,123,0,SAFE,21.0374
mid,308,10.266667,1,10.268232,94314,29981,20614,84,0,SAFE,24.4682
mid,309,10.300000,1,10.298506,96730,32593,23679,90,0,SAFE,21.7740
mid,310,10.333333,1,10.335571,94885,33189,23149,90,0,SAFE,20.5101
mid,311,10.366667,1,10.366716,97611,32110,21793,86,0,SAFE,23.3229
mid,312,10.400000,1,10.399381,93128,33330,24475,57,0,SAFE,16.9745
mid,313,10.433333,1,10.435381,91644,32671,22479,102,0,SAFE,21.2717
mid,314,10.466667,1,10.463206,87949,30033,22408,67,0,SAFE,22.0424
mid,315,10.500000,1,10.502521,94302,31428,22679,81,0,SAFE,14.5166
mid,316,10.533333,1,10.534582,90106,31659,22340,55,0,SAFE,18.5576
mid,317,10.566667,1,10.568916,95696,33061,24409,103,0,SAFE,19.5670
mid,318,10.600000,1,10.601914,103025,34126,26318,88,1,SAFE_TRANSIENT_CLUSTER,15.1642
mid,319,10.633333,1,10.632461,89620,31681,21749,122,0,SAFE,18.1427
mid,320,10.666667,1,10.665259,92088,28918,21057,83,0,SAFE,20.0070
mid,321,10.700000,1,10.698128,103292,37801,27765,74,0,SAFE,21.2445
mid,322,10.733333,1,10.733473,92395,31962,22562,83,0,SAFE,21.6054
mid,323,10.766667,1,10.765902,97060,31377,22235,112,0,SAFE,15.7225
mid,324,10.800000,1,10.800743,90397,32658,24753,86,0,SAFE,19.8919
mid,325,10.833333,1,10.833004,95742,30415,21884,79,0,SAFE,24.0634
mid,326,10.866667,1,10.863404,96808,32549,22894,66,0,SAFE,32.2176
mid,327,10.900000,1,10.898184,90570,31459,22990,92,0,SAFE,16.9720
mid,328,10.933333,1,10.935564,92407,30690,23970,100,1,SAFE_TRANSIENT_CLUSTER,22.0999
mid,329,10.966667,1,10.967286,91358,30885,21966,91,0,SAFE,23.9384
mid,330,11.000000,1,11.000118,94778,33557,24826,106,0,SAFE,16.9957
mid,331,11.033333,1,11.034702,102050,35412,26435,93,0,SAFE,18.0674
mid,332,11.066667,1,11.064252,92301,30854,22666,106,0,SAFE,15.0720
mid,333,11.100000,1,11.102650,90741,30519,22884,97,0,SAFE,15.4383
mid,334,11.133333,1,11.132034,89132,30450,20425,106,0,SAFE,20.9652
mid,335,11.166667,1,11.163999,95402,33116,22391,62,0,SAFE,19.8773
mid,336,11.200000,1,11.198243,91845,32973,22923,106,0,SAFE,13.9219
mid,337,11.233333,1,11.232297,91044,30979,23475,78,0,SAFE,25.8959
mid,338,11.266667,1,11.269651,97762,33630,23632,91,0,SAFE,21.4466
mid,339,11.300000,1,11.298749,94375,33049,23839,71,0,SAFE,21.4029
mid,340,11.333333,1,11.329663,91355,33152,24541,72,0,SAFE,19.5658
mid,341,11.366667,1,11.364896,97628,31653,24442,69,0,SAFE,16.9527
mid,342,11.400000,1,11.399908,90424,31987,21846,96,0,SAFE,21.2414
mid,343,11.433333,1,11.436771,86716,28197,21550,68,0,SAFE,23.6521
mid,344,11.466667,1,11.467331,90559,30093,20732,80,0,SAFE,18.2104
mid,345,11.500000,1,11.500910,89399,29348,21592,85,0,SAFE,17.7063
mid,346,11.533333,1,11.533323,88961,30348,21003,97,0,SAFE,17.1922
mid,347,11.566667,1,11.565073,85210,30334,21871,83,0,SAFE,15.2361
mid,348,11.600000,1,11.599458,87662,29400,21401,82,0,SAFE,19.6050
mid,349,11.633333,1,11.634675,96811,30943,22765,57,0,SAFE,20.4159
mid,350,11.666667,1,11.666848,85620,27286,18949,44,0,SAFE,14.4021
mid,351,11.700000,1,11.698921,87434,28630,21847,109,0,SAFE,15.3924
mid,352,11.733333,1,11.732090,91926,34054,22978,83,0,SAFE,18.8904
mid,353,11.766667,1,11.763609,89733,27268,19624,77,0,SAFE,19.4841
mid,354,11.800000,1,11.796835,96556,30763,21847,89,0,SAFE,22.7094
mid,355,11.833333,1,11.835245,93823,30771,21588,125,1,SAFE_TRANSIENT_CLUSTER,14.7810
mid,356,11.866667,1,11.866304,85751,26403,19349,129,0,SAFE,20.0271
mid,357,11.900000,1,11.900450,95959,31710,22214,109,0,SAFE,20.4464
mid,358,11.933333,1,11.932102,92056,30191,21409,82,0,SAFE,13.9704
mid,359,11.966667,1,11.971037,91631,31272,20905,112,0,SAFE,14.6624
mid,360,12.000000,1,11.999043,104472,36063,25405,110,0,SAFE,15.0516
mid,361,12.033333,1,12.033955,99654,35330,24621,88,0,SAFE,20.7923
mid,362,12.066667,1,12.066382,94586,30719,21590,95,0,SAFE,21.6624
mid,363,12.100000,1,12.097866,92950,29584,22303,104,0,SAFE,21.1615
mid,364,12.133333,1,12.132613,96784,33005,23627,81,0,SAFE,23.4221
mid,365,12.166667,1,12.166179,90573,32705,25416,86,0,SAFE,14.3537
mid,366,12.200000,1,12.200260,92437,32682,23423,91,0,SAFE,17.7662
mid,367,12.233333,1,12.232682,87160,28455,20185,79,0,SAFE,22.2374
mid,368,12.266667,1,12.267445,93276,32021,22475,96,0,SAFE,18.2079
mid,369,12.300000,1,12.298904,90526,31975,23877,39,0,SAFE,22.6475
mid,370,12.333333,1,12.332307,98652,32724,23729,100,0,SAFE,25.3076
mid,371,12.366667,1,12.370505,93759,31038,22339,120,0,SAFE,25.9521
mid,372,12.400000,1,12.401917,88416,29133,21351,60,0,SAFE,23.4182
mid,373,12.433333,1,12.435972,87820,29530,21406,90,0,SAFE,16.7028
mid,374,12.466667,1,12.467612,91264,32072,22968,86,0,SAFE,26.7334
mid,375,12.500000,1,12.496702,89888,28928,21064,90,0,SAFE,15.8803
mid,376,12.533333,1,12.533074,98883,34848,24694,136,0,SAFE,26.2848
mid,377,12.566667,1,12.567007,92119,30500,21533,66,1,SAFE_TRANSIENT_CLUSTER,15.1278
mid,378,12.600000,1,12.597234,89717,31418,23697,88,1,SAFE_TRANSIENT_CLUSTER,18.5013
mid,379,12.633333,1,12.631812,89448,29378,21132,73,0,SAFE,18.1351
mid,380,12.666667,1,12.670309,104945,31514,22367,93,0,SAFE,22.4234
mid,381,12.700000,1,12.704933,90479,29158,20466,86,0,SAFE,18.2649
mid,382,12.733333,1,12.732915,97644,31442,21705,110,0,SAFE,24.1643
mid,383,12.766667,1,12.768205,99555,34980,24870,94,0,SAFE,19.5442
mid,384,12.800000,1,12.798804,100388,34351,25009,104,0,SAFE,23.1406
mid,385,12.833333,1,12.830023,86732,28362,19795,119,0,SAFE,13.6137
mid,386,12.866667,1,12.867598,93842,30667,22059,79,0,SAFE,18.4382
mid,387,12.900000,1,12.899097,97887,35927,23905,107,0,SAFE,22.1313
mid,388,12.933333,1,12.935809,94345,35611,25296,93,0,SAFE,22.5652
mid,389,12.966667,1,12.967112,88259,30644,22592,56,0,SAFE,14.5372
mid,390,13.000000,1,13.002250,94106,32275,24377,108,0,SAFE,12.6382
mid,391,13.033333,1,13.030202,94647,32166,22191,62,0,SAFE,13.0450
mid,392,13.066667,1,13.064047,85118,30992,22005,79,0,SAFE,24.7336
mid,393,13.100000,1,13.103506,89927,30020,21485,83,0,SAFE,18.9724
mid,394,13.133333,1,13.134477,85395,30162,19651,64,0,SAFE,21.6605
mid,395,13.166667,1,13.167307,95932,35441,26050,63,0,SAFE,22.4198
mid,396,13.200000,1,13.203076,84441,29053,21453,88,0,SAFE,24.2565
mid,397,13.233333,1,13.233758,89895,30530,22552,124,0,SAFE,24.0985
mid,398,13.266667,1,13.265890,94025,30869,22504,106,0,SAFE,15.8535
mid,399,13.300000,1,13.299650,95165,32998,24790,105,0,SAFE,23.9610
mid,400,13.333333,1,13.336894,82983,29384,20931,67,0,SAFE,14.2352
mid,401,13.366667,1,13.367742,88689,32941,25287,89,0,SAFE,13.8587
mid,402,13.400000,1,13.402129,89796,32348,23227,101,0,SAFE,16.6319
mid,403,13.433333,1,13.432192,94889,29514,22683,89,0,SAFE,16.1543
mid,404,13.466667,1,13.466369,89563,29031,20636,57,0,SAFE,20.6958
mid,405,13.500000,1,13.501275,99081,37218,29624,109,0,SAFE,17.8055
mid,406,13.533333,1,13.535059,95906,31302,23007,107,0,SAFE,20.1303
mid,407,13.566667,1,13.568461,95386,33479,24149,85,0,SAFE,17.4596
mid,408,13.600000,1,13.600299,89371,30400,21133,114,0,SAFE,13.6440
mid,409,13.633333,1,13.633309,83205,27659,19861,87,0,SAFE,21.8508
mid,410,13.666667,1,13.666628,90825,31253,22529,120,0,SAFE,12.9368
mid,411,13.700000,1,13.697441,91579,31207,22465,94,0,SAFE,17.9671
mid,412,13.733333,1,13.734278,96220,29897,21648,114,0,SAFE,17.6976
mid,413,13.766667,1,13.768942,87586,30049,21342,52,0,SAFE,19.7179
mid,414,13.800000,1,13.801717,97699,34365,26107,114,0,SAFE,22.9688
mid,415,13.833333,1,13.832843,91004,30495,21878,86,0,SAFE,16.0447
mid,416,13.866667,1,13.859109,96052,31735,22498,104,0,SAFE,19.9769
mid,417,13.900000,1,13.903306,93643,31981,22047,68,0,SAFE,25.5130
mid,418,13.933333,1,13.933184,86770,31107,22830,76,0,SAFE,14.8666
mid,419,13.966667,1,13.966534,96209,32647,23866,109,0,SAFE,18.7244
mid,420,14.000000,1,13.997417,103696,36528,25068,64,0,SAFE,19.0062
mid,421,14.033333,1,14.035358,96611,33533,22652,83,0,SAFE,18.3299
mid,422,14.066667,1,14.064187,94853,33793,25142,73,0,SAFE,17.0109
mid,423,14.100000,1,14.098246,93647,30840,21758,78,0,SAFE,22.9289
mid,424,14.133333,1,14.131249,100433,33266,22497,77,0,SAFE,21.6119
mid,425,14.166667,1,14.166328,91690,32818,23557,103,0,SAFE,15.8006
mid,426,14.200000,1,14.200058,86397,29228,21839,114,0,SAFE,18.6220
mid,427,14.233333,1,14.235121,94899,32629,23623,77,0,SAFE,15.7890
mid,428,14.266667,1,14.266518,96482,33348,25456,108,0,SAFE,15.9065
mid,429,14.300000,1,14.300912,92667,32160,23482,71,0,SAFE,23.7145
mid,430,14.333333,1,14.335088,89038,31425,22009,77,0,SAFE,25.3372
mid,431,14.366667,1,14.366291,92258,29475,21193,121,0,SAFE,16.5915
mid,432,14.400000,1,14.400509,91265,30609,22127,73,0,SAFE,24.5547
mid,433,14.433333,1,14.429601,97636,33751,23936,73,0,SAFE,14.4169
mid,434,14.466667,1,14.469645,97398,32152,24239,110,0,SAFE,13.7962
mid,435,14.500000,1,14.502811,96048,32110,23826,84,0,SAFE,19.5863
mid,436,14.533333,1,14.533451,87173,29123,21666,89,0,SAFE,14.9732
mid,437,14.566667,1,14.570378,84715,29066,21601,117,0,SAFE,26.8127
mid,438,14.600000,1,14.598932,97214,30458,21082,65,0,SAFE,20.3270
mid,439,14.633333,1,14.630713,92332,30730,22156,121,0,SAFE,18.0889
mid,440,14.666667,1,14.663977,88769,30318,21139,75,0,SAFE,19.6068
mid,441,14.700000,1,14.697079,90358,30116,21826,88,0,SAFE,19.4565
mid,442,14.733333,1,14.730869,94691,32869,23402,110,0,SAFE,21.6768
mid,443,14.766667,1,14.767030,93136,30085,21495,65,0,SAFE,22.4285
mid,444,14.800000,1,14.798127,92424,32414,23894,101,0,SAFE,18.9650
mid,445,14.833333,1,14.837137,92983,34187,23748,88,0,SAFE,22.7591
mid,446,14.866667,1,14.866082,94752,31885,22668,110,0,SAFE,22.1328
mid,447,14.900000,1,14.898574,103628,33769,24568,89,0,SAFE,17.4903
mid,448,14.933333,1,14.930236,90651,28184,20175,91,0,SAFE,21.1333
mid,449,14.966667,1,14.966372,85317,30241,22366,86,0,SAFE,19.0762
mid,450,15.000000,1,15.000740,88826,29565,20968,110,0,SAFE,11.7535
mid,451,15.033333,1,15.036488,93041,29109,20812,82,0,SAFE,12.7851
mid,452,15.066667,1,15.065834,94227,31005,22640,106,0,SAFE,15.3712
mid,453,15.100000,1,15.098825,89332,30315,22830,95,0,SAFE,19.6014
mid,454,15.133333,1,15.130873,89930,31089,22109,107,0,SAFE,20.1702
mid,455,15.166667,1,15.167618,92343,32657,23284,104,0,SAFE,24.4556
mid,456,15.200000,1,15.199219,94783,34683,26258,86,0,SAFE,14.3156
mid,457,15.233333,1,15.228010,94065,33630,23959,101,0,SAFE,15.9938
mid,458,15.266667,1,15.267030,98342,29977,22802,72,0,SAFE,16.3306
mid,459,15.300000,1,15.301487,92212,30762,21129,113,0,SAFE,20.7249
mid,460,15.333333,1,15.332911,89191,31572,22417,84,0,SAFE,12.6708
mid,461,15.366667,1,15.368748,92373,32768,23386,79,0,SAFE,18.8964
mid,462,15.400000,1,15.402722,97167,33976,25371,104,0,SAFE,8.1834
mid,463,15.433333,1,15.431588,92916,32656,22794,78,0,SAFE,15.2324
mid,464,15.466667,1,15.467515,93829,32135,22229,59,0,SAFE,22.0126
mid,465,15.500000,1,15.498219,94398,33758,24413,76,0,SAFE,21.4350
mid,466,15.533333,1,15.533345,90300,31394,21723,67,0,SAFE,22.1947
mid,467,15.566667,1,15.566053,90731,32907,24664,108,0,SAFE,19.3155
mid,468,15.600000,1,15.598776,95520,28210,20809,47,0,SAFE,17.8391
mid,469,15.633333,1,15.635392,88752,31289,22071,102,0,SAFE,16.6679
mid,470,15.666667,1,15.668258,89490,31087,21502,71,0,SAFE,18.4768
mid,471,15.700000,1,15.700202,91485,31423,24214,83,0,SAFE,23.6609
mid,472,15.733333,1,15.734762,91418,31136,21958,75,0,SAFE,19.5566
mid,473,15.766667,1,15.768456,89927,29486,22187,60,0,SAFE,19.5993
mid,474,15.800000,1,15.797570,93061,30623,21663,31,0,SAFE,18.2974
mid,475,15.833333,1,15.833986,95672,32675,23934,61,0,SAFE,22.6919
mid,476,15.866667,1,15.866467,97797,31553,22017,96,0,SAFE,20.7103
mid,477,15.900000,1,15.902865,94581,32967,24207,89,0,SAFE,19.7956
mid,478,15.933333,1,15.932957,88444,26814,19695,86,0,SAFE,17.5245
mid,479,15.966667,1,15.965538,91362,30952,22700,63,0,SAFE,24.8836
mid,480,16.000000,1,16.003607,93844,33202,23204,106,0,SAFE,22.1277
mid,481,16.033333,1,16.032642,92224,32262,22523,80,0,SAFE,23.3265
mid,482,16.066667,1,16.069449,96524,34065,25463,68,0,SAFE,23.1185
mid,483,16.100000,1,16.096946,101123,35496,24103,88,0,SAFE,18.7298
mid,484,16.133333,1,16.134726,85586,30347,21613,69,0,SAFE,16.5241
mid,485,16.166667,1,16.164330,95870,30964,21814,101,0,SAFE,15.5547
mid,486,16.200000,1,16.199982,93111,29984,22436,66,0,SAFE,20.1090
mid,487,16.233333,0,16.234779,86918,27908,20421,57,0,SAFE,16.7221
mid,488,16.266667,1,16.266407,97974,34642,25210,117,0,SAFE,20.5822
mid,489,16.300000,1,16.301693,94659,35774,25635,70,0,SAFE,21.6375
mid,490,16.333333,1,16.332211,92760,31203,22166,112,0,SAFE,18.6411
mid,491,16.366667,1,16.365024,86576,30507,23408,116,0,SAFE,22.8166
mid,492,16.400000,1,16.400560,88996,30208,21249,113,0,SAFE,20.5726
mid,493,16.433333,1,16.436209,94000,29404,21140,99,0,SAFE,20.9841
mid,494,16.466667,1,16.464941,107186,34631,24917,88,0,SAFE,13.9730
mid,495,16.500000,1,16.502716,102290,35281,25440,102,0,SAFE,19.7113
mid,496,16.533333,1,16.533769,92649,29692,22059,81,0,SAFE,20.5471
mid,497,16.566667,1,16.566913,88200,29832,21235,75,0,SAFE,19.4606
mid,498,16.600000,1,16.599298,91752,30138,21559,79,0,SAFE,22.9892
mid,499,16.633333,1,16.631958,93128,32137,24133,62,0,SAFE,12.8532
mid,500,16.666667,1,16.664890,94986,31683,22770,110,0,SAFE,26.9384
mid,501,16.700000,1,16.700700,91690,32337,22634,99,0,SAFE,17.1929
mid,502,16.733333,1,16.736623,88405,32006,23369,123,0,SAFE,16.3045
mid,503,16.766667,1,16.767238,88792,30044,23175,104,0,SAFE,18.5266
mid,504,16.800000,0,16.800800,103195,32781,25037,51,0,SAFE,26.2423
mid,505,16.833333,1,16.833711,98488,33815,25114,69,0,SAFE,19.3216
mid,506,16.866667,1,16.864936,93163,27494,19885,72,0,SAFE,22.8433
mid,507,16.900000,1,16.898434,91236,29831,22530,64,0,SAFE,15.9238
mid,508,16.933333,1,16.932094,94121,29203,20051,121,0,SAFE,22.3708
mid,509,16.966667,1,16.965405,91642,31640,22091,98,0,SAFE,15.5917
mid,510,17.000000,1,16.999466,89508,31826,23482,90,0,SAFE,22.4710
mid,511,17.033333,1,17.034723,92772,30599,23651,71,0,SAFE,20.1367
mid,512,17.066667,1,17.064821,93671,30918,22055,81,0,SAFE,19.1255
mid,513,17.100000,1,17.099095,100953,37310,26078,69,0,SAFE,19.4126
mid,514,17.133333,1,17.132287,92645,32647,24368,155,0,SAFE,24.4208
mid,515,17.166667,1,17.170133,87680,29918,21534,70,0,SAFE,19.7453
mid,516,17.200000,1,17.201132,79820,27885,21248,116,0,SAFE,15.6938
mid,517,17.233333,1,17.232871,95465,34017,25298,75,0,SAFE,21.4767
mid,518,17.266667,1,17.267557,103980,35011,25746,110,0,SAFE,22.6620
mid,519,17.300000,1,17.299404,92038,32376,24323,76,0,SAFE,18.8326
mid,520,17.333333,1,17.335492,97783,31326,24839,83,0,SAFE,17.0774
mid,521,17.366667,1,17.367696,89171,29743,20205,78,0,SAFE,19.9478
mid,522,17.400000,1,17.402201,85800,29538,20871,67,0,SAFE,14.4745
mid,523,17.433333,1,17.434166,93804,32468,24149,65,0,SAFE,16.8252
mid,524,17.466667,1,17.464428,92743,30909,21258,69,0,SAFE,22.3766
mid,525,17.500000,1,17.498936,95017,30137,21837,69,0,SAFE,18.8110
mid,526,17.533333,1,17.530522,91403,31800,22859,107,0,SAFE,18.2426
mid,527,17.566667,1,17.564387,88788,29031,20896,114,0,SAFE,19.9950
mid,528,17.600000,1,17.600630,89263,29474,20165,75,0,SAFE,18.9597
mid,529,17.633333,1,17.634289,88888,31051,21778,94,0,SAFE,22.1020
mid,530,17.666667,1,17.668232,89279,31672,22217,57,0,SAFE,22.0364
mid,531,17.700000,1,17.696559,103175,33184,23399,107,0,SAFE,24.5474
mid,532,17.733333,1,17.735081,95617,33005,24375,60,0,SAFE,22.2754
mid,533,17.766667,1,17.764528,94023,32598,24014,69,0,SAFE,19.4159
mid,534,17.800000,1,17.796009,93121,33930,24272,82,0,SAFE,21.9370
mid,535,17.833333,1,17.832533,81917,25131,18268,86,0,SAFE,17.2717
mid,536,17.866667,1,17.865576,95730,33085,24596,52,0,SAFE,23.6862
mid,537,17.900000,1,17.901692,84354,28965,21621,83,0,SAFE,26.7013
mid,538,17.933333,1,17.932945,94830,33164,23468,76,0,SAFE,18.9292
mid,539,17.966667,1,17.967455,91328,32268,24354,92,0,SAFE,21.3651
mid,540,18.000000,1,18.001607,93681,33194,24413,103,0,SAFE,14.3088
mid,541,18.033333,1,18.033253,96380,34770,26565,78,0,SAFE,20.6903
mid,542,18.066667,1,18.065910,93453,33536,22730,92,0,SAFE,25.3287
mid,543,18.100000,1,18.099181,86151,27927,20496,77,0,SAFE,17.1755
mid,544,18.133333,1,18.131519,91216,30630,22904,79,0,SAFE,17.5156
mid,545,18.166667,1,18.164655,90315,32038,22289,75,0,SAFE,24.2814
mid,546,18.200000,1,18.200730,93081,33005,25802,107,0,SAFE,22.5932
mid,547,18.233333,1,18.233624,95139,33577,24055,116,0,SAFE,26.8608
mid,548,18.266667,1,18.267732,85832,30027,20999,44,0,SAFE,19.6375
mid,549,18.300000,1,18.299398,88756,28228,20600,106,0,SAFE,17.2467
mid,550,18.333333,1,18.331584,92874,30718,22007,63,0,SAFE,21.3194
mid,551,18.366667,1,18.368063,81476,26497,19633,88,0,SAFE,14.9599
mid,552,18.400000,1,18.398332,100621,33714,24521,82,0,SAFE,12.5907
mid,553,18.433333,1,18.431516,100746,35055,25677,87,0,SAFE,25.5708
mid,554,18.466667,1,18.467389,90487,31408,23296,83,0,SAFE,16.1202
mid,555,18.500000,1,18.498786,88799,29588,21259,85,1,SAFE_TRANSIENT_CLUSTER,22.7231
mid,556,18.533333,1,18.532532,87665,30482,22358,69,0,SAFE,18.5787
mid,557,18.566667,1,18.567718,92122,31218,23139,82,0,SAFE,18.8109
mid,558,18.600000,1,18.597109,97514,32451,23488,37,0,SAFE,14.2927
mid,559,18.633333,1,18.630817,98218,34627,26507,69,0,SAFE,18.5222
mid,560,18.666667,1,18.664091,92570,31579,20739,66,0,SAFE,18.3399
mid,561,18.700000,1,18.700477,97342,32647,24607,78,0,SAFE,14.3903
mid,562,18.733333,1,18.732390,94825,31920,23999,66,0,SAFE,15.1443
mid,563,18.766667,1,18.767508,91886,28531,20183,86,0,SAFE,22.2476
mid,564,18.800000,1,18.799048,93269,31764,23087,103,0,SAFE,17.6724
mid,565,18.833333,1,18.836023,95511,32333,22720,96,0,SAFE,17.4896
mid,566,18.866667,1,18.867431,88056,29556,20884,129,0,SAFE,24.1672
mid,567,18.900000,1,18.896377,93988,31887,22983,106,0,SAFE,22.4193
mid,568,18.933333,1,18.933243,91931,34196,25231,106,0,SAFE,26.0249
mid,569,18.966667,1,18.967030,97878,29227,20770,72,0,SAFE,19.7484
mid,570,19.000000,1,19.000502,89926,29426,22055,76,0,SAFE,20.3415
mid,571,19.033333,1,19.036103,95496,33784,24830,111,0,SAFE,17.2967
mid,572,19.066667,1,19.068813,92152,31243,21471,56,0,SAFE,18.5927
mid,573,19.100000,1,19.098302,92062,31311,23315,89,0,SAFE,10.8732
mid,574,19.133333,1,19.132310,90325,29711,21358,105,1,SAFE_TRANSIENT_CLUSTER,23.4812
mid,575,19.166667,1,19.168466,87281,29089,20300,101,0,SAFE,14.6903
mid,576,19.200000,1,19.201728,94251,31835,22951,91,0,SAFE,23.7631
mid,577,19.233333,1,19.235960,100595,32866,22686,86,0,SAFE,20.1375
mid,578,19.266667,1,19.267296,77932,26607,19399,60,0,SAFE,23.9382
mid,579,19.300000,1,19.299777,92276,27430,20299,102,0,SAFE,22.5164
mid,580,19.333333,1,19.332859,87030,28340,20423,83,0,SAFE,20.0681
mid,581,19.366667,1,19.370080,98338,31285,22775,65,0,SAFE,26.6119
mid,582,19.400000,1,19.397988,91522,30079,22832,101,0,SAFE,24.3380
mid,583,19.433333,1,19.435835,104198,37097,27511,80,0,SAFE,24.1429
mid,584,19.466667,1,19.466193,87910,29979,21174,82,0,SAFE,21.2713
mid,585,19.500000,1,19.498869,95837,31818,22074,121,0,SAFE,18.0303
mid,586,19.533333,1,19.531655,93398,29572,19741,118,0,SAFE,14.0946
mid,587,19.566667,1,19.565294,91928,30891,23025,70,0,SAFE,24.0541
mid,588,19.600000,1,19.600768,89282,31257,22578,72,0,SAFE,15.5921
mid,589,19.633333,1,19.634600,88856,30905,22027,72,0,SAFE,17.8069
mid,590,19.666667,1,19.667789,95410,31806,22689,59,0,SAFE,26.9949
mid,591,19.700000,1,19.699312,87805,29114,20536,119,0,SAFE,18.2535
mid,592,19.733333,1,19.733587,95140,28954,21747,106,0,SAFE,19.5003
mid,593,19.766667,1,19.764529,98493,31909,23392,101,0,SAFE,21.8159
mid,594,19.800000,1,19.799278,90431,29907,22820,103,0,SAFE,19.4301
mid,595,19.833333,1,19.833155,95322,32777,25390,104,0,SAFE,17.0827
mid,596,19.866667,1,19.867250,92636,31733,22960,87,0,SAFE,23.0240
mid,597,19.900000,1,19.898262,95078,33261,23958,75,0,SAFE,26.1749
mid,598,19.933333,1,19.934194,94066,34882,24191,107,0,SAFE,13.2959
mid,599,19.966667,1,19.965139,95508,32814,23423,61,0,SAFE,20.0147
mid,600,20.000000,1,19.999567,102997,36622,26693,68,0,SAFE,22.3287
mid,601,20.033333,1,20.033815,104270,37074,26434,81,0,SAFE,16.1898
mid,602,20.066667,1,20.067469,91242,30252,22597,73,0,SAFE,20.3043
mid,603,20.100000,1,20.099131,99914,32327,24259,66,0,SAFE,11.9209
mid,604,20.133333,1,20.134702,99827,33442,23822,106,0,SAFE,22.2511
mid,605,20.166667,1,20.166098,91750,29363,20481,73,0,SAFE,20.7928
mid,606,20.200000,1,20.199693,85386,27476,19627,70,0,SAFE,17.0584
mid,607,20.233333,1,20.231649,109364,35521,24657,87,0,SAFE,20.3443
mid,608,20.266667,1,20.266051,93592,32252,22458,82,0,SAFE,25.0744
mid,609,20.300000,1,20.299345,89894,30141,22349,69,0,SAFE,25.4809
mid,610,20.333333,1,20.336559,87803,28323,20663,93,0,SAFE,19.6010
mid,611,20.366667,1,20.367745,91035,31853,22831,105,0,SAFE,21.5066
mid,612,20.400000,1,20.400867,85746,28772,21415,84,0,SAFE,23.0554
mid,613,20.433333,1,20.433215,87456,29122,21575,82,0,SAFE,20.2038
mid,614,20.466667,1,20.466648,95153,34161,25088,108,0,SAFE,17.0708
mid,615,20.500000,1,20.499844,99547,36726,26736,87,0,SAFE,20.4508
mid,616,20.533333,1,20.533353,80053,29545,20646,84,0,SAFE,14.6409
mid,617,20.566667,1,20.568117,97995,35082,25529,40,0,SAFE,19.1236
mid,618,20.600000,1,20.600717,99286,33958,24718,94,0,SAFE,16.6122
mid,619,20.633333,0,20.629774,90985,31584,23022,114,0,SAFE,16.6925
mid,620,20.666667,1,20.667451,92175,30959,22425,85,0,SAFE,17.4834
mid,621,20.700000,1,20.702795,82899,27704,20143,103,0,SAFE,18.0034
mid,622,20.733333,1,20.731773,89284,30195,21244,82,0,SAFE,20.8876
mid,623,20.766667,1,20.767641,94732,31850,22966,64,0,SAFE,15.2301
mid,624,20.800000,1,20.801136,91709,29571,22848,88,0,SAFE,18.7311
mid,625,20.833333,1,20.834632,96463,32632,22601,99,0,SAFE,20.6784
mid,626,20.866667,1,20.866234,100055,35719,26221,98,0,SAFE,26.4933
mid,627,20.900000,1,20.902891,96884,33005,25279,64,0,SAFE,29.6699
mid,628,20.933333,1,20.930919,90887,29271,20537,64,0,SAFE,19.8704
mid,629,20.966667,1,20.967699,91625,32403,22734,111,0,SAFE,19.4237
mid,630,21.000000,1,21.000679,97190,33307,23470,69,0,SAFE,12.4628
mid,631,21.033333,1,21.032568,106999,34749,24236,66,0,SAFE,21.6753
mid,632,21.066667,1,21.067083,86425,27993,20525,66,0,SAFE,26.0588
mid,633,21.100000,1,21.100489,94843,32174,24057,104,0,SAFE,14.4072
mid,634,21.133333,1,21.132124,92643,31884,22935,87,0,SAFE,28.5118
mid,635,21.166667,1,21.166272,93442,31420,22778,71,0,SAFE,22.9045
mid,636,21.200000,1,21.197279,92757,33234,24926,117,0,SAFE,19.9798
mid,637,21.233333,1,21.233445,89095,30209,22038,91,0,SAFE,20.7774
mid,638,21.266667,1,21.266032,99693,35945,25363,60,0,SAFE,16.3962
mid,639,21.300000,1,21.300816,86273,30340,20701,85,0,SAFE,17.1263
mid,640,21.333333,1,21.331964,93962,32264,22989,98,0,SAFE,23.0274
mid,641,21.366667,1,21.366511,95232,34734,24217,62,0,SAFE,14.3954
mid,642,21.400000,1,21.399136,90498,31808,24491,91,0,SAFE,13.9922
mid,643,21.433333,1,21.435370,92219,26920,19632,67,0,SAFE,18.7887
mid,644,21.466667,1,21.465749,97170,33413,24064,90,0,SAFE,11.1453
mid,645,21.500000,1,21.500975,101239,35108,24429,72,0,SAFE,24.1929
mid,646,21.533333,1,21.535563,92654,29637,21930,58,0,SAFE,18.6897
mid,647,21.566667,1,21.565210,102637,34357,26171,79,0,SAFE,21.4453
mid,648,21.600000,1,21.598808,96559,33483,24985,62,0,SAFE,21.9861
mid,649,21.633333,1,21.632982,102202,35795,26882,81,0,SAFE,15.5179
mid,650,21.666667,1,21.667667,89655,30490,21134,79,0,SAFE,16.0325
mid,651,21.700000,1,21.702283,93786,31185,21798,66,0,SAFE,25.3109
mid,652,21.733333,1,21.733996,96529,32784,24379,92,0,SAFE,15.6319
mid,653,21.766667,1,21.765437,88137,28755,21333,56,0,SAFE,23.8216
mid,654,21.800000,1,21.799301,97691,33401,23789,63,0,SAFE,20.1887
mid,655,21.833333,1,21.830866,92107,32032,23279,82,0,SAFE,16.2676
mid,656,21.866667,1,21.867480,88973,28265,20820,97,0,SAFE,26.7216
mid,657,21.900000,1,21.898544,96194,33119,22497,90,0,SAFE,19.0662
mid,658,21.933333,1,21.933692,96403,33875,22822,66,0,SAFE,21.8014
mid,659,21.966667,1,21.967137,93579,31056,22288,90,0,SAFE,14.7213
mid,660,22.000000,1,21.997565,92942,33520,23623,77,0,SAFE,22.9087
mid,661,22.033333,1,22.032296,89197,29879,21446,70,0,SAFE,14.6935
mid,662,22.066667,1,22.065272,103959,35002,24465,88,0,SAFE,23.2445
mid,663,22.100000,1,22.097950,89181,30603,22233,88,0,SAFE,21.9495
mid,664,22.133333,1,22.137065,93603,32885,24504,91,0,SAFE,14.4648
mid,665,22.166667,1,22.167106,96651,29518,21654,80,0,SAFE,17.0208
mid,666,22.200000,1,22.199890,89167,28663,21857,54,0,SAFE,16.3695
mid,667,22.233333,1,22.232149,92555,31654,23071,103,0,SAFE,20.2075
mid,668,22.266667,1,22.268659,94324,32393,22387,85,0,SAFE,21.1844
mid,669,22.300000,0,22.299015,86660,29108,21740,77,0,SAFE,14.9805
mid,670,22.333333,1,22.333090,87599,27988,20370,125,0,SAFE,15.1052
mid,671,22.366667,1,22.368469,100744,35216,26028,99,0,SAFE,23.6245
mid,672,22.400000,1,22.401428,93260,31725,22665,124,0,SAFE,15.8427
mid,673,22.433333,1,22.433609,83482,26131,18996,119,0,SAFE,18.6088
mid,674,22.466667,1,22.465416,87711,31179,22953,103,0,SAFE,20.6969
mid,675,22.500000,1,22.498690,100468,34616,26291,79,0,SAFE,19.1273
mid,676,22.533333,1,22.533522,95458,36728,26298,76,0,SAFE,16.4778
mid,677,22.566667,1,22.568382,89170,29301,20965,72,0,SAFE,18.8562
mid,678,22.600000,1,22.601631,95654,33614,24683,97,0,SAFE,13.7393
mid,679,22.633333,1,22.630885,91711,31756,23369,84,0,SAFE,17.1204
mid,680,22.666667,1,22.666167,99197,33404,23517,72,0,SAFE,16.5547
mid,681,22.700000,1,22.697369,93616,30864,21574,76,0,SAFE,23.5630
mid,682,22.733333,1,22.733021,99075,33105,24484,102,0,SAFE,18.4133
mid,683,22.766667,1,22.769286,90591,29705,21421,86,0,SAFE,17.0947
mid,684,22.800000,1,22.800853,90886,31995,22527,119,0,SAFE,15.1643
mid,685,22.833333,1,22.830322,94161,34489,25693,93,0,SAFE,27.7359
mid,686,22.866667,1,22.867162,87250,27517,20601,105,0,SAFE,26.3057
mid,687,22.900000,1,22.896849,96295,32305,24141,70,0,SAFE,17.8247
mid,688,22.933333,1,22.929062,86929,27687,19887,96,0,SAFE,17.2400
mid,689,22.966667,1,22.967181,88217,30793,22219,117,0,SAFE,18.6812
mid,690,23.000000,1,22.996850,92131,30261,20599,79,0,SAFE,17.5477
mid,691,23.033333,1,23.034616,89593,28815,21635,99,0,SAFE,23.0781
mid,692,23.066667,1,23.068442,89859,29465,21488,53,0,SAFE,17.5473
mid,693,23.100000,1,23.098144,95815,32687,22647,97,0,SAFE,22.9286
mid,694,23.133333,1,23.133118,92977,32201,24137,95,0,SAFE,19.3045
mid,695,23.166667,1,23.168080,98178,33397,24048,99,0,SAFE,19.0577
mid,696,23.200000,1,23.200152,89505,32017,23921,85,0,SAFE,20.1979
mid,697,23.233333,1,23.229671,94141,34482,25150,88,0,SAFE,21.9801
mid,698,23.266667,1,23.267205,96408,34457,27190,76,0,SAFE,21.7811
mid,699,23.300000,1,23.301293,91498,29190,20941,105,0,SAFE,14.9497
mid,700,23.333333,1,23.333779,91141,33037,23609,92,0,SAFE,21.0454
mid,701,23.366667,1,23.366301,84885,27526,19346,110,0,SAFE,21.3106
mid,702,23.400000,1,23.399183,88438,31669,23155,78,0,SAFE,14.4104
mid,703,23.433333,1,23.434672,99073,35855,26348,65,0,SAFE,16.8454
mid,704,23.466667,1,23.466989,103026,34939,24952,63,0,SAFE,20.9961
mid,705,23.500000,1,23.498996,93382,32300,23958,95,1,SAFE_TRANSIENT_CLUSTER,21.1952
mid,706,23.533333,1,23.535182,90362,32103,23688,85,0,SAFE,19.9696
mid,707,23.566667,1,23.566800,92980,30855,21932,76,0,SAFE,18.5314
mid,708,23.600000,1,23.596276,94478,29662,20756,81,0,SAFE,19.7557
mid,709,23.633333,1,23.637154,93205,30099,22178,63,0,SAFE,11.0528
mid,710,23.666667,1,23.670174,89156,30065,20327,128,1,SAFE_TRANSIENT_CLUSTER,14.7049
mid,711,23.700000,1,23.701319,91607,30368,20667,102,0,SAFE,18.9235
mid,712,23.733333,1,23.731373,88722,29399,20886,99,0,SAFE,25.1160
mid,713,23.766667,1,23.765348,93594,31958,21635,124,0,SAFE,20.8871
mid,714,23.800000,1,23.801352,97738,32760,22631,108,0,SAFE,23.8459
mid,715,23.833333,1,23.834285,88793,32692,22928,79,0,SAFE,22.2757
mid,716,23.866667,1,23.865331,93737,32790,23454,60,0,SAFE,20.3256
mid,717,23.900000,1,23.899428,95153,34298,25014,88,0,SAFE,26.4242
mid,718,23.933333,1,23.932952,97710,31441,21598,82,0,SAFE,12.9901
mid,719,23.966667,1,23.967614,86931,30741,22200,82,0,SAFE,25.2167
mid,720,24.000000,1,23.999970,91405,30888,22582,91,0,SAFE,20.6223
mid,721,24.033333,1,24.033942,100764,35210,25687,101,0,SAFE,14.6705
mid,722,24.066667,1,24.067653,101254,33884,24313,75,0,SAFE,20.0467
mid,723,24.100000,1,24.100767,85321,31216,21832,97,0,SAFE,17.9757
mid,724,24.133333,1,24.132688,93736,31749,21803,77,0,SAFE,19.0366
mid,725,24.166667,1,24.164919,97007,34781,25382,77,0,SAFE,18.1666
mid,726,24.200000,1,24.199497,95338,32152,23343,100,0,SAFE,20.3181
mid,727,24.233333,1,24.233594,89455,30261,21724,84,0,SAFE,15.5050
mid,728,24.266667,1,24.262955,92925,32576,22369,106,0,SAFE,19.6050
mid,729,24.300000,1,24.299797,93098,33322,23484,104,0,SAFE,14.8453
mid,730,24.333333,1,24.333102,95240,33012,22856,71,0,SAFE,21.9528
mid,731,24.366667,1,24.367393,94453,32103,22564,75,0,SAFE,16.4680
mid,732,24.400000,1,24.400834,89257,30749,22561,79,0,SAFE,20.8346
mid,733,24.433333,1,24.433373,90901,31366,23187,93,0,SAFE,28.3551
mid,734,24.466667,1,24.466551,89208,30909,22820,106,0,SAFE,19.2051
mid,735,24.500000,1,24.502506,92839,32433,21753,60,0,SAFE,15.3768
mid,736,24.533333,1,24.532759,93018,32888,22806,108,0,SAFE,17.8540
mid,737,24.566667,1,24.567359,84725,28242,20470,96,0,SAFE,18.0961
mid,738,24.600000,1,24.600226,99540,34032,25102,87,0,SAFE,20.2715
mid,739,24.633333,1,24.633770,90884,33869,23031,107,0,SAFE,21.9144
mid,740,24.666667,1,24.667952,97372,34785,25022,55,0,SAFE,22.0627
mid,741,24.700000,1,24.699474,91555,32033,23465,44,0,SAFE,15.1271
mid,742,24.733333,1,24.731800,87582,31094,22809,80,0,SAFE,23.9890
mid,743,24.766667,1,24.767980,92558,31458,21645,80,0,SAFE,21.8396
mid,744,24.800000,1,24.798638,103943,33909,25032,108,0,SAFE,22.9317
mid,745,24.833333,1,24.833148,92228,33292,21449,85,0,SAFE,22.0254
mid,746,24.866667,1,24.865039,89577,32781,24165,76,0,SAFE,18.3624
mid,747,24.900000,1,24.898309,101620,33033,23228,69,0,SAFE,19.9939
mid,748,24.933333,1,24.934219,104329,34142,24506,135,0,SAFE,17.0530
mid,749,24.966667,1,24.967427,93610,32147,23282,95,0,SAFE,22.6240
mid,750,25.000000,1,24.999321,81637,29469,22229,82,0,SAFE,17.6042
mid,751,25.033333,1,25.035026,83945,28491,19596,70,0,SAFE,16.4925
mid,752,25.066667,1,25.068754,91304,30325,20978,99,0,SAFE,21.5613
mid,753,25.100000,1,25.102311,84391,28727,21483,78,0,SAFE,21.7707
mid,754,25.133333,1,25.133916,86385,28043,19257,55,0,SAFE,22.2298
mid,755,25.166667,1,25.170859,91028,30938,23671,103,0,SAFE,22.5643
mid,756,25.200000,1,25.201473,89848,28762,20151,89,0,SAFE,20.3509
mid,757,25.233333,1,25.234845,95438,34694,24409,104,0,SAFE,21.9981
mid,758,25.266667,1,25.267340,96398,29989,22269,72,1,SAFE_TRANSIENT_CLUSTER,18.7817
mid,759,25.300000,1,25.299192,94003,33156,23887,91,0,SAFE,21.4472
mid,760,25.333333,1,25.332661,87509,30578,20686,80,0,SAFE,17.5357
mid,761,25.366667,1,25.365577,84301,27424,20384,90,0,SAFE,22.1150
mid,762,25.400000,1,25.397443,98209,32608,24309,103,0,SAFE,22.9903
mid,763,25.433333,1,25.432919,91886,30640,23305,123,0,SAFE,18.5090
mid,764,25.466667,1,25.469518,97986,30988,22236,66,0,SAFE,20.7624
mid,765,25.500000,1,25.499735,93156,31792,22563,126,0,SAFE,19.4881
mid,766,25.533333,1,25.535419,99000,33187,23939,92,0,SAFE,25.1401
mid,767,25.566667,1,25.569347,89715,29485,21726,105,0,SAFE,21.9569
mid,768,25.600000,1,25.597964,95516,33451,24024,84,0,SAFE,17.2887
mid,769,25.633333,1,25.637616,91154,31990,22146,52,0,SAFE,23.7654
mid,770,25.666667,1,25.669944,98049,32800,23439,91,0,SAFE,22.7229
mid,771,25.700000,1,25.700827,87546,29482,21102,93,0,SAFE,17.6775
mid,772,25.733333,1,25.731821,90648,30284,22134,84,0,SAFE,16.4747
mid,773,25.766667,1,25.762216,82474,29104,21711,113,0,SAFE,23.6401
mid,774,25.800000,1,25.799370,84211,29075,22005,80,0,SAFE,18.4063
mid,775,25.833333,1,25.833210,95618,30355,21403,95,0,SAFE,20.0130
mid,776,25.866667,1,25.867252,89632,31720,23394,100,0,SAFE,19.7915
mid,777,25.900000,1,25.904856,92007,31406,23189,102,0,SAFE,22.5089
mid,778,25.933333,1,25.937746,93250,32163,24157,52,0,SAFE,25.9659
mid,779,25.966667,1,25.966250,96636,32530,23098,140,0,SAFE,18.6762
mid,780,26.000000,1,25.999270,88498,31725,23295,55,0,SAFE,23.9834
mid,781,26.033333,1,26.032667,90803,32037,21884,109,0,SAFE,22.0335
mid,782,26.066667,1,26.068592,91049,29498,21289,83,0,SAFE,19.9930
mid,783,26.100000,1,26.102949,95408,31885,24837,65,0,SAFE,16.0290
mid,784,26.133333,1,26.132322,96883,34584,26290,115,1,SAFE_TRANSIENT_CLUSTER,15.4553
mid,785,26.166667,1,26.164765,88633,30592,21132,71,0,SAFE,23.9255
mid,786,26.200000,1,26.199944,90708,30994,20566,98,0,SAFE,16.9553
mid,787,26.233333,1,26.234627,88412,30644,22112,87,0,SAFE,20.6609
mid,788,26.266667,1,26.265151,97401,33775,23545,118,0,SAFE,24.8976
mid,789,26.300000,1,26.300267,96469,30418,21802,89,0,SAFE,17.7289
mid,790,26.333333,1,26.335865,86379,29251,20657,92,0,SAFE,24.9006
mid,791,26.366667,1,26.368327,98671,35169,25298,94,0,SAFE,21.1807
mid,792,26.400000,1,26.398682,89401,28606,20806,108,0,SAFE,21.5989
mid,793,26.433333,1,26.432613,96181,34033,24334,55,0,SAFE,26.3826
mid,794,26.466667,1,26.465742,91053,29277,20394,96,0,SAFE,16.3626
mid,795,26.500000,1,26.503938,89339,31021,22015,108,0,SAFE,19.2631
mid,796,26.533333,1,26.534274,96651,33016,24484,94,0,SAFE,18.7642
mid,797,26.566667,1,26.565911,90515,31508,23297,67,0,SAFE,16.2840
mid,798,26.600000,1,26.600626,96732,32929,22847,97,0,SAFE,24.4754
mid,799,26.633333,1,26.634390,89687,31200,22456,89,0,SAFE,17.7931
mid,800,26.666667,1,26.670713,83824,30106,19680,73,0,SAFE,19.9129
mid,801,26.700000,1,26.699670,95434,34525,24445,49,0,SAFE,16.8842
mid,802,26.733333,1,26.734639,89188,28846,21608,66,0,SAFE,22.3723
mid,803,26.766667,1,26.768360,96712,33905,24047,98,0,SAFE,15.1329
mid,804,26.800000,1,26.800489,86658,28416,20423,53,0,SAFE,12.6455
mid,805,26.833333,1,26.831313,86947,29520,21344,90,0,SAFE,22.3216
mid,806,26.866667,1,26.867626,91833,29678,21519,99,0,SAFE,20.4810
mid,807,26.900000,1,26.897477,95403,30094,22148,75,0,SAFE,20.3264
mid,808,26.933333,1,26.935984,91405,30153,23255,83,0,SAFE,25.0503
mid,809,26.966667,1,26.966937,90667,31647,23197,88,0,SAFE,20.0706
mid,810,27.000000,0,27.000845,97449,34238,24912,108,0,SAFE,11.7217
mid,811,27.033333,0,27.033940,95601,32601,24049,86,0,SAFE,18.9628
mid,812,27.066667,1,27.069812,100691,34658,25297,103,0,SAFE,19.7988
mid,813,27.100000,1,27.101193,87814,29073,21083,78,0,SAFE,22.4042
mid,814,27.133333,1,27.137621,88864,29623,20940,90,0,SAFE,13.9774
mid,815,27.166667,1,27.163733,91176,31746,22813,137,0,SAFE,19.3241
mid,816,27.200000,1,27.201331,96629,28214,21766,82,0,SAFE,17.9942
mid,817,27.233333,1,27.230860,99931,35815,26289,67,0,SAFE,25.5900
mid,818,27.266667,1,27.267078,93486,31915,23040,74,0,SAFE,22.1685
mid,819,27.300000,1,27.300491,87598,28512,20552,64,0,SAFE,18.0474
mid,820,27.333333,1,27.332236,97366,35526,24405,116,0,SAFE,17.7825
mid,821,27.366667,1,27.364531,85470,27838,20370,101,0,SAFE,15.5205
mid,822,27.400000,1,27.400807,92023,32514,22992,57,0,SAFE,27.4664
mid,823,27.433333,1,27.435027,95440,34525,23301,79,0,SAFE,20.0052
mid,824,27.466667,1,27.464809,99462,35472,25202,61,0,SAFE,19.9658
mid,825,27.500000,1,27.499944,92149,30024,21353,92,0,SAFE,17.8629
mid,826,27.533333,1,27.531700,89800,29635,21256,70,0,SAFE,21.3333
mid,827,27.566667,1,27.568259,94838,32752,22942,107,0,SAFE,23.0073
mid,828,27.600000,1,27.602227,90863,31206,22895,56,0,SAFE,20.6519
mid,829,27.633333,1,27.630807,95038,32869,23419,78,0,SAFE,14.6812
mid,830,27.666667,1,27.669455,95026,34632,23287,106,0,SAFE,20.2056
mid,831,27.700000,1,27.701773,95105,31926,21791,87,0,SAFE,19.0238
mid,832,27.733333,1,27.730756,96351,30530,23102,98,0,SAFE,19.2579
mid,833,27.766667,1,27.764434,98990,32619,24831,67,0,SAFE,23.6670
mid,834,27.800000,1,27.798680,86068,31916,22806,108,0,SAFE,19.4262
mid,835,27.833333,1,27.834829,91526,30483,22557,83,0,SAFE,25.2644
mid,836,27.866667,1,27.865172,93816,30349,20713,86,0,SAFE,18.4376
mid,837,27.900000,1,27.897626,91471,27977,20981,87,0,SAFE,20.4274
mid,838,27.933333,1,27.931937,95916,31164,22817,108,0,SAFE,19.2704
mid,839,27.966667,1,27.965504,96847,32048,22598,83,0,SAFE,25.0781
mid,840,28.000000,1,28.001482,90648,31409,23156,82,0,SAFE,24.8332
mid,841,28.033333,1,28.035464,92410,33152,23999,140,0,SAFE,14.5592
mid,842,28.066667,1,28.068297,98151,32230,21815,57,0,SAFE,18.3674
mid,843,28.100000,1,28.095055,80026,25871,18425,93,0,SAFE,13.7390
mid,844,28.133333,1,28.134194,99613,32110,23811,94,0,SAFE,24.2401
mid,845,28.166667,1,28.167451,89276,29990,21613,122,0,SAFE,21.6517
mid,846,28.200000,1,28.202308,93334,32958,23640,57,0,SAFE,26.4961
mid,847,28.233333,1,28.231542,91905,32461,24060,68,0,SAFE,22.7619
mid,848,28.266667,1,28.268821,91069,30606,22263,70,0,SAFE,16.5098
mid,849,28.300000,1,28.299767,93459,32189,22762,76,0,SAFE,16.1406
mid,850,28.333333,1,28.332495,91312,31542,22433,102,0,SAFE,18.9065
mid,851,28.366667,1,28.368796,96282,33387,24650,121,0,SAFE,15.2643
mid,852,28.400000,1,28.398257,92525,33923,23861,75,0,SAFE,21.8579
mid,853,28.433333,1,28.434767,96308,35132,24741,91,0,SAFE,19.2831
mid,854,28.466667,1,28.464393,90528,29418,22325,71,0,SAFE,20.6318
mid,855,28.500000,1,28.500777,95109,31924,22417,105,0,SAFE,26.3098
mid,856,28.533333,1,28.536086,92825,33474,24199,87,0,SAFE,15.0948
mid,857,28.566667,1,28.565837,97721,32726,23830,89,0,SAFE,20.7472
mid,858,28.600000,1,28.601543,96172,33449,22980,63,0,SAFE,22.8329
mid,859,28.633333,1,28.634207,87634,28586,20489,85,0,SAFE,20.6665
mid,860,28.666667,1,28.671126,97698,33872,24728,87,0,SAFE,19.6931
mid,861,28.700000,1,28.700853,96036,33804,25000,75,0,SAFE,19.7078
mid,862,28.733333,1,28.732614,88594,30305,22345,72,0,SAFE,26.8421
mid,863,28.766667,1,28.763960,82608,28008,20212,69,0,SAFE,22.4206
mid,864,28.800000,1,28.797817,93598,33320,23779,108,0,SAFE,20.2211
mid,865,28.833333,1,28.834740,89958,32201,24186,117,0,SAFE,21.2549
mid,866,28.866667,1,28.866112,90274,30974,22486,82,0,SAFE,20.8356
mid,867,28.900000,1,28.898841,98188,35077,26324,100,0,SAFE,22.5197
mid,868,28.933333,1,28.935182,85484,31271,22218,127,0,SAFE,24.2823
mid,869,28.966667,1,28.968225,90288,31145,23556,104,0,SAFE,18.0831
mid,870,29.000000,1,29.002606,90158,33526,24921,113,0,SAFE,18.5054
mid,871,29.033333,1,29.031077,83213,27843,20192,71,0,SAFE,23.7902
mid,872,29.066667,1,29.066066,93031,29670,21885,77,0,SAFE,18.3862
mid,873,29.100000,1,29.099824,89188,28578,20558,64,0,SAFE,20.5317
mid,874,29.133333,0,29.134027,97162,33115,22876,82,0,SAFE,14.2954
mid,875,29.166667,1,29.168243,101730,34979,26440,96,0,SAFE,17.8780
mid,876,29.200000,1,29.196857,89300,31401,23120,97,0,SAFE,16.4397
mid,877,29.233333,1,29.232486,88213,28307,20031,82,0,SAFE,15.6382
mid,878,29.266667,1,29.267054,94207,33442,22709,59,0,SAFE,23.4992
mid,879,29.300000,1,29.301367,94973,30334,21961,87,0,SAFE,23.3682
mid,880,29.333333,1,29.330844,93802,30972,22672,94,0,SAFE,19.0390
mid,881,29.366667,1,29.366178,85797,28623,21091,71,0,SAFE,20.3815
mid,882,29.400000,1,29.400293,89020,30118,22742,67,0,SAFE,16.6879
mid,883,29.433333,1,29.432067,91320,33265,23281,79,0,SAFE,21.2405
mid,884,29.466667,1,29.463897,93513,32663,23215,97,0,SAFE,21.1214
mid,885,29.500000,1,29.501588,98899,34403,25813,80,0,SAFE,23.8510
mid,886,29.533333,0,29.534923,103616,34497,24676,77,0,SAFE,23.4956
mid,887,29.566667,1,29.566025,98962,32386,22917,78,0,SAFE,26.6733
mid,888,29.600000,1,29.598212,94892,33929,24420,59,0,SAFE,19.1252
mid,889,29.633333,1,29.631443,89496,29855,21791,72,0,SAFE,14.8245
mid,890,29.666667,1,29.669974,91102,31371,22328,74,0,SAFE,17.0012
mid,891,29.700000,1,29.696958,94828,33074,23533,97,0,SAFE,22.5298
mid,892,29.733333,1,29.729988,91691,30651,21537,88,0,SAFE,16.6688
mid,893,29.766667,1,29.766401,95164,34008,23958,57,0,SAFE,19.0733
mid,894,29.800000,1,29.799625,94397,31314,21787,121,0,SAFE,19.2196
mid,895,29.833333,1,29.832390,85853,30896,22598,112,0,SAFE,18.9314
mid,896,29.866667,1,29.867574,90902,30455,21145,98,0,SAFE,20.4277
mid,897,29.900000,1,29.899456,90173,30583,23990,49,0,SAFE,16.9035
mid,898,29.933333,1,29.929618,89680,28634,20487,85,0,SAFE,18.5161
mid,899,29.966667,1,29.967273,91334,34815,24872,76,0,SAFE,16.3229
mid,900,30.000000,1,30.002426,92779,28698,22348,86,0,SAFE,24.3100
mid,901,30.033333,1,30.034106,85427,28957,21049,80,0,SAFE,22.6595
mid,902,30.066667,1,30.065887,95043,30835,22934,50,0,SAFE,21.6094
mid,903,30.100000,1,30.100386,96716,31580,23465,72,0,SAFE,20.7899
mid,904,30.133333,1,30.130525,89157,26196,19492,74,0,SAFE,21.8617
mid,905,30.166667,1,30.168237,89062,28045,21691,98,0,SAFE,16.4204
mid,906,30.200000,1,30.198368,89414,32235,23399,86,0,SAFE,22.8485
mid,907,30.233333,1,30.234399,90378,27328,19835,68,0,SAFE,19.4841
mid,908,30.266667,1,30.264459,91176,29022,20557,77,0,SAFE,27.5935
mid,909,30.300000,1,30.303644,92078,30357,22366,104,0,SAFE,19.5904
mid,910,30.333333,1,30.333046,90159,32008,22608,105,0,SAFE,21.9291
mid,911,30.366667,1,30.365323,88823,31975,22514,90,0,SAFE,18.4552
mid,912,30.400000,1,30.399416,97582,33473,24598,101,0,SAFE,13.8273
mid,913,30.433333,1,30.434861,92217,29289,19948,99,0,SAFE,15.3645
mid,914,30.466667,1,30.468343,99748,35654,26216,66,0,SAFE,11.9441
mid,915,30.500000,1,30.499830,91986,33804,24099,56,0,SAFE,19.9412
mid,916,30.533333,1,30.534692,95784,34924,24821,57,0,SAFE,19.8491
mid,917,30.566667,1,30.568699,96424,33302,22966,90,0,SAFE,18.8089
mid,918,30.600000,1,30.600136,94362,31454,22391,89,0,SAFE,16.7398
mid,919,30.633333,1,30.633088,100382,31750,21904,89,0,SAFE,19.4474
mid,920,30.666667,1,30.668370,92384,30846,20973,84,0,SAFE,19.9022
mid,921,30.700000,1,30.699213,92240,29477,21246,62,0,SAFE,21.5863
mid,922,30.733333,1,30.733815,97514,31753,22485,61,0,SAFE,17.0339
mid,923,30.766667,1,30.769146,88848,28113,20755,95,0,SAFE,15.9818
mid,924,30.800000,1,30.799761,95944,30716,22552,90,0,SAFE,8.7459
mid,925,30.833333,1,30.832415,95064,30876,21276,88,0,SAFE,16.7473
mid,926,30.866667,1,30.867879,97292,30909,22950,76,1,SAFE_TRANSIENT_CLUSTER,21.9264
mid,927,30.900000,1,30.897234,83006,30228,22178,114,0,SAFE,19.3995
mid,928,30.933333,1,30.933164,99025,32612,24041,121,0,SAFE,20.9558
mid,929,30.966667,1,30.967186,99367,34723,25729,100,0,SAFE,16.8870
mid,930,31.000000,1,31.000574,97925,34273,23898,86,0,SAFE,19.8226
mid,931,31.033333,1,31.030000,92310,32849,23931,84,0,SAFE,11.1140
mid,932,31.066667,1,31.068407,93658,31626,20819,116,0,SAFE,20.8589
mid,933,31.100000,1,31.096734,91561,30388,21106,102,0,SAFE,17.6189
mid,934,31.133333,1,31.132216,92038,28762,21125,71,0,SAFE,22.1297
mid,935,31.166667,1,31.165129,90676,31462,22660,96,0,SAFE,17.6055
mid,936,31.200000,1,31.201344,93729,32873,21973,66,0,SAFE,16.9838
mid,937,31.233333,1,31.231450,84308,28564,19126,124,0,SAFE,17.0790
mid,938,31.266667,1,31.267990,99227,36299,25213,70,0,SAFE,20.9233
mid,939,31.300000,1,31.301932,92632,33551,23995,69,0,SAFE,15.0072
mid,940,31.333333,1,31.331859,84082,29010,21870,77,0,SAFE,19.8312
mid,941,31.366667,1,31.367382,97361,34995,24332,114,1,SAFE_TRANSIENT_CLUSTER,20.9063
mid,942,31.400000,1,31.402153,94948,30492,21901,79,0,SAFE,16.8076
mid,943,31.433333,0,31.431781,91410,30719,21192,43,0,SAFE,24.2037
mid,944,31.466667,1,31.466113,97017,33973,24627,61,0,SAFE,25.3452
mid,945,31.500000,1,31.496875,89513,28625,20077,54,0,SAFE,19.8305
mid,946,31.533333,1,31.535658,93534,33304,23663,82,0,SAFE,24.0984
mid,947,31.566667,1,31.565254,88179,28510,20040,90,0,SAFE,14.7424
mid,948,31.600000,1,31.598042,93253,31187,22614,87,0,SAFE,22.2691
mid,949,31.633333,1,31.633091,93458,34892,24750,83,0,SAFE,18.6368
mid,950,31.666667,1,31.665470,86987,29487,21261,85,0,SAFE,19.8938
mid,951,31.700000,1,31.703965,88100,30699,22285,106,0,SAFE,14.4804
mid,952,31.733333,1,31.732912,101145,39142,28072,79,0,SAFE,15.0714
mid,953,31.766667,1,31.768475,95875,32340,23832,47,1,SAFE_TRANSIENT_CLUSTER,19.2346
mid,954,31.800000,1,31.799569,98907,32772,23747,95,0,SAFE,25.5125
mid,955,31.833333,1,31.834008,94282,30836,21550,84,0,SAFE,18.2554
mid,956,31.866667,1,31.867705,96974,33997,24283,93,0,SAFE,19.6957
mid,957,31.900000,1,31.899453,92167,30731,22856,56,0,SAFE,14.0533
mid,958,31.933333,1,31.933275,93374,32549,23006,63,0,SAFE,20.3067
mid,959,31.966667,1,31.967197,96351,34647,26241,65,0,SAFE,20.1706
mid,960,32.000000,1,32.000091,100117,32862,22254,81,0,SAFE,21.1015
mid,961,32.033333,1,32.032502,100324,31886,23373,78,0,SAFE,10.6823
mid,962,32.066667,1,32.064344,91065,31403,21575,93,0,SAFE,21.8338
mid,963,32.100000,1,32.098556,90789,31958,23543,45,0,SAFE,19.3683
mid,964,32.133333,1,32.129192,101306,34934,26330,137,0,SAFE,19.4374
mid,965,32.166667,1,32.165654,98355,31194,21863,112,0,SAFE,18.5139
mid,966,32.200000,1,32.199122,93792,31866,22618,85,0,SAFE,10.0061
mid,967,32.233333,0,32.233865,98900,35580,24933,92,0,SAFE,20.6543
mid,968,32.266667,1,32.267448,98248,33104,22855,78,0,SAFE,17.9797
mid,969,32.300000,1,32.298555,93114,32797,22785,78,0,SAFE,14.6705
mid,970,32.333333,1,32.329993,99487,32960,24797,96,0,SAFE,18.5859
mid,971,32.366667,1,32.368381,93843,32595,23536,70,0,SAFE,15.2746
mid,972,32.400000,1,32.398282,95906,34029,26014,118,0,SAFE,11.8782
mid,973,32.433333,1,32.433643,90771,31857,21301,55,0,SAFE,20.9920
mid,974,32.466667,1,32.468427,100285,33292,25003,71,0,SAFE,17.8065
mid,975,32.500000,1,32.498283,91741,29579,20737,79,0,SAFE,18.8050
mid,976,32.533333,1,32.532486,93505,29956,21948,88,0,SAFE,21.5605
mid,977,32.566667,1,32.567746,90782,30139,22018,122,0,SAFE,15.0967
mid,978,32.600000,1,32.600094,98916,35141,24587,125,0,SAFE,24.1026
mid,979,32.633333,1,32.637368,97613,33745,25496,82,0,SAFE,17.3932
mid,980,32.666667,1,32.666720,88208,30824,23112,83,0,SAFE,20.5905
mid,981,32.700000,1,32.697893,94597,33910,24019,68,0,SAFE,14.6927
mid,982,32.733333,1,32.731519,95630,33123,24701,97,0,SAFE,17.1662
mid,983,32.766667,1,32.770199,95035,34144,25019,67,0,SAFE,15.4122
mid,984,32.800000,1,32.799832,90902,28125,20277,96,0,SAFE,20.1903
mid,985,32.833333,1,32.830514,85795,26991,20075,93,0,SAFE,16.7669
mid,986,32.866667,1,32.867144,87837,31089,21438,111,0,SAFE,19.0876
mid,987,32.900000,1,32.899528,94869,31521,22796,84,0,SAFE,13.2258
mid,988,32.933333,1,32.933771,96085,31746,22535,81,0,SAFE,16.1439
mid,989,32.966667,1,32.965526,87273,29733,21440,81,0,SAFE,12.0407
mid,990,33.000000,1,32.998281,99288,33152,24342,105,0,SAFE,22.0465
mid,991,33.033333,1,33.032122,95931,30911,22294,97,0,SAFE,16.7905
mid,992,33.066667,1,33.063062,90835,27926,19980,77,0,SAFE,19.6687
mid,993,33.100000,1,33.099499,90770,30583,23050,95,0,SAFE,21.2102
mid,994,33.133333,1,33.134267,96580,32755,22996,64,0,SAFE,20.5148
mid,995,33.166667,1,33.166715,87720,30883,22725,87,0,SAFE,16.8291
mid,996,33.200000,1,33.200799,93063,29164,21110,105,0,SAFE,23.5141
mid,997,33.233333,1,33.230044,103133,37302,25003,85,0,SAFE,17.4086
mid,998,33.266667,1,33.267871,91391,29710,20137,99,0,SAFE,24.8244
mid,999,33.300000,1,33.299438,92776,30529,21861,66,0,SAFE,15.1249
mid,1000,33.333333,1,33.336661,88992,28797,21136,67,0,SAFE,14.4620
mid,1001,33.366667,1,33.367432,96880,33756,24083,66,0,SAFE,10.8531
mid,1002,33.400000,1,33.399555,89332,31358,22415,113,0,SAFE,22.1117
mid,1003,33.433333,1,33.433228,94975,32850,22864,84,0,SAFE,18.6355
mid,1004,33.466667,1,33.467059,91795,27224,21260,71,1,SAFE_TRANSIENT_CLUSTER,18.5712
mid,1005,33.500000,1,33.500371,96779,31177,21346,98,0,SAFE,22.3932
mid,1006,33.533333,1,33.533405,90546,32334,22135,79,0,SAFE,17.7867
mid,1007,33.566667,1,33.563950,96759,32894,25389,82,0,SAFE,13.8545
mid,1008,33.600000,1,33.601559,94603,32799,24683,73,0,SAFE,19.3735
mid,1009,33.633333,1,33.633112,87586,28868,20512,78,0,SAFE,24.6264
mid,1010,33.666667,1,33.667495,89159,33161,24789,80,0,SAFE,16.4448
mid,1011,33.700000,1,33.702246,94655,32803,24086,101,0,SAFE,21.0147
mid,1012,33.733333,1,33.732428,87616,31397,21524,108,0,SAFE,14.5777
mid,1013,33.766667,1,33.768739,95458,32650,25008,45,0,SAFE,19.7195
mid,1014,33.800000,1,33.799533,91294,31936,23576,122,0,SAFE,13.5087
mid,1015,33.833333,1,33.836283,96097,33954,23174,99,0,SAFE,22.0330
mid,1016,33.866667,1,33.867491,94321,32024,23167,77,0,SAFE,27.6829
mid,1017,33.900000,1,33.902841,90425,29699,20083,86,0,SAFE,22.7169
mid,1018,33.933333,1,33.938156,93816,30813,21854,90,0,SAFE,19.0049
mid,1019,33.966667,1,33.967388,92715,32708,24484,123,0,SAFE,21.1590
mid,1020,34.000000,1,34.000021,87491,28596,20545,91,0,SAFE,23.9687
mid,1021,34.033333,1,34.035806,91874,32219,22391,74,1,SAFE_TRANSIENT_CLUSTER,18.1783
mid,1022,34.066667,1,34.067471,98200,33268,24458,75,0,SAFE,14.7005
mid,1023,34.100000,1,34.101824,94214,34411,23974,67,0,SAFE,18.4577
mid,1024,34.133333,1,34.133657,91000,30100,22371,74,0,SAFE,15.2516
mid,1025,34.166667,1,34.167185,95109,34548,26860,69,0,SAFE,17.9219
mid,1026,34.200000,1,34.201316,96173,32590,23658,77,0,SAFE,21.4596
mid,1027,34.233333,1,34.236392,89066,31005,21162,63,0,SAFE,17.2785
mid,1028,34.266667,1,34.267471,89861,29626,21243,67,0,SAFE,20.5260
mid,1029,34.300000,1,34.301830,93911,32331,22685,81,0,SAFE,23.7994
mid,1030,34.333333,1,34.332719,96306,34618,24701,87,0,SAFE,21.3334
mid,1031,34.366667,1,34.367628,87657,30911,23034,61,0,SAFE,24.5022
mid,1032,34.400000,1,34.399940,97129,34980,24604,123,0,SAFE,21.6837
mid,1033,34.433333,1,34.432581,95851,33160,23861,107,0,SAFE,24.7294
mid,1034,34.466667,1,34.465081,94402,33230,23606,93,0,SAFE,19.0626
mid,1035,34.500000,1,34.498205,100425,33849,25007,80,0,SAFE,17.3499
mid,1036,34.533333,1,34.532420,101652,33942,26685,98,0,SAFE,17.8728
mid,1037,34.566667,1,34.564676,90600,28428,20663,76,0,SAFE,15.4649
mid,1038,34.600000,0,34.600219,97765,34798,24812,113,0,SAFE,19.1311
mid,1039,34.633333,1,34.631719,96426,31244,23501,133,0,SAFE,20.0461
mid,1040,34.666667,1,34.667699,92300,32524,23287,103,0,SAFE,11.2421
mid,1041,34.700000,1,34.699204,92429,31681,24833,88,0,SAFE,20.6624
mid,1042,34.733333,1,34.732989,95962,32052,23157,89,0,SAFE,13.4910
mid,1043,34.766667,1,34.763008,91845,32970,23925,69,0,SAFE,22.5483
mid,1044,34.800000,1,34.798259,85244,29328,20346,135,0,SAFE,14.8933
mid,1045,34.833333,1,34.835778,100958,32685,23299,73,0,SAFE,14.8449
mid,1046,34.866667,1,34.866586,97232,33700,23569,90,0,SAFE,20.5658
mid,1047,34.900000,1,34.899989,91554,33616,22669,43,0,SAFE,15.4978
mid,1048,34.933333,1,34.930803,91573,29560,20883,90,0,SAFE,15.9582
mid,1049,34.966667,1,34.967173,89270,32449,24212,89,0,SAFE,12.5282
mid,1050,35.000000,1,34.999256,93150,29439,21291,82,0,SAFE,20.1131
mid,1051,35.033333,1,35.032424,95395,32774,23956,79,1,SAFE_TRANSIENT_CLUSTER,15.5474
mid,1052,35.066667,1,35.070426,98013,31795,23290,108,0,SAFE,21.8458
mid,1053,35.100000,1,35.099877,92335,30863,21652,76,0,SAFE,22.2019
mid,1054,35.133333,1,35.131443,98794,33815,25184,97,0,SAFE,19.1875
mid,1055,35.166667,1,35.169146,89014,29344,20577,82,0,SAFE,14.8878
mid,1056,35.200000,1,35.199371,90724,29000,20293,97,0,SAFE,20.8634
mid,1057,35.233333,1,35.231811,85744,28735,20143,95,0,SAFE,21.4010
mid,1058,35.266667,1,35.266308,93871,30949,21723,70,0,SAFE,10.4285
mid,1059,35.300000,1,35.298328,93996,31803,22048,91,0,SAFE,25.3844
mid,1060,35.333333,1,35.332761,90358,31745,22680,74,0,SAFE,24.4323
mid,1061,35.366667,0,35.366892,90357,30061,21517,79,0,SAFE,24.3748
mid,1062,35.400000,1,35.400060,100321,35450,25472,83,0,SAFE,17.1506
mid,1063,35.433333,1,35.433396,92295,31361,22199,87,0,SAFE,21.9257
mid,1064,35.466667,1,35.466228,93140,33411,23963,102,0,SAFE,21.3564
mid,1065,35.500000,1,35.501660,92653,32662,22815,62,0,SAFE,16.2310
mid,1066,35.533333,1,35.534512,92923,31442,22253,72,0,SAFE,20.2894
mid,1067,35.566667,1,35.565338,93560,34522,26550,61,0,SAFE,19.1413
mid,1068,35.600000,1,35.600885,94254,33336,25169,116,0,SAFE,22.2534
mid,1069,35.633333,1,35.631875,96443,30102,21516,60,0,SAFE,13.3839
mid,1070,35.666667,1,35.666974,93220,32650,23684,99,0,SAFE,16.1610
mid,1071,35.700000,1,35.699618,86127,30363,22058,50,0,SAFE,25.5061
mid,1072,35.733333,1,35.732435,94738,35216,25599,56,0,SAFE,22.0032
mid,1073,35.766667,1,35.767589,85752,26786,19934,67,0,SAFE,17.1483
mid,1074,35.800000,1,35.799094,94774,31528,23118,57,0,SAFE,18.7723
mid,1075,35.833333,1,35.832683,90737,31886,23502,81,0,SAFE,17.7086
mid,1076,35.866667,1,35.864442,91291,30195,21458,105,0,SAFE,21.6495
mid,1077,35.900000,1,35.900340,90573,29427,21977,99,0,SAFE,22.3834
mid,1078,35.933333,1,35.935536,85514,29738,21442,95,0,SAFE,27.7385
mid,1079,35.966667,1,35.967953,86531,27611,19159,93,0,SAFE,19.1880
mid,1080,36.000000,1,35.997628,84044,29476,20673,74,1,SAFE_TRANSIENT_CLUSTER,19.1715
mid,1081,36.033333,1,36.031688,84241,29252,21344,118,0,SAFE,17.8113
mid,1082,36.066667,1,36.068831,87817,27393,20700,48,0,SAFE,22.6115
mid,1083,36.100000,1,36.099942,89120,28125,19426,70,0,SAFE,16.8121
mid,1084,36.133333,1,36.130837,89531,32903,23725,57,0,SAFE,19.6199
mid,1085,36.166667,1,36.164863,94841,32635,23461,79,0,SAFE,16.7355
mid,1086,36.200000,1,36.198532,93026,31736,24940,121,0,SAFE,21.0058
mid,1087,36.233333,1,36.233532,89628,27967,20358,76,0,SAFE,22.1803
mid,1088,36.266667,1,36.267592,80973,28978,21233,111,0,SAFE,22.5411
mid,1089,36.300000,1,36.300920,90721,29988,21870,97,0,SAFE,15.7941
mid,1090,36.333333,0,36.335849,97189,35407,25935,66,0,SAFE,22.1864
mid,1091,36.366667,1,36.367124,94771,31282,21114,88,0,SAFE,25.8697
mid,1092,36.400000,1,36.399923,98985,31459,22352,88,0,SAFE,20.7629
mid,1093,36.433333,1,36.433961,89208,30536,22879,121,0,SAFE,16.0965
mid,1094,36.466667,1,36.465308,89948,29362,20736,95,0,SAFE,14.2204
mid,1095,36.500000,1,36.498003,88465,29900,22784,115,0,SAFE,19.2046
mid,1096,36.533333,1,36.531194,93144,30501,21448,122,0,SAFE,21.6972
mid,1097,36.566667,1,36.563251,92385,29902,21712,49,0,SAFE,20.6322
mid,1098,36.600000,1,36.599187,90038,29715,20287,52,0,SAFE,19.3178
mid,1099,36.633333,1,36.633053,99533,36413,26049,65,0,SAFE,15.2135
mid,1100,36.666667,1,36.666400,99453,33502,22401,91,0,SAFE,17.3808
mid,1101,36.700000,1,36.697593,91215,31740,23050,63,0,SAFE,16.1758
mid,1102,36.733333,1,36.732673,92068,33816,23934,49,0,SAFE,19.4950
mid,1103,36.766667,1,36.766671,93778,32160,23674,114,0,SAFE,14.0870
mid,1104,36.800000,1,36.799155,89015,32972,23637,109,0,SAFE,19.4378
mid,1105,36.833333,1,36.834752,93887,28828,21341,38,0,SAFE,21.7919
mid,1106,36.866667,1,36.867614,96769,32417,24291,68,0,SAFE,18.4090
mid,1107,36.900000,1,36.901809,87481,28264,20898,99,0,SAFE,17.4156
mid,1108,36.933333,1,36.932253,92458,29981,21525,129,0,SAFE,19.4918
mid,1109,36.966667,1,36.964787,101864,34840,24845,84,0,SAFE,20.0296
mid,1110,37.000000,1,36.998888,98879,33723,24989,94,0,SAFE,16.5582
mid,1111,37.033333,1,37.033404,96853,34546,26033,103,0,SAFE,22.4386
mid,1112,37.066667,1,37.065800,85677,31703,22641,108,0,SAFE,17.7234
mid,1113,37.100000,1,37.101424,92485,30817,21893,126,0,SAFE,16.4965
mid,1114,37.133333,1,37.134636,94916,34829,24288,98,0,SAFE,16.6755
mid,1115,37.166667,1,37.168121,91278,29300,20287,87,0,SAFE,18.5064
mid,1116,37.200000,1,37.199843,83778,28243,21730,99,0,SAFE,22.7055
mid,1117,37.233333,1,37.231610,96385,33720,24796,92,0,SAFE,24.9756
mid,1118,37.266667,1,37.267764,93779,31296,21694,118,0,SAFE,17.8012
mid,1119,37.300000,1,37.299917,95981,34499,25999,66,0,SAFE,16.1622
mid,1120,37.333333,1,37.334319,91175,29788,20792,97,0,SAFE,9.4536
mid,1121,37.366667,1,37.365494,97543,31667,23236,82,0,SAFE,20.2408
mid,1122,37.400000,1,37.397802,92749,33341,22792,61,0,SAFE,22.0238
mid,1123,37.433333,1,37.431495,96541,33682,24826,81,0,SAFE,14.3985
mid,1124,37.466667,1,37.469178,93029,30391,22705,86,0,SAFE,14.0625
mid,1125,37.500000,1,37.500821,93636,30754,22173,77,0,SAFE,20.3997
mid,1126,37.533333,1,37.534132,96361,34136,25073,117,0,SAFE,22.2348
mid,1127,37.566667,1,37.566480,101527,33900,23560,84,0,SAFE,20.7009
mid,1128,37.600000,1,37.597755,92586,29933,21488,84,0,SAFE,15.6106
mid,1129,37.633333,1,37.635869,87690,28539,19540,109,0,SAFE,20.8993
mid,1130,37.666667,1,37.665059,97976,33024,24543,129,0,SAFE,20.3775
mid,1131,37.700000,1,37.700415,94743,31312,22329,87,0,SAFE,11.7096
mid,1132,37.733333,1,37.735875,90851,30859,23072,73,0,SAFE,16.8386
mid,1133,37.766667,1,37.768729,99327,34576,23891,87,0,SAFE,28.4100
mid,1134,37.800000,1,37.798407,97873,33590,25281,96,0,SAFE,21.1214
mid,1135,37.833333,1,37.833868,96818,31684,22136,107,0,SAFE,17.6510
mid,1136,37.866667,1,37.864104,94678,32395,22630,53,0,SAFE,21.9070
mid,1137,37.900000,1,37.901064,92903,32712,23499,107,0,SAFE,23.0479
mid,1138,37.933333,1,37.932065,102050,34068,23961,91,0,SAFE,22.5895
mid,1139,37.966667,1,37.967360,96588,32161,24322,100,0,SAFE,16.4097
mid,1140,38.000000,1,38.001609,93260,30930,23367,109,0,SAFE,13.0383
mid,1141,38.033333,1,38.030501,91629,33185,23874,125,0,SAFE,18.1741
mid,1142,38.066667,1,38.066162,93932,31382,23143,90,0,SAFE,15.9980
mid,1143,38.100000,1,38.100504,89773,28238,21344,34,0,SAFE,25.5934
mid,1144,38.133333,1,38.132198,96707,32674,23689,75,0,SAFE,18.9811
mid,1145,38.166667,1,38.166727,96064,33920,25799,127,0,SAFE,18.8838
mid,1146,38.200000,1,38.193866,92136,30945,23482,80,0,SAFE,25.5367
mid,1147,38.233333,1,38.229850,98462,34494,25724,97,0,SAFE,24.8366
mid,1148,38.266667,1,38.267944,94308,31969,24157,61,0,SAFE,20.1753
mid,1149,38.300000,1,38.300256,88006,29235,22052,72,0,SAFE,19.2700
mid,1150,38.333333,1,38.331103,100864,35411,24343,70,0,SAFE,17.6856
mid,1151,38.366667,1,38.368648,94163,34460,24898,41,0,SAFE,14.8509
mid,1152,38.400000,1,38.398793,104149,31520,21231,82,0,SAFE,25.1968
mid,1153,38.433333,1,38.431499,86454,25609,18554,57,0,SAFE,22.0767
mid,1154,38.466667,1,38.464404,96244,30671,22189,80,0,SAFE,11.4200
mid,1155,38.500000,1,38.503446,93214,31807,21325,78,0,SAFE,14.2393
mid,1156,38.533333,1,38.533837,89505,29900,22357,77,0,SAFE,12.7054
mid,1157,38.566667,1,38.568042,87752,30886,22214,105,0,SAFE,19.0297
mid,1158,38.600000,0,38.599263,93169,33227,23612,119,0,SAFE,18.2760
mid,1159,38.633333,1,38.631934,97004,32976,22799,102,0,SAFE,22.4876
mid,1160,38.666667,1,38.669464,95175,31930,22831,83,0,SAFE,20.8383
mid,1161,38.700000,1,38.700929,95923,32134,23919,83,0,SAFE,18.7779
mid,1162,38.733333,1,38.733785,90695,28785,19904,90,0,SAFE,15.8718
mid,1163,38.766667,1,38.766036,97828,34660,25043,39,0,SAFE,17.0574
mid,1164,38.800000,1,38.796825,94246,33060,25212,97,0,SAFE,21.3252
mid,1165,38.833333,1,38.834352,92438,31556,22606,85,0,SAFE,23.4242
mid,1166,38.866667,1,38.869529,89093,31276,22518,77,0,SAFE,18.7619
mid,1167,38.900000,1,38.901833,95460,32114,21651,97,0,SAFE,21.7253
mid,1168,38.933333,1,38.932711,89442,29858,21661,98,0,SAFE,23.0273
mid,1169,38.966667,0,38.964887,94945,31393,21953,88,0,SAFE,27.9631
mid,1170,39.000000,1,39.000662,100614,33286,22972,89,0,SAFE,21.0847
mid,1171,39.033333,1,39.035210,88858,29390,20238,129,0,SAFE,19.5285
mid,1172,39.066667,0,39.066499,96777,34028,24223,68,0,SAFE,22.9830
mid,1173,39.100000,1,39.100049,91598,30216,21387,89,0,SAFE,19.3138
mid,1174,39.133333,1,39.130871,90658,30411,22238,45,0,SAFE,13.6556
mid,1175,39.166667,1,39.169784,102987,34526,24545,76,0,SAFE,19.1900
mid,1176,39.200000,1,39.198605,100712,32180,25694,88,0,SAFE,22.9020
mid,1177,39.233333,1,39.235929,92830,30392,22175,88,0,SAFE,20.6003
mid,1178,39.266667,1,39.267554,91725,31659,22336,74,0,SAFE,16.2909
mid,1179,39.300000,1,39.300131,85371,30781,21968,36,0,SAFE,20.8168
mid,1180,39.333333,1,39.329768,97011,33240,22990,131,0,SAFE,15.1448
mid,1181,39.366667,1,39.370659,96122,32573,23014,104,0,SAFE,14.4248
mid,1182,39.400000,1,39.399099,93455,33067,25108,119,0,SAFE,16.6594
mid,1183,39.433333,1,39.431743,87071,30714,21610,43,0,SAFE,25.2740
mid,1184,39.466667,1,39.468840,92406,30469,22495,95,0,SAFE,18.8390
mid,1185,39.500000,1,39.499120,94099,31004,23953,98,0,SAFE,14.2095
mid,1186,39.533333,1,39.533266,82791,30173,22236,85,0,SAFE,23.4701
mid,1187,39.566667,1,39.568567,92151,32547,22315,59,0,SAFE,15.9429
mid,1188,39.600000,1,39.602175,92290,29708,20237,83,0,SAFE,21.6077
mid,1189,39.633333,1,39.632616,95225,31654,20438,103,0,SAFE,14.3939
mid,1190,39.666667,1,39.664641,90813,31795,23625,113,0,SAFE,16.0338
mid,1191,39.700000,1,39.700770,95582,32442,25371,93,0,SAFE,20.6068
mid,1192,39.733333,1,39.732402,91468,32796,23797,96,0,SAFE,24.5694
mid,1193,39.766667,1,39.766183,93008,31190,23353,67,0,SAFE,21.9465
mid,1194,39.800000,0,39.799478,86659,28548,19349,61,1,SAFE_TRANSIENT_CLUSTER,18.6044
mid,1195,39.833333,1,39.834696,90503,30393,21548,88,0,SAFE,23.7640
mid,1196,39.866667,1,39.866254,105646,38832,27356,91,0,SAFE,18.6284
mid,1197,39.900000,1,39.903812,86852,30852,22393,82,0,SAFE,27.0976
mid,1198,39.933333,1,39.934287,99662,34227,24512,88,0,SAFE,16.0738
mid,1199,39.966667,1,39.965944,91970,32200,23249,125,0,SAFE,16.0498
mid,1200,40.000000,1,40.000363,82377,25917,17808,91,0,SAFE,21.1451
mid,1201,40.033333,1,40.033177,93238,32870,24270,127,0,SAFE,15.8657
mid,1202,40.066667,1,40.067858,87678,29994,20667,105,0,SAFE,21.2747
mid,1203,40.100000,1,40.099131,89070,31145,22976,53,0,SAFE,26.8124
mid,1204,40.133333,1,40.129775,84575,27893,19366,87,0,SAFE,22.0218
mid,1205,40.166667,1,40.169474,95321,34157,24835,109,0,SAFE,20.4396
mid,1206,40.200000,1,40.199248,87677,29185,21069,98,0,SAFE,15.9048
mid,1207,40.233333,1,40.232357,94193,33170,24235,138,0,SAFE,15.1790
mid,1208,40.266667,1,40.265517,90114,29637,20075,99,0,SAFE,20.7603
mid,1209,40.300000,1,40.295647,87290,29600,21490,117,0,SAFE,20.3090
mid,1210,40.333333,1,40.333302,83972,30720,22713,106,0,SAFE,22.3544
mid,1211,40.366667,1,40.366367,94968,32373,24453,55,1,SAFE_TRANSIENT_CLUSTER,15.3989
mid,1212,40.400000,1,40.401170,96077,34770,24153,85,0,SAFE,20.0391
mid,1213,40.433333,1,40.435931,91833,32151,23227,97,0,SAFE,15.8654
mid,1214,40.466667,1,40.465235,91473,28838,19617,68,0,SAFE,29.4165
mid,1215,40.500000,1,40.498553,87100,31616,22506,49,0,SAFE,18.1072
mid,1216,40.533333,1,40.535675,99202,35262,25088,95,1,SAFE_TRANSIENT_CLUSTER,16.0463
mid,1217,40.566667,1,40.563784,99851,33674,25012,114,0,SAFE,21.8019
mid,1218,40.600000,1,40.601072,92402,31981,22112,115,0,SAFE,19.2020
mid,1219,40.633333,1,40.631678,89638,31982,21960,91,0,SAFE,21.7864
mid,1220,40.666667,1,40.666646,90128,27305,17775,134,0,SAFE,10.8982
mid,1221,40.700000,1,40.698348,90538,31507,23079,67,0,SAFE,19.1479
mid,1222,40.733333,1,40.735869,92265,33282,24907,80,0,SAFE,17.7319
mid,1223,40.766667,1,40.765671,91773,31229,21702,111,0,SAFE,21.7840
mid,1224,40.800000,1,40.796890,102756,35816,25494,87,0,SAFE,21.7243
mid,1225,40.833333,1,40.832930,95314,31067,22496,141,0,SAFE,21.9483
mid,1226,40.866667,1,40.870399,88016,29388,19868,108,0,SAFE,27.0796
mid,1227,40.900000,1,40.896677,95193,30230,21532,96,0,SAFE,16.7423
mid,1228,40.933333,1,40.934166,88880,30818,22126,101,0,SAFE,16.2606
mid,1229,40.966667,1,40.966313,93450,33131,23882,82,0,SAFE,24.5218
mid,1230,41.000000,1,40.999806,96670,31783,22096,60,0,SAFE,21.4021
mid,1231,41.033333,1,41.034254,90214,29305,20509,84,0,SAFE,25.9119
mid,1232,41.066667,1,41.067591,90539,29781,21584,108,0,SAFE,21.0946
mid,1233,41.100000,1,41.102186,87302,31406,21058,67,0,SAFE,13.8397
mid,1234,41.133333,1,41.132247,99023,33376,24624,76,0,SAFE,11.6589
mid,1235,41.166667,1,41.165774,99377,33203,26125,101,0,SAFE,20.4130
mid,1236,41.200000,1,41.196540,89420,28567,20645,65,0,SAFE,22.2367
mid,1237,41.233333,1,41.234066,85580,27419,20143,111,0,SAFE,22.0303
mid,1238,41.266667,1,41.267107,96540,33334,24800,103,0,SAFE,16.8389
mid,1239,41.300000,1,41.300558,89528,29908,21702,54,0,SAFE,19.3510
mid,1240,41.333333,1,41.335128,94448,32974,23020,84,0,SAFE,21.8985
mid,1241,41.366667,1,41.370098,103452,31482,23022,92,0,SAFE,21.8886
mid,1242,41.400000,1,41.399789,100008,34514,25645,100,0,SAFE,26.3859
mid,1243,41.433333,1,41.432167,91389,31032,22903,81,0,SAFE,17.2118
mid,1244,41.466667,1,41.463528,91729,30464,24782,118,0,SAFE,14.0450
mid,1245,41.500000,1,41.501021,90647,31512,22114,69,0,SAFE,11.2530
mid,1246,41.533333,1,41.531841,93223,31186,23047,90,0,SAFE,9.5989
mid,1247,41.566667,1,41.568946,95150,32023,22975,106,0,SAFE,16.5116
mid,1248,41.600000,1,41.602470,93157,30770,22193,68,0,SAFE,17.8888
mid,1249,41.633333,1,41.631193,87729,29639,20939,63,0,SAFE,23.3421
mid,1250,41.666667,1,41.665572,86426,31194,21299,94,0,SAFE,19.0817
mid,1251,41.700000,1,41.696368,92802,31432,21825,101,0,SAFE,21.5206
mid,1252,41.733333,1,41.731427,96436,34443,23859,71,0,SAFE,24.0566
mid,1253,41.766667,1,41.764606,96452,32010,22373,64,0,SAFE,14.0081
mid,1254,41.800000,1,41.801274,98924,35194,24620,88,0,SAFE,13.7898
mid,1255,41.833333,1,41.835322,93291,32816,22376,120,0,SAFE,14.1063
mid,1256,41.866667,1,41.865879,96187,30950,22841,92,0,SAFE,25.3832
mid,1257,41.900000,1,41.900783,92910,30082,21379,92,0,SAFE,18.5839
mid,1258,41.933333,1,41.933545,97667,35033,24882,79,0,SAFE,25.4152
mid,1259,41.966667,1,41.964136,95917,33081,23135,105,0,SAFE,20.8371
mid,1260,42.000000,1,42.000807,97863,30843,20870,84,0,SAFE,25.2242
mid,1261,42.033333,1,42.033372,89387,30310,20556,66,0,SAFE,23.6425
mid,1262,42.066667,1,42.066846,85839,29183,19905,109,0,SAFE,22.7495
mid,1263,42.100000,1,42.097225,91506,30424,22220,84,0,SAFE,18.9336
mid,1264,42.133333,1,42.132292,88927,30223,21145,74,0,SAFE,21.5131
mid,1265,42.166667,1,42.166097,89066,31064,25413,124,0,SAFE,13.2253
mid,1266,42.200000,1,42.199161,97813,32268,23308,104,0,SAFE,18.9561
mid,1267,42.233333,1,42.235373,93192,32377,23629,107,0,SAFE,25.8247
mid,1268,42.266667,1,42.270267,88566,30130,22016,105,0,SAFE,19.0716
mid,1269,42.300000,1,42.301149,90146,32475,22671,97,0,SAFE,16.9876
mid,1270,42.333333,1,42.332132,85505,29562,19756,97,0,SAFE,23.1605
mid,1271,42.366667,1,42.363628,89038,30506,20836,115,0,SAFE,20.4075
mid,1272,42.400000,1,42.399237,88844,29898,22084,86,0,SAFE,21.0610
mid,1273,42.433333,1,42.435363,93225,32971,23292,76,0,SAFE,16.0879
mid,1274,42.466667,1,42.466278,87426,29988,20035,85,0,SAFE,14.3862
mid,1275,42.500000,1,42.500121,84937,29368,20568,36,0,SAFE,19.9108
mid,1276,42.533333,1,42.534669,97447,32832,23064,94,0,SAFE,26.1584
mid,1277,42.566667,1,42.566203,84211,30810,21739,120,0,SAFE,21.6733
mid,1278,42.600000,1,42.598514,93211,31321,22983,93,0,SAFE,19.0130
mid,1279,42.633333,1,42.633271,90830,30356,22157,83,0,SAFE,22.9770
mid,1280,42.666667,1,42.664005,94748,34185,25782,101,0,SAFE,20.5376
mid,1281,42.700000,1,42.704211,95127,30087,21112,91,0,SAFE,22.1247
mid,1282,42.733333,1,42.731918,93228,31071,22815,87,0,SAFE,15.5476
mid,1283,42.766667,1,42.764964,85135,30807,23005,108,0,SAFE,21.1225
mid,1284,42.800000,1,42.800289,95918,32507,23593,88,0,SAFE,17.0747
mid,1285,42.833333,1,42.831867,97098,35483,24873,78,0,SAFE,18.1932
mid,1286,42.866667,1,42.866926,87406,29093,21202,61,0,SAFE,23.2881
mid,1287,42.900000,1,42.901955,86862,31749,22805,91,0,SAFE,18.7291
mid,1288,42.933333,1,42.931335,85651,32283,24259,104,0,SAFE,16.4583
mid,1289,42.966667,1,42.967292,91516,31246,22829,65,0,SAFE,17.0547
mid,1290,43.000000,1,43.002535,99116,35134,26051,97,0,SAFE,25.6052
mid,1291,43.033333,1,43.038266,95418,29360,19916,68,0,SAFE,21.2745
mid,1292,43.066667,0,43.067881,88446,31746,23324,74,0,SAFE,20.8023
mid,1293,43.100000,1,43.100006,92505,30833,21601,34,0,SAFE,17.4673
mid,1294,43.133333,1,43.136379,93767,33678,24674,97,0,SAFE,23.3173
mid,1295,43.166667,1,43.164660,88211,30629,22316,112,0,SAFE,23.3930
mid,1296,43.200000,1,43.196864,91793,32066,21934,121,0,SAFE,20.4029
mid,1297,43.233333,1,43.230550,89171,29913,21880,82,0,SAFE,21.3780
mid,1298,43.266667,1,43.264138,87513,29147,20664,92,0,SAFE,21.2386
mid,1299,43.300000,1,43.299666,92236,30225,21798,99,0,SAFE,19.2730
mid,1300,43.333333,1,43.331926,92955,32316,23934,97,0,SAFE,20.9227
mid,1301,43.366667,1,43.364546,89968,31664,22640,94,0,SAFE,16.7627
mid,1302,43.400000,1,43.401831,96217,32301,24293,84,0,SAFE,19.1652
mid,1303,43.433333,1,43.431359,93205,31467,24135,60,0,SAFE,22.6297
mid,1304,43.466667,1,43.464409,96985,31960,23114,120,0,SAFE,20.9341
mid,1305,43.500000,1,43.497456,93106,31904,24231,62,0,SAFE,23.3148
mid,1306,43.533333,1,43.535304,97814,31977,22994,86,0,SAFE,17.4558
mid,1307,43.566667,1,43.569441,100410,33076,24867,92,0,SAFE,14.7212
mid,1308,43.600000,1,43.602155,95675,30597,21347,68,0,SAFE,21.4179
mid,1309,43.633333,1,43.633755,92737,33996,24120,106,0,SAFE,23.1407
mid,1310,43.666667,1,43.666184,91527,31237,22273,98,0,SAFE,16.3642
mid,1311,43.700000,1,43.702191,96256,32589,23922,64,0,SAFE,25.0319
mid,1312,43.733333,1,43.731830,93315,34033,24559,90,0,SAFE,19.6591
mid,1313,43.766667,1,43.767732,92406,32835,23089,85,0,SAFE,17.3913
mid,1314,43.800000,1,43.796689,90850,29475,22428,102,0,SAFE,22.3984
mid,1315,43.833333,1,43.836022,85855,28745,20459,116,0,SAFE,22.3054
mid,1316,43.866667,1,43.867923,97211,32317,23790,95,0,SAFE,21.2354
mid,1317,43.900000,1,43.898341,84871,29452,21666,100,0,SAFE,18.6495
mid,1318,43.933333,1,43.933205,101358,33925,24463,112,0,SAFE,22.3012
mid,1319,43.966667,1,43.966618,91841,30371,22096,102,0,SAFE,18.0870
mid,1320,44.000000,1,43.999209,101696,33743,23108,91,0,SAFE,16.8064
mid,1321,44.033333,1,44.034844,95354,32163,23539,99,0,SAFE,18.6618
mid,1322,44.066667,1,44.066861,87876,30699,22984,108,0,SAFE,15.7114
mid,1323,44.100000,1,44.100902,92174,31434,23136,72,0,SAFE,24.5547
mid,1324,44.133333,1,44.134980,94246,34001,24153,101,0,SAFE,16.7481
mid,1325,44.166667,1,44.167440,95598,32450,23312,105,0,SAFE,16.0721
mid,1326,44.200000,1,44.202750,87054,30925,22574,109,0,SAFE,15.4524
mid,1327,44.233333,1,44.236704,96133,30332,23173,55,0,SAFE,24.8749
mid,1328,44.266667,1,44.264173,87206,30262,22233,82,0,SAFE,20.1634
mid,1329,44.300000,1,44.302300,92911,32264,22922,119,0,SAFE,23.2293
mid,1330,44.333333,1,44.331438,90100,29797,21805,88,0,SAFE,19.5158
mid,1331,44.366667,1,44.368032,90783,29902,20903,70,0,SAFE,23.1982
mid,1332,44.400000,1,44.398863,89695,30363,20519,67,0,SAFE,16.0350
mid,1333,44.433333,1,44.432422,98201,33734,24132,78,0,SAFE,20.3485
mid,1334,44.466667,1,44.466438,91549,30177,21565,69,0,SAFE,24.5850
mid,1335,44.500000,1,44.500146,89376,30118,20121,62,0,SAFE,13.6072
mid,1336,44.533333,1,44.531875,95095,32541,24101,66,0,SAFE,18.6335
mid,1337,44.566667,1,44.565961,96260,30020,21820,81,0,SAFE,22.2894
mid,1338,44.600000,1,44.597311,90881,30047,21961,83,0,SAFE,24.7116
mid,1339,44.633333,1,44.631975,99747,34149,24879,100,0,SAFE,18.6460
mid,1340,44.666667,1,44.668710,91296,32273,21575,111,0,SAFE,24.0503
mid,1341,44.700000,1,44.703600,99648,34246,24856,51,0,SAFE,20.7621
mid,1342,44.733333,1,44.732401,89196,28008,18414,88,0,SAFE,20.6823
mid,1343,44.766667,1,44.767294,91303,30595,21695,55,0,SAFE,24.6846
mid,1344,44.800000,1,44.798164,95577,34544,25756,109,0,SAFE,23.2219
mid,1345,44.833333,1,44.834079,98309,32931,21787,100,0,SAFE,16.5238
mid,1346,44.866667,1,44.865664,92805,30671,22315,130,0,SAFE,18.6937
mid,1347,44.900000,1,44.899972,98947,33152,24203,122,0,SAFE,14.9328
mid,1348,44.933333,1,44.935258,93456,31060,22061,53,0,SAFE,19.2450
mid,1349,44.966667,1,44.965633,96458,33165,24326,107,0,SAFE,12.7892
mid,1350,45.000000,1,45.000424,96923,32138,23641,90,0,SAFE,17.6878
mid,1351,45.033333,1,45.033004,95693,32329,24170,103,0,SAFE,14.6500
mid,1352,45.066667,1,45.067047,91520,30138,21661,102,0,SAFE,18.1120
mid,1353,45.100000,1,45.102083,94101,31463,23186,80,0,SAFE,21.3131
mid,1354,45.133333,1,45.133230,87253,29806,21730,117,0,SAFE,21.8999
mid,1355,45.166667,1,45.165701,91873,29765,21242,89,0,SAFE,20.2428
mid,1356,45.200000,1,45.199779,93063,32795,22346,88,0,SAFE,24.6256
mid,1357,45.233333,1,45.233660,95240,30048,21641,77,0,SAFE,12.6290
mid,1358,45.266667,1,45.263738,88765,31848,23513,82,0,SAFE,20.0541
mid,1359,45.300000,1,45.297871,92853,31179,22361,86,0,SAFE,16.8045
mid,1360,45.333333,1,45.330326,94139,33374,24554,93,0,SAFE,15.4362
mid,1361,45.366667,1,45.366961,87598,29215,21083,52,0,SAFE,20.4449
mid,1362,45.400000,1,45.395393,91091,29756,22265,83,0,SAFE,16.3292
mid,1363,45.433333,1,45.432163,89946,31833,22110,52,0,SAFE,23.2168
mid,1364,45.466667,1,45.467050,102020,36242,25264,79,0,SAFE,18.4353
mid,1365,45.500000,1,45.497263,91611,32342,23800,113,0,SAFE,24.8687
mid,1366,45.533333,1,45.532416,92684,30836,21890,57,0,SAFE,16.9820
mid,1367,45.566667,1,45.567860,86549,29838,22715,79,0,SAFE,16.8646
mid,1368,45.600000,1,45.598398,95216,32848,22854,53,0,SAFE,17.9945
mid,1369,45.633333,1,45.632129,87633,31069,21824,59,0,SAFE,27.3161
mid,1370,45.666667,1,45.663467,91900,30209,20151,97,0,SAFE,19.5161
mid,1371,45.700000,1,45.700134,93345,30503,23351,100,0,SAFE,17.0345
mid,1372,45.733333,1,45.735040,89410,29689,21541,62,0,SAFE,19.9939
mid,1373,45.766667,1,45.763885,92799,32535,23277,90,0,SAFE,16.2743
mid,1374,45.800000,1,45.801925,99614,33745,23359,108,0,SAFE,23.0120
mid,1375,45.833333,1,45.833148,87448,30604,21788,84,0,SAFE,8.1657
mid,1376,45.866667,1,45.864579,95548,33627,24384,83,0,SAFE,22.8567
mid,1377,45.900000,1,45.899209,90669,29507,21635,102,0,SAFE,15.8924
mid,1378,45.933333,1,45.934302,87754,29067,21173,78,0,SAFE,20.6190
mid,1379,45.966667,1,45.968064,95532,32871,23899,71,0,SAFE,20.4567
mid,1380,46.000000,1,45.998976,98153,30746,22531,56,0,SAFE,16.8229
mid,1381,46.033333,1,46.033228,97529,32910,24515,88,0,SAFE,13.5708
mid,1382,46.066667,1,46.066845,96316,32414,23792,94,0,SAFE,15.5082
mid,1383,46.100000,1,46.100656,86862,28510,21852,76,0,SAFE,16.6725
mid,1384,46.133333,1,46.130180,92674,30269,21624,69,0,SAFE,18.1324
mid,1385,46.166667,1,46.168309,83539,29186,19499,81,0,SAFE,25.0197
mid,1386,46.200000,1,46.204688,97424,32193,23364,126,0,SAFE,17.9968
mid,1387,46.233333,1,46.230946,91673,31290,21483,76,0,SAFE,26.0595
mid,1388,46.266667,1,46.271021,90661,31378,22190,81,0,SAFE,19.7387
mid,1389,46.300000,1,46.300772,91433,30628,21591,88,0,SAFE,15.2878
mid,1390,46.333333,1,46.331013,95656,31689,22109,95,0,SAFE,15.8388
mid,1391,46.366667,0,46.363973,81150,29125,21759,84,0,SAFE,15.9132
mid,1392,46.400000,1,46.402172,97755,32728,22954,103,0,SAFE,19.8360
mid,1393,46.433333,1,46.429111,95755,32122,24762,89,0,SAFE,25.1757
mid,1394,46.466667,1,46.466525,88475,27510,19540,97,0,SAFE,18.5481
mid,1395,46.500000,1,46.500100,90919,28474,19483,110,0,SAFE,22.0017
mid,1396,46.533333,1,46.533832,95522,34603,24789,113,0,SAFE,22.0078
mid,1397,46.566667,1,46.568085,85295,26351,17882,121,0,SAFE,18.4820
mid,1398,46.600000,1,46.602710,97130,33577,24224,91,0,SAFE,19.5792
mid,1399,46.633333,1,46.633105,104898,37230,26370,126,0,SAFE,17.8007
mid,1400,46.666667,1,46.665657,101557,34379,24661,84,0,SAFE,17.4814
mid,1401,46.700000,1,46.701406,87115,29997,22257,81,0,SAFE,16.0261
mid,1402,46.733333,1,46.731452,96237,35254,27040,82,0,SAFE,15.4398
mid,1403,46.766667,1,46.765674,93714,30269,19714,104,0,SAFE,20.1368
mid,1404,46.800000,1,46.797753,85411,28384,20462,83,0,SAFE,15.4342
mid,1405,46.833333,1,46.833447,92376,30753,20294,82,0,SAFE,24.9095
mid,1406,46.866667,1,46.868308,88270,29134,20386,72,0,SAFE,21.1679
mid,1407,46.900000,1,46.901345,88885,31785,23282,104,0,SAFE,21.9815
mid,1408,46.933333,1,46.932924,93887,32631,22488,93,0,SAFE,17.6626
mid,1409,46.966667,1,46.966031,86863,30929,22437,86,0,SAFE,28.8920
mid,1410,47.000000,1,46.999926,94953,31562,22465,95,0,SAFE,22.8068
mid,1411,47.033333,1,47.032706,87971,31539,22762,72,0,SAFE,16.1302
mid,1412,47.066667,1,47.068583,92981,32130,22961,81,0,SAFE,20.2196
mid,1413,47.100000,1,47.098856,86783,28210,22141,114,0,SAFE,19.1791
mid,1414,47.133333,1,47.134454,99588,34479,26098,128,0,SAFE,18.0340
mid,1415,47.166667,1,47.168605,93851,31615,22821,85,0,SAFE,22.3283
mid,1416,47.200000,1,47.200069,95581,32235,23627,72,0,SAFE,19.6238
mid,1417,47.233333,0,47.233471,95025,32497,23581,60,0,SAFE,24.5737
mid,1418,47.266667,1,47.262690,101449,35742,26165,103,0,SAFE,16.7709
mid,1419,47.300000,1,47.302770,99441,35630,25060,101,0,SAFE,10.9774
mid,1420,47.333333,1,47.330679,95068,30991,21713,71,0,SAFE,20.0044
mid,1421,47.366667,1,47.365957,98250,33280,23912,79,0,SAFE,12.6843
mid,1422,47.400000,1,47.400591,95999,32602,23244,119,0,SAFE,17.2686
mid,1423,47.433333,1,47.431029,92501,32999,25756,98,0,SAFE,16.4494
mid,1424,47.466667,1,47.467010,92180,29227,19464,89,0,SAFE,26.2267
mid,1425,47.500000,1,47.500470,103665,37065,27220,93,0,SAFE,15.7564
mid,1426,47.533333,1,47.534556,92303,31316,23312,80,0,SAFE,10.9354
mid,1427,47.566667,1,47.568249,96543,31468,23345,101,0,SAFE,27.9479
mid,1428,47.600000,1,47.599930,102022,33148,23748,102,0,SAFE,22.3989
mid,1429,47.633333,1,47.630299,93216,29012,21537,116,0,SAFE,20.2346
mid,1430,47.666667,1,47.668566,96092,32212,21400,64,0,SAFE,11.3200
mid,1431,47.700000,1,47.697502,87254,29637,22103,90,0,SAFE,13.5093
mid,1432,47.733333,1,47.732928,90461,33363,23176,119,0,SAFE,15.7729
mid,1433,47.766667,1,47.768297,87681,31385,24157,85,0,SAFE,21.4634
mid,1434,47.800000,1,47.800272,88900,32799,24184,77,0,SAFE,14.5550
mid,1435,47.833333,1,47.831957,90213,32386,24099,83,1,SAFE_TRANSIENT_CLUSTER,15.6705
mid,1436,47.866667,1,47.868044,93992,33187,23618,91,0,SAFE,17.3642
mid,1437,47.900000,1,47.900557,96706,33026,23177,111,0,SAFE,17.2297
mid,1438,47.933333,1,47.932958,94573,32180,21190,121,0,SAFE,21.6740
mid,1439,47.966667,1,47.967740,91917,32320,24704,76,0,SAFE,16.6965
mid,1440,48.000000,1,47.998384,95026,32225,23956,78,0,SAFE,24.8699
mid,1441,48.033333,1,48.031017,90987,32748,24204,100,0,SAFE,19.4901
mid,1442,48.066667,1,48.068122,100263,32663,22851,76,0,SAFE,17.4344
mid,1443,48.100000,1,48.098849,91419,30670,21244,65,0,SAFE,20.6219
mid,1444,48.133333,1,48.132450,87577,29893,22133,104,0,SAFE,11.6402
mid,1445,48.166667,1,48.170398,92820,33262,23997,75,0,SAFE,19.1362
mid,1446,48.200000,1,48.198800,90165,32003,23159,81,0,SAFE,20.5025
mid,1447,48.233333,1,48.233903,94277,30978,21874,114,0,SAFE,28.6396
mid,1448,48.266667,1,48.266584,87569,30287,20595,141,0,SAFE,23.8217
mid,1449,48.300000,1,48.301546,93376,29374,22014,66,0,SAFE,18.2618
mid,1450,48.333333,1,48.330998,91901,32938,23218,95,0,SAFE,21.0686
mid,1451,48.366667,1,48.366377,85098,29195,21087,85,0,SAFE,22.0641
mid,1452,48.400000,1,48.401754,100305,33696,22706,83,0,SAFE,17.4956
mid,1453,48.433333,1,48.434091,91074,31884,20773,101,0,SAFE,17.0537
mid,1454,48.466667,1,48.467388,89689,28501,19962,77,0,SAFE,17.6784
mid,1455,48.500000,1,48.501699,97935,33779,24996,97,0,SAFE,17.2340
mid,1456,48.533333,1,48.535627,100530,33461,24203,83,0,SAFE,21.9592
mid,1457,48.566667,1,48.563382,88649,30588,20823,67,0,SAFE,19.6411
mid,1458,48.600000,1,48.601834,98166,35395,26531,114,0,SAFE,18.5652
mid,1459,48.633333,1,48.633199,97445,32279,23543,101,0,SAFE,18.4193
mid,1460,48.666667,1,48.667810,80627,27673,19859,42,0,SAFE,17.2877
mid,1461,48.700000,1,48.699987,96316,31496,22982,102,0,SAFE,24.8614
mid,1462,48.733333,1,48.733382,96331,31830,22563,78,0,SAFE,18.0150
mid,1463,48.766667,1,48.763293,94802,31773,23576,71,0,SAFE,25.0039
mid,1464,48.800000,1,48.802847,97377,33393,24916,58,0,SAFE,16.0378
mid,1465,48.833333,1,48.834572,98686,34831,25791,120,1,SAFE_TRANSIENT_CLUSTER,20.2286
mid,1466,48.866667,1,48.867575,92601,30359,21257,110,0,SAFE,15.4426
mid,1467,48.900000,1,48.899282,92873,29221,20186,96,0,SAFE,21.4838
mid,1468,48.933333,1,48.934577,94077,32019,23898,77,0,SAFE,12.9823
mid,1469,48.966667,1,48.964450,89857,29349,21593,84,0,SAFE,21.8843
mid,1470,49.000000,1,48.997809,92934,30324,22896,92,0,SAFE,24.2450
mid,1471,49.033333,1,49.035153,86638,28417,19517,92,0,SAFE,21.2052
mid,1472,49.066667,1,49.068528,94195,31746,22368,72,0,SAFE,18.6067
mid,1473,49.100000,1,49.100138,93619,33112,23351,82,0,SAFE,15.3322
mid,1474,49.133333,1,49.131779,86518,30002,21729,125,0,SAFE,18.9026
mid,1475,49.166667,1,49.164797,88680,33850,23967,78,0,SAFE,17.0635
mid,1476,49.200000,1,49.199829,87631,31116,22716,92,0,SAFE,12.7713
mid,1477,49.233333,1,49.235369,97158,35205,24630,99,0,SAFE,19.6574
mid,1478,49.266667,1,49.262559,96836,31730,22414,69,0,SAFE,11.3719
mid,1479,49.300000,1,49.297289,94805,32261,22772,74,0,SAFE,20.2039
mid,1480,49.333333,1,49.335298,86709,28927,21237,65,0,SAFE,22.7152
mid,1481,49.366667,1,49.367979,94419,32735,24678,88,0,SAFE,14.8879
mid,1482,49.400000,1,49.403133,91532,30870,22301,86,1,SAFE_TRANSIENT_CLUSTER,19.1933
mid,1483,49.433333,1,49.431885,87380,31360,23547,132,0,SAFE,15.3838
mid,1484,49.466667,1,49.466358,89033,29876,22335,81,0,SAFE,18.1078
mid,1485,49.500000,1,49.500185,84820,29991,22084,100,0,SAFE,27.7818
mid,1486,49.533333,1,49.530671,98995,32133,23087,64,0,SAFE,18.2247
mid,1487,49.566667,1,49.567746,98624,34576,24742,109,0,SAFE,15.6232
mid,1488,49.600000,1,49.599160,102823,34755,25578,91,0,SAFE,17.9491
mid,1489,49.633333,1,49.634210,94977,33029,23306,84,0,SAFE,16.0252
mid,1490,49.666667,1,49.665870,93645,35019,24809,109,0,SAFE,22.6979
mid,1491,49.700000,1,49.702401,85746,28211,21397,86,0,SAFE,22.3075
mid,1492,49.733333,1,49.734223,91828,31713,23268,61,0,SAFE,16.4243
mid,1493,49.766667,1,49.765155,94465,31854,23187,76,0,SAFE,20.4904
mid,1494,49.800000,1,49.799088,79535,25548,18353,83,0,SAFE,21.2984
mid,1495,49.833333,1,49.833305,96956,31640,21741,58,0,SAFE,19.0503
mid,1496,49.866667,1,49.865956,95763,34890,24177,105,0,SAFE,20.0980
mid,1497,49.900000,1,49.901531,94566,31514,21768,123,0,SAFE,18.3731
mid,1498,49.933333,1,49.933343,90587,32146,23738,42,0,SAFE,17.2741
mid,1499,49.966667,1,49.968881,86236,28048,20619,76,0,SAFE,24.4687
mid,1500,50.000000,1,50.000281,91595,29587,20119,84,0,SAFE,14.0771
mid,1501,50.033333,1,50.035646,92594,31525,24546,69,0,SAFE,24.0188
mid,1502,50.066667,1,50.062874,85685,27626,20626,113,0,SAFE,13.6312
mid,1503,50.100000,1,50.103174,98718,32651,22805,89,0,SAFE,22.1844
mid,1504,50.133333,1,50.130812,100646,35748,24838,73,0,SAFE,20.4735
mid,1505,50.166667,1,50.169150,94885,32157,24164,73,0,SAFE,19.5143
mid,1506,50.200000,1,50.201280,95776,32614,23331,93,0,SAFE,16.3032
mid,1507,50.233333,1,50.234080,91395,30336,21299,60,0,SAFE,29.0654
mid,1508,50.266667,1,50.268238,86201,28443,21001,78,0,SAFE,23.2127
mid,1509,50.300000,1,50.300767,90868,31407,22187,69,0,SAFE,23.1112
mid,1510,50.333333,1,50.331329,94257,32488,22105,90,0,SAFE,11.1465
mid,1511,50.366667,1,50.366753,89522,33343,24360,67,0,SAFE,26.0613
mid,1512,50.400000,1,50.400080,100398,34186,25600,89,0,SAFE,18.9037
mid,1513,50.433333,1,50.433462,94621,32163,23361,70,0,SAFE,26.2313
mid,1514,50.466667,1,50.470814,86671,30064,21932,113,0,SAFE,19.8619
mid,1515,50.500000,1,50.500866,92638,31798,23790,82,0,SAFE,24.5945
mid,1516,50.533333,1,50.530875,98483,34786,26058,90,0,SAFE,22.0145
mid,1517,50.566667,1,50.565898,89814,31332,22395,72,1,SAFE_TRANSIENT_CLUSTER,16.0205
mid,1518,50.600000,1,50.599918,92179,30532,22769,80,0,SAFE,21.9234
mid,1519,50.633333,1,50.635359,96998,32346,23371,93,0,SAFE,22.0070
mid,1520,50.666667,1,50.668037,92904,30387,20620,89,0,SAFE,16.3994
mid,1521,50.700000,1,50.699167,92091,29269,20829,88,0,SAFE,20.0146
mid,1522,50.733333,1,50.732094,92176,31300,22550,130,0,SAFE,22.5470
mid,1523,50.766667,1,50.765838,88050,32299,24382,93,0,SAFE,18.1558
mid,1524,50.800000,1,50.799891,91724,31632,23008,69,0,SAFE,20.5272
mid,1525,50.833333,1,50.832881,93420,33034,25391,75,0,SAFE,26.2285
mid,1526,50.866667,1,50.866408,100519,37310,25549,82,0,SAFE,14.6934
mid,1527,50.900000,1,50.902536,93059,32472,22480,92,0,SAFE,21.8742
mid,1528,50.933333,1,50.932273,89372,33437,25099,89,0,SAFE,24.6057
mid,1529,50.966667,1,50.967435,91251,31392,21573,90,0,SAFE,22.2268
mid,1530,51.000000,1,51.002859,95064,29625,20765,105,0,SAFE,16.1046
mid,1531,51.033333,1,51.031871,94524,33617,24078,126,0,SAFE,21.1509
mid,1532,51.066667,1,51.067699,97567,36327,27045,83,0,SAFE,14.7597
mid,1533,51.100000,1,51.099822,94690,33666,24626,81,0,SAFE,17.5454
mid,1534,51.133333,1,51.136980,100869,33549,23989,106,0,SAFE,22.3796
mid,1535,51.166667,1,51.164094,93430,30526,22924,70,0,SAFE,22.0499
mid,1536,51.200000,1,51.198338,91687,31747,24006,60,0,SAFE,16.7826
mid,1537,51.233333,1,51.233109,84619,29059,19388,83,0,SAFE,20.7252
mid,1538,51.266667,1,51.268408,91970,33166,23906,104,0,SAFE,18.8976
mid,1539,51.300000,1,51.298367,98929,34113,24039,77,0,SAFE,18.7358
mid,1540,51.333333,1,51.332232,92725,30917,22940,91,0,SAFE,20.7815
mid,1541,51.366667,1,51.364989,88761,31565,21864,110,0,SAFE,20.0992
mid,1542,51.400000,1,51.402617,89524,30104,21767,60,0,SAFE,24.4150
mid,1543,51.433333,1,51.430576,92825,30248,23205,97,0,SAFE,13.5393
mid,1544,51.466667,1,51.465598,91969,31624,21934,72,0,SAFE,20.2714
mid,1545,51.500000,1,51.504658,85767,30549,21864,120,0,SAFE,22.1741
mid,1546,51.533333,1,51.532482,88460,26582,18426,96,0,SAFE,18.4046
mid,1547,51.566667,1,51.565993,91225,33158,23857,109,0,SAFE,15.8456
mid,1548,51.600000,1,51.599772,85812,27142,19222,97,0,SAFE,24.0157
mid,1549,51.633333,1,51.634337,97561,32992,24565,99,0,SAFE,21.9701
mid,1550,51.666667,1,51.666226,85792,28295,20699,70,0,SAFE,17.9985
mid,1551,51.700000,1,51.697592,100147,34606,25426,106,0,SAFE,23.3674
mid,1552,51.733333,1,51.733942,93757,31696,24143,76,0,SAFE,12.4169
mid,1553,51.766667,0,51.769864,95816,33178,23451,100,0,SAFE,17.7928
mid,1554,51.800000,1,51.797378,97049,30720,21640,70,0,SAFE,17.1436
mid,1555,51.833333,1,51.836926,89168,30938,21707,121,0,SAFE,24.3177
mid,1556,51.866667,1,51.866906,90629,32856,22973,101,0,SAFE,20.0608
mid,1557,51.900000,1,51.900064,99744,31717,22641,102,0,SAFE,25.8346
mid,1558,51.933333,1,51.931785,91371,29928,20842,57,0,SAFE,17.1206
mid,1559,51.966667,1,51.967477,92885,31985,22342,87,0,SAFE,20.8812
mid,1560,52.000000,1,51.997764,99065,35644,25545,74,0,SAFE,24.0080
mid,1561,52.033333,1,52.032922,97191,34077,23441,114,0,SAFE,21.0234
mid,1562,52.066667,1,52.066617,87587,30332,21455,87,0,SAFE,19.4167
mid,1563,52.100000,1,52.102966,93301,32831,24485,83,0,SAFE,28.3896
mid,1564,52.133333,1,52.132259,104177,32745,23511,86,0,SAFE,15.1528
mid,1565,52.166667,1,52.166369,89415,30693,23063,89,1,SAFE_TRANSIENT_CLUSTER,18.4553
mid,1566,52.200000,1,52.200947,88074,30872,22756,33,0,SAFE,16.7006
mid,1567,52.233333,1,52.231056,91177,31834,22588,84,0,SAFE,16.3932
mid,1568,52.266667,1,52.266353,95530,28742,20958,55,0,SAFE,19.4819
mid,1569,52.300000,1,52.299957,91329,31672,22305,74,0,SAFE,18.5073
mid,1570,52.333333,1,52.333119,91536,30729,22315,92,0,SAFE,14.3906
mid,1571,52.366667,1,52.365865,95560,33353,23115,68,0,SAFE,22.1749
mid,1572,52.400000,1,52.401076,91044,30186,22103,79,0,SAFE,17.2159
mid,1573,52.433333,1,52.432898,94148,31247,21920,69,0,SAFE,21.7789
mid,1574,52.466667,1,52.468103,88176,29547,21305,76,0,SAFE,17.2501
mid,1575,52.500000,1,52.505052,91423,30468,21650,99,0,SAFE,19.0217
mid,1576,52.533333,1,52.531288,85168,28026,19516,101,0,SAFE,24.1469
mid,1577,52.566667,1,52.568522,89645,30036,21191,95,0,SAFE,28.4484
mid,1578,52.600000,1,52.603601,94546,32858,23585,89,0,SAFE,14.9497
mid,1579,52.633333,1,52.634668,79585,27343,19950,67,0,SAFE,21.9792
mid,1580,52.666667,1,52.665790,89853,30951,22380,71,0,SAFE,19.7846
mid,1581,52.700000,1,52.700193,86969,29315,20342,75,0,SAFE,18.3001
mid,1582,52.733333,1,52.731398,100580,35429,25389,76,0,SAFE,16.3457
mid,1583,52.766667,1,52.768284,96857,33194,24415,106,0,SAFE,16.2087
mid,1584,52.800000,1,52.799609,90778,31607,24006,98,0,SAFE,18.8585
mid,1585,52.833333,1,52.835517,84449,31279,23428,85,0,SAFE,21.9425
mid,1586,52.866667,1,52.870192,95180,31576,24609,82,0,SAFE,22.3587
mid,1587,52.900000,1,52.898896,91327,30956,21656,84,0,SAFE,16.8827
mid,1588,52.933333,1,52.932156,100434,33869,25675,76,1,SAFE_TRANSIENT_CLUSTER,14.3556
mid,1589,52.966667,1,52.966649,92063,30771,22246,81,0,SAFE,18.8251
mid,1590,53.000000,1,52.998718,88252,26828,19018,113,0,SAFE,12.2575
mid,1591,53.033333,1,53.033081,94122,29295,21790,96,0,SAFE,25.0846
mid,1592,53.066667,1,53.063862,99216,33625,22599,64,0,SAFE,16.0677
mid,1593,53.100000,1,53.099295,94974,31365,23433,59,0,SAFE,26.7073
mid,1594,53.133333,1,53.131260,87791,30370,22769,79,0,SAFE,20.2044
mid,1595,53.166667,1,53.164477,88481,30559,22174,52,0,SAFE,11.9994
mid,1596,53.200000,1,53.201205,92512,27042,18958,76,0,SAFE,18.7070
mid,1597,53.233333,1,53.232871,90057,30534,22530,74,0,SAFE,20.2401
mid,1598,53.266667,1,53.268249,90948,31428,23209,84,0,SAFE,22.6627
mid,1599,53.300000,1,53.297544,90197,29082,20780,106,0,SAFE,20.7865
mid,1600,53.333333,1,53.333810,98181,33620,25471,103,0,SAFE,22.5083
mid,1601,53.366667,1,53.363345,91023,30872,22924,110,0,SAFE,12.7748
mid,1602,53.400000,1,53.400691,95737,31183,21869,77,0,SAFE,17.7470
mid,1603,53.433333,1,53.431999,96052,33143,24267,48,0,SAFE,21.7516
mid,1604,53.466667,1,53.466991,92297,33248,25000,89,0,SAFE,24.1023
mid,1605,53.500000,1,53.501109,100427,35878,27664,76,0,SAFE,13.1058
mid,1606,53.533333,1,53.531016,90007,32559,23407,104,0,SAFE,20.1845
mid,1607,53.566667,1,53.564796,84846,26932,19748,70,0,SAFE,19.8181
mid,1608,53.600000,1,53.598106,95481,33492,23473,105,0,SAFE,18.1488
mid,1609,53.633333,1,53.634295,93478,35333,26635,75,0,SAFE,15.3553
mid,1610,53.666667,1,53.664554,90426,28396,19839,76,0,SAFE,15.4540
mid,1611,53.700000,1,53.700647,85187,29258,20812,90,0,SAFE,21.8472
mid,1612,53.733333,1,53.734739,90888,30045,21988,105,0,SAFE,14.8086
mid,1613,53.766667,1,53.765735,96033,33106,23357,80,0,SAFE,19.6566
mid,1614,53.800000,1,53.804220,91797,33015,24457,68,0,SAFE,20.6005
mid,1615,53.833333,1,53.831282,100423,35258,23499,114,0,SAFE,18.3349
mid,1616,53.866667,1,53.868199,96950,29091,20660,72,0,SAFE,21.6501
mid,1617,53.900000,1,53.900185,90796,29813,21694,64,0,SAFE,18.7710
mid,1618,53.933333,1,53.935032,94685,32150,23348,78,0,SAFE,17.7936
mid,1619,53.966667,1,53.965832,86398,29897,19354,102,0,SAFE,22.4995
mid,1620,54.000000,1,54.001049,90177,31144,21746,76,0,SAFE,22.6479
mid,1621,54.033333,1,54.036920,94918,32653,23023,99,0,SAFE,14.8263
mid,1622,54.066667,1,54.065567,96433,33082,23425,75,0,SAFE,14.4564
mid,1623,54.100000,1,54.098246,95065,30610,21237,47,0,SAFE,13.3358
mid,1624,54.133333,1,54.136510,89593,32524,22000,106,0,SAFE,17.9371
mid,1625,54.166667,1,54.170957,89670,29584,22983,112,0,SAFE,20.8746
mid,1626,54.200000,1,54.202098,95789,30915,22679,73,0,SAFE,14.8812
mid,1627,54.233333,1,54.231182,93774,34449,24532,97,0,SAFE,16.8787
mid,1628,54.266667,1,54.265796,95057,32251,23510,74,0,SAFE,20.2756
mid,1629,54.300000,1,54.299127,84879,28993,20450,102,0,SAFE,24.6502
mid,1630,54.333333,1,54.332076,91399,30595,22146,81,0,SAFE,18.5759
mid,1631,54.366667,1,54.369550,94691,28697,20915,89,0,SAFE,16.1197
mid,1632,54.400000,1,54.396243,82174,27205,20016,96,0,SAFE,12.4591
mid,1633,54.433333,1,54.431915,103054,35594,24758,49,0,SAFE,16.5119
mid,1634,54.466667,1,54.465832,91516,31693,22099,74,0,SAFE,14.3624
mid,1635,54.500000,1,54.500566,96796,30950,21595,75,0,SAFE,19.9456
mid,1636,54.533333,1,54.534026,94717,30785,23107,97,0,SAFE,18.6596
mid,1637,54.566667,1,54.563779,94676,33508,24866,53,0,SAFE,23.6163
mid,1638,54.600000,1,54.602698,89861,31579,20557,101,0,SAFE,27.3355
mid,1639,54.633333,1,54.635312,97780,33501,24540,96,0,SAFE,14.1166
mid,1640,54.666667,1,54.669251,96825,31811,22540,72,0,SAFE,14.9037
mid,1641,54.700000,1,54.699905,94643,33370,23797,110,0,SAFE,18.2474
mid,1642,54.733333,1,54.735712,91141,31443,23403,64,0,SAFE,22.1068
mid,1643,54.766667,1,54.765173,94526,32432,23058,62,0,SAFE,23.2484
mid,1644,54.800000,1,54.802157,93279,31010,22957,89,0,SAFE,14.4928
mid,1645,54.833333,1,54.832418,86681,28640,20160,102,0,SAFE,17.3155
mid,1646,54.866667,1,54.867545,91623,31816,22201,79,0,SAFE,17.3604
mid,1647,54.900000,1,54.900620,99208,33833,25810,93,0,SAFE,15.0843
mid,1648,54.933333,1,54.935203,88148,28435,21424,65,0,SAFE,22.2207
mid,1649,54.966667,1,54.964534,90157,29296,20729,55,0,SAFE,17.0293
mid,1650,55.000000,1,55.002010,92928,30214,21732,89,0,SAFE,18.4507
mid,1651,55.033333,1,55.032543,95663,29067,20727,81,0,SAFE,21.3477
mid,1652,55.066667,1,55.064257,89755,29149,20717,137,0,SAFE,21.5999
mid,1653,55.100000,1,55.102841,96111,31898,22584,79,0,SAFE,18.0968
mid,1654,55.133333,1,55.131469,87340,29085,21039,113,0,SAFE,13.8488
mid,1655,55.166667,1,55.168298,88900,30893,22672,77,0,SAFE,18.5543
mid,1656,55.200000,1,55.201204,89712,30160,20974,49,0,SAFE,18.4617
mid,1657,55.233333,1,55.230027,89935,31715,20831,101,0,SAFE,21.9228
mid,1658,55.266667,1,55.261969,100437,35011,24270,96,0,SAFE,21.8879
mid,1659,55.300000,1,55.300485,92400,29920,21439,66,0,SAFE,17.4303
mid,1660,55.333333,1,55.335043,85775,29689,21467,87,0,SAFE,15.4147
mid,1661,55.366667,1,55.366345,89711,30572,21051,81,0,SAFE,21.9680
mid,1662,55.400000,1,55.401005,93444,29247,21219,117,0,SAFE,22.4793
mid,1663,55.433333,1,55.430800,92205,28889,21679,78,0,SAFE,16.3191
mid,1664,55.466667,1,55.467036,94467,35567,25551,80,0,SAFE,21.3695
mid,1665,55.500000,1,55.499373,100896,33610,24046,64,0,SAFE,17.6236
mid,1666,55.533333,1,55.532050,102532,35660,25594,64,0,SAFE,17.6003
mid,1667,55.566667,1,55.569757,95874,30156,21654,76,0,SAFE,19.6250
mid,1668,55.600000,1,55.598547,86371,30337,21601,115,0,SAFE,15.4735
mid,1669,55.633333,1,55.631570,90985,32208,24339,101,0,SAFE,22.9201
mid,1670,55.666667,1,55.668561,101708,34717,22973,93,0,SAFE,21.9559
mid,1671,55.700000,1,55.701921,93445,28953,20515,59,0,SAFE,24.1164
mid,1672,55.733333,1,55.729750,97533,32460,23384,74,0,SAFE,22.0916
mid,1673,55.766667,1,55.769566,95753,30829,21497,59,0,SAFE,20.4043
mid,1674,55.800000,1,55.801470,91452,30156,21374,112,0,SAFE,15.3578
mid,1675,55.833333,1,55.833164,92706,30295,22334,74,0,SAFE,25.3385
mid,1676,55.866667,1,55.867427,96822,34642,24547,97,0,SAFE,25.1553
mid,1677,55.900000,1,55.900589,90379,30797,22336,98,0,SAFE,13.9987
mid,1678,55.933333,1,55.933879,87139,29614,21916,112,0,SAFE,19.2912
mid,1679,55.966667,1,55.965898,94434,33097,25006,86,0,SAFE,8.9141
mid,1680,56.000000,1,55.997292,92480,31713,23030,76,0,SAFE,18.1473
mid,1681,56.033333,1,56.038183,92451,30915,21375,106,0,SAFE,18.4281
mid,1682,56.066667,1,56.066522,89682,28322,20886,80,0,SAFE,21.0127
mid,1683,56.100000,1,56.101758,95011,31334,22438,72,0,SAFE,17.8442
mid,1684,56.133333,1,56.134893,83898,28603,21035,96,0,SAFE,21.2359
mid,1685,56.166667,1,56.169238,82821,30723,22585,61,0,SAFE,17.3889
mid,1686,56.200000,1,56.199513,88805,30998,22271,102,0,SAFE,23.5252
mid,1687,56.233333,1,56.232702,96846,32303,24098,92,0,SAFE,16.5990
mid,1688,56.266667,1,56.268067,90801,29035,20552,110,0,SAFE,17.0972
mid,1689,56.300000,1,56.299724,92776,31475,22482,97,0,SAFE,25.8912
mid,1690,56.333333,1,56.331926,94126,31561,21690,79,0,SAFE,19.9475
mid,1691,56.366667,1,56.366925,98838,34889,25087,73,0,SAFE,19.0683
mid,1692,56.400000,1,56.403395,93312,30701,22090,91,0,SAFE,16.2696
mid,1693,56.433333,1,56.431795,93992,30925,22451,86,0,SAFE,20.7282
mid,1694,56.466667,1,56.468520,97245,31437,23835,67,0,SAFE,23.2543
mid,1695,56.500000,1,56.501072,86227,28630,20538,87,0,SAFE,20.3832
mid,1696,56.533333,1,56.533172,85294,28651,21166,109,0,SAFE,21.3147
mid,1697,56.566667,1,56.569758,85919,31210,23259,82,0,SAFE,24.6004
mid,1698,56.600000,1,56.600002,96614,33002,23149,79,0,SAFE,24.3652
mid,1699,56.633333,1,56.632882,93109,30567,23028,70,0,SAFE,26.0445
mid,1700,56.666667,1,56.667065,100784,34259,24595,112,0,SAFE,14.8496
mid,1701,56.700000,1,56.700581,83480,27063,19404,123,0,SAFE,18.3386
mid,1702,56.733333,1,56.730156,102454,35026,23867,91,0,SAFE,22.6969
mid,1703,56.766667,1,56.764837,97296,34264,23033,47,0,SAFE,24.6784
mid,1704,56.800000,1,56.800406,91382,31452,22582,96,0,SAFE,19.9544
mid,1705,56.833333,1,56.835646,92492,33787,24640,105,0,SAFE,12.9172
mid,1706,56.866667,1,56.865753,86606,31144,20576,71,0,SAFE,23.0085
mid,1707,56.900000,1,56.898897,92434,30000,23176,77,0,SAFE,20.9145
mid,1708,56.933333,1,56.933262,92301,31222,21915,95,0,SAFE,26.6276
mid,1709,56.966667,1,56.966022,97489,31303,21831,57,0,SAFE,19.0593
mid,1710,57.000000,1,57.003209,92554,31295,22309,96,0,SAFE,15.7711
mid,1711,57.033333,1,57.035304,85502,27907,19256,97,0,SAFE,15.8398
mid,1712,57.066667,1,57.064139,86772,28741,21119,119,0,SAFE,16.9521
mid,1713,57.100000,1,57.101824,91543,33917,23516,79,0,SAFE,19.8319
mid,1714,57.133333,1,57.131060,87406,29890,20900,116,0,SAFE,14.7754
mid,1715,57.166667,1,57.167773,91713,32597,23482,108,0,SAFE,23.2431
mid,1716,57.200000,1,57.197724,92605,33796,24649,76,0,SAFE,25.6825
mid,1717,57.233333,1,57.231322,91489,31728,22953,42,0,SAFE,19.0214
mid,1718,57.266667,1,57.267261,88557,31151,20795,89,0,SAFE,21.3889
mid,1719,57.300000,1,57.302078,95176,33420,24041,82,0,SAFE,18.9267
mid,1720,57.333333,1,57.333087,87468,30702,23205,109,0,SAFE,12.8375
mid,1721,57.366667,1,57.367879,94978,33080,23934,115,0,SAFE,18.1358
mid,1722,57.400000,1,57.400117,87247,30484,21346,126,0,SAFE,16.1364
mid,1723,57.433333,1,57.434425,97753,33498,24192,111,0,SAFE,15.5737
mid,1724,57.466667,1,57.462756,93112,30529,20966,122,0,SAFE,20.8593
mid,1725,57.500000,1,57.498669,90441,30181,22393,96,0,SAFE,16.8273
mid,1726,57.533333,1,57.534194,83309,27097,20575,61,0,SAFE,16.1381
mid,1727,57.566667,1,57.565682,81509,27816,20330,126,0,SAFE,24.7797
mid,1728,57.600000,1,57.599593,89819,31562,22632,104,0,SAFE,23.7901
mid,1729,57.633333,1,57.628535,93966,31163,22245,80,0,SAFE,25.3994
mid,1730,57.666667,1,57.667523,91638,32344,24360,111,0,SAFE,19.6531
mid,1731,57.700000,1,57.700417,87670,26241,18574,115,0,SAFE,18.0543
mid,1732,57.733333,1,57.731384,96879,31476,23169,80,0,SAFE,19.0682
mid,1733,57.766667,1,57.765936,92004,29815,21496,111,0,SAFE,18.4888
mid,1734,57.800000,1,57.798187,78777,26796,20441,63,0,SAFE,19.6940
mid,1735,57.833333,1,57.833387,85002,30027,22149,99,0,SAFE,24.7607
mid,1736,57.866667,1,57.867152,98956,35966,26014,95,0,SAFE,16.1257
mid,1737,57.900000,1,57.899693,92572,32746,23901,98,0,SAFE,17.8627
mid,1738,57.933333,1,57.930549,95420,31608,22545,34,0,SAFE,18.4011
mid,1739,57.966667,1,57.962929,88535,29715,21453,63,0,SAFE,18.4098
mid,1740,58.000000,1,57.997966,89268,29840,22364,107,0,SAFE,20.8863
mid,1741,58.033333,1,58.031468,82717,28680,19586,124,0,SAFE,23.2516
mid,1742,58.066667,1,58.062103,90547,31261,22940,102,0,SAFE,20.2778
mid,1743,58.100000,1,58.100520,85003,28377,20570,88,0,SAFE,15.2904
mid,1744,58.133333,1,58.135375,94603,29316,20762,82,0,SAFE,18.1968
mid,1745,58.166667,1,58.168449,95641,34450,25595,55,0,SAFE,27.1167
mid,1746,58.200000,1,58.201436,95610,31642,22674,88,0,SAFE,22.8096
mid,1747,58.233333,0,58.231976,94012,32363,24640,93,0,SAFE,25.5320
mid,1748,58.266667,1,58.267146,98259,31302,24330,70,0,SAFE,19.6619
mid,1749,58.300000,1,58.299876,92922,32386,23068,108,0,SAFE,19.2953
mid,1750,58.333333,1,58.331975,93736,32033,22493,94,0,SAFE,16.9830
mid,1751,58.366667,1,58.367938,99969,36232,25928,85,0,SAFE,18.9891
mid,1752,58.400000,1,58.397184,91870,33219,24528,114,0,SAFE,20.3546
mid,1753,58.433333,1,58.434611,88133,29243,22356,77,0,SAFE,19.5465
mid,1754,58.466667,1,58.469212,95438,33393,24101,76,0,SAFE,24.9043
mid,1755,58.500000,1,58.500258,91665,32393,23342,92,0,SAFE,19.5381
mid,1756,58.533333,1,58.528272,97464,34098,24804,109,0,SAFE,14.3516
mid,1757,58.566667,1,58.566185,90580,29880,20564,85,0,SAFE,18.8783
mid,1758,58.600000,1,58.600432,88931,32018,22220,117,0,SAFE,18.6783
mid,1759,58.633333,1,58.635351,94213,30705,21315,72,0,SAFE,25.6662
mid,1760,58.666667,1,58.669940,92835,31235,24061,113,0,SAFE,19.2513
mid,1761,58.700000,1,58.700843,86863,28210,19117,105,0,SAFE,23.1041
mid,1762,58.733333,1,58.731208,96974,34568,24408,74,0,SAFE,21.4131
mid,1763,58.766667,1,58.770794,86657,29825,22999,42,0,SAFE,23.3651
mid,1764,58.800000,1,58.801088,101800,34018,23866,69,0,SAFE,20.5542
mid,1765,58.833333,1,58.833649,91756,32477,23501,69,0,SAFE,23.3055
mid,1766,58.866667,1,58.863250,91339,31622,22885,64,0,SAFE,21.5576
mid,1767,58.900000,1,58.899468,94710,34250,23156,90,0,SAFE,11.9923
mid,1768,58.933333,1,58.933822,93039,29850,22971,80,0,SAFE,16.4427
mid,1769,58.966667,1,58.965024,90914,30853,22410,74,0,SAFE,13.2531
mid,1770,59.000000,1,58.997386,87575,28225,20255,128,0,SAFE,22.9404
mid,1771,59.033333,1,59.036418,98743,34900,26448,108,0,SAFE,18.6967
mid,1772,59.066667,1,59.064271,94885,34521,24205,87,0,SAFE,14.3930
mid,1773,59.100000,1,59.095756,93828,32872,24962,136,0,SAFE,14.6993
mid,1774,59.133333,1,59.132845,89579,31007,22687,60,0,SAFE,21.1896
mid,1775,59.166667,1,59.167856,98212,33187,24562,91,0,SAFE,15.7262
mid,1776,59.200000,1,59.200194,102669,33357,23235,88,0,SAFE,22.4072
mid,1777,59.233333,1,59.229750,93880,31202,22229,111,0,SAFE,21.8747
mid,1778,59.266667,1,59.264634,94478,32002,24672,86,0,SAFE,22.6668
mid,1779,59.300000,1,59.301923,95317,32354,22729,76,0,SAFE,18.0748
mid,1780,59.333333,1,59.331809,89574,28642,20371,97,0,SAFE,21.3329
mid,1781,59.366667,1,59.367695,96992,34171,25217,105,0,SAFE,15.5845
mid,1782,59.400000,1,59.396583,96207,32049,22751,108,0,SAFE,16.6628
mid,1783,59.433333,1,59.434530,99158,31545,22457,76,0,SAFE,14.4022
mid,1784,59.466667,1,59.465318,85272,28206,20195,105,0,SAFE,17.4547
mid,1785,59.500000,1,59.500470,94547,32490,23642,107,0,SAFE,21.5686
mid,1786,59.533333,1,59.533683,93766,30486,20990,69,0,SAFE,21.2408
mid,1787,59.566667,1,59.566762,100810,33722,24503,62,0,SAFE,23.0981
mid,1788,59.600000,1,59.599897,102926,34510,24162,79,0,SAFE,21.2198
mid,1789,59.633333,1,59.633653,90244,28932,20871,68,0,SAFE,17.2296
mid,1790,59.666667,1,59.666172,92448,33810,25041,109,0,SAFE,26.6194
mid,1791,59.700000,1,59.701863,94506,31242,23096,95,0,SAFE,16.4439
mid,1792,59.733333,1,59.733488,96073,30689,21983,74,0,SAFE,15.7480
mid,1793,59.766667,1,59.767652,88556,30011,21390,84,0,SAFE,16.1304
mid,1794,59.800000,1,59.798092,97578,31506,22637,104,0,SAFE,13.5309
mid,1795,59.833333,1,59.833114,101331,33413,24337,73,0,SAFE,19.0630
mid,1796,59.866667,1,59.866170,97664,34429,24439,81,0,SAFE,14.9902
mid,1797,59.900000,1,59.899606,93957,30676,22143,85,0,SAFE,17.8135
mid,1798,59.933333,1,59.933382,92685,29846,21388,64,0,SAFE,20.5639
mid,1799,59.966667,1,59.963706,91530,33685,23001,77,0,SAFE,15.4467
goal,0,0.000000,1,0.002717,94605,33616,24407,101,0,SAFE,22.5302
goal,1,0.033333,1,0.031138,93797,33207,24572,106,0,SAFE,19.5175
goal,2,0.066667,1,0.066870,91499,31623,23440,138,0,SAFE,18.8446
goal,3,0.100000,1,0.098223,91938,31563,23087,121,0,SAFE,16.9201
goal,4,0.133333,1,0.135115,87439,32402,22989,140,0,SAFE,17.8616
goal,5,0.166667,1,0.166071,89475,31381,22499,68,0,SAFE,24.2377
goal,6,0.200000,1,0.202070,95698,32026,23162,96,0,SAFE,27.3801
goal,7,0.233333,1,0.234373,93467,32654,24185,101,0,SAFE,23.3928
goal,8,0.266667,1,0.267049,93073,33005,24749,108,0,SAFE,11.3917
goal,9,0.300000,1,0.298934,88813,30654,21632,115,0,SAFE,20.5184
goal,10,0.333333,1,0.330587,89597,29713,20195,108,0,SAFE,24.5757
goal,11,0.366667,1,0.366910,94067,34152,24048,93,0,SAFE,16.7620
goal,12,0.400000,1,0.396978,90024,30532,21970,85,0,SAFE,18.8685
goal,13,0.433333,1,0.431991,98054,33316,23596,107,0,SAFE,23.8008
goal,14,0.466667,1,0.465223,87987,31662,22963,114,0,SAFE,15.3999
goal,15,0.500000,1,0.500589,94955,31486,22837,83,0,SAFE,22.8867
goal,16,0.533333,1,0.533802,98082,34606,24908,95,0,SAFE,19.0937
goal,17,0.566667,1,0.567822,95521,30947,21651,94,0,SAFE,20.5929
goal,18,0.600000,0,0.600073,93576,31543,23291,107,0,SAFE,27.8923
goal,19,0.633333,1,0.634805,85788,28905,22821,93,0,SAFE,17.6397
goal,20,0.666667,1,0.667064,86979,30884,24148,105,0,SAFE,21.4100
goal,21,0.700000,1,0.697950,96648,34227,24984,89,0,SAFE,19.3242
goal,22,0.733333,1,0.733457,90487,32874,23570,145,0,SAFE,18.5564
goal,23,0.766667,1,0.766788,91862,30044,22346,93,0,SAFE,20.0839
goal,24,0.800000,1,0.802981,92430,30028,21111,117,0,SAFE,18.6809
goal,25,0.833333,1,0.829485,94813,31101,23700,88,0,SAFE,20.3980
goal,26,0.866667,1,0.866695,83025,30730,21400,73,0,SAFE,17.5280
goal,27,0.900000,1,0.899054,93393,32422,21819,93,0,SAFE,19.6083
goal,28,0.933333,1,0.932104,86631,28881,19342,129,0,SAFE,26.4879
goal,29,0.966667,1,0.964964,99893,35464,25975,66,0,SAFE,23.8965
goal,30,1.000000,1,1.003648,92042,31318,23308,131,0,SAFE,24.8377
goal,31,1.033333,1,1.032031,91043,31455,23442,83,0,SAFE,22.4381
goal,32,1.066667,0,1.067814,96444,30476,22697,90,0,SAFE,21.9923
goal,33,1.100000,1,1.098102,88432,28701,20383,105,0,SAFE,19.3502
goal,34,1.133333,1,1.128621,93090,30341,22137,90,0,SAFE,20.1082
goal,35,1.166667,1,1.166495,95558,31959,23776,118,0,SAFE,21.1429
goal,36,1.200000,1,1.201148,90054,31208,22055,94,0,SAFE,30.8084
goal,37,1.233333,1,1.233523,93610,32459,24363,141,0,SAFE,20.6964
goal,38,1.266667,1,1.270058,82694,26721,19343,123,0,SAFE,22.1065
goal,39,1.300000,1,1.301942,102352,31707,22594,122,0,SAFE,18.3092
goal,40,1.333333,1,1.331421,87113,27913,18621,109,0,SAFE,18.5856
goal,41,1.366667,1,1.365050,89013,31053,21941,101,0,SAFE,16.7161
goal,42,1.400000,1,1.398817,92852,31575,23356,58,0,SAFE,18.4117
goal,43,1.433333,1,1.431483,96819,34375,25630,127,0,SAFE,18.5278
goal,44,1.466667,1,1.468620,90082,30961,23103,77,0,SAFE,23.2682
goal,45,1.500000,1,1.501833,96515,32183,23172,72,0,SAFE,23.1062
goal,46,1.533333,1,1.531613,88758,30065,22741,113,0,SAFE,23.3206
goal,47,1.566667,1,1.566057,94041,30634,22043,72,0,SAFE,14.3605
goal,48,1.600000,1,1.598207,88765,27098,20333,93,0,SAFE,24.0486
goal,49,1.633333,1,1.633414,94993,31429,23099,103,0,SAFE,23.6849
goal,50,1.666667,1,1.668669,91139,29411,22540,95,0,SAFE,19.3343
goal,51,1.700000,1,1.700305,89102,29322,20376,128,0,SAFE,11.6808
goal,52,1.733333,1,1.734376,90461,29783,20655,105,0,SAFE,17.7433
goal,53,1.766667,1,1.766144,92603,31602,22254,74,0,SAFE,25.9844
goal,54,1.800000,1,1.798969,90252,30096,21890,96,0,SAFE,20.5630
goal,55,1.833333,1,1.832212,92271,28267,20725,68,0,SAFE,21.6840
goal,56,1.866667,1,1.872376,94256,33200,23149,100,0,SAFE,16.4307
goal,57,1.900000,1,1.894528,93445,33274,24745,105,0,SAFE,23.9763
goal,58,1.933333,1,1.931685,95628,30675,21128,105,0,SAFE,20.0641
goal,59,1.966667,1,1.962932,86830,27136,19313,120,0,SAFE,25.3023
goal,60,2.000000,1,2.001637,87869,28296,19648,117,0,SAFE,20.6529
goal,61,2.033333,1,2.031289,90262,33491,23766,80,0,SAFE,20.5705
goal,62,2.066667,1,2.068018,87292,29796,21734,76,0,SAFE,20.1959
goal,63,2.100000,1,2.100000,97186,32954,23621,100,1,SAFE_TRANSIENT_CLUSTER,19.1006
goal,64,2.133333,1,2.130595,97894,34944,26921,105,0,SAFE,24.8040
goal,65,2.166667,1,2.167314,95639,30264,21996,120,0,SAFE,21.3911
goal,66,2.200000,1,2.202871,93149,30885,20065,110,0,SAFE,22.4023
goal,67,2.233333,1,2.233717,89567,30292,21893,95,0,SAFE,16.1770
goal,68,2.266667,1,2.266185,87167,29854,21299,125,1,SAFE_TRANSIENT_CLUSTER,21.6117
goal,69,2.300000,1,2.300008,97282,32374,24346,87,0,SAFE,23.3842
goal,70,2.333333,1,2.333172,87771,30793,22343,98,0,SAFE,18.1980
goal,71,2.366667,1,2.364796,92119,33996,23947,101,0,SAFE,26.6643
goal,72,2.400000,1,2.398575,94791,32044,22663,90,0,SAFE,21.3234
goal,73,2.433333,1,2.434465,107149,37410,26737,85,0,SAFE,13.8193
goal,74,2.466667,1,2.464056,89976,29773,21847,119,0,SAFE,20.8515
goal,75,2.500000,1,2.499701,90987,30146,21984,106,0,SAFE,16.1107
goal,76,2.533333,1,2.533741,88560,28955,22832,98,0,SAFE,18.0534
goal,77,2.566667,1,2.567005,103257,34309,23845,65,0,SAFE,29.1767
goal,78,2.600000,1,2.598871,90493,30664,22346,53,0,SAFE,23.3203
goal,79,2.633333,1,2.632659,92930,29723,20911,165,0,SAFE,14.7150
goal,80,2.666667,1,2.665891,91570,32758,24466,62,0,SAFE,16.7310
goal,81,2.700000,1,2.703802,87490,31726,22837,98,0,SAFE,23.8580
goal,82,2.733333,1,2.732549,94489,32768,23675,86,0,SAFE,24.6844
goal,83,2.766667,1,2.767643,90545,29273,19774,129,0,SAFE,20.1884
goal,84,2.800000,1,2.800850,93284,32801,23064,109,0,SAFE,22.4448
goal,85,2.833333,1,2.835784,96489,32749,23200,122,0,SAFE,13.3517
goal,86,2.866667,1,2.866351,94045,32874,24541,103,0,SAFE,23.5864
goal,87,2.900000,1,2.898671,99599,36176,26099,84,0,SAFE,25.7332
goal,88,2.933333,1,2.929645,82154,26775,18319,96,0,SAFE,13.4527
goal,89,2.966667,1,2.963873,88291,31975,23302,138,0,SAFE,18.4696
goal,90,3.000000,1,3.000344,86493,28898,20308,58,0,SAFE,15.7766
goal,91,3.033333,1,3.037705,98810,37583,25987,127,0,SAFE,18.3104
goal,92,3.066667,1,3.067320,87648,28256,20751,85,0,SAFE,23.8970
goal,93,3.100000,1,3.097485,93385,30291,21372,115,0,SAFE,21.9955
goal,94,3.133333,1,3.136397,92337,31433,23409,64,0,SAFE,24.6374
goal,95,3.166667,1,3.168770,92978,31571,22639,94,0,SAFE,17.7835
goal,96,3.200000,1,3.201152,103487,33936,22384,122,0,SAFE,22.8370
goal,97,3.233333,1,3.234491,88792,33033,24530,85,0,SAFE,17.7120
goal,98,3.266667,1,3.265560,95919,33489,24495,128,0,SAFE,17.3995
goal,99,3.300000,1,3.299926,99856,32751,23433,61,0,SAFE,21.5964
goal,100,3.333333,1,3.334392,85413,28607,20607,92,0,SAFE,22.7953
goal,101,3.366667,1,3.365492,92995,30881,20717,132,0,SAFE,23.1201
goal,102,3.400000,1,3.397253,87272,31256,20827,103,0,SAFE,16.9365
goal,103,3.433333,1,3.433660,89424,28538,20483,73,0,SAFE,26.7113
goal,104,3.466667,1,3.470720,95677,30553,22007,114,0,SAFE,15.0678
goal,105,3.500000,1,3.499240,91215,32900,22688,84,0,SAFE,20.9495
goal,106,3.533333,1,3.534296,91129,31288,22173,95,0,SAFE,19.7501
goal,107,3.566667,1,3.565618,96052,33971,23024,121,0,SAFE,21.8278
goal,108,3.600000,1,3.599486,94459,33690,25584,115,0,SAFE,20.0779
goal,109,3.633333,1,3.632095,83336,26660,18937,96,0,SAFE,25.6651
goal,110,3.666667,1,3.663749,88672,30232,22426,105,0,SAFE,23.1296
goal,111,3.700000,1,3.702669,99963,32698,22705,105,0,SAFE,25.5242
goal,112,3.733333,1,3.733554,93495,32029,22879,61,0,SAFE,27.1183
goal,113,3.766667,1,3.767289,101565,35152,24841,110,0,SAFE,27.4420
goal,114,3.800000,1,3.799450,84812,29201,21498,95,0,SAFE,22.8428
goal,115,3.833333,1,3.834154,92679,29346,21614,64,0,SAFE,16.1831
goal,116,3.866667,1,3.866998,98868,33147,24075,92,0,SAFE,22.7928
goal,117,3.900000,1,3.900825,95801,32773,24295,127,0,SAFE,19.5685
goal,118,3.933333,1,3.932325,103327,33422,23997,87,0,SAFE,21.3227
goal,119,3.966667,1,3.966816,90455,30006,22565,87,0,SAFE,22.3631
goal,120,4.000000,1,3.999445,96075,34745,25608,108,0,SAFE,18.4159
goal,121,4.033333,1,4.036122,107753,37014,27032,102,0,SAFE,20.0583
goal,122,4.066667,1,4.066971,89829,29561,20996,74,0,SAFE,28.2503
goal,123,4.100000,1,4.102529,90129,28290,20543,105,0,SAFE,19.4104
goal,124,4.133333,1,4.135989,98244,34920,24954,119,0,SAFE,22.2045
goal,125,4.166667,1,4.165350,98980,34474,25452,125,0,SAFE,20.0208
goal,126,4.200000,1,4.200023,97182,31607,21989,128,0,SAFE,24.0511
goal,127,4.233333,1,4.232631,90694,30270,20754,90,0,SAFE,21.5318
goal,128,4.266667,1,4.264992,91787,33448,23758,54,0,SAFE,15.9709
goal,129,4.300000,1,4.297561,91413,32029,22672,76,0,SAFE,26.4323
goal,130,4.333333,1,4.336376,94557,32581,22582,120,0,SAFE,25.4812
goal,131,4.366667,1,4.369160,86620,31795,24832,53,0,SAFE,24.3074
goal,132,4.400000,1,4.399821,91949,30893,23107,112,0,SAFE,19.2654
goal,133,4.433333,1,4.433664,95801,30579,21820,104,0,SAFE,23.9467
goal,134,4.466667,1,4.465092,87273,29552,21200,94,0,SAFE,28.2486
goal,135,4.500000,1,4.500194,95275,32079,22792,110,0,SAFE,17.5181
goal,136,4.533333,1,4.531432,89394,29803,21089,129,0,SAFE,24.2825
goal,137,4.566667,1,4.567540,88918,30955,22172,74,0,SAFE,19.4584
goal,138,4.600000,1,4.598324,89453,30808,21792,111,0,SAFE,18.2766
goal,139,4.633333,1,4.632303,100075,34255,25378,100,0,SAFE,26.9087
goal,140,4.666667,1,4.667041,89798,30286,21499,107,0,SAFE,23.0809
goal,141,4.700000,1,4.701204,96749,33525,24582,70,0,SAFE,15.3428
goal,142,4.733333,1,4.732817,85242,28867,20602,110,0,SAFE,19.8677
goal,143,4.766667,1,4.766994,81939,28886,21352,83,0,SAFE,15.5193
goal,144,4.800000,1,4.797883,103207,32941,23956,89,0,SAFE,19.6370
goal,145,4.833333,1,4.831877,89618,27950,19927,92,0,SAFE,17.3258
goal,146,4.866667,1,4.866509,93311,32728,24032,66,0,SAFE,23.6408
goal,147,4.900000,1,4.905096,90606,32292,22748,87,0,SAFE,21.9944
goal,148,4.933333,1,4.934881,93718,29133,21281,77,0,SAFE,19.8630
goal,149,4.966667,1,4.965030,95701,33824,25567,104,0,SAFE,28.0830
goal,150,5.000000,1,4.998670,88663,29925,22191,97,0,SAFE,23.8902
goal,151,5.033333,1,5.030370,91470,31074,22727,80,0,SAFE,17.6132
goal,152,5.066667,1,5.069304,93882,30218,22817,84,0,SAFE,19.0900
goal,153,5.100000,1,5.100108,94588,34044,24058,107,0,SAFE,22.3061
goal,154,5.133333,1,5.130465,95207,31004,22991,75,0,SAFE,21.5081
goal,155,5.166667,1,5.169044,93191,33979,23815,66,0,SAFE,21.9663
goal,156,5.200000,1,5.199137,96301,32252,23029,82,0,SAFE,26.2501
goal,157,5.233333,1,5.232376,90560,29990,21003,115,0,SAFE,13.0981
goal,158,5.266667,0,5.265435,89243,29511,21175,95,0,SAFE,24.2145
goal,159,5.300000,1,5.303555,92842,30566,21459,70,0,SAFE,22.3149
goal,160,5.333333,1,5.333183,95227,30657,23552,83,0,SAFE,23.1582
goal,161,5.366667,1,5.367162,88505,29941,21953,111,0,SAFE,18.2233
goal,162,5.400000,1,5.396836,91192,26696,18679,98,0,SAFE,17.3097
goal,163,5.433333,1,5.435933,88785,31665,22468,117,0,SAFE,19.0881
goal,164,5.466667,1,5.465045,80268,25612,19074,78,0,SAFE,19.1274
goal,165,5.500000,1,5.502195,87673,32327,24079,99,0,SAFE,20.9065
goal,166,5.533333,1,5.534544,95734,32746,22594,98,0,SAFE,23.1516
goal,167,5.566667,1,5.566320,95726,31600,22147,116,0,SAFE,21.8142
goal,168,5.600000,1,5.603828,93534,31315,22724,91,0,SAFE,19.3834
goal,169,5.633333,1,5.634648,96250,32629,23857,109,0,SAFE,25.7716
goal,170,5.666667,1,5.666977,92508,31235,24930,104,0,SAFE,23.5286
goal,171,5.700000,1,5.696628,98258,31461,21138,104,0,SAFE,16.3597
goal,172,5.733333,1,5.738336,92356,30958,20749,54,0,SAFE,14.6966
goal,173,5.766667,1,5.768787,95748,29439,20407,84,0,SAFE,24.9512
goal,174,5.800000,1,5.799941,95023,31247,21646,109,0,SAFE,20.2424
goal,175,5.833333,1,5.829834,100857,32874,22460,113,0,SAFE,19.4151
goal,176,5.866667,1,5.867998,97542,33807,24255,111,0,SAFE,21.3273
goal,177,5.900000,1,5.901711,92394,33314,24157,69,0,SAFE,23.7332
goal,178,5.933333,1,5.933919,91417,31385,22418,130,0,SAFE,24.9040
goal,179,5.966667,1,5.966053,103022,34265,24465,133,0,SAFE,22.1943
goal,180,6.000000,1,6.000651,97097,32698,24789,95,0,SAFE,20.1043
goal,181,6.033333,0,6.033107,89527,31206,23408,99,0,SAFE,24.3573
goal,182,6.066667,1,6.066193,93837,33791,24621,120,0,SAFE,11.6541
goal,183,6.100000,1,6.099426,98600,34456,24815,106,0,SAFE,17.5580
goal,184,6.133333,1,6.131616,97923,33322,24147,101,0,SAFE,21.3958
goal,185,6.166667,1,6.172689,93730,32780,23392,92,0,SAFE,19.1318
goal,186,6.200000,1,6.205345,87131,28324,18724,73,0,SAFE,19.7396
goal,187,6.233333,1,6.233532,96625,33462,24039,120,0,SAFE,19.9770
goal,188,6.266667,0,6.267635,97965,32220,22720,87,0,SAFE,26.0643
goal,189,6.300000,1,6.301210,96554,33728,23043,106,0,SAFE,20.3066
goal,190,6.333333,1,6.334580,89603,30194,21510,109,0,SAFE,24.5952
goal,191,6.366667,1,6.368992,95054,30068,21473,72,0,SAFE,23.1391
goal,192,6.400000,1,6.401981,92959,32409,23148,111,0,SAFE,12.0528
goal,193,6.433333,1,6.433432,93818,31343,22314,100,0,SAFE,20.0223
goal,194,6.466667,1,6.465852,100801,34051,27405,110,0,SAFE,27.0773
goal,195,6.500000,1,6.497161,90569,30046,21339,125,0,SAFE,20.2183
goal,196,6.533333,1,6.531533,99931,31336,21813,103,0,SAFE,16.4759
goal,197,6.566667,1,6.566916,89782,31206,21971,110,0,SAFE,21.0111
goal,198,6.600000,1,6.597613,96152,35623,26055,115,0,SAFE,18.7930
goal,199,6.633333,1,6.633974,95049,32967,23854,122,0,SAFE,15.7660
goal,200,6.666667,1,6.673329,87968,30983,21520,95,0,SAFE,20.1986
goal,201,6.700000,1,6.697997,91561,31260,22585,120,0,SAFE,16.9357
goal,202,6.733333,1,6.734088,98924,30117,21318,116,0,SAFE,23.5825
goal,203,6.766667,1,6.763275,83860,27822,19728,49,0,SAFE,21.0157
goal,204,6.800000,1,6.798570,95464,32725,25291,90,0,SAFE,22.5285
goal,205,6.833333,1,6.833556,96246,31597,23204,95,0,SAFE,18.4364
goal,206,6.866667,1,6.868692,93970,33792,26024,106,0,SAFE,24.0874
goal,207,6.900000,1,6.899986,96422,33905,25588,84,0,SAFE,16.7734
goal,208,6.933333,1,6.933878,96207,32415,23008,62,0,SAFE,17.5369
goal,209,6.966667,1,6.967556,96166,33118,23363,68,0,SAFE,22.7408
goal,210,7.000000,1,7.000423,94988,33720,23929,95,0,SAFE,21.2448
goal,211,7.033333,1,7.034225,92669,31970,22683,95,0,SAFE,20.2808
goal,212,7.066667,1,7.066336,97836,34235,23594,111,0,SAFE,16.1214
goal,213,7.100000,1,7.097212,99681,33640,23772,83,0,SAFE,18.7609
goal,214,7.133333,1,7.133046,87596,31759,24022,82,0,SAFE,18.9505
goal,215,7.166667,1,7.165055,93263,35084,24870,109,0,SAFE,21.5538
goal,216,7.200000,1,7.199249,86957,28896,21140,92,0,SAFE,24.2674
goal,217,7.233333,0,7.234155,88223,27926,20585,92,0,SAFE,17.3000
goal,218,7.266667,1,7.266420,94960,32393,22442,114,0,SAFE,15.3298
goal,219,7.300000,1,7.298553,91828,30199,20503,116,0,SAFE,28.7853
goal,220,7.333333,1,7.333973,96060,29467,19702,76,0,SAFE,19.7533
goal,221,7.366667,1,7.369757,89759,30829,21992,107,0,SAFE,21.9413
goal,222,7.400000,1,7.400395,94061,31829,21803,126,0,SAFE,20.0218
goal,223,7.433333,1,7.433993,89659,30006,21122,98,0,SAFE,20.3462
goal,224,7.466667,1,7.467081,90368,29954,20445,122,0,SAFE,27.9396
goal,225,7.500000,1,7.498716,91821,31366,23362,109,0,SAFE,21.3110
goal,226,7.533333,1,7.531578,99455,33821,24216,88,0,SAFE,21.0167
goal,227,7.566667,1,7.566158,94879,32702,23939,86,0,SAFE,18.0649
goal,228,7.600000,1,7.600242,93211,31013,23013,87,0,SAFE,19.7026
goal,229,7.633333,1,7.635304,90464,27586,19924,79,0,SAFE,23.7413
goal,230,7.666667,1,7.670288,95025,32173,24988,115,0,SAFE,17.9713
goal,231,7.700000,1,7.701937,103122,33026,24608,95,0,SAFE,16.3437
goal,232,7.733333,1,7.733866,102701,37253,26771,89,0,SAFE,23.0894
goal,233,7.766667,1,7.765669,90420,27554,19203,111,0,SAFE,23.5623
goal,234,7.800000,1,7.799313,97199,33954,23684,126,0,SAFE,12.0380
goal,235,7.833333,1,7.828426,98724,33121,22904,123,0,SAFE,21.2357
goal,236,7.866667,1,7.865489,86267,29574,21364,106,0,SAFE,21.5332
goal,237,7.900000,0,7.900491,98262,32408,22760,127,0,SAFE,20.8956
goal,238,7.933333,1,7.934554,93440,34610,26049,113,0,SAFE,20.9717
goal,239,7.966667,1,7.969168,93576,31703,21849,97,0,SAFE,21.8442
goal,240,8.000000,1,7.997816,89365,32368,24509,107,0,SAFE,24.9334
goal,241,8.033333,1,8.032365,84934,29453,21777,114,0,SAFE,17.6837
goal,242,8.066667,1,8.067166,89127,31152,22732,83,0,SAFE,23.6401
goal,243,8.100000,1,8.100528,91173,28860,20376,114,0,SAFE,23.2674
goal,244,8.133333,1,8.131594,95264,33373,23472,78,0,SAFE,20.3071
goal,245,8.166667,1,8.167318,91588,30335,22051,105,0,SAFE,20.4871
goal,246,8.200000,0,8.198089,88071,29238,22507,141,0,SAFE,23.5749
goal,247,8.233333,1,8.232780,94614,31085,22655,101,0,SAFE,22.0968
goal,248,8.266667,1,8.265188,94546,32379,23939,54,0,SAFE,21.5139
goal,249,8.300000,1,8.303430,93488,32981,22032,101,0,SAFE,22.1943
goal,250,8.333333,1,8.333521,85313,28612,20380,98,0,SAFE,20.7043
goal,251,8.366667,1,8.365450,86697,28865,21062,110,0,SAFE,18.5779
goal,252,8.400000,1,8.399366,86296,30075,21785,112,0,SAFE,21.8078
goal,253,8.433333,1,8.433631,90261,29704,20076,118,0,SAFE,15.2567
goal,254,8.466667,1,8.463409,91246,30949,21941,85,0,SAFE,19.3940
goal,255,8.500000,1,8.499493,93724,32018,25203,109,0,SAFE,21.2248
goal,256,8.533333,1,8.533613,90631,29517,20704,103,0,SAFE,22.3216
goal,257,8.566667,1,8.566706,97305,33145,24456,77,0,SAFE,21.3909
goal,258,8.600000,1,8.601492,94384,35066,25134,112,0,SAFE,20.8399
goal,259,8.633333,1,8.633355,95299,33968,24449,112,0,SAFE,20.1509
goal,260,8.666667,1,8.666091,88585,28807,21075,104,0,SAFE,13.0744
goal,261,8.700000,1,8.700009,80061,25425,18295,111,0,SAFE,18.1656
goal,262,8.733333,1,8.734216,90259,30216,21622,119,0,SAFE,20.8547
goal,263,8.766667,1,8.765475,94596,31328,22484,99,0,SAFE,21.5180
goal,264,8.800000,1,8.798683,93411,34077,27094,110,0,SAFE,21.6513
goal,265,8.833333,1,8.836601,91943,31356,23034,90,0,SAFE,19.0634
goal,266,8.866667,1,8.866093,96913,33250,23886,133,0,SAFE,19.2714
goal,267,8.900000,1,8.897464,88574,32516,23851,108,0,SAFE,14.2691
goal,268,8.933333,1,8.932254,97721,34364,24563,89,0,SAFE,29.6340
goal,269,8.966667,1,8.969144,89043,28750,20494,118,0,SAFE,21.2895
goal,270,9.000000,1,9.001843,92341,30857,23487,135,0,SAFE,18.2062
goal,271,9.033333,1,9.031788,92292,28947,20649,132,0,SAFE,18.8984
goal,272,9.066667,1,9.065837,94072,31908,22865,108,0,SAFE,19.7828
goal,273,9.100000,1,9.099465,93833,29885,21278,94,0,SAFE,23.8674
goal,274,9.133333,1,9.136171,95908,32093,24024,87,0,SAFE,20.7435
goal,275,9.166667,1,9.167284,99297,35534,27132,112,0,SAFE,22.9000
goal,276,9.200000,0,9.202215,87987,30430,22216,111,0,SAFE,22.2667
goal,277,9.233333,1,9.232346,92370,31528,23193,130,0,SAFE,19.8586
goal,278,9.266667,1,9.265423,96642,33014,24188,91,0,SAFE,12.1425
goal,279,9.300000,1,9.298309,84654,29125,20843,127,1,SAFE_TRANSIENT_CLUSTER,26.2245
goal,280,9.333333,1,9.337328,86547,28867,20491,100,0,SAFE,20.0776
goal,281,9.366667,1,9.368209,96915,32359,22668,88,0,SAFE,22.6388
goal,282,9.400000,1,9.400284,89282,30171,21012,106,0,SAFE,22.6190
goal,283,9.433333,1,9.432979,90726,32001,23405,106,0,SAFE,24.6668
goal,284,9.466667,1,9.465795,94410,30131,22320,95,0,SAFE,20.7030
goal,285,9.500000,1,9.497214,86214,29049,21304,62,0,SAFE,15.3181
goal,286,9.533333,1,9.533761,95688,33026,23906,119,0,SAFE,24.9436
goal,287,9.566667,1,9.567733,89693,32551,25539,85,0,SAFE,26.3162
goal,288,9.600000,1,9.602592,94820,32738,24712,80,0,SAFE,26.2920
goal,289,9.633333,1,9.634466,84976,29067,20642,79,0,SAFE,16.1900
goal,290,9.666667,1,9.665524,93574,34191,22321,94,0,SAFE,20.8051
goal,291,9.700000,1,9.697131,91130,31533,22879,81,0,SAFE,23.7859
goal,292,9.733333,1,9.734611,94220,32578,23686,97,0,SAFE,19.7349
goal,293,9.766667,1,9.766124,101241,33379,23879,126,0,SAFE,15.4802
goal,294,9.800000,1,9.798918,93524,30789,21010,115,0,SAFE,24.5629
goal,295,9.833333,1,9.832223,90917,30292,21211,87,0,SAFE,20.7114
goal,296,9.866667,1,9.867306,96690,30345,21639,113,0,SAFE,17.8800
goal,297,9.900000,1,9.900220,94263,30416,22799,98,0,SAFE,17.8181
goal,298,9.933333,1,9.932340,85724,26653,19508,106,0,SAFE,22.1064
goal,299,9.966667,1,9.966960,88983,29020,21358,114,0,SAFE,20.0919
goal,300,10.000000,1,10.000927,93152,32480,23835,118,0,SAFE,24.4923
goal,301,10.033333,1,10.034708,88822,31440,21493,130,0,SAFE,23.9738
goal,302,10.066667,1,10.064058,101803,37112,25334,117,0,SAFE,18.4869
goal,303,10.100000,1,10.097477,92068,30989,23365,126,0,SAFE,21.5627
goal,304,10.133333,1,10.134303,93357,33979,23486,132,0,SAFE,25.2145
goal,305,10.166667,1,10.164862,89143,30954,21535,103,0,SAFE,20.1219
goal,306,10.200000,1,10.200131,95933,32854,24095,118,0,SAFE,29.4792
goal,307,10.233333,1,10.233383,93361,30903,22752,103,0,SAFE,16.7576
goal,308,10.266667,1,10.264366,91513,32104,21951,81,0,SAFE,18.6595
goal,309,10.300000,1,10.301143,97050,34959,25095,47,0,SAFE,25.0543
goal,310,10.333333,1,10.331624,99215,36230,25886,87,1,SAFE_TRANSIENT_CLUSTER,24.4649
goal,311,10.366667,1,10.367465,96653,30350,21943,133,0,SAFE,26.3341
goal,312,10.400000,1,10.400687,91901,30115,22751,72,0,SAFE,19.7003
goal,313,10.433333,1,10.431256,93668,29818,21656,73,0,SAFE,20.1766
goal,314,10.466667,1,10.471552,92039,32171,24031,91,0,SAFE,23.4253
goal,315,10.500000,1,10.500039,96831,32632,22027,76,0,SAFE,21.2144
goal,316,10.533333,1,10.533356,91247,29691,20951,73,0,SAFE,16.7799
goal,317,10.566667,1,10.565043,92217,33245,24533,98,0,SAFE,21.8317
goal,318,10.600000,1,10.599020,90552,32130,21810,88,0,SAFE,21.4672
goal,319,10.633333,1,10.636292,93164,32595,24638,71,0,SAFE,22.3913
goal,320,10.666667,1,10.666644,88992,31663,23250,107,0,SAFE,18.1303
goal,321,10.700000,1,10.703622,92108,31133,22639,99,0,SAFE,18.9618
goal,322,10.733333,1,10.736188,100348,32562,22336,97,0,SAFE,15.6666
goal,323,10.766667,1,10.767712,95101,32718,23271,82,0,SAFE,19.5653
goal,324,10.800000,1,10.801675,97243,33423,23495,60,0,SAFE,21.3884
goal,325,10.833333,1,10.831719,101421,35866,24953,139,0,SAFE,19.4277
goal,326,10.866667,1,10.865775,84007,28358,20742,116,0,SAFE,23.7170
goal,327,10.900000,1,10.899847,101667,34817,24513,114,0,SAFE,17.3531
goal,328,10.933333,1,10.934136,93767,32356,23888,119,0,SAFE,24.7970
goal,329,10.966667,1,10.968348,98854,33417,23554,93,0,SAFE,12.5262
goal,330,11.000000,1,11.004186,93708,31606,22399,115,0,SAFE,23.1389
goal,331,11.033333,1,11.032715,93428,31666,21832,97,0,SAFE,22.4987
goal,332,11.066667,1,11.068278,90736,28000,20319,54,0,SAFE,20.6152
goal,333,11.100000,1,11.103350,87659,29847,23148,96,0,SAFE,18.5149
goal,334,11.133333,1,11.129614,97569,34808,26097,109,0,SAFE,23.9744
goal,335,11.166667,1,11.165789,93969,31513,22376,110,0,SAFE,22.7517
goal,336,11.200000,1,11.199103,94185,31351,22073,86,0,SAFE,24.6926
goal,337,11.233333,1,11.231724,98276,33242,23309,89,0,SAFE,27.7495
goal,338,11.266667,1,11.263973,96951,34423,24150,82,0,SAFE,19.6045
goal,339,11.300000,1,11.297992,92260,30483,21960,119,0,SAFE,19.0189
goal,340,11.333333,1,11.333154,91709,31879,22317,117,0,SAFE,23.0657
goal,341,11.366667,1,11.370764,97813,34087,24706,132,0,SAFE,21.9881
goal,342,11.400000,1,11.401499,98028,35168,26627,89,0,SAFE,24.0836
goal,343,11.433333,1,11.434431,97440,33837,24177,92,0,SAFE,24.1524
goal,344,11.466667,1,11.465819,89922,31566,22128,101,0,SAFE,14.4251
goal,345,11.500000,1,11.500875,94719,32637,21865,82,0,SAFE,18.4491
goal,346,11.533333,1,11.531069,94340,30530,21924,101,0,SAFE,20.4944
goal,347,11.566667,1,11.566695,98807,33046,24651,79,0,SAFE,20.9389
goal,348,11.600000,1,11.600223,89572,30355,21438,50,0,SAFE,19.6406
goal,349,11.633333,1,11.632843,93997,31862,22159,99,0,SAFE,23.9778
goal,350,11.666667,1,11.671502,90893,31185,22606,83,0,SAFE,21.0075
goal,351,11.700000,1,11.700414,94329,31750,22544,96,0,SAFE,25.1049
goal,352,11.733333,1,11.733447,97779,32560,23074,90,0,SAFE,26.4000
goal,353,11.766667,1,11.765055,92779,30938,23349,97,0,SAFE,17.3310
goal,354,11.800000,1,11.801845,92403,30450,22052,100,0,SAFE,20.2739
goal,355,11.833333,1,11.831396,97163,31388,22488,133,0,SAFE,16.3931
goal,356,11.866667,1,11.865498,90181,31077,20825,114,0,SAFE,17.8729
goal,357,11.900000,1,11.896746,94259,31314,22169,88,0,SAFE,24.6481
goal,358,11.933333,1,11.932982,87512,29801,20545,73,0,SAFE,16.6235
goal,359,11.966667,1,11.967701,90749,30054,21551,99,0,SAFE,20.9413
goal,360,12.000000,1,12.000708,101502,34707,24292,118,0,SAFE,17.9543
goal,361,12.033333,1,12.034830,94103,32209,24478,106,0,SAFE,17.5824
goal,362,12.066667,1,12.069429,97510,33848,25038,99,0,SAFE,21.9877
goal,363,12.100000,1,12.098301,84082,27387,20592,89,0,SAFE,24.8699
goal,364,12.133333,1,12.133739,86798,29878,21722,83,0,SAFE,23.9763
goal,365,12.166667,1,12.166846,95795,33031,22529,82,0,SAFE,27.2919
goal,366,12.200000,1,12.203790,84063,27584,19691,93,0,SAFE,23.0307
goal,367,12.233333,1,12.235480,94421,33822,24877,97,0,SAFE,16.9137
goal,368,12.266667,1,12.266062,93640,32026,22994,120,0,SAFE,14.6058
goal,369,12.300000,1,12.300524,99548,35176,25655,96,0,SAFE,24.8030
goal,370,12.333333,1,12.332331,85122,28195,19787,92,0,SAFE,17.8130
goal,371,12.366667,1,12.365086,92796,32593,22483,144,0,SAFE,20.9602
goal,372,12.400000,1,12.401674,92873,33043,22757,98,0,SAFE,18.8387
goal,373,12.433333,1,12.432164,85353,29365,20139,98,0,SAFE,17.9366
goal,374,12.466667,1,12.467944,94574,33323,25243,105,1,SAFE_TRANSIENT_CLUSTER,18.9479
goal,375,12.500000,1,12.501251,98479,32577,23577,99,0,SAFE,20.6661
goal,376,12.533333,1,12.532630,91199,33531,26011,90,0,SAFE,21.9327
goal,377,12.566667,1,12.568520,94953,32079,21541,101,1,SAFE_TRANSIENT_CLUSTER,28.4086
goal,378,12.600000,1,12.597815,88446,32393,23605,99,0,SAFE,15.8685
goal,379,12.633333,1,12.631789,89283,30658,21801,86,0,SAFE,19.6400
goal,380,12.666667,1,12.663430,91862,31301,22947,102,0,SAFE,18.7133
goal,381,12.700000,1,12.702274,84875,30701,21665,88,0,SAFE,19.3645
goal,382,12.733333,1,12.732016,90167,30810,21942,120,0,SAFE,22.0452
goal,383,12.766667,1,12.767033,86115,26597,19258,111,0,SAFE,17.9160
goal,384,12.800000,1,12.800104,93851,33478,23798,111,0,SAFE,19.5754
goal,385,12.833333,1,12.833998,92687,30635,21788,109,0,SAFE,22.8809
goal,386,12.866667,1,12.868440,84088,29619,21216,99,0,SAFE,23.6213
goal,387,12.900000,1,12.897701,88012,29723,21625,106,0,SAFE,20.1572
goal,388,12.933333,1,12.933503,95696,32072,22564,92,0,SAFE,14.2958
goal,389,12.966667,1,12.965472,91147,29253,21595,108,0,SAFE,19.7069
goal,390,13.000000,1,13.001189,96136,30979,22373,101,0,SAFE,15.9853
goal,391,13.033333,1,13.035523,99961,34255,23595,93,0,SAFE,16.6829
goal,392,13.066667,1,13.066901,98633,33493,24680,82,0,SAFE,17.5019
goal,393,13.100000,1,13.102396,94974,32793,24180,75,0,SAFE,13.4728
goal,394,13.133333,1,13.129722,98494,33024,24099,114,0,SAFE,15.7180
goal,395,13.166667,1,13.165841,98409,34699,24798,106,0,SAFE,21.1838
goal,396,13.200000,1,13.199379,99122,33544,22637,77,0,SAFE,21.3892
goal,397,13.233333,1,13.232873,95875,34417,24420,139,0,SAFE,22.2125
goal,398,13.266667,1,13.263570,96389,31174,23495,135,0,SAFE,15.1109
goal,399,13.300000,1,13.298658,95183,33791,24124,65,0,SAFE,23.9001
goal,400,13.333333,1,13.334087,98078,32926,23722,135,0,SAFE,20.0877
goal,401,13.366667,1,13.366291,89647,31924,22643,95,0,SAFE,21.7233
goal,402,13.400000,1,13.398805,88848,30843,21872,133,0,SAFE,17.8309
goal,403,13.433333,0,13.431943,88232,28246,20340,95,0,SAFE,18.2302
goal,404,13.466667,1,13.467497,95690,32635,24388,137,0,SAFE,24.7951
goal,405,13.500000,1,13.498919,97989,35635,25895,136,0,SAFE,19.0737
goal,406,13.533333,1,13.536684,97201,31986,23852,94,0,SAFE,23.8998
goal,407,13.566667,1,13.566277,91674,30958,21585,115,0,SAFE,18.2617
goal,408,13.600000,1,13.596997,90804,30400,23478,81,0,SAFE,22.5091
goal,409,13.633333,1,13.634193,90383,29124,21123,96,0,SAFE,25.5547
goal,410,13.666667,1,13.667356,83590,27991,18861,110,0,SAFE,20.1481
goal,411,13.700000,1,13.699398,102057,33694,24499,95,0,SAFE,21.9620
goal,412,13.733333,1,13.731450,94007,31475,22958,102,0,SAFE,21.8918
goal,413,13.766667,1,13.767827,98628,34218,24924,112,0,SAFE,28.4675
goal,414,13.800000,1,13.800527,99168,34256,25821,106,0,SAFE,22.7104
goal,415,13.833333,1,13.832479,96279,34941,24156,83,0,SAFE,22.3778
goal,416,13.866667,1,13.864288,93208,31341,22388,126,0,SAFE,15.1047
goal,417,13.900000,1,13.897713,95387,33529,23877,103,0,SAFE,20.1982
goal,418,13.933333,1,13.933343,102521,33910,25349,68,0,SAFE,21.2878
goal,419,13.966667,1,13.968620,84181,27414,20243,118,0,SAFE,19.4581
goal,420,14.000000,1,13.998869,98748,33940,23892,104,0,SAFE,19.8855
goal,421,14.033333,1,14.035085,89412,31937,22324,78,0,SAFE,20.2144
goal,422,14.066667,1,14.069697,96661,32048,24770,109,0,SAFE,20.0820
goal,423,14.100000,1,14.099991,88989,29899,20908,121,0,SAFE,19.5419
goal,424,14.133333,1,14.134285,95822,35122,23808,115,0,SAFE,23.9516
goal,425,14.166667,1,14.167013,91210,32702,23493,115,0,SAFE,24.4011
goal,426,14.200000,1,14.203041,89228,30034,21466,108,0,SAFE,22.2960
goal,427,14.233333,1,14.233300,93203,32414,23972,89,0,SAFE,16.8339
goal,428,14.266667,1,14.266437,98931,33370,25020,112,0,SAFE,20.9972
goal,429,14.300000,1,14.301264,90206,29475,22145,106,0,SAFE,24.4891
goal,430,14.333333,1,14.332695,95345,32549,22533,107,0,SAFE,20.3704
goal,431,14.366667,1,14.367426,92688,32332,23873,106,0,SAFE,18.7576
goal,432,14.400000,1,14.397476,93502,33080,22965,102,0,SAFE,21.0311
goal,433,14.433333,1,14.434749,89953,27582,19675,119,0,SAFE,28.6604
goal,434,14.466667,1,14.465222,89794,29271,21332,106,0,SAFE,30.6006
goal,435,14.500000,1,14.500575,85443,30039,20661,77,0,SAFE,23.9810
goal,436,14.533333,1,14.531395,92911,32993,23517,98,0,SAFE,22.8050
goal,437,14.566667,1,14.570383,85767,28632,20296,56,0,SAFE,20.9823
goal,438,14.600000,1,14.598838,99138,37118,27077,95,0,SAFE,22.7227
goal,439,14.633333,1,14.633260,98018,36351,26832,99,0,SAFE,23.6591
goal,440,14.666667,1,14.664578,89318,29030,21829,111,0,SAFE,20.0814
goal,441,14.700000,1,14.699825,98373,32523,22985,95,0,SAFE,27.7324
goal,442,14.733333,1,14.733413,97924,34190,23614,86,0,SAFE,21.0418
goal,443,14.766667,1,14.766711,96469,34558,25860,103,0,SAFE,15.7592
goal,444,14.800000,1,14.800688,95193,31560,23764,99,0,SAFE,21.2162
goal,445,14.833333,1,14.833431,94111,33494,23653,97,0,SAFE,15.6991
goal,446,14.866667,1,14.866444,89150,31199,22839,68,0,SAFE,20.7982
goal,447,14.900000,1,14.901380,93222,30358,22312,94,0,SAFE,24.5425
goal,448,14.933333,1,14.933012,86596,27365,21382,104,0,SAFE,15.7931
goal,449,14.966667,1,14.966683,88595,31496,22699,105,0,SAFE,16.1151
goal,450,15.000000,1,14.999285,89687,29795,20527,83,0,SAFE,20.4445
goal,451,15.033333,1,15.030410,98589,32063,24022,112,0,SAFE,19.1531
goal,452,15.066667,1,15.065152,92349,30581,20214,108,0,SAFE,16.3118
goal,453,15.100000,1,15.102022,93875,31875,22885,100,0,SAFE,24.6736
goal,454,15.133333,1,15.135911,93078,31772,21738,98,0,SAFE,15.2500
goal,455,15.166667,1,15.167480,92912,30285,21895,98,0,SAFE,25.6575
goal,456,15.200000,1,15.196645,89101,33143,23821,107,0,SAFE,24.1598
goal,457,15.233333,1,15.232082,100100,31586,22115,114,0,SAFE,24.1658
goal,458,15.266667,1,15.268326,90856,29918,21961,82,0,SAFE,16.5691
goal,459,15.300000,1,15.297321,89015,28948,22062,101,0,SAFE,20.5660
goal,460,15.333333,1,15.331747,100180,34967,24501,67,0,SAFE,24.7007
goal,461,15.366667,1,15.367005,92513,30155,20375,114,0,SAFE,24.2216
goal,462,15.400000,1,15.401325,93373,31666,22520,145,0,SAFE,17.3201
goal,463,15.433333,1,15.436515,99115,32763,23985,130,0,SAFE,22.7212
goal,464,15.466667,1,15.466508,93842,31245,22345,52,0,SAFE,25.6028
goal,465,15.500000,1,15.502584,100362,33338,22945,104,0,SAFE,23.7247
goal,466,15.533333,1,15.531713,92210,33231,22457,90,0,SAFE,24.0804
goal,467,15.566667,1,15.566760,88507,25964,19362,103,0,SAFE,18.9725
goal,468,15.600000,1,15.597094,85085,30701,21256,118,0,SAFE,17.3151
goal,469,15.633333,1,15.630318,86948,29410,20284,100,0,SAFE,23.7275
goal,470,15.666667,1,15.667044,93943,31391,22430,71,0,SAFE,17.9814
goal,471,15.700000,1,15.699182,91250,28523,20783,99,0,SAFE,24.3187
goal,472,15.733333,1,15.735183,99519,33290,23992,102,0,SAFE,24.8954
goal,473,15.766667,1,15.767805,94635,28667,21563,137,0,SAFE,26.0487
goal,474,15.800000,1,15.799332,93483,30036,22771,84,0,SAFE,21.5008
goal,475,15.833333,1,15.832648,89525,30091,21416,105,0,SAFE,17.1826
goal,476,15.866667,1,15.868919,91271,29423,21114,79,0,SAFE,20.9537
goal,477,15.900000,1,15.901952,93786,33789,23811,82,0,SAFE,20.7916
goal,478,15.933333,1,15.932909,90457,30590,20056,104,0,SAFE,22.4491
goal,479,15.966667,0,15.967637,93447,27707,20135,108,0,SAFE,20.9834
goal,480,16.000000,1,15.998797,91478,32143,22801,59,0,SAFE,17.0938
goal,481,16.033333,1,16.033597,95902,32662,23490,93,0,SAFE,22.9083
goal,482,16.066667,1,16.064961,93564,29963,21670,105,0,SAFE,20.5586
goal,483,16.100000,1,16.101413,90858,29512,22259,113,0,SAFE,21.2548
goal,484,16.133333,1,16.133503,97013,31328,21978,102,0,SAFE,28.9748
goal,485,16.166667,1,16.164149,94337,32623,24031,95,0,SAFE,25.8901
goal,486,16.200000,1,16.197109,88861,28133,21292,79,0,SAFE,20.7141
goal,487,16.233333,1,16.232481,93122,30635,22426,68,0,SAFE,22.2930
goal,488,16.266667,1,16.265679,95343,30991,22698,97,0,SAFE,22.9479
goal,489,16.300000,1,16.299122,92018,32823,24297,114,0,SAFE,19.1024
goal,490,16.333333,1,16.334695,93602,32822,24140,75,0,SAFE,21.2904
goal,491,16.366667,1,16.364535,87539,27324,20491,96,0,SAFE,17.1924
goal,492,16.400000,1,16.398866,94605,30416,22060,111,0,SAFE,24.2890
goal,493,16.433333,1,16.435086,95164,32111,22915,123,0,SAFE,17.2981
goal,494,16.466667,1,16.465227,90810,33830,23847,95,0,SAFE,24.5844
goal,495,16.500000,1,16.501820,96798,32312,23875,107,0,SAFE,21.2756
goal,496,16.533333,1,16.533089,90181,28957,20886,91,0,SAFE,19.3457
goal,497,16.566667,1,16.565615,89572,30390,20898,124,0,SAFE,23.8938
goal,498,16.600000,1,16.597338,86238,29455,20304,118,0,SAFE,20.9616
goal,499,16.633333,1,16.629479,92897,30847,23252,139,0,SAFE,14.9090
goal,500,16.666667,1,16.669314,93323,31891,21604,114,0,SAFE,28.8767
goal,501,16.700000,1,16.699959,93923,32180,24701,116,0,SAFE,19.5969
goal,502,16.733333,1,16.734380,91151,29773,22034,110,0,SAFE,24.3133
goal,503,16.766667,1,16.768211,88815,29666,20865,114,0,SAFE,18.1178
goal,504,16.800000,1,16.800744,97936,31052,22620,120,0,SAFE,18.8098
goal,505,16.833333,1,16.834796,93139,32336,24468,54,0,SAFE,22.0806
goal,506,16.866667,1,16.869825,97111,32943,24206,93,0,SAFE,22.2670
goal,507,16.900000,1,16.901187,97592,34454,24833,103,0,SAFE,29.9309
goal,508,16.933333,1,16.932727,94989,32851,23475,65,0,SAFE,19.9158
goal,509,16.966667,1,16.964953,89666,30756,20974,75,0,SAFE,30.3874
goal,510,17.000000,1,16.998391,88157,30862,22386,87,0,SAFE,20.8786
goal,511,17.033333,1,17.034705,86194,29422,21180,97,0,SAFE,22.1126
goal,512,17.066667,1,17.069784,91015,32750,24336,98,0,SAFE,23.0529
goal,513,17.100000,1,17.102108,93159,31696,23489,93,0,SAFE,20.5559
goal,514,17.133333,1,17.133922,92156,29326,20662,114,0,SAFE,23.6473
goal,515,17.166667,1,17.165489,95293,31633,21224,111,0,SAFE,21.9171
goal,516,17.200000,1,17.198662,95724,33465,23240,83,0,SAFE,21.5616
goal,517,17.233333,1,17.231132,91782,30669,22212,60,0,SAFE,20.3142
goal,518,17.266667,1,17.266280,92961,31563,21595,62,0,SAFE,16.7457
goal,519,17.300000,1,17.304377,89735,30734,22293,110,0,SAFE,19.1089
goal,520,17.333333,1,17.335428,89949,31443,22362,109,0,SAFE,18.5683
goal,521,17.366667,1,17.364688,85100,29773,21542,93,0,SAFE,23.1109
goal,522,17.400000,1,17.399439,92334,32702,23404,114,0,SAFE,17.7901
goal,523,17.433333,1,17.433352,91329,31854,23889,82,0,SAFE,22.5238
goal,524,17.466667,1,17.470714,91268,29890,20912,129,0,SAFE,18.0485
goal,525,17.500000,1,17.500008,87824,30951,22499,70,0,SAFE,13.9889
goal,526,17.533333,1,17.535048,89289,29490,20404,90,0,SAFE,21.3317
goal,527,17.566667,1,17.564561,91765,31326,22130,93,0,SAFE,22.7580
goal,528,17.600000,1,17.599114,96819,33762,26052,115,0,SAFE,18.9398
goal,529,17.633333,1,17.633025,85400,29957,19969,84,0,SAFE,15.7030
goal,530,17.666667,1,17.668945,92433,30488,20459,111,0,SAFE,19.9374
goal,531,17.700000,1,17.701940,89038,29951,21317,79,0,SAFE,17.6743
goal,532,17.733333,1,17.731584,86372,31441,22162,93,0,SAFE,19.3863
goal,533,17.766667,1,17.764503,92752,32339,22209,145,0,SAFE,18.1065
goal,534,17.800000,1,17.803133,92659,32089,24289,68,0,SAFE,24.3160
goal,535,17.833333,1,17.833801,89908,29848,22084,122,0,SAFE,20.0652
goal,536,17.866667,1,17.866273,91212,31194,22271,126,0,SAFE,25.4748
goal,537,17.900000,1,17.898861,81955,27812,19976,96,0,SAFE,24.0565
goal,538,17.933333,1,17.932085,87322,26853,19843,119,0,SAFE,19.5998
goal,539,17.966667,1,17.969635,95078,30734,22277,117,0,SAFE,19.1603
goal,540,18.000000,1,18.002293,93474,34466,23809,73,0,SAFE,19.3667
goal,541,18.033333,1,18.032707,82141,29131,19835,102,0,SAFE,22.7418
goal,542,18.066667,1,18.064024,93045,31411,21762,78,0,SAFE,17.2655
goal,543,18.100000,1,18.101057,82958,31284,21681,116,0,SAFE,21.7288
goal,544,18.133333,1,18.133942,94455,30764,22781,48,0,SAFE,21.5659
goal,545,18.166667,1,18.164936,96705,31722,22936,80,0,SAFE,22.2038
goal,546,18.200000,1,18.199776,95221,32346,22337,128,0,SAFE,24.6073
goal,547,18.233333,1,18.235203,94593,31164,21470,71,0,SAFE,22.9263
goal,548,18.266667,1,18.266953,94371,33985,22909,90,0,SAFE,23.5999
goal,549,18.300000,1,18.297520,96615,31242,21838,93,0,SAFE,19.9390
goal,550,18.333333,1,18.334002,91110,30552,21983,136,0,SAFE,18.2143
goal,551,18.366667,1,18.366389,98024,34187,23833,105,0,SAFE,12.5472
goal,552,18.400000,0,18.401630,96529,33632,23519,92,0,SAFE,16.1052
goal,553,18.433333,1,18.432095,98492,34684,25865,113,0,SAFE,22.5868
goal,554,18.466667,1,18.469892,93080,31341,22920,85,0,SAFE,24.0846
goal,555,18.500000,1,18.501320,95728,32753,24029,83,0,SAFE,20.8296
goal,556,18.533333,1,18.531697,96701,32144,22684,157,0,SAFE,24.0390
goal,557,18.566667,1,18.565523,93081,33877,24435,84,0,SAFE,25.6160
goal,558,18.600000,1,18.597552,91672,32128,22841,104,0,SAFE,26.3218
goal,559,18.633333,1,18.630677,97607,34178,24166,89,0,SAFE,23.6154
goal,560,18.666667,1,18.663299,99324,34415,25528,120,0,SAFE,20.3166
goal,561,18.700000,1,18.697034,87215,27834,20339,107,0,SAFE,27.0927
goal,562,18.733333,1,18.731705,94272,31163,21779,93,0,SAFE,14.6586
goal,563,18.766667,1,18.770375,95795,32386,22850,137,0,SAFE,22.2053
goal,564,18.800000,1,18.801316,95715,34079,24743,113,1,SAFE_TRANSIENT_CLUSTER,26.2383
goal,565,18.833333,1,18.837517,90093,28865,21698,96,0,SAFE,23.8147
goal,566,18.866667,1,18.864751,92721,32202,22304,64,0,SAFE,25.3580
goal,567,18.900000,1,18.900246,81604,28508,20964,117,0,SAFE,14.3058
goal,568,18.933333,1,18.931501,98309,33965,23725,84,0,SAFE,20.1940
goal,569,18.966667,1,18.963636,90303,31188,22714,95,0,SAFE,21.1500
goal,570,19.000000,1,18.995902,99701,32903,23346,86,0,SAFE,22.0427
goal,571,19.033333,1,19.030473,94649,31396,22026,103,0,SAFE,16.0926
goal,572,19.066667,1,19.066596,100944,35573,24953,143,0,SAFE,20.0396
goal,573,19.100000,1,19.102028,91833,31285,22682,83,0,SAFE,19.6012
goal,574,19.133333,1,19.134668,88450,32626,23265,87,0,SAFE,19.7573
goal,575,19.166667,1,19.166415,93502,33139,24173,121,0,SAFE,18.6924
goal,576,19.200000,1,19.202690,94080,34434,25390,60,0,SAFE,25.6669
goal,577,19.233333,1,19.230823,88075,30890,22510,135,0,SAFE,20.9550
goal,578,19.266667,1,19.266572,101577,35056,26150,109,0,SAFE,23.6548
goal,579,19.300000,1,19.299352,91073,31434,22006,85,0,SAFE,16.3369
goal,580,19.333333,1,19.333517,89712,29962,21811,95,0,SAFE,22.7913
goal,581,19.366667,1,19.365685,93918,31947,22507,104,0,SAFE,23.5854
goal,582,19.400000,1,19.403169,100555,33944,24091,32,0,SAFE,26.1590
goal,583,19.433333,1,19.430458,92843,32707,23429,95,0,SAFE,21.7552
goal,584,19.466667,1,19.466321,99529,33422,23848,113,0,SAFE,24.0651
goal,585,19.500000,1,19.500440,89008,29269,21344,107,0,SAFE,24.2116
goal,586,19.533333,1,19.535834,97226,34249,24032,92,0,SAFE,25.6401
goal,587,19.566667,1,19.563738,93291,30109,22305,87,0,SAFE,18.0189
goal,588,19.600000,1,19.599427,96482,33270,24143,73,0,SAFE,15.4664
goal,589,19.633333,1,19.634848,85806,29843,20938,83,0,SAFE,19.3909
goal,590,19.666667,0,19.667005,103450,34687,24819,78,0,SAFE,20.5116
goal,591,19.700000,1,19.700792,95389,32257,23424,82,0,SAFE,21.1591
goal,592,19.733333,1,19.731793,101057,33849,23621,43,0,SAFE,14.6584
goal,593,19.766667,1,19.768173,98782,36935,25583,104,0,SAFE,13.6114
goal,594,19.800000,1,19.798156,93216,31179,22876,101,0,SAFE,18.8462
goal,595,19.833333,1,19.832081,95683,30832,23221,81,0,SAFE,19.6650
goal,596,19.866667,1,19.871228,92861,29578,20314,90,0,SAFE,22.0668
goal,597,19.900000,1,19.898873,81757,28545,21504,93,0,SAFE,16.4881
goal,598,19.933333,1,19.934509,94437,32588,23009,102,0,SAFE,20.2959
goal,599,19.966667,1,19.968169,91697,30589,21764,78,1,SAFE_TRANSIENT_CLUSTER,22.2277
goal,600,20.000000,1,19.999401,97527,32768,24370,93,0,SAFE,20.0810
goal,601,20.033333,1,20.032998,96004,31131,22246,73,0,SAFE,23.9255
goal,602,20.066667,1,20.063088,83380,29353,20785,103,0,SAFE,18.9688
goal,603,20.100000,1,20.101481,93533,32621,23444,90,0,SAFE,23.6974
goal,604,20.133333,1,20.133679,89964,31879,22211,87,0,SAFE,20.2811
goal,605,20.166667,1,20.167931,99501,31460,23655,109,0,SAFE,17.4038
goal,606,20.200000,1,20.201358,91598,33113,25990,98,0,SAFE,17.0188
goal,607,20.233333,1,20.231464,92597,30442,21481,87,0,SAFE,25.8581
goal,608,20.266667,1,20.267650,92252,31593,23066,96,0,SAFE,20.4324
goal,609,20.300000,1,20.303766,94585,32609,23638,125,0,SAFE,21.1216
goal,610,20.333333,1,20.332036,97378,32543,23645,71,0,SAFE,24.7702
goal,611,20.366667,1,20.365146,89078,29880,21035,116,0,SAFE,22.1939
goal,612,20.400000,1,20.398846,96630,32709,23004,88,0,SAFE,16.7349
goal,613,20.433333,1,20.433663,88114,29183,20464,85,0,SAFE,26.9039
goal,614,20.466667,1,20.465626,89648,33542,23295,106,0,SAFE,23.3990
goal,615,20.500000,1,20.497552,100167,33196,25598,93,0,SAFE,21.9772
goal,616,20.533333,1,20.531590,96142,32070,22357,112,0,SAFE,25.6733
goal,617,20.566667,1,20.561795,93396,32402,22720,74,0,SAFE,22.2804
goal,618,20.600000,1,20.597315,94579,31905,23858,98,0,SAFE,19.9523
goal,619,20.633333,1,20.633758,87729,28804,20898,91,0,SAFE,22.1977
goal,620,20.666667,1,20.666295,92788,27823,19097,94,0,SAFE,19.2780
goal,621,20.700000,1,20.697011,91154,31089,23265,91,0,SAFE,28.1350
goal,622,20.733333,1,20.734579,98170,32679,24770,104,0,SAFE,17.0707
goal,623,20.766667,1,20.770837,89773,29471,20913,98,0,SAFE,18.3195
goal,624,20.800000,1,20.798469,95863,31565,21569,89,0,SAFE,24.0493
goal,625,20.833333,1,20.831872,88564,28885,21036,127,0,SAFE,20.2028
goal,626,20.866667,1,20.866139,89513,28128,17773,86,0,SAFE,25.0355
goal,627,20.900000,1,20.900429,86166,28185,20215,109,0,SAFE,21.1371
goal,628,20.933333,1,20.936566,92069,32702,23399,127,0,SAFE,20.4421
goal,629,20.966667,1,20.965703,93420,33931,24209,96,0,SAFE,19.4168
goal,630,21.000000,1,21.002138,97364,31793,23379,60,0,SAFE,23.9821
goal,631,21.033333,1,21.034227,93281,31848,22376,89,0,SAFE,17.1887
goal,632,21.066667,1,21.066261,94483,31528,23480,82,0,SAFE,16.2377
goal,633,21.100000,1,21.099970,90441,29738,21366,95,0,SAFE,23.9985
goal,634,21.133333,1,21.133649,97252,33325,24526,113,0,SAFE,22.0071
goal,635,21.166667,1,21.167492,89454,29724,21237,106,0,SAFE,20.9957
goal,636,21.200000,1,21.199335,95023,32062,23312,121,0,SAFE,26.8606
goal,637,21.233333,1,21.235068,92952,30514,22894,136,0,SAFE,25.3870
goal,638,21.266667,1,21.264921,94957,32561,24206,97,0,SAFE,20.2486
goal,639,21.300000,1,21.302011,93366,29346,20168,98,0,SAFE,24.7006
goal,640,21.333333,1,21.333788,93641,32773,23672,100,0,SAFE,20.0771
goal,641,21.366667,1,21.367225,88349,28670,20233,133,0,SAFE,13.7411
goal,642,21.400000,1,21.401466,94588,32587,24383,134,0,SAFE,22.4236
goal,643,21.433333,1,21.434944,92472,27876,19710,103,0,SAFE,24.6028
goal,644,21.466667,1,21.467303,87616,29072,22400,95,0,SAFE,16.8266
goal,645,21.500000,1,21.500385,91504,31209,21848,84,0,SAFE,19.2842
goal,646,21.533333,1,21.531628,85978,28376,20847,127,0,SAFE,24.0274
goal,647,21.566667,1,21.566824,94798,32624,24740,85,0,SAFE,20.1295
goal,648,21.600000,1,21.599013,83104,26775,19158,59,0,SAFE,24.3217
goal,649,21.633333,1,21.636667,97882,32371,25284,120,0,SAFE,25.0920
goal,650,21.666667,1,21.667705,98776,34581,25789,92,0,SAFE,22.7774
goal,651,21.700000,1,21.699457,88595,28870,21497,128,0,SAFE,17.5723
goal,652,21.733333,1,21.733232,91124,32247,22947,95,0,SAFE,22.0053
goal,653,21.766667,1,21.763807,95819,33083,23190,122,0,SAFE,17.9580
goal,654,21.800000,1,21.798946,98329,34757,23350,134,0,SAFE,27.7089
goal,655,21.833333,1,21.834298,85471,33019,23922,94,0,SAFE,14.1162
goal,656,21.866667,1,21.863915,89954,30991,21372,91,0,SAFE,21.0086
goal,657,21.900000,1,21.898315,93913,29776,21471,107,0,SAFE,26.6471
goal,658,21.933333,1,21.932251,91477,29863,21078,109,0,SAFE,22.9432
goal,659,21.966667,1,21.966909,96732,32470,22279,85,0,SAFE,18.7112
goal,660,22.000000,1,21.999259,90314,31260,22764,81,0,SAFE,20.3031
goal,661,22.033333,1,22.033925,93817,32086,23986,100,0,SAFE,19.2858
goal,662,22.066667,1,22.066156,92568,31877,21872,105,0,SAFE,14.9634
goal,663,22.100000,1,22.102525,101765,32594,23777,106,0,SAFE,17.8757
goal,664,22.133333,1,22.134083,97780,30480,23730,99,0,SAFE,19.6188
goal,665,22.166667,1,22.167897,92985,31661,22575,115,0,SAFE,24.7625
goal,666,22.200000,1,22.199033,92894,30048,21273,125,0,SAFE,21.1449
goal,667,22.233333,1,22.231685,91083,30085,22305,88,0,SAFE,19.8355
goal,668,22.266667,1,22.265606,90474,29329,21437,74,0,SAFE,20.7894
goal,669,22.300000,1,22.298805,93307,32191,24142,51,0,SAFE,21.0031
goal,670,22.333333,1,22.331720,90250,31596,22850,89,0,SAFE,17.4764
goal,671,22.366667,1,22.363549,84065,29663,22011,85,0,SAFE,18.2948
goal,672,22.400000,1,22.397647,95190,31570,21931,70,0,SAFE,25.0898
goal,673,22.433333,1,22.434033,93482,32149,22479,61,0,SAFE,21.6676
goal,674,22.466667,1,22.468584,80998,29499,21073,56,0,SAFE,18.1716
goal,675,22.500000,1,22.498199,95760,33366,23119,132,0,SAFE,21.8167
goal,676,22.533333,1,22.533702,92096,31133,22194,88,0,SAFE,22.8529
goal,677,22.566667,1,22.566061,91048,30636,21316,60,0,SAFE,21.4724
goal,678,22.600000,1,22.595756,85972,27922,20275,132,0,SAFE,15.4062
goal,679,22.633333,0,22.634188,93604,29912,21912,127,0,SAFE,21.1397
goal,680,22.666667,1,22.670658,98043,35192,25366,47,0,SAFE,16.9920
goal,681,22.700000,1,22.697064,93138,31351,22555,117,0,SAFE,17.3909
goal,682,22.733333,1,22.733316,80772,29376,21087,111,0,SAFE,18.1718
goal,683,22.766667,1,22.770182,88958,29352,21206,93,0,SAFE,27.1509
goal,684,22.800000,1,22.798972,86731,30623,22010,71,0,SAFE,24.6195
goal,685,22.833333,1,22.835667,98186,34853,25387,117,0,SAFE,23.4458
goal,686,22.866667,1,22.868690,100066,33464,24916,113,0,SAFE,19.4359
goal,687,22.900000,1,22.901785,93523,33159,24758,132,0,SAFE,17.4541
goal,688,22.933333,1,22.934754,88899,29818,20166,114,0,SAFE,22.3498
goal,689,22.966667,1,22.965721,95401,31657,22703,80,0,SAFE,24.9222
goal,690,23.000000,1,23.001820,87772,31228,23013,110,0,SAFE,17.9533
goal,691,23.033333,1,23.033544,98620,34693,23959,100,0,SAFE,29.4674
goal,692,23.066667,1,23.066728,102858,37049,26390,101,0,SAFE,17.4813
goal,693,23.100000,1,23.102144,84599,27822,19638,98,0,SAFE,18.4567
goal,694,23.133333,1,23.130067,97136,34888,25671,91,0,SAFE,19.2023
goal,695,23.166667,1,23.167681,87945,27433,19231,75,0,SAFE,20.4374
goal,696,23.200000,1,23.200213,94104,32493,24159,96,0,SAFE,21.7990
goal,697,23.233333,1,23.235181,87346,30717,22930,88,0,SAFE,19.8532
goal,698,23.266667,1,23.267699,98510,30158,21360,120,0,SAFE,20.8113
goal,699,23.300000,1,23.300886,81832,29173,21052,82,0,SAFE,21.7136
goal,700,23.333333,1,23.334906,86184,30653,22066,105,0,SAFE,21.7286
goal,701,23.366667,1,23.364025,95875,30525,22749,109,0,SAFE,21.4417
goal,702,23.400000,1,23.399324,100749,32974,23074,100,0,SAFE,16.0064
goal,703,23.433333,1,23.435154,91122,31205,22263,101,0,SAFE,17.6358
goal,704,23.466667,1,23.468415,94057,32999,24130,90,0,SAFE,20.7180
goal,705,23.500000,1,23.499353,95273,32861,22045,129,0,SAFE,26.9843
goal,706,23.533333,1,23.535850,89072,30647,21720,91,0,SAFE,19.2506
goal,707,23.566667,1,23.564821,89746,28826,20225,91,0,SAFE,15.7934
goal,708,23.600000,1,23.601855,100453,31221,22148,96,0,SAFE,17.9820
goal,709,23.633333,1,23.632660,87947,29989,21615,122,0,SAFE,23.1575
goal,710,23.666667,1,23.664855,95905,32310,24325,93,0,SAFE,18.8228
goal,711,23.700000,1,23.698694,100478,34273,22119,100,0,SAFE,15.8087
goal,712,23.733333,1,23.735271,97004,35734,24086,83,0,SAFE,18.0265
goal,713,23.766667,1,23.766420,89604,31551,23451,126,0,SAFE,23.4685
goal,714,23.800000,1,23.800951,93371,32961,24567,131,0,SAFE,20.9000
goal,715,23.833333,1,23.830330,86904,30173,21505,66,0,SAFE,16.2085
goal,716,23.866667,1,23.867788,94774,30891,22617,59,0,SAFE,21.2352
goal,717,23.900000,1,23.898050,92818,28301,20262,118,0,SAFE,18.8147
goal,718,23.933333,1,23.928419,89538,29446,21517,101,0,SAFE,21.8992
goal,719,23.966667,1,23.968209,93519,32514,22565,69,0,SAFE,21.8996
goal,720,24.000000,1,23.997991,94668,30748,22315,68,0,SAFE,14.0617
goal,721,24.033333,1,24.035254,98107,30535,23292,109,0,SAFE,16.5135
goal,722,24.066667,1,24.067200,91612,30248,23103,87,0,SAFE,29.9852
goal,723,24.100000,1,24.103816,96447,32449,22270,87,0,SAFE,22.9058
goal,724,24.133333,1,24.133032,96344,33914,21838,96,0,SAFE,21.6482
goal,725,24.166667,1,24.166005,93796,33290,23834,129,0,SAFE,18.9121
goal,726,24.200000,1,24.202681,93208,31729,21956,108,0,SAFE,19.2026
goal,727,24.233333,1,24.235670,92659,30005,21504,98,0,SAFE,28.0824
goal,728,24.266667,1,24.267590,91470,29888,21480,105,0,SAFE,24.2807
goal,729,24.300000,1,24.299969,92544,30964,22909,88,0,SAFE,25.8018
goal,730,24.333333,1,24.334457,91174,30584,20558,128,0,SAFE,21.4939
goal,731,24.366667,1,24.366378,92336,32294,23244,113,0,SAFE,23.6794
goal,732,24.400000,1,24.399512,91494,29609,20963,139,0,SAFE,16.3449
goal,733,24.433333,1,24.435029,90296,32725,22681,109,0,SAFE,24.2888
goal,734,24.466667,1,24.466068,89668,29174,21219,116,0,SAFE,20.5229
goal,735,24.500000,1,24.500069,96874,32752,23938,99,0,SAFE,17.6355
goal,736,24.533333,1,24.535298,99822,34822,24259,85,0,SAFE,19.1561
goal,737,24.566667,1,24.566930,89554,29048,21888,143,0,SAFE,24.1430
goal,738,24.600000,1,24.601673,97678,31936,24500,102,0,SAFE,26.3741
goal,739,24.633333,1,24.629456,92991,31979,24107,78,0,SAFE,18.5747
goal,740,24.666667,1,24.668336,89644,31016,20614,94,0,SAFE,16.7098
goal,741,24.700000,1,24.700928,89652,30778,22628,74,0,SAFE,21.5093
goal,742,24.733333,1,24.729597,90278,31838,22450,62,0,SAFE,24.2045
goal,743,24.766667,1,24.765063,89233,30810,21667,141,0,SAFE,17.2948
goal,744,24.800000,1,24.795989,94640,30434,22197,90,0,SAFE,13.9167
goal,745,24.833333,1,24.832246,91644,31145,23518,111,0,SAFE,22.4129
goal,746,24.866667,1,24.868193,89912,30253,21668,112,0,SAFE,21.7748
goal,747,24.900000,1,24.903095,86704,29475,21538,110,0,SAFE,20.0042
goal,748,24.933333,1,24.932801,95213,31993,22614,99,0,SAFE,11.5456
goal,749,24.966667,1,24.966569,88301,30634,22457,110,0,SAFE,20.2838
goal,750,25.000000,1,25.000942,92418,32626,23629,72,0,SAFE,23.9544
goal,751,25.033333,1,25.029819,93203,31090,22027,103,0,SAFE,18.0712
goal,752,25.066667,1,25.067013,95059,33317,24817,67,0,SAFE,18.1434
goal,753,25.100000,1,25.101693,91244,29357,20539,74,0,SAFE,23.6175
goal,754,25.133333,1,25.135261,88764,30575,21543,112,0,SAFE,23.1940
goal,755,25.166667,1,25.166057,92558,32507,21876,131,0,SAFE,17.0158
goal,756,25.200000,1,25.201259,95349,30778,21861,118,0,SAFE,23.8182
goal,757,25.233333,1,25.234204,100277,32544,23356,93,0,SAFE,21.5047
goal,758,25.266667,1,25.265194,93948,31198,22415,148,0,SAFE,22.5614
goal,759,25.300000,1,25.299404,89882,29632,21891,114,0,SAFE,21.6668
goal,760,25.333333,1,25.333064,101836,33700,23829,67,0,SAFE,23.1924
goal,761,25.366667,1,25.365657,87558,28565,19714,115,0,SAFE,24.0397
goal,762,25.400000,1,25.398487,90176,31295,23885,130,0,SAFE,22.9548
goal,763,25.433333,1,25.434893,85558,31055,22029,110,0,SAFE,21.1509
goal,764,25.466667,1,25.468924,98094,33496,24492,115,0,SAFE,20.3235
goal,765,25.500000,1,25.498379,91076,30532,21064,94,0,SAFE,19.3152
goal,766,25.533333,1,25.532695,95253,31680,22805,123,0,SAFE,26.7809
goal,767,25.566667,1,25.563526,98310,33480,23928,94,0,SAFE,26.3892
goal,768,25.600000,1,25.599000,96881,33263,23716,74,0,SAFE,23.2041
goal,769,25.633333,1,25.632943,92491,31837,24779,125,0,SAFE,18.4083
goal,770,25.666667,1,25.665958,92645,32760,22838,113,0,SAFE,23.0631
goal,771,25.700000,1,25.696037,92431,32205,24120,75,0,SAFE,16.6213
goal,772,25.733333,1,25.731368,94459,31437,23159,106,0,SAFE,22.0573
goal,773,25.766667,1,25.764625,94806,31743,21915,59,0,SAFE,19.9391
goal,774,25.800000,1,25.798217,94494,32479,23057,89,0,SAFE,22.5897
goal,775,25.833333,1,25.833375,95227,30785,22621,86,0,SAFE,17.4102
goal,776,25.866667,1,25.867676,91284,32296,23743,77,0,SAFE,16.9164
goal,777,25.900000,1,25.901673,92740,30702,20976,89,0,SAFE,23.1959
goal,778,25.933333,1,25.928880,88268,30442,22313,98,0,SAFE,23.2494
goal,779,25.966667,1,25.967677,90519,32479,23355,99,0,SAFE,20.4206
goal,780,26.000000,1,25.999998,96375,31708,23179,93,0,SAFE,13.7835
goal,781,26.033333,1,26.033749,93216,31218,22325,110,0,SAFE,19.4371
goal,782,26.066667,1,26.063756,97837,33956,23553,107,0,SAFE,27.0045
goal,783,26.100000,1,26.096046,90696,31692,23029,90,0,SAFE,20.1007
goal,784,26.133333,1,26.135384,93075,33061,24227,69,0,SAFE,18.2388
goal,785,26.166667,1,26.167038,96555,35002,24209,92,0,SAFE,14.2447
goal,786,26.200000,1,26.197976,95256,32061,24335,82,0,SAFE,14.6312
goal,787,26.233333,1,26.232788,90712,29413,20606,101,0,SAFE,27.4857
goal,788,26.266667,1,26.264876,88952,29604,21395,91,0,SAFE,24.0754
goal,789,26.300000,1,26.296419,89767,29235,20832,70,0,SAFE,20.6421
goal,790,26.333333,1,26.334829,91821,32182,22872,92,0,SAFE,18.5417
goal,791,26.366667,1,26.366534,93101,31743,23229,100,0,SAFE,17.7111
goal,792,26.400000,1,26.398257,99615,31942,22834,83,0,SAFE,20.5277
goal,793,26.433333,1,26.430843,86460,28729,20648,95,0,SAFE,25.7954
goal,794,26.466667,1,26.471668,102102,31438,22276,74,0,SAFE,22.1157
goal,795,26.500000,1,26.498960,98140,33600,23160,104,0,SAFE,18.7187
goal,796,26.533333,1,26.534589,94419,32474,22929,134,0,SAFE,22.0186
goal,797,26.566667,1,26.567459,97129,34963,25375,125,0,SAFE,25.4604
goal,798,26.600000,1,26.599027,97962,34444,22822,111,0,SAFE,23.2407
goal,799,26.633333,1,26.632601,86199,30174,20413,104,0,SAFE,22.8072
goal,800,26.666667,1,26.668676,88301,28581,19637,92,0,SAFE,13.3748
goal,801,26.700000,1,26.700931,97775,33642,23978,122,0,SAFE,27.4904
goal,802,26.733333,1,26.735030,90788,31858,23205,74,0,SAFE,22.1309
goal,803,26.766667,1,26.765815,96534,35733,25684,98,0,SAFE,22.4598
goal,804,26.800000,0,26.801516,89244,30342,22645,98,0,SAFE,21.4321
goal,805,26.833333,1,26.831621,92385,32607,22277,109,0,SAFE,19.6702
goal,806,26.866667,1,26.866983,101187,33015,22532,117,0,SAFE,22.1505
goal,807,26.900000,1,26.900176,93439,33494,24211,97,0,SAFE,26.0842
goal,808,26.933333,1,26.932991,87504,29191,20412,65,0,SAFE,23.4386
goal,809,26.966667,1,26.966048,89106,30284,22977,76,0,SAFE,18.7028
goal,810,27.000000,1,26.998186,92102,31404,22428,108,0,SAFE,23.1361
goal,811,27.033333,1,27.031738,95272,36601,27192,88,0,SAFE,18.8527
goal,812,27.066667,1,27.065960,87018,28340,21170,91,0,SAFE,25.1663
goal,813,27.100000,1,27.098390,95627,31632,22417,90,0,SAFE,14.6609
goal,814,27.133333,1,27.134311,101132,32903,23196,99,0,SAFE,20.6371
goal,815,27.166667,1,27.166774,87912,30338,21814,66,0,SAFE,25.7939
goal,816,27.200000,1,27.198123,89740,31984,22339,61,0,SAFE,12.4283
goal,817,27.233333,1,27.233314,86139,28288,20159,82,0,SAFE,28.2569
goal,818,27.266667,1,27.266744,85488,29283,22230,130,0,SAFE,20.5307
goal,819,27.300000,1,27.299927,95146,33586,23890,88,0,SAFE,18.7115
goal,820,27.333333,1,27.333425,93279,32422,23854,94,0,SAFE,27.5785
goal,821,27.366667,1,27.368853,96063,31388,22296,98,0,SAFE,19.1380
goal,822,27.400000,1,27.397761,90258,31857,24127,101,0,SAFE,24.3772
goal,823,27.433333,1,27.432998,95909,32508,23510,105,0,SAFE,24.8897
goal,824,27.466667,1,27.466677,96229,31839,25006,111,0,SAFE,21.4017
goal,825,27.500000,1,27.498027,97742,34167,24826,80,0,SAFE,15.2597
goal,826,27.533333,1,27.532990,93012,33143,22589,94,0,SAFE,22.2044
goal,827,27.566667,1,27.567410,93565,30613,22793,106,0,SAFE,19.7826
goal,828,27.600000,1,27.601161,92594,32480,22561,91,0,SAFE,19.6518
goal,829,27.633333,1,27.631811,95599,31990,23150,67,0,SAFE,18.6623
goal,830,27.666667,1,27.666949,92916,32114,22643,89,0,SAFE,22.6126
goal,831,27.700000,1,27.699117,89334,30837,22522,56,0,SAFE,21.4762
goal,832,27.733333,1,27.733403,91559,31796,21845,133,0,SAFE,23.5210
goal,833,27.766667,1,27.763824,98376,33378,22898,107,0,SAFE,18.8019
goal,834,27.800000,1,27.800809,96728,32565,23869,57,0,SAFE,20.4857
goal,835,27.833333,0,27.828755,87405,30304,21352,109,0,SAFE,20.7954
goal,836,27.866667,1,27.865498,89889,29745,20771,81,0,SAFE,19.7816
goal,837,27.900000,1,27.900473,92674,32505,24809,85,0,SAFE,21.1265
goal,838,27.933333,1,27.931791,98277,33950,25343,78,0,SAFE,23.9886
goal,839,27.966667,1,27.964614,90015,31145,21745,90,0,SAFE,22.2020
goal,840,28.000000,1,27.998499,89253,30875,21528,115,0,SAFE,19.6277
goal,841,28.033333,1,28.033581,95773,33049,23613,126,0,SAFE,16.6307
goal,842,28.066667,1,28.068986,87787,27999,20593,97,0,SAFE,29.1688
goal,843,28.100000,1,28.100228,87181,29672,21077,85,0,SAFE,22.2727
goal,844,28.133333,1,28.137205,94930,33523,22595,68,0,SAFE,19.5594
goal,845,28.166667,1,28.163738,87729,27556,20175,133,0,SAFE,16.6289
goal,846,28.200000,1,28.198430,90399,29309,20417,77,0,SAFE,27.5572
goal,847,28.233333,1,28.230654,87146,29651,21922,96,0,SAFE,22.8819
goal,848,28.266667,1,28.267783,93664,31906,22355,60,0,SAFE,24.1445
goal,849,28.300000,0,28.300353,90715,32488,24425,99,0,SAFE,23.7130
goal,850,28.333333,1,28.332953,91038,30098,22310,89,0,SAFE,16.8212
goal,851,28.366667,1,28.367097,93162,31067,23740,111,0,SAFE,19.6561
goal,852,28.400000,1,28.399099,86801,28544,20449,132,0,SAFE,15.0462
goal,853,28.433333,1,28.432987,92752,30743,22443,105,0,SAFE,23.0575
goal,854,28.466667,1,28.465004,87699,29850,21228,90,0,SAFE,21.5667
goal,855,28.500000,1,28.499759,91498,30029,21440,124,0,SAFE,25.0422
goal,856,28.533333,1,28.535215,92526,30510,21057,76,0,SAFE,17.6648
goal,857,28.566667,1,28.568543,97890,31860,24474,115,0,SAFE,16.8096
goal,858,28.600000,1,28.599057,92763,31906,21792,134,0,SAFE,25.6536
goal,859,28.633333,1,28.630528,98340,33599,25537,57,0,SAFE,16.8952
goal,860,28.666667,1,28.668926,90522,29055,21432,99,0,SAFE,24.2184
goal,861,28.700000,1,28.703185,89569,31683,22075,102,0,SAFE,18.2993
goal,862,28.733333,1,28.729782,95134,31237,22332,80,0,SAFE,19.7526
goal,863,28.766667,1,28.764820,93882,31139,21227,114,0,SAFE,25.7326
goal,864,28.800000,1,28.799776,93683,28122,19733,87,0,SAFE,23.8706
goal,865,28.833333,1,28.835326,97355,32446,26163,104,0,SAFE,22.3488
goal,866,28.866667,1,28.863868,83619,28517,21335,131,0,SAFE,24.8777
goal,867,28.900000,1,28.898349,93190,30868,21982,65,0,SAFE,20.2552
goal,868,28.933333,1,28.933998,92181,33857,23247,113,0,SAFE,24.0775
goal,869,28.966667,1,28.965347,98716,34891,25573,106,0,SAFE,18.4798
goal,870,29.000000,1,28.997995,95478,31736,22811,62,0,SAFE,21.8735
goal,871,29.033333,1,29.032823,103445,33017,24290,87,0,SAFE,18.4124
goal,872,29.066667,1,29.069275,93367,32772,24132,124,0,SAFE,18.7724
goal,873,29.100000,1,29.098149,94440,30413,21584,121,0,SAFE,29.9006
goal,874,29.133333,1,29.133550,90988,31280,21783,128,0,SAFE,23.7652
goal,875,29.166667,1,29.166881,92998,32900,22647,95,0,SAFE,21.2957
goal,876,29.200000,1,29.197015,95563,34413,24555,121,0,SAFE,19.0762
goal,877,29.233333,1,29.236663,89901,29457,21370,69,0,SAFE,17.1053
goal,878,29.266667,1,29.268417,90672,31435,24757,84,0,SAFE,18.0541
goal,879,29.300000,1,29.296608,82415,27971,21058,111,0,SAFE,15.6415
goal,880,29.333333,1,29.334570,98279,32376,24885,50,0,SAFE,22.4597
goal,881,29.366667,1,29.364668,83981,27829,19214,81,0,SAFE,26.8539
goal,882,29.400000,1,29.398815,104106,34550,25551,85,0,SAFE,23.5887
goal,883,29.433333,1,29.430137,90357,31245,23092,116,0,SAFE,16.9129
goal,884,29.466667,1,29.468690,91022,30857,22556,127,0,SAFE,24.2980
goal,885,29.500000,1,29.498913,95277,33159,24242,91,0,SAFE,20.8411
goal,886,29.533333,1,29.529994,86195,28332,19955,104,0,SAFE,21.2165
goal,887,29.566667,1,29.564686,85238,29806,20796,119,0,SAFE,21.7843
goal,888,29.600000,1,29.596616,94038,31094,22346,84,0,SAFE,22.3862
goal,889,29.633333,1,29.633648,94059,31280,22039,108,0,SAFE,17.8281
goal,890,29.666667,1,29.668425,85655,29021,20579,59,0,SAFE,17.0970
goal,891,29.700000,1,29.699329,87012,30541,22541,98,0,SAFE,19.6944
goal,892,29.733333,1,29.735418,91530,32348,23397,66,0,SAFE,21.5378
goal,893,29.766667,1,29.766705,89255,30390,22150,129,0,SAFE,17.6440
goal,894,29.800000,1,29.800833,95293,33137,23121,93,0,SAFE,17.8361
goal,895,29.833333,1,29.835854,92878,30456,22480,127,0,SAFE,18.5772
goal,896,29.866667,1,29.868793,98445,31847,22206,83,0,SAFE,21.7857
goal,897,29.900000,1,29.900134,95277,31582,21674,113,0,SAFE,22.9189
goal,898,29.933333,1,29.931526,91323,33829,25719,118,0,SAFE,18.2860
goal,899,29.966667,1,29.966531,93079,32157,23676,104,0,SAFE,21.5327
goal,900,30.000000,1,30.001980,92393,32757,23973,112,0,SAFE,25.0733
goal,901,30.033333,1,30.030458,89692,29524,19640,96,0,SAFE,18.3137
goal,902,30.066667,1,30.068232,94092,32320,24104,86,0,SAFE,22.7739
goal,903,30.100000,1,30.102693,94432,32886,24085,81,1,SAFE_TRANSIENT_CLUSTER,17.5641
goal,904,30.133333,1,30.130075,93462,31670,21968,110,0,SAFE,22.5696
goal,905,30.166667,1,30.164486,92318,30420,20382,105,0,SAFE,21.0098
goal,906,30.200000,1,30.198517,95202,34009,24539,101,0,SAFE,18.9265
goal,907,30.233333,1,30.232457,94557,31055,21560,175,0,SAFE,18.0154
goal,908,30.266667,1,30.268337,93301,31836,23040,111,0,SAFE,16.7960
goal,909,30.300000,1,30.302035,88819,29364,20591,126,0,SAFE,28.2272
goal,910,30.333333,1,30.332023,92676,31697,23346,52,0,SAFE,20.2563
goal,911,30.366667,1,30.366228,93888,31444,22313,65,0,SAFE,22.4640
goal,912,30.400000,1,30.401760,88416,28794,19814,125,0,SAFE,14.2094
goal,913,30.433333,1,30.434687,91743,33747,25909,127,0,SAFE,21.7743
goal,914,30.466667,1,30.467120,90574,31310,23247,101,0,SAFE,14.2927
goal,915,30.500000,1,30.500013,93352,32821,24620,100,0,SAFE,19.3875
goal,916,30.533333,1,30.532546,91644,28566,20358,86,0,SAFE,23.0797
goal,917,30.566667,1,30.566472,91802,30387,22179,96,0,SAFE,20.0326
goal,918,30.600000,1,30.601077,94120,31245,21897,123,0,SAFE,16.0453
goal,919,30.633333,1,30.633076,92349,32436,23125,101,0,SAFE,28.7073
goal,920,30.666667,1,30.667374,93948,31264,22407,92,0,SAFE,19.6749
goal,921,30.700000,1,30.700240,86210,31416,21912,145,0,SAFE,21.1935
goal,922,30.733333,1,30.732806,95973,32799,24049,96,0,SAFE,14.7243
goal,923,30.766667,1,30.767083,91761,31274,23427,141,0,SAFE,19.8859
goal,924,30.800000,1,30.796403,89833,28168,21080,74,0,SAFE,19.1464
goal,925,30.833333,1,30.833133,94485,32537,23424,92,0,SAFE,19.6652
goal,926,30.866667,1,30.865367,93491,32477,23832,82,0,SAFE,21.7689
goal,927,30.900000,1,30.899293,83525,28199,19350,96,0,SAFE,12.6454
goal,928,30.933333,1,30.932746,95935,30780,20903,99,0,SAFE,22.9297
goal,929,30.966667,1,30.968466,92872,31611,23275,76,0,SAFE,24.4486
goal,930,31.000000,1,31.002687,89682,31316,25014,125,0,SAFE,23.7004
goal,931,31.033333,1,31.032933,82963,27927,20090,103,0,SAFE,22.5294
goal,932,31.066667,1,31.066751,97604,33936,25968,107,0,SAFE,25.4385
goal,933,31.100000,1,31.099036,95916,33039,24316,89,0,SAFE,23.5628
goal,934,31.133333,1,31.132840,100022,33659,26263,95,0,SAFE,24.3782
goal,935,31.166667,1,31.167553,87357,27850,19460,140,0,SAFE,18.4108
goal,936,31.200000,0,31.201167,95983,32675,22874,87,0,SAFE,18.5226
goal,937,31.233333,0,31.232613,89039,30036,21156,117,0,SAFE,19.6200
goal,938,31.266667,1,31.268962,97395,31363,22216,115,0,SAFE,20.0396
goal,939,31.300000,1,31.299236,96290,31642,22671,89,0,SAFE,22.1562
goal,940,31.333333,1,31.332960,90223,29534,20301,112,0,SAFE,23.1799
goal,941,31.366667,1,31.364377,91633,31850,23473,75,0,SAFE,12.3070
goal,942,31.400000,1,31.399852,94491,30910,21615,107,0,SAFE,25.9654
goal,943,31.433333,1,31.435560,99750,34732,23889,75,0,SAFE,17.9786
goal,944,31.466667,1,31.464689,92870,31896,23386,106,0,SAFE,21.1536
goal,945,31.500000,1,31.496404,96253,32136,22398,121,0,SAFE,24.5153
goal,946,31.533333,1,31.532380,92914,32578,22255,119,0,SAFE,24.1091
goal,947,31.566667,1,31.565215,92154,31391,21405,83,0,SAFE,26.4471
goal,948,31.600000,1,31.597942,87909,31329,21156,113,0,SAFE,19.4291
goal,949,31.633333,1,31.632667,96655,33658,23215,107,0,SAFE,14.4039
goal,950,31.666667,1,31.667568,93034,32526,25745,129,0,SAFE,19.1957
goal,951,31.700000,1,31.695664,96489,34185,26913,93,0,SAFE,26.0554
goal,952,31.733333,1,31.731240,93298,33080,23192,110,0,SAFE,24.8299
goal,953,31.766667,1,31.765572,87559,31462,24703,82,0,SAFE,26.5381
goal,954,31.800000,1,31.801430,100224,32906,23982,64,0,SAFE,18.5290
goal,955,31.833333,1,31.834035,89949,28596,19924,118,0,SAFE,22.4180
goal,956,31.866667,1,31.868516,88431,30452,22537,126,0,SAFE,27.3333
goal,957,31.900000,1,31.897461,86051,28341,21014,58,0,SAFE,16.6655
goal,958,31.933333,1,31.932258,91752,31270,23273,60,0,SAFE,20.4290
goal,959,31.966667,1,31.968056,96727,33232,23442,100,0,SAFE,23.9821
goal,960,32.000000,1,32.001495,95205,30532,21311,84,0,SAFE,19.1189
goal,961,32.033333,1,32.031968,91740,31958,23406,79,0,SAFE,18.8562
goal,962,32.066667,1,32.069639,94226,33067,24409,134,0,SAFE,20.1385
goal,963,32.100000,1,32.101440,94212,31210,22400,71,0,SAFE,25.9063
goal,964,32.133333,1,32.133924,96895,32466,22934,116,0,SAFE,17.6239
goal,965,32.166667,1,32.160630,83206,30432,22075,131,0,SAFE,23.8251
goal,966,32.200000,1,32.200214,96056,32602,22338,81,0,SAFE,21.6305
goal,967,32.233333,1,32.236164,101359,33934,23554,104,0,SAFE,20.4554
goal,968,32.266667,1,32.265593,95935,33786,25068,106,0,SAFE,20.0161
goal,969,32.300000,1,32.301784,94248,27990,19222,138,0,SAFE,18.6055
goal,970,32.333333,1,32.334976,89737,32685,24554,104,0,SAFE,17.7115
goal,971,32.366667,1,32.366208,93154,32571,23062,104,0,SAFE,22.0763
goal,972,32.400000,1,32.398992,98444,36430,26548,87,0,SAFE,13.2290
goal,973,32.433333,1,32.433782,102918,36428,25811,80,0,SAFE,22.0154
goal,974,32.466667,1,32.466136,90230,30576,21879,53,0,SAFE,22.8818
goal,975,32.500000,1,32.498597,94549,31383,22203,100,0,SAFE,22.0462
goal,976,32.533333,1,32.530687,95321,33596,24757,102,0,SAFE,22.9549
goal,977,32.566667,1,32.565476,85038,30138,21186,89,0,SAFE,17.6448
goal,978,32.600000,1,32.600788,85644,27887,21305,131,0,SAFE,23.5492
goal,979,32.633333,1,32.632038,98897,35233,24554,78,0,SAFE,19.1892
goal,980,32.666667,1,32.663808,95828,33646,24646,112,0,SAFE,20.3182
goal,981,32.700000,1,32.700288,90776,29917,21085,95,0,SAFE,15.4150
goal,982,32.733333,1,32.736396,95298,30974,21665,114,0,SAFE,26.2993
goal,983,32.766667,1,32.768113,98802,32408,22930,55,0,SAFE,25.6745
goal,984,32.800000,1,32.799134,92578,31964,22665,106,0,SAFE,16.2838
goal,985,32.833333,1,32.833589,87818,31038,21227,118,0,SAFE,16.0480
goal,986,32.866667,1,32.867867,86172,30376,22218,126,0,SAFE,19.9325
goal,987,32.900000,1,32.899550,86856,29637,21611,107,0,SAFE,25.7942
goal,988,32.933333,1,32.932902,92606,29638,22887,118,0,SAFE,16.3746
goal,989,32.966667,1,32.963829,93750,33581,23642,64,0,SAFE,23.6520
goal,990,33.000000,1,32.998967,93242,30398,20247,53,0,SAFE,18.7037
goal,991,33.033333,1,33.030061,96610,31637,21689,88,0,SAFE,14.5253
goal,992,33.066667,1,33.066016,92601,31565,24050,132,0,SAFE,21.4206
goal,993,33.100000,1,33.099039,94652,33115,24687,85,0,SAFE,19.0917
goal,994,33.133333,1,33.134951,93766,30065,19777,127,0,SAFE,20.4496
goal,995,33.166667,1,33.169614,87727,31504,22487,105,0,SAFE,22.9103
goal,996,33.200000,1,33.198701,89379,30379,22336,92,0,SAFE,24.9815
goal,997,33.233333,1,33.233765,91903,32745,22357,98,0,SAFE,16.2736
goal,998,33.266667,1,33.264149,92815,32931,23635,77,0,SAFE,24.4051
goal,999,33.300000,1,33.297219,93728,32941,23887,123,0,SAFE,16.5858
goal,1000,33.333333,1,33.332420,90123,31874,22256,87,0,SAFE,22.7207
goal,1001,33.366667,1,33.366316,88745,31850,22973,107,0,SAFE,22.2393
goal,1002,33.400000,1,33.402247,88452,31096,23186,90,1,SAFE_TRANSIENT_CLUSTER,20.4255
goal,1003,33.433333,1,33.432422,93505,30296,22261,90,0,SAFE,22.2559
goal,1004,33.466667,1,33.467634,89966,31624,23381,95,0,SAFE,25.0345
goal,1005,33.500000,1,33.500191,88018,31059,22794,120,0,SAFE,23.5158
goal,1006,33.533333,1,33.536120,97884,32282,23580,93,0,SAFE,18.7521
goal,1007,33.566667,1,33.565028,96738,30674,20799,101,0,SAFE,17.6240
goal,1008,33.600000,1,33.597517,88277,27946,18916,87,0,SAFE,24.7029
goal,1009,33.633333,1,33.637025,91036,31313,22060,95,0,SAFE,22.1834
goal,1010,33.666667,1,33.668463,90225,31613,22120,108,0,SAFE,21.1866
goal,1011,33.700000,1,33.700579,98884,33744,23632,73,0,SAFE,26.1932
goal,1012,33.733333,1,33.731649,94980,32464,24545,86,0,SAFE,23.9864
goal,1013,33.766667,1,33.767944,90648,33511,24743,83,0,SAFE,17.0434
goal,1014,33.800000,1,33.798827,90288,27195,19202,76,0,SAFE,23.2337
goal,1015,33.833333,1,33.834459,92757,30746,23404,107,0,SAFE,22.9751
goal,1016,33.866667,1,33.865268,94517,30772,21318,95,0,SAFE,20.6041
goal,1017,33.900000,1,33.898839,92200,32538,24534,118,0,SAFE,20.4962
goal,1018,33.933333,1,33.932328,88787,28900,21198,90,0,SAFE,21.1058
goal,1019,33.966667,1,33.968915,96926,30946,21234,92,0,SAFE,22.8269
goal,1020,34.000000,1,34.002378,91913,28517,20104,103,0,SAFE,23.3587
goal,1021,34.033333,1,34.032544,88260,30027,22611,93,0,SAFE,24.4001
goal,1022,34.066667,1,34.067360,94206,32303,23073,57,0,SAFE,19.4536
goal,1023,34.100000,1,34.098330,87156,31226,21769,95,0,SAFE,10.9826
goal,1024,34.133333,1,34.136895,90419,30746,20486,91,0,SAFE,27.8271
goal,1025,34.166667,1,34.164905,90616,30518,21426,71,0,SAFE,16.3866
goal,1026,34.200000,1,34.201159,94563,30218,22373,102,0,SAFE,23.6175
goal,1027,34.233333,1,34.232458,78767,26965,18637,111,0,SAFE,18.6971
goal,1028,34.266667,1,34.266314,93752,29786,21638,106,0,SAFE,21.4288
goal,1029,34.300000,0,34.297659,94557,28757,20658,110,0,SAFE,22.4337
goal,1030,34.333333,1,34.333732,95906,32110,23599,99,0,SAFE,19.6596
goal,1031,34.366667,1,34.365345,90624,32083,24423,106,1,SAFE_TRANSIENT_CLUSTER,18.5620
goal,1032,34.400000,1,34.399453,105620,35854,25773,92,0,SAFE,24.2493
goal,1033,34.433333,1,34.433833,88558,31516,23093,121,0,SAFE,21.3793
goal,1034,34.466667,1,34.468831,90150,29799,22495,114,0,SAFE,24.2561
goal,1035,34.500000,1,34.500540,91678,29608,21122,95,0,SAFE,16.0404
goal,1036,34.533333,1,34.535215,83887,28339,21475,86,0,SAFE,21.0491
goal,1037,34.566667,1,34.567032,94111,33819,22734,61,0,SAFE,20.7662
goal,1038,34.600000,1,34.598894,91024,31520,22224,102,0,SAFE,22.5617
goal,1039,34.633333,1,34.630591,88938,28896,21768,90,0,SAFE,22.8125
goal,1040,34.666667,1,34.668405,94174,33690,23094,97,0,SAFE,19.2557
goal,1041,34.700000,1,34.697574,91417,30507,21041,76,0,SAFE,17.2208
goal,1042,34.733333,1,34.732383,92071,32454,23880,97,0,SAFE,17.7215
goal,1043,34.766667,1,34.770806,86994,29866,21137,112,0,SAFE,25.2025
goal,1044,34.800000,1,34.801228,97321,33798,23303,106,0,SAFE,21.4004
goal,1045,34.833333,1,34.833137,93996,32168,22948,86,0,SAFE,25.5158
goal,1046,34.866667,1,34.865991,99040,35409,24887,127,0,SAFE,23.7749
goal,1047,34.900000,1,34.901948,94668,34005,24541,102,0,SAFE,25.7160
goal,1048,34.933333,1,34.931781,84069,29505,19976,76,0,SAFE,18.5160
goal,1049,34.966667,1,34.967340,87574,32964,23268,104,0,SAFE,13.2712
goal,1050,35.000000,1,35.002811,93676,32084,22820,128,0,SAFE,23.5578
goal,1051,35.033333,1,35.035026,89603,32839,24277,81,0,SAFE,25.3860
goal,1052,35.066667,1,35.066366,95704,34803,25785,114,0,SAFE,21.3308
goal,1053,35.100000,1,35.099268,100676,36180,26461,127,0,SAFE,21.9956
goal,1054,35.133333,1,35.133950,94068,30924,23021,84,0,SAFE,24.0568
goal,1055,35.166667,1,35.164336,95257,31344,23697,102,0,SAFE,18.2920
goal,1056,35.200000,1,35.200246,88501,30183,21825,98,0,SAFE,22.1784
goal,1057,35.233333,1,35.229843,93947,32305,23528,77,0,SAFE,21.2651
goal,1058,35.266667,1,35.266902,93687,32366,23189,97,0,SAFE,28.2459
goal,1059,35.300000,1,35.299473,91330,27717,19386,84,0,SAFE,17.0044
goal,1060,35.333333,1,35.330121,96138,32549,23725,94,0,SAFE,24.0567
goal,1061,35.366667,1,35.366654,101353,36029,26489,109,0,SAFE,20.5512
goal,1062,35.400000,1,35.400836,86903,28165,20542,90,0,SAFE,23.0967
goal,1063,35.433333,1,35.431015,92797,33047,22912,78,0,SAFE,24.9792
goal,1064,35.466667,1,35.465850,94247,33180,22358,117,0,SAFE,20.3801
goal,1065,35.500000,1,35.501350,100174,33918,22418,76,0,SAFE,15.9845
goal,1066,35.533333,1,35.532818,95014,28258,20688,103,0,SAFE,20.9354
goal,1067,35.566667,1,35.567863,92203,32639,23564,111,0,SAFE,19.0243
goal,1068,35.600000,1,35.602071,95163,32784,22726,61,0,SAFE,18.3346
goal,1069,35.633333,1,35.632651,91367,30428,21405,148,0,SAFE,23.8319
goal,1070,35.666667,1,35.666863,89378,29870,22384,85,0,SAFE,22.2550
goal,1071,35.700000,1,35.703417,95558,31188,23256,106,0,SAFE,10.9441
goal,1072,35.733333,1,35.734297,81166,27065,19793,85,0,SAFE,23.4787
goal,1073,35.766667,1,35.767841,95571,32823,21326,80,0,SAFE,23.2690
goal,1074,35.800000,1,35.798121,89993,28296,19501,109,0,SAFE,22.8492
goal,1075,35.833333,1,35.832523,88284,30636,21235,99,0,SAFE,20.9112
goal,1076,35.866667,1,35.869167,94242,30798,22200,98,0,SAFE,21.0990
goal,1077,35.900000,1,35.898934,100781,31586,22152,89,0,SAFE,21.9319
goal,1078,35.933333,1,35.933183,84873,30961,21679,81,0,SAFE,19.9829
goal,1079,35.966667,1,35.965292,96988,34813,25380,124,0,SAFE,21.9343
goal,1080,36.000000,1,36.001994,99527,35129,25664,107,0,SAFE,23.1945
goal,1081,36.033333,1,36.035272,92843,32535,22723,60,0,SAFE,15.9749
goal,1082,36.066667,1,36.068353,90058,30334,21960,79,0,SAFE,20.2825
goal,1083,36.100000,1,36.098811,93014,29815,22433,141,0,SAFE,22.5816
goal,1084,36.133333,1,36.133424,85217,29085,21228,105,0,SAFE,24.5765
goal,1085,36.166667,1,36.165344,93617,32818,23879,93,0,SAFE,22.8865
goal,1086,36.200000,1,36.200324,90366,32920,23041,73,0,SAFE,21.1316
goal,1087,36.233333,1,36.233646,92188,31286,23948,74,0,SAFE,21.3061
goal,1088,36.266667,1,36.266013,85055,29203,21415,116,0,SAFE,26.5832
goal,1089,36.300000,1,36.295896,88892,30235,22632,84,0,SAFE,19.7854
goal,1090,36.333333,1,36.332459,97597,33964,25405,62,0,SAFE,21.0203
goal,1091,36.366667,1,36.367658,87406,31089,22015,123,0,SAFE,21.9127
goal,1092,36.400000,1,36.400736,95403,35481,26112,89,0,SAFE,18.6652
goal,1093,36.433333,1,36.434070,90570,31028,23689,94,0,SAFE,20.6174
goal,1094,36.466667,1,36.467139,91784,31138,22261,90,1,SAFE_TRANSIENT_CLUSTER,14.3778
goal,1095,36.500000,1,36.498862,92870,31243,22304,106,0,SAFE,24.7086
goal,1096,36.533333,1,36.532773,89021,31459,22622,109,0,SAFE,22.8053
goal,1097,36.566667,1,36.566561,84819,29171,20759,96,0,SAFE,13.8514
goal,1098,36.600000,1,36.600846,94025,30826,22375,79,0,SAFE,14.6641
goal,1099,36.633333,1,36.633261,93975,33615,24606,103,0,SAFE,22.2651
goal,1100,36.666667,1,36.666405,91649,31008,21945,115,0,SAFE,25.7067
goal,1101,36.700000,1,36.698234,87457,29573,20726,82,0,SAFE,20.8567
goal,1102,36.733333,1,36.732815,90336,31216,22280,89,0,SAFE,22.5297
goal,1103,36.766667,1,36.766517,92338,29990,20846,87,0,SAFE,24.1423
goal,1104,36.800000,1,36.801698,91867,31225,22321,87,0,SAFE,27.0776
goal,1105,36.833333,1,36.832357,91718,33250,24850,108,0,SAFE,22.0084
goal,1106,36.866667,1,36.868020,97235,30738,21866,97,0,SAFE,22.1677
goal,1107,36.900000,1,36.898908,85897,30012,20524,108,0,SAFE,20.9522
goal,1108,36.933333,1,36.931700,92856,30339,21627,108,0,SAFE,16.5995
goal,1109,36.966667,1,36.966772,92679,33771,25747,121,0,SAFE,24.9926
goal,1110,37.000000,1,36.998644,98150,30770,23484,79,0,SAFE,17.1440
goal,1111,37.033333,1,37.032252,92879,32701,22618,108,0,SAFE,28.4547
goal,1112,37.066667,1,37.063186,94929,34939,24019,106,0,SAFE,18.3001
goal,1113,37.100000,1,37.097438,94850,34256,23548,111,0,SAFE,25.2888
goal,1114,37.133333,1,37.132194,92912,31259,21782,107,0,SAFE,17.3567
goal,1115,37.166667,1,37.164989,88490,30307,22577,88,1,SAFE_TRANSIENT_CLUSTER,21.3604
goal,1116,37.200000,1,37.200042,86349,27929,20014,112,0,SAFE,24.1369
goal,1117,37.233333,1,37.233279,88548,30445,22071,86,0,SAFE,19.9127
goal,1118,37.266667,1,37.265785,90795,30528,22007,87,0,SAFE,20.1835
goal,1119,37.300000,1,37.302262,89660,30320,23364,90,0,SAFE,23.0204
goal,1120,37.333333,0,37.333148,98342,33654,25226,103,0,SAFE,20.0677
goal,1121,37.366667,1,37.367349,93246,33001,23677,97,0,SAFE,18.4452
goal,1122,37.400000,1,37.399164,95732,31965,21305,128,0,SAFE,26.1245
goal,1123,37.433333,1,37.435176,101435,34406,24510,76,0,SAFE,22.0013
goal,1124,37.466667,1,37.467671,96365,30394,20520,112,0,SAFE,16.0804
goal,1125,37.500000,1,37.501761,88472,30936,22228,106,0,SAFE,18.4610
goal,1126,37.533333,1,37.531437,93983,31025,22487,121,0,SAFE,13.5158
goal,1127,37.566667,1,37.563880,89728,30622,22352,110,0,SAFE,19.4759
goal,1128,37.600000,1,37.599597,87634,31031,21837,96,0,SAFE,21.9672
goal,1129,37.633333,1,37.634992,91196,29338,21760,83,0,SAFE,25.4330
goal,1130,37.666667,1,37.664622,89601,29401,21389,77,0,SAFE,16.1812
goal,1131,37.700000,1,37.700833,87593,29217,20464,99,0,SAFE,27.6454
goal,1132,37.733333,1,37.734983,88252,30260,21585,73,0,SAFE,20.7161
goal,1133,37.766667,1,37.766487,95799,30751,22208,103,0,SAFE,20.2051
goal,1134,37.800000,1,37.801439,95481,31957,22501,105,0,SAFE,25.6187
goal,1135,37.833333,1,37.831453,92349,32427,23990,65,0,SAFE,21.2706
goal,1136,37.866667,1,37.867118,97069,35804,25786,105,0,SAFE,19.3110
goal,1137,37.900000,1,37.900494,87371,28189,21648,88,0,SAFE,23.0403
goal,1138,37.933333,1,37.933729,87572,29388,21302,92,0,SAFE,13.1991
goal,1139,37.966667,1,37.969223,87831,29519,20983,105,0,SAFE,22.8020
goal,1140,38.000000,1,38.003515,97284,33986,25794,80,0,SAFE,16.0764
goal,1141,38.033333,1,38.036916,95377,31863,22591,109,0,SAFE,19.2061
goal,1142,38.066667,1,38.068434,90916,30595,23298,93,0,SAFE,28.1794
goal,1143,38.100000,1,38.099193,97206,31668,22178,114,0,SAFE,26.5043
goal,1144,38.133333,1,38.133805,94048,32273,22805,139,0,SAFE,21.7605
goal,1145,38.166667,1,38.167898,88622,31933,22795,36,0,SAFE,14.1577
goal,1146,38.200000,1,38.201985,88396,30076,22433,89,0,SAFE,19.8117
goal,1147,38.233333,1,38.233834,92016,31006,22487,120,0,SAFE,19.2570
goal,1148,38.266667,1,38.267332,92269,30436,22436,102,0,SAFE,23.1867
goal,1149,38.300000,1,38.302337,87855,29209,22017,94,0,SAFE,25.0472
goal,1150,38.333333,1,38.334574,97832,34975,24838,89,0,SAFE,23.2236
goal,1151,38.366667,1,38.365031,92270,31635,22287,94,0,SAFE,18.0578
goal,1152,38.400000,1,38.401061,96975,32378,23020,115,0,SAFE,29.3434
goal,1153,38.433333,1,38.431745,83481,27823,19643,109,0,SAFE,20.3641
goal,1154,38.466667,1,38.467894,96118,33532,22846,109,0,SAFE,28.9415
goal,1155,38.500000,1,38.501428,86658,29851,20918,127,0,SAFE,21.1389
goal,1156,38.533333,1,38.531468,99193,32086,23413,118,0,SAFE,23.3411
goal,1157,38.566667,1,38.569536,88806,29270,21900,119,0,SAFE,23.6365
goal,1158,38.600000,1,38.600096,91220,30955,22704,78,0,SAFE,13.2853
goal,1159,38.633333,1,38.634838,91314,32997,22216,139,0,SAFE,17.9305
goal,1160,38.666667,1,38.667116,96578,32238,23722,87,0,SAFE,22.3001
goal,1161,38.700000,1,38.703414,90541,30640,23092,112,0,SAFE,18.8703
goal,1162,38.733333,1,38.732090,86492,29644,20293,113,0,SAFE,25.4962
goal,1163,38.766667,1,38.771411,90721,32871,24375,88,0,SAFE,21.5755
goal,1164,38.800000,1,38.802923,89178,32238,21627,114,0,SAFE,22.3000
goal,1165,38.833333,1,38.833569,97003,33390,21949,124,0,SAFE,19.9778
goal,1166,38.866667,1,38.863672,99849,33141,24165,110,0,SAFE,19.7425
goal,1167,38.900000,1,38.898955,85970,28772,21400,73,0,SAFE,18.2695
goal,1168,38.933333,1,38.935660,102861,36326,26762,91,0,SAFE,20.3572
goal,1169,38.966667,1,38.964967,89597,32746,23566,139,1,SAFE_TRANSIENT_CLUSTER,24.3110
goal,1170,39.000000,1,39.000601,99109,34517,25025,110,0,SAFE,18.5813
goal,1171,39.033333,1,39.029033,88484,31177,22730,66,0,SAFE,18.3280
goal,1172,39.066667,1,39.068056,97204,32151,23185,109,0,SAFE,25.9591
goal,1173,39.100000,1,39.100636,99760,32435,22223,105,0,SAFE,21.8763
goal,1174,39.133333,1,39.132365,99412,33644,24298,98,0,SAFE,29.2518
goal,1175,39.166667,1,39.167607,89217,30234,21966,106,0,SAFE,20.7316
goal,1176,39.200000,1,39.200766,88509,28626,21430,106,0,SAFE,21.9865
goal,1177,39.233333,1,39.234408,97334,33287,23608,78,0,SAFE,17.6588
goal,1178,39.266667,1,39.265613,94034,33600,23782,122,0,SAFE,22.5314
goal,1179,39.300000,1,39.299101,94258,31812,22244,119,0,SAFE,20.0161
goal,1180,39.333333,1,39.329866,89899,31532,21602,70,0,SAFE,23.0885
goal,1181,39.366667,1,39.368640,99382,36167,26459,132,0,SAFE,22.1920
goal,1182,39.400000,1,39.398442,92902,31425,21448,114,0,SAFE,17.2008
goal,1183,39.433333,1,39.431891,97675,32355,22187,131,0,SAFE,28.9761
goal,1184,39.466667,1,39.467230,95884,34418,24406,85,0,SAFE,21.2747
goal,1185,39.500000,1,39.498404,102767,34577,23935,110,0,SAFE,16.1648
goal,1186,39.533333,1,39.532658,94331,32094,22237,101,0,SAFE,18.6074
goal,1187,39.566667,1,39.567423,94059,34298,23942,81,0,SAFE,21.3152
goal,1188,39.600000,1,39.597444,92959,30847,21937,89,0,SAFE,17.6059
goal,1189,39.633333,1,39.633976,84098,28881,20887,82,0,SAFE,25.0353
goal,1190,39.666667,1,39.670077,94876,31268,22596,111,0,SAFE,25.7602
goal,1191,39.700000,1,39.701260,94575,35326,24816,98,0,SAFE,29.3426
goal,1192,39.733333,1,39.732420,90146,30462,22534,128,0,SAFE,19.5671
goal,1193,39.766667,1,39.768799,89058,30340,21063,121,0,SAFE,19.9434
goal,1194,39.800000,1,39.798971,96472,29086,20357,108,0,SAFE,17.2185
goal,1195,39.833333,1,39.832859,92804,31379,22808,88,0,SAFE,28.2998
goal,1196,39.866667,1,39.865538,95342,32286,23440,103,0,SAFE,15.0326
goal,1197,39.900000,1,39.900783,96842,33524,24788,61,0,SAFE,21.2549
goal,1198,39.933333,1,39.932664,85421,26322,18795,94,1,SAFE_TRANSIENT_CLUSTER,24.6590
goal,1199,39.966667,1,39.966556,82587,27874,21629,124,0,SAFE,19.8694
goal,1200,40.000000,1,40.000809,84389,28900,20892,103,0,SAFE,23.6428
goal,1201,40.033333,1,40.034684,94705,31810,22946,115,0,SAFE,19.3434
goal,1202,40.066667,1,40.065816,93460,31779,23453,108,0,SAFE,21.8636
goal,1203,40.100000,1,40.100224,94804,34375,24597,154,0,SAFE,18.3730
goal,1204,40.133333,1,40.135294,99802,32462,24339,108,0,SAFE,19.3548
goal,1205,40.166667,1,40.165528,90905,32151,22760,75,0,SAFE,18.7714
goal,1206,40.200000,1,40.200720,98057,33296,23075,70,0,SAFE,18.7180
goal,1207,40.233333,1,40.231044,90666,31105,21590,111,0,SAFE,24.3864
goal,1208,40.266667,1,40.265289,85990,31428,22574,117,0,SAFE,17.9968
goal,1209,40.300000,1,40.298762,94946,32334,23616,120,0,SAFE,18.2304
goal,1210,40.333333,1,40.336497,87176,30471,20576,105,0,SAFE,22.0924
goal,1211,40.366667,1,40.366660,90943,32656,22431,132,0,SAFE,15.6401
goal,1212,40.400000,1,40.399554,98841,35862,26143,113,0,SAFE,19.8053
goal,1213,40.433333,1,40.435119,99131,32164,23657,85,0,SAFE,20.3776
goal,1214,40.466667,1,40.466366,85256,26960,20179,111,0,SAFE,27.4756
goal,1215,40.500000,1,40.498700,89870,31054,21766,96,0,SAFE,22.0771
goal,1216,40.533333,1,40.533824,91813,31631,25035,71,0,SAFE,23.1003
goal,1217,40.566667,1,40.567400,94962,33299,23131,92,0,SAFE,21.3227
goal,1218,40.600000,1,40.602402,89328,30538,21120,72,0,SAFE,21.9844
goal,1219,40.633333,1,40.633607,87829,29397,22781,86,0,SAFE,19.7880
goal,1220,40.666667,1,40.668658,91319,33690,24007,85,0,SAFE,24.4139
goal,1221,40.700000,1,40.702304,89429,31251,23153,108,0,SAFE,23.5525
goal,1222,40.733333,1,40.732444,94870,32799,23288,98,0,SAFE,18.9597
goal,1223,40.766667,1,40.765076,92956,32190,23374,126,1,SAFE_TRANSIENT_CLUSTER,17.4635
goal,1224,40.800000,1,40.799109,92916,32136,22089,103,0,SAFE,25.0915
goal,1225,40.833333,1,40.833763,87697,32551,23988,122,0,SAFE,25.1433
goal,1226,40.866667,1,40.864814,96355,32497,23400,68,0,SAFE,17.9786
goal,1227,40.900000,1,40.901394,94266,35243,25845,44,0,SAFE,20.5610
goal,1228,40.933333,1,40.937788,90904,31351,23794,100,0,SAFE,19.1357
goal,1229,40.966667,1,40.963511,93126,31573,21986,104,0,SAFE,20.8579
goal,1230,41.000000,1,40.996345,92870,30463,20658,118,0,SAFE,16.6852
goal,1231,41.033333,1,41.033993,88970,29302,20158,89,0,SAFE,22.9812
goal,1232,41.066667,1,41.068234,91699,28251,20667,91,0,SAFE,19.5340
goal,1233,41.100000,1,41.099489,88658,33399,24167,80,0,SAFE,23.0597
goal,1234,41.133333,1,41.132727,88728,30658,21594,131,0,SAFE,23.9470
goal,1235,41.166667,1,41.165750,89772,29270,21748,64,0,SAFE,22.7064
goal,1236,41.200000,1,41.202665,101765,35587,26447,70,0,SAFE,22.7529
goal,1237,41.233333,1,41.232692,80723,29688,21148,97,0,SAFE,19.4443
goal,1238,41.266667,1,41.266105,92745,31573,21111,115,0,SAFE,17.0389
goal,1239,41.300000,1,41.300282,93887,30855,22953,109,0,SAFE,18.0759
goal,1240,41.333333,1,41.329106,98873,34109,24584,76,0,SAFE,23.9403
goal,1241,41.366667,1,41.364996,97090,33062,23298,111,0,SAFE,21.4193
goal,1242,41.400000,1,41.401238,81748,27557,19976,92,0,SAFE,14.1575
goal,1243,41.433333,1,41.431028,94207,31394,23718,58,0,SAFE,16.4503
goal,1244,41.466667,1,41.467590,93424,30401,21930,101,0,SAFE,19.7792
goal,1245,41.500000,1,41.499357,84091,28397,20365,116,0,SAFE,19.2895
goal,1246,41.533333,1,41.534214,100351,36946,26983,93,0,SAFE,22.4747
goal,1247,41.566667,1,41.565924,98722,32384,22876,114,0,SAFE,19.4664
goal,1248,41.600000,1,41.599501,94342,32191,23448,80,0,SAFE,22.6662
goal,1249,41.633333,1,41.631606,92192,30920,22381,91,0,SAFE,24.5875
goal,1250,41.666667,1,41.665652,92311,29527,20477,95,0,SAFE,18.6217
goal,1251,41.700000,1,41.701611,95455,34824,25305,61,0,SAFE,20.1774
goal,1252,41.733333,1,41.733152,92494,29605,20867,109,0,SAFE,21.5235
goal,1253,41.766667,1,41.768930,93702,31078,20977,81,0,SAFE,26.7321
goal,1254,41.800000,1,41.799825,96476,33759,22804,76,0,SAFE,12.3744
goal,1255,41.833333,1,41.831775,97621,32836,23977,122,0,SAFE,29.1962
goal,1256,41.866667,1,41.871152,89843,30110,20743,143,0,SAFE,19.9441
goal,1257,41.900000,1,41.898613,88800,28486,20590,118,0,SAFE,19.1646
goal,1258,41.933333,1,41.930486,89660,29612,21649,82,0,SAFE,18.7782
goal,1259,41.966667,1,41.966065,89447,33552,24508,86,0,SAFE,29.6276
goal,1260,42.000000,1,42.001011,88489,30089,21296,102,0,SAFE,21.1440
goal,1261,42.033333,1,42.033254,96982,32851,23410,124,0,SAFE,19.5237
goal,1262,42.066667,1,42.065414,96506,32012,22696,97,0,SAFE,24.1365
goal,1263,42.100000,1,42.099675,88544,30530,20668,77,0,SAFE,20.5062
goal,1264,42.133333,1,42.131853,83489,30031,22507,91,0,SAFE,22.0315
goal,1265,42.166667,1,42.166457,92318,33079,22912,81,0,SAFE,20.8994
goal,1266,42.200000,1,42.200762,91517,31838,24310,119,0,SAFE,19.3698
goal,1267,42.233333,1,42.234799,93763,32430,22163,103,0,SAFE,19.6554
goal,1268,42.266667,1,42.267988,97507,32300,23796,90,0,SAFE,23.8619
goal,1269,42.300000,1,42.297091,94447,33513,25544,104,0,SAFE,20.4013
goal,1270,42.333333,1,42.333038,87957,28433,20652,69,0,SAFE,18.5789
goal,1271,42.366667,0,42.368959,89277,32272,22334,101,0,SAFE,26.8827
goal,1272,42.400000,1,42.400794,82887,27733,19205,87,0,SAFE,19.4872
goal,1273,42.433333,1,42.432964,95516,32882,23415,84,0,SAFE,20.6196
goal,1274,42.466667,1,42.469528,86778,32475,22236,110,0,SAFE,22.0646
goal,1275,42.500000,1,42.499490,92749,30444,23693,93,0,SAFE,19.9242
goal,1276,42.533333,1,42.537492,97845,33960,25684,132,0,SAFE,21.1585
goal,1277,42.566667,1,42.568579,90394,32014,22110,102,0,SAFE,22.1429
goal,1278,42.600000,1,42.597158,93860,29536,21274,139,0,SAFE,18.1297
goal,1279,42.633333,1,42.634994,91425,29406,21085,118,0,SAFE,23.8843
goal,1280,42.666667,1,42.665204,89500,33070,23065,104,0,SAFE,21.5909
goal,1281,42.700000,1,42.699331,93681,31253,23845,80,0,SAFE,20.6732
goal,1282,42.733333,1,42.732687,86087,28971,20197,82,0,SAFE,16.5086
goal,1283,42.766667,0,42.765565,91927,29801,21292,116,0,SAFE,22.5552
goal,1284,42.800000,1,42.798396,87042,30511,22205,84,0,SAFE,22.9188
goal,1285,42.833333,1,42.832918,97160,35441,26558,113,0,SAFE,25.3097
goal,1286,42.866667,1,42.868253,89218,31892,23607,135,0,SAFE,19.9035
goal,1287,42.900000,1,42.898782,84975,28551,20377,81,0,SAFE,22.1729
goal,1288,42.933333,1,42.932901,96393,33337,24842,98,0,SAFE,19.8655
goal,1289,42.966667,1,42.969088,91344,33429,23552,96,0,SAFE,23.4486
goal,1290,43.000000,1,43.001717,91802,30983,21148,115,0,SAFE,18.4358
goal,1291,43.033333,1,43.032873,84082,28455,19629,108,0,SAFE,21.9517
goal,1292,43.066667,1,43.066672,97634,31986,23123,84,1,SAFE_TRANSIENT_CLUSTER,21.4595
goal,1293,43.100000,1,43.101281,96045,32278,22660,109,0,SAFE,17.9977
goal,1294,43.133333,1,43.130410,98065,30275,21573,103,0,SAFE,25.0310
goal,1295,43.166667,1,43.168642,98882,33622,23527,86,0,SAFE,18.8428
goal,1296,43.200000,1,43.199714,90743,30525,21745,79,0,SAFE,27.0949
goal,1297,43.233333,1,43.234976,91255,31222,23802,59,0,SAFE,20.5446
goal,1298,43.266667,1,43.267404,98949,34187,25235,118,0,SAFE,19.8000
goal,1299,43.300000,1,43.298021,92604,29595,21265,97,0,SAFE,23.0298
goal,1300,43.333333,1,43.329295,88785,29872,21249,70,0,SAFE,17.2362
goal,1301,43.366667,1,43.367277,94598,32922,22839,112,0,SAFE,25.8594
goal,1302,43.400000,1,43.399762,97403,34061,24991,164,0,SAFE,23.9346
goal,1303,43.433333,1,43.434433,88664,31638,23435,91,0,SAFE,21.5584
goal,1304,43.466667,1,43.468494,95046,32365,22730,89,0,SAFE,15.8985
goal,1305,43.500000,1,43.498608,92266,31543,22348,118,0,SAFE,23.9198
goal,1306,43.533333,1,43.533803,89369,30717,21822,58,0,SAFE,18.9774
goal,1307,43.566667,1,43.570043,88251,28625,20141,98,0,SAFE,20.9024
goal,1308,43.600000,1,43.599231,103927,33244,23552,55,0,SAFE,15.8490
goal,1309,43.633333,1,43.632870,92261,32224,24035,85,0,SAFE,25.0312
goal,1310,43.666667,1,43.669572,95404,36449,24534,71,0,SAFE,19.1554
goal,1311,43.700000,1,43.699746,95276,31132,21995,93,0,SAFE,19.2479
goal,1312,43.733333,1,43.737941,94312,32197,24522,100,0,SAFE,22.1849
goal,1313,43.766667,1,43.764868,90934,32218,23174,90,0,SAFE,25.0239
goal,1314,43.800000,1,43.802744,95333,32526,23110,105,0,SAFE,17.5543
goal,1315,43.833333,1,43.829954,88736,32029,23488,77,0,SAFE,21.7326
goal,1316,43.866667,1,43.866012,89185,30832,23626,100,0,SAFE,19.3228
goal,1317,43.900000,1,43.900435,97981,32973,22676,106,0,SAFE,24.7403
goal,1318,43.933333,1,43.934894,94388,31608,21576,119,0,SAFE,23.4091
goal,1319,43.966667,1,43.966208,93016,32116,22567,96,0,SAFE,18.3459
goal,1320,44.000000,1,43.999544,95714,30253,22644,144,0,SAFE,24.0531
goal,1321,44.033333,1,44.033206,88559,28339,20476,70,0,SAFE,24.0834
goal,1322,44.066667,1,44.067687,89552,28615,19399,76,0,SAFE,28.6042
goal,1323,44.100000,1,44.098974,95020,29728,21022,67,0,SAFE,27.7913
goal,1324,44.133333,1,44.134556,93175,30167,21735,113,0,SAFE,17.2783
goal,1325,44.166667,1,44.167860,93102,33961,24335,80,0,SAFE,25.8080
goal,1326,44.200000,1,44.199071,98414,32045,21228,112,0,SAFE,23.5673
goal,1327,44.233333,1,44.235421,81847,27267,19830,93,0,SAFE,24.5281
goal,1328,44.266667,1,44.267872,98264,33945,24170,95,0,SAFE,22.5266
goal,1329,44.300000,1,44.301325,86031,30062,22196,123,0,SAFE,18.4847
goal,1330,44.333333,1,44.335040,91380,32281,23385,76,0,SAFE,21.7485
goal,1331,44.366667,1,44.368923,89604,32373,23831,88,0,SAFE,22.6992
goal,1332,44.400000,1,44.401396,90061,28815,20238,97,0,SAFE,25.5653
goal,1333,44.433333,1,44.432566,93161,30630,21445,97,0,SAFE,25.2228
goal,1334,44.466667,1,44.467678,96762,29601,21960,79,0,SAFE,24.1957
goal,1335,44.500000,1,44.495675,96087,32497,23062,106,0,SAFE,23.6154
goal,1336,44.533333,1,44.532560,96409,34268,24640,60,0,SAFE,17.3296
goal,1337,44.566667,1,44.565653,93372,30457,21917,69,0,SAFE,23.3929
goal,1338,44.600000,1,44.597985,81240,28855,21560,84,0,SAFE,18.4081
goal,1339,44.633333,1,44.634124,89812,31979,22861,133,0,SAFE,25.6284
goal,1340,44.666667,1,44.667153,92001,34345,24425,113,0,SAFE,24.1418
goal,1341,44.700000,1,44.701728,88614,30320,22017,92,0,SAFE,19.4567
goal,1342,44.733333,1,44.734656,98433,33740,25423,67,0,SAFE,22.3897
goal,1343,44.766667,1,44.763949,93018,31499,22891,97,0,SAFE,18.0895
goal,1344,44.800000,1,44.801079,92837,33203,24860,74,0,SAFE,19.2849
goal,1345,44.833333,1,44.835832,93049,31321,22639,80,0,SAFE,20.3983
goal,1346,44.866667,1,44.864242,84920,28241,19783,91,0,SAFE,20.4497
goal,1347,44.900000,1,44.900404,95606,29301,22405,95,0,SAFE,25.3750
goal,1348,44.933333,1,44.933941,93802,32183,23087,149,0,SAFE,18.2362
goal,1349,44.966667,1,44.970460,91514,30665,22792,88,0,SAFE,19.4696
goal,1350,45.000000,1,45.004237,93588,33347,23075,68,0,SAFE,17.7181
goal,1351,45.033333,1,45.036119,94132,32376,23350,117,0,SAFE,16.7353
goal,1352,45.066667,1,45.065462,86738,29316,21170,97,0,SAFE,20.0770
goal,1353,45.100000,1,45.099809,90302,28996,21860,113,0,SAFE,21.1997
goal,1354,45.133333,1,45.134364,97569,35142,25024,113,0,SAFE,17.0599
goal,1355,45.166667,1,45.166111,99329,34283,23013,111,0,SAFE,22.6124
goal,1356,45.200000,1,45.199566,90526,31693,22908,64,0,SAFE,22.8968
goal,1357,45.233333,1,45.232300,94499,34614,26173,135,0,SAFE,22.7911
goal,1358,45.266667,1,45.268075,98812,35432,26755,66,0,SAFE,18.5821
goal,1359,45.300000,1,45.298538,95096,33055,23204,66,0,SAFE,24.2871
goal,1360,45.333333,1,45.330736,91823,30928,23716,102,0,SAFE,21.1923
goal,1361,45.366667,1,45.369506,97659,33262,23556,87,0,SAFE,19.2980
goal,1362,45.400000,1,45.400295,94209,31241,21082,108,0,SAFE,16.8448
goal,1363,45.433333,1,45.427985,93285,29152,20598,106,0,SAFE,17.8161
goal,1364,45.466667,1,45.468876,92137,30231,21783,99,0,SAFE,20.7958
goal,1365,45.500000,1,45.501558,91163,30535,21475,106,0,SAFE,26.0827
goal,1366,45.533333,1,45.533098,95015,30617,21979,102,0,SAFE,21.4424
goal,1367,45.566667,1,45.564246,93750,31479,23148,105,0,SAFE,17.8572
goal,1368,45.600000,1,45.599417,94961,30456,22272,67,0,SAFE,20.9691
goal,1369,45.633333,1,45.635383,95216,33506,25141,105,0,SAFE,23.3295
goal,1370,45.666667,1,45.665881,96101,33210,24141,114,1,SAFE_TRANSIENT_CLUSTER,30.1134
goal,1371,45.700000,1,45.698439,102124,34678,23469,101,0,SAFE,23.2157
goal,1372,45.733333,1,45.733013,92502,30191,22192,90,0,SAFE,24.9462
goal,1373,45.766667,1,45.766072,94285,31502,22302,112,0,SAFE,19.7951
goal,1374,45.800000,1,45.797545,93867,30741,21730,132,0,SAFE,29.5242
goal,1375,45.833333,1,45.830455,88857,30014,20747,82,0,SAFE,18.2674
goal,1376,45.866667,1,45.866036,90311,31900,23503,61,0,SAFE,18.8098
goal,1377,45.900000,1,45.896761,96173,32419,23269,80,0,SAFE,18.5586
goal,1378,45.933333,1,45.933633,90816,31698,22454,110,0,SAFE,17.5827
goal,1379,45.966667,1,45.964575,92016,31335,22629,80,0,SAFE,19.1989
goal,1380,46.000000,1,45.997182,97932,31775,21433,98,0,SAFE,16.7835
goal,1381,46.033333,1,46.033586,85213,29133,21073,91,0,SAFE,21.6151
goal,1382,46.066667,1,46.066552,102661,32976,23005,64,0,SAFE,16.9202
goal,1383,46.100000,1,46.100220,85014,27845,19822,125,0,SAFE,21.1150
goal,1384,46.133333,1,46.133367,87598,31375,22618,85,0,SAFE,16.5238
goal,1385,46.166667,1,46.164546,88725,30934,22963,90,0,SAFE,20.0768
goal,1386,46.200000,1,46.198893,92004,31234,22081,59,0,SAFE,21.5283
goal,1387,46.233333,1,46.233734,93778,32698,23539,54,0,SAFE,17.0871
goal,1388,46.266667,1,46.267042,89401,32296,22530,129,0,SAFE,18.0171
goal,1389,46.300000,1,46.303274,95384,32449,24892,94,0,SAFE,21.6790
goal,1390,46.333333,1,46.334264,88587,30244,21461,138,0,SAFE,21.3339
goal,1391,46.366667,1,46.368865,91893,32219,23236,144,0,SAFE,23.1701
goal,1392,46.400000,1,46.397979,87522,31201,23164,125,0,SAFE,21.3178
goal,1393,46.433333,1,46.433243,93139,30053,21603,80,0,SAFE,30.4774
goal,1394,46.466667,1,46.467579,88601,29740,20615,107,0,SAFE,18.1540
goal,1395,46.500000,1,46.501150,100843,34226,25452,91,0,SAFE,24.7537
goal,1396,46.533333,1,46.535954,96504,30214,22807,123,0,SAFE,25.4252
goal,1397,46.566667,1,46.565364,83512,30895,22267,89,0,SAFE,19.7734
goal,1398,46.600000,1,46.600815,92611,30452,21551,110,0,SAFE,20.5661
goal,1399,46.633333,1,46.633963,94538,31759,24397,124,0,SAFE,23.8698
goal,1400,46.666667,1,46.664802,100649,36878,25428,136,1,SAFE_TRANSIENT_CLUSTER,25.6190
goal,1401,46.700000,1,46.700620,95276,32284,23850,88,0,SAFE,22.6734
goal,1402,46.733333,1,46.733050,95176,31948,23431,104,0,SAFE,25.7865
goal,1403,46.766667,1,46.765502,93441,30895,24195,122,0,SAFE,29.2595
goal,1404,46.800000,1,46.798361,97880,33029,23941,107,0,SAFE,19.5958
goal,1405,46.833333,1,46.831826,92999,30961,20640,91,0,SAFE,18.7245
goal,1406,46.866667,1,46.869004,93286,31705,22228,86,0,SAFE,20.8212
goal,1407,46.900000,1,46.899595,92557,32629,23425,104,0,SAFE,21.3680
goal,1408,46.933333,1,46.934367,87453,28436,19911,108,0,SAFE,18.8666
goal,1409,46.966667,1,46.969856,97758,31266,22891,101,0,SAFE,24.4528
goal,1410,47.000000,1,47.001235,78766,29209,22385,94,0,SAFE,22.2513
goal,1411,47.033333,1,47.035237,91583,29829,20461,116,0,SAFE,21.2895
goal,1412,47.066667,1,47.067141,90963,32796,22868,77,0,SAFE,18.0668
goal,1413,47.100000,1,47.100231,89255,28893,20098,59,0,SAFE,21.2664
goal,1414,47.133333,1,47.134391,96420,32659,23573,86,0,SAFE,20.2737
goal,1415,47.166667,1,47.166509,93671,32680,24044,93,0,SAFE,24.4828
goal,1416,47.200000,1,47.199758,100756,33500,22750,110,0,SAFE,19.2888
goal,1417,47.233333,1,47.230917,86729,31008,24171,109,0,SAFE,17.1555
goal,1418,47.266667,1,47.269065,95681,30294,20661,85,0,SAFE,25.6420
goal,1419,47.300000,1,47.299321,93651,32834,22337,86,0,SAFE,18.2301
goal,1420,47.333333,1,47.332142,94281,31571,23844,73,0,SAFE,19.3812
goal,1421,47.366667,1,47.363675,92576,34523,23754,87,1,SAFE_TRANSIENT_CLUSTER,21.2017
goal,1422,47.400000,1,47.397374,98294,34152,23361,88,0,SAFE,17.6286
goal,1423,47.433333,1,47.434315,91362,30532,21201,139,0,SAFE,25.2539
goal,1424,47.466667,1,47.466110,95694,30441,22671,133,0,SAFE,22.0756
goal,1425,47.500000,1,47.500570,89285,30214,20291,76,0,SAFE,14.1721
goal,1426,47.533333,1,47.532364,101889,33723,23528,124,0,SAFE,20.8681
goal,1427,47.566667,1,47.563902,93624,33453,23044,95,0,SAFE,22.2675
goal,1428,47.600000,1,47.598788,96272,33578,25112,100,1,SAFE_TRANSIENT_CLUSTER,28.3848
goal,1429,47.633333,1,47.632550,95161,34656,24367,56,0,SAFE,23.7423
goal,1430,47.666667,1,47.667003,94143,32668,23425,105,0,SAFE,22.5512
goal,1431,47.700000,0,47.701212,99790,35276,25368,117,0,SAFE,18.1133
goal,1432,47.733333,1,47.737025,92195,31320,23378,96,0,SAFE,20.5545
goal,1433,47.766667,1,47.767273,101092,36641,25698,93,0,SAFE,14.7961
goal,1434,47.800000,1,47.800829,91108,28656,20997,141,1,SAFE_TRANSIENT_CLUSTER,17.9882
goal,1435,47.833333,1,47.831837,94064,33083,23227,80,0,SAFE,18.7636
goal,1436,47.866667,1,47.863860,99230,34259,25237,114,0,SAFE,19.5148
goal,1437,47.900000,1,47.901939,94560,34649,24469,118,0,SAFE,18.4995
goal,1438,47.933333,1,47.935099,100762,35652,25204,96,0,SAFE,19.1970
goal,1439,47.966667,1,47.965227,84235,26322,18250,110,0,SAFE,24.5808
goal,1440,48.000000,1,47.998678,92664,29532,22838,106,0,SAFE,23.1841
goal,1441,48.033333,1,48.034341,91271,32114,22928,70,0,SAFE,17.5317
goal,1442,48.066667,1,48.067592,94425,30544,20862,143,0,SAFE,20.9112
goal,1443,48.100000,1,48.100347,91176,30892,22358,75,0,SAFE,12.4289
goal,1444,48.133333,1,48.135278,87447,30749,22267,110,0,SAFE,16.8022
goal,1445,48.166667,1,48.164426,89780,31040,21550,63,0,SAFE,17.6270
goal,1446,48.200000,1,48.201535,101702,34110,24035,103,0,SAFE,20.7339
goal,1447,48.233333,1,48.234513,90852,29645,21211,71,0,SAFE,19.9629
goal,1448,48.266667,1,48.267376,91234,33110,24241,118,0,SAFE,17.5642
goal,1449,48.300000,1,48.297288,97053,34070,25633,78,0,SAFE,25.0845
goal,1450,48.333333,1,48.333232,97935,34101,24572,115,0,SAFE,21.5926
goal,1451,48.366667,1,48.367530,103862,35674,25212,104,0,SAFE,19.2467
goal,1452,48.400000,1,48.399282,92365,31251,22741,117,0,SAFE,27.0052
goal,1453,48.433333,1,48.434103,99628,33026,23772,80,1,SAFE_TRANSIENT_CLUSTER,19.8978
goal,1454,48.466667,1,48.469024,87532,30297,22561,96,0,SAFE,21.3822
goal,1455,48.500000,1,48.501811,96729,31092,22286,101,0,SAFE,23.5168
goal,1456,48.533333,1,48.536685,93136,27728,19064,84,0,SAFE,22.4366
goal,1457,48.566667,1,48.567559,91749,32151,22072,126,0,SAFE,20.0637
goal,1458,48.600000,1,48.598847,89131,29191,21000,90,0,SAFE,25.0036
goal,1459,48.633333,1,48.633756,90458,30727,22672,91,0,SAFE,22.5223
goal,1460,48.666667,1,48.672330,84758,28467,19234,62,0,SAFE,20.5171
goal,1461,48.700000,1,48.698399,92407,32675,23183,104,0,SAFE,16.4964
goal,1462,48.733333,1,48.731649,90628,31841,23974,118,0,SAFE,19.3486
goal,1463,48.766667,1,48.770115,97541,34810,25814,88,0,SAFE,20.5053
goal,1464,48.800000,1,48.800556,87541,30387,21900,86,0,SAFE,17.5806
goal,1465,48.833333,1,48.834473,99267,32330,22646,83,0,SAFE,25.1829
goal,1466,48.866667,1,48.869540,91995,31631,21598,116,0,SAFE,19.8532
goal,1467,48.900000,1,48.900225,101828,31325,23953,106,0,SAFE,22.1350
goal,1468,48.933333,1,48.930575,98646,35146,25617,81,0,SAFE,20.2491
goal,1469,48.966667,1,48.964969,94221,33819,25998,102,0,SAFE,20.3569
goal,1470,49.000000,1,48.999843,98899,34428,24769,114,0,SAFE,25.7823
goal,1471,49.033333,1,49.032937,90031,30401,21504,150,0,SAFE,17.0497
goal,1472,49.066667,1,49.067431,89701,30890,23562,108,0,SAFE,21.7962
goal,1473,49.100000,1,49.102660,91942,31298,21960,93,0,SAFE,19.5215
goal,1474,49.133333,1,49.135010,89593,30325,21894,130,0,SAFE,17.4516
goal,1475,49.166667,1,49.165645,96892,32550,22582,113,0,SAFE,20.9185
goal,1476,49.200000,1,49.201644,82069,29553,21622,121,0,SAFE,24.5361
goal,1477,49.233333,1,49.231958,89479,27373,20962,103,0,SAFE,19.9040
goal,1478,49.266667,1,49.267095,90284,32386,22123,107,0,SAFE,24.0510
goal,1479,49.300000,1,49.301749,85236,28307,21344,75,0,SAFE,17.2181
goal,1480,49.333333,1,49.335454,90692,32924,23287,95,0,SAFE,24.8602
goal,1481,49.366667,1,49.363832,90473,32550,23595,89,0,SAFE,19.2770
goal,1482,49.400000,1,49.400087,88501,28351,19686,109,0,SAFE,18.0432
goal,1483,49.433333,1,49.431118,91205,31805,23571,113,0,SAFE,22.6170
goal,1484,49.466667,0,49.466872,97327,35073,26706,89,0,SAFE,16.6812
goal,1485,49.500000,1,49.499676,94799,31281,22982,117,0,SAFE,16.9720
goal,1486,49.533333,1,49.528920,93993,29887,21313,57,0,SAFE,26.3598
goal,1487,49.566667,1,49.571392,86743,29843,21973,114,0,SAFE,20.0467
goal,1488,49.600000,1,49.601062,91881,28576,21020,85,0,SAFE,18.7402
goal,1489,49.633333,1,49.634915,96201,29843,20400,132,0,SAFE,15.2017
goal,1490,49.666667,1,49.663956,94036,32379,23915,88,1,SAFE_TRANSIENT_CLUSTER,29.0056
goal,1491,49.700000,1,49.701234,87638,31051,21729,87,0,SAFE,18.3850
goal,1492,49.733333,1,49.733507,91789,33681,23506,110,0,SAFE,19.2643
goal,1493,49.766667,1,49.769540,90811,29998,22603,110,0,SAFE,23.5726
goal,1494,49.800000,1,49.798374,91822,30574,23014,130,0,SAFE,27.4501
goal,1495,49.833333,1,49.836350,99353,31817,22920,117,0,SAFE,26.5340
goal,1496,49.866667,1,49.865759,94164,31982,23005,83,0,SAFE,19.4966
goal,1497,49.900000,1,49.898226,92164,32637,22451,111,0,SAFE,20.3116
goal,1498,49.933333,1,49.933867,94006,32548,23227,100,0,SAFE,18.9237
goal,1499,49.966667,1,49.963321,91575,29910,23142,92,0,SAFE,32.2105
goal,1500,50.000000,0,50.001100,88126,29699,21228,101,0,SAFE,17.2432
goal,1501,50.033333,1,50.032766,87562,29355,20669,94,0,SAFE,28.8191
goal,1502,50.066667,1,50.065318,94900,31803,22876,105,0,SAFE,19.0373
goal,1503,50.100000,1,50.099801,95828,33635,24504,102,0,SAFE,21.2868
goal,1504,50.133333,1,50.130520,96804,34805,26039,103,0,SAFE,21.0408
goal,1505,50.166667,1,50.165307,91558,30962,23015,96,0,SAFE,22.2156
goal,1506,50.200000,1,50.198361,95202,30023,21787,63,0,SAFE,23.0241
goal,1507,50.233333,1,50.237525,91440,32107,22956,108,0,SAFE,24.3157
goal,1508,50.266667,1,50.268627,91147,31187,20858,105,0,SAFE,14.3636
goal,1509,50.300000,1,50.300213,96948,32395,24614,81,0,SAFE,18.5753
goal,1510,50.333333,1,50.332519,97436,33892,25716,116,0,SAFE,23.6923
goal,1511,50.366667,1,50.365372,92162,32109,21331,94,0,SAFE,22.6904
goal,1512,50.400000,1,50.399976,96623,33453,24405,121,0,SAFE,18.4561
goal,1513,50.433333,1,50.433159,94867,33759,25318,112,0,SAFE,20.3866
goal,1514,50.466667,1,50.466985,96377,30634,23769,93,0,SAFE,19.5986
goal,1515,50.500000,1,50.498657,89333,28444,20528,115,0,SAFE,18.6823
goal,1516,50.533333,1,50.535356,93081,34028,24427,109,1,SAFE_TRANSIENT_CLUSTER,24.5157
goal,1517,50.566667,1,50.567512,90426,27697,19278,79,0,SAFE,18.5503
goal,1518,50.600000,1,50.602827,93625,32042,23467,76,0,SAFE,20.5841
goal,1519,50.633333,1,50.630298,93147,33012,23172,134,0,SAFE,18.9518
goal,1520,50.666667,1,50.665920,90604,30944,22499,68,0,SAFE,18.9081
goal,1521,50.700000,1,50.698840,94943,30702,22448,84,0,SAFE,21.8785
goal,1522,50.733333,1,50.732271,99557,32296,22731,101,0,SAFE,25.0501
goal,1523,50.766667,1,50.767295,101644,36133,27336,102,0,SAFE,16.2461
goal,1524,50.800000,1,50.801884,93806,32066,21694,106,0,SAFE,13.9817
goal,1525,50.833333,1,50.834278,97588,32523,23886,93,0,SAFE,25.6369
goal,1526,50.866667,1,50.868041,89599,30646,22374,100,0,SAFE,25.9397
goal,1527,50.900000,1,50.900177,94387,29046,20794,62,0,SAFE,23.3235
goal,1528,50.933333,1,50.934344,85500,30368,22142,85,0,SAFE,25.6732
goal,1529,50.966667,1,50.964184,87907,29138,20183,120,0,SAFE,21.4572
goal,1530,51.000000,1,50.995833,95661,31550,24162,69,0,SAFE,22.4724
goal,1531,51.033333,1,51.031261,90679,27925,20449,131,0,SAFE,18.8122
goal,1532,51.066667,1,51.065439,99119,36505,25348,87,0,SAFE,26.1766
goal,1533,51.100000,1,51.101128,99225,34651,23061,86,0,SAFE,22.3635
goal,1534,51.133333,1,51.133479,103720,34107,24011,71,0,SAFE,20.2602
goal,1535,51.166667,1,51.163682,85759,28134,19534,64,0,SAFE,13.0332
goal,1536,51.200000,1,51.201762,90192,31997,23417,121,0,SAFE,20.4057
goal,1537,51.233333,1,51.231119,92095,32221,22906,104,0,SAFE,24.8258
goal,1538,51.266667,1,51.269653,91632,29709,23066,91,0,SAFE,17.2792
goal,1539,51.300000,1,51.300214,94987,33237,22880,82,0,SAFE,15.0512
goal,1540,51.333333,1,51.333951,99085,34959,25585,85,0,SAFE,21.4996
goal,1541,51.366667,1,51.364580,91630,31619,24737,120,0,SAFE,26.0644
goal,1542,51.400000,1,51.403668,94512,32544,23484,63,0,SAFE,17.3332
goal,1543,51.433333,1,51.434475,93990,31208,21421,114,1,SAFE_TRANSIENT_CLUSTER,28.4661
goal,1544,51.466667,1,51.466637,87110,30605,22293,83,0,SAFE,17.8750
goal,1545,51.500000,1,51.499815,101937,34117,24179,63,0,SAFE,22.9680
goal,1546,51.533333,1,51.534519,97323,29830,21056,145,0,SAFE,21.6153
goal,1547,51.566667,1,51.566714,94911,32208,24371,119,0,SAFE,24.5932
goal,1548,51.600000,1,51.597081,94868,31532,21475,94,0,SAFE,15.5388
goal,1549,51.633333,1,51.632202,85264,30512,22515,59,0,SAFE,18.9080
goal,1550,51.666667,1,51.666595,100619,34325,23910,93,0,SAFE,19.7076
goal,1551,51.700000,1,51.699777,96037,32380,22802,141,0,SAFE,14.2385
goal,1552,51.733333,1,51.735416,95150,30439,20037,122,0,SAFE,22.5240
goal,1553,51.766667,1,51.767214,93273,32590,21776,56,1,SAFE_TRANSIENT_CLUSTER,23.5739
goal,1554,51.800000,1,51.802718,89213,30945,22013,92,0,SAFE,23.9615
goal,1555,51.833333,1,51.833805,83812,27931,19502,119,0,SAFE,22.6061
goal,1556,51.866667,1,51.866913,89521,28290,21433,79,0,SAFE,23.9803
goal,1557,51.900000,1,51.898701,86985,29629,22735,112,0,SAFE,20.4140
goal,1558,51.933333,1,51.933874,98121,31221,21978,121,0,SAFE,18.6424
goal,1559,51.966667,1,51.965859,97321,33909,23438,116,0,SAFE,24.9408
goal,1560,52.000000,1,51.999678,101143,35424,26204,102,0,SAFE,21.2931
goal,1561,52.033333,1,52.031759,92354,31659,22458,99,0,SAFE,15.1794
goal,1562,52.066667,1,52.065113,92150,32901,23352,105,0,SAFE,17.2228
goal,1563,52.100000,1,52.104687,91836,30738,21309,112,0,SAFE,21.6309
goal,1564,52.133333,1,52.133465,95421,31768,21623,93,0,SAFE,23.4452
goal,1565,52.166667,1,52.168718,96700,34474,25392,88,0,SAFE,17.7253
goal,1566,52.200000,1,52.201400,86948,31477,22238,94,0,SAFE,26.1075
goal,1567,52.233333,1,52.232226,91553,31536,24621,121,0,SAFE,29.0608
goal,1568,52.266667,1,52.268571,90098,29214,20046,74,0,SAFE,19.2003
goal,1569,52.300000,1,52.302119,86684,29555,21876,72,0,SAFE,23.8578
goal,1570,52.333333,1,52.333502,95883,32300,23492,91,0,SAFE,16.4551
goal,1571,52.366667,1,52.365570,96150,30489,22251,95,1,SAFE_TRANSIENT_CLUSTER,18.0322
goal,1572,52.400000,1,52.402324,99785,33211,23637,95,0,SAFE,17.1160
goal,1573,52.433333,1,52.433347,93983,30975,22191,111,0,SAFE,24.6717
goal,1574,52.466667,1,52.465109,91596,29897,21218,115,0,SAFE,20.4153
goal,1575,52.500000,1,52.501548,90529,30382,20228,98,0,SAFE,18.7161
goal,1576,52.533333,1,52.535426,90490,32058,23847,87,0,SAFE,20.3766
goal,1577,52.566667,1,52.567157,93345,30707,22061,106,0,SAFE,23.4288
goal,1578,52.600000,1,52.598311,97188,32575,24466,96,0,SAFE,23.4948
goal,1579,52.633333,1,52.631398,100301,30391,23342,109,0,SAFE,19.1007
goal,1580,52.666667,1,52.664019,89238,30282,21211,76,0,SAFE,25.8709
goal,1581,52.700000,1,52.698852,89785,30580,22680,95,0,SAFE,20.1298
goal,1582,52.733333,1,52.731062,93766,30475,22182,92,0,SAFE,18.6384
goal,1583,52.766667,1,52.765613,94140,34230,24691,63,0,SAFE,23.6782
goal,1584,52.800000,1,52.793696,99050,35643,27382,118,0,SAFE,21.2786
goal,1585,52.833333,1,52.836432,93414,33193,23797,82,0,SAFE,22.2018
goal,1586,52.866667,1,52.866131,91248,29733,21897,131,0,SAFE,19.3690
goal,1587,52.900000,1,52.900982,91979,33530,23656,108,0,SAFE,25.0005
goal,1588,52.933333,1,52.933933,100996,36834,27508,50,0,SAFE,27.2985
goal,1589,52.966667,1,52.966176,92366,31375,22146,111,0,SAFE,27.3744
goal,1590,53.000000,1,52.998406,91845,30559,24201,79,0,SAFE,19.9700
goal,1591,53.033333,1,53.035809,90713,32055,21764,84,0,SAFE,20.6366
goal,1592,53.066667,1,53.065662,96176,33161,23585,122,0,SAFE,23.9484
goal,1593,53.100000,1,53.101667,91748,31585,21868,109,0,SAFE,21.8572
goal,1594,53.133333,1,53.136687,92822,30224,22661,87,0,SAFE,16.4369
goal,1595,53.166667,1,53.166924,91947,30769,22057,85,0,SAFE,23.9187
goal,1596,53.200000,1,53.198606,83839,29375,21187,121,0,SAFE,20.0395
goal,1597,53.233333,1,53.234553,93087,30163,21301,108,0,SAFE,18.3135
goal,1598,53.266667,1,53.266203,99155,32995,24902,125,0,SAFE,22.0899
goal,1599,53.300000,1,53.300830,88675,29719,21214,112,0,SAFE,27.8250
goal,1600,53.333333,1,53.334080,89166,28593,20121,95,0,SAFE,23.7615
goal,1601,53.366667,1,53.366042,86448,27182,20111,116,0,SAFE,15.8521
goal,1602,53.400000,1,53.399210,88281,27895,21307,109,0,SAFE,28.8253
goal,1603,53.433333,1,53.430648,96081,34385,25754,83,0,SAFE,19.2358
goal,1604,53.466667,1,53.468290,93028,32950,22776,85,0,SAFE,21.3383
goal,1605,53.500000,1,53.500247,93113,29607,21281,89,0,SAFE,18.7782
goal,1606,53.533333,1,53.533406,88308,30024,21288,86,0,SAFE,29.5001
goal,1607,53.566667,1,53.565400,96925,32388,22786,102,0,SAFE,18.3595
goal,1608,53.600000,1,53.601274,86778,30446,21794,84,0,SAFE,20.5261
goal,1609,53.633333,1,53.633205,88123,32041,23668,102,0,SAFE,24.7593
goal,1610,53.666667,1,53.667025,98001,33161,24160,113,0,SAFE,22.5344
goal,1611,53.700000,1,53.698218,91151,33392,24013,88,0,SAFE,24.4190
goal,1612,53.733333,1,53.731356,101812,35663,24052,108,0,SAFE,14.3124
goal,1613,53.766667,1,53.769858,87561,29540,23147,74,0,SAFE,23.3995
goal,1614,53.800000,1,53.799918,97703,34012,23416,100,0,SAFE,23.2008
goal,1615,53.833333,1,53.834173,91531,29748,20663,102,0,SAFE,22.5161
goal,1616,53.866667,1,53.868687,92510,29679,22576,59,0,SAFE,19.8231
goal,1617,53.900000,1,53.900200,93558,29871,21916,112,0,SAFE,20.7197
goal,1618,53.933333,1,53.932594,95895,34109,23920,104,0,SAFE,17.2822
goal,1619,53.966667,1,53.966878,90573,30209,21181,62,0,SAFE,18.8683
goal,1620,54.000000,1,54.000696,100968,36485,27186,76,0,SAFE,24.4697
goal,1621,54.033333,1,54.031358,92511,31728,22910,101,1,SAFE_TRANSIENT_CLUSTER,16.6109
goal,1622,54.066667,1,54.066285,91554,30515,20709,72,0,SAFE,24.6558
goal,1623,54.100000,1,54.099965,96251,34522,23730,127,0,SAFE,21.0780
goal,1624,54.133333,1,54.135452,96833,33603,23884,115,0,SAFE,21.7331
goal,1625,54.166667,1,54.167718,89092,31940,23566,105,0,SAFE,19.0002
goal,1626,54.200000,1,54.201064,94153,29394,21598,72,0,SAFE,21.6903
goal,1627,54.233333,1,54.236939,87352,31604,23294,104,0,SAFE,15.5906
goal,1628,54.266667,1,54.263868,93087,31018,21831,91,0,SAFE,25.8354
goal,1629,54.300000,0,54.296313,90428,29831,20513,107,0,SAFE,25.6958
goal,1630,54.333333,1,54.332572,97663,33910,24889,104,0,SAFE,22.0824
goal,1631,54.366667,1,54.370361,92257,28650,20784,133,0,SAFE,22.3607
goal,1632,54.400000,1,54.396199,91032,30105,20887,108,0,SAFE,25.8259
goal,1633,54.433333,1,54.433230,89025,31225,22316,92,0,SAFE,22.5334
goal,1634,54.466667,1,54.465726,92182,32290,23644,73,0,SAFE,17.9521
goal,1635,54.500000,1,54.503854,91182,31420,21987,90,0,SAFE,18.2322
goal,1636,54.533333,1,54.535954,90917,28458,19810,79,0,SAFE,20.0728
goal,1637,54.566667,1,54.567170,92472,30314,20892,106,0,SAFE,21.1615
goal,1638,54.600000,1,54.602214,90410,30680,21508,118,0,SAFE,29.2619
goal,1639,54.633333,1,54.634756,95164,35529,26417,118,0,SAFE,18.5476
goal,1640,54.666667,1,54.663581,91087,31108,21641,73,0,SAFE,15.7694
goal,1641,54.700000,1,54.701254,88264,31702,22512,95,0,SAFE,20.8518
goal,1642,54.733333,1,54.734411,94972,31355,22901,89,0,SAFE,21.0568
goal,1643,54.766667,1,54.770622,90580,30036,21871,109,1,SAFE_TRANSIENT_CLUSTER,24.6053
goal,1644,54.800000,1,54.799921,90849,28800,21534,143,0,SAFE,15.5539
goal,1645,54.833333,1,54.833213,96654,33266,23265,105,0,SAFE,22.8930
goal,1646,54.866667,1,54.862476,90120,31540,22203,102,0,SAFE,23.4237
goal,1647,54.900000,1,54.902972,98164,34785,25854,73,0,SAFE,23.2525
goal,1648,54.933333,1,54.935414,97041,32490,22569,91,0,SAFE,30.0187
goal,1649,54.966667,1,54.967161,97284,32638,23518,116,0,SAFE,23.2637
goal,1650,55.000000,1,55.001083,94425,33874,24542,87,0,SAFE,19.5839
goal,1651,55.033333,1,55.032753,96370,32064,22774,111,0,SAFE,21.5127
goal,1652,55.066667,1,55.066430,92971,30786,23556,101,0,SAFE,18.8265
goal,1653,55.100000,1,55.101601,93736,30870,23120,63,0,SAFE,22.2982
goal,1654,55.133333,1,55.134785,97378,31502,22565,83,0,SAFE,25.9435
goal,1655,55.166667,1,55.163393,90746,28872,20998,116,0,SAFE,21.9894
goal,1656,55.200000,1,55.200023,95671,32677,20685,102,0,SAFE,24.6278
goal,1657,55.233333,1,55.236087,96306,30413,20909,66,0,SAFE,27.9327
goal,1658,55.266667,1,55.266759,82791,29333,20925,81,0,SAFE,26.5066
goal,1659,55.300000,1,55.297419,85468,29590,21735,77,0,SAFE,21.0145
goal,1660,55.333333,1,55.332558,99605,34528,25081,92,0,SAFE,21.0217
goal,1661,55.366667,1,55.367151,91584,30766,21350,107,0,SAFE,25.2203
goal,1662,55.400000,1,55.402342,92240,27512,19319,96,0,SAFE,22.5430
goal,1663,55.433333,1,55.431429,93215,30313,21530,107,0,SAFE,21.7838
goal,1664,55.466667,1,55.466806,95518,31372,21253,97,0,SAFE,26.0376
goal,1665,55.500000,1,55.501076,98732,36371,25145,97,0,SAFE,22.0467
goal,1666,55.533333,1,55.531952,93455,31296,23002,97,0,SAFE,19.8853
goal,1667,55.566667,1,55.566537,89296,30790,22183,106,0,SAFE,22.6422
goal,1668,55.600000,1,55.600256,92819,30868,21448,74,0,SAFE,17.9727
goal,1669,55.633333,1,55.635804,84635,27968,20390,154,0,SAFE,22.1158
goal,1670,55.666667,1,55.667717,95828,33018,23375,112,0,SAFE,19.3069
goal,1671,55.700000,1,55.698388,90630,30511,21672,94,0,SAFE,22.8650
goal,1672,55.733333,1,55.731876,91919,32227,24126,73,0,SAFE,26.0814
goal,1673,55.766667,1,55.767181,94070,34054,23203,82,0,SAFE,20.4994
goal,1674,55.800000,1,55.797561,95279,30613,21789,118,0,SAFE,22.5814
goal,1675,55.833333,1,55.834411,86619,28605,20720,62,0,SAFE,21.6942
goal,1676,55.866667,1,55.870512,95764,31622,22313,93,0,SAFE,21.2643
goal,1677,55.900000,1,55.902410,95135,32354,22897,73,0,SAFE,23.9407
goal,1678,55.933333,0,55.934649,93847,31469,21589,91,0,SAFE,28.3718
goal,1679,55.966667,1,55.965508,94438,33138,24616,78,0,SAFE,19.5385
goal,1680,56.000000,1,56.000861,95932,32155,23603,72,0,SAFE,22.7653
goal,1681,56.033333,1,56.034513,94977,32746,22802,108,0,SAFE,23.3372
goal,1682,56.066667,1,56.065272,82038,27899,19573,125,0,SAFE,23.3210
goal,1683,56.100000,1,56.102319,85689,28448,21093,103,0,SAFE,24.4587
goal,1684,56.133333,1,56.134009,99851,34380,25499,94,0,SAFE,16.6521
goal,1685,56.166667,1,56.168897,98557,34228,25141,97,0,SAFE,26.2034
goal,1686,56.200000,1,56.199558,90411,30573,19394,95,0,SAFE,20.7224
goal,1687,56.233333,1,56.230150,90571,31119,23637,154,0,SAFE,19.9976
goal,1688,56.266667,1,56.262966,84717,27507,19433,100,0,SAFE,16.2336
goal,1689,56.300000,1,56.297890,90886,32378,23234,87,0,SAFE,21.1625
goal,1690,56.333333,1,56.332140,98047,33709,25588,101,0,SAFE,18.8416
goal,1691,56.366667,1,56.365030,88946,30242,21574,87,0,SAFE,27.4273
goal,1692,56.400000,1,56.402091,88138,29637,20934,101,0,SAFE,22.7592
goal,1693,56.433333,1,56.431592,81942,30040,21585,116,0,SAFE,23.1901
goal,1694,56.466667,1,56.466005,88556,29301,20271,98,0,SAFE,23.6164
goal,1695,56.500000,1,56.498313,91534,29568,20295,110,0,SAFE,21.2461
goal,1696,56.533333,1,56.534737,89564,32220,23177,102,1,SAFE_TRANSIENT_CLUSTER,16.5294
goal,1697,56.566667,1,56.567565,92299,33716,26048,109,0,SAFE,21.8286
goal,1698,56.600000,1,56.599913,96032,31398,22506,111,0,SAFE,18.2897
goal,1699,56.633333,1,56.632706,96011,31916,24090,89,0,SAFE,21.6291
goal,1700,56.666667,1,56.668964,88622,29649,20773,99,0,SAFE,19.2532
goal,1701,56.700000,1,56.701280,90974,29429,20697,103,0,SAFE,21.2781
goal,1702,56.733333,1,56.736573,91113,31449,23299,106,0,SAFE,24.6625
goal,1703,56.766667,1,56.767459,102040,34957,26371,82,0,SAFE,20.9817
goal,1704,56.800000,1,56.798865,98235,33752,23692,97,0,SAFE,22.3833
goal,1705,56.833333,1,56.831821,100173,33293,24655,105,0,SAFE,19.2539
goal,1706,56.866667,1,56.865577,92865,31383,23467,91,0,SAFE,15.7183
goal,1707,56.900000,1,56.900108,101927,35643,24923,67,0,SAFE,32.2756
goal,1708,56.933333,1,56.933338,100549,35189,24603,67,0,SAFE,17.8612
goal,1709,56.966667,1,56.969053,99126,33332,24173,146,0,SAFE,18.3497
goal,1710,57.000000,1,56.999364,95082,30553,22341,67,0,SAFE,14.6442
goal,1711,57.033333,1,57.031250,95385,34357,26231,84,0,SAFE,22.5384
goal,1712,57.066667,1,57.067312,90488,30230,22346,77,0,SAFE,19.0525
goal,1713,57.100000,1,57.100414,91246,30046,22055,142,0,SAFE,21.4772
goal,1714,57.133333,1,57.132769,100587,34068,22640,102,0,SAFE,19.9317
goal,1715,57.166667,1,57.167763,93033,29834,21449,95,0,SAFE,19.2449
goal,1716,57.200000,1,57.200884,92498,32924,22609,112,0,SAFE,22.0588
goal,1717,57.233333,1,57.233427,85381,28565,20506,116,0,SAFE,20.8069
goal,1718,57.266667,1,57.268000,97020,34591,25673,107,0,SAFE,25.0000
goal,1719,57.300000,1,57.301028,90569,31685,22990,89,0,SAFE,14.6423
goal,1720,57.333333,1,57.330705,95112,31751,22156,61,0,SAFE,18.6635
goal,1721,57.366667,1,57.371273,96638,33665,24978,90,1,SAFE_TRANSIENT_CLUSTER,24.6166
goal,1722,57.400000,1,57.401667,93888,30796,22465,69,0,SAFE,21.8959
goal,1723,57.433333,1,57.430781,91013,30636,22825,100,0,SAFE,20.6725
goal,1724,57.466667,1,57.467411,96828,31596,23467,78,0,SAFE,23.4260
goal,1725,57.500000,1,57.500145,92208,29795,21516,96,0,SAFE,24.5530
goal,1726,57.533333,1,57.535041,87838,33896,25351,126,0,SAFE,25.5717
goal,1727,57.566667,1,57.568185,95336,31744,21705,99,0,SAFE,16.3075
goal,1728,57.600000,1,57.600144,86156,30485,21041,99,0,SAFE,16.6912
goal,1729,57.633333,1,57.633381,85116,29268,20657,105,0,SAFE,17.0929
goal,1730,57.666667,1,57.666545,98669,33433,24985,103,0,SAFE,20.8446
goal,1731,57.700000,1,57.699370,86913,29142,20431,87,0,SAFE,21.8880
goal,1732,57.733333,1,57.734567,95908,34295,22969,98,0,SAFE,14.3035
goal,1733,57.766667,1,57.765809,101436,33952,24489,112,0,SAFE,20.8331
goal,1734,57.800000,1,57.801809,96075,33878,23929,104,0,SAFE,21.0482
goal,1735,57.833333,1,57.831470,98884,31065,21770,114,0,SAFE,20.0734
goal,1736,57.866667,1,57.869521,96313,31142,21828,111,0,SAFE,16.3448
goal,1737,57.900000,1,57.901106,94337,34001,23980,89,0,SAFE,18.9473
goal,1738,57.933333,1,57.933949,95286,32954,23752,127,0,SAFE,14.9551
goal,1739,57.966667,1,57.968612,90315,30282,19923,84,0,SAFE,18.8602
goal,1740,58.000000,1,58.002000,94089,32017,23131,113,0,SAFE,20.5677
goal,1741,58.033333,0,58.034858,87580,30377,22544,98,0,SAFE,20.3224
goal,1742,58.066667,1,58.066332,93637,32213,23613,110,0,SAFE,16.0227
goal,1743,58.100000,1,58.098410,94650,29552,21183,96,0,SAFE,23.1244
goal,1744,58.133333,1,58.133631,93113,31841,23936,109,0,SAFE,17.9409
goal,1745,58.166667,1,58.166768,89970,29494,19410,75,0,SAFE,22.9042
goal,1746,58.200000,1,58.198754,94714,34108,25231,104,0,SAFE,22.0475
goal,1747,58.233333,1,58.231690,93126,30218,21257,99,0,SAFE,23.0260
goal,1748,58.266667,1,58.266234,104210,34322,26253,112,1,SAFE_TRANSIENT_CLUSTER,25.3813
goal,1749,58.300000,1,58.297236,95566,33309,23473,100,0,SAFE,16.2386
goal,1750,58.333333,1,58.332531,98752,32148,22829,66,0,SAFE,20.6974
goal,1751,58.366667,1,58.365631,84559,28145,19884,47,0,SAFE,17.5850
goal,1752,58.400000,1,58.399546,95516,32024,23144,65,0,SAFE,19.3847
goal,1753,58.433333,1,58.431569,88403,30096,23268,94,0,SAFE,21.5840
goal,1754,58.466667,1,58.465919,82208,28744,20986,87,0,SAFE,25.3706
goal,1755,58.500000,1,58.499405,95447,31815,24359,115,0,SAFE,20.7673
goal,1756,58.533333,1,58.531121,86153,28450,19035,101,0,SAFE,18.8113
goal,1757,58.566667,1,58.565592,95935,32957,23847,77,0,SAFE,16.0408
goal,1758,58.600000,1,58.603249,92279,29106,19269,112,0,SAFE,20.6551
goal,1759,58.633333,1,58.630206,96873,32570,24131,85,0,SAFE,25.4811
goal,1760,58.666667,1,58.664031,92165,31942,22376,86,0,SAFE,20.9796
goal,1761,58.700000,1,58.701598,93512,30165,21064,76,0,SAFE,23.8963
goal,1762,58.733333,1,58.733036,97543,32423,23050,91,0,SAFE,20.1795
goal,1763,58.766667,1,58.765268,93213,31684,23085,89,0,SAFE,16.7859
goal,1764,58.800000,1,58.802309,92175,31199,21621,126,0,SAFE,22.6237
goal,1765,58.833333,1,58.830917,89854,31343,21928,146,0,SAFE,19.0222
goal,1766,58.866667,1,58.868826,88692,28996,20016,80,0,SAFE,18.9974
goal,1767,58.900000,1,58.900969,94174,33061,23893,122,0,SAFE,22.1925
goal,1768,58.933333,1,58.936033,88246,28656,20542,119,0,SAFE,23.6321
goal,1769,58.966667,1,58.964031,83403,29048,22142,74,0,SAFE,22.9417
goal,1770,59.000000,1,58.998008,90944,29213,22945,90,1,SAFE_TRANSIENT_CLUSTER,17.3245
goal,1771,59.033333,1,59.034679,90373,29526,21110,112,0,SAFE,21.1307
goal,1772,59.066667,1,59.065290,90822,30404,23187,92,0,SAFE,25.6917
goal,1773,59.100000,1,59.100857,96892,34147,24393,115,0,SAFE,21.9705
goal,1774,59.133333,1,59.133607,96123,32888,23680,150,0,SAFE,21.0325
goal,1775,59.166667,1,59.164421,91187,31900,24454,130,0,SAFE,19.0593
goal,1776,59.200000,1,59.197630,90987,33193,23297,85,0,SAFE,23.4912
goal,1777,59.233333,1,59.232981,106719,33925,24768,123,0,SAFE,21.4428
goal,1778,59.266667,1,59.267441,93767,30184,21552,98,0,SAFE,15.9218
goal,1779,59.300000,1,59.301722,94176,32720,24418,128,0,SAFE,22.7427
goal,1780,59.333333,1,59.333516,94726,31979,22972,119,0,SAFE,22.5481
goal,1781,59.366667,1,59.367929,101537,34584,24152,87,0,SAFE,25.5095
goal,1782,59.400000,1,59.401564,91377,29285,20544,149,0,SAFE,22.3982
goal,1783,59.433333,1,59.432653,91576,32838,23391,73,0,SAFE,24.1559
goal,1784,59.466667,1,59.465637,88850,31317,22926,85,0,SAFE,15.3591
goal,1785,59.500000,1,59.500876,91202,29428,20999,72,0,SAFE,18.6451
goal,1786,59.533333,1,59.534906,93286,31028,22183,113,0,SAFE,24.4382
goal,1787,59.566667,1,59.569330,90380,31010,21844,78,0,SAFE,24.8793
goal,1788,59.600000,1,59.602158,85915,29516,21641,79,0,SAFE,21.5319
goal,1789,59.633333,1,59.632025,96905,32540,22452,58,0,SAFE,26.0735
goal,1790,59.666667,1,59.666217,85003,28147,19251,92,0,SAFE,18.5235
goal,1791,59.700000,1,59.701405,98505,34842,25393,115,0,SAFE,25.4132
goal,1792,59.733333,1,59.736222,91429,30559,21541,116,0,SAFE,22.5765
goal,1793,59.766667,1,59.764895,92318,33468,24538,77,0,SAFE,24.2729
goal,1794,59.800000,1,59.801446,90607,30379,22000,104,0,SAFE,17.6608
goal,1795,59.833333,1,59.834538,88206,27638,19892,53,0,SAFE,14.8041
goal,1796,59.866667,1,59.864363,99036,33553,23173,101,0,SAFE,19.2044
goal,1797,59.900000,1,59.902253,92426,31425,22601,92,0,SAFE,23.8370
goal,1798,59.933333,1,59.928741,90432,27376,19453,98,0,SAFE,17.2578
goal,1799,59.966667,1,59.965615,86989,29516,21118,103,0,SAFE,19.8408
