t_s,q1_rad,q2_rad,q3_rad,q4_rad,q5_rad,q6_rad,qd1_rad_s,qd2_rad_s,qd3_rad_s,qd4_rad_s,qd5_rad_s,qd6_rad_s,qdd1_rad_s2,qdd2_rad_s2,qdd3_rad_s2,qdd4_rad_s2,qdd5_rad_s2,qdd6_rad_s2
0.000000,1.00594938,-0.08194742,1.47484434,-0.05864076,1.55466068,0.94679141,0.00000000,0.00000000,0.00000000,0.00000000,0.00000000,0.00000000,0.00000000,0.00000000,-0.00000000,0.00000000,-0.00000000,0.00000000
0.010000,1.00594702,-0.08194695,1.47484273,-0.05863921,1.55466006,0.94678756,-0.00070322,0.00013986,-0.00047889,0.00046352,-0.00018279,-0.00114813,-0.13861264,0.02756812,-0.09439441,0.09136578,-0.03603073,-0.22631017
0.020000,1.00593089,-0.08194374,1.47483175,-0.05862858,1.55465587,0.94676123,-0.00273225,0.00054341,-0.00186065,0.00180096,-0.00071022,-0.00446090,-0.26522389,0.05274991,-0.18061854,0.17482453,-0.06894355,-0.43303015
0.030000,1.00588835,-0.08193528,1.47480277,-0.05860053,1.55464481,0.94669177,-0.00596894,0.00118715,-0.00406487,0.00393448,-0.00155159,-0.00974547,-0.38020776,0.07561972,-0.25892695,0.25062255,-0.09883559,-0.62077035
0.040000,1.00580787,-0.08191927,1.47474797,-0.05854749,1.55462389,0.94656037,-0.01029889,0.00204834,-0.00701366,0.00678870,-0.00267719,-0.01681508,-0.48393830,0.09625191,-0.32957419,0.31900618,-0.12580395,-0.79014118
0.050000,1.00567909,-0.08189366,1.47466027,-0.05846260,1.55459042,0.94635012,-0.01561144,0.00310498,-0.01063167,0.01029071,-0.00405825,-0.02548909,-0.57678952,0.11472083,-0.39281481,0.38022173,-0.14994576,-0.94175305
0.060000,1.00549272,-0.08185659,1.47453335,-0.05833975,1.55454197,0.94604583,-0.02179967,0.00433580,-0.01484611,0.01437006,-0.00566700,-0.03559298,-0.65913547,0.13110084,-0.44890337,0.43451551,-0.17135815,-1.07621638
0.070000,1.00524053,-0.08180643,1.47436159,-0.05817350,1.55447641,0.94563405,-0.02876038,0.00572028,-0.01958674,0.01895876,-0.00747664,-0.04695829,-0.73135017,0.14546629,-0.49809442,0.48213385,-0.19013822,-1.19414157
0.080000,1.00491527,-0.08174174,1.47414009,-0.05795910,1.55439185,0.94510300,-0.03639414,0.00723866,-0.02478586,0.02399130,-0.00946132,-0.05942272,-0.79380765,0.15789152,-0.54064250,0.52332306,-0.20638310,-1.29613904
0.090000,1.00451072,-0.08166128,1.47386457,-0.05769241,1.55428668,0.94444246,-0.04460526,0.00887189,-0.03037830,0.02940462,-0.01159618,-0.07283002,-0.84688195,0.16845091,-0.57680218,0.55832947,-0.22018992,-1.38281920
0.100000,1.00402155,-0.08156398,1.47353142,-0.05736994,1.55415951,0.94364376,-0.05330175,0.01060170,-0.03630145,0.03513810,-0.01385731,-0.08703008,-0.89094709,0.17721880,-0.60682801,0.58739939,-0.23165578,-1.45479245
0.110000,1.00344336,-0.08144898,1.47313764,-0.05698877,1.55400919,0.94269969,-0.06239541,0.01241054,-0.04249526,0.04113364,-0.01622181,-0.10187888,-0.92637710,0.18426954,-0.63097454,0.61077913,-0.24087782,-1.51266922
0.120000,1.00277260,-0.08131556,1.47268080,-0.05654658,1.55383480,0.94160448,-0.07180176,0.01428162,-0.04890220,0.04733554,-0.01866771,-0.11723851,-0.95354601,0.18967749,-0.64949632,0.62871503,-0.24795314,-1.55705991
0.130000,1.00200655,-0.08116319,1.47215907,-0.05604155,1.55363564,0.94035366,-0.08144004,0.01619887,-0.05546729,0.05369061,-0.02117404,-0.13297716,-0.97282787,0.19351700,-0.66264791,0.64145339,-0.25297887,-1.58857493
0.140000,1.00114328,-0.08099148,1.47157111,-0.05547242,1.55341119,0.93894409,-0.09123327,0.01814698,-0.06213810,0.06014811,-0.02372078,-0.14896912,-0.98459668,0.19586242,-0.67068386,0.64924053,-0.25605214,-1.60782470
0.150000,1.00018162,-0.08080020,1.47091612,-0.05483841,1.55316115,0.93737383,-0.10110818,0.02011138,-0.06886476,0.06665974,-0.02628890,-0.16509480,-0.98922649,0.19678812,-0.67385872,0.65232278,-0.25727005,-1.61541962
0.160000,0.99912108,-0.08058925,1.47019378,-0.05413920,1.55288540,0.93564213,-0.11099525,0.02207825,-0.07559992,0.07317970,-0.02886032,-0.18124070,-0.98709133,0.19636844,-0.67242704,0.65094645,-0.25672973,-1.61197011
0.170000,0.99796189,-0.08035867,1.46940424,-0.05337493,1.55258399,0.93374931,-0.12082870,0.02403451,-0.08229879,0.07966463,-0.03141796,-0.19729942,-0.97856522,0.19467774,-0.66664338,0.64535786,-0.25452830,-1.59808658
0.180000,0.99670489,-0.08010863,1.46854807,-0.05254616,1.55225714,0.93169677,-0.13054650,0.02596782,-0.08891913,0.08607364,-0.03394568,-0.21316969,-0.96402220,0.19179037,-0.65676229,0.63580333,-0.25076288,-1.57437944
0.190000,0.99535154,-0.07983943,1.46762625,-0.05165384,1.55190523,0.92948686,-0.14009034,0.02786658,-0.09542123,0.09236830,-0.03642833,-0.22875630,-0.94383630,0.18778069,-0.64303833,0.62252917,-0.24553059,-1.54145910
0.200000,0.99390385,-0.07955145,1.46664016,-0.05069930,1.55152877,0.92712288,-0.14940566,0.02971994,-0.10176794,0.09851264,-0.03885172,-0.24397019,-0.91838154,0.18272305,-0.62572604,0.60578171,-0.23892855,-1.49993598
0.210000,0.99236436,-0.07924521,1.46559153,-0.04968420,1.55112843,0.92460898,-0.15844165,0.03151780,-0.10792464,0.10447317,-0.04120265,-0.25872838,-0.88803196,0.17669180,-0.60507998,0.58580727,-0.23105388,-1.45042047
0.220000,0.99073610,-0.07892131,1.46448241,-0.04861055,1.55070500,0.92195009,-0.16715123,0.03325078,-0.11385927,0.11021885,-0.04346888,-0.27295400,-0.85316159,0.16976130,-0.58135470,0.56285215,-0.22200369,-1.39352301
0.230000,0.98902257,-0.07858044,1.46331518,-0.04748064,1.55025937,0.91915191,-0.17549106,0.03491027,-0.11954232,0.11572110,-0.04563913,-0.28657627,-0.81414446,0.16200590,-0.55480475,0.53716269,-0.21187512,-1.32985399
0.240000,0.98722765,-0.07822338,1.46209249,-0.04629703,1.54979257,0.91622079,-0.18342155,0.03648840,-0.12494680,0.12095381,-0.04770311,-0.29953054,-0.77135460,0.15349995,-0.52568470,0.50898519,-0.20076527,-1.26002383
0.250000,0.98535562,-0.07785097,1.46081725,-0.04506254,1.54930570,0.91316372,-0.19090683,0.03797802,-0.13004829,0.12589333,-0.04965149,-0.31175824,-0.72516603,0.14431781,-0.49424909,0.47856599,-0.18877127,-1.18464293
0.260000,0.98341110,-0.07746413,1.45949261,-0.04378021,1.54879995,0.90998823,-0.19791478,0.03937275,-0.13482491,0.13051848,-0.05147592,-0.32320693,-0.67595280,0.13453384,-0.46075246,0.44615139,-0.17599024,-1.10432172
0.270000,0.98139901,-0.07706385,1.45812190,-0.04245328,1.54827662,0.90670234,-0.20441705,0.04066694,-0.13925732,0.13481053,-0.05316900,-0.33383024,-0.62408893,0.12422238,-0.42544939,0.41198771,-0.16251930,-1.01967060
0.280000,0.97932453,-0.07665115,1.45670867,-0.04108516,1.54773703,0.90331451,-0.21038897,0.04185568,-0.14332873,0.13875323,-0.05472433,-0.34358794,-0.56994844,0.11345780,-0.38859442,0.37632127,-0.14845557,-0.93129999
0.290000,0.97719307,-0.07622710,1.45525658,-0.03967942,1.54718261,0.89983358,-0.21580967,0.04293483,-0.14702488,0.14233277,-0.05613646,-0.35244588,-0.51390538,0.10231444,-0.35044209,0.33939840,-0.13389617,-0.83982029
0.300000,0.97501023,-0.07579283,1.45376946,-0.03823976,1.54661480,0.89626868,-0.22066199,0.04390096,-0.15033409,0.14553783,-0.05740092,-0.36037602,-0.45633377,0.09086666,-0.31124698,0.30146540,-0.11893821,-0.74584191
0.310000,0.97278177,-0.07534947,1.45225122,-0.03676995,1.54603509,0.89262922,-0.22493250,0.04475140,-0.15324720,0.14835953,-0.05851422,-0.36735643,-0.39760764,0.07918881,-0.27126362,0.26276861,-0.10367882,-0.64997528
0.320000,0.97051355,-0.07489819,1.45070586,-0.03527386,1.54544502,0.88892477,-0.22861154,0.04548421,-0.15575759,0.15079147,-0.05947382,-0.37337127,-0.33810103,0.06735524,-0.23074657,0.22355433,-0.08821512,-0.55283079
0.330000,0.96821153,-0.07444018,1.44913742,-0.03375543,1.54484614,0.88516505,-0.23169317,0.04609823,-0.15786120,0.15282971,-0.06027816,-0.37841082,-0.27818795,0.05544032,-0.18995039,0.18406888,-0.07264423,-0.45501886
0.340000,0.96588169,-0.07397663,1.44755000,-0.03221859,1.54423998,0.88135982,-0.23417519,0.04659300,-0.15955651,0.15447277,-0.06092667,-0.38247145,-0.21824245,0.04351839,-0.14912962,0.14455859,-0.05706326,-0.35714990
0.350000,0.96353002,-0.07350872,1.44594765,-0.03066729,1.54362812,0.87751888,-0.23605915,0.04696882,-0.16084456,0.15572162,-0.06141972,-0.38555566,-0.15863856,0.03166381,-0.10853883,0.10526977,-0.04156935,-0.25983433
0.360000,0.96116248,-0.07303764,1.44433445,-0.02910546,1.54301210,0.87365194,-0.23735035,0.04722675,-0.16172890,0.15657972,-0.06175867,-0.38767202,-0.09975030,0.01995093,-0.06843255,0.06644873,-0.02625960,-0.16368255
0.370000,0.95878496,-0.07256457,1.44271440,-0.02753698,1.54239345,0.86976861,-0.23805779,0.04736856,-0.16221567,0.15705298,-0.06194585,-0.38883522,-0.04195170,0.00845411,-0.02906536,0.02834181,-0.01123114,-0.06930498
0.380000,0.95640323,-0.07209065,1.44109143,-0.02596565,1.54177368,0.86587834,-0.23819426,0.04739680,-0.16231352,0.15714976,-0.06198455,-0.38906607,0.01438321,-0.00275230,0.00930821,-0.00880468,0.00341892,0.02268798
0.390000,0.95402292,-0.07161700,1.43946939,-0.02439520,1.54115424,0.86199031,-0.23777625,0.04731473,-0.16203367,0.15688091,-0.06187905,-0.38839145,0.06888038,-0.01359395,0.04643360,-0.04474444,0.01759345,0.11168591
0.400000,0.95164949,-0.07114471,1.43785197,-0.02282921,1.54053656,0.85811342,-0.23682402,0.04712638,-0.16138986,0.15625972,-0.06163459,-0.38684437,0.12116581,-0.02399648,0.08205625,-0.07923112,0.03119533,0.19707840
0.410000,0.94928814,-0.07067481,1.43624275,-0.02127113,1.53992199,0.85425620,-0.23536156,0.04683651,-0.16039840,0.15530195,-0.06125738,-0.38446393,0.17086544,-0.03388554,0.11592162,-0.11201843,0.04412744,0.27825503
0.420000,0.94694386,-0.07020830,1.43464510,-0.01972423,1.53931183,0.85042677,-0.23341658,0.04645063,-0.15907813,0.15402583,-0.06075460,-0.38129535,0.21760526,-0.04318678,0.14777514,-0.14286003,0.05629266,0.35460541
0.430000,0.94462132,-0.06974610,1.43306221,-0.01819160,1.53870729,0.84663275,-0.23102056,0.04597498,-0.15745045,0.15245206,-0.06013441,-0.37738995,0.26101124,-0.05182583,0.17736227,-0.17150962,0.06759388,0.42551911
0.440000,0.94232484,-0.06928908,1.43149704,-0.01667611,1.53810951,0.84288123,-0.22820872,0.04541657,-0.15553929,0.15060377,-0.05940593,-0.37280513,0.30070933,-0.05972836,0.20442846,-0.19772087,0.07793398,0.49038573
0.450000,0.94005840,-0.06883802,1.42995228,-0.01518036,1.53751950,0.83917870,-0.22501981,0.04478308,-0.15337101,0.14850647,-0.05857921,-0.36760413,0.33639980,-0.06683475,0.22876966,-0.22129632,0.08723508,0.54871600
0.460000,0.93782557,-0.06839364,1.42843038,-0.01370672,1.53693821,0.83553099,-0.22149396,0.04408250,-0.15097290,0.14618655,-0.05766466,-0.36185240,0.36811919,-0.07315223,0.25041054,-0.24225976,0.09550656,0.60056925
0.470000,0.93562951,-0.06795657,1.42693350,-0.01225728,1.53636647,0.83194328,-0.21767022,0.04332258,-0.14837151,0.14366969,-0.05667240,-0.35561362,0.39599920,-0.07870693,0.26944048,-0.26069757,0.10278243,0.64615999
0.480000,0.93347303,-0.06752736,1.42546355,-0.01083390,1.53580499,0.82842013,-0.21358633,0.04251082,-0.14559249,0.14098073,-0.05561221,-0.34894936,0.42017155,-0.08352496,0.28594884,-0.27669611,0.10909673,0.68570273
0.490000,0.93135853,-0.06710650,1.42402216,-0.00943816,1.53525442,0.82496551,-0.20927871,0.04165445,-0.14266064,0.13814361,-0.05449355,-0.34191901,0.44076793,-0.08763246,0.30002502,-0.29034177,0.11448348,0.71941201
0.500000,0.92928808,-0.06669439,1.42261076,-0.00807144,1.53471529,0.82158278,-0.20478245,0.04076045,-0.13959980,0.13518145,-0.05332552,-0.33457985,0.45792006,-0.09105554,0.31175838,-0.30172092,0.11897671,0.74750232
0.510000,0.92726340,-0.06629139,1.42123052,-0.00673488,1.53418804,0.81827476,-0.20013135,0.03983553,-0.13643298,0.13211646,-0.05211688,-0.32698698,0.47175964,-0.09382033,0.32123830,-0.31091994,0.12261045,0.77018821
0.520000,0.92528586,-0.06589777,1.41988238,-0.00542939,1.53367306,0.81504371,-0.19535786,0.03888615,-0.13318225,0.12897003,-0.05087606,-0.31919338,0.48241837,-0.09595297,0.32855416,-0.31802520,0.12541874,0.78768418
0.530000,0.92335654,-0.06551373,1.41856708,-0.00415568,1.53317060,0.81189139,-0.19049315,0.03791850,-0.12986881,0.12576265,-0.04961115,-0.31124988,0.49002797,-0.09747956,0.33379533,-0.32312308,0.12743559,0.80020475
0.540000,0.92147620,-0.06513944,1.41728515,-0.00291427,1.53268089,0.80881905,-0.18556703,0.03693849,-0.12651296,0.12251397,-0.04832988,-0.30320516,0.49472013,-0.09842623,0.33705119,-0.32629996,0.12869504,0.80796446
0.550000,0.91964531,-0.06477498,1.41603690,-0.00170548,1.53220403,0.80582747,-0.18060803,0.03595182,-0.12313411,0.11924277,-0.04703966,-0.29510575,0.49662657,-0.09881912,0.33841112,-0.32764221,0.12923111,0.81117781
0.560000,0.91786406,-0.06442040,1.41482248,-0.00052943,1.53174010,0.80291697,-0.17564334,0.03496387,-0.11975076,0.11596695,-0.04574755,-0.28699604,0.49587899,-0.09868434,0.33796449,-0.32723621,0.12907784,0.81005932
0.570000,0.91613238,-0.06407569,1.41364184,0.00061391,1.53128907,0.80008744,-0.17069886,0.03397980,-0.11638054,0.11270358,-0.04446028,-0.27891829,0.49260910,-0.09804802,0.33580068,-0.32516834,0.12826925,0.80482352
0.580000,0.91444994,-0.06374078,1.41249477,0.00172474,1.53085086,0.79733836,-0.16579913,0.03300449,-0.11304017,0.10946884,-0.04318424,-0.27091258,0.48694860,-0.09693628,0.33200907,-0.32152496,0.12683938,0.79568493
0.590000,0.91281617,-0.06341556,1.41138089,0.00280343,1.53042533,0.79466882,-0.16096741,0.03204257,-0.10974549,0.10627805,-0.04192545,-0.26301688,0.47902920,-0.09537525,0.32667903,-0.31639247,0.12482224,0.78285806
0.600000,0.91123029,-0.06309987,1.41029966,0.00385049,1.53001227,0.79207754,-0.15622564,0.03109840,-0.10651142,0.10314566,-0.04068964,-0.25526700,0.46898261,-0.09339105,0.31989994,-0.30985723,0.12225187,0.76655744
0.610000,0.90969129,-0.06279352,1.40925041,0.00486658,1.52961144,0.78956289,-0.15159441,0.03017608,-0.10335202,0.10008529,-0.03948215,-0.24769660,0.45694052,-0.09100981,0.31176118,-0.30200562,0.11916231,0.74699758
0.620000,0.90819797,-0.06249626,1.40823232,0.00585248,1.52922252,0.78712290,-0.14709304,0.02927944,-0.10028043,0.09710965,-0.03830801,-0.24033720,0.44303466,-0.08825765,0.30235211,-0.29292402,0.11558756,0.72439301
0.630000,0.90674893,-0.06220783,1.40724447,0.00680910,1.52884515,0.78475534,-0.14273949,0.02841207,-0.09730892,0.09423062,-0.03717190,-0.23321817,0.42739671,-0.08516069,0.29176213,-0.28269881,0.11156168,0.69895824
0.640000,0.90534263,-0.06192791,1.40628577,0.00773745,1.52847894,0.78245765,-0.13855044,0.02757729,-0.09444883,0.09145920,-0.03607817,-0.22636675,0.41015840,-0.08174507,0.28008060,-0.27141635,0.10711867,0.67090780
0.650000,0.90397733,-0.06165617,1.40535508,0.00863867,1.52812343,0.78022703,-0.13454122,0.02677815,-0.09171064,0.08880553,-0.03503080,-0.21980802,0.39145142,-0.07803689,0.26739690,-0.25916303,0.10229258,0.64045621
0.660000,0.90265116,-0.06139222,1.40445112,0.00951399,1.52777815,0.77806044,-0.13072587,0.02601744,-0.08910394,0.08627889,-0.03403348,-0.21356492,0.37140749,-0.07406230,0.25380041,-0.24602523,0.09711743,0.60781798
0.670000,0.90136212,-0.06113568,1.40357254,0.01036470,1.52744259,0.77595461,-0.12711709,0.02529770,-0.08663738,0.08388769,-0.03308951,-0.20765823,0.35015830,-0.06984741,0.23938050,-0.23208931,0.09162725,0.57320763
0.680000,0.90010809,-0.06088612,1.40271788,0.01119222,1.52711618,0.77390609,-0.12372628,0.02462120,-0.08431877,0.08163947,-0.03220187,-0.20210662,0.32783557,-0.06541835,0.22422656,-0.21744166,0.08585607,0.53683969
0.690000,0.89888683,-0.06064310,1.40188565,0.01199799,1.52679835,0.77191124,-0.12056352,0.02398996,-0.08215500,0.07954094,-0.03137321,-0.19692658,0.30457099,-0.06080124,0.20842795,-0.20216865,0.07983792,0.49892867
0.700000,0.89769603,-0.06040617,1.40107425,0.01278355,1.52648851,0.76996627,-0.11763756,0.02340572,-0.08015206,0.07759790,-0.03060582,-0.19213248,0.28049629,-0.05602221,0.19207406,-0.18635666,0.07360682,0.45968910
0.710000,0.89653327,-0.06017483,1.40028205,0.01355048,1.52618602,0.76806726,-0.11495585,0.02286997,-0.07831507,0.07581531,-0.02990167,-0.18773651,0.25574315,-0.05110737,0.17525425,-0.17009207,0.06719681,0.41933549
0.720000,0.89539608,-0.05994860,1.39950738,0.01430041,1.52589026,0.76621018,-0.11252452,0.02238394,-0.07664823,0.07419728,-0.02926237,-0.18374876,0.23044330,-0.04608287,0.15805791,-0.15346125,0.06064191,0.37808237
0.730000,0.89428193,-0.05972698,1.39874851,0.01503499,1.52560056,0.76439090,-0.11034837,0.02194859,-0.07515487,0.07274702,-0.02868920,-0.18017715,0.20472842,-0.04097481,0.14057442,-0.13655057,0.05397615,0.33614425
0.740000,0.89318825,-0.05950946,1.39800369,0.01575592,1.52531625,0.76260523,-0.10843090,0.02156463,-0.07383740,0.07146691,-0.02818310,-0.17702745,0.17873024,-0.03580933,0.12289314,-0.11944642,0.04723356,0.29373566
0.750000,0.89211244,-0.05929552,1.39727117,0.01646490,1.52503667,0.76084893,-0.10677427,0.02123251,-0.07269737,0.07035845,-0.02774467,-0.17430329,0.15258046,-0.03061255,0.10510346,-0.10223517,0.04044818,0.25107111
0.760000,0.89105189,-0.05908463,1.39654915,0.01716366,1.52476113,0.75911774,-0.10537935,0.02095240,-0.07173540,0.06942228,-0.02737417,-0.17200616,0.12641078,-0.02541059,0.08729476,-0.08500319,0.03365402,0.20836512
0.770000,0.89000398,-0.05887629,1.39583587,0.01785392,1.52448896,0.75740739,-0.10424568,0.02072423,-0.07095124,0.06865817,-0.02707151,-0.17013541,0.10035291,-0.02022958,0.06955640,-0.06783687,0.02688512,0.16583222
0.780000,0.88896611,-0.05866998,1.39512954,0.01853739,1.52421948,0.75571362,-0.10337148,0.02054765,-0.07034374,0.06806503,-0.02683627,-0.16868823,0.07453855,-0.01509564,0.05197777,-0.05082258,0.02017550,0.12368692
0.790000,0.88793570,-0.05846517,1.39442841,0.01921578,1.52395201,0.75403223,-0.10275366,0.02042207,-0.06991085,0.06764092,-0.02666768,-0.16765967,0.04909942,-0.01003490,0.03464824,-0.03404670,0.01355920,0.08214374
0.800000,0.88691020,-0.05826137,1.39373075,0.01989077,1.52368590,0.75235905,-0.10238781,0.02034662,-0.06964965,0.06738302,-0.02656466,-0.16704263,0.02416721,-0.00507348,0.01765718,-0.01759560,0.00707024,0.04141721
0.810000,0.88588712,-0.05805808,1.39303486,0.02056399,1.52342050,0.75069003,-0.10226819,0.02032018,-0.06955628,0.06728764,-0.02652574,-0.16682788,-0.00012636,-0.00023750,0.00109399,-0.00155565,0.00074265,0.00172184
0.820000,0.88486404,-0.05785481,1.39233908,0.02123705,1.52315518,0.74902119,-0.10238776,0.02034137,-0.06962604,0.06735024,-0.02654915,-0.16700404,-0.02364959,0.00444690,-0.01495198,0.01398676,-0.00538954,-0.03672784
0.830000,0.88383860,-0.05765110,1.39164181,0.02191150,1.52288932,0.74734869,-0.10273817,0.02040853,-0.06985330,0.06756543,-0.02663277,-0.16755757,-0.04627078,0.00895361,-0.03039134,0.02894525,-0.01129230,-0.07371732
0.840000,0.88280854,-0.05744649,1.39094151,0.02258884,1.52262233,0.74566884,-0.10330973,0.02051976,-0.07023155,0.06792691,-0.02677412,-0.16847281,-0.06785821,0.01325650,-0.04513471,0.04323346,-0.01693160,-0.10903208
0.850000,0.88177170,-0.05724056,1.39023670,0.02327050,1.52235366,0.74397809,-0.10409145,0.02067289,-0.07075338,0.06842757,-0.02697041,-0.16973192,-0.08828019,0.01732944,-0.05909273,0.05676501,-0.02227342,-0.14245759
0.860000,0.88072605,-0.05703290,1.38952599,0.02395783,1.52208275,0.74227312,-0.10507101,0.02086549,-0.07141049,0.06905940,-0.02721848,-0.17131494,-0.10740500,0.02114632,-0.07217600,0.06945351,-0.02728372,-0.17377934
0.870000,0.87966967,-0.05682313,1.38880807,0.02465210,1.52180912,0.74055078,-0.10623479,0.02109488,-0.07219368,0.06981355,-0.02751486,-0.17319978,-0.12510094,0.02468100,-0.08429517,0.08121260,-0.03192848,-0.20278281
0.880000,0.87860079,-0.05661089,1.38808173,0.02535448,1.52153231,0.73880820,-0.10756783,0.02135809,-0.07309288,0.07068027,-0.02785572,-0.17536216,-0.14123631,0.02790737,-0.09536084,0.09195589,-0.03617366,-0.22925348
0.890000,0.87751780,-0.05639586,1.38734586,0.02606604,1.52125188,0.73704270,-0.10905393,0.02165192,-0.07409713,0.07164903,-0.02823691,-0.17777578,-0.15570340,0.03080404,-0.10529986,0.10161266,-0.03999140,-0.25301580
0.900000,0.87641925,-0.05617776,1.38659948,0.02678776,1.52096745,0.73525193,-0.11067639,0.02197308,-0.07519515,0.07270893,-0.02865414,-0.18041353,-0.16851767,0.03337397,-0.11412225,0.11019237,-0.04338537,-0.27409418
0.910000,0.87530387,-0.05595632,1.38584169,0.02752049,1.52067869,0.73343377,-0.11241896,0.02231835,-0.07637597,0.07384940,-0.02910325,-0.18324901,-0.17973393,0.03562791,-0.12186462,0.11773018,-0.04636936,-0.29257695
0.920000,0.87417053,-0.05573132,1.38507172,0.02826498,1.52038529,0.73158638,-0.11426592,0.02268462,-0.07762897,0.07506018,-0.02958020,-0.18625671,-0.18940703,0.03757661,-0.12856360,0.12426123,-0.04895714,-0.30855248
0.930000,0.87301825,-0.05550257,1.38428890,0.02902189,1.52008700,0.72970815,-0.11620214,0.02306890,-0.07894389,0.07633139,-0.03008111,-0.18941200,-0.19759181,0.03923080,-0.13425581,0.12982066,-0.05116251,-0.32210911
0.940000,0.87184624,-0.05526989,1.38349267,0.02979178,1.51978360,0.72779773,-0.11821298,0.02346829,-0.08031085,0.07765347,-0.03060223,-0.19269112,-0.20434312,0.04060125,-0.13897788,0.13444362,-0.05299923,-0.33333522
0.950000,0.87065379,-0.05503316,1.38268254,0.03057510,1.51947490,0.72585399,-0.12028440,0.02388001,-0.08172034,0.07901725,-0.03113992,-0.19607123,-0.20971579,0.04169868,-0.14276644,0.13816526,-0.05448109,-0.34231915
0.960000,0.86944039,-0.05479226,1.38185815,0.03137224,1.51916076,0.72387604,-0.12240289,0.02430139,-0.08316319,0.08041389,-0.03169071,-0.19953033,-0.21376467,0.04253386,-0.14565810,0.14102073,-0.05562187,-0.34914929
0.970000,0.86820562,-0.05454711,1.38101920,0.03218346,1.51884106,0.72186319,-0.12455547,0.02472985,-0.08463063,0.08183490,-0.03225126,-0.20304733,-0.21654459,0.04311753,-0.14768950,0.14304516,-0.05643536,-0.35391397
0.980000,0.86694921,-0.05429765,1.38016548,0.03300899,1.51851571,0.71981497,-0.12672973,0.02516294,-0.08611423,0.08327214,-0.03281837,-0.20660202,-0.21811041,0.04346043,-0.14889726,0.14427372,-0.05693534,-0.35670158
0.990000,0.86567099,-0.05404384,1.37929688,0.03384893,1.51818468,0.71773109,-0.12891381,0.02559829,-0.08760595,0.08471784,-0.03338897,-0.21017506,-0.21851695,0.04357331,-0.14931801,0.14474155,-0.05713558,-0.35760045
1.000000,0.86437094,-0.05378568,1.37841336,0.03470335,1.51784793,0.71561147,-0.13109639,0.02603367,-0.08909809,0.08616455,-0.03396013,-0.21374802,-0.21781907,0.04346692,-0.14898838,0.14448379,-0.05704986,-0.35669897
1.010000,0.86304911,-0.05352318,1.37751494,0.03557220,1.51750548,0.71345619,-0.13326669,0.02646694,-0.09058334,0.08760521,-0.03452906,-0.21730334,-0.21607161,0.04315201,-0.14794498,0.14353558,-0.05669198,-0.35408548
1.020000,0.86170568,-0.05325636,1.37660174,0.03645541,1.51715737,0.71126551,-0.13541450,0.02689605,-0.09205474,0.08903308,-0.03509311,-0.22082432,-0.21332940,0.04263931,-0.14622444,0.14193209,-0.05607571,-0.34984835
1.030000,0.86034093,-0.05298528,1.37567392,0.03735280,1.51680364,0.70903987,-0.13753015,0.02731910,-0.09350569,0.09044179,-0.03564976,-0.22429519,-0.20964729,0.04193959,-0.14386340,0.13970845,-0.05521484,-0.34407594
1.040000,0.85895521,-0.05271000,1.37473172,0.03826416,1.51644440,0.70677983,-0.13960450,0.02773426,-0.09492999,0.09182530,-0.03619664,-0.22770102,-0.20508012,0.04106358,-0.14089847,0.13689982,-0.05412313,-0.33685661
1.050000,0.85754900,-0.05243062,1.37377543,0.03918920,1.51607975,0.70448611,-0.14162898,0.02813982,-0.09632177,0.09317795,-0.03673150,-0.23102779,-0.19968273,0.04002203,-0.13736628,0.13354133,-0.05281439,-0.32827871
1.060000,0.85612283,-0.05214724,1.37280541,0.04012760,1.51570982,0.70215958,-0.14359557,0.02853418,-0.09767555,0.09449441,-0.03725225,-0.23426236,-0.19350997,0.03882569,-0.13330346,0.12966814,-0.05130238,-0.31843062
1.070000,0.85467731,-0.05185998,1.37182206,0.04107896,1.51533476,0.69980121,-0.14549678,0.02891585,-0.09898619,0.09576971,-0.03775691,-0.23739246,-0.18661667,0.03748530,-0.12874664,0.12531539,-0.04960089,-0.30740069
1.080000,0.85321313,-0.05156897,1.37082584,0.04204284,1.51495474,0.69741212,-0.14732568,0.02928344,-0.10024896,0.09699924,-0.03824368,-0.24040673,-0.17905767,0.03601162,-0.12373243,0.12051823,-0.04772370,-0.29527728
1.090000,0.85173106,-0.05127437,1.36981725,0.04301877,1.51456995,0.69499350,-0.14907590,0.02963568,-0.10145944,0.09817871,-0.03871085,-0.24329466,-0.17088783,0.03441539,-0.11829747,0.11531181,-0.04568460,-0.28214876
1.100000,0.85023190,-0.05097632,1.36879684,0.04400623,1.51418060,0.69254668,-0.15074159,0.02997138,-0.10261363,0.09930423,-0.03915688,-0.24604665,-0.16216198,0.03270735,-0.11247838,0.10973128,-0.04349735,-0.26810347
1.110000,0.84871652,-0.05067500,1.36776518,0.04500467,1.51378689,0.69007305,-0.15231747,0.03028949,-0.10370785,0.10037221,-0.03958035,-0.24865397,-0.15293495,0.03089825,-0.10631179,0.10381177,-0.04117576,-0.25322980
1.120000,0.84718586,-0.05037059,1.36672289,0.04601348,1.51338907,0.68757410,-0.15379880,0.03058904,-0.10473882,0.10137945,-0.03997999,-0.25110877,-0.14326161,0.02899884,-0.09983432,0.09758844,-0.03873359,-0.23761608
1.130000,0.84564088,-0.05006328,1.36567063,0.04703204,1.51298737,0.68505140,-0.15518139,0.03086920,-0.10570362,0.10232308,-0.04035466,-0.25340411,-0.13319677,0.02701987,-0.09308259,0.09109644,-0.03618463,-0.22135069
1.140000,0.84408258,-0.04975327,1.36460905,0.04805972,1.51258206,0.68250657,-0.15646161,0.03112921,-0.10659968,0.10320060,-0.04070337,-0.25553391,-0.12279530,0.02497208,-0.08609324,0.08437091,-0.03354266,-0.20452199
1.150000,0.84251200,-0.04944077,1.36353887,0.04909583,1.51217340,0.67994130,-0.15763636,0.03136845,-0.10742482,0.10400984,-0.04102525,-0.25749297,-0.11211202,0.02286622,-0.07890289,0.07744700,-0.03082146,-0.18721834
1.160000,0.84093021,-0.04912597,1.36246080,0.05013968,1.51176165,0.67735730,-0.15870310,0.03158638,-0.10817719,0.10474900,-0.04131958,-0.25927699,-0.10120179,0.02071304,-0.07154817,0.07035986,-0.02803481,-0.16952809
1.170000,0.83933830,-0.04880911,1.36137557,0.05119057,1.51134710,0.67475635,-0.15965982,0.03178259,-0.10885535,0.10541661,-0.04158578,-0.26088254,-0.09011943,0.01852328,-0.06406569,0.06314463,-0.02519650,-0.15153961
1.180000,0.83773738,-0.04849040,1.36028394,0.05224777,1.51093003,0.67214025,-0.16050509,0.03195676,-0.10945820,0.10601158,-0.04182339,-0.26230708,-0.07891980,0.01630769,-0.05649209,0.05583646,-0.02232031,-0.13334126
1.190000,0.83612857,-0.04817005,1.35918666,0.05331056,1.51051073,0.66951082,-0.16123801,0.03210869,-0.10998502,0.10653315,-0.04203210,-0.26354896,-0.06765774,0.01407701,-0.04886400,0.04847050,-0.01942001,-0.11502140
1.200000,0.83451300,-0.04784830,1.35808450,0.05437819,1.51008948,0.66686988,-0.16185822,0.03223828,-0.11043542,0.10698091,-0.04221175,-0.26460740,-0.05638809,0.01184200,-0.04121803,0.04108189,-0.01650939,-0.09666839
1.210000,0.83289179,-0.04752536,1.35697821,0.05544993,1.50966659,0.66421928,-0.16236593,0.03234555,-0.11080944,0.10735483,-0.04236230,-0.26548251,-0.04516568,0.00961340,-0.03359082,0.03370579,-0.01360223,-0.07837059
1.220000,0.83126605,-0.04720146,1.35586856,0.05652504,1.50924233,0.66156084,-0.16276188,0.03243061,-0.11110743,0.10765519,-0.04248385,-0.26617529,-0.03404536,0.00740195,-0.02601899,0.02637733,-0.01071232,-0.06021636
1.230000,0.82963692,-0.04687682,1.35475631,0.05760279,1.50881701,0.65889638,-0.16304736,0.03249368,-0.11133012,0.10788265,-0.04257665,-0.26668761,-0.02308198,0.00521841,-0.01853916,0.01913167,-0.00785343,-0.04229407
1.240000,0.82800547,-0.04655166,1.35364221,0.05868245,1.50839090,0.65622768,-0.16322422,0.03253511,-0.11147864,0.10803821,-0.04264107,-0.26702224,-0.01233037,0.00307352,-0.01118796,0.01200395,-0.00503935,-0.02469207
1.250000,0.82637279,-0.04622619,1.35252698,0.05976332,1.50796428,0.65355651,-0.16329486,0.03255532,-0.11155443,0.10812324,-0.04267763,-0.26718281,-0.00184538,0.00097802,-0.00400202,0.00502933,-0.00228385,-0.00749872
1.260000,0.82473992,-0.04590062,1.35141135,0.06084469,1.50753743,0.65088459,-0.16326220,0.03255487,-0.11155935,0.10813943,-0.04268699,-0.26717387,0.00831816,-0.00105733,0.00298203,-0.00175706,0.00039928,0.00919762
1.270000,0.82310787,-0.04557516,1.35029602,0.06192588,1.50711063,0.64821358,-0.16312975,0.03253441,-0.11149559,0.10808884,-0.04266994,-0.26700081,0.01810539,-0.00302179,0.00972758,-0.00832007,0.00299626,0.02530857
1.280000,0.82147764,-0.04525000,1.34918166,0.06300625,1.50668412,0.64554510,-0.16290153,0.03249470,-0.11136572,0.10797389,-0.04262740,-0.26666994,0.02746149,-0.00490462,0.01619799,-0.01462455,0.00549330,0.04074580
1.290000,0.81985015,-0.04492532,1.34806892,0.06408516,1.50625816,0.64288069,-0.16258214,0.03243662,-0.11117267,0.10779733,-0.04256045,-0.26618844,0.03633160,-0.00669506,0.02235665,-0.02063534,0.00787664,0.05542092
1.300000,0.81822628,-0.04460132,1.34695841,0.06516200,1.50583299,0.64022181,-0.16217670,0.03236115,-0.11091975,0.10756228,-0.04247029,-0.26556436,0.04466088,-0.00838237,0.02816691,-0.02631731,0.01013247,0.06924559
1.310000,0.81660688,-0.04427816,1.34585071,0.06623622,1.50540883,0.63756984,-0.16169091,0.03226935,-0.11061061,0.10727220,-0.04235827,-0.26480666,0.05239450,-0.00995580,0.03359217,-0.03163531,0.01224704,0.08213144
1.320000,0.81499271,-0.04395598,1.34474637,0.06730727,1.50498589,0.63492609,-0.16113098,0.03216244,-0.11024931,0.10693090,-0.04222587,-0.26392516,0.05947761,-0.01140461,0.03859579,-0.03655419,0.01420654,0.09399011
1.330000,0.81338449,-0.04363495,1.34364588,0.06837468,1.50456437,0.63229172,-0.16050369,0.03204171,-0.10984021,0.10654255,-0.04207470,-0.26293054,0.06586401,-0.01271971,0.04314675,-0.04104413,0.01599927,0.10474690
1.340000,0.81178284,-0.04331519,1.34254971,0.06943798,1.50414445,0.62966782,-0.15981601,0.03190849,-0.10938788,0.10611145,-0.04190644,-0.26183387,0.07155768,-0.01390164,0.04724668,-0.04510621,0.01762555,0.11440652
1.350000,0.81018834,-0.04299682,1.34145826,0.07049678,1.50372630,0.62705534,-0.15907477,0.03176411,-0.10889674,0.10564181,-0.04172273,-0.26064596,0.07658075,-0.01495443,0.05090898,-0.04875272,0.01909002,0.12300238
1.360000,0.80860150,-0.04267994,1.34037189,0.07155070,1.50331005,0.62445517,-0.15828656,0.03160982,-0.10837111,0.10513774,-0.04152516,-0.25937726,0.08095535,-0.01588213,0.05414706,-0.05199593,0.02039735,0.13056791
1.370000,0.80702275,-0.04236465,1.33929093,0.07259943,1.50289583,0.62186803,-0.15745775,0.03144687,-0.10781517,0.10460319,-0.04131529,-0.25803792,0.08470364,-0.01668875,0.05697432,-0.05484813,0.02155220,0.13713652
1.380000,0.80545246,-0.04205103,1.33821567,0.07364268,1.50248378,0.61929461,-0.15659450,0.03127644,-0.10723295,0.10404203,-0.04109461,-0.25663774,0.08784774,-0.01737834,0.05940419,-0.05732160,0.02255924,0.14274165
1.390000,0.80389095,-0.04173915,1.33714635,0.07468020,1.50207397,0.61673545,-0.15570273,0.03109968,-0.10662836,0.10345798,-0.04086458,-0.25518619,0.09040980,-0.01795492,0.06145008,-0.05942862,0.02342312,0.14741672
1.400000,0.80233848,-0.04142905,1.33608317,0.07571178,1.50166651,0.61419103,-0.15478817,0.03091770,-0.10600518,0.10285464,-0.04062661,-0.25369240,0.09241196,-0.01842253,0.06312539,-0.06118146,0.02414850,0.15119517
1.410000,0.80079525,-0.04112081,1.33502630,0.07673724,1.50126146,0.61166171,-0.15385629,0.03073158,-0.10536705,0.10223549,-0.04038206,-0.25216516,0.09387636,-0.01878520,0.06444355,-0.06259242,0.02474005,0.15411043
1.420000,0.79926140,-0.04081443,1.33397587,0.07775644,1.50085889,0.60914781,-0.15291236,0.03054233,-0.10471746,0.10160389,-0.04013224,-0.25061295,0.09482514,-0.01904697,0.06541796,-0.06367378,0.02520242,0.15619591
1.430000,0.79773702,-0.04050997,1.33293197,0.07876928,1.50045883,0.60664951,-0.15196143,0.03035096,-0.10405979,0.10096308,-0.03987842,-0.24904390,0.09528044,-0.01921187,0.06606204,-0.06443781,0.02554028,0.15748505
1.440000,0.79622218,-0.04020742,1.33189469,0.07977568,1.50006133,0.60416696,-0.15100832,0.03015841,-0.10339727,0.10031615,-0.03962183,-0.24746580,0.09526440,-0.01928392,0.06638920,-0.06489679,0.02575829,0.15801128
1.450000,0.79471685,-0.03990680,1.33086403,0.08077560,1.49966640,0.60170020,-0.15005764,0.02996558,-0.10273301,0.09966612,-0.03936364,-0.24588611,0.09479916,-0.01926717,0.06641285,-0.06506302,0.02586111,0.15780803
1.460000,0.79322100,-0.03960810,1.32984002,0.08176901,1.49927406,0.59924922,-0.14911376,0.02977335,-0.10206998,0.09901583,-0.03910498,-0.24431196,0.09390686,-0.01916564,0.06614641,-0.06494876,0.02585341,0.15690872
1.470000,0.79173454,-0.03931133,1.32882262,0.08275592,1.49888430,0.59681392,-0.14818085,0.02958254,-0.10141101,0.09836803,-0.03884693,-0.24275014,0.09260965,-0.01898337,0.06560328,-0.06456631,0.02573983,0.15534678
1.480000,0.79025733,-0.03901645,1.32781178,0.08373638,1.49849711,0.59439415,-0.14726285,0.02939393,-0.10075879,0.09772536,-0.03859052,-0.24120712,0.09092966,-0.01872440,0.06479689,-0.06392794,0.02552504,0.15315564
1.490000,0.78878922,-0.03872344,1.32680741,0.08471045,1.49811248,0.59198970,-0.14636346,0.02920829,-0.10011590,0.09709029,-0.03833675,-0.23968901,0.08888903,-0.01839275,0.06374064,-0.06304594,0.02521371,0.15036873
1.500000,0.78732999,-0.03843227,1.32580942,0.08567822,1.49773037,0.58960027,-0.14548619,0.02902631,-0.09948477,0.09646521,-0.03808655,-0.23820162,0.08650991,-0.01799245,0.06244795,-0.06193258,0.02481050,0.14701947
1.510000,0.78587941,-0.03814290,1.32481767,0.08663980,1.49735073,0.58722554,-0.14463432,0.02884866,-0.09886769,0.09585237,-0.03784083,-0.23675039,0.08381443,-0.01752755,0.06093223,-0.06060015,0.02432006,0.14314130
1.520000,0.78443721,-0.03785528,1.32383201,0.08759532,1.49697353,0.58486512,-0.14381089,0.02867596,-0.09826682,0.09525389,-0.03760042,-0.23534044,0.08082473,-0.01700207,0.05920690,-0.05906093,0.02374706,0.13876765
1.530000,0.78300309,-0.03756936,1.32285228,0.08854493,1.49659870,0.58251858,-0.14301873,0.02850880,-0.09768420,0.09467180,-0.03736615,-0.23397657,0.07756296,-0.01642005,0.05728536,-0.05732721,0.02309616,0.13393193
1.540000,0.78157672,-0.03728508,1.32187826,0.08948882,1.49622619,0.58018542,-0.14226046,0.02834773,-0.09712173,0.09410796,-0.03713875,-0.23266323,0.07405126,-0.01578551,0.05518102,-0.05541125,0.02237202,0.12866758
1.550000,0.78015776,-0.03700238,1.32090977,0.09042716,1.49585590,0.57786513,-0.14153846,0.02819325,-0.09658115,0.09356414,-0.03691893,-0.23140454,0.07031176,-0.01510250,0.05290731,-0.05332535,0.02157930,0.12300804
1.560000,0.77874582,-0.03672119,1.31994656,0.09136017,1.49548778,0.57555714,-0.14085491,0.02804583,-0.09606410,0.09304198,-0.03670737,-0.23020428,0.06636661,-0.01437504,0.05047763,-0.05108179,0.02072266,0.11698671
1.570000,0.77734053,-0.03644144,1.31898840,0.09228807,1.49512173,0.57326084,-0.14021174,0.02790589,-0.09557207,0.09254299,-0.03650468,-0.22906590,0.06223795,-0.01360717,0.04790540,-0.04869285,0.01980676,0.11063705
1.580000,0.77594145,-0.03616305,1.31803503,0.09321111,1.49475765,0.57097560,-0.13961069,0.02777381,-0.09510642,0.09206856,-0.03631142,-0.22799252,0.05794791,-0.01280292,0.04520403,-0.04617080,0.01883627,0.10399246
1.590000,0.77454817,-0.03588594,1.31708618,0.09412953,1.49439546,0.56870076,-0.13905325,0.02764994,-0.09466838,0.09161997,-0.03612812,-0.22698692,0.05351864,-0.01196632,0.04238693,-0.04352794,0.01781585,0.09708639
1.600000,0.77316023,-0.03561002,1.31614157,0.09504360,1.49403506,0.56643563,-0.13854071,0.02753458,-0.09425902,0.09119837,-0.03595525,-0.22605155,0.04897228,-0.01110140,0.03946752,-0.04077654,0.01675015,0.08995225
1.610000,0.77177720,-0.03533522,1.31520090,0.09595359,1.49367632,0.56417949,-0.13807412,0.02742799,-0.09387932,0.09080476,-0.03579325,-0.22518853,0.04433097,-0.01021221,0.03645920,-0.03792889,0.01564383,0.08262348
1.620000,0.77039860,-0.03506143,1.31426388,0.09685979,1.49331915,0.56193161,-0.13765433,0.02733040,-0.09353009,0.09044007,-0.03564250,-0.22439962,0.03961685,-0.00930277,0.03337540,-0.03499726,0.01450157,0.07513351
1.630000,0.76902395,-0.03478858,1.31333020,0.09776249,1.49296343,0.55969125,-0.13728195,0.02724199,-0.09321202,0.09010506,-0.03550332,-0.22368628,0.03485206,-0.00837711,0.03022952,-0.03199393,0.01332802,0.06751576
1.640000,0.76765280,-0.03451656,1.31239953,0.09866200,1.49260905,0.55745763,-0.13695738,0.02716290,-0.09292566,0.08980039,-0.03537602,-0.22304962,0.03005874,-0.00743927,0.02703497,-0.02893120,0.01212784,0.05980366
1.650000,0.76628465,-0.03424529,1.31147158,0.09955860,1.49225587,0.55523000,-0.13668080,0.02709323,-0.09267144,0.08952659,-0.03526084,-0.22249041,0.02525903,-0.00649328,0.02380518,-0.02582134,0.01090569,0.05203064
1.660000,0.76491902,-0.03397467,1.31054600,0.10045263,1.49190379,0.55300757,-0.13645215,0.02703305,-0.09244963,0.08928408,-0.03515797,-0.22200910,0.02047507,-0.00554318,0.02055355,-0.02267663,0.00966623,0.04423013
1.670000,0.76355544,-0.03370460,1.30962248,0.10134439,1.49155267,0.55078956,-0.13627117,0.02698237,-0.09226040,0.08907313,-0.03506756,-0.22160579,0.01572901,-0.00459299,0.01729349,-0.01950936,0.00841413,0.03643555
1.680000,0.76219344,-0.03343499,1.30870068,0.10223420,1.49120240,0.54857519,-0.13613737,0.02694117,-0.09210375,0.08889392,-0.03498971,-0.22128026,0.01104297,-0.00364675,0.01403842,-0.01633180,0.00715405,0.02868034
1.690000,0.76083254,-0.03316574,1.30778029,0.10312238,1.49085284,0.54636369,-0.13605004,0.02690941,-0.09197957,0.08874649,-0.03492449,-0.22103194,0.00643911,-0.00270849,0.01080175,-0.01315624,0.00589064,0.02099793
1.700000,0.75947229,-0.03289677,1.30686098,0.10400924,1.49050387,0.54415430,-0.13600824,0.02688696,-0.09188761,0.08863075,-0.03487190,-0.22085994,0.00193957,-0.00178224,0.00759689,-0.00999496,0.00462856,0.01342173
1.710000,0.75811223,-0.03262797,1.30594243,0.10489510,1.49015536,0.54194624,-0.13601082,0.02687371,-0.09182748,0.08854650,-0.03483190,-0.22076304,-0.00243353,-0.00087205,0.00443727,-0.00686024,0.00337249,0.00598518
1.720000,0.75675193,-0.03235926,1.30502433,0.10578027,1.48980719,0.53973879,-0.13605641,0.02686946,-0.09179866,0.08849342,-0.03480441,-0.22073966,-0.00665803,0.00001807,0.00133627,-0.00376436,0.00212708,-0.00127828
1.730000,0.75539096,-0.03209055,1.30410636,0.10666507,1.48945923,0.53753121,-0.13614342,0.02687399,-0.09180051,0.08847104,-0.03478930,-0.22078792,-0.01071179,0.00088407,-0.00169266,-0.00071960,0.00089699,-0.00833525
1.740000,0.75402893,-0.03182176,1.30318822,0.10754979,1.48911136,0.53532280,-0.13627001,0.02688704,-0.09183223,0.08847881,-0.03478640,-0.22090557,-0.01457268,0.00172193,-0.00463614,0.00226175,-0.00031312,-0.01515228
1.750000,0.75266544,-0.03155278,1.30226962,0.10843474,1.48876346,0.53311288,-0.13643415,0.02690832,-0.09189291,0.08851603,-0.03479548,-0.22109005,-0.01821855,0.00252761,-0.00748074,0.00516741,-0.00149859,-0.02169594
1.760000,0.75130013,-0.03128356,1.30135027,0.10932021,1.48841541,0.53090079,-0.13663359,0.02693748,-0.09198147,0.08858187,-0.03481628,-0.22133847,-0.02162727,0.00329708,-0.01021304,0.00798511,-0.00265475,-0.02793282
1.770000,0.74993266,-0.03101401,1.30042990,0.11020647,1.48806710,0.52868591,-0.13686584,0.02697413,-0.09209675,0.08867540,-0.03484847,-0.22164758,-0.02477946,0.00402673,-0.01282101,0.01070365,-0.00377732,-0.03383315
1.780000,0.74856271,-0.03074406,1.29950825,0.11109380,1.48771840,0.52646764,-0.13712832,0.02701788,-0.09223747,0.08879560,-0.03489171,-0.22201399,-0.02767409,0.00471586,-0.01530163,0.01331916,-0.00486452,-0.03939147
1.790000,0.74719000,-0.03047363,1.29858507,0.11198247,1.48736923,0.52424545,-0.13741848,0.02706831,-0.09240236,0.08894143,-0.03494564,-0.22243429,-0.03031756,0.00536490,-0.01765556,0.01583072,-0.00591558,-0.04461219
1.800000,0.74581426,-0.03020267,1.29766012,0.11287271,1.48701946,0.52201879,-0.13773385,0.02712504,-0.09259016,0.08911186,-0.03500989,-0.22290512,-0.03271630,0.00597432,-0.01988346,0.01823739,-0.00692972,-0.04949974
1.810000,0.74443525,-0.02993111,1.29673319,0.11376478,1.48666899,0.51978719,-0.13807202,0.02718767,-0.09279961,0.08930583,-0.03508411,-0.22342318,-0.03487673,0.00654455,-0.02198601,0.02053828,-0.00790619,-0.05405855
1.820000,0.74305275,-0.02965890,1.29580406,0.11465891,1.48631774,0.51755018,-0.13843062,0.02725580,-0.09302946,0.08952227,-0.03516789,-0.22398521,-0.03680529,0.00707606,-0.02396386,0.02273246,-0.00884422,-0.05829307
1.830000,0.74166657,-0.02938598,1.29487254,0.11555530,1.48596561,0.51530735,-0.13880737,0.02732906,-0.09327848,0.08976012,-0.03526086,-0.22458798,-0.03850840,0.00756929,-0.02581770,0.02481901,-0.00974303,-0.06220772
1.840000,0.74027655,-0.02911230,1.29393843,0.11645418,1.48561250,0.51305830,-0.13920005,0.02740706,-0.09354541,0.09001829,-0.03536262,-0.22522831,-0.03999250,0.00802469,-0.02754819,0.02679703,-0.01060186,-0.06580694
1.850000,0.73888253,-0.02883782,1.29300158,0.11735573,1.48525833,0.51080267,-0.13960651,0.02748943,-0.09382903,0.09029570,-0.03547276,-0.22590308,-0.04126400,0.00844273,-0.02915599,0.02866559,-0.01141995,-0.06909516
1.860000,0.73748438,-0.02856250,1.29206180,0.11826015,1.48490301,0.50854013,-0.14002465,0.02757579,-0.09412812,0.09059124,-0.03559088,-0.22660920,-0.04232934,0.00882384,-0.03064178,0.03042378,-0.01219652,-0.07207682
1.870000,0.73608200,-0.02828629,1.29111897,0.11916761,1.48454648,0.50627039,-0.14045243,0.02766579,-0.09444146,0.09090380,-0.03571655,-0.22734361,-0.04319495,0.00916848,-0.03200621,0.03207069,-0.01293082,-0.07475634
1.880000,0.73467530,-0.02800917,1.29017293,0.12007828,1.48418866,0.50399317,-0.14088790,0.02775904,-0.09476784,0.09123227,-0.03584935,-0.22810333,-0.04386724,0.00947710,-0.03324997,0.03360539,-0.01362206,-0.07713818
1.890000,0.73326422,-0.02773110,1.28922357,0.12099231,1.48382947,0.50170825,-0.14132915,0.02785521,-0.09510606,0.09157553,-0.03598885,-0.22888540,-0.04435266,0.00975015,-0.03437372,0.03502697,-0.01426950,-0.07922675
1.900000,0.73184871,-0.02745206,1.28827077,0.12190984,1.48346886,0.49941540,-0.14177435,0.02795393,-0.09545492,0.09193243,-0.03613459,-0.22968690,-0.04465763,0.00998809,-0.03537812,0.03633451,-0.01487235,-0.08102650
1.910000,0.73042873,-0.02717202,1.28731444,0.12283100,1.48310676,0.49711445,-0.14222173,0.02805486,-0.09581323,0.09230184,-0.03628614,-0.23050498,-0.04478857,0.01019136,-0.03626384,0.03752711,-0.01542985,-0.08254185
1.920000,0.72900427,-0.02689096,1.28635448,0.12375591,1.48274312,0.49480525,-0.14266957,0.02815764,-0.09617980,0.09268259,-0.03644304,-0.23133681,-0.04475192,0.01036043,-0.03703156,0.03860384,-0.01594123,-0.08377725
1.930000,0.72757534,-0.02660886,1.28539082,0.12468468,1.48237789,0.49248768,-0.14311623,0.02826195,-0.09655347,0.09307353,-0.03660481,-0.23217961,-0.04455410,0.01049573,-0.03768193,0.03956378,-0.01640573,-0.08473712
1.940000,0.72614196,-0.02632571,1.28442339,0.12561741,1.48201101,0.49016163,-0.14356013,0.02836745,-0.09693305,0.09347347,-0.03677099,-0.23303065,-0.04420154,0.01059772,-0.03821564,0.04040603,-0.01682258,-0.08542590
1.950000,0.72470415,-0.02604151,1.28345214,0.12655418,1.48164245,0.48782705,-0.14399976,0.02847380,-0.09731739,0.09388125,-0.03694110,-0.23388724,-0.04370066,0.01066685,-0.03863334,0.04112966,-0.01719101,-0.08584803
1.960000,0.72326198,-0.02575623,1.28247703,0.12749506,1.48127218,0.48548388,-0.14443367,0.02858068,-0.09770533,0.09429567,-0.03711465,-0.23474673,-0.04305791,0.01070357,-0.03893571,0.04173376,-0.01751026,-0.08600794
1.970000,0.72181550,-0.02546989,1.28149803,0.12844011,1.48090015,0.48313211,-0.14486047,0.02868776,-0.09809573,0.09471552,-0.03729114,-0.23560653,-0.04227970,0.01070834,-0.03912340,0.04221741,-0.01777955,-0.08591006
1.980000,0.72036480,-0.02518248,1.28051511,0.12938938,1.48052635,0.48077176,-0.14527884,0.02879474,-0.09848742,0.09513961,-0.03747007,-0.23646409,-0.04137245,0.01068161,-0.03919710,0.04257970,-0.01799813,-0.08555882
1.990000,0.71890996,-0.02489400,1.27952828,0.13034291,1.48015074,0.47840285,-0.14568751,0.02890129,-0.09887929,0.09556671,-0.03765093,-0.23731688,-0.04034261,0.01062382,-0.03915746,0.04281971,-0.01816522,-0.08495867
2.000000,0.71745109,-0.02460446,1.27853753,0.13130072,1.47977332,0.47602544,-0.14608530,0.02900711,-0.09927020,0.09599560,-0.03783320,-0.23816245,-0.03919660,0.01053543,-0.03900516,0.04293653,-0.01828005,-0.08411403
2.010000,0.71598829,-0.02431386,1.27754288,0.13226283,1.47939408,0.47363963,-0.14647108,0.02911190,-0.09965902,0.09642503,-0.03801635,-0.23899836,-0.03794084,0.01041690,-0.03874087,0.04292923,-0.01834187,-0.08302935
2.020000,0.71452171,-0.02402222,1.27654436,0.13322922,1.47901299,0.47124552,-0.14684377,0.02921535,-0.10004464,0.09685376,-0.03819986,-0.23982225,-0.03658177,0.01026866,-0.03836525,0.04279691,-0.01834989,-0.08170905
2.030000,0.71305146,-0.02372956,1.27554200,0.13419989,1.47863008,0.46884323,-0.14720239,0.02931717,-0.10042596,0.09728055,-0.03838317,-0.24063177,-0.03512580,0.01009118,-0.03787896,0.04253865,-0.01830336,-0.08015756
2.040000,0.71157771,-0.02343589,1.27453586,0.13517482,1.47824533,0.46643294,-0.14754599,0.02941708,-0.10080186,0.09770411,-0.03856574,-0.24142464,-0.03357938,0.00988491,-0.03728269,0.04215352,-0.01820151,-0.07837933
2.050000,0.71010060,-0.02314122,1.27352599,0.13615396,1.47785877,0.46401480,-0.14787370,0.02951478,-0.10117125,0.09812319,-0.03874701,-0.24219862,-0.03194892,0.00965029,-0.03657709,0.04164063,-0.01804357,-0.07637879
2.060000,0.70862029,-0.02284560,1.27251246,0.13713727,1.47747040,0.46158903,-0.14818471,0.02960999,-0.10153304,0.09853650,-0.03892642,-0.24295149,-0.03024086,0.00938778,-0.03576284,0.04099904,-0.01782877,-0.07416036
2.070000,0.70713696,-0.02254903,1.27149536,0.13812467,1.47708025,0.45915585,-0.14847828,0.02970244,-0.10188614,0.09894274,-0.03910340,-0.24368111,-0.02846162,0.00909783,-0.03484060,0.04022784,-0.01755635,-0.07172849
2.080000,0.70565079,-0.02225156,1.27047477,0.13911609,1.47668834,0.45671550,-0.14875372,0.02979186,-0.10222949,0.09934062,-0.03927736,-0.24438537,-0.02661763,0.00878089,-0.03381103,0.03932612,-0.01722554,-0.06908761
2.090000,0.70416195,-0.02195321,1.26945080,0.14011145,1.47629471,0.45426824,-0.14901044,0.02987797,-0.10256201,0.09972882,-0.03944771,-0.24506218,-0.02471533,0.00843741,-0.03267482,0.03829296,-0.01683557,-0.06624216
2.100000,0.70267064,-0.02165401,1.26842357,0.14111063,1.47589940,0.45181435,-0.14924786,0.02996052,-0.10288263,0.10010604,-0.03961387,-0.24570954,-0.02276112,0.00806785,-0.03143262,0.03712745,-0.01638567,-0.06319656
2.110000,0.70117706,-0.02135401,1.26739319,0.14211353,1.47550245,0.44935415,-0.14946551,0.03003924,-0.10319031,0.10047093,-0.03977522,-0.24632546,-0.02076146,0.00767265,-0.03008511,0.03582867,-0.01587508,-0.05995525
2.120000,0.69968140,-0.02105324,1.26635981,0.14312001,1.47510391,0.44688795,-0.14966296,0.03011389,-0.10348399,0.10082216,-0.03993116,-0.24690801,-0.01872275,0.00725227,-0.02863295,0.03439570,-0.01530303,-0.05652267
2.130000,0.69818387,-0.02075175,1.26532356,0.14412992,1.47470385,0.44441611,-0.14983985,0.03018421,-0.10376262,0.10115839,-0.04008107,-0.24745529,-0.01665144,0.00680716,-0.02707681,0.03282762,-0.01466875,-0.05290326
2.140000,0.69668467,-0.02044957,1.26428461,0.14514312,1.47430232,0.44193897,-0.14999590,0.03024995,-0.10402518,0.10147826,-0.04022433,-0.24796547,-0.01455394,0.00633777,-0.02541736,0.03112353,-0.01397148,-0.04910143
2.150000,0.69518402,-0.02014676,1.26324312,0.14615943,1.47389939,0.43945693,-0.15013087,0.03031088,-0.10427063,0.10178041,-0.04036029,-0.24843673,-0.01243669,0.00584455,-0.02365526,0.02928251,-0.01321045,-0.04512164
2.160000,0.69368212,-0.01984337,1.26219926,0.14717866,1.47349514,0.43697037,-0.15024459,0.03036676,-0.10449794,0.10206345,-0.04048832,-0.24886732,-0.01030611,0.00532795,-0.02179119,0.02730363,-0.01238489,-0.04096830
2.170000,0.69217920,-0.01953945,1.26115322,0.14820063,1.47308965,0.43447972,-0.15033696,0.03041736,-0.10470611,0.10232602,-0.04060777,-0.24925553,-0.00816864,0.00478843,-0.01982581,0.02518598,-0.01149404,-0.03664587
2.180000,0.69067546,-0.01923504,1.26010520,0.14922511,1.47268301,0.43198541,-0.15040796,0.03046246,-0.10489412,0.10256671,-0.04071798,-0.24959969,-0.00603069,0.00422643,-0.01775980,0.02292866,-0.01053712,-0.03215876
2.190000,0.68917111,-0.01893022,1.25905541,0.15025188,1.47227532,0.42948788,-0.15045760,0.03050182,-0.10506097,0.10278412,-0.04081829,-0.24989817,-0.00389871,0.00364241,-0.01559381,0.02053073,-0.00951337,-0.02751143
2.200000,0.68766638,-0.01862503,1.25800406,0.15128071,1.47186668,0.42698760,-0.15048597,0.03053523,-0.10520567,0.10297685,-0.04090803,-0.25014940,-0.00177911,0.00303682,-0.01332851,0.01799129,-0.00842202,-0.02270829
2.210000,0.68616146,-0.01831953,1.25695137,0.15231133,1.47145720,0.42448506,-0.15049324,0.03056249,-0.10532722,0.10314347,-0.04098650,-0.25035183,0.00032222,0.00241017,-0.01096494,0.01531007,-0.00726265,-0.01775409
2.220000,0.68465658,-0.01801380,1.25589759,0.15334349,1.47104699,0.42198073,-0.15047960,0.03058337,-0.10542465,0.10328259,-0.04105306,-0.25050400,0.00240344,0.00176340,-0.00850684,0.01249177,-0.00603737,-0.01265589
2.230000,0.68315194,-0.01770789,1.25484296,0.15437689,1.47063618,0.41947515,-0.15044524,0.03059769,-0.10549706,0.10339288,-0.04110704,-0.25060450,0.00446458,0.00109764,-0.00595917,0.00954332,-0.00474947,-0.00742179
2.240000,0.68164774,-0.01740187,1.25378774,0.15541125,1.47022489,0.41696882,-0.15039037,0.03060526,-0.10554355,0.10347305,-0.04114785,-0.25065201,0.00650566,0.00041404,-0.00332693,0.00647168,-0.00340223,-0.00205991
2.250000,0.68014420,-0.01709580,1.25273218,0.15644625,1.46981327,0.41446229,-0.15031519,0.03060592,-0.10556333,0.10352192,-0.04117490,-0.25064530,0.00852674,-0.00028626,-0.00061510,0.00328380,-0.00199895,0.00342163
2.260000,0.67864151,-0.01678977,1.25167656,0.15748158,1.46940144,0.41195610,-0.15021990,0.03059949,-0.10555561,0.10353836,-0.04118765,-0.25058321,0.01052783,-0.00100213,0.00217134,-0.00001335,-0.00054291,0.00901472
2.270000,0.67713987,-0.01648384,1.25062116,0.15851690,1.46898956,0.40945081,-0.15010470,0.03058582,-0.10551967,0.10352131,-0.04118559,-0.25046466,0.01250897,-0.00173243,0.00502740,-0.00341283,0.00096260,0.01471125
2.280000,0.67563948,-0.01617808,1.24956627,0.15955189,1.46857778,0.40694700,-0.14996979,0.03056479,-0.10545484,0.10346979,-0.04116825,-0.25028866,0.01447019,-0.00247602,0.00794811,-0.00690768,0.00251428,0.02050309
2.290000,0.67414054,-0.01587257,1.24851217,0.16058618,1.46816625,0.40444523,-0.14981537,0.03053626,-0.10536051,0.10338286,-0.04113517,-0.25005431,0.01641152,-0.00323176,0.01092847,-0.01049095,0.00410886,0.02638214
2.300000,0.67264324,-0.01556738,1.24745916,0.16161942,1.46775513,0.40194611,-0.14964163,0.03050012,-0.10523609,0.10325970,-0.04108594,-0.24976076,0.01833301,-0.00399850,0.01396350,-0.01415567,0.00574303,0.03234028
2.310000,0.67114777,-0.01526259,1.24640755,0.16265125,1.46734459,0.39945022,-0.14944877,0.03045626,-0.10508107,0.10309950,-0.04102018,-0.24940726,0.02023467,-0.00477512,0.01704823,-0.01789491,0.00741352,0.03836939
2.320000,0.66965432,-0.01495828,1.24535764,0.16368129,1.46693479,0.39695816,-0.14923700,0.03040459,-0.10489498,0.10290157,-0.04093756,-0.24899316,0.02211655,-0.00556047,0.02017766,-0.02170169,0.00911702,0.04446135
2.330000,0.66816309,-0.01465453,1.24430975,0.16470915,1.46652589,0.39447056,-0.14900651,0.03034503,-0.10467739,0.10266527,-0.04083774,-0.24851785,0.02397867,-0.00635341,0.02334681,-0.02556906,0.01085026,0.05060806
2.340000,0.66667426,-0.01435141,1.24326420,0.16573446,1.46611809,0.39198801,-0.14875749,0.03027750,-0.10442793,0.10239001,-0.04072046,-0.24798084,0.02582107,-0.00715281,0.02655070,-0.02949008,0.01260995,0.05680139
2.350000,0.66518800,-0.01404900,1.24222130,0.16675682,1.46571154,0.38951115,-0.14849015,0.03020195,-0.10414627,0.10207531,-0.04058547,-0.24738170,0.02764379,-0.00795752,0.02978434,-0.03345778,0.01439278,0.06303324
2.360000,0.66370451,-0.01374739,1.24118138,0.16777584,1.46530644,0.38704059,-0.14820468,0.03011834,-0.10383216,0.10172073,-0.04043254,-0.24672008,0.02944684,-0.00876641,0.03304276,-0.03746521,0.01619549,0.06929548
2.370000,0.66222397,-0.01344666,1.24014477,0.16879110,1.46490295,0.38457696,-0.14790128,0.03002661,-0.10348535,0.10132590,-0.04026150,-0.24599571,0.03123028,-0.00957834,0.03632096,-0.04150541,0.01801477,0.07558001
2.380000,0.66074655,-0.01314689,1.23911178,0.16980222,1.46450127,0.38212088,-0.14758014,0.02992676,-0.10310569,0.10089053,-0.04007220,-0.24520843,0.03299413,-0.01039216,0.03961397,-0.04557143,0.01984734,0.08187870
2.390000,0.65927242,-0.01284815,1.23808276,0.17080878,1.46410157,0.37967300,-0.14724146,0.02981877,-0.10269304,0.10041441,-0.03986452,-0.24435812,0.03473841,-0.01120674,0.04291680,-0.04965632,0.02168991,0.08818344
2.400000,0.65780177,-0.01255054,1.23705803,0.17181037,1.46370404,0.37723393,-0.14688544,0.02970263,-0.10224734,0.09989736,-0.03963838,-0.24344477,0.03646318,-0.01202095,0.04622446,-0.05375312,0.02353918,0.09448612
2.410000,0.65633477,-0.01225413,1.23603793,0.17280659,1.46330887,0.37480431,-0.14651226,0.02957835,-0.10176855,0.09933933,-0.03939373,-0.24246843,0.03816845,-0.01283363,0.04953198,-0.05785487,0.02539188,0.10077861
2.420000,0.65487159,-0.01195900,1.23502277,0.17379702,1.46291623,0.37238477,-0.14612213,0.02944597,-0.10125671,0.09874027,-0.03913054,-0.24142926,0.03985426,-0.01364365,0.05283436,-0.06195462,0.02724471,0.10705281
2.430000,0.65341239,-0.01166524,1.23401290,0.17478126,1.46252632,0.36997594,-0.14571524,0.02930549,-0.10071190,0.09810026,-0.03884884,-0.24032746,0.04152065,-0.01444988,0.05612663,-0.06604542,0.02909438,0.11330060
2.440000,0.65195734,-0.01137292,1.23300864,0.17575889,1.46213931,0.36757843,-0.14529179,0.02915698,-0.10013423,0.09741942,-0.03854868,-0.23916336,0.04316765,-0.01525117,0.05940380,-0.07012030,0.03093760,0.11951386
2.450000,0.65050660,-0.01108212,1.23201033,0.17672951,1.46175540,0.36519288,-0.14485196,0.02900049,-0.09952389,0.09669793,-0.03823013,-0.23793733,0.04479528,-0.01604639,0.06266089,-0.07417232,0.03277109,0.12568449
2.460000,0.64906035,-0.01079293,1.23101827,0.17769271,1.46137477,0.36281989,-0.14439594,0.02883608,-0.09888110,0.09593607,-0.03789330,-0.23664984,0.04640358,-0.01683439,0.06589292,-0.07819451,0.03459155,0.13180435
2.470000,0.64761874,-0.01050543,1.23003281,0.17864810,1.46099760,0.36046008,-0.14392395,0.02866383,-0.09820613,0.09513417,-0.03753835,-0.23530144,0.04799260,-0.01761404,0.06909489,-0.08217994,0.03639570,0.13786534
2.480000,0.64618192,-0.01021968,1.22905426,0.17959527,1.46062406,0.35811406,-0.14343616,0.02848383,-0.09749932,0.09429262,-0.03716545,-0.23389276,0.04956234,-0.01838420,0.07226183,-0.08612163,0.03818025,0.14385935
2.490000,0.64475007,-0.00993578,1.22808293,0.18053382,1.46025435,0.35578243,-0.14293276,0.02829618,-0.09676103,0.09341190,-0.03677482,-0.23242450,0.05111286,-0.01914373,0.07538875,-0.09001263,0.03994190,0.14977826
2.500000,0.64332332,-0.00965379,1.22711914,0.18146337,1.45988863,0.35346577,-0.14241396,0.02810100,-0.09599169,0.09249256,-0.03636670,-0.23089747,0.05264419,-0.01989148,0.07847068,-0.09384599,0.04167738,0.15561394
2.510000,0.64190184,-0.00937378,1.22616320,0.18238354,1.45952707,0.35116467,-0.14187995,0.02789840,-0.09519178,0.09153520,-0.03594137,-0.22931253,0.05415635,-0.02062633,0.08150262,-0.09761476,0.04338338,0.16135829
2.520000,0.64048577,-0.00909584,1.22521541,0.18329395,1.45916986,0.34887971,-0.14133090,0.02768852,-0.09436182,0.09054050,-0.03549914,-0.22767063,0.05564937,-0.02134713,0.08447959,-0.10131197,0.04505662,0.16700320
2.530000,0.63907527,-0.00882004,1.22427606,0.18419423,1.45881714,0.34661144,-0.14076702,0.02747150,-0.09350239,0.08950922,-0.03504036,-0.22597282,0.05712330,-0.02205274,0.08739660,-0.10493068,0.04669382,0.17254054
2.540000,0.63767048,-0.00854643,1.22334545,0.18508402,1.45846910,0.34436043,-0.14018850,0.02724752,-0.09261411,0.08844217,-0.03456540,-0.22422021,0.05857817,-0.02274203,0.09024869,-0.10846393,0.04829168,0.17796220
2.550000,0.63627155,-0.00827511,1.22242387,0.18596296,1.45812589,0.34212722,-0.13959552,0.02701672,-0.09169765,0.08734025,-0.03407467,-0.22241399,0.06001400,-0.02341385,0.09303085,-0.11190476,0.04984691,0.18326007
2.560000,0.63487862,-0.00800612,1.22151159,0.18683071,1.45778766,0.33991233,-0.13898828,0.02677930,-0.09075374,0.08620441,-0.03356861,-0.22055545,0.06143083,-0.02406706,0.09573811,-0.11524622,0.05135622,0.18842603
2.570000,0.63349183,-0.00773954,1.22060889,0.18768694,1.45745457,0.33771628,-0.13836697,0.02653545,-0.08978315,0.08503568,-0.03304771,-0.21864594,0.06282870,-0.02470054,0.09836549,-0.11848135,0.05281633,0.19345196
2.580000,0.63211132,-0.00747543,1.21971602,0.18853132,1.45712675,0.33553957,-0.13773177,0.02628536,-0.08878671,0.08383516,-0.03251246,-0.21668690,0.06420763,-0.02531313,0.10090800,-0.12160321,0.05422395,0.19832975
2.590000,0.63073724,-0.00721386,1.21883323,0.18936354,1.45680436,0.33338270,-0.13708288,0.02602926,-0.08776529,0.08260402,-0.03196341,-0.21467986,0.06556765,-0.02590369,0.10336065,-0.12460482,0.05557579,0.20305129
2.600000,0.62936971,-0.00695487,1.21796079,0.19018330,1.45648753,0.33124613,-0.13642048,0.02576736,-0.08671982,0.08134349,-0.03140114,-0.21262642,0.06690881,-0.02647110,0.10571846,-0.12747924,0.05686855,0.20760846
2.610000,0.62800887,-0.00669853,1.21709892,0.19099032,1.45617638,0.32913032,-0.13574476,0.02549992,-0.08565126,0.08005488,-0.03082625,-0.21052827,0.06823114,-0.02701421,0.10797645,-0.13021952,0.05809895,0.21199314
2.620000,0.62665486,-0.00644489,1.21624784,0.19178431,1.45587104,0.32703571,-0.13505592,0.02522716,-0.08456064,0.07873957,-0.03023938,-0.20838716,0.06953466,-0.02753188,0.11012964,-0.13281869,0.05926370,0.21619722
2.630000,0.62530780,-0.00619400,1.21540777,0.19256502,1.45557163,0.32496271,-0.13435413,0.02494937,-0.08344903,0.07739900,-0.02964121,-0.20620495,0.07081941,-0.02802298,0.11217304,-0.13526981,0.06035952,0.22021258
2.640000,0.62396782,-0.00594592,1.21457892,0.19333221,1.45527826,0.32291174,-0.13363959,0.02466680,-0.08231756,0.07603469,-0.02903243,-0.20398357,0.07208542,-0.02848635,0.11410167,-0.13756591,0.06138310,0.22403112
2.650000,0.62263505,-0.00570068,1.21376148,0.19408564,1.45499102,0.32088317,-0.13291249,0.02437974,-0.08116739,0.07464822,-0.02841379,-0.20172501,0.07333269,-0.02892099,0.11591102,-0.13970074,0.06233150,0.22764546
2.660000,0.62130961,-0.00545834,1.21295563,0.19482511,1.45471001,0.31887736,-0.13217300,0.02408847,-0.07999974,0.07324121,-0.02778605,-0.19943134,0.07456079,-0.02932680,0.11760075,-0.14167393,0.06320456,0.23105483
2.670000,0.61999163,-0.00521892,1.21216154,0.19555040,1.45443532,0.31689465,-0.13142134,0.02379329,-0.07881577,0.07181527,-0.02714995,-0.19710459,0.07576912,-0.02970421,0.11917263,-0.14348818,0.06400357,0.23426179
2.680000,0.61868123,-0.00498248,1.21137937,0.19626135,1.45416704,0.31493537,-0.13065769,0.02349448,-0.07761667,0.07037197,-0.02650622,-0.19474677,0.07695707,-0.03005365,0.12062847,-0.14514619,0.06472986,0.23726895
2.690000,0.61737852,-0.00474905,1.21060926,0.19695779,1.45390522,0.31299981,-0.12988227,0.02319231,-0.07640358,0.06891286,-0.02585559,-0.19235987,0.07812402,-0.03037552,0.12197005,-0.14665067,0.06538471,0.24007889
2.700000,0.61608362,-0.00451865,1.20985134,0.19763956,1.45364994,0.31108826,-0.12909528,0.02288706,-0.07517764,0.06743946,-0.02519876,-0.18994584,0.07926936,-0.03067026,0.12319918,-0.14800433,0.06596945,0.24269422
2.710000,0.61479665,-0.00429131,1.20910574,0.19830654,1.45340126,0.30920098,-0.12829695,0.02257900,-0.07393997,0.06595327,-0.02453643,-0.18750662,0.08039248,-0.03093828,0.12431764,-0.14920987,0.06648538,0.24511754
2.720000,0.61351772,-0.00406707,1.20837258,0.19895859,1.45315923,0.30733821,-0.12748751,0.02226838,-0.07269165,0.06445575,-0.02386928,-0.18504412,0.08149277,-0.03118000,0.12532724,-0.15027000,0.06693380,0.24735144
2.730000,0.61224693,-0.00384595,1.20765194,0.19959562,1.45292389,0.30550017,-0.12666718,0.02195548,-0.07143378,0.06294834,-0.02319798,-0.18256022,0.08256961,-0.03139585,0.12622976,-0.15118743,0.06731602,0.24939853
2.740000,0.61098441,-0.00362797,1.20694393,0.20021753,1.45269528,0.30368707,-0.12583620,0.02164055,-0.07016741,0.06143246,-0.02252318,-0.18005677,0.08362238,-0.03158623,0.12702701,-0.15196487,0.06763335,0.25126139
2.750000,0.60973024,-0.00341315,1.20624862,0.20082424,1.45247344,0.30189909,-0.12499481,0.02132384,-0.06889359,0.05990950,-0.02184552,-0.17753560,0.08465049,-0.03175159,0.12772077,-0.15260502,0.06788710,0.25294262
2.760000,0.60848455,-0.00320150,1.20556608,0.20141570,1.45225838,0.30013641,-0.12414327,0.02100560,-0.06761333,0.05838081,-0.02116564,-0.17499851,0.08565330,-0.03189232,0.12831286,-0.15311060,0.06807857,0.25444483
2.770000,0.60724741,-0.00299304,1.20489637,0.20199185,1.45205013,0.29839917,-0.12328183,0.02068608,-0.06632766,0.05684773,-0.02048415,-0.17244729,0.08663022,-0.03200887,0.12880505,-0.15348430,0.06820908,0.25577062
2.780000,0.60601894,-0.00278778,1.20423954,0.20255264,1.45184870,0.29668750,-0.12241075,0.02036550,-0.06503756,0.05531156,-0.01980166,-0.16988368,0.08758062,-0.03210164,0.12919915,-0.15372884,0.06827992,0.25692257
2.790000,0.60479923,-0.00258573,1.20359563,0.20309807,1.45165410,0.29500153,-0.12153031,0.02004412,-0.06374400,0.05377357,-0.01911875,-0.16730941,0.08850390,-0.03217105,0.12949695,-0.15384692,0.06829242,0.25790329
2.800000,0.60358837,-0.00238690,1.20296467,0.20362811,1.45146633,0.29334135,-0.12064077,0.01972216,-0.06244794,0.05223503,-0.01843600,-0.16472617,0.08939944,-0.03221754,0.12970024,-0.15384125,0.06824786,0.25871537
2.810000,0.60238644,-0.00219129,1.20234668,0.20414277,1.45128538,0.29170703,-0.11974242,0.01939984,-0.06115030,0.05069715,-0.01775398,-0.16213565,0.09026663,-0.03224151,0.12981083,-0.15371455,0.06814756,0.25936141
2.820000,0.60119355,-0.00199891,1.20174166,0.20464206,1.45111124,0.29009865,-0.11883553,0.01907740,-0.05985202,0.04916113,-0.01707323,-0.15953949,0.09110485,-0.03224339,0.12983050,-0.15346950,0.06799284,0.25984402
2.830000,0.60000976,-0.00180974,1.20114964,0.20512601,1.45094391,0.28851626,-0.11792042,0.01875505,-0.05855399,0.04762815,-0.01639430,-0.15693931,0.09191350,-0.03222360,0.12976106,-0.15310884,0.06778498,0.26016578
2.840000,0.59883516,-0.00162380,1.20057058,0.20559464,1.45078335,0.28695987,-0.11699736,0.01843300,-0.05725709,0.04609933,-0.01571770,-0.15433670,0.09269196,-0.03218257,0.12960430,-0.15263525,0.06752531,0.26032930
2.850000,0.59766984,-0.00144108,1.20000449,0.20604801,1.45062954,0.28542952,-0.11606668,0.01811147,-0.05596219,0.04457581,-0.01504396,-0.15173324,0.09343961,-0.03212070,0.12936201,-0.15205145,0.06721513,0.26033718
2.860000,0.59651385,-0.00126157,1.19945133,0.20648618,1.45048246,0.28392521,-0.11512868,0.01779065,-0.05467013,0.04305866,-0.01437357,-0.14913047,0.09415585,-0.03203842,0.12903599,-0.15136015,0.06685575,0.26019200
2.870000,0.59536729,-0.00108527,1.19891107,0.20690921,1.45034206,0.28244691,-0.11418367,0.01747077,-0.05338174,0.04154896,-0.01370701,-0.14652990,0.09484006,-0.03193616,0.12862804,-0.15056404,0.06644847,0.25989637
2.880000,0.59423020,-0.00091215,1.19838368,0.20731719,1.45020830,0.28099460,-0.11323198,0.01715200,-0.05209784,0.04004772,-0.01304475,-0.14393303,0.09549163,-0.03181433,0.12813994,-0.14966586,0.06599460,0.25945289
2.890000,0.59310267,-0.00074222,1.19786910,0.20771020,1.45008115,0.27956823,-0.11227395,0.01683454,-0.05081921,0.03855597,-0.01238726,-0.14134133,0.09610994,-0.03167335,0.12757350,-0.14866828,0.06549545,0.25886415
2.900000,0.59198474,-0.00057546,1.19736727,0.20808834,1.44996054,0.27816775,-0.11130990,0.01651859,-0.04954662,0.03707468,-0.01173499,-0.13875623,0.09669439,-0.03151364,0.12693051,-0.14757404,0.06495233,0.25813276
2.910000,0.59087649,-0.00041184,1.19687814,0.20845173,1.44984643,0.27679308,-0.11034018,0.01620433,-0.04828084,0.03560480,-0.01108836,-0.13617914,0.09724435,-0.03133563,0.12621277,-0.14638583,0.06436654,0.25726130
2.920000,0.58977796,-0.00025136,1.19640163,0.20880048,1.44973875,0.27544413,-0.10936513,0.01589194,-0.04702261,0.03414727,-0.01044780,-0.13361146,0.09775923,-0.03113974,0.12542207,-0.14510635,0.06373939,0.25625238
2.930000,0.58868920,-0.00009400,1.19593766,0.20913472,1.44963745,0.27412081,-0.10838511,0.01558159,-0.04577264,0.03270297,-0.00981371,-0.13105454,0.09823839,-0.03092638,0.12456021,-0.14373833,0.06307218,0.25510860
2.940000,0.58761027,0.00006028,1.19548615,0.20945458,1.44954246,0.27282300,-0.10740048,0.01527347,-0.04453164,0.03127279,-0.00918648,-0.12850973,0.09868124,-0.03069597,0.12362898,-0.14228446,0.06236624,0.25383254
2.950000,0.58654121,0.00021148,1.19504700,0.20976022,1.44945370,0.27155057,-0.10641161,0.01496773,-0.04330029,0.02985756,-0.00856651,-0.12597832,0.09908716,-0.03044895,0.12263018,-0.14074745,0.06162285,0.25242682
2.960000,0.58548205,0.00035964,1.19462011,0.21005179,1.44937110,0.27030339,-0.10541886,0.01466454,-0.04207925,0.02845811,-0.00795415,-0.12346161,0.09945553,-0.03018572,0.12156561,-0.13913002,0.06084334,0.25089403
2.970000,0.58443284,0.00050478,1.19420538,0.21032944,1.44929459,0.26908129,-0.10442263,0.01436407,-0.04086919,0.02707522,-0.00734975,-0.12096086,0.09978574,-0.02990671,0.12043705,-0.13743486,0.06002900,0.24923676
2.980000,0.58339361,0.00064693,1.19380269,0.21059335,1.44922408,0.26788411,-0.10342328,0.01406646,-0.03967072,0.02570966,-0.00675368,-0.11847729,0.10007718,-0.02961234,0.11924631,-0.13566469,0.05918114,0.24745762
2.990000,0.58236439,0.00078612,1.19341192,0.21084369,1.44915949,0.26671168,-0.10242121,0.01377187,-0.03848446,0.02436216,-0.00616624,-0.11601210,0.10032924,-0.02930303,0.11799518,-0.13382221,0.05830108,0.24555919
3.000000,0.58134519,0.00092238,1.19303295,0.21108065,1.44910072,0.26556381,-0.10141683,0.01348045,-0.03731101,0.02303345,-0.00558776,-0.11356649,0.10054131,-0.02897920,0.11668545,-0.13191013,0.05739012,0.24354409
3.010000,0.58033606,0.00105574,1.19266566,0.21130443,1.44904770,0.26444028,-0.10041052,0.01319233,-0.03615094,0.02172418,-0.00501854,-0.11114160,0.10071276,-0.02864126,0.11531892,-0.12993116,0.05644956,0.24141490
3.020000,0.57933699,0.00118624,1.19230989,0.21151521,1.44900032,0.26334090,-0.09940271,0.01290767,-0.03500482,0.02043504,-0.00445886,-0.10873856,0.10084299,-0.02828966,0.11389740,-0.12788800,0.05548071,0.23917423
3.030000,0.57834801,0.00131390,1.19196551,0.21171320,1.44895849,0.26226543,-0.09839380,0.01262659,-0.03387317,0.01916663,-0.00390901,-0.10635848,0.10093139,-0.02792479,0.11242266,-0.12578336,0.05448489,0.23682467
3.040000,0.57736911,0.00143878,1.19163238,0.21189861,1.44892211,0.26121365,-0.09738422,0.01234922,-0.03275653,0.01791957,-0.00336925,-0.10400243,0.10097734,-0.02754708,0.11089651,-0.12361996,0.05346339,0.23436881
3.050000,0.57640032,0.00156090,1.19131033,0.21207166,1.44889107,0.26018530,-0.09637440,0.01207569,-0.03165541,0.01669442,-0.00283982,-0.10167145,0.10098023,-0.02715696,0.10932075,-0.12140049,0.05241753,0.23180927
3.060000,0.57544163,0.00168031,1.19099921,0.21223257,1.44886528,0.25918013,-0.09536476,0.01180612,-0.03057028,0.01549173,-0.00232098,-0.09936658,0.10093944,-0.02675484,0.10769716,-0.11912767,0.05134861,0.22914863
3.070000,0.57449302,0.00179704,1.19069887,0.21238157,1.44884462,0.25819788,-0.09435576,0.01154063,-0.02950162,0.01431203,-0.00181293,-0.09708881,0.10085437,-0.02634115,0.10602755,-0.11680419,0.05025794,0.22638949
3.080000,0.57355451,0.00191113,1.19040913,0.21251889,1.44882898,0.25723826,-0.09334783,0.01127933,-0.02844987,0.01315581,-0.00131588,-0.09483911,0.10072440,-0.02591630,0.10431370,-0.11443278,0.04914682,0.22353446
3.090000,0.57262606,0.00202264,1.19012981,0.21264477,1.44881826,0.25630100,-0.09234142,0.01102234,-0.02741548,0.01202353,-0.00083005,-0.09261843,0.10054891,-0.02548072,0.10255742,-0.11201614,0.04801657,0.22058612
3.100000,0.57170767,0.00213159,1.18986076,0.21275944,1.44881234,0.25538580,-0.09133700,0.01076975,-0.02639886,0.01091563,-0.00035561,-0.09042769,0.10032730,-0.02503483,0.10076050,-0.10955697,0.04686849,0.21754708
3.110000,0.57079931,0.00223805,1.18960178,0.21286316,1.44881111,0.25449235,-0.09033503,0.01052167,-0.02540040,0.00983252,0.00010726,-0.08826778,0.10005895,-0.02457904,0.09892474,-0.10705798,0.04570389,0.21441993
3.120000,0.56990096,0.00234204,1.18935269,0.21295618,1.44881445,0.25362034,-0.08933598,0.01027820,-0.02442049,0.00877459,0.00055841,-0.08613957,0.09974325,-0.02411378,0.09705193,-0.10452188,0.04452408,0.21120727
3.130000,0.56901258,0.00244363,1.18911330,0.21303874,1.44882224,0.25276945,-0.08834033,0.01003943,-0.02345948,0.00774220,0.00099770,-0.08404391,0.09937959,-0.02363946,0.09514386,-0.10195138,0.04333036,0.20791170
3.140000,0.56813414,0.00254285,1.18888343,0.21311111,1.44883436,0.25193935,-0.08734855,0.00980544,-0.02251772,0.00673567,0.00142498,-0.08198161,0.09896735,-0.02315652,0.09320234,-0.09934918,0.04212403,0.20453582
3.150000,0.56726560,0.00263975,1.18866288,0.21317354,1.44885070,0.25112970,-0.08636114,0.00957633,-0.02159554,0.00575531,0.00184014,-0.07995345,0.09850592,-0.02266537,0.09122916,-0.09671800,0.04090642,0.20108222
3.160000,0.56640690,0.00273439,1.18845146,0.21322630,1.44887112,0.25034016,-0.08537860,0.00935216,-0.02069324,0.00480140,0.00224307,-0.07796021,0.09799469,-0.02216642,0.08922610,-0.09406053,0.03967882,0.19755351
3.170000,0.56555801,0.00282681,1.18824895,0.21326966,1.44889552,0.24957038,-0.08440142,0.00913302,-0.01981111,0.00387418,0.00263369,-0.07600262,0.09743304,-0.02166011,0.08719498,-0.09137949,0.03844254,0.19395227
3.180000,0.56471886,0.00291707,1.18805517,0.21330388,1.44892376,0.24881999,-0.08343011,0.00891898,-0.01894943,0.00297388,0.00301190,-0.07408140,0.09682036,-0.02114685,0.08513758,-0.08867758,0.03719890,0.19028111
3.190000,0.56388938,0.00300521,1.18786989,0.21332923,1.44895571,0.24808862,-0.08246518,0.00871011,-0.01810844,0.00210069,0.00337765,-0.07219723,0.09615604,-0.02062706,0.08305570,-0.08595752,0.03594918,0.18654263
3.200000,0.56306953,0.00309129,1.18769293,0.21334598,1.44899127,0.24737592,-0.08150716,0.00850646,-0.01728839,0.00125478,0.00373087,-0.07035076,0.09543947,-0.02010116,0.08095113,-0.08322200,0.03469472,0.18273942
3.210000,0.56225922,0.00317536,1.18752406,0.21335441,1.44903029,0.24668148,-0.08055657,0.00830810,-0.01648949,0.00043629,0.00407153,-0.06854265,0.09467003,-0.01956958,0.07882568,-0.08047375,0.03343680,0.17887408
3.220000,0.56145837,0.00325747,1.18736307,0.21335480,1.44907266,0.24600493,-0.07961394,0.00811509,-0.01571194,-0.00035466,0.00439960,-0.06677348,0.09384711,-0.01903273,0.07668113,-0.07771545,0.03217674,0.17494921
3.230000,0.56066691,0.00333768,1.18720974,0.21334741,1.44911824,0.24534588,-0.07867981,0.00792746,-0.01495593,-0.00111799,0.00471506,-0.06504385,0.09297009,-0.01849103,0.07451928,-0.07494983,0.03091585,0.17096740
3.240000,0.55988474,0.00341604,1.18706388,0.21333253,1.44916691,0.24470392,-0.07775472,0.00774528,-0.01422161,-0.00185364,0.00501792,-0.06335431,0.09203837,-0.01794491,0.07234193,-0.07217958,0.02965543,0.16693126
3.250000,0.55911178,0.00349260,1.18692524,0.21331043,1.44921856,0.24407866,-0.07683922,0.00756858,-0.01350913,-0.00256158,0.00530818,-0.06170540,0.09105134,-0.01739479,0.07015087,-0.06940742,0.02839679,0.16284338
3.260000,0.55834793,0.00356743,1.18679362,0.21328139,1.44927304,0.24346968,-0.07593388,0.00739740,-0.01281863,-0.00324179,0.00558586,-0.06009761,0.09000837,-0.01684108,0.06794789,-0.06663606,0.02714124,0.15870636
3.270000,0.55759307,0.00364057,1.18666879,0.21324569,1.44933023,0.24287657,-0.07503924,0.00723177,-0.01215021,-0.00389431,0.00585101,-0.05853143,0.08890885,-0.01628421,0.06573481,-0.06386819,0.02589008,0.15452280
3.280000,0.55684710,0.00371208,1.18655054,0.21320360,1.44939002,0.24229891,-0.07415589,0.00707172,-0.01150396,-0.00451918,0.00610368,-0.05700730,0.08775218,-0.01572460,0.06351339,-0.06110654,0.02464463,0.15029529
3.290000,0.55610991,0.00378202,1.18643864,0.21315540,1.44945226,0.24173628,-0.07328439,0.00691728,-0.01087996,-0.00511647,0.00634393,-0.05552566,0.08653774,-0.01516266,0.06128546,-0.05835380,0.02340618,0.14602643
3.300000,0.55538137,0.00385044,1.18633287,0.21310136,1.44951685,0.24118825,-0.07242533,0.00676847,-0.01027827,-0.00568629,0.00657183,-0.05408690,0.08526491,-0.01459883,0.05905279,-0.05561268,0.02217605,0.14171883
3.310000,0.55466136,0.00391741,1.18623300,0.21304176,1.44958366,0.24065440,-0.07157929,0.00662531,-0.00969892,-0.00622877,0.00678748,-0.05269140,0.08393309,-0.01403351,0.05681719,-0.05288590,0.02095554,0.13737507
3.320000,0.55394974,0.00398297,1.18613881,0.21297687,1.44965256,0.24013428,-0.07074687,0.00648781,-0.00914193,-0.00674407,0.00699098,-0.05133951,0.08254165,-0.01346713,0.05458045,-0.05017615,0.01974597,0.13299775
3.330000,0.55324638,0.00404718,1.18605009,0.21290697,1.44972344,0.23962746,-0.06992866,0.00635597,-0.00860730,-0.00723236,0.00718244,-0.05003155,0.08109000,-0.01290012,0.05234436,-0.04748615,0.01854863,0.12858948
3.340000,0.55255112,0.00411011,1.18596659,0.21283232,1.44979617,0.23913350,-0.06912527,0.00622981,-0.00809503,-0.00769387,0.00736200,-0.04876782,0.07957751,-0.01233289,0.05011072,-0.04481860,0.01736484,0.12415285
3.350000,0.55186382,0.00417180,1.18588811,0.21275318,1.44987064,0.23865196,-0.06833731,0.00610931,-0.00760508,-0.00812882,0.00752979,-0.04754858,0.07800358,-0.01176585,0.04788134,-0.04217621,0.01619590,0.11969046
3.360000,0.55118432,0.00423231,1.18581442,0.21266983,1.44994673,0.23818238,-0.06756541,0.00599449,-0.00713739,-0.00853748,0.00768597,-0.04637408,0.07636758,-0.01119945,0.04565799,-0.03956169,0.01504313,0.11520491
3.370000,0.55051246,0.00429171,1.18574529,0.21258252,1.45002432,0.23772432,-0.06681017,0.00588532,-0.00669189,-0.00892015,0.00783071,-0.04524455,0.07466891,-0.01063408,0.04344248,-0.03697775,0.01390781,0.11069878
3.380000,0.54984806,0.00435004,1.18568051,0.21249151,1.45010330,0.23727734,-0.06607224,0.00578180,-0.00626850,-0.00927715,0.00796419,-0.04416017,0.07290695,-0.01007018,0.04123660,-0.03442709,0.01279128,0.10617469
3.390000,0.54919095,0.00440736,1.18561985,0.21239706,1.45018357,0.23684097,-0.06535225,0.00568391,-0.00586712,-0.00960882,0.00808660,-0.04312111,0.07108109,-0.00950816,0.03904216,-0.03191242,0.01169482,0.10163523
3.400000,0.54854095,0.00446373,1.18556309,0.21229942,1.45026500,0.23641477,-0.06465083,0.00559163,-0.00548762,-0.00991553,0.00819816,-0.04212751,0.06919072,-0.00894845,0.03686093,-0.02943644,0.01061976,0.09708300
3.410000,0.54789787,0.00451921,1.18551002,0.21219883,1.45034750,0.23599827,-0.06396865,0.00550493,-0.00512985,-0.01019768,0.00829907,-0.04117948,0.06723523,-0.00839146,0.03469473,-0.02700188,0.00956739,0.09252059
3.420000,0.54726151,0.00457385,1.18546042,0.21209554,1.45043095,0.23559102,-0.06330635,0.00542379,-0.00479367,-0.01045571,0.00838959,-0.04027712,0.06521400,-0.00783762,0.03254534,-0.02461142,0.00853902,0.08795061
3.430000,0.54663168,0.00462771,1.18541408,0.21198980,1.45051525,0.23519257,-0.06266459,0.00534817,-0.00447888,-0.01069007,0.00846994,-0.03942049,0.06312641,-0.00728735,0.03041456,-0.02226779,0.00753597,0.08337564
3.440000,0.54600815,0.00468083,1.18537077,0.21188182,1.45060031,0.23480246,-0.06204404,0.00527803,-0.00418531,-0.01090123,0.00854039,-0.03860961,0.06097187,-0.00674107,0.02830419,-0.01997368,0.00655953,0.07879829
3.450000,0.54539072,0.00473329,1.18533030,0.21177185,1.45068603,0.23442023,-0.06144538,0.00521333,-0.00391272,-0.01108972,0.00860122,-0.03784452,0.05874974,-0.00619919,0.02621602,-0.01773181,0.00561102,0.07422116
3.460000,0.54477917,0.00478512,1.18529245,0.21166010,1.45077231,0.23404542,-0.06086927,0.00515403,-0.00366091,-0.01125605,0.00865271,-0.03712518,0.05645943,-0.00566214,0.02415184,-0.01554488,0.00469174,0.06964684
3.470000,0.54417326,0.00483638,1.18525702,0.21154680,1.45085905,0.23367757,-0.06031642,0.00510007,-0.00342960,-0.01140080,0.00869516,-0.03645156,0.05410031,-0.00513035,0.02211346,-0.01341560,0.00380301,0.06507793
3.480000,0.54357276,0.00488714,1.18522379,0.21143215,1.45094618,0.23331623,-0.05978750,0.00505140,-0.00321855,-0.01152456,0.00872888,-0.03582360,0.05167178,-0.00460422,0.02010266,-0.01134668,0.00294611,0.06051703
3.490000,0.54297743,0.00493743,1.18519258,0.21131637,1.45103360,0.23296095,-0.05928322,0.00500797,-0.00302745,-0.01162795,0.00875419,-0.03524119,0.04917322,-0.00408418,0.01812125,-0.00934082,0.00212238,0.05596674
3.500000,0.54238701,0.00498731,1.18516318,0.21119966,1.45112124,0.23261126,-0.05880427,0.00496970,-0.00285602,-0.01171160,0.00877144,-0.03470422,0.04660401,-0.00357066,0.01617102,-0.00740074,0.00133310,0.05142965
3.510000,0.54180126,0.00503684,1.18513539,0.21108221,1.45120901,0.23226671,-0.05835137,0.00493653,-0.00270392,-0.01177619,0.00878097,-0.03421254,0.04396356,-0.00306406,0.01425376,-0.00552914,0.00057960,0.04690836
3.520000,0.54121989,0.00508606,1.18510903,0.21096420,1.45129683,0.23192686,-0.05792524,0.00490839,-0.00257083,-0.01182242,0.00878316,-0.03376599,0.04125123,-0.00256482,0.01237126,-0.00372872,-0.00013683,0.04240547
3.530000,0.54064266,0.00513502,1.18508391,0.21084582,1.45138465,0.23159124,-0.05752659,0.00488521,-0.00245637,-0.01185101,0.00877836,-0.03336436,0.03846643,-0.00207336,0.01052534,-0.00200220,-0.00081488,0.03792358
3.540000,0.54006927,0.00518378,1.18505985,0.21072723,1.45147238,0.23125942,-0.05715615,0.00486690,-0.00236019,-0.01186272,0.00876699,-0.03300744,0.03560853,-0.00159008,0.00871777,-0.00035228,-0.00145323,0.03346529
3.550000,0.53949944,0.00523238,1.18503665,0.21060862,1.45155997,0.23093095,-0.05681467,0.00485338,-0.00228188,-0.01185832,0.00874944,-0.03269497,0.03267693,-0.00111542,0.00695036,0.00121834,-0.00205059,0.02903318
3.560000,0.53893288,0.00528086,1.18501415,0.21049012,1.45164735,0.23060538,-0.05650286,0.00484456,-0.00222104,-0.01183863,0.00872612,-0.03242668,0.02967101,-0.00064980,0.00522491,0.00270693,-0.00260564,0.02462987
3.570000,0.53836928,0.00532929,1.18499217,0.21037189,1.45173447,0.23028227,-0.05622150,0.00484035,-0.00217724,-0.01180447,0.00869747,-0.03220227,0.02659015,-0.00019363,0.00354319,0.00411080,-0.00311708,0.02025794
3.580000,0.53780834,0.00537769,1.18497055,0.21025407,1.45182128,0.22996118,-0.05597131,0.00484065,-0.00215003,-0.01175670,0.00866393,-0.03202141,0.02343377,0.00025266,0.00190702,0.00542725,-0.00358361,0.01592000
3.590000,0.53724975,0.00542611,1.18494912,0.21013680,1.45190773,0.22964170,-0.05575307,0.00484537,-0.00213894,-0.01169622,0.00862595,-0.03188375,0.02020225,0.00068884,0.00031742,0.00665496,-0.00400462,0.01161796
3.600000,0.53669317,0.00547461,1.18492772,0.21002019,1.45199379,0.22932337,-0.05556751,0.00485440,-0.00214353,-0.01162389,0.00858398,-0.03178893,0.01689799,0.00111503,-0.00122600,0.00779528,-0.00438085,0.00735244
3.610000,0.53613829,0.00552322,1.18490620,0.20990436,1.45207940,0.22900577,-0.05541534,0.00486764,-0.00216331,-0.01154060,0.00853848,-0.03173658,0.01352360,0.00153138,-0.00272383,0.00884988,-0.00471322,0.00312392
3.620000,0.53558475,0.00557197,1.18488440,0.20978941,1.45216455,0.22868850,-0.05529726,0.00488499,-0.00219785,-0.01144718,0.00848986,-0.03172632,0.01008169,0.00193805,-0.00417664,0.00982043,-0.00500264,-0.00106713
3.630000,0.53503223,0.00562093,1.18486219,0.20967545,1.45224919,0.22837111,-0.05521393,0.00490637,-0.00224670,-0.01134446,0.00843857,-0.03175779,0.00657487,0.00233521,-0.00558499,0.01070857,-0.00525000,-0.00522023
3.640000,0.53448036,0.00567012,1.18483942,0.20956255,1.45233331,0.22805320,-0.05516597,0.00493167,-0.00230941,-0.01123327,0.00838500,-0.03183060,0.00300575,0.00272300,-0.00694947,0.01151599,-0.00545621,-0.00933492
3.650000,0.53392879,0.00571957,1.18481596,0.20945081,1.45241688,0.22773436,-0.05515401,0.00496080,-0.00238554,-0.01111441,0.00832958,-0.03194436,-0.00062306,0.00310159,-0.00827065,0.01224434,-0.00562218,-0.01341072
3.660000,0.53337715,0.00576934,1.18479167,0.20934028,1.45249990,0.22741418,-0.05517862,0.00499367,-0.00247468,-0.01098865,0.00827269,-0.03209868,-0.00430894,0.00347114,-0.00954910,0.01289528,-0.00574880,-0.01744716
3.670000,0.53282509,0.00581946,1.18476642,0.20923105,1.45258233,0.22709225,-0.05524037,0.00503019,-0.00257638,-0.01085675,0.00821473,-0.03229317,-0.00804930,0.00383181,-0.01078540,0.01347048,-0.00583700,-0.02144377
3.680000,0.53227222,0.00586996,1.18474010,0.20912317,1.45266419,0.22676818,-0.05533978,0.00507027,-0.00269025,-0.01071948,0.00815607,-0.03252742,-0.01184152,0.00418375,-0.01198012,0.01397160,-0.00588767,-0.02540007
3.690000,0.53171817,0.00592088,1.18471258,0.20901668,1.45274545,0.22644157,-0.05547737,0.00511384,-0.00281585,-0.01057756,0.00809710,-0.03280104,-0.01568298,0.00452712,-0.01313384,0.01440030,-0.00590171,-0.02931559
3.700000,0.53116254,0.00597225,1.18468375,0.20891163,1.45282613,0.22611203,-0.05565360,0.00516079,-0.00295279,-0.01043171,0.00803816,-0.03311360,-0.01957108,0.00486208,-0.01424713,0.01475825,-0.00588004,-0.03318986
3.710000,0.53060496,0.00602410,1.18465349,0.20880806,1.45290622,0.22577917,-0.05586893,0.00521105,-0.00310066,-0.01028263,0.00797961,-0.03346469,-0.02350320,0.00518879,-0.01532056,0.01504712,-0.00582355,-0.03702241
3.720000,0.53004503,0.00607648,1.18462170,0.20870599,1.45298572,0.22544261,-0.05612380,0.00526454,-0.00325907,-0.01013100,0.00792180,-0.03385391,-0.02747674,0.00550740,-0.01635471,0.01526855,-0.00573316,-0.04081276
3.730000,0.52948236,0.00612941,1.18458827,0.20860544,1.45306466,0.22510197,-0.05641860,0.00532117,-0.00342762,-0.00997748,0.00786506,-0.03428081,-0.03148909,0.00581808,-0.01735015,0.01542422,-0.00560976,-0.04456044
3.740000,0.52891653,0.00618291,1.18455311,0.20850644,1.45314303,0.22475687,-0.05675370,0.00538087,-0.00360594,-0.00982272,0.00780971,-0.03474497,-0.03553763,0.00612099,-0.01830746,0.01551580,-0.00545427,-0.04826498
3.750000,0.52834715,0.00623703,1.18451612,0.20840899,1.45322086,0.22440695,-0.05712946,0.00544357,-0.00379365,-0.00966737,0.00775608,-0.03524596,-0.03961975,0.00641628,-0.01922721,0.01554493,-0.00526758,-0.05192591
3.760000,0.52777380,0.00629179,1.18447721,0.20831309,1.45329816,0.22405183,-0.05754620,0.00550917,-0.00399036,-0.00951203,0.00770446,-0.03578334,-0.04373285,0.00670411,-0.02010998,0.01551330,-0.00505061,-0.05554275
3.770000,0.52719608,0.00634723,1.18443629,0.20821875,1.45337495,0.22369116,-0.05800421,0.00557762,-0.00419573,-0.00935730,0.00765516,-0.03635667,-0.04787431,0.00698464,-0.02095633,0.01542255,-0.00480426,-0.05911503
3.780000,0.52661358,0.00640336,1.18439327,0.20812594,1.45345127,0.22332458,-0.05850377,0.00564884,-0.00440937,-0.00920377,0.00760847,-0.03696549,-0.05204152,0.00725803,-0.02176685,0.01527435,-0.00452943,-0.06264228
3.790000,0.52602587,0.00646021,1.18434807,0.20803467,1.45352713,0.22295173,-0.05904512,0.00572276,-0.00463095,-0.00905200,0.00756467,-0.03760936,-0.05623187,0.00752443,-0.02254211,0.01507038,-0.00422703,-0.06612402
3.800000,0.52543254,0.00651782,1.18430062,0.20794489,1.45360257,0.22257228,-0.05962848,0.00579931,-0.00486010,-0.00890254,0.00752402,-0.03828782,-0.06044276,0.00778401,-0.02328268,0.01481228,-0.00389797,-0.06955979
3.810000,0.52483316,0.00657621,1.18425085,0.20785660,1.45367763,0.22218586,-0.06025404,0.00587842,-0.00509649,-0.00875593,0.00748679,-0.03900040,-0.06467156,0.00803693,-0.02398913,0.01450172,-0.00354314,-0.07294911
3.820000,0.52422731,0.00663540,1.18419867,0.20776976,1.45375232,0.22179216,-0.06092196,0.00596003,-0.00533977,-0.00861268,0.00745324,-0.03974665,-0.06891568,0.00828333,-0.02466205,0.01414037,-0.00316346,-0.07629151
3.830000,0.52361458,0.00669541,1.18414403,0.20768434,1.45382670,0.22139082,-0.06163239,0.00604406,-0.00558962,-0.00847329,0.00742360,-0.04052608,-0.07317250,0.00852338,-0.02530200,0.01372989,-0.00275983,-0.07958651
3.840000,0.52299452,0.00675629,1.18408686,0.20760028,1.45390081,0.22098153,-0.06238544,0.00613047,-0.00584570,-0.00833824,0.00739812,-0.04133822,-0.07743940,0.00875725,-0.02590956,0.01327194,-0.00233315,-0.08283365
3.850000,0.52236673,0.00681803,1.18402710,0.20751756,1.45397468,0.22056395,-0.06318121,0.00621919,-0.00610770,-0.00820800,0.00737701,-0.04218259,-0.08171378,0.00898508,-0.02648530,0.01276819,-0.00188433,-0.08603244
3.860000,0.52173076,0.00688068,1.18396469,0.20743611,1.45404836,0.22013777,-0.06401974,0.00631015,-0.00637530,-0.00808302,0.00736050,-0.04305870,-0.08599303,0.00920704,-0.02702980,0.01222030,-0.00141428,-0.08918243
3.870000,0.52108619,0.00694424,1.18389957,0.20735588,1.45412191,0.21970267,-0.06490107,0.00640331,-0.00664820,-0.00796373,0.00734880,-0.04396607,-0.09027454,0.00942328,-0.02754363,0.01162993,-0.00092390,-0.09228313
3.880000,0.52043259,0.00700875,1.18383170,0.20727681,1.45419536,0.21925834,-0.06582523,0.00649860,-0.00692608,-0.00785056,0.00734209,-0.04490420,-0.09455570,0.00963396,-0.02802736,0.01099874,-0.00041409,-0.09533407
3.890000,0.51976954,0.00707422,1.18376104,0.20719885,1.45426877,0.21880449,-0.06679218,0.00659597,-0.00720864,-0.00774389,0.00734058,-0.04587259,-0.09883389,0.00983924,-0.02848158,0.01032840,0.00011423,-0.09833478
3.900000,0.51909661,0.00714068,1.18368752,0.20712191,1.45434219,0.21834079,-0.06780189,0.00669537,-0.00749561,-0.00764411,0.00734443,-0.04687073,-0.10310651,0.01003929,-0.02890685,0.00962058,0.00066017,-0.10128479
3.910000,0.51841336,0.00720814,1.18361111,0.20704594,1.45441567,0.21786697,-0.06885428,0.00679674,-0.00778669,-0.00755160,0.00735384,-0.04789811,-0.10737094,0.01023425,-0.02930374,0.00887693,0.00122282,-0.10418363
3.920000,0.51771938,0.00727662,1.18353177,0.20697085,1.45448928,0.21738274,-0.06994927,0.00690004,-0.00808159,-0.00746669,0.00736894,-0.04895423,-0.11162458,0.01042429,-0.02967284,0.00809911,0.00180127,-0.10703081
3.930000,0.51701424,0.00734614,1.18344947,0.20689658,1.45456307,0.21688779,-0.07108673,0.00700521,-0.00838005,-0.00738972,0.00738991,-0.05003855,-0.11586481,0.01060956,-0.03001472,0.00728880,0.00239462,-0.10982588
3.940000,0.51629750,0.00741673,1.18336416,0.20682303,1.45463710,0.21638187,-0.07226651,0.00711221,-0.00868180,-0.00732102,0.00741688,-0.05115057,-0.12008902,0.01079022,-0.03032995,0.00644766,0.00300196,-0.11256835
3.950000,0.51556876,0.00748839,1.18327582,0.20675013,1.45471143,0.21586469,-0.07348845,0.00722100,-0.00898656,-0.00726087,0.00744999,-0.05228974,-0.12429461,0.01096644,-0.03061910,0.00557734,0.00362240,-0.11525776
3.960000,0.51482760,0.00756115,1.18318442,0.20667779,1.45478612,0.21533599,-0.07475233,0.00733153,-0.00929409,-0.00720956,0.00748937,-0.05345555,-0.12847896,0.01113837,-0.03088275,0.00467951,0.00425501,-0.11789363
3.970000,0.51407358,0.00763503,1.18308993,0.20660591,1.45486124,0.21479550,-0.07605795,0.00744375,-0.00960414,-0.00716736,0.00753513,-0.05464744,-0.13263946,0.01130616,-0.03112147,0.00375584,0.00489890,-0.12047549
3.980000,0.51330630,0.00771003,1.18299233,0.20653441,1.45493685,0.21424295,-0.07740503,0.00755764,-0.00991644,-0.00713453,0.00758738,-0.05586487,-0.13677351,0.01146999,-0.03133584,0.00280798,0.00555317,-0.12300287
3.990000,0.51252534,0.00778619,1.18289159,0.20646319,1.45501301,0.21367811,-0.07879332,0.00767314,-0.01023077,-0.00711128,0.00764623,-0.05710731,-0.14087848,0.01163000,-0.03152644,0.00183761,0.00621690,-0.12547529
4.000000,0.51173030,0.00786350,1.18278771,0.20639215,1.45508979,0.21310073,-0.08022250,0.00779023,-0.01054689,-0.00709784,0.00771175,-0.05837419,-0.14495178,0.01178635,-0.03169383,0.00084637,0.00688919,-0.12789229
4.010000,0.51092076,0.00794200,1.18268065,0.20632120,1.45516727,0.21251055,-0.08169224,0.00790886,-0.01086458,-0.00709442,0.00778404,-0.05966497,-0.14899078,0.01193920,-0.03183859,-0.00016405,0.00756915,-0.13025338
4.020000,0.51009632,0.00802168,1.18257041,0.20625023,1.45524550,0.21190735,-0.08320219,0.00802900,-0.01118359,-0.00710118,0.00786315,-0.06097907,-0.15299288,0.01208872,-0.03196129,-0.00119200,0.00825585,-0.13255810
4.030000,0.50925658,0.00810258,1.18245697,0.20617914,1.45532455,0.21129089,-0.08475197,0.00815062,-0.01150373,-0.00711831,0.00794917,-0.06231594,-0.15695548,0.01223505,-0.03206251,-0.00223582,0.00894840,-0.13480598
4.040000,0.50840115,0.00818470,1.18234033,0.20610782,1.45540450,0.21066096,-0.08634116,0.00827369,-0.01182477,-0.00714595,0.00804214,-0.06367500,-0.16087595,0.01237837,-0.03214282,-0.00329385,0.00964589,-0.13699653
4.050000,0.50752963,0.00826806,1.18222048,0.20603618,1.45548542,0.21001732,-0.08796934,0.00839818,-0.01214652,-0.00718423,0.00814210,-0.06505568,-0.16475169,0.01251882,-0.03220280,-0.00436441,0.01034742,-0.13912930
4.060000,0.50664163,0.00835267,1.18209740,0.20596410,1.45556737,0.20935977,-0.08963604,0.00852406,-0.01246876,-0.00723327,0.00824910,-0.06645739,-0.16858008,0.01265656,-0.03224303,-0.00544585,0.01105208,-0.14120380
4.070000,0.50573678,0.00843855,1.18197110,0.20589148,1.45565042,0.20868811,-0.09134077,0.00865130,-0.01279131,-0.00729318,0.00836315,-0.06787956,-0.17235852,0.01279176,-0.03226406,-0.00653650,0.01175896,-0.14321956
4.080000,0.50481469,0.00852570,1.18184157,0.20581820,1.45573465,0.20800212,-0.09308303,0.00877988,-0.01311398,-0.00736403,0.00848428,-0.06932159,-0.17608440,0.01292456,-0.03226649,-0.00763470,0.01246717,-0.14517612
4.090000,0.50387499,0.00861415,1.18170882,0.20574416,1.45582013,0.20730161,-0.09486228,0.00890978,-0.01343658,-0.00744589,0.00861250,-0.07078288,-0.17975510,0.01305514,-0.03225088,-0.00873879,0.01317579,-0.14707300
4.100000,0.50291732,0.00870390,1.18157284,0.20566925,1.45590693,0.20658640,-0.09667794,0.00904098,-0.01375894,-0.00753882,0.00874780,-0.07226285,-0.18336802,0.01318365,-0.03221781,-0.00984711,0.01388392,-0.14890972
4.110000,0.50194132,0.00879497,1.18143364,0.20559335,1.45599511,0.20585629,-0.09852943,0.00917345,-0.01408088,-0.00764284,0.00889017,-0.07376088,-0.18692054,0.01331024,-0.03216784,-0.01095798,0.01459066,-0.15068581
4.120000,0.50094662,0.00888737,1.18129123,0.20551636,1.45608475,0.20511112,-0.10041614,0.00930718,-0.01440224,-0.00775798,0.00903960,-0.07527636,-0.19041006,0.01343508,-0.03210157,-0.01206976,0.01529509,-0.15240081
4.130000,0.49993288,0.00898112,1.18114560,0.20543815,1.45617593,0.20435071,-0.10233742,0.00944215,-0.01472286,-0.00788423,0.00919606,-0.07680869,-0.19383396,0.01355833,-0.03201956,-0.01318076,0.01599632,-0.15405423
4.140000,0.49889976,0.00907622,1.18099677,0.20535863,1.45626870,0.20357489,-0.10429259,0.00957834,-0.01504259,-0.00802159,0.00935951,-0.07835724,-0.19718963,0.01368013,-0.03192238,-0.01428934,0.01669345,-0.15564561
4.150000,0.49784692,0.00917269,1.18084475,0.20527769,1.45636314,0.20278351,-0.10628097,0.00971575,-0.01536126,-0.00817001,0.00952991,-0.07992139,-0.20047446,0.01380066,-0.03181060,-0.01539382,0.01738555,-0.15717448
4.160000,0.49677403,0.00927054,1.18068955,0.20519520,1.45645932,0.20197641,-0.10830184,0.00985435,-0.01567875,-0.00832944,0.00970721,-0.08150052,-0.20368585,0.01392006,-0.03168482,-0.01649255,0.01807174,-0.15864035
4.170000,0.49568077,0.00936978,1.18053118,0.20511106,1.45655731,0.20115345,-0.11035444,0.00999414,-0.01599491,-0.00849983,0.00989133,-0.08309399,-0.20682117,0.01403850,-0.03154558,-0.01758386,0.01875109,-0.16004277
4.180000,0.49456684,0.00947043,1.18036966,0.20502516,1.45665717,0.20031449,-0.11243800,0.01013512,-0.01630962,-0.00868109,0.01008220,-0.08470116,-0.20987783,0.01415614,-0.03139348,-0.01866609,0.01942272,-0.16138124
4.190000,0.49343191,0.00957249,1.18020500,0.20493740,1.45675897,0.19945939,-0.11455172,0.01027726,-0.01662274,-0.00887312,0.01027975,-0.08632140,-0.21285321,0.01427313,-0.03122909,-0.01973757,0.02008571,-0.16265532
4.200000,0.49227570,0.00967598,1.18003721,0.20484767,1.45686279,0.19858802,-0.11669478,0.01042058,-0.01693416,-0.00907580,0.01048388,-0.08795405,-0.21574469,0.01438964,-0.03105297,-0.02079665,0.02073916,-0.16386451
4.210000,0.49109792,0.00978090,1.17986632,0.20475585,1.45696867,0.19770027,-0.11886633,0.01056506,-0.01724376,-0.00928900,0.01069450,-0.08959847,-0.21854968,0.01450582,-0.03086571,-0.02184165,0.02138217,-0.16500835
4.220000,0.48989829,0.00988728,1.17969234,0.20466185,1.45707670,0.19679601,-0.12106548,0.01071069,-0.01755144,-0.00951258,0.01091149,-0.09125400,-0.22126555,0.01462183,-0.03066788,-0.02287092,0.02201382,-0.16608636
4.230000,0.48867652,0.00999512,1.17951530,0.20456557,1.45718692,0.19587515,-0.12329133,0.01085749,-0.01785709,-0.00974636,0.01113474,-0.09291998,-0.22388970,0.01473782,-0.03046005,-0.02388279,0.02263321,-0.16709808
4.240000,0.48743237,0.01010443,1.17933521,0.20446689,1.45729941,0.19493758,-0.12554296,0.01100545,-0.01816061,-0.00999017,0.01136411,-0.09459574,-0.22641952,0.01485396,-0.03024279,-0.02487560,0.02323944,-0.16804303
4.250000,0.48616558,0.01021523,1.17915209,0.20436573,1.45741423,0.19398321,-0.12781940,0.01115457,-0.01846192,-0.01024381,0.01159948,-0.09628061,-0.22885239,0.01497041,-0.03001669,-0.02584768,0.02383161,-0.16892074
4.260000,0.48487591,0.01032753,1.17896598,0.20426198,1.45753142,0.19301194,-0.13011967,0.01130486,-0.01876092,-0.01050705,0.01184069,-0.09797393,-0.23118571,0.01508732,-0.02978231,-0.02679738,0.02440880,-0.16973073
4.270000,0.48356311,0.01044133,1.17877688,0.20415556,1.45765106,0.19202370,-0.13244277,0.01145632,-0.01905754,-0.01077967,0.01208760,-0.09967500,-0.23341687,0.01520486,-0.02954023,-0.02772302,0.02497012,-0.17047253
4.280000,0.48222698,0.01055666,1.17858483,0.20404636,1.45777319,0.19101842,-0.13478766,0.01160896,-0.01935170,-0.01106143,0.01234004,-0.10138315,-0.23554325,0.01532317,-0.02929102,-0.02862296,0.02551465,-0.17114568
4.290000,0.48086729,0.01067352,1.17838986,0.20393430,1.45789788,0.18999602,-0.13715328,0.01176279,-0.01964333,-0.01135204,0.01259783,-0.10309768,-0.23756224,0.01544242,-0.02903526,-0.02949551,0.02604149,-0.17174969
4.300000,0.47948385,0.01079192,1.17819197,0.20381929,1.45802517,0.18895644,-0.13953854,0.01191781,-0.01993238,-0.01165124,0.01286081,-0.10481791,-0.23947124,0.01556277,-0.02877352,-0.03033902,0.02654974,-0.17228410
4.310000,0.47807646,0.01091188,1.17799122,0.20370125,1.45815511,0.18789964,-0.14194233,0.01207405,-0.02021879,-0.01195872,0.01312876,-0.10654313,-0.24126764,0.01568438,-0.02850638,-0.03115183,0.02703849,-0.17274843
4.320000,0.47664494,0.01103340,1.17778761,0.20358009,1.45828776,0.18682557,-0.14436351,0.01223151,-0.02050249,-0.01227417,0.01340151,-0.10827264,-0.24294881,0.01580740,-0.02823441,-0.03193227,0.02750684,-0.17314220
4.330000,0.47518913,0.01115651,1.17758118,0.20345574,1.45842316,0.18573418,-0.14680091,0.01239020,-0.02078346,-0.01259725,0.01367883,-0.11000574,-0.24451216,0.01593199,-0.02795818,-0.03267869,0.02795388,-0.17346496
4.340000,0.47370887,0.01128121,1.17737195,0.20332812,1.45856135,0.18462544,-0.14925335,0.01255015,-0.02106165,-0.01292762,0.01396051,-0.11174170,-0.24595507,0.01605832,-0.02767827,-0.03338940,0.02837870,-0.17371622
4.350000,0.47220402,0.01140752,1.17715995,0.20319716,1.45870238,0.18349934,-0.15171960,0.01271137,-0.02133702,-0.01326492,0.01424633,-0.11347982,-0.24727493,0.01618653,-0.02739525,-0.03406277,0.02878041,-0.17389551
4.360000,0.47067444,0.01153544,1.17694522,0.20306280,1.45884629,0.18235584,-0.15419843,0.01287389,-0.02160954,-0.01360875,0.01453604,-0.11521937,-0.24846913,0.01631679,-0.02710970,-0.03469711,0.02915809,-0.17400236
4.370000,0.46912001,0.01166500,1.17672777,0.20292497,1.45899311,0.18119495,-0.15668856,0.01303772,-0.02187920,-0.01395872,0.01482941,-0.11695963,-0.24953506,0.01644926,-0.02682218,-0.03529077,0.02951084,-0.17403630
4.380000,0.46754064,0.01179620,1.17650764,0.20278361,1.45914289,0.18001665,-0.15918870,0.01320288,-0.02214598,-0.01431442,0.01512617,-0.11869985,-0.25047011,0.01658410,-0.02653329,-0.03584208,0.02983776,-0.17399685
4.390000,0.46593621,0.01192906,1.17628486,0.20263866,1.45929565,0.17882095,-0.16169752,0.01336941,-0.02240987,-0.01467542,0.01542607,-0.12043932,-0.25127167,0.01672146,-0.02624358,-0.03634938,0.03013794,-0.17388355
4.400000,0.46430666,0.01206360,1.17605946,0.20249008,1.45945142,0.17760787,-0.16421368,0.01353732,-0.02267085,-0.01504126,0.01572884,-0.12217728,-0.25193713,0.01686149,-0.02595364,-0.03681101,0.03041047,-0.17369591
4.410000,0.46265192,0.01219981,1.17583145,0.20233782,1.45961023,0.17637741,-0.16673580,0.01370665,-0.02292894,-0.01541148,0.01603419,-0.12391299,-0.25246388,0.01700438,-0.02566403,-0.03722530,0.03065445,-0.17343347
4.420000,0.46097193,0.01233773,1.17560089,0.20218184,1.45977211,0.17512962,-0.16926248,0.01387742,-0.02318414,-0.01578560,0.01634183,-0.12564570,-0.25284930,0.01715025,-0.02537534,-0.03759060,0.03086898,-0.17309576
4.430000,0.45926666,0.01247737,1.17536778,0.20202210,1.45993707,0.17386451,-0.17179230,0.01404966,-0.02343645,-0.01616312,0.01665146,-0.12737465,-0.25309079,0.01729929,-0.02508813,-0.03790523,0.03105314,-0.17268229
4.440000,0.45753608,0.01261873,1.17513217,0.20185857,1.46010514,0.17258214,-0.17432381,0.01422341,-0.02368591,-0.01654353,0.01696279,-0.12909909,-0.25318574,0.01745164,-0.02480298,-0.03816753,0.03120604,-0.17219261
4.450000,0.45578018,0.01276184,1.17489407,0.20169122,1.46027634,0.17128255,-0.17685552,0.01439871,-0.02393252,-0.01692629,0.01727548,-0.13081825,-0.25313153,0.01760747,-0.02452047,-0.03837585,0.03132677,-0.17162623
4.460000,0.45399897,0.01290671,1.17465353,0.20152003,1.46045066,0.16996580,-0.17938593,0.01457558,-0.02417633,-0.01731086,0.01758921,-0.13253135,-0.25292556,0.01776693,-0.02424117,-0.03852851,0.03141442,-0.17098268
4.470000,0.45219247,0.01305336,1.17441055,0.20134500,1.46062812,0.16863195,-0.18191352,0.01475406,-0.02441736,-0.01769667,0.01790365,-0.13423764,-0.25256521,0.01793018,-0.02396564,-0.03862386,0.03146809,-0.17026150
4.480000,0.45036072,0.01320180,1.17416519,0.20116610,1.46080873,0.16728107,-0.18443672,0.01493419,-0.02465565,-0.01808314,0.01821846,-0.13593632,-0.25204788,0.01809738,-0.02369448,-0.03866023,0.03148688,-0.16946221
4.490000,0.44850376,0.01335205,1.17391745,0.20098333,1.46099249,0.16591325,-0.18695394,0.01511602,-0.02489126,-0.01846968,0.01853327,-0.13762662,-0.25137095,0.01826869,-0.02342824,-0.03863596,0.03146987,-0.16858433
4.500000,0.44662166,0.01350412,1.17366737,0.20079671,1.46117940,0.16452857,-0.18946359,0.01529958,-0.02512424,-0.01885565,0.01884773,-0.13930775,-0.25053181,0.01844426,-0.02316752,-0.03854938,0.03141617,-0.16762739
4.510000,0.44471452,0.01365805,1.17341497,0.20060623,1.46136944,0.16312712,-0.19196403,0.01548492,-0.02535463,-0.01924045,0.01916147,-0.14097891,-0.24952785,0.01862426,-0.02291287,-0.03839884,0.03132486,-0.16659093
4.520000,0.44278242,0.01381383,1.17316029,0.20041190,1.46156262,0.16170902,-0.19445359,0.01567208,-0.02558252,-0.01962341,0.01947410,-0.14263930,-0.24835647,0.01880884,-0.02266487,-0.03818266,0.03119504,-0.16547446
4.530000,0.44082549,0.01397149,1.17290333,0.20021377,1.46175892,0.16027438,-0.19693059,0.01586111,-0.02580795,-0.02000388,0.01978524,-0.14428813,-0.24701505,0.01899817,-0.02242410,-0.03789919,0.03102582,-0.16427752
4.540000,0.43884385,0.01413106,1.17264414,0.20001184,1.46195832,0.15882330,-0.19939332,0.01605206,-0.02603102,-0.02038117,0.02009448,-0.14592458,-0.24550098,0.01919239,-0.02219114,-0.03754676,0.03081627,-0.16299963
4.550000,0.43683767,0.01429254,1.17238272,0.19980616,1.46216080,0.15735593,-0.20184003,0.01624498,-0.02625180,-0.02075458,0.02040143,-0.14754785,-0.24381165,0.01939167,-0.02196655,-0.03712371,0.03056551,-0.16164032
4.560000,0.43480711,0.01445596,1.17211911,0.19959676,1.46236634,0.15587239,-0.20426896,0.01643991,-0.02647038,-0.02112340,0.02070565,-0.14915711,-0.24194445,0.01959617,-0.02175091,-0.03662837,0.03027261,-0.16019913
4.570000,0.43275236,0.01462135,1.17185332,0.19938371,1.46257490,0.15437284,-0.20667832,0.01663692,-0.02668685,-0.02148690,0.02100674,-0.15075156,-0.23989676,0.01980605,-0.02154479,-0.03605909,0.02993668,-0.15867556
4.580000,0.43067362,0.01478871,1.17158538,0.19916704,1.46278646,0.15285741,-0.20906628,0.01683605,-0.02690131,-0.02184433,0.02130424,-0.15233035,-0.23766599,0.02002146,-0.02134878,-0.03541420,0.02955682,-0.15706916
4.590000,0.42857111,0.01495807,1.17131530,0.19894684,1.46300098,0.15132628,-0.21143102,0.01703737,-0.02711387,-0.02219493,0.02159772,-0.15389266,-0.23524952,0.02024256,-0.02116344,-0.03469203,0.02913210,-0.15537945
4.600000,0.42644508,0.01512946,1.17104311,0.19872317,1.46321840,0.14977962,-0.21377065,0.01724092,-0.02732462,-0.02253791,0.02188673,-0.15543766,-0.23264500,0.02046944,-0.02098927,-0.03389116,0.02866176,-0.15360601
4.610000,0.42429579,0.01530290,1.17076881,0.19849611,1.46343869,0.14821759,-0.21608329,0.01744677,-0.02753369,-0.02287249,0.02217081,-0.15696450,-0.22985391,0.02070103,-0.02082572,-0.03301355,0.02814668,-0.15174904
4.620000,0.42212351,0.01547841,1.17049244,0.19826575,1.46366180,0.14664039,-0.21836712,0.01765495,-0.02774117,-0.02319794,0.02244952,-0.15847236,-0.22688061,0.02093543,-0.02067146,-0.03206370,0.02758901,-0.14980924
4.630000,0.41992855,0.01565601,1.17021399,0.19803219,1.46388767,0.14504821,-0.22062031,0.01786548,-0.02794714,-0.02351354,0.02272245,-0.15996041,-0.22372951,0.02117071,-0.02052514,-0.03104617,0.02699093,-0.14778732
4.640000,0.41771121,0.01583572,1.16993350,0.19779552,1.46411623,0.14344125,-0.22284113,0.01807836,-0.02815169,-0.02381865,0.02298921,-0.16142784,-0.22040501,0.02140496,-0.02038539,-0.02996551,0.02635462,-0.14568398
4.650000,0.41547184,0.01601758,1.16965096,0.19755585,1.46434743,0.14181973,-0.22502785,0.01829357,-0.02835487,-0.02411266,0.02324943,-0.16287382,-0.21691154,0.02163624,-0.02025086,-0.02882629,0.02568226,-0.14349993
4.660000,0.41321077,0.01620160,1.16936641,0.19731330,1.46458119,0.14018385,-0.22717881,0.01851107,-0.02855672,-0.02439500,0.02350275,-0.16429757,-0.21325350,0.02186263,-0.02012019,-0.02763305,0.02497603,-0.14123587
4.670000,0.41092839,0.01638781,1.16907983,0.19706799,1.46481746,0.13853385,-0.22929239,0.01873080,-0.02875728,-0.02466515,0.02374884,-0.16569828,-0.20943531,0.02208220,-0.01999204,-0.02639036,0.02423810,-0.13889252
4.680000,0.40862506,0.01657623,1.16879126,0.19682004,1.46505615,0.13686996,-0.23136700,0.01895269,-0.02895656,-0.02492265,0.02398741,-0.16707516,-0.20546138,0.02229303,-0.01986505,-0.02510277,0.02347066,-0.13647057
4.690000,0.40630118,0.01676687,1.16850071,0.19656958,1.46529718,0.13519243,-0.23340111,0.01917663,-0.02915458,-0.02516707,0.02421816,-0.16842743,-0.20133613,0.02249319,-0.01973785,-0.02377484,0.02267589,-0.13397074
4.700000,0.40395717,0.01695977,1.16820818,0.19631674,1.46554048,0.13350150,-0.23539323,0.01940251,-0.02935132,-0.02539803,0.02444084,-0.16975432,-0.19706396,0.02268076,-0.01960910,-0.02241112,0.02185596,-0.13139372
4.710000,0.40159346,0.01715493,1.16791369,0.19606167,1.46578597,0.13179743,-0.23734191,0.01963019,-0.02954675,-0.02561519,0.02465521,-0.17105505,-0.19264929,0.02285381,-0.01947744,-0.02101619,0.02101306,-0.12874023
4.720000,0.39921049,0.01735238,1.16761725,0.19580449,1.46603356,0.13008049,-0.23924576,0.01985953,-0.02974085,-0.02581827,0.02486103,-0.17232887,-0.18809653,0.02301042,-0.01934151,-0.01959459,0.02014937,-0.12601096
4.730000,0.39680870,0.01755212,1.16731887,0.19554535,1.46628316,0.12835095,-0.24110340,0.02009034,-0.02993356,-0.02600701,0.02505813,-0.17357502,-0.18341011,0.02314866,-0.01919997,-0.01815087,0.01926706,-0.12320664
4.740000,0.39438858,0.01775419,1.16701858,0.19528439,1.46653469,0.12660908,-0.24291353,0.02032243,-0.03012483,-0.02618122,0.02524632,-0.17479275,-0.17859442,0.02326660,-0.01905144,-0.01668961,0.01836831,-0.12032795
4.750000,0.39195059,0.01795858,1.16671638,0.19502177,1.46678806,0.12485519,-0.24467487,0.02055560,-0.03031456,-0.02634076,0.02542545,-0.17598133,-0.17365388,0.02336233,-0.01889459,-0.01521535,0.01745530,-0.11737561
4.760000,0.38949525,0.01816530,1.16641229,0.19475763,1.46704317,0.12308956,-0.24638620,0.02078960,-0.03050269,-0.02648550,0.02559539,-0.17714002,-0.16859290,0.02343391,-0.01872805,-0.01373265,0.01653022,-0.11435033
4.770000,0.38702304,0.01837437,1.16610633,0.19449211,1.46729993,0.12131249,-0.24804634,0.02102419,-0.03068909,-0.02661540,0.02575602,-0.17826810,-0.16341591,0.02347942,-0.01855047,-0.01224607,0.01559524,-0.11125280
4.780000,0.38453449,0.01858579,1.16579852,0.19422537,1.46755826,0.11952430,-0.24965415,0.02125909,-0.03087365,-0.02673043,0.02590727,-0.17936484,-0.15812731,0.02349693,-0.01836050,-0.01076017,0.01465254,-0.10808374
4.790000,0.38203013,0.01879955,1.16548887,0.19395755,1.46781805,0.11772530,-0.25120853,0.02149403,-0.03105625,-0.02683062,0.02604905,-0.18042954,-0.15273151,0.02348452,-0.01815677,-0.00927950,0.01370430,-0.10484385
4.800000,0.37951050,0.01901567,1.16517740,0.19368881,1.46807921,0.11591582,-0.25270844,0.02172868,-0.03123674,-0.02691605,0.02618134,-0.18146148,-0.14723293,0.02344027,-0.01793793,-0.00780862,0.01275270,-0.10153384
4.810000,0.37697615,0.01923412,1.16486414,0.19341928,1.46834164,0.11409618,-0.25415286,0.02196272,-0.03141496,-0.02698684,0.02630410,-0.18245998,-0.14163598,0.02336224,-0.01770263,-0.00635210,0.01179992,-0.09815441
4.820000,0.37442763,0.01945492,1.16454911,0.19314912,1.46860526,0.11226673,-0.25554084,0.02219581,-0.03159073,-0.02704315,0.02641734,-0.18342434,-0.13594507,0.02324852,-0.01744952,-0.00491448,0.01084814,-0.09470627
4.830000,0.37186552,0.01967803,1.16423233,0.19287847,1.46886996,0.11042781,-0.25687147,0.02242757,-0.03176388,-0.02708521,0.02652108,-0.18435388,-0.13016462,0.02309718,-0.01717723,-0.00350033,0.00989954,-0.09119012
4.840000,0.36929040,0.01990346,1.16391384,0.19260746,1.46913565,0.10857977,-0.25814385,0.02265762,-0.03193421,-0.02711325,0.02661535,-0.18524792,-0.12429904,0.02290628,-0.01688441,-0.00211419,0.00895629,-0.08760668
4.850000,0.36670284,0.02013118,1.16359366,0.19233625,1.46940223,0.10672297,-0.25935718,0.02288555,-0.03210150,-0.02712760,0.02670023,-0.18610579,-0.11835274,0.02267391,-0.01656971,-0.00076064,0.00802059,-0.08395663
4.860000,0.36410346,0.02036117,1.16327182,0.19206495,1.46966962,0.10485778,-0.26051065,0.02311095,-0.03226553,-0.02712859,0.02677580,-0.18692683,-0.11233013,0.02239815,-0.01623178,0.00055578,0.00709460,-0.08024071
4.870000,0.36149283,0.02059339,1.16294836,0.19179372,1.46993772,0.10298456,-0.26160354,0.02333337,-0.03242605,-0.02711662,0.02684216,-0.18771039,-0.10623564,0.02207705,-0.01586924,0.00183050,0.00618050,-0.07645959
4.880000,0.35887159,0.02082782,1.16262331,0.19152266,1.47020644,0.10110370,-0.26263514,0.02355233,-0.03258282,-0.02709214,0.02689945,-0.18845581,-0.10007367,0.02170871,-0.01548076,0.00305898,0.00528048,-0.07261401
4.890000,0.35624034,0.02106442,1.16229672,0.19125191,1.47047568,0.09921557,-0.26360480,0.02376738,-0.03273558,-0.02705561,0.02694782,-0.18916246,-0.09384863,0.02129120,-0.01506498,0.00423664,0.00439672,-0.06870465
4.900000,0.35359970,0.02130315,1.16196862,0.19098159,1.47074536,0.09732058,-0.26451192,0.02397799,-0.03288403,-0.02700759,0.02698745,-0.18982969,-0.08756494,0.02082258,-0.01462054,0.00535894,0.00353139,-0.06473223
4.910000,0.35095031,0.02154397,1.16163905,0.19071180,1.47101540,0.09541911,-0.26535592,0.02418365,-0.03302789,-0.02694863,0.02701852,-0.19045689,-0.08122701,0.02030094,-0.01414608,0.00642132,0.00268667,-0.06069744
4.920000,0.34829279,0.02178681,1.16130808,0.19044265,1.47128571,0.09351158,-0.26613629,0.02438382,-0.03316685,-0.02687938,0.02704126,-0.19104344,-0.07483926,0.01972434,-0.01364025,0.00741921,0.00186475,-0.05660101
4.930000,0.34562780,0.02203162,1.16097573,0.19017424,1.47155620,0.09159838,-0.26685256,0.02457795,-0.03330058,-0.02680048,0.02705590,-0.19158871,-0.06840609,0.01909087,-0.01310170,0.00834807,0.00106780,-0.05244363
4.940000,0.34295596,0.02227835,1.16064208,0.18990667,1.47182680,0.08967994,-0.26750428,0.02476544,-0.03342877,-0.02671266,0.02706270,-0.19209211,-0.06193192,0.01839860,-0.01252907,0.00920333,0.00029800,-0.04822601
4.950000,0.34027793,0.02252691,1.16030718,0.18964002,1.47209743,0.08775668,-0.26809107,0.02494572,-0.03355105,-0.02661667,0.02706196,-0.19255303,-0.05542116,0.01764560,-0.01192100,0.00998044,-0.00044247,-0.04394885
4.960000,0.33759436,0.02277723,1.15997108,0.18937436,1.47236801,0.08582903,-0.26861259,0.02511815,-0.03366706,-0.02651333,0.02705396,-0.19297089,-0.04887824,0.01682995,-0.01127614,0.01067483,-0.00115143,-0.03961286
4.970000,0.33490589,0.02302924,1.15963386,0.18910977,1.47263848,0.08389741,-0.26906854,0.02528210,-0.03377644,-0.02640347,0.02703904,-0.19334510,-0.04230755,0.01594971,-0.01059314,0.01128196,-0.00182670,-0.03521875
4.980000,0.33221320,0.02328284,1.15929558,0.18884631,1.47290877,0.08196227,-0.26945867,0.02543692,-0.03387879,-0.02628799,0.02701754,-0.19367507,-0.03571351,0.01500298,-0.00987064,0.01179727,-0.00246609,-0.03076722
4.990000,0.32951694,0.02353795,1.15895631,0.18858403,1.47317881,0.08002406,-0.26978275,0.02558193,-0.03397372,-0.02616784,0.02698984,-0.19396025,-0.02910053,0.01398781,-0.00910727,0.01221619,-0.00306744,-0.02625898
5.000000,0.32681777,0.02379445,1.15861613,0.18832297,1.47344855,0.07808322,-0.27004063,0.02571644,-0.03406080,-0.02604401,0.02695633,-0.19420007,-0.02247304,0.01290229,-0.00830170,0.01253417,-0.00362856,-0.02169473
5.010000,0.32411635,0.02405224,1.15827512,0.18806316,1.47371792,0.07614021,-0.27023218,0.02583974,-0.03413961,-0.02591751,0.02691741,-0.19439396,-0.01583544,0.01174450,-0.00745256,0.01274666,-0.00414728,-0.01707518
5.020000,0.32141335,0.02431120,1.15793337,0.18780462,1.47398688,0.07419549,-0.27035732,0.02595108,-0.03420970,-0.02578944,0.02687353,-0.19454139,-0.00919214,0.01051249,-0.00655850,0.01284909,-0.00462140,-0.01240104
5.030000,0.31870943,0.02457122,1.15759096,0.18754737,1.47425538,0.07224954,-0.27041602,0.02604973,-0.03427062,-0.02566091,0.02682514,-0.19464180,-0.00254756,0.00920436,-0.00561817,0.01283690,-0.00504876,-0.00767301
5.040000,0.31600525,0.02483215,1.15724798,0.18729140,1.47452337,0.07030282,-0.27040828,0.02613491,-0.03432191,-0.02553310,0.02677272,-0.19469467,0.00409392,0.00781835,-0.00463031,0.01270585,-0.00542730,-0.00289193
5.050000,0.31330148,0.02509387,1.15690455,0.18703670,1.47479082,0.06835581,-0.27033416,0.02620584,-0.03436307,-0.02540719,0.02671676,-0.19469947,0.01072826,0.00635574,-0.00359559,0.01245662,-0.00575704,0.00193924
5.060000,0.31059879,0.02535622,1.15656076,0.18678325,1.47505769,0.06640899,-0.27019375,0.02626178,-0.03439367,-0.02528434,0.02665774,-0.19465573,0.01735175,0.00482034,-0.00251625,0.01209407,-0.00603975,0.00681573
5.070000,0.30789783,0.02561905,1.15621671,0.18653100,1.47532397,0.06446285,-0.26998718,0.02630202,-0.03441326,-0.02516567,0.02659611,-0.19456302,0.02396069,0.00321602,-0.00139457,0.01162316,-0.00627725,0.01173273
5.080000,0.30519926,0.02588221,1.15587253,0.18627992,1.47558961,0.06251789,-0.26971460,0.02632589,-0.03442143,-0.02505223,0.02653234,-0.19442096,0.03055138,0.00154668,-0.00023285,0.01104888,-0.00647136,0.01668542
5.090000,0.30250375,0.02614551,1.15552833,0.18602994,1.47585461,0.06057460,-0.26937622,0.02633275,-0.03441779,-0.02494502,0.02646683,-0.19422921,0.03712009,-0.00018382,0.00096662,0.01037619,-0.00662388,0.02166900
5.100000,0.29981196,0.02640880,1.15518422,0.18578099,1.47611894,0.05863347,-0.26897228,0.02632202,-0.03440198,-0.02484501,0.02639999,-0.19398749,0.04366314,-0.00197159,0.00220156,0.00961006,-0.00673665,0.02667864
5.110000,0.29712453,0.02667189,1.15484033,0.18553301,1.47638260,0.05669502,-0.26850306,0.02629314,-0.03437365,-0.02475311,0.02633222,-0.19369557,0.05017681,-0.00381276,0.00346968,0.00875547,-0.00681148,0.03170954
5.120000,0.29444211,0.02693460,1.15449679,0.18528590,1.47664558,0.05475973,-0.26796886,0.02624560,-0.03433248,-0.02467018,0.02626388,-0.19335325,0.05665739,-0.00570343,0.00476868,0.00781738,-0.00685018,0.03675688
5.130000,0.29176536,0.02719674,1.15415372,0.18503957,1.47690788,0.05282812,-0.26737003,0.02617892,-0.03427818,-0.02459703,0.02619533,-0.19296039,0.06310118,-0.00763974,0.00609628,0.00680078,-0.00685457,0.04181585
5.140000,0.28909493,0.02745812,1.15381127,0.18479392,1.47716949,0.05090069,-0.26670697,0.02609267,-0.03421047,-0.02453441,0.02612690,-0.19251691,0.06950448,-0.00961780,0.00745020,0.00571062,-0.00682648,0.04688163
5.150000,0.28643144,0.02771853,1.15346956,0.18454885,1.47743042,0.04897795,-0.26598009,0.02598644,-0.03412909,-0.02448304,0.02605890,-0.19202275,0.07586357,-0.01163374,0.00882813,0.00455190,-0.00676771,0.05194941
5.160000,0.28377553,0.02797778,1.15312873,0.18430422,1.47769067,0.04706041,-0.26518986,0.02585988,-0.03403383,-0.02444359,0.02599164,-0.19147793,0.08217476,-0.01368366,0.01022780,0.00332956,-0.00668009,0.05701438
5.170000,0.28112785,0.02823566,1.15278893,0.18405993,1.47795026,0.04514856,-0.26433677,0.02571266,-0.03392447,-0.02441665,0.02592539,-0.19088249,0.08843433,-0.01576370,0.01164691,0.00204860,-0.00656543,0.06207172
5.180000,0.27848901,0.02849196,1.15245029,0.18381585,1.47820918,0.04324292,-0.26342135,0.02554452,-0.03380084,-0.02440279,0.02586042,-0.19023654,0.09463858,-0.01786997,0.01308317,0.00071397,-0.00642555,0.06711663
5.190000,0.27585963,0.02874648,1.15211296,0.18357183,1.47846747,0.04134400,-0.26244419,0.02535519,-0.03366276,-0.02440253,0.02579696,-0.18954022,0.10078380,-0.01999859,0.01453430,-0.00066934,-0.00626227,0.07214428
5.200000,0.27324033,0.02899899,1.15177708,0.18332775,1.47872513,0.03945229,-0.26140589,0.02514448,-0.03351011,-0.02441633,0.02573524,-0.18879372,0.10686628,-0.02214569,0.01599801,-0.00209637,-0.00607741,0.07714986
5.210000,0.27063171,0.02924929,1.15144281,0.18308346,1.47898218,0.03756829,-0.26030709,0.02491223,-0.03334277,-0.02444459,0.02567548,-0.18799731,0.11288233,-0.02430737,0.01747200,-0.00356214,-0.00587277,0.08212856
5.220000,0.26803439,0.02949717,1.15111028,0.18283881,1.47923865,0.03569251,-0.25914847,0.02465830,-0.03316064,-0.02448768,0.02561785,-0.18715126,0.11882823,-0.02647977,0.01895399,-0.00506169,-0.00565020,0.08707557
5.230000,0.26544894,0.02974239,1.15077964,0.18259365,1.47949455,0.03382543,-0.25793077,0.02438261,-0.03296367,-0.02454592,0.02556253,-0.18625592,0.12470028,-0.02865900,0.02044169,-0.00659004,-0.00541148,0.09198607
5.240000,0.26287596,0.02998475,1.15045105,0.18234784,1.47974990,0.03196755,-0.25665473,0.02408511,-0.03275180,-0.02461956,0.02550967,-0.18531168,0.13049477,-0.03084118,0.02193281,-0.00814221,-0.00515846,0.09685525
5.250000,0.26031604,0.03022402,1.15012466,0.18210121,1.48000475,0.03011936,-0.25532114,0.02376579,-0.03252501,-0.02470882,0.02545940,-0.18431897,0.13620800,-0.03302243,0.02342507,-0.00971324,-0.00489294,0.10167830
5.260000,0.25776973,0.03045999,1.14980060,0.18185361,1.48025910,0.02828133,-0.25393085,0.02342468,-0.03228330,-0.02481387,0.02541184,-0.18327828,0.14183625,-0.03519888,0.02491616,-0.01129815,-0.00461674,0.10645039
5.270000,0.25523761,0.03069244,1.14947904,0.18160488,1.48051299,0.02645395,-0.25248471,0.02306184,-0.03202669,-0.02493482,0.02536709,-0.18219015,0.14737583,-0.03736663,0.02640381,-0.01289198,-0.00433168,0.11116673
5.280000,0.25272022,0.03092115,1.14916012,0.18135486,1.48076645,0.02463769,-0.25098364,0.02267739,-0.03175524,-0.02507172,0.02532523,-0.18105515,0.15282303,-0.03952182,0.02788573,-0.01448974,-0.00403957,0.11582249
5.290000,0.25021811,0.03114592,1.14884399,0.18110339,1.48101951,0.02283300,-0.24942857,0.02227146,-0.03146901,-0.02522461,0.02528632,-0.17987391,0.15817413,-0.04166056,0.02935962,-0.01608648,-0.00374224,0.12041286
5.300000,0.24773182,0.03136651,1.14853079,0.18085031,1.48127219,0.02104036,-0.24782049,0.02184424,-0.03116808,-0.02539343,0.02525040,-0.17864712,0.16342544,-0.04377897,0.03082319,-0.01767721,-0.00344150,0.12493303
5.310000,0.24526188,0.03158273,1.14822067,0.18059547,1.48152453,0.01926021,-0.24616041,0.02139596,-0.03085258,-0.02557812,0.02521749,-0.17737550,0.16857325,-0.04587317,0.03227417,-0.01925696,-0.00313917,0.12937818
5.320000,0.24280879,0.03179436,1.14791378,0.18033870,1.48177655,0.01749300,-0.24444938,0.02092687,-0.03052265,-0.02577852,0.02518761,-0.17605983,0.17361384,-0.04793928,0.03371025,-0.02082076,-0.00283707,0.13374351
5.330000,0.24037306,0.03200120,1.14761027,0.18007985,1.48202829,0.01573916,-0.24268850,0.02043728,-0.03017844,-0.02599446,0.02516075,-0.17470091,0.17854353,-0.04997342,0.03512915,-0.02236365,-0.00253701,0.13802419
5.340000,0.23795518,0.03220304,1.14731026,0.17981876,1.48227977,0.01399912,-0.24087890,0.01992752,-0.02982013,-0.02622571,0.02513686,-0.17329964,0.18335859,-0.05197171,0.03652859,-0.02388064,-0.00224081,0.14221541
5.350000,0.23555564,0.03239968,1.14701391,0.17955528,1.48253104,0.01227330,-0.23902173,0.01939798,-0.02944794,-0.02647197,0.02511591,-0.17185692,0.18805533,-0.05393028,0.03790626,-0.02536677,-0.00195029,0.14631237
5.360000,0.23317490,0.03259093,1.14672135,0.17928927,1.48278210,0.01056212,-0.23711820,0.01884906,-0.02906209,-0.02673292,0.02509783,-0.17037372,0.19263003,-0.05584523,0.03925989,-0.02681707,-0.00166727,0.15031024
5.370000,0.23081342,0.03277660,1.14643271,0.17902058,1.48303300,0.00886596,-0.23516954,0.01828123,-0.02866283,-0.02700818,0.02508254,-0.16885106,0.19707900,-0.05771270,0.04058718,-0.02822655,-0.00139356,0.15420422
5.380000,0.22847165,0.03295650,1.14614814,0.17874906,1.48328376,0.00718522,-0.23317705,0.01769498,-0.02825044,-0.02729730,0.02506992,-0.16729000,0.20139852,-0.05952880,0.04188585,-0.02959026,-0.00113099,0.15798948
5.390000,0.22615002,0.03313044,1.14586775,0.17847459,1.48353441,0.00552028,-0.23114202,0.01709084,-0.02782521,-0.02759981,0.02505987,-0.16569165,0.20558488,-0.06128964,0.04315361,-0.03090321,-0.00088136,0.16166123
5.400000,0.22384895,0.03329826,1.14559167,0.17819702,1.48378497,0.00387151,-0.22906581,0.01646939,-0.02738748,-0.02791518,0.02505225,-0.16405717,0.20963439,-0.06299136,0.04438816,-0.03216044,-0.00064651,0.16521463
5.410000,0.22156884,0.03345977,1.14532004,0.17791624,1.48403546,0.00223926,-0.22694980,0.01583122,-0.02693757,-0.02824282,0.02504689,-0.16238777,0.21354334,-0.06463007,0.04558722,-0.03335697,-0.00042823,0.16864488
5.420000,0.21931008,0.03361483,1.14505296,0.17763213,1.48428591,0.00062387,-0.22479542,0.01517701,-0.02647586,-0.02858210,0.02504362,-0.16068470,0.21730802,-0.06620189,0.04674849,-0.03448784,-0.00022836,0.17194717
5.430000,0.21707305,0.03376326,1.14479056,0.17734456,1.48453634,-0.00097433,-0.22260413,0.01450742,-0.02600273,-0.02893234,0.02504225,-0.15894927,0.22092471,-0.06770294,0.04786970,-0.03554806,-0.00004871,0.17511668
5.440000,0.21485812,0.03390493,1.14453294,0.17705345,1.48478676,-0.00255502,-0.22037743,0.01382320,-0.02551861,-0.02929281,0.02504257,-0.15718283,0.22438973,-0.06912934,0.04894855,-0.03653267,0.00010891,0.17814860
5.450000,0.21266562,0.03403968,1.14428022,0.17675868,1.48503720,-0.00411789,-0.21811685,0.01312510,-0.02502391,-0.02966273,0.02504435,-0.15538677,0.22769936,-0.07047721,0.04998276,-0.03743670,0.00024267,0.18103812
5.460000,0.21049589,0.03416739,1.14403250,0.17646016,1.48528765,-0.00566266,-0.21582397,0.01241393,-0.02451911,-0.03004126,0.02504734,-0.15356255,0.23084989,-0.07174267,0.05097002,-0.03825517,0.00035075,0.18378041
5.470000,0.20834924,0.03428792,1.14378987,0.17615783,1.48553815,-0.00718905,-0.21350040,0.01169053,-0.02400467,-0.03042753,0.02505127,-0.15171167,0.23383762,-0.07292184,0.05190806,-0.03898312,0.00043135,0.18637068
5.480000,0.20622598,0.03440116,1.14355244,0.17585159,1.48578868,-0.00869681,-0.21114778,0.01095579,-0.02348112,-0.03082060,0.02505587,-0.14983566,0.23665898,-0.07401097,0.05279466,-0.03961574,0.00048270,0.18880426
5.490000,0.20412638,0.03450700,1.14332028,0.17554139,1.48603926,-0.01018568,-0.20876778,0.01021062,-0.02294895,-0.03121952,0.02506083,-0.14793611,0.23931317,-0.07500907,0.05362912,-0.04015180,0.00050437,0.19107996
5.500000,0.20205071,0.03460534,1.14309348,0.17522718,1.48628990,-0.01165546,-0.20636206,0.00945591,-0.02240871,-0.03162332,0.02506586,-0.14601458,0.24180193,-0.07591767,0.05441212,-0.04059336,0.00049711,0.19319972
5.510000,0.19999922,0.03469609,1.14287213,0.17490891,1.48654058,-0.01310591,-0.20393228,0.00869256,-0.02186088,-0.03203108,0.02507068,-0.14407263,0.24412713,-0.07673842,0.05514441,-0.04094264,0.00046175,0.19516564
5.520000,0.19797214,0.03477916,1.14265629,0.17458655,1.48679131,-0.01453685,-0.20148006,0.00792143,-0.02130598,-0.03244188,0.02507500,-0.14211178,0.24629062,-0.07747294,0.05582673,-0.04120180,0.00039908,0.19697980
5.530000,0.19596968,0.03485449,1.14244603,0.17426007,1.48704208,-0.01594809,-0.19900700,0.00714338,-0.02074451,-0.03285482,0.02507857,-0.14013353,0.24829426,-0.07812288,0.05645984,-0.04137306,0.00030993,0.19864428
5.540000,0.19399206,0.03492201,1.14224142,0.17392945,1.48729288,-0.01733946,-0.19651470,0.00635925,-0.02017695,-0.03326905,0.02508112,-0.13813938,0.25013990,-0.07868987,0.05704447,-0.04145859,0.00019511,0.20016116
5.550000,0.19203945,0.03498166,1.14204251,0.17359469,1.48754370,-0.01871083,-0.19400473,0.00556985,-0.01960378,-0.03368372,0.02508239,-0.13613079,0.25182939,-0.07917555,0.05758138,-0.04146060,0.00005543,0.20153253
5.560000,0.19011202,0.03503339,1.14184936,0.17325578,1.48779452,-0.02006204,-0.19147863,0.00477600,-0.01902548,-0.03409799,0.02508215,-0.13410921,0.25336460,-0.07958156,0.05807130,-0.04138128,-0.00010829,0.20276046
5.570000,0.18820993,0.03507717,1.14166202,0.17291273,1.48804533,-0.02139297,-0.18893794,0.00397848,-0.01844251,-0.03451108,0.02508015,-0.13207606,0.25474737,-0.07990954,0.05851498,-0.04122282,-0.00029525,0.20384706
5.580000,0.18633330,0.03511295,1.14148053,0.17256556,1.48829612,-0.02270352,-0.18638418,0.00317807,-0.01785533,-0.03492219,0.02507617,-0.13003273,0.25597957,-0.08016112,0.05891317,-0.04098741,-0.00050463,0.20479439
5.590000,0.18448228,0.03514072,1.14130492,0.17221430,1.48854685,-0.02399360,-0.18381885,0.00237551,-0.01726439,-0.03533058,0.02506998,-0.12798063,0.25706303,-0.08033794,0.05926661,-0.04067725,-0.00073562,0.20560454
5.600000,0.18265696,0.03516046,1.14113525,0.17185896,1.48879751,-0.02526311,-0.18124341,0.00157155,-0.01667014,-0.03573550,0.02506138,-0.12592109,0.25799964,-0.08044163,0.05957605,-0.04029453,-0.00098741,0.20627960
5.610000,0.18085744,0.03517215,1.14097153,0.17149960,1.48904807,-0.02651200,-0.17865934,0.00076691,-0.01607302,-0.03613623,0.02505017,-0.12385548,0.25879122,-0.08047384,0.05984223,-0.03984145,-0.00125918,0.20682164
5.620000,0.17908380,0.03517580,1.14081380,0.17113625,1.48929850,-0.02774020,-0.17606807,-0.00003769,-0.01547344,-0.03653210,0.02503614,-0.12178510,0.25943965,-0.08043621,0.06006589,-0.03932019,-0.00155012,0.20723276
5.630000,0.17733610,0.03517140,1.14066207,0.17076898,1.48954878,-0.02894769,-0.17347102,-0.00084158,-0.01487184,-0.03692242,0.02501910,-0.11971125,0.25994677,-0.08033036,0.06024779,-0.03873295,-0.00185942,0.20751503
5.640000,0.17561439,0.03515897,1.14051636,0.17039783,1.48979887,-0.03013442,-0.17086959,-0.00164408,-0.01426862,-0.03730654,0.02499889,-0.11763522,0.26031445,-0.08015794,0.06038867,-0.03808193,-0.00218627,0.20767055
5.650000,0.17391872,0.03513853,1.14037670,0.17002287,1.49004875,-0.03130039,-0.16826519,-0.00244453,-0.01366420,-0.03768385,0.02497532,-0.11555826,0.26054453,-0.07992059,0.06048927,-0.03736931,-0.00252985,0.20770138
5.660000,0.17224909,0.03511009,1.14024308,0.16964417,1.49029837,-0.03244559,-0.16565916,-0.00324228,-0.01305897,-0.03805373,0.02494824,-0.11348160,0.26063887,-0.07961994,0.06055034,-0.03659729,-0.00288935,0.20760962
5.670000,0.17060553,0.03507369,1.14011552,0.16926182,1.49054770,-0.03357003,-0.16305285,-0.00403672,-0.01245332,-0.03841561,0.02491749,-0.11140646,0.26059933,-0.07925763,0.06057262,-0.03576807,-0.00326396,0.20739734
5.680000,0.16898803,0.03502937,1.13999402,0.16887589,1.49079671,-0.03467373,-0.16044761,-0.00482723,-0.01184764,-0.03876891,0.02488291,-0.10933405,0.26042776,-0.07883529,0.06055686,-0.03488383,-0.00365286,0.20706664
5.690000,0.16739657,0.03497716,1.13987857,0.16848647,1.49104535,-0.03575672,-0.15784473,-0.00561323,-0.01124231,-0.03911311,0.02484438,-0.10726552,0.26012602,-0.07835457,0.06050380,-0.03394677,-0.00405525,0.20661960
5.700000,0.16583113,0.03491712,1.13976917,0.16809366,1.49129358,-0.03681905,-0.15524552,-0.00639413,-0.01063769,-0.03944768,0.02480177,-0.10520204,0.25969595,-0.07781710,0.06041420,-0.03295909,-0.00447031,0.20605829
5.710000,0.16429165,0.03484930,1.13966581,0.16769755,1.49154137,-0.03786078,-0.15265124,-0.00716939,-0.01003414,-0.03977213,0.02475494,-0.10314473,0.25913943,-0.07722452,0.06028878,-0.03192297,-0.00489722,0.20538481
5.720000,0.16277808,0.03477375,1.13956848,0.16729825,1.49178866,-0.03888197,-0.15006314,-0.00793845,-0.00943203,-0.04008598,0.02470378,-0.10109471,0.25845829,-0.07657846,0.06012830,-0.03084060,-0.00533518,0.20460123
5.730000,0.16129036,0.03469055,1.13947716,0.16689587,1.49203543,-0.03988270,-0.14748248,-0.00870078,-0.00883169,-0.04038879,0.02464820,-0.09905306,0.25765440,-0.07588057,0.05993351,-0.02971420,-0.00578338,0.20370965
5.740000,0.15982840,0.03459976,1.13939184,0.16649052,1.49228161,-0.04086307,-0.14491046,-0.00945589,-0.00823347,-0.04068013,0.02458809,-0.09702087,0.25672962,-0.07513248,0.05970515,-0.02854593,-0.00624099,0.20271213
5.750000,0.15839212,0.03450146,1.13931249,0.16608231,1.49252717,-0.04182316,-0.14234828,-0.01020327,-0.00763770,-0.04095958,0.02452335,-0.09499917,0.25568579,-0.07433583,0.05944396,-0.02733801,-0.00670721,0.20161078
5.760000,0.15698140,0.03439572,1.13923908,0.16567137,1.49277206,-0.04276309,-0.13979713,-0.01094245,-0.00704470,-0.04122676,0.02445392,-0.09298899,0.25452477,-0.07349225,0.05915069,-0.02609261,-0.00718123,0.20040766
5.770000,0.15559614,0.03428264,1.13917158,0.16525781,1.49301624,-0.04368298,-0.13725817,-0.01167297,-0.00645479,-0.04148131,0.02437970,-0.09099135,0.25324841,-0.07260339,0.05882608,-0.02481195,-0.00766222,0.19910486
5.780000,0.15423619,0.03416229,1.13910997,0.16484178,1.49325964,-0.04458296,-0.13473254,-0.01239437,-0.00586828,-0.04172289,0.02430065,-0.08900722,0.25185858,-0.07167087,0.05847089,-0.02349820,-0.00814939,0.19770448
5.790000,0.15290144,0.03403478,1.13905420,0.16442340,1.49350223,-0.04546317,-0.13222137,-0.01310624,-0.00528547,-0.04195117,0.02421670,-0.08703757,0.25035712,-0.07069635,0.05808585,-0.02215356,-0.00864192,0.19620858
5.800000,0.15159171,0.03390020,1.13900425,0.16400280,1.49374396,-0.04632376,-0.12972577,-0.01380817,-0.00470666,-0.04216587,0.02412780,-0.08508336,0.24874590,-0.06968145,0.05767171,-0.02078023,-0.00913899,0.19461926
5.810000,0.15030687,0.03375865,1.13896006,0.16358013,1.49398477,-0.04716489,-0.12724681,-0.01449974,-0.00413213,-0.04236669,0.02403391,-0.08314549,0.24702676,-0.06862781,0.05722921,-0.01938039,-0.00963979,0.19293859
5.820000,0.14904672,0.03361024,1.13892159,0.16315552,1.49422462,-0.04798673,-0.12478559,-0.01518060,-0.00356217,-0.04255339,0.02393499,-0.08122488,0.24520157,-0.06753708,0.05675911,-0.01795625,-0.01014351,0.19116867
5.830000,0.14781109,0.03345508,1.13888880,0.16272911,1.49446346,-0.04878945,-0.12234313,-0.01585037,-0.00299704,-0.04272574,0.02383103,-0.07932241,0.24327216,-0.06641088,0.05626214,-0.01650999,-0.01064933,0.18931157
5.840000,0.14659979,0.03329327,1.13886163,0.16230105,1.49470122,-0.04957324,-0.11992048,-0.01650870,-0.00243701,-0.04288353,0.02372200,-0.07743894,0.24124042,-0.06525085,0.05573905,-0.01504380,-0.01115646,0.18736937
5.850000,0.14541261,0.03312494,1.13884004,0.16187149,1.49493788,-0.05033830,-0.11751866,-0.01715528,-0.00188234,-0.04302656,0.02360790,-0.07557530,0.23910817,-0.06405864,0.05519058,-0.01355989,-0.01166406,0.18534417
5.860000,0.14424934,0.03295021,1.13882397,0.16144057,1.49517337,-0.05108482,-0.11513865,-0.01778977,-0.00133328,-0.04315467,0.02348872,-0.07373232,0.23687729,-0.06283588,0.05461749,-0.01206044,-0.01217133,0.18323805
5.870000,0.14310976,0.03276919,1.13881335,0.16100845,1.49540764,-0.05181301,-0.11278143,-0.01841190,-0.00079007,-0.04326772,0.02336448,-0.07191080,0.23454963,-0.06158420,0.05402051,-0.01054765,-0.01267746,0.18105308
5.880000,0.14199364,0.03258201,1.13880814,0.16057527,1.49564064,-0.05252311,-0.11044797,-0.01902137,-0.00025295,-0.04336559,0.02323518,-0.07011152,0.23212703,-0.06030525,0.05340040,-0.00902371,-0.01318163,0.17879135
5.890000,0.14090072,0.03238881,1.13880827,0.16014118,1.49587232,-0.05321532,-0.10813920,-0.01961792,0.00027786,-0.04344817,0.02310085,-0.06833522,0.22961137,-0.05900066,0.05275789,-0.00749081,-0.01368303,0.17645494
5.900000,0.13983077,0.03218970,1.13881368,0.15970635,1.49610264,-0.05388989,-0.10585605,-0.02020130,0.00080214,-0.04351538,0.02296153,-0.06658266,0.22700448,-0.05767207,0.05209373,-0.00595115,-0.01418086,0.17404595
5.910000,0.13878351,0.03198482,1.13882429,0.15927093,1.49633154,-0.05454705,-0.10359941,-0.02077128,0.00131967,-0.04356717,0.02281725,-0.06485454,0.22430823,-0.05632111,0.05140867,-0.00440692,-0.01467428,0.17156645
5.920000,0.13775869,0.03177432,1.13884005,0.15883506,1.49655897,-0.05518706,-0.10137018,-0.02132765,0.00183024,-0.04360351,0.02266806,-0.06315156,0.22152448,-0.05494943,0.05070345,-0.00286032,-0.01516250,0.16901852
5.930000,0.13675601,0.03155832,1.13886088,0.15839891,1.49678488,-0.05581017,-0.09916921,-0.02187021,0.00233367,-0.04362438,0.02251402,-0.06147439,0.21865506,-0.05355866,0.04997882,-0.00131352,-0.01564471,0.16640425
5.940000,0.13577521,0.03133696,1.13888670,0.15796263,1.49700923,-0.05641664,-0.09699735,-0.02239877,0.00282976,-0.04362979,0.02235519,-0.05982369,0.21570185,-0.05215044,0.04923552,0.00023126,-0.01612008,0.16372572
5.950000,0.13481597,0.03111039,1.13891745,0.15752637,1.49723197,-0.05700674,-0.09485544,-0.02291317,0.00331832,-0.04361977,0.02219164,-0.05820008,0.21266670,-0.05072641,0.04847430,0.00177184,-0.01658780,0.16098502
5.960000,0.13387799,0.03087875,1.13895304,0.15709028,1.49745305,-0.05758073,-0.09274429,-0.02341325,0.00379919,-0.04359437,0.02202346,-0.05660419,0.20955146,-0.04928820,0.04769590,0.00330602,-0.01704707,0.15818423
5.970000,0.13296098,0.03064217,1.13899340,0.15665453,1.49767242,-0.05813891,-0.09066468,-0.02389889,0.00427218,-0.04355368,0.02185073,-0.05503659,0.20635799,-0.04783744,0.04690106,0.00483161,-0.01749707,0.15532543
5.980000,0.13206459,0.03040082,1.13903846,0.15621926,1.49789005,-0.05868156,-0.08861738,-0.02436996,0.00473715,-0.04349778,0.02167355,-0.05349787,0.20308813,-0.04637579,0.04609054,0.00634642,-0.01793699,0.15241071
5.990000,0.13118852,0.03015482,1.13908812,0.15578462,1.49810588,-0.05920897,-0.08660316,-0.02482637,0.00519394,-0.04342679,0.02149203,-0.05198856,0.19974375,-0.04490488,0.04526508,0.00784826,-0.01836601,0.14944214
6.000000,0.13033242,0.02990434,1.13914231,0.15535077,1.49831988,-0.05972143,-0.08462275,-0.02526803,0.00564241,-0.04334086,0.02130627,-0.05050920,0.19632671,-0.04342633,0.04442542,0.00933493,-0.01878332,0.14642182
6.010000,0.12949595,0.02964951,1.13920094,0.15491786,1.49853199,-0.06021926,-0.08267686,-0.02569488,0.00608241,-0.04324015,0.02111640,-0.04906029,0.19283885,-0.04194180,0.04357231,0.01080423,-0.01918812,0.14335183
6.020000,0.12867876,0.02939049,1.13926393,0.15448602,1.49874219,-0.06070274,-0.08076620,-0.02610686,0.00651381,-0.04312484,0.02092255,-0.04764232,0.18928203,-0.04045291,0.04270649,0.01225398,-0.01957958,0.14023424
6.030000,0.12788050,0.02912742,1.13933119,0.15405541,1.49895043,-0.06117221,-0.07889145,-0.02650393,0.00693650,-0.04299514,0.02072486,-0.04625575,0.18565811,-0.03896131,0.04182871,0.01368198,-0.01995690,0.13707115
6.040000,0.12710081,0.02886046,1.13940263,0.15362616,1.49915668,-0.06162796,-0.07705326,-0.02688608,0.00735035,-0.04285128,0.02052347,-0.04490104,0.18196894,-0.03746863,0.04093971,0.01508604,-0.02031926,0.13386463
6.050000,0.12633932,0.02858975,1.13947816,0.15319843,1.49936089,-0.06207033,-0.07525228,-0.02725330,0.00775526,-0.04269351,0.02031853,-0.04357860,0.17821638,-0.03597651,0.04004024,0.01646397,-0.02066585,0.13061678
6.060000,0.12559564,0.02831545,1.13955770,0.15277234,1.49956303,-0.06249964,-0.07348913,-0.02760562,0.00815112,-0.04252210,0.02011020,-0.04228884,0.17440228,-0.03448659,0.03913105,0.01781357,-0.02099585,0.12732967
6.070000,0.12486940,0.02803769,1.13964115,0.15234803,1.49976308,-0.06291622,-0.07176443,-0.02794305,0.00853785,-0.04233734,0.01989867,-0.04103213,0.17052850,-0.03300050,0.03821287,0.01913264,-0.02130846,0.12400538
6.080000,0.12416022,0.02775663,1.13972843,0.15192563,1.49996100,-0.06332040,-0.07007876,-0.02826564,0.00891535,-0.04213955,0.01968410,-0.03980884,0.16659689,-0.03151989,0.03728646,0.02041900,-0.02160287,0.12064601
6.090000,0.12346770,0.02747243,1.13981943,0.15150528,1.50015675,-0.06371251,-0.06843268,-0.02857347,0.00928355,-0.04192908,0.01946667,-0.03861932,0.16260930,-0.03004638,0.03635256,0.02167046,-0.02187825,0.11725363
6.100000,0.12279143,0.02718521,1.13991407,0.15108709,1.50035032,-0.06409290,-0.06682675,-0.02886660,0.00964238,-0.04170627,0.01924660,-0.03746387,0.15856760,-0.02858162,0.03541191,0.02288481,-0.02213380,0.11383032
6.110000,0.12213103,0.02689514,1.14001225,0.15067120,1.50054168,-0.06446190,-0.06526150,-0.02914514,0.00999177,-0.04147151,0.01902407,-0.03634281,0.15447363,-0.02712724,0.03446527,0.02405987,-0.02236870,0.11037818
6.120000,0.12148607,0.02660236,1.14011387,0.15025770,1.50073080,-0.06481987,-0.06373745,-0.02940919,0.01033167,-0.04122521,0.01879929,-0.03525640,0.15032925,-0.02568489,0.03351336,0.02519344,-0.02258215,0.10689928
6.130000,0.12085614,0.02630701,1.14021885,0.14984673,1.50091766,-0.06516715,-0.06225508,-0.02965888,0.01066202,-0.04096779,0.01857250,-0.03420491,0.14613632,-0.02425619,0.03255695,0.02628334,-0.02277332,0.10339571
6.140000,0.12024082,0.02600923,1.14032708,0.14943838,1.50110224,-0.06550409,-0.06081488,-0.02989436,0.01098279,-0.04069970,0.01834391,-0.03318856,0.14189670,-0.02284280,0.03159677,0.02732736,-0.02294141,0.09986956
6.150000,0.11963970,0.02570917,1.14043847,0.14903277,1.50128453,-0.06583104,-0.05941730,-0.03011579,0.01129395,-0.04042140,0.01811375,-0.03220758,0.13761223,-0.02144633,0.03063357,0.02832331,-0.02308560,0.09632289
6.160000,0.11905233,0.02540696,1.14055293,0.14862999,1.50146451,-0.06614836,-0.05806278,-0.03032335,0.01159546,-0.04013340,0.01788228,-0.03126217,0.13328477,-0.02006844,0.02966810,0.02926900,-0.02320509,0.09275781
6.170000,0.11847830,0.02510274,1.14067035,0.14823013,1.50164217,-0.06645640,-0.05675174,-0.03051723,0.01188731,-0.03983620,0.01764973,-0.03035248,0.12891618,-0.01871075,0.02870110,0.03016224,-0.02329905,0.08917638
6.180000,0.11791715,0.02479666,1.14079064,0.14783329,1.50181750,-0.06675552,-0.05548458,-0.03069764,0.01216948,-0.03953033,0.01741638,-0.02947868,0.12450830,-0.01737491,0.02773331,0.03100083,-0.02336668,0.08558070
6.190000,0.11736846,0.02448884,1.14091371,0.14743955,1.50199050,-0.06704609,-0.05426170,-0.03086480,0.01244197,-0.03921637,0.01718249,-0.02864091,0.12006301,-0.01606255,0.02676549,0.03178258,-0.02340717,0.08197285
6.200000,0.11683177,0.02417941,1.14103945,0.14704899,1.50216115,-0.06732846,-0.05308344,-0.03101897,0.01270479,-0.03889488,0.01694833,-0.02783926,0.11558215,-0.01477531,0.02579837,0.03250530,-0.02341969,0.07835491
6.210000,0.11630664,0.02386850,1.14116777,0.14666168,1.50232946,-0.06760300,-0.05195017,-0.03116040,0.01295794,-0.03856647,0.01671419,-0.02707384,0.11106757,-0.01351484,0.02483270,0.03316680,-0.02340344,0.07472897
6.220000,0.11579262,0.02355624,1.14129858,0.14627768,1.50249544,-0.06787006,-0.05086220,-0.03128936,0.01320145,-0.03823176,0.01648036,-0.02634470,0.10652114,-0.01228275,0.02386923,0.03376487,-0.02335761,0.07109711
6.230000,0.11528924,0.02324275,1.14143177,0.14589706,1.50265907,-0.06813001,-0.04981984,-0.03140615,0.01343534,-0.03789139,0.01624714,-0.02565191,0.10194471,-0.01108070,0.02290869,0.03429733,-0.02328138,0.06746140
6.240000,0.11479607,0.02292816,1.14156725,0.14551987,1.50282038,-0.06838322,-0.04882340,-0.03151108,0.01365964,-0.03754603,0.01601484,-0.02499548,0.09734012,-0.00991032,0.02195185,0.03476199,-0.02317394,0.06382395
6.250000,0.11431262,0.02261257,1.14170493,0.14514615,1.50297937,-0.06863004,-0.04787313,-0.03160447,0.01387439,-0.03719638,0.01578377,-0.02437543,0.09270924,-0.00877324,0.02099944,0.03515665,-0.02303448,0.06018682
6.260000,0.11383845,0.02229610,1.14184471,0.14477595,1.50313606,-0.06887085,-0.04696929,-0.03168666,0.01407964,-0.03684314,0.01555426,-0.02379174,0.08805393,-0.00767112,0.02005220,0.03547911,-0.02286219,0.05655210
6.270000,0.11337308,0.02197887,1.14198649,0.14440930,1.50329047,-0.06910600,-0.04611212,-0.03175802,0.01427545,-0.03648705,0.01532664,-0.02324437,0.08337603,-0.00660557,0.01911089,0.03572719,-0.02265624,0.05292189
6.280000,0.11291605,0.02166098,1.14213018,0.14404622,1.50344260,-0.06933586,-0.04530184,-0.03181890,0.01446188,-0.03612885,0.01510125,-0.02273328,0.07867740,-0.00557824,0.01817624,0.03589870,-0.02241584,0.04929825
6.290000,0.11246689,0.02134253,1.14227570,0.14368673,1.50359250,-0.06956079,-0.04453864,-0.03186971,0.01463900,-0.03576934,0.01487844,-0.02225838,0.07395990,-0.00459077,0.01724900,0.03599143,-0.02214017,0.04568327
6.300000,0.11202512,0.02102362,1.14242293,0.14333084,1.50374018,-0.06978115,-0.04382270,-0.03191086,0.01480689,-0.03540929,0.01465857,-0.02181957,0.06922538,-0.00364479,0.01632993,0.03600319,-0.02182841,0.04207904
6.310000,0.11159028,0.02070434,1.14257180,0.14297854,1.50388568,-0.06999730,-0.04315418,-0.03194275,0.01496563,-0.03504955,0.01444199,-0.02141675,0.06447570,-0.00274195,0.01541975,0.03593180,-0.02147975,0.03848764
6.320000,0.11116188,0.02038479,1.14272222,0.14262984,1.50402903,-0.07020960,-0.04253323,-0.03196584,0.01511532,-0.03469094,0.01422910,-0.02104977,0.05971271,-0.00188387,0.01451922,0.03577506,-0.02109338,0.03491116
6.330000,0.11073945,0.02006505,1.14287408,0.14228472,1.50417028,-0.07041841,-0.04195997,-0.03198059,0.01525605,-0.03433434,0.01402025,-0.02071847,0.05493827,-0.00107220,0.01362909,0.03553077,-0.02066849,0.03135167
6.340000,0.11032252,0.01974521,1.14302731,0.14194314,1.50430945,-0.07062409,-0.04143450,-0.03198745,0.01538794,-0.03398063,0.01381586,-0.02042267,0.05015423,-0.00030858,0.01275009,0.03519674,-0.02020426,0.02781126
6.350000,0.10991060,0.01942533,1.14318181,0.14160509,1.50444661,-0.07082698,-0.04095691,-0.03198692,0.01551109,-0.03363071,0.01361630,-0.02016218,0.04536245,0.00040537,0.01188298,0.03477079,-0.01969989,0.02429201
6.360000,0.10950322,0.01910549,1.14333750,0.14127051,1.50458180,-0.07102745,-0.04052727,-0.03197951,0.01562564,-0.03328553,0.01342200,-0.01993676,0.04056477,0.00106799,0.01102849,0.03425071,-0.01915455,0.02079602
6.370000,0.10909990,0.01878576,1.14349429,0.14093936,1.50471507,-0.07122583,-0.04014563,-0.03196574,0.01573171,-0.03294602,0.01323335,-0.01974617,0.03576307,0.00167766,0.01018738,0.03363431,-0.01856744,0.01732535
6.380000,0.10870015,0.01846620,1.14365211,0.14061157,1.50484648,-0.07142249,-0.03981201,-0.03194614,0.01582943,-0.03261317,0.01305079,-0.01959016,0.03095919,0.00223274,0.00936039,0.03291940,-0.01793775,0.01388209
6.390000,0.10830350,0.01814685,1.14381086,0.14028707,1.50497611,-0.07161775,-0.03952644,-0.03192127,0.01591896,-0.03228797,0.01287474,-0.01946843,0.02615498,0.00273158,0.00854826,0.03210379,-0.01726466,0.01046834
6.400000,0.10790946,0.01782779,1.14397046,0.13996578,1.50510400,-0.07181197,-0.03928891,-0.03189170,0.01600045,-0.03197143,0.01270564,-0.01938069,0.02135231,0.00317256,0.00775174,0.03118528,-0.01654735,0.00708616
6.410000,0.10751756,0.01750903,1.14413084,0.13964761,1.50523024,-0.07200548,-0.03909939,-0.03185802,0.01607405,-0.03166461,0.01254394,-0.01932660,0.01655302,0.00355403,0.00697157,0.03016168,-0.01578503,0.00373765
6.420000,0.10712731,0.01719064,1.14429191,0.13933246,1.50535491,-0.07219861,-0.03895783,-0.03182083,0.01613994,-0.03136856,0.01239010,-0.01930581,0.01175897,0.00387436,0.00620850,0.02903080,-0.01497686,0.00042489
6.430000,0.10673824,0.01687263,1.14445361,0.13902020,1.50547807,-0.07239170,-0.03886418,-0.03178074,0.01619828,-0.03108436,0.01224456,-0.01931797,0.00697203,0.00413191,0.00546328,0.02779044,-0.01412205,-0.00285004
6.440000,0.10634987,0.01655503,1.14461586,0.13871072,1.50559983,-0.07258508,-0.03881836,-0.03173840,0.01624927,-0.03081312,0.01210781,-0.01936268,0.00219403,0.00432504,0.00473665,0.02643841,-0.01321978,-0.00608505
6.450000,0.10596172,0.01623786,1.14477857,0.13840389,1.50572026,-0.07277907,-0.03882027,-0.03169446,0.01629308,-0.03055597,0.01198033,-0.01943953,-0.00257316,0.00445212,0.00402935,0.02497252,-0.01226923,-0.00927807
6.460000,0.10557331,0.01592114,1.14494169,0.13809955,1.50583947,-0.07297398,-0.03886978,-0.03164959,0.01632992,-0.03031406,0.01186259,-0.01954810,-0.00732768,0.00451150,0.00334213,0.02339058,-0.01126960,-0.01242701
6.470000,0.10518416,0.01560487,1.14510515,0.13779756,1.50595755,-0.07317013,-0.03896677,-0.03160446,0.01635999,-0.03008855,0.01175510,-0.01968792,-0.01206769,0.00450156,0.00267573,0.02169038,-0.01022006,-0.01552978
6.480000,0.10479381,0.01528905,1.14526887,0.13749772,1.50607461,-0.07336784,-0.03911108,-0.03155979,0.01638351,-0.02988065,0.01165836,-0.01985853,-0.01679133,0.00442065,0.00203091,0.01986974,-0.00911982,-0.01858430
6.490000,0.10440178,0.01497367,1.14543280,0.13719988,1.50619075,-0.07356740,-0.03930254,-0.03151629,0.01640068,-0.02969157,0.01157288,-0.02005944,-0.02149675,0.00426717,0.00140839,0.01792655,-0.00796808,-0.02158852
6.500000,0.10400760,0.01465872,1.14559687,0.13690383,1.50630610,-0.07376913,-0.03954095,-0.03147469,0.01641175,-0.02952253,0.01149917,-0.02029013,-0.02618229,0.00404096,0.00080858,0.01586141,-0.00676526,-0.02454134
6.510000,0.10361081,0.01434417,1.14576101,0.13660936,1.50642078,-0.07397330,-0.03982611,-0.03143571,0.01641693,-0.02937473,0.01143774,-0.02055009,-0.03084656,0.00374359,0.00023147,0.01367831,-0.00551323,-0.02744286
6.520000,0.10321093,0.01403000,1.14592518,0.13631626,1.50653490,-0.07418022,-0.04015780,-0.03140005,0.01641645,-0.02924934,0.01138906,-0.02083882,-0.03548815,0.00337677,-0.00032298,0.01138145,-0.00421396,-0.03029325
6.530000,0.10280750,0.01371616,1.14608932,0.13602429,1.50664860,-0.07439017,-0.04053579,-0.03136840,0.01641055,-0.02914747,0.01135361,-0.02115579,-0.04010569,0.00294219,-0.00085481,0.00897502,-0.00286940,-0.03309267
6.540000,0.10240006,0.01340261,1.14625338,0.13573323,1.50676202,-0.07460343,-0.04095983,-0.03134143,0.01639943,-0.02907019,0.01133182,-0.02150050,-0.04469778,0.00244153,-0.00136404,0.00646322,-0.00148151,-0.03584131
6.550000,0.10198815,0.01308931,1.14641730,0.13544280,1.50687528,-0.07482027,-0.04142966,-0.03131978,0.01638334,-0.02901854,0.01132412,-0.02187245,-0.04926302,0.00187651,-0.00185072,0.00385024,-0.00005227,-0.03853933
6.560000,0.10157131,0.01277620,1.14658103,0.13515277,1.50698855,-0.07504097,-0.04194500,-0.03130410,0.01636249,-0.02899351,0.01133090,-0.02227112,-0.05380003,0.00124881,-0.00231488,0.00114027,0.00141637,-0.04118689
6.570000,0.10114910,0.01246321,1.14674453,0.13486284,1.50710195,-0.07526578,-0.04250556,-0.03129501,0.01633712,-0.02899605,0.01135257,-0.02269602,-0.05830742,0.00056012,-0.00275655,-0.00166248,0.00292243,-0.04378418
6.580000,0.10072105,0.01215027,1.14690776,0.13457275,1.50721565,-0.07549498,-0.04311104,-0.03129310,0.01630744,-0.02902706,0.01138947,-0.02314664,-0.06278380,-0.00018786,-0.00317578,-0.00455383,0.00446397,-0.04633136
6.590000,0.10028673,0.01183732,1.14707067,0.13428220,1.50732979,-0.07572880,-0.04376113,-0.03129896,0.01627368,-0.02908740,0.01144196,-0.02362248,-0.06722777,-0.00099343,-0.00357259,-0.00752958,0.00603901,-0.04882860
6.600000,0.09984568,0.01152426,1.14723322,0.13399090,1.50744454,-0.07596751,-0.04445549,-0.03131315,0.01623606,-0.02917791,0.01151036,-0.02412304,-0.07163795,-0.00185490,-0.00394702,-0.01058553,0.00764560,-0.05127607
6.610000,0.09939747,0.01121103,1.14739538,0.13369854,1.50756005,-0.07621134,-0.04519377,-0.03133624,0.01619481,-0.02929937,0.01159497,-0.02464783,-0.07601294,-0.00277058,-0.00429912,-0.01371749,0.00928176,-0.05367394
6.620000,0.09894166,0.01089751,1.14755710,0.13340481,1.50767650,-0.07646054,-0.04597562,-0.03136874,0.01615015,-0.02945250,0.01169608,-0.02519636,-0.08035136,-0.00373877,-0.00462890,-0.01692126,0.01094554,-0.05602238
6.630000,0.09847782,0.01058362,1.14771837,0.13310938,1.50779403,-0.07671535,-0.04680067,-0.03141118,0.01610231,-0.02963802,0.01181397,-0.02576812,-0.08465181,-0.00475777,-0.00493642,-0.02019266,0.01263498,-0.05832157
6.640000,0.09800551,0.01026925,1.14787914,0.13281194,1.50791283,-0.07697598,-0.04766853,-0.03146406,0.01605150,-0.02985657,0.01194886,-0.02636262,-0.08891290,-0.00582590,-0.00522170,-0.02352748,0.01434810,-0.06057167
6.650000,0.09752430,0.00995430,1.14803939,0.13251214,1.50803307,-0.07724267,-0.04857879,-0.03152786,0.01599795,-0.03010877,0.01210100,-0.02697939,-0.09313324,-0.00694146,-0.00548478,-0.02692153,0.01608295,-0.06277285
6.660000,0.09703379,0.00963866,1.14819909,0.13220965,1.50815491,-0.07751564,-0.04953105,-0.03160304,0.01594188,-0.03039518,0.01227059,-0.02761792,-0.09731144,-0.00810274,-0.00572570,-0.03037062,0.01783757,-0.06492528
6.670000,0.09653354,0.00932220,1.14835822,0.13190412,1.50827854,-0.07779510,-0.05052488,-0.03169006,0.01588351,-0.03071635,0.01245781,-0.02827773,-0.10144612,-0.00930807,-0.00594449,-0.03387054,0.01960998,-0.06702913
6.680000,0.09602315,0.00900481,1.14851675,0.13159520,1.50840413,-0.07808127,-0.05155983,-0.03178934,0.01582306,-0.03107275,0.01266284,-0.02895834,-0.10553587,-0.01055574,-0.00614119,-0.03741712,0.02139823,-0.06908458
6.690000,0.09550221,0.00868637,1.14867467,0.13128255,1.50853185,-0.07837434,-0.05263544,-0.03190131,0.01576076,-0.03146483,0.01288582,-0.02965926,-0.10957931,-0.01184406,-0.00631582,-0.04100614,0.02320036,-0.07109179
6.700000,0.09497031,0.00836674,1.14883196,0.13096579,1.50866190,-0.07867452,-0.05375125,-0.03202636,0.01569682,-0.03189300,0.01312689,-0.03038002,-0.11357505,-0.01317133,-0.00646844,-0.04463342,0.02501439,-0.07305094
6.710000,0.09442705,0.00804580,1.14898861,0.13064457,1.50879445,-0.07898200,-0.05490678,-0.03216486,0.01563146,-0.03235761,0.01338614,-0.03112012,-0.11752169,-0.01453587,-0.00659907,-0.04829476,0.02683838,-0.07496219
6.720000,0.09387205,0.00772340,1.14914459,0.13031851,1.50892969,-0.07929698,-0.05610152,-0.03231719,0.01556491,-0.03285899,0.01366368,-0.03187910,-0.12141785,-0.01593597,-0.00670775,-0.05198597,0.02867035,-0.07682571
6.730000,0.09330490,0.00739941,1.14929990,0.12998726,1.50906779,-0.07961965,-0.05733496,-0.03248369,0.01549738,-0.03339742,0.01395957,-0.03265648,-0.12526214,-0.01736994,-0.00679452,-0.05570285,0.03050834,-0.07864168
6.740000,0.09272522,0.00707368,1.14945453,0.12965044,1.50920894,-0.07995017,-0.05860658,-0.03266470,0.01542909,-0.03397312,0.01427386,-0.03345178,-0.12905316,-0.01883608,-0.00685940,-0.05944121,0.03235039,-0.08041027
6.750000,0.09213264,0.00674606,1.14960848,0.12930767,1.50935333,-0.08028874,-0.05991584,-0.03286052,0.01536026,-0.03458630,0.01460658,-0.03426452,-0.13278953,-0.02033271,-0.00690245,-0.06319684,0.03419453,-0.08213163
6.760000,0.09152678,0.00641642,1.14976174,0.12895859,1.50950113,-0.08063552,-0.06126219,-0.03307145,0.01529112,-0.03523710,0.01495775,-0.03509425,-0.13646985,-0.02185813,-0.00692368,-0.06696557,0.03603881,-0.08380596
6.770000,0.09090727,0.00608458,1.14991430,0.12860281,1.50965254,-0.08099068,-0.06264505,-0.03329777,0.01522186,-0.03592564,0.01532735,-0.03594049,-0.14009273,-0.02341064,-0.00692314,-0.07074319,0.03788125,-0.08543341
6.780000,0.09027376,0.00575041,1.15006617,0.12823995,1.50980774,-0.08135438,-0.06406385,-0.03353975,0.01515273,-0.03665198,0.01571536,-0.03680276,-0.14365679,-0.02498854,-0.00690087,-0.07452550,0.03971990,-0.08701415
6.790000,0.08962588,0.00541374,1.15021736,0.12786964,1.50996691,-0.08172679,-0.06551798,-0.03379762,0.01508392,-0.03741615,0.01612173,-0.03768062,-0.14716063,-0.02659015,-0.00685689,-0.07830832,0.04155279,-0.08854836
6.800000,0.08896328,0.00507440,1.15036786,0.12749150,1.51013024,-0.08210805,-0.06700685,-0.03407162,0.01501566,-0.03821814,0.01654639,-0.03857358,-0.15060285,-0.02821377,-0.00679125,-0.08208745,0.04337796,-0.09003621
6.810000,0.08828563,0.00473225,1.15051767,0.12710515,1.51029790,-0.08249831,-0.06852983,-0.03436196,0.01494817,-0.03905788,0.01698926,-0.03948119,-0.15398208,-0.02985770,-0.00670397,-0.08585869,0.04519345,-0.09147786
6.820000,0.08759257,0.00438711,1.15066682,0.12671022,1.51047008,-0.08289772,-0.07008628,-0.03466884,0.01488165,-0.03993527,0.01745022,-0.04040298,-0.15729691,-0.03152026,-0.00659511,-0.08961784,0.04699729,-0.09287349
6.830000,0.08688379,0.00403882,1.15081531,0.12630632,1.51064696,-0.08330641,-0.07167555,-0.03499242,0.01481634,-0.04085018,0.01792916,-0.04133850,-0.16054597,-0.03319974,-0.00646468,-0.09336072,0.04878752,-0.09422327
6.840000,0.08615896,0.00368720,1.15096315,0.12589309,1.51082872,-0.08372453,-0.07329698,-0.03533288,0.01475243,-0.04180242,0.01842592,-0.04228729,-0.16372785,-0.03489444,-0.00631273,-0.09708313,0.05056218,-0.09552736
6.850000,0.08541775,0.00333210,1.15111036,0.12547015,1.51101554,-0.08415220,-0.07494988,-0.03569036,0.01469015,-0.04279176,0.01894035,-0.04324890,-0.16684117,-0.03660269,-0.00613929,-0.10078088,0.05231930,-0.09678595
6.860000,0.08465986,0.00297334,1.15125696,0.12503713,1.51120759,-0.08458955,-0.07663357,-0.03606498,0.01462972,-0.04381794,0.01947224,-0.04422286,-0.16988453,-0.03832278,-0.00594440,-0.10444976,0.05405693,-0.09799919
6.870000,0.08388498,0.00261075,1.15140297,0.12459367,1.51140504,-0.08503670,-0.07834733,-0.03645685,0.01457134,-0.04488064,0.02002141,-0.04520873,-0.17285655,-0.04005301,-0.00572809,-0.10808558,0.05577308,-0.09916725
6.880000,0.08309281,0.00224415,1.15154840,0.12413940,1.51160807,-0.08549376,-0.08009046,-0.03686606,0.01451523,-0.04597952,0.02058763,-0.04620606,-0.17575584,-0.04179170,-0.00549040,-0.11168416,0.05746582,-0.10029032
6.890000,0.08228307,0.00187337,1.15169328,0.12367396,1.51181685,-0.08596086,-0.08186220,-0.03729270,0.01446160,-0.04711419,0.02117064,-0.04721439,-0.17858099,-0.04353714,-0.00523137,-0.11524129,0.05913316,-0.10136855
6.900000,0.08145547,0.00149823,1.15183764,0.12319700,1.51203154,-0.08643809,-0.08366182,-0.03773682,0.01441067,-0.04828420,0.02177020,-0.04823328,-0.18133064,-0.04528765,-0.00495102,-0.11875278,0.06077315,-0.10240213
6.910000,0.08060974,0.00111857,1.15198150,0.12270816,1.51225231,-0.08692555,-0.08548856,-0.03819847,0.01436265,-0.04948908,0.02238601,-0.04926228,-0.18400337,-0.04704152,-0.00464940,-0.12221443,0.06238383,-0.10339121
6.920000,0.07974562,0.00073420,1.15212490,0.12220710,1.51247932,-0.08742336,-0.08734163,-0.03867766,0.01431775,-0.05072831,0.02301777,-0.05030096,-0.18659781,-0.04879707,-0.00432654,-0.12562206,0.06396323,-0.10433597
6.930000,0.07886283,0.00034496,1.15226787,0.12169348,1.51271272,-0.08793160,-0.08922025,-0.03917441,0.01427619,-0.05200132,0.02366516,-0.05134885,-0.18911255,-0.05055260,-0.00398248,-0.12897146,0.06550938,-0.10523658
6.940000,0.07796113,-0.00004934,1.15241044,0.12116696,1.51295267,-0.08845037,-0.09112361,-0.03968871,0.01423817,-0.05330753,0.02432784,-0.05240554,-0.19154622,-0.05230642,-0.00361725,-0.13225844,0.06702033,-0.10609321
6.950000,0.07704027,-0.00044887,1.15255264,0.12062722,1.51319932,-0.08897974,-0.09305090,-0.04022053,0.01420392,-0.05464627,0.02500545,-0.05347057,-0.19389742,-0.05405682,-0.00323089,-0.13547880,0.06849412,-0.10690604
6.960000,0.07610003,-0.00085381,1.15269453,0.12007393,1.51345283,-0.08951981,-0.09500128,-0.04076983,0.01417363,-0.05601687,0.02569759,-0.05454352,-0.19616475,-0.05580212,-0.00282343,-0.13862836,0.06992877,-0.10767522
6.970000,0.07514018,-0.00126433,1.15283613,0.11950678,1.51371332,-0.09007064,-0.09697391,-0.04133655,0.01414752,-0.05741859,0.02640388,-0.05562393,-0.19834684,-0.05754062,-0.00239491,-0.14170291,0.07132233,-0.10840093
6.980000,0.07416048,-0.00168060,1.15297749,0.11892546,1.51398095,-0.09063231,-0.09896793,-0.04192061,0.01412580,-0.05885066,0.02712390,-0.05671139,-0.20044228,-0.05927063,-0.00194537,-0.14469826,0.07267283,-0.10908334
6.990000,0.07316075,-0.00210280,1.15311866,0.11832967,1.51425585,-0.09120489,-0.10098246,-0.04252193,0.01410868,-0.06031228,0.02785719,-0.05780546,-0.20244969,-0.06099045,-0.00147483,-0.14761022,0.07397831,-0.10972263
7.000000,0.07214077,-0.00253110,1.15325968,0.11771912,1.51453814,-0.09178844,-0.10301662,-0.04314038,0.01409637,-0.06180257,0.02860331,-0.05890570,-0.20436767,-0.06269839,-0.00098335,-0.15043459,0.07523680,-0.11031895
7.010000,0.07110035,-0.00296566,1.15340061,0.11709352,1.51482795,-0.09238302,-0.10506951,-0.04377585,0.01408908,-0.06332066,0.02936176,-0.06001169,-0.20619484,-0.06439275,-0.00047094,-0.15316718,0.07644635,-0.11087249
7.020000,0.07003932,-0.00340667,1.15354148,0.11645262,1.51512541,-0.09298869,-0.10714021,-0.04442818,0.01408702,-0.06486560,0.03013206,-0.06112301,-0.20792980,-0.06607184,0.00006235,-0.15580379,0.07760499,-0.11138341
7.030000,0.06895749,-0.00385428,1.15368236,0.11579613,1.51543063,-0.09360550,-0.10922780,-0.04509723,0.01409040,-0.06643640,0.03091369,-0.06223922,-0.20957117,-0.06773397,0.00061649,-0.15834022,0.07871075,-0.11185188
7.040000,0.06785471,-0.00430867,1.15382331,0.11512380,1.51574372,-0.09423349,-0.11133132,-0.04578280,0.01409942,-0.06803205,0.03170610,-0.06335990,-0.21111755,-0.06937743,0.00119144,-0.16077229,0.07976168,-0.11227807
7.050000,0.06673082,-0.00476999,1.15396437,0.11443541,1.51606479,-0.09487271,-0.11344983,-0.04648471,0.01411430,-0.06965149,0.03250873,-0.06448464,-0.21256755,-0.07100054,0.00178717,-0.16309579,0.08075581,-0.11266216
7.060000,0.06558567,-0.00523842,1.15410561,0.11373070,1.51639393,-0.09552320,-0.11558234,-0.04720274,0.01413523,-0.07129359,0.03332102,-0.06561301,-0.21391979,-0.07260160,0.00240363,-0.16530654,0.08169118,-0.11300431
7.070000,0.06441913,-0.00571410,1.15424710,0.11300946,1.51673124,-0.09618498,-0.11772789,-0.04793666,0.01416244,-0.07295723,0.03414235,-0.06674459,-0.21517286,-0.07417891,0.00304081,-0.16740034,0.08256582,-0.11330469
7.080000,0.06323107,-0.00619720,1.15438889,0.11227149,1.51707680,-0.09685810,-0.11988547,-0.04868623,0.01419612,-0.07464120,0.03497212,-0.06787896,-0.21632539,-0.07573078,0.00369865,-0.16937298,0.08337777,-0.11356348
7.090000,0.06202138,-0.00668788,1.15453104,0.11151657,1.51743071,-0.09754257,-0.12205406,-0.04945119,0.01423648,-0.07634427,0.03580969,-0.06901572,-0.21737597,-0.07725553,0.00437713,-0.17122029,0.08412507,-0.11378084
7.100000,0.06078995,-0.00718628,1.15467364,0.11074454,1.51779302,-0.09823842,-0.12423264,-0.05023125,0.01428373,-0.07806517,0.03665440,-0.07015444,-0.21832323,-0.07875144,0.00507620,-0.17293806,0.08480575,-0.11395694
7.110000,0.05953670,-0.00769255,1.15481674,0.10995522,1.51816382,-0.09894566,-0.12642017,-0.05102611,0.01433807,-0.07980259,0.03750558,-0.07129472,-0.21916576,-0.08021683,0.00579584,-0.17452209,0.08541786,-0.11409196
7.120000,0.05826152,-0.00820685,1.15496042,0.10914844,1.51854315,-0.09966432,-0.12861560,-0.05183548,0.01439971,-0.08155515,0.03836253,-0.07243614,-0.21990217,-0.08165000,0.00653600,-0.17596820,0.08595942,-0.11418606
7.130000,0.05696436,-0.00872931,1.15510476,0.10832407,1.51893108,-0.10039439,-0.13081786,-0.05265900,0.01446886,-0.08332148,0.03922453,-0.07357831,-0.22053109,-0.08304926,0.00729666,-0.17727219,0.08642848,-0.11423941
7.140000,0.05564515,-0.00926007,1.15524983,0.10748197,1.51932766,-0.10113588,-0.13302586,-0.05349634,0.01454572,-0.08510011,0.04009085,-0.07472080,-0.22105111,-0.08441292,0.00807777,-0.17842987,0.08682307,-0.11425220
7.150000,0.05430383,-0.00979928,1.15539570,0.10662203,1.51973291,-0.10188880,-0.13523851,-0.05434713,0.01463048,-0.08688957,0.04096073,-0.07586321,-0.22146085,-0.08573927,0.00887931,-0.17943703,0.08714123,-0.11422457
7.160000,0.05294037,-0.01034706,1.15554246,0.10574415,1.52014688,-0.10265315,-0.13745471,-0.05521100,0.01472337,-0.08868833,0.04183341,-0.07700515,-0.22175891,-0.08702663,0.00970123,-0.18028948,0.08738100,-0.11415671
7.170000,0.05155473,-0.01090354,1.15569020,0.10484824,1.52056959,-0.10342890,-0.13967332,-0.05608753,0.01482458,-0.09049483,0.04270808,-0.07814622,-0.22194390,-0.08827330,0.01054349,-0.18098304,0.08754041,-0.11404879
7.180000,0.05014690,-0.01146885,1.15583898,0.10393423,1.52100105,-0.10421607,-0.14189320,-0.05697632,0.01493431,-0.09230745,0.04358394,-0.07928600,-0.22201443,-0.08947758,0.01140608,-0.18151350,0.08761749,-0.11390097
7.190000,0.04871686,-0.01204311,1.15598891,0.10300207,1.52144127,-0.10501462,-0.14411322,-0.05787694,0.01505277,-0.09412454,0.04446015,-0.08042410,-0.22196912,-0.09063779,0.01228894,-0.18187667,0.08761030,-0.11371343
7.200000,0.04726463,-0.01262643,1.15614007,0.10205173,1.52189025,-0.10582454,-0.14633219,-0.05878893,0.01518015,-0.09594441,0.04533586,-0.08156013,-0.22180657,-0.09175222,0.01319204,-0.18206835,0.08751685,-0.11348634
7.210000,0.04579023,-0.01321892,1.15629254,0.10108318,1.52234798,-0.10664581,-0.14854895,-0.05971182,0.01531667,-0.09776533,0.04621020,-0.08269370,-0.22152539,-0.09281918,0.01411535,-0.18208435,0.08733520,-0.11321986
7.220000,0.04429367,-0.01382070,1.15644643,0.10009643,1.52281444,-0.10747840,-0.15076230,-0.06064515,0.01546253,-0.09958550,0.04708227,-0.08382440,-0.22112419,-0.09383698,0.01505883,-0.18192048,0.08706337,-0.11291417
7.230000,0.04277500,-0.01443186,1.15660183,0.09909148,1.52328962,-0.10832229,-0.15297103,-0.06158839,0.01561792,-0.10140312,0.04795116,-0.08495185,-0.22060158,-0.09480392,0.01602245,-0.18157254,0.08669941,-0.11256944
7.240000,0.04123427,-0.01505250,1.15675882,0.09806838,1.52377345,-0.10917743,-0.15517392,-0.06254105,0.01578304,-0.10321632,0.04881594,-0.08607566,-0.21995617,-0.09571831,0.01700617,-0.18103634,0.08624135,-0.11218584
7.250000,0.03967154,-0.01568271,1.15691752,0.09702717,1.52426592,-0.11004379,-0.15736974,-0.06350258,0.01595811,-0.10502321,0.04967566,-0.08719544,-0.21918656,-0.09657846,0.01800995,-0.18030767,0.08568722,-0.11176353
7.260000,0.03808690,-0.01632258,1.15707802,0.09596794,1.52476695,-0.11092132,-0.15955724,-0.06447243,0.01614331,-0.10682182,0.05052936,-0.08831080,-0.21829138,-0.09738266,0.01903376,-0.17938236,0.08503507,-0.11130269
7.270000,0.03648043,-0.01697218,1.15724042,0.09489077,1.52527648,-0.11180999,-0.16173515,-0.06545004,0.01633885,-0.10861018,0.05137603,-0.08942136,-0.21726921,-0.09812922,0.02007756,-0.17825619,0.08428293,-0.11080349
7.280000,0.03485223,-0.01763160,1.15740483,0.09379578,1.52579444,-0.11270973,-0.16390219,-0.06643482,0.01654493,-0.11038626,0.05221468,-0.09052674,-0.21611869,-0.09881646,0.02114133,-0.17692498,0.08342884,-0.11026609
7.290000,0.03320243,-0.01830090,1.15757136,0.09268309,1.52632074,-0.11362051,-0.16605709,-0.06742616,0.01676174,-0.11214799,0.05304426,-0.09162656,-0.21483841,-0.09944267,0.02222501,-0.17538453,0.08247083,-0.10969068
7.300000,0.03153114,-0.01898014,1.15774010,0.09155287,1.52685529,-0.11454225,-0.16819852,-0.06842346,0.01698949,-0.11389324,0.05386374,-0.09272043,-0.21342698,-0.10000616,0.02332859,-0.17363064,0.08140694,-0.10907741
7.310000,0.02983850,-0.01966939,1.15791118,0.09040529,1.52739798,-0.11547489,-0.17032519,-0.06942607,0.01722838,-0.11561987,0.05467204,-0.09380798,-0.21188302,-0.10050524,0.02445201,-0.17165913,0.08023521,-0.10842647
7.320000,0.02812469,-0.02036868,1.15808471,0.08924055,1.52794869,-0.11641838,-0.17243574,-0.07043335,0.01747860,-0.11732569,0.05546808,-0.09488884,-0.21020512,-0.10093821,0.02559525,-0.16946580,0.07895368,-0.10773801
7.330000,0.02638985,-0.02107807,1.15826079,0.08805885,1.52850730,-0.11737265,-0.17452884,-0.07144461,0.01774035,-0.11900844,0.05625074,-0.09596262,-0.20839192,-0.10130338,0.02675827,-0.16704645,0.07756038,-0.10701221
7.340000,0.02463417,-0.02179758,1.15843955,0.08686046,1.52907366,-0.11833761,-0.17660312,-0.07245918,0.01801383,-0.12066585,0.05701891,-0.09702896,-0.20644200,-0.10159904,0.02794104,-0.16439688,0.07605335,-0.10624925
7.350000,0.02285785,-0.02252726,1.15862111,0.08564563,1.52964762,-0.11931320,-0.17865722,-0.07347636,0.01829924,-0.12229559,0.05777142,-0.09808748,-0.20435398,-0.10182352,0.02914351,-0.16151291,0.07443062,-0.10544928
7.360000,0.02106110,-0.02326712,1.15880558,0.08441465,1.53022903,-0.12029933,-0.18068974,-0.07449541,0.01859677,-0.12389531,0.05850713,-0.09913782,-0.20212647,-0.10197511,0.03036566,-0.15839033,0.07269024,-0.10461248
7.370000,0.01924413,-0.02401717,1.15899309,0.08316783,1.53081771,-0.12129593,-0.18269928,-0.07551561,0.01890662,-0.12546259,0.05922483,-0.10017961,-0.19975808,-0.10205212,0.03160744,-0.15502496,0.07083023,-0.10373903
7.380000,0.01740719,-0.02477743,1.15918375,0.08190551,1.53141346,-0.12230289,-0.18468442,-0.07653620,0.01922898,-0.12699499,0.05992333,-0.10121248,-0.19724742,-0.10205285,0.03286883,-0.15141260,0.06884864,-0.10282909
7.390000,0.01555053,-0.02554789,1.15937771,0.08062806,1.53201611,-0.12332015,-0.18664375,-0.07755641,0.01956406,-0.12849000,0.06060139,-0.10223607,-0.19459310,-0.10197561,0.03414978,-0.14754904,0.06674351,-0.10188282
7.400000,0.01367441,-0.02632856,1.15957508,0.07933585,1.53262542,-0.12434758,-0.18857580,-0.07857544,0.01991204,-0.12994511,0.06125778,-0.10325001,-0.19179372,-0.10181870,0.03545027,-0.14343011,0.06451286,-0.10090041
7.410000,0.01177911,-0.02711940,1.15977599,0.07802930,1.53324118,-0.12538511,-0.19047913,-0.07959251,0.02027313,-0.13135774,0.06189122,-0.10425396,-0.18884790,-0.10158044,0.03677025,-0.13905160,0.06215474,-0.09988202
7.420000,0.00986493,-0.02792040,1.15998058,0.07670884,1.53386316,-0.12643263,-0.19235227,-0.08060678,0.02064751,-0.13272527,0.06250044,-0.10524754,-0.18575424,-0.10125912,0.03810969,-0.13440932,0.05966719,-0.09882782
7.430000,0.00793217,-0.02873152,1.16018899,0.07537495,1.53449111,-0.12749003,-0.19419372,-0.08161741,0.02103539,-0.13404503,0.06308413,-0.10623039,-0.18251136,-0.10085306,0.03946855,-0.12949908,0.05704823,-0.09773799
7.440000,0.00598116,-0.02955273,1.16040134,0.07402811,1.53512476,-0.12855720,-0.19600199,-0.08262355,0.02143695,-0.13531435,0.06364097,-0.10720218,-0.17911870,-0.10036099,0.04084604,-0.12432009,0.05429767,-0.09661236
7.450000,0.00401225,-0.03038397,1.16061777,0.07266884,1.53576383,-0.12963403,-0.19777560,-0.08362434,0.02185236,-0.13653057,0.06416966,-0.10816252,-0.17557833,-0.09978309,0.04223893,-0.11888233,0.05142076,-0.09544979
7.460000,0.00202577,-0.03122520,1.16083843,0.07129768,1.53640805,-0.13072041,-0.19951308,-0.08461893,0.02228176,-0.13769118,0.06466898,-0.10911104,-0.17189282,-0.09911978,0.04364353,-0.11319787,0.04842388,-0.09424889
7.470000,0.00002211,-0.03207633,1.16106346,0.06991521,1.53705711,-0.13181621,-0.20121298,-0.08560645,0.02272526,-0.13879375,0.06513776,-0.11004736,-0.16806477,-0.09837150,0.04505615,-0.10727879,0.04531337,-0.09300832
7.480000,-0.00199836,-0.03293730,1.16129298,0.06852201,1.53771070,-0.13292132,-0.20287391,-0.08658608,0.02318290,-0.13983601,0.06557489,-0.11097107,-0.16409675,-0.09753868,0.04647311,-0.10113716,0.04209560,-0.09172670
7.490000,-0.00403523,-0.03380802,1.16152716,0.06711870,1.53836850,-0.13403559,-0.20449446,-0.08755695,0.02365472,-0.14081579,0.06597934,-0.11188176,-0.15999135,-0.09662176,0.04789070,-0.09478505,0.03877691,-0.09040269
7.500000,-0.00608811,-0.03468841,1.16176613,0.06570591,1.53903018,-0.13515891,-0.20607328,-0.08851823,0.02414070,-0.14173105,0.06635011,-0.11277898,-0.15575114,-0.09562116,0.04930525,-0.08823454,0.03536366,-0.08903490
7.510000,-0.00815655,-0.03557835,1.16201002,0.06428430,1.53969539,-0.13629112,-0.20760904,-0.08946909,0.02464080,-0.14257986,0.06668632,-0.11366230,-0.15137872,-0.09453732,0.05071306,-0.08149771,0.03186222,-0.08762199
7.520000,-0.01024014,-0.03647775,1.16225899,0.06285454,1.54036378,-0.13743210,-0.20910043,-0.09040870,0.02515493,-0.14336042,0.06698709,-0.11453127,-0.14687666,-0.09337067,0.05211043,-0.07458663,0.02827893,-0.08616259
7.530000,-0.01233841,-0.03738648,1.16251317,0.06141732,1.54103501,-0.13858170,-0.21054615,-0.09133623,0.02568297,-0.14407105,0.06725164,-0.11538540,-0.14224755,-0.09212165,0.05349369,-0.06751337,0.02462015,-0.08465533
7.540000,-0.01445091,-0.03830443,1.16277269,0.05997336,1.54170869,-0.13973976,-0.21194496,-0.09225086,0.02622475,-0.14471019,0.06747926,-0.11622421,-0.13749396,-0.09079069,0.05485914,-0.06029001,0.02089223,-0.08309886
7.550000,-0.01657715,-0.03923146,1.16303771,0.05852336,1.54238447,-0.14090613,-0.21329562,-0.09315177,0.02678008,-0.14527639,0.06766928,-0.11704720,-0.13261849,-0.08937822,0.05620308,-0.05292862,0.01710154,-0.08149181
7.560000,-0.01871665,-0.04016742,1.16330834,0.05706808,1.54306195,-0.14208065,-0.21459693,-0.09403816,0.02734872,-0.14576834,0.06782110,-0.11785387,-0.12762371,-0.08788467,0.05752183,-0.04544128,0.01325443,-0.07983281
7.570000,-0.02086892,-0.04111217,1.16358472,0.05560825,1.54374076,-0.14326315,-0.21584771,-0.09490920,0.02793042,-0.14618484,0.06793420,-0.11864368,-0.12251221,-0.08631048,0.05881170,-0.03784006,0.00935725,-0.07812052
7.580000,-0.02303344,-0.04206555,1.16386699,0.05414463,1.54442051,-0.14445347,-0.21704680,-0.09576410,0.02852485,-0.14652480,0.06800810,-0.11941610,-0.11728656,-0.08465608,0.06006900,-0.03013704,0.00541636,-0.07635356
7.590000,-0.02520968,-0.04302739,1.16415526,0.05267801,1.54510079,-0.14565141,-0.21819307,-0.09660206,0.02913168,-0.14678728,0.06804240,-0.12017057,-0.11194935,-0.08292191,0.06129003,-0.02234429,0.00143811,-0.07453057
7.600000,-0.02739712,-0.04399753,1.16444966,0.05120915,1.54578122,-0.14685682,-0.21928542,-0.09742227,0.02975052,-0.14697143,0.06803676,-0.12090652,-0.10650317,-0.08110839,0.06247111,-0.01447389,-0.00257114,-0.07265019
7.610000,-0.02959520,-0.04497578,1.16475031,0.04973884,1.54646139,-0.14806948,-0.22032278,-0.09822396,0.03038095,-0.14707654,0.06799090,-0.12162338,-0.10095059,-0.07921596,0.06360854,-0.00653791,-0.00660502,-0.07071105
7.620000,-0.03180339,-0.04596195,1.16505732,0.04826788,1.54714090,-0.14928922,-0.22130409,-0.09900633,0.03102253,-0.14710201,0.06790460,-0.12232054,-0.09529420,-0.07724506,0.06469864,0.00145158,-0.01065720,-0.06871180
7.630000,-0.03402110,-0.04695584,1.16537080,0.04679707,1.54781935,-0.15051582,-0.22222832,-0.09976860,0.03167476,-0.14704737,0.06777771,-0.12299741,-0.08953658,-0.07519611,0.06573772,0.00948250,-0.01472131,-0.06665107
7.640000,-0.03624776,-0.04795725,1.16569085,0.04532721,1.54849632,-0.15174910,-0.22309449,-0.10050999,0.03233710,-0.14691226,0.06761015,-0.12365335,-0.08368032,-0.07306955,0.06672207,0.01754277,-0.01879099,-0.06452751
7.650000,-0.03848279,-0.04896596,1.16601757,0.04385909,1.54917142,-0.15298882,-0.22390161,-0.10122973,0.03300900,-0.14669646,0.06740190,-0.12428774,-0.07772799,-0.07086581,0.06764802,0.02562032,-0.02285990,-0.06233973
7.660000,-0.04072559,-0.04998177,1.16635106,0.04239355,1.54984422,-0.15423478,-0.22464874,-0.10192705,0.03368985,-0.14639984,0.06715298,-0.12489993,-0.07168217,-0.06858533,0.06851188,0.03370308,-0.02692167,-0.06008640
7.670000,-0.04297556,-0.05100443,1.16669140,0.04093137,1.55051434,-0.15548674,-0.22533495,-0.10260119,0.03437902,-0.14602242,0.06686351,-0.12548925,-0.06554546,-0.06622854,0.06930994,0.04177898,-0.03096994,-0.05776613
7.680000,-0.04523208,-0.05203371,1.16703867,0.03947337,1.55118136,-0.15674448,-0.22595935,-0.10325137,0.03507582,-0.14556432,0.06653365,-0.12605502,-0.05932042,-0.06379586,0.07003853,0.04983592,-0.03499838,-0.05537757
7.690000,-0.04749454,-0.05306937,1.16739294,0.03802035,1.55184488,-0.15800776,-0.22652107,-0.10387685,0.03577955,-0.14502580,0.06616363,-0.12659657,-0.05300965,-0.06128774,0.07069395,0.05786186,-0.03900060,-0.05291936
7.700000,-0.04976229,-0.05411116,1.16775428,0.03657312,1.55250450,-0.15927633,-0.22701927,-0.10447688,0.03648944,-0.14440723,0.06575374,-0.12711317,-0.04661573,-0.05870461,0.07127251,0.06584469,-0.04297027,-0.05039014
7.710000,-0.05203471,-0.05515882,1.16812274,0.03513247,1.55315982,-0.16054994,-0.22745312,-0.10505070,0.03720473,-0.14370909,0.06530435,-0.12760413,-0.04014124,-0.05604690,0.07177052,0.07377237,-0.04690103,-0.04778853
7.720000,-0.05431114,-0.05621209,1.16849839,0.03369920,1.55381046,-0.16182833,-0.22782183,-0.10559757,0.03792457,-0.14293201,0.06481587,-0.12806870,-0.03358876,-0.05331504,0.07218430,0.08163280,-0.05078652,-0.04511319
7.730000,-0.05659093,-0.05727068,1.16888125,0.03227409,1.55445601,-0.16311122,-0.22812464,-0.10611675,0.03864812,-0.14207670,0.06428879,-0.12850614,-0.02696087,-0.05050947,0.07251014,0.08941391,-0.05462038,-0.04236274
7.740000,-0.05887341,-0.05833433,1.16927136,0.03085792,1.55509611,-0.16439836,-0.22836081,-0.10660751,0.03937447,-0.14114403,0.06372366,-0.12891570,-0.02026016,-0.04763062,0.07274436,0.09710363,-0.05839626,-0.03953583
7.750000,-0.06115792,-0.05940274,1.16966874,0.02945146,1.55573036,-0.16568944,-0.22852961,-0.10706912,0.04010269,-0.14013497,0.06312108,-0.12929660,-0.01348921,-0.04467892,0.07288326,0.10468989,-0.06210780,-0.03663109
7.760000,-0.06344378,-0.06047561,1.17007341,0.02805547,1.55635840,-0.16698419,-0.22863037,-0.10750085,0.04083181,-0.13905062,0.06248174,-0.12964806,-0.00665060,-0.04165480,0.07292317,0.11216061,-0.06574865,-0.03364716
7.770000,-0.06573030,-0.06155265,1.17048538,0.02667070,1.55697988,-0.16828230,-0.22866241,-0.10790198,0.04156081,-0.13789219,0.06180637,-0.12996927,0.00025309,-0.03855871,0.07286039,0.11950371,-0.06931245,-0.03058267
7.780000,-0.06801679,-0.06263355,1.17090463,0.02529787,1.55759441,-0.16958347,-0.22862510,-0.10827179,0.04228866,-0.13666101,0.06109577,-0.13025944,0.00721927,-0.03539106,0.07269122,0.12670713,-0.07279284,-0.02743627
7.790000,-0.07030257,-0.06371798,1.17133114,0.02393772,1.55820168,-0.17088738,-0.22851782,-0.10860956,0.04301427,-0.13535855,0.06035081,-0.13051772,0.01424536,-0.03215230,0.07241197,0.13375878,-0.07618348,-0.02420659
7.800000,-0.07258691,-0.06480563,1.17176490,0.02259093,1.55880132,-0.17219372,-0.22834000,-0.10891460,0.04373652,-0.13398638,0.05957242,-0.13074329,0.02132878,-0.02884286,0.07201897,0.14064659,-0.07947800,-0.02089227
7.810000,-0.07486913,-0.06589616,1.17220586,0.02125822,1.55939302,-0.17350214,-0.22809106,-0.10918618,0.04445426,-0.13254620,0.05876159,-0.13093528,0.02846695,-0.02546317,0.07150851,0.14735849,-0.08267005,-0.01749195
7.820000,-0.07714850,-0.06698924,1.17265397,0.01994023,1.55997645,-0.17481231,-0.22777049,-0.10942363,0.04516629,-0.13103984,0.05791938,-0.13109283,0.03565728,-0.02201366,0.07087690,0.15388240,-0.08575327,-0.01400426
7.830000,-0.07942430,-0.06808452,1.17310916,0.01863763,1.56055130,-0.17612388,-0.22737775,-0.10962623,0.04587138,-0.12946922,0.05704691,-0.13121507,0.04289720,-0.01849477,0.07012046,0.16020625,-0.08872130,-0.01042785
7.840000,-0.08169581,-0.06918164,1.17357137,0.01735105,1.56111729,-0.17743649,-0.22691239,-0.10979329,0.04656827,-0.12783642,0.05614536,-0.13130109,0.05018411,-0.01490693,0.06923550,0.16631796,-0.09156780,-0.00676134
7.850000,-0.08396230,-0.07028026,1.17404050,0.01608110,1.56167412,-0.17874978,-0.22637392,-0.10992414,0.04725565,-0.12614361,0.05521598,-0.13134999,0.05751544,-0.01125057,0.06821831,0.17220546,-0.09428641,-0.00300339
7.860000,-0.08622304,-0.07138000,1.17451644,0.01482837,1.56222152,-0.18006336,-0.22576194,-0.11001808,0.04793218,-0.12439310,0.05426008,-0.13136085,0.06488861,-0.00752612,0.06706522,0.17785667,-0.09687076,0.00084739
7.870000,-0.08847729,-0.07248050,1.17499910,0.01359343,1.56275924,-0.18137686,-0.22507602,-0.11007443,0.04859649,-0.12258731,0.05327903,-0.13133273,0.07230103,-0.00373403,0.06577254,0.18325953,-0.09931450,0.00479234
7.880000,-0.09072432,-0.07358136,1.17548833,0.01237680,1.56328702,-0.18268988,-0.22431580,-0.11009253,0.04924716,-0.12072877,0.05227427,-0.13126469,0.07974948,0.00012458,0.06433810,0.18840480,-0.10161289,0.00883161
7.890000,-0.09296336,-0.07468222,1.17598399,0.01117902,1.56380465,-0.18400202,-0.22348093,-0.11007173,0.04988279,-0.11882007,0.05124726,-0.13115580,0.08722850,0.00404604,0.06276524,0.19329344,-0.10376684,0.01296097
7.900000,-0.09519368,-0.07578267,1.17648593,0.01000056,1.56431190,-0.18531286,-0.22257114,-0.11001142,0.05050202,-0.11686375,0.05019941,-0.13100519,0.09473210,0.00802617,0.06105847,0.19792862,-0.10577854,0.01717526
7.910000,-0.09741453,-0.07688231,1.17699397,0.00884189,1.56480857,-0.18662198,-0.22158622,-0.10991103,0.05110353,-0.11486233,0.04913215,-0.13081203,0.10225433,0.01206073,0.05922235,0.20231355,-0.10765019,0.02146928
7.920000,-0.09962516,-0.07798075,1.17750794,0.00770346,1.56529448,-0.18792896,-0.22052602,-0.10977004,0.05168605,-0.11281830,0.04804687,-0.13057555,0.10978920,0.01614554,0.05726140,0.20645141,-0.10938397,0.02583786
7.930000,-0.10182480,-0.07907758,1.17802763,0.00658566,1.56576945,-0.18923335,-0.21939042,-0.10958796,0.05224835,-0.11073411,0.04694493,-0.13029504,0.11733075,0.02027638,0.05518016,0.21034540,-0.11098207,0.03027581
7.940000,-0.10401271,-0.08017237,1.17855283,0.00548890,1.56623333,-0.19053471,-0.21817940,-0.10936437,0.05278926,-0.10861219,0.04582767,-0.12996982,0.12487299,0.02444904,0.05298315,0.21399870,-0.11244668,0.03477794
7.950000,-0.10618814,-0.08126473,1.17908334,0.00441354,1.56668596,-0.19183259,-0.21689298,-0.10909886,0.05330765,-0.10645493,0.04469643,-0.12959928,0.13240997,0.02865932,0.05067492,0.21741452,-0.11378000,0.03933909
7.960000,-0.10835032,-0.08235421,1.17961891,0.00335991,1.56712721,-0.19312654,-0.21553124,-0.10879107,0.05380241,-0.10426468,0.04355250,-0.12918286,0.13993569,0.03290300,0.04826000,0.22059604,-0.11498421,0.04395407
7.970000,-0.11049851,-0.08344040,1.18015930,0.00232834,1.56755697,-0.19441609,-0.21409432,-0.10844070,0.05427251,-0.10204378,0.04239717,-0.12872004,0.14744420,0.03717589,0.04574292,0.22354646,-0.11606150,0.04861768
7.980000,-0.11263196,-0.08452288,1.18070427,0.00131913,1.56797512,-0.19570079,-0.21258243,-0.10804747,0.05471694,-0.09979451,0.04123169,-0.12821036,0.15492952,0.04147376,0.04312821,0.22626896,-0.11701406,0.05332477
7.990000,-0.11474991,-0.08560121,1.18125355,0.00033254,1.56838157,-0.19698014,-0.21099583,-0.10761116,0.05513476,-0.09751915,0.04005730,-0.12765342,0.16238568,0.04579243,0.04042042,0.22876674,-0.11784408,0.05807013
8.000000,-0.11685163,-0.08667496,1.18180688,-0.00063117,1.56877624,-0.19825370,-0.20933483,-0.10713157,0.05552505,-0.09521992,0.03887521,-0.12704885,0.16980670,0.05012767,0.03762407,0.23104299,-0.11855375,0.06284859
8.010000,-0.11893636,-0.08774370,1.18236396,-0.00157179,1.56915906,-0.19952096,-0.20759983,-0.10660856,0.05588696,-0.09289902,0.03768661,-0.12639635,0.17718661,0.05447528,0.03474369,0.23310090,-0.11914526,0.06765496
8.020000,-0.12100338,-0.08880699,1.18292452,-0.00248909,1.56952996,-0.20078146,-0.20579126,-0.10604203,0.05621966,-0.09055862,0.03649269,-0.12569567,0.18451945,0.05883105,0.03178383,0.23494366,-0.11962080,0.07248407
8.030000,-0.12305194,-0.08986439,1.18348825,-0.00338290,1.56988890,-0.20203471,-0.20390962,-0.10543193,0.05652239,-0.08820085,0.03529458,-0.12494661,0.19179922,0.06319077,0.02874901,0.23657448,-0.11998256,0.07733074
8.040000,-0.12508133,-0.09091548,1.18405486,-0.00425306,1.57023584,-0.20328023,-0.20195547,-0.10477822,0.05679441,-0.08582782,0.03409341,-0.12414902,0.19901997,0.06755025,0.02564377,0.23799653,-0.12023273,0.08218977
8.050000,-0.12709081,-0.09195981,1.18462404,-0.00509941,1.57057076,-0.20451753,-0.19992943,-0.10408094,0.05703504,-0.08344161,0.03289029,-0.12330279,0.20617573,0.07190526,0.02247265,0.23921301,-0.12037349,0.08705599
8.060000,-0.12907968,-0.09299695,1.18519546,-0.00592185,1.57089364,-0.20574613,-0.19783219,-0.10334014,0.05724366,-0.08104424,0.03168630,-0.12240789,0.21326051,0.07625160,0.01924017,0.24022711,-0.12040704,0.09192422
8.070000,-0.13104722,-0.09402647,1.18576880,-0.00672027,1.57120449,-0.20696553,-0.19566448,-0.10255595,0.05741966,-0.07863773,0.03048250,-0.12146432,0.22026834,0.08058507,0.01595087,0.24104203,-0.12033557,0.09678928
8.080000,-0.13299274,-0.09504793,1.18634374,-0.00749458,1.57150330,-0.20817525,-0.19342710,-0.10172850,0.05756250,-0.07622405,0.02927993,-0.12047213,0.22719326,0.08490145,0.01260929,0.24166096,-0.12016127,0.10164597
8.090000,-0.13491554,-0.09606090,1.18691994,-0.00824473,1.57179009,-0.20937481,-0.19112091,-0.10085799,0.05767168,-0.07380515,0.02807961,-0.11943144,0.23402929,0.08919654,0.00921995,0.24208708,-0.11988632,0.10648913
8.100000,-0.13681493,-0.09706494,1.18749706,-0.00897067,1.57206490,-0.21056372,-0.18874683,-0.09994465,0.05774675,-0.07138294,0.02688253,-0.11834241,0.24077046,0.09346613,0.00578740,0.24232359,-0.11951291,0.11131357
8.110000,-0.13869025,-0.09805965,1.18807476,-0.00967238,1.57232776,-0.21174150,-0.18630584,-0.09898877,0.05778730,-0.06895930,0.02568967,-0.11720525,0.24741079,0.09770602,0.00231617,0.24237369,-0.11904325,0.11611410
8.120000,-0.14054083,-0.09904458,1.18865269,-0.01034986,1.57257871,-0.21290766,-0.18379897,-0.09799065,0.05779296,-0.06653608,0.02450198,-0.11602023,0.25394432,0.10191199,-0.00118922,0.24224056,-0.11847950,0.12088555
8.130000,-0.14236601,-0.10001932,1.18923050,-0.01100311,1.57281782,-0.21406174,-0.18122733,-0.09695065,0.05776342,-0.06411509,0.02332039,-0.11478766,0.26036506,0.10607983,-0.00472422,0.24192740,-0.11782388,0.12562273
8.140000,-0.14416516,-0.10098345,1.18980784,-0.01163218,1.57304514,-0.21520326,-0.17859207,-0.09586919,0.05769840,-0.06169812,0.02214580,-0.11350790,0.26666705,0.11020535,-0.00828430,0.24143739,-0.11707855,0.13032046
8.150000,-0.14593765,-0.10193657,1.19038435,-0.01223709,1.57326076,-0.21633174,-0.17589440,-0.09474670,0.05759767,-0.05928692,0.02097911,-0.11218140,0.27284432,0.11428433,-0.01186493,0.24077374,-0.11624572,0.13497356
8.160000,-0.14768285,-0.10287825,1.19095967,-0.01281794,1.57346475,-0.21744673,-0.17313562,-0.09358367,0.05746104,-0.05688321,0.01982117,-0.11080860,0.27889089,0.11831257,-0.01546157,0.23993962,-0.11532758,0.13957685
8.170000,-0.14940016,-0.10380811,1.19153345,-0.01337479,1.57365721,-0.21854776,-0.17031704,-0.09238063,0.05728840,-0.05448868,0.01867283,-0.10939004,0.28480078,0.12228585,-0.01906969,0.23893824,-0.11432630,0.14412514
8.180000,-0.15108899,-0.10472573,1.19210532,-0.01390775,1.57383824,-0.21963438,-0.16744008,-0.09113815,0.05707963,-0.05210499,0.01753491,-0.10792630,0.29056804,0.12619997,-0.02268476,0.23777279,-0.11324409,0.14861325
8.190000,-0.15274877,-0.10563074,1.19267492,-0.01441693,1.57400795,-0.22070614,-0.16450618,-0.08985684,0.05683469,-0.04973377,0.01640821,-0.10641799,0.29618667,0.13005072,-0.02630224,0.23644646,-0.11208313,0.15303601
8.200000,-0.15437893,-0.10652274,1.19324189,-0.01490247,1.57416645,-0.22176260,-0.16151686,-0.08853736,0.05655359,-0.04737659,0.01529351,-0.10486581,0.30165072,0.13383390,-0.02991760,0.23496243,-0.11084561,0.15738822
8.210000,-0.15597893,-0.10740136,1.19380587,-0.01536452,1.57431386,-0.22280331,-0.15847370,-0.08718041,0.05623636,-0.04503503,0.01419155,-0.10327048,0.30695421,0.13754529,-0.03352631,0.23332391,-0.10953372,0.16166471
8.220000,-0.15754823,-0.10826623,1.19436650,-0.01580323,1.57445032,-0.22382786,-0.15537833,-0.08578671,0.05588310,-0.04271062,0.01310307,-0.10163279,0.31209116,0.14118069,-0.03712382,0.23153408,-0.10814966,0.16586030
8.230000,-0.15908633,-0.10911698,1.19492342,-0.01621879,1.57457597,-0.22483583,-0.15223245,-0.08435706,0.05549394,-0.04040484,0.01202879,-0.09995356,0.31705560,0.14473589,-0.04070561,0.22959614,-0.10669560,0.16996980
8.240000,-0.16059272,-0.10995325,1.19547626,-0.01661139,1.57469095,-0.22582680,-0.14903781,-0.08289227,0.05506906,-0.03811918,0.01096939,-0.09823370,0.32184157,0.14820669,-0.04426714,0.22751328,-0.10517375,0.17398803
8.250000,-0.16206693,-0.11077471,1.19602468,-0.01698124,1.57479541,-0.22680037,-0.14579623,-0.08139322,0.05460868,-0.03585505,0.00992553,-0.09647412,0.32644308,0.15158887,-0.04780388,0.22528869,-0.10358628,0.17790981
8.260000,-0.16350849,-0.11158101,1.19656832,-0.01732857,1.57488951,-0.22775615,-0.14250958,-0.07986081,0.05411308,-0.03361387,0.00889787,-0.09467584,0.33085417,0.15487823,-0.05131130,0.22292555,-0.10193539,0.18172996
8.270000,-0.16491697,-0.11237182,1.19710682,-0.01765360,1.57497342,-0.22869376,-0.13917980,-0.07829598,0.05358257,-0.03139699,0.00788703,-0.09283988,0.33506886,0.15807056,-0.05478485,0.22042708,-0.10022327,0.18544329
8.280000,-0.16629195,-0.11314682,1.19763985,-0.01795660,1.57504731,-0.22961283,-0.13580888,-0.07669973,0.05301751,-0.02920576,0.00689360,-0.09096735,0.33908118,0.16116165,-0.05822002,0.21779645,-0.09845211,0.18904462
8.290000,-0.16763302,-0.11390571,1.19816706,-0.01823781,1.57511136,-0.23051299,-0.13239887,-0.07507310,0.05241831,-0.02704149,0.00591818,-0.08905938,0.34288515,0.16414730,-0.06161225,0.21503685,-0.09662410,0.19252878
8.300000,-0.16893981,-0.11464819,1.19868811,-0.01849752,1.57516574,-0.23139390,-0.12895189,-0.07341715,0.05178542,-0.02490545,0.00496130,-0.08711718,0.34647481,0.16702329,-0.06495703,0.21215149,-0.09474142,0.19589057
8.310000,-0.17021194,-0.11537396,1.19920266,-0.01873602,1.57521065,-0.23225523,-0.12547011,-0.07173301,0.05111934,-0.02279887,0.00402352,-0.08514199,0.34984419,0.16978542,-0.06824981,0.20914355,-0.09280628,0.19912482
8.320000,-0.17144910,-0.11608276,1.19971038,-0.01895360,1.57524627,-0.23309664,-0.12195576,-0.07002184,0.05042061,-0.02072297,0.00310535,-0.08313512,0.35298730,0.17242949,-0.07148606,0.20601622,-0.09082084,0.20222635
8.330000,-0.17265096,-0.11677431,1.20021096,-0.01915058,1.57527282,-0.23391783,-0.11841114,-0.06828483,0.04968982,-0.01867893,0.00220727,-0.08109793,0.35589818,0.17495128,-0.07466125,0.20277270,-0.08878732,0.20518997
8.340000,-0.17381723,-0.11744837,1.20070408,-0.01932729,1.57529049,-0.23471850,-0.11483859,-0.06652323,0.04892761,-0.01666790,0.00132975,-0.07903180,0.35857085,0.17734659,-0.07777084,0.19941618,-0.08670789,0.20801050
8.350000,-0.17494764,-0.11810470,1.20118941,-0.01948405,1.57529948,-0.23549837,-0.11124054,-0.06473833,0.04813464,-0.01469098,0.00047325,-0.07693821,0.36099934,0.17961120,-0.08081030,0.19594984,-0.08458474,0.21068276
8.360000,-0.17604196,-0.11874306,1.20166667,-0.01962122,1.57530002,-0.23625718,-0.10761944,-0.06293146,0.04731165,-0.01274925,-0.00036180,-0.07481866,0.36317768,0.18174092,-0.08377509,0.19237689,-0.08242007,0.21320157
8.370000,-0.17709997,-0.11936326,1.20213555,-0.01973916,1.57529232,-0.23699466,-0.10397784,-0.06110398,0.04645940,-0.01084378,-0.00117502,-0.07267471,0.36509990,0.18373153,-0.08666069,0.18870052,-0.08021607,0.21556175
8.380000,-0.17812146,-0.11996508,1.20259576,-0.01983822,1.57527660,-0.23771060,-0.10031832,-0.05925731,0.04557871,-0.00897558,-0.00196600,-0.07050797,0.36676002,0.18557883,-0.08946256,0.18492391,-0.07797492,0.21775810
8.390000,-0.17910628,-0.12054835,1.20304703,-0.01991880,1.57525308,-0.23840475,-0.09664353,-0.05739289,0.04467045,-0.00714563,-0.00273440,-0.06832011,0.36815207,0.18727860,-0.09217616,0.18105025,-0.07569881,0.21978546
8.400000,-0.18005429,-0.12111288,1.20348908,-0.01998127,1.57522199,-0.23907693,-0.09295619,-0.05551224,0.04373550,-0.00535489,-0.00347987,-0.06611284,0.36927008,0.18882665,-0.09479696,0.17708275,-0.07338994,0.22163864
8.410000,-0.18096537,-0.12165854,1.20392165,-0.02002603,1.57518356,-0.23972695,-0.08925906,-0.05361688,0.04277483,-0.00360428,-0.00420209,-0.06388793,0.37010807,0.19021876,-0.09732042,0.17302459,-0.07105048,0.22331245
8.420000,-0.18183945,-0.12218518,1.20434450,-0.02005349,1.57513802,-0.24035464,-0.08555498,-0.05170840,0.04178943,-0.00189469,-0.00490078,-0.06164721,0.37066007,0.19145072,-0.09974202,0.16887896,-0.06868264,0.22480172
8.430000,-0.18267646,-0.12269267,1.20475736,-0.02006406,1.57508562,-0.24095985,-0.08184683,-0.04978841,0.04078034,-0.00022698,-0.00557566,-0.05939253,0.37092012,0.19251833,-0.10205721,0.16464906,-0.06628861,0.22610127
8.440000,-0.18347638,-0.12318091,1.20516003,-0.02005817,1.57502659,-0.24154245,-0.07813757,-0.04785859,0.03974866,0.00139802,-0.00622648,-0.05712583,0.37088223,0.19341739,-0.10426147,0.16033807,-0.06387056,0.22720590
8.450000,-0.18423922,-0.12364982,1.20555227,-0.02003625,1.57496117,-0.24210233,-0.07443020,-0.04592064,0.03869550,0.00297952,-0.00685300,-0.05484908,0.37054044,0.19414367,-0.10635026,0.15594920,-0.06143070,0.22811045
8.460000,-0.18496500,-0.12409930,1.20593387,-0.01999873,1.57488961,-0.24263940,-0.07072780,-0.04397631,0.03762205,0.00451676,-0.00745502,-0.05256431,0.36988877,0.19469298,-0.10831904,0.15148563,-0.05897120,0.22880972
8.470000,-0.18565380,-0.12452933,1.20630464,-0.01994606,1.57481215,-0.24315360,-0.06703348,-0.04202739,0.03652953,0.00600900,-0.00803236,-0.05027359,0.36892124,0.19506110,-0.11016329,0.14695055,-0.05649427,0.22929854
8.480000,-0.18630571,-0.12493984,1.20666440,-0.01987870,1.57472905,-0.24364486,-0.06335044,-0.04007571,0.03541922,0.00745554,-0.00858486,-0.04797905,0.36763190,0.19524384,-0.11187847,0.14234716,-0.05400209,0.22957172
8.490000,-0.18692086,-0.12533084,1.20701297,-0.01979711,1.57464054,-0.24411317,-0.05968193,-0.03812314,0.03429241,0.00885573,-0.00911236,-0.04568289,0.36601476,0.19523698,-0.11346004,0.13767864,-0.05149684,0.22962408
8.500000,-0.18749941,-0.12570231,1.20735020,-0.01970174,1.57454688,-0.24455852,-0.05603126,-0.03617161,0.03315048,0.01020891,-0.00961476,-0.04338733,0.36406384,0.19503631,-0.11490347,0.13294820,-0.04898073,0.22945044
8.510000,-0.18804155,-0.12605428,1.20767594,-0.01959309,1.57444833,-0.24498093,-0.05240179,-0.03422308,0.03199482,0.01151449,-0.01009195,-0.04109465,0.36177319,0.19463762,-0.11620423,0.12815901,-0.04645593,0.22904562
8.520000,-0.18854752,-0.12638679,1.20799005,-0.01947161,1.57434513,-0.24538043,-0.04879695,-0.03227953,0.03082688,0.01277190,-0.01054386,-0.03880720,0.35913682,0.19403672,-0.11735778,0.12331428,-0.04392464,0.22840444
8.530000,-0.18901758,-0.12669989,1.20829244,-0.01933781,1.57423754,-0.24575710,-0.04522023,-0.03034303,0.02964817,0.01398060,-0.01097043,-0.03652737,0.35614877,0.19322939,-0.11835958,0.11841720,-0.04138905,0.22752171
8.540000,-0.18945203,-0.12699368,1.20858299,-0.01919217,1.57412580,-0.24611101,-0.04167517,-0.02841565,0.02846021,0.01514008,-0.01137163,-0.03425759,0.35280305,0.19221142,-0.11920512,0.11347095,-0.03885135,0.22639225
8.550000,-0.18985121,-0.12726824,1.20886162,-0.01903517,1.57401019,-0.24644229,-0.03816538,-0.02649952,0.02726460,0.01624987,-0.01174745,-0.03200036,0.34909371,0.19097860,-0.11988984,0.10847874,-0.03631372,0.22501088
8.560000,-0.19021547,-0.12752371,1.20912826,-0.01886734,1.57389094,-0.24675107,-0.03469452,-0.02459681,0.02606297,0.01730952,-0.01209791,-0.02975823,0.34501476,0.18952674,-0.12040923,0.10344374,-0.03377836,0.22337242
8.570000,-0.19054524,-0.12776023,1.20938286,-0.01868915,1.57376831,-0.24703752,-0.03126633,-0.02270973,0.02485698,0.01831861,-0.01242304,-0.02753379,0.34056023,0.18785161,-0.12075873,0.09836916,-0.03124746,0.22147168
8.580000,-0.19084095,-0.12797797,1.20962539,-0.01850113,1.57364256,-0.24730182,-0.02788459,-0.02084053,0.02364837,0.01927678,-0.01272288,-0.02532969,0.33572415,0.18594902,-0.12093383,0.09325819,-0.02872320,0.21930349
8.590000,-0.19110310,-0.12817711,1.20985583,-0.01830379,1.57351394,-0.24754419,-0.02455314,-0.01899152,0.02243890,0.02018367,-0.01299753,-0.02314863,0.33050055,0.18381475,-0.12092998,0.08811401,-0.02620778,0.21686266
8.600000,-0.19133220,-0.12835787,1.21007417,-0.01809763,1.57338270,-0.24776487,-0.02127589,-0.01716502,0.02123038,0.02103896,-0.01324708,-0.02099336,0.32488345,0.18144460,-0.12074265,0.08293982,-0.02370338,0.21414401
8.610000,-0.19152881,-0.12852049,1.21028044,-0.01788318,1.57324908,-0.24796415,-0.01805680,-0.01536343,0.02002468,0.02184237,-0.01347164,-0.01886669,0.31886688,0.17883436,-0.12036731,0.07773882,-0.02121220,0.21114236
8.620000,-0.19169354,-0.12866523,1.21047468,-0.01766096,1.57311335,-0.24814231,-0.01489991,-0.01358915,0.01882368,0.02259366,-0.01367137,-0.01677147,0.31244488,0.17597982,-0.11979942,0.07251418,-0.01873642,0.20785252
8.630000,-0.19182703,-0.12879238,1.21065694,-0.01743148,1.57297574,-0.24829969,-0.01180928,-0.01184466,0.01762934,0.02329259,-0.01384643,-0.01471062,0.30561146,0.17287677,-0.11903445,0.06726912,-0.01627823,0.20426931
8.640000,-0.19192996,-0.12890223,1.21082730,-0.01719528,1.57283650,-0.24843665,-0.00878907,-0.01013246,0.01644366,0.02393898,-0.01399700,-0.01268708,0.29836065,0.16952101,-0.11806787,0.06200681,-0.01383983,0.20038756
8.650000,-0.19200306,-0.12899514,1.21098585,-0.01695288,1.57269588,-0.24855357,-0.00584348,-0.00845510,0.01526867,0.02453268,-0.01412330,-0.01070388,0.29068649,0.16590833,-0.11689514,0.05673045,-0.01142340,0.19620208
8.660000,-0.19204709,-0.12907146,1.21113271,-0.01670480,1.57255411,-0.24865087,-0.00297677,-0.00681516,0.01410646,0.02507355,-0.01422555,-0.00876407,0.28258299,0.16203453,-0.11551172,0.05144323,-0.00903113,0.19170769
8.670000,-0.19206287,-0.12913158,1.21126803,-0.01645158,1.57241145,-0.24872901,-0.00019327,-0.00521529,0.01295916,0.02556152,-0.01430401,-0.00687077,0.27404419,0.15789538,-0.11391310,0.04614834,-0.00666522,0.18689920
8.680000,-0.19205125,-0.12917591,1.21139195,-0.01619375,1.57226811,-0.24878845,0.00250264,-0.00365815,0.01182893,0.02599651,-0.01435895,-0.00502715,0.26506411,0.15348669,-0.11209472,0.04084898,-0.00432784,0.18177144
8.690000,-0.19201312,-0.12920489,1.21150467,-0.01593183,1.57212434,-0.24882973,0.00510652,-0.00214647,0.01071801,0.02637849,-0.01439067,-0.00323642,0.25563678,0.14880425,-0.11005205,0.03554834,-0.00202120,0.17631921
8.700000,-0.19194944,-0.12921900,1.21160638,-0.01566636,1.57198037,-0.24885337,0.00761387,-0.00068299,0.00962866,0.02670748,-0.01439948,-0.00150187,0.24575623,0.14384385,-0.10778057,0.03024961,0.00025252,0.17053735
8.710000,-0.19186118,-0.12921872,1.21169732,-0.01539786,1.57183643,-0.24885996,0.01002012,0.00072947,0.00856318,0.02698350,-0.01438573,0.00017321,0.23541649,0.13860129,-0.10527574,0.02495598,0.00249114,0.16442067
8.720000,-0.19174939,-0.12920459,1.21177774,-0.01512686,1.57169273,-0.24885011,0.01232065,0.00208808,0.00752393,0.02720663,-0.01434978,0.00178541,0.22461157,0.13307235,-0.10253303,0.01967064,0.00469245,0.15796398
8.730000,-0.19161514,-0.12917715,1.21184790,-0.01485390,1.57154951,-0.24882447,0.01451078,0.00338995,0.00651332,0.02737695,-0.01429202,0.00333134,0.21333552,0.12725282,-0.09954789,0.01439679,0.00685427,0.15116211
8.740000,-0.19145956,-0.12913699,1.21190811,-0.01457950,1.57140697,-0.24878372,0.01658577,0.00463215,0.00553380,0.02749461,-0.01421284,0.00480749,0.20158236,0.12113851,-0.09631580,0.00913762,0.00897441,0.14400986
8.750000,-0.19128382,-0.12908472,1.21195868,-0.01430418,1.57126532,-0.24872857,0.01854082,0.00581172,0.00458785,0.02755976,-0.01411268,0.00621035,0.18934610,0.11472520,-0.09283222,0.00389631,0.01105069,0.13650207
8.760000,-0.19108916,-0.12902097,1.21199998,-0.01402848,1.57112478,-0.24865977,0.02037106,0.00692564,0.00367801,0.02757261,-0.01399198,0.00753633,0.17662080,0.10800868,-0.08909262,-0.00132393,0.01308091,0.12863355
8.770000,-0.19087684,-0.12894643,1.21203237,-0.01375291,1.57098555,-0.24857811,0.02207158,0.00797087,0.00280686,0.02753337,-0.01385122,0.00878180,0.16340046,0.10098475,-0.08509247,-0.00651992,0.01506288,0.12039911
8.780000,-0.19064818,-0.12886180,1.21205626,-0.01347798,1.57084782,-0.24848441,0.02363740,0.00894430,0.00197704,0.02744230,-0.01369089,0.00994307,0.14967911,0.09364920,-0.08082722,-0.01168847,0.01699441,0.11179358
8.790000,-0.19040455,-0.12876780,1.21207206,-0.01320423,1.57071179,-0.24837954,0.02506347,0.00984280,0.00119122,0.02729970,-0.01351151,0.01101642,0.13545079,0.08599782,-0.07629236,-0.01682638,0.01887331,0.10281177
8.800000,-0.19014739,-0.12866520,1.21208024,-0.01293216,1.57057765,-0.24826439,0.02634470,0.01066319,0.00045211,0.02710589,-0.01331361,0.01199804,0.12070952,0.07802641,-0.07148333,-0.02193045,0.02069740,0.09344850
8.810000,-0.18987816,-0.12855480,1.21208127,-0.01266228,1.57044558,-0.24813990,0.02747593,0.01140225,-0.00023752,0.02686121,-0.01309775,0.01288410,0.10544933,0.06973075,-0.06639562,-0.02699751,0.02246448,0.08369858
8.820000,-0.18959839,-0.12843744,1.21207566,-0.01239510,1.57031576,-0.24800704,0.02845194,0.01205671,-0.00087486,0.02656607,-0.01286451,0.01367070,0.08966425,0.06110664,-0.06102468,-0.03202435,0.02417237,0.07355685
8.830000,-0.18930966,-0.12831396,1.21206396,-0.01213113,1.57018835,-0.24786683,0.02926745,0.01262327,-0.00145705,0.02622087,-0.01261450,0.01435391,0.07334830,0.05214987,-0.05536598,-0.03700779,0.02581887,0.06301810
8.840000,-0.18901359,-0.12818528,1.21204671,-0.01187085,1.57006352,-0.24772032,0.02991712,0.01309858,-0.00198121,0.02582607,-0.01234835,0.01492972,0.05649551,0.04285624,-0.04941499,-0.04194463,0.02740180,0.05207717
8.850000,-0.18871188,-0.12805231,1.21202453,-0.01161477,1.56994143,-0.24756861,0.03039555,0.01347926,-0.00244437,0.02538214,-0.01206669,0.01539410,0.03909990,0.03322153,-0.04316717,-0.04683168,0.02891896,0.04072888
8.860000,-0.18840627,-0.12791602,1.21199804,-0.01136337,1.56982224,-0.24741282,0.03069729,0.01376186,-0.00284354,0.02488961,-0.01177019,0.01574293,0.02115551,0.02324153,-0.03661800,-0.05166575,0.03036817,0.02896802
8.870000,-0.18809855,-0.12777741,1.21196789,-0.01111714,1.56970607,-0.24725415,0.03081681,0.01394292,-0.00317571,0.02434902,-0.01145956,0.01597206,0.00265637,0.01291205,-0.02976293,-0.05644365,0.03174723,0.01678944
8.880000,-0.18779056,-0.12763751,1.21193476,-0.01087655,1.56959309,-0.24709380,0.03074855,0.01401893,-0.00343777,0.02376094,-0.01113549,0.01607731,-0.01640351,0.00222887,-0.02259743,-0.06116218,0.03305397,0.00418794
8.890000,-0.18748422,-0.12749739,1.21189938,-0.01064208,1.56948341,-0.24693303,0.03048685,0.01398631,-0.00362660,0.02312598,-0.01079873,0.01605440,-0.03603009,-0.00881221,-0.01511696,-0.06581816,0.03428617,-0.00884166
8.900000,-0.18718149,-0.12735816,1.21186248,-0.01041418,1.56937715,-0.24677315,0.03002603,0.01384147,-0.00373904,0.02244479,-0.01045002,0.01589903,-0.05622934,-0.02021541,-0.00731700,-0.07040838,0.03544167,-0.02230454
8.910000,-0.18688438,-0.12722095,1.21182486,-0.01019333,1.56927444,-0.24661550,0.02936034,0.01358078,-0.00377186,0.02171804,-0.01009016,0.01560684,-0.07700724,-0.03198492,0.00080698,-0.07492967,0.03651827,-0.03620588
8.920000,-0.18659498,-0.12708694,1.21178732,-0.00997997,1.56917539,-0.24646148,0.02848394,0.01320054,-0.00372181,0.02094644,-0.00971993,0.01517343,-0.09836977,-0.04412497,0.00925954,-0.07937882,0.03751377,-0.05055086
8.930000,-0.18631542,-0.12695735,1.21175071,-0.00977455,1.56908008,-0.24631252,0.02739097,0.01269703,-0.00358556,0.02013072,-0.00934016,0.01459433,-0.12032288,-0.05663975,0.01804519,-0.08375264,0.03842599,-0.06534467
8.940000,-0.18604790,-0.12683342,1.21171591,-0.00957750,1.56898861,-0.24617010,0.02607549,0.01206648,-0.00335978,0.01927165,-0.00895169,0.01386503,-0.14287257,-0.06953347,0.02716847,-0.08804795,0.03925274,-0.08059248
8.950000,-0.18579468,-0.12671645,1.21168383,-0.00938926,1.56890107,-0.24603574,0.02453151,0.01130508,-0.00304105,0.01837003,-0.00855540,0.01298095,-0.16602479,-0.08281035,0.03663392,-0.09226155,0.03999183,-0.09629949
8.960000,-0.18555806,-0.12660777,1.21165541,-0.00921024,1.56881753,-0.24591101,0.02275297,0.01040898,-0.00262594,0.01742670,-0.00815216,0.01193749,-0.18978552,-0.09647458,0.04644606,-0.09639025,0.04064107,-0.11247087
8.970000,-0.18534042,-0.12650874,1.21163164,-0.00904086,1.56873805,-0.24579753,0.02073375,0.00937429,-0.00211096,0.01644252,-0.00774288,0.01072997,-0.21416074,-0.11053038,0.05660945,-0.10043085,0.04119828,-0.12911180
8.980000,-0.18514420,-0.12642076,1.21161353,-0.00888152,1.56866269,-0.24569697,0.01846771,0.00819707,-0.00149258,0.01541839,-0.00732850,0.00935369,-0.23914551,-0.12497537,0.06712327,-0.10437995,0.04166188,-0.14621960
8.990000,-0.18497191,-0.12634528,1.21160214,-0.00873262,1.56859149,-0.24561104,0.01594900,0.00687360,-0.00076742,0.01435524,-0.00690995,0.00780415,-0.26468209,-0.13977524,0.07796090,-0.10823303,0.04203340,-0.16375352
9.000000,-0.18482608,-0.12628379,1.21159855,-0.00859455,1.56852450,-0.24554148,0.01317248,0.00540053,0.00006760,0.01325406,-0.00648813,0.00607737,-0.29069672,-0.15488604,0.08908792,-0.11198526,0.04231528,-0.18166126
9.010000,-0.18470933,-0.12623778,1.21160387,-0.00846767,1.56846174,-0.24549009,0.01013372,0.00377499,0.00101519,0.01211589,-0.00606394,0.00416986,-0.31711567,-0.17026379,0.10046989,-0.11563181,0.04250995,-0.19989052
9.020000,-0.18462429,-0.12620880,1.21161924,-0.00835235,1.56840322,-0.24545870,0.00682906,0.00199451,0.00207773,0.01094180,-0.00563822,0.00207866,-0.34386518,-0.18586455,0.11207237,-0.11916784,0.04261986,-0.21838902
9.030000,-0.18457365,-0.12619841,1.21164582,-0.00824895,1.56834897,-0.24544914,0.00325556,0.00005710,0.00325726,0.00973292,-0.00521181,-0.00019865,-0.37087151,-0.20164434,0.12386091,-0.12258852,0.04264744,-0.23710446
9.040000,-0.18456009,-0.12620819,1.21168478,-0.00815780,1.56829899,-0.24546330,-0.00058898,-0.00203882,0.00455546,0.00849043,-0.00478553,-0.00266398,-0.39806092,-0.21755919,0.13580109,-0.12588902,0.04259514,-0.25598454
9.050000,-0.18458633,-0.12623972,1.21173733,-0.00807925,1.56825326,-0.24550305,-0.00470602,-0.00429439,0.00597367,0.00721555,-0.00436017,-0.00531871,-0.42535966,-0.23356516,0.14785847,-0.12906450,0.04246539,-0.27497697
9.060000,-0.18465512,-0.12629461,1.21180466,-0.00801359,1.56821178,-0.24557030,-0.00909629,-0.00671028,0.00751290,0.00590957,-0.00393648,-0.00816371,-0.45269399,-0.24961827,0.15999861,-0.13211012,0.04226064,-0.29402947
9.070000,-0.18476917,-0.12637446,1.21188799,-0.00796115,1.56817452,-0.24566696,-0.01375977,-0.00928676,0.00917381,0.00457380,-0.00351520,-0.01119933,-0.47999016,-0.26567456,0.17218708,-0.13502106,0.04198333,-0.31308973
9.080000,-0.18493122,-0.12648088,1.21198854,-0.00792221,1.56814146,-0.24579492,-0.01869572,-0.01202364,0.01095669,0.00320961,-0.00309704,-0.01442536,-0.50717443,-0.28169007,0.18438943,-0.13779248,0.04163588,-0.33210546
9.090000,-0.18514399,-0.12661547,1.21210753,-0.00789705,1.56811257,-0.24595610,-0.02390264,-0.01492028,0.01286153,0.00181843,-0.00268271,-0.01784111,-0.53417304,-0.29762083,0.19657122,-0.14041954,0.04122076,-0.35102437
9.100000,-0.18541017,-0.12677982,1.21224618,-0.00788593,1.56808779,-0.24615238,-0.02937832,-0.01797563,0.01488793,0.00040172,-0.00227285,-0.02144535,-0.56091226,-0.31342288,0.20869804,-0.14289741,0.04074039,-0.36979417
9.110000,-0.18573244,-0.12697550,1.21240569,-0.00788910,1.56806709,-0.24638563,-0.03511978,-0.02118817,0.01703519,-0.00103900,-0.00186811,-0.02523632,-0.58731834,-0.32905226,0.22073543,-0.14522125,0.04019721,-0.38836256
9.120000,-0.18611344,-0.12720410,1.21258728,-0.00790678,1.56805041,-0.24665772,-0.04112333,-0.02455595,0.01930223,-0.00250218,-0.00146910,-0.02921176,-0.61331754,-0.34446500,0.23264895,-0.14738624,0.03959367,-0.40667725
9.130000,-0.18655577,-0.12746713,1.21279213,-0.00793921,1.56803769,-0.24697047,-0.04738453,-0.02807660,0.02168764,-0.00398618,-0.00107643,-0.03336885,-0.63883610,-0.35961714,0.24440418,-0.14938754,0.03893221,-0.42468595
9.140000,-0.18706197,-0.12776613,1.21302142,-0.00798657,1.56802886,-0.24732569,-0.05389820,-0.03174728,0.02418967,-0.00548936,-0.00069064,-0.03770428,-0.66380029,-0.37446472,0.25596668,-0.15122031,0.03821526,-0.44233636
9.150000,-0.18763455,-0.12810257,1.21327630,-0.00804906,1.56802385,-0.24772514,-0.06065844,-0.03556473,0.02680622,-0.00701001,-0.00031230,-0.04221421,-0.68813636,-0.38896378,0.26730200,-0.15287972,0.03744526,-0.45957619
9.160000,-0.18827594,-0.12847790,1.21355792,-0.00812682,1.56802259,-0.24817054,-0.06765859,-0.03952525,0.02953484,-0.00854636,0.00005809,-0.04689426,-0.71177055,-0.40307034,0.27837571,-0.15436094,0.03662466,-0.47635314
9.170000,-0.18898850,-0.12889354,1.21386737,-0.00822003,1.56802499,-0.24866357,-0.07489126,-0.04362468,0.03237274,-0.01009662,0.00042003,-0.05173955,-0.73462914,-0.41674045,0.28915338,-0.15565912,0.03575590,-0.49261493
9.180000,-0.18977451,-0.12935084,1.21420573,-0.00832880,1.56803096,-0.24920586,-0.08234834,-0.04785845,0.03531680,-0.01165892,0.00077306,-0.05674467,-0.75663837,-0.42993014,0.29960056,-0.15676945,0.03484141,-0.50830925
9.190000,-0.19063619,-0.12985114,1.21457404,-0.00845324,1.56804042,-0.24979898,-0.09002095,-0.05222154,0.03836354,-0.01323137,0.00111672,-0.06190367,-0.77772450,-0.44259546,0.30968282,-0.15768708,0.03388363,-0.52338382
9.200000,-0.19157562,-0.13039569,1.21497333,-0.00859345,1.56805326,-0.25044443,-0.09789951,-0.05670847,0.04150913,-0.01481200,0.00145059,-0.06721011,-0.79781378,-0.45469243,0.31936573,-0.15840717,0.03288501,-0.53778635
9.210000,-0.19259483,-0.13098570,1.21540454,-0.00874950,1.56806940,-0.25114365,-0.10597366,-0.06131334,0.04474941,-0.01639884,0.00177429,-0.07265699,-0.81683247,-0.46617709,0.32861484,-0.15892491,0.03184799,-0.55146453
9.220000,-0.19369571,-0.13162232,1.21586862,-0.00892144,1.56808871,-0.25189801,-0.11423234,-0.06602982,0.04807986,-0.01798981,0.00208743,-0.07823681,-0.83470682,-0.47700549,0.33739572,-0.15923544,0.03077500,-0.56436608
9.230000,-0.19488005,-0.13230664,1.21636642,-0.00910930,1.56811111,-0.25270880,-0.12266374,-0.07085112,0.05149565,-0.01958284,0.00238968,-0.08394154,-0.85136308,-0.48713365,0.34567393,-0.15933394,0.02966849,-0.57643870
9.240000,-0.19614952,-0.13303967,1.21689880,-0.00931310,1.56813647,-0.25357723,-0.13125530,-0.07577001,0.05499155,-0.02117577,0.00268070,-0.08976264,-0.86672752,-0.49651761,0.35341504,-0.15921557,0.02853089,-0.58763010
9.250000,-0.19750565,-0.13382234,1.21746650,-0.00953281,1.56816468,-0.25450441,-0.13999374,-0.08077884,0.05856204,-0.02276641,0.00296020,-0.09569103,-0.88072638,-0.50511342,0.36058461,-0.15887550,0.02736464,-0.59788798
9.260000,-0.19894983,-0.13465552,1.21807027,-0.00976841,1.56819563,-0.25549138,-0.14886503,-0.08586951,0.06220122,-0.02435252,0.00322791,-0.10171712,-0.89328592,-0.51287710,0.36714819,-0.15830889,0.02617219,-0.60716006
9.270000,-0.20048334,-0.13553998,1.21871074,-0.01001984,1.56822920,-0.25653905,-0.15785441,-0.09103347,0.06590287,-0.02593182,0.00348357,-0.10783078,-0.90433240,-0.51976469,0.37307136,-0.15751092,0.02495598,-0.61539403
9.280000,-0.20210727,-0.13647641,1.21938851,-0.01028702,1.56826526,-0.25764825,-0.16694639,-0.09626174,0.06966040,-0.02750195,0.00372695,-0.11402136,-0.91379207,-0.52573224,0.37831968,-0.15647674,0.02371844,-0.62253761
9.290000,-0.20382256,-0.13746540,1.22010411,-0.01056984,1.56830370,-0.25881969,-0.17612472,-0.10154490,0.07346690,-0.02906055,0.00395787,-0.12027772,-0.92159118,-0.53073577,0.38285871,-0.15520152,0.02246202,-0.62853851
9.300000,-0.20562999,-0.13850745,1.22085799,-0.01086818,1.56834438,-0.26005398,-0.18537243,-0.10687309,0.07731510,-0.03060516,0.00417614,-0.12658815,-0.92765599,-0.53473132,0.38665401,-0.15368043,0.02118915,-0.63334442
9.310000,-0.20753018,-0.13960297,1.22165052,-0.01118189,1.56838718,-0.26135160,-0.19467181,-0.11223602,0.08119739,-0.03213332,0.00438161,-0.13294045,-0.93191276,-0.53767493,0.38967115,-0.15190864,0.01990227,-0.63690305
9.320000,-0.20952354,-0.14075225,1.22248202,-0.01151079,1.56843197,-0.26271289,-0.20400441,-0.11762294,0.08510581,-0.03364249,0.00457415,-0.13932188,-0.93428773,-0.53952264,0.39187569,-0.14988130,0.01860383,-0.63916212
9.330000,-0.21161031,-0.14195548,1.22335270,-0.01185467,1.56847862,-0.26413809,-0.21335105,-0.12302267,0.08903208,-0.03513008,0.00475365,-0.14571919,-0.93470717,-0.54023049,0.39323318,-0.14759359,0.01729627,-0.64006933
9.340000,-0.21379054,-0.14321271,1.22426269,-0.01221331,1.56852700,-0.26562728,-0.22269179,-0.12842360,0.09296754,-0.03659347,0.00492005,-0.15211859,-0.93309732,-0.53975450,0.39370921,-0.14504067,0.01598202,-0.63957238
9.350000,-0.21606406,-0.14452391,1.22521205,-0.01258645,1.56857698,-0.26718042,-0.23200598,-0.13381367,0.09690321,-0.03802999,0.00507328,-0.15850578,-0.92938445,-0.53805072,0.39326932,-0.14221771,0.01466353,-0.63761899
9.360000,-0.21843050,-0.14588891,1.22620073,-0.01297381,1.56862842,-0.26879731,-0.24127222,-0.13918038,0.10082976,-0.03943691,0.00521331,-0.16486594,-0.92349481,-0.53507518,0.39187908,-0.13911987,0.01334323,-0.63415685
9.370000,-0.22088927,-0.14730740,1.22722858,-0.01337508,1.56868120,-0.27047760,-0.25046838,-0.14451079,0.10473751,-0.04081146,0.00534015,-0.17118371,-0.91535465,-0.53078393,0.38950406,-0.13574232,0.01202356,-0.62913368
9.380000,-0.22343956,-0.14877896,1.22829538,-0.01378992,1.56873518,-0.27222079,-0.25957157,-0.14979152,0.10861644,-0.04215081,0.00545380,-0.17744323,-0.90489023,-0.52513298,0.38610982,-0.13208023,0.01070697,-0.62249718
9.390000,-0.22608031,-0.15030302,1.22940078,-0.01421797,1.56879023,-0.27402621,-0.26855819,-0.15500877,0.11245619,-0.04345210,0.00555430,-0.18362810,-0.89202779,-0.51807840,0.38166191,-0.12812875,0.00939590,-0.61419505
9.400000,-0.22881025,-0.15187887,1.23054434,-0.01465882,1.56884622,-0.27589304,-0.27740389,-0.16014826,0.11624605,-0.04471240,0.00564174,-0.18972141,-0.87669361,-0.50957620,0.37612591,-0.12388307,0.00809278,-0.60417502
9.410000,-0.23162784,-0.15350567,1.23172550,-0.01511207,1.56890302,-0.27782028,-0.28608358,-0.16519532,0.11997497,-0.04592876,0.00571619,-0.19570570,-0.85881392,-0.49958242,0.36946737,-0.11933833,0.00680005,-0.59238477
9.420000,-0.23453128,-0.15518242,1.23294360,-0.01557724,1.56896050,-0.27980673,-0.29457143,-0.17013479,0.12363154,-0.04709816,0.00577778,-0.20156303,-0.83831500,-0.48805312,0.36165187,-0.11448972,0.00552016,-0.57877202
9.430000,-0.23751854,-0.15690796,1.23419785,-0.01605386,1.56901853,-0.28185105,-0.30284090,-0.17495112,0.12720403,-0.04821753,0.00582665,-0.20727489,-0.81512308,-0.47494431,0.35264495,-0.10933238,0.00425555,-0.56328448
9.440000,-0.24058728,-0.15868098,1.23548736,-0.01654142,1.56907699,-0.28395168,-0.31086467,-0.17962827,0.13068035,-0.04928376,0.00586295,-0.21282229,-0.78916443,-0.46021203,0.34241220,-0.10386150,0.00300864,-0.54586985
9.450000,-0.24373492,-0.16050001,1.23681110,-0.01703935,1.56913575,-0.28610688,-0.31861472,-0.18414980,0.13404808,-0.05029370,0.00588689,-0.21818569,-0.76036530,-0.44381233,0.33091916,-0.09807224,0.00178190,-0.52647584
9.460000,-0.24695857,-0.16236340,1.23816791,-0.01754709,1.56919469,-0.28831472,-0.32606226,-0.18849881,0.13729442,-0.05124413,0.00589867,-0.22334504,-0.72865194,-0.42570124,0.31813140,-0.09195975,0.00057775,-0.50505015
9.470000,-0.25025506,-0.16426935,1.23955654,-0.01806403,1.56925369,-0.29057304,-0.33317780,-0.19265797,0.14040627,-0.05213180,0.00589853,-0.22827975,-0.69395061,-0.40583479,0.30401448,-0.08551921,-0.00060137,-0.48154050
9.480000,-0.25362092,-0.16621587,1.24097555,-0.01858951,1.56931262,-0.29287949,-0.33993107,-0.19660951,0.14337017,-0.05295340,0.00588673,-0.23296873,-0.65618757,-0.38416903,0.28853398,-0.07874579,-0.00175301,-0.45589458
9.490000,-0.25705237,-0.16820079,1.24242340,-0.01912286,1.56937138,-0.29523152,-0.34629110,-0.20033521,0.14617229,-0.05370559,0.00586357,-0.23739035,-0.61528906,-0.36065999,0.27165544,-0.07163465,-0.00287474,-0.42806010
9.500000,-0.26054532,-0.17022176,1.24389841,-0.01966338,1.56942986,-0.29762634,-0.35222615,-0.20381642,0.14879850,-0.05438495,0.00582934,-0.24152246,-0.57118135,-0.33526370,0.25334444,-0.06418095,-0.00396411,-0.39798478
9.510000,-0.26409537,-0.17227624,1.24539873,-0.02021031,1.56948793,-0.30006093,-0.35770378,-0.20703405,0.15123429,-0.05498805,0.00578440,-0.24534240,-0.52379069,-0.30793621,0.23356653,-0.05637986,-0.00501869,-0.36561632
9.520000,-0.26769776,-0.17436149,1.24692241,-0.02076287,1.56954551,-0.30253207,-0.36269078,-0.20996856,0.15346483,-0.05551138,0.00572910,-0.24882697,-0.47304333,-0.27863354,0.21228728,-0.04822656,-0.00603603,-0.33090242
9.530000,-0.27134743,-0.17647460,1.24846730,-0.02132026,1.56960248,-0.30503627,-0.36715321,-0.21259999,0.15547492,-0.05595139,0.00566381,-0.25195245,-0.41886553,-0.24731174,0.18947226,-0.03971619,-0.00701370,-0.29379079
9.540000,-0.27503896,-0.17861242,1.25003112,-0.02188161,1.56965875,-0.30756984,-0.37105641,-0.21490792,0.15724904,-0.05630449,0.00558896,-0.25469462,-0.36118354,-0.21392685,0.16508702,-0.03084393,-0.00794925,-0.25422914
9.550000,-0.27876658,-0.18077161,1.25161144,-0.02244604,1.56971423,-0.31012880,-0.37436496,-0.21687150,0.15877131,-0.05656705,0.00550498,-0.25702870,-0.29992362,-0.17843489,0.13909713,-0.02160495,-0.00884025,-0.21216517
9.560000,-0.28252416,-0.18294863,1.25320565,-0.02301264,1.56976883,-0.31270897,-0.37704271,-0.21846944,0.16002552,-0.05673535,0.00541231,-0.25892941,-0.23501203,-0.14079191,0.11146815,-0.01199441,-0.00968426,-0.16754660
9.570000,-0.28630521,-0.18513971,1.25481100,-0.02358043,1.56982245,-0.31530586,-0.37905303,-0.21968017,0.16099521,-0.05680571,0.00531145,-0.26037111,-0.16647222,-0.10101094,0.08220860,-0.00201873,-0.01047931,-0.12038877
9.580000,-0.29010288,-0.18734087,1.25642456,-0.02414841,1.56987503,-0.31791478,-0.38036128,-0.22048325,0.16166479,-0.05677467,0.00520289,-0.26132956,-0.09467122,-0.05930641,0.05147875,0.00827585,-0.01122518,-0.07094610
9.590000,-0.29390999,-0.18954795,1.25804325,-0.02471557,1.56992648,-0.32053077,-0.38093706,-0.22086075,0.16202053,-0.05663931,0.00508711,-0.26178344,-0.02005194,-0.01593725,0.01947242,0.01883432,-0.01192200,-0.01952582
9.600000,-0.29771909,-0.19175662,1.25966388,-0.02528084,1.56997675,-0.32314870,-0.38075440,-0.22079731,0.16205063,-0.05639728,0.00496461,-0.26171451,0.05694273,0.02883760,-0.01361657,0.02960167,-0.01256992,0.03356485
9.610000,-0.30152248,-0.19396239,1.26128314,-0.02584315,1.57002576,-0.32576327,-0.37979177,-0.22028017,0.16174523,-0.05604677,0.00483588,-0.26110760,0.13586987,0.07475922,-0.04759441,0.04052288,-0.01316907,0.08801870
9.620000,-0.30531227,-0.19616067,1.26289764,-0.02640141,1.57007345,-0.32836902,-0.37803204,-0.21929917,0.16109642,-0.05558650,0.00470139,-0.25995062,0.21628658,0.12156868,-0.08226730,0.05154294,-0.01371959,0.14352849
9.630000,-0.30908042,-0.19834680,1.26450391,-0.02695452,1.57011977,-0.33096042,-0.37546255,-0.21784670,0.16009822,-0.05501576,0.00456165,-0.25823454,0.29774996,0.16900705,-0.11744142,0.06260683,-0.01422164,0.19978701
9.640000,-0.31281879,-0.20051602,1.26609843,-0.02750136,1.57016466,-0.33353183,-0.37207503,-0.21591779,0.15874657,-0.05433440,0.00441712,-0.25595341,0.37981711,0.21681540,-0.15292295,0.07365954,-0.01467534,0.25648703
9.650000,-0.31651918,-0.20266356,1.26767765,-0.02804084,1.57020809,-0.33607759,-0.36786567,-0.21351003,0.15703938,-0.05354279,0.00426830,-0.25310435,0.46204511,0.26473480,-0.18851809,0.08464605,-0.01508083,0.31332133
9.660000,-0.32017337,-0.20478462,1.26923803,-0.02857185,1.57025002,-0.33859202,-0.36283507,-0.21062359,0.15497647,-0.05264188,0.00411567,-0.24968756,0.54399107,0.31250632,-0.22403303,0.09551134,-0.01543827,0.36998269
9.670000,-0.32377316,-0.20687444,1.27077600,-0.02909332,1.57029040,-0.34106946,-0.35698826,-0.20726126,0.15255963,-0.05163315,0.00395970,-0.24570630,0.62521208,0.35987104,-0.25927394,0.10620040,-0.01574779,0.42616388
9.680000,-0.32731044,-0.20892828,1.27228805,-0.02960416,1.57032920,-0.34350429,-0.35033472,-0.20342839,0.14979255,-0.05051864,0.00380087,-0.24116690,0.70526523,0.40657003,-0.29404703,0.11665822,-0.01600953,0.48155769
9.690000,-0.33077721,-0.21094147,1.27377070,-0.03010334,1.57036641,-0.34589097,-0.34288833,-0.19913294,0.14668090,-0.04930094,0.00363966,-0.23607879,0.78370763,0.45234435,-0.32815847,0.12682978,-0.01622363,0.53585689
9.700000,-0.33416563,-0.21290943,1.27522055,-0.03058985,1.57040199,-0.34822408,-0.33466741,-0.19438545,0.14323224,-0.04798318,0.00347656,-0.23045444,0.86009636,0.49693508,-0.36141446,0.13666006,-0.01639023,0.58875425
9.710000,-0.33746806,-0.21482771,1.27663426,-0.03106269,1.57043593,-0.35049832,-0.32569472,-0.18919904,0.13945610,-0.04656906,0.00331202,-0.22430940,0.93398853,0.54008329,-0.39362119,0.14609405,-0.01650947,0.63994256
9.720000,-0.34067711,-0.21669200,1.27800862,-0.03152092,1.57046823,-0.35270859,-0.31599744,-0.18358945,0.13536396,-0.04506281,0.00314652,-0.21766231,1.00494123,0.58153005,-0.42458483,0.15507674,-0.01658150,0.68911460
9.730000,-0.34378569,-0.21849815,1.27934053,-0.03196365,1.57049886,-0.35484997,-0.30560717,-0.17757498,0.13096920,-0.04346921,0.00298054,-0.21053486,1.07251155,0.62101644,-0.45411159,0.16355310,-0.01660645,0.73596313
9.740000,-0.34678706,-0.22024222,1.28062704,-0.03239003,1.57052784,-0.35691777,-0.29455996,-0.17117652,0.12628716,-0.04179362,0.00281455,-0.20295182,1.13625659,0.65828351,-0.48200764,0.17146813,-0.01658447,0.78018095
9.750000,-0.34967484,-0.22192048,1.28186537,-0.03279927,1.57055515,-0.35890758,-0.28289627,-0.16441757,0.12133513,-0.04004191,0.00264901,-0.19494103,1.19573345,0.69307235,-0.50807917,0.17876681,-0.01651569,0.82146081
9.760000,-0.35244308,-0.22352946,1.28305291,-0.03319064,1.57058082,-0.36081527,-0.27066099,-0.15732420,0.11613231,-0.03822052,0.00248439,-0.18653342,1.25049922,0.72512403,-0.53213238,0.18539412,-0.01640026,0.85949552
9.770000,-0.35508632,-0.22506595,1.28418725,-0.03356347,1.57060485,-0.36263703,-0.25790346,-0.14992507,0.11069985,-0.03633644,0.00232116,-0.17776296,1.30011100,0.75417961,-0.55397345,0.19129505,-0.01623832,0.89397783
9.780000,-0.35759959,-0.22652704,1.28526622,-0.03391718,1.57062725,-0.36436944,-0.24467743,-0.14225145,0.10506086,-0.03439722,0.00215978,-0.16866672,1.34412588,0.77998017,-0.57340857,0.19641458,-0.01603000,0.92460053
9.790000,-0.35997850,-0.22791017,1.28628786,-0.03425126,1.57064805,-0.36600942,-0.23104108,-0.13433718,0.09924035,-0.03241094,0.00200072,-0.15928484,1.38210096,0.80226678,-0.59024393,0.20069770,-0.01577546,0.95105640
9.800000,-0.36221925,-0.22921311,1.28725051,-0.03456527,1.57066727,-0.36755433,-0.21705702,-0.12621870,0.09326529,-0.03038624,0.00184443,-0.14966051,1.41359333,0.82078051,-0.60428571,0.20408939,-0.01547482,0.97303821
9.810000,-0.36431870,-0.23043400,1.28815275,-0.03485889,1.57068495,-0.36900197,-0.20279230,-0.11793501,0.08716459,-0.02833231,0.00169137,-0.13984001,1.43816010,0.83526243,-0.61534010,0.20653464,-0.01512824,0.99023874
9.820000,-0.36627440,-0.23157139,1.28899348,-0.03513185,1.57070111,-0.37035064,-0.18831838,-0.10952775,0.08096909,-0.02625888,0.00154201,-0.12987270,1.45535835,0.84545362,-0.62321330,0.20797843,-0.01473585,1.00235077
9.830000,-0.36808462,-0.23262429,1.28977192,-0.03538403,1.57071580,-0.37159911,-0.17371117,-0.10104111,0.07471157,-0.02417626,0.00139681,-0.11981098,1.46474518,0.85109513,-0.62771148,0.20836575,-0.01429778,1.00906708
9.840000,-0.36974844,-0.23359211,1.29048762,-0.03561538,1.57072906,-0.37274673,-0.15905099,-0.09252188,0.06842676,-0.02209527,0.00125621,-0.10971037,1.46587769,0.85192806,-0.62864084,0.20764158,-0.01381420,1.01008044
9.850000,-0.37126575,-0.23447478,1.29114049,-0.03582598,1.57074094,-0.37379338,-0.14442261,-0.08401944,0.06215130,-0.02002732,0.00112067,-0.09962941,1.45831297,0.84769346,-0.62580757,0.20575091,-0.01328522,1.00508363
9.860000,-0.37263730,-0.23527272,1.29173081,-0.03601601,1.57075150,-0.37473959,-0.12991520,-0.07558576,0.05592379,-0.01798433,0.00099066,-0.08962975,1.44160812,0.83813240,-0.61901785,0.20263871,-0.01271100,0.99376943
9.870000,-0.37386477,-0.23598690,1.29225926,-0.03618579,1.57076078,-0.37558647,-0.11562239,-0.06727541,0.04978478,-0.01597880,0.00086661,-0.07977610,1.41532023,0.82298597,-0.60807786,0.19824999,-0.01209168,0.97583062
9.880000,-0.37495079,-0.23661883,1.29272694,-0.03633576,1.57076885,-0.37633582,-0.10164221,-0.05914552,0.04377672,-0.01402377,0.00074897,-0.07013624,1.37900641,0.80199522,-0.59279381,0.19252971,-0.01142739,0.95095997
9.890000,-0.37589900,-0.23717062,1.29313538,-0.03646648,1.57077578,-0.37699014,-0.08807715,-0.05125585,0.03794403,-0.01213283,0.00063821,-0.06078103,1.33222374,0.77490124,-0.57297187,0.18542287,-0.01071828,0.91885026
9.900000,-0.37671407,-0.23764496,1.29348656,-0.03657868,1.57078164,-0.37755264,-0.07503411,-0.04366870,0.03233305,-0.01032012,0.00053476,-0.05178439,1.27452932,0.74144509,-0.54841824,0.17687445,-0.00996449,0.87919428
9.910000,-0.37740179,-0.23804521,1.29378294,-0.03667319,1.57078650,-0.37802728,-0.06262442,-0.03644901,0.02699208,-0.00860033,0.00043907,-0.04322333,1.20548025,0.70136784,-0.51893910,0.16682943,-0.00916615,0.83168478
9.920000,-0.37796906,-0.23837539,1.29402747,-0.03675104,1.57079045,-0.37841882,-0.05096383,-0.02966428,0.02197133,-0.00698870,0.00035158,-0.03517790,1.12463362,0.65441056,-0.48434064,0.15523281,-0.00832342,0.77601457
9.930000,-0.37842396,-0.23864018,1.29422361,-0.03681338,1.57079356,-0.37873283,-0.04017255,-0.02338460,0.01732298,-0.00550102,0.00027274,-0.02773126,1.03154653,0.60031434,-0.44442905,0.14202955,-0.00743642,0.71187640
9.940000,-0.37877582,-0.23884501,1.29437535,-0.03686153,1.57079593,-0.37897573,-0.03037518,-0.01768265,0.01310111,-0.00415365,0.00020300,-0.02096962,0.92577607,0.53882022,-0.39901051,0.12716466,-0.00650531,0.63896306
9.950000,-0.37903521,-0.23899601,1.29448724,-0.03689698,1.57079765,-0.37915480,-0.02170078,-0.01263372,0.00936177,-0.00296345,0.00014279,-0.01498227,0.80687934,0.46966930,-0.34789122,0.11058311,-0.00553021,0.55696733
9.960000,-0.37921402,-0.23910012,1.29456439,-0.03692138,1.57079882,-0.37927826,-0.01428282,-0.00831565,0.00616293,-0.00194789,0.00009254,-0.00986157,0.67441344,0.39260264,-0.29087736,0.09222989,-0.00451128,0.46558199
9.970000,-0.37932551,-0.23916503,1.29461250,-0.03693658,1.57079954,-0.37935524,-0.00825922,-0.00480891,0.00356452,-0.00112494,0.00005271,-0.00570296,0.52793546,0.30736130,-0.22777512,0.07204999,-0.00344866,0.36449980
9.980000,-0.37938433,-0.23919928,1.29463789,-0.03694458,1.57079991,-0.37939586,-0.00377230,-0.00219654,0.00162837,-0.00051316,0.00002371,-0.00260493,0.36700250,0.21368637,-0.15839069,0.04998838,-0.00234247,0.25341356
9.990000,-0.37940657,-0.23921223,1.29464749,-0.03694761,1.57080005,-0.37941121,-0.00096883,-0.00056416,0.00041829,-0.00013163,0.00000600,-0.00066906,0.19117164,0.11131891,-0.08253025,0.02599006,-0.00119287,0.13201603
10.000000,-0.37940982,-0.23921412,1.29464889,-0.03694805,1.57080007,-0.37941346,0.00000000,0.00000000,-0.00000000,0.00000000,0.00000000,0.00000000,0.00000000,0.00000000,-0.00000000,0.00000000,-0.00000000,0.00000000
