scenario_id,angle_deg,center_x_m,center_y_m,center_z_m,speed_m_s,velocity_x_m_s,velocity_y_m_s,trigger_current_m,trigger_predicted_m,trigger_ok,local1_ready,coarse_m,fast_m,fast_ms,hold_start_m,hold_min_m,hold_end_m,tail_safe,moving_away,feasible
1,-75.0,0.48,-0.24,0.3662453006383523,0.06,-0.0579555495773441,0.015529142706151244,0.11126117483230785,0.0799179571048913,False,False,nan,nan,nan,nan,nan,nan,False,False,False
2,-75.0,0.48,-0.24,0.3662453006383523,0.08,-0.07727406610312547,0.02070552360820166,0.11126117483230785,0.06922970898503164,False,False,nan,nan,nan,nan,nan,nan,False,False,False
3,-75.0,0.48,-0.24,0.3662453006383523,0.1,-0.09659258262890684,0.025881904510252074,0.11126117483230785,0.058549950152026686,False,False,nan,nan,nan,nan,nan,nan,False,False,False
4,-75.0,0.48,-0.24,0.3662453006383523,0.12,-0.1159110991546882,0.03105828541230249,0.11126117483230785,0.04787967932186324,False,False,nan,nan,nan,nan,nan,nan,False,False,False
5,-75.0,0.48,-0.24,0.3662453006383523,0.14,-0.13522961568046957,0.036234666314352904,0.11126117483230785,0.03722005705032452,False,False,nan,nan,nan,nan,nan,nan,False,False,False
6,-75.0,0.48,-0.16,0.3662453006383523,0.06,-0.0579555495773441,0.015529142706151244,0.08318114364293594,0.05426140628708137,False,False,nan,nan,nan,nan,nan,nan,False,False,False
7,-75.0,0.48,-0.16,0.3662453006383523,0.08,-0.07727406610312547,0.02070552360820166,0.08318114364293594,0.04362711804730818,False,False,nan,nan,nan,nan,nan,nan,False,False,False
8,-75.0,0.48,-0.16,0.3662453006383523,0.1,-0.09659258262890684,0.025881904510252074,0.08318114364293594,0.03300975862712177,False,False,nan,nan,nan,nan,nan,nan,False,False,False
9,-75.0,0.48,-0.16,0.3662453006383523,0.12,-0.1159110991546882,0.03105828541230249,0.08318114364293594,0.022412032428082984,False,False,nan,nan,nan,nan,nan,nan,False,False,False
10,-75.0,0.48,-0.16,0.3662453006383523,0.14,-0.13522961568046957,0.036234666314352904,0.08318114364293594,0.011837244868232094,False,False,nan,nan,nan,nan,nan,nan,False,False,False
11,-75.0,0.48,-0.08,0.3662453006383523,0.06,-0.0579555495773441,0.015529142706151244,0.06889907582064567,0.04485639483690396,False,False,nan,nan,nan,nan,nan,nan,False,False,False
12,-75.0,0.48,-0.08,0.3662453006383523,0.08,-0.07727406610312547,0.02070552360820166,0.06889907582064567,0.03481001225189931,False,False,nan,nan,nan,nan,nan,nan,False,False,False
13,-75.0,0.48,-0.08,0.3662453006383523,0.1,-0.09659258262890684,0.025881904510252074,0.06889907582064567,0.024841629666453646,False,False,nan,nan,nan,nan,nan,nan,False,False,False
14,-75.0,0.48,-0.08,0.3662453006383523,0.12,-0.1159110991546882,0.03105828541230249,0.06889907582064567,0.014963374252281447,False,False,nan,nan,nan,nan,nan,nan,False,False,False
15,-75.0,0.48,-0.08,0.3662453006383523,0.14,-0.13522961568046957,0.036234666314352904,0.06889907582064567,0.005189862430560771,False,False,nan,nan,nan,nan,nan,nan,False,False,False
16,-75.0,0.48,0.0,0.3662453006383523,0.06,-0.0579555495773441,0.015529142706151244,0.03409335927680976,0.026788258027066664,False,False,nan,nan,nan,nan,nan,nan,False,False,False
17,-75.0,0.48,0.0,0.3662453006383523,0.08,-0.07727406610312547,0.02070552360820166,0.03409335927680976,0.028304444143964352,False,False,nan,nan,nan,nan,nan,nan,False,False,False
18,-75.0,0.48,0.0,0.3662453006383523,0.1,-0.09659258262890684,0.025881904510252074,0.03409335927680976,0.029850165623868302,False,False,nan,nan,nan,nan,nan,nan,False,False,False
19,-75.0,0.48,0.0,0.3662453006383523,0.12,-0.1159110991546882,0.03105828541230249,0.03409335927680976,0.03067461880724251,False,False,nan,nan,nan,nan,nan,nan,False,False,False
20,-75.0,0.48,0.0,0.3662453006383523,0.14,-0.13522961568046957,0.036234666314352904,0.03409335927680976,0.02903660435319541,False,False,nan,nan,nan,nan,nan,nan,False,False,False
21,-75.0,0.48,0.08,0.3662453006383523,0.06,-0.0579555495773441,0.015529142706151244,-0.029583360155055194,-0.031308257940536766,False,False,nan,nan,nan,nan,nan,nan,False,False,False
22,-75.0,0.48,0.08,0.3662453006383523,0.08,-0.07727406610312547,0.02070552360820166,-0.029583360155055194,-0.02977992298693133,False,False,nan,nan,nan,nan,nan,nan,False,False,False
23,-75.0,0.48,0.08,0.3662453006383523,0.1,-0.09659258262890684,0.025881904510252074,-0.029583360155055194,-0.029583360155055194,False,False,nan,nan,nan,nan,nan,nan,False,False,False
24,-75.0,0.48,0.08,0.3662453006383523,0.12,-0.1159110991546882,0.03105828541230249,-0.029583360155055194,-0.029583360155055194,False,False,nan,nan,nan,nan,nan,nan,False,False,False
25,-75.0,0.48,0.08,0.3662453006383523,0.14,-0.13522961568046957,0.036234666314352904,-0.029583360155055194,-0.029583360155055194,False,False,nan,nan,nan,nan,nan,nan,False,False,False
26,-75.0,0.54,-0.24,0.3662453006383523,0.06,-0.0579555495773441,0.015529142706151244,0.1585270465301356,0.12986408477124062,True,False,nan,nan,nan,nan,nan,nan,False,False,False
27,-75.0,0.54,-0.24,0.3662453006383523,0.08,-0.07727406610312547,0.02070552360820166,0.1585270465301356,0.12022401817845071,True,False,nan,nan,nan,nan,nan,nan,False,False,False
28,-75.0,0.54,-0.24,0.3662453006383523,0.1,-0.09659258262890684,0.025881904510252074,0.1585270465301356,0.1106643606858933,True,False,nan,nan,nan,nan,nan,nan,False,False,False
29,-75.0,0.54,-0.24,0.3662453006383523,0.12,-0.1159110991546882,0.03105828541230249,0.1585270465301356,0.10119314248596076,True,False,nan,nan,nan,nan,nan,nan,False,False,False
30,-75.0,0.54,-0.24,0.3662453006383523,0.14,-0.13522961568046957,0.036234666314352904,0.1585270465301356,0.0918194010277062,True,False,nan,nan,nan,nan,nan,nan,False,False,False
31,-75.0,0.54,-0.16,0.3662453006383523,0.06,-0.0579555495773441,0.015529142706151244,0.12881598933347121,0.10206967242823428,True,False,nan,nan,nan,nan,nan,nan,False,False,False
32,-75.0,0.54,-0.16,0.3662453006383523,0.08,-0.07727406610312547,0.02070552360820166,0.12881598933347121,0.09313936294778583,True,False,nan,nan,nan,nan,nan,nan,False,False,False
33,-75.0,0.54,-0.16,0.3662453006383523,0.1,-0.09659258262890684,0.025881904510252074,0.12881598933347121,0.08434717082966045,True,False,nan,nan,nan,nan,nan,nan,False,False,False
34,-75.0,0.54,-0.16,0.3662453006383523,0.12,-0.1159110991546882,0.03105828541230249,0.12881598933347121,0.07570703069203699,True,False,nan,nan,nan,nan,nan,nan,False,False,False
35,-75.0,0.54,-0.16,0.3662453006383523,0.14,-0.13522961568046957,0.036234666314352904,0.12881598933347121,0.06723449326453915,True,False,nan,nan,nan,nan,nan,nan,False,False,False
36,-75.0,0.54,-0.08,0.3662453006383523,0.06,-0.0579555495773441,0.015529142706151244,0.09607351250836399,0.07854250985967726,False,False,nan,nan,nan,nan,nan,nan,False,False,False
37,-75.0,0.54,-0.08,0.3662453006383523,0.08,-0.07727406610312547,0.02070552360820166,0.09607351250836399,0.07683169563025935,False,False,nan,nan,nan,nan,nan,nan,False,False,False
38,-75.0,0.54,-0.08,0.3662453006383523,0.1,-0.09659258262890684,0.025881904510252074,0.09607351250836399,0.07547689298810184,False,False,nan,nan,nan,nan,nan,nan,False,False,False
39,-75.0,0.54,-0.08,0.3662453006383523,0.12,-0.1159110991546882,0.03105828541230249,0.09607351250836399,0.06900730496991897,False,False,nan,nan,nan,nan,nan,nan,False,False,False
40,-75.0,0.54,-0.08,0.3662453006383523,0.14,-0.13522961568046957,0.036234666314352904,0.09607351250836399,0.061230776493951034,False,False,nan,nan,nan,nan,nan,nan,False,False,False
41,-75.0,0.54,0.0,0.3662453006383523,0.06,-0.0579555495773441,0.015529142706151244,0.024152002007902962,0.008558209826273616,False,False,nan,nan,nan,nan,nan,nan,False,False,False
42,-75.0,0.54,0.0,0.3662453006383523,0.08,-0.07727406610312547,0.02070552360820166,0.024152002007902962,0.007530976148319574,False,False,nan,nan,nan,nan,nan,nan,False,False,False
43,-75.0,0.54,0.0,0.3662453006383523,0.1,-0.09659258262890684,0.025881904510252074,0.024152002007902962,0.006979681746777128,False,False,nan,nan,nan,nan,nan,nan,False,False,False
44,-75.0,0.54,0.0,0.3662453006383523,0.12,-0.1159110991546882,0.03105828541230249,0.024152002007902962,0.006902643367220435,False,False,nan,nan,nan,nan,nan,nan,False,False,False
45,-75.0,0.54,0.0,0.3662453006383523,0.14,-0.13522961568046957,0.036234666314352904,0.024152002007902962,0.007295012706211218,False,False,nan,nan,nan,nan,nan,nan,False,False,False
46,-75.0,0.54,0.08,0.3662453006383523,0.06,-0.0579555495773441,0.015529142706151244,-0.047556134990628135,-0.05982683936606423,False,False,nan,nan,nan,nan,nan,nan,False,False,False
47,-75.0,0.54,0.08,0.3662453006383523,0.08,-0.07727406610312547,0.02070552360820166,-0.047556134990628135,-0.05921622223807055,False,False,nan,nan,nan,nan,nan,nan,False,False,False
48,-75.0,0.54,0.08,0.3662453006383523,0.1,-0.09659258262890684,0.025881904510252074,-0.047556134990628135,-0.057929640398491994,False,False,nan,nan,nan,nan,nan,nan,False,False,False
49,-75.0,0.54,0.08,0.3662453006383523,0.12,-0.1159110991546882,0.03105828541230249,-0.047556134990628135,-0.056596712654871345,False,False,nan,nan,nan,nan,nan,nan,False,False,False
50,-75.0,0.54,0.08,0.3662453006383523,0.14,-0.13522961568046957,0.036234666314352904,-0.047556134990628135,-0.05587331944207574,False,False,nan,nan,nan,nan,nan,nan,False,False,False
51,-75.0,0.6,-0.24,0.3662453006383523,0.06,-0.0579555495773441,0.015529142706151244,0.20482794557359657,0.17598789012916632,False,False,nan,nan,nan,nan,nan,nan,False,False,False
52,-75.0,0.6,-0.24,0.3662453006383523,0.08,-0.07727406610312547,0.02070552360820166,0.20482794557359657,0.16654464399496913,False,False,nan,nan,nan,nan,nan,nan,False,False,False
53,-75.0,0.6,-0.24,0.3662453006383523,0.1,-0.09659258262890684,0.025881904510252074,0.20482794557359657,0.15718086658510572,False,False,nan,nan,nan,nan,nan,nan,False,False,False
54,-75.0,0.6,-0.24,0.3662453006383523,0.12,-0.1159110991546882,0.03105828541230249,0.20482794557359657,0.14790314705426458,False,False,nan,nan,nan,nan,nan,nan,False,False,False
55,-75.0,0.6,-0.24,0.3662453006383523,0.14,-0.13522961568046957,0.036234666314352904,0.20482794557359657,0.13871874565872944,True,False,nan,nan,nan,nan,nan,nan,False,False,False
56,-75.0,0.6,-0.16,0.3662453006383523,0.06,-0.0579555495773441,0.015529142706151244,0.17496008865397916,0.15111647450115834,False,False,nan,nan,nan,nan,nan,nan,False,False,False
57,-75.0,0.6,-0.16,0.3662453006383523,0.08,-0.07727406610312547,0.02070552360820166,0.17496008865397916,0.1415879954720584,False,False,nan,nan,nan,nan,nan,nan,False,False,False
58,-75.0,0.6,-0.16,0.3662453006383523,0.1,-0.09659258262890684,0.025881904510252074,0.17496008865397916,0.13214072202120203,True,False,nan,nan,nan,nan,nan,nan,False,False,False
59,-75.0,0.6,-0.16,0.3662453006383523,0.12,-0.1159110991546882,0.03105828541230249,0.17496008865397916,0.12278205281692053,True,False,nan,nan,nan,nan,nan,nan,False,False,False
60,-75.0,0.6,-0.16,0.3662453006383523,0.14,-0.13522961568046957,0.036234666314352904,0.17496008865397916,0.11352022264545886,True,False,nan,nan,nan,nan,nan,nan,False,False,False
61,-75.0,0.6,-0.08,0.3662453006383523,0.06,-0.0579555495773441,0.015529142706151244,0.10061404566209836,0.07711681818310845,False,False,nan,nan,nan,nan,nan,nan,False,False,False
62,-75.0,0.6,-0.08,0.3662453006383523,0.08,-0.07727406610312547,0.02070552360820166,0.10061404566209836,0.07330767530585067,False,False,nan,nan,nan,nan,nan,nan,False,False,False
63,-75.0,0.6,-0.08,0.3662453006383523,0.1,-0.09659258262890684,0.025881904510252074,0.10061404566209836,0.06983175510819856,False,False,nan,nan,nan,nan,nan,nan,False,False,False
64,-75.0,0.6,-0.08,0.3662453006383523,0.12,-0.1159110991546882,0.03105828541230249,0.10061404566209836,0.06669893750199893,False,False,nan,nan,nan,nan,nan,nan,False,False,False
65,-75.0,0.6,-0.08,0.3662453006383523,0.14,-0.13522961568046957,0.036234666314352904,0.10061404566209836,0.06391815632908582,False,False,nan,nan,nan,nan,nan,nan,False,False,False
66,-75.0,0.6,0.0,0.3662453006383523,0.06,-0.0579555495773441,0.015529142706151244,0.02978914920655293,0.005888782193028019,False,False,nan,nan,nan,nan,nan,nan,False,False,False
67,-75.0,0.6,0.0,0.3662453006383523,0.08,-0.07727406610312547,0.02070552360820166,0.02978914920655293,0.0022481222923462496,False,False,nan,nan,nan,nan,nan,nan,False,False,False
68,-75.0,0.6,0.0,0.3662453006383523,0.1,-0.09659258262890684,0.025881904510252074,0.02978914920655293,-0.0009376505229323484,False,False,nan,nan,nan,nan,nan,nan,False,False,False
69,-75.0,0.6,0.0,0.3662453006383523,0.12,-0.1159110991546882,0.03105828541230249,0.02978914920655293,-0.0036522899048486712,False,False,nan,nan,nan,nan,nan,nan,False,False,False
70,-75.0,0.6,0.0,0.3662453006383523,0.14,-0.13522961568046957,0.036234666314352904,0.02978914920655293,-0.0059218482137501915,False,False,nan,nan,nan,nan,nan,nan,False,False,False
71,-75.0,0.6,0.08,0.3662453006383523,0.06,-0.0579555495773441,0.015529142706151244,-0.042714874342271864,-0.0670925929663633,False,False,nan,nan,nan,nan,nan,nan,False,False,False
72,-75.0,0.6,0.08,0.3662453006383523,0.08,-0.07727406610312547,0.02070552360820166,-0.042714874342271864,-0.07073522688167411,False,False,nan,nan,nan,nan,nan,nan,False,False,False
73,-75.0,0.6,0.08,0.3662453006383523,0.1,-0.09659258262890684,0.025881904510252074,-0.042714874342271864,-0.07366662143484598,False,False,nan,nan,nan,nan,nan,nan,False,False,False
74,-75.0,0.6,0.08,0.3662453006383523,0.12,-0.1159110991546882,0.03105828541230249,-0.042714874342271864,-0.07585130007947025,False,False,nan,nan,nan,nan,nan,nan,False,False,False
75,-75.0,0.6,0.08,0.3662453006383523,0.14,-0.13522961568046957,0.036234666314352904,-0.042714874342271864,-0.07726495023564348,False,False,nan,nan,nan,nan,nan,nan,False,False,False
76,-75.0,0.66,-0.24,0.3662453006383523,0.06,-0.0579555495773441,0.015529142706151244,0.2546931154696529,0.22520025132569782,False,False,nan,nan,nan,nan,nan,nan,False,False,False
77,-75.0,0.66,-0.24,0.3662453006383523,0.08,-0.07727406610312547,0.02070552360820166,0.2546931154696529,0.2153467907215065,False,False,nan,nan,nan,nan,nan,nan,False,False,False
78,-75.0,0.66,-0.24,0.3662453006383523,0.1,-0.09659258262890684,0.025881904510252074,0.2546931154696529,0.205542515727352,False,False,nan,nan,nan,nan,nan,nan,False,False,False
79,-75.0,0.66,-0.24,0.3662453006383523,0.12,-0.1159110991546882,0.03105828541230249,0.2546931154696529,0.1957911403254071,False,False,nan,nan,nan,nan,nan,nan,False,False,False
80,-75.0,0.66,-0.24,0.3662453006383523,0.14,-0.13522961568046957,0.036234666314352904,0.2546931154696529,0.18609673671997962,False,False,nan,nan,nan,nan,nan,nan,False,False,False
81,-75.0,0.66,-0.16,0.3662453006383523,0.06,-0.0579555495773441,0.015529142706151244,0.1879979445145714,0.1606124306611108,False,False,nan,nan,nan,nan,nan,nan,False,False,False
82,-75.0,0.66,-0.16,0.3662453006383523,0.08,-0.07727406610312547,0.02070552360820166,0.1879979445145714,0.1553100250655867,False,False,nan,nan,nan,nan,nan,nan,False,False,False
83,-75.0,0.66,-0.16,0.3662453006383523,0.1,-0.09659258262890684,0.025881904510252074,0.1879979445145714,0.15023323524995152,False,False,nan,nan,nan,nan,nan,nan,False,False,False
84,-75.0,0.66,-0.16,0.3662453006383523,0.12,-0.1159110991546882,0.03105828541230249,0.1879979445145714,0.1453903449744177,False,False,nan,nan,nan,nan,nan,nan,False,False,False
85,-75.0,0.66,-0.16,0.3662453006383523,0.14,-0.13522961568046957,0.036234666314352904,0.1879979445145714,0.14078956173963575,False,False,nan,nan,nan,nan,nan,nan,False,False,False
86,-75.0,0.66,-0.08,0.3662453006383523,0.06,-0.0579555495773441,0.015529142706151244,0.11674913256168179,0.0883737326734923,False,False,nan,nan,nan,nan,nan,nan,False,False,False
87,-75.0,0.66,-0.08,0.3662453006383523,0.08,-0.07727406610312547,0.02070552360820166,0.11674913256168179,0.08265708806140351,False,False,nan,nan,nan,nan,nan,nan,False,False,False
88,-75.0,0.66,-0.08,0.3662453006383523,0.1,-0.09659258262890684,0.025881904510252074,0.11674913256168179,0.07721092786508804,False,False,nan,nan,nan,nan,nan,nan,False,False,False
89,-75.0,0.66,-0.08,0.3662453006383523,0.12,-0.1159110991546882,0.03105828541230249,0.11674913256168179,0.07204890693684732,False,False,nan,nan,nan,nan,nan,nan,False,False,False
90,-75.0,0.66,-0.08,0.3662453006383523,0.14,-0.13522961568046957,0.036234666314352904,0.11674913256168179,0.06718469343169092,False,False,nan,nan,nan,nan,nan,nan,False,False,False
91,-75.0,0.66,0.0,0.3662453006383523,0.06,-0.0579555495773441,0.015529142706151244,0.04811880778189104,0.01804028204905489,False,False,nan,nan,nan,nan,nan,nan,False,False,False
92,-75.0,0.66,0.0,0.3662453006383523,0.08,-0.07727406610312547,0.02070552360820166,0.04811880778189104,0.011871576048107652,False,False,nan,nan,nan,nan,nan,nan,False,False,False
93,-75.0,0.66,0.0,0.3662453006383523,0.1,-0.09659258262890684,0.025881904510252074,0.04811880778189104,0.006043212154643596,False,False,nan,nan,nan,nan,nan,nan,False,False,False
94,-75.0,0.66,0.0,0.3662453006383523,0.12,-0.1159110991546882,0.03105828541230249,0.04811880778189104,0.0005802802029865606,False,False,nan,nan,nan,nan,nan,nan,False,False,False
95,-75.0,0.66,0.0,0.3662453006383523,0.14,-0.13522961568046957,0.036234666314352904,0.04811880778189104,-0.004491705480115904,False,False,nan,nan,nan,nan,nan,nan,False,False,False
96,-75.0,0.66,0.08,0.3662453006383523,0.06,-0.0579555495773441,0.015529142706151244,-0.016882267037456544,-0.04901630880813554,False,False,nan,nan,nan,nan,nan,nan,False,False,False
97,-75.0,0.66,0.08,0.3662453006383523,0.08,-0.07727406610312547,0.02070552360820166,-0.016882267037456544,-0.05622724438719903,False,False,nan,nan,nan,nan,nan,nan,False,False,False
98,-75.0,0.66,0.08,0.3662453006383523,0.1,-0.09659258262890684,0.025881904510252074,-0.016882267037456544,-0.06301756478922466,False,False,nan,nan,nan,nan,nan,nan,False,False,False
99,-75.0,0.66,0.08,0.3662453006383523,0.12,-0.1159110991546882,0.03105828541230249,-0.016882267037456544,-0.06933115435557022,False,False,nan,nan,nan,nan,nan,nan,False,False,False
100,-75.0,0.66,0.08,0.3662453006383523,0.14,-0.13522961568046957,0.036234666314352904,-0.016882267037456544,-0.07510722591990904,False,False,nan,nan,nan,nan,nan,nan,False,False,False
101,-75.0,0.72,-0.24,0.3662453006383523,0.06,-0.0579555495773441,0.015529142706151244,0.2803522316786447,0.25085088950677475,False,False,nan,nan,nan,nan,nan,nan,False,False,False
102,-75.0,0.72,-0.24,0.3662453006383523,0.08,-0.07727406610312547,0.02070552360820166,0.2803522316786447,0.2446987654905067,False,False,nan,nan,nan,nan,nan,nan,False,False,False
103,-75.0,0.72,-0.24,0.3662453006383523,0.1,-0.09659258262890684,0.025881904510252074,0.2803522316786447,0.23870811851408946,False,False,nan,nan,nan,nan,nan,nan,False,False,False
104,-75.0,0.72,-0.24,0.3662453006383523,0.12,-0.1159110991546882,0.03105828541230249,0.2803522316786447,0.23288470336483222,False,False,nan,nan,nan,nan,nan,nan,False,False,False
105,-75.0,0.72,-0.24,0.3662453006383523,0.14,-0.13522961568046957,0.036234666314352904,0.2803522316786447,0.22723435265307984,False,False,nan,nan,nan,nan,nan,nan,False,False,False
106,-75.0,0.72,-0.16,0.3662453006383523,0.06,-0.0579555495773441,0.015529142706151244,0.20954591479607237,0.17892423088416126,False,False,nan,nan,nan,nan,nan,nan,False,False,False
107,-75.0,0.72,-0.16,0.3662453006383523,0.08,-0.07727406610312547,0.02070552360820166,0.20954591479607237,0.17229768745231164,False,False,nan,nan,nan,nan,nan,nan,False,False,False
108,-75.0,0.72,-0.16,0.3662453006383523,0.1,-0.09659258262890684,0.025881904510252074,0.20954591479607237,0.16585013476252158,False,False,nan,nan,nan,nan,nan,nan,False,False,False
109,-75.0,0.72,-0.16,0.3662453006383523,0.12,-0.1159110991546882,0.03105828541230249,0.20954591479607237,0.15958991217723958,False,False,nan,nan,nan,nan,nan,nan,False,False,False
110,-75.0,0.72,-0.16,0.3662453006383523,0.14,-0.13522961568046957,0.036234666314352904,0.20954591479607237,0.15352558204824834,False,False,nan,nan,nan,nan,nan,nan,False,False,False
111,-75.0,0.72,-0.08,0.3662453006383523,0.06,-0.0579555495773441,0.015529142706151244,0.14283492829255073,0.110946147513108,True,False,nan,nan,nan,nan,nan,nan,False,False,False
112,-75.0,0.72,-0.08,0.3662453006383523,0.08,-0.07727406610312547,0.02070552360820166,0.14283492829255073,0.10370283612590445,True,False,nan,nan,nan,nan,nan,nan,False,False,False
113,-75.0,0.72,-0.08,0.3662453006383523,0.1,-0.09659258262890684,0.025881904510252074,0.14283492829255073,0.09665458907298763,True,False,nan,nan,nan,nan,nan,nan,False,False,False
114,-75.0,0.72,-0.08,0.3662453006383523,0.12,-0.1159110991546882,0.03105828541230249,0.14283492829255073,0.08981384876794382,True,False,nan,nan,nan,nan,nan,nan,False,False,False
115,-75.0,0.72,-0.08,0.3662453006383523,0.14,-0.13522961568046957,0.036234666314352904,0.14283492829255073,0.08319367027810654,True,False,nan,nan,nan,nan,nan,nan,False,False,False
116,-75.0,0.72,0.0,0.3662453006383523,0.06,-0.0579555495773441,0.015529142706151244,0.0785263471160993,0.04463233149261081,False,False,nan,nan,nan,nan,nan,nan,False,False,False
117,-75.0,0.72,0.0,0.3662453006383523,0.08,-0.07727406610312547,0.02070552360820166,0.0785263471160993,0.03664377334639232,False,False,nan,nan,nan,nan,nan,nan,False,False,False
118,-75.0,0.72,0.0,0.3662453006383523,0.1,-0.09659258262890684,0.025881904510252074,0.0785263471160993,0.02886349308207678,False,False,nan,nan,nan,nan,nan,nan,False,False,False
119,-75.0,0.72,0.0,0.3662453006383523,0.12,-0.1159110991546882,0.03105828541230249,0.0785263471160993,0.02131084408577663,False,False,nan,nan,nan,nan,nan,nan,False,False,False
120,-75.0,0.72,0.0,0.3662453006383523,0.14,-0.13522961568046957,0.036234666314352904,0.0785263471160993,0.014006896472900598,False,False,nan,nan,nan,nan,nan,nan,False,False,False
121,-75.0,0.72,0.08,0.3662453006383523,0.06,-0.0579555495773441,0.015529142706151244,0.0226816025846944,-0.012737310020858178,False,False,nan,nan,nan,nan,nan,nan,False,False,False
122,-75.0,0.72,0.08,0.3662453006383523,0.08,-0.07727406610312547,0.02070552360820166,0.0226816025846944,-0.02185934502954881,False,False,nan,nan,nan,nan,nan,nan,False,False,False
123,-75.0,0.72,0.08,0.3662453006383523,0.1,-0.09659258262890684,0.025881904510252074,0.0226816025846944,-0.03080301946211944,False,False,nan,nan,nan,nan,nan,nan,False,False,False
124,-75.0,0.72,0.08,0.3662453006383523,0.12,-0.1159110991546882,0.03105828541230249,0.0226816025846944,-0.039541844658999764,False,False,nan,nan,nan,nan,nan,nan,False,False,False
125,-75.0,0.72,0.08,0.3662453006383523,0.14,-0.13522961568046957,0.036234666314352904,0.0226816025846944,-0.04804470598196231,False,False,nan,nan,nan,nan,nan,nan,False,False,False
126,-75.0,0.78,-0.24,0.3662453006383523,0.06,-0.0579555495773441,0.015529142706151244,0.30511197026401987,0.27328119917837396,False,False,nan,nan,nan,nan,nan,nan,False,False,False
127,-75.0,0.78,-0.24,0.3662453006383523,0.08,-0.07727406610312547,0.02070552360820166,0.30511197026401987,0.2661495276038808,False,False,nan,nan,nan,nan,nan,nan,False,False,False
128,-75.0,0.78,-0.24,0.3662453006383523,0.1,-0.09659258262890684,0.025881904510252074,0.30511197026401987,0.2591474349325016,False,False,nan,nan,nan,nan,nan,nan,False,False,False
129,-75.0,0.78,-0.24,0.3662453006383523,0.12,-0.1159110991546882,0.03105828541230249,0.30511197026401987,0.25228020448505106,False,False,nan,nan,nan,nan,nan,nan,False,False,False
130,-75.0,0.78,-0.24,0.3662453006383523,0.14,-0.13522961568046957,0.036234666314352904,0.30511197026401987,0.24555328621614242,False,False,nan,nan,nan,nan,nan,nan,False,False,False
131,-75.0,0.78,-0.16,0.3662453006383523,0.06,-0.0579555495773441,0.015529142706151244,0.23834436308274115,0.20533802124580447,False,False,nan,nan,nan,nan,nan,nan,False,False,False
132,-75.0,0.78,-0.16,0.3662453006383523,0.08,-0.07727406610312547,0.02070552360820166,0.23834436308274115,0.19764904408854087,False,False,nan,nan,nan,nan,nan,nan,False,False,False
133,-75.0,0.78,-0.16,0.3662453006383523,0.1,-0.09659258262890684,0.025881904510252074,0.23834436308274115,0.19009366383876003,False,False,nan,nan,nan,nan,nan,nan,False,False,False
134,-75.0,0.78,-0.16,0.3662453006383523,0.12,-0.1159110991546882,0.03105828541230249,0.23834436308274115,0.18267888137981161,False,False,nan,nan,nan,nan,nan,nan,False,False,False
135,-75.0,0.78,-0.16,0.3662453006383523,0.14,-0.13522961568046957,0.036234666314352904,0.23834436308274115,0.1754120338109701,False,False,nan,nan,nan,nan,nan,nan,False,False,False
136,-75.0,0.78,-0.08,0.3662453006383523,0.06,-0.0579555495773441,0.015529142706151244,0.17634096748199984,0.14187998905049826,False,False,nan,nan,nan,nan,nan,nan,False,False,False
137,-75.0,0.78,-0.08,0.3662453006383523,0.08,-0.07727406610312547,0.02070552360820166,0.17634096748199984,0.133631066260155,True,True,0.11731308599327481,0.13379504948564166,47.660827985964715,0.14319504948564166,0.11102053769655987,0.11102053769655987,False,False,False
138,-75.0,0.78,-0.08,0.3662453006383523,0.1,-0.09659258262890684,0.025881904510252074,0.17634096748199984,0.12551756217712362,True,False,nan,nan,nan,nan,nan,nan,False,False,False
139,-75.0,0.78,-0.08,0.3662453006383523,0.12,-0.1159110991546882,0.03105828541230249,0.17634096748199984,0.11754871533406477,True,False,nan,nan,nan,nan,nan,nan,False,False,False
140,-75.0,0.78,-0.08,0.3662453006383523,0.14,-0.13522961568046957,0.036234666314352904,0.17634096748199984,0.10973441503374654,True,False,nan,nan,nan,nan,nan,nan,False,False,False
141,-75.0,0.78,0.0,0.3662453006383523,0.06,-0.0579555495773441,0.015529142706151244,0.11753651468699378,0.08162712990903126,False,False,nan,nan,nan,nan,nan,nan,False,False,False
142,-75.0,0.78,0.0,0.3662453006383523,0.08,-0.07727406610312547,0.02070552360820166,0.11753651468699378,0.07250034314281714,False,False,nan,nan,nan,nan,nan,nan,False,False,False
143,-75.0,0.78,0.0,0.3662453006383523,0.1,-0.09659258262890684,0.025881904510252074,0.11753651468699378,0.06348853792371573,False,False,nan,nan,nan,nan,nan,nan,False,False,False
144,-75.0,0.78,0.0,0.3662453006383523,0.12,-0.1159110991546882,0.03105828541230249,0.11753651468699378,0.05460266546966849,False,False,nan,nan,nan,nan,nan,nan,False,False,False
145,-75.0,0.78,0.0,0.3662453006383523,0.14,-0.13522961568046957,0.036234666314352904,0.11753651468699378,0.04585491051801416,False,False,nan,nan,nan,nan,nan,nan,False,False,False
146,-75.0,0.78,0.08,0.3662453006383523,0.06,-0.0579555495773441,0.015529142706151244,0.0680240187681409,0.031200281286880988,False,False,nan,nan,nan,nan,nan,nan,False,False,False
147,-75.0,0.78,0.08,0.3662453006383523,0.08,-0.07727406610312547,0.02070552360820166,0.0680240187681409,0.021762894069583844,False,False,nan,nan,nan,nan,nan,nan,False,False,False
148,-75.0,0.78,0.08,0.3662453006383523,0.1,-0.09659258262890684,0.025881904510252074,0.0680240187681409,0.012471836677699327,False,False,nan,nan,nan,nan,nan,nan,False,False,False
149,-75.0,0.78,0.08,0.3662453006383523,0.12,-0.1159110991546882,0.03105828541230249,0.0680240187681409,0.0033496603313745987,False,False,nan,nan,nan,nan,nan,nan,False,False,False
150,-75.0,0.78,0.08,0.3662453006383523,0.14,-0.13522961568046957,0.036234666314352904,0.0680240187681409,-0.005997556383577518,False,False,nan,nan,nan,nan,nan,nan,False,False,False
151,-75.0,0.84,-0.24,0.3662453006383523,0.06,-0.0579555495773441,0.015529142706151244,0.3355027154871771,0.30189950232330237,False,False,nan,nan,nan,nan,nan,nan,False,False,False
152,-75.0,0.84,-0.24,0.3662453006383523,0.08,-0.07727406610312547,0.02070552360820166,0.3355027154871771,0.29396603587044934,False,False,nan,nan,nan,nan,nan,nan,False,False,False
153,-75.0,0.84,-0.24,0.3662453006383523,0.1,-0.09659258262890684,0.025881904510252074,0.3355027154871771,0.2861329358630493,False,False,nan,nan,nan,nan,nan,nan,False,False,False
154,-75.0,0.84,-0.24,0.3662453006383523,0.12,-0.1159110991546882,0.03105828541230249,0.3355027154871771,0.27840459157366226,False,False,nan,nan,nan,nan,nan,nan,False,False,False
155,-75.0,0.84,-0.24,0.3662453006383523,0.14,-0.13522961568046957,0.036234666314352904,0.3355027154871771,0.2707855806935435,False,False,nan,nan,nan,nan,nan,nan,False,False,False
156,-75.0,0.84,-0.16,0.3662453006383523,0.06,-0.0579555495773441,0.015529142706151244,0.27306471818893263,0.23839728418713535,False,False,nan,nan,nan,nan,nan,nan,False,False,False
157,-75.0,0.84,-0.16,0.3662453006383523,0.08,-0.07727406610312547,0.02070552360820166,0.27306471818893263,0.22989536456665335,False,False,nan,nan,nan,nan,nan,nan,False,False,False
158,-75.0,0.84,-0.16,0.3662453006383523,0.1,-0.09659258262890684,0.025881904510252074,0.27306471818893263,0.22148923078380228,False,False,nan,nan,nan,nan,nan,nan,False,False,False
159,-75.0,0.84,-0.16,0.3662453006383523,0.12,-0.1159110991546882,0.03105828541230249,0.27306471818893263,0.2131841212349366,False,False,nan,nan,nan,nan,nan,nan,False,False,False
160,-75.0,0.84,-0.16,0.3662453006383523,0.14,-0.13522961568046957,0.036234666314352904,0.27306471818893263,0.2049855858290654,False,False,nan,nan,nan,nan,nan,nan,False,False,False
161,-75.0,0.84,-0.08,0.3662453006383523,0.06,-0.0579555495773441,0.015529142706151244,0.2148285130552096,0.17888094324925913,False,False,nan,nan,nan,nan,nan,nan,False,False,False
162,-75.0,0.84,-0.08,0.3662453006383523,0.08,-0.07727406610312547,0.02070552360820166,0.2148285130552096,0.1698164836453682,False,False,nan,nan,nan,nan,nan,nan,False,False,False
163,-75.0,0.84,-0.08,0.3662453006383523,0.1,-0.09659258262890684,0.025881904510252074,0.2148285130552096,0.16083909496070403,False,False,nan,nan,nan,nan,nan,nan,False,False,False
164,-75.0,0.84,-0.08,0.3662453006383523,0.12,-0.1159110991546882,0.03105828541230249,0.2148285130552096,0.15195477709352725,False,False,nan,nan,nan,nan,nan,nan,False,False,False
165,-75.0,0.84,-0.08,0.3662453006383523,0.14,-0.13522961568046957,0.036234666314352904,0.2148285130552096,0.14317001586124856,False,False,nan,nan,nan,nan,nan,nan,False,False,False
166,-75.0,0.84,0.0,0.3662453006383523,0.06,-0.0579555495773441,0.015529142706151244,0.16236446648740338,0.12551468521602221,True,True,0.11958277452969315,0.12926601911225785,49.77597703691572,0.13706601911225785,0.10855263154524969,0.10855263154524969,False,False,False
167,-75.0,0.84,0.0,0.3662453006383523,0.08,-0.07727406610312547,0.02070552360820166,0.16236446648740338,0.11571566977494976,True,False,nan,nan,nan,nan,nan,nan,False,False,False
168,-75.0,0.84,0.0,0.3662453006383523,0.1,-0.09659258262890684,0.025881904510252074,0.16236446648740338,0.10597815894748819,True,False,nan,nan,nan,nan,nan,nan,False,False,False
169,-75.0,0.84,0.0,0.3662453006383523,0.12,-0.1159110991546882,0.03105828541230249,0.16236446648740338,0.09630764302554148,True,False,nan,nan,nan,nan,nan,nan,False,False,False
170,-75.0,0.84,0.0,0.3662453006383523,0.14,-0.13522961568046957,0.036234666314352904,0.16236446648740338,0.08671023666938404,True,False,nan,nan,nan,nan,nan,nan,False,False,False
171,-75.0,0.84,0.08,0.3662453006383523,0.06,-0.0579555495773441,0.015529142706151244,0.11546149415875973,0.07787631214482651,False,False,nan,nan,nan,nan,nan,nan,False,False,False
172,-75.0,0.84,0.08,0.3662453006383523,0.08,-0.07727406610312547,0.02070552360820166,0.11546149415875973,0.06766662470787341,False,False,nan,nan,nan,nan,nan,nan,False,False,False
173,-75.0,0.84,0.08,0.3662453006383523,0.1,-0.09659258262890684,0.025881904510252074,0.11546149415875973,0.057509343381022426,False,False,nan,nan,nan,nan,nan,nan,False,False,False
174,-75.0,0.84,0.08,0.3662453006383523,0.12,-0.1159110991546882,0.03105828541230249,0.11546149415875973,0.04741149501254924,False,False,nan,nan,nan,nan,nan,nan,False,False,False
175,-75.0,0.84,0.08,0.3662453006383523,0.14,-0.13522961568046957,0.036234666314352904,0.11546149415875973,0.03738136325743174,False,False,nan,nan,nan,nan,nan,nan,False,False,False
176,-60.0,0.48,-0.24,0.3662453006383523,0.06,-0.05196152422706631,0.030000000000000006,0.11126117483230785,0.08043899246777508,False,False,nan,nan,nan,nan,nan,nan,False,False,False
177,-60.0,0.48,-0.24,0.3662453006383523,0.08,-0.06928203230275509,0.04000000000000001,0.11126117483230785,0.06994941999487911,False,False,nan,nan,nan,nan,nan,nan,False,False,False
178,-60.0,0.48,-0.24,0.3662453006383523,0.1,-0.08660254037844387,0.05000000000000002,0.11126117483230785,0.059483111466391125,False,False,nan,nan,nan,nan,nan,nan,False,False,False
179,-60.0,0.48,-0.24,0.3662453006383523,0.12,-0.10392304845413262,0.06000000000000001,0.11126117483230785,0.04904273232668535,False,False,nan,nan,nan,nan,nan,nan,False,False,False
180,-60.0,0.48,-0.24,0.3662453006383523,0.14,-0.12124355652982141,0.07000000000000002,0.11126117483230785,0.03863136239837847,False,False,nan,nan,nan,nan,nan,nan,False,False,False
181,-60.0,0.48,-0.16,0.3662453006383523,0.06,-0.05196152422706631,0.030000000000000006,0.08318114364293594,0.05502908613619911,False,False,nan,nan,nan,nan,nan,nan,False,False,False
182,-60.0,0.48,-0.16,0.3662453006383523,0.08,-0.06928203230275509,0.04000000000000001,0.08318114364293594,0.044699149122121695,False,False,nan,nan,nan,nan,nan,nan,False,False,False
183,-60.0,0.48,-0.16,0.3662453006383523,0.1,-0.08660254037844387,0.05000000000000002,0.08318114364293594,0.03441615959592964,False,False,nan,nan,nan,nan,nan,nan,False,False,False
184,-60.0,0.48,-0.16,0.3662453006383523,0.12,-0.10392304845413262,0.06000000000000001,0.08318114364293594,0.02418729303415887,False,False,nan,nan,nan,nan,nan,nan,False,False,False
185,-60.0,0.48,-0.16,0.3662453006383523,0.14,-0.12124355652982141,0.07000000000000002,0.08318114364293594,0.014021210239531012,False,False,nan,nan,nan,nan,nan,nan,False,False,False
186,-60.0,0.48,-0.08,0.3662453006383523,0.06,-0.05196152422706631,0.030000000000000006,0.06889907582064567,0.04846082186586065,False,False,nan,nan,nan,nan,nan,nan,False,False,False
187,-60.0,0.48,-0.08,0.3662453006383523,0.08,-0.06928203230275509,0.04000000000000001,0.06889907582064567,0.03982359177846756,False,False,nan,nan,nan,nan,nan,nan,False,False,False
188,-60.0,0.48,-0.08,0.3662453006383523,0.1,-0.08660254037844387,0.05000000000000002,0.06889907582064567,0.03128996079755872,False,False,nan,nan,nan,nan,nan,nan,False,False,False
189,-60.0,0.48,-0.08,0.3662453006383523,0.12,-0.10392304845413262,0.06000000000000001,0.06889907582064567,0.02287317184295004,False,False,nan,nan,nan,nan,nan,nan,False,False,False
190,-60.0,0.48,-0.08,0.3662453006383523,0.14,-0.12124355652982141,0.07000000000000002,0.06889907582064567,0.014693147392838557,False,False,nan,nan,nan,nan,nan,nan,False,False,False
191,-60.0,0.48,0.0,0.3662453006383523,0.06,-0.05196152422706631,0.030000000000000006,0.03409335927680976,0.020027501697405414,False,False,nan,nan,nan,nan,nan,nan,False,False,False
192,-60.0,0.48,0.0,0.3662453006383523,0.08,-0.06928203230275509,0.04000000000000001,0.03409335927680976,0.019338446877741777,False,False,nan,nan,nan,nan,nan,nan,False,False,False
193,-60.0,0.48,0.0,0.3662453006383523,0.1,-0.08660254037844387,0.05000000000000002,0.03409335927680976,0.0190995131645606,False,False,nan,nan,nan,nan,nan,nan,False,False,False
194,-60.0,0.48,0.0,0.3662453006383523,0.12,-0.10392304845413262,0.06000000000000001,0.03409335927680976,0.019307308676419416,False,False,nan,nan,nan,nan,nan,nan,False,False,False
195,-60.0,0.48,0.0,0.3662453006383523,0.14,-0.12124355652982141,0.07000000000000002,0.03409335927680976,0.019955825770119145,False,False,nan,nan,nan,nan,nan,nan,False,False,False
196,-60.0,0.48,0.08,0.3662453006383523,0.06,-0.05196152422706631,0.030000000000000006,-0.029583360155055194,-0.037139238889110526,False,False,nan,nan,nan,nan,nan,nan,False,False,False
197,-60.0,0.48,0.08,0.3662453006383523,0.08,-0.06928203230275509,0.04000000000000001,-0.029583360155055194,-0.03549975389976698,False,False,nan,nan,nan,nan,nan,nan,False,False,False
198,-60.0,0.48,0.08,0.3662453006383523,0.1,-0.08660254037844387,0.05000000000000002,-0.029583360155055194,-0.034399595545012346,False,False,nan,nan,nan,nan,nan,nan,False,False,False
199,-60.0,0.48,0.08,0.3662453006383523,0.12,-0.10392304845413262,0.06000000000000001,-0.029583360155055194,-0.033559310459559205,False,False,nan,nan,nan,nan,nan,nan,False,False,False
200,-60.0,0.48,0.08,0.3662453006383523,0.14,-0.12124355652982141,0.07000000000000002,-0.029583360155055194,-0.03268671611849078,False,False,nan,nan,nan,nan,nan,nan,False,False,False
201,-60.0,0.54,-0.24,0.3662453006383523,0.06,-0.05196152422706631,0.030000000000000006,0.1585270465301356,0.1296524333240382,True,False,nan,nan,nan,nan,nan,nan,False,False,False
202,-60.0,0.54,-0.24,0.3662453006383523,0.08,-0.06928203230275509,0.04000000000000001,0.1585270465301356,0.11993288032403551,True,False,nan,nan,nan,nan,nan,nan,False,False,False
203,-60.0,0.54,-0.24,0.3662453006383523,0.1,-0.08660254037844387,0.05000000000000002,0.1585270465301356,0.11028864567147811,True,False,nan,nan,nan,nan,nan,nan,False,False,False
204,-60.0,0.54,-0.24,0.3662453006383523,0.12,-0.10392304845413262,0.06000000000000001,0.1585270465301356,0.10072733724844105,True,False,nan,nan,nan,nan,nan,nan,False,False,False
205,-60.0,0.54,-0.24,0.3662453006383523,0.14,-0.12124355652982141,0.07000000000000002,0.1585270465301356,0.09125753610815679,True,False,nan,nan,nan,nan,nan,nan,False,False,False
206,-60.0,0.54,-0.16,0.3662453006383523,0.06,-0.05196152422706631,0.030000000000000006,0.12881598933347121,0.10265843673842212,True,False,nan,nan,nan,nan,nan,nan,False,False,False
207,-60.0,0.54,-0.16,0.3662453006383523,0.08,-0.06928203230275509,0.04000000000000001,0.12881598933347121,0.09394917837456748,True,False,nan,nan,nan,nan,nan,nan,False,False,False
208,-60.0,0.54,-0.16,0.3662453006383523,0.1,-0.08660254037844387,0.05000000000000002,0.12881598933347121,0.08539184136125211,True,False,nan,nan,nan,nan,nan,nan,False,False,False
209,-60.0,0.54,-0.16,0.3662453006383523,0.12,-0.10392304845413262,0.06000000000000001,0.12881598933347121,0.07700122204495541,True,False,nan,nan,nan,nan,nan,nan,False,False,False
210,-60.0,0.54,-0.16,0.3662453006383523,0.14,-0.12124355652982141,0.07000000000000002,0.12881598933347121,0.06879371726128186,True,False,nan,nan,nan,nan,nan,nan,False,False,False
211,-60.0,0.54,-0.08,0.3662453006383523,0.06,-0.05196152422706631,0.030000000000000006,0.09607351250836399,0.07160207477510278,False,False,nan,nan,nan,nan,nan,nan,False,False,False
212,-60.0,0.54,-0.08,0.3662453006383523,0.08,-0.06928203230275509,0.04000000000000001,0.09607351250836399,0.06750692015179868,False,False,nan,nan,nan,nan,nan,nan,False,False,False
213,-60.0,0.54,-0.08,0.3662453006383523,0.1,-0.08660254037844387,0.05000000000000002,0.09607351250836399,0.06374583143111234,False,False,nan,nan,nan,nan,nan,nan,False,False,False
214,-60.0,0.54,-0.08,0.3662453006383523,0.12,-0.10392304845413262,0.06000000000000001,0.09607351250836399,0.0603300331367794,False,False,nan,nan,nan,nan,nan,nan,False,False,False
215,-60.0,0.54,-0.08,0.3662453006383523,0.14,-0.12124355652982141,0.07000000000000002,0.09607351250836399,0.05726986242447546,False,False,nan,nan,nan,nan,nan,nan,False,False,False
216,-60.0,0.54,0.0,0.3662453006383523,0.06,-0.05196152422706631,0.030000000000000006,0.024152002007902962,0.0020753153585523487,False,False,nan,nan,nan,nan,nan,nan,False,False,False
217,-60.0,0.54,0.0,0.3662453006383523,0.08,-0.06928203230275509,0.04000000000000001,0.024152002007902962,-0.001169031224575845,False,False,nan,nan,nan,nan,nan,nan,False,False,False
218,-60.0,0.54,0.0,0.3662453006383523,0.1,-0.08660254037844387,0.05000000000000002,0.024152002007902962,-0.003941087456358433,False,False,nan,nan,nan,nan,nan,nan,False,False,False
219,-60.0,0.54,0.0,0.3662453006383523,0.12,-0.10392304845413262,0.06000000000000001,0.024152002007902962,-0.006226729119138463,False,False,nan,nan,nan,nan,nan,nan,False,False,False
220,-60.0,0.54,0.0,0.3662453006383523,0.14,-0.12124355652982141,0.07000000000000002,0.024152002007902962,-0.00801494264245392,False,False,nan,nan,nan,nan,nan,nan,False,False,False
221,-60.0,0.54,0.08,0.3662453006383523,0.06,-0.05196152422706631,0.030000000000000006,-0.047556134990628135,-0.0666841050895487,False,False,nan,nan,nan,nan,nan,nan,False,False,False
222,-60.0,0.54,0.08,0.3662453006383523,0.08,-0.06928203230275509,0.04000000000000001,-0.047556134990628135,-0.06834098998910662,False,False,nan,nan,nan,nan,nan,nan,False,False,False
223,-60.0,0.54,0.08,0.3662453006383523,0.1,-0.08660254037844387,0.05000000000000002,-0.047556134990628135,-0.06925505776577381,False,False,nan,nan,nan,nan,nan,nan,False,False,False
224,-60.0,0.54,0.08,0.3662453006383523,0.12,-0.10392304845413262,0.06000000000000001,-0.047556134990628135,-0.0694244203965011,False,False,nan,nan,nan,nan,nan,nan,False,False,False
225,-60.0,0.54,0.08,0.3662453006383523,0.14,-0.12124355652982141,0.07000000000000002,-0.047556134990628135,-0.0688594370770407,False,False,nan,nan,nan,nan,nan,nan,False,False,False
226,-60.0,0.6,-0.24,0.3662453006383523,0.06,-0.05196152422706631,0.030000000000000006,0.20482794557359657,0.17553932802896122,False,False,nan,nan,nan,nan,nan,nan,False,False,False
227,-60.0,0.6,-0.24,0.3662453006383523,0.08,-0.06928203230275509,0.04000000000000001,0.20482794557359657,0.16593058126505114,False,False,nan,nan,nan,nan,nan,nan,False,False,False
228,-60.0,0.6,-0.24,0.3662453006383523,0.1,-0.08660254037844387,0.05000000000000002,0.20482794557359657,0.15639240263959814,False,False,nan,nan,nan,nan,nan,nan,False,False,False
229,-60.0,0.6,-0.24,0.3662453006383523,0.12,-0.10392304845413262,0.06000000000000001,0.20482794557359657,0.14693078126249257,False,False,nan,nan,nan,nan,nan,nan,False,False,False
230,-60.0,0.6,-0.24,0.3662453006383523,0.14,-0.12124355652982141,0.07000000000000002,0.20482794557359657,0.1375523416002306,True,False,nan,nan,nan,nan,nan,nan,False,False,False
231,-60.0,0.6,-0.16,0.3662453006383523,0.06,-0.05196152422706631,0.030000000000000006,0.17496008865397916,0.14503719767260503,False,False,nan,nan,nan,nan,nan,nan,False,False,False
232,-60.0,0.6,-0.16,0.3662453006383523,0.08,-0.06928203230275509,0.04000000000000001,0.17496008865397916,0.1389630445743463,True,True,0.13250656883616155,0.12172638289400314,47.994213993661106,0.13112638289400314,0.09775988256595272,0.09775988256595272,False,False,False
233,-60.0,0.6,-0.16,0.3662453006383523,0.1,-0.08660254037844387,0.05000000000000002,0.17496008865397916,0.13310355864809847,True,False,nan,nan,nan,nan,nan,nan,False,False,False
234,-60.0,0.6,-0.16,0.3662453006383523,0.12,-0.10392304845413262,0.06000000000000001,0.17496008865397916,0.1251187103139005,True,False,nan,nan,nan,nan,nan,nan,False,False,False
235,-60.0,0.6,-0.16,0.3662453006383523,0.14,-0.12124355652982141,0.07000000000000002,0.17496008865397916,0.1163270897112062,True,False,nan,nan,nan,nan,nan,nan,False,False,False
236,-60.0,0.6,-0.08,0.3662453006383523,0.06,-0.05196152422706631,0.030000000000000006,0.10061404566209836,0.0708007679351117,False,False,nan,nan,nan,nan,nan,nan,False,False,False
237,-60.0,0.6,-0.08,0.3662453006383523,0.08,-0.06928203230275509,0.04000000000000001,0.10061404566209836,0.06475829749470505,False,False,nan,nan,nan,nan,nan,nan,False,False,False
238,-60.0,0.6,-0.08,0.3662453006383523,0.1,-0.08660254037844387,0.05000000000000002,0.10061404566209836,0.05899248638879567,False,False,nan,nan,nan,nan,nan,nan,False,False,False
239,-60.0,0.6,-0.08,0.3662453006383523,0.12,-0.10392304845413262,0.06000000000000001,0.10061404566209836,0.053519336024646175,False,False,nan,nan,nan,nan,nan,nan,False,False,False
240,-60.0,0.6,-0.08,0.3662453006383523,0.14,-0.12124355652982141,0.07000000000000002,0.10061404566209836,0.04835505027305281,False,False,nan,nan,nan,nan,nan,nan,False,False,False
241,-60.0,0.6,0.0,0.3662453006383523,0.06,-0.05196152422706631,0.030000000000000006,0.02978914920655293,-0.0007114584460613527,False,False,nan,nan,nan,nan,nan,nan,False,False,False
242,-60.0,0.6,0.0,0.3662453006383523,0.08,-0.06928203230275509,0.04000000000000001,0.02978914920655293,-0.0067292971428200565,False,False,nan,nan,nan,nan,nan,nan,False,False,False
243,-60.0,0.6,0.0,0.3662453006383523,0.1,-0.08660254037844387,0.05000000000000002,0.02978914920655293,-0.012365528510982826,False,False,nan,nan,nan,nan,nan,nan,False,False,False
244,-60.0,0.6,0.0,0.3662453006383523,0.12,-0.10392304845413262,0.06000000000000001,0.02978914920655293,-0.017590458446174156,False,False,nan,nan,nan,nan,nan,nan,False,False,False
245,-60.0,0.6,0.0,0.3662453006383523,0.14,-0.12124355652982141,0.07000000000000002,0.02978914920655293,-0.02237416479719012,False,False,nan,nan,nan,nan,nan,nan,False,False,False
246,-60.0,0.6,0.08,0.3662453006383523,0.06,-0.05196152422706631,0.030000000000000006,-0.042714874342271864,-0.07293597729340531,False,False,nan,nan,nan,nan,nan,nan,False,False,False
247,-60.0,0.6,0.08,0.3662453006383523,0.08,-0.06928203230275509,0.04000000000000001,-0.042714874342271864,-0.07876656657491544,False,False,nan,nan,nan,nan,nan,nan,False,False,False
248,-60.0,0.6,0.08,0.3662453006383523,0.1,-0.08660254037844387,0.05000000000000002,-0.042714874342271864,-0.08396936278724941,False,False,nan,nan,nan,nan,nan,nan,False,False,False
249,-60.0,0.6,0.08,0.3662453006383523,0.12,-0.10392304845413262,0.06000000000000001,-0.042714874342271864,-0.08847260495569496,False,False,nan,nan,nan,nan,nan,nan,False,False,False
250,-60.0,0.6,0.08,0.3662453006383523,0.14,-0.12124355652982141,0.07000000000000002,-0.042714874342271864,-0.09220728283599124,False,False,nan,nan,nan,nan,nan,nan,False,False,False
251,-60.0,0.66,-0.24,0.3662453006383523,0.06,-0.05196152422706631,0.030000000000000006,0.2546931154696529,0.2252766857456453,False,False,nan,nan,nan,nan,nan,nan,False,False,False
252,-60.0,0.66,-0.24,0.3662453006383523,0.08,-0.06928203230275509,0.04000000000000001,0.2546931154696529,0.2154511550110216,False,False,nan,nan,nan,nan,nan,nan,False,False,False
253,-60.0,0.66,-0.24,0.3662453006383523,0.1,-0.08660254037844387,0.05000000000000002,0.2546931154696529,0.20567616866629834,False,False,nan,nan,nan,nan,nan,nan,False,False,False
254,-60.0,0.66,-0.24,0.3662453006383523,0.12,-0.10392304845413262,0.06000000000000001,0.2546931154696529,0.19595552913326883,False,False,nan,nan,nan,nan,nan,nan,False,False,False
255,-60.0,0.66,-0.24,0.3662453006383523,0.14,-0.12124355652982141,0.07000000000000002,0.2546931154696529,0.18629340330940025,False,False,nan,nan,nan,nan,nan,nan,False,False,False
256,-60.0,0.66,-0.16,0.3662453006383523,0.06,-0.05196152422706631,0.030000000000000006,0.1879979445145714,0.15465677227549252,False,False,nan,nan,nan,nan,nan,nan,False,False,False
257,-60.0,0.66,-0.16,0.3662453006383523,0.08,-0.06928203230275509,0.04000000000000001,0.1879979445145714,0.14724439218099813,False,False,nan,nan,nan,nan,nan,nan,False,False,False
258,-60.0,0.66,-0.16,0.3662453006383523,0.1,-0.08660254037844387,0.05000000000000002,0.1879979445145714,0.13999599981422106,True,True,0.12843425147911586,0.13948178012792328,51.69208103325218,0.1504817801279233,0.12076454267037329,0.12076454267037329,False,False,False
259,-60.0,0.66,-0.16,0.3662453006383523,0.12,-0.10392304845413262,0.06000000000000001,0.1879979445145714,0.1329210093851246,True,True,0.11825685885481652,0.12672264214815615,52.88478499278426,0.13932264214815615,0.10718083531888853,0.10718083531888853,False,False,False
260,-60.0,0.66,-0.16,0.3662453006383523,0.14,-0.12124355652982141,0.07000000000000002,0.1879979445145714,0.1260292862143384,True,False,nan,nan,nan,nan,nan,nan,False,False,False
261,-60.0,0.66,-0.08,0.3662453006383523,0.06,-0.05196152422706631,0.030000000000000006,0.11674913256168179,0.08294070659890646,False,False,nan,nan,nan,nan,nan,nan,False,False,False
262,-60.0,0.66,-0.08,0.3662453006383523,0.08,-0.06928203230275509,0.04000000000000001,0.11674913256168179,0.07526123116780034,False,False,nan,nan,nan,nan,nan,nan,False,False,False
263,-60.0,0.66,-0.08,0.3662453006383523,0.1,-0.08660254037844387,0.05000000000000002,0.11674913256168179,0.06777616371149597,False,False,nan,nan,nan,nan,nan,nan,False,False,False
264,-60.0,0.66,-0.08,0.3662453006383523,0.12,-0.10392304845413262,0.06000000000000001,0.11674913256168179,0.06050024185836192,False,False,nan,nan,nan,nan,nan,nan,False,False,False
265,-60.0,0.66,-0.08,0.3662453006383523,0.14,-0.12124355652982141,0.07000000000000002,0.11674913256168179,0.05344919615749155,False,False,nan,nan,nan,nan,nan,nan,False,False,False
266,-60.0,0.66,0.0,0.3662453006383523,0.06,-0.05196152422706631,0.030000000000000006,0.04811880778189104,0.012656759196419315,False,False,nan,nan,nan,nan,nan,nan,False,False,False
267,-60.0,0.66,0.0,0.3662453006383523,0.08,-0.06928203230275509,0.04000000000000001,0.04811880778189104,0.004476311990589066,False,False,nan,nan,nan,nan,nan,nan,False,False,False
268,-60.0,0.66,0.0,0.3662453006383523,0.1,-0.08660254037844387,0.05000000000000002,0.04811880778189104,-0.003476114566886901,False,False,nan,nan,nan,nan,nan,nan,False,False,False
269,-60.0,0.66,0.0,0.3662453006383523,0.12,-0.10392304845413262,0.06000000000000001,0.04811880778189104,-0.011175152964980867,False,False,nan,nan,nan,nan,nan,nan,False,False,False
270,-60.0,0.66,0.0,0.3662453006383523,0.14,-0.12124355652982141,0.07000000000000002,0.04811880778189104,-0.018592645921371165,False,False,nan,nan,nan,nan,nan,nan,False,False,False
271,-60.0,0.66,0.08,0.3662453006383523,0.06,-0.05196152422706631,0.030000000000000006,-0.016882267037456544,-0.05292795060713973,False,False,nan,nan,nan,nan,nan,nan,False,False,False
272,-60.0,0.66,0.08,0.3662453006383523,0.08,-0.06928203230275509,0.04000000000000001,-0.016882267037456544,-0.06170422846492368,False,False,nan,nan,nan,nan,nan,nan,False,False,False
273,-60.0,0.66,0.08,0.3662453006383523,0.1,-0.08660254037844387,0.05000000000000002,-0.016882267037456544,-0.0702068092190703,False,False,nan,nan,nan,nan,nan,nan,False,False,False
274,-60.0,0.66,0.08,0.3662453006383523,0.12,-0.10392304845413262,0.06000000000000001,-0.016882267037456544,-0.07838535847519323,False,False,nan,nan,nan,nan,nan,nan,False,False,False
275,-60.0,0.66,0.08,0.3662453006383523,0.14,-0.12124355652982141,0.07000000000000002,-0.016882267037456544,-0.08617942458878643,False,False,nan,nan,nan,nan,nan,nan,False,False,False
276,-60.0,0.72,-0.24,0.3662453006383523,0.06,-0.05196152422706631,0.030000000000000006,0.2803522316786447,0.2452050868598647,False,False,nan,nan,nan,nan,nan,nan,False,False,False
277,-60.0,0.72,-0.24,0.3662453006383523,0.08,-0.06928203230275509,0.04000000000000001,0.2803522316786447,0.23706325990913504,False,False,nan,nan,nan,nan,nan,nan,False,False,False
278,-60.0,0.72,-0.24,0.3662453006383523,0.1,-0.08660254037844387,0.05000000000000002,0.2803522316786447,0.22902808220064202,False,False,nan,nan,nan,nan,nan,nan,False,False,False
279,-60.0,0.72,-0.24,0.3662453006383523,0.12,-0.10392304845413262,0.06000000000000001,0.2803522316786447,0.22110499842065304,False,False,nan,nan,nan,nan,nan,nan,False,False,False
280,-60.0,0.72,-0.24,0.3662453006383523,0.14,-0.12124355652982141,0.07000000000000002,0.2803522316786447,0.2132997369449371,False,False,nan,nan,nan,nan,nan,nan,False,False,False
281,-60.0,0.72,-0.16,0.3662453006383523,0.06,-0.05196152422706631,0.030000000000000006,0.20954591479607237,0.17373888855589342,False,False,nan,nan,nan,nan,nan,nan,False,False,False
282,-60.0,0.72,-0.16,0.3662453006383523,0.08,-0.06928203230275509,0.04000000000000001,0.20954591479607237,0.16525812044818602,False,False,nan,nan,nan,nan,nan,nan,False,False,False
283,-60.0,0.72,-0.16,0.3662453006383523,0.1,-0.08660254037844387,0.05000000000000002,0.20954591479607237,0.1568912273176395,False,False,nan,nan,nan,nan,nan,nan,False,False,False
284,-60.0,0.72,-0.16,0.3662453006383523,0.12,-0.10392304845413262,0.06000000000000001,0.20954591479607237,0.1486455383986289,False,False,nan,nan,nan,nan,nan,nan,False,False,False
285,-60.0,0.72,-0.16,0.3662453006383523,0.14,-0.12124355652982141,0.07000000000000002,0.20954591479607237,0.1405288923112531,False,False,nan,nan,nan,nan,nan,nan,False,False,False
286,-60.0,0.72,-0.08,0.3662453006383523,0.06,-0.05196152422706631,0.030000000000000006,0.14283492829255073,0.10649619390936033,True,False,nan,nan,nan,nan,nan,nan,False,False,False
287,-60.0,0.72,-0.08,0.3662453006383523,0.08,-0.06928203230275509,0.04000000000000001,0.14283492829255073,0.09762753875131677,True,False,nan,nan,nan,nan,nan,nan,False,False,False
288,-60.0,0.72,-0.08,0.3662453006383523,0.1,-0.08660254037844387,0.05000000000000002,0.14283492829255073,0.08887836076650962,True,False,nan,nan,nan,nan,nan,nan,False,False,False
289,-60.0,0.72,-0.08,0.3662453006383523,0.12,-0.10392304845413262,0.06000000000000001,0.14283492829255073,0.080258681385076,True,False,nan,nan,nan,nan,nan,nan,False,False,False
290,-60.0,0.72,-0.08,0.3662453006383523,0.14,-0.12124355652982141,0.07000000000000002,0.14283492829255073,0.07177948228606856,True,False,nan,nan,nan,nan,nan,nan,False,False,False
291,-60.0,0.72,0.0,0.3662453006383523,0.06,-0.05196152422706631,0.030000000000000006,0.0785263471160993,0.040585767180141175,False,False,nan,nan,nan,nan,nan,nan,False,False,False
292,-60.0,0.72,0.0,0.3662453006383523,0.08,-0.06928203230275509,0.04000000000000001,0.0785263471160993,0.03106675837772349,False,False,nan,nan,nan,nan,nan,nan,False,False,False
293,-60.0,0.72,0.0,0.3662453006383523,0.1,-0.08660254037844387,0.05000000000000002,0.0785263471160993,0.021654387945305192,False,False,nan,nan,nan,nan,nan,nan,False,False,False
294,-60.0,0.72,0.0,0.3662453006383523,0.12,-0.10392304845413262,0.06000000000000001,0.0785263471160993,0.012361387066417179,False,False,nan,nan,nan,nan,nan,nan,False,False,False
295,-60.0,0.72,0.0,0.3662453006383523,0.14,-0.12124355652982141,0.07000000000000002,0.0785263471160993,0.003202374024428717,False,False,nan,nan,nan,nan,nan,nan,False,False,False
296,-60.0,0.72,0.08,0.3662453006383523,0.06,-0.05196152422706631,0.030000000000000006,0.0226816025846944,-0.014918070670634442,False,False,nan,nan,nan,nan,nan,nan,False,False,False
297,-60.0,0.72,0.08,0.3662453006383523,0.08,-0.06928203230275509,0.04000000000000001,0.0226816025846944,-0.02490920746324682,False,False,nan,nan,nan,nan,nan,nan,False,False,False
298,-60.0,0.72,0.08,0.3662453006383523,0.1,-0.08660254037844387,0.05000000000000002,0.0226816025846944,-0.03480816838559886,False,False,nan,nan,nan,nan,nan,nan,False,False,False
299,-60.0,0.72,0.08,0.3662453006383523,0.12,-0.10392304845413262,0.06000000000000001,0.0226816025846944,-0.04459917383544043,False,False,nan,nan,nan,nan,nan,nan,False,False,False
300,-60.0,0.72,0.08,0.3662453006383523,0.14,-0.12124355652982141,0.07000000000000002,0.0226816025846944,-0.054262887058198955,False,False,nan,nan,nan,nan,nan,nan,False,False,False
301,-60.0,0.78,-0.24,0.3662453006383523,0.06,-0.05196152422706631,0.030000000000000006,0.30511197026401987,0.26828795892956286,False,False,nan,nan,nan,nan,nan,nan,False,False,False
302,-60.0,0.78,-0.24,0.3662453006383523,0.08,-0.06928203230275509,0.04000000000000001,0.30511197026401987,0.25938861667604685,False,False,nan,nan,nan,nan,nan,nan,False,False,False
303,-60.0,0.78,-0.24,0.3662453006383523,0.1,-0.08660254037844387,0.05000000000000002,0.30511197026401987,0.2505650822210081,False,False,nan,nan,nan,nan,nan,nan,False,False,False
304,-60.0,0.78,-0.24,0.3662453006383523,0.12,-0.10392304845413262,0.06000000000000001,0.30511197026401987,0.24182144800927682,False,False,nan,nan,nan,nan,nan,nan,False,False,False
305,-60.0,0.78,-0.24,0.3662453006383523,0.14,-0.12124355652982141,0.07000000000000002,0.30511197026401987,0.2331620610858503,False,False,nan,nan,nan,nan,nan,nan,False,False,False
306,-60.0,0.78,-0.16,0.3662453006383523,0.06,-0.05196152422706631,0.030000000000000006,0.23834436308274115,0.20094029626287496,False,False,nan,nan,nan,nan,nan,nan,False,False,False
307,-60.0,0.78,-0.16,0.3662453006383523,0.08,-0.06928203230275509,0.04000000000000001,0.23834436308274115,0.1916720332611628,False,False,nan,nan,nan,nan,nan,nan,False,False,False
308,-60.0,0.78,-0.16,0.3662453006383523,0.1,-0.08660254037844387,0.05000000000000002,0.23834436308274115,0.1824771133831175,False,False,nan,nan,nan,nan,nan,nan,False,False,False
309,-60.0,0.78,-0.16,0.3662453006383523,0.12,-0.10392304845413262,0.06000000000000001,0.23834436308274115,0.17336043074061305,False,False,nan,nan,nan,nan,nan,nan,False,False,False
310,-60.0,0.78,-0.16,0.3662453006383523,0.14,-0.12124355652982141,0.07000000000000002,0.23834436308274115,0.16432727271364456,False,False,nan,nan,nan,nan,nan,nan,False,False,False
311,-60.0,0.78,-0.08,0.3662453006383523,0.06,-0.05196152422706631,0.030000000000000006,0.17634096748199984,0.1378172395897712,True,True,0.1254569347344909,0.1425575707212964,49.06503402162343,0.1503575707212964,0.12041459401161908,0.12041459401161908,False,False,False
312,-60.0,0.78,-0.08,0.3662453006383523,0.08,-0.06928203230275509,0.04000000000000001,0.17634096748199984,0.12808092205413205,True,False,nan,nan,nan,nan,nan,nan,False,False,False
313,-60.0,0.78,-0.08,0.3662453006383523,0.1,-0.08660254037844387,0.05000000000000002,0.17634096748199984,0.11840722870979492,True,False,nan,nan,nan,nan,nan,nan,False,False,False
314,-60.0,0.78,-0.08,0.3662453006383523,0.12,-0.10392304845413262,0.06000000000000001,0.17634096748199984,0.10880148822292066,True,False,nan,nan,nan,nan,nan,nan,False,False,False
315,-60.0,0.78,-0.08,0.3662453006383523,0.14,-0.12124355652982141,0.07000000000000002,0.17634096748199984,0.09926960314078281,True,False,nan,nan,nan,nan,nan,nan,False,False,False
316,-60.0,0.78,0.0,0.3662453006383523,0.06,-0.05196152422706631,0.030000000000000006,0.11753651468699378,0.07875814699401967,False,False,nan,nan,nan,nan,nan,nan,False,False,False
317,-60.0,0.78,0.0,0.3662453006383523,0.08,-0.06928203230275509,0.04000000000000001,0.11753651468699378,0.06855077970102832,False,False,nan,nan,nan,nan,nan,nan,False,False,False
318,-60.0,0.78,0.0,0.3662453006383523,0.1,-0.08660254037844387,0.05000000000000002,0.11753651468699378,0.058387373785746766,False,False,nan,nan,nan,nan,nan,nan,False,False,False
319,-60.0,0.78,0.0,0.3662453006383523,0.12,-0.10392304845413262,0.06000000000000001,0.11753651468699378,0.04827282315586065,False,False,nan,nan,nan,nan,nan,nan,False,False,False
320,-60.0,0.78,0.0,0.3662453006383523,0.14,-0.12124355652982141,0.07000000000000002,0.11753651468699378,0.03821274426705806,False,False,nan,nan,nan,nan,nan,nan,False,False,False
321,-60.0,0.78,0.08,0.3662453006383523,0.06,-0.05196152422706631,0.030000000000000006,0.0680240187681409,0.028484524100725134,False,False,nan,nan,nan,nan,nan,nan,False,False,False
322,-60.0,0.78,0.08,0.3662453006383523,0.08,-0.06928203230275509,0.04000000000000001,0.0680240187681409,0.017957384224636275,False,False,nan,nan,nan,nan,nan,nan,False,False,False
323,-60.0,0.78,0.08,0.3662453006383523,0.1,-0.08660254037844387,0.05000000000000002,0.0680240187681409,0.007462170969629034,False,False,nan,nan,nan,nan,nan,nan,False,False,False
324,-60.0,0.78,0.08,0.3662453006383523,0.12,-0.10392304845413262,0.06000000000000001,0.0680240187681409,-0.0029952736519718026,False,False,nan,nan,nan,nan,nan,nan,False,False,False
325,-60.0,0.78,0.08,0.3662453006383523,0.14,-0.12124355652982141,0.07000000000000002,0.0680240187681409,-0.013407622433091626,False,False,nan,nan,nan,nan,nan,nan,False,False,False
326,-60.0,0.84,-0.24,0.3662453006383523,0.06,-0.05196152422706631,0.030000000000000006,0.3355027154871771,0.29755313534941075,False,False,nan,nan,nan,nan,nan,nan,False,False,False
327,-60.0,0.84,-0.24,0.3662453006383523,0.08,-0.06928203230275509,0.04000000000000001,0.3355027154871771,0.28807805700973965,False,False,nan,nan,nan,nan,nan,nan,False,False,False
328,-60.0,0.84,-0.24,0.3662453006383523,0.1,-0.08660254037844387,0.05000000000000002,0.3355027154871771,0.2786543245217364,False,False,nan,nan,nan,nan,nan,nan,False,False,False
329,-60.0,0.84,-0.24,0.3662453006383523,0.12,-0.10392304845413262,0.06000000000000001,0.3355027154871771,0.2692847442561086,False,False,nan,nan,nan,nan,nan,nan,False,False,False
330,-60.0,0.84,-0.24,0.3662453006383523,0.14,-0.12124355652982141,0.07000000000000002,0.3355027154871771,0.25997231124568854,False,False,nan,nan,nan,nan,nan,nan,False,False,False
331,-60.0,0.84,-0.16,0.3662453006383523,0.06,-0.05196152422706631,0.030000000000000006,0.27306471818893263,0.23474538859388216,False,False,nan,nan,nan,nan,nan,nan,False,False,False
332,-60.0,0.84,-0.16,0.3662453006383523,0.08,-0.06928203230275509,0.04000000000000001,0.27306471818893263,0.22493150025846345,False,False,nan,nan,nan,nan,nan,nan,False,False,False
333,-60.0,0.84,-0.16,0.3662453006383523,0.1,-0.08660254037844387,0.05000000000000002,0.27306471818893263,0.2151624249914454,False,False,nan,nan,nan,nan,nan,nan,False,False,False
334,-60.0,0.84,-0.16,0.3662453006383523,0.12,-0.10392304845413262,0.06000000000000001,0.27306471818893263,0.20544110734607987,False,False,nan,nan,nan,nan,nan,nan,False,False,False
335,-60.0,0.84,-0.16,0.3662453006383523,0.14,-0.12124355652982141,0.07000000000000002,0.27306471818893263,0.19577073775605858,False,False,nan,nan,nan,nan,nan,nan,False,False,False
336,-60.0,0.84,-0.08,0.3662453006383523,0.06,-0.05196152422706631,0.030000000000000006,0.2148285130552096,0.17569410693580428,False,False,nan,nan,nan,nan,nan,nan,False,False,False
337,-60.0,0.84,-0.08,0.3662453006383523,0.08,-0.06928203230275509,0.04000000000000001,0.2148285130552096,0.16546580381639628,False,False,nan,nan,nan,nan,nan,nan,False,False,False
338,-60.0,0.84,-0.08,0.3662453006383523,0.1,-0.08660254037844387,0.05000000000000002,0.2148285130552096,0.1552684816681289,False,False,nan,nan,nan,nan,nan,nan,False,False,False
339,-60.0,0.84,-0.08,0.3662453006383523,0.12,-0.10392304845413262,0.06000000000000001,0.2148285130552096,0.1451046419356947,False,False,nan,nan,nan,nan,nan,nan,False,False,False
340,-60.0,0.84,-0.08,0.3662453006383523,0.14,-0.12124355652982141,0.07000000000000002,0.2148285130552096,0.13497705233966734,True,False,nan,nan,nan,nan,nan,nan,False,False,False
341,-60.0,0.84,0.0,0.3662453006383523,0.06,-0.05196152422706631,0.030000000000000006,0.16236446648740338,0.12358706634222966,True,True,0.11666556453114516,0.12130792300845525,47.9375789873302,0.12910792300845525,0.09647765616467524,0.09647765616467524,False,False,False
342,-60.0,0.84,0.0,0.3662453006383523,0.08,-0.06928203230275509,0.04000000000000001,0.16236446648740338,0.11306960181852058,True,False,nan,nan,nan,nan,nan,nan,False,False,False
343,-60.0,0.84,0.0,0.3662453006383523,0.1,-0.08660254037844387,0.05000000000000002,0.16236446648740338,0.10257035339901754,True,False,nan,nan,nan,nan,nan,nan,False,False,False
344,-60.0,0.84,0.0,0.3662453006383523,0.12,-0.10392304845413262,0.06000000000000001,0.16236446648740338,0.09209111087280611,True,False,nan,nan,nan,nan,nan,nan,False,False,False
345,-60.0,0.84,0.0,0.3662453006383523,0.14,-0.12124355652982141,0.07000000000000002,0.16236446648740338,0.0816339019495333,True,False,nan,nan,nan,nan,nan,nan,False,False,False
346,-60.0,0.84,0.08,0.3662453006383523,0.06,-0.05196152422706631,0.030000000000000006,0.11546149415875973,0.07646314409774921,False,False,nan,nan,nan,nan,nan,nan,False,False,False
347,-60.0,0.84,0.08,0.3662453006383523,0.08,-0.06928203230275509,0.04000000000000001,0.11546149415875973,0.06570201910606382,False,False,nan,nan,nan,nan,nan,nan,False,False,False
348,-60.0,0.84,0.08,0.3662453006383523,0.1,-0.08660254037844387,0.05000000000000002,0.11546149415875973,0.05494448509244762,False,False,nan,nan,nan,nan,nan,nan,False,False,False
349,-60.0,0.84,0.08,0.3662453006383523,0.12,-0.10392304845413262,0.06000000000000001,0.11546149415875973,0.044191062435027684,False,False,nan,nan,nan,nan,nan,nan,False,False,False
350,-60.0,0.84,0.08,0.3662453006383523,0.14,-0.12124355652982141,0.07000000000000002,0.11546149415875973,0.03344237687452184,False,False,nan,nan,nan,nan,nan,nan,False,False,False
351,-45.0,0.48,-0.24,0.3662453006383523,0.06,-0.04242640687119285,0.042426406871192854,0.11126117483230785,0.08314716514965476,False,False,nan,nan,nan,nan,nan,nan,False,False,False
352,-45.0,0.48,-0.24,0.3662453006383523,0.08,-0.056568542494923796,0.05656854249492381,0.11126117483230785,0.07368114441887394,False,False,nan,nan,nan,nan,nan,nan,False,False,False
353,-45.0,0.48,-0.24,0.3662453006383523,0.1,-0.07071067811865475,0.07071067811865477,0.11126117483230785,0.06420481179132326,False,False,nan,nan,nan,nan,nan,nan,False,False,False
354,-45.0,0.48,-0.24,0.3662453006383523,0.12,-0.0848528137423857,0.08485281374238571,0.11126117483230785,0.05435760509685239,False,False,nan,nan,nan,nan,nan,nan,False,False,False
355,-45.0,0.48,-0.24,0.3662453006383523,0.14,-0.09899494936611665,0.09899494936611666,0.11126117483230785,0.04459794094561953,False,False,nan,nan,nan,nan,nan,nan,False,False,False
356,-45.0,0.48,-0.16,0.3662453006383523,0.06,-0.04242640687119285,0.042426406871192854,0.08318114364293594,0.058013194866369744,False,False,nan,nan,nan,nan,nan,nan,False,False,False
357,-45.0,0.48,-0.16,0.3662453006383523,0.08,-0.056568542494923796,0.05656854249492381,0.08318114364293594,0.04884982274139643,False,False,nan,nan,nan,nan,nan,nan,False,False,False
358,-45.0,0.48,-0.16,0.3662453006383523,0.1,-0.07071067811865475,0.07071067811865477,0.08318114364293594,0.03983603809835237,False,False,nan,nan,nan,nan,nan,nan,False,False,False
359,-45.0,0.48,-0.16,0.3662453006383523,0.12,-0.0848528137423857,0.08485281374238571,0.08318114364293594,0.030990946239535078,False,False,nan,nan,nan,nan,nan,nan,False,False,False
360,-45.0,0.48,-0.16,0.3662453006383523,0.14,-0.09899494936611665,0.09899494936611666,0.08318114364293594,0.022336545843665595,False,False,nan,nan,nan,nan,nan,nan,False,False,False
361,-45.0,0.48,-0.08,0.3662453006383523,0.06,-0.04242640687119285,0.042426406871192854,0.06889907582064567,0.05363339768489386,False,False,nan,nan,nan,nan,nan,nan,False,False,False
362,-45.0,0.48,-0.08,0.3662453006383523,0.08,-0.056568542494923796,0.05656854249492381,0.06889907582064567,0.04668288010864202,False,False,nan,nan,nan,nan,nan,nan,False,False,False
363,-45.0,0.48,-0.08,0.3662453006383523,0.1,-0.07071067811865475,0.07071067811865477,0.06889907582064567,0.040041612694322576,False,False,nan,nan,nan,nan,nan,nan,False,False,False
364,-45.0,0.48,-0.08,0.3662453006383523,0.12,-0.0848528137423857,0.08485281374238571,0.06889907582064567,0.03373729057342567,False,False,nan,nan,nan,nan,nan,nan,False,False,False
365,-45.0,0.48,-0.08,0.3662453006383523,0.14,-0.09899494936611665,0.09899494936611666,0.06889907582064567,0.027799115422878856,False,False,nan,nan,nan,nan,nan,nan,False,False,False
366,-45.0,0.48,0.0,0.3662453006383523,0.06,-0.04242640687119285,0.042426406871192854,0.03409335927680976,0.013363585605231543,False,False,nan,nan,nan,nan,nan,nan,False,False,False
367,-45.0,0.48,0.0,0.3662453006383523,0.08,-0.056568542494923796,0.05656854249492381,0.03409335927680976,0.010411502008239176,False,False,nan,nan,nan,nan,nan,nan,False,False,False
368,-45.0,0.48,0.0,0.3662453006383523,0.1,-0.07071067811865475,0.07071067811865477,0.03409335927680976,0.007911517478821267,False,False,nan,nan,nan,nan,nan,nan,False,False,False
369,-45.0,0.48,0.0,0.3662453006383523,0.12,-0.0848528137423857,0.08485281374238571,0.03409335927680976,0.005874615139541378,False,False,nan,nan,nan,nan,nan,nan,False,False,False
370,-45.0,0.48,0.0,0.3662453006383523,0.14,-0.09899494936611665,0.09899494936611666,0.03409335927680976,0.004309010312850581,False,False,nan,nan,nan,nan,nan,nan,False,False,False
371,-45.0,0.48,0.08,0.3662453006383523,0.06,-0.04242640687119285,0.042426406871192854,-0.029583360155055194,-0.0442208872989335,False,False,nan,nan,nan,nan,nan,nan,False,False,False
372,-45.0,0.48,0.08,0.3662453006383523,0.08,-0.056568542494923796,0.05656854249492381,-0.029583360155055194,-0.0448664885719528,False,False,nan,nan,nan,nan,nan,nan,False,False,False
373,-45.0,0.48,0.08,0.3662453006383523,0.1,-0.07071067811865475,0.07071067811865477,-0.029583360155055194,-0.04487958871820219,False,False,nan,nan,nan,nan,nan,nan,False,False,False
374,-45.0,0.48,0.08,0.3662453006383523,0.12,-0.0848528137423857,0.08485281374238571,-0.029583360155055194,-0.0442695318216271,False,False,nan,nan,nan,nan,nan,nan,False,False,False
375,-45.0,0.48,0.08,0.3662453006383523,0.14,-0.09899494936611665,0.09899494936611666,-0.029583360155055194,-0.043359780001290954,False,False,nan,nan,nan,nan,nan,nan,False,False,False
376,-45.0,0.54,-0.24,0.3662453006383523,0.06,-0.04242640687119285,0.042426406871192854,0.1585270465301356,0.13051788710720347,True,True,0.11091112098245451,0.11620518548053774,55.70422799792141,0.12400518548053763,0.09562603977715878,0.09562603977715878,False,False,False
377,-45.0,0.54,-0.24,0.3662453006383523,0.08,-0.056568542494923796,0.05656854249492381,0.1585270465301356,0.12161900377952786,True,False,nan,nan,nan,nan,nan,nan,False,False,False
378,-45.0,0.54,-0.24,0.3662453006383523,0.1,-0.07071067811865475,0.07071067811865477,0.1585270465301356,0.11284572755584482,True,False,nan,nan,nan,nan,nan,nan,False,False,False
379,-45.0,0.54,-0.24,0.3662453006383523,0.12,-0.0848528137423857,0.08485281374238571,0.1585270465301356,0.10420934697100051,True,False,nan,nan,nan,nan,nan,nan,False,False,False
380,-45.0,0.54,-0.24,0.3662453006383523,0.14,-0.09899494936611665,0.09899494936611666,0.1585270465301356,0.0957223134935623,True,False,nan,nan,nan,nan,nan,nan,False,False,False
381,-45.0,0.54,-0.16,0.3662453006383523,0.06,-0.04242640687119285,0.042426406871192854,0.12881598933347121,0.10510068255652144,True,False,nan,nan,nan,nan,nan,nan,False,False,False
382,-45.0,0.54,-0.16,0.3662453006383523,0.08,-0.056568542494923796,0.05656854249492381,0.12881598933347121,0.09730034027413562,True,False,nan,nan,nan,nan,nan,nan,False,False,False
383,-45.0,0.54,-0.16,0.3662453006383523,0.1,-0.07071067811865475,0.07071067811865477,0.12881598933347121,0.08970336626502767,True,False,nan,nan,nan,nan,nan,nan,False,False,False
384,-45.0,0.54,-0.16,0.3662453006383523,0.12,-0.0848528137423857,0.08485281374238571,0.12881598933347121,0.08232673712756727,True,False,nan,nan,nan,nan,nan,nan,False,False,False
385,-45.0,0.54,-0.16,0.3662453006383523,0.14,-0.09899494936611665,0.09899494936611666,0.12881598933347121,0.0751887244653735,True,False,nan,nan,nan,nan,nan,nan,False,False,False
386,-45.0,0.54,-0.08,0.3662453006383523,0.06,-0.04242640687119285,0.042426406871192854,0.09607351250836399,0.06543539368701945,False,False,nan,nan,nan,nan,nan,nan,False,False,False
387,-45.0,0.54,-0.08,0.3662453006383523,0.08,-0.056568542494923796,0.05656854249492381,0.09607351250836399,0.05914884651168181,False,False,nan,nan,nan,nan,nan,nan,False,False,False
388,-45.0,0.54,-0.08,0.3662453006383523,0.1,-0.07071067811865475,0.07071067811865477,0.09607351250836399,0.05313506132417117,False,False,nan,nan,nan,nan,nan,nan,False,False,False
389,-45.0,0.54,-0.08,0.3662453006383523,0.12,-0.0848528137423857,0.08485281374238571,0.09607351250836399,0.04741100429682685,False,False,nan,nan,nan,nan,nan,nan,False,False,False
390,-45.0,0.54,-0.08,0.3662453006383523,0.14,-0.09899494936611665,0.09899494936611666,0.09607351250836399,0.041994013828133475,False,False,nan,nan,nan,nan,nan,nan,False,False,False
391,-45.0,0.54,0.0,0.3662453006383523,0.06,-0.04242640687119285,0.042426406871192854,0.024152002007902962,-0.0037459311365987957,False,False,nan,nan,nan,nan,nan,nan,False,False,False
392,-45.0,0.54,0.0,0.3662453006383523,0.08,-0.056568542494923796,0.05656854249492381,0.024152002007902962,-0.009080391983146335,False,False,nan,nan,nan,nan,nan,nan,False,False,False
393,-45.0,0.54,0.0,0.3662453006383523,0.1,-0.07071067811865475,0.07071067811865477,0.024152002007902962,-0.014409740830046008,False,False,nan,nan,nan,nan,nan,nan,False,False,False
394,-45.0,0.54,0.0,0.3662453006383523,0.12,-0.0848528137423857,0.08485281374238571,0.024152002007902962,-0.019308362838553444,False,False,nan,nan,nan,nan,nan,nan,False,False,False
395,-45.0,0.54,0.0,0.3662453006383523,0.14,-0.09899494936611665,0.09899494936611666,0.024152002007902962,-0.02374701345438293,False,False,nan,nan,nan,nan,nan,nan,False,False,False
396,-45.0,0.54,0.08,0.3662453006383523,0.06,-0.04242640687119285,0.042426406871192854,-0.047556134990628135,-0.07316645207095221,False,False,nan,nan,nan,nan,nan,nan,False,False,False
397,-45.0,0.54,0.08,0.3662453006383523,0.08,-0.056568542494923796,0.05656854249492381,-0.047556134990628135,-0.07711763464652593,False,False,nan,nan,nan,nan,nan,nan,False,False,False
398,-45.0,0.54,0.08,0.3662453006383523,0.1,-0.07071067811865475,0.07071067811865477,-0.047556134990628135,-0.08033390711115415,False,False,nan,nan,nan,nan,nan,nan,False,False,False
399,-45.0,0.54,0.08,0.3662453006383523,0.12,-0.0848528137423857,0.08485281374238571,-0.047556134990628135,-0.0827713398326364,False,False,nan,nan,nan,nan,nan,nan,False,False,False
400,-45.0,0.54,0.08,0.3662453006383523,0.14,-0.09899494936611665,0.09899494936611666,-0.047556134990628135,-0.08439816858053877,False,False,nan,nan,nan,nan,nan,nan,False,False,False
401,-45.0,0.6,-0.24,0.3662453006383523,0.06,-0.04242640687119285,0.042426406871192854,0.20482794557359657,0.17707770972330955,False,False,nan,nan,nan,nan,nan,nan,False,False,False
402,-45.0,0.6,-0.24,0.3662453006383523,0.08,-0.056568542494923796,0.05656854249492381,0.20482794557359657,0.168035181092255,False,False,nan,nan,nan,nan,nan,nan,False,False,False
403,-45.0,0.6,-0.24,0.3662453006383523,0.1,-0.07071067811865475,0.07071067811865477,0.20482794557359657,0.15909278149750905,False,False,nan,nan,nan,nan,nan,nan,False,False,False
404,-45.0,0.6,-0.24,0.3662453006383523,0.12,-0.0848528137423857,0.08485281374238571,0.20482794557359657,0.15025834510541572,False,False,nan,nan,nan,nan,nan,nan,False,False,False
405,-45.0,0.6,-0.24,0.3662453006383523,0.14,-0.09899494936611665,0.09899494936611666,0.20482794557359657,0.14154042392881444,False,False,nan,nan,nan,nan,nan,nan,False,False,False
406,-45.0,0.6,-0.16,0.3662453006383523,0.06,-0.04242640687119285,0.042426406871192854,0.17496008865397916,0.13957998634964902,True,True,0.1387455927161527,0.1469311788769441,48.81222400581464,0.1547311788769441,0.1316443593604555,0.1316443593604555,False,False,False
407,-45.0,0.6,-0.16,0.3662453006383523,0.08,-0.056568542494923796,0.05656854249492381,0.17496008865397916,0.1315520817432639,True,True,0.12553483737689572,0.1330626734058248,48.5420249751769,0.1424626734058248,0.11454112601546831,0.11454112601546831,False,False,False
408,-45.0,0.6,-0.16,0.3662453006383523,0.1,-0.07071067811865475,0.07071067811865477,0.17496008865397916,0.12367028772451705,True,True,0.11227009607667948,0.11969411122504392,48.43955597607419,0.13069411122504393,0.10015093663629693,0.10015093663629693,False,False,False
409,-45.0,0.6,-0.16,0.3662453006383523,0.12,-0.0848528137423857,0.08485281374238571,0.17496008865397916,0.11594430483838833,True,False,nan,nan,nan,nan,nan,nan,False,False,False
410,-45.0,0.6,-0.16,0.3662453006383523,0.14,-0.09899494936611665,0.09899494936611666,0.17496008865397916,0.10838446840726285,True,False,nan,nan,nan,nan,nan,nan,False,False,False
411,-45.0,0.6,-0.08,0.3662453006383523,0.06,-0.04242640687119285,0.042426406871192854,0.10061404566209836,0.0656876455605282,False,False,nan,nan,nan,nan,nan,nan,False,False,False
412,-45.0,0.6,-0.08,0.3662453006383523,0.08,-0.056568542494923796,0.05656854249492381,0.10061404566209836,0.0577811895705895,False,False,nan,nan,nan,nan,nan,nan,False,False,False
413,-45.0,0.6,-0.08,0.3662453006383523,0.1,-0.07071067811865475,0.07071067811865477,0.10061404566209836,0.05007019887778025,False,False,nan,nan,nan,nan,nan,nan,False,False,False
414,-45.0,0.6,-0.08,0.3662453006383523,0.12,-0.0848528137423857,0.08485281374238571,0.10061404566209836,0.04257110572052372,False,False,nan,nan,nan,nan,nan,nan,False,False,False
415,-45.0,0.6,-0.08,0.3662453006383523,0.14,-0.09899494936611665,0.09899494936611666,0.10061404566209836,0.03530164278050879,False,False,nan,nan,nan,nan,nan,nan,False,False,False
416,-45.0,0.6,0.0,0.3662453006383523,0.06,-0.04242640687119285,0.042426406871192854,0.02978914920655293,-0.006082881994783823,False,False,nan,nan,nan,nan,nan,nan,False,False,False
417,-45.0,0.6,0.0,0.3662453006383523,0.08,-0.056568542494923796,0.05656854249492381,0.02978914920655293,-0.0141235139389079,False,False,nan,nan,nan,nan,nan,nan,False,False,False
418,-45.0,0.6,0.0,0.3662453006383523,0.1,-0.07071067811865475,0.07071067811865477,0.02978914920655293,-0.021901640547307893,False,False,nan,nan,nan,nan,nan,nan,False,False,False
419,-45.0,0.6,0.0,0.3662453006383523,0.12,-0.0848528137423857,0.08485281374238571,0.02978914920655293,-0.02938579832184901,False,False,nan,nan,nan,nan,nan,nan,False,False,False
420,-45.0,0.6,0.0,0.3662453006383523,0.14,-0.09899494936611665,0.09899494936611666,0.02978914920655293,-0.036540962149314266,False,False,nan,nan,nan,nan,nan,nan,False,False,False
421,-45.0,0.6,0.08,0.3662453006383523,0.06,-0.04242640687119285,0.042426406871192854,-0.042714874342271864,-0.07742603448449921,False,False,nan,nan,nan,nan,nan,nan,False,False,False
422,-45.0,0.6,0.08,0.3662453006383523,0.08,-0.056568542494923796,0.05656854249492381,-0.042714874342271864,-0.08504760116374051,False,False,nan,nan,nan,nan,nan,nan,False,False,False
423,-45.0,0.6,0.08,0.3662453006383523,0.1,-0.07071067811865475,0.07071067811865477,-0.042714874342271864,-0.09218676289420491,False,False,nan,nan,nan,nan,nan,nan,False,False,False
424,-45.0,0.6,0.08,0.3662453006383523,0.12,-0.0848528137423857,0.08485281374238571,-0.042714874342271864,-0.09875636340969177,False,False,nan,nan,nan,nan,nan,nan,False,False,False
425,-45.0,0.6,0.08,0.3662453006383523,0.14,-0.09899494936611665,0.09899494936611666,-0.042714874342271864,-0.1046579695338571,False,False,nan,nan,nan,nan,nan,nan,False,False,False
426,-45.0,0.66,-0.24,0.3662453006383523,0.06,-0.04242640687119285,0.042426406871192854,0.2546931154696529,0.22442625143285333,False,False,nan,nan,nan,nan,nan,nan,False,False,False
427,-45.0,0.66,-0.24,0.3662453006383523,0.08,-0.056568542494923796,0.05656854249492381,0.2546931154696529,0.2154980580413259,False,False,nan,nan,nan,nan,nan,nan,False,False,False
428,-45.0,0.66,-0.24,0.3662453006383523,0.1,-0.07071067811865475,0.07071067811865477,0.2546931154696529,0.2066526526446894,False,False,nan,nan,nan,nan,nan,nan,False,False,False
429,-45.0,0.66,-0.24,0.3662453006383523,0.12,-0.0848528137423857,0.08485281374238571,0.2546931154696529,0.1978950064414939,False,False,nan,nan,nan,nan,nan,nan,False,False,False
430,-45.0,0.66,-0.24,0.3662453006383523,0.14,-0.09899494936611665,0.09899494936611666,0.2546931154696529,0.18923043567493186,False,False,nan,nan,nan,nan,nan,nan,False,False,False
431,-45.0,0.66,-0.16,0.3662453006383523,0.06,-0.04242640687119285,0.042426406871192854,0.1879979445145714,0.1501631507922569,False,False,nan,nan,nan,nan,nan,nan,False,False,False
432,-45.0,0.66,-0.16,0.3662453006383523,0.08,-0.056568542494923796,0.05656854249492381,0.1879979445145714,0.14112455297779705,False,False,nan,nan,nan,nan,nan,nan,False,False,False
433,-45.0,0.66,-0.16,0.3662453006383523,0.1,-0.07071067811865475,0.07071067811865477,0.1879979445145714,0.1321817394048893,True,True,0.11064002777179827,0.12311634080802852,51.171266997698694,0.13411634080802853,0.0935008129606032,0.0935008129606032,False,False,False
434,-45.0,0.66,-0.16,0.3662453006383523,0.12,-0.0848528137423857,0.08485281374238571,0.1879979445145714,0.12334185688904983,True,False,nan,nan,nan,nan,nan,nan,False,False,False
435,-45.0,0.66,-0.16,0.3662453006383523,0.14,-0.09899494936611665,0.09899494936611666,0.1879979445145714,0.11461267663033836,True,False,nan,nan,nan,nan,nan,nan,False,False,False
436,-45.0,0.66,-0.08,0.3662453006383523,0.06,-0.04242640687119285,0.042426406871192854,0.11674913256168179,0.07907040658958259,False,False,nan,nan,nan,nan,nan,nan,False,False,False
437,-45.0,0.66,-0.08,0.3662453006383523,0.08,-0.056568542494923796,0.05656854249492381,0.11674913256168179,0.069958332236734,False,False,nan,nan,nan,nan,nan,nan,False,False,False
438,-45.0,0.66,-0.08,0.3662453006383523,0.1,-0.07071067811865475,0.07071067811865477,0.11674913256168179,0.06096326571456301,False,False,nan,nan,nan,nan,nan,nan,False,False,False
439,-45.0,0.66,-0.08,0.3662453006383523,0.12,-0.0848528137423857,0.08485281374238571,0.11674913256168179,0.05209643733542538,False,False,nan,nan,nan,nan,nan,nan,False,False,False
440,-45.0,0.66,-0.08,0.3662453006383523,0.14,-0.09899494936611665,0.09899494936611666,0.11674913256168179,0.04337034958140615,False,False,nan,nan,nan,nan,nan,nan,False,False,False
441,-45.0,0.66,0.0,0.3662453006383523,0.06,-0.04242640687119285,0.042426406871192854,0.04811880778189104,0.00899106428417068,False,False,nan,nan,nan,nan,nan,nan,False,False,False
442,-45.0,0.66,0.0,0.3662453006383523,0.08,-0.056568542494923796,0.05656854249492381,0.04811880778189104,-0.000604686434894447,False,False,nan,nan,nan,nan,nan,nan,False,False,False
443,-45.0,0.66,0.0,0.3662453006383523,0.1,-0.07071067811865475,0.07071067811865477,0.04811880778189104,-0.010083230702648632,False,False,nan,nan,nan,nan,nan,nan,False,False,False
444,-45.0,0.66,0.0,0.3662453006383523,0.12,-0.0848528137423857,0.08485281374238571,0.04811880778189104,-0.01942804012260832,False,False,nan,nan,nan,nan,nan,nan,False,False,False
445,-45.0,0.66,0.0,0.3662453006383523,0.14,-0.09899494936611665,0.09899494936611666,0.04811880778189104,-0.028619661751919018,False,False,nan,nan,nan,nan,nan,nan,False,False,False
446,-45.0,0.66,0.08,0.3662453006383523,0.06,-0.04242640687119285,0.042426406871192854,-0.016882267037456544,-0.05483517087821799,False,False,nan,nan,nan,nan,nan,nan,False,False,False
447,-45.0,0.66,0.08,0.3662453006383523,0.08,-0.056568542494923796,0.05656854249492381,-0.016882267037456544,-0.06439987546159778,False,False,nan,nan,nan,nan,nan,nan,False,False,False
448,-45.0,0.66,0.08,0.3662453006383523,0.1,-0.07071067811865475,0.07071067811865477,-0.016882267037456544,-0.07378542604373262,False,False,nan,nan,nan,nan,nan,nan,False,False,False
449,-45.0,0.66,0.08,0.3662453006383523,0.12,-0.0848528137423857,0.08485281374238571,-0.016882267037456544,-0.08295371470034904,False,False,nan,nan,nan,nan,nan,nan,False,False,False
450,-45.0,0.66,0.08,0.3662453006383523,0.14,-0.09899494936611665,0.09899494936611666,-0.016882267037456544,-0.09185646447976477,False,False,nan,nan,nan,nan,nan,nan,False,False,False
451,-45.0,0.72,-0.24,0.3662453006383523,0.06,-0.04242640687119285,0.042426406871192854,0.2803522316786447,0.24115405466958112,False,False,nan,nan,nan,nan,nan,nan,False,False,False
452,-45.0,0.72,-0.24,0.3662453006383523,0.08,-0.056568542494923796,0.05656854249492381,0.2803522316786447,0.23156212425088882,False,False,nan,nan,nan,nan,nan,nan,False,False,False
453,-45.0,0.72,-0.24,0.3662453006383523,0.1,-0.07071067811865475,0.07071067811865477,0.2803522316786447,0.22202357786053345,False,False,nan,nan,nan,nan,nan,nan,False,False,False
454,-45.0,0.72,-0.24,0.3662453006383523,0.12,-0.0848528137423857,0.08485281374238571,0.2803522316786447,0.21254177482154316,False,False,nan,nan,nan,nan,nan,nan,False,False,False
455,-45.0,0.72,-0.24,0.3662453006383523,0.14,-0.09899494936611665,0.09899494936611666,0.2803522316786447,0.20312033763217968,False,False,nan,nan,nan,nan,nan,nan,False,False,False
456,-45.0,0.72,-0.16,0.3662453006383523,0.06,-0.04242640687119285,0.042426406871192854,0.20954591479607237,0.17024633031546033,False,False,nan,nan,nan,nan,nan,nan,False,False,False
457,-45.0,0.72,-0.16,0.3662453006383523,0.08,-0.056568542494923796,0.05656854249492381,0.20954591479607237,0.16049537867171096,False,False,nan,nan,nan,nan,nan,nan,False,False,False
458,-45.0,0.72,-0.16,0.3662453006383523,0.1,-0.07071067811865475,0.07071067811865477,0.20954591479607237,0.15080058127598195,False,False,nan,nan,nan,nan,nan,nan,False,False,False
459,-45.0,0.72,-0.16,0.3662453006383523,0.12,-0.0848528137423857,0.08485281374238571,0.20954591479607237,0.14116627861083844,False,False,nan,nan,nan,nan,nan,nan,False,False,False
460,-45.0,0.72,-0.16,0.3662453006383523,0.14,-0.09899494936611665,0.09899494936611666,0.20954591479607237,0.13159723590180766,True,False,nan,nan,nan,nan,nan,nan,False,False,False
461,-45.0,0.72,-0.08,0.3662453006383523,0.06,-0.04242640687119285,0.042426406871192854,0.14283492829255073,0.10381283498876548,True,False,nan,nan,nan,nan,nan,nan,False,False,False
462,-45.0,0.72,-0.08,0.3662453006383523,0.08,-0.056568542494923796,0.05656854249492381,0.14283492829255073,0.0936910616672039,True,False,nan,nan,nan,nan,nan,nan,False,False,False
463,-45.0,0.72,-0.08,0.3662453006383523,0.1,-0.07071067811865475,0.07071067811865477,0.14283492829255073,0.08361497220772701,True,False,nan,nan,nan,nan,nan,nan,False,False,False
464,-45.0,0.72,-0.08,0.3662453006383523,0.12,-0.0848528137423857,0.08485281374238571,0.14283492829255073,0.07358914544795583,True,False,nan,nan,nan,nan,nan,nan,False,False,False
465,-45.0,0.72,-0.08,0.3662453006383523,0.14,-0.09899494936611665,0.09899494936611666,0.14283492829255073,0.06361876300822228,True,False,nan,nan,nan,nan,nan,nan,False,False,False
466,-45.0,0.72,0.0,0.3662453006383523,0.06,-0.04242640687119285,0.042426406871192854,0.0785263471160993,0.03854265258906464,False,False,nan,nan,nan,nan,nan,nan,False,False,False
467,-45.0,0.72,0.0,0.3662453006383523,0.08,-0.056568542494923796,0.05656854249492381,0.0785263471160993,0.02823565190156241,False,False,nan,nan,nan,nan,nan,nan,False,False,False
468,-45.0,0.72,0.0,0.3662453006383523,0.1,-0.07071067811865475,0.07071067811865477,0.0785263471160993,0.017972125258942595,False,False,nan,nan,nan,nan,nan,nan,False,False,False
469,-45.0,0.72,0.0,0.3662453006383523,0.12,-0.0848528137423857,0.08485281374238571,0.0785263471160993,0.0077578996787903975,False,False,nan,nan,nan,nan,nan,nan,False,False,False
470,-45.0,0.72,0.0,0.3662453006383523,0.14,-0.09899494936611665,0.09899494936611666,0.0785263471160993,-0.0024001473605267942,False,False,nan,nan,nan,nan,nan,nan,False,False,False
471,-45.0,0.72,0.08,0.3662453006383523,0.06,-0.04242640687119285,0.042426406871192854,0.0226816025846944,-0.014895547567322392,False,False,nan,nan,nan,nan,nan,nan,False,False,False
472,-45.0,0.72,0.08,0.3662453006383523,0.08,-0.056568542494923796,0.05656854249492381,0.0226816025846944,-0.02487762298708629,False,False,nan,nan,nan,nan,nan,nan,False,False,False
473,-45.0,0.72,0.08,0.3662453006383523,0.1,-0.07071067811865475,0.07071067811865477,0.0226816025846944,-0.03476655668408993,False,False,nan,nan,nan,nan,nan,nan,False,False,False
474,-45.0,0.72,0.08,0.3662453006383523,0.12,-0.0848528137423857,0.08485281374238571,0.0226816025846944,-0.044558558834401074,False,False,nan,nan,nan,nan,nan,nan,False,False,False
475,-45.0,0.72,0.08,0.3662453006383523,0.14,-0.09899494936611665,0.09899494936611666,0.0226816025846944,-0.05498418665561895,False,False,nan,nan,nan,nan,nan,nan,False,False,False
476,-45.0,0.78,-0.24,0.3662453006383523,0.06,-0.04242640687119285,0.042426406871192854,0.30511197026401987,0.26505090759615796,False,False,nan,nan,nan,nan,nan,nan,False,False,False
477,-45.0,0.78,-0.24,0.3662453006383523,0.08,-0.056568542494923796,0.05656854249492381,0.30511197026401987,0.2549910477109878,False,False,nan,nan,nan,nan,nan,nan,False,False,False
478,-45.0,0.78,-0.24,0.3662453006383523,0.1,-0.07071067811865475,0.07071067811865477,0.30511197026401987,0.24496299226409174,False,False,nan,nan,nan,nan,nan,nan,False,False,False
479,-45.0,0.78,-0.24,0.3662453006383523,0.12,-0.0848528137423857,0.08485281374238571,0.30511197026401987,0.2349687467735703,False,False,nan,nan,nan,nan,nan,nan,False,False,False
480,-45.0,0.78,-0.24,0.3662453006383523,0.14,-0.09899494936611665,0.09899494936611666,0.30511197026401987,0.22501048066518198,False,False,nan,nan,nan,nan,nan,nan,False,False,False
481,-45.0,0.78,-0.16,0.3662453006383523,0.06,-0.04242640687119285,0.042426406871192854,0.23834436308274115,0.19840136702011152,False,False,nan,nan,nan,nan,nan,nan,False,False,False
482,-45.0,0.78,-0.16,0.3662453006383523,0.08,-0.056568542494923796,0.05656854249492381,0.23834436308274115,0.18820975590864877,False,False,nan,nan,nan,nan,nan,nan,False,False,False
483,-45.0,0.78,-0.16,0.3662453006383523,0.1,-0.07071067811865475,0.07071067811865477,0.23834436308274115,0.17804908583744283,False,False,nan,nan,nan,nan,nan,nan,False,False,False
484,-45.0,0.78,-0.16,0.3662453006383523,0.12,-0.0848528137423857,0.08485281374238571,0.23834436308274115,0.1679216926414873,False,False,nan,nan,nan,nan,nan,nan,False,False,False
485,-45.0,0.78,-0.16,0.3662453006383523,0.14,-0.09899494936611665,0.09899494936611666,0.23834436308274115,0.157830143694565,False,False,nan,nan,nan,nan,nan,nan,False,False,False
486,-45.0,0.78,-0.08,0.3662453006383523,0.06,-0.04242640687119285,0.042426406871192854,0.17634096748199984,0.13573753012093803,True,True,0.1222183165400623,0.13966000320182761,49.31350302649662,0.14746000320182762,0.11577402368079764,0.11577402368079764,False,False,False
487,-45.0,0.78,-0.08,0.3662453006383523,0.08,-0.056568542494923796,0.05656854249492381,0.17634096748199984,0.12522943238227005,True,False,nan,nan,nan,nan,nan,nan,False,False,False
488,-45.0,0.78,-0.08,0.3662453006383523,0.1,-0.07071067811865475,0.07071067811865477,0.17634096748199984,0.11473942584124935,True,False,nan,nan,nan,nan,nan,nan,False,False,False
489,-45.0,0.78,-0.08,0.3662453006383523,0.12,-0.0848528137423857,0.08485281374238571,0.17634096748199984,0.10426921618068366,True,False,nan,nan,nan,nan,nan,nan,False,False,False
490,-45.0,0.78,-0.08,0.3662453006383523,0.14,-0.09899494936611665,0.09899494936611666,0.17634096748199984,0.09382072625843474,True,False,nan,nan,nan,nan,nan,nan,False,False,False
491,-45.0,0.78,0.0,0.3662453006383523,0.06,-0.04242640687119285,0.042426406871192854,0.11753651468699378,0.07801971886352271,False,False,nan,nan,nan,nan,nan,nan,False,False,False
492,-45.0,0.78,0.0,0.3662453006383523,0.08,-0.056568542494923796,0.05656854249492381,0.11753651468699378,0.06753145677523578,False,False,nan,nan,nan,nan,nan,nan,False,False,False
493,-45.0,0.78,0.0,0.3662453006383523,0.1,-0.07071067811865475,0.07071067811865477,0.11753651468699378,0.05706677213404793,False,False,nan,nan,nan,nan,nan,nan,False,False,False
494,-45.0,0.78,0.0,0.3662453006383523,0.12,-0.0848528137423857,0.08485281374238571,0.11753651468699378,0.04662839186223719,False,False,nan,nan,nan,nan,nan,nan,False,False,False
495,-45.0,0.78,0.0,0.3662453006383523,0.14,-0.09899494936611665,0.09899494936611666,0.11753651468699378,0.03621947092574457,False,False,nan,nan,nan,nan,nan,nan,False,False,False
496,-45.0,0.78,0.08,0.3662453006383523,0.06,-0.04242640687119285,0.042426406871192854,0.0680240187681409,0.028066462295638805,False,False,nan,nan,nan,nan,nan,nan,False,False,False
497,-45.0,0.78,0.08,0.3662453006383523,0.08,-0.056568542494923796,0.05656854249492381,0.0680240187681409,0.017369243691854608,False,False,nan,nan,nan,nan,nan,nan,False,False,False
498,-45.0,0.78,0.08,0.3662453006383523,0.1,-0.07071067811865475,0.07071067811865477,0.0680240187681409,0.0066842104577185535,False,False,nan,nan,nan,nan,nan,nan,False,False,False
499,-45.0,0.78,0.08,0.3662453006383523,0.12,-0.0848528137423857,0.08485281374238571,0.0680240187681409,-0.00398634980505802,False,False,nan,nan,nan,nan,nan,nan,False,False,False
500,-45.0,0.78,0.08,0.3662453006383523,0.14,-0.09899494936611665,0.09899494936611666,0.0680240187681409,-0.0146395435172898,False,False,nan,nan,nan,nan,nan,nan,False,False,False
501,-45.0,0.84,-0.24,0.3662453006383523,0.06,-0.04242640687119285,0.042426406871192854,0.3355027154871771,0.29508324126302515,False,False,nan,nan,nan,nan,nan,nan,False,False,False
502,-45.0,0.84,-0.24,0.3662453006383523,0.08,-0.056568542494923796,0.05656854249492381,0.3355027154871771,0.28472344570223096,False,False,nan,nan,nan,nan,nan,nan,False,False,False
503,-45.0,0.84,-0.24,0.3662453006383523,0.1,-0.07071067811865475,0.07071067811865477,0.3355027154871771,0.27438167716943157,False,False,nan,nan,nan,nan,nan,nan,False,False,False
504,-45.0,0.84,-0.24,0.3662453006383523,0.12,-0.0848528137423857,0.08485281374238571,0.3355027154871771,0.26405903801050856,False,False,nan,nan,nan,nan,nan,nan,False,False,False
505,-45.0,0.84,-0.24,0.3662453006383523,0.14,-0.09899494936611665,0.09899494936611666,0.3355027154871771,0.25375671982250697,False,False,nan,nan,nan,nan,nan,nan,False,False,False
506,-45.0,0.84,-0.16,0.3662453006383523,0.06,-0.04242640687119285,0.042426406871192854,0.27306471818893263,0.2330627484037004,False,False,nan,nan,nan,nan,nan,nan,False,False,False
507,-45.0,0.84,-0.16,0.3662453006383523,0.08,-0.056568542494923796,0.05656854249492381,0.27306471818893263,0.22263893076389044,False,False,nan,nan,nan,nan,nan,nan,False,False,False
508,-45.0,0.84,-0.16,0.3662453006383523,0.1,-0.07071067811865475,0.07071067811865477,0.27306471818893263,0.21223288065019164,False,False,nan,nan,nan,nan,nan,nan,False,False,False
509,-45.0,0.84,-0.16,0.3662453006383523,0.12,-0.0848528137423857,0.08485281374238571,0.27306471818893263,0.2018458595059214,False,False,nan,nan,nan,nan,nan,nan,False,False,False
510,-45.0,0.84,-0.16,0.3662453006383523,0.14,-0.09899494936611665,0.09899494936611666,0.27306471818893263,0.19147924820233242,False,False,nan,nan,nan,nan,nan,nan,False,False,False
511,-45.0,0.84,-0.08,0.3662453006383523,0.06,-0.04242640687119285,0.042426406871192854,0.2148285130552096,0.1745852989247228,False,False,nan,nan,nan,nan,nan,nan,False,False,False
512,-45.0,0.84,-0.08,0.3662453006383523,0.08,-0.056568542494923796,0.05656854249492381,0.2148285130552096,0.16394860763907013,False,False,nan,nan,nan,nan,nan,nan,False,False,False
513,-45.0,0.84,-0.08,0.3662453006383523,0.1,-0.07071067811865475,0.07071067811865477,0.2148285130552096,0.15332100135806792,False,False,nan,nan,nan,nan,nan,nan,False,False,False
514,-45.0,0.84,-0.08,0.3662453006383523,0.12,-0.0848528137423857,0.08485281374238571,0.2148285130552096,0.14270325251464475,False,False,nan,nan,nan,nan,nan,nan,False,False,False
515,-45.0,0.84,-0.08,0.3662453006383523,0.14,-0.09899494936611665,0.09899494936611666,0.2148285130552096,0.13209622274406374,True,False,nan,nan,nan,nan,nan,nan,False,False,False
516,-45.0,0.84,0.0,0.3662453006383523,0.06,-0.04242640687119285,0.042426406871192854,0.16236446648740338,0.12383065722314812,True,True,0.11741220431955315,0.12318791052498959,47.34918900066987,0.1309879105249896,0.09724423651452463,0.09724423651452463,False,False,False
517,-45.0,0.84,0.0,0.3662453006383523,0.08,-0.056568542494923796,0.05656854249492381,0.16236446648740338,0.11340434004421693,True,False,nan,nan,nan,nan,nan,nan,False,False,False
518,-45.0,0.84,0.0,0.3662453006383523,0.1,-0.07071067811865475,0.07071067811865477,0.16236446648740338,0.10300197062840538,True,False,nan,nan,nan,nan,nan,nan,False,False,False
519,-45.0,0.84,0.0,0.3662453006383523,0.12,-0.0848528137423857,0.08485281374238571,0.16236446648740338,0.0926258742196587,True,False,nan,nan,nan,nan,nan,nan,False,False,False
520,-45.0,0.84,0.0,0.3662453006383523,0.14,-0.09899494936611665,0.09899494936611666,0.16236446648740338,0.08227867944444534,True,False,nan,nan,nan,nan,nan,nan,False,False,False
521,-45.0,0.84,0.08,0.3662453006383523,0.06,-0.04242640687119285,0.042426406871192854,0.11546149415875973,0.07734082388625002,False,False,nan,nan,nan,nan,nan,nan,False,False,False
522,-45.0,0.84,0.08,0.3662453006383523,0.08,-0.056568542494923796,0.05656854249492381,0.11546149415875973,0.06692280130540484,False,False,nan,nan,nan,nan,nan,nan,False,False,False
523,-45.0,0.84,0.08,0.3662453006383523,0.1,-0.07071067811865475,0.07071067811865477,0.11546149415875973,0.05653920481514482,False,False,nan,nan,nan,nan,nan,nan,False,False,False
524,-45.0,0.84,0.08,0.3662453006383523,0.12,-0.0848528137423857,0.08485281374238571,0.11546149415875973,0.04619478967380031,False,False,nan,nan,nan,nan,nan,nan,False,False,False
525,-45.0,0.84,0.08,0.3662453006383523,0.14,-0.09899494936611665,0.09899494936611666,0.11546149415875973,0.035895203627064914,False,False,nan,nan,nan,nan,nan,nan,False,False,False
526,45.0,0.48,-0.24,0.3662453006383523,0.06,0.04242640687119285,0.042426406871192854,0.11126117483230785,0.11126117483230785,False,False,nan,nan,nan,nan,nan,nan,False,False,False
527,45.0,0.48,-0.24,0.3662453006383523,0.08,0.056568542494923796,0.05656854249492381,0.11126117483230785,0.11126117483230785,False,False,nan,nan,nan,nan,nan,nan,False,False,False
528,45.0,0.48,-0.24,0.3662453006383523,0.1,0.07071067811865475,0.07071067811865477,0.11126117483230785,0.11126117483230785,False,False,nan,nan,nan,nan,nan,nan,False,False,False
529,45.0,0.48,-0.24,0.3662453006383523,0.12,0.0848528137423857,0.08485281374238571,0.11126117483230785,0.11126117483230785,False,False,nan,nan,nan,nan,nan,nan,False,False,False
530,45.0,0.48,-0.24,0.3662453006383523,0.14,0.09899494936611665,0.09899494936611666,0.11126117483230785,0.11126117483230785,False,False,nan,nan,nan,nan,nan,nan,False,False,False
531,45.0,0.48,-0.16,0.3662453006383523,0.06,0.04242640687119285,0.042426406871192854,0.08318114364293594,0.08318114364293594,False,False,nan,nan,nan,nan,nan,nan,False,False,False
532,45.0,0.48,-0.16,0.3662453006383523,0.08,0.056568542494923796,0.05656854249492381,0.08318114364293594,0.08318114364293594,False,False,nan,nan,nan,nan,nan,nan,False,False,False
533,45.0,0.48,-0.16,0.3662453006383523,0.1,0.07071067811865475,0.07071067811865477,0.08318114364293594,0.08318114364293594,False,False,nan,nan,nan,nan,nan,nan,False,False,False
534,45.0,0.48,-0.16,0.3662453006383523,0.12,0.0848528137423857,0.08485281374238571,0.08318114364293594,0.08318114364293594,False,False,nan,nan,nan,nan,nan,nan,False,False,False
535,45.0,0.48,-0.16,0.3662453006383523,0.14,0.09899494936611665,0.09899494936611666,0.08318114364293594,0.08318114364293594,False,False,nan,nan,nan,nan,nan,nan,False,False,False
536,45.0,0.48,-0.08,0.3662453006383523,0.06,0.04242640687119285,0.042426406871192854,0.06889907582064567,0.06790206462790965,False,False,nan,nan,nan,nan,nan,nan,False,False,False
537,45.0,0.48,-0.08,0.3662453006383523,0.08,0.056568542494923796,0.05656854249492381,0.06889907582064567,0.059642400333030504,False,False,nan,nan,nan,nan,nan,nan,False,False,False
538,45.0,0.48,-0.08,0.3662453006383523,0.1,0.07071067811865475,0.07071067811865477,0.06889907582064567,0.0515568550415747,False,False,nan,nan,nan,nan,nan,nan,False,False,False
539,45.0,0.48,-0.08,0.3662453006383523,0.12,0.0848528137423857,0.08485281374238571,0.06889907582064567,0.04366079187221222,False,False,nan,nan,nan,nan,nan,nan,False,False,False
540,45.0,0.48,-0.08,0.3662453006383523,0.14,0.09899494936611665,0.09899494936611666,0.06889907582064567,0.035970960585706424,False,False,nan,nan,nan,nan,nan,nan,False,False,False
541,45.0,0.48,0.0,0.3662453006383523,0.06,0.04242640687119285,0.042426406871192854,0.03409335927680976,-0.00042944831011687556,False,False,nan,nan,nan,nan,nan,nan,False,False,False
542,45.0,0.48,0.0,0.3662453006383523,0.08,0.056568542494923796,0.05656854249492381,0.03409335927680976,-0.008400558098675293,False,False,nan,nan,nan,nan,nan,nan,False,False,False
543,45.0,0.48,0.0,0.3662453006383523,0.1,0.07071067811865475,0.07071067811865477,0.03409335927680976,-0.017138031275425486,False,False,nan,nan,nan,nan,nan,nan,False,False,False
544,45.0,0.48,0.0,0.3662453006383523,0.12,0.0848528137423857,0.08485281374238571,0.03409335927680976,-0.025848482781501397,False,False,nan,nan,nan,nan,nan,nan,False,False,False
545,45.0,0.48,0.0,0.3662453006383523,0.14,0.09899494936611665,0.09899494936611666,0.03409335927680976,-0.03433932026270786,False,False,nan,nan,nan,nan,nan,nan,False,False,False
546,45.0,0.48,0.08,0.3662453006383523,0.06,0.04242640687119285,0.042426406871192854,-0.029583360155055194,-0.06679289625384766,False,False,nan,nan,nan,nan,nan,nan,False,False,False
547,45.0,0.48,0.08,0.3662453006383523,0.08,0.056568542494923796,0.05656854249492381,-0.029583360155055194,-0.07581694038722117,False,False,nan,nan,nan,nan,nan,nan,False,False,False
548,45.0,0.48,0.08,0.3662453006383523,0.1,0.07071067811865475,0.07071067811865477,-0.029583360155055194,-0.08456799067794787,False,False,nan,nan,nan,nan,nan,nan,False,False,False
549,45.0,0.48,0.08,0.3662453006383523,0.12,0.0848528137423857,0.08485281374238571,-0.029583360155055194,-0.09298740578824706,False,False,nan,nan,nan,nan,nan,nan,False,False,False
550,45.0,0.48,0.08,0.3662453006383523,0.14,0.09899494936611665,0.09899494936611666,-0.029583360155055194,-0.10100217035048517,False,False,nan,nan,nan,nan,nan,nan,False,False,False
551,45.0,0.54,-0.24,0.3662453006383523,0.06,0.04242640687119285,0.042426406871192854,0.1585270465301356,0.1585270465301356,False,False,nan,nan,nan,nan,nan,nan,False,False,False
552,45.0,0.54,-0.24,0.3662453006383523,0.08,0.056568542494923796,0.05656854249492381,0.1585270465301356,0.1585270465301356,False,False,nan,nan,nan,nan,nan,nan,False,False,False
553,45.0,0.54,-0.24,0.3662453006383523,0.1,0.07071067811865475,0.07071067811865477,0.1585270465301356,0.1585270465301356,False,False,nan,nan,nan,nan,nan,nan,False,False,False
554,45.0,0.54,-0.24,0.3662453006383523,0.12,0.0848528137423857,0.08485281374238571,0.1585270465301356,0.1585270465301356,False,False,nan,nan,nan,nan,nan,nan,False,False,False
555,45.0,0.54,-0.24,0.3662453006383523,0.14,0.09899494936611665,0.09899494936611666,0.1585270465301356,0.1585270465301356,False,False,nan,nan,nan,nan,nan,nan,False,False,False
556,45.0,0.54,-0.16,0.3662453006383523,0.06,0.04242640687119285,0.042426406871192854,0.12881598933347121,0.12881598933347121,True,False,0.13873342562535732,0.12881598933347121,29.1400839923881,nan,nan,nan,False,False,False
557,45.0,0.54,-0.16,0.3662453006383523,0.08,0.056568542494923796,0.05656854249492381,0.12881598933347121,0.12881598933347121,True,True,0.12548624741916195,0.12881598933347121,55.93010800657794,0.1406201530451031,0.11813690313094952,0.11813690313094952,False,False,False
558,45.0,0.54,-0.16,0.3662453006383523,0.1,0.07071067811865475,0.07071067811865477,0.12881598933347121,0.12440124826980198,True,True,0.11323494881245044,0.1223936709690196,55.68583100102842,0.1333936709690196,0.10899921761721587,0.10899921761721587,False,False,False
559,45.0,0.54,-0.16,0.3662453006383523,0.12,0.0848528137423857,0.08485281374238571,0.12881598933347121,0.11767437885036067,True,False,nan,nan,nan,nan,nan,nan,False,False,False
560,45.0,0.54,-0.16,0.3662453006383523,0.14,0.09899494936611665,0.09899494936611666,0.12881598933347121,0.11115285921647322,True,False,nan,nan,nan,nan,nan,nan,False,False,False
561,45.0,0.54,-0.08,0.3662453006383523,0.06,0.04242640687119285,0.042426406871192854,0.09607351250836399,0.064215336891071,False,False,nan,nan,nan,nan,nan,nan,False,False,False
562,45.0,0.54,-0.08,0.3662453006383523,0.08,0.056568542494923796,0.05656854249492381,0.09607351250836399,0.057486499372157024,False,False,nan,nan,nan,nan,nan,nan,False,False,False
563,45.0,0.54,-0.08,0.3662453006383523,0.1,0.07071067811865475,0.07071067811865477,0.09607351250836399,0.05101282587994038,False,False,nan,nan,nan,nan,nan,nan,False,False,False
564,45.0,0.54,-0.08,0.3662453006383523,0.12,0.0848528137423857,0.08485281374238571,0.09607351250836399,0.04481176834705747,False,False,nan,nan,nan,nan,nan,nan,False,False,False
565,45.0,0.54,-0.08,0.3662453006383523,0.14,0.09899494936611665,0.09899494936611666,0.09607351250836399,0.03890144857320599,False,False,nan,nan,nan,nan,nan,nan,False,False,False
566,45.0,0.54,0.0,0.3662453006383523,0.06,0.04242640687119285,0.042426406871192854,0.024152002007902962,-0.007186014047897454,False,False,nan,nan,nan,nan,nan,nan,False,False,False
567,45.0,0.54,0.0,0.3662453006383523,0.08,0.056568542494923796,0.05656854249492381,0.024152002007902962,-0.01434669634899674,False,False,nan,nan,nan,nan,nan,nan,False,False,False
568,45.0,0.54,0.0,0.3662453006383523,0.1,0.07071067811865475,0.07071067811865477,0.024152002007902962,-0.021180076906893996,False,False,nan,nan,nan,nan,nan,nan,False,False,False
569,45.0,0.54,0.0,0.3662453006383523,0.12,0.0848528137423857,0.08485281374238571,0.024152002007902962,-0.027652570114595876,False,False,nan,nan,nan,nan,nan,nan,False,False,False
570,45.0,0.54,0.0,0.3662453006383523,0.14,0.09899494936611665,0.09899494936611666,0.024152002007902962,-0.033728285404190234,False,False,nan,nan,nan,nan,nan,nan,False,False,False
571,45.0,0.54,0.08,0.3662453006383523,0.06,0.04242640687119285,0.042426406871192854,-0.047556134990628135,-0.07916999581312882,False,False,nan,nan,nan,nan,nan,nan,False,False,False
572,45.0,0.54,0.08,0.3662453006383523,0.08,0.056568542494923796,0.05656854249492381,-0.047556134990628135,-0.08540593300262996,False,False,nan,nan,nan,nan,nan,nan,False,False,False
573,45.0,0.54,0.08,0.3662453006383523,0.1,0.07071067811865475,0.07071067811865477,-0.047556134990628135,-0.0910124731812098,False,False,nan,nan,nan,nan,nan,nan,False,False,False
574,45.0,0.54,0.08,0.3662453006383523,0.12,0.0848528137423857,0.08485281374238571,-0.047556134990628135,-0.09590567022945973,False,False,nan,nan,nan,nan,nan,nan,False,False,False
575,45.0,0.54,0.08,0.3662453006383523,0.14,0.09899494936611665,0.09899494936611666,-0.047556134990628135,-0.10000195401341153,False,False,nan,nan,nan,nan,nan,nan,False,False,False
576,45.0,0.6,-0.24,0.3662453006383523,0.06,0.04242640687119285,0.042426406871192854,0.20482794557359657,0.20482794557359657,False,False,nan,nan,nan,nan,nan,nan,False,False,False
577,45.0,0.6,-0.24,0.3662453006383523,0.08,0.056568542494923796,0.05656854249492381,0.20482794557359657,0.20482794557359657,False,False,nan,nan,nan,nan,nan,nan,False,False,False
578,45.0,0.6,-0.24,0.3662453006383523,0.1,0.07071067811865475,0.07071067811865477,0.20482794557359657,0.20482794557359657,False,False,nan,nan,nan,nan,nan,nan,False,False,False
579,45.0,0.6,-0.24,0.3662453006383523,0.12,0.0848528137423857,0.08485281374238571,0.20482794557359657,0.2029540243869257,False,False,nan,nan,nan,nan,nan,nan,False,False,False
580,45.0,0.6,-0.24,0.3662453006383523,0.14,0.09899494936611665,0.09899494936611666,0.20482794557359657,0.19729505578900203,False,False,nan,nan,nan,nan,nan,nan,False,False,False
581,45.0,0.6,-0.16,0.3662453006383523,0.06,0.04242640687119285,0.042426406871192854,0.17496008865397916,0.14602611249124975,False,False,nan,nan,nan,nan,nan,nan,False,False,False
582,45.0,0.6,-0.16,0.3662453006383523,0.08,0.056568542494923796,0.05656854249492381,0.17496008865397916,0.1403012530636988,False,False,nan,nan,nan,nan,nan,nan,False,False,False
583,45.0,0.6,-0.16,0.3662453006383523,0.1,0.07071067811865475,0.07071067811865477,0.17496008865397916,0.13480052727273922,True,True,0.1294177590139623,0.1416559628475882,47.58442600723356,0.1526559628475882,0.13617363926281734,0.13617363926281734,False,False,False
584,45.0,0.6,-0.16,0.3662453006383523,0.12,0.0848528137423857,0.08485281374238571,0.17496008865397916,0.1295334101591815,True,True,0.12171095147969468,0.13641617623704172,47.32561600394547,0.14901617623704172,0.1337066928778998,0.1337066928778998,False,False,False
585,45.0,0.6,-0.16,0.3662453006383523,0.14,0.09899494936611665,0.09899494936611666,0.17496008865397916,0.12450940688968765,True,True,0.11200242742848326,0.1272817978636302,47.35769401304424,0.1414817978636302,0.12936343728132987,0.12936343728132987,False,False,False
586,45.0,0.6,-0.08,0.3662453006383523,0.06,0.04242640687119285,0.042426406871192854,0.10061404566209836,0.07386797665875766,False,False,nan,nan,nan,nan,nan,nan,False,False,False
587,45.0,0.6,-0.08,0.3662453006383523,0.08,0.056568542494923796,0.05656854249492381,0.10061404566209836,0.06891921727598518,False,False,nan,nan,nan,nan,nan,nan,False,False,False
588,45.0,0.6,-0.08,0.3662453006383523,0.1,0.07071067811865475,0.07071067811865477,0.10061404566209836,0.06428007704290095,False,False,nan,nan,nan,nan,nan,nan,False,False,False
589,45.0,0.6,-0.08,0.3662453006383523,0.12,0.0848528137423857,0.08485281374238571,0.10061404566209836,0.05996406267027224,False,False,nan,nan,nan,nan,nan,nan,False,False,False
590,45.0,0.6,-0.08,0.3662453006383523,0.14,0.09899494936611665,0.09899494936611666,0.10061404566209836,0.05549677607581138,False,False,nan,nan,nan,nan,nan,nan,False,False,False
591,45.0,0.6,0.0,0.3662453006383523,0.06,0.04242640687119285,0.042426406871192854,0.02978914920655293,0.0028754937255079382,False,False,nan,nan,nan,nan,nan,nan,False,False,False
592,45.0,0.6,0.0,0.3662453006383523,0.08,0.056568542494923796,0.05656854249492381,0.02978914920655293,-0.0018365292335953687,False,False,nan,nan,nan,nan,nan,nan,False,False,False
593,45.0,0.6,0.0,0.3662453006383523,0.1,0.07071067811865475,0.07071067811865477,0.02978914920655293,-0.0061184637742243975,False,False,nan,nan,nan,nan,nan,nan,False,False,False
594,45.0,0.6,0.0,0.3662453006383523,0.12,0.0848528137423857,0.08485281374238571,0.02978914920655293,-0.009947164222790544,False,False,nan,nan,nan,nan,nan,nan,False,False,False
595,45.0,0.6,0.0,0.3662453006383523,0.14,0.09899494936611665,0.09899494936611666,0.02978914920655293,-0.013301131452724463,False,False,nan,nan,nan,nan,nan,nan,False,False,False
596,45.0,0.6,0.08,0.3662453006383523,0.06,0.04242640687119285,0.042426406871192854,-0.042714874342271864,-0.06375267129201403,False,False,nan,nan,nan,nan,nan,nan,False,False,False
597,45.0,0.6,0.08,0.3662453006383523,0.08,0.056568542494923796,0.05656854249492381,-0.042714874342271864,-0.06620726378624364,False,False,nan,nan,nan,nan,nan,nan,False,False,False
598,45.0,0.6,0.08,0.3662453006383523,0.1,0.07071067811865475,0.07071067811865477,-0.042714874342271864,-0.0679411763808942,False,False,nan,nan,nan,nan,nan,nan,False,False,False
599,45.0,0.6,0.08,0.3662453006383523,0.12,0.0848528137423857,0.08485281374238571,-0.042714874342271864,-0.06893946495006725,False,False,nan,nan,nan,nan,nan,nan,False,False,False
600,45.0,0.6,0.08,0.3662453006383523,0.14,0.09899494936611665,0.09899494936611666,-0.042714874342271864,-0.06919890380360746,False,False,nan,nan,nan,nan,nan,nan,False,False,False
601,45.0,0.66,-0.24,0.3662453006383523,0.06,0.04242640687119285,0.042426406871192854,0.2546931154696529,0.2354687695723638,False,False,nan,nan,nan,nan,nan,nan,False,False,False
602,45.0,0.66,-0.24,0.3662453006383523,0.08,0.056568542494923796,0.05656854249492381,0.2546931154696529,0.2304353238146469,False,False,nan,nan,nan,nan,nan,nan,False,False,False
603,45.0,0.66,-0.24,0.3662453006383523,0.1,0.07071067811865475,0.07071067811865477,0.2546931154696529,0.22559330980467868,False,False,nan,nan,nan,nan,nan,nan,False,False,False
604,45.0,0.66,-0.24,0.3662453006383523,0.12,0.0848528137423857,0.08485281374238571,0.2546931154696529,0.22094818936867286,False,False,nan,nan,nan,nan,nan,nan,False,False,False
605,45.0,0.66,-0.24,0.3662453006383523,0.14,0.09899494936611665,0.09899494936611666,0.2546931154696529,0.2165053527211016,False,False,nan,nan,nan,nan,nan,nan,False,False,False
606,45.0,0.66,-0.16,0.3662453006383523,0.06,0.04242640687119285,0.042426406871192854,0.1879979445145714,0.16345860278885826,False,False,nan,nan,nan,nan,nan,nan,False,False,False
607,45.0,0.66,-0.16,0.3662453006383523,0.08,0.056568542494923796,0.05656854249492381,0.1879979445145714,0.15914719604145253,False,False,nan,nan,nan,nan,nan,nan,False,False,False
608,45.0,0.66,-0.16,0.3662453006383523,0.1,0.07071067811865475,0.07071067811865477,0.1879979445145714,0.1550805280524329,False,False,nan,nan,nan,nan,nan,nan,False,False,False
609,45.0,0.66,-0.16,0.3662453006383523,0.12,0.0848528137423857,0.08485281374238571,0.1879979445145714,0.15126534885894086,False,False,nan,nan,nan,nan,nan,nan,False,False,False
610,45.0,0.66,-0.16,0.3662453006383523,0.14,0.09899494936611665,0.09899494936611666,0.1879979445145714,0.14770811074070395,False,False,nan,nan,nan,nan,nan,nan,False,False,False
611,45.0,0.66,-0.08,0.3662453006383523,0.06,0.04242640687119285,0.042426406871192854,0.11674913256168179,0.09556318515906331,False,False,nan,nan,nan,nan,nan,nan,False,False,False
612,45.0,0.66,-0.08,0.3662453006383523,0.08,0.056568542494923796,0.05656854249492381,0.11674913256168179,0.09215480991312311,False,False,nan,nan,nan,nan,nan,nan,False,False,False
613,45.0,0.66,-0.08,0.3662453006383523,0.1,0.07071067811865475,0.07071067811865477,0.11674913256168179,0.08851054508921852,False,False,nan,nan,nan,nan,nan,nan,False,False,False
614,45.0,0.66,-0.08,0.3662453006383523,0.12,0.0848528137423857,0.08485281374238571,0.11674913256168179,0.08518421401259044,False,False,nan,nan,nan,nan,nan,nan,False,False,False
615,45.0,0.66,-0.08,0.3662453006383523,0.14,0.09899494936611665,0.09899494936611666,0.11674913256168179,0.08218421137483095,False,False,nan,nan,nan,nan,nan,nan,False,False,False
616,45.0,0.66,0.0,0.3662453006383523,0.06,0.04242640687119285,0.042426406871192854,0.04811880778189104,0.028664521532122234,False,False,nan,nan,nan,nan,nan,nan,False,False,False
617,45.0,0.66,0.0,0.3662453006383523,0.08,0.056568542494923796,0.05656854249492381,0.04811880778189104,0.02626017676001438,False,False,nan,nan,nan,nan,nan,nan,False,False,False
618,45.0,0.66,0.0,0.3662453006383523,0.1,0.07071067811865475,0.07071067811865477,0.04811880778189104,0.02428439731945778,False,False,nan,nan,nan,nan,nan,nan,False,False,False
619,45.0,0.66,0.0,0.3662453006383523,0.12,0.0848528137423857,0.08485281374238571,0.04811880778189104,0.022743848498152308,False,False,nan,nan,nan,nan,nan,nan,False,False,False
620,45.0,0.66,0.0,0.3662453006383523,0.14,0.09899494936611665,0.09899494936611666,0.04811880778189104,0.0216427992719036,False,False,nan,nan,nan,nan,nan,nan,False,False,False
621,45.0,0.66,0.08,0.3662453006383523,0.06,0.04242640687119285,0.042426406871192854,-0.016882267037456544,-0.027783505269700498,False,False,nan,nan,nan,nan,nan,nan,False,False,False
622,45.0,0.66,0.08,0.3662453006383523,0.08,0.056568542494923796,0.05656854249492381,-0.016882267037456544,-0.0274516092416508,False,False,nan,nan,nan,nan,nan,nan,False,False,False
623,45.0,0.66,0.08,0.3662453006383523,0.1,0.07071067811865475,0.07071067811865477,-0.016882267037456544,-0.027861332143381184,False,False,nan,nan,nan,nan,nan,nan,False,False,False
624,45.0,0.66,0.08,0.3662453006383523,0.12,0.0848528137423857,0.08485281374238571,-0.016882267037456544,-0.02953117570201988,False,False,nan,nan,nan,nan,nan,nan,False,False,False
625,45.0,0.66,0.08,0.3662453006383523,0.14,0.09899494936611665,0.09899494936611666,-0.016882267037456544,-0.030448756352255274,False,False,nan,nan,nan,nan,nan,nan,False,False,False
626,45.0,0.72,-0.24,0.3662453006383523,0.06,0.04242640687119285,0.042426406871192854,0.2803522316786447,0.2573688844966966,False,False,nan,nan,nan,nan,nan,nan,False,False,False
627,45.0,0.72,-0.24,0.3662453006383523,0.08,0.056568542494923796,0.05656854249492381,0.2803522316786447,0.2534707444030334,False,False,nan,nan,nan,nan,nan,nan,False,False,False
628,45.0,0.72,-0.24,0.3662453006383523,0.1,0.07071067811865475,0.07071067811865477,0.2803522316786447,0.24977219568621584,False,False,nan,nan,nan,nan,nan,nan,False,False,False
629,45.0,0.72,-0.24,0.3662453006383523,0.12,0.0848528137423857,0.08485281374238571,0.2803522316786447,0.246277092305864,False,False,nan,nan,nan,nan,nan,nan,False,False,False
630,45.0,0.72,-0.24,0.3662453006383523,0.14,0.09899494936611665,0.09899494936611666,0.2803522316786447,0.24298910720232908,False,False,nan,nan,nan,nan,nan,nan,False,False,False
631,45.0,0.72,-0.16,0.3662453006383523,0.06,0.04242640687119285,0.042426406871192854,0.20954591479607237,0.18941230095406042,False,False,nan,nan,nan,nan,nan,nan,False,False,False
632,45.0,0.72,-0.16,0.3662453006383523,0.08,0.056568542494923796,0.05656854249492381,0.20954591479607237,0.186428468783658,False,False,nan,nan,nan,nan,nan,nan,False,False,False
633,45.0,0.72,-0.16,0.3662453006383523,0.1,0.07071067811865475,0.07071067811865477,0.20954591479607237,0.18369082041510265,False,False,nan,nan,nan,nan,nan,nan,False,False,False
634,45.0,0.72,-0.16,0.3662453006383523,0.12,0.0848528137423857,0.08485281374238571,0.20954591479607237,0.18120307034266678,False,False,nan,nan,nan,nan,nan,nan,False,False,False
635,45.0,0.72,-0.16,0.3662453006383523,0.14,0.09899494936611665,0.09899494936611666,0.20954591479607237,0.1789685150930403,False,False,nan,nan,nan,nan,nan,nan,False,False,False
636,45.0,0.72,-0.08,0.3662453006383523,0.06,0.04242640687119285,0.042426406871192854,0.14283492829255073,0.12557131486758444,True,False,0.13556890364800453,0.1422181603486191,47.90016799233854,nan,nan,nan,False,False,False
637,45.0,0.72,-0.08,0.3662453006383523,0.08,0.056568542494923796,0.05656854249492381,0.14283492829255073,0.12321011637679982,True,False,0.13361642227470708,0.14121447903116593,48.03370899753645,nan,nan,nan,False,False,False
638,45.0,0.72,-0.08,0.3662453006383523,0.1,0.07071067811865475,0.07071067811865477,0.14283492829255073,0.12114979576766388,True,False,0.1321091886465509,0.13801250857898384,47.692203952465206,nan,nan,nan,False,False,False
639,45.0,0.72,-0.08,0.3662453006383523,0.12,0.0848528137423857,0.08485281374238571,0.14283492829255073,0.11939387011585242,True,False,0.1307899776926216,0.13558930342790815,47.152232960797846,nan,nan,nan,False,False,False
640,45.0,0.72,-0.08,0.3662453006383523,0.14,0.09899494936611665,0.09899494936611666,0.14283492829255073,0.11794504365044106,True,False,0.12977470192060053,0.13447363088273007,47.41101694526151,nan,nan,nan,False,False,False
641,45.0,0.72,0.0,0.3662453006383523,0.06,0.04242640687119285,0.042426406871192854,0.0785263471160993,0.06566749206838829,False,False,nan,nan,nan,nan,nan,nan,False,False,False
642,45.0,0.72,0.0,0.3662453006383523,0.08,0.056568542494923796,0.05656854249492381,0.0785263471160993,0.06507700284186077,False,False,nan,nan,nan,nan,nan,nan,False,False,False
643,45.0,0.72,0.0,0.3662453006383523,0.1,0.07071067811865475,0.07071067811865477,0.0785263471160993,0.06485957647712709,False,False,nan,nan,nan,nan,nan,nan,False,False,False
644,45.0,0.72,0.0,0.3662453006383523,0.12,0.0848528137423857,0.08485281374238571,0.0785263471160993,0.06501278981839345,False,False,nan,nan,nan,nan,nan,nan,False,False,False
645,45.0,0.72,0.0,0.3662453006383523,0.14,0.09899494936611665,0.09899494936611666,0.0785263471160993,0.06553272306354241,False,False,nan,nan,nan,nan,nan,nan,False,False,False
646,45.0,0.72,0.08,0.3662453006383523,0.06,0.04242640687119285,0.042426406871192854,0.0226816025846944,0.014910991288746234,False,False,nan,nan,nan,nan,nan,nan,False,False,False
647,45.0,0.72,0.08,0.3662453006383523,0.08,0.056568542494923796,0.05656854249492381,0.0226816025846944,0.01473294516580298,False,False,nan,nan,nan,nan,nan,nan,False,False,False
648,45.0,0.72,0.08,0.3662453006383523,0.1,0.07071067811865475,0.07071067811865477,0.0226816025846944,0.015120917579053261,False,False,nan,nan,nan,nan,nan,nan,False,False,False
649,45.0,0.72,0.08,0.3662453006383523,0.12,0.0848528137423857,0.08485281374238571,0.0226816025846944,0.016063577011350832,False,False,nan,nan,nan,nan,nan,nan,False,False,False
650,45.0,0.72,0.08,0.3662453006383523,0.14,0.09899494936611665,0.09899494936611666,0.0226816025846944,0.016910025723403416,False,False,nan,nan,nan,nan,nan,nan,False,False,False
651,45.0,0.78,-0.24,0.3662453006383523,0.06,0.04242640687119285,0.042426406871192854,0.30511197026401987,0.28571404961576186,False,False,nan,nan,nan,nan,nan,nan,False,False,False
652,45.0,0.78,-0.24,0.3662453006383523,0.08,0.056568542494923796,0.05656854249492381,0.30511197026401987,0.28287217277001786,False,False,nan,nan,nan,nan,nan,nan,False,False,False
653,45.0,0.78,-0.24,0.3662453006383523,0.1,0.07071067811865475,0.07071067811865477,0.30511197026401987,0.2802285431537321,False,False,nan,nan,nan,nan,nan,nan,False,False,False
654,45.0,0.78,-0.24,0.3662453006383523,0.12,0.0848528137423857,0.08485281374238571,0.30511197026401987,0.27778543636080577,False,False,nan,nan,nan,nan,nan,nan,False,False,False
655,45.0,0.78,-0.24,0.3662453006383523,0.14,0.09899494936611665,0.09899494936611666,0.30511197026401987,0.27554490990986646,False,False,nan,nan,nan,nan,nan,nan,False,False,False
656,45.0,0.78,-0.16,0.3662453006383523,0.06,0.04242640687119285,0.042426406871192854,0.23834436308274115,0.22232524292035533,False,False,nan,nan,nan,nan,nan,nan,False,False,False
657,45.0,0.78,-0.16,0.3662453006383523,0.08,0.056568542494923796,0.05656854249492381,0.23834436308274115,0.22051601520730033,False,False,nan,nan,nan,nan,nan,nan,False,False,False
658,45.0,0.78,-0.16,0.3662453006383523,0.1,0.07071067811865475,0.07071067811865477,0.23834436308274115,0.21894129366157228,False,False,nan,nan,nan,nan,nan,nan,False,False,False
659,45.0,0.78,-0.16,0.3662453006383523,0.12,0.0848528137423857,0.08485281374238571,0.23834436308274115,0.2176023708598729,False,False,nan,nan,nan,nan,nan,nan,False,False,False
660,45.0,0.78,-0.16,0.3662453006383523,0.14,0.09899494936611665,0.09899494936611666,0.23834436308274115,0.21597568306553078,False,False,nan,nan,nan,nan,nan,nan,False,False,False
661,45.0,0.78,-0.08,0.3662453006383523,0.06,0.04242640687119285,0.042426406871192854,0.17634096748199984,0.16261316148354,False,False,nan,nan,nan,nan,nan,nan,False,False,False
662,45.0,0.78,-0.08,0.3662453006383523,0.08,0.056568542494923796,0.05656854249492381,0.17634096748199984,0.1615786708883337,False,False,nan,nan,nan,nan,nan,nan,False,False,False
663,45.0,0.78,-0.08,0.3662453006383523,0.1,0.07071067811865475,0.07071067811865477,0.17634096748199984,0.160818798172353,False,False,nan,nan,nan,nan,nan,nan,False,False,False
664,45.0,0.78,-0.08,0.3662453006383523,0.12,0.0848528137423857,0.08485281374238571,0.17634096748199984,0.16033345261237839,False,False,nan,nan,nan,nan,nan,nan,False,False,False
665,45.0,0.78,-0.08,0.3662453006383523,0.14,0.09899494936611665,0.09899494936611666,0.17634096748199984,0.16012192419280097,False,False,nan,nan,nan,nan,nan,nan,False,False,False
666,45.0,0.78,0.0,0.3662453006383523,0.06,0.04242640687119285,0.042426406871192854,0.11753651468699378,0.10991435969713137,False,False,nan,nan,nan,nan,nan,nan,False,False,False
667,45.0,0.78,0.0,0.3662453006383523,0.08,0.056568542494923796,0.05656854249492381,0.11753651468699378,0.11065206930879937,False,False,nan,nan,nan,nan,nan,nan,False,False,False
668,45.0,0.78,0.0,0.3662453006383523,0.1,0.07071067811865475,0.07071067811865477,0.11753651468699378,0.1116999242434969,False,False,nan,nan,nan,nan,nan,nan,False,False,False
669,45.0,0.78,0.0,0.3662453006383523,0.12,0.0848528137423857,0.08485281374238571,0.11753651468699378,0.11190870957432561,False,False,nan,nan,nan,nan,nan,nan,False,False,False
670,45.0,0.78,0.0,0.3662453006383523,0.14,0.09899494936611665,0.09899494936611666,0.11753651468699378,0.11208294810439745,False,False,nan,nan,nan,nan,nan,nan,False,False,False
671,45.0,0.78,0.08,0.3662453006383523,0.06,0.04242640687119285,0.042426406871192854,0.0680240187681409,0.06236245275339977,False,False,nan,nan,nan,nan,nan,nan,False,False,False
672,45.0,0.78,0.08,0.3662453006383523,0.08,0.056568542494923796,0.05656854249492381,0.0680240187681409,0.06386805688048444,False,False,nan,nan,nan,nan,nan,nan,False,False,False
673,45.0,0.78,0.08,0.3662453006383523,0.1,0.07071067811865475,0.07071067811865477,0.0680240187681409,0.06469942662080036,False,False,nan,nan,nan,nan,nan,nan,False,False,False
674,45.0,0.78,0.08,0.3662453006383523,0.12,0.0848528137423857,0.08485281374238571,0.0680240187681409,0.06553076006675207,False,False,nan,nan,nan,nan,nan,nan,False,False,False
675,45.0,0.78,0.08,0.3662453006383523,0.14,0.09899494936611665,0.09899494936611666,0.0680240187681409,0.0661193659727409,False,False,nan,nan,nan,nan,nan,nan,False,False,False
676,45.0,0.84,-0.24,0.3662453006383523,0.06,0.04242640687119285,0.042426406871192854,0.3355027154871771,0.31945361988603155,False,False,nan,nan,nan,nan,nan,nan,False,False,False
677,45.0,0.84,-0.24,0.3662453006383523,0.08,0.056568542494923796,0.05656854249492381,0.3355027154871771,0.31756094712669247,False,False,nan,nan,nan,nan,nan,nan,False,False,False
678,45.0,0.84,-0.24,0.3662453006383523,0.1,0.07071067811865475,0.07071067811865477,0.3355027154871771,0.31585864330691316,False,False,nan,nan,nan,nan,nan,nan,False,False,False
679,45.0,0.84,-0.24,0.3662453006383523,0.12,0.0848528137423857,0.08485281374238571,0.3355027154871771,0.3143477024546082,False,False,nan,nan,nan,nan,nan,nan,False,False,False
680,45.0,0.84,-0.24,0.3662453006383523,0.14,0.09899494936611665,0.09899494936611666,0.3355027154871771,0.31302891265976046,False,False,nan,nan,nan,nan,nan,nan,False,False,False
681,45.0,0.84,-0.16,0.3662453006383523,0.06,0.04242640687119285,0.042426406871192854,0.27306471818893263,0.2607136810279541,False,False,nan,nan,nan,nan,nan,nan,False,False,False
682,45.0,0.84,-0.16,0.3662453006383523,0.08,0.056568542494923796,0.05656854249492381,0.27306471818893263,0.2595705812646806,False,False,nan,nan,nan,nan,nan,nan,False,False,False
683,45.0,0.84,-0.16,0.3662453006383523,0.1,0.07071067811865475,0.07071067811865477,0.27306471818893263,0.2584960319985696,False,False,nan,nan,nan,nan,nan,nan,False,False,False
684,45.0,0.84,-0.16,0.3662453006383523,0.12,0.0848528137423857,0.08485281374238571,0.27306471818893263,0.2576379617408642,False,False,nan,nan,nan,nan,nan,nan,False,False,False
685,45.0,0.84,-0.16,0.3662453006383523,0.14,0.09899494936611665,0.09899494936611666,0.27306471818893263,0.25699645214664735,False,False,nan,nan,nan,nan,nan,nan,False,False,False
686,45.0,0.84,-0.08,0.3662453006383523,0.06,0.04242640687119285,0.042426406871192854,0.2148285130552096,0.20516862722338458,False,False,nan,nan,nan,nan,nan,nan,False,False,False
687,45.0,0.84,-0.08,0.3662453006383523,0.08,0.056568542494923796,0.05656854249492381,0.2148285130552096,0.20520073693385707,False,False,nan,nan,nan,nan,nan,nan,False,False,False
688,45.0,0.84,-0.08,0.3662453006383523,0.1,0.07071067811865475,0.07071067811865477,0.2148285130552096,0.20547588127062077,False,False,nan,nan,nan,nan,nan,nan,False,False,False
689,45.0,0.84,-0.08,0.3662453006383523,0.12,0.0848528137423857,0.08485281374238571,0.2148285130552096,0.20599214855276152,False,False,nan,nan,nan,nan,nan,nan,False,False,False
690,45.0,0.84,-0.08,0.3662453006383523,0.14,0.09899494936611665,0.09899494936611666,0.2148285130552096,0.20674722554929187,False,False,nan,nan,nan,nan,nan,nan,False,False,False
691,45.0,0.84,0.0,0.3662453006383523,0.06,0.04242640687119285,0.042426406871192854,0.16236446648740338,0.1576304306286181,False,False,nan,nan,nan,nan,nan,nan,False,False,False
692,45.0,0.84,0.0,0.3662453006383523,0.08,0.056568542494923796,0.05656854249492381,0.16236446648740338,0.15806248338800974,False,False,nan,nan,nan,nan,nan,nan,False,False,False
693,45.0,0.84,0.0,0.3662453006383523,0.1,0.07071067811865475,0.07071067811865477,0.16236446648740338,0.15880248515867862,False,False,nan,nan,nan,nan,nan,nan,False,False,False
694,45.0,0.84,0.0,0.3662453006383523,0.12,0.0848528137423857,0.08485281374238571,0.16236446648740338,0.15984601478457858,False,False,nan,nan,nan,nan,nan,nan,False,False,False
695,45.0,0.84,0.0,0.3662453006383523,0.14,0.09899494936611665,0.09899494936611666,0.16236446648740338,0.16067302543451822,False,False,nan,nan,nan,nan,nan,nan,False,False,False
696,45.0,0.84,0.08,0.3662453006383523,0.06,0.04242640687119285,0.042426406871192854,0.11546149415875973,0.11412992049669118,False,False,nan,nan,nan,nan,nan,nan,False,False,False
697,45.0,0.84,0.08,0.3662453006383523,0.08,0.056568542494923796,0.05656854249492381,0.11546149415875973,0.11523537084298224,False,False,nan,nan,nan,nan,nan,nan,False,False,False
698,45.0,0.84,0.08,0.3662453006383523,0.1,0.07071067811865475,0.07071067811865477,0.11546149415875973,0.11546149415875973,False,False,nan,nan,nan,nan,nan,nan,False,False,False
699,45.0,0.84,0.08,0.3662453006383523,0.12,0.0848528137423857,0.08485281374238571,0.11546149415875973,0.11546149415875973,False,False,nan,nan,nan,nan,nan,nan,False,False,False
700,45.0,0.84,0.08,0.3662453006383523,0.14,0.09899494936611665,0.09899494936611666,0.11546149415875973,0.11546149415875973,False,False,nan,nan,nan,nan,nan,nan,False,False,False
701,60.0,0.48,-0.24,0.3662453006383523,0.06,0.05196152422706631,0.030000000000000006,0.11126117483230785,0.11126117483230785,False,False,nan,nan,nan,nan,nan,nan,False,False,False
702,60.0,0.48,-0.24,0.3662453006383523,0.08,0.06928203230275509,0.04000000000000001,0.11126117483230785,0.11126117483230785,False,False,nan,nan,nan,nan,nan,nan,False,False,False
703,60.0,0.48,-0.24,0.3662453006383523,0.1,0.08660254037844387,0.05000000000000002,0.11126117483230785,0.11126117483230785,False,False,nan,nan,nan,nan,nan,nan,False,False,False
704,60.0,0.48,-0.24,0.3662453006383523,0.12,0.10392304845413262,0.06000000000000001,0.11126117483230785,0.11126117483230785,False,False,nan,nan,nan,nan,nan,nan,False,False,False
705,60.0,0.48,-0.24,0.3662453006383523,0.14,0.12124355652982141,0.07000000000000002,0.11126117483230785,0.11126117483230785,False,False,nan,nan,nan,nan,nan,nan,False,False,False
706,60.0,0.48,-0.16,0.3662453006383523,0.06,0.05196152422706631,0.030000000000000006,0.08318114364293594,0.08318114364293594,False,False,nan,nan,nan,nan,nan,nan,False,False,False
707,60.0,0.48,-0.16,0.3662453006383523,0.08,0.06928203230275509,0.04000000000000001,0.08318114364293594,0.08318114364293594,False,False,nan,nan,nan,nan,nan,nan,False,False,False
708,60.0,0.48,-0.16,0.3662453006383523,0.1,0.08660254037844387,0.05000000000000002,0.08318114364293594,0.08318114364293594,False,False,nan,nan,nan,nan,nan,nan,False,False,False
709,60.0,0.48,-0.16,0.3662453006383523,0.12,0.10392304845413262,0.06000000000000001,0.08318114364293594,0.08318114364293594,False,False,nan,nan,nan,nan,nan,nan,False,False,False
710,60.0,0.48,-0.16,0.3662453006383523,0.14,0.12124355652982141,0.07000000000000002,0.08318114364293594,0.08318114364293594,False,False,nan,nan,nan,nan,nan,nan,False,False,False
711,60.0,0.48,-0.08,0.3662453006383523,0.06,0.05196152422706631,0.030000000000000006,0.06889907582064567,0.06889907582064567,False,False,nan,nan,nan,nan,nan,nan,False,False,False
712,60.0,0.48,-0.08,0.3662453006383523,0.08,0.06928203230275509,0.04000000000000001,0.06889907582064567,0.06620885735760343,False,False,nan,nan,nan,nan,nan,nan,False,False,False
713,60.0,0.48,-0.08,0.3662453006383523,0.1,0.08660254037844387,0.05000000000000002,0.06889907582064567,0.05996658998337656,False,False,nan,nan,nan,nan,nan,nan,False,False,False
714,60.0,0.48,-0.08,0.3662453006383523,0.12,0.10392304845413262,0.06000000000000001,0.06889907582064567,0.05399720313230291,False,False,nan,nan,nan,nan,nan,nan,False,False,False
715,60.0,0.48,-0.08,0.3662453006383523,0.14,0.12124355652982141,0.07000000000000002,0.06889907582064567,0.04831741237164228,False,False,nan,nan,nan,nan,nan,nan,False,False,False
716,60.0,0.48,0.0,0.3662453006383523,0.06,0.05196152422706631,0.030000000000000006,0.03409335927680976,0.0035559559241449268,False,False,nan,nan,nan,nan,nan,nan,False,False,False
717,60.0,0.48,0.0,0.3662453006383523,0.08,0.06928203230275509,0.04000000000000001,0.03409335927680976,-0.002913334745085011,False,False,nan,nan,nan,nan,nan,nan,False,False,False
718,60.0,0.48,0.0,0.3662453006383523,0.1,0.08660254037844387,0.05000000000000002,0.03409335927680976,-0.009283647296865677,False,False,nan,nan,nan,nan,nan,nan,False,False,False
719,60.0,0.48,0.0,0.3662453006383523,0.12,0.10392304845413262,0.06000000000000001,0.03409335927680976,-0.0160656644072783,False,False,nan,nan,nan,nan,nan,nan,False,False,False
720,60.0,0.48,0.0,0.3662453006383523,0.14,0.12124355652982141,0.07000000000000002,0.03409335927680976,-0.022495215640030597,False,False,nan,nan,nan,nan,nan,nan,False,False,False
721,60.0,0.48,0.08,0.3662453006383523,0.06,0.05196152422706631,0.030000000000000006,-0.029583360155055194,-0.06386925904540539,False,False,nan,nan,nan,nan,nan,nan,False,False,False
722,60.0,0.48,0.08,0.3662453006383523,0.08,0.06928203230275509,0.04000000000000001,-0.029583360155055194,-0.07168792952958472,False,False,nan,nan,nan,nan,nan,nan,False,False,False
723,60.0,0.48,0.08,0.3662453006383523,0.1,0.08660254037844387,0.05000000000000002,-0.029583360155055194,-0.07909728410646401,False,False,nan,nan,nan,nan,nan,nan,False,False,False
724,60.0,0.48,0.08,0.3662453006383523,0.12,0.10392304845413262,0.06000000000000001,-0.029583360155055194,-0.08602854226790813,False,False,nan,nan,nan,nan,nan,nan,False,False,False
725,60.0,0.48,0.08,0.3662453006383523,0.14,0.12124355652982141,0.07000000000000002,-0.029583360155055194,-0.09240347815812192,False,False,nan,nan,nan,nan,nan,nan,False,False,False
726,60.0,0.54,-0.24,0.3662453006383523,0.06,0.05196152422706631,0.030000000000000006,0.1585270465301356,0.1585270465301356,False,False,nan,nan,nan,nan,nan,nan,False,False,False
727,60.0,0.54,-0.24,0.3662453006383523,0.08,0.06928203230275509,0.04000000000000001,0.1585270465301356,0.1585270465301356,False,False,nan,nan,nan,nan,nan,nan,False,False,False
728,60.0,0.54,-0.24,0.3662453006383523,0.1,0.08660254037844387,0.05000000000000002,0.1585270465301356,0.1585270465301356,False,False,nan,nan,nan,nan,nan,nan,False,False,False
729,60.0,0.54,-0.24,0.3662453006383523,0.12,0.10392304845413262,0.06000000000000001,0.1585270465301356,0.1585270465301356,False,False,nan,nan,nan,nan,nan,nan,False,False,False
730,60.0,0.54,-0.24,0.3662453006383523,0.14,0.12124355652982141,0.07000000000000002,0.1585270465301356,0.1585270465301356,False,False,nan,nan,nan,nan,nan,nan,False,False,False
731,60.0,0.54,-0.16,0.3662453006383523,0.06,0.05196152422706631,0.030000000000000006,0.12881598933347121,0.12881598933347121,True,False,0.13882774283574245,0.12881598933347121,29.982026026118547,nan,nan,nan,False,False,False
732,60.0,0.54,-0.16,0.3662453006383523,0.08,0.06928203230275509,0.04000000000000001,0.12881598933347121,0.12881598933347121,True,False,0.13882774283574245,0.12881598933347121,29.570276965387166,nan,nan,nan,False,False,False
733,60.0,0.54,-0.16,0.3662453006383523,0.1,0.08660254037844387,0.05000000000000002,0.12881598933347121,0.12881598933347121,True,False,0.13450970013398278,0.12881598933347121,32.08239999366924,nan,nan,nan,False,False,False
734,60.0,0.54,-0.16,0.3662453006383523,0.12,0.10392304845413262,0.06000000000000001,0.12881598933347121,0.12881598933347121,True,False,0.12835474180099288,0.12881598933347121,57.065239001531154,nan,nan,nan,False,False,False
735,60.0,0.54,-0.16,0.3662453006383523,0.14,0.12124355652982141,0.07000000000000002,0.12881598933347121,0.12622592037139102,True,False,0.12348453212244132,0.12881598933347121,54.83684700448066,nan,nan,nan,False,False,False
736,60.0,0.54,-0.08,0.3662453006383523,0.06,0.05196152422706631,0.030000000000000006,0.09607351250836399,0.07014096675428733,False,False,nan,nan,nan,nan,nan,nan,False,False,False
737,60.0,0.54,-0.08,0.3662453006383523,0.08,0.06928203230275509,0.04000000000000001,0.09607351250836399,0.06553305345434088,False,False,nan,nan,nan,nan,nan,nan,False,False,False
738,60.0,0.54,-0.08,0.3662453006383523,0.1,0.08660254037844387,0.05000000000000002,0.09607351250836399,0.06124857729117533,False,False,nan,nan,nan,nan,nan,nan,False,False,False
739,60.0,0.54,-0.08,0.3662453006383523,0.12,0.10392304845413262,0.06000000000000001,0.09607351250836399,0.0573004748132587,False,False,nan,nan,nan,nan,nan,nan,False,False,False
740,60.0,0.54,-0.08,0.3662453006383523,0.14,0.12124355652982141,0.07000000000000002,0.09607351250836399,0.053701032806999116,False,False,nan,nan,nan,nan,nan,nan,False,False,False
741,60.0,0.54,0.0,0.3662453006383523,0.06,0.05196152422706631,0.030000000000000006,0.024152002007902962,-0.0012017760738605443,False,False,nan,nan,nan,nan,nan,nan,False,False,False
742,60.0,0.54,0.0,0.3662453006383523,0.08,0.06928203230275509,0.04000000000000001,0.024152002007902962,-0.006149601641240676,False,False,nan,nan,nan,nan,nan,nan,False,False,False
743,60.0,0.54,0.0,0.3662453006383523,0.1,0.08660254037844387,0.05000000000000002,0.024152002007902962,-0.010667048618495961,False,False,nan,nan,nan,nan,nan,nan,False,False,False
744,60.0,0.54,0.0,0.3662453006383523,0.12,0.10392304845413262,0.06000000000000001,0.024152002007902962,-0.0147287644321617,False,False,nan,nan,nan,nan,nan,nan,False,False,False
745,60.0,0.54,0.0,0.3662453006383523,0.14,0.12124355652982141,0.07000000000000002,0.024152002007902962,-0.018310842958594448,False,False,nan,nan,nan,nan,nan,nan,False,False,False
746,60.0,0.54,0.08,0.3662453006383523,0.06,0.05196152422706631,0.030000000000000006,-0.047556134990628135,-0.07370275104739682,False,False,nan,nan,nan,nan,nan,nan,False,False,False
747,60.0,0.54,0.08,0.3662453006383523,0.08,0.06928203230275509,0.04000000000000001,-0.047556134990628135,-0.07785129440726823,False,False,nan,nan,nan,nan,nan,nan,False,False,False
748,60.0,0.54,0.08,0.3662453006383523,0.1,0.08660254037844387,0.05000000000000002,-0.047556134990628135,-0.08126983427667768,False,False,nan,nan,nan,nan,nan,nan,False,False,False
749,60.0,0.54,0.08,0.3662453006383523,0.12,0.10392304845413262,0.06000000000000001,-0.047556134990628135,-0.08391063225273347,False,False,nan,nan,nan,nan,nan,nan,False,False,False
750,60.0,0.54,0.08,0.3662453006383523,0.14,0.12124355652982141,0.07000000000000002,-0.047556134990628135,-0.08573762773377507,False,False,nan,nan,nan,nan,nan,nan,False,False,False
751,60.0,0.6,-0.24,0.3662453006383523,0.06,0.05196152422706631,0.030000000000000006,0.20482794557359657,0.20482794557359657,False,False,nan,nan,nan,nan,nan,nan,False,False,False
752,60.0,0.6,-0.24,0.3662453006383523,0.08,0.06928203230275509,0.04000000000000001,0.20482794557359657,0.20482794557359657,False,False,nan,nan,nan,nan,nan,nan,False,False,False
753,60.0,0.6,-0.24,0.3662453006383523,0.1,0.08660254037844387,0.05000000000000002,0.20482794557359657,0.20482794557359657,False,False,nan,nan,nan,nan,nan,nan,False,False,False
754,60.0,0.6,-0.24,0.3662453006383523,0.12,0.10392304845413262,0.06000000000000001,0.20482794557359657,0.20482794557359657,False,False,nan,nan,nan,nan,nan,nan,False,False,False
755,60.0,0.6,-0.24,0.3662453006383523,0.14,0.12124355652982141,0.07000000000000002,0.20482794557359657,0.20482794557359657,False,False,nan,nan,nan,nan,nan,nan,False,False,False
756,60.0,0.6,-0.16,0.3662453006383523,0.06,0.05196152422706631,0.030000000000000006,0.17496008865397916,0.15279440059722443,False,False,nan,nan,nan,nan,nan,nan,False,False,False
757,60.0,0.6,-0.16,0.3662453006383523,0.08,0.06928203230275509,0.04000000000000001,0.17496008865397916,0.14942302344601302,False,False,nan,nan,nan,nan,nan,nan,False,False,False
758,60.0,0.6,-0.16,0.3662453006383523,0.1,0.08660254037844387,0.05000000000000002,0.17496008865397916,0.14631889229354228,False,False,nan,nan,nan,nan,nan,nan,False,False,False
759,60.0,0.6,-0.16,0.3662453006383523,0.12,0.10392304845413262,0.06000000000000001,0.17496008865397916,0.14348732244546417,False,False,nan,nan,nan,nan,nan,nan,False,False,False
760,60.0,0.6,-0.16,0.3662453006383523,0.14,0.12124355652982141,0.07000000000000002,0.17496008865397916,0.14093311790275098,False,False,nan,nan,nan,nan,nan,nan,False,False,False
761,60.0,0.6,-0.08,0.3662453006383523,0.06,0.05196152422706631,0.030000000000000006,0.10061404566209836,0.08060555350308218,False,False,nan,nan,nan,nan,nan,nan,False,False,False
762,60.0,0.6,-0.08,0.3662453006383523,0.08,0.06928203230275509,0.04000000000000001,0.10061404566209836,0.07799959033338491,False,False,nan,nan,nan,nan,nan,nan,False,False,False
763,60.0,0.6,-0.08,0.3662453006383523,0.1,0.08660254037844387,0.05000000000000002,0.10061404566209836,0.07574057434584686,False,False,nan,nan,nan,nan,nan,nan,False,False,False
764,60.0,0.6,-0.08,0.3662453006383523,0.12,0.10392304845413262,0.06000000000000001,0.10061404566209836,0.07383397027192659,False,False,nan,nan,nan,nan,nan,nan,False,False,False
765,60.0,0.6,-0.08,0.3662453006383523,0.14,0.12124355652982141,0.07000000000000002,0.10061404566209836,0.07228399955467135,False,False,nan,nan,nan,nan,nan,nan,False,False,False
766,60.0,0.6,0.0,0.3662453006383523,0.06,0.05196152422706631,0.030000000000000006,0.02978914920655293,0.009929797023990383,False,False,nan,nan,nan,nan,nan,nan,False,False,False
767,60.0,0.6,0.0,0.3662453006383523,0.08,0.06928203230275509,0.04000000000000001,0.02978914920655293,0.0076917123772094476,False,False,nan,nan,nan,nan,nan,nan,False,False,False
768,60.0,0.6,0.0,0.3662453006383523,0.1,0.08660254037844387,0.05000000000000002,0.02978914920655293,0.005922316725850224,False,False,nan,nan,nan,nan,nan,nan,False,False,False
769,60.0,0.6,0.0,0.3662453006383523,0.12,0.10392304845413262,0.06000000000000001,0.02978914920655293,0.004628141597762064,False,False,nan,nan,nan,nan,nan,nan,False,False,False
770,60.0,0.6,0.0,0.3662453006383523,0.14,0.12124355652982141,0.07000000000000002,0.02978914920655293,0.0038125632396130704,False,False,nan,nan,nan,nan,nan,nan,False,False,False
771,60.0,0.6,0.08,0.3662453006383523,0.06,0.05196152422706631,0.030000000000000006,-0.042714874342271864,-0.05688502630068992,False,False,nan,nan,nan,nan,nan,nan,False,False,False
772,60.0,0.6,0.08,0.3662453006383523,0.08,0.06928203230275509,0.04000000000000001,-0.042714874342271864,-0.057018292263389,False,False,nan,nan,nan,nan,nan,nan,False,False,False
773,60.0,0.6,0.08,0.3662453006383523,0.1,0.08660254037844387,0.05000000000000002,-0.042714874342271864,-0.05647176196137749,False,False,nan,nan,nan,nan,nan,nan,False,False,False
774,60.0,0.6,0.08,0.3662453006383523,0.12,0.10392304845413262,0.06000000000000001,-0.042714874342271864,-0.055263889619129036,False,False,nan,nan,nan,nan,nan,nan,False,False,False
775,60.0,0.6,0.08,0.3662453006383523,0.14,0.12124355652982141,0.07000000000000002,-0.042714874342271864,-0.054391496905013714,False,False,nan,nan,nan,nan,nan,nan,False,False,False
776,60.0,0.66,-0.24,0.3662453006383523,0.06,0.05196152422706631,0.030000000000000006,0.2546931154696529,0.24263727610524044,False,False,nan,nan,nan,nan,nan,nan,False,False,False
777,60.0,0.66,-0.24,0.3662453006383523,0.08,0.06928203230275509,0.04000000000000001,0.2546931154696529,0.24005897034991955,False,False,nan,nan,nan,nan,nan,nan,False,False,False
778,60.0,0.66,-0.24,0.3662453006383523,0.1,0.08660254037844387,0.05000000000000002,0.2546931154696529,0.23770032520607998,False,False,nan,nan,nan,nan,nan,nan,False,False,False
779,60.0,0.66,-0.24,0.3662453006383523,0.12,0.10392304845413262,0.06000000000000001,0.2546931154696529,0.2355636770357896,False,False,nan,nan,nan,nan,nan,nan,False,False,False
780,60.0,0.66,-0.24,0.3662453006383523,0.14,0.12124355652982141,0.07000000000000002,0.2546931154696529,0.233651055882091,False,False,nan,nan,nan,nan,nan,nan,False,False,False
781,60.0,0.66,-0.16,0.3662453006383523,0.06,0.05196152422706631,0.030000000000000006,0.1879979445145714,0.17067854199400234,False,False,nan,nan,nan,nan,nan,nan,False,False,False
782,60.0,0.66,-0.16,0.3662453006383523,0.08,0.06928203230275509,0.04000000000000001,0.1879979445145714,0.1688336283976152,False,False,nan,nan,nan,nan,nan,nan,False,False,False
783,60.0,0.66,-0.16,0.3662453006383523,0.1,0.08660254037844387,0.05000000000000002,0.1879979445145714,0.16725575780832036,False,False,nan,nan,nan,nan,nan,nan,False,False,False
784,60.0,0.66,-0.16,0.3662453006383523,0.12,0.10392304845413262,0.06000000000000001,0.1879979445145714,0.16594661445291084,False,False,nan,nan,nan,nan,nan,nan,False,False,False
785,60.0,0.66,-0.16,0.3662453006383523,0.14,0.12124355652982141,0.07000000000000002,0.1879979445145714,0.16490730838616746,False,False,nan,nan,nan,nan,nan,nan,False,False,False
786,60.0,0.66,-0.08,0.3662453006383523,0.06,0.05196152422706631,0.030000000000000006,0.11674913256168179,0.10276060545683846,False,False,nan,nan,nan,nan,nan,nan,False,False,False
787,60.0,0.66,-0.08,0.3662453006383523,0.08,0.06928203230275509,0.04000000000000001,0.11674913256168179,0.10199832602746636,False,False,nan,nan,nan,nan,nan,nan,False,False,False
788,60.0,0.66,-0.08,0.3662453006383523,0.1,0.08660254037844387,0.05000000000000002,0.11674913256168179,0.10109648933502252,False,False,nan,nan,nan,nan,nan,nan,False,False,False
789,60.0,0.66,-0.08,0.3662453006383523,0.12,0.10392304845413262,0.06000000000000001,0.11674913256168179,0.10035025147383028,False,False,nan,nan,nan,nan,nan,nan,False,False,False
790,60.0,0.66,-0.08,0.3662453006383523,0.14,0.12124355652982141,0.07000000000000002,0.11674913256168179,0.09993227251993742,False,False,nan,nan,nan,nan,nan,nan,False,False,False
791,60.0,0.66,0.0,0.3662453006383523,0.06,0.05196152422706631,0.030000000000000006,0.04811880778189104,0.03615708457421771,False,False,nan,nan,nan,nan,nan,nan,False,False,False
792,60.0,0.66,0.0,0.3662453006383523,0.08,0.06928203230275509,0.04000000000000001,0.04811880778189104,0.03626514160310684,False,False,nan,nan,nan,nan,nan,nan,False,False,False
793,60.0,0.66,0.0,0.3662453006383523,0.1,0.08660254037844387,0.05000000000000002,0.04811880778189104,0.036786704261455416,False,False,nan,nan,nan,nan,nan,nan,False,False,False
794,60.0,0.66,0.0,0.3662453006383523,0.12,0.10392304845413262,0.06000000000000001,0.04811880778189104,0.03771499189137417,False,False,nan,nan,nan,nan,nan,nan,False,False,False
795,60.0,0.66,0.0,0.3662453006383523,0.14,0.12124355652982141,0.07000000000000002,0.04811880778189104,0.038868997618787066,False,False,nan,nan,nan,nan,nan,nan,False,False,False
796,60.0,0.66,0.08,0.3662453006383523,0.06,0.05196152422706631,0.030000000000000006,-0.016882267037456544,-0.02070004894596711,False,False,nan,nan,nan,nan,nan,nan,False,False,False
797,60.0,0.66,0.08,0.3662453006383523,0.08,0.06928203230275509,0.04000000000000001,-0.016882267037456544,-0.01938107904974415,False,False,nan,nan,nan,nan,nan,nan,False,False,False
798,60.0,0.66,0.08,0.3662453006383523,0.1,0.08660254037844387,0.05000000000000002,-0.016882267037456544,-0.01820488283385588,False,False,nan,nan,nan,nan,nan,nan,False,False,False
799,60.0,0.66,0.08,0.3662453006383523,0.12,0.10392304845413262,0.06000000000000001,-0.016882267037456544,-0.017519003439499026,False,False,nan,nan,nan,nan,nan,nan,False,False,False
800,60.0,0.66,0.08,0.3662453006383523,0.14,0.12124355652982141,0.07000000000000002,-0.016882267037456544,-0.016882267037456544,False,False,nan,nan,nan,nan,nan,nan,False,False,False
801,60.0,0.72,-0.24,0.3662453006383523,0.06,0.05196152422706631,0.030000000000000006,0.2803522316786447,0.2648141491863778,False,False,nan,nan,nan,nan,nan,nan,False,False,False
802,60.0,0.72,-0.24,0.3662453006383523,0.08,0.06928203230275509,0.04000000000000001,0.2803522316786447,0.26343733888935994,False,False,nan,nan,nan,nan,nan,nan,False,False,False
803,60.0,0.72,-0.24,0.3662453006383523,0.1,0.08660254037844387,0.05000000000000002,0.2803522316786447,0.26227466964073126,False,False,nan,nan,nan,nan,nan,nan,False,False,False
804,60.0,0.72,-0.24,0.3662453006383523,0.12,0.10392304845413262,0.06000000000000001,0.2803522316786447,0.261326642071378,False,False,nan,nan,nan,nan,nan,nan,False,False,False
805,60.0,0.72,-0.24,0.3662453006383523,0.14,0.12124355652982141,0.07000000000000002,0.2803522316786447,0.26059346096772285,False,False,nan,nan,nan,nan,nan,nan,False,False,False
806,60.0,0.72,-0.16,0.3662453006383523,0.06,0.05196152422706631,0.030000000000000006,0.20954591479607237,0.19687989392826133,False,False,nan,nan,nan,nan,nan,nan,False,False,False
807,60.0,0.72,-0.16,0.3662453006383523,0.08,0.06928203230275509,0.04000000000000001,0.20954591479607237,0.19640870575200162,False,False,nan,nan,nan,nan,nan,nan,False,False,False
808,60.0,0.72,-0.16,0.3662453006383523,0.1,0.08660254037844387,0.05000000000000002,0.20954591479607237,0.19618767052368147,False,False,nan,nan,nan,nan,nan,nan,False,False,False
809,60.0,0.72,-0.16,0.3662453006383523,0.12,0.10392304845413262,0.06000000000000001,0.20954591479607237,0.19621570277158126,False,False,nan,nan,nan,nan,nan,nan,False,False,False
810,60.0,0.72,-0.16,0.3662453006383523,0.14,0.12124355652982141,0.07000000000000002,0.20954591479607237,0.19649126093946173,False,False,nan,nan,nan,nan,nan,nan,False,False,False
811,60.0,0.72,-0.08,0.3662453006383523,0.06,0.05196152422706631,0.030000000000000006,0.14283492829255073,0.1332342121047569,True,False,0.13881614177474783,0.14267208076589935,21.837665990460664,nan,nan,nan,False,False,False
812,60.0,0.72,-0.08,0.3662453006383523,0.08,0.06928203230275509,0.04000000000000001,0.14283492829255073,0.13343595291545066,True,False,0.13870834902507878,0.14278164718137007,48.95402101101354,nan,nan,nan,False,False,False
813,60.0,0.72,-0.08,0.3662453006383523,0.1,0.08660254037844387,0.05000000000000002,0.14283492829255073,0.13393141254783497,True,False,0.13862224493733105,0.14275791169342888,50.03917496651411,nan,nan,nan,False,False,False
814,60.0,0.72,-0.08,0.3662453006383523,0.12,0.10392304845413262,0.06000000000000001,0.14283492829255073,0.13471722154628105,True,False,0.13855174576236823,0.14273638478402428,47.70824301522225,nan,nan,nan,False,False,False
815,60.0,0.72,-0.08,0.3662453006383523,0.14,0.12124355652982141,0.07000000000000002,0.14283492829255073,0.13578932499267476,True,False,0.13849024272056146,0.14271647949933752,47.482182970270514,nan,nan,nan,False,False,False
816,60.0,0.72,0.0,0.3662453006383523,0.06,0.05196152422706631,0.030000000000000006,0.0785263471160993,0.07319209752273853,False,False,nan,nan,nan,nan,nan,nan,False,False,False
817,60.0,0.72,0.0,0.3662453006383523,0.08,0.06928203230275509,0.04000000000000001,0.0785263471160993,0.07502929333725525,False,False,nan,nan,nan,nan,nan,nan,False,False,False
818,60.0,0.72,0.0,0.3662453006383523,0.1,0.08660254037844387,0.05000000000000002,0.0785263471160993,0.07601434671170598,False,False,nan,nan,nan,nan,nan,nan,False,False,False
819,60.0,0.72,0.0,0.3662453006383523,0.12,0.10392304845413262,0.06000000000000001,0.0785263471160993,0.0770459047884321,False,False,nan,nan,nan,nan,nan,nan,False,False,False
820,60.0,0.72,0.0,0.3662453006383523,0.14,0.12124355652982141,0.07000000000000002,0.0785263471160993,0.07770946187089608,False,False,nan,nan,nan,nan,nan,nan,False,False,False
821,60.0,0.72,0.08,0.3662453006383523,0.06,0.05196152422706631,0.030000000000000006,0.0226816025846944,0.02259874019051583,False,False,nan,nan,nan,nan,nan,nan,False,False,False
822,60.0,0.72,0.08,0.3662453006383523,0.08,0.06928203230275509,0.04000000000000001,0.0226816025846944,0.0226816025846944,False,False,nan,nan,nan,nan,nan,nan,False,False,False
823,60.0,0.72,0.08,0.3662453006383523,0.1,0.08660254037844387,0.05000000000000002,0.0226816025846944,0.0226816025846944,False,False,nan,nan,nan,nan,nan,nan,False,False,False
824,60.0,0.72,0.08,0.3662453006383523,0.12,0.10392304845413262,0.06000000000000001,0.0226816025846944,0.0226816025846944,False,False,nan,nan,nan,nan,nan,nan,False,False,False
825,60.0,0.72,0.08,0.3662453006383523,0.14,0.12124355652982141,0.07000000000000002,0.0226816025846944,0.0226816025846944,False,False,nan,nan,nan,nan,nan,nan,False,False,False
826,60.0,0.78,-0.24,0.3662453006383523,0.06,0.05196152422706631,0.030000000000000006,0.30511197026401987,0.29331089424001455,False,False,nan,nan,nan,nan,nan,nan,False,False,False
827,60.0,0.78,-0.24,0.3662453006383523,0.08,0.06928203230275509,0.04000000000000001,0.30511197026401987,0.2930171576773921,False,False,nan,nan,nan,nan,nan,nan,False,False,False
828,60.0,0.78,-0.24,0.3662453006383523,0.1,0.08660254037844387,0.05000000000000002,0.30511197026401987,0.29292448299020407,False,False,nan,nan,nan,nan,nan,nan,False,False,False
829,60.0,0.78,-0.24,0.3662453006383523,0.12,0.10392304845413262,0.06000000000000001,0.30511197026401987,0.29303201189157657,False,False,nan,nan,nan,nan,nan,nan,False,False,False
830,60.0,0.78,-0.24,0.3662453006383523,0.14,0.12124355652982141,0.07000000000000002,0.30511197026401987,0.2933386502991882,False,False,nan,nan,nan,nan,nan,nan,False,False,False
831,60.0,0.78,-0.16,0.3662453006383523,0.06,0.05196152422706631,0.030000000000000006,0.23834436308274115,0.22988616857991673,False,False,nan,nan,nan,nan,nan,nan,False,False,False
832,60.0,0.78,-0.16,0.3662453006383523,0.08,0.06928203230275509,0.04000000000000001,0.23834436308274115,0.23059140801497893,False,False,nan,nan,nan,nan,nan,nan,False,False,False
833,60.0,0.78,-0.16,0.3662453006383523,0.1,0.08660254037844387,0.05000000000000002,0.23834436308274115,0.23152149462253652,False,False,nan,nan,nan,nan,nan,nan,False,False,False
834,60.0,0.78,-0.16,0.3662453006383523,0.12,0.10392304845413262,0.06000000000000001,0.23834436308274115,0.23267375627119705,False,False,nan,nan,nan,nan,nan,nan,False,False,False
835,60.0,0.78,-0.16,0.3662453006383523,0.14,0.12124355652982141,0.07000000000000002,0.23834436308274115,0.23374389565018577,False,False,nan,nan,nan,nan,nan,nan,False,False,False
836,60.0,0.78,-0.08,0.3662453006383523,0.06,0.05196152422706631,0.030000000000000006,0.17634096748199984,0.17028198886699902,False,False,nan,nan,nan,nan,nan,nan,False,False,False
837,60.0,0.78,-0.08,0.3662453006383523,0.08,0.06928203230275509,0.04000000000000001,0.17634096748199984,0.17177525997936852,False,False,nan,nan,nan,nan,nan,nan,False,False,False
838,60.0,0.78,-0.08,0.3662453006383523,0.1,0.08660254037844387,0.05000000000000002,0.17634096748199984,0.1732165824975841,False,False,nan,nan,nan,nan,nan,nan,False,False,False
839,60.0,0.78,-0.08,0.3662453006383523,0.12,0.10392304845413262,0.06000000000000001,0.17634096748199984,0.17404808752635537,False,False,nan,nan,nan,nan,nan,nan,False,False,False
840,60.0,0.78,-0.08,0.3662453006383523,0.14,0.12124355652982141,0.07000000000000002,0.17634096748199984,0.17497053391557163,False,False,nan,nan,nan,nan,nan,nan,False,False,False
841,60.0,0.78,0.0,0.3662453006383523,0.06,0.05196152422706631,0.030000000000000006,0.11753651468699378,0.11651742164834628,False,False,nan,nan,nan,nan,nan,nan,False,False,False
842,60.0,0.78,0.0,0.3662453006383523,0.08,0.06928203230275509,0.04000000000000001,0.11753651468699378,0.11753651468699378,False,False,nan,nan,nan,nan,nan,nan,False,False,False
843,60.0,0.78,0.0,0.3662453006383523,0.1,0.08660254037844387,0.05000000000000002,0.11753651468699378,0.11753651468699378,False,False,nan,nan,nan,nan,nan,nan,False,False,False
844,60.0,0.78,0.0,0.3662453006383523,0.12,0.10392304845413262,0.06000000000000001,0.11753651468699378,0.11753651468699378,False,False,nan,nan,nan,nan,nan,nan,False,False,False
845,60.0,0.78,0.0,0.3662453006383523,0.14,0.12124355652982141,0.07000000000000002,0.11753651468699378,0.11753651468699378,False,False,nan,nan,nan,nan,nan,nan,False,False,False
846,60.0,0.78,0.08,0.3662453006383523,0.06,0.05196152422706631,0.030000000000000006,0.0680240187681409,0.06796727745725242,False,False,nan,nan,nan,nan,nan,nan,False,False,False
847,60.0,0.78,0.08,0.3662453006383523,0.08,0.06928203230275509,0.04000000000000001,0.0680240187681409,0.0680240187681409,False,False,nan,nan,nan,nan,nan,nan,False,False,False
848,60.0,0.78,0.08,0.3662453006383523,0.1,0.08660254037844387,0.05000000000000002,0.0680240187681409,0.0680240187681409,False,False,nan,nan,nan,nan,nan,nan,False,False,False
849,60.0,0.78,0.08,0.3662453006383523,0.12,0.10392304845413262,0.06000000000000001,0.0680240187681409,0.0680240187681409,False,False,nan,nan,nan,nan,nan,nan,False,False,False
850,60.0,0.78,0.08,0.3662453006383523,0.14,0.12124355652982141,0.07000000000000002,0.0680240187681409,0.0680240187681409,False,False,nan,nan,nan,nan,nan,nan,False,False,False
851,60.0,0.84,-0.24,0.3662453006383523,0.06,0.05196152422706631,0.030000000000000006,0.3355027154871771,0.327106710096807,False,False,nan,nan,nan,nan,nan,nan,False,False,False
852,60.0,0.84,-0.24,0.3662453006383523,0.08,0.06928203230275509,0.04000000000000001,0.3355027154871771,0.327761548621747,False,False,nan,nan,nan,nan,nan,nan,False,False,False
853,60.0,0.84,-0.24,0.3662453006383523,0.1,0.08660254037844387,0.05000000000000002,0.3355027154871771,0.32860045849031305,False,False,nan,nan,nan,nan,nan,nan,False,False,False
854,60.0,0.84,-0.24,0.3662453006383523,0.12,0.10392304845413262,0.06000000000000001,0.3355027154871771,0.3296217438856234,False,False,nan,nan,nan,nan,nan,nan,False,False,False
855,60.0,0.84,-0.24,0.3662453006383523,0.14,0.12124355652982141,0.07000000000000002,0.3355027154871771,0.330781760738799,False,False,nan,nan,nan,nan,nan,nan,False,False,False
856,60.0,0.84,-0.16,0.3662453006383523,0.06,0.05196152422706631,0.030000000000000006,0.27306471818893263,0.26826567216720815,False,False,nan,nan,nan,nan,nan,nan,False,False,False
857,60.0,0.84,-0.16,0.3662453006383523,0.08,0.06928203230275509,0.04000000000000001,0.27306471818893263,0.2698623757146399,False,False,nan,nan,nan,nan,nan,nan,False,False,False
858,60.0,0.84,-0.16,0.3662453006383523,0.1,0.08660254037844387,0.05000000000000002,0.27306471818893263,0.2711138780784954,False,False,nan,nan,nan,nan,nan,nan,False,False,False
859,60.0,0.84,-0.16,0.3662453006383523,0.12,0.10392304845413262,0.06000000000000001,0.27306471818893263,0.2720730262605547,False,False,nan,nan,nan,nan,nan,nan,False,False,False
860,60.0,0.84,-0.16,0.3662453006383523,0.14,0.12124355652982141,0.07000000000000002,0.27306471818893263,0.272831165986238,False,False,nan,nan,nan,nan,nan,nan,False,False,False
861,60.0,0.84,-0.08,0.3662453006383523,0.06,0.05196152422706631,0.030000000000000006,0.2148285130552096,0.212740224418753,False,False,nan,nan,nan,nan,nan,nan,False,False,False
862,60.0,0.84,-0.08,0.3662453006383523,0.08,0.06928203230275509,0.04000000000000001,0.2148285130552096,0.21407078306454594,False,False,nan,nan,nan,nan,nan,nan,False,False,False
863,60.0,0.84,-0.08,0.3662453006383523,0.1,0.08660254037844387,0.05000000000000002,0.2148285130552096,0.2148285130552096,False,False,nan,nan,nan,nan,nan,nan,False,False,False
864,60.0,0.84,-0.08,0.3662453006383523,0.12,0.10392304845413262,0.06000000000000001,0.2148285130552096,0.2148285130552096,False,False,nan,nan,nan,nan,nan,nan,False,False,False
865,60.0,0.84,-0.08,0.3662453006383523,0.14,0.12124355652982141,0.07000000000000002,0.2148285130552096,0.2148285130552096,False,False,nan,nan,nan,nan,nan,nan,False,False,False
866,60.0,0.84,0.0,0.3662453006383523,0.06,0.05196152422706631,0.030000000000000006,0.16236446648740338,0.16236446648740338,False,False,nan,nan,nan,nan,nan,nan,False,False,False
867,60.0,0.84,0.0,0.3662453006383523,0.08,0.06928203230275509,0.04000000000000001,0.16236446648740338,0.16236446648740338,False,False,nan,nan,nan,nan,nan,nan,False,False,False
868,60.0,0.84,0.0,0.3662453006383523,0.1,0.08660254037844387,0.05000000000000002,0.16236446648740338,0.16236446648740338,False,False,nan,nan,nan,nan,nan,nan,False,False,False
869,60.0,0.84,0.0,0.3662453006383523,0.12,0.10392304845413262,0.06000000000000001,0.16236446648740338,0.16236446648740338,False,False,nan,nan,nan,nan,nan,nan,False,False,False
870,60.0,0.84,0.0,0.3662453006383523,0.14,0.12124355652982141,0.07000000000000002,0.16236446648740338,0.16236446648740338,False,False,nan,nan,nan,nan,nan,nan,False,False,False
871,60.0,0.84,0.08,0.3662453006383523,0.06,0.05196152422706631,0.030000000000000006,0.11546149415875973,0.11546149415875973,False,False,nan,nan,nan,nan,nan,nan,False,False,False
872,60.0,0.84,0.08,0.3662453006383523,0.08,0.06928203230275509,0.04000000000000001,0.11546149415875973,0.11546149415875973,False,False,nan,nan,nan,nan,nan,nan,False,False,False
873,60.0,0.84,0.08,0.3662453006383523,0.1,0.08660254037844387,0.05000000000000002,0.11546149415875973,0.11546149415875973,False,False,nan,nan,nan,nan,nan,nan,False,False,False
874,60.0,0.84,0.08,0.3662453006383523,0.12,0.10392304845413262,0.06000000000000001,0.11546149415875973,0.11546149415875973,False,False,nan,nan,nan,nan,nan,nan,False,False,False
875,60.0,0.84,0.08,0.3662453006383523,0.14,0.12124355652982141,0.07000000000000002,0.11546149415875973,0.11546149415875973,False,False,nan,nan,nan,nan,nan,nan,False,False,False
876,75.0,0.48,-0.24,0.3662453006383523,0.06,0.0579555495773441,0.015529142706151244,0.11126117483230785,0.11126117483230785,False,False,nan,nan,nan,nan,nan,nan,False,False,False
877,75.0,0.48,-0.24,0.3662453006383523,0.08,0.07727406610312547,0.02070552360820166,0.11126117483230785,0.11126117483230785,False,False,nan,nan,nan,nan,nan,nan,False,False,False
878,75.0,0.48,-0.24,0.3662453006383523,0.1,0.09659258262890684,0.025881904510252074,0.11126117483230785,0.11126117483230785,False,False,nan,nan,nan,nan,nan,nan,False,False,False
879,75.0,0.48,-0.24,0.3662453006383523,0.12,0.1159110991546882,0.03105828541230249,0.11126117483230785,0.11126117483230785,False,False,nan,nan,nan,nan,nan,nan,False,False,False
880,75.0,0.48,-0.24,0.3662453006383523,0.14,0.13522961568046957,0.036234666314352904,0.11126117483230785,0.11126117483230785,False,False,nan,nan,nan,nan,nan,nan,False,False,False
881,75.0,0.48,-0.16,0.3662453006383523,0.06,0.0579555495773441,0.015529142706151244,0.08318114364293594,0.08318114364293594,False,False,nan,nan,nan,nan,nan,nan,False,False,False
882,75.0,0.48,-0.16,0.3662453006383523,0.08,0.07727406610312547,0.02070552360820166,0.08318114364293594,0.08318114364293594,False,False,nan,nan,nan,nan,nan,nan,False,False,False
883,75.0,0.48,-0.16,0.3662453006383523,0.1,0.09659258262890684,0.025881904510252074,0.08318114364293594,0.08318114364293594,False,False,nan,nan,nan,nan,nan,nan,False,False,False
884,75.0,0.48,-0.16,0.3662453006383523,0.12,0.1159110991546882,0.03105828541230249,0.08318114364293594,0.08318114364293594,False,False,nan,nan,nan,nan,nan,nan,False,False,False
885,75.0,0.48,-0.16,0.3662453006383523,0.14,0.13522961568046957,0.036234666314352904,0.08318114364293594,0.08318114364293594,False,False,nan,nan,nan,nan,nan,nan,False,False,False
886,75.0,0.48,-0.08,0.3662453006383523,0.06,0.0579555495773441,0.015529142706151244,0.06889907582064567,0.06889907582064567,False,False,nan,nan,nan,nan,nan,nan,False,False,False
887,75.0,0.48,-0.08,0.3662453006383523,0.08,0.07727406610312547,0.02070552360820166,0.06889907582064567,0.06889907582064567,False,False,nan,nan,nan,nan,nan,nan,False,False,False
888,75.0,0.48,-0.08,0.3662453006383523,0.1,0.09659258262890684,0.025881904510252074,0.06889907582064567,0.06889907582064567,False,False,nan,nan,nan,nan,nan,nan,False,False,False
889,75.0,0.48,-0.08,0.3662453006383523,0.12,0.1159110991546882,0.03105828541230249,0.06889907582064567,0.06681464144784702,False,False,nan,nan,nan,nan,nan,nan,False,False,False
890,75.0,0.48,-0.08,0.3662453006383523,0.14,0.13522961568046957,0.036234666314352904,0.06889907582064567,0.06348358269163706,False,False,nan,nan,nan,nan,nan,nan,False,False,False
891,75.0,0.48,0.0,0.3662453006383523,0.06,0.0579555495773441,0.015529142706151244,0.03409335927680976,0.00892418019430738,False,False,nan,nan,nan,nan,nan,nan,False,False,False
892,75.0,0.48,0.0,0.3662453006383523,0.08,0.07727406610312547,0.02070552360820166,0.03409335927680976,0.00440956256134778,False,False,nan,nan,nan,nan,nan,nan,False,False,False
893,75.0,0.48,0.0,0.3662453006383523,0.1,0.09659258262890684,0.025881904510252074,0.03409335927680976,0.00031881604603753444,False,False,nan,nan,nan,nan,nan,nan,False,False,False
894,75.0,0.48,0.0,0.3662453006383523,0.12,0.1159110991546882,0.03105828541230249,0.03409335927680976,-0.0033272119288801083,False,False,nan,nan,nan,nan,nan,nan,False,False,False
895,75.0,0.48,0.0,0.3662453006383523,0.14,0.13522961568046957,0.036234666314352904,0.03409335927680976,-0.007246033011082481,False,False,nan,nan,nan,nan,nan,nan,False,False,False
896,75.0,0.48,0.08,0.3662453006383523,0.06,0.0579555495773441,0.015529142706151244,-0.029583360155055194,-0.059140101574151116,False,False,nan,nan,nan,nan,nan,nan,False,False,False
897,75.0,0.48,0.08,0.3662453006383523,0.08,0.07727406610312547,0.02070552360820166,-0.029583360155055194,-0.06509608579940279,False,False,nan,nan,nan,nan,nan,nan,False,False,False
898,75.0,0.48,0.08,0.3662453006383523,0.1,0.09659258262890684,0.025881904510252074,-0.029583360155055194,-0.07049792823785453,False,False,nan,nan,nan,nan,nan,nan,False,False,False
899,75.0,0.48,0.08,0.3662453006383523,0.12,0.1159110991546882,0.03105828541230249,-0.029583360155055194,-0.07528620726979876,False,False,nan,nan,nan,nan,nan,nan,False,False,False
900,75.0,0.48,0.08,0.3662453006383523,0.14,0.13522961568046957,0.036234666314352904,-0.029583360155055194,-0.0794023942645331,False,False,nan,nan,nan,nan,nan,nan,False,False,False
901,75.0,0.54,-0.24,0.3662453006383523,0.06,0.0579555495773441,0.015529142706151244,0.1585270465301356,0.1585270465301356,False,False,nan,nan,nan,nan,nan,nan,False,False,False
902,75.0,0.54,-0.24,0.3662453006383523,0.08,0.07727406610312547,0.02070552360820166,0.1585270465301356,0.1585270465301356,False,False,nan,nan,nan,nan,nan,nan,False,False,False
903,75.0,0.54,-0.24,0.3662453006383523,0.1,0.09659258262890684,0.025881904510252074,0.1585270465301356,0.1585270465301356,False,False,nan,nan,nan,nan,nan,nan,False,False,False
904,75.0,0.54,-0.24,0.3662453006383523,0.12,0.1159110991546882,0.03105828541230249,0.1585270465301356,0.1585270465301356,False,False,nan,nan,nan,nan,nan,nan,False,False,False
905,75.0,0.54,-0.24,0.3662453006383523,0.14,0.13522961568046957,0.036234666314352904,0.1585270465301356,0.1585270465301356,False,False,nan,nan,nan,nan,nan,nan,False,False,False
906,75.0,0.54,-0.16,0.3662453006383523,0.06,0.0579555495773441,0.015529142706151244,0.12881598933347121,0.12881598933347121,True,False,0.12715131266438115,0.12881598933347121,55.713112000375986,nan,nan,nan,False,False,False
907,75.0,0.54,-0.16,0.3662453006383523,0.08,0.07727406610312547,0.02070552360820166,0.12881598933347121,0.12881598933347121,True,True,0.1254736645016266,0.12881598933347121,55.31114904442802,0.1407626830288249,0.1392876301732979,0.1393848458846572,False,False,False
908,75.0,0.54,-0.16,0.3662453006383523,0.1,0.09659258262890684,0.025881904510252074,0.12881598933347121,0.12881598933347121,True,True,0.12499663352403068,0.12881598933347121,55.04519498208538,0.14183535483449267,0.14171688358447682,0.14410586537445308,True,False,False
909,75.0,0.54,-0.16,0.3662453006383523,0.12,0.1159110991546882,0.03105828541230249,0.12881598933347121,0.12881598933347121,True,False,0.13882774283574245,0.12881598933347121,29.367455979809165,nan,nan,nan,False,False,False
910,75.0,0.54,-0.16,0.3662453006383523,0.14,0.13522961568046957,0.036234666314352904,0.12881598933347121,0.12881598933347121,True,False,0.1272500521406391,0.12881598933347121,54.83671498950571,nan,nan,nan,False,False,False
911,75.0,0.54,-0.08,0.3662453006383523,0.06,0.0579555495773441,0.015529142706151244,0.09607351250836399,0.07695296126239287,False,False,nan,nan,nan,nan,nan,nan,False,False,False
912,75.0,0.54,-0.08,0.3662453006383523,0.08,0.07727406610312547,0.02070552360820166,0.09607351250836399,0.07470330708642234,False,False,nan,nan,nan,nan,nan,nan,False,False,False
913,75.0,0.54,-0.08,0.3662453006383523,0.1,0.09659258262890684,0.025881904510252074,0.09607351250836399,0.07280849685634,False,False,nan,nan,nan,nan,nan,nan,False,False,False
914,75.0,0.54,-0.08,0.3662453006383523,0.12,0.1159110991546882,0.03105828541230249,0.09607351250836399,0.07127276351051712,False,False,nan,nan,nan,nan,nan,nan,False,False,False
915,75.0,0.54,-0.08,0.3662453006383523,0.14,0.13522961568046957,0.036234666314352904,0.09607351250836399,0.07009898950367671,False,False,nan,nan,nan,nan,nan,nan,False,False,False
916,75.0,0.54,0.0,0.3662453006383523,0.06,0.0579555495773441,0.015529142706151244,0.024152002007902962,0.005768156129832225,False,False,nan,nan,nan,nan,nan,nan,False,False,False
917,75.0,0.54,0.0,0.3662453006383523,0.08,0.07727406610312547,0.02070552360820166,0.024152002007902962,0.0032785708943142977,False,False,nan,nan,nan,nan,nan,nan,False,False,False
918,75.0,0.54,0.0,0.3662453006383523,0.1,0.09659258262890684,0.025881904510252074,0.024152002007902962,0.0012645182086115647,False,False,nan,nan,nan,nan,nan,nan,False,False,False
919,75.0,0.54,0.0,0.3662453006383523,0.12,0.1159110991546882,0.03105828541230249,0.024152002007902962,-0.00026550319224008523,False,False,nan,nan,nan,nan,nan,nan,False,False,False
920,75.0,0.54,0.0,0.3662453006383523,0.14,0.13522961568046957,0.036234666314352904,0.024152002007902962,-0.0013062854944254354,False,False,nan,nan,nan,nan,nan,nan,False,False,False
921,75.0,0.54,0.08,0.3662453006383523,0.06,0.0579555495773441,0.015529142706151244,-0.047556134990628135,-0.06727871378620828,False,False,nan,nan,nan,nan,nan,nan,False,False,False
922,75.0,0.54,0.08,0.3662453006383523,0.08,0.07727406610312547,0.02070552360820166,-0.047556134990628135,-0.06913948636096395,False,False,nan,nan,nan,nan,nan,nan,False,False,False
923,75.0,0.54,0.08,0.3662453006383523,0.1,0.09659258262890684,0.025881904510252074,-0.047556134990628135,-0.07025478324675505,False,False,nan,nan,nan,nan,nan,nan,False,False,False
924,75.0,0.54,0.08,0.3662453006383523,0.12,0.1159110991546882,0.03105828541230249,-0.047556134990628135,-0.07061932007977575,False,False,nan,nan,nan,nan,nan,nan,False,False,False
925,75.0,0.54,0.08,0.3662453006383523,0.14,0.13522961568046957,0.036234666314352904,-0.047556134990628135,-0.07024038223125609,False,False,nan,nan,nan,nan,nan,nan,False,False,False
926,75.0,0.6,-0.24,0.3662453006383523,0.06,0.0579555495773441,0.015529142706151244,0.20482794557359657,0.20482794557359657,False,False,nan,nan,nan,nan,nan,nan,False,False,False
927,75.0,0.6,-0.24,0.3662453006383523,0.08,0.07727406610312547,0.02070552360820166,0.20482794557359657,0.20482794557359657,False,False,nan,nan,nan,nan,nan,nan,False,False,False
928,75.0,0.6,-0.24,0.3662453006383523,0.1,0.09659258262890684,0.025881904510252074,0.20482794557359657,0.20482794557359657,False,False,nan,nan,nan,nan,nan,nan,False,False,False
929,75.0,0.6,-0.24,0.3662453006383523,0.12,0.1159110991546882,0.03105828541230249,0.20482794557359657,0.20482794557359657,False,False,nan,nan,nan,nan,nan,nan,False,False,False
930,75.0,0.6,-0.24,0.3662453006383523,0.14,0.13522961568046957,0.036234666314352904,0.20482794557359657,0.20482794557359657,False,False,nan,nan,nan,nan,nan,nan,False,False,False
931,75.0,0.6,-0.16,0.3662453006383523,0.06,0.0579555495773441,0.015529142706151244,0.17496008865397916,0.1601474739078022,False,False,nan,nan,nan,nan,nan,nan,False,False,False
932,75.0,0.6,-0.16,0.3662453006383523,0.08,0.07727406610312547,0.02070552360820166,0.17496008865397916,0.15926360107356738,False,False,nan,nan,nan,nan,nan,nan,False,False,False
933,75.0,0.6,-0.16,0.3662453006383523,0.1,0.09659258262890684,0.025881904510252074,0.17496008865397916,0.15865612097419873,False,False,nan,nan,nan,nan,nan,nan,False,False,False
934,75.0,0.6,-0.16,0.3662453006383523,0.12,0.1159110991546882,0.03105828541230249,0.17496008865397916,0.15832459310275374,False,False,nan,nan,nan,nan,nan,nan,False,False,False
935,75.0,0.6,-0.16,0.3662453006383523,0.14,0.13522961568046957,0.036234666314352904,0.17496008865397916,0.15826794944302636,False,False,nan,nan,nan,nan,nan,nan,False,False,False
936,75.0,0.6,-0.08,0.3662453006383523,0.06,0.0579555495773441,0.015529142706151244,0.10061404566209836,0.08779276021168253,False,False,nan,nan,nan,nan,nan,nan,False,False,False
937,75.0,0.6,-0.08,0.3662453006383523,0.08,0.07727406610312547,0.02070552360820166,0.10061404566209836,0.08760262321119303,False,False,nan,nan,nan,nan,nan,nan,False,False,False
938,75.0,0.6,-0.08,0.3662453006383523,0.1,0.09659258262890684,0.025881904510252074,0.10061404566209836,0.0877550338719828,False,False,nan,nan,nan,nan,nan,nan,False,False,False
939,75.0,0.6,-0.08,0.3662453006383523,0.12,0.1159110991546882,0.03105828541230249,0.10061404566209836,0.08824664389382006,False,False,nan,nan,nan,nan,nan,nan,False,False,False
940,75.0,0.6,-0.08,0.3662453006383523,0.14,0.13522961568046957,0.036234666314352904,0.10061404566209836,0.08907298175724343,False,False,nan,nan,nan,nan,nan,nan,False,False,False
941,75.0,0.6,0.0,0.3662453006383523,0.06,0.0579555495773441,0.015529142706151244,0.02978914920655293,0.017366992739660497,False,False,nan,nan,nan,nan,nan,nan,False,False,False
942,75.0,0.6,0.0,0.3662453006383523,0.08,0.07727406610312547,0.02070552360820166,0.02978914920655293,0.017616919876413367,False,False,nan,nan,nan,nan,nan,nan,False,False,False
943,75.0,0.6,0.0,0.3662453006383523,0.1,0.09659258262890684,0.025881904510252074,0.02978914920655293,0.018313638344196748,False,False,nan,nan,nan,nan,nan,nan,False,False,False
944,75.0,0.6,0.0,0.3662453006383523,0.12,0.1159110991546882,0.03105828541230249,0.02978914920655293,0.019448172558309162,False,False,nan,nan,nan,nan,nan,nan,False,False,False
945,75.0,0.6,0.0,0.3662453006383523,0.14,0.13522961568046957,0.036234666314352904,0.02978914920655293,0.020725561295347333,False,False,nan,nan,nan,nan,nan,nan,False,False,False
946,75.0,0.6,0.08,0.3662453006383523,0.06,0.0579555495773441,0.015529142706151244,-0.042714874342271864,-0.04998697519284681,False,False,nan,nan,nan,nan,nan,nan,False,False,False
947,75.0,0.6,0.08,0.3662453006383523,0.08,0.07727406610312547,0.02070552360820166,-0.042714874342271864,-0.047997755808417364,False,False,nan,nan,nan,nan,nan,nan,False,False,False
948,75.0,0.6,0.08,0.3662453006383523,0.1,0.09659258262890684,0.025881904510252074,-0.042714874342271864,-0.04691190316827437,False,False,nan,nan,nan,nan,nan,nan,False,False,False
949,75.0,0.6,0.08,0.3662453006383523,0.12,0.1159110991546882,0.03105828541230249,-0.042714874342271864,-0.045806966004194094,False,False,nan,nan,nan,nan,nan,nan,False,False,False
950,75.0,0.6,0.08,0.3662453006383523,0.14,0.13522961568046957,0.036234666314352904,-0.042714874342271864,-0.0450250804552593,False,False,nan,nan,nan,nan,nan,nan,False,False,False
951,75.0,0.66,-0.24,0.3662453006383523,0.06,0.0579555495773441,0.015529142706151244,0.2546931154696529,0.2502073538291083,False,False,nan,nan,nan,nan,nan,nan,False,False,False
952,75.0,0.66,-0.24,0.3662453006383523,0.08,0.07727406610312547,0.02070552360820166,0.2546931154696529,0.2501639281208855,False,False,nan,nan,nan,nan,nan,nan,False,False,False
953,75.0,0.66,-0.24,0.3662453006383523,0.1,0.09659258262890684,0.025881904510252074,0.2546931154696529,0.25033975185227364,False,False,nan,nan,nan,nan,nan,nan,False,False,False
954,75.0,0.66,-0.24,0.3662453006383523,0.12,0.1159110991546882,0.03105828541230249,0.2546931154696529,0.2507334137351842,False,False,nan,nan,nan,nan,nan,nan,False,False,False
955,75.0,0.66,-0.24,0.3662453006383523,0.14,0.13522961568046957,0.036234666314352904,0.2546931154696529,0.25134320384574776,False,False,nan,nan,nan,nan,nan,nan,False,False,False
956,75.0,0.66,-0.16,0.3662453006383523,0.06,0.0579555495773441,0.015529142706151244,0.1879979445145714,0.1781588479875681,False,False,nan,nan,nan,nan,nan,nan,False,False,False
957,75.0,0.66,-0.16,0.3662453006383523,0.08,0.07727406610312547,0.02070552360820166,0.1879979445145714,0.1788020906129317,False,False,nan,nan,nan,nan,nan,nan,False,False,False
958,75.0,0.66,-0.16,0.3662453006383523,0.1,0.09659258262890684,0.025881904510252074,0.1879979445145714,0.1797011022884034,False,False,nan,nan,nan,nan,nan,nan,False,False,False
959,75.0,0.66,-0.16,0.3662453006383523,0.12,0.1159110991546882,0.03105828541230249,0.1879979445145714,0.18085249612492146,False,False,nan,nan,nan,nan,nan,nan,False,False,False
960,75.0,0.66,-0.16,0.3662453006383523,0.14,0.13522961568046957,0.036234666314352904,0.1879979445145714,0.18214967028713608,False,False,nan,nan,nan,nan,nan,nan,False,False,False
961,75.0,0.66,-0.08,0.3662453006383523,0.06,0.0579555495773441,0.015529142706151244,0.11674913256168179,0.11001387468901092,False,False,nan,nan,nan,nan,nan,nan,False,False,False
962,75.0,0.66,-0.08,0.3662453006383523,0.08,0.07727406610312547,0.02070552360820166,0.11674913256168179,0.11163097066309405,False,False,nan,nan,nan,nan,nan,nan,False,False,False
963,75.0,0.66,-0.08,0.3662453006383523,0.1,0.09659258262890684,0.025881904510252074,0.11674913256168179,0.11324658851426467,False,False,nan,nan,nan,nan,nan,nan,False,False,False
964,75.0,0.66,-0.08,0.3662453006383523,0.12,0.1159110991546882,0.03105828541230249,0.11674913256168179,0.1141532164474367,False,False,nan,nan,nan,nan,nan,nan,False,False,False
965,75.0,0.66,-0.08,0.3662453006383523,0.14,0.13522961568046957,0.036234666314352904,0.11674913256168179,0.1151672981410786,False,False,nan,nan,nan,nan,nan,nan,False,False,False
966,75.0,0.66,0.0,0.3662453006383523,0.06,0.0579555495773441,0.015529142706151244,0.04811880778189104,0.04353214640596087,False,False,nan,nan,nan,nan,nan,nan,False,False,False
967,75.0,0.66,0.0,0.3662453006383523,0.08,0.07727406610312547,0.02070552360820166,0.04811880778189104,0.04543946017022896,False,False,nan,nan,nan,nan,nan,nan,False,False,False
968,75.0,0.66,0.0,0.3662453006383523,0.1,0.09659258262890684,0.025881904510252074,0.04811880778189104,0.04671351957015987,False,False,nan,nan,nan,nan,nan,nan,False,False,False
969,75.0,0.66,0.0,0.3662453006383523,0.12,0.1159110991546882,0.03105828541230249,0.04811880778189104,0.04773428914387465,False,False,nan,nan,nan,nan,nan,nan,False,False,False
970,75.0,0.66,0.0,0.3662453006383523,0.14,0.13522961568046957,0.036234666314352904,0.04811880778189104,0.04811880778189104,False,False,nan,nan,nan,nan,nan,nan,False,False,False
971,75.0,0.66,0.08,0.3662453006383523,0.06,0.0579555495773441,0.015529142706151244,-0.016882267037456544,-0.016882267037456544,False,False,nan,nan,nan,nan,nan,nan,False,False,False
972,75.0,0.66,0.08,0.3662453006383523,0.08,0.07727406610312547,0.02070552360820166,-0.016882267037456544,-0.016882267037456544,False,False,nan,nan,nan,nan,nan,nan,False,False,False
973,75.0,0.66,0.08,0.3662453006383523,0.1,0.09659258262890684,0.025881904510252074,-0.016882267037456544,-0.016882267037456544,False,False,nan,nan,nan,nan,nan,nan,False,False,False
974,75.0,0.66,0.08,0.3662453006383523,0.12,0.1159110991546882,0.03105828541230249,-0.016882267037456544,-0.016882267037456544,False,False,nan,nan,nan,nan,nan,nan,False,False,False
975,75.0,0.66,0.08,0.3662453006383523,0.14,0.13522961568046957,0.036234666314352904,-0.016882267037456544,-0.016882267037456544,False,False,nan,nan,nan,nan,nan,nan,False,False,False
976,75.0,0.72,-0.24,0.3662453006383523,0.06,0.0579555495773441,0.015529142706151244,0.2803522316786447,0.27240941395770013,False,False,nan,nan,nan,nan,nan,nan,False,False,False
977,75.0,0.72,-0.24,0.3662453006383523,0.08,0.07727406610312547,0.02070552360820166,0.2803522316786447,0.2735496990512317,False,False,nan,nan,nan,nan,nan,nan,False,False,False
978,75.0,0.72,-0.24,0.3662453006383523,0.1,0.09659258262890684,0.025881904510252074,0.2803522316786447,0.2748912916181037,False,False,nan,nan,nan,nan,nan,nan,False,False,False
979,75.0,0.72,-0.24,0.3662453006383523,0.12,0.1159110991546882,0.03105828541230249,0.2803522316786447,0.2764028032146054,False,False,nan,nan,nan,nan,nan,nan,False,False,False
980,75.0,0.72,-0.24,0.3662453006383523,0.14,0.13522961568046957,0.036234666314352904,0.2803522316786447,0.27718412215970045,False,False,nan,nan,nan,nan,nan,nan,False,False,False
981,75.0,0.72,-0.16,0.3662453006383523,0.06,0.0579555495773441,0.015529142706151244,0.20954591479607237,0.20432036412651322,False,False,nan,nan,nan,nan,nan,nan,False,False,False
982,75.0,0.72,-0.16,0.3662453006383523,0.08,0.07727406610312547,0.02070552360820166,0.20954591479607237,0.20629125665272904,False,False,nan,nan,nan,nan,nan,nan,False,False,False
983,75.0,0.72,-0.16,0.3662453006383523,0.1,0.09659258262890684,0.025881904510252074,0.20954591479607237,0.20757629252582377,False,False,nan,nan,nan,nan,nan,nan,False,False,False
984,75.0,0.72,-0.16,0.3662453006383523,0.12,0.1159110991546882,0.03105828541230249,0.20954591479607237,0.2087089426208718,False,False,nan,nan,nan,nan,nan,nan,False,False,False
985,75.0,0.72,-0.16,0.3662453006383523,0.14,0.13522961568046957,0.036234666314352904,0.20954591479607237,0.20953972037219368,False,False,nan,nan,nan,nan,nan,nan,False,False,False
986,75.0,0.72,-0.08,0.3662453006383523,0.06,0.0579555495773441,0.015529142706151244,0.14283492829255073,0.14073402183929073,False,False,nan,nan,nan,nan,nan,nan,False,False,False
987,75.0,0.72,-0.08,0.3662453006383523,0.08,0.07727406610312547,0.02070552360820166,0.14283492829255073,0.14250694429645464,False,False,nan,nan,nan,nan,nan,nan,False,False,False
988,75.0,0.72,-0.08,0.3662453006383523,0.1,0.09659258262890684,0.025881904510252074,0.14283492829255073,0.14283492829255073,False,False,nan,nan,nan,nan,nan,nan,False,False,False
989,75.0,0.72,-0.08,0.3662453006383523,0.12,0.1159110991546882,0.03105828541230249,0.14283492829255073,0.14283492829255073,False,False,nan,nan,nan,nan,nan,nan,False,False,False
990,75.0,0.72,-0.08,0.3662453006383523,0.14,0.13522961568046957,0.036234666314352904,0.14283492829255073,0.14283492829255073,False,False,nan,nan,nan,nan,nan,nan,False,False,False
991,75.0,0.72,0.0,0.3662453006383523,0.06,0.0579555495773441,0.015529142706151244,0.0785263471160993,0.0785263471160993,False,False,nan,nan,nan,nan,nan,nan,False,False,False
992,75.0,0.72,0.0,0.3662453006383523,0.08,0.07727406610312547,0.02070552360820166,0.0785263471160993,0.0785263471160993,False,False,nan,nan,nan,nan,nan,nan,False,False,False
993,75.0,0.72,0.0,0.3662453006383523,0.1,0.09659258262890684,0.025881904510252074,0.0785263471160993,0.0785263471160993,False,False,nan,nan,nan,nan,nan,nan,False,False,False
994,75.0,0.72,0.0,0.3662453006383523,0.12,0.1159110991546882,0.03105828541230249,0.0785263471160993,0.0785263471160993,False,False,nan,nan,nan,nan,nan,nan,False,False,False
995,75.0,0.72,0.0,0.3662453006383523,0.14,0.13522961568046957,0.036234666314352904,0.0785263471160993,0.0785263471160993,False,False,nan,nan,nan,nan,nan,nan,False,False,False
996,75.0,0.72,0.08,0.3662453006383523,0.06,0.0579555495773441,0.015529142706151244,0.0226816025846944,0.0226816025846944,False,False,nan,nan,nan,nan,nan,nan,False,False,False
997,75.0,0.72,0.08,0.3662453006383523,0.08,0.07727406610312547,0.02070552360820166,0.0226816025846944,0.0226816025846944,False,False,nan,nan,nan,nan,nan,nan,False,False,False
998,75.0,0.72,0.08,0.3662453006383523,0.1,0.09659258262890684,0.025881904510252074,0.0226816025846944,0.0226816025846944,False,False,nan,nan,nan,nan,nan,nan,False,False,False
999,75.0,0.72,0.08,0.3662453006383523,0.12,0.1159110991546882,0.03105828541230249,0.0226816025846944,0.0226816025846944,False,False,nan,nan,nan,nan,nan,nan,False,False,False
1000,75.0,0.72,0.08,0.3662453006383523,0.14,0.13522961568046957,0.036234666314352904,0.0226816025846944,0.0226816025846944,False,False,nan,nan,nan,nan,nan,nan,False,False,False
1001,75.0,0.78,-0.24,0.3662453006383523,0.06,0.0579555495773441,0.015529142706151244,0.30511197026401987,0.3008332886609338,False,False,nan,nan,nan,nan,nan,nan,False,False,False
1002,75.0,0.78,-0.24,0.3662453006383523,0.08,0.07727406610312547,0.02070552360820166,0.30511197026401987,0.3028909814916123,False,False,nan,nan,nan,nan,nan,nan,False,False,False
1003,75.0,0.78,-0.24,0.3662453006383523,0.1,0.09659258262890684,0.025881904510252074,0.30511197026401987,0.30409206104817843,False,False,nan,nan,nan,nan,nan,nan,False,False,False
1004,75.0,0.78,-0.24,0.3662453006383523,0.12,0.1159110991546882,0.03105828541230249,0.30511197026401987,0.30511197026401987,False,False,nan,nan,nan,nan,nan,nan,False,False,False
1005,75.0,0.78,-0.24,0.3662453006383523,0.14,0.13522961568046957,0.036234666314352904,0.30511197026401987,0.30511197026401987,False,False,nan,nan,nan,nan,nan,nan,False,False,False
1006,75.0,0.78,-0.16,0.3662453006383523,0.06,0.0579555495773441,0.015529142706151244,0.23834436308274115,0.23685052911820292,False,False,nan,nan,nan,nan,nan,nan,False,False,False
1007,75.0,0.78,-0.16,0.3662453006383523,0.08,0.07727406610312547,0.02070552360820166,0.23834436308274115,0.23834436308274115,False,False,nan,nan,nan,nan,nan,nan,False,False,False
1008,75.0,0.78,-0.16,0.3662453006383523,0.1,0.09659258262890684,0.025881904510252074,0.23834436308274115,0.23834436308274115,False,False,nan,nan,nan,nan,nan,nan,False,False,False
1009,75.0,0.78,-0.16,0.3662453006383523,0.12,0.1159110991546882,0.03105828541230249,0.23834436308274115,0.23834436308274115,False,False,nan,nan,nan,nan,nan,nan,False,False,False
1010,75.0,0.78,-0.16,0.3662453006383523,0.14,0.13522961568046957,0.036234666314352904,0.23834436308274115,0.23834436308274115,False,False,nan,nan,nan,nan,nan,nan,False,False,False
1011,75.0,0.78,-0.08,0.3662453006383523,0.06,0.0579555495773441,0.015529142706151244,0.17634096748199984,0.1762290141656916,False,False,nan,nan,nan,nan,nan,nan,False,False,False
1012,75.0,0.78,-0.08,0.3662453006383523,0.08,0.07727406610312547,0.02070552360820166,0.17634096748199984,0.17634096748199984,False,False,nan,nan,nan,nan,nan,nan,False,False,False
1013,75.0,0.78,-0.08,0.3662453006383523,0.1,0.09659258262890684,0.025881904510252074,0.17634096748199984,0.17634096748199984,False,False,nan,nan,nan,nan,nan,nan,False,False,False
1014,75.0,0.78,-0.08,0.3662453006383523,0.12,0.1159110991546882,0.03105828541230249,0.17634096748199984,0.17634096748199984,False,False,nan,nan,nan,nan,nan,nan,False,False,False
1015,75.0,0.78,-0.08,0.3662453006383523,0.14,0.13522961568046957,0.036234666314352904,0.17634096748199984,0.17634096748199984,False,False,nan,nan,nan,nan,nan,nan,False,False,False
1016,75.0,0.78,0.0,0.3662453006383523,0.06,0.0579555495773441,0.015529142706151244,0.11753651468699378,0.11753651468699378,False,False,nan,nan,nan,nan,nan,nan,False,False,False
1017,75.0,0.78,0.0,0.3662453006383523,0.08,0.07727406610312547,0.02070552360820166,0.11753651468699378,0.11753651468699378,False,False,nan,nan,nan,nan,nan,nan,False,False,False
1018,75.0,0.78,0.0,0.3662453006383523,0.1,0.09659258262890684,0.025881904510252074,0.11753651468699378,0.11753651468699378,False,False,nan,nan,nan,nan,nan,nan,False,False,False
1019,75.0,0.78,0.0,0.3662453006383523,0.12,0.1159110991546882,0.03105828541230249,0.11753651468699378,0.11753651468699378,False,False,nan,nan,nan,nan,nan,nan,False,False,False
1020,75.0,0.78,0.0,0.3662453006383523,0.14,0.13522961568046957,0.036234666314352904,0.11753651468699378,0.11753651468699378,False,False,nan,nan,nan,nan,nan,nan,False,False,False
1021,75.0,0.78,0.08,0.3662453006383523,0.06,0.0579555495773441,0.015529142706151244,0.0680240187681409,0.0680240187681409,False,False,nan,nan,nan,nan,nan,nan,False,False,False
1022,75.0,0.78,0.08,0.3662453006383523,0.08,0.07727406610312547,0.02070552360820166,0.0680240187681409,0.0680240187681409,False,False,nan,nan,nan,nan,nan,nan,False,False,False
1023,75.0,0.78,0.08,0.3662453006383523,0.1,0.09659258262890684,0.025881904510252074,0.0680240187681409,0.0680240187681409,False,False,nan,nan,nan,nan,nan,nan,False,False,False
1024,75.0,0.78,0.08,0.3662453006383523,0.12,0.1159110991546882,0.03105828541230249,0.0680240187681409,0.0680240187681409,False,False,nan,nan,nan,nan,nan,nan,False,False,False
1025,75.0,0.78,0.08,0.3662453006383523,0.14,0.13522961568046957,0.036234666314352904,0.0680240187681409,0.0680240187681409,False,False,nan,nan,nan,nan,nan,nan,False,False,False
1026,75.0,0.84,-0.24,0.3662453006383523,0.06,0.0579555495773441,0.015529142706151244,0.3355027154871771,0.33415344967216315,False,False,nan,nan,nan,nan,nan,nan,False,False,False
1027,75.0,0.84,-0.24,0.3662453006383523,0.08,0.07727406610312547,0.02070552360820166,0.3355027154871771,0.3355027154871771,False,False,nan,nan,nan,nan,nan,nan,False,False,False
1028,75.0,0.84,-0.24,0.3662453006383523,0.1,0.09659258262890684,0.025881904510252074,0.3355027154871771,0.3355027154871771,False,False,nan,nan,nan,nan,nan,nan,False,False,False
1029,75.0,0.84,-0.24,0.3662453006383523,0.12,0.1159110991546882,0.03105828541230249,0.3355027154871771,0.3355027154871771,False,False,nan,nan,nan,nan,nan,nan,False,False,False
1030,75.0,0.84,-0.24,0.3662453006383523,0.14,0.13522961568046957,0.036234666314352904,0.3355027154871771,0.3355027154871771,False,False,nan,nan,nan,nan,nan,nan,False,False,False
1031,75.0,0.84,-0.16,0.3662453006383523,0.06,0.0579555495773441,0.015529142706151244,0.27306471818893263,0.27306471818893263,False,False,nan,nan,nan,nan,nan,nan,False,False,False
1032,75.0,0.84,-0.16,0.3662453006383523,0.08,0.07727406610312547,0.02070552360820166,0.27306471818893263,0.27306471818893263,False,False,nan,nan,nan,nan,nan,nan,False,False,False
1033,75.0,0.84,-0.16,0.3662453006383523,0.1,0.09659258262890684,0.025881904510252074,0.27306471818893263,0.27306471818893263,False,False,nan,nan,nan,nan,nan,nan,False,False,False
1034,75.0,0.84,-0.16,0.3662453006383523,0.12,0.1159110991546882,0.03105828541230249,0.27306471818893263,0.27306471818893263,False,False,nan,nan,nan,nan,nan,nan,False,False,False
1035,75.0,0.84,-0.16,0.3662453006383523,0.14,0.13522961568046957,0.036234666314352904,0.27306471818893263,0.27306471818893263,False,False,nan,nan,nan,nan,nan,nan,False,False,False
1036,75.0,0.84,-0.08,0.3662453006383523,0.06,0.0579555495773441,0.015529142706151244,0.2148285130552096,0.2148285130552096,False,False,nan,nan,nan,nan,nan,nan,False,False,False
1037,75.0,0.84,-0.08,0.3662453006383523,0.08,0.07727406610312547,0.02070552360820166,0.2148285130552096,0.2148285130552096,False,False,nan,nan,nan,nan,nan,nan,False,False,False
1038,75.0,0.84,-0.08,0.3662453006383523,0.1,0.09659258262890684,0.025881904510252074,0.2148285130552096,0.2148285130552096,False,False,nan,nan,nan,nan,nan,nan,False,False,False
1039,75.0,0.84,-0.08,0.3662453006383523,0.12,0.1159110991546882,0.03105828541230249,0.2148285130552096,0.2148285130552096,False,False,nan,nan,nan,nan,nan,nan,False,False,False
1040,75.0,0.84,-0.08,0.3662453006383523,0.14,0.13522961568046957,0.036234666314352904,0.2148285130552096,0.2148285130552096,False,False,nan,nan,nan,nan,nan,nan,False,False,False
1041,75.0,0.84,0.0,0.3662453006383523,0.06,0.0579555495773441,0.015529142706151244,0.16236446648740338,0.16236446648740338,False,False,nan,nan,nan,nan,nan,nan,False,False,False
1042,75.0,0.84,0.0,0.3662453006383523,0.08,0.07727406610312547,0.02070552360820166,0.16236446648740338,0.16236446648740338,False,False,nan,nan,nan,nan,nan,nan,False,False,False
1043,75.0,0.84,0.0,0.3662453006383523,0.1,0.09659258262890684,0.025881904510252074,0.16236446648740338,0.16236446648740338,False,False,nan,nan,nan,nan,nan,nan,False,False,False
1044,75.0,0.84,0.0,0.3662453006383523,0.12,0.1159110991546882,0.03105828541230249,0.16236446648740338,0.16236446648740338,False,False,nan,nan,nan,nan,nan,nan,False,False,False
1045,75.0,0.84,0.0,0.3662453006383523,0.14,0.13522961568046957,0.036234666314352904,0.16236446648740338,0.16236446648740338,False,False,nan,nan,nan,nan,nan,nan,False,False,False
1046,75.0,0.84,0.08,0.3662453006383523,0.06,0.0579555495773441,0.015529142706151244,0.11546149415875973,0.11546149415875973,False,False,nan,nan,nan,nan,nan,nan,False,False,False
1047,75.0,0.84,0.08,0.3662453006383523,0.08,0.07727406610312547,0.02070552360820166,0.11546149415875973,0.11546149415875973,False,False,nan,nan,nan,nan,nan,nan,False,False,False
1048,75.0,0.84,0.08,0.3662453006383523,0.1,0.09659258262890684,0.025881904510252074,0.11546149415875973,0.11546149415875973,False,False,nan,nan,nan,nan,nan,nan,False,False,False
1049,75.0,0.84,0.08,0.3662453006383523,0.12,0.1159110991546882,0.03105828541230249,0.11546149415875973,0.11546149415875973,False,False,nan,nan,nan,nan,nan,nan,False,False,False
1050,75.0,0.84,0.08,0.3662453006383523,0.14,0.13522961568046957,0.036234666314352904,0.11546149415875973,0.11546149415875973,False,False,nan,nan,nan,nan,nan,nan,False,False,False
