t_s,q1_rad,q2_rad,q3_rad,q4_rad,q5_rad,q6_rad,qd1_rad_s,qd2_rad_s,qd3_rad_s,qd4_rad_s,qd5_rad_s,qd6_rad_s,qdd1_rad_s2,qdd2_rad_s2,qdd3_rad_s2,qdd4_rad_s2,qdd5_rad_s2,qdd6_rad_s2
0.000000,0.87473661,-0.04041800,1.52270842,0.03460785,1.69326818,0.88825703,0.00000000,0.00000000,0.00000000,0.00000000,0.00000000,0.00000000,0.00000000,0.00000000,0.00000000,0.00000000,0.00000000,0.00000000
0.010000,0.87473558,-0.04041816,1.52270823,0.03460779,1.69326808,0.88825599,-0.00030537,-0.00004840,-0.00005553,-0.00001742,-0.00002982,-0.00030867,-0.06045528,-0.00958283,-0.01099346,-0.00344930,-0.00590349,-0.06110720
0.020000,0.87472855,-0.04041928,1.52270695,0.03460739,1.69326739,0.88824888,-0.00119685,-0.00018971,-0.00021764,-0.00006829,-0.00011687,-0.00120976,-0.11723496,-0.01858304,-0.02131852,-0.00668889,-0.01144806,-0.11849916
0.030000,0.87470981,-0.04042225,1.52270354,0.03460632,1.69326556,0.88822995,-0.00263809,-0.00041817,-0.00047972,-0.00015052,-0.00025761,-0.00266653,-0.17041903,-0.02701331,-0.03098975,-0.00972334,-0.01664152,-0.17225674
0.040000,0.87467407,-0.04042792,1.52269704,0.03460428,1.69326207,0.88819382,-0.00459352,-0.00072812,-0.00083531,-0.00026209,-0.00044856,-0.00464305,-0.22008750,-0.03488631,-0.04002168,-0.01255719,-0.02149167,-0.22246081
0.050000,0.87461635,-0.04043707,1.52268655,0.03460098,1.69325644,0.88813547,-0.00702838,-0.00111408,-0.00127807,-0.00040101,-0.00068633,-0.00710418,-0.26632037,-0.04221473,-0.04842887,-0.01519503,-0.02600634,-0.26919223
0.060000,0.87453202,-0.04045043,1.52267121,0.03459617,1.69324820,0.88805023,-0.00990874,-0.00157064,-0.00180185,-0.00056535,-0.00096759,-0.01001559,-0.30919764,-0.04901125,-0.05622586,-0.01764141,-0.03019332,-0.31253186
0.070000,0.87441680,-0.04046870,1.52265026,0.03458960,1.69323695,0.88793377,-0.01320142,-0.00209257,-0.00240060,-0.00075321,-0.00128913,-0.01334378,-0.34879931,-0.05528856,-0.06342721,-0.01990090,-0.03406045,-0.35256057
0.080000,0.87426672,-0.04049248,1.52262297,0.03458104,1.69322230,0.88778208,-0.01687407,-0.00267473,-0.00306846,-0.00096276,-0.00164776,-0.01705603,-0.38520538,-0.06105932,-0.07004745,-0.02197807,-0.03761552,-0.38935923
0.090000,0.87407815,-0.04052237,1.52258868,0.03457028,1.69320388,0.88759147,-0.02089514,-0.00331211,-0.00379966,-0.00119218,-0.00204042,-0.02112046,-0.41849585,-0.06633623,-0.07610113,-0.02387747,-0.04086636,-0.42300869
0.100000,0.87384776,-0.04055889,1.52254678,0.03455713,1.69318138,0.88735860,-0.02523387,-0.00399985,-0.00458864,-0.00143973,-0.00246410,-0.02550598,-0.44875073,-0.07113197,-0.08160282,-0.02560368,-0.04382076,-0.45358983
0.110000,0.87357252,-0.04060252,1.52249673,0.03454143,1.69315451,0.88708038,-0.02986030,-0.00473319,-0.00542993,-0.00170369,-0.00291588,-0.03018230,-0.47605002,-0.07545921,-0.08656704,-0.02716125,-0.04648655,-0.48118350
0.120000,0.87324969,-0.04065370,1.52243803,0.03452301,1.69312298,0.88675408,-0.03474529,-0.00550751,-0.00631824,-0.00198241,-0.00339290,-0.03511996,-0.50047372,-0.07933064,-0.09100835,-0.02855476,-0.04887154,-0.50587057
0.130000,0.87287685,-0.04071280,1.52237023,0.03450174,1.69308657,0.88637721,-0.03986046,-0.00631832,-0.00724840,-0.00227426,-0.00389240,-0.04029029,-0.52210183,-0.08275893,-0.09494130,-0.02978876,-0.05098354,-0.52773190
0.140000,0.87245181,-0.04078017,1.52229294,0.03447749,1.69304507,0.88594759,-0.04517827,-0.00716126,-0.00821542,-0.00257767,-0.00441168,-0.04566545,-0.54101435,-0.08575677,-0.09838044,-0.03086782,-0.05283036,-0.54684837
0.150000,0.87197269,-0.04085611,1.52220581,0.03445015,1.69299828,0.88546331,-0.05067196,-0.00803207,-0.00921441,-0.00289111,-0.00494815,-0.05121838,-0.55729129,-0.08833685,-0.10134031,-0.03179651,-0.05441981,-0.56330083
0.160000,0.87143787,-0.04094089,1.52210856,0.03441964,1.69294606,0.88492272,-0.05631558,-0.00892664,-0.01024067,-0.00321311,-0.00549925,-0.05692286,-0.57101264,-0.09051184,-0.10383546,-0.03257939,-0.05575971,-0.57717014
0.170000,0.87084597,-0.04103471,1.52200092,0.03438586,1.69288826,0.88432443,-0.06208396,-0.00984100,-0.01128962,-0.00354223,-0.00606253,-0.06275344,-0.58225841,-0.09229442,-0.10588044,-0.03322102,-0.05685786,-0.58853718
0.180000,0.87019586,-0.04113776,1.52188271,0.03434877,1.69282477,0.88366731,-0.06795276,-0.01077127,-0.01235683,-0.00387708,-0.00663563,-0.06868553,-0.59110860,-0.09369727,-0.10748980,-0.03372597,-0.05772209,-0.59748281
0.190000,0.86948665,-0.04125018,1.52175374,0.03430831,1.69275552,0.88295046,-0.07389842,-0.01171372,-0.01343801,-0.00421631,-0.00721622,-0.07469530,-0.59764321,-0.09473308,-0.10867808,-0.03409881,-0.05836020,-0.60408788
0.200000,0.86871771,-0.04137207,1.52161391,0.03426444,1.69268043,0.88217322,-0.07989817,-0.01266475,-0.01452904,-0.00455863,-0.00780210,-0.08075975,-0.60194224,-0.09541452,-0.10945984,-0.03434409,-0.05878000,-0.60843327
0.210000,0.86788858,-0.04150349,1.52146314,0.03421713,1.69259947,0.88133516,-0.08593008,-0.01362087,-0.01562590,-0.00490278,-0.00839112,-0.08685670,-0.60408570,-0.09575428,-0.10984961,-0.03446638,-0.05898931,-0.61059984
0.220000,0.86699907,-0.04164449,1.52130139,0.03416638,1.69251260,0.88043605,-0.09197297,-0.01457874,-0.01672477,-0.00524756,-0.00898121,-0.09296476,-0.60415358,-0.09576504,-0.10986196,-0.03447026,-0.05899594,-0.61066845
0.230000,0.86604916,-0.04179506,1.52112865,0.03411218,1.69241985,0.87947589,-0.09800649,-0.01553512,-0.01782193,-0.00559181,-0.00957039,-0.09906335,-0.60222589,-0.09545948,-0.10951142,-0.03436027,-0.05880770,-0.60871998
0.240000,0.86503904,-0.04195518,1.52094497,0.03405455,1.69232121,0.87845488,-0.10401110,-0.01648691,-0.01891384,-0.00593440,-0.01015674,-0.10513270,-0.59838262,-0.09485028,-0.10881254,-0.03414099,-0.05843240,-0.60483527
0.250000,0.86396909,-0.04212477,1.52075040,0.03399350,1.69221673,0.87737340,-0.10996803,-0.01743115,-0.01999707,-0.00627428,-0.01073844,-0.11115387,-0.59270379,-0.09395012,-0.10777988,-0.03381699,-0.05787786,-0.59909520
0.260000,0.86283989,-0.04230376,1.52054507,0.03392907,1.69210646,0.87623203,-0.11585932,-0.01836499,-0.02106837,-0.00661041,-0.01131373,-0.11710869,-0.58526939,-0.09277169,-0.10642797,-0.03339281,-0.05715189,-0.59158063
0.270000,0.86165218,-0.04249203,1.52032909,0.03386131,1.69199048,0.87503151,-0.12166783,-0.01928570,-0.02212462,-0.00694181,-0.01188093,-0.12297983,-0.57615942,-0.09132766,-0.10477137,-0.03287304,-0.05626229,-0.58237242
0.280000,0.86040687,-0.04268943,1.52010263,0.03379026,1.69186887,0.87377276,-0.12737719,-0.02019070,-0.02316283,-0.00726756,-0.01243846,-0.12875076,-0.56545389,-0.08963071,-0.10282463,-0.03226223,-0.05521689,-0.57155145
0.290000,0.85910502,-0.04289578,1.51986590,0.03371598,1.69174175,0.87245688,-0.13297186,-0.02107751,-0.02418019,-0.00758677,-0.01298478,-0.13440576,-0.55323279,-0.08769353,-0.10060230,-0.03156495,-0.05402350,-0.55919857
0.300000,0.85774786,-0.04311091,1.51961911,0.03363855,1.69160922,0.87108508,-0.13843706,-0.02194381,-0.02517401,-0.00789859,-0.01351846,-0.13992990,-0.53957614,-0.08552880,-0.09811891,-0.03078576,-0.05268992,-0.54539465
0.310000,0.85633676,-0.04333458,1.51936251,0.03355803,1.69147142,0.86965876,-0.14375886,-0.02278737,-0.02614175,-0.00820223,-0.01403813,-0.14530908,-0.52456392,-0.08314920,-0.09538902,-0.02992923,-0.05122396,-0.53022054
0.320000,0.85487321,-0.04356657,1.51909637,0.03347453,1.69132851,0.86817943,-0.14892409,-0.02360612,-0.02708101,-0.00849693,-0.01454252,-0.15053001,-0.50827615,-0.08056741,-0.09242718,-0.02899993,-0.04963345,-0.51375713
0.330000,0.85335884,-0.04380662,1.51882099,0.03338813,1.69118063,0.86664873,-0.15392040,-0.02439809,-0.02798957,-0.00878200,-0.01503041,-0.15558020,-0.49079281,-0.07779610,-0.08924793,-0.02800241,-0.04792620,-0.49608527
0.340000,0.85179540,-0.04405444,1.51853669,0.03329893,1.69102796,0.86506843,-0.15873623,-0.02516145,-0.02886530,-0.00905677,-0.01550068,-0.16044796,-0.47219393,-0.07484797,-0.08586583,-0.02694124,-0.04611000,-0.47728582
0.350000,0.85018475,-0.04430974,1.51824380,0.03320703,1.69087068,0.86344042,-0.16336083,-0.02589450,-0.02970625,-0.00932063,-0.01595228,-0.16512242,-0.45255949,-0.07173570,-0.08229542,-0.02582099,-0.04419269,-0.45743965
0.360000,0.84852886,-0.04457222,1.51794268,0.03311255,1.69070898,0.86176666,-0.16778423,-0.02659566,-0.03051063,-0.00957301,-0.01638423,-0.16959353,-0.43196949,-0.06847196,-0.07855124,-0.02464622,-0.04218207,-0.43662763
0.370000,0.84682977,-0.04484155,1.51763371,0.03301561,1.69054306,0.86004926,-0.17199730,-0.02726348,-0.03127675,-0.00981338,-0.01679563,-0.17385203,-0.41050395,-0.06506943,-0.07464785,-0.02342149,-0.04008594,-0.41493061
0.380000,0.84508964,-0.04511738,1.51731728,0.03291632,1.69037314,0.85829036,-0.17599166,-0.02789663,-0.03200310,-0.01004128,-0.01718569,-0.17788946,-0.38824286,-0.06154080,-0.07059980,-0.02215137,-0.03791214,-0.39242947
0.390000,0.84331069,-0.04539936,1.51699379,0.03281483,1.69019942,0.85649223,-0.17975977,-0.02849392,-0.03268831,-0.01025628,-0.01755364,-0.18169820,-0.36526622,-0.05789875,-0.06642162,-0.02084043,-0.03566845,-0.36920506
0.400000,0.84149522,-0.04568713,1.51666366,0.03271124,1.69002214,0.85465718,-0.18329487,-0.02905427,-0.03333115,-0.01045797,-0.01789885,-0.18527142,-0.34165404,-0.05415595,-0.06212788,-0.01949323,-0.03336271,-0.34533825
0.410000,0.83964559,-0.04598032,1.51632731,0.03260571,1.68984152,0.85278761,-0.18659100,-0.02957674,-0.03393053,-0.01064603,-0.01822072,-0.18860310,-0.31748631,-0.05032510,-0.05773311,-0.01811433,-0.03100272,-0.32090991
0.420000,0.83776421,-0.04627854,1.51598519,0.03249837,1.68965780,0.85088594,-0.18964301,-0.03006052,-0.03448552,-0.01082017,-0.01851875,-0.19168802,-0.29284304,-0.04641887,-0.05325187,-0.01670829,-0.02859629,-0.29600090
0.430000,0.83585356,-0.04658140,1.51563775,0.03238936,1.68947123,0.84895468,-0.19244654,-0.03050491,-0.03499533,-0.01098013,-0.01879251,-0.19452178,-0.26780423,-0.04244994,-0.04869870,-0.01527969,-0.02615123,-0.27069209
0.440000,0.83391612,-0.04688850,1.51528544,0.03227881,1.68928204,0.84699636,-0.19499804,-0.03090935,-0.03545931,-0.01112570,-0.01904167,-0.19710080,-0.24244988,-0.03843099,-0.04408816,-0.01383309,-0.02367537,-0.24506433
0.450000,0.83195445,-0.04719945,1.51492872,0.03216689,1.68909048,0.84501353,-0.19729475,-0.03127341,-0.03587695,-0.01125674,-0.01926594,-0.19942228,-0.21685999,-0.03437471,-0.03943478,-0.01237305,-0.02117650,-0.21919849
0.460000,0.82997108,-0.04751383,1.51456806,0.03205373,1.68889680,0.84300878,-0.19933472,-0.03159676,-0.03624791,-0.01137313,-0.01946515,-0.20148424,-0.19111456,-0.03029378,-0.03475312,-0.01090413,-0.01866245,-0.19317544
0.470000,0.82796861,-0.04783125,1.51420392,0.03193948,1.68870126,0.84098471,-0.20111679,-0.03187924,-0.03657197,-0.01147481,-0.01963917,-0.20328553,-0.16529361,-0.02620087,-0.03005772,-0.00943090,-0.01614101,-0.16707605
0.480000,0.82594961,-0.04815128,1.51383677,0.03182428,1.68850410,0.83894394,-0.20264061,-0.03212078,-0.03684906,-0.01156175,-0.01978797,-0.20482578,-0.13947712,-0.02210867,-0.02536314,-0.00795793,-0.01362002,-0.14098117
0.490000,0.82391666,-0.04847353,1.51346709,0.03170829,1.68830558,0.83688906,-0.20390662,-0.03232146,-0.03707928,-0.01163398,-0.01991160,-0.20610544,-0.11374510,-0.01802986,-0.02068391,-0.00648978,-0.01110727,-0.11497166
0.500000,0.82187233,-0.04879758,1.51309534,0.03159165,1.68810595,0.83482269,-0.20491606,-0.03248147,-0.03726284,-0.01169158,-0.02001017,-0.20712577,-0.08817755,-0.01397712,-0.01603459,-0.00503101,-0.00861059,-0.08912841
0.510000,0.81981919,-0.04912302,1.51272199,0.03147451,1.68790546,0.83274740,-0.20567098,-0.03260113,-0.03740012,-0.01173465,-0.02008389,-0.20788883,-0.06285447,-0.00996313,-0.01142973,-0.00358619,-0.00613777,-0.06353226
0.520000,0.81775975,-0.04944947,1.51234749,0.03135701,1.68770436,0.83066576,-0.20617423,-0.03268090,-0.03749163,-0.01176336,-0.02013303,-0.20839751,-0.03785586,-0.00600057,-0.00688388,-0.00215988,-0.00369665,-0.03826408
0.530000,0.81569653,-0.04977651,1.51197231,0.03123929,1.68750288,0.82858029,-0.20642945,-0.03272136,-0.03753804,-0.01177793,-0.02015795,-0.20865547,-0.01326174,-0.00210213,-0.00241157,-0.00075665,-0.00129502,-0.01340474
0.540000,0.81363197,-0.05010376,1.51159688,0.03112149,1.68730128,0.82649347,-0.20644108,-0.03272320,-0.03754016,-0.01177859,-0.02015909,-0.20866723,0.01084792,0.00171952,0.00197263,0.00061893,0.00105931,0.01096489
0.550000,0.81156850,-0.05043085,1.51122165,0.03100376,1.68709978,0.82440775,-0.20621437,-0.03268726,-0.03749893,-0.01176565,-0.02013695,-0.20843808,0.03439309,0.00545169,0.00625419,0.00196231,0.00335850,0.03476397
0.560000,0.80950846,-0.05075739,1.51084704,0.03088622,1.68689861,0.82232550,-0.20575537,-0.03261451,-0.03741546,-0.01173947,-0.02009213,-0.20797412,0.05729378,0.00908170,0.01041855,0.00326892,0.00559477,0.05791161
0.570000,0.80745415,-0.05108302,1.51047348,0.03076901,1.68669801,0.82024903,-0.20507091,-0.03250601,-0.03729100,-0.01170041,-0.02002529,-0.20728229,0.07946999,0.01259688,0.01445117,0.00453420,0.00776029,0.08032696
0.580000,0.80540777,-0.05140739,1.51010135,0.03065226,1.68649818,0.81818058,-0.20416865,-0.03236299,-0.03712693,-0.01164894,-0.01993718,-0.20637030,0.10084172,0.01598453,0.01833750,0.00575357,0.00984725,0.10192914
0.590000,0.80337147,-0.05173017,1.50973106,0.03053608,1.68629933,0.81612233,-0.20305702,-0.03218679,-0.03692479,-0.01158551,-0.01982863,-0.20524668,0.12132896,0.01923199,0.02206299,0.00692248,0.01184784,0.12263731
0.600000,0.80134730,-0.05205102,1.50936298,0.03042059,1.68610167,0.81407632,-0.20174528,-0.03197886,-0.03668625,-0.01151067,-0.01970054,-0.20392080,0.14085172,0.02232656,0.02561310,0.00803636,0.01375425,0.14237059
0.610000,0.79933720,-0.05236965,1.50899745,0.03030590,1.68590538,0.81204455,-0.20024347,-0.03174081,-0.03641316,-0.01142498,-0.01955389,-0.20240279,0.15932998,0.02525557,0.02897327,0.00909064,0.01555866,0.16104811
0.620000,0.79734302,-0.05268574,1.50863483,0.03019212,1.68571065,0.81002887,-0.19856243,-0.03147435,-0.03610747,-0.01132907,-0.01938973,-0.20070363,0.17668376,0.02800634,0.03212896,0.01008077,0.01725327,0.17858902
0.630000,0.79536651,-0.05299904,1.50827541,0.03007935,1.68551764,0.80803104,-0.19671381,-0.03118132,-0.03577131,-0.01122360,-0.01920921,-0.19883507,0.19283530,0.03056653,0.03506602,0.01100231,0.01883048,0.19491473
0.640000,0.79340927,-0.05330929,1.50791949,0.02996768,1.68532652,0.80605269,-0.19470982,-0.03086367,-0.03540689,-0.01110926,-0.01901352,-0.19680947,0.20775872,0.03293206,0.03777976,0.01185377,0.02028776,0.20999908
0.650000,0.79147279,-0.05361624,1.50756736,0.02985719,1.68513742,0.80409534,-0.19256264,-0.03052331,-0.03501644,-0.01098675,-0.01880385,-0.19463914,0.22147998,0.03510703,0.04027490,0.01263664,0.02162765,0.22386831
0.660000,0.78955845,-0.05391969,1.50721924,0.02974797,1.68495048,0.80216035,-0.19028414,-0.03016215,-0.03460211,-0.01085675,-0.01858135,-0.19233606,0.23402733,0.03709593,0.04255656,0.01335254,0.02285290,0.23655095
0.670000,0.78766751,-0.05421942,1.50687539,0.02964008,1.68476583,0.80024902,-0.18788591,-0.02978200,-0.03416600,-0.01071992,-0.01834717,-0.18991198,0.24542898,0.03890321,0.04462989,0.01400306,0.02396628,0.24807555
0.680000,0.78580109,-0.05451527,1.50653599,0.02953359,1.68458358,0.79836248,-0.18537928,-0.02938467,-0.03371019,-0.01057690,-0.01810239,-0.18737832,0.25571316,0.04053337,0.04650001,0.01458983,0.02497054,0.25847064
0.690000,0.78396024,-0.05480706,1.50620124,0.02942856,1.68440382,0.79650178,-0.18277528,-0.02897191,-0.03323666,-0.01042833,-0.01784811,-0.18474623,0.26490811,0.04199087,0.04817206,0.01511445,0.02586843,0.26776474
0.700000,0.78214588,-0.05509466,1.50587131,0.02932504,1.68422664,0.79466785,-0.18008466,-0.02854542,-0.03274739,-0.01027481,-0.01758537,-0.18202660,0.27304205,0.04328019,0.04965117,0.01557854,0.02666271,0.27598639
0.710000,0.78035881,-0.05537793,1.50554634,0.02922308,1.68405213,0.79286150,-0.17731788,-0.02810685,-0.03224427,-0.01011695,-0.01731519,-0.17922999,0.28014321,0.04440581,0.05094248,0.01598370,0.02735614,0.28316413
0.720000,0.77859974,-0.05565676,1.50522646,0.02912271,1.68388036,0.79108347,-0.17448514,-0.02765783,-0.03172915,-0.00995533,-0.01703857,-0.17636670,0.28623982,0.04537219,0.05205111,0.01633154,0.02795148,0.28932648
0.730000,0.77686929,-0.05593106,1.50491179,0.02902398,1.68371138,0.78933436,-0.17159634,-0.02719992,-0.03120384,-0.00979051,-0.01675648,-0.17344675,0.29136010,0.04618381,0.05298221,0.01662368,0.02845148,0.29450198
0.740000,0.77516797,-0.05620074,1.50460241,0.02892691,1.68354525,0.78761469,-0.16866110,-0.02673465,-0.03067008,-0.00962304,-0.01646985,-0.17047985,0.29553229,0.04684515,0.05374090,0.01686173,0.02885890,0.29871916
0.750000,0.77349619,-0.05646573,1.50429841,0.02883153,1.68338200,0.78592489,-0.16568876,-0.02626351,-0.03012958,-0.00945345,-0.01617960,-0.16747546,0.29878461,0.04736067,0.05433231,0.01704729,0.02917649,0.30200655
0.760000,0.77185429,-0.05672599,1.50399984,0.02873785,1.68322166,0.78426528,-0.16268838,-0.02578791,-0.02958397,-0.00928226,-0.01588661,-0.16444273,0.30114529,0.04773487,0.05476159,0.01718198,0.02940701,0.30439268
0.770000,0.77024249,-0.05698148,1.50370674,0.02864589,1.68306427,0.78263610,-0.15966873,-0.02530926,-0.02903487,-0.00910997,-0.01559174,-0.16139052,0.30264256,0.04797220,0.05503386,0.01726741,0.02955322,0.30590610
0.780000,0.76866095,-0.05723217,1.50341915,0.02855565,1.68290983,0.78103750,-0.15663831,-0.02482891,-0.02848380,-0.00893707,-0.01529582,-0.15832742,0.30330465,0.04807715,0.05515426,0.01730519,0.02961787,0.30657533
0.790000,0.76710973,-0.05747806,1.50313707,0.02846715,1.68275835,0.77946956,-0.15360533,-0.02434815,-0.02793227,-0.00876402,-0.01499965,-0.15526173,0.30315978,0.04805419,0.05512791,0.01729692,0.02960372,0.30642890
0.800000,0.76558882,-0.05771914,1.50286050,0.02838037,1.68260984,0.77793225,-0.15057771,-0.02386824,-0.02738172,-0.00859128,-0.01470400,-0.15220146,0.30223619,0.04790779,0.05495996,0.01724422,0.02951354,0.30549535
0.810000,0.76409813,-0.05795543,1.50258943,0.02829532,1.68246427,0.77642548,-0.14756311,-0.02339039,-0.02683353,-0.00841928,-0.01440962,-0.14915435,0.30056210,0.04764243,0.05465554,0.01714871,0.02935006,0.30380320
0.820000,0.76263749,-0.05818696,1.50232382,0.02821198,1.68232164,0.77494909,-0.14456888,-0.02291577,-0.02628904,-0.00824844,-0.01411723,-0.14612783,0.29816574,0.04726258,0.05421978,0.01701198,0.02911605,0.30138100
0.830000,0.76120666,-0.05841376,1.50206363,0.02813034,1.68218192,0.77350283,-0.14160211,-0.02244550,-0.02574955,-0.00807917,-0.01382753,-0.14312907,0.29507534,0.04677271,0.05365780,0.01683566,0.02881427,0.29825728
0.840000,0.75980534,-0.05863588,1.50180881,0.02805039,1.68204508,0.77208640,-0.13866959,-0.02198067,-0.02521629,-0.00791186,-0.01354116,-0.14016493,0.29131913,0.04617731,0.05297476,0.01662135,0.02844748,0.29446056
0.850000,0.75843314,-0.05885339,1.50155928,0.02797210,1.68191108,0.77069940,-0.13577785,-0.02152229,-0.02469044,-0.00774687,-0.01325878,-0.13724201,0.28692533,0.04548085,0.05217577,0.01637066,0.02801842,0.29001938
0.860000,0.75708962,-0.05906635,1.50131497,0.02789544,1.68177989,0.76934140,-0.13293312,-0.02107137,-0.02417315,-0.00758456,-0.01298099,-0.13436660,0.28192217,0.04468779,0.05126597,0.01608520,0.02752986,0.28496227
0.870000,0.75577430,-0.05927485,1.50107578,0.02782040,1.68165144,0.76801189,-0.13014134,-0.02062885,-0.02366548,-0.00742527,-0.01270838,-0.13154472,0.27633789,0.04380262,0.05025050,0.01576658,0.02698455,0.27931777
0.880000,0.75448660,-0.05947896,1.50084162,0.02774693,1.68152570,0.76671031,-0.12740820,-0.02019561,-0.02316847,-0.00726933,-0.01244148,-0.12878210,0.27020070,0.04282981,0.04913449,0.01541642,0.02638525,0.27311441
0.890000,0.75322592,-0.05967879,1.50061238,0.02767500,1.68140259,0.76543603,-0.12473908,-0.01977253,-0.02268310,-0.00711704,-0.01218084,-0.12608420,0.26353885,0.04177383,0.04792307,0.01503633,0.02573472,0.26638071
0.900000,0.75199159,-0.05987445,1.50038792,0.02760457,1.68128206,0.76418839,-0.12213908,-0.01936040,-0.02221031,-0.00696870,-0.01192695,-0.12345616,0.25638055,0.04063916,0.04662137,0.01462791,0.02503571,0.25914522
0.910000,0.75078289,-0.06006604,1.50016812,0.02753561,1.68116403,0.76296666,-0.11961303,-0.01895999,-0.02175096,-0.00682458,-0.01168028,-0.12090287,0.24875404,0.03943027,0.04523453,0.01419278,0.02429097,0.25143647
0.920000,0.74959907,-0.06025369,1.49995285,0.02746807,1.68104843,0.76177007,-0.11716547,-0.01857203,-0.02130589,-0.00668493,-0.01144127,-0.11842892,0.24068754,0.03815164,0.04376768,0.01373254,0.02350327,0.24328298
0.930000,0.74843931,-0.06043753,1.49974196,0.02740190,1.68093518,0.76059780,-0.11480065,-0.01819718,-0.02087586,-0.00655000,-0.01121035,-0.11603860,0.23220928,0.03680775,0.04222596,0.01324881,0.02267537,0.23471330
0.940000,0.74730276,-0.06061768,1.49953528,0.02733705,1.68082419,0.75944900,-0.11252256,-0.01783607,-0.02046160,-0.00642003,-0.01098789,-0.11373594,0.22334749,0.03540305,0.04061449,0.01274319,0.02181001,0.22575595
0.950000,0.74618855,-0.06079429,1.49933267,0.02727348,1.68071539,0.75832278,-0.11033488,-0.01748930,-0.02006378,-0.00629521,-0.01077426,-0.11152468,0.21413040,0.03394204,0.03893842,0.01221731,0.02090995,0.21643947
0.960000,0.74509575,-0.06096752,1.49913395,0.02721113,1.68060868,0.75721819,-0.10824104,-0.01715741,-0.01968303,-0.00617574,-0.01056980,-0.10940826,0.20458623,0.03242919,0.03720286,0.01167276,0.01997796,0.20679238
0.970000,0.74402341,-0.06113749,1.49893895,0.02714995,1.68050396,0.75613429,-0.10624416,-0.01684088,-0.01931991,-0.00606181,-0.01037480,-0.10738984,0.19474322,0.03086896,0.03541297,0.01111116,0.01901679,0.19684323
0.980000,0.74297054,-0.06130439,1.49874749,0.02708987,1.68040115,0.75507006,-0.10434708,-0.01654017,-0.01897493,-0.00595357,-0.01018955,-0.10547230,0.18462959,0.02926584,0.03357386,0.01053413,0.01802918,0.18662054
0.990000,0.74193613,-0.06146835,1.49855939,0.02703085,1.68030014,0.75402449,-0.10255237,-0.01625569,-0.01864858,-0.00585117,-0.01001430,-0.10365824,0.17427357,0.02762429,0.03169068,0.00994326,0.01701791,0.17615285
1.000000,0.74091914,-0.06162956,1.49837446,0.02697283,1.68020083,0.75299654,-0.10086232,-0.01598780,-0.01834125,-0.00575475,-0.00984926,-0.10194997,0.16370340,0.02594880,0.02976855,0.00934017,0.01598573,0.16546869
1.010000,0.73991852,-0.06178816,1.49819250,0.02691574,1.68010312,0.75198514,-0.09927892,-0.01573681,-0.01805332,-0.00566440,-0.00969464,-0.10034950,0.15294729,0.02424384,0.02781261,0.00872648,0.01493539,0.15459659
1.020000,0.73893320,-0.06194435,1.49801332,0.02685952,1.68000690,0.75098919,-0.09780390,-0.01550300,-0.01778509,-0.00558025,-0.00955061,-0.09885857,0.14203347,0.02251388,0.02582799,0.00810378,0.01386965,0.14356509
1.030000,0.73796208,-0.06209828,1.49783673,0.02680411,1.67991207,0.75000759,-0.09643869,-0.01528660,-0.01753684,-0.00550235,-0.00941729,-0.09747863,0.13099018,0.02076340,0.02381983,0.00747370,0.01279127,0.13240271
1.040000,0.73700406,-0.06225014,1.49766252,0.02674945,1.67981852,0.74903924,-0.09518443,-0.01508779,-0.01730876,-0.00543079,-0.00929481,-0.09621085,0.11984564,0.01899686,0.02179326,0.00683785,0.01170299,0.12113799
1.050000,0.73605802,-0.06240010,1.49749049,0.02669548,1.67972614,0.74808300,-0.09404202,-0.01490670,-0.01710102,-0.00536561,-0.00918326,-0.09505612,0.10862808,0.01721876,0.01975341,0.00619782,0.01060759,0.10979947
1.060000,0.73512284,-0.06254833,1.49732043,0.02664212,1.67963482,0.74713774,-0.09301202,-0.01474344,-0.01691372,-0.00530684,-0.00908268,-0.09401501,0.09736573,0.01543355,0.01770542,0.00555525,0.00950782,0.09841568
1.070000,0.73419740,-0.06269503,1.49715215,0.02658932,1.67954445,0.74620232,-0.09209476,-0.01459804,-0.01674692,-0.00525451,-0.00899311,-0.09308786,0.08608682,0.01364572,0.01565441,0.00491172,0.00840643,0.08701514
1.080000,0.73328057,-0.06284035,1.49698543,0.02653701,1.67945492,0.74527560,-0.09129025,-0.01447052,-0.01660062,-0.00520861,-0.00891454,-0.09227467,0.07481958,0.01185973,0.01360552,0.00426887,0.00730617,0.07562639
1.090000,0.73237122,-0.06298450,1.49682007,0.02648512,1.67936612,0.74435645,-0.09059823,-0.01436082,-0.01647478,-0.00516912,-0.00884697,-0.09157520,0.06359222,0.01008007,0.01156389,0.00362828,0.00620982,0.06427797
1.100000,0.73146823,-0.06312763,1.49665586,0.02643360,1.67927794,0.74344372,-0.09001817,-0.01426888,-0.01636930,-0.00513603,-0.00879033,-0.09098888,0.05243299,0.00831121,0.00953465,0.00299159,0.00512011,0.05299840
1.110000,0.73057049,-0.06326993,1.49649261,0.02638238,1.67919028,0.74253630,-0.08954925,-0.01419455,-0.01628403,-0.00510927,-0.00874454,-0.09051490,0.04137011,0.00655762,0.00752292,0.00236039,0.00403981,0.04181622
1.120000,0.72967688,-0.06341158,1.49633011,0.02633140,1.67910302,0.74163305,-0.08919036,-0.01413766,-0.01621877,-0.00508880,-0.00870949,-0.09015214,0.03043181,0.00482378,0.00553385,0.00173630,0.00297168,0.03075997
1.130000,0.72878632,-0.06355274,1.49616817,0.02628059,1.67901605,0.74073289,-0.08894011,-0.01409799,-0.01617326,-0.00507452,-0.00868505,-0.08989919,0.01964631,0.00311416,0.00357257,0.00112093,0.00191847,0.01985817
1.140000,0.72789772,-0.06369359,1.49600658,0.02622989,1.67892928,0.73983471,-0.08879683,-0.01407528,-0.01614721,-0.00506634,-0.00867106,-0.08975437,0.00904185,0.00143323,0.00164421,0.00051589,0.00088294,0.00913935
1.150000,0.72701003,-0.06383430,1.49584516,0.02617924,1.67884260,0.73893745,-0.08875857,-0.01406922,-0.01614025,-0.00506416,-0.00866732,-0.08971570,-0.00135335,-0.00021452,-0.00024610,-0.00007722,-0.00013215,-0.00136794
1.160000,0.72612221,-0.06397503,1.49568372,0.02612858,1.67875590,0.73804005,-0.08882310,-0.01407945,-0.01615199,-0.00506784,-0.00867363,-0.08978092,-0.01151105,-0.00182463,-0.00209322,-0.00065677,-0.00112406,-0.01163518
1.170000,0.72523324,-0.06411595,1.49552206,0.02607786,1.67866909,0.73714149,-0.08898791,-0.01410557,-0.01618195,-0.00507725,-0.00868972,-0.08994751,-0.02140304,-0.00339262,-0.00389202,-0.00122116,-0.00209002,-0.02163384
1.180000,0.72434213,-0.06425720,1.49536002,0.02602702,1.67858207,0.73624077,-0.08925018,-0.01414714,-0.01622965,-0.00509221,-0.00871533,-0.09021261,-0.03100108,-0.00491401,-0.00563737,-0.00176878,-0.00302727,-0.03133538
1.190000,0.72344792,-0.06439894,1.49519741,0.02597600,1.67849475,0.73533692,-0.08960685,-0.01420368,-0.01629451,-0.00511256,-0.00875016,-0.09057313,-0.04027694,-0.00638434,-0.00732414,-0.00229802,-0.00393307,-0.04071126
1.200000,0.72254968,-0.06454132,1.49503407,0.02592475,1.67840704,0.73442900,-0.09005455,-0.01427465,-0.01637592,-0.00513810,-0.00879388,-0.09102566,-0.04920240,-0.00779913,-0.00894718,-0.00280727,-0.00480464,-0.04973297
1.210000,0.72164654,-0.06468448,1.49486984,0.02587322,1.67831885,0.73351611,-0.09058964,-0.01435946,-0.01647322,-0.00516863,-0.00884613,-0.09156651,-0.05774922,-0.00915389,-0.01050137,-0.00329491,-0.00563924,-0.05837196
1.220000,0.72073761,-0.06482855,1.49470456,0.02582136,1.67823009,0.73259739,-0.09120818,-0.01445751,-0.01658570,-0.00520392,-0.00890653,-0.09219172,-0.06588919,-0.01044417,-0.01198158,-0.00375934,-0.00643412,-0.06659970
1.230000,0.71982211,-0.06497367,1.49453808,0.02576913,1.67814069,0.73167201,-0.09190597,-0.01456812,-0.01671259,-0.00524374,-0.00897467,-0.09289704,-0.07359406,-0.01166547,-0.01338267,-0.00419894,-0.00718650,-0.07438766
1.240000,0.71889925,-0.06511995,1.49437026,0.02571647,1.67805057,0.73073920,-0.09267852,-0.01469057,-0.01685307,-0.00528782,-0.00905011,-0.09367792,-0.08083562,-0.01281334,-0.01469951,-0.00461211,-0.00789364,-0.08170731
1.250000,0.71796830,-0.06526752,1.49420098,0.02566336,1.67795967,0.72979822,-0.09352105,-0.01482412,-0.01700628,-0.00533589,-0.00913238,-0.09452953,-0.08758563,-0.01388329,-0.01592696,-0.00499724,-0.00855279,-0.08853010
1.260000,0.71702861,-0.06541647,1.49403010,0.02560974,1.67786790,0.72884839,-0.09442852,-0.01496797,-0.01717130,-0.00538766,-0.00922100,-0.09544678,-0.09382255,-0.01487191,-0.01706111,-0.00535309,-0.00916183,-0.09483428
1.270000,0.71607953,-0.06556691,1.49385751,0.02555559,1.67777523,0.72788908,-0.09539581,-0.01512129,-0.01734719,-0.00544285,-0.00931545,-0.09642450,-0.09955158,-0.01578003,-0.01810290,-0.00567996,-0.00972127,-0.10062510
1.280000,0.71512051,-0.06571892,1.49368312,0.02550088,1.67768158,0.72691971,-0.09641789,-0.01528331,-0.01753306,-0.00550117,-0.00941526,-0.09745761,-0.10478461,-0.01660952,-0.01905450,-0.00597853,-0.01023228,-0.10591456
1.290000,0.71415101,-0.06587260,1.49350682,0.02544556,1.67758691,0.72593976,-0.09748988,-0.01545323,-0.01772799,-0.00556233,-0.00951994,-0.09854116,-0.10953353,-0.01736228,-0.01991806,-0.00624949,-0.01069601,-0.11071468
1.300000,0.71317056,-0.06602801,1.49332853,0.02538962,1.67749116,0.72494874,-0.09860699,-0.01563030,-0.01793113,-0.00562607,-0.00962903,-0.09967032,-0.11381021,-0.01804018,-0.02069575,-0.00649349,-0.01111363,-0.11503748
1.310000,0.71217874,-0.06618523,1.49314817,0.02533303,1.67739431,0.72394622,-0.09976455,-0.01581379,-0.01814163,-0.00569211,-0.00974207,-0.10084036,-0.11762654,-0.01864511,-0.02138973,-0.00671124,-0.01148630,-0.11889497
1.320000,0.71117515,-0.06634431,1.49296568,0.02527577,1.67729631,0.72293181,-0.10095803,-0.01600297,-0.01835865,-0.00576021,-0.00985861,-0.10204671,-0.12099442,-0.01917896,-0.02200216,-0.00690339,-0.01181517,-0.12229916
1.330000,0.71015947,-0.06650530,1.49278098,0.02521782,1.67719713,0.72190518,-0.10218299,-0.01619714,-0.01858141,-0.00583010,-0.00997823,-0.10328487,-0.12392571,-0.01964360,-0.02253520,-0.00707064,-0.01210142,-0.12526206
1.340000,0.70913140,-0.06666826,1.49259403,0.02515917,1.67709674,0.72086602,-0.10343513,-0.01639561,-0.01880910,-0.00590154,-0.01010050,-0.10455052,-0.12643232,-0.02004093,-0.02299101,-0.00721365,-0.01234619,-0.12779570
1.350000,0.70809069,-0.06683323,1.49240479,0.02509979,1.67699511,0.71981409,-0.10471026,-0.01659774,-0.01904098,-0.00597429,-0.01022502,-0.10583940,-0.12852612,-0.02037282,-0.02337176,-0.00733312,-0.01255065,-0.12991208
1.360000,0.70703713,-0.06700023,1.49221320,0.02503968,1.67689223,0.71874917,-0.10600431,-0.01680286,-0.01927629,-0.00604812,-0.01035138,-0.10714741,-0.13021901,-0.02064116,-0.02367960,-0.00742970,-0.01271596,-0.13162322
1.370000,0.70597055,-0.06716929,1.49201925,0.02497882,1.67678808,0.71767109,-0.10731334,-0.01701035,-0.01951433,-0.00612281,-0.01047921,-0.10847055,-0.13152286,-0.02084783,-0.02391670,-0.00750410,-0.01284328,-0.13294113
1.380000,0.70489083,-0.06734044,1.49182291,0.02491722,1.67668264,0.71657972,-0.10863351,-0.01721962,-0.01975440,-0.00619813,-0.01060812,-0.10980496,-0.13244956,-0.02099472,-0.02408521,-0.00755697,-0.01293377,-0.13387783
1.390000,0.70379786,-0.06751369,1.49162416,0.02485486,1.67657591,0.71547496,-0.10996111,-0.01743006,-0.01999581,-0.00627388,-0.01073777,-0.11114688,-0.13301100,-0.02108372,-0.02418731,-0.00758900,-0.01298860,-0.13444532
1.400000,0.70269159,-0.06768905,1.49142299,0.02479174,1.67646789,0.71435677,-0.11129255,-0.01764110,-0.02023793,-0.00634985,-0.01086778,-0.11249267,-0.13321906,-0.02111670,-0.02422514,-0.00760087,-0.01300892,-0.13465563
1.410000,0.70157201,-0.06786651,1.49121940,0.02472786,1.67635856,0.71322511,-0.11262436,-0.01785221,-0.02048011,-0.00642583,-0.01099783,-0.11383884,-0.13308564,-0.02109555,-0.02420088,-0.00759326,-0.01299589,-0.13452076
1.420000,0.70043912,-0.06804609,1.49101339,0.02466322,1.67624793,0.71208000,-0.11395317,-0.01806284,-0.02072175,-0.00650165,-0.01112759,-0.11518198,-0.13262260,-0.02102215,-0.02411668,-0.00756684,-0.01295067,-0.13405273
1.430000,0.69929296,-0.06822777,1.49080497,0.02459783,1.67613601,0.71092149,-0.11527575,-0.01827248,-0.02096225,-0.00657711,-0.01125674,-0.11651882,-0.13184185,-0.02089839,-0.02397470,-0.00752230,-0.01287443,-0.13326356
1.440000,0.69813363,-0.06841153,1.49059415,0.02453168,1.67602280,0.70974966,-0.11658899,-0.01848065,-0.02120106,-0.00665204,-0.01138498,-0.11784622,-0.13075526,-0.02072616,-0.02377711,-0.00746030,-0.01276832,-0.13216525
1.450000,0.69696123,-0.06859737,1.49038096,0.02446479,1.67590831,0.70856461,-0.11788988,-0.01868685,-0.02143762,-0.00672626,-0.01151201,-0.11916114,-0.12937472,-0.02050733,-0.02352607,-0.00738153,-0.01263351,-0.13076983
1.460000,0.69577588,-0.06878526,1.49016541,0.02439716,1.67579256,0.70736649,-0.11917554,-0.01889064,-0.02167141,-0.00679961,-0.01163756,-0.12046067,-0.12771211,-0.02024379,-0.02322373,-0.00728667,-0.01247116,-0.12908929
1.470000,0.69457778,-0.06897518,1.48994754,0.02432880,1.67567557,0.70615546,-0.12044322,-0.01909159,-0.02190193,-0.00687194,-0.01176135,-0.12174201,-0.12577933,-0.01993742,-0.02287227,-0.00717640,-0.01228242,-0.12713567
1.480000,0.69336709,-0.06916708,1.48972738,0.02425973,1.67555734,0.70493171,-0.12169027,-0.01928926,-0.02212870,-0.00694309,-0.01188312,-0.12300251,-0.12358826,-0.01959011,-0.02247383,-0.00705138,-0.01206846,-0.12492097
1.490000,0.69214405,-0.06936095,1.48950498,0.02418994,1.67543791,0.70369548,-0.12291416,-0.01948326,-0.02235125,-0.00701292,-0.01200264,-0.12423960,-0.12115077,-0.01920374,-0.02203059,-0.00691231,-0.01183044,-0.12245720
1.500000,0.69090889,-0.06955673,1.48928037,0.02411947,1.67531730,0.70244701,-0.12411250,-0.01967321,-0.02256917,-0.00708130,-0.01211966,-0.12545086,-0.11847877,-0.01878020,-0.02154470,-0.00675986,-0.01156952,-0.11975638
1.510000,0.68966189,-0.06975440,1.48905361,0.02404832,1.67519553,0.70118656,-0.12528299,-0.01985874,-0.02278201,-0.00714808,-0.01223396,-0.12663398,-0.11558413,-0.01832137,-0.02101833,-0.00659471,-0.01128686,-0.11683053
1.520000,0.68840333,-0.06995389,1.48882475,0.02397652,1.67507263,0.69991443,-0.12642348,-0.02003952,-0.02298940,-0.00721315,-0.01234532,-0.12778676,-0.11247874,-0.01782913,-0.02045363,-0.00641753,-0.01098361,-0.11369165
1.530000,0.68713353,-0.07015517,1.48859384,0.02390407,1.67494863,0.69863093,-0.12753191,-0.02021522,-0.02319097,-0.00727639,-0.01245356,-0.12890714,-0.10917448,-0.01730537,-0.01985277,-0.00622900,-0.01066095,-0.11035176
1.540000,0.68585281,-0.07035818,1.48836095,0.02383099,1.67482357,0.69733640,-0.12860635,-0.02038553,-0.02338635,-0.00733769,-0.01255848,-0.12999317,-0.10568324,-0.01675197,-0.01921791,-0.00602981,-0.01032003,-0.10682288
1.550000,0.68456152,-0.07056286,1.48812614,0.02375732,1.67469747,0.69603119,-0.12964499,-0.02055017,-0.02357522,-0.00739695,-0.01265991,-0.13104301,-0.10201691,-0.01617081,-0.01855121,-0.00582062,-0.00996201,-0.10311701
1.560000,0.68326003,-0.07076916,1.48788947,0.02368306,1.67457038,0.69471567,-0.13064614,-0.02070886,-0.02375727,-0.00745408,-0.01275767,-0.13205496,-0.09818737,-0.01556379,-0.01785483,-0.00560213,-0.00958805,-0.09924617
1.570000,0.68194873,-0.07097702,1.48765102,0.02360825,1.67444233,0.69339022,-0.13160823,-0.02086136,-0.02393222,-0.00750897,-0.01285162,-0.13302742,-0.09420651,-0.01493278,-0.01713093,-0.00537500,-0.00919932,-0.09522238
1.580000,0.68062800,-0.07118637,1.48741085,0.02353289,1.67431336,0.69205526,-0.13252981,-0.02100744,-0.02409981,-0.00756155,-0.01294161,-0.13395894,-0.09008621,-0.01427966,-0.01638167,-0.00513991,-0.00879697,-0.09105765
1.590000,0.67929827,-0.07139715,1.48716905,0.02345702,1.67418352,0.69071119,-0.13340953,-0.02114689,-0.02425978,-0.00761174,-0.01302752,-0.13484815,-0.08583835,-0.01360633,-0.01560923,-0.00489755,-0.00838216,-0.08676399
1.600000,0.67795996,-0.07160928,1.48692568,0.02338066,1.67405283,0.68935844,-0.13424619,-0.02127951,-0.02441192,-0.00765948,-0.01310922,-0.13569383,-0.08147483,-0.01291466,-0.01481574,-0.00464858,-0.00795606,-0.08235342
1.610000,0.67661349,-0.07182271,1.48668083,0.02330384,1.67392135,0.68799746,-0.13503868,-0.02140513,-0.02455603,-0.00770469,-0.01318660,-0.13649487,-0.07700753,-0.01220655,-0.01400339,-0.00439370,-0.00751983,-0.07783794
1.620000,0.67525933,-0.07203736,1.48643459,0.02322658,1.67378911,0.68662869,-0.13578603,-0.02152359,-0.02469193,-0.00774733,-0.01325958,-0.13725028,-0.07244833,-0.01148386,-0.01317433,-0.00413357,-0.00707462,-0.07322958
1.630000,0.67389793,-0.07225316,1.48618702,0.02314890,1.67365617,0.68525261,-0.13648738,-0.02163476,-0.02481947,-0.00778735,-0.01332807,-0.13795919,-0.06780913,-0.01074850,-0.01233071,-0.00386888,-0.00662160,-0.06854035
1.640000,0.67252974,-0.07247003,1.48593823,0.02307084,1.67352256,0.68386967,-0.13714199,-0.02173853,-0.02493850,-0.00782470,-0.01339199,-0.13862085,-0.06310179,-0.01000233,-0.01147471,-0.00360030,-0.00616193,-0.06378225
1.650000,0.67115524,-0.07268791,1.48568828,0.02299242,1.67338834,0.68248035,-0.13774923,-0.02183478,-0.02504893,-0.00785935,-0.01345129,-0.13923464,-0.05833822,-0.00924726,-0.01060848,-0.00332851,-0.00569676,-0.05896731
1.660000,0.66977492,-0.07290670,1.48543728,0.02291366,1.67325355,0.68108514,-0.13830860,-0.02192345,-0.02515065,-0.00789126,-0.01350591,-0.13980005,-0.05353030,-0.00848515,-0.00973419,-0.00305420,-0.00522726,-0.05410754
1.670000,0.66838923,-0.07312635,1.48518530,0.02283460,1.67311824,0.67968451,-0.13881973,-0.02200447,-0.02524359,-0.00792042,-0.01355582,-0.14031669,-0.04868990,-0.00771789,-0.00885399,-0.00277802,-0.00475460,-0.04921495
1.680000,0.66699868,-0.07334677,1.48493243,0.02275526,1.67298245,0.67827897,-0.13928233,-0.02207779,-0.02532771,-0.00794682,-0.01360100,-0.14078428,-0.04382893,-0.00694737,-0.00797005,-0.00250068,-0.00427992,-0.04430155
1.690000,0.66560375,-0.07356788,1.48467877,0.02267568,1.67284624,0.67686899,-0.13969628,-0.02214341,-0.02540299,-0.00797043,-0.01364142,-0.14120269,-0.03895925,-0.00617547,-0.00708452,-0.00222284,-0.00380439,-0.03937937
1.700000,0.66420492,-0.07378961,1.48442440,0.02259586,1.67270964,0.67545508,-0.14006153,-0.02220131,-0.02546941,-0.00799127,-0.01367709,-0.14157188,-0.03409277,-0.00540408,-0.00619958,-0.00194518,-0.00332918,-0.03446040
1.710000,0.66280268,-0.07401188,1.48416941,0.02251586,1.67257271,0.67403772,-0.14037818,-0.02225150,-0.02552699,-0.00800934,-0.01370801,-0.14189195,-0.02924135,-0.00463508,-0.00531738,-0.00166838,-0.00285543,-0.02955668
1.720000,0.66139752,-0.07423461,1.48391389,0.02243569,1.67243550,0.67261740,-0.14064645,-0.02229402,-0.02557577,-0.00802465,-0.01373421,-0.14216310,-0.02441690,-0.00387035,-0.00444008,-0.00139312,-0.00238432,-0.02468020
1.730000,0.65998991,-0.07445774,1.48365793,0.02235538,1.67229804,0.67119462,-0.14086665,-0.02232893,-0.02561581,-0.00803721,-0.01375571,-0.14238568,-0.01963129,-0.00311178,-0.00356984,-0.00112007,-0.00191701,-0.01984299
1.740000,0.65858034,-0.07468117,1.48340161,0.02227495,1.67216040,0.66976985,-0.14103924,-0.02235628,-0.02564720,-0.00804706,-0.01377256,-0.14256013,-0.01489641,-0.00236125,-0.00270883,-0.00084992,-0.00145464,-0.01505705
1.750000,0.65716928,-0.07490484,1.48314501,0.02219444,1.67202261,0.66834357,-0.14116479,-0.02237618,-0.02567003,-0.00805422,-0.01378482,-0.14268703,-0.01022415,-0.00162064,-0.00185921,-0.00058334,-0.00099839,-0.01033440
1.760000,0.65575720,-0.07512867,1.48288823,0.02211388,1.67188472,0.66691626,-0.14124397,-0.02238874,-0.02568443,-0.00805874,-0.01379255,-0.14276707,-0.00562639,-0.00089185,-0.00102313,-0.00032102,-0.00054942,-0.00568706
1.770000,0.65434456,-0.07535259,1.48263135,0.02203328,1.67174677,0.66548838,-0.14127760,-0.02239407,-0.02569054,-0.00806066,-0.01379584,-0.14280107,-0.00111502,-0.00017674,-0.00020276,-0.00006362,-0.00010888,-0.00112704
1.780000,0.65293180,-0.07557652,1.48237445,0.02195267,1.67160881,0.66406039,-0.14126660,-0.02239232,-0.02568854,-0.00806003,-0.01379476,-0.14278994,0.00329808,0.00052278,0.00059974,0.00018817,0.00032206,0.00333365
1.790000,0.65151937,-0.07580041,1.48211761,0.02187209,1.67147089,0.66263273,-0.14121201,-0.02238367,-0.02567862,-0.00805692,-0.01378943,-0.14273476,0.00760103,0.00120485,0.00138220,0.00043368,0.00074224,0.00768299
1.800000,0.65010770,-0.07602418,1.48186090,0.02179154,1.67133304,0.66120584,-0.14111499,-0.02236829,-0.02566097,-0.00805138,-0.01377996,-0.14263670,0.01178193,0.00186757,0.00214248,0.00067222,0.00115051,0.01190898
1.810000,0.64869721,-0.07624775,1.48160441,0.02171107,1.67119530,0.65978014,-0.14097681,-0.02234639,-0.02563585,-0.00804350,-0.01376647,-0.14249704,0.01582890,0.00250906,0.00287840,0.00090313,0.00154570,0.01599959
1.820000,0.64728830,-0.07647108,1.48134821,0.02163068,1.67105772,0.65835603,-0.14079889,-0.02231819,-0.02560349,-0.00803335,-0.01374909,-0.14231720,0.01973006,0.00312743,0.00358780,0.00112571,0.00192665,0.01994282
1.830000,0.64588136,-0.07669410,1.48109237,0.02155041,1.67092033,0.65693392,-0.14058274,-0.02228392,-0.02556419,-0.00802101,-0.01372798,-0.14209871,0.02347351,0.00372081,0.00426853,0.00133929,0.00229220,0.02372664
1.840000,0.64447676,-0.07691674,1.48083695,0.02147027,1.67078318,0.65551418,-0.14032999,-0.02224386,-0.02551822,-0.00800659,-0.01370330,-0.14184323,0.02704739,0.00428731,0.00491842,0.00154320,0.00264119,0.02733905
1.850000,0.64307487,-0.07713896,1.48058202,0.02139028,1.67064628,0.65409717,-0.14004240,-0.02219827,-0.02546593,-0.00799018,-0.01367522,-0.14155254,0.03043979,0.00482504,0.00553531,0.00173676,0.00297246,0.03076803
1.860000,0.64167603,-0.07736069,1.48032765,0.02131047,1.67050968,0.65268324,-0.13972184,-0.02214746,-0.02540764,-0.00797189,-0.01364392,-0.14122852,0.03363883,0.00533213,0.00611703,0.00191928,0.00328485,0.03400158
1.870000,0.64028054,-0.07758189,1.48007389,0.02123085,1.67037341,0.65127271,-0.13937030,-0.02209174,-0.02534371,-0.00795184,-0.01360959,-0.14087320,0.03663263,0.00580668,0.00666144,0.00209009,0.00357720,0.03702766
1.880000,0.63888872,-0.07780251,1.47982079,0.02115144,1.67023750,0.64986587,-0.13898991,-0.02203144,-0.02527454,-0.00793013,-0.01357244,-0.14048870,0.03940966,0.00624687,0.00716643,0.00224854,0.00384838,0.03983464
1.890000,0.63750083,-0.07802250,1.47956841,0.02107225,1.67010197,0.64846302,-0.13858285,-0.02196692,-0.02520052,-0.00790691,-0.01353269,-0.14007725,0.04196653,0.00665216,0.00763138,0.00239442,0.00409806,0.04241907
1.900000,0.63611714,-0.07824183,1.47931680,0.02099330,1.66996685,0.64706441,-0.13815130,-0.02189851,-0.02512204,-0.00788229,-0.01349055,-0.13964105,0.04430798,0.00702331,0.00805716,0.00252801,0.00432670,0.04478577
1.910000,0.63473788,-0.07846046,1.47906599,0.02091461,1.66983217,0.64567028,-0.13769739,-0.02182656,-0.02503950,-0.00785639,-0.01344623,-0.13918224,0.04643912,0.00736112,0.00844469,0.00264961,0.00453481,0.04693990
1.920000,0.63336326,-0.07867836,1.47881602,0.02083618,1.66969794,0.64428084,-0.13722320,-0.02175140,-0.02495327,-0.00782933,-0.01339992,-0.13870294,0.04836505,0.00766640,0.00879492,0.00275949,0.00472288,0.04888660
1.930000,0.63199348,-0.07889548,1.47856693,0.02075803,1.66956418,0.64289628,-0.13673075,-0.02167334,-0.02486372,-0.00780124,-0.01335184,-0.13820519,0.05009089,0.00793996,0.00910875,0.00285796,0.00489140,0.05063104
1.940000,0.63062870,-0.07911181,1.47831876,0.02068016,1.66943090,0.64151679,-0.13622203,-0.02159270,-0.02477122,-0.00777221,-0.01330216,-0.13769098,0.05162172,0.00818262,0.00938712,0.00294530,0.00504089,0.05217838
1.950000,0.62926908,-0.07932733,1.47807152,0.02060258,1.66929814,0.64014251,-0.13569895,-0.02150979,-0.02467610,-0.00774237,-0.01325108,-0.13716226,0.05296266,0.00839517,0.00963096,0.00302181,0.00517183,0.05353378
1.960000,0.62791476,-0.07954200,1.47782524,0.02052531,1.66916589,0.63877358,-0.13516339,-0.02142490,-0.02457871,-0.00771181,-0.01319878,-0.13662092,0.05411881,0.00857843,0.00984120,0.00308777,0.00528473,0.05470240
1.970000,0.62656585,-0.07975582,1.47757995,0.02044835,1.66903416,0.63741013,-0.13461717,-0.02133832,-0.02447938,-0.00768064,-0.01314544,-0.13606882,0.05509527,0.00873321,0.01001877,0.00314349,0.00538008,0.05568939
1.980000,0.62522245,-0.07996876,1.47733566,0.02037170,1.66890298,0.63605224,-0.13406207,-0.02125032,-0.02437844,-0.00764897,-0.01309124,-0.13550772,0.05589715,0.00886032,0.01016458,0.00318924,0.00545839,0.05649991
1.990000,0.62388463,-0.08018082,1.47709239,0.02029537,1.66877234,0.63470000,-0.13349980,-0.02116120,-0.02427619,-0.00761689,-0.01303633,-0.13493939,0.05652955,0.00896056,0.01027958,0.00322532,0.00552014,0.05713913
2.000000,0.62255247,-0.08039199,1.47685014,0.02021937,1.66864226,0.63335347,-0.13293203,-0.02107120,-0.02417295,-0.00758450,-0.01298089,-0.13436550,0.05699757,0.00903475,0.01036469,0.00325202,0.00556585,0.05761221
2.010000,0.62122601,-0.08060224,1.47660893,0.02014368,1.66851273,0.63201270,-0.13236038,-0.02098059,-0.02406900,-0.00755188,-0.01292507,-0.13378768,0.05730633,0.00908369,0.01042084,0.00326964,0.00559600,0.05792429
2.020000,0.61990527,-0.08081160,1.47636876,0.02006833,1.66838376,0.63067772,-0.13178641,-0.02088961,-0.02396462,-0.00751913,-0.01286902,-0.13320753,0.05746092,0.00910819,0.01044895,0.00327846,0.00561109,0.05808054
2.030000,0.61859028,-0.08102004,1.47612964,0.01999330,1.66825535,0.62934855,-0.13121165,-0.02079850,-0.02386011,-0.00748634,-0.01281289,-0.13262657,0.05746644,0.00910907,0.01044995,0.00327877,0.00561163,0.05808613
2.040000,0.61728104,-0.08122757,1.47589156,0.01991860,1.66812750,0.62802519,-0.13063756,-0.02070750,-0.02375571,-0.00745359,-0.01275683,-0.13204629,0.05732801,0.00908712,0.01042478,0.00327088,0.00559811,0.05794620
2.050000,0.61597752,-0.08143419,1.47565452,0.01984423,1.66800021,0.62670762,-0.13006556,-0.02061683,-0.02365170,-0.00742095,-0.01270098,-0.13146812,0.05705072,0.00904317,0.01037435,0.00325505,0.00557103,0.05766592
2.060000,0.61467971,-0.08163990,1.47541852,0.01977018,1.66787348,0.62539581,-0.12949700,-0.02052671,-0.02354831,-0.00738851,-0.01264546,-0.13089342,0.05663967,0.00897802,0.01029961,0.00323160,0.00553090,0.05725045
2.070000,0.61338757,-0.08184472,1.47518355,0.01969646,1.66774730,0.62408973,-0.12893319,-0.02043734,-0.02344578,-0.00735634,-0.01259040,-0.13032354,0.05609999,0.00889247,0.01020147,0.00320081,0.00547820,0.05670494
2.080000,0.61210103,-0.08204865,1.47494960,0.01962305,1.66762167,0.62278932,-0.12837541,-0.02034893,-0.02334435,-0.00732452,-0.01253593,-0.12975974,0.05543676,0.00878734,0.01008086,0.00316297,0.00541343,0.05603456
2.090000,0.61082003,-0.08225171,1.47471666,0.01954997,1.66749658,0.62149452,-0.12782485,-0.02026166,-0.02324424,-0.00729311,-0.01248217,-0.12920325,0.05465508,0.00866344,0.00993872,0.00311837,0.00533710,0.05524446
2.100000,0.60954450,-0.08245389,1.47448471,0.01947719,1.66737202,0.62020523,-0.12728268,-0.02017572,-0.02314565,-0.00726217,-0.01242923,-0.12865523,0.05376008,0.00852157,0.00977597,0.00306731,0.00524970,0.05433980
2.110000,0.60827435,-0.08265523,1.47425374,0.01940472,1.66724799,0.61892138,-0.12675001,-0.02009128,-0.02304878,-0.00723178,-0.01237721,-0.12811682,0.05275684,0.00836254,0.00959354,0.00301007,0.00515174,0.05332574
2.120000,0.60700947,-0.08285572,1.47402373,0.01933255,1.66712447,0.61764286,-0.12622789,-0.02000852,-0.02295384,-0.00720199,-0.01232623,-0.12758907,0.05165048,0.00818717,0.00939235,0.00294694,0.00504370,0.05220745
2.130000,0.60574975,-0.08305540,1.47379466,0.01926068,1.66700146,0.61636956,-0.12571733,-0.01992759,-0.02286099,-0.00717286,-0.01227637,-0.12707300,0.05044609,0.00799626,0.00917334,0.00287822,0.00492609,0.05099007
2.140000,0.60449508,-0.08325428,1.47356650,0.01918909,1.66687894,0.61510136,-0.12521928,-0.01984864,-0.02277043,-0.00714444,-0.01222773,-0.12656958,0.04914878,0.00779063,0.00893743,0.00280421,0.00479941,0.04967877
2.150000,0.60324532,-0.08345238,1.47333924,0.01911779,1.66675690,0.61383812,-0.12473465,-0.01977182,-0.02268230,-0.00711679,-0.01218041,-0.12607972,0.04776366,0.00757107,0.00868555,0.00272518,0.00466415,0.04827871
2.160000,0.60200034,-0.08364973,1.47311285,0.01904675,1.66663533,0.61257971,-0.12426428,-0.01969727,-0.02259677,-0.00708996,-0.01213448,-0.12560428,0.04629582,0.00733840,0.00841864,0.00264143,0.00452081,0.04679505
2.170000,0.60075999,-0.08384634,1.47288730,0.01897599,1.66651421,0.61132598,-0.12380899,-0.01962510,-0.02251397,-0.00706398,-0.01209002,-0.12514408,0.04475038,0.00709343,0.00813761,0.00255325,0.00436990,0.04523294
2.180000,0.59952411,-0.08404224,1.47266256,0.01890547,1.66639352,0.61007678,-0.12336952,-0.01955544,-0.02243406,-0.00703890,-0.01204710,-0.12469987,0.04313243,0.00683697,0.00784339,0.00246094,0.00421191,0.04359755
2.190000,0.59829254,-0.08423745,1.47243861,0.01883520,1.66627326,0.60883193,-0.12294656,-0.01948839,-0.02235715,-0.00701477,-0.01200580,-0.12427236,0.04144708,0.00656982,0.00753692,0.00236478,0.00404733,0.04189403
2.200000,0.59706512,-0.08443201,1.47221541,0.01876517,1.66615340,0.60759127,-0.12254078,-0.01942407,-0.02228336,-0.00699162,-0.01196618,-0.12386220,0.03969944,0.00629280,0.00721912,0.00226507,0.00387667,0.04012754
2.210000,0.59584167,-0.08462594,1.47199293,0.01869537,1.66603393,0.60635463,-0.12215277,-0.01936257,-0.02221280,-0.00696948,-0.01192829,-0.12347000,0.03789461,0.00600672,0.00689092,0.00216209,0.00370043,0.03830324
2.220000,0.59462200,-0.08481927,1.47177114,0.01862578,1.66591483,0.60512181,-0.12178306,-0.01930397,-0.02214557,-0.00694839,-0.01189219,-0.12309631,0.03603768,0.00571237,0.00655325,0.00205615,0.00351910,0.03642629
2.230000,0.59340594,-0.08501203,1.47155001,0.01855640,1.66579608,0.60389264,-0.12143217,-0.01924835,-0.02208176,-0.00692837,-0.01185792,-0.12274163,0.03413377,0.00541058,0.00620704,0.00194752,0.00333318,0.03450186
2.240000,0.59219329,-0.08520425,1.47132949,0.01848721,1.66567767,0.60266691,-0.12110053,-0.01919578,-0.02202145,-0.00690945,-0.01182554,-0.12240641,0.03218799,0.00510215,0.00585321,0.00183650,0.00314318,0.03253509
2.250000,0.59098387,-0.08539596,1.47110956,0.01841820,1.66555956,0.60144444,-0.12078853,-0.01914632,-0.02196472,-0.00689164,-0.01179507,-0.12209105,0.03020542,0.00478789,0.00549269,0.00172338,0.00294958,0.03053114
2.260000,0.58977746,-0.08558719,1.47089019,0.01834937,1.66544176,0.60022503,-0.12049652,-0.01910004,-0.02191162,-0.00687498,-0.01176655,-0.12179590,0.02819119,0.00446862,0.00512641,0.00160846,0.00275289,0.02849519
2.270000,0.58857387,-0.08577797,1.47067132,0.01828070,1.66532423,0.59900846,-0.12022480,-0.01905696,-0.02186221,-0.00685948,-0.01174002,-0.12152124,0.02615038,0.00414513,0.00475530,0.00149202,0.00255360,0.02643238
2.280000,0.58737289,-0.08596834,1.47045293,0.01821218,1.66520695,0.59779453,-0.11997359,-0.01901714,-0.02181653,-0.00684515,-0.01171549,-0.12126732,0.02408811,0.00381823,0.00438029,0.00137436,0.00235222,0.02434787
2.290000,0.58617433,-0.08615832,1.47023498,0.01814379,1.66508991,0.59658304,-0.11974309,-0.01898061,-0.02177461,-0.00683200,-0.01169298,-0.12103434,0.02200949,0.00348875,0.00400230,0.00125576,0.00214924,0.02224682
2.300000,0.58497796,-0.08634796,1.47001742,0.01807553,1.66497308,0.59537378,-0.11953344,-0.01894738,-0.02173649,-0.00682003,-0.01167251,-0.12082242,0.01991960,0.00315748,0.00362227,0.00113652,0.00194516,0.02013440
2.310000,0.58378359,-0.08653728,1.46980023,0.01800739,1.66485645,0.59416652,-0.11934472,-0.01891746,-0.02170217,-0.00680927,-0.01165408,-0.12063167,0.01782356,0.00282523,0.00324112,0.00101693,0.00174048,0.01801576
2.320000,0.58259100,-0.08672632,1.46958337,0.01793935,1.66474000,0.59296107,-0.11917697,-0.01889087,-0.02167167,-0.00679970,-0.01163770,-0.12046211,0.01572647,0.00249282,0.00285977,0.00089728,0.00153570,0.01589606
2.330000,0.58139998,-0.08691511,1.46936679,0.01787139,1.66462369,0.59175721,-0.11903017,-0.01886760,-0.02164497,-0.00679132,-0.01162336,-0.12031373,0.01363344,0.00216105,0.00247917,0.00077786,0.00133131,0.01378046
2.340000,0.58021032,-0.08710368,1.46915046,0.01780351,1.66450752,0.59055473,-0.11890427,-0.01884765,-0.02162208,-0.00678414,-0.01161107,-0.12018647,0.01154957,0.00183073,0.00210022,0.00065897,0.00112782,0.01167411
2.350000,0.57902182,-0.08729208,1.46893433,0.01773570,1.66439146,0.58935341,-0.11879914,-0.01883098,-0.02160296,-0.00677814,-0.01160080,-0.12008020,0.00947996,0.00150268,0.00172388,0.00054088,0.00092572,0.00958219
2.360000,0.57783427,-0.08748032,1.46871838,0.01766795,1.66427550,0.58815305,-0.11871460,-0.01881758,-0.02158759,-0.00677332,-0.01159255,-0.11999476,0.00742972,0.00117769,0.00135105,0.00042391,0.00072552,0.00750984
2.370000,0.57664746,-0.08766844,1.46850257,0.01760023,1.66415961,0.58695345,-0.11865046,-0.01880741,-0.02157592,-0.00676966,-0.01158628,-0.11992992,0.00540395,0.00085659,0.00098268,0.00030832,0.00052770,0.00546222
2.380000,0.57546120,-0.08785647,1.46828685,0.01753255,1.66404377,0.58575439,-0.11860643,-0.01880043,-0.02156792,-0.00676714,-0.01158198,-0.11988542,0.00340775,0.00054017,0.00061968,0.00019443,0.00033277,0.00344450
2.390000,0.57427527,-0.08804446,1.46807120,0.01746489,1.66392796,0.58455567,-0.11858219,-0.01879659,-0.02156351,-0.00676576,-0.01157962,-0.11986092,0.00144623,0.00022924,0.00026299,0.00008252,0.00014123,0.00146183
2.400000,0.57308949,-0.08823242,1.46785557,0.01739723,1.66381217,0.58335710,-0.11857737,-0.01879583,-0.02156263,-0.00676549,-0.01157915,-0.11985605,-0.00047550,-0.00007537,-0.00008647,-0.00002713,-0.00004643,-0.00048063
2.410000,0.57190366,-0.08842038,1.46763994,0.01732957,1.66369637,0.58215849,-0.11859155,-0.01879808,-0.02156521,-0.00676629,-0.01158053,-0.11987038,-0.00235235,-0.00037287,-0.00042776,-0.00013421,-0.00022971,-0.00237771
2.420000,0.57071760,-0.08860839,1.46742426,0.01726190,1.66358055,0.58095963,-0.11862425,-0.01880326,-0.02157116,-0.00676816,-0.01158373,-0.11990343,-0.00417920,-0.00066245,-0.00075996,-0.00023845,-0.00040810,-0.00422427
2.430000,0.56953111,-0.08879646,1.46720850,0.01719421,1.66346469,0.57976036,-0.11867495,-0.01881130,-0.02158038,-0.00677105,-0.01158868,-0.11995468,-0.00595097,-0.00094329,-0.00108215,-0.00033954,-0.00058112,-0.00601514
2.440000,0.56834404,-0.08898462,1.46699264,0.01712648,1.66334877,0.57856048,-0.11874307,-0.01882209,-0.02159276,-0.00677494,-0.01159533,-0.12002353,-0.00766253,-0.00121460,-0.00139339,-0.00043719,-0.00074825,-0.00774516
2.450000,0.56715620,-0.08917291,1.46677664,0.01705871,1.66323278,0.57735983,-0.11882798,-0.01883555,-0.02160821,-0.00677978,-0.01160362,-0.12010936,-0.00930879,-0.00147555,-0.00169275,-0.00053112,-0.00090901,-0.00940917
2.460000,0.56596743,-0.08936134,1.46656046,0.01699088,1.66311669,0.57615824,-0.11892901,-0.01885157,-0.02162658,-0.00678555,-0.01161349,-0.12021148,-0.01088464,-0.00172534,-0.00197931,-0.00062103,-0.00106289,-0.01100202
2.470000,0.56477757,-0.08954995,1.46634409,0.01692299,1.66300050,0.57495555,-0.11904542,-0.01887002,-0.02164775,-0.00679219,-0.01162485,-0.12032915,-0.01238499,-0.00196316,-0.00225214,-0.00070663,-0.00120940,-0.01251854
2.480000,0.56358647,-0.08973875,1.46612750,0.01685503,1.66288419,0.57375161,-0.11917644,-0.01889079,-0.02167157,-0.00679967,-0.01163765,-0.12046158,-0.01380472,-0.00218820,-0.00251031,-0.00078763,-0.00134804,-0.01395358
2.490000,0.56239399,-0.08992777,1.46591065,0.01678700,1.66276775,0.57254627,-0.11932123,-0.01891374,-0.02169790,-0.00680793,-0.01165179,-0.12060793,-0.01513873,-0.00239966,-0.00275289,-0.00086375,-0.00147831,-0.01530197
2.500000,0.56120000,-0.09011703,1.46569353,0.01671887,1.66265115,0.57133941,-0.11947891,-0.01893873,-0.02172657,-0.00681692,-0.01166718,-0.12076731,-0.01638191,-0.00259672,-0.00297896,-0.00093468,-0.00159970,-0.01655857
2.510000,0.56000437,-0.09030655,1.46547612,0.01665066,1.66253440,0.57013088,-0.11964855,-0.01896562,-0.02175742,-0.00682660,-0.01168375,-0.12093878,-0.01753039,-0.00277876,-0.00318780,-0.00100020,-0.00171185,-0.01771943
2.520000,0.55880699,-0.09049635,1.46525838,0.01658234,1.66241747,0.56892059,-0.11982921,-0.01899426,-0.02179027,-0.00683691,-0.01170139,-0.12112138,-0.01858514,-0.00294595,-0.00337960,-0.00106038,-0.00181485,-0.01878555
2.530000,0.55760775,-0.09068644,1.46504030,0.01651392,1.66230037,0.56770842,-0.12001995,-0.01902449,-0.02182496,-0.00684779,-0.01172002,-0.12131418,-0.01954834,-0.00309863,-0.00355476,-0.00111534,-0.00190891,-0.01975914
2.540000,0.55640656,-0.09087685,1.46482187,0.01644538,1.66218307,0.56649428,-0.12021988,-0.01905618,-0.02186131,-0.00685920,-0.01173954,-0.12151627,-0.02042219,-0.00323714,-0.00371366,-0.00116520,-0.00199424,-0.02064241
2.550000,0.55520333,-0.09106757,1.46460307,0.01637673,1.66206557,0.56527807,-0.12042810,-0.01908919,-0.02189918,-0.00687108,-0.01175987,-0.12172674,-0.02120889,-0.00336184,-0.00385672,-0.00121008,-0.00207106,-0.02143759
2.560000,0.55399798,-0.09125863,1.46438389,0.01630796,1.66194787,0.56405972,-0.12064377,-0.01912338,-0.02193840,-0.00688339,-0.01178093,-0.12194473,-0.02191062,-0.00347308,-0.00398432,-0.00125012,-0.00213958,-0.02214689
2.570000,0.55279043,-0.09145004,1.46416430,0.01623906,1.66182995,0.56283915,-0.12086604,-0.01915861,-0.02197881,-0.00689607,-0.01180264,-0.12216940,-0.02252957,-0.00357119,-0.00409688,-0.00128544,-0.00220003,-0.02277252
2.580000,0.55158064,-0.09164181,1.46394431,0.01617003,1.66171182,0.56161631,-0.12109409,-0.01919476,-0.02202029,-0.00690908,-0.01182491,-0.12239991,-0.02306795,-0.00365653,-0.00419478,-0.00131615,-0.00225260,-0.02331670
2.590000,0.55036853,-0.09183394,1.46372389,0.01610088,1.66159345,0.56039114,-0.12132714,-0.01923170,-0.02206266,-0.00692238,-0.01184766,-0.12263547,-0.02352794,-0.00372944,-0.00427842,-0.00134240,-0.00229752,-0.02378165
2.600000,0.54915408,-0.09202644,1.46350305,0.01603159,1.66147486,0.55916359,-0.12156440,-0.01926931,-0.02210581,-0.00693591,-0.01187083,-0.12287529,-0.02391173,-0.00379027,-0.00434821,-0.00136429,-0.00233499,-0.02416958
2.610000,0.54793723,-0.09221933,1.46328177,0.01596216,1.66135604,0.55793362,-0.12180513,-0.01930746,-0.02214958,-0.00694965,-0.01189434,-0.12311861,-0.02422152,-0.00383938,-0.00440455,-0.00138197,-0.00236525,-0.02448271
2.620000,0.54671797,-0.09241259,1.46306006,0.01589259,1.66123697,0.55670121,-0.12204859,-0.01934606,-0.02219385,-0.00696354,-0.01191811,-0.12336470,-0.02445949,-0.00387710,-0.00444782,-0.00139555,-0.00238848,-0.02472325
2.630000,0.54549626,-0.09260625,1.46283790,0.01582289,1.66111767,0.55546632,-0.12229408,-0.01938497,-0.02223850,-0.00697754,-0.01194209,-0.12361284,-0.02462785,-0.00390379,-0.00447844,-0.00140515,-0.00240492,-0.02489342
2.640000,0.54427208,-0.09280029,1.46261529,0.01575304,1.66099813,0.55422894,-0.12254092,-0.01942410,-0.02228338,-0.00699163,-0.01196619,-0.12386234,-0.02472878,-0.00391979,-0.00449679,-0.00141091,-0.00241478,-0.02499544
2.650000,0.54304543,-0.09299473,1.46239223,0.01568306,1.66087835,0.55298907,-0.12278844,-0.01946333,-0.02232839,-0.00700575,-0.01199036,-0.12411253,-0.02476447,-0.00392544,-0.00450328,-0.00141295,-0.00241826,-0.02503152
2.660000,0.54181631,-0.09318956,1.46216872,0.01561293,1.66075832,0.55174669,-0.12303600,-0.01950257,-0.02237341,-0.00701988,-0.01201454,-0.12436276,-0.02473712,-0.00392111,-0.00449831,-0.00141139,-0.00241559,-0.02500388
2.670000,0.54058472,-0.09338478,1.46194476,0.01554266,1.66063806,0.55050182,-0.12328298,-0.01954172,-0.02241832,-0.00703397,-0.01203865,-0.12461240,-0.02464892,-0.00390713,-0.00448227,-0.00140636,-0.00240698,-0.02491472
2.680000,0.53935066,-0.09358040,1.46172035,0.01547225,1.66051755,0.54925445,-0.12352879,-0.01958068,-0.02246302,-0.00704799,-0.01206266,-0.12486085,-0.02450207,-0.00388385,-0.00445556,-0.00139798,-0.00239264,-0.02476628
2.690000,0.53811415,-0.09377640,1.46149550,0.01540170,1.66039681,0.54800461,-0.12377284,-0.01961937,-0.02250740,-0.00706192,-0.01208649,-0.12510754,-0.02429874,-0.00385162,-0.00441859,-0.00138638,-0.00237279,-0.02456077
2.700000,0.53687521,-0.09397278,1.46127021,0.01533101,1.66027582,0.54675231,-0.12401458,-0.01965769,-0.02255136,-0.00707571,-0.01211009,-0.12535189,-0.02404114,-0.00381079,-0.00437175,-0.00137168,-0.00234763,-0.02430039
2.710000,0.53563386,-0.09416955,1.46104448,0.01526018,1.66015460,0.54549758,-0.12425348,-0.01969556,-0.02259480,-0.00708934,-0.01213342,-0.12559337,-0.02373146,-0.00376170,-0.00431543,-0.00135401,-0.00231739,-0.02398737
2.720000,0.53439015,-0.09436669,1.46081831,0.01518922,1.66003316,0.54424045,-0.12448904,-0.01973289,-0.02263764,-0.00710278,-0.01215643,-0.12583147,-0.02337189,-0.00370470,-0.00425005,-0.00133349,-0.00228228,-0.02362392
2.730000,0.53314410,-0.09456420,1.46059173,0.01511813,1.65991148,0.54298096,-0.12472076,-0.01976962,-0.02267977,-0.00711600,-0.01217905,-0.12606569,-0.02296462,-0.00364015,-0.00417599,-0.00131026,-0.00224251,-0.02321226
2.740000,0.53189575,-0.09476208,1.46036472,0.01504690,1.65978958,0.54171915,-0.12494818,-0.01980567,-0.02272113,-0.00712898,-0.01220126,-0.12629556,-0.02251185,-0.00356838,-0.00409365,-0.00128442,-0.00219829,-0.02275461
2.750000,0.53064515,-0.09496031,1.46013731,0.01497555,1.65966745,0.54045507,-0.12517086,-0.01984097,-0.02276162,-0.00714168,-0.01222301,-0.12652063,-0.02201576,-0.00348974,-0.00400344,-0.00125612,-0.00214985,-0.02225317
2.760000,0.52939235,-0.09515890,1.45990949,0.01490407,1.65954512,0.53918876,-0.12538836,-0.01987545,-0.02280117,-0.00715409,-0.01224424,-0.12674048,-0.02147856,-0.00340459,-0.00390576,-0.00122547,-0.00209739,-0.02171017
2.770000,0.52813740,-0.09535782,1.45968129,0.01483247,1.65942257,0.53792028,-0.12560030,-0.01990904,-0.02283971,-0.00716618,-0.01226494,-0.12695471,-0.02090242,-0.00331327,-0.00380099,-0.00119260,-0.00204113,-0.02112782
2.780000,0.52688036,-0.09555708,1.45945270,0.01476075,1.65929982,0.53664968,-0.12580629,-0.01994169,-0.02287717,-0.00717794,-0.01228506,-0.12716292,-0.02028955,-0.00321612,-0.00368954,-0.00115763,-0.00198129,-0.02050834
2.790000,0.52562130,-0.09575665,1.45922375,0.01468891,1.65917687,0.53537704,-0.12600597,-0.01997334,-0.02291348,-0.00718933,-0.01230455,-0.12736476,-0.01964213,-0.00311350,-0.00357181,-0.00112069,-0.00191807,-0.01985395
2.800000,0.52436026,-0.09595654,1.45899443,0.01461696,1.65905373,0.53410241,-0.12619902,-0.02000394,-0.02294859,-0.00720034,-0.01232341,-0.12755989,-0.01896237,-0.00300575,-0.00344820,-0.00108191,-0.00185169,-0.01916685
2.810000,0.52309734,-0.09615673,1.45876478,0.01454491,1.65893041,0.53282586,-0.12638512,-0.02003344,-0.02298243,-0.00721096,-0.01234158,-0.12774799,-0.01825244,-0.00289321,-0.00331910,-0.00104140,-0.00178236,-0.01844927
2.820000,0.52183259,-0.09635720,1.45853479,0.01447275,1.65880690,0.53154747,-0.12656398,-0.02006179,-0.02301495,-0.00722117,-0.01235904,-0.12792878,-0.01751455,-0.00277625,-0.00318492,-0.00099930,-0.00171031,-0.01770341
2.830000,0.52056608,-0.09655796,1.45830448,0.01440049,1.65868323,0.53026731,-0.12673532,-0.02008895,-0.02304611,-0.00723094,-0.01237578,-0.12810197,-0.01675088,-0.00265520,-0.00304605,-0.00095573,-0.00163573,-0.01693151
2.840000,0.51929791,-0.09675898,1.45807387,0.01432813,1.65855939,0.52898546,-0.12689892,-0.02011489,-0.02307586,-0.00724028,-0.01239175,-0.12826733,-0.01596362,-0.00253041,-0.00290290,-0.00091081,-0.00155886,-0.01613577
2.850000,0.51802813,-0.09696025,1.45784297,0.01425568,1.65843539,0.52770199,-0.12705453,-0.02013955,-0.02310416,-0.00724915,-0.01240695,-0.12842462,-0.01515498,-0.00240223,-0.00275585,-0.00086467,-0.00147989,-0.01531840
2.860000,0.51675684,-0.09716177,1.45761179,0.01418315,1.65831125,0.52641700,-0.12720195,-0.02016292,-0.02313096,-0.00725757,-0.01242134,-0.12857363,-0.01432714,-0.00227101,-0.00260531,-0.00081744,-0.00139905,-0.01448163
2.870000,0.51548412,-0.09736351,1.45738036,0.01411053,1.65818697,0.52513055,-0.12734101,-0.02018496,-0.02315625,-0.00726550,-0.01243492,-0.12871419,-0.01348229,-0.00213709,-0.00245168,-0.00076924,-0.00131655,-0.01362768
2.880000,0.51421005,-0.09756546,1.45714867,0.01403784,1.65806256,0.52384274,-0.12747155,-0.02020565,-0.02317999,-0.00727295,-0.01244767,-0.12884613,-0.01262263,-0.00200083,-0.00229535,-0.00072019,-0.00123261,-0.01275874
2.890000,0.51293472,-0.09776761,1.45691676,0.01396507,1.65793802,0.52255366,-0.12759342,-0.02022497,-0.02320215,-0.00727990,-0.01245957,-0.12896932,-0.01175034,-0.00186256,-0.00213673,-0.00067042,-0.00114743,-0.01187705
2.900000,0.51165821,-0.09796995,1.45668464,0.01389224,1.65781337,0.52126338,-0.12770652,-0.02024290,-0.02322272,-0.00728635,-0.01247061,-0.12908364,-0.01086763,-0.00172264,-0.00197622,-0.00062006,-0.00106123,-0.01098482
2.910000,0.51038062,-0.09817247,1.45645231,0.01381935,1.65768861,0.51997201,-0.12781075,-0.02025942,-0.02324167,-0.00729230,-0.01248079,-0.12918899,-0.00997668,-0.00158141,-0.00181420,-0.00056922,-0.00097423,-0.01008426
2.920000,0.50910203,-0.09837514,1.45621981,0.01374640,1.65756376,0.51867963,-0.12790603,-0.02027452,-0.02325900,-0.00729774,-0.01249010,-0.12928531,-0.00907968,-0.00143923,-0.00165109,-0.00051805,-0.00088664,-0.00917759
2.930000,0.50782253,-0.09857795,1.45598714,0.01367340,1.65743881,0.51738634,-0.12799233,-0.02028820,-0.02327469,-0.00730266,-0.01249852,-0.12937253,-0.00817883,-0.00129644,-0.00148728,-0.00046665,-0.00079867,-0.00826703
2.940000,0.50654221,-0.09878090,1.45575432,0.01360035,1.65731379,0.51609221,-0.12806960,-0.02030045,-0.02328874,-0.00730707,-0.01250607,-0.12945064,-0.00727632,-0.00115338,-0.00132316,-0.00041515,-0.00071054,-0.00735479
2.950000,0.50526117,-0.09898396,1.45552137,0.01352726,1.65718869,0.51479735,-0.12813786,-0.02031127,-0.02330115,-0.00731096,-0.01251273,-0.12951963,-0.00637434,-0.00101040,-0.00115914,-0.00036369,-0.00062246,-0.00644308
2.960000,0.50397948,-0.09918712,1.45528830,0.01345413,1.65706354,0.51350185,-0.12819710,-0.02032066,-0.02331193,-0.00731434,-0.01251852,-0.12957951,-0.00547509,-0.00086786,-0.00099561,-0.00031238,-0.00053465,-0.00553413
2.970000,0.50269725,-0.09939037,1.45505514,0.01338097,1.65693833,0.51220579,-0.12824737,-0.02032863,-0.02332107,-0.00731721,-0.01252343,-0.12963033,-0.00458075,-0.00072610,-0.00083298,-0.00026136,-0.00044731,-0.00463015
2.980000,0.50141457,-0.09959369,1.45482189,0.01330779,1.65681307,0.51090927,-0.12828874,-0.02033519,-0.02332859,-0.00731957,-0.01252747,-0.12967214,-0.00369352,-0.00058546,-0.00067165,-0.00021074,-0.00036067,-0.00373335
2.990000,0.50013151,-0.09979707,1.45458857,0.01323458,1.65668778,0.50961238,-0.12832128,-0.02034035,-0.02333451,-0.00732143,-0.01253065,-0.12970503,-0.00281559,-0.00044630,-0.00051200,-0.00016064,-0.00027494,-0.00284595
3.000000,0.49884817,-0.10000049,1.45435520,0.01316136,1.65656246,0.50831520,-0.12834509,-0.02034412,-0.02333884,-0.00732279,-0.01253297,-0.12972910,-0.00194915,-0.00030896,-0.00035444,-0.00011121,-0.00019034,-0.00197017
3.010000,0.49756463,-0.10020394,1.45412180,0.01308813,1.65643712,0.50701783,-0.12836030,-0.02034653,-0.02334160,-0.00732366,-0.01253446,-0.12974448,-0.00109640,-0.00017379,-0.00019937,-0.00006256,-0.00010706,-0.00110822
3.020000,0.49628099,-0.10040742,1.45388838,0.01301489,1.65631177,0.50572034,-0.12836707,-0.02034760,-0.02334284,-0.00732404,-0.01253512,-0.12975131,-0.00025952,-0.00004114,-0.00004719,-0.00001481,-0.00002534,-0.00026232
3.030000,0.49499732,-0.10061089,1.45365495,0.01294165,1.65618642,0.50442283,-0.12836556,-0.02034736,-0.02334256,-0.00732396,-0.01253497,-0.12974978,0.00055929,0.00008865,0.00010170,0.00003191,0.00005461,0.00056532
3.040000,0.49371371,-0.10081436,1.45342153,0.01286841,1.65606108,0.50312537,-0.12835595,-0.02034584,-0.02334081,-0.00732341,-0.01253403,-0.12974008,0.00135783,0.00021523,0.00024691,0.00007747,0.00013259,0.00137247
3.050000,0.49243023,-0.10101780,1.45318814,0.01279518,1.65593575,0.50182806,-0.12833847,-0.02034307,-0.02333763,-0.00732241,-0.01253232,-0.12972241,0.00213392,0.00033825,0.00038804,0.00012175,0.00020838,0.00215693
3.060000,0.49114696,-0.10122122,1.45295478,0.01272196,1.65581043,0.50053095,-0.12831336,-0.02033909,-0.02333307,-0.00732098,-0.01252987,-0.12969702,0.00288537,0.00045736,0.00052469,0.00016463,0.00028176,0.00291648
3.070000,0.48986399,-0.10142458,1.45272148,0.01264876,1.65568515,0.49923414,-0.12828086,-0.02033394,-0.02332716,-0.00731912,-0.01252670,-0.12966417,0.00360998,0.00057222,0.00065645,0.00020597,0.00035252,0.00364891
3.080000,0.48858137,-0.10162789,1.45248824,0.01257558,1.65555990,0.49793769,-0.12824125,-0.02032766,-0.02331996,-0.00731686,-0.01252283,-0.12962414,0.00430556,0.00068248,0.00078294,0.00024566,0.00042044,0.00435198
3.090000,0.48729918,-0.10183113,1.45225508,0.01250243,1.65543470,0.49664168,-0.12819485,-0.02032031,-0.02331152,-0.00731422,-0.01251830,-0.12957724,0.00496991,0.00078779,0.00090375,0.00028356,0.00048531,0.00502350
3.100000,0.48601749,-0.10203429,1.45202202,0.01242930,1.65530954,0.49534617,-0.12814197,-0.02031192,-0.02330190,-0.00731120,-0.01251314,-0.12952378,0.00560085,0.00088780,0.00101848,0.00031956,0.00054693,0.00566125
3.110000,0.48473636,-0.10223737,1.45178905,0.01235620,1.65518443,0.49405122,-0.12808295,-0.02030257,-0.02329117,-0.00730783,-0.01250737,-0.12946413,0.00619618,0.00098216,0.00112674,0.00035353,0.00060506,0.00626300
3.120000,0.48345585,-0.10244034,1.45155620,0.01228314,1.65505939,0.49275691,-0.12801817,-0.02029230,-0.02327939,-0.00730413,-0.01250105,-0.12939865,0.00675372,0.00107054,0.00122813,0.00038534,0.00065950,0.00682655
3.130000,0.48217602,-0.10264321,1.45132346,0.01221012,1.65493442,0.49146327,-0.12794801,-0.02028118,-0.02326663,-0.00730013,-0.01249420,-0.12932773,0.00727133,0.00115259,0.00132225,0.00041487,0.00071005,0.00734974
3.140000,0.48089691,-0.10284596,1.45109087,0.01213714,1.65480951,0.49017037,-0.12787288,-0.02026927,-0.02325297,-0.00729585,-0.01248686,-0.12925179,0.00774838,0.00122820,0.00140900,0.00044209,0.00075663,0.00783193
3.150000,0.47961858,-0.10304859,1.45085841,0.01206421,1.65468468,0.48887825,-0.12779317,-0.02025664,-0.02323848,-0.00729130,-0.01247908,-0.12917123,0.00818574,0.00129753,0.00148853,0.00046704,0.00079934,0.00827401
3.160000,0.47834106,-0.10325109,1.45062610,0.01199132,1.65455993,0.48758696,-0.12770929,-0.02024334,-0.02322322,-0.00728651,-0.01247088,-0.12908644,0.00858435,0.00136071,0.00156102,0.00048978,0.00083827,0.00867691
3.170000,0.47706440,-0.10345346,1.45039395,0.01191848,1.65443526,0.48629653,-0.12762161,-0.02022944,-0.02320728,-0.00728151,-0.01246232,-0.12899782,0.00894513,0.00141790,0.00162662,0.00051037,0.00087350,0.00904159
3.180000,0.47578864,-0.10365568,1.45016196,0.01184569,1.65431068,0.48500701,-0.12753051,-0.02021500,-0.02319071,-0.00727631,-0.01245343,-0.12890573,0.00926902,0.00146924,0.00168552,0.00052885,0.00090512,0.00936897
3.190000,0.47451380,-0.10385776,1.44993013,0.01177295,1.65418620,0.48371843,-0.12743635,-0.02020008,-0.02317359,-0.00727094,-0.01244423,-0.12881056,0.00955695,0.00151488,0.00173788,0.00054528,0.00093324,0.00966001
3.200000,0.47323992,-0.10405968,1.44969849,0.01170027,1.65406180,0.48243081,-0.12733949,-0.02018472,-0.02315598,-0.00726541,-0.01243477,-0.12871265,0.00980986,0.00155497,0.00178387,0.00055971,0.00095794,0.00991564
3.210000,0.47196702,-0.10426145,1.44946702,0.01162764,1.65393750,0.48114418,-0.12724027,-0.02016899,-0.02313793,-0.00725975,-0.01242508,-0.12861236,0.01002867,0.00158966,0.00182366,0.00057219,0.00097931,0.01013681
3.220000,0.47069512,-0.10446306,1.44923573,0.01155508,1.65381330,0.47985857,-0.12713903,-0.02015295,-0.02311952,-0.00725398,-0.01241520,-0.12851003,0.01021432,0.00161908,0.00185742,0.00058278,0.00099743,0.01032447
3.230000,0.46942425,-0.10466451,1.44900463,0.01148256,1.65368920,0.47857399,-0.12703609,-0.02013663,-0.02310080,-0.00724810,-0.01240515,-0.12840598,0.01036774,0.00164340,0.00188532,0.00059154,0.00101242,0.01047954
3.240000,0.46815441,-0.10486579,1.44877371,0.01141011,1.65356520,0.47729046,-0.12693178,-0.02012009,-0.02308183,-0.00724215,-0.01239496,-0.12830054,0.01048987,0.00166276,0.00190752,0.00059850,0.00102434,0.01060298
3.250000,0.46688561,-0.10506691,1.44854299,0.01133772,1.65344130,0.47600798,-0.12682639,-0.02010339,-0.02306267,-0.00723614,-0.01238467,-0.12819402,0.01058163,0.00167731,0.00192421,0.00060374,0.00103330,0.01069573
3.260000,0.46561788,-0.10526786,1.44831246,0.01126539,1.65331750,0.47472658,-0.12672024,-0.02008656,-0.02304337,-0.00723008,-0.01237430,-0.12808673,0.01064396,0.00168719,0.00193554,0.00060730,0.00103939,0.01075874
3.270000,0.46435121,-0.10546864,1.44808212,0.01119312,1.65319381,0.47344625,-0.12661361,-0.02006966,-0.02302398,-0.00722400,-0.01236389,-0.12797895,0.01067779,0.00169255,0.00194170,0.00060923,0.00104269,0.01079293
3.280000,0.46308561,-0.10566925,1.44785198,0.01112091,1.65307023,0.47216700,-0.12650678,-0.02005273,-0.02300455,-0.00721790,-0.01235346,-0.12787096,0.01068405,0.00169354,0.00194283,0.00060958,0.00104330,0.01079926
3.290000,0.46182108,-0.10586969,1.44762203,0.01104876,1.65294674,0.47088883,-0.12640002,-0.02003580,-0.02298514,-0.00721181,-0.01234303,-0.12776305,0.01066368,0.00169031,0.00193913,0.00060842,0.00104131,0.01077867
3.300000,0.46055761,-0.10606997,1.44739228,0.01097667,1.65282337,0.46961174,-0.12629359,-0.02001893,-0.02296578,-0.00720574,-0.01233264,-0.12765547,0.01061761,0.00168301,0.00193075,0.00060579,0.00103682,0.01073210
3.310000,0.45929520,-0.10627007,1.44716272,0.01090465,1.65270009,0.46833572,-0.12618775,-0.02000216,-0.02294654,-0.00719970,-0.01232231,-0.12754849,0.01054677,0.00167178,0.00191787,0.00060175,0.00102990,0.01066050
3.320000,0.45803385,-0.10647001,1.44693335,0.01083268,1.65257692,0.46706076,-0.12608273,-0.01998551,-0.02292744,-0.00719371,-0.01231205,-0.12744234,0.01045209,0.00165677,0.00190065,0.00059635,0.00102065,0.01056480
3.330000,0.45677354,-0.10666978,1.44670417,0.01076077,1.65245385,0.46578687,-0.12597878,-0.01996903,-0.02290854,-0.00718778,-0.01230190,-0.12733727,0.01033451,0.00163813,0.00187927,0.00058964,0.00100917,0.01044595
3.340000,0.45551427,-0.10686939,1.44647517,0.01068892,1.65233088,0.46451402,-0.12587612,-0.01995276,-0.02288987,-0.00718192,-0.01229187,-0.12723350,0.01019496,0.00161601,0.00185390,0.00058168,0.00099554,0.01030489
3.350000,0.45425602,-0.10706884,1.44624637,0.01061713,1.65220801,0.46324219,-0.12577495,-0.01993673,-0.02287147,-0.00717615,-0.01228200,-0.12713125,0.01003436,0.00159056,0.00182469,0.00057252,0.00097986,0.01014257
3.360000,0.45299877,-0.10726813,1.44601774,0.01054540,1.65208524,0.46197138,-0.12567550,-0.01992096,-0.02285339,-0.00717047,-0.01227228,-0.12703072,0.00985367,0.00156192,0.00179183,0.00056221,0.00096222,0.00995992
3.370000,0.45174250,-0.10746726,1.44578930,0.01047372,1.65196257,0.46070157,-0.12557794,-0.01990550,-0.02283565,-0.00716491,-0.01226276,-0.12693211,0.00965379,0.00153023,0.00175549,0.00055080,0.00094270,0.00975789
3.380000,0.45048720,-0.10766624,1.44556103,0.01040210,1.65183998,0.45943274,-0.12548248,-0.01989037,-0.02281829,-0.00715946,-0.01225344,-0.12683562,0.00943568,0.00149566,0.00171583,0.00053836,0.00092140,0.00953743
3.390000,0.44923284,-0.10786507,1.44533293,0.01033053,1.65171750,0.45816485,-0.12538929,-0.01987559,-0.02280134,-0.00715414,-0.01224434,-0.12674142,0.00920025,0.00145834,0.00167301,0.00052492,0.00089841,0.00929946
3.400000,0.44797941,-0.10806375,1.44510500,0.01025902,1.65159510,0.45689790,-0.12529853,-0.01986121,-0.02278484,-0.00714896,-0.01223547,-0.12664969,0.00894845,0.00141843,0.00162723,0.00051056,0.00087382,0.00904495
3.410000,0.44672686,-0.10826229,1.44487723,0.01018756,1.65147279,0.45563185,-0.12521037,-0.01984723,-0.02276881,-0.00714393,-0.01222686,-0.12656057,0.00868121,0.00137607,0.00157863,0.00049531,0.00084772,0.00877482
3.420000,0.44547519,-0.10846070,1.44464962,0.01011614,1.65135056,0.45436668,-0.12512496,-0.01983369,-0.02275327,-0.00713906,-0.01221852,-0.12647424,0.00839945,0.00133141,0.00152739,0.00047923,0.00082021,0.00849003
3.430000,0.44422435,-0.10865897,1.44442217,0.01004477,1.65122841,0.45310235,-0.12504243,-0.01982061,-0.02273827,-0.00713435,-0.01221046,-0.12639082,0.00810412,0.00128459,0.00147369,0.00046238,0.00079137,0.00819151
3.440000,0.44297433,-0.10885711,1.44419486,0.00997345,1.65110635,0.45183885,-0.12496292,-0.01980801,-0.02272381,-0.00712982,-0.01220270,-0.12631045,0.00779613,0.00123577,0.00141768,0.00044481,0.00076130,0.00788020
3.450000,0.44172509,-0.10905513,1.44396769,0.00990218,1.65098436,0.45057614,-0.12488654,-0.01979590,-0.02270992,-0.00712546,-0.01219524,-0.12623325,0.00747644,0.00118510,0.00135955,0.00042657,0.00073008,0.00755706
3.460000,0.44047659,-0.10925303,1.44374066,0.00983094,1.65086244,0.44931418,-0.12481342,-0.01978431,-0.02269662,-0.00712129,-0.01218810,-0.12615935,0.00714596,0.00113271,0.00129945,0.00040772,0.00069781,0.00722302
3.470000,0.43922881,-0.10945082,1.44351375,0.00975975,1.65074060,0.44805294,-0.12474366,-0.01977325,-0.02268394,-0.00711731,-0.01218129,-0.12608883,0.00680563,0.00107877,0.00123757,0.00038830,0.00066457,0.00687902
3.480000,0.43798170,-0.10964850,1.44328698,0.00968860,1.65061882,0.44679239,-0.12467734,-0.01976274,-0.02267188,-0.00711352,-0.01217481,-0.12602180,0.00645638,0.00102341,0.00117406,0.00036837,0.00063047,0.00652601
3.490000,0.43673525,-0.10984608,1.44306031,0.00961748,1.65049710,0.44553249,-0.12461456,-0.01975279,-0.02266046,-0.00710994,-0.01216868,-0.12595833,0.00609916,0.00096678,0.00110910,0.00034799,0.00059559,0.00616493
3.500000,0.43548940,-0.11004356,1.44283376,0.00954640,1.65037544,0.44427321,-0.12455538,-0.01974341,-0.02264970,-0.00710656,-0.01216290,-0.12589852,0.00573487,0.00090904,0.00104285,0.00032721,0.00056001,0.00579672
3.510000,0.43424413,-0.11024095,1.44260732,0.00947535,1.65025384,0.44301451,-0.12449988,-0.01973461,-0.02263961,-0.00710340,-0.01215748,-0.12584242,0.00536447,0.00085033,0.00097550,0.00030607,0.00052384,0.00542232
3.520000,0.43299939,-0.11043825,1.44238097,0.00940433,1.65013229,0.44175635,-0.12444811,-0.01972641,-0.02263019,-0.00710044,-0.01215243,-0.12579009,0.00498889,0.00079079,0.00090720,0.00028464,0.00048717,0.00504268
3.530000,0.43175515,-0.11063548,1.44215471,0.00933334,1.65001079,0.44049869,-0.12440012,-0.01971880,-0.02262147,-0.00709771,-0.01214774,-0.12574158,0.00460904,0.00073058,0.00083813,0.00026297,0.00045008,0.00465875
3.540000,0.43051138,-0.11083263,1.44192854,0.00926237,1.64988933,0.43924150,-0.12435594,-0.01971180,-0.02261343,-0.00709518,-0.01214343,-0.12569693,0.00422588,0.00066985,0.00076845,0.00024111,0.00041266,0.00427145
3.550000,0.42926802,-0.11102971,1.44170244,0.00919143,1.64976792,0.43798474,-0.12431561,-0.01970540,-0.02260610,-0.00709288,-0.01213949,-0.12565616,0.00384033,0.00060873,0.00069834,0.00021911,0.00037501,0.00388174
3.560000,0.42802505,-0.11122674,1.44147641,0.00912051,1.64964654,0.43672837,-0.12427914,-0.01969962,-0.02259947,-0.00709080,-0.01213593,-0.12561930,0.00345332,0.00054739,0.00062797,0.00019703,0.00033722,0.00349056
3.570000,0.42678243,-0.11142371,1.44125045,0.00904962,1.64952520,0.43547234,-0.12424654,-0.01969445,-0.02259354,-0.00708894,-0.01213275,-0.12558635,0.00306578,0.00048596,0.00055750,0.00017492,0.00029938,0.00309884
3.580000,0.42554011,-0.11162063,1.44102454,0.00897874,1.64940389,0.43421663,-0.12421782,-0.01968990,-0.02258832,-0.00708730,-0.01212994,-0.12555732,0.00267866,0.00042460,0.00048710,0.00015283,0.00026157,0.00270754
3.590000,0.42429806,-0.11181751,1.44079868,0.00890787,1.64928260,0.43296118,-0.12419296,-0.01968596,-0.02258380,-0.00708589,-0.01212751,-0.12553220,0.00229287,0.00036345,0.00041695,0.00013082,0.00022390,0.00231759
3.600000,0.42305623,-0.11201435,1.44057286,0.00883702,1.64916134,0.43170597,-0.12417195,-0.01968263,-0.02257998,-0.00708469,-0.01212546,-0.12551096,0.00190936,0.00030265,0.00034721,0.00010894,0.00018645,0.00192995
3.610000,0.42181460,-0.11221116,1.44034708,0.00876617,1.64904009,0.43045095,-0.12415477,-0.01967991,-0.02257685,-0.00708371,-0.01212378,-0.12549359,0.00152905,0.00024237,0.00027805,0.00008724,0.00014931,0.00154554
3.620000,0.42057313,-0.11240795,1.44012132,0.00869534,1.64891886,0.42919608,-0.12414136,-0.01967778,-0.02257441,-0.00708294,-0.01212247,-0.12548004,0.00115288,0.00018274,0.00020964,0.00006578,0.00011258,0.00116531
3.630000,0.41933176,-0.11260472,1.43989559,0.00862452,1.64879764,0.42794134,-0.12413169,-0.01967625,-0.02257266,-0.00708239,-0.01212153,-0.12547026,0.00078178,0.00012392,0.00014216,0.00004460,0.00007634,0.00079021
3.640000,0.41809048,-0.11280148,1.43966987,0.00855369,1.64867643,0.42668667,-0.12412570,-0.01967530,-0.02257157,-0.00708205,-0.01212095,-0.12546421,0.00041668,0.00006605,0.00007577,0.00002377,0.00004069,0.00042118
3.650000,0.41684924,-0.11299823,1.43944415,0.00848287,1.64855522,0.42543204,-0.12412333,-0.01967493,-0.02257114,-0.00708191,-0.01212071,-0.12546182,0.00005852,0.00000928,0.00001064,0.00000334,0.00000571,0.00005915
3.660000,0.41560800,-0.11319498,1.43921844,0.00841205,1.64843401,0.42417742,-0.12412451,-0.01967511,-0.02257135,-0.00708198,-0.01212083,-0.12546300,-0.00029177,-0.00004625,-0.00005306,-0.00001665,-0.00002849,-0.00029492
3.670000,0.41436674,-0.11339173,1.43899273,0.00834123,1.64831280,0.42292277,-0.12412914,-0.01967585,-0.02257219,-0.00708224,-0.01212128,-0.12546768,-0.00063327,-0.00010038,-0.00011516,-0.00003613,-0.00006184,-0.00064009
3.680000,0.41312541,-0.11358850,1.43876700,0.00827041,1.64819158,0.42166805,-0.12413714,-0.01967711,-0.02257365,-0.00708270,-0.01212206,-0.12547577,-0.00096503,-0.00015297,-0.00017548,-0.00005506,-0.00009424,-0.00097543
3.690000,0.41188398,-0.11378528,1.43854125,0.00819958,1.64807036,0.42041324,-0.12414841,-0.01967890,-0.02257569,-0.00708334,-0.01212316,-0.12548716,-0.00128612,-0.00020386,-0.00023387,-0.00007338,-0.00012559,-0.00129999
3.700000,0.41064243,-0.11398208,1.43831548,0.00812874,1.64794912,0.41915830,-0.12416282,-0.01968118,-0.02257832,-0.00708417,-0.01212457,-0.12550173,-0.00159562,-0.00025292,-0.00029015,-0.00009104,-0.00015581,-0.00161282
3.710000,0.40940072,-0.11417890,1.43808968,0.00805789,1.64782787,0.41790320,-0.12418028,-0.01968395,-0.02258149,-0.00708516,-0.01212627,-0.12551937,-0.00189258,-0.00030000,-0.00034416,-0.00010798,-0.00018481,-0.00191299
3.720000,0.40815881,-0.11437576,1.43786385,0.00798704,1.64770659,0.41664790,-0.12420063,-0.01968718,-0.02258519,-0.00708632,-0.01212826,-0.12553995,-0.00217609,-0.00034493,-0.00039571,-0.00012416,-0.00021250,-0.00219955
3.730000,0.40691669,-0.11457265,1.43763798,0.00791617,1.64758530,0.41539239,-0.12422375,-0.01969084,-0.02258940,-0.00708764,-0.01213052,-0.12556331,-0.00244520,-0.00038759,-0.00044465,-0.00013951,-0.00023877,-0.00247156
3.740000,0.40567433,-0.11476958,1.43741206,0.00784528,1.64746398,0.41413663,-0.12424948,-0.01969492,-0.02259408,-0.00708911,-0.01213303,-0.12558933,-0.00269898,-0.00042782,-0.00049079,-0.00015399,-0.00026356,-0.00272808
3.750000,0.40443170,-0.11496655,1.43718609,0.00777439,1.64734264,0.41288059,-0.12427768,-0.01969939,-0.02259920,-0.00709072,-0.01213579,-0.12561782,-0.00293650,-0.00046547,-0.00053399,-0.00016754,-0.00028675,-0.00296816
3.760000,0.40318877,-0.11516356,1.43696007,0.00770347,1.64722127,0.41162426,-0.12430816,-0.01970422,-0.02260474,-0.00709246,-0.01213876,-0.12564863,-0.00315704,-0.00050043,-0.00057409,-0.00018013,-0.00030829,-0.00319109
3.770000,0.40194553,-0.11536063,1.43673400,0.00763254,1.64709986,0.41036761,-0.12434076,-0.01970939,-0.02261067,-0.00709432,-0.01214195,-0.12568159,-0.00336077,-0.00053272,-0.00061114,-0.00019175,-0.00032818,-0.00339701
3.780000,0.40070195,-0.11555775,1.43650786,0.00756158,1.64697843,0.40911063,-0.12437532,-0.01971487,-0.02261696,-0.00709629,-0.01214532,-0.12571652,-0.00354806,-0.00056241,-0.00064519,-0.00020244,-0.00034647,-0.00358632
3.790000,0.39945801,-0.11575493,1.43628166,0.00749061,1.64685696,0.40785328,-0.12441167,-0.01972063,-0.02262357,-0.00709836,-0.01214887,-0.12575326,-0.00371927,-0.00058955,-0.00067633,-0.00021220,-0.00036319,-0.00375938
3.800000,0.39821371,-0.11595217,1.43605539,0.00741962,1.64673545,0.40659555,-0.12444965,-0.01972665,-0.02263047,-0.00710053,-0.01215258,-0.12579165,-0.00387480,-0.00061420,-0.00070461,-0.00022108,-0.00037838,-0.00391658
3.810000,0.39696902,-0.11614946,1.43582905,0.00734860,1.64661390,0.40533744,-0.12448911,-0.01973290,-0.02263765,-0.00710278,-0.01215643,-0.12583154,-0.00401501,-0.00063642,-0.00073011,-0.00022908,-0.00039207,-0.00405830
3.820000,0.39572392,-0.11634683,1.43560263,0.00727756,1.64649232,0.40407892,-0.12452990,-0.01973937,-0.02264507,-0.00710511,-0.01216042,-0.12587277,-0.00414027,-0.00065628,-0.00075289,-0.00023623,-0.00040430,-0.00418492
3.830000,0.39447841,-0.11654425,1.43537614,0.00720650,1.64637070,0.40281998,-0.12457187,-0.01974602,-0.02265270,-0.00710750,-0.01216451,-0.12591519,-0.00425097,-0.00067383,-0.00077301,-0.00024254,-0.00041511,-0.00429681
3.840000,0.39323248,-0.11674175,1.43514958,0.00713541,1.64624903,0.40156061,-0.12461487,-0.01975284,-0.02266052,-0.00710996,-0.01216871,-0.12595866,-0.00434747,-0.00068912,-0.00079056,-0.00024805,-0.00042453,-0.00439435
3.850000,0.39198611,-0.11693931,1.43492293,0.00706430,1.64612732,0.40030080,-0.12465877,-0.01975980,-0.02266850,-0.00711246,-0.01217300,-0.12600303,-0.00443016,-0.00070223,-0.00080560,-0.00025276,-0.00043261,-0.00447793
3.860000,0.39073930,-0.11713694,1.43469621,0.00699316,1.64600557,0.39904055,-0.12470343,-0.01976688,-0.02267662,-0.00711501,-0.01217736,-0.12604817,-0.00449940,-0.00071321,-0.00081819,-0.00025672,-0.00043937,-0.00454792
3.870000,0.38949204,-0.11733465,1.43446940,0.00692200,1.64588377,0.39777984,-0.12474872,-0.01977406,-0.02268486,-0.00711759,-0.01218178,-0.12609394,-0.00455558,-0.00072211,-0.00082841,-0.00025992,-0.00044485,-0.00460470
3.880000,0.38824433,-0.11753242,1.43424251,0.00685081,1.64576193,0.39651867,-0.12479450,-0.01978131,-0.02269318,-0.00712021,-0.01218625,-0.12614022,-0.00459906,-0.00072900,-0.00083631,-0.00026240,-0.00044910,-0.00464866
3.890000,0.38699615,-0.11773027,1.43401554,0.00677959,1.64564005,0.39525703,-0.12484066,-0.01978863,-0.02270158,-0.00712284,-0.01219076,-0.12618687,-0.00463023,-0.00073394,-0.00084198,-0.00026418,-0.00045214,-0.00468016
3.900000,0.38574751,-0.11792820,1.43378848,0.00670835,1.64551812,0.39399493,-0.12488707,-0.01979598,-0.02271002,-0.00712549,-0.01219529,-0.12623378,-0.00464945,-0.00073699,-0.00084548,-0.00026528,-0.00045402,-0.00469959
3.910000,0.38449841,-0.11812619,1.43356134,0.00663708,1.64539614,0.39273236,-0.12493361,-0.01980336,-0.02271848,-0.00712814,-0.01219984,-0.12628083,-0.00465711,-0.00073820,-0.00084687,-0.00026571,-0.00045477,-0.00470733
3.920000,0.38324884,-0.11832426,1.43333411,0.00656579,1.64527412,0.39146931,-0.12498017,-0.01981074,-0.02272695,-0.00713080,-0.01220438,-0.12632789,-0.00465357,-0.00073764,-0.00084623,-0.00026551,-0.00045442,-0.00470375
3.930000,0.38199881,-0.11852241,1.43310680,0.00649447,1.64515205,0.39020580,-0.12502664,-0.01981811,-0.02273540,-0.00713345,-0.01220892,-0.12637487,-0.00463922,-0.00073537,-0.00084362,-0.00026469,-0.00045302,-0.00468924
3.940000,0.38074831,-0.11872063,1.43287940,0.00642312,1.64502994,0.38894182,-0.12507292,-0.01982544,-0.02274381,-0.00713609,-0.01221344,-0.12642164,-0.00461442,-0.00073144,-0.00083911,-0.00026328,-0.00045060,-0.00466418
3.950000,0.37949735,-0.11891892,1.43265192,0.00635174,1.64490779,0.38767737,-0.12511890,-0.01983273,-0.02275217,-0.00713872,-0.01221793,-0.12646812,-0.00457955,-0.00072591,-0.00083277,-0.00026129,-0.00044720,-0.00462894
3.960000,0.37824593,-0.11911728,1.43242436,0.00628034,1.64478558,0.38641246,-0.12516448,-0.01983996,-0.02276046,-0.00714132,-0.01222238,-0.12651419,-0.00453499,-0.00071885,-0.00082466,-0.00025875,-0.00044284,-0.00458390
3.970000,0.37699406,-0.11931572,1.43219671,0.00620892,1.64466334,0.38514709,-0.12520957,-0.01984710,-0.02276866,-0.00714389,-0.01222679,-0.12655976,-0.00448112,-0.00071031,-0.00081487,-0.00025567,-0.00043758,-0.00452944
3.980000,0.37574174,-0.11951422,1.43196899,0.00613747,1.64454105,0.38388126,-0.12525407,-0.01985416,-0.02277675,-0.00714643,-0.01223113,-0.12660475,-0.00441830,-0.00070035,-0.00080344,-0.00025209,-0.00043145,-0.00446595
3.990000,0.37448898,-0.11971280,1.43174118,0.00606599,1.64441872,0.38261499,-0.12529790,-0.01986111,-0.02278472,-0.00714893,-0.01223541,-0.12664905,-0.00434691,-0.00068903,-0.00079046,-0.00024802,-0.00042448,-0.00439379
4.000000,0.37323579,-0.11991144,1.43151329,0.00599449,1.64429634,0.38134828,-0.12534098,-0.01986794,-0.02279256,-0.00715139,-0.01223962,-0.12669259,-0.00426734,-0.00067642,-0.00077599,-0.00024347,-0.00041671,-0.00431335
4.010000,0.37198217,-0.12011016,1.43128533,0.00592296,1.64417392,0.38008114,-0.12538323,-0.01987463,-0.02280024,-0.00715380,-0.01224374,-0.12673529,-0.00417994,-0.00066257,-0.00076010,-0.00023849,-0.00040817,-0.00422501
4.020000,0.37072813,-0.12030894,1.43105729,0.00585141,1.64405147,0.37881358,-0.12542456,-0.01988118,-0.02280776,-0.00715616,-0.01224778,-0.12677707,-0.00408510,-0.00064753,-0.00074285,-0.00023308,-0.00039891,-0.00412915
4.030000,0.36947368,-0.12050778,1.43082917,0.00577984,1.64392897,0.37754561,-0.12546490,-0.01988758,-0.02281509,-0.00715846,-0.01225172,-0.12681785,-0.00398320,-0.00063138,-0.00072432,-0.00022726,-0.00038896,-0.00402615
4.040000,0.36821883,-0.12070669,1.43060099,0.00570824,1.64380643,0.37627723,-0.12550420,-0.01989381,-0.02282224,-0.00716070,-0.01225556,-0.12685757,-0.00387460,-0.00061417,-0.00070457,-0.00022107,-0.00037836,-0.00391638
4.050000,0.36696360,-0.12090566,1.43037273,0.00563663,1.64368386,0.37500846,-0.12554237,-0.01989986,-0.02282918,-0.00716288,-0.01225928,-0.12689616,-0.00375968,-0.00059595,-0.00068368,-0.00021451,-0.00036713,-0.00380022
4.060000,0.36570799,-0.12110468,1.43014440,0.00556499,1.64356125,0.37373931,-0.12557937,-0.01990572,-0.02283591,-0.00716499,-0.01226290,-0.12693355,-0.00363882,-0.00057679,-0.00066170,-0.00020761,-0.00035533,-0.00367806
4.070000,0.36445201,-0.12130377,1.42991601,0.00549333,1.64343860,0.37246979,-0.12561513,-0.01991139,-0.02284241,-0.00716703,-0.01226639,-0.12696970,-0.00351239,-0.00055675,-0.00063871,-0.00020040,-0.00034299,-0.00355027
4.080000,0.36319569,-0.12150291,1.42968756,0.00542165,1.64331592,0.37119992,-0.12564960,-0.01991686,-0.02284868,-0.00716900,-0.01226975,-0.12700454,-0.00338077,-0.00053589,-0.00061477,-0.00019289,-0.00033013,-0.00341723
4.090000,0.36193903,-0.12170211,1.42945904,0.00534995,1.64319321,0.36992971,-0.12568273,-0.01992211,-0.02285470,-0.00717089,-0.01227299,-0.12703803,-0.00324434,-0.00051426,-0.00058996,-0.00018511,-0.00031681,-0.00327932
4.100000,0.36068204,-0.12190135,1.42923046,0.00527823,1.64307046,0.36865916,-0.12571447,-0.01992714,-0.02286048,-0.00717270,-0.01227609,-0.12707011,-0.00310346,-0.00049193,-0.00056435,-0.00017707,-0.00030305,-0.00313692
4.110000,0.35942474,-0.12210065,1.42900183,0.00520649,1.64294768,0.36738831,-0.12574479,-0.01993194,-0.02286599,-0.00717443,-0.01227905,-0.12710075,-0.00295851,-0.00046896,-0.00053799,-0.00016880,-0.00028890,-0.00299041
4.120000,0.35816715,-0.12229999,1.42877314,0.00513474,1.64282488,0.36611715,-0.12577363,-0.01993652,-0.02287123,-0.00717607,-0.01228187,-0.12712991,-0.00280987,-0.00044540,-0.00051096,-0.00016032,-0.00027439,-0.00284017
4.130000,0.35690927,-0.12249938,1.42854441,0.00506297,1.64270205,0.36484571,-0.12580097,-0.01994085,-0.02287620,-0.00717763,-0.01228454,-0.12715755,-0.00265791,-0.00042131,-0.00048333,-0.00015165,-0.00025955,-0.00268657
4.140000,0.35565113,-0.12269881,1.42831562,0.00499119,1.64257919,0.36357401,-0.12582678,-0.01994494,-0.02288090,-0.00717910,-0.01228706,-0.12718363,-0.00250301,-0.00039676,-0.00045516,-0.00014281,-0.00024442,-0.00253000
4.150000,0.35439274,-0.12289828,1.42808679,0.00491939,1.64245631,0.36230205,-0.12585103,-0.01994878,-0.02288531,-0.00718049,-0.01228942,-0.12720814,-0.00234554,-0.00037179,-0.00042652,-0.00013383,-0.00022904,-0.00237084
4.160000,0.35313412,-0.12309778,1.42785792,0.00484758,1.64233340,0.36102985,-0.12587368,-0.01995237,-0.02288943,-0.00718178,-0.01229164,-0.12723104,-0.00218588,-0.00034649,-0.00039749,-0.00012472,-0.00021345,-0.00220945
4.170000,0.35187528,-0.12329732,1.42762900,0.00477575,1.64221047,0.35975743,-0.12589474,-0.01995571,-0.02289326,-0.00718298,-0.01229369,-0.12725232,-0.00202441,-0.00032089,-0.00036813,-0.00011550,-0.00019768,-0.00204624
4.180000,0.35061623,-0.12349690,1.42740005,0.00470392,1.64208753,0.35848481,-0.12591417,-0.01995879,-0.02289679,-0.00718409,-0.01229559,-0.12727196,-0.00186148,-0.00029507,-0.00033850,-0.00010621,-0.00018178,-0.00188156
4.190000,0.34935700,-0.12369650,1.42717107,0.00463207,1.64196456,0.35721200,-0.12593196,-0.01996161,-0.02290002,-0.00718511,-0.01229733,-0.12728995,-0.00169750,-0.00026907,-0.00030868,-0.00009685,-0.00016576,-0.00171580
4.200000,0.34809760,-0.12389613,1.42694205,0.00456022,1.64184158,0.35593902,-0.12594812,-0.01996417,-0.02290296,-0.00718603,-0.01229890,-0.12730627,-0.00153282,-0.00024297,-0.00027873,-0.00008746,-0.00014968,-0.00154935
4.210000,0.34683804,-0.12409578,1.42671301,0.00448835,1.64171859,0.35466588,-0.12596262,-0.01996647,-0.02290560,-0.00718685,-0.01230032,-0.12732093,-0.00136782,-0.00021681,-0.00024873,-0.00007804,-0.00013357,-0.00138257
4.220000,0.34557835,-0.12429546,1.42648394,0.00441648,1.64159558,0.35339260,-0.12597547,-0.01996851,-0.02290794,-0.00718759,-0.01230158,-0.12733393,-0.00120288,-0.00019067,-0.00021874,-0.00006863,-0.00011746,-0.00121585
4.230000,0.34431854,-0.12449515,1.42625485,0.00434460,1.64147255,0.35211921,-0.12598668,-0.01997029,-0.02290997,-0.00718823,-0.01230267,-0.12734525,-0.00103837,-0.00016459,-0.00018882,-0.00005924,-0.00010140,-0.00104957
4.240000,0.34305862,-0.12469486,1.42602574,0.00427272,1.64134952,0.35084570,-0.12599624,-0.01997180,-0.02291171,-0.00718877,-0.01230360,-0.12735492,-0.00087467,-0.00013864,-0.00015905,-0.00004990,-0.00008541,-0.00088410
4.250000,0.34179862,-0.12489458,1.42579662,0.00420083,1.64122648,0.34957211,-0.12600417,-0.01997306,-0.02291316,-0.00718923,-0.01230438,-0.12736294,-0.00071215,-0.00011288,-0.00012950,-0.00004063,-0.00006954,-0.00071983
4.260000,0.34053854,-0.12509432,1.42556748,0.00412893,1.64110344,0.34829845,-0.12601049,-0.01997406,-0.02291430,-0.00718959,-0.01230500,-0.12736932,-0.00055119,-0.00008737,-0.00010023,-0.00003145,-0.00005382,-0.00055713
4.270000,0.33927841,-0.12529406,1.42533833,0.00405703,1.64098038,0.34702473,-0.12601521,-0.01997481,-0.02291516,-0.00718985,-0.01230546,-0.12737409,-0.00039216,-0.00006216,-0.00007131,-0.00002237,-0.00003829,-0.00039639
4.280000,0.33801824,-0.12549382,1.42510918,0.00398514,1.64085733,0.34575097,-0.12601834,-0.01997530,-0.02291573,-0.00719003,-0.01230576,-0.12737726,-0.00023544,-0.00003732,-0.00004281,-0.00001343,-0.00002299,-0.00023798
4.290000,0.33675805,-0.12569357,1.42488002,0.00391323,1.64073427,0.34447719,-0.12601992,-0.01997556,-0.02291602,-0.00719012,-0.01230592,-0.12737886,-0.00008140,-0.00001290,-0.00001480,-0.00000464,-0.00000795,-0.00008228
4.300000,0.33549785,-0.12589333,1.42465086,0.00384133,1.64061121,0.34320340,-0.12601998,-0.01997556,-0.02291603,-0.00719013,-0.01230592,-0.12737891,0.00006958,0.00001103,0.00001265,0.00000397,0.00000679,0.00007033
4.310000,0.33423766,-0.12609308,1.42442170,0.00376943,1.64048815,0.34192962,-0.12601854,-0.01997534,-0.02291577,-0.00719005,-0.01230578,-0.12737746,0.00021713,0.00003442,0.00003948,0.00001239,0.00002120,0.00021947
4.320000,0.33297748,-0.12629283,1.42419254,0.00369753,1.64036509,0.34065586,-0.12601565,-0.01997488,-0.02291524,-0.00718988,-0.01230550,-0.12737454,0.00036087,0.00005720,0.00006562,0.00002059,0.00003524,0.00036476
4.330000,0.33171735,-0.12649258,1.42396340,0.00362563,1.64024204,0.33938213,-0.12601134,-0.01997419,-0.02291446,-0.00718963,-0.01230508,-0.12737018,0.00050043,0.00007932,0.00009100,0.00002855,0.00004887,0.00050583
4.340000,0.33045726,-0.12669231,1.42373426,0.00355374,1.64011899,0.33810846,-0.12600566,-0.01997329,-0.02291343,-0.00718931,-0.01230452,-0.12736443,0.00063543,0.00010072,0.00011555,0.00003625,0.00006205,0.00064229
4.350000,0.32919724,-0.12689204,1.42350513,0.00348185,1.63999595,0.33683485,-0.12599865,-0.01997218,-0.02291215,-0.00718891,-0.01230384,-0.12735735,0.00076550,0.00012134,0.00013920,0.00004368,0.00007475,0.00077376
4.360000,0.32793729,-0.12709176,1.42327601,0.00340996,1.63987292,0.33556132,-0.12599036,-0.01997087,-0.02291064,-0.00718844,-0.01230303,-0.12734898,0.00089026,0.00014112,0.00016189,0.00005079,0.00008693,0.00089987
4.370000,0.32667744,-0.12729146,1.42304692,0.00333808,1.63974989,0.33428787,-0.12598086,-0.01996936,-0.02290892,-0.00718790,-0.01230210,-0.12733937,0.00100934,0.00015999,0.00018354,0.00005759,0.00009856,0.00102023
4.380000,0.32541768,-0.12749114,1.42281784,0.00326620,1.63962688,0.33301453,-0.12597020,-0.01996767,-0.02290698,-0.00718729,-0.01230106,-0.12732859,0.00112238,0.00017791,0.00020410,0.00006404,0.00010960,0.00113448
4.390000,0.32415804,-0.12769081,1.42258878,0.00319433,1.63950387,0.33174130,-0.12595843,-0.01996581,-0.02290484,-0.00718662,-0.01229991,-0.12731670,0.00122922,0.00019485,0.00022353,0.00007013,0.00012003,0.00124248
4.400000,0.32289852,-0.12789046,1.42235974,0.00312247,1.63938088,0.33046820,-0.12594563,-0.01996378,-0.02290251,-0.00718589,-0.01229866,-0.12730376,0.00132997,0.00021082,0.00024185,0.00007588,0.00012987,0.00134432
4.410000,0.32163913,-0.12809009,1.42213073,0.00305062,1.63925790,0.32919523,-0.12593185,-0.01996160,-0.02290000,-0.00718510,-0.01229732,-0.12728984,0.00142473,0.00022584,0.00025908,0.00008129,0.00013913,0.00144009
4.420000,0.32037988,-0.12828969,1.42190174,0.00297877,1.63913493,0.32792241,-0.12591716,-0.01995927,-0.02289733,-0.00718426,-0.01229588,-0.12727498,0.00151359,0.00023992,0.00027524,0.00008636,0.00014780,0.00152991
4.430000,0.31912079,-0.12848927,1.42167278,0.00290693,1.63901198,0.32664974,-0.12590160,-0.01995680,-0.02289450,-0.00718337,-0.01229436,-0.12725926,0.00159666,0.00025309,0.00029034,0.00009110,0.00015591,0.00161387
4.440000,0.31786185,-0.12868883,1.42144385,0.00283510,1.63888904,0.32537723,-0.12588524,-0.01995421,-0.02289153,-0.00718244,-0.01229277,-0.12724272,0.00167403,0.00026535,0.00030441,0.00009551,0.00016347,0.00169208
4.450000,0.31660308,-0.12888836,1.42121495,0.00276328,1.63876612,0.32410488,-0.12586814,-0.01995150,-0.02288842,-0.00718146,-0.01229110,-0.12722544,0.00174580,0.00027673,0.00031746,0.00009961,0.00017048,0.00176463
4.460000,0.31534449,-0.12908786,1.42098608,0.00269147,1.63864322,0.32283272,-0.12585035,-0.01994868,-0.02288518,-0.00718045,-0.01228936,-0.12720745,0.00181208,0.00028723,0.00032952,0.00010339,0.00017695,0.00183162
4.470000,0.31408608,-0.12928733,1.42075725,0.00261967,1.63852034,0.32156074,-0.12583192,-0.01994575,-0.02288183,-0.00717940,-0.01228756,-0.12718882,0.00187296,0.00029689,0.00034059,0.00010686,0.00018290,0.00189316
4.480000,0.31282785,-0.12948677,1.42052845,0.00254789,1.63839747,0.32028894,-0.12581290,-0.01994274,-0.02287837,-0.00717831,-0.01228570,-0.12716960,0.00192855,0.00030570,0.00035070,0.00011003,0.00018832,0.00194935
4.490000,0.31156982,-0.12968618,1.42029968,0.00247611,1.63827462,0.31901735,-0.12579336,-0.01993964,-0.02287482,-0.00717720,-0.01228379,-0.12714985,0.00197894,0.00031368,0.00035986,0.00011291,0.00019325,0.00200028
4.500000,0.31031199,-0.12988556,1.42007095,0.00240434,1.63815180,0.31774595,-0.12577334,-0.01993647,-0.02287118,-0.00717606,-0.01228184,-0.12712962,0.00202424,0.00032086,0.00036810,0.00011549,0.00019767,0.00204607
4.510000,0.30905436,-0.13008491,1.41984226,0.00233259,1.63802899,0.31647476,-0.12575289,-0.01993323,-0.02286746,-0.00717489,-0.01227984,-0.12710895,0.00206454,0.00032725,0.00037543,0.00011779,0.00020160,0.00208680
4.520000,0.30779693,-0.13028423,1.41961360,0.00226084,1.63790620,0.31520377,-0.12573207,-0.01992993,-0.02286367,-0.00717370,-0.01227781,-0.12708790,0.00209994,0.00033286,0.00038186,0.00011981,0.00020506,0.00212259
4.530000,0.30653972,-0.13048351,1.41938498,0.00218911,1.63778343,0.31393300,-0.12571091,-0.01992657,-0.02285983,-0.00717249,-0.01227574,-0.12706651,0.00213055,0.00033772,0.00038743,0.00012156,0.00020805,0.00215353
4.540000,0.30528272,-0.13068276,1.41915640,0.00211739,1.63766068,0.31266244,-0.12568947,-0.01992318,-0.02285593,-0.00717127,-0.01227365,-0.12704484,0.00215646,0.00034182,0.00039214,0.00012304,0.00021058,0.00217972
4.550000,0.30402593,-0.13088197,1.41892787,0.00204569,1.63753796,0.31139210,-0.12566780,-0.01991974,-0.02285199,-0.00717003,-0.01227153,-0.12702293,0.00217778,0.00034520,0.00039602,0.00012425,0.00021266,0.00220126
4.560000,0.30276936,-0.13108115,1.41869937,0.00197399,1.63741525,0.31012198,-0.12564593,-0.01991627,-0.02284801,-0.00716879,-0.01226940,-0.12700083,0.00219460,0.00034787,0.00039908,0.00012521,0.00021430,0.00221826
4.570000,0.30151301,-0.13128030,1.41847091,0.00190231,1.63729257,0.30885209,-0.12562392,-0.01991278,-0.02284401,-0.00716753,-0.01226725,-0.12697858,0.00220702,0.00034984,0.00040133,0.00012592,0.00021552,0.00223082
4.580000,0.30025688,-0.13147941,1.41824249,0.00183064,1.63716991,0.30758241,-0.12560181,-0.01990928,-0.02283999,-0.00716627,-0.01226509,-0.12695623,0.00221515,0.00035113,0.00040281,0.00012639,0.00021631,0.00223903
4.590000,0.29900097,-0.13167849,1.41801411,0.00175899,1.63704727,0.30631296,-0.12557963,-0.01990576,-0.02283595,-0.00716500,-0.01226292,-0.12693382,0.00221908,0.00035175,0.00040353,0.00012661,0.00021669,0.00224301
4.600000,0.29774529,-0.13187753,1.41778577,0.00168734,1.63692465,0.30504374,-0.12555744,-0.01990225,-0.02283192,-0.00716374,-0.01226075,-0.12691138,0.00221891,0.00035172,0.00040350,0.00012660,0.00021668,0.00224284
4.610000,0.29648983,-0.13207653,1.41755747,0.00161571,1.63680205,0.30377473,-0.12553527,-0.01989873,-0.02282789,-0.00716247,-0.01225859,-0.12688897,0.00221475,0.00035106,0.00040274,0.00012636,0.00021627,0.00223863
4.620000,0.29523458,-0.13227550,1.41732921,0.00154409,1.63667948,0.30250596,-0.12551316,-0.01989523,-0.02282387,-0.00716121,-0.01225643,-0.12686662,0.00220668,0.00034978,0.00040127,0.00012590,0.00021548,0.00223048
4.630000,0.29397956,-0.13247443,1.41710099,0.00147249,1.63655693,0.30123740,-0.12549115,-0.01989174,-0.02281986,-0.00715995,-0.01225428,-0.12684438,0.00219483,0.00034790,0.00039912,0.00012523,0.00021433,0.00221849
4.640000,0.29272476,-0.13267333,1.41687281,0.00140089,1.63643439,0.29996907,-0.12546927,-0.01988827,-0.02281589,-0.00715871,-0.01225215,-0.12682227,0.00217927,0.00034544,0.00039629,0.00012434,0.00021281,0.00220277
4.650000,0.29147018,-0.13287220,1.41664467,0.00132931,1.63631188,0.29870096,-0.12544757,-0.01988483,-0.02281194,-0.00715747,-0.01225003,-0.12680033,0.00216012,0.00034240,0.00039281,0.00012325,0.00021094,0.00218341
4.660000,0.29021581,-0.13307103,1.41641657,0.00125775,1.63618939,0.29743306,-0.12542608,-0.01988142,-0.02280803,-0.00715624,-0.01224793,-0.12677861,0.00213747,0.00033881,0.00038869,0.00012195,0.00020873,0.00216052
4.670000,0.28896165,-0.13326983,1.41618851,0.00118619,1.63606692,0.29616538,-0.12540483,-0.01987806,-0.02280417,-0.00715503,-0.01224585,-0.12675713,0.00211142,0.00033468,0.00038395,0.00012047,0.00020618,0.00213419
4.680000,0.28770771,-0.13346859,1.41596049,0.00111464,1.63594448,0.29489792,-0.12538386,-0.01987473,-0.02280036,-0.00715383,-0.01224381,-0.12673594,0.00208208,0.00033003,0.00037861,0.00011879,0.00020332,0.00210453
4.690000,0.28645398,-0.13366732,1.41573250,0.00104311,1.63582205,0.29363066,-0.12536320,-0.01987146,-0.02279660,-0.00715265,-0.01224179,-0.12671505,0.00204954,0.00032487,0.00037270,0.00011694,0.00020014,0.00207164
4.700000,0.28520045,-0.13386602,1.41550456,0.00097159,1.63569964,0.29236362,-0.12534288,-0.01986824,-0.02279290,-0.00715150,-0.01223980,-0.12669451,0.00201390,0.00031923,0.00036622,0.00011490,0.00019666,0.00203562
4.710000,0.28394712,-0.13406469,1.41527665,0.00090008,1.63557725,0.29109677,-0.12532293,-0.01986507,-0.02278928,-0.00715036,-0.01223786,-0.12667435,0.00197526,0.00031310,0.00035919,0.00011270,0.00019289,0.00199656
4.720000,0.28269399,-0.13426332,1.41504877,0.00082858,1.63545488,0.28983013,-0.12530339,-0.01986198,-0.02278572,-0.00714924,-0.01223595,-0.12665459,0.00193373,0.00030652,0.00035164,0.00011033,0.00018883,0.00195458
4.730000,0.28144105,-0.13446193,1.41482093,0.00075710,1.63533253,0.28856368,-0.12528427,-0.01985895,-0.02278224,-0.00714815,-0.01223408,-0.12663527,0.00188940,0.00029949,0.00034358,0.00010780,0.00018450,0.00190977
4.740000,0.28018830,-0.13466050,1.41459313,0.00068562,1.63521020,0.28729742,-0.12526561,-0.01985599,-0.02277885,-0.00714709,-0.01223226,-0.12661641,0.00184237,0.00029204,0.00033502,0.00010512,0.00017991,0.00186224
4.750000,0.27893573,-0.13485905,1.41436535,0.00061416,1.63508789,0.28603135,-0.12524743,-0.01985311,-0.02277555,-0.00714605,-0.01223048,-0.12659803,0.00179274,0.00028417,0.00032600,0.00010229,0.00017506,0.00181207
4.760000,0.27768335,-0.13505757,1.41413761,0.00054270,1.63496559,0.28476546,-0.12522976,-0.01985031,-0.02277233,-0.00714504,-0.01222876,-0.12658017,0.00174062,0.00027591,0.00031652,0.00009931,0.00016997,0.00175939
4.770000,0.27643114,-0.13525606,1.41390991,0.00047125,1.63484331,0.28349974,-0.12521263,-0.01984759,-0.02276922,-0.00714406,-0.01222708,-0.12656285,0.00168609,0.00026726,0.00030661,0.00009620,0.00016465,0.00170427
4.780000,0.27517909,-0.13545452,1.41368223,0.00039982,1.63472105,0.28223420,-0.12519605,-0.01984496,-0.02276620,-0.00714312,-0.01222547,-0.12654610,0.00162927,0.00025826,0.00029627,0.00009296,0.00015910,0.00164684
4.790000,0.27392721,-0.13565295,1.41345458,0.00032839,1.63459880,0.28096882,-0.12518005,-0.01984243,-0.02276329,-0.00714220,-0.01222390,-0.12652992,0.00157025,0.00024890,0.00028554,0.00008959,0.00015334,0.00158718
4.800000,0.27267549,-0.13585137,1.41322696,0.00025697,1.63447657,0.27970360,-0.12516465,-0.01983999,-0.02276049,-0.00714133,-0.01222240,-0.12651436,0.00150913,0.00023921,0.00027443,0.00008610,0.00014737,0.00152541
4.810000,0.27142392,-0.13604975,1.41299937,0.00018557,1.63435435,0.27843853,-0.12514987,-0.01983764,-0.02275781,-0.00714048,-0.01222096,-0.12649942,0.00144602,0.00022921,0.00026295,0.00008250,0.00014120,0.00146161
4.820000,0.27017249,-0.13624812,1.41277181,0.00011416,1.63423215,0.27717361,-0.12513574,-0.01983540,-0.02275523,-0.00713968,-0.01221958,-0.12648513,0.00138100,0.00021890,0.00025113,0.00007879,0.00013486,0.00139589
4.830000,0.26892120,-0.13644646,1.41254427,0.00004277,1.63410996,0.27590883,-0.12512226,-0.01983327,-0.02275278,-0.00713891,-0.01221826,-0.12647151,0.00131419,0.00020831,0.00023898,0.00007498,0.00012833,0.00132836
4.840000,0.26767004,-0.13664479,1.41231675,-0.00002861,1.63398779,0.27464418,-0.12510946,-0.01983124,-0.02275046,-0.00713818,-0.01221701,-0.12645857,0.00124568,0.00019745,0.00022652,0.00007107,0.00012164,0.00125911
4.850000,0.26641901,-0.13684309,1.41208926,-0.00009999,1.63386562,0.27337965,-0.12509735,-0.01982932,-0.02274825,-0.00713749,-0.01221583,-0.12644633,0.00117556,0.00018634,0.00021377,0.00006707,0.00011479,0.00118824
4.860000,0.26516809,-0.13704137,1.41186179,-0.00017136,1.63374347,0.27211525,-0.12508595,-0.01982751,-0.02274618,-0.00713684,-0.01221471,-0.12643481,0.00110395,0.00017499,0.00020075,0.00006299,0.00010780,0.00111586
4.870000,0.26391729,-0.13723964,1.41163433,-0.00024273,1.63362133,0.27085095,-0.12507528,-0.01982582,-0.02274424,-0.00713623,-0.01221367,-0.12642402,0.00103095,0.00016342,0.00018747,0.00005882,0.00010067,0.00104206
4.880000,0.26266659,-0.13743789,1.41140690,-0.00031409,1.63349920,0.26958676,-0.12506534,-0.01982424,-0.02274243,-0.00713566,-0.01221270,-0.12641398,0.00095664,0.00015164,0.00017396,0.00005458,0.00009342,0.00096695
4.890000,0.26141598,-0.13763612,1.41117948,-0.00038544,1.63337707,0.26832267,-0.12505615,-0.01982279,-0.02274076,-0.00713514,-0.01221180,-0.12640469,0.00088113,0.00013967,0.00016023,0.00005027,0.00008604,0.00089063
4.900000,0.26016546,-0.13783434,1.41095208,-0.00045679,1.63325496,0.26705867,-0.12504772,-0.01982145,-0.02273923,-0.00713465,-0.01221098,-0.12639617,0.00080453,0.00012753,0.00014630,0.00004590,0.00007856,0.00081320
4.910000,0.25891502,-0.13803255,1.41072470,-0.00052813,1.63313285,0.26579474,-0.12504006,-0.01982024,-0.02273784,-0.00713422,-0.01221023,-0.12638843,0.00072692,0.00011523,0.00013219,0.00004147,0.00007098,0.00073476
4.920000,0.25766466,-0.13823075,1.41049733,-0.00059948,1.63301075,0.26453090,-0.12503318,-0.01981915,-0.02273659,-0.00713383,-0.01220956,-0.12638147,0.00064842,0.00010278,0.00011791,0.00003700,0.00006332,0.00065541
4.930000,0.25641436,-0.13842894,1.41026997,-0.00067081,1.63288866,0.26326711,-0.12502709,-0.01981818,-0.02273548,-0.00713348,-0.01220897,-0.12637532,0.00056911,0.00009021,0.00010349,0.00003247,0.00005557,0.00057525
4.940000,0.25516411,-0.13862711,1.41004262,-0.00074214,1.63276657,0.26200339,-0.12502180,-0.01981734,-0.02273452,-0.00713318,-0.01220845,-0.12636997,0.00048911,0.00007753,0.00008894,0.00002791,0.00004776,0.00049438
4.950000,0.25391392,-0.13882528,1.40981528,-0.00081348,1.63264449,0.26073971,-0.12501731,-0.01981663,-0.02273370,-0.00713292,-0.01220801,-0.12636543,0.00040851,0.00006475,0.00007428,0.00002331,0.00003989,0.00041291
4.960000,0.25266376,-0.13902345,1.40958794,-0.00088480,1.63252241,0.25947608,-0.12501363,-0.01981605,-0.02273303,-0.00713271,-0.01220765,-0.12636172,0.00032741,0.00005190,0.00005954,0.00001868,0.00003197,0.00033094
4.970000,0.25141364,-0.13922161,1.40936061,-0.00095613,1.63240034,0.25821247,-0.12501077,-0.01981559,-0.02273251,-0.00713255,-0.01220737,-0.12635882,0.00024590,0.00003898,0.00004472,0.00001403,0.00002401,0.00024856
4.980000,0.25016355,-0.13941976,1.40913329,-0.00102745,1.63227827,0.25694890,-0.12500872,-0.01981527,-0.02273214,-0.00713243,-0.01220717,-0.12635675,0.00016410,0.00002601,0.00002984,0.00000936,0.00001602,0.00016587
4.990000,0.24891347,-0.13961791,1.40890597,-0.00109878,1.63215620,0.25568534,-0.12500749,-0.01981507,-0.02273191,-0.00713236,-0.01220705,-0.12635550,0.00008210,0.00001301,0.00001493,0.00000468,0.00000802,0.00008299
5.000000,0.24766339,-0.13981606,1.40867865,-0.00117010,1.63203412,0.25442178,-0.12500707,-0.01981501,-0.02273184,-0.00713234,-0.01220701,-0.12635509,0.00000000,0.00000000,0.00000000,-0.00000000,0.00000000,0.00000000
5.010000,0.24641332,-0.14001421,1.40845133,-0.00124143,1.63191205,0.25315823,-0.12500749,-0.01981507,-0.02273191,-0.00713236,-0.01220705,-0.12635550,-0.00008210,-0.00001301,-0.00001493,-0.00000468,-0.00000802,-0.00008299
5.020000,0.24516324,-0.14021236,1.40822401,-0.00131275,1.63178998,0.25189467,-0.12500872,-0.01981527,-0.02273214,-0.00713243,-0.01220717,-0.12635675,-0.00016410,-0.00002601,-0.00002984,-0.00000936,-0.00001602,-0.00016587
5.030000,0.24391314,-0.14041052,1.40799669,-0.00138407,1.63166791,0.25063109,-0.12501077,-0.01981559,-0.02273251,-0.00713255,-0.01220737,-0.12635882,-0.00024590,-0.00003898,-0.00004472,-0.00001403,-0.00002401,-0.00024856
5.040000,0.24266302,-0.14060868,1.40776936,-0.00145540,1.63154584,0.24936749,-0.12501363,-0.01981605,-0.02273303,-0.00713271,-0.01220765,-0.12636172,-0.00032741,-0.00005190,-0.00005954,-0.00001868,-0.00003197,-0.00033094
5.050000,0.24141287,-0.14080684,1.40754203,-0.00152673,1.63142376,0.24810386,-0.12501731,-0.01981663,-0.02273370,-0.00713292,-0.01220801,-0.12636543,-0.00040851,-0.00006475,-0.00007428,-0.00002331,-0.00003989,-0.00041291
5.060000,0.24016267,-0.14100501,1.40731469,-0.00159806,1.63130168,0.24684018,-0.12502180,-0.01981734,-0.02273452,-0.00713318,-0.01220845,-0.12636997,-0.00048911,-0.00007753,-0.00008894,-0.00002791,-0.00004776,-0.00049438
5.070000,0.23891243,-0.14120319,1.40708734,-0.00166939,1.63117959,0.24557645,-0.12502709,-0.01981818,-0.02273548,-0.00713348,-0.01220897,-0.12637532,-0.00056911,-0.00009021,-0.00010349,-0.00003247,-0.00005557,-0.00057525
5.080000,0.23766213,-0.14140137,1.40685998,-0.00174073,1.63105750,0.24431267,-0.12503318,-0.01981915,-0.02273659,-0.00713383,-0.01220956,-0.12638147,-0.00064842,-0.00010278,-0.00011791,-0.00003700,-0.00006332,-0.00065541
5.090000,0.23641176,-0.14159957,1.40663261,-0.00181207,1.63093540,0.24304882,-0.12504006,-0.01982024,-0.02273784,-0.00713422,-0.01221023,-0.12638843,-0.00072692,-0.00011523,-0.00013219,-0.00004147,-0.00007098,-0.00073476
5.100000,0.23516133,-0.14179778,1.40640522,-0.00188341,1.63081329,0.24178490,-0.12504772,-0.01982145,-0.02273923,-0.00713465,-0.01221098,-0.12639617,-0.00080453,-0.00012753,-0.00014630,-0.00004590,-0.00007856,-0.00081320
5.110000,0.23391081,-0.14199600,1.40617782,-0.00195476,1.63069118,0.24052090,-0.12505615,-0.01982279,-0.02274076,-0.00713514,-0.01221180,-0.12640469,-0.00088113,-0.00013967,-0.00016023,-0.00005027,-0.00008604,-0.00089063
5.120000,0.23266020,-0.14219423,1.40595041,-0.00202612,1.63056905,0.23925680,-0.12506534,-0.01982424,-0.02274243,-0.00713566,-0.01221270,-0.12641398,-0.00095664,-0.00015164,-0.00017396,-0.00005458,-0.00009342,-0.00096695
5.130000,0.23140950,-0.14239248,1.40572297,-0.00209748,1.63044692,0.23799261,-0.12507528,-0.01982582,-0.02274424,-0.00713623,-0.01221367,-0.12642402,-0.00103095,-0.00016342,-0.00018747,-0.00005882,-0.00010067,-0.00104206
5.140000,0.23015869,-0.14259075,1.40549552,-0.00216884,1.63032478,0.23672832,-0.12508595,-0.01982751,-0.02274618,-0.00713684,-0.01221471,-0.12643481,-0.00110395,-0.00017499,-0.00020075,-0.00006299,-0.00010780,-0.00111586
5.150000,0.22890778,-0.14278903,1.40526805,-0.00224021,1.63020263,0.23546392,-0.12509735,-0.01982932,-0.02274825,-0.00713749,-0.01221583,-0.12644633,-0.00117556,-0.00018634,-0.00021377,-0.00006707,-0.00011479,-0.00118824
5.160000,0.22765674,-0.14298734,1.40504056,-0.00231159,1.63008046,0.23419939,-0.12510946,-0.01983124,-0.02275046,-0.00713818,-0.01221701,-0.12645857,-0.00124568,-0.00019745,-0.00022652,-0.00007107,-0.00012164,-0.00125911
5.170000,0.22640558,-0.14318566,1.40481304,-0.00238298,1.62995829,0.23293474,-0.12512226,-0.01983327,-0.02275278,-0.00713891,-0.01221826,-0.12647151,-0.00131419,-0.00020831,-0.00023898,-0.00007498,-0.00012833,-0.00132836
5.180000,0.22515430,-0.14338400,1.40458550,-0.00245437,1.62983610,0.23166996,-0.12513574,-0.01983540,-0.02275523,-0.00713968,-0.01221958,-0.12648513,-0.00138100,-0.00021890,-0.00025113,-0.00007879,-0.00013486,-0.00139589
5.190000,0.22390287,-0.14358237,1.40435793,-0.00252577,1.62971390,0.23040504,-0.12514987,-0.01983764,-0.02275781,-0.00714048,-0.01222096,-0.12649942,-0.00144602,-0.00022921,-0.00026295,-0.00008250,-0.00014120,-0.00146161
5.200000,0.22265130,-0.14378076,1.40413034,-0.00259718,1.62959168,0.22913997,-0.12516465,-0.01983999,-0.02276049,-0.00714133,-0.01222240,-0.12651436,-0.00150913,-0.00023921,-0.00027443,-0.00008610,-0.00014737,-0.00152541
5.210000,0.22139957,-0.14397917,1.40390272,-0.00266860,1.62946945,0.22787475,-0.12518005,-0.01984243,-0.02276329,-0.00714220,-0.01222390,-0.12652992,-0.00157025,-0.00024890,-0.00028554,-0.00008959,-0.00015334,-0.00158718
5.220000,0.22014769,-0.14417761,1.40367508,-0.00274002,1.62934720,0.22660937,-0.12519605,-0.01984496,-0.02276620,-0.00714312,-0.01222547,-0.12654610,-0.00162927,-0.00025826,-0.00029627,-0.00009296,-0.00015910,-0.00164684
5.230000,0.21889565,-0.14437607,1.40344740,-0.00281146,1.62922494,0.22534382,-0.12521263,-0.01984759,-0.02276922,-0.00714406,-0.01222708,-0.12656285,-0.00168609,-0.00026726,-0.00030661,-0.00009620,-0.00016465,-0.00170427
5.240000,0.21764344,-0.14457456,1.40321969,-0.00288290,1.62910266,0.22407811,-0.12522976,-0.01985031,-0.02277233,-0.00714504,-0.01222876,-0.12658017,-0.00174062,-0.00027591,-0.00031652,-0.00009931,-0.00016997,-0.00175939
5.250000,0.21639105,-0.14477307,1.40299195,-0.00295436,1.62898036,0.22281222,-0.12524743,-0.01985311,-0.02277555,-0.00714605,-0.01223048,-0.12659803,-0.00179274,-0.00028417,-0.00032600,-0.00010229,-0.00017506,-0.00181207
5.260000,0.21513849,-0.14497162,1.40276418,-0.00302583,1.62885805,0.22154615,-0.12526561,-0.01985599,-0.02277885,-0.00714709,-0.01223226,-0.12661641,-0.00184237,-0.00029204,-0.00033502,-0.00010512,-0.00017991,-0.00186224
5.270000,0.21388574,-0.14517019,1.40253638,-0.00309730,1.62873572,0.22027989,-0.12528427,-0.01985895,-0.02278224,-0.00714815,-0.01223408,-0.12663527,-0.00188940,-0.00029949,-0.00034358,-0.00010780,-0.00018450,-0.00190977
5.280000,0.21263280,-0.14536880,1.40230854,-0.00316879,1.62861337,0.21901344,-0.12530339,-0.01986198,-0.02278572,-0.00714924,-0.01223595,-0.12665459,-0.00193373,-0.00030652,-0.00035164,-0.00011033,-0.00018883,-0.00195458
5.290000,0.21137967,-0.14556743,1.40208066,-0.00324029,1.62849100,0.21774680,-0.12532293,-0.01986507,-0.02278928,-0.00715036,-0.01223786,-0.12667435,-0.00197526,-0.00031310,-0.00035919,-0.00011270,-0.00019289,-0.00199656
5.300000,0.21012634,-0.14576610,1.40185275,-0.00331180,1.62836861,0.21647995,-0.12534288,-0.01986824,-0.02279290,-0.00715150,-0.01223980,-0.12669451,-0.00201390,-0.00031923,-0.00036622,-0.00011490,-0.00019666,-0.00203562
5.310000,0.20887281,-0.14596480,1.40162480,-0.00338332,1.62824620,0.21521290,-0.12536320,-0.01987146,-0.02279660,-0.00715265,-0.01224179,-0.12671505,-0.00204954,-0.00032487,-0.00037270,-0.00011694,-0.00020014,-0.00207164
5.320000,0.20761908,-0.14616353,1.40139682,-0.00345485,1.62812377,0.21394565,-0.12538386,-0.01987473,-0.02280036,-0.00715383,-0.01224381,-0.12673594,-0.00208208,-0.00033003,-0.00037861,-0.00011879,-0.00020332,-0.00210453
5.330000,0.20636513,-0.14636229,1.40116879,-0.00352639,1.62800133,0.21267818,-0.12540483,-0.01987806,-0.02280417,-0.00715503,-0.01224585,-0.12675713,-0.00211142,-0.00033468,-0.00038395,-0.00012047,-0.00020618,-0.00213419
5.340000,0.20511098,-0.14656109,1.40094073,-0.00359795,1.62787886,0.21141051,-0.12542608,-0.01988142,-0.02280803,-0.00715624,-0.01224793,-0.12677861,-0.00213747,-0.00033881,-0.00038869,-0.00012195,-0.00020873,-0.00216052
5.350000,0.20385661,-0.14675992,1.40071263,-0.00366952,1.62775637,0.21014261,-0.12544757,-0.01988483,-0.02281194,-0.00715747,-0.01225003,-0.12680033,-0.00216012,-0.00034240,-0.00039281,-0.00012325,-0.00021094,-0.00218341
5.360000,0.20260203,-0.14695879,1.40048449,-0.00374110,1.62763386,0.20887450,-0.12546927,-0.01988827,-0.02281589,-0.00715871,-0.01225215,-0.12682227,-0.00217927,-0.00034544,-0.00039629,-0.00012434,-0.00021281,-0.00220277
5.370000,0.20134722,-0.14715769,1.40025632,-0.00381269,1.62751132,0.20760616,-0.12549115,-0.01989174,-0.02281986,-0.00715995,-0.01225428,-0.12684438,-0.00219483,-0.00034790,-0.00039912,-0.00012523,-0.00021433,-0.00221849
5.380000,0.20009220,-0.14735662,1.40002810,-0.00388430,1.62738877,0.20633761,-0.12551316,-0.01989523,-0.02282387,-0.00716121,-0.01225643,-0.12686662,-0.00220668,-0.00034978,-0.00040127,-0.00012590,-0.00021548,-0.00223048
5.390000,0.19883696,-0.14755559,1.39979984,-0.00395592,1.62726620,0.20506883,-0.12553527,-0.01989873,-0.02282789,-0.00716247,-0.01225859,-0.12688897,-0.00221475,-0.00035106,-0.00040274,-0.00012636,-0.00021627,-0.00223863
5.400000,0.19758150,-0.14775460,1.39957154,-0.00402755,1.62714360,0.20379983,-0.12555744,-0.01990225,-0.02283192,-0.00716374,-0.01226075,-0.12691138,-0.00221891,-0.00035172,-0.00040350,-0.00012660,-0.00021668,-0.00224284
5.410000,0.19632581,-0.14795364,1.39934320,-0.00409919,1.62702098,0.20253060,-0.12557963,-0.01990576,-0.02283595,-0.00716500,-0.01226292,-0.12693382,-0.00221908,-0.00035175,-0.00040353,-0.00012661,-0.00021669,-0.00224301
5.420000,0.19506991,-0.14815271,1.39911482,-0.00417085,1.62689834,0.20126115,-0.12560181,-0.01990928,-0.02283999,-0.00716627,-0.01226509,-0.12695623,-0.00221515,-0.00035113,-0.00040281,-0.00012639,-0.00021631,-0.00223903
5.430000,0.19381378,-0.14835182,1.39888640,-0.00424252,1.62677568,0.19999148,-0.12562392,-0.01991278,-0.02284401,-0.00716753,-0.01226725,-0.12697858,-0.00220702,-0.00034984,-0.00040133,-0.00012592,-0.00021552,-0.00223082
5.440000,0.19255743,-0.14855097,1.39865794,-0.00431420,1.62665300,0.19872158,-0.12564593,-0.01991627,-0.02284801,-0.00716879,-0.01226940,-0.12700083,-0.00219460,-0.00034787,-0.00039908,-0.00012521,-0.00021430,-0.00221826
5.450000,0.19130086,-0.14875015,1.39842944,-0.00438589,1.62653029,0.19745146,-0.12566780,-0.01991974,-0.02285199,-0.00717003,-0.01227153,-0.12702293,-0.00217778,-0.00034520,-0.00039602,-0.00012425,-0.00021266,-0.00220126
5.460000,0.19004407,-0.14894936,1.39820090,-0.00445760,1.62640757,0.19618112,-0.12568947,-0.01992318,-0.02285593,-0.00717127,-0.01227365,-0.12704484,-0.00215646,-0.00034182,-0.00039214,-0.00012304,-0.00021058,-0.00217972
5.470000,0.18878707,-0.14914861,1.39797232,-0.00452932,1.62628482,0.19491057,-0.12571091,-0.01992657,-0.02285983,-0.00717249,-0.01227574,-0.12706651,-0.00213055,-0.00033772,-0.00038743,-0.00012156,-0.00020805,-0.00215353
5.480000,0.18752985,-0.14934789,1.39774370,-0.00460105,1.62616205,0.19363980,-0.12573207,-0.01992993,-0.02286367,-0.00717370,-0.01227781,-0.12708790,-0.00209994,-0.00033286,-0.00038186,-0.00011981,-0.00020506,-0.00212259
5.490000,0.18627243,-0.14954721,1.39751505,-0.00467279,1.62603926,0.19236881,-0.12575289,-0.01993323,-0.02286746,-0.00717489,-0.01227984,-0.12710895,-0.00206454,-0.00032725,-0.00037543,-0.00011779,-0.00020160,-0.00208680
5.500000,0.18501480,-0.14974656,1.39728636,-0.00474455,1.62591645,0.19109762,-0.12577334,-0.01993647,-0.02287118,-0.00717606,-0.01228184,-0.12712962,-0.00202424,-0.00032086,-0.00036810,-0.00011549,-0.00019767,-0.00204607
5.510000,0.18375696,-0.14994594,1.39705763,-0.00481631,1.62579363,0.18982622,-0.12579336,-0.01993964,-0.02287482,-0.00717720,-0.01228379,-0.12714985,-0.00197894,-0.00031368,-0.00035986,-0.00011291,-0.00019325,-0.00200028
5.520000,0.18249893,-0.15014535,1.39682886,-0.00488809,1.62567078,0.18855462,-0.12581290,-0.01994274,-0.02287837,-0.00717831,-0.01228570,-0.12716960,-0.00192855,-0.00030570,-0.00035070,-0.00011003,-0.00018832,-0.00194935
5.530000,0.18124071,-0.15034479,1.39660006,-0.00495988,1.62554791,0.18728283,-0.12583192,-0.01994575,-0.02288183,-0.00717940,-0.01228756,-0.12718882,-0.00187296,-0.00029689,-0.00034059,-0.00010686,-0.00018290,-0.00189316
5.540000,0.17998230,-0.15054427,1.39637122,-0.00503168,1.62542503,0.18601085,-0.12585035,-0.01994868,-0.02288518,-0.00718045,-0.01228936,-0.12720745,-0.00181208,-0.00028723,-0.00032952,-0.00010339,-0.00017695,-0.00183162
5.550000,0.17872370,-0.15074377,1.39614236,-0.00510349,1.62530213,0.18473868,-0.12586814,-0.01995150,-0.02288842,-0.00718146,-0.01229110,-0.12722544,-0.00174580,-0.00027673,-0.00031746,-0.00009961,-0.00017048,-0.00176463
5.560000,0.17746494,-0.15094330,1.39591346,-0.00517531,1.62517921,0.18346634,-0.12588524,-0.01995421,-0.02289153,-0.00718244,-0.01229277,-0.12724272,-0.00167403,-0.00026535,-0.00030441,-0.00009551,-0.00016347,-0.00169208
5.570000,0.17620600,-0.15114285,1.39568452,-0.00524714,1.62505627,0.18219383,-0.12590160,-0.01995680,-0.02289450,-0.00718337,-0.01229436,-0.12725926,-0.00159666,-0.00025309,-0.00029034,-0.00009110,-0.00015591,-0.00161387
5.580000,0.17494691,-0.15134243,1.39545557,-0.00531897,1.62493332,0.18092116,-0.12591716,-0.01995927,-0.02289733,-0.00718426,-0.01229588,-0.12727498,-0.00151359,-0.00023992,-0.00027524,-0.00008636,-0.00014780,-0.00152991
5.590000,0.17368766,-0.15154204,1.39522658,-0.00539082,1.62481035,0.17964833,-0.12593185,-0.01996160,-0.02290000,-0.00718510,-0.01229732,-0.12728984,-0.00142473,-0.00022584,-0.00025908,-0.00008129,-0.00013913,-0.00144009
5.600000,0.17242827,-0.15174166,1.39499757,-0.00546268,1.62468737,0.17837537,-0.12594563,-0.01996378,-0.02290251,-0.00718589,-0.01229866,-0.12730376,-0.00132997,-0.00021082,-0.00024185,-0.00007588,-0.00012987,-0.00134432
5.610000,0.17116875,-0.15194131,1.39476853,-0.00553454,1.62456438,0.17710226,-0.12595843,-0.01996581,-0.02290484,-0.00718662,-0.01229991,-0.12731670,-0.00122922,-0.00019485,-0.00022353,-0.00007013,-0.00012003,-0.00124248
5.620000,0.16990911,-0.15214098,1.39453947,-0.00560641,1.62444137,0.17582903,-0.12597020,-0.01996767,-0.02290698,-0.00718729,-0.01230106,-0.12732859,-0.00112238,-0.00017791,-0.00020410,-0.00006404,-0.00010960,-0.00113448
5.630000,0.16864935,-0.15234066,1.39431039,-0.00567828,1.62431836,0.17455569,-0.12598086,-0.01996936,-0.02290892,-0.00718790,-0.01230210,-0.12733937,-0.00100934,-0.00015999,-0.00018354,-0.00005759,-0.00009856,-0.00102023
5.640000,0.16738949,-0.15254036,1.39408129,-0.00575017,1.62419533,0.17328225,-0.12599036,-0.01997087,-0.02291064,-0.00718844,-0.01230303,-0.12734898,-0.00089026,-0.00014112,-0.00016189,-0.00005079,-0.00008693,-0.00089987
5.650000,0.16612955,-0.15274008,1.39385218,-0.00582205,1.62407230,0.17200872,-0.12599865,-0.01997218,-0.02291215,-0.00718891,-0.01230384,-0.12735735,-0.00076550,-0.00012134,-0.00013920,-0.00004368,-0.00007475,-0.00077376
5.660000,0.16486952,-0.15293981,1.39362305,-0.00589394,1.62394926,0.17073511,-0.12600566,-0.01997329,-0.02291343,-0.00718931,-0.01230452,-0.12736443,-0.00063543,-0.00010072,-0.00011555,-0.00003625,-0.00006205,-0.00064229
5.670000,0.16360944,-0.15313955,1.39339391,-0.00596584,1.62382621,0.16946143,-0.12601134,-0.01997419,-0.02291446,-0.00718963,-0.01230508,-0.12737018,-0.00050043,-0.00007932,-0.00009100,-0.00002855,-0.00004887,-0.00050583
5.680000,0.16234930,-0.15333929,1.39316476,-0.00603774,1.62370316,0.16818771,-0.12601565,-0.01997488,-0.02291524,-0.00718988,-0.01230550,-0.12737454,-0.00036087,-0.00005720,-0.00006562,-0.00002059,-0.00003524,-0.00036476
5.690000,0.16108913,-0.15353904,1.39293561,-0.00610964,1.62358010,0.16691395,-0.12601854,-0.01997534,-0.02291577,-0.00719005,-0.01230578,-0.12737746,-0.00021713,-0.00003442,-0.00003948,-0.00001239,-0.00002120,-0.00021947
5.700000,0.15982894,-0.15373880,1.39270645,-0.00618154,1.62345704,0.16564017,-0.12601998,-0.01997556,-0.02291603,-0.00719013,-0.01230592,-0.12737891,-0.00006958,-0.00001103,-0.00001265,-0.00000397,-0.00000679,-0.00007033
5.710000,0.15856874,-0.15393855,1.39247729,-0.00625344,1.62333398,0.16436638,-0.12601992,-0.01997556,-0.02291602,-0.00719012,-0.01230592,-0.12737886,0.00008140,0.00001290,0.00001480,0.00000464,0.00000795,0.00008228
5.720000,0.15730854,-0.15413831,1.39224813,-0.00632534,1.62321092,0.16309259,-0.12601834,-0.01997530,-0.02291573,-0.00719003,-0.01230576,-0.12737726,0.00023544,0.00003732,0.00004281,0.00001343,0.00002299,0.00023798
5.730000,0.15604837,-0.15433806,1.39201897,-0.00639724,1.62308787,0.16181884,-0.12601521,-0.01997481,-0.02291516,-0.00718985,-0.01230546,-0.12737409,0.00039216,0.00006216,0.00007131,0.00002237,0.00003829,0.00039639
5.740000,0.15478824,-0.15453780,1.39178983,-0.00646914,1.62296481,0.16054512,-0.12601049,-0.01997406,-0.02291430,-0.00718959,-0.01230500,-0.12736932,0.00055119,0.00008737,0.00010023,0.00003145,0.00005382,0.00055713
5.750000,0.15352817,-0.15473754,1.39156069,-0.00654103,1.62284177,0.15927145,-0.12600417,-0.01997306,-0.02291316,-0.00718923,-0.01230438,-0.12736294,0.00071215,0.00011288,0.00012950,0.00004063,0.00006954,0.00071983
5.760000,0.15226817,-0.15493726,1.39133156,-0.00661292,1.62271873,0.15799786,-0.12599624,-0.01997180,-0.02291171,-0.00718877,-0.01230360,-0.12735492,0.00087467,0.00013864,0.00015905,0.00004990,0.00008541,0.00088410
5.770000,0.15100825,-0.15513697,1.39110245,-0.00668481,1.62259570,0.15672436,-0.12598668,-0.01997029,-0.02290997,-0.00718823,-0.01230267,-0.12734525,0.00103837,0.00016459,0.00018882,0.00005924,0.00010140,0.00104957
5.780000,0.14974844,-0.15533667,1.39087336,-0.00675668,1.62247267,0.15545096,-0.12597547,-0.01996851,-0.02290794,-0.00718759,-0.01230158,-0.12733393,0.00120288,0.00019067,0.00021874,0.00006863,0.00011746,0.00121585
5.790000,0.14848875,-0.15553634,1.39064430,-0.00682856,1.62234966,0.15417769,-0.12596262,-0.01996647,-0.02290560,-0.00718685,-0.01230032,-0.12732093,0.00136782,0.00021681,0.00024873,0.00007804,0.00013357,0.00138257
5.800000,0.14722919,-0.15573600,1.39041525,-0.00690042,1.62222667,0.15290455,-0.12594812,-0.01996417,-0.02290296,-0.00718603,-0.01229890,-0.12730627,0.00153282,0.00024297,0.00027873,0.00008746,0.00014968,0.00154935
5.810000,0.14596979,-0.15593563,1.39018624,-0.00697228,1.62210369,0.15163157,-0.12593196,-0.01996161,-0.02290002,-0.00718511,-0.01229733,-0.12728995,0.00169750,0.00026907,0.00030868,0.00009685,0.00016576,0.00171580
5.820000,0.14471056,-0.15613523,1.38995725,-0.00704412,1.62198072,0.15035876,-0.12591417,-0.01995879,-0.02289679,-0.00718409,-0.01229559,-0.12727196,0.00186148,0.00029507,0.00033850,0.00010621,0.00018178,0.00188156
5.830000,0.14345151,-0.15633480,1.38972830,-0.00711596,1.62185778,0.14908613,-0.12589474,-0.01995571,-0.02289326,-0.00718298,-0.01229369,-0.12725232,0.00202441,0.00032089,0.00036813,0.00011550,0.00019768,0.00204624
5.840000,0.14219267,-0.15653434,1.38949939,-0.00718778,1.62173485,0.14781372,-0.12587368,-0.01995237,-0.02288943,-0.00718178,-0.01229164,-0.12723104,0.00218588,0.00034649,0.00039749,0.00012472,0.00021345,0.00220945
5.850000,0.14093404,-0.15673385,1.38927052,-0.00725959,1.62161194,0.14654152,-0.12585103,-0.01994878,-0.02288531,-0.00718049,-0.01228942,-0.12720814,0.00234554,0.00037179,0.00042652,0.00013383,0.00022904,0.00237084
5.860000,0.13967565,-0.15693332,1.38904169,-0.00733139,1.62148906,0.14526956,-0.12582678,-0.01994494,-0.02288090,-0.00717910,-0.01228706,-0.12718363,0.00250301,0.00039676,0.00045516,0.00014281,0.00024442,0.00253000
5.870000,0.13841751,-0.15713275,1.38881290,-0.00740318,1.62136620,0.14399785,-0.12580097,-0.01994085,-0.02287620,-0.00717763,-0.01228454,-0.12715755,0.00265791,0.00042131,0.00048333,0.00015165,0.00025955,0.00268657
5.880000,0.13715964,-0.15733213,1.38858416,-0.00747494,1.62124337,0.14272641,-0.12577363,-0.01993652,-0.02287123,-0.00717607,-0.01228187,-0.12712991,0.00280987,0.00044540,0.00051096,0.00016032,0.00027439,0.00284017
5.890000,0.13590205,-0.15753147,1.38835548,-0.00754670,1.62112057,0.14145526,-0.12574479,-0.01993194,-0.02286599,-0.00717443,-0.01227905,-0.12710075,0.00295851,0.00046896,0.00053799,0.00016880,0.00028890,0.00299041
5.900000,0.13464475,-0.15773077,1.38812684,-0.00761843,1.62099779,0.14018440,-0.12571447,-0.01992714,-0.02286048,-0.00717270,-0.01227609,-0.12707011,0.00310346,0.00049193,0.00056435,0.00017707,0.00030305,0.00313692
5.910000,0.13338776,-0.15793002,1.38789827,-0.00769015,1.62087504,0.13891386,-0.12568273,-0.01992211,-0.02285470,-0.00717089,-0.01227299,-0.12703803,0.00324434,0.00051426,0.00058996,0.00018511,0.00031681,0.00327932
5.920000,0.13213110,-0.15812921,1.38766975,-0.00776185,1.62075233,0.13764365,-0.12564960,-0.01991686,-0.02284868,-0.00716900,-0.01226975,-0.12700454,0.00338077,0.00053589,0.00061477,0.00019289,0.00033013,0.00341723
5.930000,0.13087477,-0.15832835,1.38744129,-0.00783353,1.62062965,0.13637378,-0.12561513,-0.01991139,-0.02284241,-0.00716703,-0.01226639,-0.12696970,0.00351239,0.00055675,0.00063871,0.00020040,0.00034299,0.00355027
5.940000,0.12961880,-0.15852744,1.38721290,-0.00790519,1.62050700,0.13510426,-0.12557937,-0.01990572,-0.02283591,-0.00716499,-0.01226290,-0.12693355,0.00363882,0.00057679,0.00066170,0.00020761,0.00035533,0.00367806
5.950000,0.12836319,-0.15872647,1.38698458,-0.00797683,1.62038439,0.13383511,-0.12554237,-0.01989986,-0.02282918,-0.00716288,-0.01225928,-0.12689616,0.00375968,0.00059595,0.00068368,0.00021451,0.00036713,0.00380022
5.960000,0.12710796,-0.15892544,1.38675632,-0.00804845,1.62026182,0.13256634,-0.12550420,-0.01989381,-0.02282224,-0.00716070,-0.01225556,-0.12685757,0.00387460,0.00061417,0.00070457,0.00022107,0.00037836,0.00391638
5.970000,0.12585311,-0.15912434,1.38652813,-0.00812004,1.62013928,0.13129796,-0.12546490,-0.01988758,-0.02281509,-0.00715846,-0.01225172,-0.12681785,0.00398320,0.00063138,0.00072432,0.00022726,0.00038896,0.00402615
5.980000,0.12459866,-0.15932319,1.38630002,-0.00819162,1.62001678,0.13002999,-0.12542456,-0.01988118,-0.02280776,-0.00715616,-0.01224778,-0.12677707,0.00408510,0.00064753,0.00074285,0.00023308,0.00039891,0.00412915
5.990000,0.12334462,-0.15952197,1.38607198,-0.00826317,1.61989433,0.12876242,-0.12538323,-0.01987463,-0.02280024,-0.00715380,-0.01224374,-0.12673529,0.00417994,0.00066257,0.00076010,0.00023849,0.00040817,0.00422501
6.000000,0.12209100,-0.15972068,1.38584401,-0.00833469,1.61977191,0.12749528,-0.12534098,-0.01986794,-0.02279256,-0.00715139,-0.01223962,-0.12669259,0.00426734,0.00067642,0.00077599,0.00024347,0.00041671,0.00431335
6.010000,0.12083780,-0.15991932,1.38561613,-0.00840619,1.61964953,0.12622857,-0.12529790,-0.01986111,-0.02278472,-0.00714893,-0.01223541,-0.12664905,0.00434691,0.00068903,0.00079046,0.00024802,0.00042448,0.00439379
6.020000,0.11958504,-0.16011790,1.38538832,-0.00847767,1.61952720,0.12496230,-0.12525407,-0.01985416,-0.02277675,-0.00714643,-0.01223113,-0.12660475,0.00441830,0.00070035,0.00080344,0.00025209,0.00043145,0.00446595
6.030000,0.11833273,-0.16031641,1.38516059,-0.00854912,1.61940491,0.12369648,-0.12520957,-0.01984710,-0.02276866,-0.00714389,-0.01222679,-0.12655976,0.00448112,0.00071031,0.00081487,0.00025567,0.00043758,0.00452944
6.040000,0.11708085,-0.16051484,1.38493295,-0.00862055,1.61928267,0.12243111,-0.12516448,-0.01983996,-0.02276046,-0.00714132,-0.01222238,-0.12651419,0.00453499,0.00071885,0.00082466,0.00025875,0.00044284,0.00458390
6.050000,0.11582944,-0.16071321,1.38470538,-0.00869195,1.61916046,0.12116620,-0.12511890,-0.01983273,-0.02275217,-0.00713872,-0.01221793,-0.12646812,0.00457955,0.00072591,0.00083277,0.00026129,0.00044720,0.00462894
6.060000,0.11457848,-0.16091150,1.38447790,-0.00876332,1.61903831,0.11990175,-0.12507292,-0.01982544,-0.02274381,-0.00713609,-0.01221344,-0.12642164,0.00461442,0.00073144,0.00083911,0.00026328,0.00045060,0.00466418
6.070000,0.11332798,-0.16110971,1.38425051,-0.00883467,1.61891620,0.11863777,-0.12502664,-0.01981811,-0.02273540,-0.00713345,-0.01220892,-0.12637487,0.00463922,0.00073537,0.00084362,0.00026469,0.00045302,0.00468924
6.080000,0.11207795,-0.16130786,1.38402320,-0.00890599,1.61879413,0.11737425,-0.12498017,-0.01981074,-0.02272695,-0.00713080,-0.01220438,-0.12632789,0.00465357,0.00073764,0.00084623,0.00026551,0.00045442,0.00470375
6.090000,0.11082838,-0.16150593,1.38379597,-0.00897729,1.61867211,0.11611121,-0.12493361,-0.01980336,-0.02271848,-0.00712814,-0.01219984,-0.12628083,0.00465711,0.00073820,0.00084687,0.00026571,0.00045477,0.00470733
6.100000,0.10957927,-0.16170393,1.38356883,-0.00904855,1.61855013,0.11484864,-0.12488707,-0.01979598,-0.02271002,-0.00712549,-0.01219529,-0.12623378,0.00464945,0.00073699,0.00084548,0.00026528,0.00045402,0.00469959
6.110000,0.10833064,-0.16190185,1.38334177,-0.00911980,1.61842820,0.11358653,-0.12484066,-0.01978863,-0.02270158,-0.00712284,-0.01219076,-0.12618687,0.00463023,0.00073394,0.00084198,0.00026418,0.00045214,0.00468016
6.120000,0.10708246,-0.16209970,1.38311479,-0.00919101,1.61830632,0.11232490,-0.12479450,-0.01978131,-0.02269318,-0.00712021,-0.01218625,-0.12614022,0.00459906,0.00072900,0.00083631,0.00026240,0.00044910,0.00464866
6.130000,0.10583474,-0.16229748,1.38288790,-0.00926220,1.61818448,0.11106373,-0.12474872,-0.01977406,-0.02268486,-0.00711759,-0.01218178,-0.12609394,0.00455558,0.00072211,0.00082841,0.00025992,0.00044485,0.00460470
6.140000,0.10458748,-0.16249518,1.38266110,-0.00933336,1.61806268,0.10980302,-0.12470343,-0.01976688,-0.02267662,-0.00711501,-0.01217736,-0.12604817,0.00449940,0.00071321,0.00081819,0.00025672,0.00043937,0.00454792
6.150000,0.10334067,-0.16269281,1.38243437,-0.00940450,1.61794093,0.10854276,-0.12465877,-0.01975980,-0.02266850,-0.00711246,-0.01217300,-0.12600303,0.00443016,0.00070223,0.00080560,0.00025276,0.00043261,0.00447793
6.160000,0.10209431,-0.16289038,1.38220773,-0.00947561,1.61781922,0.10728295,-0.12461487,-0.01975284,-0.02266052,-0.00710996,-0.01216871,-0.12595866,0.00434747,0.00068912,0.00079056,0.00024805,0.00042453,0.00439435
6.170000,0.10084837,-0.16308787,1.38198116,-0.00954670,1.61769755,0.10602359,-0.12457187,-0.01974602,-0.02265270,-0.00710750,-0.01216451,-0.12591519,0.00425097,0.00067383,0.00077301,0.00024254,0.00041511,0.00429681
6.180000,0.09960286,-0.16328530,1.38175467,-0.00961776,1.61757593,0.10476465,-0.12452990,-0.01973937,-0.02264507,-0.00710511,-0.01216042,-0.12587277,0.00414027,0.00065628,0.00075289,0.00023623,0.00040430,0.00418492
6.190000,0.09835777,-0.16348266,1.38152826,-0.00968880,1.61745435,0.10350613,-0.12448911,-0.01973290,-0.02263765,-0.00710278,-0.01215643,-0.12583154,0.00401501,0.00063642,0.00073011,0.00022908,0.00039207,0.00405830
6.200000,0.09711308,-0.16367996,1.38130192,-0.00975982,1.61733280,0.10224801,-0.12444965,-0.01972665,-0.02263047,-0.00710053,-0.01215258,-0.12579165,0.00387480,0.00061420,0.00070461,0.00022108,0.00037838,0.00391658
6.210000,0.09586877,-0.16387719,1.38107565,-0.00983081,1.61721129,0.10099029,-0.12441167,-0.01972063,-0.02262357,-0.00709836,-0.01214887,-0.12575326,0.00371927,0.00058955,0.00067633,0.00021220,0.00036319,0.00375938
6.220000,0.09462484,-0.16407437,1.38084945,-0.00990179,1.61708982,0.09973294,-0.12437532,-0.01971487,-0.02261696,-0.00709629,-0.01214532,-0.12571652,0.00354806,0.00056241,0.00064519,0.00020244,0.00034647,0.00358632
6.230000,0.09338126,-0.16427149,1.38062331,-0.00997274,1.61696839,0.09847595,-0.12434076,-0.01970939,-0.02261067,-0.00709432,-0.01214195,-0.12568159,0.00336077,0.00053272,0.00061114,0.00019175,0.00032818,0.00339701
6.240000,0.09213802,-0.16446856,1.38039723,-0.01004367,1.61684698,0.09721930,-0.12430816,-0.01970422,-0.02260474,-0.00709246,-0.01213876,-0.12564863,0.00315704,0.00050043,0.00057409,0.00018013,0.00030829,0.00319109
6.250000,0.09089509,-0.16466558,1.38017121,-0.01011459,1.61672561,0.09596297,-0.12427768,-0.01969939,-0.02259920,-0.00709072,-0.01213579,-0.12561782,0.00293650,0.00046547,0.00053399,0.00016754,0.00028675,0.00296816
6.260000,0.08965246,-0.16486255,1.37994525,-0.01018549,1.61660427,0.09470694,-0.12424948,-0.01969492,-0.02259408,-0.00708911,-0.01213303,-0.12558933,0.00269898,0.00042782,0.00049079,0.00015399,0.00026356,0.00272808
6.270000,0.08841009,-0.16505948,1.37971933,-0.01025637,1.61648295,0.09345118,-0.12422375,-0.01969084,-0.02258940,-0.00708764,-0.01213052,-0.12556331,0.00244520,0.00038759,0.00044465,0.00013951,0.00023877,0.00247156
6.280000,0.08716797,-0.16525637,1.37949346,-0.01032724,1.61636166,0.09219566,-0.12420063,-0.01968718,-0.02258519,-0.00708632,-0.01212826,-0.12553995,0.00217609,0.00034493,0.00039571,0.00012416,0.00021250,0.00219955
6.290000,0.08592607,-0.16545322,1.37926762,-0.01039810,1.61624038,0.09094037,-0.12418028,-0.01968395,-0.02258149,-0.00708516,-0.01212627,-0.12551937,0.00189258,0.00030000,0.00034416,0.00010798,0.00018481,0.00191299
6.300000,0.08468436,-0.16565005,1.37904183,-0.01046895,1.61611913,0.08968527,-0.12416282,-0.01968118,-0.02257832,-0.00708417,-0.01212457,-0.12550173,0.00159562,0.00025292,0.00029015,0.00009104,0.00015581,0.00161282
6.310000,0.08344280,-0.16584685,1.37881606,-0.01053978,1.61599789,0.08843032,-0.12414841,-0.01967890,-0.02257569,-0.00708334,-0.01212316,-0.12548716,0.00128612,0.00020386,0.00023387,0.00007338,0.00012559,0.00129999
6.320000,0.08220138,-0.16604363,1.37859031,-0.01061061,1.61587667,0.08717551,-0.12413714,-0.01967711,-0.02257365,-0.00708270,-0.01212206,-0.12547577,0.00096503,0.00015297,0.00017548,0.00005506,0.00009424,0.00097543
6.330000,0.08096005,-0.16624039,1.37836458,-0.01068144,1.61575545,0.08592080,-0.12412914,-0.01967585,-0.02257219,-0.00708224,-0.01212128,-0.12546768,0.00063327,0.00010038,0.00011516,0.00003613,0.00006184,0.00064009
6.340000,0.07971878,-0.16643714,1.37813886,-0.01075226,1.61563424,0.08466615,-0.12412451,-0.01967511,-0.02257135,-0.00708198,-0.01212083,-0.12546300,0.00029177,0.00004625,0.00005306,0.00001665,0.00002849,0.00029492
6.350000,0.07847755,-0.16663389,1.37791315,-0.01082308,1.61551303,0.08341153,-0.12412333,-0.01967493,-0.02257114,-0.00708191,-0.01212071,-0.12546182,-0.00005852,-0.00000928,-0.00001064,-0.00000334,-0.00000571,-0.00005915
6.360000,0.07723631,-0.16683064,1.37768744,-0.01089390,1.61539182,0.08215690,-0.12412570,-0.01967530,-0.02257157,-0.00708205,-0.01212095,-0.12546421,-0.00041668,-0.00006605,-0.00007577,-0.00002377,-0.00004069,-0.00042118
6.370000,0.07599502,-0.16702740,1.37746172,-0.01096472,1.61527061,0.08090223,-0.12413169,-0.01967625,-0.02257266,-0.00708239,-0.01212153,-0.12547026,-0.00078178,-0.00012392,-0.00014216,-0.00004460,-0.00007634,-0.00079021
6.380000,0.07475366,-0.16722417,1.37723598,-0.01103555,1.61514939,0.07964748,-0.12414136,-0.01967778,-0.02257441,-0.00708294,-0.01212247,-0.12548004,-0.00115288,-0.00018274,-0.00020964,-0.00006578,-0.00011258,-0.00116531
6.390000,0.07351218,-0.16742096,1.37701023,-0.01110638,1.61502816,0.07839262,-0.12415477,-0.01967991,-0.02257685,-0.00708371,-0.01212378,-0.12549359,-0.00152905,-0.00024237,-0.00027805,-0.00008724,-0.00014931,-0.00154554
6.400000,0.07227055,-0.16761777,1.37678444,-0.01117722,1.61490691,0.07713760,-0.12417195,-0.01968263,-0.02257998,-0.00708469,-0.01212546,-0.12551096,-0.00190936,-0.00030265,-0.00034721,-0.00010894,-0.00018645,-0.00192995
6.410000,0.07102873,-0.16781461,1.37655863,-0.01124807,1.61478565,0.07588238,-0.12419296,-0.01968596,-0.02258380,-0.00708589,-0.01212751,-0.12553220,-0.00229287,-0.00036345,-0.00041695,-0.00013082,-0.00022390,-0.00231759
6.420000,0.06978668,-0.16801149,1.37633277,-0.01131894,1.61466436,0.07462694,-0.12421782,-0.01968990,-0.02258832,-0.00708730,-0.01212994,-0.12555732,-0.00267866,-0.00042460,-0.00048710,-0.00015283,-0.00026157,-0.00270754
6.430000,0.06854436,-0.16820841,1.37610686,-0.01138982,1.61454305,0.07337123,-0.12424654,-0.01969445,-0.02259354,-0.00708894,-0.01213275,-0.12558635,-0.00306578,-0.00048596,-0.00055750,-0.00017492,-0.00029938,-0.00309884
6.440000,0.06730174,-0.16840538,1.37588089,-0.01146072,1.61442171,0.07211520,-0.12427914,-0.01969962,-0.02259947,-0.00709080,-0.01213593,-0.12561930,-0.00345332,-0.00054739,-0.00062797,-0.00019703,-0.00033722,-0.00349056
6.450000,0.06605877,-0.16860241,1.37565487,-0.01153164,1.61430033,0.07085883,-0.12431561,-0.01970540,-0.02260610,-0.00709288,-0.01213949,-0.12565616,-0.00384033,-0.00060873,-0.00069834,-0.00021911,-0.00037501,-0.00388174
6.460000,0.06481541,-0.16879949,1.37542877,-0.01160258,1.61417892,0.06960206,-0.12435594,-0.01971180,-0.02261343,-0.00709518,-0.01214343,-0.12569693,-0.00422588,-0.00066985,-0.00076845,-0.00024111,-0.00041266,-0.00427145
6.470000,0.06357163,-0.16899665,1.37520259,-0.01167354,1.61405746,0.06834487,-0.12440012,-0.01971880,-0.02262147,-0.00709771,-0.01214774,-0.12574158,-0.00460904,-0.00073058,-0.00083813,-0.00026297,-0.00045008,-0.00465875
6.480000,0.06232740,-0.16919387,1.37497634,-0.01174453,1.61393596,0.06708722,-0.12444811,-0.01972641,-0.02263019,-0.00710044,-0.01215243,-0.12579009,-0.00498889,-0.00079079,-0.00090720,-0.00028464,-0.00048717,-0.00504268
6.490000,0.06108266,-0.16939118,1.37474999,-0.01181555,1.61381441,0.06582906,-0.12449988,-0.01973461,-0.02263961,-0.00710340,-0.01215748,-0.12584242,-0.00536447,-0.00085033,-0.00097550,-0.00030607,-0.00052384,-0.00542232
6.500000,0.05983739,-0.16958857,1.37452354,-0.01188660,1.61369281,0.06457036,-0.12455538,-0.01974341,-0.02264970,-0.00710656,-0.01216290,-0.12589852,-0.00573487,-0.00090904,-0.00104285,-0.00032721,-0.00056001,-0.00579672
6.510000,0.05859154,-0.16978605,1.37429699,-0.01195768,1.61357115,0.06331108,-0.12461456,-0.01975279,-0.02266046,-0.00710994,-0.01216868,-0.12595833,-0.00609916,-0.00096678,-0.00110910,-0.00034799,-0.00059559,-0.00616493
6.520000,0.05734508,-0.16998362,1.37407033,-0.01202880,1.61344943,0.06205118,-0.12467734,-0.01976274,-0.02267188,-0.00711352,-0.01217481,-0.12602180,-0.00645638,-0.00102341,-0.00117406,-0.00036837,-0.00063047,-0.00652601
6.530000,0.05609798,-0.17018130,1.37384355,-0.01209995,1.61332765,0.06079063,-0.12474366,-0.01977325,-0.02268394,-0.00711731,-0.01218129,-0.12608883,-0.00680563,-0.00107877,-0.00123757,-0.00038830,-0.00066457,-0.00687902
6.540000,0.05485020,-0.17037909,1.37361665,-0.01217115,1.61320581,0.05952939,-0.12481342,-0.01978431,-0.02269662,-0.00712129,-0.01218810,-0.12615935,-0.00714596,-0.00113271,-0.00129945,-0.00040772,-0.00069781,-0.00722302
6.550000,0.05360170,-0.17057699,1.37338962,-0.01224238,1.61308389,0.05826743,-0.12488654,-0.01979590,-0.02270992,-0.00712546,-0.01219524,-0.12623325,-0.00747644,-0.00118510,-0.00135955,-0.00042657,-0.00073008,-0.00755706
6.560000,0.05235246,-0.17077501,1.37316245,-0.01231366,1.61296190,0.05700472,-0.12496292,-0.01980801,-0.02272381,-0.00712982,-0.01220270,-0.12631045,-0.00779613,-0.00123577,-0.00141768,-0.00044481,-0.00076130,-0.00788020
6.570000,0.05110243,-0.17097315,1.37293514,-0.01238498,1.61283984,0.05574121,-0.12504243,-0.01982061,-0.02273827,-0.00713435,-0.01221046,-0.12639082,-0.00810412,-0.00128459,-0.00147369,-0.00046238,-0.00079137,-0.00819151
6.580000,0.04985160,-0.17117142,1.37270768,-0.01245634,1.61271769,0.05447689,-0.12512496,-0.01983369,-0.02275327,-0.00713906,-0.01221852,-0.12647424,-0.00839945,-0.00133141,-0.00152739,-0.00047923,-0.00082021,-0.00849003
6.590000,0.04859992,-0.17136983,1.37248007,-0.01252776,1.61259546,0.05321172,-0.12521037,-0.01984723,-0.02276881,-0.00714393,-0.01222686,-0.12656057,-0.00868121,-0.00137607,-0.00157863,-0.00049531,-0.00084772,-0.00877482
6.600000,0.04734738,-0.17156837,1.37225230,-0.01259922,1.61247315,0.05194567,-0.12529853,-0.01986121,-0.02278484,-0.00714896,-0.01223547,-0.12664969,-0.00894845,-0.00141843,-0.00162723,-0.00051056,-0.00087382,-0.00904495
6.610000,0.04609394,-0.17176705,1.37202437,-0.01267074,1.61235075,0.05067871,-0.12538929,-0.01987559,-0.02280134,-0.00715414,-0.01224434,-0.12674142,-0.00920025,-0.00145834,-0.00167301,-0.00052492,-0.00089841,-0.00929946
6.620000,0.04483959,-0.17196588,1.37179628,-0.01274231,1.61222827,0.04941083,-0.12548248,-0.01989037,-0.02281829,-0.00715946,-0.01225344,-0.12683562,-0.00943568,-0.00149566,-0.00171583,-0.00053836,-0.00092140,-0.00953743
6.630000,0.04358429,-0.17216486,1.37156801,-0.01281393,1.61210568,0.04814199,-0.12557794,-0.01990550,-0.02283565,-0.00716491,-0.01226276,-0.12693211,-0.00965379,-0.00153023,-0.00175549,-0.00055080,-0.00094270,-0.00975789
6.640000,0.04232802,-0.17236399,1.37133956,-0.01288561,1.61198301,0.04687218,-0.12567550,-0.01992096,-0.02285339,-0.00717047,-0.01227228,-0.12703072,-0.00985367,-0.00156192,-0.00179183,-0.00056221,-0.00096222,-0.00995992
6.650000,0.04107077,-0.17256328,1.37111094,-0.01295734,1.61186024,0.04560137,-0.12577495,-0.01993673,-0.02287147,-0.00717615,-0.01228200,-0.12713125,-0.01003436,-0.00159056,-0.00182469,-0.00057252,-0.00097986,-0.01014257
6.660000,0.03981252,-0.17276273,1.37088213,-0.01302913,1.61173737,0.04432955,-0.12587612,-0.01995276,-0.02288987,-0.00718192,-0.01229187,-0.12723350,-0.01019496,-0.00161601,-0.00185390,-0.00058168,-0.00099554,-0.01030489
6.670000,0.03855324,-0.17296234,1.37065314,-0.01310098,1.61161440,0.04305670,-0.12597878,-0.01996903,-0.02290854,-0.00718778,-0.01230190,-0.12733727,-0.01033451,-0.00163813,-0.00187927,-0.00058964,-0.00100917,-0.01044595
6.680000,0.03729294,-0.17316211,1.37042396,-0.01317288,1.61149133,0.04178280,-0.12608273,-0.01998551,-0.02292744,-0.00719371,-0.01231205,-0.12744234,-0.01045209,-0.00165677,-0.00190065,-0.00059635,-0.00102065,-0.01056480
6.690000,0.03603159,-0.17336205,1.37019459,-0.01324485,1.61136816,0.04050785,-0.12618775,-0.02000216,-0.02294654,-0.00719970,-0.01232231,-0.12754849,-0.01054677,-0.00167178,-0.00191787,-0.00060175,-0.00102990,-0.01066050
6.700000,0.03476918,-0.17356216,1.36996503,-0.01331688,1.61124488,0.03923183,-0.12629359,-0.02001893,-0.02296578,-0.00720574,-0.01233264,-0.12765547,-0.01061761,-0.00168301,-0.00193075,-0.00060579,-0.00103682,-0.01073210
6.710000,0.03350571,-0.17376243,1.36973527,-0.01338897,1.61112151,0.03795474,-0.12640002,-0.02003580,-0.02298514,-0.00721181,-0.01234303,-0.12776305,-0.01066368,-0.00169031,-0.00193913,-0.00060842,-0.00104131,-0.01077867
6.720000,0.03224118,-0.17396287,1.36950533,-0.01346111,1.61099802,0.03667657,-0.12650678,-0.02005273,-0.02300455,-0.00721790,-0.01235346,-0.12787096,-0.01068405,-0.00169354,-0.00194283,-0.00060958,-0.00104330,-0.01079926
6.730000,0.03097558,-0.17416348,1.36927518,-0.01353332,1.61087444,0.03539732,-0.12661361,-0.02006966,-0.02302398,-0.00722400,-0.01236389,-0.12797895,-0.01067779,-0.00169255,-0.00194170,-0.00060923,-0.00104269,-0.01079293
6.740000,0.02970891,-0.17436426,1.36904485,-0.01360559,1.61075075,0.03411699,-0.12672024,-0.02008656,-0.02304337,-0.00723008,-0.01237430,-0.12808673,-0.01064396,-0.00168719,-0.00193554,-0.00060730,-0.00103939,-0.01075874
6.750000,0.02844117,-0.17456521,1.36881432,-0.01367793,1.61062695,0.03283558,-0.12682639,-0.02010339,-0.02306267,-0.00723614,-0.01238467,-0.12819402,-0.01058163,-0.00167731,-0.00192421,-0.00060374,-0.00103330,-0.01069573
6.760000,0.02717238,-0.17476633,1.36858359,-0.01375032,1.61050305,0.03155311,-0.12693178,-0.02012009,-0.02308183,-0.00724215,-0.01239496,-0.12830054,-0.01048987,-0.00166276,-0.00190752,-0.00059850,-0.00102434,-0.01060298
6.770000,0.02590254,-0.17496762,1.36835268,-0.01382277,1.61037905,0.03026958,-0.12703609,-0.02013663,-0.02310080,-0.00724810,-0.01240515,-0.12840598,-0.01036774,-0.00164340,-0.00188532,-0.00059154,-0.00101242,-0.01047954
6.780000,0.02463166,-0.17516906,1.36812158,-0.01389528,1.61025495,0.02898500,-0.12713903,-0.02015295,-0.02311952,-0.00725398,-0.01241520,-0.12851003,-0.01021432,-0.00161908,-0.00185742,-0.00058278,-0.00099743,-0.01032447
6.790000,0.02335977,-0.17537067,1.36789029,-0.01396785,1.61013075,0.02769938,-0.12724027,-0.02016899,-0.02313793,-0.00725975,-0.01242508,-0.12861236,-0.01002867,-0.00158966,-0.00182366,-0.00057219,-0.00097931,-0.01013681
6.800000,0.02208687,-0.17557244,1.36765882,-0.01404047,1.61000645,0.02641276,-0.12733949,-0.02018472,-0.02315598,-0.00726541,-0.01243477,-0.12871265,-0.00980986,-0.00155497,-0.00178387,-0.00055971,-0.00095794,-0.00991564
6.810000,0.02081298,-0.17577437,1.36742717,-0.01411316,1.60988205,0.02512514,-0.12743635,-0.02020008,-0.02317359,-0.00727094,-0.01244423,-0.12881056,-0.00955695,-0.00151488,-0.00173788,-0.00054528,-0.00093324,-0.00966001
6.820000,0.01953815,-0.17597644,1.36719535,-0.01418589,1.60975757,0.02383655,-0.12753051,-0.02021500,-0.02319071,-0.00727631,-0.01245343,-0.12890573,-0.00926902,-0.00146924,-0.00168552,-0.00052885,-0.00090512,-0.00936897
6.830000,0.01826238,-0.17617867,1.36696336,-0.01425868,1.60963299,0.02254703,-0.12762161,-0.02022944,-0.02320728,-0.00728151,-0.01246232,-0.12899782,-0.00894513,-0.00141790,-0.00162662,-0.00051037,-0.00087350,-0.00904159
6.840000,0.01698573,-0.17638103,1.36673121,-0.01433152,1.60950832,0.02125661,-0.12770929,-0.02024334,-0.02322322,-0.00728651,-0.01247088,-0.12908644,-0.00858435,-0.00136071,-0.00156102,-0.00048978,-0.00083827,-0.00867691
6.850000,0.01570821,-0.17658353,1.36649890,-0.01440441,1.60938357,0.01996532,-0.12779317,-0.02025664,-0.02323848,-0.00729130,-0.01247908,-0.12917123,-0.00818574,-0.00129753,-0.00148853,-0.00046704,-0.00079934,-0.00827401
6.860000,0.01442988,-0.17678616,1.36626644,-0.01447735,1.60925874,0.01867320,-0.12787288,-0.02026927,-0.02325297,-0.00729585,-0.01248686,-0.12925179,-0.00774838,-0.00122820,-0.00140900,-0.00044209,-0.00075663,-0.00783193
6.870000,0.01315077,-0.17698891,1.36603384,-0.01455033,1.60913383,0.01738030,-0.12794801,-0.02028118,-0.02326663,-0.00730013,-0.01249420,-0.12932773,-0.00727133,-0.00115259,-0.00132225,-0.00041487,-0.00071005,-0.00734974
6.880000,0.01187093,-0.17719178,1.36580111,-0.01462335,1.60900886,0.01608666,-0.12801817,-0.02029230,-0.02327939,-0.00730413,-0.01250105,-0.12939865,-0.00675372,-0.00107054,-0.00122813,-0.00038534,-0.00065950,-0.00682655
6.890000,0.01059042,-0.17739476,1.36556826,-0.01469641,1.60888381,0.01479234,-0.12808295,-0.02030257,-0.02329117,-0.00730783,-0.01250737,-0.12946413,-0.00619618,-0.00098216,-0.00112674,-0.00035353,-0.00060506,-0.00626300
6.900000,0.00930929,-0.17759783,1.36533529,-0.01476950,1.60875871,0.01349740,-0.12814197,-0.02031192,-0.02330190,-0.00731120,-0.01251314,-0.12952378,-0.00560085,-0.00088780,-0.00101848,-0.00031956,-0.00054693,-0.00566125
6.910000,0.00802760,-0.17780099,1.36510222,-0.01484263,1.60863355,0.01220189,-0.12819485,-0.02032031,-0.02331152,-0.00731422,-0.01251830,-0.12957724,-0.00496991,-0.00078779,-0.00090375,-0.00028356,-0.00048531,-0.00502350
6.920000,0.00674542,-0.17800423,1.36486906,-0.01491579,1.60850835,0.01090587,-0.12824125,-0.02032766,-0.02331996,-0.00731686,-0.01252283,-0.12962414,-0.00430556,-0.00068248,-0.00078294,-0.00024566,-0.00042044,-0.00435198
6.930000,0.00546280,-0.17820754,1.36463583,-0.01498897,1.60838310,0.00960943,-0.12828086,-0.02033394,-0.02332716,-0.00731912,-0.01252670,-0.12966417,-0.00360998,-0.00057222,-0.00065645,-0.00020597,-0.00035252,-0.00364891
6.940000,0.00417982,-0.17841091,1.36440253,-0.01506217,1.60825782,0.00831261,-0.12831336,-0.02033909,-0.02333307,-0.00732098,-0.01252987,-0.12969702,-0.00288537,-0.00045736,-0.00052469,-0.00016463,-0.00028176,-0.00291648
6.950000,0.00289656,-0.17861432,1.36416917,-0.01513539,1.60813250,0.00701551,-0.12833847,-0.02034307,-0.02333763,-0.00732241,-0.01253232,-0.12972241,-0.00213392,-0.00033825,-0.00038804,-0.00012175,-0.00020838,-0.00215693
6.960000,0.00161308,-0.17881776,1.36393578,-0.01520861,1.60800717,0.00571819,-0.12835595,-0.02034584,-0.02334081,-0.00732341,-0.01253403,-0.12974008,-0.00135783,-0.00021523,-0.00024691,-0.00007747,-0.00013259,-0.00137247
6.970000,0.00032947,-0.17902123,1.36370236,-0.01528185,1.60788183,0.00442074,-0.12836556,-0.02034736,-0.02334256,-0.00732396,-0.01253497,-0.12974978,-0.00055929,-0.00008865,-0.00010170,-0.00003191,-0.00005461,-0.00056532
6.980000,-0.00095420,-0.17922471,1.36346893,-0.01535509,1.60775648,0.00312322,-0.12836707,-0.02034760,-0.02334284,-0.00732404,-0.01253512,-0.12975131,0.00025952,0.00004114,0.00004719,0.00001481,0.00002534,0.00026232
6.990000,-0.00223785,-0.17942818,1.36323551,-0.01542833,1.60763113,0.00182574,-0.12836030,-0.02034653,-0.02334160,-0.00732366,-0.01253446,-0.12974448,0.00109640,0.00017379,0.00019937,0.00006256,0.00010706,0.00110822
7.000000,-0.00352138,-0.17963163,1.36300210,-0.01550156,1.60750579,0.00052836,-0.12834509,-0.02034412,-0.02333884,-0.00732279,-0.01253297,-0.12972910,0.00194915,0.00030896,0.00035444,0.00011121,0.00019034,0.00197017
7.010000,-0.00480472,-0.17983506,1.36276874,-0.01557479,1.60738047,-0.00076881,-0.12832128,-0.02034035,-0.02333451,-0.00732143,-0.01253065,-0.12970503,0.00281559,0.00044630,0.00051200,0.00016064,0.00027494,0.00284595
7.020000,-0.00608778,-0.18003844,1.36253542,-0.01564799,1.60725518,-0.00206571,-0.12828874,-0.02033519,-0.02332859,-0.00731957,-0.01252747,-0.12967214,0.00369352,0.00058546,0.00067165,0.00021074,0.00036067,0.00373335
7.030000,-0.00737047,-0.18024176,1.36230217,-0.01572118,1.60712992,-0.00336223,-0.12824737,-0.02032863,-0.02332107,-0.00731721,-0.01252343,-0.12963033,0.00458075,0.00072610,0.00083298,0.00026136,0.00044731,0.00463015
7.040000,-0.00865270,-0.18044500,1.36206900,-0.01579433,1.60700471,-0.00465828,-0.12819710,-0.02032066,-0.02331193,-0.00731434,-0.01251852,-0.12957951,0.00547509,0.00086786,0.00099561,0.00031238,0.00053465,0.00553413
7.050000,-0.00993438,-0.18064816,1.36183594,-0.01586746,1.60687956,-0.00595379,-0.12813786,-0.02031127,-0.02330115,-0.00731096,-0.01251273,-0.12951963,0.00637434,0.00101040,0.00115914,0.00036369,0.00062246,0.00644308
7.060000,-0.01121542,-0.18085122,1.36160299,-0.01594055,1.60675446,-0.00724865,-0.12806960,-0.02030045,-0.02328874,-0.00730707,-0.01250607,-0.12945064,0.00727632,0.00115338,0.00132316,0.00041515,0.00071054,0.00735479
7.070000,-0.01249574,-0.18105417,1.36137017,-0.01601360,1.60662944,-0.00854277,-0.12799233,-0.02028820,-0.02327469,-0.00730266,-0.01249852,-0.12937253,0.00817883,0.00129644,0.00148728,0.00046665,0.00079867,0.00826703
7.080000,-0.01377524,-0.18125698,1.36113750,-0.01608660,1.60650449,-0.00983607,-0.12790603,-0.02027452,-0.02325900,-0.00729774,-0.01249010,-0.12928531,0.00907968,0.00143923,0.00165109,0.00051805,0.00088664,0.00917759
7.090000,-0.01505383,-0.18145965,1.36090499,-0.01615955,1.60637964,-0.01112845,-0.12781075,-0.02025942,-0.02324167,-0.00729230,-0.01248079,-0.12918899,0.00997668,0.00158141,0.00181420,0.00056922,0.00097423,0.01008426
7.100000,-0.01633142,-0.18166217,1.36067267,-0.01623245,1.60625488,-0.01241982,-0.12770652,-0.02024290,-0.02322272,-0.00728635,-0.01247061,-0.12908364,0.01086763,0.00172264,0.00197622,0.00062006,0.00106123,0.01098482
7.110000,-0.01760793,-0.18186451,1.36044054,-0.01630528,1.60613023,-0.01371009,-0.12759342,-0.02022497,-0.02320215,-0.00727990,-0.01245957,-0.12896932,0.01175034,0.00186256,0.00213673,0.00067042,0.00114743,0.01187705
7.120000,-0.01888326,-0.18206666,1.36020863,-0.01637804,1.60600569,-0.01499917,-0.12747155,-0.02020565,-0.02317999,-0.00727295,-0.01244767,-0.12884613,0.01262263,0.00200083,0.00229535,0.00072019,0.00123261,0.01275874
7.130000,-0.02015733,-0.18226862,1.35997695,-0.01645074,1.60588128,-0.01628698,-0.12734101,-0.02018496,-0.02315625,-0.00726550,-0.01243492,-0.12871419,0.01348229,0.00213709,0.00245168,0.00076924,0.00131655,0.01362768
7.140000,-0.02143006,-0.18247036,1.35974551,-0.01652335,1.60575700,-0.01757343,-0.12720195,-0.02016292,-0.02313096,-0.00725757,-0.01242134,-0.12857363,0.01432714,0.00227101,0.00260531,0.00081744,0.00139905,0.01448163
7.150000,-0.02270134,-0.18267187,1.35951433,-0.01659589,1.60563285,-0.01885843,-0.12705453,-0.02013955,-0.02310416,-0.00724915,-0.01240695,-0.12842462,0.01515498,0.00240223,0.00275585,0.00086467,0.00147989,0.01531840
7.160000,-0.02397112,-0.18287314,1.35928343,-0.01666833,1.60550886,-0.02014189,-0.12689892,-0.02011489,-0.02307586,-0.00724028,-0.01239175,-0.12826733,0.01596362,0.00253041,0.00290290,0.00091081,0.00155886,0.01613577
7.170000,-0.02523930,-0.18307416,1.35905282,-0.01674069,1.60538502,-0.02142375,-0.12673532,-0.02008895,-0.02304611,-0.00723094,-0.01237578,-0.12810197,0.01675088,0.00265520,0.00304605,0.00095573,0.00163573,0.01693151
7.180000,-0.02650580,-0.18327492,1.35882252,-0.01681295,1.60526135,-0.02270391,-0.12656398,-0.02006179,-0.02301495,-0.00722117,-0.01235904,-0.12792878,0.01751455,0.00277625,0.00318492,0.00099930,0.00171031,0.01770341
7.190000,-0.02777055,-0.18347540,1.35859253,-0.01688511,1.60513784,-0.02398230,-0.12638512,-0.02003344,-0.02298243,-0.00721096,-0.01234158,-0.12774799,0.01825244,0.00289321,0.00331910,0.00104140,0.00178236,0.01844927
7.200000,-0.02903348,-0.18367558,1.35836287,-0.01695717,1.60501452,-0.02525884,-0.12619902,-0.02000394,-0.02294859,-0.00720034,-0.01232341,-0.12755989,0.01896237,0.00300575,0.00344820,0.00108191,0.00185169,0.01916685
7.210000,-0.03029451,-0.18387547,1.35813356,-0.01702912,1.60489138,-0.02653347,-0.12600597,-0.01997334,-0.02291348,-0.00718933,-0.01230455,-0.12736476,0.01964213,0.00311350,0.00357181,0.00112069,0.00191807,0.01985395
7.220000,-0.03155358,-0.18407505,1.35790461,-0.01710095,1.60476843,-0.02780612,-0.12580629,-0.01994169,-0.02287717,-0.00717794,-0.01228506,-0.12716292,0.02028955,0.00321612,0.00368954,0.00115763,0.00198129,0.02050834
7.230000,-0.03281061,-0.18427430,1.35767602,-0.01717267,1.60464568,-0.02907671,-0.12560030,-0.01990904,-0.02283971,-0.00716618,-0.01226494,-0.12695471,0.02090242,0.00331327,0.00380099,0.00119260,0.00204113,0.02112782
7.240000,-0.03406556,-0.18447323,1.35744782,-0.01724428,1.60452313,-0.03034519,-0.12538836,-0.01987545,-0.02280117,-0.00715409,-0.01224424,-0.12674048,0.02147856,0.00340459,0.00390576,0.00122547,0.00209739,0.02171017
7.250000,-0.03531836,-0.18467181,1.35722000,-0.01731575,1.60440080,-0.03161150,-0.12517086,-0.01984097,-0.02276162,-0.00714168,-0.01222301,-0.12652063,0.02201576,0.00348974,0.00400344,0.00125612,0.00214985,0.02225317
7.260000,-0.03656896,-0.18487004,1.35699259,-0.01738711,1.60427867,-0.03287558,-0.12494818,-0.01980567,-0.02272113,-0.00712898,-0.01220126,-0.12629556,0.02251185,0.00356838,0.00409365,0.00128442,0.00219829,0.02275461
7.270000,-0.03781731,-0.18506792,1.35676558,-0.01745833,1.60415677,-0.03413739,-0.12472076,-0.01976962,-0.02267977,-0.00711600,-0.01217905,-0.12606569,0.02296462,0.00364015,0.00417599,0.00131026,0.00224251,0.02321226
7.280000,-0.03906336,-0.18526543,1.35653899,-0.01752943,1.60403509,-0.03539688,-0.12448904,-0.01973289,-0.02263764,-0.00710278,-0.01215643,-0.12583147,0.02337189,0.00370470,0.00425005,0.00133349,0.00228228,0.02362392
7.290000,-0.04030708,-0.18546257,1.35631283,-0.01760039,1.60391365,-0.03665401,-0.12425348,-0.01969556,-0.02259480,-0.00708934,-0.01213342,-0.12559337,0.02373146,0.00376170,0.00431543,0.00135401,0.00231739,0.02398737
7.300000,-0.04154842,-0.18565934,1.35608710,-0.01767121,1.60379243,-0.03790874,-0.12401458,-0.01965769,-0.02255136,-0.00707571,-0.01211009,-0.12535189,0.02404114,0.00381079,0.00437175,0.00137168,0.00234763,0.02430039
7.310000,-0.04278736,-0.18585573,1.35586181,-0.01774190,1.60367144,-0.03916104,-0.12377284,-0.01961937,-0.02250740,-0.00706192,-0.01208649,-0.12510754,0.02429874,0.00385162,0.00441859,0.00138638,0.00237279,0.02456077
7.320000,-0.04402387,-0.18605173,1.35563695,-0.01781245,1.60355070,-0.04041088,-0.12352879,-0.01958068,-0.02246302,-0.00704799,-0.01206266,-0.12486085,0.02450207,0.00388385,0.00445556,0.00139798,0.00239264,0.02476628
7.330000,-0.04525793,-0.18624734,1.35541255,-0.01788286,1.60343019,-0.04165825,-0.12328298,-0.01954172,-0.02241832,-0.00703397,-0.01203865,-0.12461240,0.02464892,0.00390713,0.00448227,0.00140636,0.00240698,0.02491472
7.340000,-0.04648953,-0.18644256,1.35518859,-0.01795313,1.60330993,-0.04290313,-0.12303600,-0.01950257,-0.02237341,-0.00701988,-0.01201454,-0.12436276,0.02473712,0.00392111,0.00449831,0.00141139,0.00241559,0.02500388
7.350000,-0.04771865,-0.18663739,1.35496508,-0.01802326,1.60318990,-0.04414550,-0.12278844,-0.01946333,-0.02232839,-0.00700575,-0.01199036,-0.12411253,0.02476447,0.00392544,0.00450328,0.00141295,0.00241826,0.02503152
7.360000,-0.04894529,-0.18683183,1.35474202,-0.01809325,1.60307012,-0.04538538,-0.12254092,-0.01942410,-0.02228338,-0.00699163,-0.01196619,-0.12386234,0.02472878,0.00391979,0.00449679,0.00141091,0.00241478,0.02499544
7.370000,-0.05016947,-0.18702587,1.35451941,-0.01816309,1.60295058,-0.04662275,-0.12229408,-0.01938497,-0.02223850,-0.00697754,-0.01194209,-0.12361284,0.02462785,0.00390379,0.00447844,0.00140515,0.00240492,0.02489342
7.380000,-0.05139118,-0.18721953,1.35429725,-0.01823280,1.60283128,-0.04785764,-0.12204859,-0.01934606,-0.02219385,-0.00696354,-0.01191811,-0.12336470,0.02445949,0.00387710,0.00444782,0.00139555,0.00238848,0.02472325
7.390000,-0.05261045,-0.18741280,1.35407553,-0.01830236,1.60271221,-0.04909005,-0.12180513,-0.01930746,-0.02214958,-0.00694965,-0.01189434,-0.12311861,0.02422152,0.00383938,0.00440455,0.00138197,0.00236525,0.02448271
7.400000,-0.05382729,-0.18760568,1.35385426,-0.01837179,1.60259339,-0.05032002,-0.12156440,-0.01926931,-0.02210581,-0.00693591,-0.01187083,-0.12287529,0.02391173,0.00379027,0.00434821,0.00136429,0.00233499,0.02416958
7.410000,-0.05504175,-0.18779818,1.35363341,-0.01844108,1.60247480,-0.05154757,-0.12132714,-0.01923170,-0.02206266,-0.00692238,-0.01184766,-0.12263547,0.02352794,0.00372944,0.00427842,0.00134240,0.00229752,0.02378165
7.420000,-0.05625385,-0.18799031,1.35341300,-0.01851024,1.60235643,-0.05277274,-0.12109409,-0.01919476,-0.02202029,-0.00690908,-0.01182491,-0.12239991,0.02306795,0.00365653,0.00419478,0.00131615,0.00225260,0.02331670
7.430000,-0.05746365,-0.18818208,1.35319300,-0.01857926,1.60223830,-0.05399559,-0.12086604,-0.01915861,-0.02197881,-0.00689607,-0.01180264,-0.12216940,0.02252957,0.00357119,0.00409688,0.00128544,0.00220003,0.02277252
7.440000,-0.05867119,-0.18837349,1.35297342,-0.01864816,1.60212038,-0.05521615,-0.12064377,-0.01912338,-0.02193840,-0.00688339,-0.01178093,-0.12194473,0.02191062,0.00347308,0.00398432,0.00125012,0.00213958,0.02214689
7.450000,-0.05987654,-0.18856455,1.35275423,-0.01871693,1.60200268,-0.05643450,-0.12042810,-0.01908919,-0.02189918,-0.00687108,-0.01175987,-0.12172674,0.02120889,0.00336184,0.00385672,0.00121008,0.00207106,0.02143759
7.460000,-0.06107978,-0.18875528,1.35253543,-0.01878558,1.60188518,-0.05765071,-0.12021988,-0.01905618,-0.02186131,-0.00685920,-0.01173954,-0.12151627,0.02042219,0.00323714,0.00371366,0.00116520,0.00199424,0.02064241
7.470000,-0.06228097,-0.18894568,1.35231700,-0.01885412,1.60176788,-0.05886486,-0.12001995,-0.01902449,-0.02182496,-0.00684779,-0.01172002,-0.12131418,0.01954834,0.00309863,0.00355476,0.00111534,0.00190891,0.01975914
7.480000,-0.06348021,-0.18913577,1.35209893,-0.01892254,1.60165078,-0.06007703,-0.11982921,-0.01899426,-0.02179027,-0.00683691,-0.01170139,-0.12112138,0.01858514,0.00294595,0.00337960,0.00106038,0.00181485,0.01878555
7.490000,-0.06467759,-0.18932557,1.35188119,-0.01899086,1.60153385,-0.06128732,-0.11964855,-0.01896562,-0.02175742,-0.00682660,-0.01168375,-0.12093878,0.01753039,0.00277876,0.00318780,0.00100020,0.00171185,0.01771943
7.500000,-0.06587321,-0.18951509,1.35166377,-0.01905908,1.60141710,-0.06249584,-0.11947891,-0.01893873,-0.02172657,-0.00681692,-0.01166718,-0.12076731,0.01638191,0.00259672,0.00297896,0.00093468,0.00159970,0.01655857
7.510000,-0.06706720,-0.18970435,1.35144665,-0.01912720,1.60130050,-0.06370270,-0.11932123,-0.01891374,-0.02169790,-0.00680793,-0.01165179,-0.12060793,0.01513873,0.00239966,0.00275289,0.00086375,0.00147831,0.01530197
7.520000,-0.06825968,-0.18989337,1.35122981,-0.01919524,1.60118406,-0.06490804,-0.11917644,-0.01889079,-0.02167157,-0.00679967,-0.01163765,-0.12046158,0.01380472,0.00218820,0.00251031,0.00078763,0.00134804,0.01395358
7.530000,-0.06945078,-0.19008217,1.35101321,-0.01926320,1.60106775,-0.06611198,-0.11904542,-0.01887002,-0.02164775,-0.00679219,-0.01162485,-0.12032915,0.01238499,0.00196316,0.00225214,0.00070663,0.00120940,0.01251854
7.540000,-0.07064064,-0.19027078,1.35079684,-0.01933108,1.60095156,-0.06731467,-0.11892901,-0.01885157,-0.02162658,-0.00678555,-0.01161349,-0.12021148,0.01088464,0.00172534,0.00197931,0.00062103,0.00106289,0.01100202
7.550000,-0.07182941,-0.19045921,1.35058067,-0.01939891,1.60083547,-0.06851626,-0.11882798,-0.01883555,-0.02160821,-0.00677978,-0.01160362,-0.12010936,0.00930879,0.00147555,0.00169275,0.00053112,0.00090901,0.00940917
7.560000,-0.07301725,-0.19064750,1.35036467,-0.01946668,1.60071948,-0.06971691,-0.11874307,-0.01882209,-0.02159276,-0.00677494,-0.01159533,-0.12002353,0.00766253,0.00121460,0.00139339,0.00043719,0.00074825,0.00774516
7.570000,-0.07420433,-0.19083566,1.35014880,-0.01953441,1.60060356,-0.07091679,-0.11867495,-0.01881130,-0.02158038,-0.00677105,-0.01158868,-0.11995468,0.00595097,0.00094329,0.00108215,0.00033954,0.00058112,0.00601514
7.580000,-0.07539081,-0.19102374,1.34993305,-0.01960211,1.60048770,-0.07211607,-0.11862425,-0.01880326,-0.02157116,-0.00676816,-0.01158373,-0.11990343,0.00417920,0.00066245,0.00075996,0.00023845,0.00040810,0.00422427
7.590000,-0.07657687,-0.19121174,1.34971737,-0.01966978,1.60037188,-0.07331492,-0.11859155,-0.01879808,-0.02156521,-0.00676629,-0.01158053,-0.11987038,0.00235235,0.00037287,0.00042776,0.00013421,0.00022971,0.00237771
7.600000,-0.07776270,-0.19139971,1.34950173,-0.01973744,1.60025608,-0.07451354,-0.11857737,-0.01879583,-0.02156263,-0.00676549,-0.01157915,-0.11985605,0.00047550,0.00007537,0.00008647,0.00002713,0.00004643,0.00048063
7.610000,-0.07894848,-0.19158767,1.34928611,-0.01980509,1.60014029,-0.07571210,-0.11858219,-0.01879659,-0.02156351,-0.00676576,-0.01157962,-0.11986092,-0.00144623,-0.00022924,-0.00026299,-0.00008252,-0.00014123,-0.00146183
7.620000,-0.08013441,-0.19177565,1.34907045,-0.01987275,1.60002448,-0.07691082,-0.11860643,-0.01880043,-0.02156792,-0.00676714,-0.01158198,-0.11988542,-0.00340775,-0.00054017,-0.00061968,-0.00019443,-0.00033277,-0.00344450
7.630000,-0.08132068,-0.19196369,1.34885474,-0.01994044,1.59990864,-0.07810988,-0.11865046,-0.01880741,-0.02157592,-0.00676966,-0.01158628,-0.11992992,-0.00540395,-0.00085659,-0.00098268,-0.00030832,-0.00052770,-0.00546222
7.640000,-0.08250749,-0.19215181,1.34863892,-0.02000815,1.59979275,-0.07930949,-0.11871460,-0.01881758,-0.02158759,-0.00677332,-0.01159255,-0.11999476,-0.00742972,-0.00117769,-0.00135105,-0.00042391,-0.00072552,-0.00750984
7.650000,-0.08369504,-0.19234005,1.34842297,-0.02007591,1.59967679,-0.08050984,-0.11879914,-0.01883098,-0.02160296,-0.00677814,-0.01160080,-0.12008020,-0.00947996,-0.00150268,-0.00172388,-0.00054088,-0.00092572,-0.00958219
7.660000,-0.08488354,-0.19252844,1.34820685,-0.02014372,1.59956073,-0.08171116,-0.11890427,-0.01884765,-0.02162208,-0.00678414,-0.01161107,-0.12018647,-0.01154957,-0.00183073,-0.00210022,-0.00065897,-0.00112782,-0.01167411
7.670000,-0.08607319,-0.19271701,1.34799052,-0.02021159,1.59944456,-0.08291364,-0.11903017,-0.01886760,-0.02164497,-0.00679132,-0.01162336,-0.12031373,-0.01363344,-0.00216105,-0.00247917,-0.00077786,-0.00133131,-0.01378046
7.680000,-0.08726421,-0.19290580,1.34777394,-0.02027955,1.59932825,-0.08411750,-0.11917697,-0.01889087,-0.02167167,-0.00679970,-0.01163770,-0.12046211,-0.01572647,-0.00249282,-0.00285977,-0.00089728,-0.00153570,-0.01589606
7.690000,-0.08845680,-0.19309484,1.34755707,-0.02034759,1.59921180,-0.08532296,-0.11934472,-0.01891746,-0.02170217,-0.00680927,-0.01165408,-0.12063167,-0.01782356,-0.00282523,-0.00324112,-0.00101693,-0.00174048,-0.01801576
7.700000,-0.08965117,-0.19328416,1.34733988,-0.02041574,1.59909517,-0.08653021,-0.11953344,-0.01894738,-0.02173649,-0.00682003,-0.01167251,-0.12082242,-0.01991960,-0.00315748,-0.00362227,-0.00113652,-0.00194516,-0.02013440
7.710000,-0.09084754,-0.19347380,1.34712233,-0.02048400,1.59897834,-0.08773948,-0.11974309,-0.01898061,-0.02177461,-0.00683200,-0.01169298,-0.12103434,-0.02200949,-0.00348875,-0.00400230,-0.00125576,-0.00214924,-0.02224682
7.720000,-0.09204611,-0.19366378,1.34690438,-0.02055238,1.59886130,-0.08895097,-0.11997359,-0.01901714,-0.02181653,-0.00684515,-0.01171549,-0.12126732,-0.02408811,-0.00381823,-0.00438029,-0.00137436,-0.00235222,-0.02434787
7.730000,-0.09324708,-0.19385415,1.34668599,-0.02062090,1.59874402,-0.09016489,-0.12022480,-0.01905696,-0.02186221,-0.00685948,-0.01174002,-0.12152124,-0.02615038,-0.00414513,-0.00475530,-0.00149202,-0.00255360,-0.02643238
7.740000,-0.09445067,-0.19404493,1.34646712,-0.02068958,1.59862649,-0.09138146,-0.12049652,-0.01910004,-0.02191162,-0.00687498,-0.01176655,-0.12179590,-0.02819119,-0.00446862,-0.00512641,-0.00160846,-0.00275289,-0.02849519
7.750000,-0.09565708,-0.19423616,1.34624774,-0.02075841,1.59850869,-0.09260088,-0.12078853,-0.01914632,-0.02196472,-0.00689164,-0.01179507,-0.12209105,-0.03020542,-0.00478789,-0.00549269,-0.00172338,-0.00294958,-0.03053114
7.760000,-0.09686651,-0.19442787,1.34602781,-0.02082741,1.59839058,-0.09382335,-0.12110053,-0.01919578,-0.02202145,-0.00690945,-0.01182554,-0.12240641,-0.03218799,-0.00510215,-0.00585321,-0.00183650,-0.00314318,-0.03253509
7.770000,-0.09807915,-0.19462009,1.34580730,-0.02089660,1.59827217,-0.09504907,-0.12143217,-0.01924835,-0.02208176,-0.00692837,-0.01185792,-0.12274163,-0.03413377,-0.00541058,-0.00620704,-0.00194752,-0.00333318,-0.03450186
7.780000,-0.09929522,-0.19481285,1.34558617,-0.02096598,1.59815342,-0.09627825,-0.12178306,-0.01930397,-0.02214557,-0.00694839,-0.01189219,-0.12309631,-0.03603768,-0.00571237,-0.00655325,-0.00205615,-0.00351910,-0.03642629
7.790000,-0.10051488,-0.19500618,1.34536438,-0.02103557,1.59803432,-0.09751106,-0.12215277,-0.01936257,-0.02221280,-0.00696948,-0.01192829,-0.12347000,-0.03789461,-0.00600672,-0.00689092,-0.00216209,-0.00370043,-0.03830324
7.800000,-0.10173833,-0.19520011,1.34514190,-0.02110538,1.59791485,-0.09874771,-0.12254078,-0.01942407,-0.02228336,-0.00699162,-0.01196618,-0.12386220,-0.03969944,-0.00629280,-0.00721912,-0.00226507,-0.00387667,-0.04012754
7.810000,-0.10296575,-0.19539467,1.34491870,-0.02117541,1.59779499,-0.09998837,-0.12294656,-0.01948839,-0.02235715,-0.00701477,-0.01200580,-0.12427236,-0.04144708,-0.00656982,-0.00753692,-0.00236478,-0.00404733,-0.04189403
7.820000,-0.10419732,-0.19558989,1.34469475,-0.02124568,1.59767473,-0.10123321,-0.12336952,-0.01955544,-0.02243406,-0.00703890,-0.01204710,-0.12469987,-0.04313243,-0.00683697,-0.00784339,-0.00246094,-0.00421191,-0.04359755
7.830000,-0.10543320,-0.19578579,1.34447001,-0.02131619,1.59755404,-0.10248242,-0.12380899,-0.01962510,-0.02251397,-0.00706398,-0.01209002,-0.12514408,-0.04475038,-0.00709343,-0.00813761,-0.00255325,-0.00436990,-0.04523294
7.840000,-0.10667355,-0.19598240,1.34424446,-0.02138696,1.59743292,-0.10373615,-0.12426428,-0.01969727,-0.02259677,-0.00708996,-0.01213448,-0.12560428,-0.04629582,-0.00733840,-0.00841864,-0.00264143,-0.00452081,-0.04679505
7.850000,-0.10791853,-0.19617974,1.34401806,-0.02145799,1.59731135,-0.10499455,-0.12473465,-0.01977182,-0.02268230,-0.00711679,-0.01218041,-0.12607972,-0.04776366,-0.00757107,-0.00868555,-0.00272518,-0.00466415,-0.04827871
7.860000,-0.10916829,-0.19637784,1.34379080,-0.02152930,1.59718931,-0.10625779,-0.12521928,-0.01984864,-0.02277043,-0.00714444,-0.01222773,-0.12656958,-0.04914878,-0.00779063,-0.00893743,-0.00280421,-0.00479941,-0.04967877
7.870000,-0.11042297,-0.19657672,1.34356265,-0.02160088,1.59706679,-0.10752599,-0.12571733,-0.01992759,-0.02286099,-0.00717286,-0.01227637,-0.12707300,-0.05044609,-0.00799626,-0.00917334,-0.00287822,-0.00492609,-0.05099007
7.880000,-0.11168268,-0.19677640,1.34333358,-0.02167276,1.59694378,-0.10879929,-0.12622789,-0.02000852,-0.02295384,-0.00720199,-0.01232623,-0.12758907,-0.05165048,-0.00818717,-0.00939235,-0.00294694,-0.00504370,-0.05220745
7.890000,-0.11294756,-0.19697690,1.34310356,-0.02174492,1.59682026,-0.11007781,-0.12675001,-0.02009128,-0.02304878,-0.00723178,-0.01237721,-0.12811682,-0.05275684,-0.00836254,-0.00959354,-0.00301007,-0.00515174,-0.05332574
7.900000,-0.11421772,-0.19717823,1.34287259,-0.02181739,1.59669623,-0.11136166,-0.12728268,-0.02017572,-0.02314565,-0.00726217,-0.01242923,-0.12865523,-0.05376008,-0.00852157,-0.00977597,-0.00306731,-0.00524970,-0.05433980
7.910000,-0.11549325,-0.19738042,1.34264065,-0.02189017,1.59657167,-0.11265095,-0.12782485,-0.02026166,-0.02324424,-0.00729311,-0.01248217,-0.12920325,-0.05465508,-0.00866344,-0.00993872,-0.00311837,-0.00533710,-0.05524446
7.920000,-0.11677424,-0.19758347,1.34240770,-0.02196326,1.59644658,-0.11394576,-0.12837541,-0.02034893,-0.02334435,-0.00732452,-0.01253593,-0.12975974,-0.05543676,-0.00878734,-0.01008086,-0.00316297,-0.00541343,-0.05603456
7.930000,-0.11806078,-0.19778740,1.34217375,-0.02203666,1.59632095,-0.11524617,-0.12893319,-0.02043734,-0.02344578,-0.00735634,-0.01259040,-0.13032354,-0.05609999,-0.00889247,-0.01020147,-0.00320081,-0.00547820,-0.05670494
7.940000,-0.11935293,-0.19799222,1.34193878,-0.02211039,1.59619477,-0.11655225,-0.12949700,-0.02052671,-0.02354831,-0.00738851,-0.01264546,-0.13089342,-0.05663967,-0.00897802,-0.01029961,-0.00323160,-0.00553090,-0.05725045
7.950000,-0.12065073,-0.19819794,1.34170279,-0.02218443,1.59606804,-0.11786405,-0.13006556,-0.02061683,-0.02365170,-0.00742095,-0.01270098,-0.13146812,-0.05705072,-0.00904317,-0.01037435,-0.00325505,-0.00557103,-0.05766592
7.960000,-0.12195425,-0.19840456,1.34146575,-0.02225880,1.59594075,-0.11918162,-0.13063756,-0.02070750,-0.02375571,-0.00745359,-0.01275683,-0.13204629,-0.05732801,-0.00908712,-0.01042478,-0.00327088,-0.00559811,-0.05794620
7.970000,-0.12326349,-0.19861209,1.34122767,-0.02233350,1.59581290,-0.12050498,-0.13121165,-0.02079850,-0.02386011,-0.00748634,-0.01281289,-0.13262657,-0.05746644,-0.00910907,-0.01044995,-0.00327877,-0.00561163,-0.05808613
7.980000,-0.12457848,-0.19882053,1.34098855,-0.02240853,1.59568449,-0.12183416,-0.13178641,-0.02088961,-0.02396462,-0.00751913,-0.01286902,-0.13320753,-0.05746092,-0.00910819,-0.01044895,-0.00327846,-0.00561109,-0.05808054
7.990000,-0.12589922,-0.19902988,1.34074838,-0.02248389,1.59555552,-0.12316913,-0.13236038,-0.02098059,-0.02406900,-0.00755188,-0.01292507,-0.13378768,-0.05730633,-0.00908369,-0.01042084,-0.00326964,-0.00559600,-0.05792429
8.000000,-0.12722568,-0.19924014,1.34050717,-0.02255957,1.59542599,-0.12450990,-0.13293203,-0.02107120,-0.02417295,-0.00758450,-0.01298089,-0.13436550,-0.05699757,-0.00903475,-0.01036469,-0.00325202,-0.00556585,-0.05761221
8.010000,-0.12855785,-0.19945130,1.34026492,-0.02263558,1.59529591,-0.12585643,-0.13349980,-0.02116120,-0.02427619,-0.00761689,-0.01303633,-0.13493939,-0.05652955,-0.00896056,-0.01027958,-0.00322532,-0.00552014,-0.05713913
8.020000,-0.12989566,-0.19966336,1.34002165,-0.02271191,1.59516527,-0.12720867,-0.13406207,-0.02125032,-0.02437844,-0.00764897,-0.01309124,-0.13550772,-0.05589715,-0.00886032,-0.01016458,-0.00318924,-0.00545839,-0.05649991
8.030000,-0.13123906,-0.19987630,1.33977736,-0.02278855,1.59503409,-0.12856656,-0.13461717,-0.02133832,-0.02447938,-0.00768064,-0.01314544,-0.13606882,-0.05509527,-0.00873321,-0.01001877,-0.00314349,-0.00538008,-0.05568939
8.040000,-0.13258797,-0.20009012,1.33953206,-0.02286552,1.59490236,-0.12993002,-0.13516339,-0.02142490,-0.02457871,-0.00771181,-0.01319878,-0.13662092,-0.05411881,-0.00857843,-0.00984120,-0.00308777,-0.00528473,-0.05470240
8.050000,-0.13394230,-0.20030480,1.33928579,-0.02294279,1.59477011,-0.13129894,-0.13569895,-0.02150979,-0.02467610,-0.00774237,-0.01325108,-0.13716226,-0.05296266,-0.00839517,-0.00963096,-0.00302181,-0.00517183,-0.05353378
8.060000,-0.13530191,-0.20052031,1.33903855,-0.02302036,1.59463735,-0.13267322,-0.13622203,-0.02159270,-0.02477122,-0.00777221,-0.01330216,-0.13769098,-0.05162172,-0.00818262,-0.00938712,-0.00294530,-0.00504089,-0.05217838
8.070000,-0.13666669,-0.20073664,1.33879037,-0.02309823,1.59450407,-0.13405271,-0.13673075,-0.02167334,-0.02486372,-0.00780124,-0.01335184,-0.13820519,-0.05009089,-0.00793996,-0.00910875,-0.00285796,-0.00489140,-0.05063104
8.080000,-0.13803647,-0.20095377,1.33854129,-0.02317638,1.59437031,-0.13543727,-0.13722320,-0.02175140,-0.02495327,-0.00782933,-0.01339992,-0.13870294,-0.04836505,-0.00766640,-0.00879492,-0.00275949,-0.00472288,-0.04888660
8.090000,-0.13941109,-0.20117166,1.33829132,-0.02325481,1.59423608,-0.13682671,-0.13769739,-0.02182656,-0.02503950,-0.00785639,-0.01344623,-0.13918224,-0.04643912,-0.00736112,-0.00844469,-0.00264961,-0.00453481,-0.04693990
8.100000,-0.14079035,-0.20139029,1.33804051,-0.02333351,1.59410140,-0.13822085,-0.13815130,-0.02189851,-0.02512204,-0.00788229,-0.01349055,-0.13964105,-0.04430798,-0.00702331,-0.00805716,-0.00252801,-0.00432670,-0.04478577
8.110000,-0.14217404,-0.20160962,1.33778889,-0.02341245,1.59396628,-0.13961946,-0.13858285,-0.02196692,-0.02520052,-0.00790691,-0.01353269,-0.14007725,-0.04196653,-0.00665216,-0.00763138,-0.00239442,-0.00409806,-0.04241907
8.120000,-0.14356193,-0.20182961,1.33753651,-0.02349164,1.59383075,-0.14102231,-0.13898991,-0.02203144,-0.02527454,-0.00793013,-0.01357244,-0.14048870,-0.03940966,-0.00624687,-0.00716643,-0.00224854,-0.00384838,-0.03983464
8.130000,-0.14495375,-0.20205023,1.33728342,-0.02357105,1.59369484,-0.14242914,-0.13937030,-0.02209174,-0.02534371,-0.00795184,-0.01360959,-0.14087320,-0.03663263,-0.00580668,-0.00666144,-0.00209009,-0.00357720,-0.03702766
8.140000,-0.14634924,-0.20227143,1.33702966,-0.02365067,1.59355857,-0.14383967,-0.13972184,-0.02214746,-0.02540764,-0.00797189,-0.01364392,-0.14122852,-0.03363883,-0.00533213,-0.00611703,-0.00191928,-0.00328485,-0.03400158
8.150000,-0.14774809,-0.20249317,1.33677528,-0.02373048,1.59342197,-0.14525361,-0.14004240,-0.02219827,-0.02546593,-0.00799018,-0.01367522,-0.14155254,-0.03043979,-0.00482504,-0.00553531,-0.00173676,-0.00297246,-0.03076803
8.160000,-0.14914998,-0.20271538,1.33652036,-0.02381047,1.59328507,-0.14667061,-0.14032999,-0.02224386,-0.02551822,-0.00800659,-0.01370330,-0.14184323,-0.02704739,-0.00428731,-0.00491842,-0.00154320,-0.00264119,-0.02733905
8.170000,-0.15055457,-0.20293802,1.33626494,-0.02389061,1.59314791,-0.14809035,-0.14058274,-0.02228392,-0.02556419,-0.00802101,-0.01372798,-0.14209871,-0.02347351,-0.00372081,-0.00426853,-0.00133929,-0.00229220,-0.02372664
8.180000,-0.15196151,-0.20316104,1.33600910,-0.02397088,1.59301053,-0.14951247,-0.14079889,-0.02231819,-0.02560349,-0.00803335,-0.01374909,-0.14231720,-0.01973006,-0.00312743,-0.00358780,-0.00112571,-0.00192665,-0.01994282
8.190000,-0.15337042,-0.20338437,1.33575289,-0.02405127,1.59287295,-0.15093657,-0.14097681,-0.02234639,-0.02563585,-0.00804350,-0.01376647,-0.14249704,-0.01582890,-0.00250906,-0.00287840,-0.00090313,-0.00154570,-0.01599959
8.200000,-0.15478091,-0.20360795,1.33549640,-0.02413175,1.59273521,-0.15236227,-0.14111499,-0.02236829,-0.02566097,-0.00805138,-0.01377996,-0.14263670,-0.01178193,-0.00186757,-0.00214248,-0.00067222,-0.00115051,-0.01190898
8.210000,-0.15619258,-0.20383171,1.33523970,-0.02421229,1.59259736,-0.15378916,-0.14121201,-0.02238367,-0.02567862,-0.00805692,-0.01378943,-0.14273476,-0.00760103,-0.00120485,-0.00138220,-0.00043368,-0.00074224,-0.00768299
8.220000,-0.15760501,-0.20405560,1.33498286,-0.02429288,1.59245944,-0.15521682,-0.14126660,-0.02239232,-0.02568854,-0.00806003,-0.01379476,-0.14278994,-0.00329808,-0.00052278,-0.00059974,-0.00018817,-0.00032206,-0.00333365
8.230000,-0.15901777,-0.20427954,1.33472595,-0.02437348,1.59232148,-0.15664482,-0.14127760,-0.02239407,-0.02569054,-0.00806066,-0.01379584,-0.14280107,0.00111502,0.00017674,0.00020276,0.00006362,0.00010888,0.00112704
8.240000,-0.16043041,-0.20450346,1.33446907,-0.02445408,1.59218353,-0.15807270,-0.14124397,-0.02238874,-0.02568443,-0.00805874,-0.01379255,-0.14276707,0.00562639,0.00089185,0.00102313,0.00032102,0.00054942,0.00568706
8.250000,-0.16184250,-0.20472729,1.33421229,-0.02453465,1.59204564,-0.15950000,-0.14116479,-0.02237618,-0.02567003,-0.00805422,-0.01378482,-0.14268703,0.01022415,0.00162064,0.00185921,0.00058334,0.00099839,0.01033440
8.260000,-0.16325356,-0.20495095,1.33395570,-0.02461516,1.59190785,-0.16092628,-0.14103924,-0.02235628,-0.02564720,-0.00804706,-0.01377256,-0.14256013,0.01489641,0.00236125,0.00270883,0.00084992,0.00145464,0.01505705
8.270000,-0.16466312,-0.20517439,1.33369938,-0.02469558,1.59177021,-0.16235105,-0.14086665,-0.02232893,-0.02561581,-0.00803721,-0.01375571,-0.14238568,0.01963129,0.00311178,0.00356984,0.00112007,0.00191701,0.01984299
8.280000,-0.16607073,-0.20539751,1.33344341,-0.02477589,1.59163275,-0.16377383,-0.14064645,-0.02229402,-0.02557577,-0.00802465,-0.01373421,-0.14216310,0.02441690,0.00387035,0.00444008,0.00139312,0.00238432,0.02468020
8.290000,-0.16747589,-0.20562024,1.33318789,-0.02485606,1.59149554,-0.16519415,-0.14037818,-0.02225150,-0.02552699,-0.00800934,-0.01370801,-0.14189195,0.02924135,0.00463508,0.00531738,0.00166838,0.00285543,0.02955668
8.300000,-0.16887813,-0.20584251,1.33293290,-0.02493607,1.59135861,-0.16661151,-0.14006153,-0.02220131,-0.02546941,-0.00799127,-0.01367709,-0.14157188,0.03409277,0.00540408,0.00619958,0.00194518,0.00332918,0.03446040
8.310000,-0.17027696,-0.20606424,1.33267853,-0.02501588,1.59122201,-0.16802542,-0.13969628,-0.02214341,-0.02540299,-0.00797043,-0.01364142,-0.14120269,0.03895925,0.00617547,0.00708452,0.00222284,0.00380439,0.03937937
8.320000,-0.17167190,-0.20628536,1.33242487,-0.02509547,1.59108580,-0.16943540,-0.13928233,-0.02207779,-0.02532771,-0.00794682,-0.01360100,-0.14078428,0.04382893,0.00694737,0.00797005,0.00250068,0.00427992,0.04430155
8.330000,-0.17306245,-0.20650577,1.33217201,-0.02517481,1.59095001,-0.17084094,-0.13881973,-0.02200447,-0.02524359,-0.00792042,-0.01355582,-0.14031669,0.04868990,0.00771789,0.00885399,0.00277802,0.00475460,0.04921495
8.340000,-0.17444813,-0.20672542,1.33192003,-0.02525387,1.59081470,-0.17224157,-0.13830860,-0.02192345,-0.02515065,-0.00789126,-0.01350591,-0.13980005,0.05353030,0.00848515,0.00973419,0.00305420,0.00522726,0.05410754
8.350000,-0.17582846,-0.20694422,1.33166902,-0.02533262,1.59067991,-0.17363678,-0.13774923,-0.02183478,-0.02504893,-0.00785935,-0.01345129,-0.13923464,0.05833822,0.00924726,0.01060848,0.00332851,0.00569676,0.05896731
8.360000,-0.17720295,-0.20716209,1.33141908,-0.02541105,1.59054569,-0.17502610,-0.13714199,-0.02173853,-0.02493850,-0.00782470,-0.01339199,-0.13862085,0.06310179,0.01000233,0.01147471,0.00360030,0.00616193,0.06378225
8.370000,-0.17857114,-0.20737896,1.33117028,-0.02548911,1.59041208,-0.17640904,-0.13648738,-0.02163476,-0.02481947,-0.00778735,-0.01332807,-0.13795919,0.06780913,0.01074850,0.01233071,0.00386888,0.00662160,0.06854035
8.380000,-0.17993255,-0.20759476,1.33092272,-0.02556678,1.59027914,-0.17778513,-0.13578603,-0.02152359,-0.02469193,-0.00774733,-0.01325958,-0.13725028,0.07244833,0.01148386,0.01317433,0.00413357,0.00707462,0.07322958
8.390000,-0.18128671,-0.20780941,1.33067647,-0.02564405,1.59014690,-0.17915389,-0.13503868,-0.02140513,-0.02455603,-0.00770469,-0.01318660,-0.13649487,0.07700753,0.01220655,0.01400339,0.00439370,0.00751983,0.07783794
8.400000,-0.18263317,-0.20802284,1.33043163,-0.02572087,1.59001542,-0.18051487,-0.13424619,-0.02127951,-0.02441192,-0.00765948,-0.01310922,-0.13569383,0.08147483,0.01291466,0.01481574,0.00464858,0.00795606,0.08235342
8.410000,-0.18397148,-0.20823498,1.33018826,-0.02579723,1.58988473,-0.18186762,-0.13340953,-0.02114689,-0.02425978,-0.00761174,-0.01302752,-0.13484815,0.08583835,0.01360633,0.01560923,0.00489755,0.00838216,0.08676399
8.420000,-0.18530122,-0.20844575,1.32994646,-0.02587310,1.58975489,-0.18321169,-0.13252981,-0.02100744,-0.02409981,-0.00756155,-0.01294161,-0.13395894,0.09008621,0.01427966,0.01638167,0.00513991,0.00879697,0.09105765
8.430000,-0.18662194,-0.20865510,1.32970629,-0.02594845,1.58962592,-0.18454666,-0.13160823,-0.02086136,-0.02393222,-0.00750897,-0.01285162,-0.13302742,0.09420651,0.01493278,0.01713093,0.00537500,0.00919932,0.09522238
8.440000,-0.18793324,-0.20886296,1.32946784,-0.02602327,1.58949787,-0.18587210,-0.13064614,-0.02070886,-0.02375727,-0.00745408,-0.01275767,-0.13205496,0.09818737,0.01556379,0.01785483,0.00560213,0.00958805,0.09924617
8.450000,-0.18923473,-0.20906926,1.32923117,-0.02609752,1.58937078,-0.18718762,-0.12964499,-0.02055017,-0.02357522,-0.00739695,-0.01265991,-0.13104301,0.10201691,0.01617081,0.01855121,0.00582062,0.00996201,0.10311701
8.460000,-0.19052602,-0.20927394,1.32899635,-0.02617120,1.58924468,-0.18849284,-0.12860635,-0.02038553,-0.02338635,-0.00733769,-0.01255848,-0.12999317,0.10568324,0.01675197,0.01921791,0.00602981,0.01032003,0.10682288
8.470000,-0.19180674,-0.20947695,1.32876346,-0.02624427,1.58911962,-0.18978737,-0.12753191,-0.02021522,-0.02319097,-0.00727639,-0.01245356,-0.12890714,0.10917448,0.01730537,0.01985277,0.00622900,0.01066095,0.11035176
8.480000,-0.19307654,-0.20967823,1.32853256,-0.02631672,1.58899562,-0.19107086,-0.12642348,-0.02003952,-0.02298940,-0.00721315,-0.01234532,-0.12778676,0.11247874,0.01782913,0.02045363,0.00641753,0.01098361,0.11369165
8.490000,-0.19433510,-0.20987772,1.32830369,-0.02638853,1.58887272,-0.19234299,-0.12528299,-0.01985874,-0.02278201,-0.00714808,-0.01223396,-0.12663398,0.11558413,0.01832137,0.02101833,0.00659471,0.01128686,0.11683053
8.500000,-0.19558210,-0.21007539,1.32807693,-0.02645968,1.58875095,-0.19360344,-0.12411250,-0.01967321,-0.02256917,-0.00708130,-0.01211966,-0.12545086,0.11847877,0.01878020,0.02154470,0.00675986,0.01156952,0.11975638
8.510000,-0.19681726,-0.21027117,1.32785233,-0.02653015,1.58863034,-0.19485192,-0.12291416,-0.01948326,-0.02235125,-0.00701292,-0.01200264,-0.12423960,0.12115077,0.01920374,0.02203059,0.00691231,0.01183044,0.12245720
8.520000,-0.19804030,-0.21046504,1.32762992,-0.02659993,1.58851091,-0.19608815,-0.12169027,-0.01928926,-0.02212870,-0.00694309,-0.01188312,-0.12300251,0.12358826,0.01959011,0.02247383,0.00705138,0.01206846,0.12492097
8.530000,-0.19925099,-0.21065695,1.32740977,-0.02666901,1.58839268,-0.19731189,-0.12044322,-0.01909159,-0.02190193,-0.00687194,-0.01176135,-0.12174201,0.12577933,0.01993742,0.02287227,0.00717640,0.01228242,0.12713567
8.540000,-0.20044910,-0.21084686,1.32719190,-0.02673736,1.58827569,-0.19852292,-0.11917554,-0.01889064,-0.02167141,-0.00679961,-0.01163756,-0.12046067,0.12771211,0.02024379,0.02322373,0.00728667,0.01247116,0.12908929
8.550000,-0.20163444,-0.21103475,1.32697635,-0.02680499,1.58815994,-0.19972104,-0.11788988,-0.01868685,-0.02143762,-0.00672626,-0.01151201,-0.11916114,0.12937472,0.02050733,0.02352607,0.00738153,0.01263351,0.13076983
8.560000,-0.20280684,-0.21122059,1.32676316,-0.02687189,1.58804545,-0.20090609,-0.11658899,-0.01848065,-0.02120106,-0.00665204,-0.01138498,-0.11784622,0.13075526,0.02072616,0.02377711,0.00746030,0.01276832,0.13216525
8.570000,-0.20396618,-0.21140436,1.32655234,-0.02693803,1.58793224,-0.20207792,-0.11527575,-0.01827248,-0.02096225,-0.00657711,-0.01125674,-0.11651882,0.13184185,0.02089839,0.02397470,0.00752230,0.01287443,0.13326356
8.580000,-0.20511233,-0.21158603,1.32634392,-0.02700343,1.58782032,-0.20323644,-0.11395317,-0.01806284,-0.02072175,-0.00650165,-0.01112759,-0.11518198,0.13262260,0.02102215,0.02411668,0.00756684,0.01295067,0.13405273
8.590000,-0.20624522,-0.21176561,1.32613791,-0.02706806,1.58770969,-0.20438154,-0.11262436,-0.01785221,-0.02048011,-0.00642583,-0.01099783,-0.11383884,0.13308564,0.02109555,0.02420088,0.00759326,0.01299589,0.13452076
8.600000,-0.20736481,-0.21194308,1.32593432,-0.02713194,1.58760036,-0.20551320,-0.11129255,-0.01764110,-0.02023793,-0.00634985,-0.01086778,-0.11249267,0.13321906,0.02111670,0.02422514,0.00760087,0.01300892,0.13465563
8.610000,-0.20847107,-0.21211843,1.32573315,-0.02719506,1.58749234,-0.20663140,-0.10996111,-0.01743006,-0.01999581,-0.00627388,-0.01073777,-0.11114688,0.13301100,0.02108372,0.02418731,0.00758900,0.01298860,0.13444532
8.620000,-0.20956404,-0.21229168,1.32553440,-0.02725742,1.58738561,-0.20773615,-0.10863351,-0.01721962,-0.01975440,-0.00619813,-0.01060812,-0.10980496,0.13244956,0.02099472,0.02408521,0.00755697,0.01293377,0.13387783
8.630000,-0.21064377,-0.21246283,1.32533805,-0.02731903,1.58728017,-0.20882752,-0.10731334,-0.01701035,-0.01951433,-0.00612281,-0.01047921,-0.10847055,0.13152286,0.02084783,0.02391670,0.00750410,0.01284328,0.13294113
8.640000,-0.21171034,-0.21263189,1.32514410,-0.02737988,1.58717602,-0.20990560,-0.10600431,-0.01680286,-0.01927629,-0.00604812,-0.01035138,-0.10714741,0.13021901,0.02064116,0.02367960,0.00742970,0.01271596,0.13162322
8.650000,-0.21276390,-0.21279889,1.32495252,-0.02743999,1.58707314,-0.21097052,-0.10471026,-0.01659774,-0.01904098,-0.00597429,-0.01022502,-0.10583940,0.12852612,0.02037282,0.02337176,0.00733312,0.01255065,0.12991208
8.660000,-0.21380461,-0.21296386,1.32476327,-0.02749937,1.58697151,-0.21202245,-0.10343513,-0.01639561,-0.01880910,-0.00590154,-0.01010050,-0.10455052,0.12643232,0.02004093,0.02299101,0.00721365,0.01234619,0.12779570
8.670000,-0.21483268,-0.21312682,1.32457632,-0.02755803,1.58687112,-0.21306161,-0.10218299,-0.01619714,-0.01858141,-0.00583010,-0.00997823,-0.10328487,0.12392571,0.01964360,0.02253520,0.00707064,0.01210142,0.12526206
8.680000,-0.21584836,-0.21328782,1.32439163,-0.02761598,1.58677194,-0.21408824,-0.10095803,-0.01600297,-0.01835865,-0.00576021,-0.00985861,-0.10204671,0.12099442,0.01917896,0.02200216,0.00690339,0.01181517,0.12229916
8.690000,-0.21685195,-0.21344689,1.32420913,-0.02767324,1.58667394,-0.21510265,-0.09976455,-0.01581379,-0.01814163,-0.00569211,-0.00974207,-0.10084036,0.11762654,0.01864511,0.02138973,0.00671124,0.01148630,0.11889497
8.700000,-0.21784377,-0.21360411,1.32402877,-0.02772983,1.58657709,-0.21610517,-0.09860699,-0.01563030,-0.01793113,-0.00562607,-0.00962903,-0.09967032,0.11381021,0.01804018,0.02069575,0.00649349,0.01111363,0.11503748
8.710000,-0.21882422,-0.21375952,1.32385048,-0.02778577,1.58648134,-0.21709619,-0.09748988,-0.01545323,-0.01772799,-0.00556233,-0.00951994,-0.09854116,0.10953353,0.01736228,0.01991806,0.00624949,0.01069601,0.11071468
8.720000,-0.21979372,-0.21391320,1.32367419,-0.02784108,1.58638667,-0.21807615,-0.09641789,-0.01528331,-0.01753306,-0.00550117,-0.00941526,-0.09745761,0.10478461,0.01660952,0.01905450,0.00597853,0.01023228,0.10591456
8.730000,-0.22075275,-0.21406521,1.32349979,-0.02789580,1.58629302,-0.21904551,-0.09539581,-0.01512129,-0.01734719,-0.00544285,-0.00931545,-0.09642450,0.09955158,0.01578003,0.01810290,0.00567996,0.00972127,0.10062510
8.740000,-0.22170182,-0.21421565,1.32332721,-0.02794995,1.58620035,-0.22000482,-0.09442852,-0.01496797,-0.01717130,-0.00538766,-0.00922100,-0.09544678,0.09382255,0.01487191,0.01706111,0.00535309,0.00916183,0.09483428
8.750000,-0.22264152,-0.21436461,1.32315633,-0.02800356,1.58610858,-0.22095465,-0.09352105,-0.01482412,-0.01700628,-0.00533589,-0.00913238,-0.09452953,0.08758563,0.01388329,0.01592696,0.00499724,0.00855279,0.08853010
8.760000,-0.22357246,-0.21451217,1.32298704,-0.02805668,1.58601768,-0.22189563,-0.09267852,-0.01469057,-0.01685307,-0.00528782,-0.00905011,-0.09367792,0.08083562,0.01281334,0.01469951,0.00461211,0.00789364,0.08170731
8.770000,-0.22449532,-0.21465845,1.32281923,-0.02810933,1.58592756,-0.22282844,-0.09190597,-0.01456812,-0.01671259,-0.00524374,-0.00897467,-0.09289704,0.07359406,0.01166547,0.01338267,0.00419894,0.00718650,0.07438766
8.780000,-0.22541083,-0.21480357,1.32265275,-0.02816157,1.58583816,-0.22375382,-0.09120818,-0.01445751,-0.01658570,-0.00520392,-0.00890653,-0.09219172,0.06588919,0.01044417,0.01198158,0.00375934,0.00643412,0.06659970
8.790000,-0.22631975,-0.21494765,1.32248746,-0.02821343,1.58574940,-0.22467254,-0.09058964,-0.01435946,-0.01647322,-0.00516863,-0.00884613,-0.09156651,0.05774922,0.00915389,0.01050137,0.00329491,0.00563924,0.05837196
8.800000,-0.22722290,-0.21509081,1.32232323,-0.02826496,1.58566121,-0.22558543,-0.09005455,-0.01427465,-0.01637592,-0.00513810,-0.00879388,-0.09102566,0.04920240,0.00779913,0.00894718,0.00280727,0.00480464,0.04973297
8.810000,-0.22812113,-0.21523318,1.32215989,-0.02831620,1.58557350,-0.22649335,-0.08960685,-0.01420368,-0.01629451,-0.00511256,-0.00875016,-0.09057313,0.04027694,0.00638434,0.00732414,0.00229802,0.00393307,0.04071126
8.820000,-0.22901534,-0.21537493,1.32199729,-0.02836722,1.58548618,-0.22739720,-0.08925018,-0.01414714,-0.01622965,-0.00509221,-0.00871533,-0.09021261,0.03100108,0.00491401,0.00563737,0.00176878,0.00302727,0.03133538
8.830000,-0.22990645,-0.21551618,1.32183524,-0.02841807,1.58539916,-0.22829792,-0.08898791,-0.01410557,-0.01618195,-0.00507725,-0.00868972,-0.08994751,0.02140304,0.00339262,0.00389202,0.00122116,0.00209002,0.02163384
8.840000,-0.23079542,-0.21565709,1.32167359,-0.02846879,1.58531235,-0.22919648,-0.08882310,-0.01407945,-0.01615199,-0.00506784,-0.00867363,-0.08978092,0.01151105,0.00182463,0.00209322,0.00065677,0.00112406,0.01163518
8.850000,-0.23168325,-0.21579782,1.32151214,-0.02851944,1.58522565,-0.23009388,-0.08875857,-0.01406922,-0.01614025,-0.00506416,-0.00866732,-0.08971570,0.00135335,0.00021452,0.00024610,0.00007722,0.00013215,0.00136794
8.860000,-0.23257094,-0.21593853,1.32135072,-0.02857009,1.58513897,-0.23099114,-0.08879683,-0.01407528,-0.01614721,-0.00506634,-0.00867106,-0.08975437,-0.00904185,-0.00143323,-0.00164421,-0.00051589,-0.00088294,-0.00913935
8.870000,-0.23345953,-0.21607938,1.32118914,-0.02862079,1.58505220,-0.23188932,-0.08894011,-0.01409799,-0.01617326,-0.00507452,-0.00868505,-0.08989919,-0.01964631,-0.00311416,-0.00357257,-0.00112093,-0.00191847,-0.01985817
8.880000,-0.23435009,-0.21622054,1.32102719,-0.02867160,1.58496523,-0.23278949,-0.08919036,-0.01413766,-0.01621877,-0.00508880,-0.00870949,-0.09015214,-0.03043181,-0.00482378,-0.00553385,-0.00173630,-0.00297168,-0.03075997
8.890000,-0.23524370,-0.21636219,1.32086469,-0.02872259,1.58487797,-0.23369273,-0.08954925,-0.01419455,-0.01628403,-0.00510927,-0.00874454,-0.09051490,-0.04137011,-0.00655762,-0.00752292,-0.00236039,-0.00403981,-0.04181622
8.900000,-0.23614145,-0.21650449,1.32070144,-0.02877381,1.58479031,-0.23460015,-0.09001817,-0.01426888,-0.01636930,-0.00513603,-0.00879033,-0.09098888,-0.05243299,-0.00831121,-0.00953465,-0.00299159,-0.00512011,-0.05299840
8.910000,-0.23704444,-0.21664763,1.32053724,-0.02882533,1.58470213,-0.23551288,-0.09059823,-0.01436082,-0.01647478,-0.00516912,-0.00884697,-0.09157520,-0.06359222,-0.01008007,-0.01156389,-0.00362828,-0.00620982,-0.06427797
8.920000,-0.23795378,-0.21679177,1.32037188,-0.02887721,1.58461333,-0.23643204,-0.09129025,-0.01447052,-0.01660062,-0.00520861,-0.00891454,-0.09227467,-0.07481958,-0.01185973,-0.01360552,-0.00426887,-0.00730617,-0.07562639
8.930000,-0.23887062,-0.21693710,1.32020516,-0.02892952,1.58452380,-0.23735875,-0.09209476,-0.01459804,-0.01674692,-0.00525451,-0.00899311,-0.09308786,-0.08608682,-0.01364572,-0.01565441,-0.00491172,-0.00840643,-0.08701514
8.940000,-0.23979606,-0.21708379,1.32003687,-0.02898232,1.58443343,-0.23829417,-0.09301202,-0.01474344,-0.01691372,-0.00530684,-0.00908268,-0.09401501,-0.09736573,-0.01543355,-0.01770542,-0.00555525,-0.00950782,-0.09841568
8.950000,-0.24073123,-0.21723203,1.31986682,-0.02903568,1.58434211,-0.23923943,-0.09404202,-0.01490670,-0.01710102,-0.00536561,-0.00918326,-0.09505612,-0.10862808,-0.01721876,-0.01975341,-0.00619782,-0.01060759,-0.10979947
8.960000,-0.24167727,-0.21738198,1.31969479,-0.02908966,1.58424973,-0.24019567,-0.09518443,-0.01508779,-0.01730876,-0.00543079,-0.00929481,-0.09621085,-0.11984564,-0.01899686,-0.02179326,-0.00683785,-0.01170299,-0.12113799
8.970000,-0.24263529,-0.21753384,1.31952057,-0.02914432,1.58415618,-0.24116403,-0.09643869,-0.01528660,-0.01753684,-0.00550235,-0.00941729,-0.09747863,-0.13099018,-0.02076340,-0.02381983,-0.00747370,-0.01279127,-0.13240271
8.980000,-0.24360641,-0.21768777,1.31934398,-0.02919972,1.58406135,-0.24214562,-0.09780390,-0.01550300,-0.01778509,-0.00558025,-0.00955061,-0.09885857,-0.14203347,-0.02251388,-0.02582799,-0.00810378,-0.01386965,-0.14356509
8.990000,-0.24459174,-0.21784396,1.31916481,-0.02925594,1.58396513,-0.24314157,-0.09927892,-0.01573681,-0.01805332,-0.00566440,-0.00969464,-0.10034950,-0.15294729,-0.02424384,-0.02781261,-0.00872648,-0.01493539,-0.15459659
9.000000,-0.24559235,-0.21800257,1.31898285,-0.02931303,1.58386742,-0.24415298,-0.10086232,-0.01598780,-0.01834125,-0.00575475,-0.00984926,-0.10194997,-0.16370340,-0.02594880,-0.02976855,-0.00934017,-0.01598573,-0.16546869
9.010000,-0.24660934,-0.21816377,1.31879792,-0.02937106,1.58376811,-0.24518093,-0.10255237,-0.01625569,-0.01864858,-0.00585117,-0.01001430,-0.10365824,-0.17427357,-0.02762429,-0.03169068,-0.00994326,-0.01701791,-0.17615285
9.020000,-0.24764375,-0.21832774,1.31860981,-0.02943008,1.58366710,-0.24622649,-0.10434708,-0.01654017,-0.01897493,-0.00595357,-0.01018955,-0.10547230,-0.18462959,-0.02926584,-0.03357386,-0.01053413,-0.01802918,-0.18662054
9.030000,-0.24869662,-0.21849463,1.31841836,-0.02949015,1.58356429,-0.24729072,-0.10624416,-0.01684088,-0.01931991,-0.00606181,-0.01037480,-0.10738984,-0.19474322,-0.03086896,-0.03541297,-0.01111116,-0.01901679,-0.19684323
9.040000,-0.24976897,-0.21866461,1.31822336,-0.02955133,1.58345957,-0.24837463,-0.10824104,-0.01715741,-0.01968303,-0.00617574,-0.01056980,-0.10940826,-0.20458623,-0.03242919,-0.03720286,-0.01167276,-0.01997796,-0.20679238
9.050000,-0.25086177,-0.21883783,1.31802464,-0.02961368,1.58335286,-0.24947921,-0.11033488,-0.01748930,-0.02006378,-0.00629521,-0.01077426,-0.11152468,-0.21413040,-0.03394204,-0.03893842,-0.01221731,-0.02090995,-0.21643947
9.060000,-0.25197598,-0.21901444,1.31782202,-0.02967725,1.58324406,-0.25060544,-0.11252256,-0.01783607,-0.02046160,-0.00642003,-0.01098789,-0.11373594,-0.22334749,-0.03540305,-0.04061449,-0.01274319,-0.02181001,-0.22575595
9.070000,-0.25311252,-0.21919460,1.31761535,-0.02974210,1.58313307,-0.25175423,-0.11480065,-0.01819718,-0.02087586,-0.00655000,-0.01121035,-0.11603860,-0.23220928,-0.03680775,-0.04222596,-0.01324881,-0.02267537,-0.23471330
9.080000,-0.25427228,-0.21937843,1.31740445,-0.02980827,1.58301982,-0.25292650,-0.11716547,-0.01857203,-0.02130589,-0.00668493,-0.01144127,-0.11842892,-0.24068754,-0.03815164,-0.04376768,-0.01373254,-0.02350327,-0.24328298
9.090000,-0.25545610,-0.21956608,1.31718918,-0.02987581,1.58290422,-0.25412309,-0.11961303,-0.01895999,-0.02175096,-0.00682458,-0.01168028,-0.12090287,-0.24875404,-0.03943027,-0.04523453,-0.01419278,-0.02429097,-0.25143647
9.100000,-0.25666480,-0.21975767,1.31696939,-0.02994478,1.58278619,-0.25534482,-0.12213908,-0.01936040,-0.02221031,-0.00696870,-0.01192695,-0.12345616,-0.25638055,-0.04063916,-0.04662137,-0.01462791,-0.02503571,-0.25914522
9.110000,-0.25789913,-0.21995333,1.31674493,-0.03001520,1.58266566,-0.25659246,-0.12473908,-0.01977253,-0.02268310,-0.00711704,-0.01218084,-0.12608420,-0.26353885,-0.04177383,-0.04792307,-0.01503633,-0.02573472,-0.26638071
9.120000,-0.25915981,-0.22015316,1.31651568,-0.03008713,1.58254255,-0.25786674,-0.12740820,-0.02019561,-0.02316847,-0.00726933,-0.01244148,-0.12878210,-0.27020070,-0.04282981,-0.04913449,-0.01541642,-0.02638525,-0.27311441
9.130000,-0.26044751,-0.22035727,1.31628152,-0.03016060,1.58241681,-0.25916832,-0.13014134,-0.02062885,-0.02366548,-0.00742527,-0.01270838,-0.13154472,-0.27633789,-0.04380262,-0.05025050,-0.01576658,-0.02698455,-0.27931777
9.140000,-0.26176283,-0.22056577,1.31604234,-0.03023565,1.58228836,-0.26049783,-0.13293312,-0.02107137,-0.02417315,-0.00758456,-0.01298099,-0.13436660,-0.28192217,-0.04468779,-0.05126597,-0.01608520,-0.02752986,-0.28496227
9.150000,-0.26310635,-0.22077873,1.31579803,-0.03031230,1.58215717,-0.26185583,-0.13577785,-0.02152229,-0.02469044,-0.00774687,-0.01325878,-0.13724201,-0.28692533,-0.04548085,-0.05217577,-0.01637066,-0.02801842,-0.29001938
9.160000,-0.26447855,-0.22099624,1.31554850,-0.03039059,1.58202317,-0.26324283,-0.13866959,-0.02198067,-0.02521629,-0.00791186,-0.01354116,-0.14016493,-0.29131913,-0.04617731,-0.05297476,-0.01662135,-0.02844748,-0.29446056
9.170000,-0.26587988,-0.22121836,1.31529368,-0.03047055,1.58188633,-0.26465927,-0.14160211,-0.02244550,-0.02574955,-0.00807917,-0.01382753,-0.14312907,-0.29507534,-0.04677271,-0.05365780,-0.01683566,-0.02881427,-0.29825728
9.180000,-0.26731070,-0.22144517,1.31503349,-0.03055218,1.58174661,-0.26610553,-0.14456888,-0.02291577,-0.02628904,-0.00824844,-0.01411723,-0.14612783,-0.29816574,-0.04726258,-0.05421978,-0.01701198,-0.02911605,-0.30138100
9.190000,-0.26877134,-0.22167669,1.31476788,-0.03063552,1.58160398,-0.26758192,-0.14756311,-0.02339039,-0.02683353,-0.00841928,-0.01440962,-0.14915435,-0.30056210,-0.04764243,-0.05465554,-0.01714871,-0.02935006,-0.30380320
9.200000,-0.27026204,-0.22191299,1.31449681,-0.03072057,1.58145841,-0.26908868,-0.15057771,-0.02386824,-0.02738172,-0.00859128,-0.01470400,-0.15220146,-0.30223619,-0.04790779,-0.05495996,-0.01724422,-0.02951354,-0.30549535
9.210000,-0.27178294,-0.22215407,1.31422024,-0.03080735,1.58130990,-0.27062599,-0.15360533,-0.02434815,-0.02793227,-0.00876402,-0.01499965,-0.15526173,-0.30315978,-0.04805419,-0.05512791,-0.01729692,-0.02960372,-0.30642890
9.220000,-0.27333416,-0.22239995,1.31393816,-0.03089585,1.58115842,-0.27219394,-0.15663831,-0.02482891,-0.02848380,-0.00893707,-0.01529582,-0.15832742,-0.30330465,-0.04807715,-0.05515426,-0.01730519,-0.02961787,-0.30657533
9.230000,-0.27491570,-0.22265064,1.31365056,-0.03098609,1.58100398,-0.27379253,-0.15966873,-0.02530926,-0.02903487,-0.00910997,-0.01559174,-0.16139052,-0.30264256,-0.04797220,-0.05503386,-0.01726741,-0.02955322,-0.30590610
9.240000,-0.27652750,-0.22290613,1.31335747,-0.03107805,1.58084659,-0.27542171,-0.16268838,-0.02578791,-0.02958397,-0.00928226,-0.01588661,-0.16444273,-0.30114529,-0.04773487,-0.05476159,-0.01718198,-0.02940701,-0.30439268
9.250000,-0.27816940,-0.22316639,1.31305889,-0.03117173,1.58068625,-0.27708132,-0.16568876,-0.02626351,-0.03012958,-0.00945345,-0.01617960,-0.16747546,-0.29878461,-0.04736067,-0.05433231,-0.01704729,-0.02917649,-0.30200655
9.260000,-0.27984118,-0.22343139,1.31275489,-0.03126712,1.58052300,-0.27877112,-0.16866110,-0.02673465,-0.03067008,-0.00962304,-0.01646985,-0.17047985,-0.29553229,-0.04684515,-0.05374090,-0.01686173,-0.02885890,-0.29871916
9.270000,-0.28154250,-0.22370106,1.31244552,-0.03136419,1.58035687,-0.28049079,-0.17159634,-0.02719992,-0.03120384,-0.00979051,-0.01675648,-0.17344675,-0.29136010,-0.04618381,-0.05298221,-0.01662368,-0.02845148,-0.29450198
9.280000,-0.28327295,-0.22397536,1.31213084,-0.03146292,1.58018789,-0.28223990,-0.17448514,-0.02765783,-0.03172915,-0.00995533,-0.01703857,-0.17636670,-0.28623982,-0.04537219,-0.05205111,-0.01633154,-0.02795148,-0.28932648
9.290000,-0.28503202,-0.22425419,1.31181097,-0.03156328,1.58001612,-0.28401794,-0.17731788,-0.02810685,-0.03224427,-0.01011695,-0.01731519,-0.17922999,-0.28014321,-0.04440581,-0.05094248,-0.01598370,-0.02735614,-0.28316413
9.300000,-0.28681909,-0.22453746,1.31148600,-0.03166524,1.57984161,-0.28582428,-0.18008466,-0.02854542,-0.03274739,-0.01027481,-0.01758537,-0.18202660,-0.27304205,-0.04328019,-0.04965117,-0.01557854,-0.02666271,-0.27598639
9.310000,-0.28863346,-0.22482506,1.31115606,-0.03176876,1.57966443,-0.28765821,-0.18277528,-0.02897191,-0.03323666,-0.01042833,-0.01784811,-0.18474623,-0.26490811,-0.04199087,-0.04817206,-0.01511445,-0.02586843,-0.26776474
9.320000,-0.29047431,-0.22511685,1.31082132,-0.03187379,1.57948467,-0.28951891,-0.18537928,-0.02938467,-0.03371019,-0.01057690,-0.01810239,-0.18737832,-0.25571316,-0.04053337,-0.04650001,-0.01458983,-0.02497054,-0.25847064
9.330000,-0.29234072,-0.22541270,1.31048192,-0.03198028,1.57930242,-0.29140545,-0.18788591,-0.02978200,-0.03416600,-0.01071992,-0.01834717,-0.18991198,-0.24542898,-0.03890321,-0.04462989,-0.01400306,-0.02396628,-0.24807555
9.340000,-0.29423166,-0.22571244,1.31013806,-0.03208817,1.57911777,-0.29331679,-0.19028414,-0.03016215,-0.03460211,-0.01085675,-0.01858135,-0.19233606,-0.23402733,-0.03709593,-0.04255656,-0.01335254,-0.02285290,-0.23655095
9.350000,-0.29614600,-0.22601588,1.30978995,-0.03219739,1.57893083,-0.29525177,-0.19256264,-0.03052331,-0.03501644,-0.01098675,-0.01880385,-0.19463914,-0.22147998,-0.03510703,-0.04027490,-0.01263664,-0.02162765,-0.22386831
9.360000,-0.29808248,-0.22632283,1.30943781,-0.03230788,1.57874173,-0.29720913,-0.19470982,-0.03086367,-0.03540689,-0.01110926,-0.01901352,-0.19680947,-0.20775872,-0.03293206,-0.03777976,-0.01185377,-0.02028776,-0.20999908
9.370000,-0.30003972,-0.22663308,1.30908190,-0.03241955,1.57855061,-0.29918748,-0.19671381,-0.03118132,-0.03577131,-0.01122360,-0.01920921,-0.19883507,-0.19283530,-0.03056653,-0.03506602,-0.01100231,-0.01883048,-0.19491473
9.380000,-0.30201624,-0.22694638,1.30872248,-0.03253232,1.57835760,-0.30118531,-0.19856243,-0.03147435,-0.03610747,-0.01132907,-0.01938973,-0.20070363,-0.17668376,-0.02800634,-0.03212896,-0.01008077,-0.01725327,-0.17858902
9.390000,-0.30401041,-0.22726248,1.30835985,-0.03264610,1.57816287,-0.30320098,-0.20024347,-0.03174081,-0.03641316,-0.01142498,-0.01955389,-0.20240279,-0.15932998,-0.02525557,-0.02897327,-0.00909064,-0.01555866,-0.16104811
9.400000,-0.30602051,-0.22758110,1.30799433,-0.03276079,1.57796658,-0.30523276,-0.20174528,-0.03197886,-0.03668625,-0.01151067,-0.01970054,-0.20392080,-0.14085172,-0.02232656,-0.02561310,-0.00803636,-0.01375425,-0.14237059
9.410000,-0.30804468,-0.22790195,1.30762624,-0.03287628,1.57776892,-0.30727876,-0.20305702,-0.03218679,-0.03692479,-0.01158551,-0.01982863,-0.20524668,-0.12132896,-0.01923199,-0.02206299,-0.00692248,-0.01184784,-0.12263731
9.420000,-0.31008098,-0.22822473,1.30725595,-0.03299246,1.57757007,-0.30933702,-0.20416865,-0.03236299,-0.03712693,-0.01164894,-0.01993718,-0.20637030,-0.10084172,-0.01598453,-0.01833750,-0.00575357,-0.00984725,-0.10192914
9.430000,-0.31212736,-0.22854910,1.30688383,-0.03310922,1.57737024,-0.31140546,-0.20507091,-0.03250601,-0.03729100,-0.01170041,-0.02002529,-0.20728229,-0.07946999,-0.01259688,-0.01445117,-0.00453420,-0.00776029,-0.08032696
9.440000,-0.31418167,-0.22887474,1.30651026,-0.03322643,1.57716964,-0.31348193,-0.20575537,-0.03261451,-0.03741546,-0.01173947,-0.02009213,-0.20797412,-0.05729378,-0.00908170,-0.01041855,-0.00326892,-0.00559477,-0.05791161
9.450000,-0.31624171,-0.22920127,1.30613566,-0.03334396,1.57696847,-0.31556418,-0.20621437,-0.03268726,-0.03749893,-0.01176565,-0.02013695,-0.20843808,-0.03439309,-0.00545169,-0.00625419,-0.00196231,-0.00335850,-0.03476397
9.460000,-0.31830519,-0.22952836,1.30576043,-0.03346170,1.57676697,-0.31764991,-0.20644108,-0.03272320,-0.03754016,-0.01177859,-0.02015909,-0.20866723,-0.01084792,-0.00171952,-0.00197263,-0.00061893,-0.00105931,-0.01096489
9.470000,-0.32036974,-0.22985561,1.30538500,-0.03357949,1.57656537,-0.31973672,-0.20642945,-0.03272136,-0.03753804,-0.01177793,-0.02015795,-0.20865547,0.01326174,0.00210213,0.00241157,0.00075665,0.00129502,0.01340474
9.480000,-0.32243296,-0.23018266,1.30500981,-0.03369721,1.57636389,-0.32182220,-0.20617423,-0.03268090,-0.03749163,-0.01176336,-0.02013303,-0.20839751,0.03785586,0.00600057,0.00688388,0.00215988,0.00369665,0.03826408
9.490000,-0.32449240,-0.23050910,1.30463532,-0.03381471,1.57616279,-0.32390384,-0.20567098,-0.03260113,-0.03740012,-0.01173465,-0.02008389,-0.20788883,0.06285447,0.00996313,0.01142973,0.00358619,0.00613777,0.06353226
9.500000,-0.32654555,-0.23083455,1.30426196,-0.03393185,1.57596230,-0.32597912,-0.20491606,-0.03248147,-0.03726284,-0.01169158,-0.02001017,-0.20712577,0.08817755,0.01397712,0.01603459,0.00503101,0.00861059,0.08912841
9.510000,-0.32858987,-0.23115859,1.30389021,-0.03404849,1.57576267,-0.32804550,-0.20390662,-0.03232146,-0.03707928,-0.01163398,-0.01991160,-0.20610544,0.11374510,0.01802986,0.02068391,0.00648978,0.01110727,0.11497166
9.520000,-0.33062282,-0.23148084,1.30352053,-0.03416449,1.57556415,-0.33010037,-0.20264061,-0.03212078,-0.03684906,-0.01156175,-0.01978797,-0.20482578,0.13947712,0.02210867,0.02536314,0.00795793,0.01362002,0.14098117
9.530000,-0.33264182,-0.23180087,1.30315339,-0.03427968,1.57536699,-0.33214114,-0.20111679,-0.03187924,-0.03657197,-0.01147481,-0.01963917,-0.20328553,0.16529361,0.02620087,0.03005772,0.00943090,0.01614101,0.16707605
9.540000,-0.33464430,-0.23211829,1.30278925,-0.03439393,1.57517145,-0.33416521,-0.19933472,-0.03159676,-0.03624791,-0.01137313,-0.01946515,-0.20148424,0.19111456,0.03029378,0.03475312,0.01090413,0.01866245,0.19317544
9.550000,-0.33662766,-0.23243267,1.30242859,-0.03450709,1.57497777,-0.33616996,-0.19729475,-0.03127341,-0.03587695,-0.01125674,-0.01926594,-0.19942228,0.21685999,0.03437471,0.03943478,0.01237305,0.02117650,0.21919849
9.560000,-0.33858934,-0.23274362,1.30207187,-0.03461902,1.57478621,-0.33815279,-0.19499804,-0.03090935,-0.03545931,-0.01112570,-0.01904167,-0.19710080,0.24244988,0.03843099,0.04408816,0.01383309,0.02367537,0.24506433
9.570000,-0.34052677,-0.23305073,1.30171956,-0.03472956,1.57459702,-0.34011112,-0.19244654,-0.03050491,-0.03499533,-0.01098013,-0.01879251,-0.19452178,0.26780423,0.04244994,0.04869870,0.01527969,0.02615123,0.27069209
9.580000,-0.34243743,-0.23335359,1.30137211,-0.03483857,1.57441045,-0.34204238,-0.18964301,-0.03006052,-0.03448552,-0.01082017,-0.01851875,-0.19168802,0.29284304,0.04641887,0.05325187,0.01670829,0.02859629,0.29600090
9.590000,-0.34431880,-0.23365180,1.30103000,-0.03494592,1.57422673,-0.34394404,-0.18659100,-0.02957674,-0.03393053,-0.01064603,-0.01822072,-0.18860310,0.31748631,0.05032510,0.05773311,0.01811433,0.03100272,0.32090991
9.600000,-0.34616843,-0.23394499,1.30069365,-0.03505145,1.57404611,-0.34581362,-0.18329487,-0.02905427,-0.03333115,-0.01045797,-0.01789885,-0.18527142,0.34165404,0.05415595,0.06212788,0.01949323,0.03336271,0.34533825
9.610000,-0.34798390,-0.23423276,1.30036352,-0.03515503,1.57386883,-0.34764866,-0.17975977,-0.02849392,-0.03268831,-0.01025628,-0.01755364,-0.18169820,0.36526622,0.05789875,0.06642162,0.02084043,0.03566845,0.36920506
9.620000,-0.34976285,-0.23451475,1.30004003,-0.03525653,1.57369511,-0.34944679,-0.17599166,-0.02789663,-0.03200310,-0.01004128,-0.01718569,-0.17788946,0.38824286,0.06154080,0.07059980,0.02215137,0.03791214,0.39242947
9.630000,-0.35150298,-0.23479058,1.29972359,-0.03535581,1.57352519,-0.35120569,-0.17199730,-0.02726348,-0.03127675,-0.00981338,-0.01679563,-0.17385203,0.41050395,0.06506943,0.07464785,0.02342149,0.04008594,0.41493061
9.640000,-0.35320207,-0.23505990,1.29941462,-0.03545275,1.57335927,-0.35292310,-0.16778423,-0.02659566,-0.03051063,-0.00957301,-0.01638423,-0.16959353,0.43196949,0.06847196,0.07855124,0.02464622,0.04218207,0.43662763
9.650000,-0.35485797,-0.23532238,1.29911351,-0.03554723,1.57319757,-0.35459685,-0.16336083,-0.02589450,-0.02970625,-0.00932063,-0.01595228,-0.16512242,0.45255949,0.07173570,0.08229542,0.02582099,0.04419269,0.45743965
9.660000,-0.35646861,-0.23557768,1.29882062,-0.03563913,1.57304029,-0.35622487,-0.15873623,-0.02516145,-0.02886530,-0.00905677,-0.01550068,-0.16044796,0.47219393,0.07484797,0.08586583,0.02694124,0.04611000,0.47728582
9.670000,-0.35803205,-0.23582551,1.29853632,-0.03572833,1.57288762,-0.35780517,-0.15392040,-0.02439809,-0.02798957,-0.00878200,-0.01503041,-0.15558020,0.49079281,0.07779610,0.08924793,0.02800241,0.04792620,0.49608527
9.680000,-0.35954642,-0.23606555,1.29826094,-0.03581473,1.57273974,-0.35933586,-0.14892409,-0.02360612,-0.02708101,-0.00849693,-0.01454252,-0.15053001,0.50827615,0.08056741,0.09242718,0.02899993,0.04963345,0.51375713
9.690000,-0.36100997,-0.23629754,1.29799480,-0.03589824,1.57259683,-0.36081520,-0.14375886,-0.02278737,-0.02614175,-0.00820223,-0.01403813,-0.14530908,0.52456392,0.08314920,0.09538902,0.02992923,0.05122396,0.53022054
9.700000,-0.36242108,-0.23652122,1.29773820,-0.03597875,1.57245903,-0.36224152,-0.13843706,-0.02194381,-0.02517401,-0.00789859,-0.01351846,-0.13992990,0.53957614,0.08552880,0.09811891,0.03078576,0.05268992,0.54539465
9.710000,-0.36377823,-0.23673634,1.29749141,-0.03605618,1.57232650,-0.36361331,-0.13297186,-0.02107751,-0.02418019,-0.00758677,-0.01298478,-0.13440576,0.55323279,0.08769353,0.10060230,0.03156495,0.05402350,0.55919857
9.720000,-0.36508008,-0.23694270,1.29725467,-0.03613046,1.57219938,-0.36492920,-0.12737719,-0.02019070,-0.02316283,-0.00726756,-0.01243846,-0.12875076,0.56545389,0.08963071,0.10282463,0.03226223,0.05521689,0.57155145
9.730000,-0.36632540,-0.23714009,1.29702822,-0.03620151,1.57207777,-0.36618794,-0.12166783,-0.01928570,-0.02212462,-0.00694181,-0.01188093,-0.12297983,0.57615942,0.09132766,0.10477137,0.03287304,0.05626229,0.58237242
9.740000,-0.36751311,-0.23732836,1.29681224,-0.03626928,1.57196179,-0.36738846,-0.11585932,-0.01836499,-0.02106837,-0.00661041,-0.01131373,-0.11710869,0.58526939,0.09277169,0.10642797,0.03339281,0.05715189,0.59158063
9.750000,-0.36864231,-0.23750735,1.29660690,-0.03633370,1.57185152,-0.36852983,-0.10996803,-0.01743115,-0.01999707,-0.00627428,-0.01073844,-0.11115387,0.59270379,0.09395012,0.10777988,0.03381699,0.05787786,0.59909520
9.760000,-0.36971225,-0.23767695,1.29641234,-0.03639475,1.57174704,-0.36961132,-0.10401110,-0.01648691,-0.01891384,-0.00593440,-0.01015674,-0.10513270,0.59838262,0.09485028,0.10881254,0.03414099,0.05843240,0.60483527
9.770000,-0.37072237,-0.23783706,1.29622865,-0.03645238,1.57164840,-0.37063233,-0.09800649,-0.01553512,-0.01782193,-0.00559181,-0.00957039,-0.09906335,0.60222589,0.09545948,0.10951142,0.03436027,0.05880770,0.60871998
9.780000,-0.37167228,-0.23798763,1.29605592,-0.03650658,1.57155564,-0.37159249,-0.09197297,-0.01457874,-0.01672477,-0.00524756,-0.00898121,-0.09296476,0.60415358,0.09576504,0.10986196,0.03447026,0.05899594,0.61066845
9.790000,-0.37256180,-0.23812863,1.29589416,-0.03655733,1.57146878,-0.37249159,-0.08593008,-0.01362087,-0.01562590,-0.00490278,-0.00839112,-0.08685670,0.60408570,0.09575428,0.10984961,0.03446638,0.05898931,0.61059984
9.800000,-0.37339092,-0.23826006,1.29574339,-0.03660464,1.57138782,-0.37332966,-0.07989817,-0.01266475,-0.01452904,-0.00455863,-0.00780210,-0.08075975,0.60194224,0.09541452,0.10945984,0.03434409,0.05878000,0.60843327
9.810000,-0.37415987,-0.23838194,1.29560356,-0.03664851,1.57131273,-0.37410689,-0.07389842,-0.01171372,-0.01343801,-0.00421631,-0.00721622,-0.07469530,0.59764321,0.09473308,0.10867808,0.03409881,0.05836020,0.60408788
9.820000,-0.37486907,-0.23849436,1.29547460,-0.03668898,1.57124348,-0.37482374,-0.06795276,-0.01077127,-0.01235683,-0.00387708,-0.00663563,-0.06868553,0.59110860,0.09369727,0.10748980,0.03372597,0.05772209,0.59748281
9.830000,-0.37551918,-0.23859741,1.29535638,-0.03672607,1.57117999,-0.37548086,-0.06208396,-0.00984100,-0.01128962,-0.00354223,-0.00606253,-0.06275344,0.58225841,0.09229442,0.10588044,0.03322102,0.05685786,0.58853718
9.840000,-0.37611108,-0.23869123,1.29524875,-0.03675984,1.57112219,-0.37607915,-0.05631558,-0.00892664,-0.01024067,-0.00321311,-0.00549925,-0.05692286,0.57101264,0.09051184,0.10383546,0.03257939,0.05575971,0.57717014
9.850000,-0.37664591,-0.23877601,1.29515149,-0.03679035,1.57106997,-0.37661974,-0.05067196,-0.00803207,-0.00921441,-0.00289111,-0.00494815,-0.05121838,0.55729129,0.08833685,0.10134031,0.03179651,0.05441981,0.56330083
9.860000,-0.37712502,-0.23885195,1.29506437,-0.03681769,1.57102318,-0.37710402,-0.04517827,-0.00716126,-0.00821542,-0.00257767,-0.00441168,-0.04566545,0.54101435,0.08575677,0.09838044,0.03086782,0.05283036,0.54684837
9.870000,-0.37755006,-0.23891933,1.29498708,-0.03684194,1.57098168,-0.37753364,-0.03986046,-0.00631832,-0.00724840,-0.00227426,-0.00389240,-0.04029029,0.52210183,0.08275893,0.09494130,0.02978876,0.05098354,0.52773190
9.880000,-0.37792291,-0.23897843,1.29491928,-0.03686321,1.57094527,-0.37791051,-0.03474529,-0.00550751,-0.00631824,-0.00198241,-0.00339290,-0.03511996,0.50047372,0.07933064,0.09100835,0.02855476,0.04887154,0.50587057
9.890000,-0.37824573,-0.23902960,1.29486057,-0.03688163,1.57091374,-0.37823682,-0.02986030,-0.00473319,-0.00542993,-0.00170369,-0.00291588,-0.03018230,0.47605002,0.07545921,0.08656704,0.02716125,0.04648655,0.48118350
9.900000,-0.37852097,-0.23907323,1.29481052,-0.03689734,1.57088687,-0.37851503,-0.02523387,-0.00399985,-0.00458864,-0.00143973,-0.00246410,-0.02550598,0.44875073,0.07113197,0.08160282,0.02560368,0.04382076,0.45358983
9.910000,-0.37875137,-0.23910975,1.29476863,-0.03691048,1.57086437,-0.37874791,-0.02089514,-0.00331211,-0.00379966,-0.00119218,-0.00204042,-0.02112046,0.41849585,0.06633623,0.07610113,0.02387747,0.04086636,0.42300869
9.920000,-0.37893994,-0.23913964,1.29473434,-0.03692124,1.57084595,-0.37893851,-0.01687407,-0.00267473,-0.00306846,-0.00096276,-0.00164776,-0.01705603,0.38520538,0.06105932,0.07004745,0.02197807,0.03761552,0.38935923
9.930000,-0.37909001,-0.23916343,1.29470705,-0.03692980,1.57083130,-0.37909020,-0.01320142,-0.00209257,-0.00240060,-0.00075321,-0.00128913,-0.01334378,0.34879931,0.05528856,0.06342721,0.01990090,0.03406045,0.35256057
9.940000,-0.37920523,-0.23918169,1.29468609,-0.03693638,1.57082005,-0.37920666,-0.00990874,-0.00157064,-0.00180185,-0.00056535,-0.00096759,-0.01001559,0.30919764,0.04901125,0.05622586,0.01764141,0.03019332,0.31253186
9.950000,-0.37928956,-0.23919506,1.29467076,-0.03694119,1.57081181,-0.37929190,-0.00702838,-0.00111408,-0.00127807,-0.00040101,-0.00068633,-0.00710418,0.26632037,0.04221473,0.04842887,0.01519503,0.02600634,0.26919223
9.960000,-0.37934728,-0.23920421,1.29466026,-0.03694448,1.57080618,-0.37935025,-0.00459352,-0.00072812,-0.00083531,-0.00026209,-0.00044856,-0.00464305,0.22008750,0.03488631,0.04002168,0.01255719,0.02149167,0.22246081
9.970000,-0.37938303,-0.23920987,1.29465376,-0.03694652,1.57080269,-0.37938638,-0.00263809,-0.00041817,-0.00047972,-0.00015052,-0.00025761,-0.00266653,0.17041903,0.02701331,0.03098975,0.00972334,0.01664152,0.17225674
9.980000,-0.37940176,-0.23921284,1.29465036,-0.03694759,1.57080086,-0.37940531,-0.00119685,-0.00018971,-0.00021764,-0.00006829,-0.00011687,-0.00120976,0.11723496,0.01858304,0.02131852,0.00668889,0.01144806,0.11849916
9.990000,-0.37940880,-0.23921396,1.29464908,-0.03694799,1.57080017,-0.37941243,-0.00030537,-0.00004840,-0.00005553,-0.00001742,-0.00002982,-0.00030867,0.06045528,0.00958283,0.01099346,0.00344930,0.00590349,0.06110720
10.000000,-0.37940982,-0.23921412,1.29464889,-0.03694805,1.57080007,-0.37941346,0.00000000,0.00000000,-0.00000000,0.00000000,-0.00000000,0.00000000,0.00000000,0.00000000,0.00000000,0.00000000,0.00000000,0.00000000
