t_s,q1_rad,q2_rad,q3_rad,q4_rad,q5_rad,q6_rad,qd1_rad_s,qd2_rad_s,qd3_rad_s,qd4_rad_s,qd5_rad_s,qd6_rad_s,qdd1_rad_s2,qdd2_rad_s2,qdd3_rad_s2,qdd4_rad_s2,qdd5_rad_s2,qdd6_rad_s2
0.000000,0.74643636,-0.10610505,1.49368703,0.17689066,1.80398023,0.90098506,0.00000000,0.00000000,0.00000000,0.00000000,0.00000000,0.00000000,-0.00000000,0.00000000,-0.00000000,0.00000000,-0.00000000,-0.00000000
0.010000,0.74643581,-0.10610479,1.49368654,0.17689121,1.80397960,0.90098380,-0.00016342,0.00007671,-0.00014706,0.00016416,-0.00018973,-0.00037779,-0.03235719,0.01518905,-0.02911844,0.03250384,-0.03756823,-0.07480375
0.020000,0.74643204,-0.10610303,1.49368315,0.17689499,1.80397522,0.90097509,-0.00064067,0.00030075,-0.00057656,0.00064360,-0.00074387,-0.00148114,-0.06277336,0.02946953,-0.05649286,0.06306446,-0.07288842,-0.14512676
0.030000,0.74642201,-0.10609832,1.49367413,0.17690507,1.80396358,0.90095190,-0.00141256,0.00066314,-0.00127123,0.00141911,-0.00164017,-0.00326571,-0.09129018,0.04286088,-0.08216067,0.09172344,-0.10600872,-0.21106509
0.040000,0.74640287,-0.10608933,1.49365690,0.17692430,1.80394135,0.90090765,-0.00246028,0.00115507,-0.00221420,0.00247187,-0.00285687,-0.00568815,-0.11794932,0.05538257,-0.10615923,0.11852236,-0.13697729,-0.27271481
0.050000,0.74637195,-0.10607481,1.49362907,0.17695537,1.80390544,0.90083616,-0.00376549,0.00176795,-0.00338897,0.00378349,-0.00437270,-0.00870603,-0.14279245,0.06705404,-0.12852595,0.14350281,-0.16584226,-0.33017197
0.060000,0.74632676,-0.10605360,1.49358840,0.17700077,1.80385297,0.90073168,-0.00531022,0.00249338,-0.00477941,0.00533600,-0.00616687,-0.01227793,-0.16586125,0.07789475,-0.14929821,0.16670637,-0.19265179,-0.38353266
0.070000,0.74626501,-0.10602460,1.49353281,0.17706283,1.80378125,0.90058889,-0.00707694,0.00332315,-0.00636975,0.00711184,-0.00821905,-0.01636335,-0.18719740,0.08792416,-0.16851338,0.18817463,-0.21745403,-0.43289292
0.080000,0.74618454,-0.10598681,1.49346039,0.17714369,1.80368779,0.90040283,-0.00904853,0.00424923,-0.00814461,0.00909385,-0.01050942,-0.02092277,-0.20684255,0.09716171,-0.18620887,0.20794917,-0.24029713,-0.47834883
0.090000,0.74608341,-0.10593932,1.49336936,0.17724534,1.80357033,0.90016898,-0.01120829,0.00526380,-0.01008899,0.01126531,-0.01301862,-0.02591763,-0.22483839,0.10562687,-0.20242206,0.22607158,-0.26122924,-0.51999645
0.100000,0.74595980,-0.10588127,1.49325809,0.17736958,1.80342676,0.89988315,-0.01353994,0.00635925,-0.01218824,0.01360991,-0.01572779,-0.03131033,-0.24122659,0.11333908,-0.21719033,0.24258344,-0.28029850,-0.55793184
0.110000,0.74581209,-0.10581189,1.49312512,0.17751806,1.80325517,0.89954157,-0.01602760,0.00752814,-0.01442810,0.01611175,-0.01861854,-0.03706422,-0.25604882,0.12031779,-0.23055107,0.25752633,-0.29755307,-0.59225107
0.120000,0.74563878,-0.10573048,1.49296911,0.17769228,1.80305384,0.89914079,-0.01865584,0.00876323,-0.01679469,0.01875535,-0.02167297,-0.04314362,-0.26934675,0.12658247,-0.24254167,0.27094185,-0.31304110,-0.62305020
0.130000,0.74543855,-0.10563643,1.49278885,0.17789359,1.80282122,0.89867773,-0.02140960,0.01005748,-0.01927449,0.02152563,-0.02487364,-0.04951381,-0.28116206,0.13215256,-0.25319952,0.28287157,-0.32681074,-0.65042530
0.140000,0.74521022,-0.10552916,1.49258329,0.17812317,1.80255593,0.89814965,-0.02427427,0.01140403,-0.02185436,0.02440796,-0.02820361,-0.05614103,-0.29153641,0.13704753,-0.26256199,0.29335707,-0.33891013,-0.67447244
0.150000,0.74495275,-0.10540819,1.49235147,0.17838207,1.80225677,0.89755416,-0.02723566,0.01279624,-0.02452154,0.02738810,-0.03164643,-0.06299248,-0.30051149,0.14128681,-0.27066649,0.30243996,-0.34938742,-0.69528767
0.160000,0.74466523,-0.10527311,1.49209261,0.17867121,1.80192268,0.89688916,-0.03027998,0.01422765,-0.02726362,0.03045223,-0.03518611,-0.07003633,-0.30812896,0.14488987,-0.27755039,0.31016180,-0.35829077,-0.71296706
0.170000,0.74434692,-0.10512353,1.49180599,0.17899135,1.80155278,0.89615289,-0.03339385,0.01569198,-0.03006860,0.03358694,-0.03880716,-0.07724169,-0.31443049,0.14787617,-0.28325108,0.31656418,-0.36566832,-0.72760668
0.180000,0.74399717,-0.10495918,1.49149106,0.17934314,1.80114632,0.89534389,-0.03656434,0.01718318,-0.03292483,0.03677925,-0.04249456,-0.08457865,-0.31945776,0.15026514,-0.28780596,0.32168869,-0.37156823,-0.73930259
0.190000,0.74361548,-0.10477980,1.49114736,0.17972709,1.80070271,0.89446098,-0.03977890,0.01869536,-0.03582103,0.04001659,-0.04623376,-0.09201825,-0.32325244,0.15207626,-0.29125239,0.32557691,-0.37603863,-0.74815086
0.200000,0.74320148,-0.10458522,1.49077455,0.18014358,1.80022152,0.89350328,-0.04302542,0.02022284,-0.03874630,0.04328681,-0.05001072,-0.09953250,-0.32585621,0.15332896,-0.29362778,0.32827043,-0.37912769,-0.75424754
0.210000,0.74275491,-0.10437531,1.49037238,0.18059290,1.79970242,0.89247017,-0.04629219,0.02176014,-0.04169014,0.04657816,-0.05381187,-0.10709435,-0.32731073,0.15404271,-0.29496951,0.32981083,-0.38088356,-0.75768871
0.220000,0.74227561,-0.10415000,1.48994072,0.18107518,1.79914524,0.89136132,-0.04956794,0.02330196,-0.04464237,0.04987932,-0.05762411,-0.11467774,-0.32765767,0.15423696,-0.29531497,0.33023969,-0.38135437,-0.75857043
0.230000,0.74176355,-0.10390927,1.48947953,0.18159048,1.79854994,0.89017663,-0.05284179,0.02484321,-0.04759324,0.05317938,-0.06143484,-0.12225755,-0.32693872,0.15393116,-0.29470154,0.32959860,-0.38058828,-0.75698877
0.240000,0.74121881,-0.10365315,1.48898889,0.18213873,1.79791659,0.88891626,-0.05610330,0.02637899,-0.05053333,0.05646786,-0.06523191,-0.12980962,-0.32519554,0.15314477,-0.29316661,0.32792915,-0.37863345,-0.75303978
0.250000,0.74064156,-0.10338173,1.48846893,0.18271976,1.79724539,0.88758060,-0.05934243,0.02790457,-0.05345362,0.05973468,-0.06900370,-0.13731077,-0.32246981,0.15189724,-0.29074757,0.32527292,-0.37553801,-0.74681953
0.260000,0.74003207,-0.10309511,1.48791991,0.18333332,1.79653664,0.88617029,-0.06254956,0.02941546,-0.05634546,0.06297017,-0.07273903,-0.14473876,-0.31880319,0.15020802,-0.28748180,0.32167149,-0.37135012,-0.73842410
0.270000,0.73939071,-0.10279348,1.48734215,0.18397903,1.79579077,0.88468614,-0.06571550,0.03090733,-0.05920056,0.06616509,-0.07642722,-0.15207232,-0.31423737,0.14809656,-0.28340669,0.31716645,-0.36611794,-0.72794953
0.280000,0.73871793,-0.10247704,1.48673605,0.18465646,1.79500829,0.88312922,-0.06883145,0.03237605,-0.06201102,0.06931062,-0.08005807,-0.15929114,-0.30881401,0.14558233,-0.27855963,0.31179938,-0.35988959,-0.71549190
0.290000,0.73801427,-0.10214605,1.48610210,0.18536505,1.79418983,0.88150077,-0.07188906,0.03381769,-0.06476931,0.07239835,-0.08362186,-0.16637587,-0.30257478,0.14268477,-0.27297800,0.30561187,-0.35271325,-0.70114728
0.300000,0.73728037,-0.10180079,1.48544086,0.18610420,1.79333610,0.87980221,-0.07488037,0.03522853,-0.06746826,0.07542027,-0.08710934,-0.17330812,-0.29556136,0.13942334,-0.26669920,0.29864550,-0.34463706,-0.68501172
0.310000,0.73651691,-0.10144159,1.48475295,0.18687321,1.79244792,0.87803517,-0.07779784,0.03660501,-0.07010109,0.07836880,-0.09051176,-0.18007046,-0.28781543,0.13581750,-0.25976060,0.29094186,-0.33570916,-0.66718129
0.320000,0.73572468,-0.10106882,1.48403908,0.18767131,1.79152618,0.87620143,-0.08063437,0.03794380,-0.07266139,0.08123678,-0.09382084,-0.18664642,-0.27937864,0.13188668,-0.25219959,0.28254252,-0.32597770,-0.64775206
0.330000,0.73490452,-0.10068285,1.48329999,0.18849766,1.79057184,0.87430292,-0.08338325,0.03924173,-0.07514313,0.08401747,-0.09702879,-0.19302049,-0.27029268,0.12765036,-0.24405357,0.27348909,-0.31549084,-0.62682008
0.340000,0.73405733,-0.10028413,1.48253650,0.18935135,1.78958597,0.87234174,-0.08603820,0.04049585,-0.07754064,0.08670452,-0.10012830,-0.19917813,-0.26059922,0.12312798,-0.23535992,0.26382313,-0.30429673,-0.60448144
0.350000,0.73318409,-0.09987309,1.48174947,0.19023142,1.78856966,0.87032012,-0.08859335,0.04170340,-0.07984863,0.08929203,-0.10311253,-0.20510575,-0.25033993,0.11833900,-0.22615602,0.25358623,-0.29244351,-0.58083218
0.360000,0.73228581,-0.09945022,1.48093984,0.19113684,1.78752412,0.86824043,-0.09104325,0.04286181,-0.08206219,0.09177448,-0.10597513,-0.21079072,-0.23955649,0.11330286,-0.21647926,0.24281999,-0.27997934,-0.55596837
0.370000,0.73136359,-0.09901603,1.48010856,0.19206654,1.78645059,0.86610515,-0.09338287,0.04396870,-0.08417676,0.09414680,-0.10871024,-0.21622139,-0.22829056,0.10803903,-0.20636704,0.23156598,-0.26695235,-0.52998608
0.380000,0.73041854,-0.09857103,1.47925665,0.19301939,1.78535036,0.86391689,-0.09560759,0.04502189,-0.08618820,0.09640432,-0.11131247,-0.22138704,-0.21658382,0.10256696,-0.19585672,0.21986579,-0.25341072,-0.50298138
0.390000,0.72945183,-0.09811578,1.47838515,0.19399423,1.78422480,0.86167833,-0.09771322,0.04601941,-0.08809270,0.09854277,-0.11377690,-0.22627793,-0.20447793,0.09690610,-0.18498571,0.20776100,-0.23940257,-0.47505032
0.400000,0.72846468,-0.09765083,1.47749516,0.19498984,1.78307529,0.85939227,-0.09969596,0.04695945,-0.08988684,0.10055833,-0.11609912,-0.23088528,-0.19201459,0.09107591,-0.17379140,0.19529319,-0.22497606,-0.44628898
0.410000,0.72745834,-0.09717678,1.47658779,0.19600497,1.78190330,0.85706160,-0.10155246,0.04784043,-0.09156757,0.10244756,-0.11827519,-0.23520126,-0.17923544,0.08509583,-0.16231115,0.18250396,-0.21017935,-0.41679341
0.420000,0.72643407,-0.09669423,1.47566420,0.19703836,1.78071029,0.85468924,-0.10327976,0.04866093,-0.09313223,0.10420747,-0.12030164,-0.23921902,-0.16618218,0.07898533,-0.15058237,0.16943488,-0.19506058,-0.38665969
0.430000,0.72539318,-0.09620377,1.47472554,0.19808868,1.77949778,0.85227823,-0.10487533,0.04941976,-0.09457851,0.10583547,-0.12217549,-0.24293265,-0.15289647,0.07276385,-0.13864244,0.15612755,-0.17966790,-0.35598387
0.440000,0.72433701,-0.09570604,1.47377303,0.19915462,1.77826730,0.84983162,-0.10633705,0.05011590,-0.09590450,0.10732937,-0.12389424,-0.24633721,-0.13941998,0.06645085,-0.12652875,0.14262354,-0.16404945,-0.32486202
0.450000,0.72326689,-0.09520166,1.47280786,0.20023482,1.77702041,0.84735253,-0.10766323,0.05074854,-0.09710863,0.10868742,-0.12545588,-0.24942872,-0.12579439,0.06006578,-0.11427868,0.12896444,-0.14825340,-0.29339021
0.460000,0.72218420,-0.09469128,1.47183127,0.20132791,1.77575871,0.84484410,-0.10885258,0.05131704,-0.09818974,0.10990828,-0.12685888,-0.25220417,-0.11206136,0.05362810,-0.10192962,0.11519183,-0.13232788,-0.26166450
0.470000,0.72109030,-0.09417554,1.47084448,0.20243252,1.77448377,0.84230951,-0.10990424,0.05182099,-0.09914702,0.11099102,-0.12810217,-0.25466148,-0.09826258,0.04715727,-0.08951895,0.10134731,-0.11632106,-0.22978095
0.480000,0.71998657,-0.09365508,1.46984874,0.20354727,1.77319720,0.83975193,-0.11081775,0.05226014,-0.09998004,0.11193512,-0.12918519,-0.25679958,-0.08443971,0.04067272,-0.07708407,0.08747244,-0.10028107,-0.19783563
0.490000,0.71887440,-0.09313055,1.46884529,0.20467076,1.77190060,0.83717458,-0.11159309,0.05263446,-0.10068875,0.11274050,-0.13010784,-0.25861831,-0.07063442,0.03419393,-0.06466237,0.07360883,-0.08425607,-0.16592460
0.500000,0.71775517,-0.09260260,1.46783538,0.20580162,1.77059558,0.83458063,-0.11223064,0.05294411,-0.10127346,0.11340748,-0.13087052,-0.26011851,-0.05688840,0.02774034,-0.05229122,0.05979804,-0.06829420,-0.13414394
0.510000,0.71663025,-0.09207188,1.46682023,0.20693845,1.76928372,0.83197326,-0.11273119,0.05318942,-0.10173486,0.11393678,-0.13147410,-0.26130195,-0.04324330,0.02133140,-0.04000801,0.04608167,-0.05244362,-0.10258969
0.520000,0.71550100,-0.09153903,1.46580109,0.20807990,1.76796662,0.82935564,-0.11309598,0.05337095,-0.10207404,0.11432956,-0.13191992,-0.26217137,-0.02974081,0.01498657,-0.02785013,0.03250131,-0.03675248,-0.07135794
0.530000,0.71436877,-0.09100468,1.46477916,0.20922459,1.76664584,0.82673087,-0.11332662,0.05348943,-0.10229241,0.11458740,-0.13220984,-0.26273050,-0.01642260,0.00872530,-0.01585498,0.01909853,-0.02126892,-0.04054473
0.540000,0.71323491,-0.09046945,1.46375564,0.21037120,1.76532294,0.82410205,-0.11342518,0.05354580,-0.10239180,0.11471226,-0.13234616,-0.26298398,-0.00333033,0.00256706,-0.00405993,0.00591492,-0.00604109,-0.01024615
0.550000,0.71210070,-0.08993396,1.46273171,0.21151840,1.76399942,0.82147219,-0.11339412,0.05354118,-0.10237440,0.11470656,-0.13233167,-0.26293746,0.00949431,-0.00346872,0.00749763,-0.00700793,0.00888285,0.01944176
0.560000,0.71096745,-0.08939882,1.46170853,0.21266491,1.76267679,0.81884428,-0.11323633,0.05347690,-0.10224277,0.11457311,-0.13216967,-0.26259751,0.02200966,-0.00936258,0.01878031,-0.01962845,0.02345475,0.04842292
0.570000,0.70983639,-0.08886462,1.46068722,0.21380945,1.76135651,0.81622120,-0.11295510,0.05335447,-0.10199983,0.11431514,-0.13186391,-0.26197168,0.03417405,-0.01509506,0.02975073,-0.03190504,0.03762648,0.07660127
0.580000,0.70870874,-0.08833192,1.45966889,0.21495081,1.76003998,0.81360577,-0.11255416,0.05317560,-0.10164892,0.11393630,-0.13141864,-0.26106848,0.04594579,-0.02064670,0.04037149,-0.04379612,0.05134987,0.10388074
0.590000,0.70758569,-0.08780129,1.45865459,0.21608779,1.75872858,0.81100072,-0.11203763,0.05294220,-0.10119369,0.11344064,-0.13083857,-0.25989738,0.05728323,-0.02599806,0.05060521,-0.05526011,0.06457678,0.13016527
0.600000,0.70646836,-0.08727325,1.45764535,0.21721925,1.75742364,0.80840868,-0.11141008,0.05265637,-0.10063823,0.11283266,-0.13012892,-0.25846881,0.06814468,-0.03112968,0.06041451,-0.06625542,0.07725906,0.15535880
0.610000,0.70535784,-0.08674833,1.45664215,0.21834408,1.75612642,0.80583216,-0.11067646,0.05232040,-0.09998694,0.11211724,-0.12929536,-0.25679416,0.07848848,-0.03602211,0.06976200,-0.07674047,0.08934855,0.17936526
0.620000,0.70425517,-0.08622700,1.45564592,0.21946125,1.75483813,0.80327357,-0.10984217,0.05193679,-0.09924465,0.11129969,-0.12834408,-0.25488578,0.08827294,-0.04065590,0.07861028,-0.08667367,0.10079712,0.20208859
0.630000,0.70316132,-0.08570974,1.45465754,0.22056976,1.75355991,0.80073518,-0.10891301,0.05150821,-0.09841653,0.11038574,-0.12728172,-0.25275698,0.09745641,-0.04501158,0.08692198,-0.09601344,0.11155661,0.22343271
0.640000,0.70207720,-0.08519698,1.45367785,0.22166866,1.75229284,0.79821912,-0.10789518,0.05103755,-0.09750812,0.10938153,-0.12611540,-0.25042204,0.10599880,-0.04907046,0.09466114,-0.10471978,0.12158071,0.24330527
0.650000,0.70100369,-0.08468912,1.45270763,0.22275711,1.75103792,0.79572738,-0.10679521,0.05052781,-0.09652525,0.10829350,-0.12485260,-0.24789587,0.11388907,-0.05282726,0.10181774,-0.11278142,0.13085644,0.26168050
0.660000,0.69994155,-0.08418654,1.45174758,0.22383428,1.74979608,0.79326179,-0.10561953,0.04998199,-0.09547367,0.10712801,-0.12350072,-0.24519331,0.12114129,-0.05628841,0.10840423,-0.12021196,0.13939970,0.27859047
0.670000,0.69889153,-0.08368959,1.45079836,0.22489943,1.74856818,0.79082405,-0.10437446,0.04940301,-0.09435902,0.10589131,-0.12206699,-0.24232883,0.12777041,-0.05946069,0.11443383,-0.12702587,0.14722738,0.29406915
0.680000,0.69785427,-0.08319858,1.44986059,0.22595189,1.74735499,0.78841571,-0.10306615,0.04879372,-0.09318680,0.10458950,-0.12055850,-0.23931659,0.13379136,-0.06235089,0.11991975,-0.13323759,0.15435633,0.30815050
0.690000,0.69683039,-0.08271381,1.44893480,0.22699102,1.74615724,0.78603817,-0.10170061,0.04815690,-0.09196239,0.10322852,-0.11898214,-0.23617037,0.13921906,-0.06496582,0.12487519,-0.13886158,0.16080343,0.32086851
0.700000,0.69582043,-0.08223553,1.44802150,0.22801628,1.74497555,0.78369270,-0.10028370,0.04749529,-0.09069102,0.10181418,-0.11734465,-0.23290365,0.14406846,-0.06731226,0.12931338,-0.14391227,0.16658556,0.33225716
0.710000,0.69482487,-0.08176398,1.44712112,0.22902715,1.74381052,0.78138045,-0.09882112,0.04681153,-0.08937781,0.10035214,-0.11565259,-0.22952954,0.14835447,-0.06939702,0.13324750,-0.14840414,0.17171958,0.34235041
0.720000,0.69384414,-0.08129936,1.44623406,0.23002318,1.74266266,0.77910243,-0.09731843,0.04610820,-0.08802771,0.09884791,-0.11391236,-0.22606084,0.15209203,-0.07122688,0.13669079,-0.15235161,0.17622237,0.35118223
0.730000,0.69287862,-0.08084187,1.44536067,0.23100398,1.74153242,0.77685951,-0.09578106,0.04538782,-0.08664558,0.09730687,-0.11213019,-0.22250999,0.15529607,-0.07280864,0.13965644,-0.15576915,0.18011080,0.35878661
0.740000,0.69192862,-0.08039166,1.44450124,0.23196921,1.74042018,0.77465246,-0.09421424,0.04465283,-0.08523613,0.09573425,-0.11031214,-0.21888909,0.15798153,-0.07414910,0.14215766,-0.15867120,0.18340173,0.36519753
0.750000,0.69099442,-0.07994885,1.44365603,0.23291858,1.73932627,0.77248192,-0.09262310,0.04390562,-0.08380393,0.09413512,-0.10846409,-0.21520991,0.16016333,-0.07525504,0.14420767,-0.16107222,0.18611205,0.37044894
0.760000,0.69007622,-0.07951358,1.44282523,0.23385184,1.73825098,0.77034842,-0.09101260,0.04314849,-0.08235344,0.09251442,-0.10659177,-0.21148386,0.16185641,-0.07613328,0.14581968,-0.16298665,0.18825862,0.37457483
0.770000,0.68917421,-0.07908591,1.44200900,0.23476881,1.73719450,0.76825236,-0.08938755,0.04238369,-0.08088895,0.09087696,-0.10470074,-0.20772205,0.16307569,-0.07679059,0.14700689,-0.16442894,0.18985831,0.37760917
0.780000,0.68828850,-0.07866592,1.44120748,0.23566934,1.73615701,0.76619406,-0.08775262,0.04161339,-0.07941467,0.08922737,-0.10279637,-0.20393520,0.16383612,-0.07723377,0.14778251,-0.16541355,0.19092800,0.37958594
0.790000,0.68741918,-0.07825365,1.44042073,0.23655333,1.73513860,0.76417371,-0.08611231,0.04083971,-0.07793463,0.08757016,-0.10088389,-0.20013374,0.16415261,-0.07746963,0.14815976,-0.16595493,0.19148455,0.38053911
0.800000,0.68656626,-0.07784913,1.43964879,0.23742073,1.73413934,0.76219140,-0.08447100,0.04006467,-0.07645276,0.08590970,-0.09896834,-0.19632772,0.16404010,-0.07750495,0.14815184,-0.16606752,0.19154485,0.38050265
0.810000,0.68572975,-0.07745236,1.43889167,0.23827153,1.73315923,0.76024714,-0.08283289,0.03929025,-0.07497284,0.08425020,-0.09705459,-0.19252687,0.16351353,-0.07734652,0.14777197,-0.16576577,0.19112575,0.37951054
0.820000,0.68490958,-0.07706332,1.43814932,0.23910575,1.73219823,0.75834082,-0.08120206,0.03851836,-0.07349852,0.08259572,-0.09514736,-0.18874058,0.16258782,-0.07700115,0.14703335,-0.16506415,0.19024414,0.37759676
0.830000,0.68410567,-0.07668198,1.43742167,0.23992347,1.73125624,0.75647225,-0.07958241,0.03775083,-0.07203332,0.08095020,-0.09325119,-0.18497790,0.16127791,-0.07647563,0.14594920,-0.16397708,0.18891687,0.37479527
0.840000,0.68331788,-0.07630828,1.43670861,0.24072480,1.73033315,0.75464115,-0.07797773,0.03698943,-0.07058064,0.07931741,-0.09137046,-0.18124752,0.15959872,-0.07577674,0.14453272,-0.16251904,0.18716084,0.37114006
0.850000,0.68254605,-0.07594216,1.43601000,0.24150988,1.72942877,0.75284716,-0.07639162,0.03623585,-0.06914373,0.07770100,-0.08950935,-0.17755783,0.15756519,-0.07491130,0.14279712,-0.16070446,0.18499290,0.36666509
0.860000,0.68178998,-0.07558353,1.43532567,0.24227889,1.72854288,0.75108983,-0.07482756,0.03549174,-0.06772572,0.07610446,-0.08767191,-0.17391684,0.15519225,-0.07388608,0.14075561,-0.15854779,0.18242993,0.36140434
0.870000,0.68104942,-0.07523229,1.43465542,0.24303204,1.72767524,0.74936864,-0.07328886,0.03475864,-0.06632959,0.07453114,-0.08586201,-0.17033225,0.15249483,-0.07270789,0.13842141,-0.15606350,0.17948879,0.35539179
0.880000,0.68032410,-0.07488832,1.43399900,0.24376960,1.72682554,0.74768297,-0.07177869,0.03403806,-0.06495822,0.07298424,-0.08408334,-0.16681140,0.14948786,-0.07138353,0.13580771,-0.15326602,0.17618637,0.34866141
0.890000,0.67961374,-0.07455148,1.43335616,0.24449183,1.72599346,0.74603217,-0.07030008,0.03333143,-0.06361433,0.07146682,-0.08233943,-0.16336130,0.14618627,-0.06991977,0.13292774,-0.15016980,0.17253953,0.34124718
0.900000,0.67891799,-0.07422164,1.43272661,0.24519904,1.72517862,0.74441549,-0.06885590,0.03264011,-0.06230051,0.06998179,-0.08063364,-0.15998862,0.14260500,-0.06832343,0.12979471,-0.14678931,0.16856515,0.33318306
0.910000,0.67823650,-0.07389862,1.43211004,0.24589158,1.72438065,0.74283212,-0.06744887,0.03196539,-0.06101923,0.06853193,-0.07896917,-0.15669969,0.13875897,-0.06660129,0.12642181,-0.14313898,0.16428009,0.32450304
0.920000,0.67756888,-0.07358227,1.43150611,0.24656981,1.72359909,0.74128120,-0.06608155,0.03130848,-0.05977283,0.06711986,-0.07734902,-0.15350050,0.13466312,-0.06476015,0.12282227,-0.13923327,0.15970123,0.31524108
0.930000,0.67691472,-0.07327239,1.43091446,0.24723411,1.72283351,0.73976179,-0.06475639,0.03067056,-0.05856350,0.06574807,-0.07577606,-0.15039670,0.13033238,-0.06280681,0.11900928,-0.13508663,0.15484544,0.30543117
0.940000,0.67627360,-0.07296879,1.43033471,0.24788491,1.72208341,0.73827293,-0.06347564,0.03005270,-0.05739331,0.06441888,-0.07425298,-0.14739359,0.12578168,-0.06074805,0.11499607,-0.13071350,0.14972959,0.29510727
0.950000,0.67564506,-0.07267127,1.42976646,0.24852264,1.72134827,0.73681357,-0.06224144,0.02945592,-0.05626420,0.06313450,-0.07278228,-0.14449615,0.12102595,-0.05859068,0.11079584,-0.12612835,0.14437055,0.28430336
0.960000,0.67502861,-0.07237960,1.42920928,0.24914776,1.72062758,0.73538264,-0.06105575,0.02888119,-0.05517797,0.06189698,-0.07136632,-0.14170901,0.11608012,-0.05634148,0.10642180,-0.12134561,0.13878519,0.27305342
0.970000,0.67442377,-0.07209357,1.42866275,0.24976074,1.71992076,0.73397901,-0.05992042,0.02832938,-0.05413630,0.06070820,-0.07000728,-0.13903646,0.11095912,-0.05400726,0.10188715,-0.11637974,0.13299039,0.26139142
0.980000,0.67383003,-0.07181293,1.42812640,0.25036209,1.71922724,0.73260151,-0.05883710,0.02780131,-0.05314072,0.05956994,-0.06870716,-0.13648244,0.10567789,-0.05159480,0.09720512,-0.11124520,0.12700301,0.24935133
0.990000,0.67324685,-0.07153746,1.42759978,0.25095231,1.71854641,0.73124895,-0.05780734,0.02729772,-0.05219264,0.05848381,-0.06746780,-0.13405058,0.10025136,-0.04911091,0.09238891,-0.10595642,0.12083994,0.23696713
1.000000,0.67267370,-0.07126690,1.42708239,0.25153194,1.71787767,0.72992008,-0.05683251,0.02681930,-0.05129335,0.05745128,-0.06629089,-0.13174413,0.09469445,-0.04656237,0.08745173,-0.10052785,0.11451803,0.22427280
1.010000,0.67211001,-0.07100099,1.42657374,0.25210152,1.71722038,0.72861364,-0.05591384,0.02636667,-0.05044397,0.05647367,-0.06517792,-0.12956604,0.08902210,-0.04395599,0.08240678,-0.09497396,0.10805417,0.21130230
1.020000,0.67155523,-0.07073947,1.42607334,0.25266160,1.71657390,0.72732832,-0.05505241,0.02594035,-0.04964553,0.05555217,-0.06413022,-0.12751889,0.08324924,-0.04129855,0.07726729,-0.08930919,0.10146521,0.19808961
1.030000,0.67100877,-0.07048209,1.42558066,0.25321276,1.71593756,0.72606282,-0.05424914,0.02554084,-0.04889889,0.05468781,-0.06314897,-0.12560494,0.07739080,-0.03859685,0.07204645,-0.08354799,0.09476805,0.18466871
1.040000,0.67047005,-0.07022857,1.42509519,0.25375555,1.71531069,0.72481578,-0.05350482,0.02516854,-0.04820482,0.05388148,-0.06223517,-0.12382610,0.07146172,-0.03585768,0.06675749,-0.07770481,0.08797954,0.17107357
1.050000,0.66993848,-0.06997863,1.42461639,0.25429058,1.71469262,0.72358584,-0.05282009,0.02482379,-0.04756393,0.05313394,-0.06138963,-0.12218394,0.06547692,-0.03308785,0.06141360,-0.07179410,0.08111655,0.15733816
1.060000,0.66941345,-0.06973200,1.42414373,0.25481843,1.71408267,0.72237164,-0.05219542,0.02450686,-0.04697669,0.05244578,-0.06061303,-0.12067969,0.05945133,-0.03029413,0.05602800,-0.06583031,0.07419597,0.14349647
1.070000,0.66889437,-0.06948840,1.42367667,0.25533970,1.71348013,0.72117178,-0.05163115,0.02421796,-0.04644346,0.05181746,-0.05990585,-0.11931425,0.05339989,-0.02748334,0.05061389,-0.05982790,0.06723465,0.12958246
1.080000,0.66838063,-0.06924755,1.42321468,0.25585498,1.71288432,0.71998489,-0.05112746,0.02395723,-0.04596446,0.05124930,-0.05926841,-0.11808817,0.04733753,-0.02466226,0.04518450,-0.05380130,0.06024948,0.11563010
1.090000,0.66787162,-0.06900916,1.42275720,0.25636488,1.71229453,0.71880955,-0.05068439,0.02372473,-0.04553978,0.05074147,-0.05870088,-0.11700166,0.04127918,-0.02183769,0.03975302,-0.04776497,0.05325732,0.10167338
1.100000,0.66736674,-0.06877296,1.42230370,0.25687001,1.71171007,0.71764439,-0.05030181,0.02352047,-0.04516937,0.05029399,-0.05820323,-0.11605460,0.03523976,-0.01901643,0.03433267,-0.04173337,0.04627505,0.08774627
1.110000,0.66686538,-0.06853866,1.42185363,0.25737096,1.71113023,0.71648800,-0.04997948,0.02334437,-0.04485305,0.04990674,-0.05777529,-0.11524653,0.02923422,-0.01620526,0.02893665,-0.03572094,0.03931954,0.07388273
1.120000,0.66636695,-0.06830598,1.42140646,0.25786835,1.71055433,0.71533900,-0.04971697,0.02319630,-0.04459051,0.04957946,-0.05741670,-0.11457662,0.02327749,-0.01341098,0.02357818,-0.02974213,0.03240765,0.06011675
1.130000,0.66587084,-0.06807464,1.42096165,0.25836275,1.70998167,0.71419601,-0.04951372,0.02307607,-0.04438131,0.04931173,-0.05712693,-0.11404375,0.01738448,-0.01064039,0.01827047,-0.02381139,0.02555626,0.04648231
1.140000,0.66537648,-0.06784436,1.42051866,0.25885478,1.70941157,0.71305767,-0.04936902,0.02298340,-0.04422489,0.04910302,-0.05690531,-0.11364643,0.01157014,-0.00790029,0.01302673,-0.01794317,0.01878225,0.03301336
1.150000,0.66488327,-0.06761488,1.42007698,0.25934501,1.70884334,0.71192264,-0.04928200,0.02291794,-0.04412052,0.04895261,-0.05675098,-0.11338282,0.00584940,-0.00519745,0.00786016,-0.01215193,0.01210248,0.01974390
1.160000,0.66439065,-0.06738591,1.41963608,0.25983402,1.70827633,0.71078958,-0.04925167,0.02287930,-0.04406738,0.04885968,-0.05666289,-0.11325077,0.00023719,-0.00253869,0.00278397,-0.00645211,0.00553382,0.00670789
1.170000,0.66389805,-0.06715720,1.41919546,0.26032239,1.70770987,0.70965719,-0.04927685,0.02286700,-0.04406450,0.04882322,-0.05663987,-0.11324777,-0.00525156,0.00006920,-0.00218861,-0.00085816,-0.00090685,-0.00606069
1.180000,0.66340493,-0.06692849,1.41875462,0.26081067,1.70714332,0.70852420,-0.04935624,0.02288049,-0.04411076,0.04884211,-0.05668055,-0.11337098,-0.01060192,0.00261944,-0.00704440,0.00461546,-0.00720266,-0.01852787
1.190000,0.66291075,-0.06669951,1.41831309,0.26129941,1.70657605,0.70738936,-0.04948837,0.02291917,-0.04420495,0.04891508,-0.05678339,-0.11361721,-0.01579896,0.00510522,-0.01177017,0.00995431,-0.01333674,-0.03065968
1.200000,0.66241499,-0.06647002,1.41787037,0.26178915,1.70600745,0.70625146,-0.04967165,0.02298236,-0.04434569,0.04904070,-0.05694669,-0.11398294,-0.02082775,0.00751975,-0.01635271,0.01514394,-0.01929223,-0.04242213
1.210000,0.66191715,-0.06623978,1.41742602,0.26228040,1.70543692,0.70510932,-0.04990432,0.02306931,-0.04453148,0.04921741,-0.05716858,-0.11446431,-0.02567335,0.00985623,-0.02077882,0.02016989,-0.02505224,-0.05378126
1.220000,0.66141675,-0.06600856,1.41697960,0.26277366,1.70486389,0.70396180,-0.05018446,0.02317920,-0.04476070,0.04944351,-0.05744702,-0.11505711,-0.03032084,0.01210788,-0.02503528,0.02501772,-0.03059990,-0.06470308
1.230000,0.66091331,-0.06577613,1.41653067,0.26326942,1.70428780,0.70280782,-0.05051002,0.02331116,-0.04503158,0.04971713,-0.05777981,-0.11575680,-0.03475528,0.01426789,-0.02910889,0.02967298,-0.03591835,-0.07515364
1.240000,0.66040640,-0.06554227,1.41607883,0.26376815,1.70370812,0.70164632,-0.05087881,0.02346423,-0.04534222,0.05003627,-0.05816457,-0.11655850,-0.03896174,0.01632948,-0.03298644,0.03412121,-0.04099071,-0.08509894
1.250000,0.65989560,-0.06530678,1.41562370,0.26427029,1.70312434,0.70047632,-0.05128845,0.02363740,-0.04569061,0.05039881,-0.05859875,-0.11745698,-0.04292528,0.01828584,-0.03665472,0.03834796,-0.04580012,-0.09450502
1.260000,0.65938051,-0.06506946,1.41516490,0.26477627,1.70253599,0.69929688,-0.05173645,0.02382957,-0.04607458,0.05080245,-0.05907964,-0.11844669,-0.04663099,0.02013018,-0.04010051,0.04233879,-0.05032969,-0.10333791
1.270000,0.65886075,-0.06483012,1.41470210,0.26528647,1.70194260,0.69810711,-0.05222016,0.02403960,-0.04649184,0.05124475,-0.05960436,-0.11952171,-0.05006393,0.02185572,-0.04331061,0.04607925,-0.05456256,-0.11156363
1.280000,0.65833599,-0.06458861,1.41423496,0.26580128,1.70134376,0.69690618,-0.05273679,0.02426627,-0.04693997,0.05172316,-0.06016986,-0.12067585,-0.05321410,0.02345780,-0.04627607,0.04955943,-0.05848724,-0.11915919
1.290000,0.65780592,-0.06434475,1.41376320,0.26632105,1.70073908,0.69569335,-0.05328351,0.02450835,-0.04741655,0.05223508,-0.06077309,-0.12190283,-0.05608572,0.02493801,-0.04900028,0.05278253,-0.06210776,-0.12613336
1.300000,0.65727023,-0.06409839,1.41328654,0.26684609,1.70012819,0.69446790,-0.05385759,0.02476464,-0.04791919,0.05277797,-0.06141103,-0.12319650,-0.05868562,0.02629905,-0.05148883,0.05575414,-0.06543095,-0.13250061
1.310000,0.65672868,-0.06384941,1.41280474,0.26737670,1.69951075,0.69322921,-0.05445634,0.02503395,-0.04844556,0.05334935,-0.06208074,-0.12455086,-0.06102059,0.02754362,-0.05374734,0.05847983,-0.06846364,-0.13827544
1.320000,0.65618103,-0.06359768,1.41231756,0.26791316,1.69888647,0.69197670,-0.05507715,0.02531513,-0.04899339,0.05394677,-0.06277935,-0.12596008,-0.06309743,0.02867443,-0.05578140,0.06096517,-0.07121269,-0.14347232
1.330000,0.65562707,-0.06334307,1.41182481,0.26845572,1.69825508,0.69070985,-0.05571745,0.02560707,-0.04956046,0.05456787,-0.06350407,-0.12741843,-0.06492296,0.02969417,-0.05759662,0.06321576,-0.07368491,-0.14810574
1.340000,0.65506663,-0.06308550,1.41132629,0.26900459,1.69761632,0.68942819,-0.05637479,0.02590865,-0.05014461,0.05521032,-0.06425215,-0.12892036,-0.06650398,0.03060556,-0.05919860,0.06523715,-0.07588715,-0.15219018
1.350000,0.65449953,-0.06282487,1.41082186,0.26955999,1.69696997,0.68813131,-0.05704674,0.02621882,-0.05074374,0.05587187,-0.06502093,-0.13046045,-0.06784729,0.03141129,-0.06059293,0.06703493,-0.07782624,-0.15574013
1.360000,0.65392565,-0.06256110,1.41031138,0.27012208,1.69631584,0.68681887,-0.05773097,0.02653654,-0.05135580,0.05655029,-0.06580782,-0.13203343,-0.06895970,0.03211406,-0.06178524,0.06861468,-0.07950901,-0.15877006
1.370000,0.65334488,-0.06229412,1.40979471,0.27069104,1.69565376,0.68549055,-0.05842519,0.02686077,-0.05197879,0.05724345,-0.06661028,-0.13363417,-0.06984801,0.03271658,-0.06278111,0.06998197,-0.08094231,-0.16129447
1.380000,0.65275712,-0.06202387,1.40927177,0.27126699,1.69498359,0.68414611,-0.05912720,0.02719054,-0.05261078,0.05794924,-0.06742586,-0.13525769,-0.07051903,0.03322156,-0.06358616,0.07114237,-0.08213296,-0.16332784
1.390000,0.65216231,-0.06175029,1.40874247,0.27185006,1.69430520,0.68278534,-0.05983487,0.02752489,-0.05324990,0.05866563,-0.06825216,-0.13689914,-0.07097956,0.03363168,-0.06420597,0.07210148,-0.08308781,-0.16488464
1.400000,0.65156041,-0.06147336,1.40820676,0.27244034,1.69361852,0.68140808,-0.06054611,0.02786287,-0.05389430,0.05939062,-0.06908685,-0.13855384,-0.07123641,0.03394966,-0.06464617,0.07286485,-0.08381368,-0.16597937
1.410000,0.65095139,-0.06119303,1.40766457,0.27303790,1.69292345,0.68001423,-0.06125894,0.02820358,-0.05454224,0.06012229,-0.06992769,-0.14021723,-0.07129638,0.03417820,-0.06491235,0.07343807,-0.08431741,-0.16662651
1.420000,0.65033523,-0.06090928,1.40711590,0.27364280,1.69221995,0.67860373,-0.06197141,0.02854614,-0.05519199,0.06085877,-0.07077248,-0.14188492,-0.07116627,0.03432000,-0.06501010,0.07382672,-0.08460585,-0.16684054
1.430000,0.64971197,-0.06062210,1.40656073,0.27425508,1.69150799,0.67717654,-0.06268165,0.02888970,-0.05584190,0.06159823,-0.07161911,-0.14355265,-0.07085290,0.03437777,-0.06494505,0.07403637,-0.08468582,-0.16663594
1.440000,0.64908161,-0.06033148,1.40599907,0.27487477,1.69078757,0.67573269,-0.06338788,0.02923343,-0.05649037,0.06233892,-0.07246553,-0.14521630,-0.07036307,0.03435420,-0.06472278,0.07407260,-0.08456415,-0.16602721
1.450000,0.64844423,-0.06003743,1.40543094,0.27550186,1.69005869,0.67427224,-0.06408835,0.02957652,-0.05713585,0.06307912,-0.07330975,-0.14687190,-0.06970358,0.03425199,-0.06434891,0.07394098,-0.08424769,-0.16502881
1.460000,0.64779987,-0.05973996,1.40485637,0.27613634,1.68932139,0.67279529,-0.06478141,0.02991821,-0.05777686,0.06381719,-0.07414985,-0.14851562,-0.06888123,0.03407386,-0.06382903,0.07364710,-0.08374327,-0.16365524
1.470000,0.64714863,-0.05943908,1.40427542,0.27677819,1.68857571,0.67130198,-0.06546545,0.03025776,-0.05841196,0.06455154,-0.07498401,-0.15014380,-0.06790284,0.03382250,-0.06316875,0.07319652,-0.08305773,-0.16192098
1.480000,0.64649060,-0.05913481,1.40368815,0.27742736,1.68782173,0.66979247,-0.06613897,0.03059443,-0.05903978,0.06528062,-0.07581043,-0.15175289,-0.06677520,0.03350062,-0.06237366,0.07259483,-0.08219789,-0.15984051
1.490000,0.64582589,-0.05882720,1.40309465,0.27808378,1.68705953,0.66826699,-0.06680048,0.03092754,-0.05965900,0.06600295,-0.07662741,-0.15333950,-0.06550512,0.03311092,-0.06144939,0.07184761,-0.08117060,-0.15742832
1.500000,0.64515463,-0.05851628,1.40249501,0.27874739,1.68628922,0.66672577,-0.06744862,0.03125643,-0.06026836,0.06671711,-0.07743330,-0.15490040,-0.06409941,0.03265609,-0.06040152,0.07096042,-0.07998269,-0.15469889
1.510000,0.64447697,-0.05820209,1.40188932,0.27941809,1.68551091,0.66516908,-0.06808204,0.03158046,-0.06086664,0.06742171,-0.07822655,-0.15643247,-0.06256487,0.03213885,-0.05923565,0.06993885,-0.07864100,-0.15166670
1.520000,0.64379305,-0.05788469,1.40127771,0.28009578,1.68472474,0.66359723,-0.06869951,0.03189901,-0.06145270,0.06811545,-0.07900563,-0.15793277,-0.06090831,0.03156190,-0.05795740,0.06878847,-0.07715236,-0.14834624
1.530000,0.64310303,-0.05756413,1.40066031,0.28078036,1.68393085,0.66201054,-0.06929982,0.03221150,-0.06202543,0.06879707,-0.07976913,-0.15939848,-0.05913652,0.03092793,-0.05657237,0.06751486,-0.07552361,-0.14475199
1.540000,0.64240711,-0.05724048,1.40003725,0.28147168,1.68312941,0.66040938,-0.06988188,0.03251739,-0.06258381,0.06946536,-0.08051566,-0.16082695,-0.05725633,0.03023966,-0.05508616,0.06612359,-0.07376158,-0.14089843
1.550000,0.64170546,-0.05691380,1.39940869,0.28216962,1.68232060,0.65879413,-0.07044461,0.03281613,-0.06312684,0.07011917,-0.08124394,-0.16221564,-0.05527452,0.02949978,-0.05350436,0.06462025,-0.07187311,-0.13680006
1.560000,0.64099828,-0.05658418,1.39877477,0.28287401,1.68150460,0.65716521,-0.07098705,0.03310722,-0.06365360,0.07075741,-0.08195273,-0.16356218,-0.05319791,0.02871099,-0.05183259,0.06301040,-0.06986503,-0.13247134
1.570000,0.64028579,-0.05625169,1.39813567,0.28358471,1.68068161,0.65552304,-0.07150828,0.03339019,-0.06416321,0.07137904,-0.08264086,-0.16486434,-0.05103330,0.02787600,-0.05007645,0.06129964,-0.06774418,-0.12792677
1.580000,0.63956819,-0.05591640,1.39749157,0.28430154,1.67985185,0.65386808,-0.07200745,0.03366459,-0.06465486,0.07198308,-0.08330726,-0.16612004,-0.04878750,0.02699752,-0.04824154,0.05949352,-0.06551739,-0.12318083
1.590000,0.63884572,-0.05557842,1.39684264,0.28502431,1.67901554,0.65220080,-0.07248378,0.03393001,-0.06512780,0.07256861,-0.08395088,-0.16732734,-0.04646730,0.02607823,-0.04633346,0.05759764,-0.06319150,-0.11824800
1.600000,0.63811860,-0.05523784,1.39618908,0.28575284,1.67817291,0.65052170,-0.07293657,0.03418603,-0.06558131,0.07313476,-0.08457078,-0.16848443,-0.04407952,0.02512086,-0.04435781,0.05561756,-0.06077335,-0.11314277
1.610000,0.63738707,-0.05489474,1.39553108,0.28648694,1.67732421,0.64883128,-0.07336517,0.03443230,-0.06601475,0.07368070,-0.08516606,-0.16958967,-0.04163096,0.02412809,-0.04232021,0.05355886,-0.05826977,-0.10787962
1.620000,0.63665138,-0.05454922,1.39486885,0.28722639,1.67646968,0.64713008,-0.07376901,0.03466848,-0.06642752,0.07420569,-0.08573591,-0.17064154,-0.03912843,0.02310263,-0.04022624,0.05142713,-0.05568759,-0.10247303
1.630000,0.63591177,-0.05420140,1.39420260,0.28797098,1.67560958,0.64541864,-0.07414758,0.03489426,-0.06681910,0.07470902,-0.08627958,-0.17163870,-0.03657872,0.02204719,-0.03808153,0.04922793,-0.05303365,-0.09693749
1.640000,0.63516851,-0.05385137,1.39353254,0.28872049,1.67474418,0.64369750,-0.07450045,0.03510934,-0.06718900,0.07519004,-0.08679637,-0.17257991,-0.03398865,0.02096446,-0.03589166,0.04696684,-0.05031479,-0.09128747
1.650000,0.63442185,-0.05349925,1.39285889,0.28947470,1.67387374,0.64196723,-0.07482724,0.03531346,-0.06753680,0.07564817,-0.08728568,-0.17346411,-0.03136502,0.01985715,-0.03366224,0.04464944,-0.04753784,-0.08553748
1.660000,0.63367205,-0.05314514,1.39218188,0.29023338,1.67299856,0.64022841,-0.07512766,0.03550641,-0.06786213,0.07608286,-0.08774695,-0.17429037,-0.02871464,0.01872797,-0.03139887,0.04228131,-0.04470964,-0.07970198
1.670000,0.63291938,-0.05278916,1.39150173,0.29099628,1.67211890,0.63848162,-0.07540147,0.03568796,-0.06816469,0.07649364,-0.08817972,-0.17505792,-0.02604430,0.01757960,-0.02910716,0.03986802,-0.04183702,-0.07379546
1.680000,0.63216411,-0.05243142,1.39081866,0.29176317,1.67123506,0.63672745,-0.07564850,0.03585794,-0.06844420,0.07688009,-0.08858357,-0.17576610,-0.02336082,0.01641476,-0.02679271,0.03741515,-0.03892682,-0.06783241
1.690000,0.63140650,-0.05207204,1.39013292,0.29253380,1.67034732,0.63496649,-0.07586866,0.03601621,-0.06870048,0.07724183,-0.08895816,-0.17641442,-0.02067099,0.01523616,-0.02446112,0.03492828,-0.03598587,-0.06182730
1.700000,0.63064683,-0.05171114,1.38944473,0.29330792,1.66945599,0.63319936,-0.07606192,0.03616263,-0.06893338,0.07757856,-0.08930321,-0.17700255,-0.01798164,0.01404648,-0.02211800,0.03241298,-0.03302101,-0.05579463
1.710000,0.62988536,-0.05134883,1.38875433,0.29408529,1.66856136,0.63142664,-0.07622832,0.03629711,-0.06914282,0.07789002,-0.08961852,-0.17753027,-0.01529955,0.01284844,-0.01976895,0.02987483,-0.03003907,-0.04974888
1.720000,0.62912235,-0.05098523,1.38806195,0.29486564,1.66766372,0.62964895,-0.07636796,0.03641958,-0.06932876,0.07817600,-0.08990395,-0.17799753,-0.01263153,0.01164473,-0.01741956,0.02731941,-0.02704689,-0.04370452
1.730000,0.62835808,-0.05062048,1.38736783,0.29564872,1.66676338,0.62786689,-0.07648102,0.03653000,-0.06949123,0.07843637,-0.09015945,-0.17840442,-0.00998439,0.01043806,-0.01507545,0.02475229,-0.02405131,-0.03767605
1.740000,0.62759282,-0.05025468,1.38667221,0.29643428,1.66586063,0.62608107,-0.07656774,0.03662834,-0.06963031,0.07867103,-0.09038499,-0.17875115,-0.00736494,0.00923113,-0.01274222,0.02217905,-0.02105916,-0.03167794
1.750000,0.62682682,-0.04988795,1.38597530,0.29722206,1.66495578,0.62429207,-0.07662843,0.03671463,-0.06974613,0.07887995,-0.09058066,-0.17903812,-0.00477997,0.00802665,-0.01042547,0.01960527,-0.01807727,-0.02572469
1.760000,0.62606034,-0.04952042,1.38527736,0.29801179,1.66404912,0.62250050,-0.07666348,0.03678889,-0.06983889,0.07906315,-0.09074659,-0.17926585,-0.00223630,0.00682731,-0.00813080,0.01703652,-0.01511248,-0.01983077
1.770000,0.62529363,-0.04915221,1.38457860,0.29880323,1.66314095,0.62070695,-0.07667332,0.03685120,-0.06990884,0.07922071,-0.09088299,-0.17943499,0.00025927,0.00563582,-0.00586382,0.01447838,-0.01217163,-0.01401066
1.780000,0.62452695,-0.04878344,1.38387926,0.29959612,1.66223156,0.61891199,-0.07665847,0.03690164,-0.06995628,0.07935277,-0.09099013,-0.17954635,0.00269994,0.00445489,-0.00363013,0.01193643,-0.00926154,-0.00827886
1.790000,0.62376054,-0.04841422,1.38317955,0.30039021,1.66132124,0.61711621,-0.07661952,0.03694034,-0.06998157,0.07945951,-0.09106835,-0.17960091,0.00507890,0.00328720,-0.00143532,0.00941624,-0.00638907,-0.00264984
1.800000,0.62299464,-0.04804467,1.38247970,0.30118523,1.66041028,0.61532016,-0.07655712,0.03696744,-0.06998513,0.07954119,-0.09111806,-0.17959974,0.00738935,0.00213548,0.00071498,0.00692339,-0.00356104,0.00286190
1.810000,0.62222948,-0.04767491,1.38177992,0.30198095,1.65949897,0.61352440,-0.07647199,0.03698311,-0.06996744,0.07959809,-0.09113974,-0.17954411,0.00962448,0.00100241,0.00281519,0.00446346,-0.00078428,0.00824190
1.820000,0.62146527,-0.04730505,1.38108042,0.30277711,1.65858758,0.61172946,-0.07636491,0.03698756,-0.06992902,0.07963058,-0.09113394,-0.17943539,0.01177749,-0.00010929,0.00485970,0.00204203,0.00193436,0.01347566
1.830000,0.62070225,-0.04693519,1.38038141,0.30357348,1.65767638,0.60993586,-0.07623674,0.03698101,-0.06987045,0.07963908,-0.09110127,-0.17927513,0.01384157,-0.00119694,0.00684291,-0.00033534,0.00458806,0.01854870
1.840000,0.61994061,-0.04656546,1.37968308,0.30436981,1.65676564,0.60814412,-0.07608840,0.03696371,-0.06979238,0.07962404,-0.09104242,-0.17906500,0.01580992,-0.00225781,0.00875921,-0.00266306,0.00716997,0.02344654
1.850000,0.61918054,-0.04619595,1.37898562,0.30516588,1.65585562,0.60635472,-0.07592088,0.03693595,-0.06969551,0.07958600,-0.09095813,-0.17880683,0.01767573,-0.00328922,0.01060299,-0.00493555,0.00967326,0.02815469
1.860000,0.61842225,-0.04582678,1.37828923,0.30596146,1.65494656,0.60456814,-0.07573525,0.03689803,-0.06958058,0.07952553,-0.09084924,-0.17850259,0.01943219,-0.00428845,0.01236867,-0.00714725,0.01209110,0.03265868
1.870000,0.61766590,-0.04545803,1.37759407,0.30675632,1.65403871,0.60278482,-0.07553262,0.03685030,-0.06944841,0.07944328,-0.09071662,-0.17815439,0.02107251,-0.00525281,0.01405063,-0.00929256,0.01441665,0.03694400
1.880000,0.61691165,-0.04508980,1.37690031,0.30755025,1.65313231,0.60100519,-0.07531420,0.03679310,-0.06929987,0.07933992,-0.09056123,-0.17776448,0.02258988,-0.00617960,0.01564328,-0.01136593,0.01664308,0.04099619
1.890000,0.61615966,-0.04472219,1.37620812,0.30834305,1.65222756,0.59922966,-0.07508126,0.03672684,-0.06913586,0.07921622,-0.09038411,-0.17733529,0.02397749,-0.00706610,0.01714100,-0.01336176,0.01876354,0.04480076
1.900000,0.61541007,-0.04435529,1.37551764,0.30913451,1.65132469,0.59745861,-0.07483511,0.03665192,-0.06895738,0.07907296,-0.09018634,-0.17686934,0.02522854,-0.00790962,0.01853820,-0.01527448,0.02077121,0.04834323
1.910000,0.61466300,-0.04398918,1.37482902,0.30992445,1.65042390,0.59569238,-0.07457716,0.03656880,-0.06876545,0.07891102,-0.08996908,-0.17636934,0.02633675,-0.00870763,0.01982966,-0.01709886,0.02265970,0.05161013
1.920000,0.61391856,-0.04362394,1.37414238,0.31071267,1.64952537,0.59393132,-0.07430885,0.03647792,-0.06856114,0.07873129,-0.08973355,-0.17583806,0.02730211,-0.00945960,0.02101482,-0.01883352,0.02442784,0.05460010
1.930000,0.61317685,-0.04325965,1.37345783,0.31149902,1.64862929,0.59217572,-0.07403158,0.03637976,-0.06834550,0.07853465,-0.08948092,-0.17527824,0.02812864,-0.01016629,0.02209612,-0.02047966,0.02607791,0.05731962
1.940000,0.61243795,-0.04289637,1.37277550,0.31228331,1.64773581,0.59042584,-0.07374673,0.03627475,-0.06811956,0.07832198,-0.08921237,-0.17469255,0.02882048,-0.01082851,0.02307607,-0.02203851,0.02761221,0.05977535
1.950000,0.61170194,-0.04253418,1.37209547,0.31306541,1.64684509,0.58868195,-0.07345561,0.03616333,-0.06788431,0.07809416,-0.08892905,-0.17408359,0.02938174,-0.01144705,0.02395717,-0.02351128,0.02903307,0.06197390
1.960000,0.61096886,-0.04217312,1.37141784,0.31384515,1.64595727,0.58694424,-0.07315951,0.03604595,-0.06764074,0.07785204,-0.08863208,-0.17345391,0.02981653,-0.01202271,0.02474192,-0.02489922,0.03034281,0.06392192
1.970000,0.61023876,-0.04181327,1.37074268,0.31462240,1.64507249,0.58521293,-0.07285969,0.03592302,-0.06738978,0.07759646,-0.08832256,-0.17280597,0.03012897,-0.01255628,0.02543281,-0.02620354,0.03154374,0.06562603
1.980000,0.60951167,-0.04145468,1.37007007,0.31539704,1.64419086,0.58348817,-0.07255733,0.03579496,-0.06713238,0.07732824,-0.08800156,-0.17214218,0.03032318,-0.01304857,0.02603236,-0.02742547,0.03263819,0.06709287
1.990000,0.60878762,-0.04109739,1.36940005,0.31616893,1.64331249,0.58177013,-0.07225360,0.03566218,-0.06686943,0.07704822,-0.08767014,-0.17146488,0.03040327,-0.01350036,0.02654306,-0.02856623,0.03362846,0.06832907
2.000000,0.60806660,-0.04074145,1.36873269,0.31693796,1.64243749,0.58005891,-0.07194963,0.03552509,-0.06660181,0.07675719,-0.08732933,-0.17077634,0.03037335,-0.01391245,0.02696741,-0.02962707,0.03451689,0.06934127
2.010000,0.60734862,-0.04038690,1.36806803,0.31770404,1.64156593,0.57835463,-0.07164649,0.03538406,-0.06633036,0.07645594,-0.08698014,-0.17007878,0.03023756,-0.01428565,0.02730791,-0.03060919,0.03530578,0.07013610
2.020000,0.60663366,-0.04003378,1.36740610,0.31846705,1.64069791,0.57665736,-0.07134522,0.03523950,-0.06605592,0.07614526,-0.08662354,-0.16937432,0.02999999,-0.01462074,0.02756708,-0.03151384,0.03599745,0.07072019
2.030000,0.60592171,-0.03968212,1.36674692,0.31922691,1.63983348,0.57496716,-0.07104682,0.03509177,-0.06577929,0.07582592,-0.08626050,-0.16866505,0.02966477,-0.01491852,0.02774740,-0.03234223,0.03659423,0.07110017
2.040000,0.60521272,-0.03933196,1.36609052,0.31998354,1.63897272,0.57328407,-0.07075224,0.03494125,-0.06550123,0.07549867,-0.08589197,-0.16795298,0.02923602,-0.01517979,0.02785137,-0.03309559,0.03709843,0.07128269
2.050000,0.60450665,-0.03898331,1.36543690,0.32073686,1.63811566,0.57160811,-0.07046239,0.03478830,-0.06522250,0.07516425,-0.08551884,-0.16724004,0.02871784,-0.01540534,0.02788151,-0.03377515,0.03751237,0.07127436
2.060000,0.60380345,-0.03863620,1.36478607,0.32148681,1.63726235,0.56993927,-0.07017816,0.03463326,-0.06494384,0.07482340,-0.08514201,-0.16652811,0.02811436,-0.01559598,0.02784031,-0.03438214,0.03783837,0.07108183
2.070000,0.60310306,-0.03829065,1.36413802,0.32223331,1.63641283,0.56827753,-0.06990038,0.03447649,-0.06466593,0.07447685,-0.08476236,-0.16581899,0.02742969,-0.01575249,0.02773027,-0.03491778,0.03807875,0.07071173
2.080000,0.60240542,-0.03794667,1.36349274,0.32297633,1.63556711,0.56662287,-0.06962983,0.03431832,-0.06438945,0.07412528,-0.08438071,-0.16511444,0.02666795,-0.01587568,0.02755390,-0.03538330,0.03823582,0.07017069
2.090000,0.60171044,-0.03760428,1.36285022,0.32371580,1.63472522,0.56497522,-0.06936726,0.03415908,-0.06411506,0.07376941,-0.08399791,-0.16441613,0.02583326,-0.01596634,0.02731369,-0.03577993,0.03831190,0.06946535
2.100000,0.60101804,-0.03726349,1.36221043,0.32445170,1.63388715,0.56333452,-0.06911339,0.03399910,-0.06384338,0.07340991,-0.08361474,-0.16372566,0.02492972,-0.01602526,0.02701214,-0.03610889,0.03830931,0.06860233
2.110000,0.60032814,-0.03692430,1.36157334,0.32518399,1.63305292,0.56170068,-0.06886888,0.03383868,-0.06357502,0.07304745,-0.08323198,-0.16304458,0.02396146,-0.01605325,0.02665176,-0.03637142,0.03823037,0.06758828
2.120000,0.59964063,-0.03658672,1.36093892,0.32591264,1.63222251,0.56007359,-0.06863436,0.03367814,-0.06331054,0.07268270,-0.08285038,-0.16237437,0.02293260,-0.01605109,0.02623506,-0.03656873,0.03807740,0.06642982
2.130000,0.59895542,-0.03625074,1.36030712,0.32663764,1.63139591,0.55845315,-0.06841042,0.03351776,-0.06305049,0.07231629,-0.08247067,-0.16171645,0.02184724,-0.01601959,0.02576452,-0.03670205,0.03785271,0.06513359
2.140000,0.59827239,-0.03591636,1.35967789,0.32735897,1.63057309,0.55683922,-0.06819759,0.03335784,-0.06279542,0.07194887,-0.08209355,-0.16107214,0.02070951,-0.01595954,0.02524265,-0.03677262,0.03755863,0.06370622
2.150000,0.59759143,-0.03558358,1.35905119,0.32807662,1.62975403,0.55523166,-0.06799639,0.03319866,-0.06254580,0.07158105,-0.08171972,-0.16044274,0.01952352,-0.01587174,0.02467196,-0.03678165,0.03719747,0.06215435
2.160000,0.59691242,-0.03525239,1.35842696,0.32879059,1.62893868,0.55363031,-0.06780727,0.03304049,-0.06230213,0.07121344,-0.08134982,-0.15982945,0.01829339,-0.01575698,0.02405494,-0.03673038,0.03677155,0.06048460
2.170000,0.59623524,-0.03492277,1.35780513,0.32950089,1.62812701,0.55203501,-0.06763065,0.03288361,-0.06206485,0.07084663,-0.08098450,-0.15923341,0.01702323,-0.01561606,0.02339409,-0.03662003,0.03628319,0.05870361
2.180000,0.59555976,-0.03459471,1.35718564,0.33020753,1.62731897,0.55044558,-0.06746692,0.03272826,-0.06183439,0.07048123,-0.08062436,-0.15865572,0.01571716,-0.01544978,0.02269192,-0.03645184,0.03573471,0.05681802
2.190000,0.59488586,-0.03426820,1.35656841,0.33091052,1.62651451,0.54886183,-0.06731642,0.03257469,-0.06161114,0.07011779,-0.08026999,-0.15809738,0.01437930,-0.01525893,0.02195093,-0.03622701,0.03512842,0.05483446
2.200000,0.59421339,-0.03394321,1.35595339,0.33160989,1.62571355,0.54728357,-0.06717943,0.03242316,-0.06139549,0.06975687,-0.07992197,-0.15755934,0.01301376,-0.01504431,0.02117361,-0.03594679,0.03446664,0.05275956
2.210000,0.59354222,-0.03361973,1.35534048,0.33230567,1.62491605,0.54571058,-0.06705622,0.03227388,-0.06118778,0.06939903,-0.07958084,-0.15704247,0.01162466,-0.01480672,0.02036248,-0.03561240,0.03375170,0.05059995
2.220000,0.59287222,-0.03329772,1.35472961,0.33299788,1.62412191,0.54414264,-0.06694700,0.03212710,-0.06098835,0.06904480,-0.07924711,-0.15654760,0.01021611,-0.01454694,0.01952003,-0.03522506,0.03298590,0.04836228
2.230000,0.59220323,-0.03297717,1.35412068,0.33368658,1.62333108,0.54257955,-0.06685195,0.03198302,-0.06079748,0.06869470,-0.07892128,-0.15607546,0.00879224,-0.01426579,0.01864876,-0.03478601,0.03217157,0.04605316
2.240000,0.59153513,-0.03265805,1.35351363,0.33437179,1.62254346,0.54102106,-0.06677119,0.03184185,-0.06061546,0.06834925,-0.07860383,-0.15562675,0.00735715,-0.01396405,0.01775117,-0.03429647,0.03131103,0.04367923
2.250000,0.59086776,-0.03234033,1.35290834,0.33505358,1.62175897,0.53946693,-0.06670483,0.03170380,-0.06044253,0.06800894,-0.07829521,-0.15520207,0.00591496,-0.01364251,0.01682977,-0.03375767,0.03040659,0.04124714
2.260000,0.59020099,-0.03202397,1.35230474,0.33573199,1.62097752,0.53791693,-0.06665291,0.03156906,-0.06027893,0.06767426,-0.07799584,-0.15480198,0.00446980,-0.01330199,0.01588706,-0.03317083,0.02946058,0.03876350
2.270000,0.58953466,-0.03170893,1.35170273,0.33640708,1.62019902,0.53637081,-0.06661543,0.03143782,-0.06012486,0.06734568,-0.07770613,-0.15442695,0.00302577,-0.01294327,0.01492553,-0.03253718,0.02847531,0.03623496
2.280000,0.58886863,-0.03139520,1.35110221,0.33707893,1.61942337,0.53482831,-0.06659237,0.03131026,-0.05998048,0.06702366,-0.07742646,-0.15407741,0.00158699,-0.01256715,0.01394769,-0.03185794,0.02745309,0.03366815
2.290000,0.58820276,-0.03108272,1.35050309,0.33774758,1.61865046,0.53328918,-0.06658366,0.03118654,-0.05984595,0.06670867,-0.07715718,-0.15375370,0.00015758,-0.01217442,0.01295605,-0.03113436,0.02639625,0.03106970
2.300000,0.58753691,-0.03077145,1.34990526,0.33841312,1.61788019,0.53175315,-0.06658918,0.03106682,-0.05972139,0.06640112,-0.07689864,-0.15345610,-0.00125835,-0.01176588,0.01195309,-0.03036764,0.02530711,0.02844624
2.310000,0.58687093,-0.03046137,1.34930863,0.33907563,1.61711245,0.53021997,-0.06660877,0.03095127,-0.05960692,0.06610145,-0.07665114,-0.15318483,-0.00265667,-0.01134233,0.01094133,-0.02955902,0.02418798,0.02580441
2.320000,0.58620469,-0.03015241,1.34871309,0.33973518,1.61634713,0.52868936,-0.06664224,0.03084002,-0.05950259,0.06581008,-0.07641497,-0.15294005,-0.00403328,-0.01090457,0.00992326,-0.02870973,0.02304118,0.02315084
2.330000,0.58553804,-0.02984455,1.34811854,0.34039186,1.61558411,0.52716108,-0.06668935,0.03073322,-0.05940846,0.06552739,-0.07619040,-0.15272183,-0.00538406,-0.01045339,0.00890138,-0.02782099,0.02186903,0.02049216
2.340000,0.58487086,-0.02953773,1.34752489,0.34104576,1.61482328,0.52563484,-0.06674982,0.03063100,-0.05932457,0.06525378,-0.07597767,-0.15253020,-0.00670489,-0.00998958,0.00787820,-0.02689402,0.02067386,0.01783501
2.350000,0.58420300,-0.02923191,1.34693202,0.34169697,1.61406452,0.52411038,-0.06682333,0.03053347,-0.05925090,0.06498963,-0.07577699,-0.15236511,-0.00799165,-0.00951395,0.00685622,-0.02593007,0.01945796,0.01518603
2.360000,0.58353435,-0.02892705,1.34633984,0.34234558,1.61330770,0.52258745,-0.06690952,0.03044075,-0.05918743,0.06473530,-0.07558857,-0.15222643,-0.00924023,-0.00902729,0.00583794,-0.02493034,0.01822367,0.01255183
2.370000,0.58286477,-0.02862308,1.34574824,0.34299171,1.61255270,0.52106577,-0.06700800,0.03035296,-0.05913412,0.06449114,-0.07541257,-0.15211400,-0.01044652,-0.00853039,0.00482586,-0.02389608,0.01697331,0.00993906
2.380000,0.58219415,-0.02831997,1.34515712,0.34363544,1.61179941,0.51954508,-0.06711830,0.03027018,-0.05909088,0.06425749,-0.07524915,-0.15202756,-0.01160639,-0.00802405,0.00382248,-0.02282850,0.01570919,0.00735436
2.390000,0.58152237,-0.02801766,1.34456638,0.34427689,1.61104768,0.51802513,-0.06723995,0.03019250,-0.05905763,0.06403468,-0.07509843,-0.15196679,-0.01271573,-0.00750907,0.00283031,-0.02172884,0.01443362,0.00480434
2.400000,0.58084931,-0.02771610,1.34397593,0.34491617,1.61029739,0.51650566,-0.06737243,0.03012002,-0.05903423,0.06382302,-0.07496051,-0.15193133,-0.01377042,-0.00698625,0.00185184,-0.02059831,0.01314893,0.00229566
2.410000,0.58017488,-0.02741524,1.34338567,0.34555339,1.60954843,0.51498642,-0.06751517,0.03005280,-0.05902054,0.06362281,-0.07483547,-0.15192072,-0.01476635,-0.00645638,0.00088957,-0.01943816,0.01185744,-0.00016507
2.420000,0.57949898,-0.02711503,1.34279549,0.34618867,1.60880064,0.51346717,-0.06766755,0.02999092,-0.05901638,0.06343435,-0.07472337,-0.15193445,-0.01569941,-0.00592025,-0.00005399,-0.01824959,0.01056147,-0.00257120
2.430000,0.57882150,-0.02681541,1.34220531,0.34682212,1.60805391,0.51194765,-0.06782893,0.02993442,-0.05902155,0.06325791,-0.07462425,-0.15197194,-0.01656547,-0.00537867,-0.00097634,-0.01703385,0.00926332,-0.00491611
2.440000,0.57814237,-0.02651632,1.34161503,0.34745387,1.60730811,0.51042765,-0.06799862,0.02988336,-0.05903582,0.06309376,-0.07453811,-0.15203255,-0.01736041,-0.00483243,-0.00187499,-0.01579215,0.00796533,-0.00719315
2.450000,0.57746150,-0.02621772,1.34102456,0.34808404,1.60656311,0.50890693,-0.06817589,0.02983778,-0.05905896,0.06294215,-0.07446493,-0.15211556,-0.01808014,-0.00428232,-0.00274742,-0.01452573,0.00666980,-0.00939571
2.460000,0.57677883,-0.02591955,1.34043382,0.34871275,1.60581877,0.50738527,-0.06835996,0.02979772,-0.05909068,0.06280332,-0.07440469,-0.15222019,-0.01872051,-0.00372915,-0.00359114,-0.01323581,0.00537906,-0.01151713
2.470000,0.57609428,-0.02562175,1.33984272,0.34934015,1.60507497,0.50586245,-0.06855002,0.02976321,-0.05913068,0.06267751,-0.07435733,-0.15234561,-0.01927743,-0.00317370,-0.00440365,-0.01192362,0.00409543,-0.01355080
2.480000,0.57540781,-0.02532427,1.33925118,0.34996635,1.60433158,0.50433829,-0.06874522,0.02973425,-0.05917864,0.06256492,-0.07432275,-0.15249089,-0.01974678,-0.00261678,-0.00518244,-0.01059039,0.00282122,-0.01549007
2.490000,0.57471937,-0.02502705,1.33865912,0.35059149,1.60358848,0.50281257,-0.06894465,0.02971087,-0.05923421,0.06246576,-0.07430087,-0.15265507,-0.02012443,-0.00205918,-0.00592502,-0.00923733,0.00155875,-0.01732832
2.500000,0.57402891,-0.02473003,1.33806647,0.35121571,1.60284552,0.50128513,-0.06914739,0.02969307,-0.05929701,0.06238023,-0.07429153,-0.15283710,-0.02040627,-0.00150170,-0.00662888,-0.00786569,0.00031034,-0.01905890
2.510000,0.57333641,-0.02443317,1.33747316,0.35183914,1.60210260,0.49975578,-0.06935244,0.02968083,-0.05936665,0.06230851,-0.07429460,-0.15303587,-0.02058819,-0.00094513,-0.00729152,-0.00647668,-0.00092169,-0.02067520
2.520000,0.57264186,-0.02413640,1.33687912,0.35246192,1.60135959,0.49822436,-0.06955880,0.02967416,-0.05944269,0.06225075,-0.07430990,-0.15325020,-0.02066607,-0.00039027,-0.00791045,-0.00507153,-0.00213503,-0.02217056
2.530000,0.57194523,-0.02383966,1.33628429,0.35308420,1.60061636,0.49669072,-0.06976540,0.02967302,-0.05952470,0.06220713,-0.07433723,-0.15347885,-0.02063580,0.00016208,-0.00848315,-0.00365147,-0.00332735,-0.02353837
2.540000,0.57124655,-0.02354292,1.33568861,0.35370611,1.59987281,0.49515474,-0.06997115,0.02967739,-0.05961219,0.06217777,-0.07437637,-0.15372052,-0.02049326,0.00071113,-0.00900714,-0.00221773,-0.00449634,-0.02477200
2.550000,0.57054582,-0.02324610,1.33509203,0.35432780,1.59912880,0.49361628,-0.07017489,0.02968723,-0.05970468,0.06216281,-0.07442708,-0.15397383,-0.02023688,0.00125619,-0.00948104,-0.00077178,-0.00564026,-0.02586792
2.560000,0.56984306,-0.02294915,1.33449450,0.35494942,1.59838423,0.49207523,-0.07037552,0.02970250,-0.05980165,0.06216237,-0.07448909,-0.15423743,-0.01987041,0.00179676,-0.00990584,0.00068441,-0.00675862,-0.02682909
2.570000,0.56913832,-0.02265203,1.33389598,0.35557110,1.59763898,0.49053150,-0.07057195,0.02972315,-0.05990263,0.06217653,-0.07456216,-0.15450998,-0.01939829,0.00233240,-0.01028287,0.00214879,-0.00785105,-0.02765934
2.580000,0.56843164,-0.02235467,1.33329643,0.35619300,1.59689295,0.48898500,-0.07076314,0.02974913,-0.06000715,0.06220537,-0.07464603,-0.15479019,-0.01882496,0.00286264,-0.01061341,0.00361932,-0.00891721,-0.02836249
2.590000,0.56772308,-0.02205703,1.33269583,0.35681526,1.59614602,0.48743567,-0.07094812,0.02978038,-0.06011475,0.06224893,-0.07474042,-0.15507682,-0.01815486,0.00338704,-0.01089879,0.00509396,-0.00995676,-0.02894235
2.600000,0.56701270,-0.02175905,1.33209413,0.35743803,1.59539811,0.48588345,-0.07112593,0.02981685,-0.06022498,0.06230725,-0.07484507,-0.15536864,-0.01739242,0.00390513,-0.01114030,0.00657066,-0.01096934,-0.02940274
2.610000,0.56630059,-0.02146068,1.33149132,0.35806145,1.59464909,0.48432829,-0.07129568,0.02985846,-0.06033742,0.06238034,-0.07495971,-0.15566449,-0.01654209,0.00441647,-0.01133924,0.00804738,-0.01195460,-0.02974748
2.620000,0.56558682,-0.02116186,1.33088738,0.35868568,1.59389888,0.48277015,-0.07145650,0.02990515,-0.06045163,0.06246819,-0.07508407,-0.15596322,-0.01560830,0.00492059,-0.01149694,0.00952208,-0.01291219,-0.02998038
2.630000,0.56487149,-0.02086256,1.33028228,0.35931086,1.59314738,0.48120901,-0.07160758,0.02995685,-0.06056722,0.06257077,-0.07521786,-0.15626374,-0.01459550,0.00541704,-0.01161468,0.01099271,-0.01384177,-0.03010526
2.640000,0.56415470,-0.02056271,1.32967603,0.35993715,1.59239449,0.47964487,-0.07174816,0.03001347,-0.06068380,0.06268803,-0.07536081,-0.15656498,-0.01350812,0.00590536,-0.01169379,0.01245722,-0.01474299,-0.03012593
2.650000,0.56343656,-0.02026227,1.32906860,0.36056467,1.59164013,0.47807772,-0.07187751,0.03007493,-0.06080097,0.06281989,-0.07551263,-0.15686592,-0.01235060,0.00638510,-0.01173555,0.01391359,-0.01561549,-0.03004622
2.660000,0.56271719,-0.01996120,1.32846001,0.36119359,1.59088421,0.47650756,-0.07199495,0.03014114,-0.06091839,0.06296626,-0.07567303,-0.15716558,-0.01112739,0.00685580,-0.01174129,0.01535976,-0.01645894,-0.02986993
2.670000,0.56199671,-0.01965943,1.32785024,0.36182405,1.59012664,0.47493441,-0.07209985,0.03021201,-0.06103568,0.06312704,-0.07584171,-0.15746301,-0.00984292,0.00731701,-0.01171230,0.01679369,-0.01727297,-0.02960089
2.680000,0.56127524,-0.01935694,1.32723930,0.36245618,1.58936735,0.47335831,-0.07219162,0.03028745,-0.06115252,0.06330209,-0.07601839,-0.15775730,-0.00850162,0.00776827,-0.01164990,0.01821333,-0.01805724,-0.02924292
2.690000,0.56055292,-0.01905367,1.32662719,0.36309014,1.58860625,0.47177928,-0.07226971,0.03036734,-0.06126857,0.06349125,-0.07620275,-0.15804758,-0.00710795,0.00820913,-0.01155538,0.01961665,-0.01881141,-0.02879982
2.700000,0.55982989,-0.01874958,1.32601393,0.36372605,1.58784327,0.47019737,-0.07233362,0.03045159,-0.06138353,0.06369436,-0.07639451,-0.15833303,-0.00566634,0.00863912,-0.01143006,0.02100160,-0.01953512,-0.02827542
2.710000,0.55910630,-0.01844462,1.32539952,0.36436407,1.58707834,0.46861264,-0.07238289,0.03054009,-0.06149708,0.06391122,-0.07659335,-0.15861283,-0.00418122,0.00905780,-0.01127523,0.02236613,-0.02022802,-0.02767353
2.720000,0.55838228,-0.01813876,1.32478399,0.36500432,1.58631138,0.46702514,-0.07241711,0.03063271,-0.06160894,0.06414161,-0.07679897,-0.15888625,-0.00265704,0.00946470,-0.01109221,0.02370821,-0.02088977,-0.02699797
2.730000,0.55765801,-0.01783196,1.32416735,0.36564695,1.58554233,0.46543494,-0.07243592,0.03072934,-0.06171883,0.06438530,-0.07701104,-0.15915256,-0.00109823,0.00985938,-0.01088230,0.02502579,-0.02152002,-0.02625256
2.740000,0.55693362,-0.01752416,1.32354962,0.36629207,1.58477114,0.46384211,-0.07243898,0.03082986,-0.06182650,0.06464204,-0.07722926,-0.15941108,0.00049076,0.01024137,-0.01064681,0.02631683,-0.02211841,-0.02544111
2.750000,0.55620928,-0.01721535,1.32293083,0.36693983,1.58399773,0.46224674,-0.07242602,0.03093412,-0.06193169,0.06491154,-0.07745331,-0.15966117,0.00210549,0.01061022,-0.01038704,0.02757928,-0.02268460,-0.02456744
2.760000,0.55548515,-0.01690547,1.32231100,0.36759034,1.58322205,0.46064892,-0.07239680,0.03104201,-0.06203416,0.06519352,-0.07768285,-0.15990224,0.00374153,0.01096547,-0.01010430,0.02881110,-0.02321824,-0.02363537
2.770000,0.55476140,-0.01659449,1.32169016,0.36824374,1.58244406,0.45904873,-0.07235113,0.03115339,-0.06213370,0.06548766,-0.07791756,-0.16013370,0.00539444,0.01130668,-0.00979990,0.03001024,-0.02371898,-0.02264871
2.780000,0.55403818,-0.01628239,1.32106833,0.36890014,1.58166369,0.45744628,-0.07228887,0.03126810,-0.06223009,0.06579361,-0.07815712,-0.16035504,0.00705978,0.01163338,-0.00947513,0.03117467,-0.02418647,-0.02161128
2.790000,0.55331568,-0.01596912,1.32044557,0.36955965,1.58088090,0.45584166,-0.07220991,0.03138600,-0.06232314,0.06611103,-0.07840118,-0.16056577,0.00873311,0.01194511,-0.00913131,0.03230234,-0.02462036,-0.02052690
2.800000,0.55259404,-0.01565466,1.31982188,0.37022239,1.58009565,0.45423500,-0.07211419,0.03150695,-0.06241266,0.06643953,-0.07864941,-0.16076544,0.01040998,0.01224143,-0.00876975,0.03339121,-0.02502031,-0.01939938
2.810000,0.55187345,-0.01533897,1.31919733,0.37088848,1.57930790,0.45262639,-0.07200171,0.03163078,-0.06249848,0.06677871,-0.07890147,-0.16095363,0.01208597,0.01252187,-0.00839174,0.03443923,-0.02538596,-0.01823255
2.820000,0.55115406,-0.01502203,1.31857193,0.37155800,1.57851761,0.45101597,-0.07187249,0.03175733,-0.06258044,0.06712817,-0.07915701,-0.16112997,0.01375663,0.01278598,-0.00799860,0.03544437,-0.02571696,-0.01703020
2.830000,0.55043605,-0.01470382,1.31794573,0.37223107,1.57772475,0.44940384,-0.07172661,0.03188644,-0.06265841,0.06748745,-0.07941569,-0.16129412,0.01541752,0.01303331,-0.00759163,0.03640457,-0.02601298,-0.01579618
2.840000,0.54971959,-0.01438430,1.31731877,0.37290778,1.57692928,0.44779013,-0.07156419,0.03201794,-0.06273223,0.06785610,-0.07967715,-0.16144580,0.01706420,0.01326340,-0.00717213,0.03731779,-0.02627365,-0.01453428
2.850000,0.54900483,-0.01406345,1.31669110,0.37358822,1.57613120,0.44617496,-0.07138539,0.03215165,-0.06280181,0.06823364,-0.07994105,-0.16158473,0.01869224,0.01347578,-0.00674142,0.03818200,-0.02649863,-0.01324833
2.860000,0.54829193,-0.01374126,1.31606275,0.37427248,1.57533046,0.44455847,-0.07119042,0.03228740,-0.06286703,0.06861957,-0.08020701,-0.16171070,0.02029719,0.01367002,-0.00630080,0.03899514,-0.02668757,-0.01194214
2.870000,0.54758107,-0.01341770,1.31543377,0.37496064,1.57452705,0.44294079,-0.07097954,0.03242499,-0.06292780,0.06901337,-0.08047468,-0.16182352,0.02187462,0.01384564,-0.00585157,0.03975517,-0.02684012,-0.01061953
2.880000,0.54687239,-0.01309275,1.31480421,0.37565278,1.57372096,0.44132205,-0.07075303,0.03256425,-0.06298404,0.06941449,-0.08074369,-0.16192305,0.02342009,0.01400220,-0.00539504,0.04046006,-0.02695593,-0.00928432
2.890000,0.54616606,-0.01276641,1.31417411,0.37634895,1.57291217,0.43970238,-0.07051126,0.03270497,-0.06303568,0.06982238,-0.08101367,-0.16200917,0.02492915,0.01413925,-0.00493251,0.04110776,-0.02703466,-0.00794033
2.900000,0.54546222,-0.01243865,1.31354351,0.37704924,1.57210068,0.43808191,-0.07025459,0.03284696,-0.06308267,0.07023645,-0.08128426,-0.16208184,0.02639737,0.01425631,-0.00446530,0.04169622,-0.02707595,-0.00659136
2.910000,0.54476102,-0.01210946,1.31291247,0.37775370,1.57128649,0.43646078,-0.06998346,0.03299003,-0.06312497,0.07065610,-0.08155506,-0.16214100,0.02782031,0.01435294,-0.00399471,0.04222340,-0.02707945,-0.00524125
2.920000,0.54406260,-0.01177885,1.31228103,0.37846238,1.57046958,0.43483913,-0.06969835,0.03313395,-0.06316256,0.07108071,-0.08182572,-0.16218667,0.02919353,0.01442869,-0.00352203,0.04268725,-0.02704482,-0.00389379
2.930000,0.54336709,-0.01144678,1.31164923,0.37917533,1.56964997,0.43321710,-0.06939977,0.03327853,-0.06319541,0.07150963,-0.08209583,-0.16221890,0.03051259,0.01448309,-0.00304859,0.04308575,-0.02697171,-0.00255282
2.940000,0.54267464,-0.01111327,1.31101714,0.37989259,1.56882767,0.43159480,-0.06908829,0.03342354,-0.06322353,0.07194220,-0.08236502,-0.16223776,0.03177305,0.01451569,-0.00257569,0.04341683,-0.02685977,-0.00122215
2.950000,0.54198537,-0.01077831,1.31038478,0.38061418,1.56800268,0.42997238,-0.06876452,0.03356877,-0.06324693,0.07237773,-0.08263290,-0.16224339,0.03297048,0.01452604,-0.00210462,0.04367846,-0.02670864,0.00009442
2.960000,0.54129939,-0.01044190,1.30975221,0.38134015,1.56717502,0.42834998,-0.06842911,0.03371399,-0.06326564,0.07281553,-0.08289906,-0.16223593,0.03410042,0.01451368,-0.00163671,0.04386860,-0.02651799,0.00139305
2.970000,0.54061682,-0.01010403,1.30911948,0.38207050,1.56634470,0.42672771,-0.06808275,0.03385897,-0.06327968,0.07325486,-0.08316312,-0.16221560,0.03515845,0.01447815,-0.00117325,0.04398520,-0.02628745,0.00266993
2.980000,0.53993777,-0.00976472,1.30848663,0.38280525,1.56551176,0.42510571,-0.06772619,0.03400347,-0.06328912,0.07369498,-0.08342468,-0.16218262,0.03614013,0.01441900,-0.00071554,0.04402621,-0.02601669,0.00392125
2.990000,0.53926233,-0.00942397,1.30785372,0.38354440,1.56467622,0.42348410,-0.06736022,0.03414727,-0.06329402,0.07413513,-0.08368332,-0.16213727,0.03704101,0.01433577,-0.00026490,0.04398960,-0.02570536,0.00514318
3.000000,0.53859060,-0.00908178,1.30722077,0.38428795,1.56383811,0.42186300,-0.06698566,0.03429011,-0.06329445,0.07457451,-0.08393865,-0.16207987,0.03785666,0.01422801,0.00017736,0.04387332,-0.02535310,0.00633192
3.010000,0.53792264,-0.00873817,1.30658784,0.38503588,1.56299746,0.42024254,-0.06660338,0.03443174,-0.06329050,0.07501232,-0.08419025,-0.16201076,0.03858263,0.01409526,0.00060995,0.04367533,-0.02495956,0.00748364
3.020000,0.53725855,-0.00839315,1.30595497,0.38578819,1.56215432,0.41862282,-0.06621432,0.03457193,-0.06328228,0.07544773,-0.08443770,-0.16193033,0.03921450,0.01393706,0.00103156,0.04339359,-0.02452440,0.00859454
3.030000,0.53659838,-0.00804673,1.30532221,0.38654483,1.56130872,0.41700397,-0.06581942,0.03471040,-0.06326991,0.07587990,-0.08468059,-0.16183901,0.03974781,0.01375296,0.00144088,0.04302605,-0.02404727,0.00966078
3.040000,0.53594218,-0.00769895,1.30468959,0.38730577,1.56046072,0.41538608,-0.06541970,0.03484690,-0.06325351,0.07630796,-0.08491851,-0.16173727,0.04017813,0.01354251,0.00183660,0.04257066,-0.02352781,0.01067856
3.050000,0.53529000,-0.00734980,1.30405715,0.38807097,1.55961037,0.41376926,-0.06501622,0.03498116,-0.06323323,0.07673102,-0.08515101,-0.16162562,0.04050103,0.01330524,0.00221742,0.04202539,-0.02296569,0.01164406
3.060000,0.53464186,-0.00699933,1.30342494,0.38884037,1.55875772,0.41215360,-0.06461006,0.03511291,-0.06320922,0.07714816,-0.08537768,-0.16150458,0.04071205,0.01304070,0.00258204,0.04138819,-0.02236055,0.01255346
3.070000,0.53399780,-0.00664756,1.30279298,0.38961391,1.55790284,0.41053919,-0.06420236,0.03524188,-0.06318164,0.07755847,-0.08559808,-0.16137475,0.04080677,0.01274844,0.00292914,0.04065702,-0.02171204,0.01340295
3.080000,0.53335782,-0.00629450,1.30216132,0.39039152,1.55704578,0.40892613,-0.06379432,0.03536779,-0.06315070,0.07796098,-0.08581177,-0.16123673,0.04078074,0.01242801,0.00325743,0.03982984,-0.02101981,0.01418870
3.090000,0.53272191,-0.00594021,1.30152998,0.39117310,1.55618662,0.40731448,-0.06338717,0.03549035,-0.06311656,0.07835474,-0.08601832,-0.16109120,0.04062952,0.01207893,0.00356559,0.03890460,-0.02028352,0.01490690
3.100000,0.53209007,-0.00558471,1.30089899,0.39195858,1.55532544,0.40570433,-0.06298216,0.03560927,-0.06307946,0.07873874,-0.08621729,-0.16093883,0.04034868,0.01170077,0.00385232,0.03787925,-0.01950281,0.01555375
3.110000,0.53146226,-0.00522804,1.30026840,0.39274784,1.55446231,0.40409573,-0.06258064,0.03572426,-0.06303959,0.07911198,-0.08640823,-0.16078037,0.03993378,0.01129305,0.00411631,0.03675177,-0.01867734,0.01612540
3.120000,0.53083844,-0.00487024,1.29963821,0.39354078,1.55359730,0.40248874,-0.06218395,0.03583503,-0.06299721,0.07947343,-0.08659069,-0.16061659,0.03938037,0.01085534,0.00435626,0.03552009,-0.01780675,0.01661806
3.130000,0.53021856,-0.00451135,1.29900846,0.39433727,1.55273052,0.40088341,-0.06179351,0.03594127,-0.06295255,0.07982203,-0.08676421,-0.16044829,0.03868402,0.01038717,0.00457086,0.03418218,-0.01689070,0.01702791
3.140000,0.52960254,-0.00415143,1.29837917,0.39513717,1.55186205,0.39927979,-0.06141076,0.03604267,-0.06290588,0.08015671,-0.08692835,-0.16027632,0.03784028,0.00988808,0.00475881,0.03273600,-0.01592885,0.01735112
3.150000,0.52899031,-0.00379052,1.29775035,0.39594035,1.55099199,0.39767789,-0.06103721,0.03613892,-0.06285747,0.08047638,-0.08708264,-0.16010157,0.03684473,0.00935762,0.00491880,0.03117950,-0.01492083,0.01758388
3.160000,0.52838176,-0.00342867,1.29712202,0.39674665,1.55012043,0.39607776,-0.06067439,0.03622972,-0.06280760,0.08077993,-0.08722661,-0.15992496,0.03569291,0.00879534,0.00504952,0.02951064,-0.01386630,0.01772238
3.170000,0.52777678,-0.00306594,1.29649420,0.39755589,1.54924749,0.39447940,-0.06032389,0.03631472,-0.06275658,0.08106622,-0.08735981,-0.15974745,0.03438040,0.00820077,0.00514967,0.02772738,-0.01276492,0.01776280
3.180000,0.52717524,-0.00270239,1.29586689,0.39836791,1.54837327,0.39288281,-0.05998733,0.03639362,-0.06270472,0.08133409,-0.08748175,-0.15957004,0.03290353,0.00757358,0.00521815,0.02582809,-0.01161645,0.01770192
3.190000,0.52657698,-0.00233809,1.29524011,0.39918251,1.54749790,0.39128799,-0.05966635,0.03646609,-0.06265232,0.08158240,-0.08759198,-0.15939374,0.03126496,0.00691426,0.00525548,0.02381465,-0.01042165,0.01754140
3.200000,0.52598185,-0.00197310,1.29461385,0.39999949,1.54662147,0.38969493,-0.05936255,0.03653180,-0.06259970,0.08181001,-0.08769004,-0.15921953,0.02947042,0.00622376,0.00526301,0.02169059,-0.00918173,0.01728526
3.210000,0.52538967,-0.00160748,1.29398811,0.40081864,1.54574414,0.38810359,-0.05907745,0.03659046,-0.06254716,0.08201585,-0.08777547,-0.15904834,0.02752565,0.00550301,0.00524207,0.01945947,-0.00789793,0.01693755
3.220000,0.52480024,-0.00124131,1.29336290,0.40163973,1.54486601,0.38651395,-0.05881252,0.03664177,-0.06249495,0.08219886,-0.08784785,-0.15888107,0.02543641,0.00475293,0.00519400,0.01712485,-0.00657148,0.01650229
3.230000,0.52421335,-0.00087467,1.29273821,0.40246253,1.54398722,0.38492596,-0.05856918,0.03668543,-0.06244336,0.08235802,-0.08790676,-0.15871857,0.02320843,0.00397446,0.00512013,0.01469027,-0.00520359,0.01598353
3.240000,0.52362878,-0.00050763,1.29211403,0.40328681,1.54310792,0.38333956,-0.05834879,0.03672116,-0.06239263,0.08249234,-0.08795179,-0.15856166,0.02084747,0.00316854,0.00502180,0.01215930,-0.00379550,0.01538530
3.250000,0.52304629,-0.00014027,1.29149036,0.40411229,1.54222824,0.38175470,-0.05815266,0.03674871,-0.06234300,0.08260089,-0.08798254,-0.15841112,0.01835927,0.00233610,0.00490035,0.00953548,-0.00234844,0.01471164
3.260000,0.52246564,0.00022732,1.29086717,0.40493874,1.54134832,0.38017131,-0.05798201,0.03676780,-0.06229470,0.08268275,-0.08799863,-0.15826767,0.01574957,0.00147806,0.00475712,0.00682238,-0.00086364,0.01396660
3.270000,0.52188656,0.00059505,1.29024446,0.40576586,1.54046831,0.37858932,-0.05783805,0.03677819,-0.06224793,0.08273705,-0.08799969,-0.15813201,0.01302413,0.00059538,0.00459344,0.00402355,0.00065769,0.01315420
3.280000,0.52130878,0.00096285,1.28962220,0.40659338,1.53958838,0.37700865,-0.05772190,0.03677963,-0.06220289,0.08276295,-0.08798536,-0.15800480,0.01018868,-0.00031103,0.00441065,0.00114254,0.00221431,0.01227848
3.290000,0.52073203,0.00133062,1.28900039,0.40742102,1.53870866,0.37542920,-0.05763462,0.03677189,-0.06215978,0.08275964,-0.08795529,-0.15788664,0.00724898,-0.00124024,0.00421009,-0.00181710,0.00380499,0.01134348
3.300000,0.52015599,0.00169826,1.28837900,0.40824847,1.53782932,0.37385088,-0.05757725,0.03675475,-0.06211875,0.08272636,-0.08790915,-0.15777811,0.00421078,-0.00219129,0.00399310,-0.00485180,0.00542851,0.01035324
3.310000,0.51958038,0.00206568,1.28775801,0.40907544,1.53695053,0.37227360,-0.05755072,0.03672800,-0.06207996,0.08266237,-0.08784662,-0.15767975,0.00107980,-0.00316327,0.00376100,-0.00795801,0.00708363,0.00931180
3.320000,0.51900487,0.00243278,1.28713739,0.40990162,1.53607245,0.37069725,-0.05755594,0.03669142,-0.06204357,0.08256697,-0.08776738,-0.15759203,-0.00213818,-0.00415524,0.00351515,-0.01113218,0.00876914,0.00822319
3.330000,0.51842915,0.00279947,1.28651713,0.41072668,1.53519524,0.36912172,-0.05759375,0.03664483,-0.06200970,0.08243951,-0.08767114,-0.15751543,-0.00543744,-0.00516627,0.00325687,-0.01437075,0.01048381,0.00709146
3.340000,0.51785289,0.00316565,1.28589719,0.41155030,1.53431908,0.36754690,-0.05766494,0.03658803,-0.06197847,0.08227935,-0.08755761,-0.15745033,-0.00881222,-0.00619542,0.00298751,-0.01767017,0.01222639,0.00592063
3.350000,0.51727574,0.00353120,1.28527755,0.41237215,1.53344415,0.36597268,-0.05777023,0.03652086,-0.06194998,0.08208592,-0.08742652,-0.15739713,-0.01225678,-0.00724176,0.00270839,-0.02102688,0.01399568,0.00471475
3.360000,0.51669737,0.00389603,1.28465818,0.41319190,1.53257061,0.36439892,-0.05791029,0.03644314,-0.06192433,0.08185864,-0.08727761,-0.15735614,-0.01576537,-0.00830436,0.00242087,-0.02443734,0.01579044,0.00347786
3.370000,0.51611742,0.00426003,1.28403905,0.41400921,1.53169865,0.36282551,-0.05808573,0.03635472,-0.06190159,0.08159700,-0.08711063,-0.15732766,-0.01933225,-0.00938228,0.00212626,-0.02789797,0.01760945,0.00221398
3.380000,0.51553553,0.00462309,1.28342014,0.41482373,1.53082846,0.36125232,-0.05829711,0.03625545,-0.06188183,0.08130052,-0.08692535,-0.15731194,-0.02295166,-0.01047459,0.00182592,-0.03140523,0.01945147,0.00092717
3.390000,0.51495135,0.00498510,1.28280141,0.41563510,1.52996021,0.35967923,-0.05854492,0.03614519,-0.06186509,0.08096875,-0.08672153,-0.15730918,-0.02661787,-0.01158036,0.00152119,-0.03495557,0.02131528,-0.00037855
3.400000,0.51436451,0.00534595,1.28218283,0.41644298,1.52909409,0.35810610,-0.05882960,0.03602380,-0.06185141,0.08060128,-0.08649897,-0.15731956,-0.03032512,-0.01269865,0.00121338,-0.03854542,0.02319965,-0.00169913
3.410000,0.51377464,0.00570554,1.28156437,0.41724701,1.52823029,0.35653279,-0.05915154,0.03589118,-0.06184083,0.08019772,-0.08625747,-0.15734320,-0.03406767,-0.01382854,0.00090385,-0.04217124,0.02510336,-0.00303054
3.420000,0.51318135,0.00606374,1.28094600,0.41804682,1.52736900,0.35495919,-0.05951105,0.03574720,-0.06183334,0.07975775,-0.08599684,-0.15738019,-0.03783978,-0.01496908,0.00059393,-0.04582947,0.02702517,-0.00436874
3.430000,0.51258429,0.00642044,1.28032769,0.41884204,1.52651042,0.35338515,-0.05990841,0.03559176,-0.06182894,0.07928104,-0.08571691,-0.15743058,-0.04163569,-0.01611935,0.00028496,-0.04951655,0.02896386,-0.00570969
3.440000,0.51198306,0.00677554,1.27970941,0.41963231,1.52565473,0.35181053,-0.06034383,0.03542478,-0.06182763,0.07876733,-0.08541751,-0.15749438,-0.04544967,-0.01727841,-0.00002172,-0.05322893,0.03091821,-0.00704936
3.450000,0.51137728,0.00712890,1.27909113,0.42041726,1.52480213,0.35023521,-0.06081745,0.03524617,-0.06182937,0.07821639,-0.08509850,-0.15757155,-0.04927596,-0.01844533,-0.00032479,-0.05696305,0.03288698,-0.00838371
3.460000,0.51076658,0.00748042,1.27847281,0.42119652,1.52395283,0.34865906,-0.06132937,0.03505585,-0.06183411,0.07762801,-0.08475973,-0.15766203,-0.05310882,-0.01961918,-0.00062289,-0.06071537,0.03486894,-0.00970869
3.470000,0.51015057,0.00782998,1.27785444,0.42196970,1.52310701,0.34708193,-0.06187963,0.03485376,-0.06184180,0.07700203,-0.08440108,-0.15776568,-0.05694250,-0.02079902,-0.00091470,-0.06448232,0.03686288,-0.01102028
3.480000,0.50952886,0.00817746,1.27723597,0.42273643,1.52226487,0.34550370,-0.06246820,0.03463985,-0.06185238,0.07633833,-0.08402244,-0.15788237,-0.06077126,-0.02198391,-0.00119887,-0.06826035,0.03886755,-0.01231444
3.490000,0.50890108,0.00852274,1.27661738,0.42349634,1.52142662,0.34392424,-0.06309502,0.03441407,-0.06186575,0.07563680,-0.08362370,-0.15801190,-0.06458935,-0.02317294,-0.00147407,-0.07204590,0.04088174,-0.01358712
3.500000,0.50826683,0.00886570,1.27599865,0.42424904,1.52059247,0.34234342,-0.06375994,0.03417638,-0.06188182,0.07489740,-0.08320478,-0.15815403,-0.06839102,-0.02436515,-0.00173896,-0.07583542,0.04290422,-0.01483429
3.510000,0.50762575,0.00920622,1.27537974,0.42499416,1.51976260,0.34076112,-0.06446276,0.03392676,-0.06190049,0.07412009,-0.08276559,-0.15830849,-0.07217053,-0.02555963,-0.00199221,-0.07962536,0.04493376,-0.01605191
3.520000,0.50697745,0.00954419,1.27476063,0.42573132,1.51893722,0.33917721,-0.06520325,0.03366519,-0.06192163,0.07330490,-0.08230608,-0.15847496,-0.07592213,-0.02675543,-0.00223248,-0.08341216,0.04696913,-0.01723595
3.530000,0.50632156,0.00987949,1.27414130,0.42646013,1.51811654,0.33759158,-0.06598109,0.03339165,-0.06194509,0.07245187,-0.08182619,-0.15865308,-0.07964008,-0.02795163,-0.00245842,-0.08719226,0.04900910,-0.01838236
3.540000,0.50565771,0.01021199,1.27352172,0.42718023,1.51730077,0.33600411,-0.06679592,0.03310616,-0.06197074,0.07156109,-0.08132589,-0.15884246,-0.08331862,-0.02914728,-0.00266871,-0.09096212,0.05105245,-0.01948712
3.550000,0.50498552,0.01054157,1.27290187,0.42789123,1.51649009,0.33441469,-0.06764732,0.03280871,-0.06199841,0.07063267,-0.08080514,-0.15904267,-0.08695202,-0.03034146,-0.00286201,-0.09471817,0.05309796,-0.02054617
3.560000,0.50430464,0.01086812,1.27228174,0.42859276,1.51568473,0.33282322,-0.06853479,0.03249933,-0.06202792,0.06966678,-0.08026393,-0.15925322,-0.09053453,-0.03153324,-0.00303697,-0.09845686,0.05514438,-0.02155549
3.570000,0.50361471,0.01119152,1.27166131,0.42928444,1.51488488,0.33122960,-0.06945782,0.03217806,-0.06205908,0.06866361,-0.07970225,-0.15947360,-0.09406039,-0.03272168,-0.00319227,-0.10217464,0.05719049,-0.02251104
3.580000,0.50291537,0.01151164,1.27104056,0.42996591,1.51409075,0.32963372,-0.07041579,0.03184491,-0.06209170,0.06762337,-0.07912012,-0.15970325,-0.09752387,-0.03390584,-0.00332656,-0.10586795,0.05923508,-0.02340878
3.590000,0.50220628,0.01182838,1.27041947,0.43063679,1.51330255,0.32803550,-0.07140807,0.03149996,-0.06212554,0.06654634,-0.07851756,-0.15994157,-0.10091922,-0.03508480,-0.00343850,-0.10953323,0.06127690,-0.02424467
3.600000,0.50148710,0.01214160,1.26979804,0.43129671,1.51252047,0.32643486,-0.07243393,0.03114324,-0.06216039,0.06543281,-0.07789460,-0.16018792,-0.10424069,-0.03625762,-0.00352677,-0.11316694,0.06331474,-0.02501467
3.610000,0.50075749,0.01245120,1.26917626,0.43194532,1.51174472,0.32483172,-0.07349262,0.03077483,-0.06219599,0.06428312,-0.07725128,-0.16044163,-0.10748253,-0.03742337,-0.00359002,-0.11676551,0.06534736,-0.02571475
3.620000,0.50001714,0.01275706,1.26855412,0.43258225,1.51097551,0.32322601,-0.07458330,0.03039480,-0.06223210,0.06309763,-0.07658767,-0.16070197,-0.11063900,-0.03858111,-0.00362692,-0.12032539,0.06737354,-0.02634087
3.630000,0.49926572,0.01305906,1.26793162,0.43320716,1.51021304,0.32161766,-0.07570509,0.03000324,-0.06226844,0.06187675,-0.07590384,-0.16096819,-0.11370436,-0.03972992,-0.00363612,-0.12384304,0.06939204,-0.02688899
3.640000,0.49850293,0.01335709,1.26730875,0.43381967,1.50945750,0.32000663,-0.07685706,0.02960023,-0.06230473,0.06062092,-0.07519986,-0.16123948,-0.11667285,-0.04086885,-0.00361630,-0.12731488,0.07140165,-0.02735507
3.650000,0.49772848,0.01365103,1.26668553,0.43441946,1.50870911,0.31839286,-0.07803821,0.02918589,-0.06234066,0.05933062,-0.07447584,-0.16151500,-0.11953873,-0.04199698,-0.00356611,-0.13073737,0.07340114,-0.02773508
3.660000,0.49694208,0.01394077,1.26606194,0.43500617,1.50796805,0.31677631,-0.07924748,0.02876033,-0.06237594,0.05800635,-0.07373187,-0.16179388,-0.12229626,-0.04311337,-0.00348421,-0.13410695,0.07538927,-0.02802498
3.670000,0.49614344,0.01422620,1.26543801,0.43557947,1.50723454,0.31515697,-0.08048375,0.02832367,-0.06241024,0.05664867,-0.07296809,-0.16207519,-0.12493968,-0.04421709,-0.00336928,-0.13742007,0.07736482,-0.02822073
3.680000,0.49533232,0.01450720,1.26481374,0.43613904,1.50650876,0.31353481,-0.08174587,0.02787604,-0.06244321,0.05525815,-0.07218462,-0.16235797,-0.12746325,-0.04530720,-0.00321997,-0.14067317,0.07932656,-0.02831829
3.690000,0.49450844,0.01478368,1.26418915,0.43668453,1.50579091,0.31190981,-0.08303260,0.02741757,-0.06247452,0.05383542,-0.07138161,-0.16264121,-0.12986124,-0.04638278,-0.00303495,-0.14386270,0.08127327,-0.02831363
3.700000,0.49367159,0.01505552,1.26356426,0.43721564,1.50508119,0.31028198,-0.08434266,0.02694843,-0.06250379,0.05238112,-0.07055921,-0.16292389,-0.13212788,-0.04744289,-0.00281287,-0.14698511,0.08320372,-0.02820271
3.710000,0.49282152,0.01532262,1.26293908,0.43773205,1.50437979,0.30865134,-0.08567470,0.02646877,-0.06253065,0.05089595,-0.06971759,-0.16320490,-0.13425743,-0.04848659,-0.00255240,-0.15003683,0.08511667,-0.02798149
3.720000,0.49195802,0.01558486,1.26231365,0.43823346,1.50368690,0.30701789,-0.08702733,0.02597876,-0.06255470,0.04938063,-0.06885694,-0.16348313,-0.13624415,-0.04951296,-0.00225221,-0.15301431,0.08701091,-0.02764593
3.730000,0.49108091,0.01584216,1.26168800,0.43871956,1.50300271,0.30538169,-0.08839909,0.02547857,-0.06257555,0.04783592,-0.06797744,-0.16375742,-0.13808229,-0.05052106,-0.00191096,-0.15591400,0.08888520,-0.02719200
3.740000,0.49018998,0.01609440,1.26106216,0.43919008,1.50232741,0.30374276,-0.08978846,0.02496840,-0.06259278,0.04626262,-0.06707931,-0.16402657,-0.13976610,-0.05150995,-0.00152730,-0.15873235,0.09073832,-0.02661566
3.750000,0.48928508,0.01634149,1.26043616,0.43964472,1.50166119,0.30210118,-0.09119388,0.02444844,-0.06260595,0.04466156,-0.06616275,-0.16428932,-0.14128984,-0.05247871,-0.00109991,-0.16146579,0.09256904,-0.02591286
3.760000,0.48836606,0.01658334,1.25981005,0.44008322,1.50100422,0.30045700,-0.09261370,0.02391890,-0.06261463,0.04303360,-0.06522801,-0.16454439,-0.14264776,-0.05342640,-0.00062744,-0.16411078,0.09437614,-0.02507958
3.770000,0.48743277,0.01681984,1.25918388,0.44050531,1.50035669,0.29881032,-0.09404626,0.02337999,-0.06261835,0.04137965,-0.06427531,-0.16479046,-0.14383412,-0.05435208,-0.00010856,-0.16666375,0.09615837,-0.02411178
3.780000,0.48648509,0.01705091,1.25855770,0.44091073,1.49971877,0.29716123,-0.09548980,0.02283193,-0.06261664,0.03970064,-0.06330492,-0.16502616,-0.14484317,-0.05525483,0.00045806,-0.16912116,0.09791453,-0.02300541
3.790000,0.48552294,0.01727645,1.25793157,0.44129924,1.49909065,0.29550984,-0.09694251,0.02227497,-0.06260902,0.03799756,-0.06231711,-0.16525009,-0.14566916,-0.05613371,0.00107378,-0.17147945,0.09964337,-0.02175645
3.800000,0.48454622,0.01749638,1.25730554,0.44167061,1.49847249,0.29385627,-0.09840255,0.02170934,-0.06259500,0.03627140,-0.06131215,-0.16546080,-0.14630635,-0.05698779,0.00173992,-0.17373507,0.10134368,-0.02036084
3.810000,0.48355487,0.01771061,1.25667969,0.44202460,1.49786446,0.29220067,-0.09986799,0.02113530,-0.06257405,0.03452321,-0.06029034,-0.16565681,-0.14674905,-0.05781614,0.00245779,-0.17588447,0.10301422,-0.01881463
3.820000,0.48254885,0.01791906,1.25605409,0.44236100,1.49726674,0.29054319,-0.10133688,0.02055311,-0.06254567,0.03275407,-0.05925197,-0.16583659,-0.14699570,-0.05861809,0.00322732,-0.17792574,0.10465386,-0.01711766
3.830000,0.48152813,0.01812164,1.25542881,0.44267961,1.49667948,0.28888400,-0.10280727,0.01996303,-0.06250934,0.03096505,-0.05819737,-0.16599868,-0.14705126,-0.05939344,0.00404622,-0.17985942,0.10626156,-0.01527589
3.840000,0.48049270,0.01831829,1.25480393,0.44298024,1.49610284,0.28722328,-0.10427728,0.01936533,-0.06246459,0.02915724,-0.05712685,-0.16614165,-0.14692124,-0.06014198,0.00491201,-0.18168633,0.10783631,-0.01329578
3.850000,0.47944259,0.01850892,1.25417954,0.44326270,1.49553699,0.28556123,-0.10574509,0.01876028,-0.06241095,0.02733168,-0.05604075,-0.16626415,-0.14661116,-0.06086353,0.00582219,-0.18340724,0.10937710,-0.01118381
3.860000,0.47837782,0.01869347,1.25355574,0.44352682,1.49498208,0.28389807,-0.10720892,0.01814815,-0.06234801,0.02548944,-0.05493942,-0.16636491,-0.14612654,-0.06155790,0.00677428,-0.18502296,0.11088293,-0.00894646
3.870000,0.47729843,0.01887186,1.25293262,0.44377243,1.49443825,0.28223401,-0.10866706,0.01752921,-0.06227534,0.02363157,-0.05382322,-0.16644269,-0.14547291,-0.06222491,0.00776580,-0.18653427,0.11235277,-0.00659021
3.880000,0.47620450,0.01904403,1.25231027,0.44399940,1.49390566,0.28056929,-0.11011784,0.01690374,-0.06219257,0.02175910,-0.05269249,-0.16649634,-0.14465579,-0.06286435,0.00879427,-0.18794197,0.11378562,-0.00412152
3.890000,0.47509610,0.01920992,1.25168880,0.44420757,1.49338445,0.27890417,-0.11155965,0.01627201,-0.06209934,0.01987307,-0.05154763,-0.16652476,-0.14368070,-0.06347605,0.00985720,-0.18924685,0.11518046,-0.00154687
3.900000,0.47397334,0.01936945,1.25106832,0.44439682,1.49287475,0.27723889,-0.11299094,0.01563431,-0.06199532,0.01797450,-0.05038901,-0.16652694,-0.14255317,-0.06405982,0.01095210,-0.19044971,0.11653628,0.00112725
3.910000,0.47283633,0.01952259,1.25044893,0.44456702,1.49237671,0.27557372,-0.11441022,0.01499091,-0.06188020,0.01606442,-0.04921704,-0.16650191,-0.14127870,-0.06461546,0.01207649,-0.19155133,0.11785208,0.00389439
3.920000,0.47168518,0.01966926,1.24983075,0.44471807,1.49189046,0.27390894,-0.11581605,0.01434210,-0.06175370,0.01414381,-0.04803211,-0.16644877,-0.13986283,-0.06514280,0.01322789,-0.19255251,0.11912683,0.00674805
3.930000,0.47052005,0.01980941,1.24921389,0.44484987,1.49141611,0.27224484,-0.11720703,0.01368815,-0.06161556,0.01221370,-0.04683464,-0.16636668,-0.13831108,-0.06564163,0.01440381,-0.19345404,0.12035953,0.00968177
3.940000,0.46934110,0.01994300,1.24859848,0.44496232,1.49095380,0.27058171,-0.11858183,0.01302936,-0.06146555,0.01027506,-0.04562506,-0.16625489,-0.13662897,-0.06611178,0.01560177,-0.19425672,0.12154916,0.01268907
3.950000,0.46814848,0.02006998,1.24798462,0.44505534,1.49050365,0.26891984,-0.11993919,0.01236601,-0.06130346,0.00832889,-0.04440380,-0.16611268,-0.13482202,-0.06655304,0.01681928,-0.19496134,0.12269472,0.01576348
3.960000,0.46694237,0.02019031,1.24737245,0.44512887,1.49006577,0.26725956,-0.12127788,0.01169840,-0.06112910,0.00637616,-0.04317132,-0.16593941,-0.13289574,-0.06696525,0.01805386,-0.19556868,0.12379518,0.01889851
3.970000,0.46572298,0.02030394,1.24676208,0.44518285,1.48964026,0.26560116,-0.12259673,0.01102680,-0.06094233,0.00441784,-0.04192805,-0.16573452,-0.13085568,-0.06734820,0.01930302,-0.19607955,0.12484955,0.02208770
3.980000,0.46449051,0.02041083,1.24615365,0.44521722,1.48922724,0.26394497,-0.12389463,0.01035153,-0.06074300,0.00245489,-0.04067448,-0.16549750,-0.12870733,-0.06770171,0.02056428,-0.19649473,0.12585680,0.02532456
3.990000,0.46324516,0.02051096,1.24554727,0.44523193,1.48882680,0.26229132,-0.12517053,0.00967287,-0.06053101,0.00048826,-0.03941108,-0.16522790,-0.12645624,-0.06802559,0.02183516,-0.19681503,0.12681593,0.02860263
4.000000,0.46198718,0.02060428,1.24494307,0.44522697,1.48843905,0.26064053,-0.12642343,0.00899112,-0.06030628,-0.00148110,-0.03813833,-0.16492533,-0.12410791,-0.06831965,0.02311317,-0.19704122,0.12772591,0.03191543
4.010000,0.46071678,0.02069077,1.24434118,0.44520231,1.48806407,0.25899292,-0.12765238,0.00830658,-0.06006873,-0.00345225,-0.03685673,-0.16458949,-0.12166788,-0.06858370,0.02439582,-0.19717411,0.12858575,0.03525648
4.020000,0.45943421,0.02077040,1.24374174,0.44515792,1.48770194,0.25734885,-0.12885650,0.00761954,-0.05981835,-0.00542427,-0.03556678,-0.16422013,-0.11914166,-0.06881755,0.02568063,-0.19721448,0.12939443,0.03861931
4.030000,0.45813973,0.02084315,1.24314486,0.44509382,1.48735276,0.25570863,-0.13003495,0.00693033,-0.05955512,-0.00739624,-0.03426901,-0.16381706,-0.11653477,-0.06902103,0.02696512,-0.19716313,0.13015093,0.04199744
4.040000,0.45683360,0.02090900,1.24255068,0.44501000,1.48701659,0.25407262,-0.13118694,0.00623923,-0.05927906,-0.00936723,-0.03296394,-0.16338015,-0.11385273,-0.06919392,0.02824681,-0.19702085,0.13085425,0.04538439
4.050000,0.45551608,0.02096793,1.24195932,0.44490648,1.48669350,0.25244114,-0.13231177,0.00554655,-0.05899020,-0.01133635,-0.03165211,-0.16290936,-0.11110108,-0.06933606,0.02952320,-0.19678844,0.13150338,0.04877370
4.060000,0.45418746,0.02101993,1.24137091,0.44478328,1.48638356,0.25081455,-0.13340875,0.00485261,-0.05868862,-0.01330270,-0.03033406,-0.16240469,-0.10828532,-0.06944725,0.03079181,-0.19646669,0.13209729,0.05215888
4.070000,0.45284800,0.02106498,1.24078559,0.44464044,1.48608684,0.24919316,-0.13447728,0.00415771,-0.05837440,-0.01526539,-0.02901035,-0.16186622,-0.10541098,-0.06952729,0.03205016,-0.19605638,0.13263498,0.05553347
4.080000,0.45149801,0.02110308,1.24020347,0.44447799,1.48580337,0.24757733,-0.13551680,0.00346217,-0.05804766,-0.01722354,-0.02768155,-0.16129408,-0.10248359,-0.06957601,0.03329576,-0.19555832,0.13311544,0.05889098
4.090000,0.45013777,0.02113422,1.23962468,0.44429599,1.48553322,0.24596739,-0.13652679,0.00276629,-0.05770854,-0.01917627,-0.02634824,-0.16068848,-0.09950866,-0.06959322,0.03452614,-0.19497330,0.13353765,0.06222493
4.100000,0.44876757,0.02115841,1.23904934,0.44409449,1.48527642,0.24436367,-0.13750683,0.00207041,-0.05735720,-0.02112272,-0.02501099,-0.16004968,-0.09649171,-0.06957872,0.03573880,-0.19430210,0.13390061,0.06552886
4.110000,0.44738773,0.02117563,1.23847757,0.44387356,1.48503301,0.24276651,-0.13845651,0.00137483,-0.05699383,-0.02306203,-0.02367042,-0.15937802,-0.09343828,-0.06953233,0.03693126,-0.19354552,0.13420330,0.06879630
4.120000,0.44599854,0.02118591,1.23790950,0.44363327,1.48480302,0.24117622,-0.13937549,0.00067987,-0.05661865,-0.02499335,-0.02232713,-0.15867390,-0.09035387,-0.06945385,0.03810103,-0.19270436,0.13444470,0.07202075
4.130000,0.44460032,0.02118923,1.23734524,0.44337372,1.48458648,0.23959314,-0.14026350,-0.00001414,-0.05623189,-0.02691583,-0.02098174,-0.15793777,-0.08724401,-0.06934311,0.03924564,-0.19177940,0.13462382,0.07519575
4.140000,0.44319338,0.02118563,1.23678490,0.44309499,1.48438339,0.23801757,-0.14112030,-0.00070689,-0.05583383,-0.02882866,-0.01963487,-0.15717017,-0.08411423,-0.06919991,0.04036259,-0.19077144,0.13473963,0.07831483
4.150000,0.44177802,0.02117510,1.23622860,0.44279718,1.48419378,0.23644984,-0.14194574,-0.00139803,-0.05542474,-0.03073099,-0.01828716,-0.15637168,-0.08097004,-0.06902406,0.04144941,-0.18968127,0.13479112,0.08137150
4.160000,0.44035457,0.02115767,1.23567644,0.44248041,1.48401765,0.23489024,-0.14273968,-0.00208726,-0.05500495,-0.03262201,-0.01693926,-0.15554297,-0.07781697,-0.06881538,0.04250360,-0.18850969,0.13477728,0.08435930
4.170000,0.43892333,0.02113336,1.23512853,0.44214478,1.48385500,0.23333908,-0.14350206,-0.00277423,-0.05457479,-0.03450091,-0.01559184,-0.15468475,-0.07466053,-0.06857367,0.04352268,-0.18725749,0.13469711,0.08727174
4.180000,0.43748463,0.02110220,1.23458498,0.44179043,1.48370581,0.23179664,-0.14423289,-0.00345862,-0.05413462,-0.03636690,-0.01424555,-0.15379781,-0.07150626,-0.06829875,0.04450418,-0.18592545,0.13454958,0.09010235
4.190000,0.43603878,0.02106420,1.23404587,0.44141749,1.48357008,0.23026321,-0.14493221,-0.00414009,-0.05368484,-0.03821916,-0.01290107,-0.15288300,-0.06835966,-0.06799043,0.04544560,-0.18451438,0.13433368,0.09284466
4.200000,0.43458609,0.02101941,1.23351131,0.44102610,1.48344778,0.22873907,-0.14560013,-0.00481832,-0.05322585,-0.04005692,-0.01155910,-0.15194123,-0.06522627,-0.06764852,0.04634446,-0.18302506,0.13404841,0.09549219
4.210000,0.43312688,0.02096785,1.23298139,0.44061640,1.48333889,0.22722447,-0.14623680,-0.00549295,-0.05275810,-0.04187940,-0.01022034,-0.15097349,-0.06211160,-0.06727283,0.04719827,-0.18145829,0.13369275,0.09803847
4.220000,0.43166146,0.02090956,1.23245618,0.44018856,1.48324336,0.22571968,-0.14684244,-0.00616366,-0.05228204,-0.04368583,-0.00888549,-0.14998082,-0.05902118,-0.06686318,0.04800455,-0.17981486,0.13326569,0.10047701
4.230000,0.43019014,0.02084459,1.23193577,0.43974274,1.48316116,0.22422494,-0.14741733,-0.00683010,-0.05179817,-0.04547545,-0.00755527,-0.14896433,-0.05596053,-0.06641937,0.04876082,-0.17809557,0.13276622,0.10280136
4.240000,0.42871322,0.02077297,1.23142024,0.43927911,1.48309224,0.22274047,-0.14796177,-0.00749193,-0.05130700,-0.04724749,-0.00623041,-0.14792519,-0.05293516,-0.06594122,0.04946459,-0.17630120,0.13219332,0.10500501
4.250000,0.42723100,0.02069476,1.23090965,0.43879785,1.48303653,0.22126651,-0.14847616,-0.00814881,-0.05080906,-0.04900122,-0.00491165,-0.14686465,-0.04995061,-0.06542853,0.05011338,-0.17443255,0.13154599,0.10708152
4.260000,0.42574379,0.02061001,1.23040408,0.43829915,1.48299398,0.21980325,-0.14896094,-0.00880039,-0.05030492,-0.05073590,-0.00359974,-0.14578401,-0.04701239,-0.06488113,0.05070470,-0.17249041,0.13082321,0.10902439
4.270000,0.42425188,0.02051878,1.22990357,0.43778320,1.48296451,0.21835089,-0.14941659,-0.00944632,-0.04979517,-0.05245079,-0.00229544,-0.14468463,-0.04412603,-0.06429881,0.05123607,-0.17047557,0.13002397,0.11082716
4.280000,0.42275555,0.02042111,1.22940819,0.43725020,1.48294805,0.21690961,-0.14984365,-0.01008625,-0.04928041,-0.05414517,-0.00099952,-0.14356795,-0.04129704,-0.06368140,0.05170500,-0.16838884,0.12914725,0.11248334
4.290000,0.42125510,0.02031707,1.22891798,0.43670037,1.48294449,0.21547958,-0.15024274,-0.01071983,-0.04876129,-0.05581833,0.00028725,-0.14243548,-0.03853095,-0.06302870,0.05210901,-0.16623099,0.12819206,0.11398646
4.300000,0.41975079,0.02020673,1.22843298,0.43613391,1.48295376,0.21406095,-0.15061450,-0.01134670,-0.04823846,-0.05746956,0.00156406,-0.14128876,-0.03583328,-0.06234053,0.05244562,-0.16400282,0.12715736,0.11533006
4.310000,0.41824290,0.02009016,1.22795322,0.43555105,1.48297574,0.21265385,-0.15095965,-0.01196652,-0.04771261,-0.05909815,0.00283012,-0.14012943,-0.03320955,-0.06161670,0.05271233,-0.16170513,0.12604216,0.11650764
4.320000,0.41673168,0.01996743,1.22747874,0.43495202,1.48301032,0.21125840,-0.15127895,-0.01257892,-0.04718445,-0.06070343,0.00408463,-0.13895918,-0.03066529,-0.06085701,0.05290667,-0.15933871,0.12484544,0.11751274
4.330000,0.41521740,0.01983861,1.22700954,0.43433706,1.48305739,0.20987470,-0.15157324,-0.01318354,-0.04665472,-0.06228470,0.00532676,-0.13777977,-0.02820601,-0.06006128,0.05302615,-0.15690435,0.12356618,0.11833888
4.340000,0.41370030,0.01970378,1.22654564,0.43370641,1.48311681,0.20850283,-0.15184338,-0.01378002,-0.04612419,-0.06384129,0.00655568,-0.13659302,-0.02583723,-0.05922933,0.05306829,-0.15440284,0.12220339,0.11897959
4.350000,0.41218061,0.01956304,1.22608705,0.43306032,1.48318846,0.20714285,-0.15209030,-0.01436800,-0.04559362,-0.06537254,0.00777054,-0.13540082,-0.02356431,-0.05836099,0.05303071,-0.15183503,0.12075612,0.11942867
4.360000,0.41065857,0.01941645,1.22563377,0.43239905,1.48327217,0.20579482,-0.15231499,-0.01494712,-0.04506384,-0.06687778,0.00897052,-0.13420509,-0.02138896,-0.05745690,0.05291343,-0.14920271,0.11922537,0.11968563
4.370000,0.40913438,0.01926413,1.22518577,0.43172285,1.48336781,0.20445876,-0.15251840,-0.01551703,-0.04453561,-0.06835639,0.01015478,-0.13300773,-0.01930949,-0.05651839,0.05271867,-0.14650861,0.11761388,0.11975541
4.380000,0.40760827,0.01910615,1.22474305,0.43103201,1.48347521,0.20313467,-0.15270149,-0.01607738,-0.04400971,-0.06980775,0.01132254,-0.13181059,-0.01732407,-0.05554685,0.05244876,-0.14375549,0.11592448,0.11964311
4.390000,0.40608042,0.01894261,1.22430557,0.43032679,1.48359421,0.20182254,-0.15286519,-0.01662786,-0.04348688,-0.07123131,0.01247302,-0.13061546,-0.01543088,-0.05454364,0.05210603,-0.14094609,0.11415998,0.11935385
4.400000,0.40455103,0.01877362,1.22387330,0.42960748,1.48372461,0.20052234,-0.15301041,-0.01716815,-0.04296783,-0.07262650,0.01360550,-0.12942408,-0.01362808,-0.05351014,0.05169279,-0.13808316,0.11232322,0.11889276
4.410000,0.40302027,0.01859928,1.22344620,0.42887436,1.48386625,0.19923404,-0.15313805,-0.01769797,-0.04245325,-0.07399280,0.01471925,-0.12823816,-0.01191385,-0.05244773,0.05121137,-0.13516947,0.11041702,0.11826495
4.420000,0.40148832,0.01841970,1.22302422,0.42812772,1.48401894,0.19795756,-0.15324898,-0.01821702,-0.04194382,-0.07532973,0.01581361,-0.12705932,-0.01028637,-0.05135778,0.05066410,-0.13220776,0.10844419,0.11747556
4.430000,0.39995534,0.01823498,1.22260730,0.42736786,1.48418246,0.19669282,-0.15334406,-0.01872503,-0.04144018,-0.07663681,0.01688793,-0.12588917,-0.00874381,-0.05024167,0.05005330,-0.12920079,0.10640757,0.11652968
4.440000,0.39842149,0.01804524,1.22219539,0.42659509,1.48435662,0.19543974,-0.15342413,-0.01922177,-0.04094296,-0.07791360,0.01794156,-0.12472923,-0.00728435,-0.04910076,0.04938128,-0.12615131,0.10430997,0.11543246
4.450000,0.39688691,0.01785058,1.22178842,0.42580969,1.48454122,0.19419820,-0.15349001,-0.01970697,-0.04045275,-0.07915970,0.01897393,-0.12358101,-0.00590615,-0.04793644,0.04865039,-0.12306208,0.10215423,0.11418900
4.460000,0.39535173,0.01765114,1.22138631,0.42501200,1.48473603,0.19296808,-0.15354252,-0.02018042,-0.03997014,-0.08037472,0.01998446,-0.12244592,-0.00460739,-0.04675008,0.04786292,-0.11993584,0.09994315,0.11280443
4.470000,0.39381610,0.01744701,1.22098899,0.42420230,1.48494083,0.19174923,-0.15358242,-0.02064190,-0.03949567,-0.08155830,0.02097262,-0.12132537,-0.00338624,-0.04554305,0.04702123,-0.11677535,0.09767958,0.11128387
4.480000,0.39228012,0.01723834,1.22059637,0.42338094,1.48515541,0.19054152,-0.15361049,-0.02109122,-0.03902989,-0.08271012,0.02193789,-0.12022068,-0.00224088,-0.04431673,0.04612761,-0.11358337,0.09536632,0.10963244
4.490000,0.39074393,0.01702523,1.22020836,0.42254821,1.48537951,0.18934476,-0.15362748,-0.02152818,-0.03857329,-0.08382987,0.02287979,-0.11913314,-0.00116948,-0.04307250,0.04518440,-0.11036264,0.09300621,0.10785525
4.500000,0.38920761,0.01680782,1.21982487,0.42170445,1.48561292,0.18815879,-0.15363412,-0.02195261,-0.03812636,-0.08491729,0.02379787,-0.11806398,-0.00017022,-0.04181172,0.04419393,-0.10711592,0.09060206,0.10595744
4.510000,0.38767128,0.01658622,1.21944580,0.42084997,1.48585539,0.18698342,-0.15363112,-0.02236436,-0.03768956,-0.08597212,0.02469169,-0.11701438,0.00075873,-0.04053577,0.04315851,-0.10384597,0.08815671,0.10394411
4.520000,0.38613502,0.01636057,1.21907104,0.41998511,1.48610667,0.18581844,-0.15361918,-0.02276328,-0.03726333,-0.08699414,0.02556087,-0.11598546,0.00161921,-0.03924604,0.04208047,-0.10055553,0.08567296,0.10182040
4.530000,0.38459892,0.01613100,1.21870050,0.41911020,1.48636653,0.18466364,-0.15359896,-0.02314924,-0.03684808,-0.08798317,0.02640503,-0.11497832,0.00241302,-0.03794388,0.04096213,-0.09724736,0.08315366,0.09959141
4.540000,0.38306306,0.01589763,1.21833404,0.41822556,1.48663469,0.18351879,-0.15357113,-0.02352212,-0.03644421,-0.08893904,0.02722384,-0.11399397,0.00314201,-0.03663068,0.03980582,-0.09392421,0.08060161,0.09726227
4.550000,0.38152752,0.01566060,1.21797157,0.41733153,1.48691092,0.18238368,-0.15353633,-0.02388182,-0.03605209,-0.08986161,0.02801697,-0.11303339,0.00380799,-0.03530781,0.03861385,-0.09058884,0.07801964,0.09483811
4.560000,0.37999236,0.01542004,1.21761296,0.41642844,1.48719494,0.18125804,-0.15349518,-0.02422825,-0.03567205,-0.09075078,0.02878414,-0.11209751,0.00441280,-0.03397665,0.03738856,-0.08724400,0.07541059,0.09232403
4.570000,0.37845764,0.01517608,1.21725809,0.41551663,1.48748651,0.18014164,-0.15344827,-0.02456133,-0.03530442,-0.09160647,0.02952510,-0.11118719,0.00495826,-0.03263857,0.03613226,-0.08389244,0.07277726,0.08972517
4.580000,0.37692341,0.01492886,1.21690683,0.41459642,1.48778536,0.17903421,-0.15339620,-0.02488101,-0.03494950,-0.09242862,0.03023961,-0.11030327,0.00544619,-0.03129494,0.03484728,-0.08053692,0.07012249,0.08704664
4.590000,0.37538973,0.01467850,1.21655906,0.41366816,1.48809122,0.17793549,-0.15333954,-0.02518722,-0.03460756,-0.09321720,0.03092748,-0.10944651,0.00587843,-0.02994715,0.03353594,-0.07718019,0.06744909,0.08429356
4.600000,0.37385663,0.01442516,1.21621464,0.41273219,1.48840382,0.17684519,-0.15327882,-0.02547994,-0.03427886,-0.09397223,0.03158854,-0.10861763,0.00625679,-0.02859655,0.03220057,-0.07382500,0.06475989,0.08147105
4.610000,0.37232416,0.01416895,1.21587343,0.41178883,1.48872290,0.17576304,-0.15321457,-0.02575914,-0.03396362,-0.09469372,0.03222264,-0.10781730,0.00658311,-0.02724454,0.03084349,-0.07047410,0.06205772,0.07858424
4.620000,0.37079235,0.01391002,1.21553532,0.41083843,1.48904818,0.17468874,-0.15314732,-0.02602483,-0.03366205,-0.09538173,0.03282966,-0.10704614,0.00685922,-0.02589248,0.02946702,-0.06713025,0.05934539,0.07563824
4.630000,0.36926122,0.01364850,1.21520015,0.40988131,1.48937940,0.17362202,-0.15307755,-0.02627700,-0.03337434,-0.09603635,0.03340952,-0.10630472,0.00708693,-0.02454175,0.02807349,-0.06379621,0.05662574,0.07263817
4.640000,0.36773081,0.01338452,1.21486778,0.40891781,1.48971628,0.17256255,-0.15300574,-0.02651567,-0.03310063,-0.09665770,0.03396216,-0.10559354,0.00726807,-0.02319373,0.02666522,-0.06047472,0.05390157,0.06958916
4.650000,0.36620111,0.01311823,1.21453809,0.40794827,1.49005855,0.17151004,-0.15293234,-0.02674089,-0.03284108,-0.09724590,0.03448755,-0.10491308,0.00740448,-0.02184978,0.02524453,-0.05716853,0.05117573,0.06649632
4.660000,0.36467216,0.01284975,1.21421092,0.40697300,1.49040594,0.17046418,-0.15285779,-0.02695269,-0.03259578,-0.09780113,0.03498568,-0.10426374,0.00749797,-0.02051128,0.02381374,-0.05388041,0.04845102,0.06336477
4.670000,0.36314396,0.01257922,1.21388612,0.40599235,1.49075817,0.16942466,-0.15278252,-0.02715114,-0.03236483,-0.09832358,0.03545658,-0.10364590,0.00755038,-0.01917962,0.02237519,-0.05061311,0.04573028,0.06019964
4.680000,0.36161651,0.01230677,1.21356357,0.40500664,1.49111498,0.16839116,-0.15270691,-0.02733631,-0.03214829,-0.09881347,0.03590031,-0.10305985,0.00756352,-0.01785615,0.02093119,-0.04736937,0.04301632,0.05700604
4.690000,0.36008982,0.01203254,1.21324311,0.40401619,1.49147609,0.16736336,-0.15263137,-0.02750829,-0.03194621,-0.09927105,0.03631694,-0.10250585,0.00753923,-0.01654226,0.01948406,-0.04415195,0.04031197,0.05378910
4.700000,0.35856389,0.01175665,1.21292460,0.40302133,1.49184123,0.16634094,-0.15255625,-0.02766719,-0.03175861,-0.09969660,0.03670659,-0.10198413,0.00747934,-0.01523932,0.01803614,-0.04096361,0.03762006,0.05055394
4.710000,0.35703870,0.01147924,1.21260789,0.40202236,1.49221013,0.16532357,-0.15248190,-0.02781312,-0.03158549,-0.10009043,0.03706939,-0.10149482,0.00738566,-0.01394871,0.01658974,-0.03780709,0.03494341,0.04730567
4.720000,0.35551424,0.01120043,1.21229284,0.40101962,1.49258253,0.16431093,-0.15240864,-0.02794621,-0.03142680,-0.10045286,0.03740552,-0.10103804,0.00726003,-0.01267180,0.01514718,-0.03468516,0.03228483,0.04404941
4.730000,0.35399052,0.01092036,1.21197931,0.40001341,1.49295815,0.16330270,-0.15233680,-0.02806660,-0.03128252,-0.10078426,0.03771516,-0.10061384,0.00710427,-0.01140996,0.01371080,-0.03160056,0.02964716,0.04079030
4.740000,0.35246750,0.01063914,1.21166714,0.39900404,1.49333674,0.16229855,-0.15226665,-0.02817446,-0.03115256,-0.10108501,0.03799854,-0.10022223,0.00692021,-0.01016457,0.01228291,-0.02855604,0.02703322,0.03753344
4.750000,0.35094518,0.01035691,1.21135621,0.39799181,1.49371804,0.16129815,-0.15219848,-0.02826996,-0.03103683,-0.10135552,0.03825591,-0.09986315,0.00670967,-0.00893701,0.01086584,-0.02555437,0.02444582,0.03428395
4.760000,0.34942352,0.01007378,1.21104636,0.39697703,1.49410178,0.16030117,-0.15213254,-0.02835327,-0.03093520,-0.10159625,0.03848755,-0.09953650,0.00647449,-0.00772865,0.00946190,-0.02259829,0.02188780,0.03104697
4.770000,0.34790252,0.00978988,1.21073746,0.39595998,1.49448770,0.15930731,-0.15206907,-0.02842460,-0.03084754,-0.10180765,0.03869378,-0.09924215,0.00621648,-0.00654086,0.00807344,-0.01969056,0.01936198,0.02782760
4.780000,0.34638213,0.00950533,1.21042936,0.39494097,1.49487557,0.15831622,-0.15200828,-0.02848416,-0.03077367,-0.10199023,0.03887491,-0.09897988,0.00593747,-0.00537502,0.00670275,-0.01683393,0.01687117,0.02463097
4.790000,0.34486234,0.00922024,1.21012194,0.39392027,1.49526512,0.15732760,-0.15195038,-0.02853217,-0.03071341,-0.10214451,0.03903132,-0.09874944,0.00563929,-0.00423250,0.00535218,-0.01403115,0.01441821,0.02146221
4.800000,0.34334312,0.00893472,1.20981505,0.39289817,1.49565611,0.15634113,-0.15189555,-0.02856889,-0.03066655,-0.10227104,0.03916341,-0.09855052,0.00532378,-0.00311469,0.00402405,-0.01128497,0.01200592,0.01832641
4.810000,0.34182442,0.00864890,1.20950856,0.39187494,1.49604831,0.15535649,-0.15184396,-0.02859456,-0.03063285,-0.10237040,0.03927159,-0.09838278,0.00499274,-0.00202294,0.00272067,-0.00859816,0.00963712,0.01522872
4.820000,0.34030623,0.00836287,1.20920235,0.39085085,1.49644147,0.15437337,-0.15179574,-0.02860944,-0.03061205,-0.10244321,0.03935631,-0.09824580,0.00464801,-0.00095864,0.00144437,-0.00597346,0.00731463,0.01217425
4.830000,0.33878850,0.00807674,1.20889628,0.38982617,1.49683536,0.15339147,-0.15175104,-0.02861382,-0.03060387,-0.10249009,0.03941804,-0.09813913,0.00429142,0.00007683,0.00019748,-0.00341363,0.00504128,0.00916812
4.840000,0.33727119,0.00779063,1.20859023,0.38880114,1.49722975,0.15241049,-0.15170995,-0.02860800,-0.03060799,-0.10251171,0.03945731,-0.09806226,0.00392479,0.00108211,-0.00101769,-0.00092141,0.00281989,0.00621545
4.850000,0.33575428,0.00750462,1.20828408,0.38777601,1.49762443,0.15143013,-0.15167257,-0.02859229,-0.03062411,-0.10250875,0.03947463,-0.09801463,0.00354994,0.00205582,-0.00219880,0.00150043,0.00065328,0.00332136
4.860000,0.33423773,0.00721881,1.20797771,0.38675104,1.49801918,0.15045010,-0.15163897,-0.02856700,-0.03065185,-0.10248194,0.03947056,-0.09799562,0.00316872,0.00299659,-0.00334354,0.00384915,-0.00145572,0.00049097
4.870000,0.33272149,0.00693331,1.20767101,0.38572645,1.49841377,0.14947012,-0.15160921,-0.02853247,-0.03069085,-0.10243202,0.03944571,-0.09800458,0.00278293,0.00390303,-0.00444958,0.00612198,-0.00350429,-0.00227060
4.880000,0.33120553,0.00664819,1.20736386,0.38470247,1.49880802,0.14848992,-0.15158332,-0.02848906,-0.03074070,-0.10235977,0.03940069,-0.09804079,0.00239441,0.00477377,-0.00551460,0.00831619,-0.00548960,-0.00495823
4.890000,0.32968981,0.00636355,1.20705616,0.38367933,1.49920172,0.14750922,-0.15156132,-0.02843712,-0.03080100,-0.10226597,0.03933614,-0.09810348,0.00200498,0.00560745,-0.00653627,0.01042901,-0.00740884,-0.00756680
4.900000,0.32817429,0.00607948,1.20674780,0.38265722,1.49959468,0.14652776,-0.15154322,-0.02837703,-0.03087128,-0.10215147,0.03925274,-0.09819184,0.00161648,0.00640268,-0.00751228,0.01245769,-0.00925918,-0.01009118
4.910000,0.32665894,0.00579604,1.20643870,0.38163636,1.49998672,0.14554530,-0.15152898,-0.02830920,-0.03095108,-0.10201711,0.03915120,-0.09830501,0.00123072,0.00715809,-0.00844029,0.01439948,-0.01103779,-0.01252626
4.920000,0.32514370,0.00551332,1.20612875,0.38061694,1.50037765,0.14456158,-0.15151859,-0.02823401,-0.03103992,-0.10186377,0.03903223,-0.09844206,0.00084953,0.00787231,-0.00931799,0.01625162,-0.01274186,-0.01486692
4.930000,0.32362855,0.00523138,1.20581787,0.37959915,1.50076731,0.14357638,-0.15151197,-0.02815189,-0.03113727,-0.10169238,0.03889662,-0.09860202,0.00047474,0.00854396,-0.01014305,0.01801137,-0.01436856,-0.01710803
4.940000,0.32211345,0.00495030,1.20550598,0.37858315,1.50115553,0.14258947,-0.15150907,-0.02806328,-0.03124259,-0.10150386,0.03874513,-0.09878387,0.00010818,0.00917167,-0.01091315,0.01967596,-0.01591506,-0.01924448
4.950000,0.32059836,0.00467014,1.20519300,0.37756913,1.50154216,0.14160064,-0.15150978,-0.02796861,-0.03135534,-0.10129919,0.03857859,-0.09898654,-0.00024833,0.00975406,-0.01162596,0.02124265,-0.01737854,-0.02127115
4.960000,0.31908324,0.00439095,1.20487885,0.37655722,1.50192705,0.14060968,-0.15151399,-0.02786835,-0.03147491,-0.10107935,0.03839785,-0.09920891,-0.00059297,0.01028975,-0.01227917,0.02270868,-0.01875619,-0.02318291
4.970000,0.31756807,0.00411279,1.20456348,0.37554759,1.50231007,0.13961640,-0.15152159,-0.02776298,-0.03160071,-0.10084536,0.03820376,-0.09944980,-0.00092390,0.01077738,-0.01287044,0.02407130,-0.02004517,-0.02497465
4.980000,0.31605280,0.00383570,1.20424682,0.37454036,1.50269109,0.13862062,-0.15153242,-0.02765297,-0.03173211,-0.10059828,0.03799725,-0.09970798,-0.00123929,0.01121557,-0.01339746,0.02532776,-0.02124266,-0.02664125
4.990000,0.31453741,0.00355974,1.20392882,0.37353566,1.50306998,0.13762218,-0.15154632,-0.02753883,-0.03186844,-0.10033916,0.03777922,-0.09998219,-0.00153778,0.01160351,-0.01385877,0.02647639,-0.02234686,-0.02817924
5.000000,0.31302186,0.00328494,1.20360943,0.37253361,1.50344663,0.13662093,-0.15156312,-0.02742106,-0.03200907,-0.10006910,0.03755062,-0.10027115,-0.00181939,0.01194221,-0.01425569,0.02751905,-0.02335920,-0.02959049
5.010000,0.31150614,0.00301133,1.20328862,0.37153431,1.50382096,0.13561672,-0.15158265,-0.02730015,-0.03215335,-0.09978913,0.03731234,-0.10057359,-0.00208445,0.01223303,-0.01459009,0.02845824,-0.02428175,-0.03087787
5.020000,0.30999020,0.00273894,1.20296636,0.37053786,1.50419285,0.13460942,-0.15160475,-0.02717656,-0.03230067,-0.09950027,0.03706527,-0.10088830,-0.00233326,0.01247734,-0.01486383,0.02929650,-0.02511657,-0.03204428
5.030000,0.30847403,0.00246781,1.20264260,0.36954433,1.50456224,0.13359891,-0.15162926,-0.02705075,-0.03245043,-0.09920353,0.03681029,-0.10121408,-0.00256614,0.01267650,-0.01507877,0.03003635,-0.02586573,-0.03309261
5.040000,0.30695761,0.00219794,1.20231734,0.36855381,1.50492903,0.13258510,-0.15165602,-0.02692317,-0.03260205,-0.09889986,0.03654824,-0.10154977,-0.00278342,0.01283187,-0.01523679,0.03068030,-0.02653129,-0.03402574
5.050000,0.30544091,0.00192935,1.20199056,0.36756636,1.50529318,0.13156789,-0.15168488,-0.02679426,-0.03275498,-0.09859023,0.03627994,-0.10189422,-0.00298540,0.01294482,-0.01533975,0.03123089,-0.02711534,-0.03484656
5.060000,0.30392390,0.00166205,1.20166224,0.36658202,1.50565462,0.13054719,-0.15171568,-0.02666441,-0.03290867,-0.09827555,0.03600620,-0.10224633,-0.00317239,0.01301670,-0.01538951,0.03169064,-0.02761993,-0.03555797
5.070000,0.30240659,0.00139606,1.20133238,0.36560086,1.50601329,0.12952294,-0.15174828,-0.02653405,-0.03306260,-0.09795671,0.03572780,-0.10260503,-0.00334473,0.01304889,-0.01538793,0.03206206,-0.02804713,-0.03616286
5.080000,0.30088893,0.00113137,1.20100099,0.36462290,1.50636916,0.12849507,-0.15178253,-0.02640356,-0.03321627,-0.09763459,0.03544550,-0.10296925,-0.00350272,0.01304275,-0.01533689,0.03234769,-0.02839901,-0.03666410
5.090000,0.29937093,0.00086799,1.20066806,0.36364817,1.50672219,0.12746354,-0.15181829,-0.02627332,-0.03336918,-0.09731004,0.03516006,-0.10333797,-0.00364668,0.01299963,-0.01523825,0.03255005,-0.02867763,-0.03706461
5.100000,0.29785256,0.00060590,1.20033361,0.36267670,1.50707235,0.12642830,-0.15185542,-0.02614369,-0.03352088,-0.09698386,0.03487219,-0.10371021,-0.00377692,0.01292091,-0.01509387,0.03267166,-0.02888507,-0.03736725
5.110000,0.29633382,0.00034511,1.19999765,0.36170850,1.50741963,0.12538933,-0.15189378,-0.02601502,-0.03367091,-0.09665686,0.03458259,-0.10408500,-0.00389377,0.01280794,-0.01490562,0.03271505,-0.02902340,-0.03757493
5.120000,0.29481468,0.00008560,1.19966020,0.36074357,1.50776400,0.12434660,-0.15193325,-0.02588764,-0.03381885,-0.09632981,0.03429194,-0.10446140,-0.00399753,0.01266209,-0.01467536,0.03268273,-0.02909468,-0.03769053
5.130000,0.29329515,-0.00017265,1.19932128,0.35978190,1.50810546,0.12330010,-0.15197369,-0.02576188,-0.03396428,-0.09600345,0.03400091,-0.10483851,-0.00408852,0.01248473,-0.01440496,0.03257724,-0.02910097,-0.03771694
5.140000,0.29177521,-0.00042964,1.19898092,0.35882349,1.50844402,0.12224983,-0.15201498,-0.02563805,-0.03410682,-0.09567850,0.03371013,-0.10521545,-0.00416706,0.01227721,-0.01409628,0.03240109,-0.02904435,-0.03765705
5.150000,0.29025485,-0.00068541,1.19863915,0.35786832,1.50877967,0.12119579,-0.15205699,-0.02551643,-0.03424609,-0.09535566,0.03342023,-0.10559138,-0.00423347,0.01204089,-0.01375119,0.03215680,-0.02892689,-0.03751375
5.160000,0.28873407,-0.00093998,1.19829601,0.35691637,1.50911243,0.12013800,-0.15209961,-0.02539732,-0.03438173,-0.09503559,0.03313179,-0.10596546,-0.00428805,0.01177715,-0.01337155,0.03184692,-0.02875065,-0.03728993
5.170000,0.28721285,-0.00119337,1.19795153,0.35596760,1.50944231,0.11907649,-0.15214271,-0.02528098,-0.03451341,-0.09471893,0.03284540,-0.10633692,-0.00433114,0.01148735,-0.01295923,0.03147394,-0.02851770,-0.03698848
5.180000,0.28569121,-0.00144561,1.19760576,0.35502198,1.50976934,0.11801128,-0.15218619,-0.02516766,-0.03464081,-0.09440631,0.03256162,-0.10670498,-0.00436303,0.01117285,-0.01251610,0.03104041,-0.02823010,-0.03661229
5.190000,0.28416913,-0.00169673,1.19725873,0.35407946,1.51009356,0.11694240,-0.15222994,-0.02505760,-0.03476364,-0.09409832,0.03228098,-0.10706892,-0.00438406,0.01083500,-0.01204401,0.03054884,-0.02788993,-0.03616426
5.200000,0.28264661,-0.00194677,1.19691050,0.35313999,1.51041498,0.11586992,-0.15227384,-0.02495103,-0.03488160,-0.09379552,0.03200399,-0.10742804,-0.00439453,0.01047519,-0.01154484,0.03000176,-0.02749926,-0.03564725
5.210000,0.28112365,-0.00219577,1.19656112,0.35220353,1.51073365,0.11479386,-0.15231779,-0.02484816,-0.03499445,-0.09349846,0.03173115,-0.10778165,-0.00439475,0.01009476,-0.01102045,0.02940168,-0.02706014,-0.03506418
5.220000,0.27960026,-0.00244375,1.19621063,0.35127000,1.51104962,0.11371430,-0.15236170,-0.02474920,-0.03510193,-0.09320765,0.03146294,-0.10812911,-0.00438506,0.00969508,-0.01047270,0.02875114,-0.02657466,-0.03441793
5.230000,0.27807642,-0.00269076,1.19585910,0.35033935,1.51136292,0.11263130,-0.15240546,-0.02465432,-0.03520383,-0.09292360,0.03119981,-0.10846981,-0.00436576,0.00927752,-0.00990346,0.02805266,-0.02604487,-0.03371138
5.240000,0.27655215,-0.00293685,1.19550657,0.34941151,1.51167363,0.11154493,-0.15244898,-0.02456370,-0.03529994,-0.09264675,0.03094219,-0.10880315,-0.00433716,0.00884344,-0.00931459,0.02730876,-0.02547284,-0.03294743
5.250000,0.27502744,-0.00318205,1.19515312,0.34848639,1.51198179,0.11045527,-0.15249218,-0.02447750,-0.03539006,-0.09237756,0.03069049,-0.10912857,-0.00429959,0.00839420,-0.00870797,0.02652196,-0.02486065,-0.03212896
5.260000,0.27350230,-0.00342642,1.19479879,0.34756393,1.51228746,0.10936239,-0.15253495,-0.02439586,-0.03547404,-0.09211645,0.03044510,-0.10944555,-0.00425336,0.00793116,-0.00808545,0.02569479,-0.02421036,-0.03125887
5.270000,0.27197674,-0.00366999,1.19444366,0.34664404,1.51259071,0.10826638,-0.15257722,-0.02431892,-0.03555173,-0.09186379,0.03020640,-0.10975359,-0.00419879,0.00745570,-0.00744890,0.02482977,-0.02352403,-0.03034005
5.280000,0.27045076,-0.00391281,1.19408778,0.34572663,1.51289161,0.10716735,-0.15261890,-0.02424679,-0.03562298,-0.09161997,0.02997473,-0.11005220,-0.00413618,0.00696916,-0.00680018,0.02392942,-0.02280374,-0.02937538
5.290000,0.26892437,-0.00415494,1.19373122,0.34481161,1.51319023,0.10606537,-0.15265991,-0.02417957,-0.03568770,-0.09138531,0.02975043,-0.11034095,-0.00406587,0.00647292,-0.00614116,0.02299627,-0.02205156,-0.02836775
5.300000,0.26739757,-0.00439642,1.19337405,0.34389889,1.51348665,0.10496056,-0.15270019,-0.02411736,-0.03574578,-0.09116014,0.02953380,-0.11061942,-0.00398816,0.00596834,-0.00547371,0.02203284,-0.02126954,-0.02732006
5.310000,0.26587037,-0.00463730,1.19301633,0.34298837,1.51378093,0.10385302,-0.15273965,-0.02406023,-0.03579715,-0.09094475,0.02932513,-0.11088723,-0.00390337,0.00545678,-0.00479969,0.02104166,-0.02045977,-0.02623520
5.320000,0.26434278,-0.00487764,1.19265813,0.34207996,1.51407318,0.10274285,-0.15277823,-0.02400824,-0.03584175,-0.09073940,0.02912469,-0.11114401,-0.00381181,0.00493961,-0.00412096,0.02002525,-0.01962430,-0.02511604
5.330000,0.26281481,-0.00511748,1.19229952,0.34117355,1.51436346,0.10163018,-0.15281587,-0.02396145,-0.03587956,-0.09054432,0.02893272,-0.11138945,-0.00371381,0.00441818,-0.00343940,0.01898613,-0.01876520,-0.02396549
5.340000,0.26128646,-0.00535689,1.19194056,0.34026904,1.51465186,0.10051510,-0.15285249,-0.02391989,-0.03591054,-0.09035974,0.02874946,-0.11162323,-0.00360967,0.00389387,-0.00275686,0.01792682,-0.01788455,-0.02278644
5.350000,0.25975776,-0.00559590,1.19158133,0.33936632,1.51493847,0.09939775,-0.15288804,-0.02388358,-0.03593470,-0.09018584,0.02857510,-0.11184509,-0.00349972,0.00336803,-0.00207521,0.01684986,-0.01698441,-0.02158176
5.360000,0.25822871,-0.00583458,1.19122189,0.33846528,1.51522339,0.09827824,-0.15292247,-0.02385253,-0.03595205,-0.09002279,0.02840983,-0.11205479,-0.00338427,0.00284203,-0.00139631,0.01575775,-0.01606684,-0.02035435
5.370000,0.25669931,-0.00607297,1.19086231,0.33756583,1.51550670,0.09715670,-0.15295571,-0.02382673,-0.03596264,-0.08987073,0.02825381,-0.11225211,-0.00326363,0.00231723,-0.00072204,0.01465303,-0.01513392,-0.01910711
5.380000,0.25516960,-0.00631113,1.19050266,0.33666783,1.51578850,0.09603324,-0.15298772,-0.02380617,-0.03596651,-0.08972977,0.02810719,-0.11243687,-0.00313813,0.00179500,-0.00005425,0.01353823,-0.01418772,-0.01784292
5.390000,0.25363956,-0.00654911,1.19014300,0.33577119,1.51606888,0.09490800,-0.15301846,-0.02379082,-0.03596375,-0.08959999,0.02797010,-0.11260892,-0.00300807,0.00127669,0.00060518,0.01241585,-0.01323029,-0.01656467
5.400000,0.25210923,-0.00678696,1.18978340,0.33487580,1.51634793,0.09378111,-0.15304787,-0.02378062,-0.03595445,-0.08948147,0.02784262,-0.11276813,-0.00287377,0.00076367,0.00125440,0.01128843,-0.01226372,-0.01527524
5.410000,0.25057861,-0.00702474,1.18942393,0.33398153,1.51662576,0.09265268,-0.15307592,-0.02377552,-0.03593870,-0.08937423,0.02772485,-0.11291440,-0.00273556,0.00025731,0.00189154,0.01015849,-0.01129006,-0.01397754
5.420000,0.24904772,-0.00726249,1.18906465,0.33308827,1.51690246,0.09152286,-0.15310257,-0.02377545,-0.03591666,-0.08927830,0.02761683,-0.11304766,-0.00259374,-0.00024103,0.00251474,0.00902856,-0.01031138,-0.01267444
5.430000,0.24751656,-0.00750026,1.18870562,0.33219592,1.51717813,0.09039177,-0.15312778,-0.02378031,-0.03588846,-0.08919365,0.02751863,-0.11316788,-0.00244863,-0.00072999,0.00312212,0.00790115,-0.00932976,-0.01136885
5.440000,0.24598517,-0.00773811,1.18834690,0.33130436,1.51745287,0.08925955,-0.15315153,-0.02379001,-0.03585428,-0.08912026,0.02743024,-0.11327504,-0.00230055,-0.00120821,0.00371182,0.00677879,-0.00834726,-0.01006364
5.450000,0.24445354,-0.00797608,1.18798855,0.33041348,1.51772677,0.08812632,-0.15317379,-0.02380444,-0.03581429,-0.08905805,0.02735168,-0.11336916,-0.00214981,-0.00167431,0.00428198,0.00566401,-0.00736595,-0.00876171
5.460000,0.24292170,-0.00821422,1.18763063,0.32952316,1.51799993,0.08699221,-0.15319452,-0.02382345,-0.03576871,-0.08900694,0.02728291,-0.11345029,-0.00199673,-0.00212695,0.00483074,0.00455932,-0.00638789,-0.00746595
5.470000,0.24138965,-0.00845256,1.18727320,0.32863331,1.51827246,0.08585735,-0.15321371,-0.02384693,-0.03571775,-0.08896682,0.02722390,-0.11351851,-0.00184163,-0.00256475,0.00535622,0.00346726,-0.00541515,-0.00617924
5.480000,0.23985743,-0.00869117,1.18691630,0.32774379,1.51854444,0.08472188,-0.15323135,-0.02387469,-0.03566167,-0.08893755,0.02717459,-0.11357392,-0.00168481,-0.00298636,0.00585657,0.00239034,-0.00444981,-0.00490448
5.490000,0.23832503,-0.00893007,1.18655998,0.32685452,1.51881598,0.08358592,-0.15324740,-0.02390659,-0.03560071,-0.08891896,0.02713488,-0.11361665,-0.00152661,-0.00339040,0.00632992,0.00133109,-0.00349392,-0.00364455
5.500000,0.23679248,-0.00916931,1.18620430,0.32596538,1.51908717,0.08244959,-0.15326188,-0.02394244,-0.03553517,-0.08891086,0.02710467,-0.11364687,-0.00136732,-0.00377552,0.00677439,0.00029203,-0.00254957,-0.00240235
5.510000,0.23525980,-0.00940893,1.18584929,0.32507627,1.51935811,0.08131302,-0.15327475,-0.02398204,-0.03546533,-0.08891304,0.02708384,-0.11366477,-0.00120728,-0.00414035,0.00718814,-0.00072431,-0.00161880,-0.00118077
5.520000,0.23372699,-0.00964897,1.18549500,0.32418708,1.51962888,0.08017634,-0.15328602,-0.02402517,-0.03539151,-0.08892526,0.02707224,-0.11367056,-0.00104679,-0.00448354,0.00756929,-0.00171542,-0.00070370,0.00001731
5.530000,0.23219408,-0.00988945,1.18514147,0.32329773,1.51989958,0.07903965,-0.15329568,-0.02407163,-0.03531406,-0.08894726,0.02706971,-0.11366451,-0.00088617,-0.00480370,0.00791597,-0.00267876,0.00019367,0.00118900
5.540000,0.23066109,-0.01013041,1.18478873,0.32240811,1.52017031,0.07790308,-0.15330374,-0.02412117,-0.03523331,-0.08897873,0.02707605,-0.11364688,-0.00072574,-0.00509949,0.00822633,-0.00361182,0.00107124,0.00233140
5.550000,0.22912801,-0.01037188,1.18443682,0.32151812,1.52044113,0.07676675,-0.15331020,-0.02417353,-0.03514966,-0.08901938,0.02709106,-0.11361799,-0.00056581,-0.00536954,0.00849849,-0.00451207,0.00192694,0.00344163
5.560000,0.22759489,-0.01061389,1.18408575,0.32062769,1.52071215,0.07563076,-0.15331506,-0.02422847,-0.03506348,-0.08906886,0.02711451,-0.11357816,-0.00040670,-0.00561248,0.00873060,-0.00537699,0.00275872,0.00451679
5.570000,0.22606172,-0.01085646,1.18373555,0.31973672,1.52098345,0.07449522,-0.15331834,-0.02428569,-0.03497518,-0.08912680,0.02714614,-0.11352778,-0.00024872,-0.00582696,0.00892078,-0.00620405,0.00356449,0.00555401
5.580000,0.22452853,-0.01109961,1.18338625,0.31884513,1.52125510,0.07336024,-0.15332004,-0.02434491,-0.03488521,-0.08919280,0.02718570,-0.11346722,-0.00009220,-0.00601160,0.00906718,-0.00699073,0.00434219,0.00655038
5.590000,0.22299532,-0.01134336,1.18303785,0.31795284,1.52152719,0.07222591,-0.15332019,-0.02440582,-0.03479399,-0.08926647,0.02723289,-0.11339692,0.00006256,-0.00616506,0.00916792,-0.00773450,0.00508976,0.00750302
5.600000,0.22146213,-0.01158773,1.18269037,0.31705977,1.52179979,0.07109233,-0.15331880,-0.02446810,-0.03470201,-0.08934734,0.02728739,-0.11331732,0.00021524,-0.00628595,0.00922115,-0.00843285,0.00580512,0.00840904
5.610000,0.21992895,-0.01183273,1.18234382,0.31616587,1.52207296,0.06995959,-0.15331589,-0.02453142,-0.03460974,-0.08943496,0.02734888,-0.11322890,0.00036552,-0.00637292,0.00922499,-0.00908325,0.00648620,0.00926555
5.620000,0.21839581,-0.01207836,1.18199818,0.31527105,1.52234679,0.06882778,-0.15331150,-0.02459544,-0.03451768,-0.08952884,0.02741699,-0.11313218,0.00051309,-0.00642472,0.00917774,-0.00968334,0.00713106,0.01006982
5.630000,0.21686273,-0.01232464,1.18165346,0.31437527,1.52262132,0.06769698,-0.15330564,-0.02465980,-0.03442635,-0.08962846,0.02749138,-0.11302768,0.00065780,-0.00644156,0.00907985,-0.01023281,0.00773924,0.01082132
5.640000,0.21532971,-0.01257156,1.18130965,0.31347847,1.52289663,0.06656725,-0.15329835,-0.02472416,-0.03433624,-0.08973333,0.02757166,-0.11291593,0.00079956,-0.00642469,0.00893328,-0.01073284,0.00831132,0.01152106
5.650000,0.21379676,-0.01281912,1.18096673,0.31258059,1.52317277,0.06543868,-0.15328966,-0.02478819,-0.03424784,-0.08984296,0.02765748,-0.11279743,0.00093832,-0.00637539,0.00874001,-0.01118465,0.00884793,0.01217008
5.660000,0.21226392,-0.01306732,1.18062468,0.31168159,1.52344980,0.06431132,-0.15327959,-0.02485156,-0.03416159,-0.08995687,0.02774850,-0.11267269,0.00107400,-0.00629491,0.00850204,-0.01158942,0.00934968,0.01276941
5.670000,0.21073118,-0.01331615,1.18028349,0.31078144,1.52372776,0.06318524,-0.15326819,-0.02491399,-0.03407794,-0.09007459,0.02784436,-0.11254220,0.00120654,-0.00618454,0.00822136,-0.01194836,0.00981720,0.01332011
5.680000,0.20919856,-0.01356559,1.17994311,0.30988009,1.52400670,0.06206050,-0.15325547,-0.02497516,-0.03399730,-0.09019569,0.02794473,-0.11240645,0.00133587,-0.00604555,0.00789996,-0.01226269,0.01025111,0.01382321
5.690000,0.20766607,-0.01381564,1.17960353,0.30897752,1.52428667,0.06093713,-0.15324148,-0.02503481,-0.03392007,-0.09031970,0.02804927,-0.11226589,0.00146192,-0.00587921,0.00753984,-0.01253359,0.01065202,0.01427976
5.700000,0.20613373,-0.01406628,1.17926470,0.30807369,1.52456770,0.05981519,-0.15322625,-0.02509266,-0.03384663,-0.09044622,0.02815766,-0.11212100,0.00158463,-0.00568678,0.00714297,-0.01276228,0.01102054,0.01469079
5.710000,0.20460155,-0.01431749,1.17892658,0.30716858,1.52484983,0.05869472,-0.15320980,-0.02514846,-0.03377733,-0.09057481,0.02826958,-0.11197223,0.00170393,-0.00546955,0.00671137,-0.01294996,0.01135731,0.01505735
5.720000,0.20306954,-0.01456924,1.17858914,0.30626219,1.52513310,0.05757576,-0.15319218,-0.02520197,-0.03371251,-0.09070508,0.02838471,-0.11182000,0.00181975,-0.00522879,0.00624701,-0.01309783,0.01166294,0.01538048
5.730000,0.20153771,-0.01482152,1.17825232,0.30535448,1.52541754,0.05645833,-0.15317342,-0.02525296,-0.03365249,-0.09083664,0.02850274,-0.11166476,0.00193203,-0.00496575,0.00575189,-0.01320710,0.01193805,0.01566121
5.740000,0.20000608,-0.01507429,1.17791607,0.30444545,1.52570317,0.05534247,-0.15315355,-0.02530121,-0.03359757,-0.09096910,0.02862337,-0.11150691,0.00204069,-0.00468173,0.00522799,-0.01327897,0.01218325,0.01590060
5.750000,0.19847464,-0.01532754,1.17758035,0.30353509,1.52599001,0.05422820,-0.15313262,-0.02534653,-0.03354802,-0.09110210,0.02874630,-0.11134688,0.00214568,-0.00437798,0.00467732,-0.01331465,0.01239916,0.01609969
5.760000,0.19694343,-0.01558122,1.17724509,0.30262341,1.52627810,0.05311554,-0.15311065,-0.02538871,-0.03350410,-0.09123528,0.02887126,-0.11118505,0.00224691,-0.00405579,0.00410186,-0.01331533,0.01258642,0.01625951
5.770000,0.19541243,-0.01583530,1.17691025,0.30171039,1.52656744,0.05200451,-0.15308769,-0.02542759,-0.03346606,-0.09136829,0.02899794,-0.11102182,0.00234433,-0.00371642,0.00350361,-0.01328223,0.01274562,0.01638110
5.780000,0.19388168,-0.01608976,1.17657575,0.30079604,1.52685806,0.05089511,-0.15306378,-0.02546299,-0.03343410,-0.09150081,0.02912608,-0.11085755,0.00243788,-0.00336114,0.00288455,-0.01321654,0.01287739,0.01646551
5.790000,0.19235116,-0.01634455,1.17624154,0.29988038,1.52714997,0.04978736,-0.15303895,-0.02549476,-0.03340843,-0.09163252,0.02925540,-0.11069263,0.00252747,-0.00299123,0.00224668,-0.01311947,0.01298236,0.01651379
5.800000,0.19082090,-0.01659964,1.17590756,0.29896340,1.52744317,0.04868126,-0.15301324,-0.02552277,-0.03338922,-0.09176310,0.02938564,-0.11052739,0.00261305,-0.00260795,0.00159199,-0.01299222,0.01306113,0.01652696
5.810000,0.18929090,-0.01685499,1.17557374,0.29804512,1.52773768,0.04757681,-0.15298670,-0.02554688,-0.03337664,-0.09189227,0.02951654,-0.11036220,0.00269454,-0.00221259,0.00092246,-0.01283600,0.01311433,0.01650608
5.820000,0.18776117,-0.01711056,1.17524001,0.29712556,1.52803351,0.04647401,-0.15295936,-0.02556698,-0.03337082,-0.09201973,0.02964784,-0.11019738,0.00277188,-0.00180640,0.00024010,-0.01265201,0.01314258,0.01645218
5.830000,0.18623171,-0.01736632,1.17490630,0.29620473,1.52833064,0.04537286,-0.15293128,-0.02558298,-0.03337187,-0.09214522,0.02977931,-0.11003326,0.00284501,-0.00139067,-0.00045311,-0.01244146,0.01314650,0.01636631
5.840000,0.18470255,-0.01762221,1.17457255,0.29528266,1.52862909,0.04427334,-0.15290248,-0.02559477,-0.03337991,-0.09226847,0.02991069,-0.10987016,0.00291385,-0.00096666,-0.00115518,-0.01220554,0.01312669,0.01624951
5.850000,0.18317367,-0.01787820,1.17423868,0.29435937,1.52892885,0.04317545,-0.15287301,-0.02560229,-0.03339500,-0.09238925,0.03004176,-0.10970837,0.00297834,-0.00053565,-0.00186411,-0.01194547,0.01308379,0.01610281
5.860000,0.18164509,-0.01813424,1.17390462,0.29343488,1.52922992,0.04207917,-0.15284293,-0.02560546,-0.03341721,-0.09250731,0.03017229,-0.10954820,0.00303841,-0.00009891,-0.00257791,-0.01166245,0.01301841,0.01592726
5.870000,0.18011681,-0.01839029,1.17357031,0.29250923,1.52953230,0.04098448,-0.15281226,-0.02560425,-0.03344657,-0.09262243,0.03030206,-0.10938992,0.00309399,0.00034230,-0.00329460,-0.01135767,0.01293117,0.01572391
5.880000,0.17858884,-0.01864631,1.17323567,0.29158245,1.52983596,0.03989137,-0.15278106,-0.02559861,-0.03348310,-0.09273439,0.03043084,-0.10923381,0.00314502,0.00078669,-0.00401218,-0.01103235,0.01282270,0.01549379
5.890000,0.17706119,-0.01890225,1.17290062,0.29065456,1.53014091,0.03879980,-0.15274937,-0.02558851,-0.03352681,-0.09284301,0.03055844,-0.10908013,0.00319143,0.00123300,-0.00472865,-0.01068768,0.01269359,0.01523795
5.900000,0.17553386,-0.01915806,1.17256511,0.28972560,1.53044713,0.03770975,-0.15271725,-0.02557394,-0.03357766,-0.09294809,0.03068465,-0.10892913,0.00323315,0.00167995,-0.00544204,-0.01032488,0.01254449,0.01495742
5.910000,0.17400685,-0.01941371,1.17222905,0.28879561,1.53075460,0.03662121,-0.15268473,-0.02555491,-0.03363563,-0.09304945,0.03080927,-0.10878106,0.00327012,0.00212628,-0.00615034,-0.00994514,0.01237600,0.01465325
5.920000,0.17248016,-0.01966915,1.17189237,0.28786462,1.53106331,0.03553412,-0.15265186,-0.02553143,-0.03370065,-0.09314694,0.03093211,-0.10863614,0.00330226,0.00257071,-0.00685156,-0.00954967,0.01218874,0.01432648
5.930000,0.17095381,-0.01992433,1.17155501,0.28693268,1.53137323,0.03444847,-0.15261870,-0.02550351,-0.03377263,-0.09324039,0.03105298,-0.10849460,0.00332952,0.00301197,-0.00754372,-0.00913968,0.01198334,0.01397815
5.940000,0.16942779,-0.02017920,1.17121689,0.28599983,1.53168436,0.03336422,-0.15258529,-0.02547120,-0.03385148,-0.09332968,0.03117172,-0.10835665,0.00335182,0.00344879,-0.00822482,-0.00871636,0.01176041,0.01360930
5.950000,0.16790211,-0.02043374,1.17087796,0.28506610,1.53199666,0.03228133,-0.15255168,-0.02543455,-0.03393709,-0.09341468,0.03128813,-0.10822248,0.00336909,0.00387990,-0.00889287,-0.00828092,0.01152057,0.01322098
5.960000,0.16637676,-0.02068788,1.17053813,0.28413155,1.53231011,0.03119976,-0.15251792,-0.02539363,-0.03402929,-0.09349527,0.03140207,-0.10809229,0.00338127,0.00430402,-0.00954588,-0.00783456,0.01126443,0.01281423
5.970000,0.16485175,-0.02094159,1.17019735,0.28319621,1.53262469,0.03011947,-0.15248407,-0.02534850,-0.03412795,-0.09357134,0.03151337,-0.10796626,0.00338829,0.00471988,-0.01018185,-0.00737850,0.01099263,0.01239008
5.980000,0.16332708,-0.02119484,1.16985555,0.28226014,1.53294037,0.02904042,-0.15245017,-0.02529926,-0.03423287,-0.09364281,0.03162188,-0.10784454,0.00339009,0.00512622,-0.01079881,-0.00691392,0.01070577,0.01194958
5.990000,0.16180274,-0.02144757,1.16951267,0.28132337,1.53325712,0.02796256,-0.15241629,-0.02524601,-0.03434385,-0.09370959,0.03172744,-0.10772732,0.00338660,0.00552175,-0.01139474,-0.00644204,0.01040448,0.01149377
6.000000,0.16027875,-0.02169974,1.16916865,0.28038596,1.53357491,0.02688585,-0.15238246,-0.02518887,-0.03446068,-0.09377163,0.03182992,-0.10761472,0.00337774,0.00590522,-0.01196767,-0.00596406,0.01008937,0.01102369
6.010000,0.15875510,-0.02195133,1.16882344,0.27944796,1.53389371,0.02581025,-0.15234875,-0.02512795,-0.03458312,-0.09382886,0.03192918,-0.10750689,0.00336346,0.00627534,-0.01251561,-0.00548119,0.00976106,0.01054039
6.020000,0.15723178,-0.02220229,1.16847697,0.27850940,1.53421348,0.02473570,-0.15231521,-0.02506341,-0.03471091,-0.09388124,0.03202510,-0.10740395,0.00334368,0.00663084,-0.01303655,-0.00499462,0.00942018,0.01004490
6.030000,0.15570879,-0.02245259,1.16812921,0.27757035,1.53453420,0.02366215,-0.15228189,-0.02499539,-0.03484376,-0.09392874,0.03211755,-0.10730602,0.00331834,0.00697046,-0.01352851,-0.00450556,0.00906734,0.00953827
6.040000,0.15418614,-0.02270219,1.16778008,0.27663084,1.53485582,0.02258956,-0.15224886,-0.02492406,-0.03498137,-0.09397135,0.03220641,-0.10721322,0.00328737,0.00729292,-0.01398950,-0.00401521,0.00870315,0.00902154
6.050000,0.15266381,-0.02295106,1.16742956,0.27569094,1.53517831,0.02151787,-0.15221617,-0.02484959,-0.03512344,-0.09400905,0.03229157,-0.10712562,0.00325070,0.00759694,-0.01441753,-0.00352479,0.00832824,0.00849574
6.060000,0.15114181,-0.02319917,1.16707760,0.27475068,1.53550164,0.02044703,-0.15218387,-0.02477218,-0.03526961,-0.09404185,0.03237294,-0.10704333,0.00320827,0.00788127,-0.01481060,-0.00303549,0.00794323,0.00796193
6.070000,0.14962013,-0.02344649,1.16672416,0.27381012,1.53582576,0.01937699,-0.15215202,-0.02469203,-0.03541953,-0.09406976,0.03245041,-0.10696641,0.00316002,0.00814462,-0.01516672,-0.00254851,0.00754874,0.00742114
6.080000,0.14809877,-0.02369300,1.16636920,0.27286930,1.53615063,0.01830769,-0.15212069,-0.02460936,-0.03557281,-0.09409283,0.03252388,-0.10689493,0.00310586,0.00838573,-0.01548391,-0.00206506,0.00714538,0.00687441
6.090000,0.14657772,-0.02393867,1.16601269,0.27192827,1.53647622,0.01723907,-0.15208992,-0.02452440,-0.03572907,-0.09411108,0.03259329,-0.10682894,0.00304573,0.00860332,-0.01576016,-0.00158635,0.00673377,0.00632279
6.100000,0.14505697,-0.02418348,1.16565461,0.27098709,1.53680249,0.01617109,-0.15205979,-0.02443738,-0.03588787,-0.09412458,0.03265853,-0.10676848,0.00297958,0.00879612,-0.01599350,-0.00111357,0.00631453,0.00576732
6.110000,0.14353652,-0.02442741,1.16529493,0.27004580,1.53712938,0.01510368,-0.15203035,-0.02434856,-0.03604879,-0.09413338,0.03271955,-0.10671360,0.00290732,0.00896286,-0.01618192,-0.00064794,0.00588829,0.00520904
6.120000,0.14201636,-0.02467045,1.16493363,0.26910444,1.53745686,0.01403680,-0.15200166,-0.02425821,-0.03621135,-0.09413756,0.03277628,-0.10666431,0.00282890,0.00910226,-0.01632344,-0.00019065,0.00545565,0.00464898
6.130000,0.14049648,-0.02491257,1.16457070,0.26816306,1.53778489,0.01297038,-0.15197379,-0.02416661,-0.03637509,-0.09413722,0.03282865,-0.10662062,0.00274425,0.00921306,-0.01641607,0.00025709,0.00501724,0.00408820
6.140000,0.13897688,-0.02515378,1.16420612,0.26722171,1.53811342,0.01190437,-0.15194680,-0.02407405,-0.03653951,-0.09413246,0.03287661,-0.10658254,0.00265329,0.00929399,-0.01645780,0.00069408,0.00457368,0.00352774
6.150000,0.13745754,-0.02539405,1.16383991,0.26628043,1.53844241,0.01083871,-0.15192075,-0.02398084,-0.03670407,-0.09412338,0.03292011,-0.10655006,0.00255596,0.00934377,-0.01644666,0.00111911,0.00412558,0.00296862
6.160000,0.13593846,-0.02563339,1.16347204,0.26533926,1.53877181,0.00977335,-0.15189570,-0.02388728,-0.03686826,-0.09411012,0.03295910,-0.10652316,0.00245220,0.00936113,-0.01638065,0.00153098,0.00367357,0.00241191
6.170000,0.13441963,-0.02587180,1.16310254,0.26439824,1.53910158,0.00870823,-0.15187173,-0.02379373,-0.03703150,-0.09409281,0.03299357,-0.10650181,0.00234194,0.00934480,-0.01625778,0.00192849,0.00321826,0.00185863
6.180000,0.13290102,-0.02610927,1.16273142,0.26345741,1.53943166,0.00764329,-0.15184889,-0.02370051,-0.03719322,-0.09407160,0.03302346,-0.10648598,0.00222510,0.00929350,-0.01607606,0.00231043,0.00276027,0.00130983
6.190000,0.13138264,-0.02634581,1.16235869,0.26251682,1.53976203,0.00657849,-0.15182725,-0.02360798,-0.03735281,-0.09404665,0.03304876,-0.10647560,0.00210163,0.00920597,-0.01583349,0.00267560,0.00230022,0.00076655
6.200000,0.12986448,-0.02658143,1.16198437,0.26157649,1.54009262,0.00551376,-0.15180688,-0.02351651,-0.03750968,-0.09401815,0.03306946,-0.10647062,0.00197145,0.00908094,-0.01552809,0.00302279,0.00183873,0.00022984
6.210000,0.12834650,-0.02681615,1.16160850,0.26063647,1.54042340,0.00444906,-0.15178784,-0.02342649,-0.03766316,-0.09398626,0.03308554,-0.10647098,0.00183450,0.00891712,-0.01515786,0.00335080,0.00137642,-0.00029927
6.220000,0.12682871,-0.02704997,1.16123112,0.25969678,1.54075432,0.00338433,-0.15177021,-0.02333830,-0.03781261,-0.09395120,0.03309699,-0.10647658,0.00169071,0.00871326,-0.01472082,0.00365843,0.00091391,-0.00081973
6.230000,0.12531109,-0.02728292,1.16085227,0.25875745,1.54108533,0.00231951,-0.15175405,-0.02325236,-0.03795735,-0.09391317,0.03310382,-0.10648734,0.00154002,0.00846808,-0.01421496,0.00394448,0.00045181,-0.00133051
6.240000,0.12379363,-0.02751502,1.16047199,0.25781852,1.54141638,0.00125456,-0.15173943,-0.02316908,-0.03809667,-0.09387239,0.03310603,-0.10650315,0.00138235,0.00818030,-0.01363831,0.00420773,-0.00000925,-0.00183056
6.250000,0.12227630,-0.02774631,1.16009036,0.25688001,1.54174743,0.00018943,-0.15172643,-0.02308890,-0.03822987,-0.09382909,0.03310364,-0.10652391,0.00121764,0.00784866,-0.01298886,0.00444699,-0.00046867,-0.00231884
6.260000,0.12075909,-0.02797681,1.15970742,0.25594195,1.54207844,-0.00087593,-0.15171510,-0.02301226,-0.03835621,-0.09378353,0.03309666,-0.10654949,0.00104598,0.00747281,-0.01226617,0.00466156,-0.00092585,-0.00279456
6.270000,0.11924199,-0.02820657,1.15932326,0.25500435,1.54240935,-0.00194157,-0.15170553,-0.02293959,-0.03847496,-0.09373594,0.03308513,-0.10657976,0.00086776,0.00705454,-0.01147331,0.00485195,-0.00138033,-0.00325756
6.280000,0.11772498,-0.02843562,1.15893795,0.25406724,1.54274013,-0.00300754,-0.15169777,-0.02287130,-0.03858545,-0.09368657,0.03306907,-0.10661460,0.00068347,0.00659593,-0.01061386,0.00501882,-0.00183166,-0.00370771
6.290000,0.11620803,-0.02866401,1.15855158,0.25313062,1.54307072,-0.00407388,-0.15169188,-0.02280779,-0.03868703,-0.09363564,0.03304851,-0.10665387,0.00049356,0.00609907,-0.00969138,0.00516282,-0.00227936,-0.00414493
6.300000,0.11469113,-0.02889179,1.15816424,0.25219453,1.54340108,-0.00514063,-0.15168791,-0.02274944,-0.03877908,-0.09358339,0.03302349,-0.10669745,0.00029850,0.00556605,-0.00870945,0.00528463,-0.00272299,-0.00456911
6.310000,0.11317427,-0.02911902,1.15777603,0.25125896,1.54373117,-0.00620784,-0.15168592,-0.02269659,-0.03886103,-0.09353002,0.03299406,-0.10674521,0.00009875,0.00499895,-0.00767165,0.00538490,-0.00316208,-0.00498015
6.320000,0.11165741,-0.02934574,1.15738705,0.25032393,1.54406095,-0.00727555,-0.15168595,-0.02264957,-0.03893234,-0.09347576,0.03296027,-0.10679701,-0.00010522,0.00439986,-0.00658155,0.00546430,-0.00359617,-0.00537796
6.330000,0.11014054,-0.02957203,1.15699742,0.24938945,1.54439036,-0.00834380,-0.15168804,-0.02260869,-0.03899250,-0.09342080,0.03292216,-0.10685272,-0.00031296,0.00377086,-0.00544273,0.00552349,-0.00402481,-0.00576243
6.340000,0.10862364,-0.02979794,1.15660724,0.24845552,1.54471938,-0.00941262,-0.15169222,-0.02257424,-0.03904104,-0.09336535,0.03287979,-0.10691221,-0.00052398,0.00311405,-0.00425875,0.00556314,-0.00444754,-0.00613347
6.350000,0.10710669,-0.03002354,1.15621664,0.24752214,1.54504795,-0.01048205,-0.15169853,-0.02254649,-0.03907754,-0.09330960,0.03283323,-0.10697535,-0.00073783,0.00243151,-0.00303320,0.00558390,-0.00486390,-0.00649097
6.360000,0.10558966,-0.03024889,1.15582573,0.24658932,1.54537603,-0.01155214,-0.15170699,-0.02252569,-0.03910158,-0.09325374,0.03278253,-0.10704199,-0.00095406,0.00172532,-0.00176965,0.00558644,-0.00527342,-0.00683483
6.370000,0.10407254,-0.03047408,1.15543465,0.24565707,1.54570358,-0.01262290,-0.15171762,-0.02251206,-0.03911281,-0.09319793,0.03272778,-0.10711200,-0.00117218,0.00099758,-0.00047168,0.00557142,-0.00567566,-0.00716496
6.380000,0.10255530,-0.03069916,1.15504352,0.24472537,1.54603057,-0.01369439,-0.15173044,-0.02250580,-0.03911091,-0.09314236,0.03266905,-0.10718524,-0.00139174,0.00025036,0.00085715,0.00553952,-0.00607014,-0.00748125
6.390000,0.10103793,-0.03092422,1.15465248,0.24379422,1.54635695,-0.01476662,-0.15174545,-0.02250711,-0.03909558,-0.09308720,0.03260641,-0.10726158,-0.00161227,-0.00051423,0.00221325,0.00549138,-0.00645642,-0.00778360
6.400000,0.09952039,-0.03114933,1.15426165,0.24286362,1.54668269,-0.01583963,-0.15176268,-0.02251614,-0.03906657,-0.09303259,0.03253995,-0.10734087,-0.00183331,-0.00129413,0.00359306,0.00542767,-0.00683403,-0.00807192
6.410000,0.09800266,-0.03137457,1.15387119,0.24193356,1.54700774,-0.01691345,-0.15178212,-0.02253304,-0.03902365,-0.09297869,0.03246976,-0.10742297,-0.00205439,-0.00208724,0.00499299,0.00534906,-0.00720252,-0.00834610
6.420000,0.09648474,-0.03160001,1.15348123,0.24100404,1.54733207,-0.01798810,-0.15180377,-0.02255792,-0.03896665,-0.09292565,0.03239593,-0.10750774,-0.00227506,-0.00289147,0.00640948,0.00525620,-0.00756142,-0.00860604
6.430000,0.09496658,-0.03182575,1.15309191,0.24007505,1.54765564,-0.01906361,-0.15182762,-0.02259090,-0.03889542,-0.09287361,0.03231856,-0.10759504,-0.00249484,-0.00370474,0.00783895,0.00514977,-0.00791027,-0.00885165
6.440000,0.09344818,-0.03205186,1.15270337,0.23914657,1.54797843,-0.02014001,-0.15185366,-0.02263204,-0.03880984,-0.09282270,0.03223776,-0.10768473,-0.00271327,-0.00452495,0.00927782,0.00503043,-0.00824863,-0.00908282
6.450000,0.09192950,-0.03227842,1.15231576,0.23821859,1.54830039,-0.02121731,-0.15188188,-0.02268141,-0.03870984,-0.09277305,0.03215363,-0.10777665,-0.00292989,-0.00535004,0.01072253,0.00489883,-0.00857602,-0.00929946
6.460000,0.09041053,-0.03250551,1.15192922,0.23729110,1.54862149,-0.02229555,-0.15191225,-0.02273905,-0.03859538,-0.09272476,0.03206628,-0.10787067,-0.00314423,-0.00617790,0.01216948,0.00475564,-0.00889199,-0.00950146
6.470000,0.08889125,-0.03273323,1.15154390,0.23636409,1.54894170,-0.02337473,-0.15194475,-0.02280497,-0.03846646,-0.09267797,0.03197583,-0.10796663,-0.00335583,-0.00700645,0.01361512,0.00460152,-0.00919609,-0.00968872
6.480000,0.08737163,-0.03296164,1.15115994,0.23543754,1.54926100,-0.02445489,-0.15197936,-0.02287917,-0.03832310,-0.09263277,0.03188240,-0.10806439,-0.00356422,-0.00783361,0.01505587,0.00443714,-0.00948784,-0.00986115
6.490000,0.08585165,-0.03319084,1.15077748,0.23451143,1.54957934,-0.02553602,-0.15201603,-0.02296163,-0.03816537,-0.09258926,0.03178611,-0.10816380,-0.00376894,-0.00865728,0.01648814,0.00426317,-0.00976680,-0.01001864
6.500000,0.08433130,-0.03342090,1.15039668,0.23358575,1.54989671,-0.02661817,-0.15205472,-0.02305230,-0.03799337,-0.09254753,0.03168710,-0.10826471,-0.00396953,-0.00947538,0.01790838,0.00408025,-0.01003251,-0.01016109
6.510000,0.08281055,-0.03365191,1.15001766,0.23266047,1.55021308,-0.02770132,-0.15209540,-0.02315111,-0.03780725,-0.09250768,0.03158551,-0.10836697,-0.00416552,-0.01028583,0.01931300,0.00388906,-0.01028449,-0.01028841
6.520000,0.08128939,-0.03388395,1.14964058,0.23173559,1.55052841,-0.02878551,-0.15213802,-0.02325799,-0.03760718,-0.09246978,0.03148146,-0.10847043,-0.00435644,-0.01108654,0.02069842,0.00369026,-0.01052231,-0.01040049
6.530000,0.07976779,-0.03411710,1.14926557,0.23081107,1.55084270,-0.02987074,-0.15218251,-0.02337281,-0.03739336,-0.09243390,0.03137511,-0.10857493,-0.00454184,-0.01187542,0.02206108,0.00348451,-0.01074549,-0.01049723
6.540000,0.07824573,-0.03435143,1.14889276,0.22988690,1.55115591,-0.03095701,-0.15222883,-0.02349545,-0.03716604,-0.09240011,0.03126660,-0.10868032,-0.00472124,-0.01265038,0.02339740,0.00327248,-0.01095358,-0.01057854
6.550000,0.07672320,-0.03458703,1.14852229,0.22896306,1.55146802,-0.03204434,-0.15227692,-0.02362576,-0.03692551,-0.09236847,0.03115609,-0.10878645,-0.00489419,-0.01340934,0.02470381,0.00305482,-0.01114612,-0.01064431
6.560000,0.07520019,-0.03482397,1.14815429,0.22803952,1.55177902,-0.03313274,-0.15232669,-0.02376357,-0.03667208,-0.09233903,0.03104373,-0.10889316,-0.00506022,-0.01415021,0.02597672,0.00283221,-0.01132265,-0.01069445
6.570000,0.07367667,-0.03506233,1.14778889,0.22711627,1.55208889,-0.03422221,-0.15237809,-0.02390870,-0.03640610,-0.09231184,0.03092969,-0.10900029,-0.00521887,-0.01487090,0.02721257,0.00260530,-0.01148271,-0.01072885
6.580000,0.07215262,-0.03530217,1.14742621,0.22619328,1.55239761,-0.03531275,-0.15243104,-0.02406092,-0.03612796,-0.09228693,0.03081414,-0.10910768,-0.00536966,-0.01556934,0.02840778,0.00237475,-0.01162584,-0.01074741
6.590000,0.07062804,-0.03554357,1.14706637,0.22527053,1.55270517,-0.03640436,-0.15248546,-0.02422000,-0.03583809,-0.09226435,0.03069723,-0.10921518,-0.00551214,-0.01624342,0.02955878,0.00214124,-0.01175159,-0.01075004
6.600000,0.06910291,-0.03578659,1.14670948,0.22434798,1.55301155,-0.03749705,-0.15254126,-0.02438570,-0.03553695,-0.09224412,0.03057916,-0.10932263,-0.00564584,-0.01689107,0.03066199,0.00190542,-0.01185950,-0.01073663
6.610000,0.06757721,-0.03603131,1.14635567,0.22342563,1.55331675,-0.03859082,-0.15259835,-0.02455773,-0.03522502,-0.09222625,0.03046010,-0.10942986,-0.00577031,-0.01751019,0.03171384,0.00166795,-0.01194910,-0.01070708
6.620000,0.06605094,-0.03627777,1.14600502,0.22250345,1.55362075,-0.03968565,-0.15265663,-0.02473580,-0.03490285,-0.09221076,0.03034024,-0.10953672,-0.00588506,-0.01809871,0.03271075,0.00142951,-0.01201993,-0.01066130
6.630000,0.06452407,-0.03652604,1.14565764,0.22158141,1.55392355,-0.04078155,-0.15271601,-0.02491959,-0.03457100,-0.09219766,0.03021977,-0.10964303,-0.00598964,-0.01865453,0.03364915,0.00119075,-0.01207155,-0.01059918
6.640000,0.06299661,-0.03677618,1.14531363,0.22065949,1.55422515,-0.04187851,-0.15277639,-0.02510877,-0.03423008,-0.09218695,0.03009888,-0.10974865,-0.00608359,-0.01917558,0.03452547,0.00095233,-0.01210348,-0.01052063
6.650000,0.06146854,-0.03702823,1.14497307,0.21973766,1.55452553,-0.04297652,-0.15283765,-0.02530298,-0.03388071,-0.09217861,0.02997777,-0.10985339,-0.00616644,-0.01965975,0.03533612,0.00071492,-0.01211527,-0.01042554
6.660000,0.05993986,-0.03728225,1.14463604,0.21881591,1.55482470,-0.04407557,-0.15289968,-0.02550184,-0.03352359,-0.09217264,0.02985664,-0.10995710,-0.00623773,-0.02010496,0.03607754,0.00047919,-0.01210647,-0.01031381
6.670000,0.05841055,-0.03753828,1.14430262,0.21789420,1.55512266,-0.04517566,-0.15296236,-0.02570495,-0.03315941,-0.09216902,0.02973571,-0.11005961,-0.00629698,-0.02050914,0.03674615,0.00024578,-0.01207661,-0.01018535
6.680000,0.05688061,-0.03779636,1.14397287,0.21697252,1.55541942,-0.04627676,-0.15302558,-0.02591188,-0.03278892,-0.09216772,0.02961518,-0.11016075,-0.00634375,-0.02087018,0.03733838,0.00001538,-0.01202523,-0.01004005
6.690000,0.05535003,-0.03805653,1.14364686,0.21605084,1.55571497,-0.04737887,-0.15308919,-0.02612220,-0.03241290,-0.09216870,0.02949528,-0.11026036,-0.00637756,-0.02118601,0.03785064,-0.00021136,-0.01195187,-0.00987781
6.700000,0.05381882,-0.03831882,1.14332463,0.21512914,1.55600932,-0.04848196,-0.15315308,-0.02633544,-0.03203218,-0.09217193,0.02937622,-0.11035825,-0.00639794,-0.02145454,0.03827938,-0.00043378,-0.01185609,-0.00969854
6.710000,0.05228697,-0.03858325,1.14300623,0.21420740,1.55630250,-0.04958602,-0.15321711,-0.02655112,-0.03164761,-0.09217736,0.02925823,-0.11045427,-0.00640445,-0.02167368,0.03862101,-0.00065122,-0.01173740,-0.00950213
6.720000,0.05075448,-0.03884985,1.14269169,0.21328559,1.55659449,-0.05069104,-0.15328112,-0.02676874,-0.03126007,-0.09218493,0.02914155,-0.11054824,-0.00639660,-0.02184135,0.03887195,-0.00086300,-0.01159537,-0.00928848
6.730000,0.04922135,-0.03911863,1.14238103,0.21236369,1.55688533,-0.05179698,-0.15334499,-0.02698777,-0.03087048,-0.09219460,0.02902640,-0.11063998,-0.00637394,-0.02195545,0.03902864,-0.00106847,-0.01142953,-0.00905750
6.740000,0.04768758,-0.03938961,1.14207428,0.21144169,1.55717503,-0.05290383,-0.15340855,-0.02720767,-0.03047982,-0.09220628,0.02891304,-0.11072933,-0.00633600,-0.02201391,0.03908750,-0.00126697,-0.01123941,-0.00880908
6.750000,0.04615318,-0.03966278,1.14177144,0.21051956,1.55746360,-0.05401156,-0.15347166,-0.02742786,-0.03008907,-0.09221991,0.02880170,-0.11081611,-0.00628231,-0.02201462,0.03904495,-0.00145782,-0.01102457,-0.00854313
6.760000,0.04461815,-0.03993816,1.14147250,0.20959728,1.55775107,-0.05512014,-0.15353414,-0.02764776,-0.02969927,-0.09223541,0.02869263,-0.11090013,-0.00621242,-0.02195552,0.03889742,-0.00164038,-0.01078454,-0.00825954
6.770000,0.04308250,-0.04021574,1.14117745,0.20867484,1.55803746,-0.05622955,-0.15359585,-0.02786676,-0.02931148,-0.09225269,0.02858609,-0.11098124,-0.00612586,-0.02183451,0.03864134,-0.00181396,-0.01051886,-0.00795821
6.780000,0.04154624,-0.04049549,1.14088626,0.20775222,1.55832280,-0.05733976,-0.15365661,-0.02808424,-0.02892682,-0.09227166,0.02848234,-0.11105924,-0.00602217,-0.02164951,0.03827313,-0.00197793,-0.01022708,-0.00763905
6.790000,0.04000937,-0.04077741,1.14059890,0.20682941,1.55860712,-0.05845073,-0.15371624,-0.02829953,-0.02854641,-0.09229221,0.02838164,-0.11113396,-0.00590087,-0.02139842,0.03778921,-0.00213159,-0.00990873,-0.00730195
6.800000,0.03847192,-0.04106147,1.14031531,0.20590637,1.55889044,-0.05956243,-0.15377456,-0.02851198,-0.02817143,-0.09231425,0.02828426,-0.11120522,-0.00576151,-0.02107916,0.03718602,-0.00227431,-0.00956336,-0.00694681
6.810000,0.03693389,-0.04134764,1.14003544,0.20498312,1.55917281,-0.06067482,-0.15383140,-0.02872088,-0.02780310,-0.09233766,0.02819046,-0.11127283,-0.00560362,-0.02068965,0.03645998,-0.00240541,-0.00919051,-0.00657354
6.820000,0.03539529,-0.04163588,1.13975922,0.20405962,1.55945427,-0.06178787,-0.15388657,-0.02892553,-0.02744265,-0.09236232,0.02810054,-0.11133663,-0.00542674,-0.02022780,0.03560750,-0.00252423,-0.00878971,-0.00618203
6.830000,0.03385616,-0.04192613,1.13948656,0.20313587,1.55973484,-0.06290154,-0.15393987,-0.02912519,-0.02709138,-0.09238810,0.02801476,-0.11139641,-0.00523040,-0.01969152,0.03462503,-0.00263010,-0.00836052,-0.00577219
6.840000,0.03231650,-0.04221836,1.13921736,0.20221185,1.56001458,-0.06401578,-0.15399111,-0.02931911,-0.02675060,-0.09241488,0.02793343,-0.11145201,-0.00501414,-0.01907872,0.03350898,-0.00272237,-0.00790246,-0.00534390
6.850000,0.03077635,-0.04251250,1.13895151,0.20128757,1.56029352,-0.06513056,-0.15404009,-0.02950650,-0.02642166,-0.09244250,0.02785681,-0.11150323,-0.00477750,-0.01838733,0.03225578,-0.00280037,-0.00741509,-0.00489709
6.860000,0.02923571,-0.04280847,1.13868888,0.20036300,1.56057173,-0.06624583,-0.15408659,-0.02968658,-0.02610595,-0.09247083,0.02778522,-0.11154989,-0.00452000,-0.01761524,0.03086185,-0.00286344,-0.00689794,-0.00443163
6.870000,0.02769462,-0.04310620,1.13842934,0.19943815,1.56084925,-0.06736155,-0.15413042,-0.02985853,-0.02580490,-0.09249972,0.02771895,-0.11159180,-0.00424119,-0.01676038,0.02932362,-0.00291091,-0.00635056,-0.00394744
6.880000,0.02615311,-0.04340561,1.13817273,0.19851300,1.56112613,-0.06847765,-0.15417134,-0.03002151,-0.02551997,-0.09252900,0.02765831,-0.11162877,-0.00394060,-0.01582066,0.02763752,-0.00294212,-0.00577248,-0.00344442
6.890000,0.02461121,-0.04370660,1.13791888,0.19758757,1.56140243,-0.06959410,-0.15420916,-0.03017466,-0.02525265,-0.09255850,0.02760361,-0.11166063,-0.00361789,-0.01479443,0.02580074,-0.00295650,-0.00516340,-0.00292255
6.900000,0.02306894,-0.04400907,1.13766761,0.19666183,1.56167822,-0.07071085,-0.15424363,-0.03031712,-0.02500445,-0.09258807,0.02755515,-0.11168717,-0.00327374,-0.01368398,0.02381729,-0.00295427,-0.00452441,-0.00238272
6.910000,0.02152635,-0.04431290,1.13741873,0.19573581,1.56195356,-0.07182783,-0.15427456,-0.03044807,-0.02477677,-0.09261754,0.02751321,-0.11170822,-0.00290939,-0.01249369,0.02169483,-0.00293607,-0.00385734,-0.00182624
6.920000,0.01998346,-0.04461799,1.13717201,0.19480948,1.56222851,-0.07294499,-0.15430176,-0.03056674,-0.02457099,-0.09264674,0.02747809,-0.11172364,-0.00252610,-0.01122794,0.01944102,-0.00290255,-0.00316401,-0.00125445
6.930000,0.01844032,-0.04492419,1.13692723,0.19388287,1.56250314,-0.07406228,-0.15432503,-0.03067239,-0.02438836,-0.09267554,0.02745002,-0.11173327,-0.00212512,-0.00989112,0.01706354,-0.00285435,-0.00244625,-0.00066869
6.940000,0.01689697,-0.04523139,1.13668416,0.19295597,1.56277753,-0.07517964,-0.15434420,-0.03076434,-0.02423010,-0.09270378,0.02742924,-0.11173697,-0.00170768,-0.00848763,0.01457006,-0.00279212,-0.00170591,-0.00007029
6.950000,0.01535345,-0.04553943,1.13644254,0.19202880,1.56305175,-0.07629700,-0.15435913,-0.03084194,-0.02409732,-0.09273134,0.02741597,-0.11173463,-0.00127504,-0.00702186,0.01196825,-0.00271651,-0.00094479,0.00053943
6.960000,0.01380981,-0.04584818,1.13620212,0.19110135,1.56332588,-0.07741431,-0.15436966,-0.03090458,-0.02399107,-0.09275807,0.02741040,-0.11172615,-0.00082845,-0.00549819,0.00926579,-0.00262816,-0.00016475,0.00115912
6.970000,0.01226608,-0.04615747,1.13596263,0.19017364,1.56359999,-0.07853150,-0.15437566,-0.03095172,-0.02391232,-0.09278386,0.02741273,-0.11171142,-0.00036915,-0.00392101,0.00647036,-0.00252772,0.00063240,0.00178745
6.980000,0.01072231,-0.04646716,1.13572378,0.18924568,1.56387416,-0.07964852,-0.15437700,-0.03098284,-0.02386195,-0.09280859,0.02742310,-0.11169038,0.00010162,-0.00229473,0.00358961,-0.00241584,0.00144481,0.00242310
6.990000,0.00917855,-0.04677707,1.13548529,0.18831747,1.56414848,-0.08076529,-0.15437359,-0.03099747,-0.02384078,-0.09283214,0.02744167,-0.11166294,0.00058260,-0.00062372,0.00063123,-0.00229316,0.00227067,0.00306472
7.000000,0.00763485,-0.04708705,1.13524687,0.18738904,1.56442302,-0.08188176,-0.15436532,-0.03099518,-0.02384956,-0.09285442,0.02746855,-0.11162907,0.00107255,0.00108762,-0.00239710,-0.00216032,0.00310814,0.00371098
7.010000,0.00609126,-0.04739692,1.13500820,0.18646039,1.56469787,-0.08299785,-0.15435211,-0.03097559,-0.02388893,-0.09287532,0.02750387,-0.11158871,0.00157021,0.00283491,-0.00548773,-0.00201798,0.00395539,0.00436056
7.020000,0.00454783,-0.04770650,1.13476898,0.18553154,1.56497313,-0.08411351,-0.15433389,-0.03093838,-0.02395950,-0.09289475,0.02754769,-0.11154185,0.00207435,0.00461374,-0.00863297,-0.00186678,0.00481059,0.00501212
7.030000,0.00300460,-0.04801563,1.13452890,0.18460250,1.56524886,-0.08522867,-0.15431061,-0.03088323,-0.02406175,-0.09291262,0.02760010,-0.11148847,0.00258372,0.00641974,-0.01182515,-0.00170736,0.00567191,0.00566432
7.040000,0.00146163,-0.04832411,1.13428764,0.18367329,1.56552516,-0.08634326,-0.15428221,-0.03080990,-0.02419613,-0.09292887,0.02766114,-0.11142856,0.00309706,0.00824851,-0.01505660,-0.00154037,0.00653751,0.00631583
7.050000,-0.00008103,-0.04863176,1.13404487,0.18274393,1.56580211,-0.08745721,-0.15424866,-0.03071820,-0.02436299,-0.09294341,0.02773086,-0.11136216,0.00361313,0.01009565,-0.01831965,-0.00136647,0.00740558,0.00696533
7.060000,-0.00162332,-0.04893841,1.13380027,0.18181443,1.56607980,-0.08857048,-0.15420994,-0.03060794,-0.02456260,-0.09295618,0.02780926,-0.11128927,0.00413069,0.01195679,-0.02160661,-0.00118629,0.00827427,0.00761147
7.070000,-0.00316521,-0.04924386,1.13355351,0.18088481,1.56635832,-0.08968298,-0.15416604,-0.03047903,-0.02479517,-0.09296711,0.02789634,-0.11120994,0.00464848,0.01382753,-0.02490983,-0.00100048,0.00914175,0.00825292
7.080000,-0.00470663,-0.04954793,1.13330426,0.17995509,1.56663776,-0.09079465,-0.15411697,-0.03033138,-0.02506083,-0.09297617,0.02799208,-0.11112423,0.00516526,0.01570348,-0.02822162,-0.00080968,0.01000620,0.00888835
7.090000,-0.00624753,-0.04985043,1.13305218,0.17902529,1.56691819,-0.09190544,-0.15406275,-0.03016496,-0.02535961,-0.09298329,0.02809645,-0.11103220,0.00567979,0.01758024,-0.03153431,-0.00061456,0.01086579,0.00951643
7.100000,-0.00778787,-0.05015116,1.13279696,0.17809543,1.56719972,-0.09301528,-0.15400339,-0.02997978,-0.02569149,-0.09298845,0.02820937,-0.11093393,0.00619081,0.01945343,-0.03484024,-0.00041574,0.01171868,0.01013583
7.110000,-0.00932758,-0.05044996,1.13253824,0.17716553,1.56748241,-0.09412410,-0.15393895,-0.02977592,-0.02605637,-0.09299160,0.02833079,-0.11082952,0.00669708,0.02131867,-0.03813172,-0.00021387,0.01256304,0.01074520
7.120000,-0.01086663,-0.05074662,1.13227572,0.17623561,1.56776636,-0.09523185,-0.15386947,-0.02955345,-0.02645405,-0.09299272,0.02846060,-0.11071906,0.00719734,0.02317155,-0.04140109,-0.00000961,0.01339705,0.01134322
7.130000,-0.01240495,-0.05104097,1.13200905,0.17530568,1.56805165,-0.09633846,-0.15379502,-0.02931254,-0.02688429,-0.09299178,0.02859869,-0.11060269,0.00769036,0.02500768,-0.04464066,0.00019641,0.01421887,0.01192856
7.140000,-0.01394251,-0.05133281,1.13173793,0.17437578,1.56833836,-0.09744388,-0.15371569,-0.02905337,-0.02734674,-0.09298879,0.02874493,-0.11048054,0.00817489,0.02682269,-0.04784277,0.00040353,0.01502667,0.01249988
7.150000,-0.01547925,-0.05162197,1.13146201,0.17344591,1.56862657,-0.09854805,-0.15363156,-0.02877617,-0.02784099,-0.09298371,0.02889917,-0.11035275,0.00864967,0.02861217,-0.05099975,0.00061110,0.01581862,0.01305585
7.160000,-0.01701513,-0.05190827,1.13118100,0.17251611,1.56891637,-0.09965092,-0.15354273,-0.02848123,-0.02836656,-0.09297656,0.02906124,-0.11021948,0.00911347,0.03037173,-0.05410392,0.00081850,0.01659290,0.01359514
7.170000,-0.01855009,-0.05219154,1.13089458,0.17158639,1.56920782,-0.10075243,-0.15344933,-0.02816885,-0.02892287,-0.09296735,0.02923096,-0.11008091,0.00956503,0.03209699,-0.05714761,0.00102506,0.01734766,0.01411641
7.180000,-0.02008410,-0.05247160,1.13060244,0.17065677,1.56950101,-0.10185252,-0.15335148,-0.02783941,-0.02950928,-0.09295607,0.02940813,-0.10993722,0.01000311,0.03378356,-0.06012314,0.00123014,0.01808108,0.01461833
7.190000,-0.02161711,-0.05274827,1.13030430,0.16972728,1.56979601,-0.10295115,-0.15324932,-0.02749332,-0.03012508,-0.09294275,0.02959251,-0.10978861,0.01042645,0.03542704,-0.06302285,0.00143309,0.01879133,0.01509956
7.200000,-0.02314907,-0.05302141,1.12999985,0.16879792,1.57009289,-0.10404828,-0.15314300,-0.02713103,-0.03076946,-0.09292742,0.02978387,-0.10963530,0.01083382,0.03702304,-0.06583905,0.00163327,0.01947658,0.01555878
7.210000,-0.02467995,-0.05329084,1.12968882,0.16786873,1.57039171,-0.10514384,-0.15303270,-0.02675304,-0.03144156,-0.09291010,0.02998195,-0.10947751,0.01122397,0.03856718,-0.06856408,0.00183004,0.02013500,0.01599465
7.220000,-0.02620971,-0.05355642,1.12937093,0.16693973,1.57069255,-0.10623781,-0.15291858,-0.02635988,-0.03214041,-0.09289083,0.03018647,-0.10931549,0.01159564,0.04005507,-0.07119027,0.00202274,0.02076476,0.01640584
7.230000,-0.02773831,-0.05381799,1.12904592,0.16601092,1.57099546,-0.10733014,-0.15280085,-0.02595214,-0.03286501,-0.09286966,0.03039714,-0.10914948,0.01194759,0.04148230,-0.07370993,0.00221073,0.02136402,0.01679102
7.240000,-0.02926572,-0.05407541,1.12871355,0.16508234,1.57130051,-0.10842079,-0.15267970,-0.02553045,-0.03361423,-0.09284663,0.03061365,-0.10897976,0.01227858,0.04284450,-0.07611540,0.00239337,0.02193095,0.01714884
7.250000,-0.03079190,-0.05432855,1.12837356,0.16415400,1.57160775,-0.10950973,-0.15255535,-0.02509548,-0.03438691,-0.09282181,0.03083565,-0.10880660,0.01258735,0.04413727,-0.07839900,0.00257000,0.02246374,0.01747798
7.260000,-0.03231682,-0.05457728,1.12802573,0.16322591,1.57191724,-0.11059691,-0.15242803,-0.02464795,-0.03518178,-0.09279525,0.03106280,-0.10863030,0.01287266,0.04535622,-0.08055307,0.00273998,0.02296053,0.01777711
7.270000,-0.03384045,-0.05482147,1.12766985,0.16229810,1.57222902,-0.11168232,-0.15229798,-0.02418861,-0.03599751,-0.09276703,0.03129473,-0.10845116,0.01313326,0.04649697,-0.08256992,0.00290267,0.02341951,0.01804490
7.280000,-0.03536277,-0.05506102,1.12730572,0.16137057,1.57254315,-0.11276593,-0.15216545,-0.02371828,-0.03683270,-0.09273723,0.03153106,-0.10826951,0.01336791,0.04755511,-0.08444189,0.00305741,0.02383885,0.01828000
7.290000,-0.03688375,-0.05529581,1.12693314,0.16044336,1.57285966,-0.11384770,-0.15203071,-0.02323780,-0.03768584,-0.09270591,0.03177137,-0.10808567,0.01357535,0.04852627,-0.08616130,0.00320357,0.02421670,0.01848109
7.300000,-0.03840337,-0.05552574,1.12655195,0.15951646,1.57317859,-0.11492763,-0.15189404,-0.02274806,-0.03855539,-0.09267319,0.03201525,-0.10790000,0.01375435,0.04940604,-0.08772048,0.00334050,0.02455125,0.01864683
7.310000,-0.03992162,-0.05575074,1.12616198,0.15858990,1.57349997,-0.11600570,-0.15175573,-0.02225000,-0.03943969,-0.09263914,0.03226225,-0.10771286,0.01390365,0.05019005,-0.08911175,0.00346754,0.02484066,0.01877589
7.320000,-0.04143848,-0.05597072,1.12576311,0.15766368,1.57382384,-0.11708189,-0.15161607,-0.02174460,-0.04033704,-0.09260387,0.03251191,-0.10752461,0.01402200,0.05087389,-0.09032745,0.00358406,0.02508310,0.01886694
7.330000,-0.04295394,-0.05618561,1.12535520,0.15673782,1.57415022,-0.11815619,-0.15147539,-0.02123287,-0.04124563,-0.09256749,0.03276375,-0.10733565,0.01410816,0.05145319,-0.09135989,0.00368941,0.02527675,0.01891865
7.340000,-0.04446799,-0.05639536,1.12493817,0.15581234,1.57447912,-0.11922860,-0.15133402,-0.02071589,-0.04216360,-0.09253012,0.03301727,-0.10714638,0.01416088,0.05192354,-0.09220141,0.00378293,0.02541976,0.01892968
7.350000,-0.04598062,-0.05659991,1.12451191,0.15488723,1.57481057,-0.12029912,-0.15119229,-0.02019478,-0.04308900,-0.09249188,0.03327197,-0.10695720,0.01417892,0.05228056,-0.09284434,0.00386400,0.02551031,0.01889869
7.360000,-0.04749184,-0.05679924,1.12407637,0.15396250,1.57514456,-0.12136775,-0.15105056,-0.01967068,-0.04401980,-0.09245289,0.03352730,-0.10676855,0.01416102,0.05251986,-0.09328099,0.00393195,0.02554657,0.01882436
7.370000,-0.04900163,-0.05699332,1.12363150,0.15303817,1.57548111,-0.12243449,-0.15090919,-0.01914479,-0.04495390,-0.09241328,0.03378271,-0.10658086,0.01410594,0.05263705,-0.09350371,0.00398614,0.02552670,0.01870536
7.380000,-0.05051002,-0.05718214,1.12317729,0.15211424,1.57582022,-0.12349937,-0.15076857,-0.01861836,-0.04588913,-0.09237321,0.03403764,-0.10639459,0.01401244,0.05262773,-0.09350480,0.00402593,0.02544889,0.01854034
7.390000,-0.05201701,-0.05736569,1.12271372,0.15119071,1.57616186,-0.12456239,-0.15062908,-0.01809267,-0.04682324,-0.09233282,0.03429149,-0.10621021,0.01387926,0.05248752,-0.09327661,0.00405067,0.02531129,0.01832798
7.400000,-0.05352261,-0.05754400,1.12224083,0.15026758,1.57650604,-0.12562358,-0.15049112,-0.01756906,-0.04775388,-0.09229225,0.03454366,-0.10602820,0.01370516,0.05221202,-0.09281145,0.00405972,0.02511207,0.01806694
7.410000,-0.05502684,-0.05771708,1.12175866,0.14934486,1.57685273,-0.12668296,-0.15035512,-0.01704889,-0.04867865,-0.09225168,0.03479352,-0.10584904,0.01348888,0.05179685,-0.09210166,0.00405242,0.02484942,0.01775590
7.420000,-0.05652972,-0.05788499,1.12126729,0.14842255,1.57720190,-0.12774057,-0.15022149,-0.01653360,-0.04959507,-0.09221126,0.03504043,-0.10567325,0.01322919,0.05123762,-0.09113957,0.00402814,0.02452148,0.01739351
7.430000,-0.05803128,-0.05804778,1.12076680,0.14750064,1.57755353,-0.12879644,-0.15009068,-0.01602464,-0.05050057,-0.09217117,0.03528373,-0.10550134,0.01292484,0.05052993,-0.08991749,0.00398622,0.02412644,0.01697844
7.440000,-0.05953154,-0.05820551,1.12025732,0.14657912,1.57790756,-0.12985061,-0.14996314,-0.01552351,-0.05139253,-0.09213159,0.03552273,-0.10533386,0.01257458,0.04966940,-0.08842775,0.00392602,0.02366247,0.01650937
7.450000,-0.06103055,-0.05835828,1.11973900,0.14565800,1.57826396,-0.13090313,-0.14983935,-0.01503177,-0.05226821,-0.09209271,0.03575674,-0.10517134,0.01217715,0.04865163,-0.08666269,0.00384689,0.02312773,0.01598495
7.460000,-0.06252834,-0.05850618,1.11921202,0.14473726,1.57862268,-0.13195406,-0.14971976,-0.01455102,-0.05312484,-0.09205472,0.03598504,-0.10501435,0.01173133,0.04747223,-0.08461463,0.00374819,0.02252039,0.01540386
7.470000,-0.06402496,-0.05864934,1.11867658,0.14381690,1.57898364,-0.13300344,-0.14960489,-0.01408288,-0.05395953,-0.09201782,0.03620690,-0.10486346,0.01123584,0.04612682,-0.08227590,0.00362927,0.02183862,0.01476476
7.480000,-0.06552046,-0.05878789,1.11813291,0.14289690,1.57934679,-0.13405135,-0.14949522,-0.01362905,-0.05476936,-0.09198221,0.03642156,-0.10471925,0.01068946,0.04461100,-0.07963881,0.00348948,0.02108059,0.01406633
7.490000,-0.06701489,-0.05892198,1.11758128,0.14197725,1.57971205,-0.13509785,-0.14939127,-0.01319124,-0.05555129,-0.09194810,0.03662825,-0.10458233,0.01009093,0.04292038,-0.07669571,0.00332818,0.02024447,0.01330721
7.500000,-0.06850831,-0.05905177,1.11702199,0.14105794,1.58007933,-0.13614302,-0.14929357,-0.01277124,-0.05630223,-0.09191572,0.03682618,-0.10445332,0.00943901,0.04105057,-0.07343892,0.00314473,0.01932844,0.01248609
7.510000,-0.07000078,-0.05917747,1.11645535,0.14013893,1.58044854,-0.13718695,-0.14920267,-0.01237084,-0.05701900,-0.09188528,0.03701455,-0.10433282,0.00873244,0.03899719,-0.06986076,0.00293847,0.01833065,0.01160164
7.520000,-0.07149238,-0.05929926,1.11588173,0.13922022,1.58081958,-0.13822971,-0.14911911,-0.01199192,-0.05769835,-0.09185703,0.03719252,-0.10422150,0.00797001,0.03675589,-0.06595365,0.00270877,0.01724930,0.01065253
7.530000,-0.07298319,-0.05941738,1.11530152,0.13830178,1.58119235,-0.13927141,-0.14904346,-0.01163635,-0.05833697,-0.09183118,0.03735925,-0.10411999,0.00715224,0.03432666,-0.06171731,0.00245584,0.01608435,0.00963925
7.540000,-0.07447328,-0.05953207,1.11471514,0.13738359,1.58156673,-0.14031214,-0.14897624,-0.01130599,-0.05893164,-0.09180798,0.03751393,-0.10402891,0.00628269,0.03171690,-0.05716400,0.00218136,0.01483879,0.00856537
7.550000,-0.07596274,-0.05964359,1.11412305,0.13646562,1.58194259,-0.14135202,-0.14891796,-0.01100259,-0.05947924,-0.09178762,0.03765577,-0.10394887,0.00536519,0.02893474,-0.05230722,0.00188715,0.01351590,0.00743476
7.560000,-0.07745167,-0.05975222,1.11352572,0.13554783,1.58231980,-0.14239116,-0.14886908,-0.01072784,-0.05997681,-0.09177030,0.03778401,-0.10388040,0.00440361,0.02598833,-0.04716045,0.00157501,0.01211897,0.00625128
7.570000,-0.07894016,-0.05985825,1.11292369,0.13463020,1.58269822,-0.14342967,-0.14883002,-0.01048335,-0.06042153,-0.09175618,0.03789791,-0.10382401,0.00340178,0.02288578,-0.04173718,0.00124676,0.01065129,0.00501880
7.580000,-0.08042831,-0.05996199,1.11231748,0.13371269,1.58307771,-0.14446768,-0.14880117,-0.01027062,-0.06081068,-0.09174541,0.03799681,-0.10378017,0.00236355,0.01963524,-0.03605092,0.00090422,0.00911615,0.00374120
7.590000,-0.08191622,-0.06006377,1.11170767,0.13279528,1.58345810,-0.14550532,-0.14878286,-0.01009111,-0.06114171,-0.09173813,0.03808002,-0.10374932,0.00129277,0.01624483,-0.03011515,0.00054921,0.00751683,0.00242233
7.600000,-0.08340400,-0.06016393,1.11109485,0.13187792,1.58383925,-0.14654271,-0.14877541,-0.00994616,-0.06141220,-0.09173446,0.03814694,-0.10373185,0.00019329,0.01272270,-0.02394338,0.00018354,0.00585662,0.00106608
7.610000,-0.08489176,-0.06026282,1.11047963,0.13096058,1.58422099,-0.14758000,-0.14877908,-0.00983706,-0.06161984,-0.09173449,0.03819696,-0.10372811,-0.00093105,0.00907698,-0.01754908,-0.00019097,0.00413881,-0.00032370
7.620000,-0.08637962,-0.06036079,1.10986267,0.13004322,1.58460313,-0.14861732,-0.14879410,-0.00976501,-0.06176248,-0.09173830,0.03822954,-0.10373842,-0.00207640,0.00531579,-0.01094576,-0.00057251,0.00236668,-0.00174314
7.630000,-0.08786768,-0.06045824,1.10924461,0.12912580,1.58498552,-0.14965482,-0.14882066,-0.00973111,-0.06183810,-0.09174596,0.03824413,-0.10376306,-0.00323892,0.00144728,-0.00414691,-0.00095925,0.00054353,-0.00318836
7.640000,-0.08935607,-0.06055555,1.10862613,0.12820828,1.58536796,-0.15069263,-0.14885892,-0.00973639,-0.06184481,-0.09175750,0.03824025,-0.10380226,-0.00441475,-0.00252043,0.00283398,-0.00134940,-0.00132736,-0.00465550
7.650000,-0.09084490,-0.06065310,1.10800795,0.12729064,1.58575026,-0.15173091,-0.14890899,-0.00978182,-0.06178086,-0.09177295,0.03821743,-0.10385623,-0.00560005,-0.00657919,0.00998342,-0.00174112,-0.00324270,-0.00614069
7.660000,-0.09233429,-0.06075132,1.10739076,0.12637281,1.58613224,-0.15276981,-0.14897094,-0.00986825,-0.06164463,-0.09179232,0.03817526,-0.10392512,-0.00679097,-0.01072089,0.01728791,-0.00213260,-0.00519921,-0.00764006
7.670000,-0.09382436,-0.06085061,1.10677530,0.12545478,1.58651370,-0.15380946,-0.14904482,-0.00999649,-0.06143463,-0.09181560,0.03811332,-0.10400906,-0.00798367,-0.01493737,0.02473395,-0.00252203,-0.00719359,-0.00914975
7.680000,-0.09531523,-0.06095139,1.10616231,0.12453649,1.58689444,-0.15485004,-0.14913061,-0.01016722,-0.06114952,-0.09184275,0.03803127,-0.10410814,-0.00917429,-0.01922052,0.03230806,-0.00290760,-0.00922257,-0.01066588
7.690000,-0.09680701,-0.06105410,1.10555256,0.12361791,1.58727426,-0.15589168,-0.14922828,-0.01038109,-0.06078809,-0.09187373,0.03792877,-0.10422239,-0.01035900,-0.02356219,0.03999674,-0.00328747,-0.01128284,-0.01218458
7.700000,-0.09829983,-0.06115916,1.10494681,0.12269900,1.58765294,-0.15693454,-0.14933776,-0.01063863,-0.06034925,-0.09190847,0.03780552,-0.10435183,-0.01153394,-0.02795425,0.04778650,-0.00365985,-0.01337113,-0.01370199
7.710000,-0.09979381,-0.06126702,1.10434584,0.12177973,1.58803030,-0.15797877,-0.14945892,-0.01094032,-0.05983207,-0.09194690,0.03766126,-0.10449641,-0.01269527,-0.03238857,0.05566385,-0.00402291,-0.01548415,-0.01521425
7.720000,-0.10128905,-0.06137811,1.10375043,0.12086005,1.58840610,-0.15902452,-0.14959160,-0.01128652,-0.05923573,-0.09198889,0.03749576,-0.10465608,-0.01383914,-0.03685702,0.06361529,-0.00437483,-0.01761860,-0.01671747
7.730000,-0.10278568,-0.06149290,1.10316139,0.11993994,1.58878014,-0.16007194,-0.14973563,-0.01167754,-0.05855956,-0.09203435,0.03730883,-0.10483072,-0.01496170,-0.04135146,0.07162732,-0.00471381,-0.01977121,-0.01820779
7.740000,-0.10428380,-0.06161181,1.10257951,0.11901935,1.58915220,-0.16112118,-0.14989075,-0.01211361,-0.05780302,-0.09208312,0.03710029,-0.10502018,-0.01605911,-0.04586375,0.07968646,-0.00503802,-0.02193868,-0.01968135
7.750000,-0.10578353,-0.06173532,1.10200560,0.11809826,1.58952207,-0.16217239,-0.15005671,-0.01259485,-0.05696572,-0.09213505,0.03687002,-0.10522428,-0.01712752,-0.05038577,0.08777921,-0.00534565,-0.02411773,-0.02113428
7.760000,-0.10728497,-0.06186386,1.10144047,0.11717664,1.58988953,-0.16322571,-0.15023320,-0.01312133,-0.05604737,-0.09218997,0.03661791,-0.10544279,-0.01816309,-0.05490938,0.09589208,-0.00563488,-0.02630507,-0.02256270
7.770000,-0.10878822,-0.06199790,1.10088492,0.11625446,1.59025436,-0.16428129,-0.15041985,-0.01369302,-0.05504785,-0.09224768,0.03634390,-0.10567544,-0.01916195,-0.05942645,0.10401158,-0.00590390,-0.02849741,-0.02396275
7.780000,-0.11029340,-0.06213787,1.10033978,0.11533168,1.59061634,-0.16533927,-0.15061630,-0.01430981,-0.05396716,-0.09230798,0.03604795,-0.10592193,-0.02012028,-0.06392884,0.11212420,-0.00615089,-0.03069147,-0.02533057
7.790000,-0.11180058,-0.06228424,1.09980585,0.11440829,1.59097524,-0.16639978,-0.15082211,-0.01497152,-0.05280544,-0.09237062,0.03573007,-0.10618193,-0.02103422,-0.06840842,0.12021647,-0.00637404,-0.03288395,-0.02666227
7.800000,-0.11330987,-0.06243745,1.09928394,0.11348426,1.59133086,-0.16746295,-0.15103682,-0.01567787,-0.05156295,-0.09243537,0.03539029,-0.10645504,-0.02189992,-0.07285706,0.12827487,-0.00657153,-0.03507157,-0.02795400
7.810000,-0.11482135,-0.06259795,1.09877486,0.11255957,1.59168298,-0.16852892,-0.15125994,-0.01642853,-0.05024010,-0.09250196,0.03502867,-0.10674086,-0.02271354,-0.07726662,0.13628594,-0.00674154,-0.03725104,-0.02920188
7.820000,-0.11633509,-0.06276617,1.09827940,0.11163422,1.59203137,-0.16959781,-0.15149091,-0.01722305,-0.04883743,-0.09257011,0.03464531,-0.10703892,-0.02347124,-0.08162896,0.14423615,-0.00688226,-0.03941908,-0.03040205
7.830000,-0.11785119,-0.06294255,1.09779837,0.11070817,1.59237581,-0.17066974,-0.15172916,-0.01806092,-0.04735562,-0.09263950,0.03424034,-0.10734873,-0.02416915,-0.08593597,0.15211204,-0.00699186,-0.04157240,-0.03155064
7.840000,-0.11936970,-0.06312753,1.09733255,0.10978142,1.59271610,-0.17174482,-0.15197408,-0.01894156,-0.04579548,-0.09270983,0.03381392,-0.10766975,-0.02480345,-0.09017950,0.15990009,-0.00706855,-0.04370771,-0.03264378
7.850000,-0.12089069,-0.06332152,1.09688272,0.10885397,1.59305202,-0.17282317,-0.15222500,-0.01986427,-0.04415796,-0.09278076,0.03336625,-0.10800141,-0.02537027,-0.09435141,0.16758683,-0.00711049,-0.04582172,-0.03367760
7.860000,-0.12241422,-0.06352495,1.09644965,0.10792581,1.59338336,-0.17390488,-0.15248125,-0.02082832,-0.04244413,-0.09285192,0.03289757,-0.10834309,-0.02586578,-0.09844358,0.17515875,-0.00711588,-0.04791114,-0.03464823
7.870000,-0.12394033,-0.06373823,1.09603409,0.10699693,1.59370990,-0.17499006,-0.15274207,-0.02183285,-0.04065521,-0.09292295,0.03240812,-0.10869415,-0.02628612,-0.10244787,0.18260236,-0.00708290,-0.04997269,-0.03555181
7.880000,-0.12546907,-0.06396174,1.09563679,0.10606735,1.59403145,-0.17607879,-0.15300670,-0.02287696,-0.03879255,-0.09299345,0.03189822,-0.10905389,-0.02662745,-0.10635615,0.18990417,-0.00700972,-0.05200308,-0.03638446
7.890000,-0.12700047,-0.06419589,1.09525848,0.10513707,1.59434780,-0.17717116,-0.15327434,-0.02395963,-0.03685765,-0.09306300,0.03136818,-0.10942159,-0.02688592,-0.11016028,0.19705068,-0.00689455,-0.05399902,-0.03714232
7.900000,-0.12853457,-0.06444106,1.09489987,0.10420609,1.59465875,-0.17826725,-0.15354413,-0.02507979,-0.03485210,-0.09313119,0.03081836,-0.10979648,-0.02705769,-0.11385214,0.20402841,-0.00673555,-0.05595723,-0.03782153
7.910000,-0.13007136,-0.06469761,1.09456167,0.10327445,1.59496410,-0.17936712,-0.15381519,-0.02623627,-0.03277769,-0.09319756,0.03024917,-0.11017775,-0.02713891,-0.11742358,0.21082385,-0.00653092,-0.05787442,-0.03841820
7.920000,-0.13161087,-0.06496590,1.09424454,0.10234215,1.59526367,-0.18047082,-0.15408660,-0.02742783,-0.03063628,-0.09326165,0.02966102,-0.11056455,-0.02712573,-0.12086647,0.21742352,-0.00627883,-0.05974729,-0.03892847
7.930000,-0.13315309,-0.06524628,1.09394916,0.10140922,1.59555726,-0.18157842,-0.15435738,-0.02865314,-0.02842991,-0.09332297,0.02905438,-0.11095601,-0.02701430,-0.12417269,0.22381392,-0.00597748,-0.06157257,-0.03934848
7.940000,-0.13469801,-0.06553907,1.09367615,0.10047570,1.59584470,-0.18268996,-0.15462654,-0.02991080,-0.02616074,-0.09338103,0.02842974,-0.11135121,-0.02680078,-0.12733409,0.22998156,-0.00562504,-0.06334697,-0.03967436
7.950000,-0.13624561,-0.06584460,1.09342614,0.09954162,1.59612580,-0.18380546,-0.15489304,-0.03119932,-0.02383107,-0.09343530,0.02778762,-0.11174918,-0.02648132,-0.13034254,0.23591294,-0.00521971,-0.06506719,-0.03990223
7.960000,-0.13779586,-0.06616316,1.09319972,0.09860701,1.59640039,-0.18492494,-0.15515580,-0.03251712,-0.02144332,-0.09348524,0.02712859,-0.11214891,-0.02605207,-0.13318991,0.24159458,-0.00475965,-0.06672995,-0.04002824
7.970000,-0.13934871,-0.06649503,1.09299746,0.09767193,1.59666831,-0.18604844,-0.15541371,-0.03386255,-0.01900005,-0.09353030,0.02645323,-0.11254939,-0.02550920,-0.13586807,0.24701297,-0.00424307,-0.06833196,-0.04004850
7.980000,-0.14090412,-0.06684049,1.09281990,0.09673642,1.59692940,-0.18717593,-0.15566560,-0.03523389,-0.01650398,-0.09356991,0.02576216,-0.11294952,-0.02484884,-0.13836888,0.25215463,-0.00366814,-0.06986994,-0.03995915
7.990000,-0.14246200,-0.06719979,1.09266755,0.09580055,1.59718351,-0.18830742,-0.15591028,-0.03662931,-0.01395793,-0.09360347,0.02505605,-0.11334819,-0.02406715,-0.14068421,0.25700606,-0.00303304,-0.07134060,-0.03975633
8.000000,-0.14402229,-0.06757315,1.09254090,0.09486437,1.59743048,-0.18944289,-0.15614652,-0.03804693,-0.01136487,-0.09363036,0.02433559,-0.11374425,-0.02316029,-0.14280592,0.26155377,-0.00233597,-0.07274065,-0.03943617
8.010000,-0.14558490,-0.06796080,1.09244040,0.09392797,1.59767017,-0.19058229,-0.15637305,-0.03948476,-0.00872791,-0.09364997,0.02360149,-0.11413651,-0.02212440,-0.14472589,0.26578426,-0.00157509,-0.07406680,-0.03899479
8.020000,-0.14714972,-0.06836291,1.09236648,0.09299140,1.59790246,-0.19172560,-0.15658857,-0.04094074,-0.00605029,-0.09366165,0.02285451,-0.11452373,-0.02095565,-0.14643597,0.26968405,-0.00074861,-0.07531577,-0.03842833
8.030000,-0.14871663,-0.06877967,1.09231952,0.09205476,1.59812722,-0.19287275,-0.15679171,-0.04241275,-0.00333538,-0.09366472,0.02209544,-0.11490465,-0.01965018,-0.14792804,0.27323963,0.00014530,-0.07648426,-0.03773292
8.040000,-0.15028551,-0.06921121,1.09229988,0.09111814,1.59834434,-0.19402367,-0.15698110,-0.04389855,-0.00058669,-0.09365851,0.02132510,-0.11527795,-0.01820415,-0.14919395,0.27643752,0.00110845,-0.07756900,-0.03690469
8.050000,-0.15185620,-0.06965767,1.09230788,0.09018163,1.59855369,-0.19517828,-0.15715531,-0.04539585,0.00219214,-0.09364231,0.02054435,-0.11564229,-0.01661372,-0.15022559,0.27926422,0.00214266,-0.07856668,-0.03593978
8.060000,-0.15342856,-0.07011916,1.09234381,0.08924533,1.59875519,-0.19633648,-0.15731288,-0.04690225,0.00499731,-0.09361541,0.01975407,-0.11599628,-0.01487502,-0.15101481,0.28170624,0.00324975,-0.07947404,-0.03483431
8.070000,-0.15500240,-0.07059574,1.09240791,0.08830936,1.59894874,-0.19749816,-0.15745231,-0.04841531,0.00782493,-0.09357707,0.01895518,-0.11633849,-0.01298422,-0.15155347,0.28375008,0.00443153,-0.08028777,-0.03358441
8.080000,-0.15657754,-0.07108748,1.09250037,0.08737383,1.59913427,-0.19866320,-0.15757205,-0.04993246,0.01067094,-0.09352653,0.01814864,-0.11666747,-0.01093748,-0.15183346,0.28538226,0.00568982,-0.08100459,-0.03218623
8.090000,-0.15815377,-0.07159440,1.09262137,0.08643887,1.59931169,-0.19983146,-0.15767052,-0.05145109,0.01353116,-0.09346301,0.01733542,-0.11698171,-0.00873093,-0.15184662,0.28658927,0.00702643,-0.08162121,-0.03063588
8.100000,-0.15973087,-0.07211650,1.09277103,0.08550461,1.59948096,-0.20100278,-0.15774612,-0.05296848,0.01640127,-0.09338573,0.01651656,-0.11727967,-0.00636074,-0.15158484,0.28735763,0.00844317,-0.08213435,-0.02892951
8.110000,-0.16130861,-0.07265375,1.09294941,0.08457120,1.59964201,-0.20217700,-0.15779718,-0.05448184,0.01927681,-0.09329388,0.01569309,-0.11755977,-0.00382306,-0.15103997,0.28767384,0.00994188,-0.08254072,-0.02706324
8.120000,-0.16288673,-0.07320611,1.09315657,0.08363879,1.59979481,-0.20335391,-0.15782201,-0.05598831,0.02215319,-0.09318661,0.01486611,-0.11782039,-0.00111404,-0.15020388,0.28752441,0.01152435,-0.08283703,-0.02503320
8.130000,-0.16446496,-0.07377349,1.09339247,0.08270752,1.59993932,-0.20453333,-0.15781888,-0.05748492,0.02502570,-0.09306310,0.01403673,-0.11805987,0.00177016,-0.14906844,0.28689585,0.01319241,-0.08302000,-0.02283553
8.140000,-0.16604301,-0.07435577,1.09365705,0.08177758,1.60007554,-0.20571504,-0.15778601,-0.05896865,0.02788947,-0.09292248,0.01320610,-0.11827653,0.00483339,-0.14762552,0.28577465,0.01494788,-0.08308632,-0.02046636
8.150000,-0.16762057,-0.07495280,1.09395021,0.08084913,1.60020345,-0.20689878,-0.15772160,-0.06043638,0.03073950,-0.09276385,0.01237540,-0.11846861,0.00807951,-0.14586698,0.28414734,0.01679256,-0.08303273,-0.01792182
8.160000,-0.16919733,-0.07556443,1.09427178,0.07992237,1.60032305,-0.20808432,-0.15762380,-0.06188492,0.03357069,-0.09258632,0.01154585,-0.11863437,0.01151074,-0.14378695,0.28200388,0.01872746,-0.08285670,-0.01519949
8.170000,-0.17077293,-0.07619043,1.09462154,0.07899747,1.60043437,-0.20927138,-0.15749079,-0.06331107,0.03637790,-0.09238901,0.01071867,-0.11877203,0.01511921,-0.14139385,0.27935617,0.02074835,-0.08256060,-0.01230618
8.180000,-0.17234702,-0.07683057,1.09499924,0.07807466,1.60053744,-0.21045966,-0.15732087,-0.06471180,0.03915620,-0.09217109,0.00989503,-0.11887996,0.01889305,-0.13870170,0.27622467,0.02284901,-0.08214869,-0.00925226
8.190000,-0.17391922,-0.07748457,1.09540455,0.07715412,1.60063229,-0.21164887,-0.15711242,-0.06608416,0.04190085,-0.09193179,0.00907607,-0.11895658,0.02282043,-0.13572450,0.27262983,0.02502318,-0.08162524,-0.00604812
8.200000,-0.17548913,-0.07815214,1.09583713,0.07623609,1.60071898,-0.21283868,-0.15686398,-0.06742538,0.04460732,-0.09167040,0.00826288,-0.11900045,0.02688949,-0.13247626,0.26859212,0.02726463,-0.08099453,-0.00270416
8.210000,-0.17705636,-0.07883297,1.09629656,0.07532079,1.60079757,-0.21402877,-0.15657420,-0.06873283,0.04727128,-0.09138629,0.00745652,-0.11901023,0.03108837,-0.12897100,0.26413199,0.02956711,-0.08026082,0.00076925
8.220000,-0.17862048,-0.07952668,1.09678240,0.07440845,1.60086813,-0.21521877,-0.15624182,-0.07000399,0.04988862,-0.09107888,0.00665799,-0.11898467,0.03540523,-0.12522272,0.25926992,0.03192439,-0.07942838,0.00436170
8.230000,-0.18018105,-0.08023292,1.09729416,0.07349929,1.60093076,-0.21640834,-0.15586574,-0.07123652,0.05245541,-0.09074764,0.00586827,-0.11892263,0.03982821,-0.12124545,0.25402637,0.03433020,-0.07850149,0.00806281
8.240000,-0.18173764,-0.08095127,1.09783133,0.07259357,1.60098553,-0.21759710,-0.15544495,-0.07242818,0.05496794,-0.09039213,0.00508826,-0.11882309,0.04434547,-0.11705319,0.24842180,0.03677832,-0.07748441,0.01186218
8.250000,-0.18328980,-0.08168134,1.09839333,0.07169153,1.60103256,-0.21878467,-0.15497856,-0.07357691,0.05742271,-0.09001195,0.00431886,-0.11868510,0.04894513,-0.11265995,0.24247667,0.03926250,-0.07638141,0.01574944
8.260000,-0.18483706,-0.08242266,1.09897958,0.07079342,1.60107195,-0.21997067,-0.15446581,-0.07468076,0.05981641,-0.08960678,0.00356091,-0.11850784,0.05361536,-0.10807975,0.23621144,0.04177650,-0.07519677,0.01971419
8.270000,-0.18637896,-0.08317480,1.09958944,0.06989948,1.60110382,-0.22115470,-0.15390605,-0.07573793,0.06214594,-0.08917635,0.00281519,-0.11829059,0.05834431,-0.10332661,0.22964659,0.04431407,-0.07393474,0.02374605
8.280000,-0.18791502,-0.08393726,1.10022227,0.06900998,1.60112829,-0.22233635,-0.15329877,-0.07674676,0.06440841,-0.08872044,0.00208246,-0.11803273,0.06312011,-0.09841452,0.22280257,0.04686897,-0.07259962,0.02783461
8.290000,-0.18944477,-0.08470957,1.10087738,0.06812516,1.60114551,-0.22351521,-0.15264353,-0.07770574,0.06660113,-0.08823893,0.00136342,-0.11773374,0.06793093,-0.09335751,0.21569984,0.04943496,-0.07119565,0.03196950
8.300000,-0.19096773,-0.08549120,1.10155405,0.06724528,1.60115561,-0.22469088,-0.15194007,-0.07861348,0.06872161,-0.08773173,0.00065876,-0.11739322,0.07276489,-0.08816958,0.20835888,0.05200579,-0.06972712,0.03614031
8.310000,-0.19248341,-0.08628166,1.10225156,0.06637061,1.60115874,-0.22586294,-0.15118820,-0.07946874,0.07076758,-0.08719882,-0.00003092,-0.11701085,0.07761016,-0.08286476,0.20080013,0.05457523,-0.06819829,0.04033668
8.320000,-0.19399133,-0.08708040,1.10296915,0.06550139,1.60115504,-0.22703096,-0.15038787,-0.08027043,0.07273696,-0.08664025,-0.00070502,-0.11658644,0.08245488,-0.07745705,0.19304407,0.05713702,-0.06661343,0.04454819
8.330000,-0.19549101,-0.08788689,1.10370604,0.06463789,1.60114469,-0.22819453,-0.14953914,-0.08101758,0.07462787,-0.08605612,-0.00136301,-0.11611987,0.08728720,-0.07196046,0.18511116,0.05968493,-0.06497681,0.04876447
8.340000,-0.19698196,-0.08870057,1.10446144,0.06378035,1.60112784,-0.22935322,-0.14864221,-0.08170939,0.07643866,-0.08544662,-0.00200440,-0.11561116,0.09209526,-0.06638900,0.17702186,0.06221271,-0.06329271,0.05297513
8.350000,-0.19846369,-0.08952089,1.10523454,0.06292904,1.60110466,-0.23050661,-0.14769736,-0.08234516,0.07816786,-0.08481196,-0.00262872,-0.11506042,0.09686722,-0.06075670,0.16879664,0.06471411,-0.06156539,0.05716977
8.360000,-0.19993574,-0.09034728,1.10602452,0.06208420,1.60107532,-0.23165429,-0.14670502,-0.08292437,0.07981421,-0.08415244,-0.00323558,-0.11446786,0.10159121,-0.05507755,0.16045595,0.06718291,-0.05979913,0.06133801
8.370000,-0.20139764,-0.09117919,1.10683055,0.06124607,1.60104001,-0.23279583,-0.14566573,-0.08344660,0.08137666,-0.08346843,-0.00382459,-0.11383378,0.10625540,-0.04936558,0.15202027,0.06961284,-0.05799818,0.06546946
8.380000,-0.20284890,-0.09201602,1.10765177,0.06041491,1.60099889,-0.23393082,-0.14458015,-0.08391161,0.08285437,-0.08276034,-0.00439544,-0.11315863,0.11084792,-0.04363480,0.14351005,0.07199768,-0.05616683,0.06955372
8.390000,-0.20428909,-0.09285723,1.10848735,0.05959095,1.60095216,-0.23505887,-0.14344905,-0.08431928,0.08424668,-0.08202865,-0.00494784,-0.11244290,0.11535692,-0.03789921,0.13494576,0.07433117,-0.05430934,0.07358041
8.400000,-0.20571774,-0.09370222,1.10933642,0.05877441,1.60090000,-0.23617955,-0.14227333,-0.08466963,0.08555317,-0.08127391,-0.00548155,-0.11168724,0.11977056,-0.03217283,0.12634786,0.07660707,-0.05242998,0.07753914
8.410000,-0.20713441,-0.09455043,1.11019813,0.05796554,1.60084259,-0.23729248,-0.14105400,-0.08496282,0.08677359,-0.08049672,-0.00599638,-0.11089238,0.12407697,-0.02646968,0.11773682,0.07881915,-0.05053303,0.08141952
8.420000,-0.20853868,-0.09540129,1.11107161,0.05716455,1.60078013,-0.23839727,-0.13979219,-0.08519915,0.08790793,-0.07969776,-0.00649217,-0.11005915,0.12826431,-0.02080376,0.10913309,0.08096115,-0.04862275,0.08521115
8.430000,-0.20993012,-0.09625422,1.11195600,0.05637166,1.60071281,-0.23949354,-0.13848915,-0.08537906,0.08895635,-0.07887775,-0.00696881,-0.10918849,0.13232072,-0.01518908,0.10055714,0.08302684,-0.04670341,0.08890366
8.440000,-0.21130833,-0.09710868,1.11285045,0.05558706,1.60064082,-0.24058092,-0.13714625,-0.08550315,0.08991923,-0.07803749,-0.00742622,-0.10828144,0.13623436,-0.00963967,0.09202944,0.08500996,-0.04477928,0.09248665
8.450000,-0.21267291,-0.09796410,1.11375410,0.05481097,1.60056435,-0.24165905,-0.13576498,-0.08557212,0.09079717,-0.07717785,-0.00786439,-0.10733915,0.13999336,-0.00416953,0.08357044,0.08690429,-0.04285464,0.09594973
8.460000,-0.21402350,-0.09881994,1.11466611,0.05404357,1.60048360,-0.24272759,-0.13434694,-0.08558685,0.09159094,-0.07629973,-0.00828333,-0.10636288,0.14358588,0.00120733,0.07520062,0.08870357,-0.04093374,0.09928251
8.470000,-0.21535973,-0.09967566,1.11558564,0.05328504,1.60039875,-0.24378620,-0.13289385,-0.08554833,0.09230154,-0.07540411,-0.00868309,-0.10535397,0.14700007,0.00647689,0.06694043,0.09040156,-0.03902087,0.10247461
8.480000,-0.21668127,-0.10053073,1.11651187,0.05253554,1.60031000,-0.24483456,-0.13140757,-0.08545771,0.09293018,-0.07449205,-0.00906378,-0.10431389,0.15022406,0.01162514,0.05881033,0.09199202,-0.03712030,0.10551563
8.490000,-0.21798778,-0.10138465,1.11744398,0.05179525,1.60021754,-0.24587238,-0.12989005,-0.08531628,0.09347825,-0.07356465,-0.00942555,-0.10324420,0.15324602,0.01663808,0.05083080,0.09346870,-0.03523628,0.10839518
8.500000,-0.21927897,-0.10223690,1.11838117,0.05106430,1.60012155,-0.24689935,-0.12834336,-0.08512545,0.09394737,-0.07262308,-0.00976858,-0.10214656,0.15605408,0.02150168,0.04302229,0.09482537,-0.03337310,0.11110287
8.510000,-0.22055456,-0.10308700,1.11932267,0.05034283,1.60002223,-0.24791522,-0.12676972,-0.08488679,0.09433934,-0.07166857,-0.01009310,-0.10102275,0.15863639,0.02620193,0.03540526,0.09605577,-0.03153501,0.11362832
8.520000,-0.22181428,-0.10393448,1.12026771,0.04963096,1.59991975,-0.24891973,-0.12517143,-0.08460200,0.09465618,-0.07070241,-0.01039938,-0.09987464,0.16098111,0.03072482,0.02800019,0.09715367,-0.02972630,0.11596114
8.530000,-0.22305791,-0.10477889,1.12121555,0.04892881,1.59981430,-0.24991264,-0.12355093,-0.08427293,0.09490012,-0.06972595,-0.01068774,-0.09870420,0.16307638,0.03505635,0.02082752,0.09811283,-0.02795123,0.11809093
8.540000,-0.22428524,-0.10561980,1.12216547,0.04823647,1.59970605,-0.25089374,-0.12191077,-0.08390156,0.09507357,-0.06874063,-0.01095853,-0.09751353,0.16491034,0.03918249,0.01390774,0.09892699,-0.02621408,0.12000731
8.550000,-0.22549607,-0.10645679,1.12311679,0.04755403,1.59959518,-0.25186285,-0.12025363,-0.08349001,0.09517918,-0.06774792,-0.01121216,-0.09630480,0.16647115,0.04308924,0.00726129,0.09958992,-0.02451910,0.12169988
8.560000,-0.22669026,-0.10728947,1.12406884,0.04688153,1.59948186,-0.25281979,-0.11858230,-0.08304055,0.09521978,-0.06674936,-0.01144907,-0.09508031,0.16774696,0.04676258,0.00090865,0.10009538,-0.02287058,0.12315826
8.570000,-0.22786768,-0.10811748,1.12502098,0.04621905,1.59936626,-0.25376441,-0.11689968,-0.08255559,0.09519840,-0.06574656,-0.01166974,-0.09384245,0.16872590,0.05018850,-0.00512973,0.10043711,-0.02127278,0.12437206
8.580000,-0.22902823,-0.10894047,1.12597261,0.04556661,1.59924852,-0.25469660,-0.11520881,-0.08203766,0.09511830,-0.06474118,-0.01187470,-0.09259372,0.16939613,0.05335299,-0.01083338,0.10060888,-0.01972997,0.12533089
8.590000,-0.23017184,-0.10975813,1.12692316,0.04492423,1.59912881,-0.25561626,-0.11351283,-0.08148945,0.09498292,-0.06373497,-0.01206454,-0.09133672,0.16974579,0.05624203,-0.01618184,0.10060445,-0.01824643,0.12602436
8.600000,-0.23129848,-0.11057017,1.12787210,0.04429191,1.59900728,-0.25652332,-0.11181500,-0.08091378,0.09479591,-0.06272970,-0.01223985,-0.09007415,0.16976304,0.05884162,-0.02115464,0.10041757,-0.01682641,0.12644208
8.610000,-0.23240815,-0.11137632,1.12881892,0.04366963,1.59888406,-0.25741773,-0.11011871,-0.08031362,0.09456115,-0.06172724,-0.01240129,-0.08880883,0.16943602,0.06113774,-0.02573133,0.10004199,-0.01547420,0.12657366
8.620000,-0.23350087,-0.11217637,1.12976318,0.04305735,1.59875930,-0.25829949,-0.10842747,-0.07969208,0.09428268,-0.06072951,-0.01254957,-0.08754367,0.16875287,0.06311637,-0.02989143,0.09947148,-0.01419406,0.12640870
8.630000,-0.23457672,-0.11297011,1.13070444,0.04245502,1.59863311,-0.25916862,-0.10674488,-0.07905240,0.09396477,-0.05973849,-0.01268543,-0.08628168,0.16770175,0.06476352,-0.03361448,0.09869979,-0.01299026,0.12593683
8.640000,-0.23563581,-0.11375737,1.13164235,0.04186255,1.59850563,-0.26002515,-0.10507470,-0.07839797,0.09361191,-0.05875621,-0.01280964,-0.08502599,0.16627081,0.06606516,-0.03688003,0.09772068,-0.01186707,0.12514766
8.650000,-0.23667827,-0.11453803,1.13257658,0.04127986,1.59837696,-0.26086917,-0.10342077,-0.07773230,0.09322877,-0.05778478,-0.01292305,-0.08377982,0.16444818,0.06700728,-0.03966761,0.09652791,-0.01082876,0.12403078
8.660000,-0.23770429,-0.11531199,1.13350685,0.04070681,1.59824720,-0.26170079,-0.10178708,-0.07705906,0.09282022,-0.05682638,-0.01302652,-0.08254650,0.16222202,0.06757587,-0.04195675,0.09511523,-0.00987960,0.12257582
8.670000,-0.23871409,-0.11607920,1.13443292,0.04014328,1.59811646,-0.26252015,-0.10017772,-0.07638207,0.09239136,-0.05588323,-0.01312095,-0.08132947,0.15958048,0.06775691,-0.04372700,0.09347639,-0.00902387,0.12077238
8.680000,-0.23970794,-0.11683963,1.13535462,0.03958909,1.59798481,-0.26332744,-0.09859689,-0.07570526,0.09194748,-0.05495763,-0.01320732,-0.08013225,0.15651170,0.06753641,-0.04495788,0.09160517,-0.00826583,0.11861007
8.690000,-0.24068614,-0.11759332,1.13627184,0.03904406,1.59785233,-0.26412288,-0.09704895,-0.07503273,0.09149407,-0.05405193,-0.01328661,-0.07895849,0.15300384,0.06690033,-0.04562894,0.08949531,-0.00760975,0.11607851
8.700000,-0.24164905,-0.11834031,1.13718449,0.03850798,1.59771910,-0.26490670,-0.09553832,-0.07436869,0.09103683,-0.05316854,-0.01335987,-0.07781194,0.14904503,0.06583467,-0.04571971,0.08714056,-0.00705990,0.11316731
8.710000,-0.24259705,-0.11908073,1.13809258,0.03798060,1.59758515,-0.26567922,-0.09406959,-0.07371751,0.09058168,-0.05230995,-0.01342818,-0.07669645,0.14462343,0.06432543,-0.04520973,0.08453470,-0.00662055,0.10986607
8.720000,-0.24353059,-0.11981472,1.13899615,0.03746168,1.59745055,-0.26644075,-0.09264743,-0.07308371,0.09013471,-0.05147870,-0.01349266,-0.07561596,0.13972718,0.06235858,-0.04407854,0.08167146,-0.00629597,0.10616441
8.730000,-0.24445017,-0.12054248,1.13989532,0.03695093,1.59731531,-0.26719167,-0.09127667,-0.07247191,0.08970225,-0.05067740,-0.01355449,-0.07457453,0.13434443,0.05992011,-0.04230567,0.07854462,-0.00609044,0.10205193
8.740000,-0.24535631,-0.12126425,1.14079027,0.03644803,1.59717946,-0.26793238,-0.08996220,-0.07188691,0.08929079,-0.04990870,-0.01361488,-0.07357632,0.12846768,0.05700030,-0.03987654,0.07515028,-0.00600710,0.09752193
8.750000,-0.24624962,-0.12198032,1.14168123,0.03595264,1.59704301,-0.26866335,-0.08870890,-0.07133347,0.08890684,-0.04917526,-0.01367503,-0.07262544,0.12211356,0.05361329,-0.03680927,0.07149759,-0.00604299,0.09258817
8.760000,-0.24713071,-0.12269104,1.14256852,0.03546440,1.59690596,-0.26938506,-0.08752143,-0.07081613,0.08855663,-0.04847957,-0.01373612,-0.07172583,0.11530705,0.04978142,-0.03313324,0.06760022,-0.00619300,0.08727143
8.770000,-0.24800028,-0.12339678,1.14345249,0.03498291,1.59676828,-0.27009805,-0.08640419,-0.07033925,0.08824611,-0.04782402,-0.01379926,-0.07088122,0.10807313,0.04552706,-0.02887786,0.06347183,-0.00645202,0.08159254
8.780000,-0.24885904,-0.12409797,1.14433359,0.03450778,1.59662996,-0.27080288,-0.08536131,-0.06990692,0.08798091,-0.04721086,-0.01386551,-0.07009512,0.10043677,0.04087258,-0.02407253,0.05912610,-0.00681494,0.07557232
8.790000,-0.24970777,-0.12479508,1.14521228,0.03403855,1.59649096,-0.27150016,-0.08439671,-0.06952305,0.08776639,-0.04664218,-0.01393588,-0.06937084,0.09242296,0.03584033,-0.01874665,0.05457669,-0.00727666,0.06923157
8.800000,-0.25054725,-0.12548861,1.14608910,0.03357478,1.59635123,-0.27219052,-0.08351403,-0.06919130,0.08760761,-0.04611996,-0.01401135,-0.06871148,0.08405668,0.03045269,-0.01292962,0.04983727,-0.00783207,0.06259112
8.810000,-0.25137833,-0.12617909,1.14696464,0.03311599,1.59621071,-0.27287462,-0.08271667,-0.06891511,0.08750934,-0.04564602,-0.01409282,-0.06811994,0.07536290,0.02473202,-0.00665085,0.04492150,-0.00847607,0.05567177
8.820000,-0.25220188,-0.12686711,1.14783951,0.03266169,1.59606935,-0.27355315,-0.08200778,-0.06869770,0.08747604,-0.04522207,-0.01418115,-0.06759891,0.06636662,0.01870068,0.00006026,0.03984306,-0.00920354,0.04849434
8.830000,-0.25301879,-0.12755325,1.14871439,0.03221138,1.59592706,-0.27422684,-0.08139026,-0.06854206,0.08751189,-0.04484966,-0.01427715,-0.06715085,0.05709280,0.01238104,0.00717431,0.03461560,-0.01000939,0.04107964
8.840000,-0.25383000,-0.12823816,1.14958999,0.03176452,1.59578378,-0.27489642,-0.08086677,-0.06845096,0.08762077,-0.04453021,-0.01438158,-0.06677804,0.04756643,0.00579546,0.01466190,0.02925280,-0.01088850,0.03344849
8.850000,-0.25463645,-0.12892250,1.15046706,0.03132059,1.59563940,-0.27556266,-0.08043969,-0.06842696,0.08780627,-0.04426501,-0.01449515,-0.06648253,0.03781249,-0.00103369,0.02249362,0.02376833,-0.01183576,0.02562170
8.860000,-0.25543912,-0.12960693,1.15134638,0.03087904,1.59549384,-0.27622633,-0.08011119,-0.06847237,0.08807169,-0.04405520,-0.01461851,-0.06626619,0.02785596,-0.00808406,0.03064007,0.01817585,-0.01284608,0.01762008
8.870000,-0.25623901,-0.13029218,1.15222877,0.03043930,1.59534700,-0.27688825,-0.07988316,-0.06858930,0.08842003,-0.04390180,-0.01475226,-0.06613064,0.01772182,-0.01533327,0.03907185,0.01248903,-0.01391435,0.00946446
8.880000,-0.25703712,-0.13097896,1.15311507,0.03000081,1.59519876,-0.27754922,-0.07975726,-0.06877963,0.08885398,-0.04380569,-0.01489697,-0.06607734,0.00743505,-0.02275896,0.04775956,0.00672153,-0.01503545,0.00117564
8.890000,-0.25783450,-0.13166802,1.15400614,0.02956299,1.59504902,-0.27821007,-0.07973489,-0.06904500,0.08937597,-0.04376760,-0.01505313,-0.06610750,-0.00297937,-0.03033876,0.05667380,0.00088703,-0.01620428,-0.00722556
8.900000,-0.25863217,-0.13236012,1.15490289,0.02912526,1.59489766,-0.27887165,-0.07981719,-0.06938684,0.08998811,-0.04378813,-0.01522120,-0.06622216,-0.01349646,-0.03805032,0.06578516,-0.00500081,-0.01741574,-0.01571833
8.910000,-0.25943119,-0.13305602,1.15580621,0.02868703,1.59474455,-0.27953480,-0.08000508,-0.06980637,0.09069223,-0.04386774,-0.01540157,-0.06642211,-0.02409123,-0.04587126,0.07506423,-0.01092831,-0.01866472,-0.02428185
8.920000,-0.26023263,-0.13375651,1.15671704,0.02824771,1.59458958,-0.28020038,-0.08029919,-0.07030456,0.09148986,-0.04400678,-0.01559460,-0.06670796,-0.03473872,-0.05377923,0.08448163,-0.01688183,-0.01994612,-0.03289531
8.930000,-0.26103753,-0.13446238,1.15763632,0.02780670,1.59443262,-0.28086925,-0.08069994,-0.07088217,0.09238223,-0.04420542,-0.01580059,-0.06708011,-0.04541393,-0.06175185,0.09400794,-0.02284768,-0.02125481,-0.04153790
8.940000,-0.26184698,-0.13517442,1.15856501,0.02736340,1.59427353,-0.28154227,-0.08120748,-0.07153974,0.09337028,-0.04446373,-0.01601977,-0.06753875,-0.05609189,-0.06976677,0.10361377,-0.02881219,-0.02258571,-0.05018880
8.950000,-0.26266204,-0.13589344,1.15950405,0.02691722,1.59411218,-0.28222031,-0.08182171,-0.07227757,0.09445467,-0.04478162,-0.01625236,-0.06808385,-0.06674762,-0.07780162,0.11326970,-0.03476171,-0.02393370,-0.05882720
8.960000,-0.26348377,-0.13662024,1.16045442,0.02646757,1.59394843,-0.28290423,-0.08254228,-0.07309576,0.09563575,-0.04515887,-0.01649849,-0.06871518,-0.07735613,-0.08583403,0.12294635,-0.04068257,-0.02529367,-0.06743228
8.970000,-0.26431324,-0.13735562,1.16141709,0.02601385,1.59378216,-0.28359490,-0.08336859,-0.07399417,0.09691357,-0.04559513,-0.01675825,-0.06943231,-0.08789246,-0.09384165,0.13261430,-0.04656108,-0.02666053,-0.07598322
8.980000,-0.26515149,-0.13810039,1.16239301,0.02555547,1.59361322,-0.28429316,-0.08429980,-0.07497244,0.09828791,-0.04608990,-0.01703170,-0.07023459,-0.09833161,-0.10180210,0.14224415,-0.05238360,-0.02802916,-0.08445923
8.990000,-0.26599958,-0.13885533,1.16338317,0.02509186,1.59344148,-0.28499987,-0.08533481,-0.07602998,0.09975823,-0.04664257,-0.01731883,-0.07112118,-0.10864860,-0.10969302,0.15180651,-0.05813645,-0.02939445,-0.09283947
9.000000,-0.26685853,-0.13962125,1.16438850,0.02462243,1.59326680,-0.28571587,-0.08647228,-0.07716599,0.10132371,-0.04725235,-0.01761956,-0.07209099,-0.11881846,-0.11749205,0.16127196,-0.06380597,-0.03075130,-0.10110314
9.010000,-0.26772936,-0.14039891,1.16540995,0.02414662,1.59308905,-0.28644197,-0.08771061,-0.07837944,0.10298325,-0.04791836,-0.01793381,-0.07314278,-0.12881621,-0.12517682,0.17061112,-0.06937848,-0.03209461,-0.10922942
9.020000,-0.26861307,-0.14118909,1.16644847,0.02366388,1.59290808,-0.28717899,-0.08904795,-0.07966907,0.10473542,-0.04863955,-0.01826139,-0.07427506,-0.13861686,-0.13272497,0.17979456,-0.07484032,-0.03341926,-0.11719750
9.030000,-0.26951064,-0.14199254,1.16750496,0.02317365,1.59272377,-0.28792773,-0.09048221,-0.08103341,0.10657852,-0.04941475,-0.01860211,-0.07548613,-0.14819543,-0.14011413,0.18879290,-0.08017783,-0.03472016,-0.12498656
9.040000,-0.27042303,-0.14281000,1.16858034,0.02267541,1.59253600,-0.28868897,-0.09201103,-0.08247075,0.10851056,-0.05024265,-0.01895570,-0.07677412,-0.15752695,-0.14732195,0.19757673,-0.08537732,-0.03599219,-0.13257580
9.050000,-0.27135117,-0.14364219,1.16967546,0.02216863,1.59234462,-0.28946346,-0.09363184,-0.08397917,0.11052924,-0.05112180,-0.01932184,-0.07813691,-0.16658644,-0.15432605,0.20611664,-0.09042515,-0.03723024,-0.13994438
9.060000,-0.27229596,-0.14448982,1.17079120,0.02165281,1.59214952,-0.29025195,-0.09534177,-0.08555652,0.11263198,-0.05205060,-0.01970017,-0.07957220,-0.17534891,-0.16110407,0.21438325,-0.09530764,-0.03842922,-0.14707151
9.070000,-0.27325829,-0.14535355,1.17192838,0.02112746,1.59195058,-0.29105514,-0.09713774,-0.08720042,0.11481590,-0.05302735,-0.02009028,-0.08107747,-0.18378938,-0.16763364,0.22234713,-0.10001112,-0.03958401,-0.15393637
9.080000,-0.27423899,-0.14623404,1.17308778,0.02059211,1.59174768,-0.29187372,-0.09901640,-0.08890829,0.11707782,-0.05405018,-0.02049169,-0.08264999,-0.19188287,-0.17389241,0.22997889,-0.10452192,-0.04068950,-0.16051814
9.090000,-0.27523888,-0.14713192,1.17427018,0.02004631,1.59154071,-0.29270835,-0.10097416,-0.09067729,0.11941427,-0.05511710,-0.02090389,-0.08428682,-0.19960441,-0.17985800,0.23724914,-0.10882638,-0.04174060,-0.16679601
9.100000,-0.27625873,-0.14804778,1.17547630,0.01948963,1.59132956,-0.29355966,-0.10300717,-0.09250439,0.12182150,-0.05622598,-0.02132630,-0.08598483,-0.20692901,-0.18550806,0.24412845,-0.11291084,-0.04273219,-0.17274917
9.110000,-0.27729926,-0.14898219,1.17670683,0.01892165,1.59111415,-0.29442824,-0.10511133,-0.09438633,0.12429544,-0.05737454,-0.02175832,-0.08774065,-0.21383169,-0.19082022,0.25058745,-0.11676161,-0.04365917,-0.17835679
9.120000,-0.27836118,-0.14993567,1.17796242,0.01834201,1.59089437,-0.29531466,-0.10728231,-0.09631960,0.12683175,-0.05856038,-0.02219926,-0.08955074,-0.22028748,-0.19577210,0.25659671,-0.12036504,-0.04451643,-0.18359808
9.130000,-0.27944512,-0.15090874,1.17924366,0.01775033,1.59067014,-0.29621943,-0.10951551,-0.09830049,0.12942578,-0.05978097,-0.02264840,-0.09141132,-0.22627138,-0.20034136,0.26212684,-0.12370746,-0.04529887,-0.18845220
9.140000,-0.28055168,-0.15190183,1.18055111,0.01714628,1.59044138,-0.29714304,-0.11180609,-0.10032507,0.13207259,-0.06103362,-0.02310497,-0.09331842,-0.23175843,-0.20450563,0.26714844,-0.12677521,-0.04600137,-0.19289836
9.150000,-0.28168141,-0.15291537,1.18188527,0.01652956,1.59020801,-0.29808594,-0.11414894,-0.10238918,0.13476695,-0.06231551,-0.02356814,-0.09526786,-0.23672364,-0.20824253,0.27163210,-0.12955460,-0.04661884,-0.19691572
9.160000,-0.28283481,-0.15394973,1.18324659,0.01589989,1.58996999,-0.29904852,-0.11653874,-0.10448843,0.13750334,-0.06362370,-0.02403704,-0.09725524,-0.24114203,-0.21152971,0.27554842,-0.13203198,-0.04714616,-0.20048349
9.170000,-0.28401233,-0.15500524,1.18463546,0.01525701,1.58972726,-0.30003115,-0.11896988,-0.10661820,0.14027593,-0.06495510,-0.02451075,-0.09927596,-0.24498861,-0.21434481,0.27886801,-0.13419368,-0.04757823,-0.20358085
9.180000,-0.28521433,-0.15608218,1.18605221,0.01460072,1.58947977,-0.30103414,-0.12143652,-0.10877367,0.14307861,-0.06630648,-0.02498827,-0.10132522,-0.24823842,-0.21666545,0.28156145,-0.13602603,-0.04790994,-0.20618697
9.190000,-0.28644115,-0.15718078,1.18749711,0.01393083,1.58922748,-0.30205773,-0.12393257,-0.11094979,0.14590498,-0.06767448,-0.02546859,-0.10339799,-0.25086647,-0.21846927,0.28359934,-0.13751537,-0.04813618,-0.20828106
9.200000,-0.28769306,-0.15830123,1.18897036,0.01324718,1.58897039,-0.30310216,-0.12645169,-0.11314126,0.14874832,-0.06905560,-0.02595063,-0.10548906,-0.25284778,-0.21973391,0.28495229,-0.13864802,-0.04825186,-0.20984229
9.210000,-0.28897024,-0.15944364,1.19047211,0.01254968,1.58870847,-0.30416756,-0.12898729,-0.11534259,0.15160164,-0.07044620,-0.02643324,-0.10759299,-0.25415736,-0.22043701,0.28559089,-0.13941032,-0.04825185,-0.21084984
9.220000,-0.29027284,-0.16060809,1.19200241,0.01183824,1.58844173,-0.30525404,-0.13153252,-0.11754806,0.15445765,-0.07184252,-0.02691526,-0.10970415,-0.25477025,-0.22055619,0.28548573,-0.13978861,-0.04813107,-0.21128291
9.230000,-0.29160090,-0.16179460,1.19356125,0.01111282,1.58817017,-0.30636165,-0.13408029,-0.11975170,0.15730878,-0.07324065,-0.02739545,-0.11181667,-0.25466145,-0.22006910,0.28460742,-0.13976921,-0.04788439,-0.21112069
9.240000,-0.29295443,-0.16300310,1.19514854,0.01037344,1.58789383,-0.30749036,-0.13662326,-0.12194734,0.16014713,-0.07463654,-0.02787251,-0.11392451,-0.25380599,-0.21895337,0.28292655,-0.13933845,-0.04750671,-0.21034235
9.250000,-0.29433333,-0.16423350,1.19676412,0.00962012,1.58761273,-0.30864010,-0.13915383,-0.12412859,0.16296453,-0.07602600,-0.02834513,-0.11602139,-0.25217889,-0.21718664,0.28041373,-0.13848268,-0.04699293,-0.20892708
9.260000,-0.29573744,-0.16548560,1.19840773,0.00885295,1.58732694,-0.30981073,-0.14166418,-0.12628883,0.16575253,-0.07740473,-0.02881190,-0.11810086,-0.24975517,-0.21474653,0.27703954,-0.13718822,-0.04633794,-0.20685408
9.270000,-0.29716651,-0.16675918,1.20007904,0.00807207,1.58703652,-0.31100204,-0.14414620,-0.12842121,0.16850236,-0.07876826,-0.02927140,-0.12015621,-0.24650984,-0.21161070,0.27277459,-0.13544140,-0.04553663,-0.20410251
9.280000,-0.29862024,-0.16805391,1.20177762,0.00727765,1.58674154,-0.31221375,-0.14659155,-0.13051865,0.17120496,-0.08011200,-0.02972213,-0.12218057,-0.24241793,-0.20775677,0.26758947,-0.13322856,-0.04458390,-0.20065158
9.290000,-0.30009819,-0.16936941,1.20350295,0.00646991,1.58644211,-0.31344552,-0.14899165,-0.13257387,0.17385098,-0.08143123,-0.03016255,-0.12416684,-0.23745445,-0.20316238,0.26145478,-0.13053603,-0.04347464,-0.19648046
9.300000,-0.30159989,-0.17070522,1.20525442,0.00564913,1.58613833,-0.31469693,-0.15133765,-0.13457936,0.17643079,-0.08272108,-0.03059108,-0.12610771,-0.23159443,-0.19780516,0.25434113,-0.12735014,-0.04220374,-0.19156835
9.310000,-0.30312474,-0.17206081,1.20703131,0.00481561,1.58583034,-0.31596750,-0.15362047,-0.13652736,0.17893444,-0.08397654,-0.03100607,-0.12799567,-0.22481289,-0.19166275,0.24621909,-0.12365723,-0.04076610,-0.18589442
9.320000,-0.30467206,-0.17343555,1.20883282,0.00396973,1.58551826,-0.31725665,-0.15583076,-0.13840992,0.18135171,-0.08519249,-0.03140583,-0.12982299,-0.21708484,-0.18471278,0.23705929,-0.11944363,-0.03915661,-0.17943787
9.330000,-0.30624108,-0.17482876,1.21065803,0.00311191,1.58520228,-0.31856373,-0.15795893,-0.14021885,0.18367207,-0.08636364,-0.03178862,-0.13158175,-0.20838531,-0.17693290,0.22683230,-0.11469567,-0.03737016,-0.17217788
9.340000,-0.30783093,-0.17623965,1.21250590,0.00224262,1.58488255,-0.31988803,-0.15999514,-0.14194574,0.18588470,-0.08748457,-0.03215263,-0.13326380,-0.19868931,-0.16830073,0.21550874,-0.10939968,-0.03540165,-0.16409364
9.350000,-0.30944064,-0.17766737,1.21437532,0.00136240,1.58455929,-0.32122872,-0.16192931,-0.14358195,0.18797849,-0.08854976,-0.03249602,-0.13486081,-0.18797187,-0.15879391,0.20305919,-0.10354200,-0.03324597,-0.15516432
9.360000,-0.31106914,-0.17911096,1.21626504,0.00047183,1.58423271,-0.32258493,-0.16375109,-0.14511862,0.18994203,-0.08955350,-0.03281691,-0.13636420,-0.17620800,-0.14839009,0.18945425,-0.09710896,-0.03089801,-0.14536912
9.370000,-0.31271525,-0.18056938,1.21817369,-0.00042845,1.58390304,-0.32395567,-0.16544990,-0.14654669,0.19176363,-0.09048997,-0.03311333,-0.13776523,-0.16337407,-0.13706806,0.17466607,-0.09008762,-0.02835293,-0.13468835
9.380000,-0.31437769,-0.18204150,1.22009980,-0.00133773,1.58357053,-0.32533986,-0.16701506,-0.14785697,0.19343147,-0.09135332,-0.03338332,-0.13905506,-0.14948715,-0.12484223,0.15871303,-0.08248739,-0.02561375,-0.12313610
9.390000,-0.31605507,-0.18352610,1.22204177,-0.00225525,1.58323546,-0.32673637,-0.16843635,-0.14904070,0.19493425,-0.09213791,-0.03362500,-0.14022523,-0.13461120,-0.11176800,0.14166685,-0.07434337,-0.02269254,-0.11076539
9.400000,-0.31774591,-0.18502187,1.22399790,-0.00318020,1.58289813,-0.32814394,-0.16970421,-0.15008969,0.19626141,-0.09283849,-0.03383660,-0.14126783,-0.11881277,-0.09790303,0.12360221,-0.06569209,-0.01960190,-0.09763141
9.410000,-0.31944862,-0.18652742,1.22596638,-0.00411172,1.58255884,-0.32956127,-0.17080975,-0.15099632,0.19740314,-0.09345018,-0.03401651,-0.14217550,-0.10215842,-0.08330500,0.10459377,-0.05657008,-0.01635440,-0.08378936
9.420000,-0.32116154,-0.18804130,1.22794531,-0.00504890,1.58221791,-0.33098698,-0.17174474,-0.15175354,0.19835039,-0.09396845,-0.03416321,-0.14294144,-0.08471471,-0.06803157,0.08471621,-0.04701388,-0.01296263,-0.06929442
9.430000,-0.32288292,-0.18956197,1.22993271,-0.00599077,1.58187569,-0.33241961,-0.17250163,-0.15235489,0.19909482,-0.09438913,-0.03427532,-0.14355939,-0.06654821,-0.05214040,0.06404419,-0.03706002,-0.00943917,-0.05420177
9.440000,-0.32461095,-0.19108785,1.23192651,-0.00693634,1.58153252,-0.33385766,-0.17307352,-0.15279448,0.19962887,-0.09470844,-0.03435160,-0.14402366,-0.04772545,-0.03568918,0.04265240,-0.02674503,-0.00579661,-0.03856661
9.450000,-0.32634375,-0.19261730,1.23392456,-0.00788459,1.58118878,-0.33529955,-0.17345418,-0.15306700,0.19994572,-0.09492295,-0.03439090,-0.14432910,-0.02831301,-0.01873557,0.02061549,-0.01610545,-0.00204753,-0.02244411
9.460000,-0.32807938,-0.19414862,1.23592468,-0.00883444,1.58084483,-0.33674369,-0.17363804,-0.15316771,0.20003928,-0.09502959,-0.03439223,-0.14447110,-0.00837745,-0.00133723,-0.00199185,-0.00517780,0.00179549,-0.00588948
9.470000,-0.32981584,-0.19568007,1.23792459,-0.00978481,1.58050106,-0.33818842,-0.17362020,-0.15309246,0.19990423,-0.09502567,-0.03435472,-0.14444563,0.01201469,0.01644816,-0.02509496,0.00600137,0.00571986,0.01104211
9.480000,-0.33155110,-0.19720987,1.23992199,-0.01073458,1.58015787,-0.33963204,-0.17339644,-0.15283765,0.19953598,-0.09490885,-0.03427761,-0.14424919,0.03279684,0.03456293,-0.04861916,0.01739555,0.00971301,0.02829547
9.490000,-0.33328307,-0.19873622,1.24191452,-0.01168260,1.57981565,-0.34107282,-0.17296319,-0.15240029,0.19893069,-0.09467716,-0.03416027,-0.14387883,0.05390244,0.05294942,-0.07248979,0.02896818,0.01376234,0.04581541
9.500000,-0.33500965,-0.20025726,1.24389980,-0.01262773,1.57947480,-0.34250902,-0.17231754,-0.15177795,0.19808528,-0.09432901,-0.03400222,-0.14333218,0.07526494,0.07154995,-0.09663217,0.04068275,0.01785527,0.06354674
9.510000,-0.33672871,-0.20177115,1.24587541,-0.01356879,1.57913574,-0.34393887,-0.17145726,-0.15096877,0.19699739,-0.09386316,-0.03380306,-0.14260738,0.09681778,0.09030686,-0.12097163,0.05250272,0.02197923,0.08143427
9.520000,-0.33843808,-0.20327601,1.24783893,-0.01450460,1.57879888,-0.34536057,-0.17038077,-0.14997148,0.19566544,-0.09327873,-0.03356257,-0.14170316,0.11849440,0.10916248,-0.14543351,0.06439155,0.02612162,0.09942283
9.530000,-0.34013560,-0.20476995,1.24978791,-0.01543397,1.57846463,-0.34677233,-0.16908718,-0.14878538,0.19408856,-0.09257522,-0.03328061,-0.14061877,0.14022823,0.12805914,-0.16994312,0.07631271,0.03026986,0.11745721
9.540000,-0.34181910,-0.20625109,1.25171989,-0.01635571,1.57813340,-0.34817235,-0.16757624,-0.14741035,0.19226666,-0.09175249,-0.03295720,-0.13935404,0.16195274,0.14693916,-0.19442580,0.08822968,0.03441137,0.13548224
9.550000,-0.34348640,-0.20771753,1.25363243,-0.01726862,1.57780562,-0.34955881,-0.16584837,-0.14584685,0.19020038,-0.09081076,-0.03259245,-0.13790934,0.18360134,0.16574489,-0.21880688,0.10010591,0.03853357,0.15344273
9.560000,-0.34513534,-0.20916740,1.25552308,-0.01817153,1.57748169,-0.35092994,-0.16390468,-0.14409590,0.18789111,-0.08975063,-0.03218663,-0.13628559,0.20510750,0.18441865,-0.24301168,0.11190488,0.04262386,0.17128348
9.570000,-0.34676378,-0.21059883,1.25738944,-0.01906324,1.57716202,-0.35228393,-0.16174692,-0.14215911,0.18534099,-0.08857304,-0.03174012,-0.13448425,0.22640464,0.20290277,-0.26696553,0.12359005,0.04666968,0.18894932
9.580000,-0.34836958,-0.21200997,1.25922911,-0.01994260,1.57684702,-0.35361904,-0.15937751,-0.14003867,0.18255289,-0.08727933,-0.03125343,-0.13250737,0.24742622,0.22113959,-0.29059377,0.13512489,0.05065843,0.20638505
9.590000,-0.34995063,-0.21339900,1.26103972,-0.02080845,1.57653709,-0.35493350,-0.15679954,-0.13773733,0.17953045,-0.08587117,-0.03072718,-0.13035750,0.26810567,0.23907143,-0.31382172,0.14647286,0.05457754,0.22353549
9.600000,-0.35150488,-0.21476412,1.26281895,-0.02165965,1.57623261,-0.35622562,-0.15401676,-0.13525845,0.17627804,-0.08435062,-0.03016215,-0.12803779,0.28837644,0.25664063,-0.33657470,0.15759744,0.05841441,0.24034545
9.610000,-0.35303030,-0.21610359,1.26456453,-0.02249509,1.57593397,-0.35749371,-0.15103359,-0.13260592,0.17280078,-0.08272009,-0.02955921,-0.12555191,0.30817196,0.27378951,-0.35877806,0.16846210,0.06215647,0.25675974
9.620000,-0.35452491,-0.21741568,1.26627424,-0.02331369,1.57564155,-0.35873612,-0.14785513,-0.12978425,0.16910456,-0.08098236,-0.02891938,-0.12290410,0.32742569,0.29046042,-0.38035711,0.17903028,0.06579112,0.27272317
9.630000,-0.35598677,-0.21869873,1.26794592,-0.02411439,1.57535570,-0.35995127,-0.14448711,-0.12679850,0.16519597,-0.07914059,-0.02824379,-0.12009914,0.34607105,0.30659567,-0.40123719,0.18926548,0.06930580,0.28818057
9.640000,-0.35741404,-0.21995112,1.26957748,-0.02489617,1.57507678,-0.36113760,-0.14093595,-0.12365431,0.16108239,-0.07719828,-0.02753370,-0.11714236,0.36404150,0.32213760,-0.42134363,0.19913115,0.07268790,0.30307673
9.650000,-0.35880490,-0.22117131,1.27116691,-0.02565804,1.57480514,-0.36229363,-0.13720875,-0.12035792,0.15677193,-0.07515932,-0.02679051,-0.11403966,0.38127048,0.33702854,-0.44060174,0.20859076,0.07592486,0.31735648
9.660000,-0.36015765,-0.22235779,1.27271229,-0.02639905,1.57454108,-0.36341792,-0.13331324,-0.11691610,0.15227343,-0.07302794,-0.02601573,-0.11079747,0.39769142,0.35121082,-0.45893687,0.21760777,0.07900409,0.33096462
9.670000,-0.36147064,-0.22350917,1.27421178,-0.02711830,1.57428492,-0.36450913,-0.12925784,-0.11333625,0.14759651,-0.07080876,-0.02521100,-0.10742279,0.41323777,0.36462678,-0.47627434,0.22614566,0.08191300,0.34384598
9.680000,-0.36274230,-0.22462409,1.27566366,-0.02781495,1.57403695,-0.36556596,-0.12505162,-0.10962632,0.14275152,-0.06850675,-0.02437808,-0.10392316,0.42784298,0.37721874,-0.49253948,0.23416790,0.08463900,0.35594535
9.690000,-0.36397120,-0.22570129,1.27706629,-0.02848818,1.57379745,-0.36658721,-0.12070433,-0.10579482,0.13774955,-0.06612724,-0.02351887,-0.10030667,0.44144048,0.38892903,-0.50765761,0.24163794,0.08716953,0.36720756
9.700000,-0.36515596,-0.22673961,1.27841816,-0.02913725,1.57356666,-0.36757174,-0.11622639,-0.10185087,0.13260244,-0.06367595,-0.02263539,-0.09658198,0.45396371,0.39969999,-0.52155407,0.24851926,0.08949198,0.37757742
9.710000,-0.36629533,-0.22773796,1.27971789,-0.02976148,1.57334481,-0.36851852,-0.11162886,-0.09780414,0.12732279,-0.06115894,-0.02172977,-0.09275828,0.46534612,0.40947395,-0.53415419,0.25477532,0.09159379,0.38699973
9.720000,-0.36738817,-0.22869538,1.28096422,-0.03036023,1.57313213,-0.36942660,-0.10692349,-0.09366490,0.12192393,-0.05858265,-0.02080429,-0.08884533,0.47552115,0.41819323,-0.54538329,0.26036959,0.09346236,0.39541932
9.730000,-0.36843348,-0.22961099,1.28215602,-0.03093296,1.57292879,-0.37029516,-0.10212269,-0.08944399,0.11641994,-0.05595388,-0.01986134,-0.08485342,0.48442224,0.42580017,-0.55516671,0.26526554,0.09508511,0.40278099
9.740000,-0.36943035,-0.23048403,1.28329232,-0.03147916,1.57273495,-0.37112345,-0.09723952,-0.08515280,0.11082566,-0.05327979,-0.01890345,-0.08079342,0.49198284,0.43223711,-0.56342976,0.26942664,0.09644946,0.40902957
9.750000,-0.37037804,-0.23131385,1.28437229,-0.03199843,1.57255076,-0.37191084,-0.09228772,-0.08080334,0.10515666,-0.05056792,-0.01793325,-0.07667672,0.49813638,0.43744636,-0.57009779,0.27281635,0.09754283,0.41410985
9.760000,-0.37127593,-0.23209994,1.28539526,-0.03249042,1.57237632,-0.37265683,-0.08728170,-0.07640816,0.09942927,-0.04782616,-0.01695354,-0.07251530,0.50281631,0.44137026,-0.57509611,0.27539814,0.09835263,0.41796665
9.770000,-0.37212354,-0.23284191,1.28636073,-0.03295488,1.57221171,-0.37336104,-0.08223653,-0.07198041,0.09366055,-0.04506277,-0.01596719,-0.06832165,0.50595606,0.44395115,-0.57835006,0.27713548,0.09886627,0.42054479
9.780000,-0.37292058,-0.23353949,1.28726839,-0.03339163,1.57205699,-0.37402320,-0.07716794,-0.06753380,0.08786833,-0.04228638,-0.01497724,-0.06410885,0.50748909,0.44513135,-0.57978496,0.27799183,0.09907118,0.42178908
9.790000,-0.37366688,-0.23419257,1.28811808,-0.03380059,1.57191217,-0.37464320,-0.07209232,-0.06308264,0.08207117,-0.03950599,-0.01398684,-0.05989050,0.50734884,0.44485319,-0.57932616,0.27793066,0.09895477,0.42164433
9.800000,-0.37436246,-0.23480117,1.28890986,-0.03418177,1.57177724,-0.37522104,-0.06702676,-0.05864179,0.07628837,-0.03673095,-0.01299926,-0.05568078,0.50546874,0.44305902,-0.57689896,0.27691545,0.09850446,0.42005536
9.810000,-0.37500751,-0.23536549,1.28964397,-0.03453526,1.57165216,-0.37575689,-0.06198897,-0.05422671,0.07054000,-0.03397099,-0.01201790,-0.05149439,0.50178223,0.43969114,-0.57242871,0.27490964,0.09770766,0.41696697
9.820000,-0.37560239,-0.23588585,1.29032085,-0.03486127,1.57153685,-0.37625106,-0.05699736,-0.04985341,0.06484686,-0.03123618,-0.01104630,-0.04734662,0.49622277,0.43469191,-0.56584072,0.27187673,0.09655179,0.41232398
9.830000,-0.37614767,-0.23636275,1.29094116,-0.03516010,1.57143119,-0.37670400,-0.05207098,-0.04553850,0.05923049,-0.02853700,-0.01008810,-0.04325328,0.48872378,0.42800364,-0.55706034,0.26778016,0.09502427,0.40607121
9.840000,-0.37664409,-0.23679687,1.29150579,-0.03543217,1.57133503,-0.37711636,-0.04722957,-0.04129916,0.05371321,-0.02588425,-0.00914710,-0.03923074,0.47921872,0.41956867,-0.54601288,0.26258341,0.09311251,0.39815346
9.850000,-0.37709261,-0.23718904,1.29201583,-0.03567798,1.57124818,-0.37748891,-0.04249351,-0.03715314,0.04831804,-0.02328912,-0.00822718,-0.03529594,0.46764103,0.40932933,-0.53262368,0.25624995,0.09080393,0.38851554
9.860000,-0.37749439,-0.23754030,1.29247263,-0.03589818,1.57117040,-0.37782263,-0.03788388,-0.03311878,0.04306879,-0.02076316,-0.00733238,-0.03146635,0.45392414,0.39722796,-0.51681807,0.24874324,0.08808595,0.37710228
9.870000,-0.37785078,-0.23785186,1.29287777,-0.03609352,1.57110143,-0.37811865,-0.03342238,-0.02921498,0.03798998,-0.01831828,-0.00646687,-0.02776000,0.43800150,0.38320688,-0.49852137,0.24002675,0.08494598,0.36385848
9.880000,-0.37816340,-0.23812510,1.29323309,-0.03626486,1.57104095,-0.37837830,-0.02913142,-0.02546123,0.03310691,-0.01596678,-0.00563491,-0.02419547,0.41980656,0.36720842,-0.47765891,0.23006395,0.08137144,0.34872896
9.890000,-0.37843406,-0.23836165,1.29354065,-0.03641320,1.57098861,-0.37860309,-0.02503405,-0.02187759,0.02844561,-0.01372128,-0.00484093,-0.02079189,0.39927274,0.34917491,-0.45415603,0.21881830,0.07734974,0.33165852
9.900000,-0.37866481,-0.23856329,1.29380283,-0.03653968,1.57094399,-0.37879474,-0.02115399,-0.01848471,0.02403284,-0.01159481,-0.00408945,-0.01756895,0.37633350,0.32904869,-0.42793804,0.20625327,0.07286831,0.31259198
9.910000,-0.37885794,-0.23873205,1.29402223,-0.03664554,1.57090666,-0.37895514,-0.01751562,-0.01530379,0.01989614,-0.00960074,-0.00338514,-0.01454689,0.35092228,0.30677209,-0.39893029,0.19233234,0.06791455,0.29147416
9.920000,-0.37901601,-0.23887015,1.29420176,-0.03673218,1.57087612,-0.37908642,-0.01414400,-0.01235663,0.01606378,-0.00775280,-0.00273277,-0.01174649,0.32297252,0.28228743,-0.36705809,0.17701895,0.06247589,0.26824987
9.930000,-0.37914180,-0.23898003,1.29434462,-0.03680113,1.57085182,-0.37919088,-0.01106485,-0.00966559,0.01256478,-0.00606512,-0.00213728,-0.00918910,0.29241766,0.25553705,-0.33224677,0.16027660,0.05653974,0.24286391
9.940000,-0.37923837,-0.23906439,1.29445427,-0.03685407,1.57083317,-0.37927108,-0.00830455,-0.00725363,0.00942889,-0.00455216,-0.00160368,-0.00689660,0.25919114,0.22646328,-0.29442167,0.14206873,0.05009352,0.21526111
9.950000,-0.37930904,-0.23912612,1.29453451,-0.03689281,1.57081952,-0.37932977,-0.00589016,-0.00514426,0.00668664,-0.00322875,-0.00113715,-0.00489145,0.22322641,0.19500845,-0.25350812,0.12235882,0.04312465,0.18538627
9.960000,-0.37935742,-0.23916836,1.29458942,-0.03691932,1.57081018,-0.37936994,-0.00384938,-0.00336159,0.00436928,-0.00211011,-0.00074297,-0.00319663,0.18445691,0.16111490,-0.20943144,0.10111034,0.03562053,0.15318421
9.970000,-0.37938737,-0.23919452,1.29462341,-0.03693574,1.57080440,-0.37939482,-0.00221059,-0.00193029,0.00250881,-0.00121180,-0.00042656,-0.00183570,0.14281607,0.12472494,-0.16211695,0.07828675,0.02756859,0.11859974
9.980000,-0.37940307,-0.23920822,1.29464123,-0.03694435,1.57080137,-0.37940785,-0.00100285,-0.00087561,0.00113798,-0.00054975,-0.00019347,-0.00083276,0.09823735,0.08578092,-0.11149000,0.05385151,0.01895624,0.08157768
9.990000,-0.37940896,-0.23921337,1.29464792,-0.03694758,1.57080024,-0.37941275,-0.00025586,-0.00022337,0.00029030,-0.00014026,-0.00004935,-0.00021246,0.05065418,0.04422516,-0.05747591,0.02776811,0.00977091,0.04206282
10.000000,-0.37940982,-0.23921412,1.29464889,-0.03694805,1.57080007,-0.37941346,-0.00000000,-0.00000000,0.00000000,0.00000000,0.00000000,-0.00000000,0.00000000,0.00000000,-0.00000000,0.00000000,0.00000000,0.00000000
