t_s,q1_rad,q2_rad,q3_rad,q4_rad,q5_rad,q6_rad,qd1_rad_s,qd2_rad_s,qd3_rad_s,qd4_rad_s,qd5_rad_s,qd6_rad_s,qdd1_rad_s2,qdd2_rad_s2,qdd3_rad_s2,qdd4_rad_s2,qdd5_rad_s2,qdd6_rad_s2
0.000000,0.75241524,-0.09457277,1.49274445,0.08939718,1.67934430,0.87390769,0.00000000,0.00000000,0.00000000,0.00000000,0.00000000,0.00000000,0.00000000,0.00000000,0.00000000,0.00000000,-0.00000000,0.00000000
0.010000,0.75241412,-0.09457320,1.49274441,0.08939841,1.67934612,0.87390785,-0.00033320,-0.00012926,-0.00001014,0.00036741,0.00054367,0.00004968,-0.06603197,-0.02560138,-0.00200441,0.07284480,0.10774172,0.00988255
0.020000,0.75240644,-0.09457618,1.49274418,0.08940690,1.67935866,0.87390900,-0.00130861,-0.00050706,-0.00003960,0.00144428,0.00213516,0.00019657,-0.12845494,-0.04971230,-0.00386322,0.14190383,0.20958198,0.01944168
0.030000,0.75238593,-0.09458412,1.49274356,0.08942954,1.67939212,0.87391210,-0.00289049,-0.00111864,-0.00008693,0.00319309,0.00471601,0.00043745,-0.18733737,-0.07236200,-0.00557971,0.20724570,0.30563098,0.02868002
0.040000,0.75234672,-0.09459929,1.49274238,0.08947288,1.67945609,0.87391805,-0.00504378,-0.00194953,-0.00015073,0.00557703,0.00822885,0.00076911,-0.24274770,-0.09357973,-0.00715718,0.26893900,0.39599893,0.03760025
0.050000,0.75228326,-0.09462380,1.49274050,0.08954308,1.67955961,0.87392777,-0.00773410,-0.00298556,-0.00022963,0.00855994,0.01261742,0.00118840,-0.29475440,-0.11339473,-0.00859893,0.32705235,0.48079606,0.04620499
0.060000,0.75219036,-0.09465963,1.49273775,0.08964595,1.67971117,0.87394210,-0.01092775,-0.00421284,-0.00032227,0.01210637,0.01782656,0.00169217,-0.34342590,-0.13183626,-0.00990823,0.38165433,0.56013256,0.05449691
0.070000,0.75206314,-0.09470864,1.49273401,0.08978697,1.67991870,0.87396189,-0.01459173,-0.00561780,-0.00042736,0.01618155,0.02380223,0.00227731,-0.38883067,-0.14893357,-0.01108838,0.43281354,0.63411867,0.06247866
0.080000,0.75189707,-0.09477254,1.49272916,0.08997123,1.68018960,0.87398791,-0.01869371,-0.00718713,-0.00054362,0.02075139,0.03049147,0.00294072,-0.43103716,-0.16471590,-0.01214268,0.48059859,0.70286458,0.07015289
0.090000,0.75168791,-0.09485289,1.49272310,0.09020353,1.68053074,0.87402095,-0.02320204,-0.00890783,-0.00066981,0.02578250,0.03784243,0.00367935,-0.47011381,-0.17921251,-0.01307442,0.52507808,0.76648052,0.07752224
0.100000,0.75143177,-0.09495116,1.49271574,0.09048831,1.68094848,0.87406174,-0.02808578,-0.01076719,-0.00080471,0.03124217,0.04580435,0.00449016,-0.50612907,-0.19245264,-0.01388688,0.56632061,0.82507670,0.08458936
0.110000,0.75112505,-0.09506866,1.49270698,0.09082970,1.68144869,0.87411098,-0.03331465,-0.01275279,-0.00094716,0.03709836,0.05432759,0.00537014,-0.53915141,-0.20446554,-0.01458336,0.60439478,0.87876333,0.09135692
0.120000,0.75076443,-0.09520659,1.49269677,0.09123150,1.68203674,0.87416936,-0.03885906,-0.01485251,-0.00109600,0.04331973,0.06336362,0.00631630,-0.56924927,-0.21528046,-0.01516716,0.63936918,0.92765062,0.09782755
0.130000,0.75034691,-0.09536605,1.49268505,0.09169721,1.68271752,0.87423752,-0.04469011,-0.01705451,-0.00125013,0.04987563,0.07286498,0.00732571,-0.59649110,-0.22492664,-0.01564155,0.67131242,0.97184879,0.10400391
0.140000,0.74986977,-0.09554799,1.49267176,0.09223002,1.68349544,0.87431608,-0.05077959,-0.01934724,-0.00140848,0.05673610,0.08278533,0.00839541,-0.62094535,-0.23343335,-0.01600984,0.70029309,1.01146805,0.10988865
0.150000,0.74933055,-0.09575326,1.49265687,0.09283285,1.68437447,0.87440562,-0.05709995,-0.02171947,-0.00156999,0.06387185,0.09307944,0.00952252,-0.64268048,-0.24082982,-0.01627532,0.72637981,1.04661862,0.11548442
0.160000,0.74872709,-0.09598260,1.49264035,0.09350828,1.68535813,0.87450671,-0.06362436,-0.02416024,-0.00173365,0.07125428,0.10370317,0.01070414,-0.66176494,-0.24714530,-0.01644127,0.74964116,1.07741070,0.12079388
0.170000,0.74805747,-0.09623665,1.49262219,0.09425866,1.68644949,0.87461988,-0.07032665,-0.02665887,-0.00189849,0.07885548,0.11461349,0.01193745,-0.67826718,-0.25240905,-0.01651099,0.77014575,1.10395451,0.12581966
0.180000,0.74732005,-0.09651594,1.49260238,0.09508603,1.68765121,0.87474562,-0.07718133,-0.02920501,-0.00206356,0.08664824,0.12576847,0.01321960,-0.69225564,-0.25665031,-0.01648778,0.78796218,1.12636027,0.13056442
0.190000,0.74651342,-0.09682088,1.49258092,0.09599218,1.68896554,0.87488442,-0.08416361,-0.03178857,-0.00222795,0.09460600,0.13712727,0.01454781,-0.70379879,-0.25989833,-0.01637491,0.80315904,1.14473818,0.13503082
0.200000,0.74563643,-0.09715180,1.49255782,0.09697861,1.69039430,0.87503672,-0.09124938,-0.03439976,-0.00239077,0.10270291,0.14865018,0.01591930,-0.71296508,-0.26218236,-0.01617569,0.81580494,1.15919847,0.13922149
0.210000,0.74468816,-0.09750894,1.49253311,0.09804661,1.69193896,0.87520294,-0.09841521,-0.03702910,-0.00255119,0.11091382,0.16029855,0.01733133,-0.71982295,-0.26353165,-0.01589340,0.82596849,1.16985134,0.14313910
0.220000,0.74366793,-0.09789241,1.49250681,0.09919719,1.69360057,0.87538347,-0.10563837,-0.03966738,-0.00270838,0.11921424,0.17203488,0.01878118,-0.72444086,-0.26397545,-0.01553134,0.83371827,1.17680701,0.14678630
0.230000,0.74257528,-0.09830228,1.49247896,0.10043112,1.69537983,0.87557868,-0.11289679,-0.04230569,-0.00286156,0.12758037,0.18382274,0.02026616,-0.72688725,-0.26354300,-0.01509280,0.83912288,1.18017569,0.15016573
0.240000,0.74140995,-0.09873850,1.49244960,0.10174894,1.69727708,0.87578891,-0.12016911,-0.04493542,-0.00300999,0.13598911,0.19562680,0.02178361,-0.72723059,-0.26226356,-0.01458107,0.84225094,1.18006760,0.15328004
0.250000,0.74017192,-0.09920093,1.49241878,0.10315097,1.69929230,0.87601445,-0.12743462,-0.04754823,-0.00315295,0.14441803,0.20741287,0.02333089,-0.72553932,-0.26016637,-0.01399945,0.84317104,1.17659294,0.15613189
0.260000,0.73886135,-0.09968938,1.49238656,0.10463729,1.70142516,0.87625561,-0.13467334,-0.05013611,-0.00328975,0.15284540,0.21914781,0.02490538,-0.72188190,-0.25728068,-0.01335121,0.84195177,1.16986194,0.15872392
0.270000,0.73747861,-0.10020355,1.49235300,0.10620780,1.70367498,0.87651264,-0.14186594,-0.05269132,-0.00341976,0.16125016,0.23079962,0.02650451,-0.71632677,-0.25363575,-0.01263966,0.83866174,1.15998480,0.16105879
0.280000,0.73602425,-0.10074307,1.49231819,0.10786215,1.70604077,0.87678578,-0.14899378,-0.05520640,-0.00354235,0.16961196,0.24233738,0.02812571,-0.70894239,-0.24926081,-0.01186809,0.83336955,1.14707174,0.16313914
0.290000,0.73449901,-0.10130752,1.49228218,0.10959983,1.70852125,0.87707522,-0.15603891,-0.05767420,-0.00365693,0.17791111,0.25373130,0.02976645,-0.69979720,-0.24418512,-0.01103978,0.82614380,1.13123297,0.16496764
0.300000,0.73290380,-0.10189638,1.49224508,0.11142010,1.71111483,0.87738116,-0.16298408,-0.06008786,-0.00376297,0.18612862,0.26495266,0.03142423,-0.68895967,-0.23843794,-0.01015804,0.81705309,1.11257870,0.16654692
0.310000,0.73123971,-0.10250907,1.49220695,0.11332207,1.71381964,0.87770376,-0.16981269,-0.06244082,-0.00385993,0.19424618,0.27597386,0.03309657,-0.67649824,-0.23204849,-0.00922615,0.80616602,1.09121916,0.16787964
0.320000,0.72950799,-0.10314497,1.49216791,0.11530464,1.71663355,0.87804314,-0.17650886,-0.06472679,-0.00394733,0.20224618,0.28676839,0.03478101,-0.66248136,-0.22504604,-0.00824740,0.79355119,1.06726455,0.16896844
0.330000,0.72771003,-0.10380337,1.49212804,0.11736654,1.71955416,0.87839941,-0.18305736,-0.06693979,-0.00402473,0.21011167,0.29731086,0.03647513,-0.64697749,-0.21745984,-0.00722508,0.77927720,1.04082508,0.16981599
0.340000,0.72584738,-0.10448350,1.49208745,0.11950637,1.72257884,0.87877266,-0.18944368,-0.06907413,-0.00409170,0.21782642,0.30757698,0.03817653,-0.63005508,-0.20931913,-0.00616249,0.76341264,1.01201097,0.17042493
0.350000,0.72392174,-0.10518457,1.49204624,0.12172252,1.72570470,0.87916296,-0.19565397,-0.07112442,-0.00414786,0.22537485,0.31754354,0.03988284,-0.61178258,-0.20065316,-0.00506292,0.74602613,0.98093243,0.17079790
0.360000,0.72193493,-0.10590569,1.49200453,0.12401326,1.72892864,0.87957033,-0.20167506,-0.07308554,-0.00419285,0.23274210,0.32718845,0.04159172,-0.59222843,-0.19149118,-0.00392966,0.72718625,0.94769968,0.17093757
0.370000,0.71988891,-0.10664597,1.49196242,0.12637671,1.73224733,0.87999479,-0.20749449,-0.07495269,-0.00422635,0.23991396,0.33649072,0.04330083,-0.57146110,-0.18186243,-0.00276600,0.70696162,0.91242293,0.17084658
0.380000,0.71778576,-0.10740442,1.49192004,0.12881084,1.73565725,0.88043634,-0.21310047,-0.07672133,-0.00424808,0.24687694,0.34543046,0.04500789,-0.54954904,-0.17179618,-0.00157524,0.68542082,0.87521239,0.17052758
0.390000,0.71562765,-0.10818005,1.49187750,0.13131351,1.73915467,0.88089493,-0.21848188,-0.07838725,-0.00425777,0.25361822,0.35398888,0.04671063,-0.52656068,-0.16132166,-0.00036065,0.66263247,0.83617828,0.16998322
0.400000,0.71341690,-0.10897181,1.49183493,0.13388243,1.74273569,0.88137053,-0.22362832,-0.07994650,-0.00425522,0.26012566,0.36214831,0.04840681,-0.50256450,-0.15046813,0.00087445,0.63866515,0.79543080,0.16921616
0.410000,0.71115590,-0.10977861,1.49179244,0.13651520,1.74639625,0.88186304,-0.22853004,-0.08139545,-0.00424023,0.26638782,0.36989216,0.05009422,-0.47762894,-0.13926483,0.00212679,0.61358748,0.75308018,0.16822904
0.420000,0.70884715,-0.11059934,1.49175017,0.13920933,1.75013210,0.88237238,-0.23317800,-0.08273073,-0.00421264,0.27239394,0.37720494,0.05177067,-0.45182244,-0.12774101,0.00339307,0.58746804,0.70923663,0.16702451
0.430000,0.70649322,-0.11143284,1.49170823,0.14196220,1.75393886,0.88289841,-0.23756382,-0.08394930,-0.00417233,0.27813394,0.38407228,0.05343399,-0.42521347,-0.11592593,0.00467000,0.56037545,0.66401035,0.16560523
0.440000,0.70409677,-0.11227793,1.49166676,0.14477109,1.75781202,0.88344100,-0.24167982,-0.08504838,-0.00411921,0.28359843,0.39048090,0.05508206,-0.39787047,-0.10384882,0.00595428,0.53237829,0.61751157,0.16397384
0.450000,0.70166054,-0.11313340,1.49162589,0.14763322,1.76174691,0.88399999,-0.24551901,-0.08602550,-0.00405323,0.28877872,0.39641864,0.05671277,-0.36986190,-0.09153894,0.00724264,0.50354518,0.56985049,0.16213300
0.460000,0.69918733,-0.11399802,1.49158574,0.15054569,1.76573878,0.88457520,-0.24907507,-0.08687848,-0.00397436,0.29366678,0.40187441,0.05832403,-0.34125620,-0.07902554,0.00853176,0.47394470,0.52113734,0.16008535
0.470000,0.69668000,-0.11487055,1.49154644,0.15350555,1.76978276,0.88516640,-0.25234237,-0.08760543,-0.00388260,0.29825528,0.40683824,0.05991380,-0.31212183,-0.06633787,0.00981837,0.44364547,0.47148231,0.15783355
0.480000,0.69414146,-0.11574971,1.49150813,0.15650978,1.77387388,0.88577339,-0.25531597,-0.08820475,-0.00377801,0.30253759,0.41130128,0.06148003,-0.28252725,-0.05350518,0.01109917,0.41271608,0.42099563,0.15538025
0.490000,0.69157468,-0.11663421,1.49147093,0.15955526,1.77800709,0.88639592,-0.25799161,-0.08867515,-0.00366065,0.30650773,0.41525575,0.06302074,-0.25254089,-0.04055670,0.01237087,0.38122513,0.36978752,0.15272810
0.500000,0.68898264,-0.11752278,1.49143496,0.16263887,1.78217728,0.88703372,-0.26036571,-0.08901560,-0.00353063,0.31016045,0.41869499,0.06453394,-0.22223122,-0.02752170,0.01363017,0.34924122,0.31796817,0.14987974
0.510000,0.68636838,-0.11841409,1.49140036,0.16575740,1.78637925,0.88768650,-0.26243538,-0.08922539,-0.00338810,0.31349114,0.42161345,0.06601769,-0.19166669,-0.01442942,0.01487380,0.31683295,0.26564781,0.14683783
0.520000,0.68373495,-0.11930685,1.49136724,0.16890761,1.79060779,0.88835397,-0.26419842,-0.08930409,-0.00323322,0.31649592,0.42400665,0.06747006,-0.16091574,-0.00130911,0.01609844,0.28406892,0.21293666,0.14360502
0.530000,0.68108544,-0.12019973,1.49133573,0.17208622,1.79485762,0.88903579,-0.26565330,-0.08925158,-0.00306621,0.31917156,0.42587124,0.06888916,-0.13004683,0.01180998,0.01730082,0.25101773,0.15994491,0.14018396
0.540000,0.67842292,-0.12109144,1.49130595,0.17528993,1.79912345,0.88973163,-0.26679919,-0.08906800,-0.00288729,0.32151555,0.42720498,0.07027312,-0.09912841,0.02489860,0.01847764,0.21774799,0.10678279,0.13657730
0.550000,0.67575048,-0.12198066,1.49127803,0.17851542,1.80339995,0.89044113,-0.26763594,-0.08875380,-0.00269675,0.32352602,0.42800670,0.07162010,-0.06822893,0.03792750,0.01962561,0.18432828,0.05356052,0.13278770
0.560000,0.67307123,-0.12286608,1.49125206,0.18175934,1.80768181,0.89116390,-0.26816406,-0.08830974,-0.00249489,0.32520184,0.42827636,0.07292827,-0.03741685,0.05086744,0.02074144,0.15082722,0.00038829,0.12881779
0.570000,0.67038823,-0.12374642,1.49122816,0.18501834,1.81196371,0.89189956,-0.26838479,-0.08773685,-0.00228204,0.32654253,0.42801500,0.07419586,-0.00676061,0.06368917,0.02182184,0.11731340,-0.05262366,0.12467023
0.580000,0.66770455,-0.12462040,1.49120645,0.18828907,1.81624035,0.89264768,-0.26830002,-0.08703645,-0.00205858,0.32754829,0.42722478,0.07542110,0.02367133,0.07636343,0.02286351,0.08385542,-0.10536514,0.12034768
0.590000,0.66502324,-0.12548673,1.49118703,0.19156819,1.82050645,0.89340783,-0.26791234,-0.08621017,-0.00182491,0.32822005,0.42590897,0.07660224,0.05381052,0.08886098,0.02386316,0.05052188,-0.15772592,0.11585278
0.600000,0.66234730,-0.12634419,1.49116999,0.19485237,1.82475679,0.89417957,-0.26722502,-0.08525992,-0.00158147,0.32855938,0.42407190,0.07773759,0.08358851,0.10115257,0.02481751,0.01738138,-0.20959579,0.11118818
0.610000,0.65967972,-0.12719153,1.49115543,0.19813828,1.82898617,0.89496243,-0.26624200,-0.08418790,-0.00132872,0.32856855,0.42171905,0.07882545,0.11293685,0.11320896,0.02572325,-0.01549747,-0.26086455,0.10635654
0.620000,0.65702343,-0.12802755,1.49114344,0.20142265,1.83318947,0.89575592,-0.26496794,-0.08299662,-0.00106717,0.32825053,0.41885698,0.07986417,0.14178709,0.12500088,0.02657710,-0.04804608,-0.31142197,0.10136050
0.630000,0.65438131,-0.12885107,1.49113411,0.20470221,1.83736164,0.89655954,-0.26340815,-0.08168886,-0.00079736,0.32760896,0.41549335,0.08085212,0.17007077,0.13649910,0.02737577,-0.08019585,-0.36115784,0.09620272
0.640000,0.65175620,-0.12966095,1.49112752,0.20797376,1.84149770,0.89737278,-0.26156864,-0.08026771,-0.00051985,0.32664817,0.41163693,0.08178769,0.19771944,0.14767436,0.02811597,-0.11187818,-0.40996195,0.09088584
0.650000,0.64915085,-0.13045606,1.49112374,0.21123413,1.84559277,0.89819512,-0.25945611,-0.07873655,-0.00023525,0.32537318,0.40729759,0.08266931,0.22466466,0.15849742,0.02879440,-0.14302446,-0.45772409,0.08541252
0.660000,0.64656796,-0.13123532,1.49112284,0.21448020,1.84964207,0.89902599,-0.25707792,-0.07709904,0.00005582,0.32378969,0.40248629,0.08349543,0.25083796,0.16893902,0.02940777,-0.17356611,-0.50433404,0.07978540
0.670000,0.64401015,-0.13199770,1.49112487,0.21770891,1.85364096,0.89986483,-0.25444215,-0.07535914,0.00035268,0.32190410,0.39721511,0.08426452,0.27617091,0.17896992,0.02995279,-0.20343451,-0.54968159,0.07400715
0.680000,0.64147995,-0.13274218,1.49112991,0.22091729,1.85758489,0.90071108,-0.25155753,-0.07352110,0.00065464,0.31972348,0.39149723,0.08497508,0.30059504,0.18856088,0.03042617,-0.23256107,-0.59365652,0.06808039
0.690000,0.63897980,-0.13346781,1.49113798,0.22410243,1.86146946,0.90156414,-0.24843351,-0.07158948,0.00096095,0.31725558,0.38534693,0.08562564,0.32404190,0.19768263,0.03082462,-0.26087718,-0.63614863,0.06200780
0.700000,0.63651204,-0.13417367,1.49114914,0.22726148,1.86529044,0.90242339,-0.24508018,-0.06956911,0.00127087,0.31450886,0.37877957,0.08621476,0.34644305,0.20630593,0.03114484,-0.28831425,-0.67704769,0.05579202
0.710000,0.63407892,-0.13485891,1.49116341,0.23039170,1.86904372,0.90328822,-0.24150836,-0.06746512,0.00158358,0.31149246,0.37181165,0.08674101,0.36773003,0.21440154,0.03138354,-0.31480368,-0.71624350,0.04943569
0.720000,0.63168257,-0.13552271,1.49118082,0.23349046,1.87272539,0.90415800,-0.23772952,-0.06528294,0.00189826,0.30821618,0.36446075,0.08720301,0.38783439,0.22194020,0.03153744,-0.34027687,-0.75362585,0.04294148
0.730000,0.62932498,-0.13616433,1.49120138,0.23655520,1.87633172,0.90503206,-0.23375584,-0.06302827,0.00221403,0.30469053,0.35674555,0.08759939,0.40668767,0.22889267,0.03160324,-0.36466521,-0.78908451,0.03631202
0.740000,0.62700806,-0.13678306,1.49122510,0.23958348,1.87985915,0.90590976,-0.22960017,-0.06070714,0.00253002,0.30092672,0.34868584,0.08792881,0.42422144,0.23522970,0.03157765,-0.38790011,-0.82250927,0.02954998
0.750000,0.62473354,-0.13737827,1.49125198,0.24257298,1.88330436,0.90679041,-0.22527604,-0.05832583,0.00284527,0.29693661,0.34030251,0.08818996,0.44036723,0.24092203,0.03145737,-0.40991297,-0.85378993,0.02265799
0.760000,0.62250305,-0.13794940,1.49128200,0.24552150,1.88666420,0.90767333,-0.22079764,-0.05589092,0.00315884,0.29273272,0.33161749,0.08838155,0.45507304,0.24594782,0.03124010,-0.43065062,-0.88284188,0.01563922
0.770000,0.62031806,-0.13849593,1.49131514,0.24842696,1.88993578,0.90855781,-0.21617933,-0.05340907,0.00346975,0.28832781,0.32265304,0.08850234,0.46835267,0.25031480,0.03092744,-0.45012170,-0.90968300,0.00849883
0.780000,0.61817988,-0.13901744,1.49135138,0.25128742,1.89311640,0.90944313,-0.21143524,-0.05088677,0.00377708,0.28373443,0.31343105,0.08855114,0.48023637,0.25403811,0.03052197,-0.46835025,-0.93435677,0.00124248
0.790000,0.61608972,-0.13951355,1.49139067,0.25410106,1.89620361,0.91032859,-0.20657916,-0.04833040,0.00407989,0.27896487,0.30397298,0.08852682,0.49075439,0.25713288,0.03002626,-0.48536033,-0.95690667,-0.00612416
0.800000,0.61404863,-0.13998396,1.49143296,0.25686617,1.89919514,0.91121342,-0.20162460,-0.04574616,0.00437731,0.27403120,0.29429985,0.08842830,0.49993697,0.25961424,0.02944292,-0.50117602,-0.97737619,-0.01359542
0.810000,0.61205752,-0.14042840,1.49147819,0.25958118,1.90208896,0.91209690,-0.19658477,-0.04314011,0.00466847,0.26894525,0.28443225,0.08825458,0.50781436,0.26149732,0.02877450,-0.51582136,-0.99580882,-0.02116565
0.820000,0.61011717,-0.14084671,1.49152631,0.26224461,1.90488321,0.91297826,-0.19147256,-0.04051816,0.00495253,0.26371860,0.27439032,0.08800468,0.51441682,0.26279726,0.02802361,-0.52932041,-1.01224805,-0.02882917
0.830000,0.60822826,-0.14123873,1.49157722,0.26485512,1.90757625,0.91385674,-0.18630058,-0.03788606,0.00522867,0.25836258,0.26419379,0.08767770,0.51977458,0.26352920,0.02719281,-0.54169724,-1.02673735,-0.03658032
0.840000,0.60639132,-0.14160441,1.49163085,0.26741147,1.91016663,0.91473156,-0.18108112,-0.03524942,0.00549612,0.25288831,0.25386193,0.08727280,0.52391789,0.26370826,0.02628470,-0.55297591,-1.03932022,-0.04441343
0.850000,0.60460676,-0.14194373,1.49168711,0.26991253,1.91265310,0.91560193,-0.17582617,-0.03261369,0.00575412,0.24730665,0.24341359,0.08678918,0.52687701,0.26334957,0.02530184,-0.56318048,-1.05004013,-0.05232284
0.860000,0.60287488,-0.14225671,1.49174590,0.27235728,1.91503458,0.91646707,-0.17054742,-0.02998417,0.00600192,0.24162820,0.23286719,0.08622611,0.52868217,0.26246828,0.02424683,-0.57233501,-1.05894059,-0.06030288
0.870000,0.60119585,-0.14254345,1.49180711,0.27474480,1.91731018,0.91732619,-0.16525627,-0.02736601,0.00623882,0.23586337,0.22224070,0.08558291,0.52936364,0.26107951,0.02312225,-0.58046355,-1.06606506,-0.06834789
0.880000,0.59956976,-0.14280408,1.49187064,0.27707429,1.91947918,0.91817846,-0.15996380,-0.02476422,0.00646414,0.23002227,0.21155167,0.08485895,0.52895165,0.25919840,0.02193068,-0.58759016,-1.07145704,-0.07645220
0.890000,0.59799655,-0.14303880,1.49193635,0.27934503,1.92154106,0.91902309,-0.15468078,-0.02218364,0.00667722,0.22411482,0.20081719,0.08405368,0.52747645,0.25684009,0.02067470,-0.59373892,-1.07516002,-0.08461014
0.900000,0.59647607,-0.14324784,1.49200414,0.28155640,1.92349543,0.91985926,-0.14941771,-0.01962896,0.00687743,0.21815067,0.19005395,0.08316659,0.52496830,0.25401969,0.01935689,-0.59893387,-1.07721747,-0.09281605
0.910000,0.59500809,-0.14343148,1.49207386,0.28370788,1.92534210,0.92068615,-0.14418476,-0.01710473,0.00706416,0.21213924,0.17927818,0.08219722,0.52145743,0.25075235,0.01797983,-0.60319908,-1.07767289,-0.10106427
0.920000,0.59359225,-0.14359005,1.49214537,0.28579906,1.92708101,0.92150293,-0.13899180,-0.01461535,0.00723684,0.20608971,0.16850569,0.08114518,0.51697410,0.24705321,0.01654612,-0.60655860,-1.07656976,-0.10934912
0.930000,0.59222809,-0.14372392,1.49221855,0.28782958,1.92871227,0.92230878,-0.13384842,-0.01216506,0.00739490,0.20001101,0.15775184,0.08001014,0.51154855,0.24293738,0.01505832,-0.60903650,-1.07395157,-0.11766495
0.940000,0.59091508,-0.14383350,1.49229322,0.28979921,1.93023615,0.92310286,-0.12876387,-0.00975794,0.00753783,0.19391184,0.14703156,0.07879180,0.50521103,0.23842002,0.01351901,-0.61065684,-1.06986179,-0.12600608
0.950000,0.58965259,-0.14391924,1.49236925,0.29170778,1.93165306,0.92388434,-0.12374714,-0.00739794,0.00766512,0.18780065,0.13635936,0.07748995,0.49799180,0.23351624,0.01193080,-0.61144368,-1.06434393,-0.13436686
0.960000,0.58843988,-0.14398163,1.49244647,0.29355521,1.93296355,0.92465238,-0.11880688,-0.00508885,0.00777629,0.18168566,0.12574930,0.07610442,0.48992109,0.22824119,0.01029624,-0.61142107,-1.05744146,-0.14274161
0.970000,0.58727617,-0.14402119,1.49252472,0.29534151,1.93416830,0.92540615,-0.11395145,-0.00283431,0.00787090,0.17557485,0.11521500,0.07463509,0.48102915,0.22260999,0.00861793,-0.61061308,-1.04919787,-0.15112467
0.980000,0.58616054,-0.14403851,1.49260383,0.29706675,1.93526815,0.92614480,-0.10918893,-0.00063779,0.00794852,0.16947594,0.10476967,0.07308191,0.47134624,0.21663778,0.00689845,-0.60904376,-1.03965664,-0.15951037
0.990000,0.58509205,-0.14403415,1.49268363,0.29873109,1.93626403,0.92686750,-0.10452706,0.00149736,0.00800874,0.16339643,0.09442605,0.07144489,0.46090260,0.21033970,0.00514038,-0.60673719,-1.02886126,-0.16789305
1.000000,0.58406964,-0.14400877,1.49276395,0.30033476,1.93715705,0.92757342,-0.09997331,0.00356797,0.00805120,0.15734357,0.08419648,0.06972408,0.44972848,0.20373087,0.00334630,-0.60371741,-1.01685523,-0.17626705
1.010000,0.58309220,-0.14396302,1.49284460,0.30187807,1.93794838,0.92826171,-0.09553483,0.00557099,0.00807556,0.15132438,0.07409284,0.06791960,0.43785412,0.19682643,0.00151879,-0.60000849,-1.00368201,-0.18462669
1.020000,0.58215854,-0.14389759,1.49292540,0.30336139,1.93863936,0.92893153,-0.09121846,0.00750356,0.00808148,0.14534562,0.06412658,0.06603161,0.42530977,0.18964151,-0.00033956,-0.59563448,-0.98938510,-0.19296632
1.030000,0.58126740,-0.14381319,1.49300616,0.30478514,1.93923141,0.92958206,-0.08703077,0.00936294,0.00806867,0.13941383,0.05430873,0.06406036,0.41212569,0.18219125,-0.00222617,-0.59061945,-0.97400799,-0.20128026
1.040000,0.58041747,-0.14371058,1.49308671,0.30614984,1.93972607,0.93021246,-0.08297798,0.01114655,0.00803687,0.13353529,0.04464988,0.06200611,0.39833211,0.17449077,-0.00413847,-0.58498746,-0.95759415,-0.20956285
1.050000,0.57960737,-0.14359052,1.49316684,0.30745605,1.94012497,0.93082191,-0.07906605,0.01285197,0.00798582,0.12771606,0.03516016,0.05986922,0.38395929,0.16655522,-0.00607386,-0.57876257,-0.94018708,-0.21780843
1.060000,0.57883566,-0.14345381,1.49324636,0.30870438,1.94042987,0.93140957,-0.07530062,0.01447692,0.00791532,0.12196193,0.02584930,0.05765009,0.36903747,0.15839972,-0.00802977,-0.57196883,-0.92183026,-0.22601132
1.070000,0.57810086,-0.14330126,1.49332508,0.30989552,1.94064258,0.93197464,-0.07168703,0.01601928,0.00782517,0.11627849,0.01672658,0.05534916,0.35359691,0.15003941,-0.01000362,-0.56463031,-0.90256718,-0.23416587
1.080000,0.57740140,-0.14313371,1.49340280,0.31103020,1.94076505,0.93251629,-0.06823032,0.01747708,0.00771520,0.11067106,0.00780083,0.05296695,0.33766784,0.14148943,-0.01199281,-0.55677107,-0.88244132,-0.24226640
1.090000,0.57673571,-0.14295201,1.49347932,0.31210921,1.94079929,0.93303371,-0.06493520,0.01884849,0.00758527,0.10514473,-0.00091952,0.05050403,0.32128052,0.13276489,-0.01399479,-0.54841516,-0.86149617,-0.25030726
1.100000,0.57610214,-0.14275703,1.49355444,0.31313338,1.94074737,0.93352610,-0.06180613,0.02013185,0.00743527,0.09970434,-0.00942650,0.04796102,0.30446520,0.12388095,-0.01600694,-0.53958665,-0.83977522,-0.25828278
1.110000,0.57549902,-0.14254967,1.49362795,0.31410360,1.94061149,0.93399266,-0.05884723,0.02132563,0.00726511,0.09435449,-0.01771258,0.04533861,0.28725212,0.11485273,-0.01802671,-0.53030960,-0.81732194,-0.26618728
1.120000,0.57492462,-0.14233082,1.49369967,0.31502079,1.94039388,0.93443261,-0.05606231,0.02242847,0.00707472,0.08909956,-0.02577065,0.04263753,0.26967153,0.10569536,-0.02005150,-0.52060807,-0.79417983,-0.27401511
1.130000,0.57437718,-0.14210141,1.49376938,0.31588592,1.94009686,0.93484515,-0.05345492,0.02343915,0.00686407,0.08394366,-0.03359403,0.03985858,0.25175367,0.09642397,-0.02207874,-0.51050611,-0.77039237,-0.28176061
1.140000,0.57385492,-0.14186235,1.49383688,0.31670001,1.93972281,0.93522952,-0.05102826,0.02435662,0.00663314,0.07889069,-0.04117649,0.03700261,0.23352880,0.08705371,-0.02410584,-0.50002779,-0.74600305,-0.28941809
1.150000,0.57335600,-0.14161459,1.49390198,0.31746409,1.93927415,0.93558495,-0.04878527,0.02517995,0.00638196,0.07394428,-0.04851223,0.03407053,0.21502717,0.07759970,-0.02613022,-0.48919717,-0.72105535,-0.29698190
1.160000,0.57287859,-0.14135907,1.49396446,0.31817926,1.93875340,0.93591068,-0.04672854,0.02590838,0.00611056,0.06910784,-0.05559588,0.03106331,0.19627901,0.06807708,-0.02814929,-0.47803831,-0.69559276,-0.30444638
1.170000,0.57242081,-0.14109674,1.49402412,0.31884662,1.93816309,0.93620597,-0.04486041,0.02654131,0.00581900,0.06438453,-0.06242251,0.02798196,0.17731459,0.05850098,-0.03016048,-0.46657526,-0.66965877,-0.31180585
1.180000,0.57198075,-0.14082856,1.49408077,0.31946734,1.93750582,0.93647008,-0.04318287,0.02707828,0.00550738,0.05977727,-0.06898763,0.02482756,0.15816414,0.04888653,-0.03216121,-0.45483209,-0.64329685,-0.31905466
1.190000,0.57155651,-0.14055549,1.49413420,0.32004257,1.93678423,0.93670228,-0.04169764,0.02751897,0.00517582,0.05528874,-0.07528717,0.02160125,0.13885791,0.03924887,-0.03414889,-0.44283286,-0.61655050,-0.32618713
1.200000,0.57114615,-0.14027850,1.49418422,0.32057351,1.93600098,0.93690187,-0.04040613,0.02786323,0.00482446,0.05092139,-0.08131750,0.01830422,0.11942616,0.02960313,-0.03612094,-0.43060162,-0.58946321,-0.33319760
1.210000,0.57074773,-0.13999855,1.49423063,0.32106140,1.93515878,0.93706814,-0.03930944,0.02811105,0.00445346,0.04667740,-0.08707544,0.01493772,0.09989912,0.01996444,-0.03807477,-0.41816245,-0.56207845,-0.34008040
1.220000,0.57035931,-0.13971660,1.49427322,0.32150748,1.93426039,0.93720040,-0.03840837,0.02826259,0.00406303,0.04255875,-0.09255822,0.01150306,0.08030705,0.01034794,-0.04000782,-0.40553939,-0.53443971,-0.34682987
1.230000,0.56997891,-0.13943362,1.49431182,0.32191300,1.93330855,0.93729797,-0.03770341,0.02831814,0.00365338,0.03856715,-0.09776353,0.00800159,0.06068020,0.00076876,-0.04191749,-0.39275650,-0.50659049,-0.35344035
1.240000,0.56960459,-0.13915056,1.49434623,0.32227925,1.93230605,0.93736021,-0.03719478,0.02827814,0.00322477,0.03470407,-0.10268948,0.00443474,0.04104881,-0.00875797,-0.04380120,-0.37983786,-0.47857425,-0.35990617
1.250000,0.56923436,-0.13886837,1.49437625,0.32260752,1.93125569,0.93738646,-0.03688235,0.02814320,0.00277745,0.03097076,-0.10733460,0.00080397,0.02144312,-0.01821712,-0.04565637,-0.36680751,-0.45043450,-0.36622165
1.260000,0.56886629,-0.13858801,1.49440172,0.32289910,1.93016029,0.93737608,-0.03676573,0.02791407,0.00231174,0.02736821,-0.11169790,-0.00288918,0.00189340,-0.02759355,-0.04748042,-0.35368952,-0.42221472,-0.37238114
1.270000,0.56849840,-0.13831040,1.49442243,0.32315532,1.92902268,0.93732847,-0.03684420,0.02759166,0.00182796,0.02389718,-0.11577878,-0.00664312,-0.01757012,-0.03687212,-0.04927077,-0.34050795,-0.39395839,-0.37837898
1.280000,0.56812876,-0.13803648,1.49443822,0.32337749,1.92784566,0.93724302,-0.03711674,0.02717701,0.00132645,0.02055819,-0.11957709,-0.01045620,-0.03691718,-0.04603771,-0.05102483,-0.32728685,-0.36570899,-0.38420949
1.290000,0.56775542,-0.13776717,1.49444890,0.32356692,1.92663207,0.93711915,-0.03758205,0.02667133,0.00080759,0.01735150,-0.12309312,-0.01432673,-0.05611755,-0.05507518,-0.05274002,-0.31405030,-0.33751002,-0.38986700
1.300000,0.56737648,-0.13750335,1.49445431,0.32372496,1.92538474,0.93695630,-0.03823850,0.02607598,0.00027179,0.01427715,-0.12632760,-0.01825294,-0.07514097,-0.06396940,-0.05441377,-0.30082234,-0.30940496,-0.39534587
1.310000,0.56699002,-0.13724594,1.49445428,0.32385291,1.92410646,0.93675392,-0.03908418,0.02539247,-0.00028054,0.01133494,-0.12928168,-0.02223303,-0.09395719,-0.07270524,-0.05604349,-0.28762703,-0.28143729,-0.40064041
1.320000,0.56659417,-0.13699579,1.49444865,0.32395210,1.92280003,0.93651147,-0.04011685,0.02462246,-0.00084893,0.00852442,-0.13195695,-0.02626512,-0.11253596,-0.08126755,-0.05762659,-0.27448845,-0.25365051,-0.40574496
1.330000,0.56618707,-0.13675377,1.49443725,0.32402383,1.92146824,0.93622845,-0.04133401,0.02376775,-0.00143290,0.00584491,-0.13435544,-0.03034728,-0.13084705,-0.08964122,-0.05916050,-0.26143064,-0.22608809,-0.41065386
1.340000,0.56576688,-0.13652071,1.49441994,0.32406943,1.92011384,0.93590436,-0.04273280,0.02283031,-0.00203196,0.00329546,-0.13647961,-0.03447753,-0.14886020,-0.09781110,-0.06064263,-0.24847767,-0.19879352,-0.41536144
1.350000,0.56533182,-0.13629744,1.49439656,0.32409017,1.91873955,0.93553874,-0.04431012,0.02181226,-0.00264558,0.00087492,-0.13833235,-0.03865382,-0.16654515,-0.10576206,-0.06207040,-0.23565360,-0.17181029,-0.41986203
1.360000,0.56488010,-0.13608473,1.49436698,0.32408735,1.91734808,0.93513114,-0.04606251,0.02071585,-0.00327318,-0.00141812,-0.13991700,-0.04287406,-0.18387168,-0.11347897,-0.06344124,-0.22298249,-0.14518189,-0.42414998
1.370000,0.56441000,-0.13588337,1.49433105,0.32406223,1.91594209,0.93468112,-0.04798625,0.01954351,-0.00391420,-0.00358532,-0.14123731,-0.04713609,-0.20080952,-0.12094670,-0.06475255,-0.21048839,-0.11895180,-0.42821961
1.380000,0.56391982,-0.13569410,1.49428865,0.32401606,1.91452421,0.93418829,-0.05007731,0.01829780,-0.00456803,-0.00562856,-0.14229750,-0.05143770,-0.21732843,-0.12815012,-0.06600176,-0.19819537,-0.09316350,-0.43206526
1.390000,0.56340791,-0.13551765,1.49423965,0.32395006,1.91309700,0.93365224,-0.05233133,0.01698144,-0.00523402,-0.00754998,-0.14310220,-0.05577663,-0.23339817,-0.13507408,-0.06718628,-0.18612749,-0.06786048,-0.43568126
1.400000,0.56287266,-0.13535470,1.49418393,0.32386546,1.91166300,0.93307264,-0.05474367,0.01559730,-0.00591153,-0.00935194,-0.14365648,-0.06015054,-0.24898848,-0.14170346,-0.06830353,-0.17430881,-0.04308623,-0.43906195
1.410000,0.56231252,-0.13520592,1.49412139,0.32376341,1.91022468,0.93244912,-0.05730940,0.01414840,-0.00659986,-0.01103706,-0.14396583,-0.06455706,-0.26406912,-0.14802312,-0.06935094,-0.16276339,-0.01888423,-0.44220166
1.420000,0.56172598,-0.13507194,1.49405190,0.32364509,1.90878448,0.93178139,-0.06002325,0.01263792,-0.00729831,-0.01260820,-0.14403621,-0.06899375,-0.27860983,-0.15401793,-0.07032591,-0.15151528,0.00470202,-0.44509473
1.430000,0.56111158,-0.13495336,1.49397539,0.32351162,1.90734473,0.93106916,-0.06287969,0.01106917,-0.00800613,-0.01406844,-0.14387399,-0.07345812,-0.29258038,-0.15967276,-0.07122587,-0.14058855,0.02762906,-0.44773548
1.440000,0.56046793,-0.13485074,1.49389175,0.32336408,1.90590775,0.93031215,-0.06587286,0.00944565,-0.00872256,-0.01542112,-0.14348597,-0.07794760,-0.30595051,-0.16497247,-0.07204823,-0.13000726,0.04985338,-0.45011827
1.450000,0.55979369,-0.13476461,1.49380091,0.32320354,1.90447574,0.92951013,-0.06899660,0.00777096,-0.00944683,-0.01666982,-0.14287941,-0.08245960,-0.31868998,-0.16990193,-0.07279042,-0.11979546,0.07133151,-0.45223741
1.460000,0.55908758,-0.13469548,1.49370279,0.32303102,1.90305086,0.92866289,-0.07224446,0.00604889,-0.01017810,-0.01781834,-0.14206198,-0.08699145,-0.33076854,-0.17444601,-0.07344985,-0.10997723,0.09201996,-0.45408724
1.470000,0.55834841,-0.13464378,1.49359733,0.32284750,1.90163518,0.92777024,-0.07560967,0.00428337,-0.01091554,-0.01887075,-0.14104179,-0.09154043,-0.34215593,-0.17858958,-0.07402393,-0.10057661,0.11187524,-0.45566211
1.480000,0.55757502,-0.13460994,1.49348446,0.32265391,1.90023068,0.92683203,-0.07908517,0.00247849,-0.01165828,-0.01983135,-0.13982739,-0.09610376,-0.35282193,-0.18231749,-0.07451009,-0.09161767,0.13085386,-0.45695633
1.490000,0.55676636,-0.13459433,1.49336415,0.32245116,1.89883925,0.92584813,-0.08266360,0.00063846,-0.01240544,-0.02070466,-0.13842778,-0.10067861,-0.36273626,-0.18561463,-0.07490575,-0.08312447,0.14891235,-0.45796425
1.500000,0.55592143,-0.13459727,1.49323634,0.32224009,1.89746271,0.92481843,-0.08633729,-0.00123232,-0.01315609,-0.02149547,-0.13685236,-0.10526207,-0.37186870,-0.18846584,-0.07520832,-0.07512106,0.16600721,-0.45868021
1.510000,0.55503933,-0.13461906,1.49310102,0.32202151,1.89610276,0.92374287,-0.09009829,-0.00312933,-0.01390929,-0.02220878,-0.13511097,-0.10985122,-0.38019672,-0.19086032,-0.07541604,-0.06762569,0.18210532,-0.45910041
1.520000,0.55411920,-0.13465993,1.49295815,0.32179616,1.89476101,0.92262140,-0.09393857,-0.00504803,-0.01466410,-0.02284966,-0.13321355,-0.11444311,-0.38772880,-0.19280447,-0.07553038,-0.06063327,0.19721494,-0.45922863
1.530000,0.55316032,-0.13472008,1.49280773,0.32156474,1.89343897,0.92145401,-0.09785026,-0.00698396,-0.01541959,-0.02342308,-0.13116990,-0.11903484,-0.39448112,-0.19430902,-0.07555365,-0.05413290,0.21135472,-0.45907053
1.540000,0.55216199,-0.13479966,1.49264976,0.32132791,1.89213806,0.92024071,-0.10182565,-0.00893278,-0.01617487,-0.02393392,-0.12898962,-0.12362358,-0.40046990,-0.19538468,-0.07548814,-0.04811366,0.22454328,-0.45863174
1.550000,0.55112362,-0.13489877,1.49248424,0.32108626,1.89085960,0.91898156,-0.10585717,-0.01089026,-0.01692907,-0.02438692,-0.12668214,-0.12820656,-0.40571133,-0.19604218,-0.07533614,-0.04256467,0.23679926,-0.45791794
1.560000,0.55004468,-0.13501748,1.49231119,0.32084035,1.88960481,0.91767661,-0.10993744,-0.01285226,-0.01768132,-0.02478675,-0.12425669,-0.13278104,-0.41022161,-0.19629223,-0.07509997,-0.03747501,0.24814129,-0.45693476
1.570000,0.54892473,-0.13515581,1.49213062,0.32059068,1.88837483,0.91632597,-0.11405922,-0.01481478,-0.01843079,-0.02513792,-0.12172230,-0.13734437,-0.41401695,-0.19614557,-0.07478190,-0.03283377,0.25858800,-0.45568786
1.580000,0.54776338,-0.13531376,1.49194258,0.32033774,1.88717070,0.91492977,-0.11821545,-0.01677389,-0.01917669,-0.02544488,-0.11908785,-0.14189394,-0.41711354,-0.19561290,-0.07438424,-0.02863006,0.26815802,-0.45418289
1.590000,0.54656033,-0.13549127,1.49174710,0.32008192,1.88599338,0.91348815,-0.12239921,-0.01872578,-0.01991822,-0.02571194,-0.11636200,-0.14642719,-0.41952758,-0.19470495,-0.07390929,-0.02485296,0.27686998,-0.45242551
1.600000,0.54531533,-0.13568824,1.49154424,0.31982362,1.88484374,0.91200129,-0.12660378,-0.02066677,-0.02065462,-0.02594332,-0.11355325,-0.15094163,-0.42127527,-0.19343245,-0.07335934,-0.02149158,0.28474252,-0.45042137
1.610000,0.54402821,-0.13590455,1.49133403,0.31956316,1.88372256,0.91046939,-0.13082255,-0.02259325,-0.02138516,-0.02614312,-0.11066989,-0.15543481,-0.42237282,-0.19180612,-0.07273669,-0.01853500,0.29179426,-0.44817612
1.620000,0.54269885,-0.13614004,1.49111655,0.31930084,1.88263056,0.90889267,-0.13504912,-0.02450175,-0.02210912,-0.02631534,-0.10772003,-0.15990437,-0.42283642,-0.18983666,-0.07204364,-0.01597232,0.29804385,-0.44569542
1.630000,0.54132722,-0.13639452,1.49089187,0.31903693,1.88156836,0.90727138,-0.13927722,-0.02638888,-0.02282581,-0.02646385,-0.10471162,-0.16434796,-0.42268228,-0.18753482,-0.07128247,-0.01379263,0.30350990,-0.44298491
1.640000,0.53991332,-0.13666774,1.49066006,0.31877163,1.88053650,0.90560580,-0.14350076,-0.02825137,-0.02353455,-0.02659243,-0.10165239,-0.16876332,-0.42192659,-0.18491130,-0.07045550,-0.01198504,0.30821105,-0.44005025
1.650000,0.53845724,-0.13695945,1.49042121,0.31850514,1.87953545,0.90389622,-0.14771380,-0.03008607,-0.02423471,-0.02670475,-0.09854989,-0.17314823,-0.42058556,-0.18197683,-0.06956501,-0.01053863,0.31216594,-0.43689709
1.660000,0.53695910,-0.13726936,1.49017540,0.31823758,1.87856562,0.90214295,-0.15191057,-0.03188991,-0.02492565,-0.02680437,-0.09541149,-0.17750055,-0.41867538,-0.17874213,-0.06861331,-0.00944250,0.31539319,-0.43353109
1.670000,0.53541910,-0.13759714,1.48992273,0.31796908,1.87762732,0.90034632,-0.15608547,-0.03365995,-0.02560678,-0.02689473,-0.09224439,-0.18181817,-0.41621226,-0.17521792,-0.06760268,-0.00868575,0.31791144,-0.42995790
1.680000,0.53383748,-0.13794243,1.48966330,0.31769971,1.87672081,0.89850671,-0.16023303,-0.03539334,-0.02627752,-0.02697918,-0.08905557,-0.18609904,-0.41321240,-0.17141493,-0.06653543,-0.00825747,0.31973932,-0.42618316
1.690000,0.53221455,-0.13830487,1.48939722,0.31742951,1.87584626,0.89662447,-0.16434798,-0.03708735,-0.02693731,-0.02706094,-0.08585184,-0.19034118,-0.40969199,-0.16734387,-0.06541386,-0.00814675,0.32089546,-0.42221253
1.700000,0.53055065,-0.13868404,1.48912459,0.31715849,1.87500380,0.89470002,-0.16842519,-0.03873936,-0.02758562,-0.02714314,-0.08263983,-0.19454265,-0.40566724,-0.16301546,-0.06424025,-0.00834269,0.32139849,-0.41805167
1.710000,0.52884619,-0.13907951,1.48884554,0.31688663,1.87419347,0.89273376,-0.17245970,-0.04034684,-0.02822195,-0.02722878,-0.07942598,-0.19870159,-0.40115435,-0.15844043,-0.06301691,-0.00883438,0.32126705,-0.41370623
1.720000,0.52710161,-0.13949082,1.48856019,0.31661389,1.87341526,0.89072614,-0.17644670,-0.04190738,-0.02884580,-0.02732077,-0.07621655,-0.20281618,-0.39616952,-0.15362950,-0.06174614,-0.00961093,0.32051976,-0.40918186
1.730000,0.52531743,-0.13991749,1.48826867,0.31634018,1.87266910,0.88867759,-0.18038157,-0.04341868,-0.02945672,-0.02742191,-0.07301758,-0.20688465,-0.39072894,-0.14859339,-0.06043022,-0.01066141,0.31917525,-0.40448421
1.740000,0.52349417,-0.14035902,1.48797111,0.31606541,1.87195486,0.88658860,-0.18425982,-0.04487853,-0.03005426,-0.02753488,-0.06983497,-0.21090531,-0.38484883,-0.14334282,-0.05907147,-0.01197494,0.31725217,-0.39961893
1.750000,0.52163243,-0.14081489,1.48766763,0.31578944,1.87127233,0.88445965,-0.18807713,-0.04628486,-0.03063801,-0.02766225,-0.06667440,-0.21487649,-0.37854537,-0.13788851,-0.05767216,-0.01354059,0.31476914,-0.39459168
1.760000,0.51973284,-0.14128454,1.48735839,0.31551211,1.87062128,0.88229124,-0.19182937,-0.04763566,-0.03120758,-0.02780650,-0.06354139,-0.21879662,-0.37183477,-0.13224118,-0.05623461,-0.01534748,0.31174479,-0.38940812
1.770000,0.51779608,-0.14176741,1.48704353,0.31523325,1.87000139,0.88008389,-0.19551253,-0.04892907,-0.03176258,-0.02796997,-0.06044125,-0.22266415,-0.36473324,-0.12641156,-0.05476110,-0.01738469,0.30819775,-0.38407388
1.780000,0.51582284,-0.14226292,1.48672319,0.31495264,1.86941232,0.87783814,-0.19912278,-0.05016332,-0.03230269,-0.02815492,-0.05737912,-0.22647761,-0.35725696,-0.12041036,-0.05325394,-0.01964132,0.30414666,-0.37859463
1.790000,0.51381387,-0.14277047,1.48639753,0.31467007,1.86885367,0.87555453,-0.20265647,-0.05133674,-0.03282756,-0.02836349,-0.05435993,-0.23023558,-0.34942214,-0.11424831,-0.05171542,-0.02210645,0.29961015,-0.37297602
1.800000,0.51176997,-0.14328945,1.48606669,0.31438528,1.86832497,0.87323362,-0.20611008,-0.05244779,-0.03333690,-0.02859771,-0.05138847,-0.23393669,-0.34124499,-0.10793613,-0.05014783,-0.02476920,0.29460684,-0.36722370
1.810000,0.50969195,-0.14381922,1.48573084,0.31409802,1.86782572,0.87087599,-0.20948028,-0.05349500,-0.03383043,-0.02885950,-0.04846929,-0.23757963,-0.33274170,-0.10148453,-0.04855348,-0.02761865,0.28915538,-0.36134333
1.820000,0.50758066,-0.14435913,1.48539014,0.31380800,1.86735539,0.86848222,-0.21276389,-0.05447705,-0.03430789,-0.02915067,-0.04560679,-0.24116315,-0.32392847,-0.09490425,-0.04693467,-0.03064389,0.28327439,-0.35534054
1.830000,0.50543697,-0.14490853,1.48504474,0.31351491,1.86691338,0.86605293,-0.21595787,-0.05539269,-0.03476905,-0.02947292,-0.04280517,-0.24468605,-0.31482150,-0.08820600,-0.04529367,-0.03383403,0.27698250,-0.34922101
1.840000,0.50326181,-0.14546676,1.48469481,0.31321843,1.86649907,0.86358871,-0.21905939,-0.05624081,-0.03521369,-0.02982786,-0.04006845,-0.24814720,-0.30543699,-0.08140050,-0.04363281,-0.03717815,0.27029835,-0.34299038
1.850000,0.50105610,-0.14603312,1.48434052,0.31291823,1.86611179,0.86109019,-0.22206574,-0.05702038,-0.03564164,-0.03021696,-0.03740045,-0.25154551,-0.29579115,-0.07449847,-0.04195437,-0.04066536,0.26324057,-0.33665430
1.860000,0.49882082,-0.14660694,1.48398203,0.31261397,1.86575082,0.85855801,-0.22497440,-0.05773049,-0.03605273,-0.03064161,-0.03480482,-0.25487995,-0.28590017,-0.06751064,-0.04026064,-0.04428474,0.25582778,-0.33021843
1.870000,0.49655695,-0.14718750,1.48361952,0.31230528,1.86541544,0.85599281,-0.22778298,-0.05837034,-0.03644681,-0.03110306,-0.03228502,-0.25814956,-0.27578026,-0.06044773,-0.03855393,-0.04802539,0.24807863,-0.32368842
1.880000,0.49426550,-0.14777411,1.48325315,0.31199178,1.86510486,0.85339524,-0.23048929,-0.05893923,-0.03682377,-0.03160248,-0.02984431,-0.26135342,-0.26544761,-0.05332046,-0.03683653,-0.05187640,0.24001174,-0.31706992
1.890000,0.49194751,-0.14836604,1.48288310,0.31167310,1.86481828,0.85076596,-0.23309128,-0.05943657,-0.03718351,-0.03214092,-0.02748578,-0.26449068,-0.25491842,-0.04613954,-0.03511074,-0.05582688,0.23164574,-0.31036858
1.900000,0.48960403,-0.14896260,1.48250954,0.31134883,1.86455486,0.84810565,-0.23558706,-0.05986188,-0.03752597,-0.03271932,-0.02521233,-0.26756054,-0.24420890,-0.03891570,-0.03337886,-0.05986591,0.22299928,-0.30359006
1.910000,0.48723613,-0.14956304,1.48213264,0.31101858,1.86431374,0.84541498,-0.23797491,-0.06021478,-0.03785108,-0.03333850,-0.02302667,-0.27056224,-0.23333524,-0.03165967,-0.03164317,-0.06398259,0.21409096,-0.29674001
1.920000,0.48484490,-0.15016665,1.48175258,0.31068192,1.86409402,0.84269463,-0.24025327,-0.06049500,-0.03815883,-0.03399919,-0.02093132,-0.27349512,-0.22231365,-0.02438216,-0.02990599,-0.06816602,0.20493944,-0.28982408
1.930000,0.48243143,-0.15077270,1.48136952,0.31033845,1.86389480,0.83994531,-0.24242074,-0.06070239,-0.03844920,-0.03470201,-0.01892863,-0.27635853,-0.21116033,-0.01709389,-0.02816960,-0.07240529,0.19556334,-0.28284792
1.940000,0.47999685,-0.15138045,1.48098365,0.30998774,1.86371514,0.83716770,-0.24447609,-0.06083688,-0.03872223,-0.03544745,-0.01702074,-0.27915189,-0.19989147,-0.00980559,-0.02643631,-0.07668949,0.18598130,-0.27581719
1.950000,0.47754229,-0.15198919,1.48059514,0.30962936,1.86355407,0.83436250,-0.24641824,-0.06089853,-0.03897795,-0.03623591,-0.01520963,-0.28187471,-0.18852328,-0.00252798,-0.02470840,-0.08100772,0.17621193,-0.26873754
1.960000,0.47506887,-0.15259818,1.48020415,0.30926288,1.86341061,0.83153044,-0.24824628,-0.06088751,-0.03921642,-0.03706768,-0.01349706,-0.28452650,-0.17707196,0.00472823,-0.02298818,-0.08534907,0.16627389,-0.26161463
1.970000,0.47257774,-0.15320670,1.47981087,0.30888786,1.86328379,0.82867221,-0.24995946,-0.06080408,-0.03943774,-0.03794293,-0.01188465,-0.28710687,-0.16555371,0.01195231,-0.02127794,-0.08970265,0.15618579,-0.25445410
1.980000,0.47007007,-0.15381402,1.47941545,0.30850387,1.86317258,0.82578854,-0.25155719,-0.06064861,-0.03964202,-0.03886174,-0.01037379,-0.28961548,-0.15398472,0.01913353,-0.01957999,-0.09405753,0.14596627,-0.24726160
1.990000,0.46754699,-0.15441943,1.47901808,0.30811048,1.86307597,0.82288014,-0.25303904,-0.06042159,-0.03982939,-0.03982405,-0.00896570,-0.29205202,-0.14238120,0.02626119,-0.01789660,-0.09840283,0.13563397,-0.24004280
2.000000,0.46500967,-0.15502222,1.47861892,0.30770725,1.86299292,0.81994774,-0.25440475,-0.06012360,-0.04000001,-0.04082972,-0.00766142,-0.29441626,-0.13075935,0.03332455,-0.01623010,-0.10272763,0.12520751,-0.23280334
2.010000,0.46245928,-0.15562167,1.47821814,0.30729374,1.86292239,0.81699206,-0.25565422,-0.05975534,-0.04015406,-0.04187850,-0.00646180,-0.29670803,-0.11913537,0.04031290,-0.01458276,-0.10702102,0.11470552,-0.22554887
2.020000,0.45989697,-0.15621710,1.47781589,0.30686954,1.86286334,0.81401382,-0.25678750,-0.05931763,-0.04029174,-0.04297000,-0.00536750,-0.29892721,-0.10752546,0.04721551,-0.01295689,-0.11127211,0.10414664,-0.21828505
2.030000,0.45732392,-0.15680780,1.47741236,0.30643420,1.86281469,0.81101376,-0.25780483,-0.05881136,-0.04041327,-0.04410376,-0.00437899,-0.30107372,-0.09594582,0.05402167,-0.01135478,-0.11546999,0.09354950,-0.21101753
2.040000,0.45474126,-0.15739310,1.47700768,0.30598732,1.86277540,0.80799259,-0.25870657,-0.05823755,-0.04051892,-0.04527919,-0.00349657,-0.30314757,-0.08441265,0.06072064,-0.00977873,-0.11960375,0.08293272,-0.20375197
2.050000,0.45215017,-0.15797233,1.47660203,0.30552848,1.86274441,0.80495105,-0.25949329,-0.05759734,-0.04060894,-0.04649559,-0.00272034,-0.30514879,-0.07294215,0.06730172,-0.00823104,-0.12366249,0.07231495,-0.19649401
2.060000,0.44955178,-0.15854483,1.47619555,0.30505728,1.86272064,0.80188986,-0.26016568,-0.05689194,-0.04068364,-0.04775215,-0.00205022,-0.30707749,-0.06155052,0.07375418,-0.00671400,-0.12763529,0.06171482,-0.18924931
2.070000,0.44694723,-0.15910995,1.47578841,0.30457331,1.86270305,0.79880974,-0.26072462,-0.05612272,-0.04074333,-0.04904797,-0.00148593,-0.30893384,-0.05025396,0.08006729,-0.00522992,-0.13151127,0.05115095,-0.18202352
2.080000,0.44433766,-0.15966707,1.47538074,0.30407619,1.86269057,0.79571142,-0.26117113,-0.05529110,-0.04078836,-0.05038202,-0.00102702,-0.31071804,-0.03906868,0.08623035,-0.00378108,-0.13527951,0.04064197,-0.17482229
2.090000,0.44172418,-0.16021557,1.47497269,0.30356554,1.86268216,0.79259562,-0.26150642,-0.05439865,-0.04081908,-0.05175317,-0.00067284,-0.31243038,-0.02801087,0.09223262,-0.00236978,-0.13892910,0.03020653,-0.16765128
2.100000,0.43910790,-0.16075485,1.47456440,0.30304101,1.86267677,0.78946305,-0.26173183,-0.05344702,-0.04083589,-0.05316017,-0.00042258,-0.31407119,-0.01709673,0.09806338,-0.00099833,-0.14244915,0.01986324,-0.16051613
2.110000,0.43648991,-0.16128432,1.47415601,0.30250223,1.86267337,0.78631443,-0.26184888,-0.05243799,-0.04083919,-0.05460168,-0.00027521,-0.31564084,-0.00634246,0.10371192,0.00033098,-0.14582874,0.00963075,-0.15342251
2.120000,0.43387128,-0.16180342,1.47374766,0.30194886,1.86267093,0.78315047,-0.26185926,-0.05137342,-0.04082941,-0.05607624,-0.00022953,-0.31713980,0.00423573,0.10916750,0.00161587,-0.14905697,-0.00047232,-0.14637606
2.130000,0.43125307,-0.16231161,1.47333947,0.30138060,1.86266844,0.77997187,-0.26176481,-0.05025531,-0.04080703,-0.05758228,-0.00028416,-0.31856854,0.01462165,0.11441942,0.00285402,-0.15212294,-0.01042733,-0.13938244
2.140000,0.42863632,-0.16280836,1.47293156,0.30079712,1.86266491,0.77677933,-0.26156752,-0.04908575,-0.04077250,-0.05911812,-0.00043752,-0.31992764,0.02479910,0.11945695,0.00404314,-0.15501573,-0.02021566,-0.13244730
2.150000,0.42602206,-0.16329316,1.47252406,0.30019814,1.86265937,0.77357355,-0.26126958,-0.04786693,-0.04072633,-0.06068198,-0.00068786,-0.32121770,0.03475187,0.12426937,0.00518094,-0.15772446,-0.02981867,-0.12557629
2.160000,0.42341126,-0.16376554,1.47211707,0.29958339,1.86265084,0.77035521,-0.26087329,-0.04660115,-0.04066906,-0.06227196,-0.00103322,-0.32243940,0.04446376,0.12884595,0.00626511,-0.16023820,-0.03921772,-0.11877506
2.170000,0.42080491,-0.16422504,1.47171071,0.29895262,1.86263839,0.76712499,-0.26038116,-0.04529083,-0.04060122,-0.06388606,-0.00147147,-0.32359345,0.05391858,0.13317598,0.00729337,-0.16254606,-0.04839420,-0.11204927
2.180000,0.41820395,-0.16467122,1.47130508,0.29830560,1.86262111,0.76388356,-0.25979583,-0.04393849,-0.04052338,-0.06552216,-0.00200030,-0.32468065,0.06310013,0.13724873,0.00826341,-0.16463713,-0.05732946,-0.10540457
2.190000,0.41560929,-0.16510367,1.47090027,0.29764211,1.86259809,0.76063159,-0.25912012,-0.04254675,-0.04043615,-0.06717804,-0.00261719,-0.32570184,0.07199220,0.14105349,0.00917294,-0.16650050,-0.06600487,-0.09884661
2.200000,0.41302184,-0.16552203,1.47049639,0.29696198,1.86256848,0.75736974,-0.25835700,-0.04111835,-0.04034013,-0.06885137,-0.00331946,-0.32665789,0.08057859,0.14457953,0.01001966,-0.16812527,-0.07440181,-0.09238105
2.210000,0.41044243,-0.16592593,1.47009350,0.29626503,1.86253143,0.75409865,-0.25750962,-0.03965612,-0.04023597,-0.07053971,-0.00410424,-0.32754978,0.08884310,0.14781613,0.01080128,-0.16950054,-0.08250163,-0.08601353
2.220000,0.40787191,-0.16631505,1.46969169,0.29555114,1.86248613,0.75081895,-0.25658127,-0.03816302,-0.04012433,-0.07224052,-0.00496844,-0.32837851,0.09676954,0.15075257,0.01151549,-0.17061539,-0.09028572,-0.07974971
2.230000,0.40531107,-0.16668910,1.46929103,0.29482019,1.86243181,0.74753128,-0.25557541,-0.03664211,-0.04000590,-0.07395112,-0.00590884,-0.32914514,0.10434170,0.15337813,0.01216001,-0.17145893,-0.09773543,-0.07359525
2.240000,0.40276065,-0.16704781,1.46889159,0.29407210,1.86236771,0.74423625,-0.25449567,-0.03509653,-0.03988137,-0.07566875,-0.00692198,-0.32985080,0.11154338,0.15568208,0.01273253,-0.17202024,-0.10483214,-0.06755579
2.250000,0.40022139,-0.16739096,1.46849343,0.29330680,1.86229314,0.74093447,-0.25334583,-0.03352957,-0.03975149,-0.07739055,-0.00800424,-0.33049666,0.11835839,0.15765371,0.01323076,-0.17228843,-0.11155721,-0.06163698
2.260000,0.39769396,-0.16771834,1.46809658,0.29252428,1.86220741,0.73762652,-0.25212984,-0.03194459,-0.03961701,-0.07911352,-0.00915183,-0.33108396,0.12477437,0.15928536,0.01365305,-0.17225567,-0.11789633,-0.05584345
2.270000,0.39517900,-0.16802980,1.46770110,0.29172454,1.86210989,0.73431298,-0.25085167,-0.03034498,-0.03947868,-0.08083467,-0.01036089,-0.33161395,0.13079439,0.16058165,0.01400040,-0.17192647,-0.12385240,-0.05017560
2.280000,0.39267712,-0.16832520,1.46730702,0.29090760,1.86200000,0.73099442,-0.24951524,-0.02873405,-0.03933725,-0.08255108,-0.01162763,-0.33208789,0.13642539,0.16155027,0.01427446,-0.17130841,-0.12943267,-0.04463282
2.290000,0.39018887,-0.16860445,1.46691436,0.29007354,1.86187716,0.72767141,-0.24812443,-0.02711504,-0.03919343,-0.08425990,-0.01294832,-0.33250702,0.14167429,0.16219890,0.01447688,-0.17040908,-0.13464435,-0.03921450
2.300000,0.38771480,-0.16886749,1.46652315,0.28922244,1.86174086,0.72434446,-0.24668301,-0.02549112,-0.03904794,-0.08595835,-0.01431931,-0.33287259,0.14654801,0.16253522,0.01460929,-0.16923607,-0.13949468,-0.03392001
2.310000,0.38525537,-0.16911427,1.46613341,0.28835442,1.86159062,0.72101413,-0.24519470,-0.02386536,-0.03890147,-0.08764374,-0.01573703,-0.33318583,0.15105348,0.16256693,0.01467336,-0.16779696,-0.14399089,-0.02874873
2.320000,0.38281105,-0.16934480,1.46574512,0.28746962,1.86142598,0.71768092,-0.24366314,-0.02224077,-0.03875470,-0.08931343,-0.01719797,-0.33344797,0.15519762,0.16230171,0.01467072,-0.16609934,-0.14814019,-0.02370005
2.330000,0.38038224,-0.16955910,1.46535831,0.28656821,1.86124653,0.71434533,-0.24209193,-0.02062029,-0.03860828,-0.09096489,-0.01869870,-0.33366024,0.15898736,0.16174724,0.01460303,-0.16415081,-0.15194983,-0.01877334
2.340000,0.37796933,-0.16975723,1.46497296,0.28565039,1.86105188,0.71100787,-0.24048456,-0.01900676,-0.03846285,-0.09259564,-0.02023586,-0.33382384,0.16242963,0.16091120,0.01447192,-0.16195895,-0.15542703,-0.01396799
2.350000,0.37557266,-0.16993927,1.46458905,0.28471637,1.86084170,0.70766902,-0.23884447,-0.01740297,-0.03831904,-0.09420328,-0.02180616,-0.33394000,0.16553135,0.15980130,0.01427906,-0.15953134,-0.15857903,-0.00928337
2.360000,0.37319254,-0.17010533,1.46420657,0.28376641,1.86061566,0.70432923,-0.23717504,-0.01581162,-0.03817747,-0.09578550,-0.02340638,-0.33400991,0.16829944,0.15842520,0.01402609,-0.15687557,-0.16141303,-0.00471887
2.370000,0.37082924,-0.17025555,1.46382549,0.28280076,1.86037348,0.70098897,-0.23547957,-0.01423533,-0.03803872,-0.09734006,-0.02503338,-0.33403478,0.17074084,0.15679060,0.01371466,-0.15399924,-0.16393629,-0.00027387
2.380000,0.36848302,-0.17039009,1.46344578,0.28181971,1.86011491,0.69764868,-0.23376129,-0.01267665,-0.03790337,-0.09886478,-0.02668409,-0.33401578,0.17286247,0.15490519,0.01334640,-0.15090993,-0.16615602,0.00405225
2.390000,0.36615408,-0.17050915,1.46306741,0.28082357,1.85983973,0.69430879,-0.23202336,-0.01113804,-0.03777197,-0.10035757,-0.02835551,-0.33395412,0.17467125,0.15277664,0.01292298,-0.14761522,-0.16807945,0.00826012
2.400000,0.36384261,-0.17061293,1.46269033,0.27981267,1.85954775,0.69096973,-0.23026888,-0.00962190,-0.03764508,-0.10181642,-0.03004472,-0.33385097,0.17617410,0.15041264,0.01244604,-0.14412270,-0.16971382,0.01235034
2.410000,0.36154875,-0.17070167,1.46231449,0.27878736,1.85923879,0.68763191,-0.22850088,-0.00813054,-0.03752323,-0.10323939,-0.03174885,-0.33370751,0.17737797,0.14782088,0.01191723,-0.14043997,-0.17106635,0.01632355
2.420000,0.35927263,-0.17077563,1.46193984,0.27774801,1.85891273,0.68429572,-0.22672230,-0.00666622,-0.03740691,-0.10462461,-0.03346513,-0.33352489,0.17828976,0.14500905,0.01133819,-0.13657460,-0.17214426,0.02018035
2.430000,0.35701433,-0.17083509,1.46156633,0.27669500,1.85856945,0.68096154,-0.22493603,-0.00523107,-0.03729662,-0.10597030,-0.03519085,-0.33330429,0.17891640,0.14198482,0.01071057,-0.13253419,-0.17295480,0.02392137
2.440000,0.35477392,-0.17088035,1.46119389,0.27562874,1.85820889,0.67762975,-0.22314490,-0.00382720,-0.03719285,-0.10727474,-0.03692336,-0.33304685,0.17926483,0.13875589,0.01003603,-0.12832632,-0.17350518,0.02754723
2.450000,0.35255144,-0.17091175,1.46082245,0.27454965,1.85783097,0.67430072,-0.22135164,-0.00245661,-0.03709605,-0.10853629,-0.03866011,-0.33275372,0.17934197,0.13532995,0.00931620,-0.12395859,-0.17380263,0.03105855
2.460000,0.35034689,-0.17092960,1.46045194,0.27345816,1.85743568,0.67097479,-0.21955894,-0.00112123,-0.03700667,-0.10975340,-0.04039859,-0.33242606,0.17915473,0.13171467,0.00855273,-0.11943857,-0.17385439,0.03445594
2.470000,0.34816025,-0.17093429,1.46008229,0.27235473,1.85702300,0.66765231,-0.21776940,0.00017708,-0.03692514,-0.11092458,-0.04213640,-0.33206498,0.17871006,0.12791774,0.00774728,-0.11477386,-0.17366769,0.03774003
2.480000,0.34599148,-0.17092619,1.45971341,0.27123983,1.85659296,0.66433360,-0.21598557,0.00143654,-0.03685186,-0.11204842,-0.04387118,-0.33167163,0.17801486,0.12394685,0.00690150,-0.10997205,-0.17324974,0.04091143
2.490000,0.34384051,-0.17090570,1.45934523,0.27011393,1.85614560,0.66101898,-0.21420992,0.00265546,-0.03678724,-0.11312359,-0.04560065,-0.33124713,0.17707608,0.11980968,0.00601702,-0.10504071,-0.17260778,0.04397077
2.500000,0.34170725,-0.17087322,1.45897764,0.26897752,1.85568097,0.65770876,-0.21244484,0.00383221,-0.03673165,-0.11414883,-0.04732261,-0.33079259,0.17590063,0.11551393,0.00509550,-0.09998744,-0.17174904,0.04691866
2.510000,0.33959157,-0.17082920,1.45861056,0.26783112,1.85519918,0.65440323,-0.21069267,0.00496524,-0.03668545,-0.11512296,-0.04903493,-0.33030912,0.17449544,0.11106727,0.00413858,-0.09481984,-0.17068075,0.04975573
2.520000,0.33749334,-0.17077407,1.45824390,0.26667524,1.85470031,0.65110267,-0.20895568,0.00605307,-0.03664899,-0.11604487,-0.05073555,-0.32979784,0.17286743,0.10647738,0.00314791,-0.08954547,-0.16941013,0.05248258
2.530000,0.33541240,-0.17070829,1.45787755,0.26551040,1.85418451,0.64780736,-0.20723604,0.00709433,-0.03662260,-0.11691354,-0.05242248,-0.32925984,0.17102354,0.10175197,0.00212515,-0.08417194,-0.16794442,0.05509985
2.540000,0.33334856,-0.17063234,1.45751141,0.26433715,1.85365192,0.64451756,-0.20553590,0.00808769,-0.03660658,-0.11772800,-0.05409381,-0.32869621,0.16897068,0.09689871,0.00107193,-0.07870682,-0.16629084,0.05760815
2.550000,0.33130161,-0.17054670,1.45714538,0.26315602,1.85310269,0.64123352,-0.20385730,0.00903190,-0.03660125,-0.11848739,-0.05574770,-0.32810804,0.16671578,0.09192528,-0.00001009,-0.07315771,-0.16445662,0.06000810
2.560000,0.32927133,-0.17045187,1.45677935,0.26196758,1.85253703,0.63795547,-0.20220224,0.00992582,-0.03660688,-0.11919090,-0.05738237,-0.32749640,0.16426577,0.08683938,-0.00111927,-0.06753220,-0.16244899,0.06230032
2.570000,0.32725748,-0.17034836,1.45641321,0.26077239,1.85195512,0.63468366,-0.20057262,0.01076834,-0.03662372,-0.11983781,-0.05899612,-0.32686239,0.16162758,0.08164868,-0.00225396,-0.06183787,-0.16027517,0.06448543
2.580000,0.32525979,-0.17023668,1.45604684,0.25957102,1.85135718,0.63141830,-0.19897029,0.01155847,-0.03665204,-0.12042746,-0.06058734,-0.32620705,0.15880812,0.07636088,-0.00341251,-0.05608230,-0.15794241,0.06656404
2.590000,0.32327798,-0.17011737,1.45568013,0.25836404,1.85074345,0.62815959,-0.19739703,0.01229526,-0.03669205,-0.12095928,-0.06215446,-0.32553146,0.15581432,0.07098367,-0.00459327,-0.05027310,-0.15545792,0.06853678
2.600000,0.32131175,-0.16999096,1.45531296,0.25715203,1.85011418,0.62490773,-0.19585456,0.01297787,-0.03674397,-0.12143277,-0.06369602,-0.32483667,0.15265312,0.06552471,-0.00579460,-0.04441783,-0.15282893,0.07040427
2.610000,0.31936078,-0.16985799,1.45494521,0.25593558,1.84946962,0.62166292,-0.19434451,0.01360551,-0.03680800,-0.12184750,-0.06521059,-0.32412372,0.14933143,0.05999171,-0.00701484,-0.03852410,-0.15006268,0.07216713
2.620000,0.31742474,-0.16971903,1.45457675,0.25471528,1.84881006,0.61842532,-0.19286844,0.01417748,-0.03688432,-0.12220314,-0.06669684,-0.32339367,0.14585618,0.05439234,-0.00825236,-0.03259949,-0.14716638,0.07382597
2.630000,0.31550329,-0.16957463,1.45420748,0.25349171,1.84813578,0.61519510,-0.19142787,0.01469316,-0.03697310,-0.12249942,-0.06815350,-0.32264755,0.14223430,0.04873430,-0.00950549,-0.02665159,-0.14414728,0.07538142
2.640000,0.31359606,-0.16942536,1.45383725,0.25226549,1.84744709,0.61197241,-0.19002422,0.01515200,-0.03707448,-0.12273612,-0.06957940,-0.32188638,0.13847270,0.04302526,-0.01077261,-0.02068798,-0.14101259,0.07683409
2.650000,0.31170268,-0.16927178,1.45346595,0.25103719,1.84674430,0.60875742,-0.18865886,0.01555352,-0.03718859,-0.12291315,-0.07097339,-0.32111121,0.13457833,0.03727292,-0.01205204,-0.01471625,-0.13776955,0.07818460
2.660000,0.30982275,-0.16911448,1.45309344,0.24980742,1.84602773,0.60555023,-0.18733308,0.01589734,-0.03731556,-0.12303045,-0.07233445,-0.32032303,0.13055810,0.03148496,-0.01334216,-0.00874399,-0.13442539,0.07943358
2.670000,0.30795588,-0.16895403,1.45271959,0.24857678,1.84529772,0.60235100,-0.18604809,0.01618313,-0.03745547,-0.12308805,-0.07366159,-0.31952287,0.12641894,0.02566906,-0.01464131,-0.00277879,-0.13098733,0.08058163
2.680000,0.30610165,-0.16879101,1.45234428,0.24734586,1.84455462,0.59915981,-0.18480507,0.01641065,-0.03760841,-0.12308607,-0.07495391,-0.31871173,0.12216777,0.01983291,-0.01594785,0.00317177,-0.12746260,0.08162939
2.690000,0.30425964,-0.16862601,1.45196738,0.24611526,1.84379876,0.59597679,-0.18360509,0.01657974,-0.03777444,-0.12302469,-0.07621058,-0.31789061,0.11781152,0.01398420,-0.01726011,0.00910009,-0.12385844,0.08257747
2.700000,0.30242940,-0.16845961,1.45158875,0.24488556,1.84303053,0.59280203,-0.18244917,0.01669032,-0.03795362,-0.12290417,-0.07743084,-0.31706051,0.11335711,0.00813061,-0.01857647,0.01499860,-0.12018206,0.08342649
2.710000,0.30061050,-0.16829240,1.45120826,0.24365737,1.84225027,0.58963561,-0.18133825,0.01674237,-0.03814598,-0.12272484,-0.07861400,-0.31622241,0.10881148,0.00227983,-0.01989527,0.02085970,-0.11644070,0.08417707
2.720000,0.29880249,-0.16812496,1.45082579,0.24243126,1.84145837,0.58647761,-0.18027322,0.01673595,-0.03835153,-0.12248713,-0.07975946,-0.31537730,0.10418154,-0.00356046,-0.02121486,0.02667580,-0.11264159,0.08482983
2.730000,0.29700488,-0.16795787,1.45044119,0.24120782,1.84065521,0.58332808,-0.17925488,0.01667122,-0.03857028,-0.12219150,-0.08086666,-0.31452614,0.09947422,-0.00938257,-0.02253359,0.03243932,-0.10879195,0.08538539
2.740000,0.29521723,-0.16779173,1.45005434,0.23998762,1.83984117,0.58018710,-0.17828397,0.01654839,-0.03880220,-0.12183854,-0.08193515,-0.31366991,0.09469645,-0.01517881,-0.02384983,0.03814267,-0.10489902,0.08584436
2.750000,0.29343904,-0.16762710,1.44966510,0.23877124,1.83901664,0.57705470,-0.17736116,0.01636775,-0.03904726,-0.12142888,-0.08296452,-0.31280957,0.08985515,-0.02094151,-0.02516191,0.04377827,-0.10097002,0.08620737
2.760000,0.29166984,-0.16746456,1.44927335,0.23755923,1.83818201,0.57393092,-0.17648706,0.01612969,-0.03930541,-0.12096323,-0.08395446,-0.31194608,0.08495725,-0.02666297,-0.02646819,0.04933852,-0.09701218,0.08647504
2.770000,0.28990914,-0.16730470,1.44887895,0.23635216,1.83733768,0.57081579,-0.17566218,0.01583466,-0.03957660,-0.12044238,-0.08490470,-0.31108039,0.08000968,-0.03233551,-0.02776703,0.05481583,-0.09303273,0.08664798
2.780000,0.28815643,-0.16714806,1.44848177,0.23515056,1.83648405,0.56770932,-0.17488700,0.01548317,-0.03986072,-0.11986721,-0.08581506,-0.31021344,0.07501935,-0.03795144,-0.02905677,0.06020263,-0.08903890,0.08672681
2.790000,0.28641123,-0.16699522,1.44808169,0.23395499,1.83562151,0.56461152,-0.17416191,0.01507584,-0.04015770,-0.11923866,-0.08668545,-0.30934616,0.06999320,-0.04350308,-0.03033577,0.06549132,-0.08503792,0.08671216
2.800000,0.28467303,-0.16684673,1.44767858,0.23276597,1.83475047,0.56152239,-0.17348724,0.01461335,-0.04046740,-0.11855774,-0.08751582,-0.30847950,0.06493814,-0.04898274,-0.03160238,0.07067431,-0.08103701,0.08660465
2.810000,0.28294132,-0.16670313,1.44727230,0.23158401,1.83387133,0.55844192,-0.17286322,0.01409645,-0.04078970,-0.11782555,-0.08830622,-0.30761438,0.05986112,-0.05438274,-0.03285495,0.07574403,-0.07704341,0.08640488
2.820000,0.28121559,-0.16656498,1.44686274,0.23040962,1.83298448,0.55537009,-0.17229006,0.01352599,-0.04112445,-0.11704326,-0.08905674,-0.30675171,0.05476904,-0.05969539,-0.03409184,0.08069287,-0.07306434,0.08611349
2.830000,0.27949535,-0.16643279,1.44644977,0.22924330,1.83209033,0.55230688,-0.17176787,0.01290286,-0.04147148,-0.11621212,-0.08976757,-0.30589241,0.04966885,-0.06491300,-0.03531140,0.08551325,-0.06910702,0.08573109
2.840000,0.27778007,-0.16630709,1.44603327,0.22808554,1.83118926,0.54925223,-0.17129669,0.01222807,-0.04183061,-0.11533345,-0.09043898,-0.30503739,0.04456745,-0.07002789,-0.03651197,0.09019759,-0.06517870,0.08525829
2.850000,0.27606924,-0.16618840,1.44561312,0.22693679,1.83028168,0.54620611,-0.17087650,0.01150267,-0.04220165,-0.11440864,-0.09107127,-0.30418754,0.03947178,-0.07503238,-0.03769192,0.09473830,-0.06128660,0.08469573
2.860000,0.27436237,-0.16607720,1.44518920,0.22579751,1.82936797,0.54316846,-0.17050721,0.01072782,-0.04258437,-0.11343918,-0.09166485,-0.30334377,0.03438877,-0.07991878,-0.03884959,0.09912779,-0.05743794,0.08404402
2.870000,0.27265893,-0.16597400,1.44476139,0.22466815,1.82844851,0.54013921,-0.17018866,0.00990472,-0.04297856,-0.11242662,-0.09222020,-0.30250696,0.02932533,-0.08467940,-0.03998334,0.10335847,-0.05363996,0.08330378
2.880000,0.27095843,-0.16587926,1.44432959,0.22354912,1.82752369,0.53711830,-0.16992062,0.00903467,-0.04338396,-0.11137257,-0.09273785,-0.30167799,0.02428840,-0.08930655,-0.04109151,0.10742275,-0.04989989,0.08247562
2.890000,0.26926035,-0.16579346,1.44389368,0.22244083,1.82659387,0.53410562,-0.16970278,0.00811906,-0.04380030,-0.11027874,-0.09321841,-0.30085774,0.01928490,-0.09379256,-0.04217247,0.11131305,-0.04622494,0.08156017
2.900000,0.26756420,-0.16571703,1.44345355,0.22134367,1.82565944,0.53110111,-0.16953479,0.00715932,-0.04422731,-0.10914691,-0.09366259,-0.30004708,0.01432176,-0.09812973,-0.04322456,0.11502178,-0.04262236,0.08055805
2.910000,0.26586949,-0.16565041,1.44300910,0.22025801,1.82472074,0.52810465,-0.16941619,0.00615698,-0.04466469,-0.10797894,-0.09407112,-0.29924686,0.00940589,-0.10231038,-0.04424614,0.11854136,-0.03909937,0.07946987
2.920000,0.26417572,-0.16559403,1.44256022,0.21918421,1.82377813,0.52511613,-0.16934649,0.00511366,-0.04511212,-0.10677674,-0.09444486,-0.29845796,0.00454424,-0.10632683,-0.04523555,0.12186418,-0.03566320,0.07829626
2.930000,0.26248240,-0.16554827,1.44210682,0.21812259,1.82283196,0.52213545,-0.16932510,0.00403102,-0.04556929,-0.10554234,-0.09478470,-0.29768122,-0.00025629,-0.11017138,-0.04619115,0.12498268,-0.03232107,0.07703783
2.940000,0.26078906,-0.16551353,1.44164881,0.21707346,1.82188255,0.51916247,-0.16935139,0.00291083,-0.04603583,-0.10427780,-0.09509162,-0.29691749,-0.00498875,-0.11383636,-0.04711129,0.12788925,-0.02908022,0.07569521
2.950000,0.25909521,-0.16549017,1.44118608,0.21603712,1.82093023,0.51619705,-0.16942463,0.00175492,-0.04651139,-0.10298528,-0.09536667,-0.29616760,-0.00964624,-0.11731408,-0.04799433,0.13057632,-0.02594787,0.07426900
2.960000,0.25740041,-0.16547855,1.44071855,0.21501384,1.81997532,0.51323907,-0.16954404,0.00056520,-0.04699559,-0.10166703,-0.09561096,-0.29543238,-0.01422181,-0.12059685,-0.04883861,0.13303629,-0.02293125,0.07275984
2.970000,0.25570418,-0.16547898,1.44024614,0.21400386,1.81901811,0.51028835,-0.16970877,-0.00065635,-0.04748803,-0.10032534,-0.09582570,-0.29471267,-0.01870855,-0.12367698,-0.04964250,0.13526158,-0.02003760,0.07116835
2.980000,0.25400609,-0.16549177,1.43976876,0.21300740,1.81805890,0.50734476,-0.16991789,-0.00190764,-0.04798830,-0.09896260,-0.09601215,-0.29400929,-0.02309953,-0.12654680,-0.05040433,0.13724459,-0.01727413,0.06949513
2.990000,0.25230568,-0.16551722,1.43928635,0.21202467,1.81709796,0.50440811,-0.17017042,-0.00318655,-0.04849597,-0.09758128,-0.09617164,-0.29332304,-0.02738783,-0.12919861,-0.05112247,0.13897775,-0.01464809,0.06774082
3.000000,0.25060254,-0.16555559,1.43879882,0.21105583,1.81613555,0.50147824,-0.17046528,-0.00449086,-0.04901059,-0.09618391,-0.09630559,-0.29265474,-0.03156651,-0.13162473,-0.05179526,0.14045347,-0.01216669,0.06590602
3.010000,0.24889624,-0.16560712,1.43830611,0.21010104,1.81517193,0.49855495,-0.17080136,-0.00581828,-0.04953172,-0.09477309,-0.09641548,-0.29200519,-0.03562987,-0.13381945,-0.05242136,0.14166641,-0.00983538,0.06399189
3.020000,0.24718638,-0.16567202,1.43780817,0.20916041,1.81420732,0.49563807,-0.17117749,-0.00716649,-0.05005887,-0.09335144,-0.09650280,-0.29137516,-0.03957706,-0.13578500,-0.05300061,0.14262033,-0.00765243,0.06200166
3.030000,0.24547256,-0.16575051,1.43730492,0.20823404,1.81324194,0.49272738,-0.17159251,-0.00853323,-0.05059157,-0.09192152,-0.09656901,-0.29076539,-0.04340843,-0.13752555,-0.05353316,0.14332122,-0.00561432,0.05993910
3.040000,0.24375440,-0.16584274,1.43679632,0.20732200,1.81227600,0.48982269,-0.17204527,-0.00991626,-0.05112937,-0.09048584,-0.09661555,-0.29017660,-0.04712436,-0.13904532,-0.05401915,0.14377508,-0.00371755,0.05780797
3.050000,0.24203153,-0.16594888,1.43628231,0.20642433,1.81130969,0.48692378,-0.17253462,-0.01131341,-0.05167180,-0.08904683,-0.09664382,-0.28960945,-0.05072520,-0.14034850,-0.05445872,0.14398793,-0.00195860,0.05561205
3.060000,0.24030359,-0.16606905,1.43576287,0.20554106,1.81034318,0.48403043,-0.17305940,-0.01272252,-0.05221839,-0.08760686,-0.09665517,-0.28906457,-0.05421131,-0.14143928,-0.05485203,0.14396576,-0.00033395,0.05335509
3.070000,0.23857023,-0.16620336,1.43523793,0.20467219,1.80937664,0.48114241,-0.17361846,-0.01414150,-0.05276869,-0.08616827,-0.09665094,-0.28854254,-0.05758305,-0.14232186,-0.05519921,0.14371458,0.00115990,0.05104086
3.080000,0.23683111,-0.16635191,1.43470748,0.20381768,1.80841021,0.47825950,-0.17421068,-0.01556828,-0.05332222,-0.08473332,-0.09663240,-0.28804393,-0.06084080,-0.14300043,-0.05550042,0.14324039,0.00252648,0.04867313
3.090000,0.23508591,-0.16651475,1.43417148,0.20297750,1.80744403,0.47538145,-0.17483490,-0.01700084,-0.05387854,-0.08330419,-0.09660082,-0.28756924,-0.06398490,-0.14347919,-0.05575579,0.14254919,0.00376930,0.04625567
3.100000,0.23333431,-0.16669194,1.43362990,0.20215157,1.80647823,0.47250803,-0.17549000,-0.01843721,-0.05443719,-0.08188304,-0.09655741,-0.28711897,-0.06701573,-0.14376234,-0.05596547,0.14164700,0.00489186,0.04379222
3.110000,0.23157601,-0.16688350,1.43308273,0.20133981,1.80551292,0.46963899,-0.17617484,-0.01987545,-0.05499770,-0.08047193,-0.09650337,-0.28669354,-0.06993365,-0.14385406,-0.05612960,0.14053980,0.00589769,0.04128658
3.120000,0.22981072,-0.16708944,1.43252995,0.20054209,1.80454820,0.46677408,-0.17688830,-0.02131367,-0.05555963,-0.07907290,-0.09643984,-0.28629336,-0.07273901,-0.14375857,-0.05624833,0.13923361,0.00679030,0.03874248
3.130000,0.22803815,-0.16730977,1.43197154,0.19975830,1.80358415,0.46391304,-0.17762925,-0.02275001,-0.05612252,-0.07768790,-0.09636793,-0.28591880,-0.07543218,-0.14348004,-0.05632181,0.13773443,0.00757321,0.03616372
3.140000,0.22625804,-0.16754443,1.43140749,0.19898828,1.80262086,0.46105561,-0.17839657,-0.02418268,-0.05668591,-0.07631884,-0.09628873,-0.28557019,-0.07801352,-0.14302269,-0.05635018,0.13604825,0.00824992,0.03355404
3.150000,0.22447014,-0.16779340,1.43083782,0.19823187,1.80165840,0.45820155,-0.17918914,-0.02560989,-0.05724937,-0.07496754,-0.09620327,-0.28524781,-0.08048339,-0.14239070,-0.05633358,0.13418110,0.00882395,0.03091721
3.160000,0.22267418,-0.16805661,1.43026251,0.19748887,1.80069682,0.45535057,-0.18000586,-0.02702992,-0.05781244,-0.07363580,-0.09611258,-0.28495193,-0.08284216,-0.14158827,-0.05627216,0.13213896,0.00929882,0.02825701
3.170000,0.22086994,-0.16833397,1.42968157,0.19675908,1.79973616,0.45250242,-0.18084562,-0.02844110,-0.05837467,-0.07232533,-0.09601762,-0.28468274,-0.08509018,-0.14061959,-0.05616606,0.12992785,0.00967803,0.02557719
3.180000,0.21905720,-0.16862539,1.42909502,0.19604228,1.79877647,0.44965683,-0.18170730,-0.02984177,-0.05893561,-0.07103779,-0.09591933,-0.28444043,-0.08722783,-0.13948886,-0.05601543,0.12755376,0.00996511,0.02288152
3.190000,0.21723573,-0.16893076,1.42850286,0.19533824,1.79781778,0.44681352,-0.18258981,-0.03123035,-0.05949483,-0.06977478,-0.09581861,-0.28422515,-0.08925546,-0.13820028,-0.05582041,0.12502270,0.01016357,0.02017376
3.200000,0.21540533,-0.16924995,1.42790513,0.19464670,1.79686011,0.44397223,-0.18349204,-0.03260527,-0.06005187,-0.06853784,-0.09571634,-0.28403699,-0.09117343,-0.13675805,-0.05558115,0.12234067,0.01027692,0.01745769
3.210000,0.21356582,-0.16958282,1.42730184,0.19396739,1.79590346,0.44113269,-0.18441291,-0.03396501,-0.06060630,-0.06732845,-0.09561334,-0.28387601,-0.09298210,-0.13516635,-0.05529779,0.11951368,0.01030867,0.01473706
3.220000,0.21171702,-0.16992920,1.42669301,0.19330004,1.79494784,0.43829462,-0.18535132,-0.03530811,-0.06115768,-0.06614802,-0.09551042,-0.28374225,-0.09468185,-0.13342939,-0.05497048,0.11654772,0.01026235,0.01201565
3.230000,0.20985874,-0.17028892,1.42607869,0.19264433,1.79399325,0.43545775,-0.18630619,-0.03663313,-0.06170557,-0.06499793,-0.09540835,-0.28363569,-0.09627302,-0.13155135,-0.05459936,0.11344881,0.01014145,0.00929721
3.240000,0.20799084,-0.17066180,1.42545891,0.19199997,1.79303967,0.43262182,-0.18727642,-0.03793868,-0.06224952,-0.06387947,-0.09530783,-0.28355628,-0.09775599,-0.12953644,-0.05418457,0.11022295,0.00994951,0.00658551
3.250000,0.20611317,-0.17104763,1.42483372,0.19136663,1.79208708,0.42978654,-0.18826095,-0.03922342,-0.06278911,-0.06279388,-0.09520958,-0.28350394,-0.09913111,-0.12738885,-0.05372627,0.10687614,0.00969003,0.00388432
3.260000,0.20422558,-0.17144619,1.42420315,0.19074398,1.79113547,0.42695165,-0.18925869,-0.04048603,-0.06332390,-0.06174233,-0.09511425,-0.28347855,-0.10039875,-0.12511278,-0.05322459,0.10341438,0.00936652,0.00119741
3.270000,0.20232795,-0.17185727,1.42356726,0.19013167,1.79018479,0.42411688,-0.19026857,-0.04172526,-0.06385346,-0.06072595,-0.09502245,-0.28347993,-0.10155927,-0.12271242,-0.05267968,0.09984367,0.00898250,-0.00147147
3.280000,0.20042017,-0.17228062,1.42292610,0.18952934,1.78923500,0.42128196,-0.19128952,-0.04293988,-0.06437735,-0.05974580,-0.09493479,-0.28350790,-0.10261303,-0.12019197,-0.05209168,0.09617003,0.00854149,-0.00411855
3.290000,0.19850213,-0.17271598,1.42227973,0.18893663,1.78828608,0.41844663,-0.19232047,-0.04412871,-0.06489515,-0.05880288,-0.09485180,-0.28356222,-0.10356039,-0.11755563,-0.05146075,0.09239945,0.00804699,-0.00674005
3.300000,0.19657373,-0.17316310,1.42162822,0.18835316,1.78733795,0.41561063,-0.19336037,-0.04529062,-0.06540642,-0.05789812,-0.09477401,-0.28364261,-0.10440171,-0.11480758,-0.05078702,0.08853794,0.00750253,-0.00933222
3.310000,0.19463489,-0.17362170,1.42097163,0.18777854,1.78639058,0.41277369,-0.19440815,-0.04642450,-0.06591075,-0.05703240,-0.09470190,-0.28374875,-0.10513737,-0.11195203,-0.05007064,0.08459150,0.00691161,-0.01189129
3.320000,0.19268555,-0.17409149,1.42031003,0.18721238,1.78544389,0.40993557,-0.19546277,-0.04752931,-0.06640770,-0.05620655,-0.09463592,-0.28388031,-0.10576771,-0.10899317,-0.04931175,0.08056613,0.00627776,-0.01441349
3.330000,0.19072562,-0.17457218,1.41964350,0.18665427,1.78449784,0.40709600,-0.19652316,-0.04860404,-0.06689684,-0.05542132,-0.09457648,-0.28403689,-0.10629310,-0.10593519,-0.04851050,0.07646784,0.00560447,-0.01689507
3.340000,0.18875507,-0.17506347,1.41897212,0.18610381,1.78355234,0.40425475,-0.19758828,-0.04964770,-0.06737776,-0.05467742,-0.09452395,-0.28421806,-0.10671391,-0.10278230,-0.04766704,0.07230263,0.00489528,-0.01933224
3.350000,0.18677384,-0.17556503,1.41829597,0.18556058,1.78260733,0.40141156,-0.19865709,-0.05065938,-0.06785004,-0.05397547,-0.09447868,-0.28442337,-0.10703049,-0.09953869,-0.04678150,0.06807651,0.00415369,-0.02172126
3.360000,0.18478192,-0.17607655,1.41761515,0.18502416,1.78166274,0.39856620,-0.19972854,-0.05163819,-0.06831326,-0.05331607,-0.09444098,-0.28465232,-0.10724322,-0.09620855,-0.04585403,0.06379547,0.00338321,-0.02405835
3.370000,0.18277927,-0.17659768,1.41692974,0.18449412,1.78071849,0.39571844,-0.20080161,-0.05258328,-0.06876698,-0.05269972,-0.09441110,-0.28490435,-0.10735244,-0.09279608,-0.04488478,0.05946553,0.00258737,-0.02633975
3.380000,0.18076588,-0.17712810,1.41623984,0.18397002,1.77977449,0.39286804,-0.20187525,-0.05349385,-0.06921081,-0.05212690,-0.09438930,-0.28517891,-0.10735852,-0.08930547,-0.04387390,0.05509268,0.00176967,-0.02856168
3.390000,0.17874176,-0.17766744,1.41554556,0.18345143,1.77883067,0.39001479,-0.20294844,-0.05436914,-0.06964432,-0.05159799,-0.09437577,-0.28547538,-0.10726183,-0.08574093,-0.04282152,0.05068292,0.00093363,-0.03072040
3.400000,0.17670692,-0.17821536,1.41484699,0.18293791,1.77788695,0.38715846,-0.20402014,-0.05520843,-0.07006710,-0.05111334,-0.09437068,-0.28579310,-0.10706272,-0.08210664,-0.04172779,0.04624227,0.00008276,-0.03281213
3.410000,0.17466137,-0.17877149,1.41414425,0.18242902,1.77694323,0.38429886,-0.20508935,-0.05601105,-0.07047874,-0.05067323,-0.09437415,-0.28613138,-0.10676156,-0.07840681,-0.04059286,0.04177673,-0.00077943,-0.03483310
3.420000,0.17260514,-0.17933546,1.41343745,0.18192430,1.77599944,0.38143577,-0.20615504,-0.05677636,-0.07087882,-0.05027787,-0.09438629,-0.28648951,-0.10635872,-0.07464562,-0.03941687,0.03729229,-0.00164941,-0.03677956
3.430000,0.17053828,-0.17990689,1.41272671,0.18142331,1.77505548,0.37856900,-0.20721619,-0.05750378,-0.07126694,-0.04992743,-0.09440716,-0.28686671,-0.10585454,-0.07082728,-0.03819996,0.03279497,-0.00252367,-0.03864773
3.440000,0.16846084,-0.18048541,1.41201216,0.18092560,1.77411126,0.37569837,-0.20827179,-0.05819273,-0.07164269,-0.04962200,-0.09443677,-0.28726219,-0.10524940,-0.06695598,-0.03694229,0.02829076,-0.00339871,-0.04043385
3.450000,0.16637287,-0.18107062,1.41129390,0.18043072,1.77316671,0.37282370,-0.20932084,-0.05884273,-0.07200565,-0.04936162,-0.09447512,-0.28767511,-0.10454366,-0.06303591,-0.03564399,0.02378567,-0.00427101,-0.04213416
3.460000,0.16427445,-0.18166213,1.41057209,0.17993822,1.77222173,0.36994482,-0.21036233,-0.05945330,-0.07235543,-0.04914627,-0.09452217,-0.28810458,-0.10373768,-0.05907128,-0.03430521,0.01928570,-0.00513704,-0.04374488
3.470000,0.16216565,-0.18225955,1.40984684,0.17944765,1.77127624,0.36706156,-0.21139526,-0.06002402,-0.07269162,-0.04897587,-0.09457783,-0.28854969,-0.10283181,-0.05506627,-0.03292609,0.01479686,-0.00599331,-0.04526226
3.480000,0.16004657,-0.18286247,1.40911830,0.17895855,1.77033015,0.36417377,-0.21241863,-0.06055451,-0.07301382,-0.04885027,-0.09464199,-0.28900950,-0.10182643,-0.05102508,-0.03150678,0.01032515,-0.00683629,-0.04668253
3.490000,0.15791731,-0.18347050,1.40838661,0.17847049,1.76938337,0.36128132,-0.21343146,-0.06104442,-0.07332163,-0.04876929,-0.09471450,-0.28948301,-0.10072190,-0.04695191,-0.03004743,0.00587657,-0.00766247,-0.04800192
3.500000,0.15577798,-0.18408323,1.40765192,0.17798302,1.76843583,0.35838407,-0.21443274,-0.06149345,-0.07361464,-0.04873264,-0.09479517,-0.28996919,-0.09951857,-0.04285096,-0.02854818,0.00145713,-0.00846834,-0.04921668
3.510000,0.15362870,-0.18470024,1.40691437,0.17749569,1.76748744,0.35548190,-0.21542150,-0.06190136,-0.07389246,-0.04874003,-0.09488379,-0.29046698,-0.09821682,-0.03872641,-0.02700917,-0.00292717,-0.00925039,-0.05032302
3.520000,0.15146960,-0.18532112,1.40617412,0.17700807,1.76653813,0.35257470,-0.21639675,-0.06226792,-0.07415469,-0.04879105,-0.09498009,-0.29097527,-0.09681699,-0.03458248,-0.02543054,-0.00727033,-0.01000509,-0.05131719
3.530000,0.14930081,-0.18594546,1.40543133,0.17651973,1.76558782,0.34966236,-0.21735752,-0.06259296,-0.07440094,-0.04888527,-0.09508379,-0.29149294,-0.09531946,-0.03042334,-0.02381245,-0.01156634,-0.01072893,-0.05219542
3.540000,0.14712250,-0.18657284,1.40468616,0.17603022,1.76463643,0.34674481,-0.21830282,-0.06287635,-0.07463081,-0.04902220,-0.09519455,-0.29201878,-0.09372459,-0.02625320,-0.02215504,-0.01580921,-0.01141841,-0.05295395
3.550000,0.14493481,-0.18720284,1.40393877,0.17553914,1.76368390,0.34382196,-0.21923168,-0.06311800,-0.07484391,-0.04920126,-0.09531203,-0.29255160,-0.09203273,-0.02207625,-0.02045845,-0.01999291,-0.01207000,-0.05358901
3.560000,0.14273792,-0.18783506,1.40318933,0.17504606,1.76273017,0.34089376,-0.22014315,-0.06331786,-0.07503984,-0.04942184,-0.09543581,-0.29309014,-0.09024426,-0.01789669,-0.01872282,-0.02411147,-0.01268020,-0.05409683
3.570000,0.14053201,-0.18846906,1.40243803,0.17455057,1.76177517,0.33796015,-0.22103625,-0.06347594,-0.07521823,-0.04968325,-0.09556548,-0.29363310,-0.08835952,-0.01371871,-0.01694831,-0.02815886,-0.01324548,-0.05447366
3.580000,0.13831726,-0.18910444,1.40168503,0.17405226,1.76081884,0.33502109,-0.22191002,-0.06359226,-0.07537868,-0.04998476,-0.09570056,-0.29417916,-0.08637889,-0.00954651,-0.01513506,-0.03212908,-0.01376234,-0.05471572
3.590000,0.13609388,-0.18974077,1.40093052,0.17355074,1.75986114,0.33207656,-0.22276351,-0.06366690,-0.07552080,-0.05032556,-0.09584055,-0.29472696,-0.08430273,-0.00538429,-0.01328320,-0.03601614,-0.01422725,-0.05481925
3.600000,0.13386206,-0.19037764,1.40017468,0.17304562,1.75890201,0.32912655,-0.22359576,-0.06369999,-0.07564422,-0.05070479,-0.09598492,-0.29527507,-0.08213140,-0.00123624,-0.01139289,-0.03981403,-0.01463672,-0.05478049
3.610000,0.13162204,-0.19101463,1.39941770,0.17253652,1.75794143,0.32617106,-0.22440582,-0.06369169,-0.07574854,-0.05112152,-0.09613309,-0.29582208,-0.07986525,0.00289344,-0.00946427,-0.04351675,-0.01498721,-0.05459566
3.620000,0.12937402,-0.19165133,1.39865977,0.17202307,1.75697934,0.32321011,-0.22519275,-0.06364220,-0.07583338,-0.05157478,-0.09628446,-0.29636649,-0.07750466,0.00700056,-0.00749749,-0.04711828,-0.01527523,-0.05426101
3.630000,0.12711826,-0.19228734,1.39790110,0.17150491,1.75601573,0.32024374,-0.22595560,-0.06355177,-0.07589836,-0.05206353,-0.09643838,-0.29690679,-0.07504999,0.01108093,-0.00549268,-0.05061264,-0.01549725,-0.05377277
3.640000,0.12485499,-0.19292223,1.39714187,0.17098169,1.75505057,0.31727200,-0.22669343,-0.06342068,-0.07594310,-0.05258666,-0.09659417,-0.29744142,-0.07250159,0.01513033,-0.00345000,-0.05399381,-0.01564975,-0.05312716
3.650000,0.12258448,-0.19355562,1.39638230,0.17045306,1.75408384,0.31429494,-0.22740532,-0.06324928,-0.07596723,-0.05314301,-0.09675113,-0.29796879,-0.06985984,0.01914459,-0.00136959,-0.05725579,-0.01572924,-0.05232044
3.660000,0.12030698,-0.19418708,1.39562260,0.16991872,1.75311554,0.31131265,-0.22809032,-0.06303792,-0.07597037,-0.05373136,-0.09690850,-0.29848728,-0.06712508,0.02311951,0.00074840,-0.06039258,-0.01573218,-0.05134883
3.670000,0.11802277,-0.19481624,1.39486297,0.16937833,1.75214567,0.30832523,-0.22874751,-0.06278703,-0.07595214,-0.05435042,-0.09706551,-0.29899521,-0.06429769,0.02705088,0.00290384,-0.06339817,-0.01565508,-0.05020857
3.680000,0.11573212,-0.19544270,1.39410363,0.16883161,1.75117424,0.30533279,-0.22937597,-0.06249706,-0.07591217,-0.05499886,-0.09722132,-0.29949088,-0.06137802,0.03093452,0.00509658,-0.06626657,-0.01549440,-0.04889588
3.690000,0.11343534,-0.19606605,1.39334480,0.16827826,1.75020125,0.30233546,-0.22997477,-0.06216851,-0.07585008,-0.05567528,-0.09737510,-0.29997254,-0.05836644,0.03476622,0.00732646,-0.06899176,-0.01524665,-0.04740701
3.700000,0.11113273,-0.19668594,1.39258670,0.16771802,1.74922675,0.29933339,-0.23054299,-0.06180193,-0.07576552,-0.05637820,-0.09752596,-0.30043842,-0.05526332,0.03854179,0.00959336,-0.07156775,-0.01490830,-0.04573820
3.710000,0.10882459,-0.19730197,1.39182956,0.16715062,1.74825075,0.29632675,-0.23107973,-0.06139788,-0.07565809,-0.05710611,-0.09767296,-0.30088669,-0.05206900,0.04225704,0.01189711,-0.07398853,-0.01447585,-0.04388567
3.720000,0.10651124,-0.19791377,1.39107361,0.16657582,1.74727330,0.29331572,-0.23158407,-0.06095700,-0.07552745,-0.05785743,-0.09781515,-0.30131550,-0.04878386,0.04590778,0.01423758,-0.07624810,-0.01394577,-0.04184566
3.730000,0.10419302,-0.19852099,1.39031909,0.16599340,1.74629446,0.29030051,-0.23205510,-0.06047995,-0.07537322,-0.05863052,-0.09795153,-0.30172297,-0.04540825,0.04948979,0.01661463,-0.07834045,-0.01331456,-0.03961440
3.740000,0.10187026,-0.19912325,1.38956623,0.16540314,1.74531430,0.28728134,-0.23249193,-0.05996745,-0.07519504,-0.05942367,-0.09808109,-0.30210714,-0.04194255,0.05299890,0.01902811,-0.08025958,-0.01257869,-0.03718813
3.750000,0.09954330,-0.19972022,1.38881527,0.16480486,1.74433287,0.28425845,-0.23289366,-0.05942023,-0.07499254,-0.06023511,-0.09820275,-0.30246607,-0.03838710,0.05643089,0.02147786,-0.08199949,-0.01173466,-0.03456309
3.760000,0.09721250,-0.20031155,1.38806646,0.16419838,1.74335027,0.28123211,-0.23325938,-0.05883910,-0.07476536,-0.06106304,-0.09831541,-0.30279773,-0.03474321,0.05978224,0.02396326,-0.08355592,-0.01078025,-0.03173773
3.770000,0.09487823,-0.20089689,1.38732005,0.16358355,1.74236659,0.27820259,-0.23358824,-0.05822486,-0.07451316,-0.06190563,-0.09841799,-0.30310018,-0.03101590,0.06305197,0.02648160,-0.08493159,-0.00971842,-0.02871946
3.780000,0.09254086,-0.20147594,1.38657628,0.16296023,1.74138195,0.27517021,-0.23387944,-0.05757833,-0.07423563,-0.06276109,-0.09850944,-0.30337151,-0.02721114,0.06623980,0.02902971,-0.08613098,-0.00855345,-0.02551788
3.790000,0.09020077,-0.20204835,1.38583542,0.16232829,1.74039645,0.27213527,-0.23413223,-0.05690034,-0.07393248,-0.06362768,-0.09858873,-0.30360996,-0.02333487,0.06934541,0.03160439,-0.08715856,-0.00728959,-0.02214262
3.800000,0.08785835,-0.20261384,1.38509772,0.16168764,1.73941022,0.26909813,-0.23434592,-0.05619170,-0.07360346,-0.06450370,-0.09865491,-0.30381382,-0.01939306,0.07236850,0.03420248,-0.08801879,-0.00593112,-0.01860329
3.810000,0.08551399,-0.20317209,1.38436344,0.16103819,1.73842339,0.26605912,-0.23451989,-0.05545324,-0.07324836,-0.06538751,-0.09870706,-0.30398151,-0.01539168,0.07530876,0.03682076,-0.08871616,-0.00448229,-0.01490952
3.820000,0.08316809,-0.20372281,1.38363284,0.16037987,1.73743613,0.26301862,-0.23465357,-0.05468580,-0.07286699,-0.06627750,-0.09874427,-0.30411153,-0.01133667,0.07816589,0.03945607,-0.08925513,-0.00294738,-0.01107093
3.830000,0.08082105,-0.20426571,1.38290619,0.15971263,1.73644856,0.25997702,-0.23474646,-0.05389020,-0.07245920,-0.06717210,-0.09876573,-0.30420247,-0.00723400,0.08093959,0.04210521,-0.08964017,-0.00133065,-0.00709713
3.840000,0.07847329,-0.20480052,1.38218374,0.15903642,1.73546087,0.25693471,-0.23479811,-0.05306729,-0.07202485,-0.06806980,-0.09877063,-0.30425305,-0.00308963,0.08362954,0.04476499,-0.08987575,0.00036364,-0.00299774
3.850000,0.07612523,-0.20532697,1.38146578,0.15835123,1.73447321,0.25389209,-0.23480814,-0.05221789,-0.07156387,-0.06896913,-0.09875821,-0.30426204,0.00109048,0.08623546,0.04743224,-0.08996635,0.00213122,0.00121761
3.860000,0.07377727,-0.20584479,1.38075256,0.15765704,1.73348576,0.25084961,-0.23477621,-0.05134286,-0.07107619,-0.06986866,-0.09872777,-0.30422834,0.00530037,0.08875702,0.05010376,-0.08991644,0.00396782,0.00553931
3.870000,0.07142984,-0.20635374,1.38004434,0.15695386,1.73249871,0.24780767,-0.23470205,-0.05044303,-0.07056179,-0.07076701,-0.09867864,-0.30415093,0.00953410,0.09119393,0.05277636,-0.08973048,0.00586919,0.00995774
3.880000,0.06908337,-0.20685357,1.37934141,0.15624171,1.73151225,0.24476674,-0.23458546,-0.04951926,-0.07002067,-0.07166283,-0.09861019,-0.30402890,0.01378568,0.09354589,0.05544687,-0.08941296,0.00783105,0.01446327
3.890000,0.06673828,-0.20734405,1.37864402,0.15552061,1.73052658,0.24172725,-0.23442630,-0.04857240,-0.06945287,-0.07255484,-0.09852183,-0.30386141,0.01804917,0.09581258,0.05811209,-0.08896833,0.00984914,0.01904629
3.900000,0.06439499,-0.20782495,1.37795244,0.15479063,1.72954188,0.23868966,-0.23422446,-0.04760330,-0.06885846,-0.07344179,-0.09841303,-0.30364775,0.02231861,0.09799370,0.06076884,-0.08840108,0.01191919,0.02369718
3.910000,0.06205393,-0.20829605,1.37726694,0.15405180,1.72855839,0.23565445,-0.23397993,-0.04661281,-0.06823753,-0.07432247,-0.09828329,-0.30338727,0.02658803,0.10008895,0.06341393,-0.08771567,0.01403694,0.02840633
3.920000,0.05971553,-0.20875714,1.37658778,0.15330420,1.72757629,0.23262208,-0.23369272,-0.04560181,-0.06759023,-0.07519572,-0.09813215,-0.30307946,0.03085148,0.10209803,0.06604417,-0.08691657,0.01619812,0.03316410
3.930000,0.05738022,-0.20920802,1.37591522,0.15254791,1.72659582,0.22959302,-0.23336294,-0.04457114,-0.06691671,-0.07606044,-0.09795920,-0.30272386,0.03510300,0.10402063,0.06865638,-0.08600826,0.01839847,0.03796088
3.940000,0.05504841,-0.20964850,1.37524953,0.15178302,1.72561718,0.22656776,-0.23299072,-0.04352168,-0.06621717,-0.07691554,-0.09776406,-0.30232014,0.03933663,0.10585644,0.07124737,-0.08499521,0.02063373,0.04278705
3.950000,0.05272054,-0.21007839,1.37459096,0.15100964,1.72464061,0.22354678,-0.23257628,-0.04245430,-0.06549185,-0.07776001,-0.09754642,-0.30186805,0.04354640,0.10760516,0.07381395,-0.08388189,0.02289962,0.04763299
3.960000,0.05039703,-0.21049753,1.37393978,0.15022786,1.72366633,0.22053056,-0.23211989,-0.04136987,-0.06474099,-0.07859286,-0.09730598,-0.30136745,0.04772637,0.10926648,0.07635294,-0.08267276,0.02519188,0.05248909
3.970000,0.04807828,-0.21090573,1.37329623,0.14943782,1.72269457,0.21751959,-0.23162187,-0.04026927,-0.06396489,-0.07941316,-0.09704251,-0.30081827,0.05187056,0.11084011,0.07886116,-0.08137231,0.02750625,0.05734572
3.980000,0.04576473,-0.21130286,1.37266056,0.14863964,1.72172556,0.21451436,-0.23108262,-0.03915336,-0.06316388,-0.08022001,-0.09675580,-0.30022056,0.05597303,0.11232573,0.08133541,-0.07998500,0.02983845,0.06219326
3.990000,0.04345677,-0.21168875,1.37203303,0.14783347,1.72075953,0.21151534,-0.23050257,-0.03802305,-0.06233830,-0.08101258,-0.09644569,-0.29957447,0.06002781,0.11372304,0.08377250,-0.07851530,0.03218424,0.06702209
4.000000,0.04115481,-0.21206328,1.37141388,0.14701944,1.71979672,0.20852303,-0.22988224,-0.03687920,-0.06148856,-0.08179006,-0.09611208,-0.29888022,0.06402894,0.11503174,0.08616926,-0.07696769,0.03453933,0.07182260
4.010000,0.03885926,-0.21242630,1.37080334,0.14619772,1.71883736,0.20553790,-0.22922219,-0.03572271,-0.06061506,-0.08255169,-0.09575489,-0.29813814,0.06797047,0.11625153,0.08852249,-0.07534664,0.03689947,0.07658517
4.020000,0.03657050,-0.21277769,1.37020165,0.14536846,1.71788170,0.20256042,-0.22852305,-0.03455446,-0.05971827,-0.08329676,-0.09537409,-0.29734867,0.07184642,0.11738209,0.09082902,-0.07365661,0.03926039,0.08130017
4.030000,0.03428892,-0.21311735,1.36960905,0.14453184,1.71692996,0.19959108,-0.22778550,-0.03337536,-0.05879865,-0.08402461,-0.09496969,-0.29651233,0.07565086,0.11842312,0.09308564,-0.07190208,0.04161783,0.08595798
4.040000,0.03201491,-0.21344516,1.36902576,0.14368803,1.71598238,0.19663033,-0.22701029,-0.03218630,-0.05785673,-0.08473460,-0.09454176,-0.29562973,0.07937780,0.11937432,0.09528918,-0.07008752,0.04396751,0.09054899
4.050000,0.02974884,-0.21376104,1.36845199,0.14283721,1.71503920,0.19367864,-0.22619822,-0.03098818,-0.05689305,-0.08542617,-0.09409038,-0.29470160,0.08302130,0.12023539,0.09743645,-0.06821740,0.04630517,0.09506358
4.060000,0.02749107,-0.21406490,1.36788797,0.14197957,1.71410065,0.19073645,-0.22535016,-0.02978189,-0.05590820,-0.08609878,-0.09361571,-0.29372875,0.08657540,0.12100601,0.09952426,-0.06629620,0.04862656,0.09949213
4.070000,0.02524195,-0.21435666,1.36733389,0.14111530,1.71316697,0.18780421,-0.22446703,-0.02856836,-0.05490278,-0.08675194,-0.09311792,-0.29271208,0.09003414,0.12168589,0.10154943,-0.06432838,0.05092739,0.10382501
4.080000,0.02300184,-0.21463625,1.36678998,0.14024460,1.71223837,0.18488235,-0.22354982,-0.02734848,-0.05387743,-0.08738521,-0.09259725,-0.29165260,0.09339155,0.12227472,0.10350876,-0.06231842,0.05320342,0.10805261
4.090000,0.02077107,-0.21490361,1.36625641,0.13936766,1.71131510,0.18197129,-0.22259956,-0.02612317,-0.05283283,-0.08799819,-0.09205395,-0.29055141,0.09664168,0.12277220,0.10539908,-0.06027078,0.05545036,0.11216531
4.100000,0.01854996,-0.21515870,1.36573338,0.13848470,1.71039737,0.17907145,-0.22161736,-0.02489334,-0.05176969,-0.08859051,-0.09148835,-0.28940971,0.09977857,0.12317801,0.10721720,-0.05818994,0.05766396,0.11615349
4.110000,0.01633882,-0.21540146,1.36522107,0.13759592,1.70948540,0.17618323,-0.22060439,-0.02365992,-0.05068874,-0.08916189,-0.09090080,-0.28822879,0.10279625,0.12349187,0.10895992,-0.05608037,0.05983996,0.12000753
4.120000,0.01413797,-0.21563188,1.36471966,0.13670154,1.70857942,0.17330700,-0.21956185,-0.02242381,-0.04959075,-0.08971204,-0.09029169,-0.28701004,0.10568878,0.12371345,0.11062407,-0.05394654,0.06197408,0.12371781
4.130000,0.01194768,-0.21584993,1.36422931,0.13580175,1.70767964,0.17044315,-0.21849105,-0.02118596,-0.04847653,-0.09024075,-0.08966147,-0.28575494,0.10845019,0.12384246,0.11220645,-0.05179292,0.06406206,0.12727471
4.140000,0.00976824,-0.21605560,1.36375018,0.13489679,1.70678626,0.16759202,-0.21739331,-0.01994727,-0.04734691,-0.09074785,-0.08901062,-0.28446509,0.11107452,0.12387859,0.11370388,-0.04962399,0.06609963,0.13066861
4.150000,0.00759990,-0.21624888,1.36328242,0.13398687,1.70589950,0.16475396,-0.21627003,-0.01870869,-0.04620275,-0.09123320,-0.08833966,-0.28314215,0.11355581,0.12382154,0.11511318,-0.04744421,0.06808254,0.13388990
4.160000,0.00544292,-0.21642978,1.36282617,0.13307220,1.70501954,0.16192928,-0.21512269,-0.01747115,-0.04504495,-0.09169671,-0.08764916,-0.28178790,0.11588810,0.12367101,0.11643115,-0.04525806,0.07000651,0.13692895
4.170000,0.00329752,-0.21659831,1.36238157,0.13215301,1.70414658,0.15911830,-0.21395279,-0.01623559,-0.04387444,-0.09213835,-0.08693974,-0.28040421,0.11806544,0.12342668,0.11765462,-0.04307000,0.07186728,0.13977614
4.180000,0.00116393,-0.21675450,1.36194872,0.13122951,1.70328080,0.15632129,-0.21276192,-0.01500293,-0.04269218,-0.09255812,-0.08621204,-0.27899305,0.12008186,0.12308826,0.11878039,-0.04088451,0.07366058,0.14242185
4.190000,-0.00095765,-0.21689838,1.36152776,0.13030192,1.70242239,0.15353852,-0.21155171,-0.01377414,-0.04149917,-0.09295607,-0.08546677,-0.27755647,0.12193140,0.12265543,0.11980527,-0.03870606,0.07538215,0.14485647
4.200000,-0.00306705,-0.21703000,1.36111877,0.12937046,1.70157152,0.15077024,-0.21032386,-0.01255014,-0.04029642,-0.09333228,-0.08470465,-0.27609665,0.12360811,0.12212790,0.12072609,-0.03653913,0.07702773,0.14707037
4.210000,-0.00516408,-0.21714940,1.36072186,0.12843535,1.70072835,0.14801666,-0.20908014,-0.01133189,-0.03908500,-0.09368690,-0.08392648,-0.27461583,0.12510603,0.12150537,0.12153965,-0.03438817,0.07859304,0.14905394
4.220000,-0.00724860,-0.21725666,1.36033710,0.12749679,1.69989304,0.14527798,-0.20782236,-0.01012035,-0.03786600,-0.09402011,-0.08313307,-0.27311637,0.12641919,0.12078751,0.12224276,-0.03225767,0.08007382,0.15079756
4.230000,-0.00932048,-0.21735184,1.35996456,0.12655501,1.69906574,0.14255439,-0.20655239,-0.00891646,-0.03664053,-0.09433214,-0.08232530,-0.27160071,0.12754163,0.11997404,0.12283225,-0.03015210,0.08146581,0.15229160
4.240000,-0.01137962,-0.21743502,1.35960431,0.12561022,1.69824658,0.13984602,-0.20527218,-0.00772119,-0.03540974,-0.09462325,-0.08150407,-0.27007140,0.12846741,0.11906464,0.12330492,-0.02807592,0.08276475,0.15352644
4.250000,-0.01342590,-0.21750629,1.35925638,0.12466262,1.69743570,0.13715299,-0.20398372,-0.00653549,-0.03417483,-0.09489377,-0.08067033,-0.26853108,0.12919055,0.11805902,0.12365759,-0.02603361,0.08396636,0.15449248
4.260000,-0.01545927,-0.21756576,1.35892082,0.12371241,1.69663321,0.13447542,-0.20268907,-0.00536033,-0.03293700,-0.09514405,-0.07982508,-0.26698248,0.12970510,0.11695686,0.12388708,-0.02402963,0.08506638,0.15518008
4.270000,-0.01747967,-0.21761354,1.35859765,0.12275980,1.69583923,0.13181336,-0.20139033,-0.00419668,-0.03169751,-0.09537450,-0.07896935,-0.26542844,0.13000510,0.11575787,0.12399018,-0.02206847,0.08606054,0.15557963
4.280000,-0.01948707,-0.21764974,1.35828687,0.12180499,1.69505386,0.12916686,-0.20008970,-0.00304550,-0.03045763,-0.09558558,-0.07810423,-0.26387188,0.13008460,0.11446173,0.12396373,-0.02015459,0.08694459,0.15568151
4.290000,-0.02148146,-0.21767449,1.35798849,0.12084815,1.69427718,0.12653592,-0.19878940,-0.00190777,-0.02921868,-0.09577777,-0.07723084,-0.26231583,0.12993762,0.11306815,0.12380452,-0.01829247,0.08771425,0.15547610
4.300000,-0.02346287,-0.21768794,1.35770249,0.11988949,1.69350927,0.12392053,-0.19749172,-0.00078446,-0.02798199,-0.09595162,-0.07635034,-0.26076342,0.12955821,0.11157681,0.12350938,-0.01648656,0.08836526,0.15495378
4.310000,-0.02543131,-0.21769023,1.35742884,0.11892918,1.69275019,0.12132063,-0.19619903,0.00032344,-0.02674895,-0.09610770,-0.07546395,-0.25921785,0.12894041,0.10998742,0.12307512,-0.01474135,0.08889336,0.15410493
4.320000,-0.02738687,-0.21768153,1.35716749,0.11796740,1.69200000,0.11873614,-0.19491373,0.00141496,-0.02552096,-0.09624666,-0.07457290,-0.25768244,0.12807827,0.10829967,0.12249856,-0.01306131,0.08929427,0.15291993
4.330000,-0.02932962,-0.21766199,1.35691840,0.11700430,1.69125874,0.11616694,-0.19363830,0.00248911,-0.02429947,-0.09636916,-0.07367850,-0.25616060,0.12696582,0.10651325,0.12177649,-0.01145091,0.08956374,0.15138916
4.340000,-0.03125968,-0.21763181,1.35668148,0.11604006,1.69052644,0.11361287,-0.19237527,0.00354490,-0.02308593,-0.09647592,-0.07278208,-0.25465584,0.12559710,0.10462787,0.12090575,-0.00991462,0.08969749,0.14950300
4.350000,-0.03317718,-0.21759116,1.35645665,0.11507483,1.68980310,0.11107375,-0.19112723,0.00458133,-0.02188186,-0.09656771,-0.07188502,-0.25317176,0.12396616,0.10264321,0.11988314,-0.00845691,0.08969127,0.14725184
4.360000,-0.03508228,-0.21754025,1.35624380,0.11410876,1.68908874,0.10854936,-0.18989684,0.00559743,-0.02068878,-0.09664534,-0.07098873,-0.25171205,0.12206703,0.10055897,0.11870547,-0.00708225,0.08954081,0.14462605
4.370000,-0.03697518,-0.21747928,1.35604283,0.11314197,1.68838332,0.10603942,-0.18868680,0.00659218,-0.01950828,-0.09670965,-0.07009470,-0.25028052,0.11989376,0.09837485,0.11736957,-0.00579511,0.08924183,0.14161601
4.380000,-0.03885610,-0.21740848,1.35585359,0.11217461,1.68768683,0.10354364,-0.18749990,0.00756459,-0.01834193,-0.09676155,-0.06920441,-0.24888104,0.11744038,0.09609054,0.11587223,-0.00459997,0.08879009,0.13821211
4.390000,-0.04072527,-0.21732807,1.35567594,0.11120678,1.68699922,0.10106168,-0.18633895,0.00851366,-0.01719138,-0.09680197,-0.06831942,-0.24751762,0.11470095,0.09370573,0.11421028,-0.00350129,0.08818130,0.13440472
4.400000,-0.04258297,-0.21723829,1.35550971,0.11023860,1.68632042,0.09859315,-0.18520685,0.00943837,-0.01605828,-0.09683191,-0.06744132,-0.24619433,0.11166948,0.09122013,0.11238054,-0.00250355,0.08741122,0.13018423
4.410000,-0.04442951,-0.21713938,1.35535471,0.10927017,1.68565036,0.09613764,-0.18410655,0.01033772,-0.01494434,-0.09685239,-0.06657175,-0.24491534,0.10834004,0.08863343,0.11037980,-0.00161122,0.08647556,0.12554101
4.420000,-0.04626522,-0.21703162,1.35521075,0.10830158,1.68498895,0.09369468,-0.18304106,0.01121070,-0.01385127,-0.09686450,-0.06571237,-0.24368495,0.10470666,0.08594532,0.10820489,-0.00082877,0.08537007,0.12046545
4.430000,-0.04809046,-0.21691526,1.35507761,0.10733291,1.68433607,0.09126377,-0.18201345,0.01205629,-0.01278083,-0.09686935,-0.06486492,-0.24250751,0.10076337,0.08315550,0.10585262,-0.00016067,0.08409047,0.11494793
4.440000,-0.04990562,-0.21679059,1.35495505,0.10636421,1.68369160,0.08884434,-0.18102685,0.01287347,-0.01173482,-0.09686811,-0.06403116,-0.24138750,0.09650423,0.08026366,0.10331981,0.00038861,0.08263252,0.10897882
4.450000,-0.05171114,-0.21665789,1.35484282,0.10539556,1.68305540,0.08643581,-0.18008444,0.01366122,-0.01071505,-0.09686199,-0.06321288,-0.24032947,0.09192326,0.07726950,0.10060326,0.00081459,0.08099193,0.10254851
4.460000,-0.05350747,-0.21651746,1.35474066,0.10442699,1.68242729,0.08403753,-0.17918947,0.01441852,-0.00972338,-0.09685224,-0.06241194,-0.23933809,0.08701452,0.07417272,0.09769979,0.00111281,0.07916444,0.09564738
4.470000,-0.05529510,-0.21636962,1.35464826,0.10345852,1.68180710,0.08164881,-0.17834526,0.01514433,-0.00876169,-0.09684017,-0.06163023,-0.23841812,0.08177204,0.07097301,0.09460622,0.00127879,0.07714580,0.08826581
4.480000,-0.05707456,-0.21621469,1.35456532,0.10249019,1.68119461,0.07926891,-0.17755517,0.01583763,-0.00783190,-0.09682712,-0.06086968,-0.23757441,0.07618986,0.06767006,0.09131935,0.00130806,0.07493172,0.08039418
4.490000,-0.05884640,-0.21605298,1.35449151,0.10152198,1.68058962,0.07689705,-0.17682262,0.01649739,-0.00693595,-0.09681448,-0.06013226,-0.23681191,0.07026202,0.06426358,0.08783600,0.00119615,0.07251796,0.07202287
4.500000,-0.06061121,-0.21588485,1.35442648,0.10055389,1.67999189,0.07453239,-0.17615110,0.01712256,-0.00607584,-0.09680369,-0.05942000,-0.23613565,0.06398257,0.06075325,0.08415299,0.00093860,0.06990024,0.06314226
4.510000,-0.06236963,-0.21571065,1.35436986,0.09958589,1.67940113,0.07217403,-0.17554415,0.01771211,-0.00525357,-0.09679621,-0.05873495,-0.23555078,0.05734953,0.05713973,0.08026912,0.00053270,0.06707647,0.05374867
4.520000,-0.06412232,-0.21553073,1.35432127,0.09861795,1.67881709,0.06982105,-0.17500524,0.01826502,-0.00447111,-0.09679351,-0.05807913,-0.23506232,0.05037687,0.05342746,0.07619120,-0.00001715,0.06405329,0.04386223
4.530000,-0.06586997,-0.21534548,1.35428030,0.09765000,1.67823945,0.06747245,-0.17453768,0.01878035,-0.00373036,-0.09679701,-0.05745452,-0.23467509,0.04308256,0.04962185,0.07192803,-0.00070477,0.06083951,0.03350899
4.540000,-0.06761332,-0.21515526,1.35424652,0.09668199,1.67766789,0.06512720,-0.17414460,0.01925717,-0.00303313,-0.09680805,-0.05686295,-0.23439361,0.03548454,0.04572830,0.06748840,-0.00152399,0.05744395,0.02271502
4.550000,-0.06935313,-0.21496046,1.35421949,0.09571381,1.67710207,0.06278421,-0.17382894,0.01969464,-0.00238115,-0.09682791,-0.05630621,-0.23422217,0.02760079,0.04175221,0.06288111,-0.00246862,0.05387540,0.01150637
4.560000,-0.07109017,-0.21476150,1.35419874,0.09474539,1.67654164,0.06044237,-0.17359348,0.02009196,-0.00177604,-0.09685782,-0.05578599,-0.23416478,0.01944925,0.03769899,0.05811497,-0.00353250,0.05014269,-0.00009089
4.570000,-0.07282527,-0.21455876,1.35418381,0.09377662,1.67598623,0.05810052,-0.17344079,0.02044838,-0.00121935,-0.09689894,-0.05530388,-0.23422520,0.01104790,0.03357404,0.05319877,-0.00470944,0.04625462,-0.01205070
4.580000,-0.07455927,-0.21435267,1.35417419,0.09280737,1.67543543,0.05575747,-0.17337329,0.02076322,-0.00071254,-0.09695236,-0.05486139,-0.23440691,0.00241468,0.02938277,0.04814131,-0.00599327,0.04222001,-0.02434700
4.590000,-0.07629303,-0.21414364,1.35416938,0.09183753,1.67488886,0.05341197,-0.17339321,0.02103583,-0.00025697,-0.09701914,-0.05445994,-0.23471317,-0.00643245,0.02513057,0.04295140,-0.00737782,0.03804766,-0.03695374
4.600000,-0.07802743,-0.21393209,1.35416887,0.09086694,1.67434609,0.05106278,-0.17350259,0.02126564,0.00014608,-0.09710023,-0.05410086,-0.23514694,-0.01547552,0.02082286,0.03763783,-0.00885691,0.03374639,-0.04984484
4.610000,-0.07976338,-0.21371847,1.35417213,0.08989547,1.67380670,0.04870860,-0.17370331,0.02145212,0.00049541,-0.09719657,-0.05378541,-0.23571093,-0.02469657,0.01646502,0.03220939,-0.01042437,0.02932501,-0.06299424
4.620000,-0.08150181,-0.21350320,1.35417860,0.08892296,1.67327024,0.04634812,-0.17399706,0.02159479,0.00078991,-0.09730900,-0.05351473,-0.23640760,-0.03407766,0.01206247,0.02667490,-0.01207401,0.02479233,-0.07637589
4.630000,-0.08324364,-0.21328672,1.35418774,0.08794924,1.67273625,0.04398000,-0.17438534,0.02169324,0.00102858,-0.09743830,-0.05328990,-0.23723913,-0.04360081,0.00762061,0.02104314,-0.01379967,0.02015716,-0.08996373
4.640000,-0.08498983,-0.21306948,1.35419898,0.08697413,1.67220428,0.04160288,-0.17486949,0.02174709,0.00121048,-0.09758522,-0.05311190,-0.23820747,-0.05324807,0.00314484,0.01532292,-0.01559517,0.01542832,-0.10373169
4.650000,-0.08674135,-0.21285193,1.35421176,0.08599747,1.67167385,0.03921538,-0.17545066,0.02175604,0.00133477,-0.09775042,-0.05298162,-0.23931428,-0.06300148,-0.00135943,0.00952304,-0.01745432,0.01061460,-0.11765371
4.660000,-0.08849917,-0.21263451,1.35422548,0.08501906,1.67114449,0.03681613,-0.17612981,0.02171983,0.00140071,-0.09793450,-0.05289986,-0.24056097,-0.07284309,-0.00588680,0.00365229,-0.01937097,0.00572484,-0.13170374
4.670000,-0.09026428,-0.21241768,1.35423957,0.08403872,1.67061569,0.03440370,-0.17690775,0.02163825,0.00140761,-0.09813801,-0.05286735,-0.24194869,-0.08275492,-0.01043187,-0.00228052,-0.02133892,0.00076782,-0.14585570
4.680000,-0.09203766,-0.21220190,1.35425344,0.08305624,1.67008697,0.03197668,-0.17778509,0.02151115,0.00135492,-0.09836143,-0.05288470,-0.24347834,-0.09271903,-0.01498924,-0.00826659,-0.02335201,-0.00424762,-0.16008354
4.690000,-0.09382031,-0.21198761,1.35426647,0.08207142,1.66955783,0.02953365,-0.17876225,0.02133844,0.00124213,-0.09860518,-0.05295247,-0.24515053,-0.10271746,-0.01955350,-0.01429713,-0.02540405,-0.00931269,-0.17436119
4.700000,-0.09561324,-0.21177528,1.35427808,0.08108406,1.66902775,0.02707319,-0.17983949,0.02112007,0.00106886,-0.09886962,-0.05307109,-0.24696564,-0.11273224,-0.02411925,-0.02036334,-0.02748888,-0.01441856,-0.18866261
4.710000,-0.09741744,-0.21156536,1.35428765,0.08009396,1.66849624,0.02459386,-0.18101689,0.02085607,0.00083478,-0.09915505,-0.05324094,-0.24892378,-0.12274542,-0.02868109,-0.02645642,-0.02960032,-0.01955644,-0.20296172
4.720000,-0.09923391,-0.21135831,1.35429457,0.07910089,1.66796276,0.02209424,-0.18229433,0.02054648,0.00053967,-0.09946169,-0.05346230,-0.25102478,-0.13273903,-0.03323360,-0.03256756,-0.03173219,-0.02471750,-0.21723246
4.730000,-0.10106366,-0.21115458,1.35429824,0.07810465,1.66742682,0.01957289,-0.18367154,0.02019144,0.00018339,-0.09978974,-0.05373534,-0.25326824,-0.14269513,-0.03777140,-0.03868797,-0.03387831,-0.02989294,-0.23144877
4.740000,-0.10290767,-0.21095463,1.35429803,0.07710503,1.66688788,0.01702840,-0.18514805,0.01979112,-0.00023409,-0.10013929,-0.05406018,-0.25565349,-0.15259574,-0.04228908,-0.04480886,-0.03603251,-0.03507395,-0.24558459
4.750000,-0.10476695,-0.21075891,1.35429335,0.07610179,1.66634544,0.01445935,-0.18672321,0.01934575,-0.00071275,-0.10051039,-0.05443681,-0.25817958,-0.16242292,-0.04678123,-0.05092141,-0.03818862,-0.04025171,-0.25961387
4.760000,-0.10664246,-0.21056787,1.35428358,0.07509475,1.66579898,0.01186434,-0.18839620,0.01885560,-0.00125246,-0.10090304,-0.05486517,-0.26084532,-0.17215870,-0.05124245,-0.05701683,-0.04034046,-0.04541741,-0.27351053
4.770000,-0.10853519,-0.21038195,1.35426810,0.07408366,1.66524797,0.00924199,-0.19016602,0.01832102,-0.00185301,-0.10131717,-0.05534509,-0.26364926,-0.18178512,-0.05566733,-0.06308633,-0.04248185,-0.05056225,-0.28724852
4.780000,-0.11044610,-0.21020159,1.35424631,0.07306833,1.66469190,0.00659090,-0.19203148,0.01774239,-0.00251407,-0.10175263,-0.05587632,-0.26658968,-0.19128423,-0.06005049,-0.06912110,-0.04460662,-0.05567741,-0.30080178
4.790000,-0.11237614,-0.21002725,1.35421762,0.07204854,1.66413027,0.00390974,-0.19399122,0.01712017,-0.00323528,-0.10220922,-0.05645851,-0.26966459,-0.20063806,-0.06438650,-0.07511234,-0.04670859,-0.06075408,-0.31414424
4.800000,-0.11432624,-0.20985934,1.35418141,0.07102408,1.66356256,0.00119717,-0.19604370,0.01645484,-0.00401615,-0.10268670,-0.05709124,-0.27287177,-0.20982866,-0.06866997,-0.08105126,-0.04878158,-0.06578344,-0.32724984
4.810000,-0.11629731,-0.20969829,1.35413710,0.06999474,1.66298828,-0.00154812,-0.19818719,0.01574696,-0.00485610,-0.10318474,-0.05777399,-0.27620872,-0.21883807,-0.07289550,-0.08692905,-0.05081943,-0.07075670,-0.34009253
4.820000,-0.11829028,-0.20954454,1.35408409,0.06896032,1.66240692,-0.00432743,-0.20041980,0.01499714,-0.00575450,-0.10370295,-0.05850616,-0.27967266,-0.22764832,-0.07705768,-0.09273692,-0.05281595,-0.07566502,-0.35264624
4.830000,-0.12030600,-0.20939849,1.35402181,0.06792061,1.66181799,-0.00714199,-0.20273943,0.01420604,-0.00671058,-0.10424090,-0.05928704,-0.28326059,-0.23624147,-0.08115110,-0.09846607,-0.05476497,-0.08049962,-0.36488490
4.840000,-0.12234535,-0.20926055,1.35394969,0.06687543,1.66122102,-0.00999304,-0.20514384,0.01337436,-0.00772353,-0.10479807,-0.06011587,-0.28696922,-0.24459955,-0.08517038,-0.10410769,-0.05666031,-0.08525167,-0.37678247
4.850000,-0.12440915,-0.20913113,1.35386716,0.06582459,1.66061552,-0.01288177,-0.20763058,0.01250289,-0.00879241,-0.10537391,-0.06099177,-0.29079502,-0.25270459,-0.08911009,-0.10965299,-0.05849580,-0.08991236,-0.38831287
4.860000,-0.12649822,-0.20901062,1.35377366,0.06476789,1.66000103,-0.01580932,-0.21019703,0.01159245,-0.00991623,-0.10596777,-0.06191379,-0.29473417,-0.26053866,-0.09296485,-0.11509317,-0.06026526,-0.09447288,-0.39945005
4.870000,-0.12861335,-0.20889941,1.35366865,0.06370518,1.65937709,-0.01877681,-0.21284039,0.01064390,-0.01109390,-0.10657897,-0.06288087,-0.29878262,-0.26808377,-0.09672924,-0.12041943,-0.06196252,-0.09892443,-0.41016795
4.880000,-0.13075528,-0.20879787,1.35355161,0.06263626,1.65874327,-0.02178532,-0.21555768,0.00965818,-0.01232421,-0.10720676,-0.06389188,-0.30293604,-0.27532198,-0.10039787,-0.12562297,-0.06358140,-0.10325818,-0.42044050
4.890000,-0.13292474,-0.20870637,1.35342200,0.06156099,1.65809911,-0.02483587,-0.21834575,0.00863628,-0.01360592,-0.10785032,-0.06494561,-0.30718986,-0.28223533,-0.10396533,-0.13069499,-0.06511572,-0.10746533,-0.43024164
4.900000,-0.13512242,-0.20862526,1.35327932,0.06047920,1.65744422,-0.02792944,-0.22120125,0.00757923,-0.01493765,-0.10850877,-0.06604074,-0.31153922,-0.28880585,-0.10742621,-0.13562669,-0.06655931,-0.11153707,-0.43954531
4.910000,-0.13734898,-0.20855490,1.35312308,0.05939077,1.65677817,-0.03106695,-0.22412066,0.00648813,-0.01631795,-0.10918118,-0.06717587,-0.31597902,-0.29501560,-0.11077512,-0.14040928,-0.06790599,-0.11546458,-0.44832546
4.920000,-0.13960503,-0.20849561,1.35295280,0.05829554,1.65610057,-0.03424930,-0.22710030,0.00536412,-0.01774531,-0.10986655,-0.06834952,-0.32050389,-0.30084660,-0.11400665,-0.14503395,-0.06914959,-0.11923906,-0.45655601
4.930000,-0.14189117,-0.20844772,1.35276803,0.05719340,1.65541105,-0.03747730,-0.23013627,0.00420840,-0.01921808,-0.11056381,-0.06956011,-0.32510822,-0.30628090,-0.11711540,-0.14949190,-0.07028394,-0.12285169,-0.46421091
4.940000,-0.14420793,-0.20841154,1.35256830,0.05608423,1.65470925,-0.04075171,-0.23322453,0.00302224,-0.02073456,-0.11127184,-0.07080598,-0.32978611,-0.31130055,-0.12009596,-0.15377434,-0.07130285,-0.12629366,-0.47126410
4.950000,-0.14655582,-0.20838737,1.35235319,0.05496793,1.65399482,-0.04407324,-0.23636084,0.00180693,-0.02229295,-0.11198946,-0.07208539,-0.33453141,-0.31588757,-0.12294293,-0.15787246,-0.07220014,-0.12955616,-0.47768951
4.960000,-0.14893529,-0.20837549,1.35212231,0.05384441,1.65326744,-0.04744254,-0.23954078,0.00056384,-0.02389136,-0.11271542,-0.07339648,-0.33933772,-0.32002402,-0.12565092,-0.16177747,-0.07296966,-0.13263039,-0.48346109
4.970000,-0.15134677,-0.20837618,1.35187524,0.05271359,1.65252679,-0.05086018,-0.24275976,-0.00070561,-0.02552783,-0.11344841,-0.07473734,-0.34419836,-0.32369194,-0.12821451,-0.16548056,-0.07360521,-0.13550752,-0.48855277
4.980000,-0.15379060,-0.20838969,1.35161163,0.05157542,1.65177260,-0.05432667,-0.24601300,-0.00199995,-0.02720027,-0.11418705,-0.07610594,-0.34910642,-0.32687336,-0.13062830,-0.16897295,-0.07410063,-0.13817875,-0.49293849
4.990000,-0.15626712,-0.20841626,1.35133112,0.05042984,1.65100459,-0.05784244,-0.24929555,-0.00331766,-0.02890655,-0.11492993,-0.07750020,-0.35405469,-0.32955033,-0.13288689,-0.17224582,-0.07444973,-0.14063526,-0.49659219
5.000000,-0.15877660,-0.20845612,1.35103339,0.04927681,1.65022252,-0.06140787,-0.25260226,-0.00465715,-0.03064443,-0.11567554,-0.07891790,-0.35903574,-0.33170489,-0.13498488,-0.17529038,-0.07464634,-0.14286825,-0.49948781
5.010000,-0.16131923,-0.20850947,1.35071814,0.04811632,1.64942616,-0.06502324,-0.25592784,-0.00601680,-0.03241157,-0.11642233,-0.08035679,-0.36404184,-0.33331907,-0.13691686,-0.17809784,-0.07468429,-0.14486891,-0.50159929
5.020000,-0.16389520,-0.20857651,1.35038507,0.04694837,1.64861532,-0.06868876,-0.25926678,-0.00739492,-0.03420556,-0.11716868,-0.08181448,-0.36906502,-0.33437493,-0.13867743,-0.18065938,-0.07455740,-0.14662841,-0.50290056
5.030000,-0.16650459,-0.20865742,1.35003394,0.04577296,1.64778982,-0.07240457,-0.26261342,-0.00878976,-0.03602391,-0.11791291,-0.08328852,-0.37409706,-0.33485450,-0.14026119,-0.18296622,-0.07425950,-0.14813796,-0.50336557
5.040000,-0.16914747,-0.20875236,1.34966452,0.04459012,1.64694950,-0.07617071,-0.26596189,-0.01019953,-0.03786401,-0.11865328,-0.08477638,-0.37912946,-0.33473981,-0.14166273,-0.18500954,-0.07378440,-0.14938874,-0.50296826
5.050000,-0.17182382,-0.20886146,1.34927660,0.04339991,1.64609425,-0.07998713,-0.26930618,-0.01162239,-0.03972319,-0.11938798,-0.08627541,-0.38415346,-0.33401293,-0.14287665,-0.18678056,-0.07312594,-0.15037194,-0.50168256
5.060000,-0.17453356,-0.20898484,1.34887000,0.04220239,1.64522396,-0.08385372,-0.27264005,-0.01305642,-0.04159869,-0.12011516,-0.08778289,-0.38916006,-0.33265588,-0.14389755,-0.18827048,-0.07227793,-0.15107874,-0.49948241
5.070000,-0.17727656,-0.20912262,1.34844458,0.04099764,1.64433857,-0.08777024,-0.27595713,-0.01449968,-0.04348764,-0.12083289,-0.08929603,-0.39413998,-0.33065070,-0.14472003,-0.18947049,-0.07123421,-0.15150035,-0.49634175
5.080000,-0.18005263,-0.20927486,1.34800021,0.03978577,1.64343803,-0.09173640,-0.27925085,-0.01595014,-0.04538710,-0.12153917,-0.09081192,-0.39908368,-0.32797944,-0.14533868,-0.19037179,-0.06998859,-0.15162793,-0.49223452
5.090000,-0.18286148,-0.20944164,1.34753681,0.03856690,1.64252234,-0.09575176,-0.28251444,-0.01740576,-0.04729405,-0.12223197,-0.09232758,-0.40398136,-0.32462414,-0.14574809,-0.19096559,-0.06853490,-0.15145270,-0.48713466
5.100000,-0.18570279,-0.20962299,1.34705432,0.03734118,1.64159149,-0.09981584,-0.28574099,-0.01886439,-0.04920536,-0.12290916,-0.09383993,-0.40882297,-0.32056683,-0.14594287,-0.19124309,-0.06686697,-0.15096582,-0.48101610
5.110000,-0.18857615,-0.20981893,1.34655270,0.03610878,1.64064556,-0.10392800,-0.28892338,-0.02032388,-0.05111782,-0.12356857,-0.09534583,-0.41359820,-0.31578957,-0.14591762,-0.19119549,-0.06497861,-0.15015850,-0.47385280
5.120000,-0.19148109,-0.21002946,1.34603197,0.03486988,1.63968461,-0.10808754,-0.29205432,-0.02178199,-0.05302815,-0.12420797,-0.09684201,-0.41829646,-0.31027438,-0.14566692,-0.19081398,-0.06286366,-0.14902192,-0.46561867
5.130000,-0.19441704,-0.21025456,1.34549216,0.03362469,1.63870876,-0.11229364,-0.29512635,-0.02323645,-0.05493296,-0.12482507,-0.09832514,-0.42290692,-0.30400332,-0.14518538,-0.19008977,-0.06051593,-0.14754726,-0.45628767
5.140000,-0.19738339,-0.21049417,1.34493334,0.03237346,1.63771816,-0.11654535,-0.29813181,-0.02468491,-0.05682878,-0.12541750,-0.09979180,-0.42741847,-0.29695842,-0.14446759,-0.18901407,-0.05792926,-0.14572573,-0.44583373
5.150000,-0.20037943,-0.21074823,1.34435562,0.03111643,1.63671299,-0.12084164,-0.30106287,-0.02612499,-0.05871204,-0.12598284,-0.10123847,-0.43181976,-0.28912173,-0.14350816,-0.18757806,-0.05509746,-0.14354850,-0.43423080
5.160000,-0.20340437,-0.21101663,1.34375915,0.02985390,1.63569347,-0.12518134,-0.30391154,-0.02755425,-0.06057911,-0.12651861,-0.10266155,-0.43609917,-0.28047528,-0.14230167,-0.18577295,-0.05201437,-0.14100677,-0.42145280
5.170000,-0.20645736,-0.21129927,1.34314411,0.02858617,1.63465985,-0.12956318,-0.30666962,-0.02897019,-0.06242624,-0.12702227,-0.10405736,-0.44024481,-0.27100112,-0.14084272,-0.18358995,-0.04867380,-0.13809173,-0.40747368
5.180000,-0.20953744,-0.21159598,1.34251071,0.02731357,1.63361243,-0.13398575,-0.30932875,-0.03037025,-0.06424962,-0.12749121,-0.10542211,-0.44424455,-0.26068128,-0.13912591,-0.18102025,-0.04506957,-0.13479456,-0.39226738
5.190000,-0.21264358,-0.21190661,1.34185921,0.02603647,1.63255153,-0.13844754,-0.31188037,-0.03175183,-0.06604533,-0.12792276,-0.10675195,-0.44808598,-0.24949782,-0.13714585,-0.17805506,-0.04119552,-0.13110645,-0.37580783
5.200000,-0.21577466,-0.21223095,1.34118991,0.02475525,1.63147752,-0.14294690,-0.31431576,-0.03311227,-0.06780937,-0.12831420,-0.10804291,-0.45175644,-0.23743276,-0.13489711,-0.17468556,-0.03704547,-0.12701859,-0.35806898
5.210000,-0.21892947,-0.21256878,1.34050314,0.02347033,1.63039081,-0.14748206,-0.31662603,-0.03444886,-0.06953766,-0.12866273,-0.10929096,-0.45524301,-0.22446815,-0.13237431,-0.17090298,-0.03261324,-0.12252217,-0.33902476
5.220000,-0.22210673,-0.21291984,1.33979929,0.02218215,1.62929186,-0.15205110,-0.31880207,-0.03575882,-0.07122602,-0.12896550,-0.11049196,-0.45853250,-0.21058603,-0.12957204,-0.16669850,-0.02789265,-0.11760838,-0.31864912
5.230000,-0.22530504,-0.21328385,1.33907877,0.02089118,1.62818114,-0.15665201,-0.32083463,-0.03703935,-0.07287020,-0.12921960,-0.11164170,-0.46161147,-0.19576845,-0.12648489,-0.16206332,-0.02287753,-0.11226841,-0.29691598
5.240000,-0.22852291,-0.21366052,1.33834204,0.01959793,1.62705921,-0.16128259,-0.32271426,-0.03828755,-0.07446583,-0.12942205,-0.11273588,-0.46446621,-0.17999744,-0.12310746,-0.15698866,-0.01756171,-0.10649345,-0.27379930
5.250000,-0.23175878,-0.21404949,1.33758963,0.01830292,1.62592663,-0.16594054,-0.32443134,-0.03950051,-0.07600848,-0.12956981,-0.11377009,-0.46708276,-0.16325505,-0.11943435,-0.15146570,-0.01193901,-0.10027468,-0.24927300
5.260000,-0.23501097,-0.21445040,1.33682207,0.01700672,1.62478402,-0.17062340,-0.32597609,-0.04067524,-0.07749363,-0.12965979,-0.11473988,-0.46944693,-0.14553558,-0.11546347,-0.14549083,-0.00600737,-0.09360869,-0.22332885
5.270000,-0.23827770,-0.21486285,1.33603996,0.01570993,1.62363206,-0.17532859,-0.32733894,-0.04180882,-0.07891684,-0.12968898,-0.11564084,-0.47154482,-0.12688239,-0.11120592,-0.13908113,0.00021882,-0.08651363,-0.19602982
5.280000,-0.24155711,-0.21528643,1.33524395,0.01441316,1.62247145,-0.18005337,-0.32851081,-0.04289846,-0.08027388,-0.12965450,-0.11646880,-0.47336328,-0.10735114,-0.10667613,-0.13225886,0.00672103,-0.07901306,-0.16745673
5.290000,-0.24484725,-0.21572067,1.33443472,0.01311706,1.62130294,-0.18479488,-0.32948322,-0.04394149,-0.08156072,-0.12955370,-0.11721982,-0.47488997,-0.08699744,-0.10188852,-0.12504629,0.01348075,-0.07113054,-0.13769038
5.300000,-0.24814608,-0.21616509,1.33361298,0.01182231,1.62012732,-0.18955015,-0.33024821,-0.04493541,-0.08277358,-0.12938409,-0.11789021,-0.47611338,-0.06587694,-0.09685752,-0.11746568,0.02047946,-0.06288960,-0.10681158
5.310000,-0.25145150,-0.21661921,1.33277950,0.01052961,1.61894541,-0.19431610,-0.33079839,-0.04587787,-0.08390888,-0.12914337,-0.11847650,-0.47702277,-0.04404527,-0.09159755,-0.10953930,0.02769865,-0.05431381,-0.07490112
5.320000,-0.25476131,-0.21708247,1.33193508,0.00923969,1.61775808,-0.19908953,-0.33112693,-0.04676665,-0.08496328,-0.12882944,-0.11897545,-0.47760823,-0.02155807,-0.08612303,-0.10128940,0.03511980,-0.04542671,-0.04203982
5.330000,-0.25807327,-0.21755435,1.33108052,0.00795328,1.61656621,-0.20386715,-0.33122755,-0.04759967,-0.08593366,-0.12844036,-0.11938408,-0.47786066,0.00152904,-0.08044838,-0.09273825,0.04272440,-0.03625185,-0.00830847
5.340000,-0.26138508,-0.21803427,1.33021669,0.00667114,1.61537071,-0.20864560,-0.33109453,-0.04837500,-0.08681712,-0.12797440,-0.11969961,-0.47777177,0.02516040,-0.07458802,-0.08390811,0.05049393,-0.02681280,0.02621212
5.350000,-0.26469437,-0.21852165,1.32934448,0.00539405,1.61417253,-0.21342143,-0.33072271,-0.04909086,-0.08761097,-0.12743000,-0.11991953,-0.47733406,0.04928040,-0.06855638,-0.07482125,0.05840987,-0.01713309,0.06144114
5.360000,-0.26799872,-0.21901589,1.32846478,0.00412280,1.61297264,-0.21819110,-0.33010748,-0.04974560,-0.08831276,-0.12680578,-0.12004155,-0.47654085,0.07383340,-0.06236789,-0.06549992,0.06645371,-0.00723628,0.09729780
5.370000,-0.27129569,-0.21951636,1.32757853,0.00285820,1.61177204,-0.22295104,-0.32924479,-0.05033774,-0.08892026,-0.12610056,-0.12006361,-0.47538628,0.09876375,-0.05603695,-0.05596639,0.07460693,0.00285407,0.13370128
5.380000,-0.27458278,-0.22002243,1.32668669,0.00160107,1.61057171,-0.22769760,-0.32813113,-0.05086592,-0.08943146,-0.12531334,-0.11998390,-0.47386527,0.12401583,-0.04957800,-0.04624293,0.08285102,0.01311442,0.17057079
5.390000,-0.27785747,-0.22053346,1.32579023,0.00035221,1.60937270,-0.23242711,-0.32676358,-0.05132892,-0.08984456,-0.12444330,-0.11980083,-0.47197358,0.14953400,-0.04300545,-0.03635179,0.09116746,0.02352121,0.20782551
5.400000,-0.28111720,-0.22104879,1.32489014,-0.00088752,1.60817604,-0.23713583,-0.32513975,-0.05172569,-0.09015801,-0.12348981,-0.11951307,-0.46970775,0.17526262,-0.03633373,-0.02631524,0.09953773,0.03405089,0.24538465
5.410000,-0.28435940,-0.22156775,1.32398741,-0.00211730,1.60698279,-0.24182001,-0.32325781,-0.05205531,-0.09037046,-0.12245243,-0.11911948,-0.46706514,0.20114606,-0.02957726,-0.01615555,0.10794332,0.04467992,0.28316740
5.420000,-0.28758149,-0.22208967,1.32308307,-0.00333629,1.60579401,-0.24647587,-0.32111650,-0.05231701,-0.09048078,-0.12133089,-0.11861921,-0.46404393,0.22712869,-0.02275047,-0.00589496,0.11636572,0.05538473,0.32109295
5.430000,-0.29078087,-0.22261386,1.32217814,-0.00454364,1.60461077,-0.25109962,-0.31871510,-0.05251014,-0.09048809,-0.12012512,-0.11801162,-0.46064308,0.25315487,-0.01586777,0.00444424,0.12478640,0.06614178,0.35908051
5.440000,-0.29395493,-0.22313964,1.32127365,-0.00573851,1.60343414,-0.25568747,-0.31605344,-0.05263422,-0.09039171,-0.11883523,-0.11729628,-0.45686238,0.27916897,-0.00894359,0.01483981,0.13318685,0.07692752,0.39704927
5.450000,-0.29710107,-0.22366631,1.32037065,-0.00692007,1.60226520,-0.26023560,-0.31313194,-0.05268892,-0.09019118,-0.11746151,-0.11647305,-0.45270242,0.30511534,-0.00199235,0.02526947,0.14154855,0.08771839,0.43491842
5.460000,-0.30021670,-0.22419319,1.31947018,-0.00808746,1.60110504,-0.26474025,-0.30995155,-0.05267403,-0.08988628,-0.11600445,-0.11554198,-0.44816461,0.33093836,0.00497152,0.03571097,0.14985300,0.09849084,0.47260716
5.470000,-0.30329924,-0.22471956,1.31857327,-0.00923988,1.59995472,-0.26919764,-0.30651377,-0.05258949,-0.08947700,-0.11446470,-0.11450337,-0.44325115,0.35658239,0.01193362,0.04614204,0.15808167,0.10922132,0.51003469
5.480000,-0.30634613,-0.22524474,1.31768098,-0.01037649,1.59881533,-0.27360403,-0.30282068,-0.05243541,-0.08896355,-0.11284313,-0.11335777,-0.43796506,0.38199180,0.01887950,0.05654041,0.16621604,0.11988628,0.54712019
5.490000,-0.30935481,-0.22576804,1.31679435,-0.01149647,1.59768792,-0.27795572,-0.29887490,-0.05221201,-0.08834637,-0.11114076,-0.11210594,-0.43231016,0.40711095,0.02579476,0.06688384,0.17423761,0.13046217,0.58378288
5.500000,-0.31232279,-0.22628875,1.31591440,-0.01259904,1.59657356,-0.28224902,-0.29467962,-0.05191966,-0.08762613,-0.10935881,-0.11074890,-0.42629108,0.43188420,0.03266496,0.07715004,0.18212785,0.14092544,0.61994194
5.510000,-0.31524759,-0.22680620,1.31504216,-0.01368339,1.59547329,-0.28648034,-0.29023856,-0.05155891,-0.08680370,-0.10749870,-0.10928789,-0.41991327,0.45625593,0.03947569,0.08731677,0.18986826,0.15125252,0.65551657
5.520000,-0.31812676,-0.22731971,1.31417866,-0.01474875,1.59438814,-0.29064611,-0.28555602,-0.05113040,-0.08588020,-0.10556201,-0.10772438,-0.41318296,0.48017049,0.04621252,0.09736175,0.19744030,0.16141988,0.69042596
5.530000,-0.32095792,-0.22782859,1.31332489,-0.01579438,1.59331914,-0.29474285,-0.28063686,-0.05063495,-0.08485695,-0.10355052,-0.10606010,-0.40610723,0.50357225,0.05286103,0.10726273,0.20482548,0.17140396,0.72458932
5.540000,-0.32373873,-0.22833219,1.31248185,-0.01681952,1.59226727,-0.29876713,-0.27548647,-0.05007352,-0.08373550,-0.10146618,-0.10429699,-0.39869393,0.52640558,0.05940680,0.11699744,0.21200526,0.18118121,0.75792583
5.550000,-0.32646690,-0.22882984,1.31165050,-0.01782347,1.59123352,-0.30271563,-0.27011083,-0.04944720,-0.08251763,-0.09931116,-0.10243724,-0.39095174,0.54861484,0.06583541,0.12654362,0.21896114,0.19072808,0.79035469
5.560000,-0.32914021,-0.22932092,1.31083181,-0.01880552,1.59021884,-0.30658510,-0.26451644,-0.04875725,-0.08120533,-0.09708777,-0.10048328,-0.38289014,0.57014439,0.07213243,0.13587901,0.22567461,0.20002101,0.82179511
5.570000,-0.33175652,-0.22980478,1.31002671,-0.01976500,1.58922416,-0.31037240,-0.25871039,-0.04800504,-0.07980082,-0.09479853,-0.09843775,-0.37451940,0.59093861,0.07828344,0.14498133,0.23212713,0.20903645,0.85216627
5.580000,-0.33431374,-0.23028082,1.30923609,-0.02070128,1.58825038,-0.31407450,-0.25270030,-0.04719212,-0.07830655,-0.09244616,-0.09630355,-0.36585064,0.61094185,0.08427402,0.15382834,0.23830021,0.21775086,0.88138736
5.590000,-0.33680987,-0.23074843,1.30846086,-0.02161373,1.58729837,-0.31768846,-0.24649437,-0.04632014,-0.07672518,-0.09003352,-0.09408381,-0.35689576,0.63009849,0.09008975,0.16239777,0.24417532,0.22614067,0.90937760
5.600000,-0.33924300,-0.23120703,1.30770187,-0.02250176,1.58636898,-0.32121150,-0.24010134,-0.04539095,-0.07505960,-0.08756371,-0.09178190,-0.34766746,0.64835288,0.09571620,0.17066735,0.24973394,0.23418235,0.93605617
5.610000,-0.34161131,-0.23165606,1.30695994,-0.02336482,1.58546300,-0.32464095,-0.23353051,-0.04440650,-0.07331291,-0.08503996,-0.08940141,-0.33817928,0.66564939,0.10113896,0.17861482,0.25495756,0.24185233,0.96134226
5.620000,-0.34391305,-0.23209498,1.30623587,-0.02420239,1.58458120,-0.32797427,-0.22679173,-0.04336890,-0.07148845,-0.08246573,-0.08694617,-0.32844553,0.68193239,0.10634359,0.18621792,0.25982767,0.24912706,0.98515508
5.630000,-0.34614662,-0.23252327,1.30553042,-0.02501398,1.58372431,-0.33120909,-0.21989542,-0.04228040,-0.06958977,-0.07984465,-0.08442026,-0.31848136,0.69714624,0.11131569,0.19345439,0.26432575,0.25598300,1.00741382
5.640000,-0.34831047,-0.23294043,1.30484431,-0.02579914,1.58289301,-0.33434318,-0.21285256,-0.04114341,-0.06762066,-0.07718052,-0.08182798,-0.30830270,0.71123531,0.11604081,0.20030196,0.26843328,0.26239660,1.02803768
5.650000,-0.35040322,-0.23334598,1.30417823,-0.02655746,1.58208795,-0.33737448,-0.20567465,-0.03996046,-0.06558511,-0.07447735,-0.07917388,-0.29792632,0.72414396,0.12050455,0.20673837,0.27213175,0.26834429,1.04694585
5.660000,-0.35242356,-0.23373949,1.30353282,-0.02728857,1.58130973,-0.34030111,-0.19837380,-0.03873424,-0.06348734,-0.07173931,-0.07646273,-0.28736977,0.73581656,0.12469249,0.21274136,0.27540264,0.27380253,1.06405752
5.670000,-0.35437033,-0.23412053,1.30290868,-0.02799214,1.58055887,-0.34312134,-0.19096263,-0.03746758,-0.06133180,-0.06897078,-0.07369954,-0.27665143,0.74619747,0.12859019,0.21828866,0.27822743,0.27874776,1.07929190
5.680000,-0.35624249,-0.23448872,1.30230636,-0.02866790,1.57983589,-0.34583366,-0.18345434,-0.03616345,-0.05912316,-0.06617631,-0.07088956,-0.26579046,0.75523106,0.13218323,0.22335802,0.28058762,0.28315645,1.09256818
5.690000,-0.35803914,-0.23484369,1.30172637,-0.02931560,1.57914122,-0.34843674,-0.17586268,-0.03482497,-0.05686630,-0.06336064,-0.06803828,-0.25480686,0.76286169,0.13545720,0.22792716,0.28246467,0.28700502,1.10380555
5.700000,-0.35975951,-0.23518511,1.30116918,-0.02993506,1.57847524,-0.35092946,-0.16820197,-0.03345542,-0.05456635,-0.06052869,-0.06515141,-0.24372142,0.76903372,0.13839767,0.23197383,0.28384009,0.29026994,1.11292321
5.710000,-0.36140299,-0.23551270,1.30063517,-0.03052613,1.57783829,-0.35331090,-0.16048706,-0.03205818,-0.05222864,-0.05768557,-0.06223490,-0.23255573,0.77369153,0.14099022,0.23547576,0.28469535,0.29292765,1.11984036
5.720000,-0.36296912,-0.23582620,1.30012471,-0.03108875,1.57723062,-0.35558038,-0.15273337,-0.03063682,-0.04985873,-0.05483658,-0.05929496,-0.22133222,0.77677948,0.14322042,0.23841070,0.28501193,0.29495459,1.12447620
5.730000,-0.36445759,-0.23612537,1.29963809,-0.03162286,1.57665245,-0.35773743,-0.14495688,-0.02919503,-0.04746239,-0.05198719,-0.05633799,-0.21007408,0.77824193,0.14507386,0.24075637,0.28477132,0.29632722,1.12674991
5.740000,-0.36586824,-0.23641004,1.29917553,-0.03212851,1.57610390,-0.35978183,-0.13717413,-0.02773665,-0.04504564,-0.04914307,-0.05337067,-0.19880536,0.77802325,0.14653611,0.24249052,0.28395501,0.29702199,1.12658069
5.750000,-0.36720110,-0.23668006,1.29873722,-0.03260576,1.57558505,-0.36171358,-0.12940221,-0.02626566,-0.04261470,-0.04631007,-0.05039989,-0.18755088,0.77606780,0.14759275,0.24359088,0.28254447,0.29701534,1.12388775
5.760000,-0.36845638,-0.23693533,1.29832326,-0.03305477,1.57509589,-0.36353298,-0.12165875,-0.02478619,-0.04017601,-0.04349422,-0.04743278,-0.17633629,0.77231994,0.14822936,0.24403519,0.28052120,0.29628372,1.11859027
5.770000,-0.36963443,-0.23717577,1.29793370,-0.03347573,1.57463635,-0.36524053,-0.11396197,-0.02330252,-0.03773625,-0.04070175,-0.04447671,-0.16518803,0.76672405,0.14843151,0.24380118,0.27786667,0.29480359,1.11060746
5.780000,-0.37073583,-0.23740138,1.29756852,-0.03386890,1.57420629,-0.36683705,-0.10633062,-0.02181906,-0.03530232,-0.03793906,-0.04153928,-0.15413336,0.75922449,0.14818479,0.24286660,0.27456238,0.29255138,1.09985850
5.790000,-0.37176133,-0.23761217,1.29722761,-0.03423463,1.57380548,-0.36832360,-0.09878401,-0.02034037,-0.03288133,-0.03521273,-0.03862834,-0.14320035,0.74976562,0.14747476,0.24120918,0.27058980,0.28950354,1.08626260
5.800000,-0.37271186,-0.23780822,1.29691082,-0.03457330,1.57343361,-0.36970156,-0.09134202,-0.01887115,-0.03048062,-0.03252955,-0.03575194,-0.13241787,0.73829181,0.14628702,0.23880666,0.26593041,0.28563653,1.06973895
5.810000,-0.37358859,-0.23798964,1.29661791,-0.03488539,1.57309030,-0.37097256,-0.08402508,-0.01741627,-0.02810776,-0.02989647,-0.03291842,-0.12181560,0.72474742,0.14460712,0.23563677,0.26056571,0.28092680,1.05020674
5.820000,-0.37439285,-0.23815661,1.29634855,-0.03517142,1.57277507,-0.37213857,-0.07685416,-0.01598070,-0.02577052,-0.02732065,-0.03013630,-0.11142403,0.70907682,0.14242066,0.23167725,0.25447718,0.27535079,1.02758518
5.830000,-0.37512623,-0.23830934,1.29610235,-0.03543201,1.57248737,-0.37320185,-0.06985081,-0.01456959,-0.02347692,-0.02480940,-0.02741437,-0.10127446,0.69122438,0.13971322,0.22690585,0.24764630,0.26888494,1.00179345
5.840000,-0.37579050,-0.23844810,1.29587884,-0.03566785,1.57222655,-0.37416497,-0.06303713,-0.01318822,-0.02123518,-0.02237026,-0.02476164,-0.09139900,0.67113445,0.13647036,0.22130029,0.24005455,0.26150572,0.97275075
5.850000,-0.37638768,-0.23857322,1.29567745,-0.03587969,1.57199188,-0.37503085,-0.05643577,-0.01184202,-0.01905377,-0.02001091,-0.02218737,-0.08183055,0.64875141,0.13267766,0.21483831,0.23168342,0.25318956,0.94037629
5.860000,-0.37692000,-0.23868507,1.29549753,-0.03606836,1.57178251,-0.37580272,-0.05006993,-0.01053655,-0.01694134,-0.01773925,-0.01970105,-0.07260285,0.62401961,0.12832071,0.20749766,0.22251440,0.24391291,0.90458925
5.870000,-0.37738994,-0.23878410,1.29533836,-0.03623479,1.57159753,-0.37648416,-0.04396339,-0.00927753,-0.01490682,-0.01556334,-0.01731240,-0.06375041,0.59688343,0.12338509,0.19925606,0.21252896,0.23365223,0.86530883
5.880000,-0.37780021,-0.23887080,1.29519911,-0.03637997,1.57143591,-0.37707910,-0.03814046,-0.00807082,-0.01295930,-0.01349145,-0.01503137,-0.05530858,0.56728722,0.11785636,0.19009126,0.20170859,0.22238396,0.82245422
5.890000,-0.37815378,-0.23894571,1.29507885,-0.03650499,1.57129651,-0.37759182,-0.03262603,-0.00692243,-0.01110814,-0.01153202,-0.01286815,-0.04731351,0.53517536,0.11172010,0.17998099,0.19003478,0.21008455,0.77594463
5.900000,-0.37845385,-0.23900946,1.29497659,-0.03661102,1.57117811,-0.37802698,-0.02744553,-0.00583849,-0.00936291,-0.00969366,-0.01083319,-0.03980214,0.50049221,0.10496190,0.16890299,0.17748901,0.19673045,0.72569925
5.910000,-0.37870389,-0.23906272,1.29489121,-0.03669930,1.57107938,-0.37838960,-0.02262494,-0.00482531,-0.00773338,-0.00798521,-0.00893714,-0.03281225,0.46318213,0.09756734,0.15683500,0.16405277,0.18229810,0.67163728
5.920000,-0.37890763,-0.23910623,1.29482151,-0.03677118,1.57099887,-0.37868509,-0.01819083,-0.00388932,-0.00622958,-0.00641564,-0.00719090,-0.02638239,0.42318950,0.08952198,0.14375475,0.14970753,0.16676396,0.61367790
5.930000,-0.37906908,-0.23914079,1.29476617,-0.03682811,1.57093503,-0.37891925,-0.01417028,-0.00303709,-0.00486173,-0.00499415,-0.00560561,-0.02055195,0.38045866,0.08081141,0.12963998,0.13443478,0.15010447,0.55174032
5.940000,-0.37919251,-0.23916727,1.29472378,-0.03687159,1.57088619,-0.37909826,-0.01059097,-0.00227535,-0.00364030,-0.00373010,-0.00419264,-0.01536111,0.33493400,0.07142121,0.11446843,0.11821601,0.13229609,0.48574373
5.950000,-0.37928247,-0.23918662,1.29469284,-0.03690326,1.57085056,-0.37922874,-0.00748110,-0.00161098,-0.00257596,-0.00263304,-0.00296360,-0.01085087,0.28655987,0.06133695,0.09821784,0.10103270,0.11331525,0.41560733
5.960000,-0.37934379,-0.23919984,1.29467170,-0.03692484,1.57082626,-0.37931769,-0.00486945,-0.00105098,-0.00167962,-0.00171272,-0.00193032,-0.00706303,0.23528063,0.05054421,0.08086594,0.08286634,0.09313841,0.34125031
5.970000,-0.37938162,-0.23920801,1.29465865,-0.03693814,1.57081126,-0.37937255,-0.00278536,-0.00060251,-0.00096239,-0.00097905,-0.00110490,-0.00404021,0.18104067,0.03902856,0.06239047,0.06369840,0.07174202,0.26259187
5.980000,-0.37940136,-0.23921228,1.29465182,-0.03694508,1.57080343,-0.37940119,-0.00125869,-0.00027286,-0.00043563,-0.00044215,-0.00049963,-0.00182580,0.12378433,0.02677560,0.04276916,0.04351038,0.04910252,0.17955121
5.990000,-0.37940875,-0.23921389,1.29464926,-0.03694767,1.57080050,-0.37941191,-0.00031991,-0.00006950,-0.00011090,-0.00011231,-0.00012707,-0.00046406,0.06345598,0.01377088,0.02197976,0.02228375,0.02519636,0.09204752
6.000000,-0.37940982,-0.23921412,1.29464889,-0.03694805,1.57080007,-0.37941346,0.00000000,0.00000000,0.00000000,0.00000000,0.00000000,0.00000000,0.00000000,0.00000000,0.00000000,0.00000000,0.00000000,0.00000000
