{
  "camera_matrix": [
    [910.516824109979, 0, 647.146704836095],
    [0, 910.512191358783, 358.305911693392],
    [0, 0, 1]
  ],
  "discoeffs": [0.149634537456417, -0.308588264341989, 0, 0, 0],
  "depth_scale": 0.001
}
