{
  "camera_matrix": [
    [901.064825254417, 0, 635.368228630993],
    [0, 901.091855452099, 374.049335829249],
    [0, 0, 1]
  ],
  "discoeffs": [-0.057804023735415, 0.182556905414127, 0, 0, 0],
  "depth_scale": 0.001
}


分辨率: 1280x720
相机内参:
[[918.27160645   0.         643.14483643]
 [  0.         918.02313232 357.28491211]
 [  0.           0.           1.        ]]
畸变系数: [0. 0. 0. 0. 0.]