t_s,q1_rad,q2_rad,q3_rad,q4_rad,q5_rad,q6_rad,qd1_rad_s,qd2_rad_s,qd3_rad_s,qd4_rad_s,qd5_rad_s,qd6_rad_s,qdd1_rad_s2,qdd2_rad_s2,qdd3_rad_s2,qdd4_rad_s2,qdd5_rad_s2,qdd6_rad_s2
0.000000,0.87973619,-0.05061512,1.51672590,0.03504067,1.69502878,0.89847612,0.00000000,0.00000000,0.00000000,0.00000000,0.00000000,0.00000000,-0.00000000,0.00000000,0.00000000,0.00000000,0.00000000,0.00000000
0.010000,0.87973428,-0.05061501,1.51672437,0.03504237,1.69502733,0.89847485,-0.00056724,0.00003432,-0.00045587,0.00050546,-0.00043313,-0.00037846,-0.11202745,0.00677905,-0.09003329,0.09982751,-0.08554216,-0.07474353
0.020000,0.87972125,-0.05061422,1.51671389,0.03505398,1.69501738,0.89846616,-0.00221251,0.00013389,-0.00177814,0.00197159,-0.00168944,-0.00147615,-0.21564257,0.01305025,-0.17330775,0.19216663,-0.16466425,-0.14387221
0.030000,0.87968672,-0.05061213,1.51668614,0.03508476,1.69499101,0.89844312,-0.00485281,0.00029368,-0.00390011,0.00432451,-0.00370559,-0.00323769,-0.31107219,0.01882726,-0.25000558,0.27721908,-0.23753929,-0.20753749
0.040000,0.87962114,-0.05060816,1.51663344,0.03514319,1.69494094,0.89839937,-0.00840742,0.00050883,-0.00675693,0.00749235,-0.00641998,-0.00560920,-0.39854312,0.02412373,-0.32030895,0.35518655,-0.30434028,-0.26589083
0.050000,0.87951578,-0.05060178,1.51654876,0.03523709,1.69486048,0.89832908,-0.01279790,0.00077460,-0.01028558,0.01140529,-0.00977273,-0.00853831,-0.47828218,0.02895334,-0.38440007,0.42627076,-0.36524025,-0.31908367
0.060000,0.87936265,-0.05059251,1.51642569,0.03537355,1.69474355,0.89822692,-0.01794805,0.00108639,-0.01442483,0.01599550,-0.01370569,-0.01197417,-0.55051620,0.03332975,-0.44246110,0.49067340,-0.42041220,-0.36726746
0.070000,0.87915453,-0.05057992,1.51625843,0.03555903,1.69458462,0.89808807,-0.02378396,0.00143973,-0.01911531,0.02119716,-0.01816246,-0.01586746,-0.61547198,0.03726661,-0.49467424,0.54859618,-0.47002914,-0.41059365
0.080000,0.87888493,-0.05056359,1.51604174,0.03579932,1.69437874,0.89790820,-0.03023398,0.00183030,-0.02429943,0.02694649,-0.02308834,-0.02017036,-0.67337635,0.04077759,-0.54122167,0.60024080,-0.51426410,-0.44921369
0.090000,0.87854804,-0.05054320,1.51577098,0.03609958,1.69412147,0.89768345,-0.03722874,0.00225391,-0.02992146,0.03318172,-0.02843038,-0.02483656,-0.72445613,0.04387635,-0.58228559,0.64580897,-0.55329008,-0.48327903
0.100000,0.87813876,-0.05051842,1.51544203,0.03646438,1.69380891,0.89741041,-0.04470111,0.00270650,-0.03592747,0.03984309,-0.03413735,-0.02982126,-0.76893813,0.04657656,-0.61804816,0.68550239,-0.58728010,-0.51294112
0.110000,0.87765264,-0.05048899,1.51505133,0.03689767,1.69343767,0.89708611,-0.05258627,0.00318416,-0.04226536,0.04687286,-0.04015977,-0.03508121,-0.80704918,0.04889187,-0.64869160,0.71952276,-0.61640717,-0.53835139
0.120000,0.87708587,-0.05045467,1.51459579,0.03740288,1.69300482,0.89670801,-0.06082162,0.00368310,-0.04888485,0.05421531,-0.04644986,-0.04057462,-0.83901609,0.05083595,-0.67439806,0.74807179,-0.64084431,-0.55966132
0.130000,0.87643524,-0.05041527,1.51407285,0.03798284,1.69250793,0.89627397,-0.06934686,0.00419968,-0.05573747,0.06181673,-0.05296160,-0.04626127,-0.86506568,0.05242246,-0.69534975,0.77135119,-0.66076452,-0.57702233
0.140000,0.87569816,-0.05037062,1.51348042,0.03863990,1.69194500,0.89578227,-0.07810396,0.00473040,-0.06277660,0.06962544,-0.05965067,-0.05210241,-0.88542477,0.05366506,-0.71172885,0.78956265,-0.67634082,-0.59058589
0.150000,0.87487258,-0.05032062,1.51281685,0.03937588,1.69131447,0.89523153,-0.08703715,0.00527188,-0.06995742,0.07759176,-0.06647451,-0.05806083,-0.90032017,0.05457741,-0.72371755,0.80290789,-0.68774622,-0.60050344
0.160000,0.87395701,-0.05026516,1.51208094,0.04019210,1.69061520,0.89462078,-0.09609291,0.00582089,-0.07723693,0.08566805,-0.07339227,-0.06410083,-0.90997872,0.05517318,-0.73149803,0.81158859,-0.69515375,-0.60692643
0.170000,0.87295048,-0.05020419,1.51127192,0.04108945,1.68984644,0.89394936,-0.10522002,0.00637434,-0.08457396,0.09380866,-0.08036484,-0.07018822,-0.91462722,0.05546603,-0.73525248,0.81580648,-0.69873640,-0.61000631
0.180000,0.87185253,-0.05013767,1.51038940,0.04206834,1.68900784,0.89321696,-0.11436951,0.00692925,-0.09192916,0.10196997,-0.08735483,-0.07629032,-0.91449249,0.05546962,-0.73516308,0.81576325,-0.69866720,-0.60989453
0.190000,0.87066317,-0.05006561,1.50943340,0.04312878,1.68809941,0.89242361,-0.12349468,0.00748281,-0.09926501,0.11011039,-0.09432658,-0.08237598,-0.90980136,0.05519761,-0.73141201,0.81166061,-0.69511915,-0.60674253
0.200000,0.86938287,-0.04998803,1.50840428,0.04427035,1.68712149,0.89156960,-0.13255111,0.00803233,-0.10654580,0.11819033,-0.10124619,-0.08841554,-0.90078064,0.05466367,-0.72418148,0.80370026,-0.68826527,-0.60070177
0.210000,0.86801252,-0.04990498,1.50730278,0.04549226,1.68607476,0.89065554,-0.14149662,0.00857526,-0.11373765,0.12617221,-0.10808145,-0.09438089,-0.88765715,0.05388145,-0.71365366,0.79208390,-0.67827858,-0.59192369
0.220000,0.86655344,-0.04981655,1.50612993,0.04679335,1.68496024,0.88968232,-0.15029133,0.00910918,-0.12080849,0.13402049,-0.11480190,-0.10024540,-0.87065770,0.05286462,-0.70001073,0.77701324,-0.66533209,-0.58055975
0.230000,0.86500732,-0.04972284,1.50488711,0.04817211,1.68377921,0.88865106,-0.15889761,0.00963181,-0.12772809,0.14170163,-0.12137880,-0.10598397,-0.85000913,0.05162684,-0.68343489,0.75868999,-0.64959880,-0.56676138
0.240000,0.86337623,-0.04962396,1.50357597,0.04962672,1.68253323,0.88756314,-0.16728010,0.01014102,-0.13446802,0.14918412,-0.12778516,-0.11157301,-0.82593824,0.05018177,-0.66410832,0.73731584,-0.63125174,-0.55068005
0.250000,0.86166258,-0.04952007,1.50219844,0.05115503,1.68122415,0.88642017,-0.17540572,0.01063480,-0.14100170,0.15643845,-0.13399570,-0.11699046,-0.79867185,0.04854308,-0.64221321,0.71309250,-0.61046392,-0.53246720
0.260000,0.85986908,-0.04941132,1.50075671,0.05275464,1.67985405,0.88522397,-0.18324364,0.01111128,-0.14730433,0.16343715,-0.13998688,-0.12221576,-0.76843679,0.04672443,-0.61793174,0.68622168,-0.58740835,-0.51227428
0.270000,0.85799876,-0.04929791,1.49925320,0.05442284,1.67842522,0.88397656,-0.19076532,0.01156874,-0.15335298,0.17015473,-0.14573688,-0.12722985,-0.73545986,0.04473947,-0.59144609,0.65690508,-0.56225804,-0.49025274
0.280000,0.85605491,-0.04918002,1.49769057,0.05615672,1.67694018,0.88268013,-0.19794446,0.01200557,-0.15912651,0.17656777,-0.15122563,-0.13201522,-0.69996790,0.04260188,-0.56293846,0.62534439,-0.53518600,-0.46655402
0.290000,0.85404109,-0.04905787,1.49607165,0.05795311,1.67540164,0.88133707,-0.20475705,0.01242031,-0.16460562,0.18265481,-0.15643477,-0.13655585,-0.66218772,0.04032531,-0.53259103,0.59174134,-0.50636526,-0.44132958
0.300000,0.85196107,-0.04893169,1.49439949,0.05980866,1.67381248,0.87994988,-0.21118134,0.01281165,-0.16977281,0.18839646,-0.16134769,-0.14083723,-0.62234613,0.03792343,-0.50058599,0.55629762,-0.47596882,-0.41473086
0.310000,0.84981882,-0.04880172,1.49267729,0.06171983,1.67217572,0.87852123,-0.21719786,0.01317841,-0.17461242,0.19377530,-0.16594948,-0.14484639,-0.58066997,0.03540989,-0.46710552,0.51921493,-0.44416970,-0.38690932
0.320000,0.84761853,-0.04866821,1.49090838,0.06368291,1.67049457,0.87705390,-0.22278938,0.01351953,-0.17911061,0.19877597,-0.17022698,-0.14857185,-0.53738603,0.03279836,-0.43233180,0.48069498,-0.41114091,-0.35801640
0.330000,0.84536450,-0.04853142,1.48909625,0.06569404,1.66877230,0.87555077,-0.22794097,0.01383409,-0.18325535,0.20338508,-0.17416877,-0.15200365,-0.49272115,0.03010251,-0.39644704,0.44093947,-0.37705546,-0.32820355
0.340000,0.84306122,-0.04839162,1.48724449,0.06774926,1.66701234,0.87401483,-0.23263996,0.01412134,-0.18703645,0.20759131,-0.17776514,-0.15513336,-0.44690214,0.02733599,-0.35963340,0.40015011,-0.34208637,-0.29762222
0.350000,0.84071325,-0.04824908,1.48535677,0.06984449,1.66521818,0.87244914,-0.23687593,0.01438062,-0.19044553,0.21138531,-0.18100813,-0.15795404,-0.40015582,0.02451246,-0.32207308,0.35852861,-0.30640665,-0.26642386
0.360000,0.83832527,-0.04810410,1.48343684,0.07197557,1.66339338,0.87085680,-0.24064074,0.01461144,-0.19347603,0.21475978,-0.18389149,-0.16046028,-0.35270901,0.02164559,-0.28394826,0.31627665,-0.27018931,-0.23475992
0.370000,0.83590202,-0.04795695,1.48148852,0.07413827,1.66154156,0.86924099,-0.24392853,0.01481344,-0.19612322,0.21770942,-0.18641070,-0.16264819,-0.30478853,0.01874905,-0.24544113,0.27359596,-0.23360737,-0.20278184
0.380000,0.83344830,-0.04780793,1.47951566,0.07632833,1.65966639,0.86760491,-0.24673569,0.01498637,-0.19838419,0.22023094,-0.18856299,-0.16451538,-0.25662119,0.01583648,-0.20673387,0.23068822,-0.19683383,-0.17064108
0.390000,0.83096892,-0.04765732,1.47752213,0.07854146,1.65777153,0.86595176,-0.24906088,0.01513016,-0.20025784,0.22232310,-0.19034732,-0.16606097,-0.20843382,0.01292156,-0.16800868,0.18775516,-0.16004173,-0.13848909
0.400000,0.82846869,-0.04750542,1.47551180,0.08077337,1.65586067,0.86428476,-0.25090505,0.01524484,-0.20174491,0.22398663,-0.19176434,-0.16728563,-0.16045324,0.01001795,-0.12944773,0.14499847,-0.12340405,-0.10647731
0.410000,0.82595241,-0.04735252,1.47348851,0.08301977,1.65393746,0.86260711,-0.25227139,0.01533060,-0.20284795,0.22522433,-0.19281649,-0.16819149,-0.11290625,0.00713930,-0.09123322,0.10261985,-0.08709383,-0.07475719
0.420000,0.82342483,-0.04719890,1.47145610,0.08527645,1.65200554,0.86092198,-0.25316538,0.01538776,-0.20357134,0.22604096,-0.19350789,-0.16878225,-0.06601969,0.00429929,-0.05354732,0.06082101,-0.05128407,-0.04348018
0.430000,0.82089065,-0.04704486,1.46941833,0.08753921,1.65006849,0.85923249,-0.25359475,0.01541676,-0.20392127,0.22644335,-0.19384441,-0.16906308,-0.02002036,0.00151157,-0.01657223,0.01980365,-0.01614779,-0.01279774
0.440000,0.81835445,-0.04689066,1.46737889,0.08980396,1.64812981,0.85754173,-0.25356950,0.01541821,-0.20390576,0.22644031,-0.19383367,-0.16904069,0.02486490,-0.00121020,0.01950987,-0.02023052,0.01814200,0.01713870
0.450000,0.81582073,-0.04673658,1.46534140,0.09206670,1.64619294,0.85585266,-0.25310192,0.01539282,-0.20353465,0.22604269,-0.19348497,-0.16872329,0.06840929,-0.00385235,0.05451679,-0.05907980,0.05141229,0.04617768
0.460000,0.81329384,-0.04658289,1.46330935,0.09432355,1.64426120,0.85416821,-0.25220654,0.01534147,-0.20281961,0.22526334,-0.19280939,-0.16812063,0.11038599,-0.00640122,0.08826636,-0.09654249,0.08349007,0.07416775
0.470000,0.81077797,-0.04642984,1.46128611,0.09657075,1.64233780,0.85249117,-0.25090018,0.01526515,-0.20177412,0.22411713,-0.19181972,-0.16724394,0.15056817,-0.00884314,0.12057637,-0.13241687,0.11420231,0.10095747
0.480000,0.80827714,-0.04627767,1.45927492,0.09880472,1.64042580,0.85082420,-0.24920191,0.01516501,-0.20041349,0.22262097,-0.19053048,-0.16610599,0.18872901,-0.01116447,0.15126464,-0.16650126,0.14337601,0.12639538
0.490000,0.80579517,-0.04612661,1.45727883,0.10102206,1.63852813,0.84916987,-0.24713309,0.01504231,-0.19875484,0.22079375,-0.18895791,-0.16472104,0.22464171,-0.01335153,0.18014900,-0.19859393,0.17083815,0.15033003
0.500000,0.80333564,-0.04597689,1.45530075,0.10321956,1.63664753,0.84753055,-0.24471733,0.01489847,-0.19681713,0.21865640,-0.18712000,-0.16310490,0.25807944,-0.01539066,0.20704725,-0.22849320,0.19641573,0.17260999
0.510000,0.80090189,-0.04582871,1.45334335,0.10539423,1.63478655,0.84590848,-0.24198051,0.01473504,-0.19462113,0.21623187,-0.18503645,-0.16127486,0.28881632,-0.01726826,0.23177796,-0.25599819,0.21993644,0.19308442
0.520000,0.79849701,-0.04568225,1.45140911,0.10754332,1.63294755,0.84430571,-0.23895046,0.01455367,-0.19218916,0.21354482,-0.18272847,-0.15924953,0.31672619,-0.01897669,0.25423974,-0.28099648,0.24130395,0.21166916
0.530000,0.79612377,-0.04553769,1.44950028,0.10966434,1.63113266,0.84272408,-0.23565521,0.01435606,-0.18954373,0.21062012,-0.18021740,-0.15704765,0.34186909,-0.02051948,0.27448067,-0.30354085,0.26056379,0.22840445
0.540000,0.79378470,-0.04539518,1.44761888,0.11175502,1.62934381,0.84116528,-0.23212203,0.01414382,-0.18670674,0.20748195,-0.17752401,-0.15468743,0.36432544,-0.02190136,0.29256517,-0.32370214,0.27777701,0.24334421
0.550000,0.79148203,-0.04525485,1.44576671,0.11381334,1.62758272,0.83963080,-0.22837739,0.01391855,-0.18369940,0.20415378,-0.17466848,-0.15218657,0.38417567,-0.02312709,0.30855769,-0.34155121,0.29300466,0.25654231
0.560000,0.78921777,-0.04511684,1.44394539,0.11583753,1.62585092,0.83812196,-0.22444694,0.01368178,-0.18054234,0.20065839,-0.17167034,-0.14956221,0.40150022,-0.02420139,0.32252266,-0.35715892,0.30630781,0.26805266
0.570000,0.78699363,-0.04498125,1.44215630,0.11782603,1.62414973,0.83663991,-0.22035553,0.01343501,-0.17725549,0.19701784,-0.16854853,-0.14683096,0.41637952,-0.02512902,0.33452453,-0.37059613,0.31774752,0.27792915
0.580000,0.78481111,-0.04484817,1.44040065,0.11977748,1.62248030,0.83518565,-0.21612723,0.01317968,-0.17385818,0.19325347,-0.16532139,-0.14400889,0.42889398,-0.02591472,0.34462773,-0.38193368,0.32738483,0.28622568
0.590000,0.78267147,-0.04471768,1.43867944,0.12169075,1.62084359,0.83375999,-0.21178527,0.01291717,-0.17036905,0.18938593,-0.16200664,-0.14111153,0.43912405,-0.02656322,0.35289671,-0.39124244,0.33528081,0.29299613
0.600000,0.78057571,-0.04458985,1.43699351,0.12356492,1.61924040,0.83236362,-0.20735209,0.01264885,-0.16680614,0.18543515,-0.15862138,-0.13815388,0.44715015,-0.02707928,0.35939590,-0.39859326,0.34149652,0.29829441
0.610000,0.77852466,-0.04446472,1.43534351,0.12539924,1.61767134,0.83099706,-0.20284934,0.01237601,-0.16318682,0.18142035,-0.15518211,-0.13515037,0.45305272,-0.02746763,0.36418973,-0.40405700,0.34609301,0.30217441
0.620000,0.77651889,-0.04434234,1.43372991,0.12719317,1.61613688,0.82966071,-0.19829785,0.01209991,-0.15952782,0.17736006,-0.15170471,-0.13211494,0.45691217,-0.02773302,0.36734266,-0.40770451,0.34913134,0.30469001
0.630000,0.77455879,-0.04422273,1.43215303,0.12894635,1.61463732,0.82835483,-0.19371764,0.01182175,-0.15584522,0.17327208,-0.14820447,-0.12906094,0.45880895,-0.02788018,0.36891911,-0.40960664,0.35067257,0.30589512
0.640000,0.77264457,-0.04410591,1.43061303,0.13065858,1.61317282,0.82707952,-0.18912795,0.01154268,-0.15215448,0.16917351,-0.14469605,-0.12600122,0.45882348,-0.02791387,0.36898353,-0.40983426,0.35077775,0.30584363
0.650000,0.77077620,-0.04399188,1.42910992,0.13232984,1.61174338,0.82583478,-0.18454718,0.01126383,-0.14847038,0.16508074,-0.14119350,-0.12294808,0.45703619,-0.02783882,0.36760036,-0.40845821,0.34950794,0.30458944
0.660000,0.76895353,-0.04388063,1.42764355,0.13396027,1.61034889,0.82462049,-0.17999296,0.01098625,-0.14480708,0.16100946,-0.13771027,-0.11991326,0.45352752,-0.02765978,0.36483403,-0.40554936,0.34692421,0.30218643
0.670000,0.76717620,-0.04377214,1.42621366,0.13555015,1.60898907,0.82343642,-0.17548210,0.01071097,-0.14117809,0.15697463,-0.13425919,-0.11690800,0.44837788,-0.02738148,0.36074898,-0.40117856,0.34308760,0.29868850
0.680000,0.76544369,-0.04366640,1.42481983,0.13709993,1.60766355,0.82228220,-0.17103060,0.01043894,-0.13759628,0.15299052,-0.13085249,-0.11394296,0.44166771,-0.02700868,0.35540965,-0.39541666,0.33805917,0.29414955
0.690000,0.76375534,-0.04356335,1.42346154,0.13861018,1.60637183,0.82115739,-0.16665368,0.01017109,-0.13407387,0.14907069,-0.12750178,-0.11102830,0.43347744,-0.02654611,0.34888048,-0.38833452,0.33189999,0.28862347
0.700000,0.76211032,-0.04346296,1.42213812,0.14008160,1.60511330,0.82006143,-0.16236572,0.00990830,-0.13062242,0.14522800,-0.12421805,-0.10817360,0.42388751,-0.02599851,0.34122592,-0.38000300,0.32467110,0.28216416
0.710000,0.76050768,-0.04336516,1.42084882,0.14151503,1.60388721,0.81899369,-0.15818033,0.00965139,-0.12725288,0.14147456,-0.12101172,-0.10538795,0.41297833,-0.02537064,0.33251039,-0.37049296,0.31643358,0.27482550
0.720000,0.75894633,-0.04326991,1.41959276,0.14291143,1.60269277,0.81795341,-0.15411028,0.00940114,-0.12397554,0.13782183,-0.11789254,-0.10267985,0.40083034,-0.02466722,0.32279834,-0.35987524,0.30724846,0.26666140
0.730000,0.75742505,-0.04317712,1.41836897,0.14427184,1.60152904,0.81693980,-0.15016758,0.00915828,-0.12080002,0.13428051,-0.11486970,-0.10005729,0.38752397,-0.02389301,0.31215420,-0.34822070,0.29717682,0.25772574
0.740000,0.75594252,-0.04308671,1.41717639,0.14559744,1.60039503,0.81595196,-0.14636340,0.00892350,-0.11773534,0.13086063,-0.11195176,-0.09752772,0.37313965,-0.02305274,0.30064242,-0.33560020,0.28627971,0.24807243
0.750000,0.75449729,-0.04299862,1.41601386,0.14688949,1.59928963,0.81498892,-0.14270811,0.00869743,-0.11478985,0.12757149,-0.10914666,-0.09509805,0.35775781,-0.02215116,0.28832743,-0.32208459,0.27461818,0.23775535
0.760000,0.75308783,-0.04291274,1.41488017,0.14814934,1.59821169,0.81404964,-0.13921130,0.00848067,-0.11197126,0.12442169,-0.10646174,-0.09277465,0.34145887,-0.02119301,0.27527367,-0.30774474,0.26225330,0.22682840
0.770000,0.75171251,-0.04282897,1.41377399,0.14937841,1.59715997,0.81313305,-0.13588172,0.00827374,-0.10928663,0.12141911,-0.10390373,-0.09056334,0.32432327,-0.02018303,0.26154559,-0.29265149,0.24924611,0.21534547
0.780000,0.75036961,-0.04274723,1.41269396,0.15057823,1.59613317,0.81223799,-0.13272735,0.00807716,-0.10674238,0.11857094,-0.10147875,-0.08846941,0.30643144,-0.01912597,0.24720761,-0.27687570,0.23565769,0.20336046
0.790000,0.74905735,-0.04266739,1.41163866,0.15175037,1.59512994,0.81136325,-0.12975535,0.00789137,-0.10434429,0.11588364,-0.09919231,-0.08649762,0.28786381,-0.01802656,0.23232419,-0.26048823,0.22154908,0.19092727
0.800000,0.74777387,-0.04258936,1.41060657,0.15289646,1.59414885,0.81050761,-0.12697206,0.00771676,-0.10209750,0.11336297,-0.09704930,-0.08465218,0.26870081,-0.01688955,0.21695975,-0.24355993,0.20698135,0.17809978
0.810000,0.74651726,-0.04251302,1.40959619,0.15401820,1.59318846,0.80966978,-0.12438305,0.00755368,-0.10000649,0.11101400,-0.09505401,-0.08293676,0.24902285,-0.01571969,0.20117873,-0.22616165,0.19201554,0.16493189
0.820000,0.74528555,-0.04243825,1.40860591,0.15511733,1.59224727,0.80884843,-0.12199305,0.00740246,-0.09807510,0.10884107,-0.09321011,-0.08135450,0.22891039,-0.01452171,0.18504558,-0.20836427,0.17671273,0.15147749
0.830000,0.74407672,-0.04236493,1.40763414,0.15619562,1.59132374,0.80804223,-0.11980602,0.00726333,-0.09630653,0.10684781,-0.09152068,-0.07990799,0.20844384,-0.01330036,0.16862474,-0.19023862,0.16113395,0.13779049
0.840000,0.74288874,-0.04229294,1.40667923,0.15725489,1.59041633,0.80724981,-0.11782509,0.00713651,-0.09470335,0.10503716,-0.08998815,-0.07859929,0.18770364,-0.01206037,0.15198063,-0.17185556,0.14534029,0.12392477
0.850000,0.74171953,-0.04222216,1.40573952,0.15829698,1.58952345,0.80646978,-0.11605259,0.00702217,-0.09326745,0.10341132,-0.08861438,-0.07742991,0.16677021,-0.01080650,0.13517771,-0.15328595,0.12939278,0.10993422
0.860000,0.74056699,-0.04215245,1.40481332,0.15932374,1.58864351,0.80570075,-0.11449006,0.00692041,-0.09200011,0.10197182,-0.08740061,-0.07640084,0.14572399,-0.00954349,0.11828041,-0.13460066,0.11335249,0.09587275
0.870000,0.73942902,-0.04208371,1.40389895,0.16033704,1.58777490,0.80494130,-0.11313822,0.00683131,-0.09090194,0.10071946,-0.08634744,-0.07551251,0.12464540,-0.00827607,0.10135316,-0.11587052,0.09728047,0.08179424
0.880000,0.73830352,-0.04201579,1.40299472,0.16133875,1.58691602,0.80419003,-0.11199699,0.00675489,-0.08997293,0.09965433,-0.08545490,-0.07476483,0.10361488,-0.00700898,0.08446042,-0.09716640,0.08123779,0.06775259
0.890000,0.73718839,-0.04194857,1.40209893,0.16233075,1.58606527,0.80344553,-0.11106549,0.00669112,-0.08921240,0.09877581,-0.08472238,-0.07415716,0.08271285,-0.00574698,0.06766661,-0.07855915,0.06528549,0.05380170
0.900000,0.73608152,-0.04188192,1.40120991,0.16331489,1.58522105,0.80270642,-0.11034204,0.00663992,-0.08861905,0.09808258,-0.08414868,-0.07368831,0.06201974,-0.00449481,0.05103617,-0.06011963,0.04948465,0.03999545
0.910000,0.73498086,-0.04181573,1.40032600,0.16429301,1.58438177,0.80197131,-0.10982413,0.00660117,-0.08819092,0.09757262,-0.08373198,-0.07335659,0.04161599,-0.00325720,0.03463355,-0.04191869,0.03389631,0.02638775
0.920000,0.73388436,-0.04174986,1.39944555,0.16526694,1.58354589,0.80123884,-0.10950849,0.00657471,-0.08792541,0.09724318,-0.08346985,-0.07315972,0.02158202,-0.00203890,0.01852319,-0.02402719,0.01858153,0.01303248
0.930000,0.73279003,-0.04168419,1.39856696,0.16623847,1.58271187,0.80050768,-0.10939099,0.00656031,-0.08781927,0.09709081,-0.08335924,-0.07309492,0.00199826,-0.00084465,0.00276951,-0.00651599,0.00360136,-0.00001646
0.940000,0.73169590,-0.04161861,1.39768865,0.16720934,1.58187821,0.79977651,-0.10946675,0.00655772,-0.08786861,0.09711136,-0.08339650,-0.07315885,-0.01705486,0.00032081,-0.01256304,0.01054406,-0.01098312,-0.01270517
0.950000,0.73060007,-0.04155300,1.39680908,0.16818125,1.58104346,0.79904408,-0.10973005,0.00656662,-0.08806891,0.09729995,-0.08357738,-0.07334764,-0.03549690,0.00145273,-0.02741001,0.02708211,-0.02511087,-0.02497976
0.960000,0.72950069,-0.04148724,1.39592678,0.16915588,1.58020620,0.79830916,-0.11017438,0.00658665,-0.08841498,0.09765102,-0.08389699,-0.07365688,-0.05324744,0.00254637,-0.04170698,0.04302729,-0.03872083,-0.03678634
0.970000,0.72839600,-0.04142123,1.39504032,0.17013480,1.57936508,0.79757056,-0.11079243,0.00661740,-0.08890100,0.09815828,-0.08434986,-0.07408163,-0.07022605,0.00359700,-0.05538950,0.05830876,-0.05175194,-0.04807101
0.980000,0.72728429,-0.04135486,1.39414832,0.17111954,1.57851878,0.79682716,-0.11157606,0.00665843,-0.08952051,0.09881475,-0.08492990,-0.07461638,-0.08635230,0.00459985,-0.06839314,0.07285565,-0.06414314,-0.05877988
0.990000,0.72616396,-0.04128803,1.39324949,0.17211156,1.57766608,0.79607789,-0.11251637,0.00670922,-0.09026639,0.09961271,-0.08563039,-0.07525512,-0.10154575,0.00555021,-0.08065345,0.08659712,-0.07583338,-0.06885905
1.000000,0.72503348,-0.04122065,1.39234259,0.17311224,1.57680580,0.79532173,-0.11360360,0.00676924,-0.09113088,0.10054377,-0.08644402,-0.07599128,-0.11572599,0.00644331,-0.09210600,0.09946230,-0.08676159,-0.07825464
1.010000,0.72389143,-0.04115262,1.39142650,0.17412285,1.57593685,0.79455776,-0.11482724,0.00683788,-0.09210560,0.10159880,-0.08736288,-0.07681776,-0.12881258,0.00727443,-0.10268635,0.11138034,-0.09686673,-0.08691274
1.020000,0.72273651,-0.04108386,1.39050015,0.17514459,1.57505822,0.79378510,-0.11617594,0.00691451,-0.09318149,0.10276799,-0.08837841,-0.07772690,-0.14072792,0.00803897,-0.11233232,0.12228285,-0.10608987,-0.09478137
1.030000,0.72156754,-0.04101430,1.38956256,0.17617856,1.57416899,0.79300297,-0.11763782,0.00699844,-0.09434907,0.10404101,-0.08948168,-0.07871071,-0.15145167,0.00873563,-0.12102742,0.13215114,-0.11441523,-0.10184712
1.040000,0.72038342,-0.04094387,1.38861289,0.17722573,1.57326832,0.79221067,-0.11920111,0.00708900,-0.09559896,0.10540765,-0.09066381,-0.07976124,-0.16101662,0.00936611,-0.12879757,0.14101265,-0.12186707,-0.10813236
1.050000,0.71918321,-0.04087250,1.38765034,0.17828699,1.57235548,0.79140755,-0.12085441,0.00718554,-0.09692203,0.10685800,-0.09191619,-0.08087083,-0.16945756,0.00993225,-0.13567029,0.14889658,-0.12847117,-0.11366083
1.060000,0.71796607,-0.04080014,1.38667423,0.17936313,1.57142979,0.79059308,-0.12258664,0.00728744,-0.09830946,0.10838242,-0.09323049,-0.08203202,-0.17680928,0.01043587,-0.14167309,0.15583211,-0.13425329,-0.11845626
1.070000,0.71673125,-0.04072674,1.38568397,0.18045485,1.57049069,0.78976676,-0.12438708,0.00739406,-0.09975269,0.10997158,-0.09459861,-0.08323759,-0.18310660,0.01087880,-0.14683351,0.16184845,-0.13923922,-0.12254239
1.080000,0.71547813,-0.04065225,1.38467902,0.18156275,1.56953767,0.78892820,-0.12624537,0.00750482,-0.10124342,0.11161643,-0.09601271,-0.08448058,-0.18838429,0.01126286,-0.15117905,0.16697478,-0.14345473,-0.12594294
1.090000,0.71420619,-0.04057663,1.38365897,0.18268734,1.56857030,0.78807705,-0.12815148,0.00761913,-0.10277364,0.11330821,-0.09746522,-0.08575424,-0.19267717,0.01158990,-0.15473723,0.17124029,-0.14692559,-0.12868166
1.100000,0.71291498,-0.04049985,1.38262344,0.18382904,1.56758826,0.78721303,-0.13009574,0.00773643,-0.10433563,0.11503846,-0.09894882,-0.08705209,-0.19602003,0.01186173,-0.15753559,0.17467418,-0.14967758,-0.13078228
1.110000,0.71160418,-0.04042189,1.38157217,0.18498821,1.56659125,0.78633595,-0.13206883,0.00785618,-0.10592191,0.11679901,-0.10045646,-0.08836784,-0.19844766,0.01208019,-0.15960163,0.17730564,-0.15173648,-0.13226853
1.120000,0.71027354,-0.04034272,1.38050495,0.18616510,1.56557907,0.78544564,-0.13406176,0.00797786,-0.10752531,0.11858199,-0.10198133,-0.08969549,-0.19999487,0.01224709,-0.16096288,0.17916386,-0.15312806,-0.13316414
1.130000,0.70892290,-0.04026233,1.37942163,0.18735990,1.56455159,0.78454202,-0.13606591,0.00810096,-0.10913891,0.12037981,-0.10351688,-0.09102924,-0.20069645,0.01236428,-0.16164686,0.18027804,-0.15387809,-0.13349286
1.140000,0.70755221,-0.04018070,1.37832216,0.18857272,1.56350872,0.78362505,-0.13807299,0.00822499,-0.11075608,0.12218517,-0.10505684,-0.09236353,-0.20058719,0.01243358,-0.16168108,0.18067735,-0.15401235,-0.13327841
1.150000,0.70616146,-0.04009783,1.37720652,0.18980360,1.56245045,0.78269476,-0.14007507,0.00834948,-0.11237046,0.12399107,-0.10659516,-0.09369307,-0.19970191,0.01245681,-0.16109307,0.18039101,-0.15355662,-0.13254452
1.160000,0.70475075,-0.04001371,1.37607478,0.19105252,1.56137684,0.78175122,-0.14206456,0.00847398,-0.11397596,0.12579080,-0.10812609,-0.09501277,-0.19807538,0.01243581,-0.15991035,0.17944819,-0.15253667,-0.13131494
1.170000,0.70332023,-0.03992835,1.37492705,0.19231938,1.56028798,0.78079456,-0.14403422,0.00859805,-0.11556678,0.12757795,-0.10964410,-0.09631780,-0.19574242,0.01237240,-0.15816044,0.17787809,-0.15097827,-0.12961339
1.180000,0.70187015,-0.03984175,1.37376351,0.19360402,1.55918402,0.77982493,-0.14597717,0.00872129,-0.11713737,0.12934637,-0.11114395,-0.09760355,-0.19273781,0.01226841,-0.15587085,0.17570991,-0.14890720,-0.12746361
1.190000,0.70040080,-0.03975393,1.37258439,0.19490622,1.55806517,0.77884256,-0.14788685,0.00884329,-0.11868249,0.13109025,-0.11262062,-0.09886566,-0.18909637,0.01212567,-0.15306911,0.17297283,-0.14634924,-0.12488934
1.200000,0.69891255,-0.03966489,1.37138996,0.19622572,1.55693170,0.77784771,-0.14975709,0.00896368,-0.12019714,0.13280403,-0.11406939,-0.10010000,-0.18485287,0.01194600,-0.14978273,0.16969605,-0.14333016,-0.12191430
1.210000,0.69740581,-0.03957466,1.37018056,0.19756218,1.55578389,0.77684067,-0.15158202,0.00908209,-0.12167662,0.13448247,-0.11548577,-0.10130268,-0.18004212,0.01173125,-0.14603925,0.16590876,-0.13987573,-0.11856223
1.220000,0.69588108,-0.03948326,1.36895656,0.19891524,1.55462211,0.77582178,-0.15335615,0.00919819,-0.12311649,0.13612060,-0.11686554,-0.10247006,-0.17469893,0.01148323,-0.14186616,0.16164015,-0.13601173,-0.11485687
1.230000,0.69433887,-0.03939071,1.36771838,0.20028445,1.55344672,0.77479140,-0.15507434,0.00931165,-0.12451260,0.13771376,-0.11820473,-0.10359872,-0.16885807,0.01120377,-0.13729101,0.15691942,-0.13176394,-0.11082195
1.240000,0.69277979,-0.03929704,1.36646647,0.20166935,1.55225816,0.77374994,-0.15673177,0.00942217,-0.12586106,0.13925758,-0.11949963,-0.10468548,-0.16255437,0.01089470,-0.13234130,0.15177575,-0.12715813,-0.10648120
1.250000,0.69120446,-0.03920228,1.36520133,0.20306942,1.55105689,0.77269784,-0.15832400,0.00952945,-0.12715827,0.14074797,-0.12074678,-0.10572741,-0.15582260,0.01055785,-0.12704456,0.14623833,-0.12222008,-0.10185835
1.260000,0.68961354,-0.03910646,1.36392349,0.20448412,1.54984339,0.77163555,-0.15984691,0.00963324,-0.12840089,0.14218113,-0.12194301,-0.10672179,-0.14869757,0.01019504,-0.12142831,0.14033637,-0.11697555,-0.09697715
1.270000,0.68800776,-0.03900962,1.36263350,0.20591284,1.54861820,0.77056357,-0.16129676,0.00973327,-0.12958586,0.14355358,-0.12308536,-0.10766617,-0.14121407,0.00980811,-0.11552006,0.13409905,-0.11145033,-0.09186132
1.280000,0.68638786,-0.03891181,1.36133197,0.20735497,1.54738187,0.76948240,-0.16267012,0.00982933,-0.13071041,0.14486209,-0.12417116,-0.10855831,-0.13340691,0.00939889,-0.10934733,0.12755556,-0.10567020,-0.08653461
1.290000,0.68475462,-0.03881305,1.36001950,0.20880986,1.54613498,0.76839258,-0.16396393,0.00992118,-0.13177202,0.14610376,-0.12519800,-0.10939624,-0.12531087,0.00896919,-0.10293766,0.12073510,-0.09966091,-0.08102073
1.300000,0.68310886,-0.03871340,1.35869675,0.21027682,1.54487812,0.76729466,-0.16517549,0.01000865,-0.13276847,0.14727597,-0.12616370,-0.11017818,-0.11696077,0.00852086,-0.09631855,0.11366686,-0.09344826,-0.07534343
1.310000,0.68145140,-0.03861289,1.35736436,0.21175514,1.54361191,0.76618921,-0.16630242,0.01009155,-0.13369779,0.14837637,-0.12706637,-0.11090264,-0.10839139,0.00805571,-0.08951752,0.10638003,-0.08705802,-0.06952644
1.320000,0.67978310,-0.03851158,1.35602302,0.21324410,1.54233701,0.76507681,-0.16734270,0.01016971,-0.13455830,0.14940294,-0.12790436,-0.11156833,-0.09963753,0.00757558,-0.08256210,0.09890380,-0.08051595,-0.06359350
1.330000,0.67810484,-0.03840951,1.35467343,0.21474295,1.54105405,0.76395804,-0.16829467,0.01024301,-0.13534861,0.15035391,-0.12867627,-0.11217420,-0.09073399,0.00708230,-0.07547981,0.09126736,-0.07384785,-0.05756834
1.340000,0.67641750,-0.03830674,1.35331629,0.21625092,1.53976370,0.76283352,-0.16915700,0.01031132,-0.13606757,0.15122785,-0.12938098,-0.11271946,-0.08171557,0.00657768,-0.06829817,0.08349991,-0.06707947,-0.05147468
1.350000,0.67472200,-0.03820331,1.35195232,0.21776724,1.53846665,0.76170386,-0.16992871,0.01037454,-0.13671433,0.15202357,-0.13001761,-0.11320355,-0.07261706,0.00606357,-0.06104469,0.07563064,-0.06023660,-0.04533628
1.360000,0.67301923,-0.03809927,1.35058224,0.21929113,1.53716358,0.76056966,-0.17060919,0.01043257,-0.13728831,0.15274022,-0.13058555,-0.11362612,-0.06347327,0.00554179,-0.05374689,0.06768874,-0.05334501,-0.03917685
1.370000,0.67131012,-0.03799467,1.34920679,0.22082178,1.53585517,0.75943154,-0.17119814,0.01048535,-0.13778921,0.15337720,-0.13108444,-0.11398709,-0.05431898,0.00501416,-0.04643230,0.05970340,-0.04643048,-0.03302014
1.380000,0.66959558,-0.03788958,1.34782670,0.22235841,1.53454212,0.75829012,-0.17169565,0.01053284,-0.13821699,0.15393424,-0.13151417,-0.11428661,-0.04518900,0.00448252,-0.03912844,0.05170381,-0.03951878,-0.02688988
1.390000,0.66787651,-0.03778403,1.34644270,0.22390020,1.53322512,0.75714601,-0.17210212,0.01057499,-0.13857191,0.15441133,-0.13187491,-0.11452506,-0.03611813,0.00394870,-0.03186282,0.04371918,-0.03263568,-0.02080980
1.400000,0.66615383,-0.03767809,1.34505550,0.22544637,1.53190485,0.75599982,-0.17241832,0.01061181,-0.13885447,0.15480877,-0.13216707,-0.11470305,-0.02714115,0.00341451,-0.02466297,0.03577868,-0.02580697,-0.01480364
1.410000,0.66442844,-0.03757181,1.34366585,0.22699611,1.53058201,0.75485215,-0.17264537,0.01064329,-0.13906548,0.15512715,-0.13239131,-0.11482146,-0.01829288,0.00288180,-0.01755641,0.02791151,-0.01905841,-0.00889512
1.420000,0.66270122,-0.03746525,1.34227443,0.22854865,1.52925725,0.75370359,-0.17278473,0.01066946,-0.13920600,0.15536734,-0.13254859,-0.11488136,-0.00960810,0.00235238,-0.01057064,0.02014687,-0.01241579,-0.00310800
1.430000,0.66097303,-0.03735844,1.34088196,0.23010320,1.52793125,0.75255471,-0.17283819,0.01069035,-0.13927738,0.15553052,-0.13264007,-0.11488410,-0.00112162,0.00182810,-0.00373321,0.01251394,-0.00590487,0.00253402
1.440000,0.65924473,-0.03725146,1.33948911,0.23165901,1.52660466,0.75140609,-0.17280794,0.01070604,-0.13928125,0.15561816,-0.13266721,-0.11483124,0.00713177,0.00131076,0.00292838,0.00504191,0.00044857,0.00800717
1.450000,0.65751715,-0.03714434,1.33809655,0.23321532,1.52527812,0.75025827,-0.17269645,0.01071660,-0.13921950,0.15563200,-0.13263171,-0.11472460,0.01511727,0.00080221,0.00938661,-0.00224001,0.00661875,0.01328775
1.460000,0.65579107,-0.03703714,1.33670493,0.23477141,1.52395223,0.74911177,-0.17250660,0.01072212,-0.13909429,0.15557409,-0.13253553,-0.11456621,0.02280009,0.00030427,0.01561394,-0.00930264,0.01257989,0.01835200
1.470000,0.65406727,-0.03692991,1.33531487,0.23632657,1.52262760,0.74796711,-0.17224158,0.01072273,-0.13890808,0.15544677,-0.13238089,-0.11435836,0.03014542,-0.00018123,0.02158288,-0.01611679,0.01830624,0.02317620
1.480000,0.65234647,-0.03682270,1.33392696,0.23788012,1.52130480,0.74682476,-0.17190493,0.01071855,-0.13866358,0.15525268,-0.13217027,-0.11410356,0.03711847,-0.00065246,0.02726589,-0.02265326,0.02377199,0.02773661
1.490000,0.65062939,-0.03671556,1.33254178,0.23943141,1.51998437,0.74568518,-0.17150056,0.01070973,-0.13836380,0.15499473,-0.13190641,-0.11380458,0.04368444,-0.00110760,0.03263545,-0.02888287,0.02895140,0.03200950
1.500000,0.64891667,-0.03660852,1.33115986,0.24097981,1.51866684,0.74454881,-0.17103272,0.01069645,-0.13801201,0.15467614,-0.13159229,-0.11346441,0.04980854,-0.00154481,0.03766405,-0.03477642,0.03381867,0.03597113
1.510000,0.64720893,-0.03650164,1.32978170,0.24252474,1.51735269,0.74341602,-0.17050598,0.01067890,-0.13761175,0.15430042,-0.13123116,-0.11308628,0.05545596,-0.00196227,0.04232417,-0.04030471,0.03834803,0.03959777
1.520000,0.64550673,-0.03639496,1.32840777,0.24406564,1.51604236,0.74228720,-0.16992530,0.01065728,-0.13716685,0.15387136,-0.13082654,-0.11267365,0.06059191,-0.00235815,0.04658827,-0.04543856,0.04251371,0.04286569
1.530000,0.64381059,-0.03628851,1.32703850,0.24560200,1.51473629,0.74116265,-0.16929596,0.01063181,-0.13668139,0.15339305,-0.13038218,-0.11223023,0.06518595,-0.00273083,0.05043227,-0.05015227,0.04629309,0.04575417
1.540000,0.64212096,-0.03618233,1.32567427,0.24713335,1.51343484,0.74004268,-0.16862338,0.01060274,-0.13615960,0.15286971,-0.12990196,-0.11175983,0.06924063,-0.00308021,0.05385781,-0.05444651,0.04968742,0.04826537
1.550000,0.64043825,-0.03607647,1.32431541,0.24865926,1.51213835,0.73892753,-0.16791288,0.01057029,-0.13560559,0.15230548,-0.12938967,-0.11126614,0.07277358,-0.00340692,0.05687834,-0.05833406,0.05270888,0.05041187
1.560000,0.63876281,-0.03597094,1.32296225,0.25017934,1.51084714,0.73781742,-0.16716959,0.01053468,-0.13502334,0.15170435,-0.12884899,-0.11075276,0.07580249,-0.00371157,0.05950738,-0.06182772,0.05536969,0.05220634
1.570000,0.63709495,-0.03586578,1.32161503,0.25169324,1.50956146,0.73671253,-0.16639845,0.01049613,-0.13441670,0.15107019,-0.12828344,-0.11022315,0.07834506,-0.00399479,0.06175843,-0.06494032,0.05768208,0.05366142
1.580000,0.63543492,-0.03576103,1.32027398,0.25320065,1.50828154,0.73561300,-0.16560425,0.01045485,-0.13378938,0.15040677,-0.12769646,-0.10968062,0.08041901,-0.00425720,0.06364501,-0.06768468,0.05965828,0.05478976
1.590000,0.63378293,-0.03565669,1.31893930,0.25470129,1.50700759,0.73451895,-0.16479158,0.01041105,-0.13314497,0.14971768,-0.12709136,-0.10912840,0.08204202,-0.00449942,0.06518062,-0.07007360,0.06131051,0.05560402
1.600000,0.63213913,-0.03555281,1.31761113,0.25619493,1.50573976,0.73343046,-0.16396485,0.01036493,-0.13248689,0.14900644,-0.12647129,-0.10856955,0.08323182,-0.00472207,0.06637877,-0.07211991,0.06265100,0.05611685
1.610000,0.63050366,-0.03544940,1.31628960,0.25768136,1.50447820,0.73234757,-0.16312833,0.01031667,-0.13181847,0.14827638,-0.12583933,-0.10800702,0.08400609,-0.00492577,0.06725297,-0.07383643,0.06369198,0.05634090
1.620000,0.62887659,-0.03534648,1.31497478,0.25916040,1.50322301,0.73127032,-0.16228606,0.01026647,-0.13114287,0.14753076,-0.12519841,-0.10744365,0.08438254,-0.00511114,0.06781674,-0.07523598,0.06444567,0.05628882
1.630000,0.62725795,-0.03524408,1.31366675,0.26063193,1.50197425,0.73019869,-0.16144194,0.01021451,-0.13046313,0.14677268,-0.12455134,-0.10688213,0.08437887,-0.00527880,0.06808357,-0.07633137,0.06492431,0.05597327
1.640000,0.62564774,-0.03514220,1.31236553,0.26209582,1.50073199,0.72913266,-0.16059969,0.01016095,-0.12978214,0.14600511,-0.12390080,-0.10632502,0.08401278,-0.00542937,0.06806698,-0.07713543,0.06514011,0.05540689
1.650000,0.62404594,-0.03504086,1.31107110,0.26355201,1.49949624,0.72807217,-0.15976283,0.01010597,-0.12910269,0.14523090,-0.12324937,-0.10577478,0.08330199,-0.00556348,0.06778048,-0.07766096,0.06510531,0.05460234
1.660000,0.62245246,-0.03494008,1.30978346,0.26500043,1.49826700,0.72701714,-0.15893474,0.01004974,-0.12842739,0.14445277,-0.12259949,-0.10523373,0.08226418,-0.00568175,0.06723758,-0.07792079,0.06483213,0.05357228
1.670000,0.62086720,-0.03483987,1.30850253,0.26644106,1.49704424,0.72596746,-0.15811858,0.00999239,-0.12775874,0.14367333,-0.12195348,-0.10470405,0.08091707,-0.00578478,0.06645179,-0.07792774,0.06433280,0.05232934
1.680000,0.61929003,-0.03474024,1.30722825,0.26787390,1.49582791,0.72492301,-0.15731737,0.00993409,-0.12709912,0.14289502,-0.12131355,-0.10418781,0.07927835,-0.00587322,0.06543661,-0.07769463,0.06361955,0.05088619
1.690000,0.61772079,-0.03464119,1.30596051,0.26929897,1.49461794,0.72388365,-0.15653393,0.00987497,-0.12645073,0.14212019,-0.12068176,-0.10368695,0.07736574,-0.00594767,0.06420556,-0.07723427,0.06270460,0.04925547
1.700000,0.61615929,-0.03454274,1.30469919,0.27071632,1.49341424,0.72284922,-0.15577091,0.00981518,-0.12581568,0.14135105,-0.12006009,-0.10320328,0.07519692,-0.00600876,0.06277215,-0.07655948,0.06160018,0.04744984
1.710000,0.61460530,-0.03444489,1.30344415,0.27212602,1.49221670,0.72181952,-0.15503078,0.00975484,-0.12519592,0.14058967,-0.11945035,-0.10273849,0.07278960,-0.00605711,0.06114988,-0.07568308,0.06031852,0.04548196
1.720000,0.61305859,-0.03434765,1.30219522,0.27352815,1.49102519,0.72079438,-0.15431585,0.00969408,-0.12459327,0.13983802,-0.11885427,-0.10229414,0.07016149,-0.00609333,0.05935226,-0.07461788,0.05887184,0.04336446
1.730000,0.61151889,-0.03425101,1.30095222,0.27492282,1.48983956,0.71977357,-0.15362823,0.00963301,-0.12400941,0.13909790,-0.11827342,-0.10187166,0.06733029,-0.00611806,0.05739281,-0.07337672,0.05727238,0.04111001
1.740000,0.60998593,-0.03415499,1.29971496,0.27631015,1.48865966,0.71875687,-0.15296986,0.00957175,-0.12344591,0.13837103,-0.11770929,-0.10147235,0.06431369,-0.00613191,0.05528503,-0.07197239,0.05553235,0.03873125
1.750000,0.60845939,-0.03405958,1.29848323,0.27769029,1.48748532,0.71774404,-0.15234252,0.00951041,-0.12290416,0.13765896,-0.11716320,-0.10109741,0.06112941,-0.00613550,0.05304243,-0.07041773,0.05366399,0.03624084
1.760000,0.60693897,-0.03396478,1.29725680,0.27906338,1.48631634,0.71673483,-0.15174778,0.00944908,-0.12238546,0.13696313,-0.11663639,-0.10074787,0.05779515,-0.00612945,0.05067852,-0.06872555,0.05167952,0.03365143
1.770000,0.60542432,-0.03387060,1.29603544,0.28042961,1.48515252,0.71572899,-0.15118705,0.00938785,-0.12189095,0.13628486,-0.11612996,-0.10042466,0.05432860,-0.00611439,0.04820681,-0.06690867,0.04959118,0.03097567
1.780000,0.60391511,-0.03377702,1.29481890,0.28178914,1.48399367,0.71472625,-0.15066159,0.00932682,-0.12142164,0.13562533,-0.11564488,-0.10012860,0.05074748,-0.00609093,0.04564082,-0.06497991,0.04741118,0.02822621
1.790000,0.60241097,-0.03368406,1.29360692,0.28314218,1.48283955,0.71372633,-0.15017243,0.00926606,-0.12097840,0.13498559,-0.11518200,-0.09986034,0.04706948,-0.00605970,0.04299404,-0.06295208,0.04515175,0.02541571
1.800000,0.60091154,-0.03359170,1.29239924,0.28448892,1.48168995,0.71272895,-0.14972046,0.00920565,-0.12056198,0.13436658,-0.11474207,-0.09962045,0.04331230,-0.00602131,0.04027999,-0.06083800,0.04282513,0.02255681
1.810000,0.59941643,-0.03349994,1.29119559,0.28582959,1.48054463,0.71173382,-0.14930639,0.00914565,-0.12017298,0.13376908,-0.11432568,-0.09940933,0.03949365,-0.00597639,0.03751218,-0.05865049,0.04044353,0.01966217
1.820000,0.59792528,-0.03340879,1.28999569,0.28716438,1.47940336,0.71074067,-0.14893073,0.00908614,-0.11981187,0.13319377,-0.11393334,-0.09922728,0.03563124,-0.00592556,0.03470412,-0.05640238,0.03801919,0.01674445
1.830000,0.59643769,-0.03331822,1.28879926,0.28849354,1.47826588,0.70974918,-0.14859385,0.00902716,-0.11947899,0.13264119,-0.11356540,-0.09907447,0.03174275,-0.00586943,0.03186932,-0.05410647,0.03556433,0.01381629
1.840000,0.59495327,-0.03322824,1.28760601,0.28981728,1.47713196,0.70875908,-0.14829591,0.00896876,-0.11917453,0.13211175,-0.11322211,-0.09895095,0.02784591,-0.00580864,0.02902128,-0.05177559,0.03309118,0.01089034
1.850000,0.59347164,-0.03313884,1.28641567,0.29113585,1.47600136,0.70777006,-0.14803690,0.00891100,-0.11889856,0.13160575,-0.11290360,-0.09885662,0.02395840,-0.00574379,0.02617351,-0.04942255,0.03061196,0.00797925
1.860000,0.59199241,-0.03305002,1.28522795,0.29244948,1.47487381,0.70678185,-0.14781665,0.00885390,-0.11865102,0.13112334,-0.11260985,-0.09879127,0.02009793,-0.00567552,0.02333954,-0.04706017,0.02813891,0.00509569
1.870000,0.59051518,-0.03296176,1.28404256,0.29375839,1.47374908,0.70579414,-0.14763479,0.00879750,-0.11843168,0.13066454,-0.11234076,-0.09875457,0.01628220,-0.00560443,0.02053285,-0.04470128,0.02568425,0.00225229
1.880000,0.58903958,-0.03287407,1.28285922,0.29506284,1.47262691,0.70480666,-0.14749080,0.00874182,-0.11824022,0.13022926,-0.11209606,-0.09874605,0.01252892,-0.00553116,0.01776697,-0.04235868,0.02326021,-0.00053828
1.890000,0.58756524,-0.03278692,1.28167766,0.29636306,1.47150708,0.70381913,-0.14738395,0.00868688,-0.11807616,0.12981727,-0.11187541,-0.09876512,0.00885580,-0.00545632,0.01505540,-0.04004520,0.02087901,-0.00326338
1.900000,0.58609178,-0.03270033,1.28049761,0.29765927,1.47038933,0.70283127,-0.14731335,0.00863270,-0.11793889,0.12942821,-0.11167830,-0.09881105,0.00528052,-0.00538054,0.01241166,-0.03777365,0.01855288,-0.00591035
1.910000,0.58461886,-0.03261427,1.27931880,0.29895170,1.46927343,0.70184282,-0.14727795,0.00857927,-0.11782766,0.12906161,-0.11150413,-0.09888302,0.00182079,-0.00530443,0.00984924,-0.03555686,0.01629405,-0.00846654
1.920000,0.58314611,-0.03252874,1.27814097,0.30024057,1.46815917,0.70085353,-0.14727649,0.00852661,-0.11774159,0.12871685,-0.11135215,-0.09898004,-0.00150568,-0.00522862,0.00738167,-0.03340764,0.01411475,-0.01091931
1.930000,0.58167322,-0.03244373,1.27696389,0.30152610,1.46704632,0.69986314,-0.14730756,0.00847469,-0.11767966,0.12839319,-0.11122153,-0.09910102,-0.00468119,-0.00515372,0.00502244,-0.03133881,0.01202720,-0.01325599
1.940000,0.58019986,-0.03235924,1.27578730,0.30280850,1.46593467,0.69887143,-0.14736956,0.00842353,-0.11764073,0.12808976,-0.11111126,-0.09924473,-0.00768803,-0.00508037,0.00278508,-0.02936318,0.01004362,-0.01546394
1.950000,0.57872573,-0.03227526,1.27461100,0.30408796,1.46482403,0.69787818,-0.14746070,0.00837308,-0.11762351,0.12780557,-0.11102027,-0.09940983,-0.01050852,-0.00500917,0.00068309,-0.02749358,0.00817626,-0.01753050
1.960000,0.57725055,-0.03219178,1.27343476,0.30536467,1.46371421,0.69688317,-0.14757905,0.00832333,-0.11762657,0.12753949,-0.11094731,-0.09959483,-0.01312494,-0.00494074,-0.00127003,-0.02574283,0.00643733,-0.01944303
1.970000,0.57577407,-0.03210879,1.27225840,0.30663881,1.46260503,0.69588622,-0.14772246,0.00827425,-0.11764837,0.12729028,-0.11089105,-0.09979813,-0.01551958,-0.00487572,-0.00306076,-0.02412374,0.00483906,-0.02118887
1.980000,0.57429603,-0.03202629,1.27108174,0.30791053,1.46149633,0.69488715,-0.14788864,0.00822581,-0.11768720,0.12705654,-0.11085002,-0.10001801,-0.01767476,-0.00481472,-0.00467559,-0.02264912,0.00339367,-0.02275537
1.990000,0.57281623,-0.03194427,1.26990461,0.30917999,1.46038798,0.69388581,-0.14807510,0.00817794,-0.11774125,0.12683677,-0.11082263,-0.10025260,-0.01957277,-0.00475836,-0.00610102,-0.02133181,0.00211340,-0.02412987
2.000000,0.57133447,-0.03186273,1.26872687,0.31044731,1.45927984,0.69288206,-0.14827918,0.00813062,-0.11780855,0.12662933,-0.11080716,-0.10049992,-0.02119589,-0.00470727,-0.00732353,-0.02018461,0.00101047,-0.02529973
2.010000,0.56985059,-0.03178166,1.26754840,0.31171261,1.45817181,0.69187578,-0.14849804,0.00808378,-0.11788700,0.12643247,-0.11080179,-0.10075787,-0.02252644,-0.00466205,-0.00832961,-0.01922035,0.00009712,-0.02625229
2.020000,0.56836447,-0.03170105,1.26636910,0.31297599,1.45706378,0.69086687,-0.14872867,0.00803736,-0.11797437,0.12624428,-0.11080455,-0.10102420,-0.02354670,-0.00462334,-0.00910577,-0.01845184,-0.00061445,-0.02697491
2.030000,0.56687599,-0.03162091,1.26518889,0.31423752,1.45595569,0.68985527,-0.14896788,0.00799129,-0.11806830,0.12606274,-0.11081336,-0.10129656,-0.02423899,-0.00459176,-0.00963847,-0.01789190,-0.00111199,-0.02745492
2.040000,0.56538509,-0.03154123,1.26400772,0.31549726,1.45484750,0.68884093,-0.14921231,0.00794550,-0.11816630,0.12588571,-0.11082604,-0.10157246,-0.02459110,-0.00456777,-0.00991837,-0.01754967,-0.00138696,-0.02768371
2.050000,0.56389174,-0.03146200,1.26282556,0.31675524,1.45373917,0.68782382,-0.14945859,0.00789991,-0.11826584,0.12571103,-0.11084037,-0.10184941,-0.02460947,-0.00455137,-0.00995002,-0.01742187,-0.00144319,-0.02766626
2.060000,0.56239593,-0.03138323,1.26164241,0.31801148,1.45263069,0.68680394,-0.14970343,0.00785445,-0.11836449,0.12553658,-0.11085420,-0.10212499,-0.02430442,-0.00454243,-0.00974094,-0.01750261,-0.00128714,-0.02741041
2.070000,0.56089768,-0.03130491,1.26045828,0.31926596,1.45152209,0.68578133,-0.14994364,0.00780903,-0.11845988,0.12536030,-0.11086543,-0.10239685,-0.02368629,-0.00454082,-0.00929863,-0.01778600,-0.00092525,-0.02692399
2.080000,0.55939708,-0.03122705,1.25927323,0.32051867,1.45041340,0.68475603,-0.15017614,0.00776360,-0.11854971,0.12518020,-0.11087204,-0.10266273,-0.02276542,-0.00454644,-0.00863062,-0.01826615,-0.00036398,-0.02621484
2.090000,0.55789420,-0.03114964,1.25808731,0.32176955,1.44930467,0.68372810,-0.15039797,0.00771808,-0.11863177,0.12499434,-0.11087207,-0.10292043,-0.02155215,-0.00455915,-0.00774440,-0.01893717,0.00039023,-0.02529081
2.100000,0.55638916,-0.03107269,1.25690063,0.32301853,1.44819599,0.68269765,-0.15060625,0.00767240,-0.11870390,0.12480084,-0.11086361,-0.10316785,-0.02005680,-0.00457884,-0.00664749,-0.01979318,0.00133093,-0.02415972
2.110000,0.55488213,-0.03099619,1.25571328,0.32426553,1.44708744,0.68166479,-0.15079820,0.00762648,-0.11876404,0.12459788,-0.11084485,-0.10340296,-0.01828972,-0.00460538,-0.00534740,-0.02082828,0.00245167,-0.02282942
2.120000,0.55337326,-0.03092016,1.25452539,0.32551045,1.44597913,0.68062964,-0.15097117,0.00758027,-0.11881020,0.12438370,-0.11081400,-0.10362381,-0.01626124,-0.00463866,-0.00385163,-0.02203658,0.00374600,-0.02130774
2.130000,0.55186278,-0.03084459,1.25333713,0.32675316,1.44487120,0.67959237,-0.15112259,0.00753369,-0.11884045,0.12415659,-0.11076937,-0.10382851,-0.01398170,-0.00467855,-0.00216770,-0.02341219,0.00520747,-0.01960253
2.140000,0.55035089,-0.03076948,1.25214864,0.32799354,1.44376380,0.67855313,-0.15125000,0.00748668,-0.11885295,0.12391492,-0.11070931,-0.10401527,-0.01146142,-0.00472494,-0.00030312,-0.02494923,0.00682964,-0.01772161
2.150000,0.54883786,-0.03069485,1.25096013,0.32923141,1.44265707,0.67751213,-0.15135105,0.00743917,-0.11884593,0.12365709,-0.11063226,-0.10418238,-0.00871075,-0.00477769,0.00173461,-0.02664180,0.00860605,-0.01567284
2.160000,0.54732397,-0.03062070,1.24977179,0.33046662,1.44155121,0.67646955,-0.15142348,0.00739110,-0.11881770,0.12338158,-0.11053670,-0.10432819,-0.00574003,-0.00483669,0.00393797,-0.02848402,0.01053025,-0.01346405
2.170000,0.54580950,-0.03054703,1.24858385,0.33169898,1.44044640,0.67542564,-0.15146515,0.00734241,-0.11876665,0.12308693,-0.11042119,-0.10445115,-0.00255958,-0.00490182,0.00629946,-0.03046999,0.01259581,-0.01110308
2.180000,0.54429477,-0.03047386,1.24739654,0.33292829,1.43934286,0.67438061,-0.15147401,0.00729304,-0.11869121,0.12277172,-0.11028434,-0.10454977,0.00082026,-0.00497295,0.00881155,-0.03259382,0.01479626,-0.00859776
2.190000,0.54278013,-0.03040118,1.24621012,0.33415434,1.43824079,0.67333473,-0.15144811,0.00724293,-0.11858994,0.12243461,-0.11012483,-0.10462265,0.00438914,-0.00504998,0.01146676,-0.03484964,0.01712515,-0.00595593
2.200000,0.54126593,-0.03032900,1.24502484,0.33537690,1.43714044,0.67228825,-0.15138563,0.00719203,-0.11846143,0.12207431,-0.10994143,-0.10466846,0.00813675,-0.00513276,0.01425756,-0.03723153,0.01957605,-0.00318544
2.210000,0.53975255,-0.03025734,1.24384098,0.33659574,1.43604205,0.67124145,-0.15128482,0.00714026,-0.11830436,0.12168958,-0.10973293,-0.10468596,0.01205273,-0.00522119,0.01717644,-0.03973363,0.02214250,-0.00029411
2.220000,0.53824037,-0.03018620,1.24265885,0.33781061,1.43494587,0.67019463,-0.15114405,0.00708758,-0.11811749,0.12127926,-0.10949821,-0.10467397,0.01612675,-0.00531515,0.02021589,-0.04235003,0.02481805,0.00271020
2.230000,0.53672980,-0.03011559,1.24147874,0.33902124,1.43385218,0.66914808,-0.15096179,0.00703394,-0.11789966,0.12084222,-0.10923622,-0.10463140,0.02034849,-0.00541450,0.02336842,-0.04507484,0.02759625,0.00581967
2.240000,0.53522128,-0.03004552,1.24030096,0.34022736,1.43276124,0.66810211,-0.15073662,0.00697928,-0.11764977,0.12037742,-0.10894597,-0.10455725,0.02470760,-0.00551913,0.02662649,-0.04790219,0.03047066,0.00902646
2.250000,0.53371522,-0.02997601,1.23912585,0.34142869,1.43167335,0.66705704,-0.15046722,0.00692354,-0.11736681,0.11988385,-0.10862651,-0.10445058,0.02919375,-0.00562892,0.02998262,-0.05082617,0.03343482,0.01232271
2.260000,0.53221208,-0.02990706,1.23795374,0.34262494,1.43058881,0.66601321,-0.15015236,0.00686668,-0.11704982,0.11936059,-0.10827699,-0.10431052,0.03379660,-0.00574375,0.03342927,-0.05384090,0.03648229,0.01570061
2.270000,0.53071233,-0.02983868,1.23678497,0.34381580,1.42950792,0.66497094,-0.14979093,0.00680865,-0.11669795,0.11880675,-0.10789661,-0.10413632,0.03850582,-0.00586350,0.03695896,-0.05694048,0.03960662,0.01915231
2.280000,0.52921642,-0.02977089,1.23561990,0.34500097,1.42843098,0.66393060,-0.14938192,0.00674939,-0.11631039,0.11822152,-0.10748463,-0.10392726,0.04331107,-0.00598804,0.04056416,-0.06011904,0.04280135,0.02266997
2.290000,0.52772485,-0.02970369,1.23445888,0.34618012,1.42735833,0.66289252,-0.14892442,0.00668887,-0.11588644,0.11760413,-0.10704037,-0.10368273,0.04820201,-0.00611725,0.04423736,-0.06337068,0.04606005,0.02624575
2.300000,0.52623810,-0.02963711,1.23330229,0.34735294,1.42629029,0.66185706,-0.14841763,0.00662703,-0.11542544,0.11695388,-0.10656323,-0.10340218,0.05316832,-0.00625102,0.04797107,-0.06668950,0.04937625,0.02987182
2.310000,0.52475666,-0.02957116,1.23215050,0.34851909,1.42522718,0.66082459,-0.14786084,0.00656384,-0.11492684,0.11627013,-0.10605267,-0.10308515,0.05819965,-0.00638922,0.05175775,-0.07006962,0.05274352,0.03354033
2.320000,0.52328105,-0.02950584,1.23100388,0.34967823,1.42416935,0.65979548,-0.14725345,0.00649924,-0.11439013,0.11555230,-0.10550821,-0.10273125,0.06328567,-0.00653173,0.05558992,-0.07350516,0.05615540,0.03724345
2.330000,0.52181177,-0.02944118,1.22986283,0.35083002,1.42311713,0.65877009,-0.14659498,0.00643319,-0.11381491,0.11479987,-0.10492944,-0.10234019,0.06841604,-0.00667843,0.05946005,-0.07699021,0.05960544,0.04097334
2.340000,0.52034932,-0.02937718,1.22872771,0.35197411,1.42207087,0.65774880,-0.14588502,0.00636565,-0.11320083,0.11401235,-0.10431600,-0.10191172,0.07358043,-0.00682920,0.06336064,-0.08051890,0.06308719,0.04472216
2.350000,0.51889424,-0.02931387,1.22759894,0.35311015,1.42103093,0.65673198,-0.14512329,0.00629659,-0.11254762,0.11318936,-0.10366761,-0.10144571,0.07876851,-0.00698391,0.06728418,-0.08408533,0.06659422,0.04848208
2.360000,0.51744703,-0.02925126,1.22647689,0.35423778,1.41999764,0.65572001,-0.14430960,0.00622596,-0.11185510,0.11233054,-0.10298405,-0.10094207,0.08396993,-0.00714245,0.07122315,-0.08768360,0.07012006,0.05224525
2.370000,0.51600822,-0.02918936,1.22536197,0.35535664,1.41897136,0.65471327,-0.14344388,0.00615373,-0.11112313,0.11143560,-0.10226517,-0.10040082,0.08917436,-0.00730470,0.07517005,-0.09130784,0.07365827,0.05600383
2.380000,0.51457833,-0.02912819,1.22425456,0.35646637,1.41795245,0.65371212,-0.14252614,0.00607986,-0.11035169,0.11050432,-0.10151087,-0.09982204,0.09437147,-0.00747052,0.07911737,-0.09495216,0.07720239,0.05974999
2.390000,0.51315787,-0.02906777,1.22315507,0.35756661,1.41694126,0.65271695,-0.14155651,0.00600431,-0.10954081,0.10953651,-0.10072112,-0.09920589,0.09955092,-0.00763981,0.08305760,-0.09861065,0.08074599,0.06347590
2.400000,0.51174737,-0.02900811,1.22206388,0.35865698,1.41593815,0.65172813,-0.14053522,0.00592705,-0.10869059,0.10853208,-0.09989597,-0.09855261,0.10470238,-0.00781245,0.08698322,-0.10227744,0.08428261,0.06717370
2.410000,0.51034734,-0.02894923,1.22098139,0.35973712,1.41494346,0.65074602,-0.13946259,0.00584805,-0.10780122,0.10749096,-0.09903551,-0.09786253,0.10981550,-0.00798830,0.09088673,-0.10594663,0.08780580,0.07083557
2.420000,0.50895829,-0.02889115,1.21990798,0.36080668,1.41395755,0.64977100,-0.13833907,0.00576727,-0.10687295,0.10641316,-0.09813992,-0.09713605,0.11487996,-0.00816725,0.09476062,-0.10961233,0.09130912,0.07445366
2.430000,0.50758072,-0.02883389,1.21884405,0.36186527,1.41298078,0.64880342,-0.13716519,0.00568469,-0.10590613,0.10529874,-0.09720942,-0.09637363,0.11988542,-0.00834918,0.09859738,-0.11326866,0.09478611,0.07802014
2.440000,0.50621515,-0.02877746,1.21778999,0.36291253,1.41201348,0.64784364,-0.13594159,0.00560028,-0.10490116,0.10414783,-0.09624431,-0.09557584,0.12482154,-0.00853396,0.10238950,-0.11690972,0.09823032,0.08152717
2.450000,0.50486205,-0.02872189,1.21674616,0.36394810,1.41105601,0.64689202,-0.13466902,0.00551400,-0.10385851,0.10296062,-0.09524494,-0.09474331,0.12967798,-0.00872148,0.10612947,-0.12052963,0.10163531,0.08496690
2.460000,0.50352193,-0.02866719,1.21571294,0.36497162,1.41010870,0.64594889,-0.13334833,0.00542584,-0.10277877,0.10173733,-0.09421175,-0.09387675,0.13444442,-0.00891162,0.10980978,-0.12412249,0.10499463,0.08833151
2.470000,0.50219525,-0.02861338,1.21469070,0.36598273,1.40917188,0.64501460,-0.13198047,0.00533576,-0.10166254,0.10047828,-0.09314523,-0.09297696,0.13911052,-0.00910425,0.11342291,-0.12768242,0.10830183,0.09161315
2.480000,0.50088247,-0.02856048,1.21367981,0.36698107,1.40824590,0.64408946,-0.13056649,0.00524375,-0.10051056,0.09918381,-0.09204591,-0.09204479,0.14366593,-0.00929925,0.11696137,-0.13120352,0.11155046,0.09480399
2.490000,0.49958407,-0.02850851,1.21268061,0.36796629,1.40733107,0.64317380,-0.12910755,0.00514977,-0.09932359,0.09785435,-0.09091443,-0.09108121,0.14810033,-0.00949650,0.12041763,-0.13467991,0.11473407,0.09789618
2.500000,0.49830047,-0.02845749,1.21169345,0.36893804,1.40642772,0.64226794,-0.12760492,0.00505381,-0.09810250,0.09649038,-0.08975147,-0.09008723,0.15240338,-0.00969588,0.12378420,-0.13810570,0.11784621,0.10088189
2.510000,0.49703211,-0.02840744,1.21071867,0.36989598,1.40553614,0.64137216,-0.12605996,0.00495585,-0.09684823,0.09509243,-0.08855777,-0.08906395,0.15656475,-0.00989726,0.12705355,-0.14147499,0.12088043,0.10375328
2.520000,0.49577940,-0.02835838,1.20975659,0.37083978,1.40465666,0.64048675,-0.12447413,0.00485586,-0.09556178,0.09366109,-0.08733414,-0.08801257,0.16057409,-0.01010054,0.13021819,-0.14478190,0.12383029,0.10650251
2.530000,0.49454276,-0.02831033,1.20880754,0.37176910,1.40378956,0.63961200,-0.12284902,0.00475383,-0.09424424,0.09219702,-0.08608147,-0.08693433,0.16442108,-0.01030558,0.13327059,-0.14802054,0.12668934,0.10912174
2.540000,0.49332255,-0.02826331,1.20787181,0.37268361,1.40293513,0.63874815,-0.12118629,0.00464974,-0.09289677,0.09070093,-0.08480068,-0.08583059,0.16809537,-0.01051227,0.13620326,-0.15118502,0.12945112,0.11160314
2.550000,0.49211915,-0.02821734,1.20694970,0.37358301,1.40209364,0.63789546,-0.11948772,0.00454358,-0.09152060,0.08917359,-0.08349279,-0.08470276,0.17158664,-0.01072048,0.13900868,-0.15426944,0.13210919,0.11393887
2.560000,0.49093291,-0.02817245,1.20604149,0.37446698,1.40126536,0.63705417,-0.11775520,0.00443533,-0.09011704,0.08761582,-0.08215886,-0.08355233,0.17488454,-0.01093009,0.14167933,-0.15726792,0.13465710,0.11612108
2.570000,0.48976415,-0.02812865,1.20514744,0.37533523,1.40045054,0.63622449,-0.11599071,0.00432497,-0.08868749,0.08602853,-0.08080004,-0.08238087,0.17797874,-0.01114098,0.14420772,-0.16017457,0.13708839,0.11814194
2.580000,0.48861319,-0.02808596,1.20426782,0.37618746,1.39964943,0.63540662,-0.11419634,0.00421251,-0.08723339,0.08441266,-0.07941750,-0.08119005,0.18085891,-0.01135304,0.14658633,-0.16298350,0.13939663,0.11999361
2.590000,0.48748032,-0.02804440,1.20340285,0.37702339,1.39886227,0.63460075,-0.11237428,0.00409791,-0.08575628,0.08276921,-0.07801253,-0.07998159,0.18351537,-0.01156613,0.14880812,-0.16568916,0.14157575,0.12166877
2.600000,0.48636579,-0.02800400,1.20255277,0.37784275,1.39808925,0.63380704,-0.11052678,0.00398118,-0.08425775,0.08109922,-0.07658643,-0.07875727,0.18594617,-0.01178018,0.15087158,-0.16829000,0.14362436,0.12316605
2.610000,0.48526986,-0.02796479,1.20171776,0.37864529,1.39733060,0.63302565,-0.10865610,0.00386230,-0.08273937,0.07940375,-0.07514048,-0.07751885,0.18815439,-0.01199511,0.15277878,-0.17078707,0.14554408,0.12448801
2.620000,0.48419274,-0.02792677,1.20089804,0.37943075,1.39658651,0.63225670,-0.10676443,0.00374127,-0.08120269,0.07768383,-0.07367597,-0.07626808,0.19014324,-0.01221085,0.15453187,-0.17318148,0.14733657,0.12563726
2.630000,0.48313463,-0.02788997,1.20009377,0.38019889,1.39585714,0.63150032,-0.10485395,0.00361808,-0.07964924,0.07594046,-0.07219416,-0.07500668,0.19191587,-0.01242733,0.15613299,-0.17547431,0.14900353,0.12661640
2.640000,0.48209572,-0.02785441,1.19930510,0.38094948,1.39514268,0.63075660,-0.10292682,0.00349273,-0.07808053,0.07417467,-0.07069631,-0.07373631,0.19347546,-0.01264449,0.15758428,-0.17766667,0.15054663,0.12742806
2.650000,0.48107615,-0.02782012,1.19853220,0.38168231,1.39444327,0.63002562,-0.10098514,0.00336519,-0.07649805,0.07238746,-0.06918364,-0.07245866,0.19482521,-0.01286224,0.15888790,-0.17975967,0.15196754,0.12807484
2.660000,0.48007606,-0.02778711,1.19777518,0.38239716,1.39375905,0.62930744,-0.09903100,0.00323548,-0.07490326,0.07057981,-0.06765736,-0.07117536,0.19596828,-0.01308053,0.16004597,-0.18175439,0.15326794,0.12855935
2.670000,0.47909556,-0.02775542,1.19703417,0.38309384,1.39309016,0.62860213,-0.09706646,0.00310358,-0.07329761,0.06875270,-0.06611868,-0.06988801,0.19690785,-0.01329927,0.16106066,-0.18365194,0.15444951,0.12888420
2.680000,0.47813475,-0.02772505,1.19630926,0.38377215,1.39243671,0.62790969,-0.09509351,0.00296949,-0.07168252,0.06690709,-0.06456876,-0.06859820,0.19764710,-0.01351841,0.16193409,-0.18545341,0.15551392,0.12905201
2.690000,0.47719371,-0.02769604,1.19560055,0.38443192,1.39179882,0.62723016,-0.09311417,0.00283321,-0.07005939,0.06504394,-0.06300878,-0.06730748,0.19818922,-0.01373787,0.16266841,-0.18715991,0.15646285,0.12906539
2.700000,0.47627249,-0.02766839,1.19490810,0.38507298,1.39117657,0.62656354,-0.09113038,0.00269473,-0.06842960,0.06316420,-0.06143988,-0.06601740,0.19853737,-0.01395758,0.16326577,-0.18877253,0.15729798,0.12892695
2.710000,0.47537111,-0.02764215,1.19423197,0.38569516,1.39057005,0.62590981,-0.08914406,0.00255406,-0.06679452,0.06126880,-0.05986320,-0.06472944,0.19869473,-0.01417747,0.16372831,-0.19029238,0.15802098,0.12863930
2.720000,0.47448961,-0.02761732,1.19357222,0.38629830,1.38997933,0.62526894,-0.08715711,0.00241118,-0.06515548,0.05935866,-0.05827983,-0.06344510,0.19866449,-0.01439747,0.16405817,-0.19172055,0.15863354,0.12820505
2.730000,0.47362797,-0.02759393,1.19292887,0.38688228,1.38940447,0.62464089,-0.08517138,0.00226611,-0.06351379,0.05743469,-0.05669089,-0.06216582,0.19844983,-0.01461751,0.16425749,-0.19305813,0.15913732,0.12762681
2.740000,0.47278617,-0.02757201,1.19230195,0.38744696,1.38884552,0.62402560,-0.08318872,0.00211883,-0.06187076,0.05549780,-0.05509744,-0.06089303,0.19805391,-0.01483753,0.16432842,-0.19430624,0.15953400,0.12690720
2.750000,0.47196418,-0.02755156,1.19169146,0.38799220,1.38830253,0.62342300,-0.08121090,0.00196936,-0.06022765,0.05354886,-0.05350056,-0.05962814,0.19747992,-0.01505744,0.16427311,-0.19546597,0.15982526,0.12604883
2.760000,0.47116193,-0.02753263,1.19109739,0.38851790,1.38777552,0.62283301,-0.07923970,0.00181769,-0.05858571,0.05158877,-0.05190128,-0.05837251,0.19673105,-0.01527718,0.16409369,-0.19653842,0.16001279,0.12505431
2.770000,0.47037935,-0.02751522,1.19051974,0.38902394,1.38726451,0.62225552,-0.07727685,0.00166382,-0.05694618,0.04961838,-0.05030064,-0.05712750,0.19581045,-0.01549668,0.16379231,-0.19752468,0.16009824,0.12392625
2.780000,0.46961636,-0.02749936,1.18995846,0.38951023,1.38676951,0.62169042,-0.07532405,0.00150775,-0.05531026,0.04763856,-0.04869965,-0.05589442,0.19472132,-0.01571588,0.16337111,-0.19842586,0.16008330,0.12266726
2.790000,0.46887283,-0.02748507,1.18941351,0.38997668,1.38629051,0.62113759,-0.07338298,0.00134950,-0.05367915,0.04565015,-0.04709931,-0.05467458,0.19346683,-0.01593469,0.16283223,-0.19924305,0.15996965,0.12127995
2.800000,0.46814865,-0.02747237,1.18888485,0.39042321,1.38582752,0.62059688,-0.07145526,0.00118906,-0.05205400,0.04365398,-0.04550058,-0.05346924,0.19205017,-0.01615305,0.16217782,-0.19997736,0.15975897,0.11976694
2.810000,0.46744368,-0.02746129,1.18837241,0.39084974,1.38538049,0.62006815,-0.06954250,0.00102644,-0.05043597,0.04165087,-0.04390444,-0.05227965,0.19047450,-0.01637089,0.16141003,-0.20062988,0.15945292,0.11813084
2.820000,0.46675775,-0.02745185,1.18787611,0.39125621,1.38494942,0.61955123,-0.06764629,0.00086165,-0.04882617,0.03964165,-0.04231184,-0.05110703,0.18874301,-0.01658814,0.16053099,-0.20120171,0.15905319,0.11637426
2.830000,0.46609069,-0.02744407,1.18739586,0.39164255,1.38453424,0.61904595,-0.06576815,0.00069468,-0.04722572,0.03762710,-0.04072369,-0.04995256,0.18685887,-0.01680473,0.15954284,-0.20169395,0.15856146,0.11449980
2.840000,0.46544232,-0.02743797,1.18693156,0.39200873,1.38413492,0.61855211,-0.06390961,0.00052555,-0.04563567,0.03560803,-0.03914091,-0.04881742,0.18482527,-0.01702059,0.15844774,-0.20210770,0.15797939,0.11251009
2.850000,0.46481243,-0.02743356,1.18648310,0.39235470,1.38375140,0.61806953,-0.06207213,0.00035427,-0.04405711,0.03358521,-0.03756440,-0.04770273,0.18264538,-0.01723565,0.15724783,-0.20244406,0.15730867,0.11040773
2.860000,0.46420080,-0.02743089,1.18605037,0.39268043,1.38338361,0.61759799,-0.06025718,0.00018084,-0.04249106,0.03155940,-0.03599503,-0.04660963,0.18032238,-0.01744984,0.15594524,-0.20270413,0.15655097,0.10819533
2.870000,0.46360721,-0.02742995,1.18563324,0.39298588,1.38303148,0.61713726,-0.05846615,0.00000528,-0.04093854,0.02953137,-0.03443366,-0.04553919,0.17785944,-0.01766309,0.15454212,-0.20288901,0.15570797,0.10587551
2.880000,0.46303140,-0.02743079,1.18523156,0.39327105,1.38269491,0.61668712,-0.05670044,-0.00017242,-0.03940055,0.02750187,-0.03288114,-0.04449247,0.17525976,-0.01787533,0.15304062,-0.20299979,0.15478135,0.10345088
2.890000,0.46247311,-0.02743341,1.18484518,0.39353592,1.38237382,0.61624733,-0.05496140,-0.00035223,-0.03787805,0.02547162,-0.03133831,-0.04347051,0.17252650,-0.01808648,0.15144288,-0.20303758,0.15377278,0.10092405
2.900000,0.46193207,-0.02743784,1.18447394,0.39378048,1.38206811,0.61581763,-0.05325035,-0.00053414,-0.03637200,0.02344136,-0.02980596,-0.04247432,0.16966284,-0.01829649,0.14975103,-0.20300347,0.15268395,0.09829763
2.910000,0.46140800,-0.02744410,1.18411768,0.39400475,1.38177766,0.61539775,-0.05156857,-0.00071815,-0.03488333,0.02141179,-0.02828489,-0.04150488,0.16667196,-0.01850527,0.14796723,-0.20289856,0.15151651,0.09557423
2.920000,0.46090060,-0.02745221,1.18377621,0.39420872,1.38150237,0.61498744,-0.04991732,-0.00090424,-0.03341296,0.01938362,-0.02677588,-0.04056315,0.16355705,-0.01871277,0.14609362,-0.20272396,0.15027216,0.09275647
2.930000,0.46040955,-0.02746219,1.18344935,0.39439243,1.38124210,0.61458640,-0.04829783,-0.00109240,-0.03196175,0.01735754,-0.02527970,-0.03965006,0.16032127,-0.01891890,0.14413234,-0.20248075,0.14895257,0.08984695
2.940000,0.45993453,-0.02747407,1.18313691,0.39455588,1.38099673,0.61419434,-0.04671129,-0.00128262,-0.03053059,0.01533423,-0.02379708,-0.03876651,0.15696781,-0.01912360,0.14208554,-0.20217005,0.14755942,0.08684829
2.950000,0.45947521,-0.02748785,1.18283867,0.39469912,1.38076611,0.61381096,-0.04515886,-0.00147487,-0.02912032,0.01331436,-0.02232875,-0.03791338,0.15349984,-0.01932679,0.13995535,-0.20179294,0.14609438,0.08376310
2.960000,0.45903124,-0.02750357,1.18255443,0.39482218,1.38055011,0.61343597,-0.04364166,-0.00166915,-0.02773176,0.01129859,-0.02087542,-0.03709152,0.14992055,-0.01952842,0.13774393,-0.20135053,0.14455913,0.08059399
2.970000,0.45860226,-0.02752124,1.18228396,0.39492511,1.38034855,0.61306903,-0.04216081,-0.00186543,-0.02636571,0.00928756,-0.01943779,-0.03630177,0.14623311,-0.01972840,0.13545340,-0.20084392,0.14295534,0.07734357
2.980000,0.45818790,-0.02754088,1.18202704,0.39500795,1.38016130,0.61270982,-0.04071735,-0.00206371,-0.02502295,0.00728192,-0.01801654,-0.03554492,0.14244069,-0.01992668,0.13308593,-0.20027421,0.14128470,0.07401445
2.990000,0.45778778,-0.02756252,1.18178342,0.39507077,1.37998817,0.61235802,-0.03931233,-0.00226396,-0.02370424,0.00528228,-0.01661232,-0.03482173,0.13854649,-0.02012317,0.13064365,-0.19964249,0.13954887,0.07060925
3.000000,0.45740152,-0.02758617,1.18155287,0.39511362,1.37982899,0.61201327,-0.03794675,-0.00246617,-0.02241032,0.00328927,-0.01522577,-0.03413298,0.13455367,-0.02031780,0.12812870,-0.19894986,0.13774955,0.06713058
3.010000,0.45702871,-0.02761185,1.18133513,0.39513658,1.37968359,0.61167524,-0.03662158,-0.00267031,-0.02114190,0.00130349,-0.01385753,-0.03347936,0.13046541,-0.02051052,0.12554323,-0.19819743,0.13588839,0.06358105
3.020000,0.45666895,-0.02763958,1.18112995,0.39513972,1.37955178,0.61134357,-0.03533775,-0.00287637,-0.01989968,-0.00067448,-0.01250821,-0.03286158,0.12628490,-0.02070124,0.12288938,-0.19738629,0.13396708,0.05996326
3.030000,0.45632182,-0.02766938,1.18093705,0.39512312,1.37943336,0.61101789,-0.03409618,-0.00308433,-0.01868433,-0.00264405,-0.01117839,-0.03228031,0.12201531,-0.02088990,0.12016929,-0.19651754,0.13198730,0.05627984
3.040000,0.45598688,-0.02770128,1.18075617,0.39508686,1.37932814,0.61069784,-0.03289773,-0.00329416,-0.01749651,-0.00460464,-0.00986865,-0.03173619,0.11765982,-0.02107643,0.11738511,-0.19559228,0.12995072,0.05253339
3.050000,0.45566372,-0.02773527,1.18058703,0.39503105,1.37923592,0.61038304,-0.03174325,-0.00350585,-0.01633684,-0.00655571,-0.00857956,-0.03122985,0.11322160,-0.02126076,0.11453898,-0.19461160,0.12785902,0.04872653
3.060000,0.45535187,-0.02777140,1.18042934,0.39495578,1.37915648,0.61007311,-0.03063356,-0.00371937,-0.01520593,-0.00849669,-0.00731165,-0.03076186,0.10870384,-0.02144281,0.11163305,-0.19357662,0.12571388,0.04486186
3.070000,0.45505089,-0.02780967,1.18028281,0.39486116,1.37908961,0.60976767,-0.02956943,-0.00393470,-0.01410437,-0.01042706,-0.00606545,-0.03033279,0.10410972,-0.02162252,0.10866945,-0.19248842,0.12351697,0.04094200
3.080000,0.45476033,-0.02785010,1.18014715,0.39474728,1.37903510,0.60946632,-0.02855161,-0.00415181,-0.01303272,-0.01234629,-0.00484147,-0.02994319,0.09944241,-0.02179982,0.10565034,-0.19134811,0.12126997,0.03696956
3.090000,0.45447970,-0.02789271,1.18002205,0.39461427,1.37899271,0.60916867,-0.02758082,-0.00437069,-0.01199154,-0.01425386,-0.00364021,-0.02959357,0.09470509,-0.02197463,0.10257785,-0.19015678,0.11897455,0.03294715
3.100000,0.45420855,-0.02793752,1.17990721,0.39446224,1.37896222,0.60887432,-0.02665773,-0.00459130,-0.01098134,-0.01614926,-0.00246214,-0.02928441,0.08990093,-0.02214690,0.09945412,-0.18891554,0.11663239,0.02887738
3.110000,0.45394639,-0.02798454,1.17980232,0.39429133,1.37894339,0.60858285,-0.02578301,-0.00481361,-0.01000262,-0.01803200,-0.00130771,-0.02901617,0.08503313,-0.02231653,0.09628131,-0.18762548,0.11424518,0.02476287
3.120000,0.45369273,-0.02803380,1.17970706,0.39410165,1.37893598,0.60829386,-0.02495727,-0.00503762,-0.00905587,-0.01990161,-0.00017738,-0.02878929,0.08010485,-0.02248348,0.09306155,-0.18628770,0.11181457,0.02060622
3.130000,0.45344708,-0.02808530,1.17962110,0.39389334,1.37893976,0.60800692,-0.02418111,-0.00526327,-0.00814154,-0.02175760,0.00092844,-0.02860418,0.07511927,-0.02264766,0.08979698,-0.18490330,0.10934227,0.01641006
3.140000,0.45320894,-0.02813907,1.17954412,0.39366654,1.37895447,0.60772163,-0.02345507,-0.00549056,-0.00726007,-0.02359952,0.00200933,-0.02846121,0.07007957,-0.02280901,0.08648976,-0.18347338,0.10682992,0.01217698
3.150000,0.45297781,-0.02819512,1.17947578,0.39342140,1.37897986,0.60743756,-0.02277968,-0.00571945,-0.00641188,-0.02542692,0.00306491,-0.02836075,0.06498894,-0.02296745,0.08314202,-0.18199904,0.10427923,0.00790960
3.160000,0.45275317,-0.02825346,1.17941577,0.39315805,1.37901568,0.60715427,-0.02215545,-0.00594990,-0.00559736,-0.02723936,0.00409479,-0.02830313,0.05985054,-0.02312292,0.07975591,-0.18048138,0.10169186,0.00361053
3.170000,0.45253453,-0.02831412,1.17936372,0.39287666,1.37906167,0.60687135,-0.02158282,-0.00618189,-0.00481688,-0.02903641,0.00509863,-0.02828864,0.05466756,-0.02327535,0.07633357,-0.17892150,0.09906948,-0.00071761
3.180000,0.45232135,-0.02837710,1.17931931,0.39257738,1.37911756,0.60658836,-0.02106223,-0.00641540,-0.00407080,-0.03081765,0.00607607,-0.02831757,0.04944318,-0.02342466,0.07287714,-0.17732049,0.09641378,-0.00507222
3.190000,0.45211311,-0.02844243,1.17928219,0.39226036,1.37918310,0.60630485,-0.02059409,-0.00665038,-0.00335944,-0.03258268,0.00702680,-0.02839016,0.04418057,-0.02357079,0.06938877,-0.17567945,0.09372643,-0.00945068
3.200000,0.45190929,-0.02851012,1.17925201,0.39192578,1.37925801,0.60602041,-0.02017874,-0.00688680,-0.00268312,-0.03433111,0.00795050,-0.02850665,0.03888291,-0.02371367,0.06587060,-0.17399949,0.09100911,-0.01385038
3.210000,0.45170936,-0.02858017,1.17922841,0.39157380,1.37934202,0.60573457,-0.01981653,-0.00712464,-0.00204212,-0.03606255,0.00884689,-0.02866723,0.03355338,-0.02385322,0.06232477,-0.17228170,0.08826350,-0.01826872
3.220000,0.45151278,-0.02865261,1.17921105,0.39120459,1.37943486,0.60544691,-0.01950777,-0.00736385,-0.00143671,-0.03777662,0.00971568,-0.02887208,0.02819516,-0.02398938,0.05875343,-0.17052719,0.08549127,-0.02270307
3.230000,0.45131902,-0.02872745,1.17919956,0.39081832,1.37953624,0.60515698,-0.01925271,-0.00760441,-0.00086713,-0.03947297,0.01055663,-0.02912134,0.02281143,-0.02412207,0.05515872,-0.16873704,0.08269409,-0.02715082
3.240000,0.45112754,-0.02880471,1.17919358,0.39041519,1.37964590,0.60486434,-0.01905161,-0.00784628,-0.00033361,-0.04115125,0.01136949,-0.02941513,0.01740536,-0.02425123,0.05154278,-0.16691237,0.07987365,-0.03160937
3.250000,0.45093781,-0.02888438,1.17919276,0.38999536,1.37976354,0.60456853,-0.01890467,-0.00808943,0.00016366,-0.04281111,0.01215403,-0.02975355,0.01198013,-0.02437678,0.04790776,-0.16505426,0.07703162,-0.03607611
3.260000,0.45074927,-0.02896650,1.17919674,0.38955903,1.37988888,0.60426912,-0.01881206,-0.00833381,0.00062449,-0.04445223,0.01291005,-0.03013667,0.00653892,-0.02449866,0.04425580,-0.16316382,0.07416968,-0.04054842
3.270000,0.45056139,-0.02905106,1.17920513,0.38910638,1.38002164,0.60396565,-0.01877394,-0.00857939,0.00104873,-0.04607428,0.01363736,-0.03056453,0.00108492,-0.02461679,0.04058905,-0.16124215,0.07128951,-0.04502369
3.280000,0.45037361,-0.02913809,1.17921759,0.38863761,1.38016153,0.60365768,-0.01879040,-0.00882613,0.00143623,-0.04767697,0.01433579,-0.03103715,-0.00437871,-0.02473111,0.03690964,-0.15929034,0.06839278,-0.04949930
3.290000,0.45018540,-0.02922759,1.17923373,0.38815291,1.38030826,0.60334476,-0.01886153,-0.00907400,0.00178688,-0.04925999,0.01500517,-0.03155451,-0.00984878,-0.02484155,0.03321972,-0.15730950,0.06548116,-0.05397266
3.300000,0.44999620,-0.02931957,1.17925320,0.38765247,1.38046154,0.60302644,-0.01898738,-0.00932295,0.00210059,-0.05082307,0.01564537,-0.03211658,-0.01532212,-0.02494803,0.02952143,-0.15530072,0.06255634,-0.05844114
3.310000,0.44980546,-0.02941405,1.17927562,0.38713651,1.38062107,0.60270228,-0.01916797,-0.00957294,0.00237729,-0.05236592,0.01625626,-0.03272331,-0.02079554,-0.02505048,0.02581692,-0.15326510,0.05961999,-0.06290213
3.320000,0.44961265,-0.02951104,1.17930062,0.38660522,1.38078656,0.60237183,-0.01940329,-0.00982394,0.00261692,-0.05388828,0.01683773,-0.03337459,-0.02626588,-0.02514884,0.02210833,-0.15120375,0.05667379,-0.06735303
3.330000,0.44941722,-0.02961053,1.17932784,0.38605881,1.38095773,0.60203464,-0.01969327,-0.01007591,0.00281945,-0.05538991,0.01738971,-0.03407033,-0.03172994,-0.02524303,0.01839780,-0.14911775,0.05371941,-0.07179121
3.340000,0.44921861,-0.02971256,1.17935689,0.38549750,1.38113426,0.60169027,-0.02003785,-0.01032879,0.00298488,-0.05687056,0.01791210,-0.03481037,-0.03718456,-0.02533299,0.01468748,-0.14700822,0.05075853,-0.07621408
3.350000,0.44901628,-0.02981711,1.17938741,0.38492147,1.38131587,0.60133828,-0.02043692,-0.01058255,0.00311321,-0.05833000,0.01840486,-0.03559455,-0.04262655,-0.02541865,0.01097951,-0.14487624,0.04779283,-0.08061901
3.360000,0.44880969,-0.02992421,1.17941903,0.38433097,1.38150226,0.60097823,-0.02089033,-0.01083715,0.00320448,-0.05976801,0.01886795,-0.03642268,-0.04805273,-0.02549992,0.00727603,-0.14272293,0.04482399,-0.08500340
3.370000,0.44859829,-0.03003386,1.17945138,0.38372619,1.38169313,0.60060968,-0.02139791,-0.01109254,0.00325875,-0.06118439,0.01930134,-0.03729454,-0.05345994,-0.02557675,0.00357919,-0.14054936,0.04185368,-0.08936464
3.380000,0.44838155,-0.03014606,1.17948408,0.38310735,1.38188819,0.60023220,-0.02195946,-0.01134867,0.00327609,-0.06257894,0.01970502,-0.03820988,-0.05884498,-0.02564907,-0.00010888,-0.13835666,0.03888357,-0.09370011
3.390000,0.44815892,-0.03026084,1.17951678,0.38247468,1.38208713,0.59984534,-0.02257473,-0.01160550,0.00325661,-0.06395146,0.02007901,-0.03916845,-0.06420469,-0.02571680,-0.00378601,-0.13614591,0.03591535,-0.09800719
3.400000,0.44792988,-0.03037818,1.17954909,0.38182840,1.38228967,0.59944869,-0.02324345,-0.01186299,0.00320042,-0.06530180,0.02042334,-0.04016992,-0.06953587,-0.02577987,-0.00745009,-0.13391821,0.03295069,-0.10228329
3.410000,0.44769388,-0.03049810,1.17958066,0.38116872,1.38249550,0.59904180,-0.02396534,-0.01212108,0.00310766,-0.06662977,0.02073804,-0.04121400,-0.07483537,-0.02583822,-0.01109895,-0.13167467,0.02999127,-0.10652579
3.420000,0.44745039,-0.03062060,1.17961112,0.38049588,1.38270433,0.59862427,-0.02474005,-0.01237974,0.00297850,-0.06793524,0.02102319,-0.04230032,-0.08009998,-0.02589177,-0.01473046,-0.12941637,0.02703876,-0.11073207
3.430000,0.44719890,-0.03074569,1.17964011,0.37981009,1.38291586,0.59819566,-0.02556721,-0.01263890,0.00281311,-0.06921806,0.02127885,-0.04342851,-0.08532655,-0.02594046,-0.01834248,-0.12714443,0.02409484,-0.11489953
3.440000,0.44693888,-0.03087338,1.17966727,0.37911159,1.38312981,0.59775556,-0.02644644,-0.01289853,0.00261172,-0.07047809,0.02150512,-0.04459817,-0.09051189,-0.02598421,-0.02193285,-0.12485994,0.02116119,-0.11902555
3.450000,0.44666980,-0.03100367,1.17969223,0.37840060,1.38334587,0.59730356,-0.02737730,-0.01315857,0.00237454,-0.07171522,0.02170211,-0.04580888,-0.09565281,-0.02602295,-0.02549945,-0.12256400,0.01823949,-0.12310753
3.460000,0.44639116,-0.03113655,1.17971464,0.37767736,1.38356375,0.59683924,-0.02835934,-0.01341897,0.00210182,-0.07292933,0.02186995,-0.04706017,-0.10074615,-0.02605661,-0.02904011,-0.12025770,0.01533140,-0.12714284
3.470000,0.44610244,-0.03127205,1.17973415,0.37694210,1.38378317,0.59636222,-0.02939205,-0.01367969,0.00179383,-0.07412034,0.02200879,-0.04835157,-0.10578873,-0.02608513,-0.03255271,-0.11794215,0.01243862,-0.13112889
3.480000,0.44580315,-0.03141015,1.17975040,0.37619503,1.38400383,0.59587208,-0.03047493,-0.01394066,0.00145086,-0.07528815,0.02211878,-0.04968257,-0.11077736,-0.02610844,-0.03603509,-0.11561844,0.00956280,-0.13506305
3.490000,0.44549278,-0.03155086,1.17976305,0.37543641,1.38422545,0.59536844,-0.03160741,-0.01420184,0.00107323,-0.07643269,0.02220011,-0.05105265,-0.11570887,-0.02612645,-0.03948512,-0.11328769,0.00670564,-0.13894271
3.500000,0.44517084,-0.03169418,1.17977175,0.37466646,1.38444774,0.59485090,-0.03278891,-0.01446317,0.00066128,-0.07755388,0.02225296,-0.05246124,-0.12058008,-0.02613911,-0.04290065,-0.11095097,0.00386880,-0.14276527
3.510000,0.44483684,-0.03184012,1.17977616,0.37388541,1.38467042,0.59431909,-0.03401880,-0.01472460,0.00021534,-0.07865169,0.02227756,-0.05390775,-0.12538781,-0.02614634,-0.04627954,-0.10860940,0.00105397,-0.14652811
3.520000,0.44449030,-0.03198868,1.17977594,0.37309350,1.38489320,0.59377262,-0.03529644,-0.01498608,-0.00026419,-0.07972606,0.02227412,-0.05539159,-0.13012888,-0.02614808,-0.04961964,-0.10626406,-0.00173718,-0.15022863
3.530000,0.44413076,-0.03213984,1.17977077,0.37229097,1.38511581,0.59321113,-0.03662115,-0.01524754,-0.00077691,-0.08077696,0.02224290,-0.05691211,-0.13480012,-0.02614424,-0.05291881,-0.10391607,-0.00450298,-0.15386420
3.540000,0.44375773,-0.03229363,1.17976030,0.37147804,1.38533797,0.59263426,-0.03799220,-0.01550894,-0.00132242,-0.08180438,0.02218415,-0.05846865,-0.13939835,-0.02613477,-0.05617491,-0.10156652,-0.00724174,-0.15743222
3.550000,0.44337076,-0.03245002,1.17974421,0.37065496,1.38555940,0.59204164,-0.03940886,-0.01577022,-0.00190026,-0.08280829,0.02209816,-0.06006052,-0.14392038,-0.02611960,-0.05938580,-0.09921651,-0.00995179,-0.16093008
3.560000,0.44296940,-0.03260903,1.17972218,0.36982195,1.38577984,0.59143293,-0.04087034,-0.01603132,-0.00250998,-0.08378871,0.02198522,-0.06168701,-0.14836305,-0.02609864,-0.06254932,-0.09686713,-0.01263145,-0.16435516
3.570000,0.44255321,-0.03277065,1.17969391,0.36897926,1.38599901,0.59080779,-0.04237585,-0.01629217,-0.00315108,-0.08474564,0.02184564,-0.06334737,-0.15272317,-0.02607184,-0.06566334,-0.09451949,-0.01527905,-0.16770485
3.580000,0.44212174,-0.03293487,1.17965906,0.36812712,1.38621666,0.59016587,-0.04392452,-0.01655273,-0.00382307,-0.08567911,0.02167975,-0.06504085,-0.15699756,-0.02603912,-0.06872572,-0.09217469,-0.01789291,-0.17097655
3.590000,0.44167457,-0.03310170,1.17961734,0.36726576,1.38643252,0.58950686,-0.04551550,-0.01681294,-0.00452542,-0.08658915,0.02148790,-0.06676663,-0.16118304,-0.02600041,-0.07173431,-0.08983382,-0.02047135,-0.17416763
3.600000,0.44121129,-0.03327113,1.17956845,0.36639541,1.38664634,0.58883044,-0.04714788,-0.01707272,-0.00525757,-0.08747580,0.02127045,-0.06852392,-0.16527645,-0.02595564,-0.07468696,-0.08749799,-0.02301270,-0.17727549
3.610000,0.44073148,-0.03344316,1.17951209,0.36551632,1.38685785,0.58813628,-0.04882071,-0.01733203,-0.00601896,-0.08833913,0.02102777,-0.07031186,-0.16927459,-0.02590475,-0.07758155,-0.08516828,-0.02551528,-0.18029752
3.620000,0.44023475,-0.03361777,1.17944798,0.36462871,1.38706681,0.58742410,-0.05053304,-0.01759080,-0.00680900,-0.08917919,0.02076028,-0.07212958,-0.17317429,-0.02584766,-0.08041591,-0.08284581,-0.02797741,-0.18323111
3.630000,0.43972069,-0.03379497,1.17937582,0.36373281,1.38727297,0.58669359,-0.05228386,-0.01784896,-0.00762707,-0.08999607,0.02046837,-0.07397618,-0.17697238,-0.02578429,-0.08318791,-0.08053167,-0.03039742,-0.18607363
3.640000,0.43918894,-0.03397475,1.17929535,0.36282886,1.38747610,0.58594448,-0.05407214,-0.01810646,-0.00847254,-0.09078985,0.02015247,-0.07585074,-0.18066567,-0.02571460,-0.08589540,-0.07822696,-0.03277363,-0.18882249
3.650000,0.43863913,-0.03415710,1.17920628,0.36191709,1.38767594,0.58517649,-0.05589681,-0.01836323,-0.00934476,-0.09156064,0.01981304,-0.07775231,-0.18425098,-0.02563849,-0.08853625,-0.07593278,-0.03510436,-0.19147507
3.660000,0.43807089,-0.03434201,1.17910836,0.36099773,1.38787228,0.58438935,-0.05775679,-0.01861921,-0.01024304,-0.09230855,0.01945054,-0.07967991,-0.18772515,-0.02555590,-0.09110830,-0.07365023,-0.03738794,-0.19402876
3.670000,0.43748388,-0.03452948,1.17900134,0.36007100,1.38806488,0.58358281,-0.05965093,-0.01887433,-0.01116669,-0.09303369,0.01906545,-0.08163254,-0.19108498,-0.02546677,-0.09360942,-0.07138040,-0.03962269,-0.19648095
3.680000,0.43687776,-0.03471949,1.17888495,0.35913713,1.38825352,0.58275662,-0.06157809,-0.01912852,-0.01211498,-0.09373620,0.01865826,-0.08360918,-0.19432730,-0.02537101,-0.09603746,-0.06912439,-0.04180694,-0.19882902
3.690000,0.43625221,-0.03491204,1.17875896,0.35819635,1.38843797,0.58191055,-0.06353708,-0.01938173,-0.01308719,-0.09441623,0.01822948,-0.08560877,-0.19744894,-0.02526857,-0.09839028,-0.06688332,-0.04393900,-0.20107036
3.700000,0.43560692,-0.03510712,1.17862313,0.35724888,1.38861803,0.58104437,-0.06552666,-0.01963387,-0.01408253,-0.09507392,0.01777966,-0.08763022,-0.20044671,-0.02515937,-0.10066573,-0.06465826,-0.04601720,-0.20320237
3.710000,0.43494158,-0.03530472,1.17847723,0.35629494,1.38879350,0.58015787,-0.06754559,-0.01988489,-0.01510024,-0.09570945,0.01730932,-0.08967244,-0.20331743,-0.02504334,-0.10286167,-0.06245033,-0.04803986,-0.20522243
3.720000,0.43425591,-0.03550482,1.17832105,0.35533476,1.38896415,0.57925086,-0.06959257,-0.02013471,-0.01613949,-0.09632299,0.01681905,-0.09173429,-0.20605794,-0.02492041,-0.10497596,-0.06026062,-0.05000531,-0.20712793
3.730000,0.43354964,-0.03570741,1.17815437,0.35436856,1.38912981,0.57832313,-0.07166630,-0.02038328,-0.01719948,-0.09691473,0.01630941,-0.09381461,-0.20866504,-0.02479052,-0.10700646,-0.05809023,-0.05191187,-0.20891625
3.740000,0.43282250,-0.03591248,1.17797699,0.35339654,1.38929028,0.57737451,-0.07376542,-0.02063050,-0.01827934,-0.09748486,0.01578102,-0.09591222,-0.21113556,-0.02465358,-0.10895102,-0.05594026,-0.05375787,-0.21058479
3.750000,0.43207425,-0.03612001,1.17778872,0.35241893,1.38944537,0.57640483,-0.07588855,-0.02087632,-0.01937820,-0.09803360,0.01523447,-0.09802590,-0.21346633,-0.02450953,-0.11080750,-0.05381181,-0.05554162,-0.21213094
3.760000,0.43130465,-0.03633000,1.17758937,0.35143594,1.38959491,0.57541394,-0.07803427,-0.02112067,-0.02049519,-0.09856117,0.01467040,-0.10015442,-0.21565416,-0.02435830,-0.11257375,-0.05170597,-0.05726145,-0.21355208
3.770000,0.43051349,-0.03654242,1.17737876,0.35044778,1.38973872,0.57440170,-0.08020114,-0.02136347,-0.02162937,-0.09906780,0.01408945,-0.10229651,-0.21769588,-0.02419983,-0.11424763,-0.04962385,-0.05891569,-0.21484560
3.780000,0.42970057,-0.03675726,1.17715673,0.34945465,1.38987665,0.57336797,-0.08238769,-0.02160464,-0.02277982,-0.09955373,0.01349231,-0.10445090,-0.21958831,-0.02403403,-0.11582700,-0.04756655,-0.06050265,-0.21600889
3.790000,0.42886568,-0.03697451,1.17692311,0.34845677,1.39000852,0.57231264,-0.08459240,-0.02184412,-0.02394559,-0.10001922,0.01287963,-0.10661625,-0.22132827,-0.02386085,-0.11730972,-0.04553516,-0.06202066,-0.21703933
3.800000,0.42800866,-0.03719414,1.17667777,0.34745434,1.39013419,0.57123561,-0.08681374,-0.02208183,-0.02512569,-0.10046453,0.01225213,-0.10879123,-0.22291257,-0.02368020,-0.11869364,-0.04353079,-0.06346805,-0.21793433
3.810000,0.42712936,-0.03741614,1.17642055,0.34644755,1.39025351,0.57013679,-0.08905012,-0.02231770,-0.02631912,-0.10088993,0.01161051,-0.11097448,-0.22433805,-0.02349203,-0.11997662,-0.04155453,-0.06484314,-0.21869126
3.820000,0.42622762,-0.03764049,1.17615134,0.34543660,1.39036636,0.56901610,-0.09129996,-0.02255165,-0.02752488,-0.10129572,0.01095551,-0.11316459,-0.22560153,-0.02329625,-0.12115651,-0.03960748,-0.06614424,-0.21930751
3.830000,0.42530332,-0.03786717,1.17587002,0.34442170,1.39047258,0.56787348,-0.09356160,-0.02278360,-0.02874190,-0.10168218,0.01028788,-0.11536015,-0.22669982,-0.02309281,-0.12223118,-0.03769074,-0.06736969,-0.21978047
3.840000,0.42435635,-0.03809615,1.17557647,0.34340302,1.39057207,0.56670888,-0.09583339,-0.02301348,-0.02996914,-0.10204963,0.00960838,-0.11755971,-0.22762976,-0.02288162,-0.12319847,-0.03580540,-0.06851781,-0.22010754
3.850000,0.42338662,-0.03832743,1.17527061,0.34238077,1.39066471,0.56552228,-0.09811363,-0.02324121,-0.03120551,-0.10239840,0.00891779,-0.11976180,-0.22838815,-0.02266263,-0.12405625,-0.03395258,-0.06958692,-0.22028609
3.860000,0.42239405,-0.03856097,1.17495234,0.34135512,1.39075039,0.56431364,-0.10040057,-0.02346670,-0.03244990,-0.10272880,0.00821691,-0.12196493,-0.22897182,-0.02243575,-0.12480237,-0.03213337,-0.07057534,-0.22031352
3.870000,0.42137859,-0.03879675,1.17462159,0.34032625,1.39082902,0.56308298,-0.10269247,-0.02368989,-0.03370118,-0.10304118,0.00750655,-0.12416756,-0.22937760,-0.02220092,-0.12543469,-0.03034886,-0.07148140,-0.22018722
3.880000,0.42034019,-0.03903476,1.17427829,0.33929435,1.39090050,0.56183030,-0.10498752,-0.02391070,-0.03495820,-0.10333589,0.00678756,-0.12636815,-0.22960230,-0.02195808,-0.12595106,-0.02860016,-0.07230342,-0.21990457
3.890000,0.41927884,-0.03927496,1.17392241,0.33825959,1.39096475,0.56055563,-0.10728390,-0.02412903,-0.03621980,-0.10361331,0.00606077,-0.12856512,-0.22964275,-0.02170714,-0.12634935,-0.02688836,-0.07303973,-0.21946296
3.900000,0.41819452,-0.03951733,1.17355389,0.33722214,1.39102169,0.55925901,-0.10957975,-0.02434481,-0.03748479,-0.10387379,0.00532706,-0.13075687,-0.22949577,-0.02144804,-0.12662741,-0.02521456,-0.07368864,-0.21885978
3.910000,0.41708725,-0.03976185,1.17317270,0.33618217,1.39107127,0.55794051,-0.11187318,-0.02455796,-0.03875194,-0.10411773,0.00458730,-0.13294177,-0.22915818,-0.02118071,-0.12678309,-0.02357987,-0.07424848,-0.21809242
3.920000,0.41595707,-0.04000848,1.17277884,0.33513984,1.39111342,0.55660021,-0.11416227,-0.02476840,-0.04002004,-0.10434552,0.00384239,-0.13511816,-0.22862680,-0.02090508,-0.12681425,-0.02198538,-0.07471758,-0.21715827
3.930000,0.41480403,-0.04025721,1.17237230,0.33409531,1.39114810,0.55523818,-0.11644506,-0.02497604,-0.04128781,-0.10455757,0.00309325,-0.13728437,-0.22789845,-0.02062108,-0.12671875,-0.02043219,-0.07509426,-0.21605472
3.940000,0.41362820,-0.04050799,1.17195309,0.33304874,1.39117527,0.55385456,-0.11871957,-0.02518079,-0.04255398,-0.10475431,0.00234082,-0.13943869,-0.22696997,-0.02032863,-0.12649445,-0.01892140,-0.07537683,-0.21477915
3.950000,0.41242967,-0.04076081,1.17152123,0.33200028,1.39119491,0.55244946,-0.12098378,-0.02538258,-0.04381726,-0.10493615,0.00158603,-0.14157937,-0.22583815,-0.02002768,-0.12613920,-0.01745410,-0.07556364,-0.21332895
3.960000,0.41120856,-0.04101563,1.17107676,0.33095006,1.39120699,0.55102302,-0.12323565,-0.02558132,-0.04507632,-0.10510354,0.00082987,-0.14370467,-0.22449984,-0.01971814,-0.12565086,-0.01603141,-0.07565299,-0.21170151
3.970000,0.40996500,-0.04127243,1.17061973,0.32989825,1.39121150,0.54957542,-0.12547308,-0.02577691,-0.04632983,-0.10525693,0.00007331,-0.14581280,-0.22295185,-0.01939996,-0.12502729,-0.01465441,-0.07564321,-0.20989422
3.980000,0.40869915,-0.04153116,1.17015019,0.32884497,1.39120846,0.54810683,-0.12769397,-0.02596929,-0.04757641,-0.10539678,-0.00068266,-0.14790195,-0.22119100,-0.01907305,-0.12426633,-0.01332421,-0.07553262,-0.20790448
3.990000,0.40741119,-0.04179180,1.16966823,0.32779036,1.39119786,0.54661745,-0.12989618,-0.02615835,-0.04881469,-0.10552357,-0.00143701,-0.14997028,-0.21921411,-0.01873735,-0.12336586,-0.01204190,-0.07531956,-0.20572965
4.000000,0.40610130,-0.04205432,1.16917393,0.32673454,1.39117973,0.54510750,-0.13207753,-0.02634400,-0.05004325,-0.10563778,-0.00218870,-0.15201592,-0.21701801,-0.01839278,-0.12232372,-0.01080858,-0.07500233,-0.20336715
4.010000,0.40476971,-0.04231867,1.16866740,0.32567764,1.39115409,0.54357721,-0.13423580,-0.02652617,-0.05126068,-0.10573991,-0.00293670,-0.15403698,-0.21459952,-0.01803929,-0.12113778,-0.00962536,-0.07457927,-0.20081434
4.020000,0.40341667,-0.04258483,1.16814876,0.32461978,1.39112101,0.54202685,-0.13636876,-0.02670476,-0.05246552,-0.10583046,-0.00367993,-0.15603156,-0.21195546,-0.01767679,-0.11980588,-0.00849333,-0.07404870,-0.19806863
4.030000,0.40204243,-0.04285275,1.16761813,0.32356107,1.39108052,0.54045668,-0.13847415,-0.02687968,-0.05365631,-0.10590995,-0.00441731,-0.15799771,-0.20908265,-0.01730523,-0.11832589,-0.00741358,-0.07340894,-0.19512740
4.040000,0.40064729,-0.04312241,1.16707568,0.32250162,1.39103268,0.53886700,-0.14054964,-0.02705083,-0.05483154,-0.10597891,-0.00514774,-0.15993345,-0.20597802,-0.01692452,-0.11669573,-0.00638721,-0.07265837,-0.19198813
4.050000,0.39923155,-0.04339376,1.16652156,0.32144153,1.39097759,0.53725812,-0.14259294,-0.02721814,-0.05598972,-0.10603787,-0.00587011,-0.16183681,-0.20264361,-0.01653485,-0.11491666,-0.00541442,-0.07179771,-0.18865274
4.060000,0.39779554,-0.04366676,1.16595595,0.32038089,1.39091531,0.53563037,-0.14460178,-0.02738150,-0.05712940,-0.10608737,-0.00658334,-0.16370588,-0.19908875,-0.01613670,-0.11299464,-0.00449416,-0.07083109,-0.18512947
4.070000,0.39633963,-0.04394137,1.16537904,0.31931981,1.39084595,0.53398412,-0.14657401,-0.02754085,-0.05824916,-0.10612793,-0.00728639,-0.16553881,-0.19532333,-0.01573062,-0.11093603,-0.00362529,-0.06976286,-0.18142705
4.080000,0.39486419,-0.04421756,1.16479104,0.31825836,1.39076962,0.53231972,-0.14850758,-0.02769609,-0.05934768,-0.10616005,-0.00797827,-0.16733385,-0.19135722,-0.01531713,-0.10874717,-0.00280667,-0.06859740,-0.17755420
4.090000,0.39336962,-0.04449528,1.16419216,0.31719663,1.39068643,0.53063757,-0.15040052,-0.02784717,-0.06042369,-0.10618422,-0.00865803,-0.16908935,-0.18720033,-0.01489675,-0.10643440,-0.00203716,-0.06733906,-0.17351966
4.100000,0.39185632,-0.04477449,1.16358264,0.31613470,1.39059650,0.52893807,-0.15225098,-0.02799400,-0.06147598,-0.10620095,-0.00932476,-0.17080373,-0.18286252,-0.01447001,-0.10400406,-0.00131563,-0.06599222,-0.16933214
4.110000,0.39032474,-0.04505515,1.16296272,0.31507264,1.39049998,0.52722164,-0.15405720,-0.02813655,-0.06250340,-0.10621069,-0.00997760,-0.17247551,-0.17835369,-0.01403743,-0.10146250,-0.00064094,-0.06456123,-0.16500037
4.120000,0.38877533,-0.04533721,1.16233266,0.31401051,1.39039700,0.52548871,-0.15581752,-0.02827474,-0.06350488,-0.10621392,-0.01061572,-0.17410329,-0.17368373,-0.01359956,-0.09881606,-0.00001194,-0.06305048,-0.16053307
4.130000,0.38720855,-0.04562063,1.16169272,0.31294838,1.39028772,0.52373973,-0.15753037,-0.02840852,-0.06447940,-0.10621108,-0.01123835,-0.17568575,-0.16886250,-0.01315690,-0.09607109,0.00057250,-0.06146431,-0.15593898
4.140000,0.38562489,-0.04590536,1.16104316,0.31188631,1.39017229,0.52197515,-0.15919430,-0.02853786,-0.06542599,-0.10620261,-0.01184477,-0.17722168,-0.16389991,-0.01270999,-0.09323392,0.00111353,-0.05980709,-0.15122682
4.150000,0.38402483,-0.04619137,1.16038429,0.31082435,1.39005088,0.52019545,-0.16080793,-0.02866271,-0.06634379,-0.10618895,-0.01243427,-0.17870992,-0.15880584,-0.01225936,-0.09031090,0.00161228,-0.05808320,-0.14640530
4.160000,0.38240890,-0.04647860,1.15971639,0.30976254,1.38992366,0.51840111,-0.16237001,-0.02878304,-0.06723195,-0.10617051,-0.01300622,-0.18014945,-0.15359017,-0.01180553,-0.08730838,0.00206988,-0.05629700,-0.14148317
4.170000,0.38077761,-0.04676702,1.15903975,0.30870095,1.38979082,0.51659263,-0.16387936,-0.02889881,-0.06808971,-0.10614769,-0.01356002,-0.18153928,-0.14826278,-0.01134904,-0.08423269,0.00248749,-0.05445285,-0.13646914
4.180000,0.37913149,-0.04705656,1.15835470,0.30763960,1.38965252,0.51477050,-0.16533493,-0.02901001,-0.06891638,-0.10612089,-0.01409510,-0.18287855,-0.14283357,-0.01089039,-0.08109018,0.00286624,-0.05255512,-0.13137194
4.190000,0.37747109,-0.04734720,1.15766153,0.30657854,1.38950898,0.51293523,-0.16673573,-0.02911661,-0.06971131,-0.10609049,-0.01461096,-0.18416647,-0.13731241,-0.01043014,-0.07788719,0.00320727,-0.05060817,-0.12620029
4.200000,0.37579696,-0.04763888,1.15696058,0.30551781,1.38936037,0.51108734,-0.16808090,-0.02921861,-0.07047394,-0.10605686,-0.01510712,-0.18540234,-0.13170919,-0.00996879,-0.07463007,0.00351172,-0.04861637,-0.12096292
4.210000,0.37410966,-0.04793156,1.15625216,0.30445742,1.38920690,0.50922736,-0.16936967,-0.02931599,-0.07120376,-0.10602037,-0.01558315,-0.18658554,-0.12603380,-0.00950688,-0.07132516,0.00378072,-0.04658409,-0.11566856
4.220000,0.37240976,-0.04822519,1.15553661,0.30339741,1.38904878,0.50735581,-0.17060137,-0.02940875,-0.07190031,-0.10598136,-0.01603868,-0.18771555,-0.12029612,-0.00904494,-0.06797880,0.00401543,-0.04451569,-0.11032593
4.230000,0.37069783,-0.04851972,1.15481427,0.30233780,1.38888620,0.50547323,-0.17177542,-0.02949689,-0.07256321,-0.10594017,-0.01647336,-0.18879193,-0.11450604,-0.00858348,-0.06459734,0.00421697,-0.04241554,-0.10494376
4.240000,0.36897444,-0.04881511,1.15408546,0.30127861,1.38871938,0.50358015,-0.17289135,-0.02958042,-0.07319216,-0.10589713,-0.01688690,-0.18981432,-0.10867345,-0.00812305,-0.06118711,0.00438648,-0.04028800,-0.09953077
4.250000,0.36724020,-0.04911131,1.15335054,0.30021986,1.38854853,0.50167712,-0.17394878,-0.02965935,-0.07378688,-0.10585255,-0.01727904,-0.19078247,-0.10280822,-0.00766416,-0.05775447,0.00452511,-0.03813744,-0.09409568
4.260000,0.36549566,-0.04940828,1.15260984,0.29916156,1.38837387,0.49976468,-0.17494744,-0.02973371,-0.07434719,-0.10580673,-0.01764958,-0.19169619,-0.09692024,-0.00720735,-0.05430575,0.00463400,-0.03596822,-0.08864723
4.270000,0.36374144,-0.04970597,1.15186371,0.29810373,1.38819561,0.49784338,-0.17588714,-0.02980351,-0.07487296,-0.10575996,-0.01799836,-0.19255540,-0.09101939,-0.00675314,-0.05084730,0.00471427,-0.03378471,-0.08319414
4.280000,0.36197812,-0.05000433,1.15111250,0.29704636,1.38801398,0.49591376,-0.17676781,-0.02986878,-0.07536413,-0.10571253,-0.01832524,-0.19336009,-0.08511558,-0.00630205,-0.04738546,0.00476708,-0.03159128,-0.07774513
4.290000,0.36020628,-0.05030333,1.15035654,0.29598948,1.38782918,0.49397636,-0.17758948,-0.02992956,-0.07582068,-0.10566471,-0.01863017,-0.19411034,-0.07921866,-0.00585461,-0.04392657,0.00479357,-0.02939229,-0.07230894
4.300000,0.35842653,-0.05060291,1.14959620,0.29493307,1.38764145,0.49203173,-0.17835224,-0.02998589,-0.07624269,-0.10561675,-0.01891309,-0.19480634,-0.07333855,-0.00541136,-0.04047698,0.00479486,-0.02719211,-0.06689427
4.310000,0.35663943,-0.05090303,1.14883180,0.29387714,1.38745099,0.49008041,-0.17905634,-0.03003781,-0.07663027,-0.10556889,-0.01917402,-0.19544833,-0.06748510,-0.00497282,-0.03704303,0.00477211,-0.02499509,-0.06150987
4.320000,0.35484559,-0.05120365,1.14806371,0.29282169,1.38725804,0.48812294,-0.17970207,-0.03008536,-0.07698362,-0.10552138,-0.01941301,-0.19603666,-0.06166823,-0.00453951,-0.03363106,0.00472645,-0.02280562,-0.05616446
4.330000,0.35304559,-0.05150473,1.14729225,0.29176671,1.38706280,0.48615986,-0.18028986,-0.03012861,-0.07730299,-0.10547443,-0.01963017,-0.19657178,-0.05589779,-0.00411196,-0.03024742,0.00465901,-0.02062805,-0.05086675
4.340000,0.35123999,-0.05180621,1.14651776,0.29071220,1.38686551,0.48419168,-0.18082021,-0.03016762,-0.07758869,-0.10542827,-0.01982563,-0.19705419,-0.05018370,-0.00369070,-0.02689845,0.00457095,-0.01846675,-0.04562549
4.350000,0.34942937,-0.05210806,1.14574058,0.28965815,1.38666636,0.48221895,-0.18129375,-0.03020245,-0.07784110,-0.10538308,-0.01999957,-0.19748450,-0.04453582,-0.00327626,-0.02359050,0.00446339,-0.01632609,-0.04044938
4.360000,0.34761430,-0.05241025,1.14496105,0.28860454,1.38646559,0.48024216,-0.18171118,-0.03023317,-0.07806066,-0.10533906,-0.02015223,-0.19786342,-0.03896404,-0.00286916,-0.02032990,0.00433748,-0.01421042,-0.03534717
4.370000,0.34579533,-0.05271271,1.14417948,0.28755136,1.38626339,0.47826185,-0.18207332,-0.03025986,-0.07824787,-0.10529639,-0.02028388,-0.19819172,-0.03347825,-0.00246993,-0.01712299,0.00419436,-0.01212413,-0.03032757
4.380000,0.34397301,-0.05301543,1.14339619,0.28649860,1.38605998,0.47627849,-0.18238107,-0.03028260,-0.07840332,-0.10525523,-0.02039483,-0.19847028,-0.02808833,-0.00207909,-0.01397613,0.00403516,-0.01007156,-0.02539930
4.390000,0.34214789,-0.05331835,1.14261151,0.28544625,1.38585556,0.47429260,-0.18263544,-0.03030147,-0.07852762,-0.10521573,-0.02048544,-0.19870004,-0.02280418,-0.00169718,-0.01089566,0.00386103,-0.00805709,-0.02057110
4.400000,0.34032048,-0.05362145,1.14182574,0.28439428,1.38565034,0.47230465,-0.18283754,-0.03031657,-0.07862147,-0.10517805,-0.02055611,-0.19888206,-0.01763566,-0.00132473,-0.00788791,0.00367310,-0.00608509,-0.01585170
4.410000,0.33849131,-0.05392467,1.14103918,0.28334268,1.38544450,0.47031512,-0.18298857,-0.03032800,-0.07868564,-0.10514232,-0.02060730,-0.19901747,-0.01259268,-0.00096225,-0.00495924,0.00347252,-0.00415992,-0.01124981
4.420000,0.33666087,-0.05422800,1.14025213,0.28229143,1.38523825,0.46832445,-0.18308984,-0.03033585,-0.07872094,-0.10510864,-0.02063948,-0.19910748,-0.00768511,-0.00061027,-0.00211598,0.00326042,-0.00228594,-0.00677416
4.430000,0.33482967,-0.05453138,1.13946486,0.28124050,1.38503178,0.46633311,-0.18314275,-0.03034024,-0.07872826,-0.10507714,-0.02065320,-0.19915340,-0.00292283,-0.00026933,0.00063552,0.00303794,-0.00046752,-0.00243347
4.440000,0.33299818,-0.05483479,1.13867765,0.28018988,1.38482525,0.46434153,-0.18314881,-0.03034128,-0.07870856,-0.10504791,-0.02064903,-0.19915663,0.00168426,0.00006006,0.00328893,0.00280623,0.00129098,0.00176352
4.450000,0.33116685,-0.05513819,1.13789077,0.27913954,1.38461885,0.46235012,-0.18310962,-0.03033908,-0.07866283,-0.10502104,-0.02062760,-0.19911864,0.00612628,0.00037736,0.00583788,0.00256641,0.00298518,0.00580809
4.460000,0.32933613,-0.05544156,1.13710448,0.27808945,1.38441275,0.46035929,-0.18302687,-0.03033377,-0.07859217,-0.10499661,-0.02058956,-0.19904100,0.01039335,0.00068204,0.00827605,0.00231964,0.00461072,0.00969152
4.470000,0.32750645,-0.05574486,1.13631901,0.27703960,1.38420711,0.45836943,-0.18290237,-0.03032548,-0.07849770,-0.10497467,-0.02053562,-0.19892537,0.01447558,0.00097359,0.01059709,0.00206704,0.00616324,0.01340508
4.480000,0.32567821,-0.05604806,1.13553460,0.27598995,1.38400209,0.45638090,-0.18273801,-0.03031435,-0.07838064,-0.10495528,-0.02046655,-0.19877350,0.01836308,0.00125146,0.01279466,0.00180977,0.00763837,0.01694005
4.490000,0.32385181,-0.05635114,1.13475147,0.27494048,1.38379783,0.45439407,-0.18253579,-0.03030050,-0.07824224,-0.10493849,-0.02038313,-0.19858720,0.02204598,0.00151515,0.01486241,0.00154895,0.00903175,0.02028770
4.500000,0.32202762,-0.05665406,1.13396982,0.27389117,1.38359447,0.45240927,-0.18229780,-0.03028409,-0.07808384,-0.10492431,-0.02028620,-0.19836840,0.02551438,0.00176411,0.01679399,0.00128573,0.01033900,0.02343930
4.510000,0.32020597,-0.05695681,1.13318985,0.27284199,1.38339215,0.45042680,-0.18202625,-0.03026527,-0.07790684,-0.10491278,-0.02017665,-0.19811909,0.02875840,0.00199783,0.01858308,0.00102125,0.01155578,0.02638613
4.520000,0.31838720,-0.05725936,1.13241174,0.27179290,1.38319098,0.44844698,-0.18172342,-0.03024419,-0.07771268,-0.10490389,-0.02005540,-0.19784138,0.03176816,0.00221577,0.02022332,0.00075665,0.01267769,0.02911946
4.530000,0.31657160,-0.05756169,1.13163565,0.27074390,1.38299108,0.44647006,-0.18139170,-0.03022101,-0.07750289,-0.10489764,-0.01992343,-0.19753745,0.03453376,0.00241741,0.02170837,0.00049306,0.01370040,0.03163058
4.540000,0.31475945,-0.05786377,1.13086173,0.26969494,1.38279254,0.44449631,-0.18103359,-0.03019590,-0.07727905,-0.10489402,-0.01978174,-0.19720954,0.03704534,0.00260221,0.02303189,0.00023162,0.01461951,0.03391074
4.550000,0.31295101,-0.05816560,1.13009011,0.26864601,1.38259547,0.44252595,-0.18065167,-0.03016902,-0.07704281,-0.10489300,-0.01963140,-0.19686003,0.03929374,0.00276971,0.02418803,-0.00002655,0.01543101,0.03595190
4.560000,0.31114649,-0.05846715,1.12932091,0.26759707,1.38239994,0.44055917,-0.18024859,-0.03014056,-0.07679585,-0.10489454,-0.01947348,-0.19649130,0.04127976,0.00291997,0.02517760,-0.00028084,0.01613522,0.03775487
4.570000,0.30934610,-0.05876841,1.12855423,0.26654811,1.38220602,0.43859618,-0.17982693,-0.03011068,-0.07653979,-0.10489860,-0.01930904,-0.19610570,0.04301127,0.00305346,0.02600611,-0.00053096,0.01673558,0.03932677
4.580000,0.30755000,-0.05906936,1.12779014,0.26549909,1.38201378,0.43663711,-0.17938919,-0.03007955,-0.07627624,-0.10490514,-0.01913910,-0.19570551,0.04449629,0.00317066,0.02667922,-0.00077661,0.01723560,0.04067490
4.590000,0.30575836,-0.05936999,1.12702872,0.26445000,1.38182326,0.43468211,-0.17893779,-0.03004732,-0.07600671,-0.10491412,-0.01896465,-0.19529293,0.04574285,0.00327207,0.02720255,-0.00101753,0.01763878,0.04180651
4.600000,0.30397128,-0.05967030,1.12627002,0.26340080,1.38163450,0.43273128,-0.17847510,-0.03001416,-0.07573267,-0.10492548,-0.01878664,-0.19487008,0.04675897,0.00335816,0.02758174,-0.00125342,0.01794865,0.04272888
4.610000,0.30218889,-0.05997027,1.12551408,0.26235148,1.38144753,0.43078473,-0.17800336,-0.02998021,-0.07545554,-0.10493917,-0.01860598,-0.19443902,0.04755267,0.00342942,0.02782242,-0.00148400,0.01816871,0.04344929
4.620000,0.30041124,-0.06026990,1.12476092,0.26130201,1.38126238,0.42884252,-0.17752476,-0.02994562,-0.07517667,-0.10495514,-0.01842355,-0.19400174,0.04813198,0.00348632,0.02793022,-0.00170900,0.01830246,0.04397499
4.630000,0.29863841,-0.06056918,1.12401055,0.26025237,1.38107906,0.42690471,-0.17704140,-0.02991053,-0.07489736,-0.10497333,-0.01824020,-0.19356015,0.04850491,0.00352935,0.02791078,-0.00192813,0.01835341,0.04431328
4.640000,0.29687042,-0.06086811,1.12326297,0.25920254,1.38089758,0.42497133,-0.17655532,-0.02987507,-0.07461885,-0.10499368,-0.01805675,-0.19311608,0.04867949,0.00355899,0.02776974,-0.00214111,0.01832508,0.04447140
4.650000,0.29510730,-0.06116669,1.12251816,0.25815249,1.38071793,0.42304239,-0.17606845,-0.02983939,-0.07434235,-0.10501613,-0.01787395,-0.19267129,0.04866374,0.00357573,0.02751272,-0.00234765,0.01822097,0.04445665
4.660000,0.29334905,-0.06146490,1.12177611,0.25710221,1.38054010,0.42111790,-0.17558265,-0.02980360,-0.07406897,-0.10504061,-0.01769257,-0.19222749,0.04846569,0.00358005,0.02714536,-0.00254747,0.01804459,0.04427629
4.670000,0.29159564,-0.06176276,1.12103677,0.25605167,1.38036407,0.41919783,-0.17509972,-0.02976783,-0.07379979,-0.10506705,-0.01751329,-0.19178630,0.04809335,0.00357242,0.02667330,-0.00274030,0.01779945,0.04393759
4.680000,0.28984704,-0.06206026,1.12030010,0.25500086,1.38018982,0.41728216,-0.17462134,-0.02973219,-0.07353583,-0.10509539,-0.01733680,-0.19134925,0.04755475,0.00355333,0.02610217,-0.00292584,0.01748907,0.04344783
4.690000,0.28810319,-0.06235740,1.11956603,0.25394976,1.38001732,0.41537083,-0.17414915,-0.02969680,-0.07327806,-0.10512555,-0.01716372,-0.19091782,0.04685792,0.00352327,0.02543759,-0.00310382,0.01711694,0.04281427
4.700000,0.28636403,-0.06265419,1.11883451,0.25289835,1.37984653,0.41346378,-0.17368468,-0.02966176,-0.07302737,-0.10515744,-0.01699465,-0.19049342,0.04601087,0.00348272,0.02468522,-0.00327395,0.01668657,0.04204419
4.710000,0.28462947,-0.06295064,1.11810546,0.25184661,1.37967741,0.41156093,-0.17322941,-0.02962718,-0.07278463,-0.10519100,-0.01683017,-0.19007737,0.04502163,0.00343216,0.02385067,-0.00343596,0.01620149,0.04114486
4.720000,0.28289941,-0.06324674,1.11737879,0.25079452,1.37950991,0.40966220,-0.17278470,-0.02959315,-0.07255061,-0.10522613,-0.01667079,-0.18967093,0.04389822,0.00337206,0.02293959,-0.00358956,0.01566518,0.04012355
4.730000,0.28117373,-0.06354250,1.11665441,0.24974208,1.37934398,0.40776748,-0.17235186,-0.02955977,-0.07232607,-0.10526276,-0.01651702,-0.18927528,0.04264866,0.00330292,0.02195761,-0.00373446,0.01508117,0.03898753
4.740000,0.27945233,-0.06383794,1.11593223,0.24868926,1.37917955,0.40587666,-0.17193212,-0.02952712,-0.07211168,-0.10530079,-0.01636932,-0.18889153,0.04128097,0.00322522,0.02091036,-0.00387039,0.01445297,0.03774409
4.750000,0.27773505,-0.06413305,1.11521214,0.24763606,1.37901657,0.40398961,-0.17152661,-0.02949529,-0.07190806,-0.10534014,-0.01622810,-0.18852073,0.03980319,0.00313944,0.01980348,-0.00399706,0.01378407,0.03640047
4.760000,0.27602174,-0.06442785,1.11449403,0.24658245,1.37885497,0.40210620,-0.17113640,-0.02946435,-0.07171579,-0.10538070,-0.01609376,-0.18816383,0.03822332,0.00304605,0.01864260,-0.00411419,0.01307800,0.03496397
4.770000,0.27431226,-0.06472234,1.11377779,0.24552844,1.37869467,0.40022628,-0.17076246,-0.02943439,-0.07153537,-0.10542239,-0.01596665,-0.18782174,0.03654940,0.00294555,0.01743335,-0.00422149,0.01233825,0.03344185
4.780000,0.27260644,-0.06501654,1.11306329,0.24447400,1.37853561,0.39834971,-0.17040569,-0.02940547,-0.07136727,-0.10546510,-0.01584709,-0.18749526,0.03478944,0.00283842,0.01618137,-0.00431870,0.01156834,0.03184138
4.790000,0.27090409,-0.06531045,1.11235040,0.24341913,1.37837770,0.39647632,-0.17006693,-0.02937764,-0.07121187,-0.10550873,-0.01573537,-0.18718514,0.03295147,0.00272514,0.01489229,-0.00440552,0.01077178,0.03016984
4.800000,0.26920504,-0.06560409,1.11163901,0.24236383,1.37822087,0.39460595,-0.16974690,-0.02935098,-0.07106953,-0.10555317,-0.01563174,-0.18689207,0.03104352,0.00260618,0.01357175,-0.00448166,0.00995207,0.02843449
4.810000,0.26750909,-0.06589748,1.11092897,0.24130807,1.37806504,0.39273842,-0.16944626,-0.02932554,-0.07094052,-0.10559832,-0.01553640,-0.18661664,0.02907359,0.00248204,0.01222538,-0.00454686,0.00911273,0.02664261
4.820000,0.26581604,-0.06619061,1.11022015,0.24025186,1.37791012,0.39087356,-0.16916561,-0.02930136,-0.07082508,-0.10564407,-0.01544953,-0.18635939,0.02704972,0.00235320,0.01085881,-0.00460083,0.00825726,0.02480147
4.830000,0.26412571,-0.06648351,1.10951242,0.23919519,1.37775602,0.38901117,-0.16890542,-0.02927849,-0.07072339,-0.10569030,-0.01537129,-0.18612075,0.02497993,0.00222013,0.00947768,-0.00464327,0.00738917,0.02291835
4.840000,0.26243787,-0.06677618,1.10880564,0.23813805,1.37760266,0.38715108,-0.16866613,-0.02925697,-0.07063556,-0.10573690,-0.01530178,-0.18590113,0.02287225,0.00208333,0.00808763,-0.00467392,0.00651197,0.02100051
4.850000,0.26075231,-0.06706865,1.10809966,0.23708045,1.37744996,0.38529308,-0.16844808,-0.02923683,-0.07056165,-0.10578374,-0.01524107,-0.18570084,0.02073468,0.00194327,0.00669427,-0.00469249,0.00562918,0.01905522
4.860000,0.25906883,-0.06736092,1.10739436,0.23602237,1.37729781,0.38343699,-0.16825151,-0.02921811,-0.07050167,-0.10583071,-0.01518921,-0.18552010,0.01857526,0.00180043,0.00530326,-0.00469870,0.00474429,0.01708976
4.870000,0.25738721,-0.06765302,1.10668958,0.23496383,1.37714614,0.38158262,-0.16807662,-0.02920083,-0.07045556,-0.10587767,-0.01514618,-0.18535908,0.01640201,0.00165531,0.00392023,-0.00469226,0.00386082,0.01511141
4.880000,0.25570723,-0.06794495,1.10598520,0.23390482,1.37699486,0.37972975,-0.16792349,-0.02918501,-0.07042322,-0.10592451,-0.01511197,-0.18521789,0.01422296,0.00150837,0.00255080,-0.00467290,0.00298228,0.01312742
4.890000,0.25402867,-0.06823672,1.10528107,0.23284534,1.37684387,0.37787819,-0.16779215,-0.02917067,-0.07040448,-0.10597109,-0.01508651,-0.18509653,0.01204611,0.00136010,0.00120061,-0.00464033,0.00211217,0.01114508
4.900000,0.25235131,-0.06852836,1.10457706,0.23178540,1.37669310,0.37602775,-0.16768254,-0.02915781,-0.07039912,-0.10601727,-0.01506969,-0.18499496,0.00987951,0.00121100,-0.00012470,-0.00459426,0.00125400,0.00917165
4.910000,0.25067495,-0.06881988,1.10387305,0.23072500,1.37654245,0.37417823,-0.16759450,-0.02914645,-0.07040687,-0.10606293,-0.01506138,-0.18491304,0.00773116,0.00106152,-0.00141950,-0.00453442,0.00041129,0.00721441
4.920000,0.24899935,-0.06911130,1.10316888,0.22966415,1.37639184,0.37232942,-0.16752782,-0.02913658,-0.07042739,-0.10610791,-0.01506140,-0.18485059,0.00560910,0.00091217,-0.00267816,-0.00446053,-0.00041246,0.00528063
4.930000,0.24732432,-0.06940262,1.10246446,0.22860284,1.37624120,0.37048115,-0.16748220,-0.02912820,-0.07046030,-0.10615209,-0.01506955,-0.18480733,0.00352134,0.00076343,-0.00389504,-0.00437229,-0.00121374,0.00337758
4.940000,0.24564964,-0.06969387,1.10175964,0.22754111,1.37609043,0.36863322,-0.16745726,-0.02912131,-0.07050514,-0.10619531,-0.01508559,-0.18478291,0.00147590,0.00061576,-0.00506451,-0.00426944,-0.00198904,0.00151253
4.950000,0.24397511,-0.06998505,1.10105432,0.22647894,1.37593946,0.36678543,-0.16745252,-0.02911588,-0.07056141,-0.10623743,-0.01510923,-0.18477693,-0.00051918,0.00046967,-0.00618093,-0.00415168,-0.00273485,-0.00030724
4.960000,0.24230052,-0.07027619,1.10034837,0.22541636,1.37578822,0.36493762,-0.16746745,-0.02911191,-0.07062856,-0.10627829,-0.01514018,-0.18478888,-0.00245589,0.00032563,-0.00723868,-0.00401873,-0.00344766,-0.00207447
4.970000,0.24062569,-0.07056729,1.09964171,0.22435338,1.37563663,0.36308960,-0.16750141,-0.02910936,-0.07070597,-0.10631775,-0.01517807,-0.18481822,-0.00432621,0.00018411,-0.00823211,-0.00387032,-0.00412397,-0.00378188
4.980000,0.23895043,-0.07085838,1.09893422,0.22329001,1.37548464,0.36124120,-0.16755372,-0.02910822,-0.07079297,-0.10635565,-0.01522252,-0.18486430,-0.00612210,0.00004562,-0.00915559,-0.00370616,-0.00476026,-0.00542220
4.990000,0.23727456,-0.07114946,1.09822582,0.22222627,1.37533216,0.35939226,-0.16762358,-0.02910844,-0.07088883,-0.10639182,-0.01527313,-0.18492641,-0.00783556,-0.00008938,-0.01000349,-0.00352597,-0.00535303,-0.00698815
5.000000,0.23559791,-0.07144055,1.09751642,0.22116218,1.37517915,0.35754262,-0.16771013,-0.02910999,-0.07099277,-0.10642611,-0.01532943,-0.18500379,-0.00945856,-0.00022040,-0.01077018,-0.00332946,-0.00589877,-0.00847248
5.010000,0.23392031,-0.07173167,1.09680594,0.22009776,1.37502556,0.35569213,-0.16781242,-0.02911283,-0.07110394,-0.10645835,-0.01539093,-0.18509557,-0.01098306,-0.00034696,-0.01145001,-0.00311635,-0.00639396,-0.00986789
5.020000,0.23224161,-0.07202282,1.09609432,0.21903302,1.37487132,0.35384066,-0.16792944,-0.02911691,-0.07122146,-0.10648838,-0.01545712,-0.18520082,-0.01240107,-0.00046857,-0.01203736,-0.00288637,-0.00683511,-0.01116713
5.030000,0.23056167,-0.07231401,1.09538149,0.21796800,1.37471640,0.35198807,-0.16806006,-0.02912218,-0.07134436,-0.10651602,-0.01552744,-0.18531856,-0.01370454,-0.00058476,-0.01252660,-0.00263922,-0.00721869,-0.01236292
5.040000,0.22888037,-0.07260526,1.09466742,0.21690271,1.37456076,0.35013425,-0.16820312,-0.02912859,-0.07147164,-0.10654111,-0.01560129,-0.18544771,-0.01488545,-0.00069503,-0.01291208,-0.00237463,-0.00754121,-0.01344799
5.050000,0.22719757,-0.07289659,1.09395205,0.21583719,1.37440436,0.34827909,-0.16835734,-0.02913606,-0.07160224,-0.10656346,-0.01567805,-0.18558713,-0.01593579,-0.00079892,-0.01318818,-0.00209232,-0.00779915,-0.01441507
5.060000,0.22551319,-0.07318799,1.09323537,0.21477145,1.37424719,0.34642248,-0.16852138,-0.02914454,-0.07173503,-0.10658289,-0.01575705,-0.18573560,-0.01684905,-0.00089600,-0.01335053,-0.00179219,-0.00798975,-0.01525825
5.070000,0.22382712,-0.07347948,1.09251735,0.21370554,1.37408922,0.34456435,-0.16869387,-0.02915396,-0.07186888,-0.10659925,-0.01583763,-0.18589189,-0.01762709,-0.00098628,-0.01340174,-0.00147526,-0.00811440,-0.01597918
5.080000,0.22213928,-0.07377107,1.09179799,0.21263948,1.37393043,0.34270462,-0.16887348,-0.02916425,-0.07200271,-0.10661235,-0.01591913,-0.18605479,-0.01827462,-0.00106990,-0.01334684,-0.00114290,-0.00817588,-0.01658210
5.090000,0.22044963,-0.07406277,1.09107730,0.21157330,1.37377083,0.34084323,-0.16905894,-0.02917534,-0.07213548,-0.10662206,-0.01600094,-0.18622315,-0.01879638,-0.00114699,-0.01319083,-0.00079650,-0.00817700,-0.01707124
5.100000,0.21875809,-0.07435458,1.09035529,0.21050705,1.37361042,0.33898014,-0.16924901,-0.02918717,-0.07226620,-0.10662824,-0.01608248,-0.18639585,-0.01919709,-0.00121770,-0.01293873,-0.00043743,-0.00812055,-0.01745084
5.110000,0.21706464,-0.07464651,1.08963198,0.20944075,1.37344919,0.33711531,-0.16944250,-0.02919967,-0.07239395,-0.10663077,-0.01616317,-0.18657182,-0.01948147,-0.00128216,-0.01259557,-0.00006706,-0.00800932,-0.01772515
5.120000,0.21536923,-0.07493857,1.08890742,0.20837444,1.37328716,0.33524870,-0.16963827,-0.02921279,-0.07251783,-0.10662954,-0.01624249,-0.18675002,-0.01965426,-0.00134052,-0.01216634,0.00031321,-0.00784612,-0.01789839
5.130000,0.21367187,-0.07523077,1.08818164,0.20730817,1.37312434,0.33338030,-0.16983522,-0.02922646,-0.07263701,-0.10662447,-0.01631993,-0.18692946,-0.01972017,-0.00139290,-0.01165607,0.00070202,-0.00763374,-0.01797480
5.140000,0.21197253,-0.07552311,1.08745470,0.20624197,1.37296077,0.33151011,-0.17003233,-0.02924063,-0.07275070,-0.10661548,-0.01639501,-0.18710920,-0.01968393,-0.00143946,-0.01106978,0.00109797,-0.00737498,-0.01795862
5.150000,0.21027122,-0.07581558,1.08672665,0.20517588,1.37279645,0.32963812,-0.17022858,-0.02925523,-0.07285817,-0.10660250,-0.01646728,-0.18728834,-0.01955027,-0.00148032,-0.01041248,0.00149970,-0.00707263,-0.01785409
5.160000,0.20856796,-0.07610821,1.08599756,0.20410993,1.37263143,0.32776435,-0.17042302,-0.02927021,-0.07295873,-0.10658547,-0.01653633,-0.18746600,-0.01932391,-0.00151563,-0.00968918,0.00190583,-0.00672950,-0.01766545
5.170000,0.20686277,-0.07640099,1.08526750,0.20304418,1.37246574,0.32588881,-0.17061476,-0.02928552,-0.07305175,-0.10656437,-0.01660175,-0.18764138,-0.01900958,-0.00154553,-0.00890491,0.00231497,-0.00634836,-0.01739693
5.180000,0.20515568,-0.07669392,1.08453655,0.20197866,1.37229941,0.32401153,-0.17080294,-0.02930111,-0.07313664,-0.10653917,-0.01666318,-0.18781369,-0.01861200,-0.00157015,-0.00806467,0.00272574,-0.00593204,-0.01705276
5.190000,0.20344673,-0.07698701,1.08380479,0.20091341,1.37213249,0.32213255,-0.17098674,-0.02931691,-0.07321287,-0.10650985,-0.01672028,-0.18798220,-0.01813590,-0.00158963,-0.00717348,0.00313677,-0.00548331,-0.01663720
5.200000,0.20173596,-0.07728026,1.08307232,0.19984847,1.37196502,0.32025190,-0.17116541,-0.02933288,-0.07327996,-0.10647643,-0.01677275,-0.18814621,-0.01758600,-0.00160412,-0.00623637,0.00354668,-0.00500498,-0.01615446
5.210000,0.20002344,-0.07757367,1.08233923,0.19878389,1.37179705,0.31836964,-0.17133823,-0.02934898,-0.07333746,-0.10643893,-0.01682029,-0.18830508,-0.01696704,-0.00161375,-0.00525833,0.00395409,-0.00449984,-0.01560880
5.220000,0.19830922,-0.07786724,1.08160561,0.19771971,1.37162863,0.31648582,-0.17150454,-0.02936514,-0.07338500,-0.10639737,-0.01686266,-0.18845819,-0.01628373,-0.00161866,-0.00424440,0.00435762,-0.00397069,-0.01500445
5.230000,0.19659337,-0.07816097,1.08087156,0.19665596,1.37145982,0.31460050,-0.17166371,-0.02938133,-0.07342225,-0.10635179,-0.01689963,-0.18860499,-0.01554080,-0.00161899,-0.00319957,0.00475589,-0.00342033,-0.01434564
5.240000,0.19487597,-0.07845487,1.08013720,0.19559269,1.37129066,0.31271374,-0.17181517,-0.02939751,-0.07344891,-0.10630227,-0.01693101,-0.18874494,-0.01474297,-0.00161487,-0.00212888,0.00514752,-0.00285155,-0.01363661
5.250000,0.19315709,-0.07874892,1.07940262,0.19452993,1.37112122,0.31082562,-0.17195840,-0.02941362,-0.07346475,-0.10624887,-0.01695661,-0.18887756,-0.01389498,-0.00160645,-0.00103734,0.00553114,-0.00226715,-0.01288160
5.260000,0.19143683,-0.07904314,1.07866794,0.19346772,1.37095155,0.30893622,-0.17209292,-0.02942962,-0.07346960,-0.10619168,-0.01697631,-0.18900243,-0.01300155,-0.00159387,0.00007004,0.00590535,-0.00166993,-0.01208485
5.270000,0.18971527,-0.07933752,1.07793326,0.19240611,1.37078171,0.30704560,-0.17221829,-0.02944548,-0.07346332,-0.10613080,-0.01698998,-0.18911914,-0.01206739,-0.00157726,0.00118825,0.00626880,-0.00106268,-0.01125059
5.280000,0.18799250,-0.07963205,1.07719871,0.19134512,1.37061177,0.30515386,-0.17233415,-0.02946116,-0.07344582,-0.10606634,-0.01699754,-0.18922733,-0.01109725,-0.00155676,0.00231226,0.00662008,-0.00044820,-0.01038307
5.290000,0.18626862,-0.07992674,1.07646439,0.19028479,1.37044178,0.30326108,-0.17244014,-0.02947660,-0.07341707,-0.10599844,-0.01699893,-0.18932670,-0.01009584,-0.00153251,0.00343707,0.00695784,0.00017072,-0.00948651
5.300000,0.18454373,-0.08022158,1.07573041,0.18922516,1.37027181,0.30136736,-0.17253597,-0.02949179,-0.07337709,-0.10592724,-0.01699412,-0.18941698,-0.00906789,-0.00150466,0.00455765,0.00728068,0.00079127,-0.00856516
5.310000,0.18281793,-0.08051657,1.07499688,0.18816626,1.37010192,0.29947277,-0.17262142,-0.02950669,-0.07332595,-0.10585288,-0.01698311,-0.18949794,-0.00801812,-0.00147333,0.00566899,0.00758723,0.00141066,-0.00762325
5.320000,0.18109133,-0.08081171,1.07426392,0.18710811,1.36993217,0.29757743,-0.17269628,-0.02952125,-0.07326376,-0.10577555,-0.01696592,-0.18956939,-0.00695126,-0.00143867,0.00676608,0.00787610,0.00202610,-0.00666502
5.330000,0.17936404,-0.08110700,1.07353164,0.18605076,1.36976262,0.29568142,-0.17276040,-0.02953545,-0.07319069,-0.10569542,-0.01694261,-0.18963120,-0.00587204,-0.00140082,0.00784390,0.00814593,0.00263479,-0.00569471
5.340000,0.17763616,-0.08140242,1.07280015,0.18499421,1.36959333,0.29378484,-0.17281369,-0.02954925,-0.07310696,-0.10561270,-0.01691325,-0.18968326,-0.00478518,-0.00135991,0.00889743,0.00839533,0.00323392,-0.00471656
5.350000,0.17590780,-0.08169798,1.07206954,0.18393851,1.36942437,0.29188779,-0.17285610,-0.02956264,-0.07301284,-0.10552759,-0.01687797,-0.18972551,-0.00369540,-0.00131608,0.00992166,0.00862292,0.00382071,-0.00373479
5.360000,0.17417908,-0.08199367,1.07133992,0.18288367,1.36925579,0.28999036,-0.17288761,-0.02957557,-0.07290864,-0.10544032,-0.01683689,-0.18975795,-0.00260744,-0.00126948,0.01091157,0.00882733,0.00439236,-0.00275366
5.370000,0.17245009,-0.08228949,1.07061140,0.18182971,1.36908765,0.28809266,-0.17290827,-0.02958802,-0.07279474,-0.10535113,-0.01679018,-0.18978060,-0.00152602,-0.00122024,0.01186215,0.00900717,0.00494607,-0.00177739
5.380000,0.17072095,-0.08258543,1.06988406,0.18077665,1.36892001,0.28619478,-0.17291817,-0.02959996,-0.07267155,-0.10526026,-0.01673804,-0.18979353,-0.00045585,-0.00116851,0.01276838,0.00916106,0.00547905,-0.00081022
5.390000,0.16899176,-0.08288149,1.06915800,0.17972451,1.36875291,0.28429682,-0.17291744,-0.02961138,-0.07253954,-0.10516800,-0.01668068,-0.18979685,0.00059832,-0.00111441,0.01362525,0.00928763,0.00598849,0.00014361
5.400000,0.16726263,-0.08317766,1.06843330,0.17867330,1.36858641,0.28239888,-0.17290627,-0.02962224,-0.07239922,-0.10507461,-0.01661835,-0.18979072,0.00163178,-0.00105808,0.01442773,0.00938549,0.00647161,0.00107985
5.410000,0.16553367,-0.08347393,1.06771004,0.17762302,1.36842056,0.28050104,-0.17288489,-0.02963254,-0.07225118,-0.10498039,-0.01655134,-0.18977533,0.00263980,-0.00099968,0.01517082,0.00945328,0.00692560,0.00199429
5.420000,0.16380497,-0.08377030,1.06698830,0.17657369,1.36825540,0.27860340,-0.17285357,-0.02964223,-0.07209602,-0.10488564,-0.01647995,-0.18975092,0.00361766,-0.00093933,0.01584951,0.00948960,0.00734767,0.00288267
5.430000,0.16207663,-0.08406677,1.06626814,0.17552531,1.36809097,0.27670605,-0.17281265,-0.02965132,-0.07193442,-0.10479070,-0.01640451,-0.18971778,0.00456063,-0.00087717,0.01645876,0.00949308,0.00773502,0.00374076
5.440000,0.16034875,-0.08436333,1.06554963,0.17447787,1.36792732,0.27480907,-0.17276249,-0.02965977,-0.07176709,-0.10469590,-0.01632537,-0.18967622,0.00546398,-0.00081335,0.01699357,0.00946234,0.00808485,0.00456433
5.450000,0.15862141,-0.08465997,1.06483281,0.17343139,1.36776448,0.27291255,-0.17270352,-0.02966758,-0.07159481,-0.10460158,-0.01624294,-0.18962662,0.00632299,-0.00074800,0.01744893,0.00939600,0.00839438,0.00534913
5.460000,0.15689470,-0.08495668,1.06411774,0.17238584,1.36760247,0.27101657,-0.17263620,-0.02967472,-0.07141840,-0.10450810,-0.01615763,-0.18956938,0.00713293,-0.00068126,0.01781981,0.00929269,0.00866079,0.00609093
5.470000,0.15516871,-0.08525346,1.06340446,0.17134122,1.36744133,0.26912119,-0.17256104,-0.02968120,-0.07123872,-0.10441585,-0.01606988,-0.18950496,0.00788909,-0.00061327,0.01810120,0.00915102,0.00888131,0.00678549
5.480000,0.15344351,-0.08555030,1.06269298,0.17029752,1.36728108,0.26722649,-0.17247861,-0.02968699,-0.07105669,-0.10432521,-0.01598017,-0.18943384,0.00858672,-0.00054417,0.01828809,0.00896961,0.00905312,0.00742858
5.490000,0.15171916,-0.08584720,1.06198333,0.16925471,1.36712174,0.26533253,-0.17238952,-0.02969208,-0.07087329,-0.10423659,-0.01588899,-0.18935657,0.00922111,-0.00047409,0.01837546,0.00874709,0.00917343,0.00801595
5.500000,0.14999574,-0.08614414,1.06127551,0.16821278,1.36696331,0.26343938,-0.17229441,-0.02969647,-0.07068953,-0.10415041,-0.01579688,-0.18927372,0.00978754,-0.00040318,0.01835830,0.00848207,0.00923945,0.00854337
5.510000,0.14827329,-0.08644112,1.06056953,0.16717169,1.36680580,0.26154707,-0.17219401,-0.02970014,-0.07050648,-0.10406710,-0.01570439,-0.18918592,0.01028126,-0.00033157,0.01823158,0.00817318,0.00924838,0.00900661
5.520000,0.14655187,-0.08673814,1.05986538,0.16613143,1.36664922,0.25965567,-0.17208905,-0.02970310,-0.07032528,-0.10398710,-0.01561211,-0.18909382,0.01069757,-0.00025941,0.01799030,0.00781904,0.00919742,0.00940142
5.530000,0.14483152,-0.08703518,1.05916302,0.16509194,1.36649355,0.25776521,-0.17198033,-0.02970533,-0.07014708,-0.10391087,-0.01552065,-0.18899813,0.01103174,-0.00018683,0.01762943,0.00741827,0.00908378,0.00972358
5.540000,0.14311228,-0.08733224,1.05846242,0.16405319,1.36633880,0.25587572,-0.17186870,-0.02970683,-0.06997310,-0.10383889,-0.01543065,-0.18889960,0.01127903,-0.00011397,0.01714397,0.00696949,0.00890465,0.00996883
5.550000,0.14139416,-0.08762932,1.05776354,0.16301514,1.36618493,0.25398722,-0.17175506,-0.02970761,-0.06980463,-0.10377165,-0.01534279,-0.18879903,0.01143473,-0.00004097,0.01652889,0.00647132,0.00865725,0.01013295
5.560000,0.13967718,-0.08792639,1.05706631,0.16197774,1.36603193,0.25209974,-0.17164033,-0.02970765,-0.06964298,-0.10370964,-0.01525775,-0.18869723,0.01149412,0.00003203,0.01577919,0.00592238,0.00833878,0.01021170
5.570000,0.13796135,-0.08822347,1.05637065,0.16094093,1.36587977,0.25021328,-0.17152550,-0.02970697,-0.06948950,-0.10365337,-0.01517625,-0.18859508,0.01145483,0.00010489,0.01489313,0.00532251,0.00794818,0.01020294
5.580000,0.13624666,-0.08852053,1.05567648,0.15990465,1.36572839,0.24832784,-0.17141155,-0.02970555,-0.06934555,-0.10360335,-0.01509901,-0.18849345,0.01132043,0.00017749,0.01387718,0.00467457,0.00748874,0.01010977
5.590000,0.13453311,-0.08881758,1.05498370,0.15886884,1.36557777,0.24644341,-0.17129940,-0.02970342,-0.06921237,-0.10356003,-0.01502669,-0.18839316,0.01109541,0.00024967,0.01273908,0.00398189,0.00696443,0.00993611
5.600000,0.13282067,-0.08911460,1.05429220,0.15783343,1.36542784,0.24455997,-0.17118993,-0.02970056,-0.06909115,-0.10352385,-0.01495993,-0.18829499,0.01078426,0.00032132,0.01148655,0.00324780,0.00637921,0.00968589
5.610000,0.13110930,-0.08941158,1.05360184,0.15679834,1.36527855,0.24267750,-0.17108398,-0.02969699,-0.06898299,-0.10349520,-0.01489930,-0.18819968,0.01039146,0.00039229,0.01012734,0.00247564,0.00573704,0.00936300
5.620000,0.12939897,-0.08970853,1.05291249,0.15576350,1.36512983,0.24079596,-0.17098236,-0.02969272,-0.06888893,-0.10347445,-0.01484536,-0.18810795,0.00992148,0.00046245,0.00866918,0.00166873,0.00504188,0.00897137
5.630000,0.12768964,-0.09000544,1.05222401,0.15472883,1.36498162,0.23891532,-0.17088580,-0.02968775,-0.06880991,-0.10346193,-0.01479862,-0.18802047,0.00937883,0.00053166,0.00711981,0.00083040,0.00429770,0.00851492
5.640000,0.12598124,-0.09030229,1.05153624,0.15369423,1.36483384,0.23703554,-0.17079501,-0.02968209,-0.06874681,-0.10345794,-0.01475956,-0.18793786,0.00876798,0.00059980,0.00548697,-0.00003600,0.00350847,0.00799756
5.650000,0.12427372,-0.09059908,1.05084902,0.15265964,1.36468640,0.23515655,-0.17071065,-0.02967576,-0.06870042,-0.10346273,-0.01472859,-0.18786071,0.00809342,0.00066671,0.00377838,-0.00092716,0.00267813,0.00742321
5.660000,0.12256700,-0.09089580,1.05016217,0.15162495,1.36453924,0.23327830,-0.17063334,-0.02966876,-0.06867147,-0.10347655,-0.01470612,-0.18778957,0.00735964,0.00073228,0.00200179,-0.00183973,0.00181067,0.00679578
5.670000,0.12086102,-0.09119245,1.04947553,0.15059008,1.36439225,0.23140074,-0.17056364,-0.02966111,-0.06866059,-0.10349959,-0.01469249,-0.18772496,0.00657111,0.00079636,0.00016494,-0.00277039,0.00091004,0.00611919
5.680000,0.11915570,-0.09148902,1.04878890,0.14955493,1.36424536,0.22952378,-0.17050208,-0.02965284,-0.06866835,-0.10353201,-0.01468802,-0.18766734,0.00573232,0.00085882,-0.00172445,-0.00371580,-0.00001979,0.00539736
5.690000,0.11745095,-0.09178550,1.04810210,0.14851940,1.36409846,0.22764736,-0.17044914,-0.02964394,-0.06869523,-0.10357394,-0.01469297,-0.18761715,0.00484776,0.00091952,-0.00365863,-0.00467264,-0.00097487,0.00463419
5.700000,0.11574669,-0.09208190,1.04741493,0.14748341,1.36395146,0.22577141,-0.17040526,-0.02963445,-0.06874164,-0.10362549,-0.01470758,-0.18757478,0.00392192,0.00097834,-0.00562986,-0.00563757,-0.00195122,0.00383362
5.710000,0.11404282,-0.09237819,1.04672720,0.14644686,1.36380427,0.22389584,-0.17037083,-0.02962438,-0.06880792,-0.10368671,-0.01473205,-0.18754059,0.00295927,0.00103513,-0.00763042,-0.00660726,-0.00294488,0.00299955
5.720000,0.11233924,-0.09267438,1.04603870,0.14540965,1.36365679,0.22202057,-0.17034619,-0.02961376,-0.06889432,-0.10375764,-0.01476653,-0.18751489,0.00196431,0.00108976,-0.00965257,-0.00757838,-0.00395190,0.00213590
5.730000,0.11063586,-0.09297046,1.04534924,0.14437168,1.36350891,0.22014551,-0.17033164,-0.02960260,-0.06900102,-0.10383827,-0.01481112,-0.18749796,0.00094151,0.00114209,-0.01168856,-0.00854760,-0.00496831,0.00124658
5.740000,0.10893257,-0.09326643,1.04465861,0.14333285,1.36336053,0.21827058,-0.17032743,-0.02959092,-0.06912811,-0.10392857,-0.01486591,-0.18749003,-0.00010463,0.00119200,-0.01373067,-0.00951158,-0.00599014,0.00033552
5.750000,0.10722928,-0.09356228,1.04396661,0.14229307,1.36321156,0.21639568,-0.17033379,-0.02957877,-0.06927563,-0.10402847,-0.01493093,-0.18749130,-0.00116964,0.00123933,-0.01577116,-0.01046700,-0.00701343,-0.00059338
5.760000,0.10552586,-0.09385801,1.04327303,0.14125225,1.36306188,0.21452072,-0.17035087,-0.02956615,-0.06944351,-0.10413787,-0.01500617,-0.18750194,-0.00224903,0.00128397,-0.01780229,-0.01141052,-0.00803421,-0.00153619
5.770000,0.10382222,-0.09415360,1.04257768,0.14021028,1.36291140,0.21264561,-0.17037880,-0.02955310,-0.06963162,-0.10425663,-0.01509159,-0.18752206,-0.00333831,0.00132578,-0.01981632,-0.01233881,-0.00904853,-0.00248900
5.780000,0.10211825,-0.09444907,1.04188034,0.13916709,1.36276001,0.21077025,-0.17041766,-0.02953964,-0.06983975,-0.10438459,-0.01518711,-0.18755174,-0.00443299,0.00136462,-0.02180552,-0.01324854,-0.01005242,-0.00344789
5.790000,0.10041383,-0.09474439,1.04118081,0.13812256,1.36260762,0.20889455,-0.17046747,-0.02952581,-0.07006762,-0.10452153,-0.01529259,-0.18759103,-0.00552860,0.00140035,-0.02376216,-0.01413638,-0.01104192,-0.00440896
5.800000,0.09870886,-0.09503958,1.04047892,0.13707663,1.36245413,0.20701840,-0.17052822,-0.02951164,-0.07031486,-0.10466723,-0.01540788,-0.18763992,-0.00662065,0.00143284,-0.02567849,-0.01499899,-0.01201306,-0.00536827
5.810000,0.09700323,-0.09533463,1.03977445,0.13602919,1.36229943,0.20514172,-0.17059985,-0.02949717,-0.07058103,-0.10482141,-0.01553278,-0.18769837,-0.00770466,0.00146196,-0.02754678,-0.01583305,-0.01296189,-0.00632192
5.820000,0.09529683,-0.09562952,1.03906724,0.13498017,1.36214344,0.20326440,-0.17068227,-0.02948242,-0.07086561,-0.10498378,-0.01566703,-0.18776632,-0.00877613,0.00148757,-0.02935930,-0.01663522,-0.01388443,-0.00726599
5.830000,0.09358955,-0.09592427,1.03835708,0.13392949,1.36198606,0.20138636,-0.17077532,-0.02946743,-0.07116800,-0.10515400,-0.01581037,-0.18784365,-0.00983058,0.00150953,-0.03110830,-0.01740217,-0.01477672,-0.00819656
5.840000,0.09188129,-0.09621887,1.03764382,0.13287707,1.36182721,0.19950750,-0.17087881,-0.02945224,-0.07148754,-0.10533170,-0.01596245,-0.18793020,-0.01086353,0.00152772,-0.03278605,-0.01813057,-0.01563480,-0.00910972
5.850000,0.09017194,-0.09651332,1.03692728,0.13182283,1.36166679,0.19762772,-0.17099250,-0.02943689,-0.07182346,-0.10551647,-0.01612293,-0.18802577,-0.01187050,0.00154199,-0.03438482,-0.01881710,-0.01645471,-0.01000155
5.860000,0.08846141,-0.09680761,1.03620730,0.13076671,1.36150472,0.19574695,-0.17111612,-0.02942141,-0.07217494,-0.10570789,-0.01629141,-0.18813014,-0.01284700,0.00155222,-0.03589688,-0.01945840,-0.01723249,-0.01086813
5.870000,0.08674959,-0.09710175,1.03548373,0.12970865,1.36134093,0.19386509,-0.17124933,-0.02940586,-0.07254108,-0.10590548,-0.01646743,-0.18824304,-0.01378854,0.00155826,-0.03731447,-0.02005117,-0.01796416,-0.01170555
5.880000,0.08503639,-0.09739573,1.03475643,0.12864859,1.36117535,0.19198206,-0.17139176,-0.02939026,-0.07292089,-0.10610874,-0.01665052,-0.18836414,-0.01469064,0.00155998,-0.03862987,-0.02059205,-0.01864577,-0.01250990
5.890000,0.08332172,-0.09768955,1.03402527,0.12758646,1.36100790,0.19009778,-0.17154299,-0.02937467,-0.07331331,-0.10631714,-0.01684017,-0.18849311,-0.01554881,0.00155725,-0.03983534,-0.02107773,-0.01927335,-0.01327725
5.900000,0.08160550,-0.09798322,1.03329013,0.12652223,1.36083853,0.18821218,-0.17170257,-0.02935913,-0.07371721,-0.10653010,-0.01703580,-0.18862955,-0.01635858,0.00154993,-0.04092315,-0.02150487,-0.01984294,-0.01400370
5.910000,0.07988764,-0.09827673,1.03255089,0.12545584,1.36066717,0.18632517,-0.17186999,-0.02934369,-0.07413136,-0.10674703,-0.01723682,-0.18877304,-0.01711545,0.00153789,-0.04188555,-0.02187014,-0.02035058,-0.01468532
5.920000,0.07816808,-0.09857009,1.03180747,0.12438728,1.36049377,0.18443669,-0.17204469,-0.02932839,-0.07455447,-0.10696729,-0.01744259,-0.18892310,-0.01781493,0.00152099,-0.04271482,-0.02217020,-0.02079231,-0.01531819
5.930000,0.07644673,-0.09886330,1.03105978,0.12331649,1.36031830,0.18254669,-0.17222608,-0.02931329,-0.07498519,-0.10719020,-0.01765243,-0.18907922,-0.01845256,0.00149909,-0.04340321,-0.02240173,-0.02116415,-0.01589841
5.940000,0.07472353,-0.09915636,1.03030775,0.12224347,1.36014071,0.18065509,-0.17241352,-0.02929843,-0.07542204,-0.10741508,-0.01786563,-0.18924088,-0.01902383,0.00147207,-0.04394300,-0.02256140,-0.02146215,-0.01642206
5.950000,0.07299844,-0.09944927,1.02955132,0.12116818,1.35996098,0.17876185,-0.17260632,-0.02928386,-0.07586352,-0.10764118,-0.01808142,-0.18940746,-0.01952427,0.00143979,-0.04432643,-0.02264586,-0.02168234,-0.01688521
5.960000,0.07127139,-0.09974204,1.02879046,0.12009064,1.35977908,0.17686693,-0.17280375,-0.02926965,-0.07630803,-0.10786774,-0.01829900,-0.18957836,-0.01994939,0.00140211,-0.04454579,-0.02265180,-0.02182076,-0.01728397
5.970000,0.06954235,-0.10003467,1.02802516,0.11901083,1.35959500,0.17497027,-0.17300504,-0.02925584,-0.07675387,-0.10809394,-0.01851754,-0.18975292,-0.02029470,0.00135889,-0.04459333,-0.02257588,-0.02187344,-0.01761439
5.980000,0.06781128,-0.10032716,1.02725539,0.11792877,1.35940873,0.17307186,-0.17320937,-0.02924249,-0.07719929,-0.10831897,-0.01873617,-0.18993041,-0.02055573,0.00131001,-0.04446131,-0.02241477,-0.02183643,-0.01787258
5.990000,0.06607816,-0.10061952,1.02648118,0.11684446,1.35922028,0.17117166,-0.17341586,-0.02922966,-0.07764247,-0.10854194,-0.01895396,-0.19011011,-0.02072798,0.00125532,-0.04414200,-0.02216513,-0.02170576,-0.01805462
6.000000,0.06434296,-0.10091175,1.02570255,0.11575794,1.35902966,0.16926965,-0.17362362,-0.02921740,-0.07808148,-0.10876197,-0.01916996,-0.19029124,-0.02080697,0.00119470,-0.04362766,-0.02182363,-0.02147747,-0.01815659
6.010000,0.06260568,-0.10120387,1.02491957,0.11466923,1.35883689,0.16736583,-0.17383168,-0.02920578,-0.07851435,-0.10897810,-0.01938317,-0.19047296,-0.02078822,0.00112801,-0.04291056,-0.02138695,-0.02114758,-0.01817457
6.020000,0.06086633,-0.10149587,1.02413229,0.11357839,1.35864200,0.16546019,-0.17403904,-0.02919486,-0.07893899,-0.10918938,-0.01959256,-0.19065444,-0.02066724,0.00105511,-0.04198296,-0.02085175,-0.02071215,-0.01810464
6.030000,0.05912491,-0.10178777,1.02334082,0.11248546,1.35844505,0.16355275,-0.17424466,-0.02918470,-0.07935328,-0.10939480,-0.01979705,-0.19083475,-0.02043954,0.00097587,-0.04083713,-0.02021470,-0.02016720,-0.01794290
6.040000,0.05738145,-0.10207957,1.02254527,0.11139052,1.35824608,0.16164351,-0.17444746,-0.02917537,-0.07975498,-0.10959332,-0.01999553,-0.19101297,-0.02010065,0.00089015,-0.03946532,-0.01947247,-0.01950878,-0.01768543
6.050000,0.05563597,-0.10237128,1.02174577,0.11029362,1.35804517,0.15973250,-0.17464629,-0.02916692,-0.08014181,-0.10978388,-0.02018683,-0.19118813,-0.01964607,0.00079782,-0.03785981,-0.01862172,-0.01873291,-0.01732830
6.060000,0.05388854,-0.10266291,1.02094249,0.10919487,1.35784238,0.15781976,-0.17483998,-0.02915943,-0.08051137,-0.10996538,-0.02036978,-0.19135920,-0.01907132,0.00069874,-0.03601285,-0.01765913,-0.01783564,-0.01686761
6.070000,0.05213919,-0.10295447,1.02013561,0.10809435,1.35763780,0.15590533,-0.17502730,-0.02915297,-0.08086123,-0.11013668,-0.02054313,-0.19152512,-0.01837202,0.00059279,-0.03391694,-0.01658146,-0.01681312,-0.01629952
6.080000,0.05038802,-0.10324597,1.01932534,0.10699217,1.35743155,0.15398927,-0.17520700,-0.02914760,-0.08118888,-0.11029663,-0.02070562,-0.19168482,-0.01754718,0.00048018,-0.03157229,-0.01538865,-0.01566549,-0.01562294
6.090000,0.04863508,-0.10353743,1.01851192,0.10588846,1.35722373,0.15207166,-0.17537784,-0.02914339,-0.08149188,-0.11044408,-0.02085604,-0.19183723,-0.01659997,0.00036154,-0.02898857,-0.01408454,-0.01439780,-0.01484019
6.100000,0.04688049,-0.10382884,1.01769559,0.10478334,1.35701447,0.15015256,-0.17553861,-0.02914039,-0.08176789,-0.11057796,-0.02099320,-0.19198128,-0.01553382,0.00023751,-0.02617603,-0.01267322,-0.01301538,-0.01395376
6.110000,0.04512435,-0.10412024,1.01687666,0.10367695,1.35680391,0.14823206,-0.17568813,-0.02913865,-0.08201467,-0.11069720,-0.02111598,-0.19211596,-0.01435216,0.00010875,-0.02314493,-0.01115877,-0.01152358,-0.01296615
6.120000,0.04336677,-0.10441162,1.01605540,0.10256945,1.35659220,0.14631027,-0.17582528,-0.02913823,-0.08223009,-0.11080081,-0.02122332,-0.19224028,-0.01305842,-0.00002410,-0.01990553,-0.00954527,-0.00992773,-0.01187988
6.130000,0.04160789,-0.10470301,1.01523216,0.10146099,1.35637950,0.14438730,-0.17594894,-0.02913915,-0.08241212,-0.11088779,-0.02131421,-0.19235324,-0.01165602,-0.00016038,-0.01646806,-0.00783681,-0.00823316,-0.01069745
6.140000,0.03984784,-0.10499441,1.01440728,0.10035175,1.35616598,0.14246325,-0.17605804,-0.02914144,-0.08255883,-0.11095724,-0.02138767,-0.19245391,-0.01014840,-0.00029944,-0.01284279,-0.00603745,-0.00644522,-0.00942137
6.150000,0.03808678,-0.10528584,1.01358111,0.09924191,1.35595181,0.14053826,-0.17615157,-0.02914514,-0.08266839,-0.11100825,-0.02144282,-0.19254137,-0.00853898,-0.00044064,-0.00903996,-0.00415130,-0.00456925,-0.00805414
6.160000,0.03632487,-0.10557732,1.01275404,0.09813165,1.35573719,0.13861247,-0.17622850,-0.02915026,-0.08273907,-0.11103999,-0.02147878,-0.19261470,-0.00683119,-0.00058332,-0.00506983,-0.00218243,-0.00261058,-0.00659826
6.170000,0.03456227,-0.10586885,1.01192647,0.09702117,1.35552230,0.13668602,-0.17628787,-0.02915681,-0.08276926,-0.11105164,-0.02149477,-0.19267304,-0.00502846,-0.00072683,-0.00094265,-0.00013491,-0.00057455,-0.00505624
6.180000,0.03279917,-0.10616046,1.01109880,0.09591068,1.35530736,0.13475906,-0.17632876,-0.02916480,-0.08275744,-0.11104244,-0.02149003,-0.19271555,-0.00313422,-0.00087052,0.00333133,0.00198716,0.00153350,-0.00343059
6.190000,0.03103576,-0.10645215,1.01027146,0.09480040,1.35509257,0.13283176,-0.17635026,-0.02917422,-0.08270218,-0.11101166,-0.02146388,-0.19274138,-0.00115190,-0.00101375,0.00774185,0.00417971,0.00370823,-0.00172380
6.200000,0.02927223,-0.10674395,1.00944490,0.09369053,1.35487815,0.13090429,-0.17635152,-0.02918507,-0.08260218,-0.11095862,-0.02141567,-0.19274976,0.00091509,-0.00115586,0.01227867,0.00643865,0.00594431,0.00006160
6.210000,0.02750880,-0.10703586,1.00861957,0.09258130,1.35466433,0.12897683,-0.17633169,-0.02919733,-0.08245622,-0.11088268,-0.02134481,-0.19273990,0.00306329,-0.00129620,0.01693153,0.00875990,0.00823639,0.00192313
6.220000,0.02574567,-0.10732790,1.00779593,0.09147295,1.35445134,0.12704956,-0.17628999,-0.02921098,-0.08226319,-0.11078323,-0.02125077,-0.19271105,0.00528930,-0.00143412,0.02169018,0.01113938,0.01057914,0.00385827
6.230000,0.02398307,-0.10762008,1.00697447,0.09036571,1.35423940,0.12512267,-0.17622566,-0.02922600,-0.08202210,-0.11065971,-0.02113307,-0.19266250,0.00758968,-0.00156897,0.02654437,0.01357300,0.01296722,0.00586451
6.240000,0.02222124,-0.10791242,1.00615566,0.08925984,1.35402875,0.12319638,-0.17613796,-0.02924235,-0.08173202,-0.11051160,-0.02099129,-0.19259353,0.00996100,-0.00170011,0.03148384,0.01605669,0.01539529,0.00793936
6.250000,0.02046039,-0.10820493,1.00533999,0.08815557,1.35381965,0.12127087,-0.17602621,-0.02925999,-0.08139217,-0.11033843,-0.02082505,-0.19250349,0.01239984,-0.00182687,0.03649835,0.01858637,0.01785802,0.01008031
6.260000,0.01870079,-0.10849763,1.00452798,0.08705315,1.35361234,0.11934638,-0.17588975,-0.02927887,-0.08100184,-0.11013974,-0.02063403,-0.19239172,0.01490276,-0.00194862,0.04157764,0.02115794,0.02035006,0.01228485
6.270000,0.01694268,-0.10879051,1.00372013,0.08595286,1.35340706,0.11742311,-0.17572795,-0.02929894,-0.08056044,-0.10991514,-0.02041797,-0.19225759,0.01746634,-0.00206469,0.04671146,0.02376734,0.02286607,0.01455048
6.280000,0.01518632,-0.10908361,1.00291694,0.08485494,1.35320406,0.11550130,-0.17554023,-0.02932015,-0.08006746,-0.10966428,-0.02017665,-0.19210051,0.02008714,-0.00217445,0.05188955,0.02641047,0.02540073,0.01687468
6.290000,0.01343197,-0.10937692,1.00211895,0.08375966,1.35300361,0.11358118,-0.17532603,-0.02934241,-0.07952253,-0.10938683,-0.01990991,-0.19191991,0.02276175,-0.00227723,0.05710167,0.02908326,0.02794868,0.01925497
6.300000,0.01167989,-0.10967046,1.00132667,0.08266729,1.35280595,0.11166298,-0.17508483,-0.02936566,-0.07892535,-0.10908253,-0.01961765,-0.19171523,0.02548673,-0.00237240,0.06233757,0.03178162,0.03050460,0.02168883
6.310000,0.00993036,-0.10996424,1.00054062,0.08157810,1.35261134,0.10974696,-0.17481614,-0.02938983,-0.07827573,-0.10875113,-0.01929981,-0.19148596,0.02825865,-0.00245929,0.06758699,0.03450147,0.03306314,0.02417375
6.320000,0.00818366,-0.11025826,0.99976133,0.08049236,1.35242004,0.10783335,-0.17451951,-0.02941482,-0.07757360,-0.10839244,-0.01895640,-0.19123160,0.03107409,-0.00253726,0.07283968,0.03723874,0.03561897,0.02670724
6.330000,0.00644007,-0.11055254,0.99898932,0.07941034,1.35223230,0.10592241,-0.17419453,-0.02944054,-0.07681896,-0.10800631,-0.01858746,-0.19095166,0.03392962,-0.00260567,0.07808538,0.03998933,0.03816675,0.02928678
6.340000,0.00469987,-0.11084707,0.99822512,0.07833233,1.35204837,0.10401440,-0.17384080,-0.02946690,-0.07601195,-0.10759262,-0.01819311,-0.19064571,0.03682180,-0.00266385,0.08331385,0.04274916,0.04070113,0.03190987
6.350000,0.00296335,-0.11114188,0.99746926,0.07725858,1.35186852,0.10210959,-0.17345798,-0.02949378,-0.07515278,-0.10715131,-0.01777350,-0.19031333,0.03974722,-0.00271116,0.08851483,0.04551416,0.04321679,0.03457401
6.360000,0.00123080,-0.11143695,0.99672224,0.07618939,1.35169299,0.10020823,-0.17304575,-0.02952108,-0.07424178,-0.10668234,-0.01732885,-0.18995411,0.04270243,-0.00274694,0.09367808,0.04828024,0.04570838,0.03727669
6.370000,-0.00049747,-0.11173230,0.99598459,0.07512503,1.35152202,0.09831059,-0.17260384,-0.02954868,-0.07327938,-0.10618571,-0.01685943,-0.18956767,0.04568403,-0.00277056,0.09879333,0.05104332,0.04817057,0.04001541
6.380000,-0.00222117,-0.11202792,0.99525682,0.07406577,1.35135588,0.09641696,-0.17213200,-0.02957645,-0.07226611,-0.10566149,-0.01636555,-0.18915369,0.04868856,-0.00278135,0.10385034,0.05379931,0.05059801,0.04278765
6.390000,-0.00394001,-0.11232383,0.99453944,0.07301189,1.35119479,0.09452761,-0.17163001,-0.02960426,-0.07120260,-0.10510977,-0.01584760,-0.18871182,0.05171262,-0.00277867,0.10883886,0.05654414,0.05298537,0.04559092
6.400000,-0.00565367,-0.11262001,0.99383294,0.07196367,1.35103901,0.09264282,-0.17109769,-0.02963198,-0.07008959,-0.10453066,-0.01530600,-0.18824177,0.05475276,-0.00276187,0.11374863,0.05927373,0.05532731,0.04842271
6.410000,-0.00736186,-0.11291647,0.99313781,0.07092137,1.35088875,0.09076287,-0.17053491,-0.02965945,-0.06892792,-0.10392435,-0.01474122,-0.18774328,0.05780556,-0.00273029,0.11856940,0.06198399,0.05761849,0.05128051
6.420000,-0.00906427,-0.11321320,0.99245454,0.06988527,1.35074426,0.08888805,-0.16994155,-0.02968653,-0.06771853,-0.10329106,-0.01415382,-0.18721608,0.06086760,-0.00268329,0.12329092,0.06467083,0.05985358,0.05416182
6.430000,-0.01076059,-0.11351020,0.99178359,0.06885564,1.35060575,0.08701865,-0.16931754,-0.02971306,-0.06646247,-0.10263103,-0.01354436,-0.18665997,0.06393543,-0.00262022,0.12790293,0.06733019,0.06202723,0.05706414
6.440000,-0.01245052,-0.11380746,0.99112544,0.06783274,1.35047344,0.08515495,-0.16866283,-0.02973888,-0.06516087,-0.10194456,-0.01291349,-0.18607474,0.06700565,-0.00254042,0.13239519,0.06995797,0.06413412,0.05998495
6.450000,-0.01413374,-0.11410497,0.99048052,0.06681683,1.35034755,0.08329725,-0.16797743,-0.02976382,-0.06381500,-0.10123199,-0.01226192,-0.18546022,0.07007481,-0.00244325,0.13675745,0.07255009,0.06616889,0.06292176
6.460000,-0.01580996,-0.11440273,0.98984928,0.06580818,1.35022827,0.08144584,-0.16726135,-0.02978769,-0.06242619,-0.10049369,-0.01159037,-0.18481626,0.07313949,-0.00232806,0.14097944,0.07510248,0.06812621,0.06587205
6.470000,-0.01747887,-0.11470072,0.98923214,0.06480704,1.35011580,0.07960102,-0.16651466,-0.02981031,-0.06099591,-0.09973009,-0.01089967,-0.18414274,0.07619626,-0.00219419,0.14505093,0.07761104,0.07000074,0.06883333
6.480000,-0.01914015,-0.11499893,0.98862950,0.06381366,1.35001034,0.07776309,-0.16573746,-0.02983151,-0.05952571,-0.09894163,-0.01019065,-0.18343956,0.07924169,-0.00204100,0.14896165,0.08007170,0.07178715,0.07180309
6.490000,-0.02079352,-0.11529734,0.98804175,0.06282829,1.34991205,0.07593233,-0.16492988,-0.02985107,-0.05801725,-0.09812883,-0.00946424,-0.18270666,0.08227235,-0.00186783,0.15270135,0.08248038,0.07348010,0.07477882
6.500000,-0.02243865,-0.11559595,0.98746927,0.06185117,1.34982111,0.07410905,-0.16409208,-0.02986879,-0.05647229,-0.09729221,-0.00872138,-0.18194398,0.08528482,-0.00167403,0.15625979,0.08483299,0.07507425,0.07775801
6.510000,-0.02407526,-0.11589471,0.98691242,0.06088252,1.34973767,0.07229355,-0.16322426,-0.02988448,-0.05489269,-0.09643237,-0.00796310,-0.18115150,0.08827567,-0.00145896,0.15962671,0.08712546,0.07656425,0.08073817
6.520000,-0.02570304,-0.11619363,0.98637153,0.05992259,1.34966189,0.07048612,-0.16232665,-0.02989790,-0.05328043,-0.09554991,-0.00719046,-0.18032922,0.09124146,-0.00122197,0.16279185,0.08935369,0.07794478,0.08371679
6.530000,-0.02732169,-0.11649266,0.98584691,0.05897160,1.34959391,0.06868707,-0.16139952,-0.02990884,-0.05163756,-0.09464552,-0.00640459,-0.17947717,0.09417878,-0.00096240,0.16574498,0.09151361,0.07921049,0.08669135
6.540000,-0.02893093,-0.11679180,0.98533887,0.05802975,1.34953384,0.06689668,-0.16044318,-0.02991707,-0.04996627,-0.09371988,-0.00560665,-0.17859541,0.09708419,-0.00067960,0.16847582,0.09360114,0.08035605,0.08965937
6.550000,-0.03053046,-0.11709099,0.98484768,0.05709727,1.34948181,0.06511526,-0.15945796,-0.02992235,-0.04826882,-0.09277375,-0.00479788,-0.17768402,0.09995426,-0.00037293,0.17097414,0.09561219,0.08137612,0.09261832
6.560000,-0.03211999,-0.11739023,0.98437357,0.05617435,1.34943792,0.06334310,-0.15844422,-0.02992445,-0.04654759,-0.09180791,-0.00397956,-0.17674309,0.10278556,-0.00004173,0.17322968,0.09754268,0.08226535,0.09556571
6.570000,-0.03369925,-0.11768947,0.98391679,0.05526117,1.34940225,0.06158049,-0.15740238,-0.02992310,-0.04480507,-0.09082318,-0.00315303,-0.17577275,0.10557467,0.00031465,0.17523219,0.09938854,0.08301842,0.09849903
6.580000,-0.03526795,-0.11798868,0.98347754,0.05435794,1.34937488,0.05982774,-0.15633288,-0.02991807,-0.04304383,-0.08982043,-0.00231967,-0.17477316,0.10831831,0.00069677,0.17697229,0.10114595,0.08363046,0.10141583
6.590000,-0.03682582,-0.11828782,0.98305597,0.05346482,1.34935587,0.05808513,-0.15523618,-0.02990908,-0.04126650,-0.08880056,-0.00148089,-0.17374449,0.11101474,0.00110422,0.17845008,0.10281416,0.08410172,0.10431410
6.600000,-0.03837258,-0.11858685,0.98265225,0.05258198,1.34934527,0.05635294,-0.15411275,-0.02989590,-0.03947568,-0.08776444,-0.00063809,-0.17268695,0.11366321,0.00153604,0.17967143,0.10439429,0.08443563,0.10719218
6.610000,-0.03990798,-0.11888572,0.98226649,0.05170959,1.34934312,0.05463148,-0.15296307,-0.02987829,-0.03767390,-0.08671296,0.00020738,-0.17160072,0.11626294,0.00199121,0.18064231,0.10588745,0.08463563,0.11004836
6.620000,-0.04143176,-0.11918440,0.98189880,0.05084777,1.34934943,0.05292103,-0.15178765,-0.02985600,-0.03586365,-0.08564698,0.00105419,-0.17048606,0.11881319,0.00246876,0.18136870,0.10729479,0.08470516,0.11288096
6.630000,-0.04294365,-0.11948283,0.98154924,0.04999669,1.34936420,0.05122186,-0.15058698,-0.02982884,-0.03404733,-0.08456735,0.00190106,-0.16934319,0.12131320,0.00296769,0.18185655,0.10861743,0.08464768,0.11568830
6.640000,-0.04444342,-0.11978096,0.98121787,0.04915647,1.34938744,0.04953425,-0.14936156,-0.02979658,-0.03222729,-0.08347491,0.00274673,-0.16817238,0.12376221,0.00348700,0.18211184,0.10985651,0.08446663,0.11846868
6.650000,-0.04593080,-0.12007874,0.98090470,0.04832723,1.34941913,0.04785850,-0.14811191,-0.02975904,-0.03040584,-0.08237049,0.00358999,-0.16697391,0.12615948,0.00402570,0.18214052,0.11101317,0.08416547,0.12122043
6.660000,-0.04740558,-0.12037612,0.98060975,0.04750910,1.34945923,0.04619487,-0.14683854,-0.02971601,-0.02858522,-0.08125492,0.00442965,-0.16574807,0.12850423,0.00458280,0.18194858,0.11208852,0.08374765,0.12394185
6.670000,-0.04886750,-0.12067304,0.98033299,0.04670217,1.34950771,0.04454363,-0.14554200,-0.02966732,-0.02676759,-0.08012899,0.00526456,-0.16449518,0.13079571,0.00515731,0.18154196,0.11308371,0.08321661,0.12663125
6.680000,-0.05031634,-0.12096945,0.98007438,0.04590655,1.34956450,0.04290505,-0.14422281,-0.02961281,-0.02495507,-0.07899351,0.00609362,-0.16321556,0.13303318,0.00574824,0.18092665,0.11399986,0.08257580,0.12928696
6.690000,-0.05175188,-0.12126528,0.97983386,0.04512233,1.34962956,0.04127941,-0.14288152,-0.02955230,-0.02314973,-0.07784925,0.00691573,-0.16190956,0.13521587,0.00635459,0.18010860,0.11483811,0.08182868,0.13190728
6.700000,-0.05317390,-0.12156047,0.97961135,0.04434959,1.34970279,0.03966695,-0.14151868,-0.02948567,-0.02135356,-0.07669700,0.00772985,-0.16057754,0.13734302,0.00697536,0.17909378,0.11559960,0.08097869,0.13449052
6.710000,-0.05458218,-0.12185497,0.97940675,0.04358841,1.34978412,0.03806794,-0.14013485,-0.02941275,-0.01956849,-0.07553751,0.00853497,-0.15921988,0.13941388,0.00760957,0.17788817,0.11628544,0.08002928,0.13703501
6.720000,-0.05597653,-0.12214871,0.97921994,0.04283886,1.34987346,0.03648264,-0.13873059,-0.02933343,-0.01779641,-0.07437154,0.00933011,-0.15783697,0.14142770,0.00825623,0.17649772,0.11689679,0.07898390,0.13953904
6.730000,-0.05735673,-0.12244162,0.97905078,0.04210100,1.34997069,0.03491128,-0.13730648,-0.02924759,-0.01603913,-0.07319982,0.01011434,-0.15642924,0.14338371,0.00891433,0.17492840,0.11743476,0.07784600,0.14200094
6.740000,-0.05872259,-0.12273364,0.97889910,0.04137488,1.35007570,0.03335413,-0.13586311,-0.02915511,-0.01429842,-0.07202309,0.01088674,-0.15499710,0.14528116,0.00958289,0.17318618,0.11790049,0.07661903,0.14441902
6.750000,-0.06007393,-0.12302470,0.97876475,0.04066055,1.35018838,0.03181142,-0.13440106,-0.02905590,-0.01257597,-0.07084205,0.01164643,-0.15354101,0.14711930,0.01026092,0.17127703,0.11829511,0.07530645,0.14679160
6.760000,-0.06141055,-0.12331473,0.97864752,0.03995805,1.35030859,0.03028339,-0.13292093,-0.02894987,-0.01087341,-0.06965742,0.01239259,-0.15206143,0.14889737,0.01094742,0.16920691,0.11861976,0.07391169,0.14911697
6.770000,-0.06273229,-0.12360367,0.97854721,0.03926741,1.35043618,0.02877027,-0.13142331,-0.02883693,-0.00919234,-0.06846988,0.01312440,-0.15055883,0.15061461,0.01164140,0.16698178,0.11887556,0.07243821,0.15139347
6.780000,-0.06403896,-0.12389145,0.97846359,0.03858866,1.35057102,0.02727229,-0.12990884,-0.02871702,-0.00753428,-0.06728013,0.01384110,-0.14903373,0.15227026,0.01234186,0.16460763,0.11906365,0.07088946,0.15361939
6.790000,-0.06533041,-0.12417799,0.97839644,0.03792182,1.35071295,0.02578967,-0.12837812,-0.02859007,-0.00590067,-0.06608883,0.01454195,-0.14748662,0.15386357,0.01304782,0.16209040,0.11918517,0.06926888,0.15579306
6.800000,-0.06660647,-0.12446323,0.97834549,0.03726689,1.35086181,0.02432263,-0.12683178,-0.02845604,-0.00429292,-0.06489665,0.01522625,-0.14591804,0.15539379,0.01375829,0.15943607,0.11924123,0.06757993,0.15791278
6.810000,-0.06786700,-0.12474709,0.97831049,0.03662388,1.35101742,0.02287138,-0.12527045,-0.02831489,-0.00271238,-0.06370422,0.01589334,-0.14432855,0.15686015,0.01447225,0.15665061,0.11923299,0.06582606,0.15997688
6.820000,-0.06911184,-0.12502950,0.97829115,0.03599280,1.35117962,0.02143612,-0.12369479,-0.02816659,-0.00116033,-0.06251220,0.01654257,-0.14271870,0.15826191,0.01518874,0.15373998,0.11916156,0.06401072,0.16198366
6.830000,-0.07034085,-0.12531039,0.97828718,0.03537364,1.35134821,0.02001707,-0.12210543,-0.02801111,0.00036202,-0.06132120,0.01717336,-0.14108907,0.15959830,0.01590675,0.15071014,0.11902808,0.06213734,0.16393143
6.840000,-0.07155390,-0.12558970,0.97829829,0.03476637,1.35152302,0.01861441,-0.12050304,-0.02784845,0.00185350,-0.06013184,0.01778514,-0.13944027,0.16086856,0.01662528,0.14756707,0.11883369,0.06020940,0.16581851
6.850000,-0.07275087,-0.12586734,0.97832415,0.03417099,1.35170385,0.01722833,-0.11888829,-0.02767861,0.00331300,-0.05894472,0.01837737,-0.13777291,0.16207195,0.01734336,0.14431673,0.11857950,0.05823032,0.16764322
6.860000,-0.07393163,-0.12614325,0.97836444,0.03358747,1.35189050,0.01585901,-0.11726183,-0.02750159,0.00473949,-0.05776044,0.01894958,-0.13608762,0.16320771,0.01805998,0.14096509,0.11826667,0.05620357,0.16940386
6.870000,-0.07509607,-0.12641735,0.97841882,0.03301577,1.35208277,0.01450663,-0.11562436,-0.02731742,0.00613199,-0.05657958,0.01950130,-0.13438505,0.16427507,0.01877415,0.13751811,0.11789632,0.05413259,0.17109875
6.880000,-0.07624408,-0.12668957,0.97848696,0.03245586,1.35228046,0.01317136,-0.11397656,-0.02712612,0.00748956,-0.05540271,0.02003210,-0.13266587,0.16527329,0.01948488,0.13398177,0.11746957,0.05202084,0.17272620
6.890000,-0.07737557,-0.12695985,0.97856850,0.03190770,1.35248334,0.01185337,-0.11231913,-0.02692774,0.00881134,-0.05423037,0.02054159,-0.13093076,0.16620160,0.02019118,0.13036202,0.11698757,0.04987175,0.17428452
6.900000,-0.07849043,-0.12722810,0.97866307,0.03137124,1.35269122,0.01055280,-0.11065276,-0.02672232,0.01009654,-0.05306314,0.02102942,-0.12918042,0.16705925,0.02089205,0.12666483,0.11645145,0.04768879,0.17577203
6.910000,-0.07958859,-0.12749427,0.97877030,0.03084642,1.35290386,0.00926981,-0.10897818,-0.02650992,0.01134440,-0.05190152,0.02149527,-0.12741556,0.16784549,0.02158650,0.12289617,0.11586233,0.04547539,0.17718705
6.920000,-0.08066997,-0.12775828,0.97888983,0.03033319,1.35312105,0.00800453,-0.10729609,-0.02629061,0.01255424,-0.05074606,0.02193884,-0.12563692,0.16855955,0.02227354,0.11906201,0.11522136,0.04323502,0.17852787
6.930000,-0.08173449,-0.12802006,0.97902126,0.02983148,1.35334256,0.00675711,-0.10560723,-0.02606447,0.01372544,-0.04959726,0.02235989,-0.12384525,0.16920069,0.02295217,0.11516831,0.11452966,0.04097111,0.17979283
6.940000,-0.08278210,-0.12827954,0.97916421,0.02934122,1.35356817,0.00552767,-0.10391233,-0.02583160,0.01485743,-0.04845563,0.02275819,-0.12204132,0.16976814,0.02362141,0.11122105,0.11378836,0.03868712,0.18098022
6.950000,-0.08381272,-0.12853667,0.97931827,0.02886234,1.35379765,0.00431632,-0.10221212,-0.02559208,0.01594971,-0.04732166,0.02313357,-0.12022591,0.17026115,0.02428026,0.10722617,0.11299860,0.03638650,0.18208837
6.960000,-0.08482632,-0.12879136,0.97948307,0.02839476,1.35403076,0.00312319,-0.10050735,-0.02534603,0.01700182,-0.04619582,0.02348588,-0.11839983,0.17067897,0.02492772,0.10318967,0.11216151,0.03407270,0.18311558
6.970000,-0.08582286,-0.12904357,0.97965818,0.02793840,1.35426729,0.00194836,-0.09879879,-0.02509357,0.01801338,-0.04507858,0.02381500,-0.11656388,0.17102083,0.02556281,0.09911749,0.11127822,0.03174916,0.18406017
6.980000,-0.08680229,-0.12929321,0.97984320,0.02749316,1.35450699,0.00079194,-0.09708719,-0.02483482,0.01898407,-0.04397041,0.02412084,-0.11471890,0.17128598,0.02618453,0.09501560,0.11034986,0.02941934,0.18492046
6.990000,-0.08776459,-0.12954024,0.98003772,0.02705896,1.35474963,-0.00034599,-0.09537333,-0.02456992,0.01991361,-0.04287173,0.02440337,-0.11286576,0.17147366,0.02679188,0.09088998,0.10937757,0.02708669,0.18569474
7.000000,-0.08870975,-0.12978459,0.98024133,0.02663569,1.35499498,-0.00146535,-0.09365798,-0.02429903,0.02080181,-0.04178300,0.02466258,-0.11100530,0.17158313,0.02738389,0.08674659,0.10836248,0.02475465,0.18638135
7.010000,-0.08963775,-0.13002620,0.98045362,0.02622326,1.35524280,-0.00256608,-0.09194193,-0.02402230,0.02164851,-0.04070462,0.02489848,-0.10913843,0.17161361,0.02795954,0.08259139,0.10730572,0.02242667,0.18697859
7.020000,-0.09054859,-0.13026502,0.98067416,0.02582156,1.35549287,-0.00364810,-0.09022597,-0.02373990,0.02245362,-0.03963702,0.02511114,-0.10726603,0.17156436,0.02851786,0.07843036,0.10620842,0.02010621,0.18748477
7.030000,-0.09144227,-0.13050098,0.98090255,0.02543048,1.35574495,-0.00471138,-0.08851091,-0.02345201,0.02321711,-0.03858058,0.02530064,-0.10538904,0.17143462,0.02905784,0.07426945,0.10507172,0.01779671,0.18789821
7.040000,-0.09231881,-0.13073404,0.98113837,0.02504991,1.35599880,-0.00575587,-0.08679755,-0.02315881,0.02393903,-0.03753571,0.02546712,-0.10350838,0.17122363,0.02957850,0.07011464,0.10389675,0.01550162,0.18821723
7.050000,-0.09317823,-0.13096414,0.98138119,0.02467973,1.35625421,-0.00678154,-0.08508671,-0.02286050,0.02461945,-0.03650277,0.02561073,-0.10162502,0.17093063,0.03007885,0.06597189,0.10268463,0.01322439,0.18844012
7.060000,-0.09402056,-0.13119124,0.98163062,0.02431982,1.35651094,-0.00778837,-0.08337922,-0.02255730,0.02525852,-0.03548214,0.02573168,-0.09973991,0.17055488,0.03055788,0.06184717,0.10143651,0.01096848,0.18856521
7.070000,-0.09484583,-0.13141527,0.98188623,0.02397004,1.35676877,-0.00877634,-0.08167589,-0.02224942,0.02585647,-0.03447416,0.02583018,-0.09785404,0.17009561,0.03101460,0.05774644,0.10015351,0.00873733,0.18859082
7.080000,-0.09565409,-0.13163621,0.98214761,0.02363029,1.35702747,-0.00974545,-0.07997758,-0.02193709,0.02641355,-0.03347918,0.02590652,-0.09596843,0.16955207,0.03144803,0.05367567,0.09883676,0.00653438,0.18851524
7.090000,-0.09644540,-0.13185400,0.98241436,0.02330042,1.35728683,-0.01069571,-0.07828513,-0.02162054,0.02693010,-0.03249753,0.02596098,-0.09408408,0.16892350,0.03185718,0.04964083,0.09748741,0.00436310,0.18833680
7.100000,-0.09721982,-0.13206861,0.98268608,0.02298029,1.35754662,-0.01162714,-0.07659940,-0.02130003,0.02740651,-0.03152954,0.02599390,-0.09220204,0.16820914,0.03224104,0.04564789,0.09610657,0.00222692,0.18805381
7.110000,-0.09797741,-0.13227999,0.98296236,0.02266978,1.35780664,-0.01253976,-0.07492124,-0.02097581,0.02784322,-0.03057550,0.02600564,-0.09032336,0.16740825,0.03259862,0.04170280,0.09469539,0.00012931,0.18766458
7.120000,-0.09871827,-0.13248811,0.98324281,0.02236874,1.35806666,-0.01343362,-0.07325153,-0.02064815,0.02824074,-0.02963573,0.02599662,-0.08844911,0.16652005,0.03292894,0.03781155,0.09325500,-0.00192630,0.18716743
7.130000,-0.09944248,-0.13269294,0.98352705,0.02207702,1.35832650,-0.01430876,-0.07159113,-0.02031732,0.02859965,-0.02871050,0.02596727,-0.08658038,0.16554380,0.03323100,0.03398009,0.09178652,-0.00393646,0.18656067
7.140000,-0.10015013,-0.13289445,0.98381468,0.02179448,1.35858594,-0.01516525,-0.06994095,-0.01998362,0.02892056,-0.02780009,0.02591806,-0.08471827,0.16447874,0.03350380,0.03021438,0.09029109,-0.00589770,0.18584260
7.150000,-0.10084133,-0.13309261,0.98410533,0.02152096,1.35884480,-0.01600315,-0.06830186,-0.01964735,0.02920418,-0.02690476,0.02584949,-0.08286390,0.16332412,0.03374637,0.02652041,0.08876985,-0.00780659,0.18501156
7.160000,-0.10151621,-0.13328739,0.98439864,0.02125633,1.35910287,-0.01682256,-0.06667476,-0.01930880,0.02945123,-0.02602477,0.02576211,-0.08101842,0.16207917,0.03395769,0.02290413,0.08722391,-0.00965968,0.18406583
7.170000,-0.10217487,-0.13347878,0.98469424,0.02100042,1.35935998,-0.01762355,-0.06506058,-0.01896830,0.02966254,-0.02516036,0.02565649,-0.07918297,0.16074315,0.03413678,0.01937150,0.08565443,-0.01145351,0.18300375
7.180000,-0.10281746,-0.13366675,0.98499178,0.02075307,1.35961594,-0.01840625,-0.06346021,-0.01862618,0.02983896,-0.02431176,0.02553325,-0.07735874,0.15931528,0.03428264,0.01592851,0.08406252,-0.01318464,0.18182363
7.190000,-0.10344412,-0.13385129,0.98529091,0.02051413,1.35987059,-0.01917077,-0.06187458,-0.01828276,0.02998143,-0.02347918,0.02539302,-0.07554690,0.15779483,0.03439429,0.01258111,0.08244933,-0.01484961,0.18052377
7.200000,-0.10405501,-0.13403240,0.98559129,0.02028343,1.36012375,-0.01991724,-0.06030462,-0.01793841,0.03009092,-0.02266284,0.02523649,-0.07374867,0.15618103,0.03447074,0.00933526,0.08081597,-0.01644498,0.17910249
7.210000,-0.10465027,-0.13421006,0.98589262,0.02006082,1.36037526,-0.02064579,-0.05875127,-0.01759347,0.03016849,-0.02186292,0.02506437,-0.07196526,0.15447312,0.03451097,0.00619695,0.07916360,-0.01796730,0.17755810
7.220000,-0.10523009,-0.13438427,0.98619456,0.01984612,1.36062499,-0.02135659,-0.05721548,-0.01724831,0.03021524,-0.02107963,0.02487740,-0.07019792,0.15267036,0.03451402,0.00317212,0.07749333,-0.01941311,0.17588892
7.230000,-0.10579464,-0.13455503,0.98649682,0.01963917,1.36087277,-0.02204981,-0.05569818,-0.01690331,0.03023233,-0.02031311,0.02467637,-0.06844790,0.15077198,0.03447887,0.00026676,0.07580630,-0.02077898,0.17409326
7.240000,-0.10634412,-0.13472234,0.98679911,0.01943980,1.36111847,-0.02272561,-0.05420036,-0.01655886,0.03022099,-0.01956355,0.02446210,-0.06671648,0.14877722,0.03440455,-0.00251318,0.07410364,-0.02206144,0.17216943
7.250000,-0.10687872,-0.13488621,0.98710115,0.01924784,1.36136197,-0.02338420,-0.05272296,-0.01621536,0.03018251,-0.01883109,0.02423543,-0.06500495,0.14668534,0.03429005,-0.00516173,0.07238649,-0.02325706,0.17011575
7.260000,-0.10739865,-0.13504665,0.98740268,0.01906312,1.36160314,-0.02402578,-0.05126698,-0.01587320,0.03011822,-0.01811587,0.02399726,-0.06331460,0.14449557,0.03413439,-0.00767291,0.07065597,-0.02436237,0.16793052
7.270000,-0.10790413,-0.13520368,0.98770344,0.01888547,1.36184188,-0.02465057,-0.04983338,-0.01553281,0.03002952,-0.01741801,0.02374850,-0.06164678,0.14220716,0.03393657,-0.01004078,0.06891323,-0.02537394,0.16561206
7.280000,-0.10839540,-0.13535731,0.98800319,0.01871470,1.36207808,-0.02525880,-0.04842317,-0.01519461,0.02991790,-0.01673764,0.02349010,-0.06000281,0.13981935,0.03369559,-0.01225935,0.06715938,-0.02628831,0.16315869
7.290000,-0.10887268,-0.13550758,0.98830172,0.01855065,1.36231165,-0.02585071,-0.04703733,-0.01485905,0.02978486,-0.01607486,0.02322307,-0.05838406,0.13733139,0.03341048,-0.01432266,0.06539557,-0.02710203,0.16056872
7.300000,-0.10933623,-0.13565450,0.98859882,0.01839315,1.36254251,-0.02642657,-0.04567687,-0.01452655,0.02963198,-0.01542976,0.02294841,-0.05679190,0.13474252,0.03308022,-0.01622475,0.06362292,-0.02781165,0.15784046
7.310000,-0.10978630,-0.13579812,0.98889430,0.01824200,1.36277060,-0.02698664,-0.04434282,-0.01419759,0.02946092,-0.01480242,0.02266719,-0.05522772,0.13205198,0.03270384,-0.01795964,0.06184257,-0.02841373,0.15497222
7.320000,-0.11022317,-0.13593847,0.98918799,0.01809704,1.36299584,-0.02753122,-0.04303618,-0.01387263,0.02927337,-0.01419293,0.02238050,-0.05369293,0.12925901,0.03228033,-0.01952138,0.06005565,-0.02890481,0.15196232
7.330000,-0.11064712,-0.13607559,0.98947972,0.01795808,1.36321819,-0.02806060,-0.04175798,-0.01355215,0.02907109,-0.01360133,0.02208948,-0.05218895,0.12636287,0.03180871,-0.02090399,0.05826330,-0.02928145,0.14880907
7.340000,-0.11105843,-0.13620953,0.98976936,0.01782495,1.36343762,-0.02857511,-0.04050926,-0.01323662,0.02885590,-0.01302768,0.02179527,-0.05071723,0.12336279,0.03128798,-0.02210152,0.05646664,-0.02954019,0.14551078
7.350000,-0.11145741,-0.13634034,0.99005680,0.01769747,1.36365409,-0.02907506,-0.03929107,-0.01292656,0.02862969,-0.01247201,0.02149908,-0.04927922,0.12025802,0.03071714,-0.02310798,0.05466680,-0.02967759,0.14206577
7.360000,-0.11184436,-0.13646808,0.99034193,0.01757545,1.36386760,-0.02956081,-0.03810446,-0.01262245,0.02839440,-0.01193435,0.02120213,-0.04787641,0.11704781,0.03009522,-0.02391742,0.05286493,-0.02969019,0.13847234
7.370000,-0.11221961,-0.13659281,0.99062466,0.01745872,1.36407813,-0.03003271,-0.03695047,-0.01232483,0.02815202,-0.01141471,0.02090570,-0.04651028,0.11373138,0.02942121,-0.02452387,0.05106214,-0.02957455,0.13472882
7.380000,-0.11258348,-0.13671460,0.99090495,0.01734710,1.36428572,-0.03049114,-0.03583018,-0.01203420,0.02790462,-0.01091310,0.02061108,-0.04518234,0.11030800,0.02869412,-0.02492136,0.04925958,-0.02932722,0.13083352
7.390000,-0.11293633,-0.13683352,0.99118275,0.01724040,1.36449037,-0.03093649,-0.03474467,-0.01175112,0.02765431,-0.01042951,0.02031961,-0.04389412,0.10677690,0.02791295,-0.02510393,0.04745838,-0.02894475,0.12678474
7.400000,-0.11327849,-0.13694965,0.99145804,0.01713845,1.36469212,-0.03136916,-0.03369501,-0.01147613,0.02740328,-0.00996393,0.02003265,-0.04264716,0.10313734,0.02707674,-0.02506565,0.04565966,-0.02842371,0.12258083
7.410000,-0.11361035,-0.13706307,0.99173082,0.01704106,1.36489104,-0.03178958,-0.03268228,-0.01120977,0.02715374,-0.00951631,0.01975160,-0.04144302,0.09939016,0.02618537,-0.02480446,0.04386435,-0.02776306,0.11822245
7.420000,-0.11393227,-0.13717388,0.99200112,0.01694806,1.36508718,-0.03219817,-0.03170755,-0.01095260,0.02690791,-0.00908663,0.01947784,-0.04028321,0.09553898,0.02524035,-0.02432524,0.04207301,-0.02696604,0.11371447
7.430000,-0.11424463,-0.13728216,0.99226900,0.01685927,1.36528063,-0.03259539,-0.03077184,-0.01070514,0.02666795,-0.00867483,0.01921272,-0.03916921,0.09158775,0.02424335,-0.02363363,0.04028616,-0.02603633,0.10906220
7.440000,-0.11454784,-0.13738801,0.99253451,0.01677450,1.36547147,-0.03298171,-0.02987612,-0.01046790,0.02643593,-0.00828089,0.01895754,-0.03810243,0.08754041,0.02319605,-0.02273524,0.03850432,-0.02497763,0.10427095
7.450000,-0.11484229,-0.13749155,0.99279775,0.01669359,1.36565981,-0.03335760,-0.02902134,-0.01024138,0.02621391,-0.00790473,0.01871359,-0.03708424,0.08340090,0.02210010,-0.02163570,0.03672799,-0.02379362,0.09934601
7.460000,-0.11512840,-0.13759288,0.99305883,0.01661635,1.36584578,-0.03372356,-0.02820839,-0.01002606,0.02600387,-0.00754631,0.01848208,-0.03611594,0.07917314,0.02095719,-0.02034062,0.03495771,-0.02248799,0.09429270
7.470000,-0.11540660,-0.13769211,0.99331787,0.01654261,1.36602950,-0.03408009,-0.02743815,-0.00982239,0.02580773,-0.00720555,0.01826422,-0.03519879,0.07486110,0.01976898,-0.01885563,0.03319399,-0.02106442,0.08911633
7.480000,-0.11567731,-0.13778937,0.99357503,0.01647218,1.36621111,-0.03442771,-0.02671144,-0.00963082,0.02562737,-0.00688240,0.01806117,-0.03433400,0.07046869,0.01853713,-0.01718636,0.03143735,-0.01952661,0.08382220
7.490000,-0.11594098,-0.13788477,0.99383048,0.01640490,1.36639078,-0.03476695,-0.02602903,-0.00945178,0.02546460,-0.00657678,0.01787405,-0.03352272,0.06599986,0.01726333,-0.01533842,0.02968830,-0.01787825,0.07841561
7.500000,-0.11619804,-0.13797844,0.99408439,0.01634059,1.36656865,-0.03509835,-0.02539168,-0.00928569,0.02532118,-0.00628861,0.01770396,-0.03276605,0.06145854,0.01594924,-0.01331743,0.02794737,-0.01612301,0.07290187
7.510000,-0.11644896,-0.13807053,0.99433697,0.01627907,1.36674492,-0.03542246,-0.02480009,-0.00913293,0.02519881,-0.00601781,0.01755194,-0.03206502,0.05684868,0.01459653,-0.01112902,0.02621507,-0.01426460,0.06728630
7.520000,-0.11669420,-0.13816115,0.99458844,0.01622017,1.36691975,-0.03573984,-0.02425493,-0.00899388,0.02509914,-0.00576428,0.01741900,-0.03142064,0.05217422,0.01320687,-0.00877881,0.02449193,-0.01230669,0.06157419
7.530000,-0.11693422,-0.13825045,0.99483904,0.01616373,1.36709336,-0.03605106,-0.02375681,-0.00886891,0.02502375,-0.00552793,0.01730612,-0.03083385,0.04743908,0.01178193,-0.00627242,0.02277846,-0.01025298,0.05577085
7.540000,-0.11716949,-0.13833857,0.99508900,0.01610956,1.36726595,-0.03635671,-0.02330633,-0.00875835,0.02497419,-0.00530868,0.01721425,-0.03030551,0.04264722,0.01032337,-0.00361548,0.02107517,-0.00810715,0.04988159
7.550000,-0.11740050,-0.13842567,0.99533861,0.01605750,1.36743772,-0.03665737,-0.02290404,-0.00866255,0.02495193,-0.00510640,0.01714428,-0.02983648,0.03780256,0.00883288,-0.00081360,0.01938259,-0.00587289,0.04391172
7.560000,-0.11762774,-0.13851188,0.99558814,0.01600737,1.36760891,-0.03695364,-0.02255044,-0.00858180,0.02495838,-0.00492099,0.01709707,-0.02942753,0.03290905,0.00731212,0.00212759,0.01770124,-0.00355389,0.03786654
7.570000,-0.11785168,-0.13859735,0.99583788,0.01595902,1.36777974,-0.03724612,-0.02224601,-0.00851640,0.02499493,-0.00475233,0.01707347,-0.02907938,0.02797062,0.00576276,0.00520248,0.01603163,-0.00115384,0.03175135
7.580000,-0.11807282,-0.13868226,0.99608814,0.01591227,1.36795046,-0.03753543,-0.02199117,-0.00846663,0.02506286,-0.00460031,0.01707425,-0.02879272,0.02299121,0.00418647,0.00840543,0.01437428,0.00132357,0.02557148
7.590000,-0.11829167,-0.13876674,0.99633924,0.01586696,1.36812131,-0.03782219,-0.02178631,-0.00843276,0.02516344,-0.00446480,0.01710019,-0.02856815,0.01797477,0.00258492,0.01173083,0.01272972,0.00387466,0.01933221
7.600000,-0.11850872,-0.13885096,0.99659152,0.01582292,1.36829255,-0.03810701,-0.02163178,-0.00841501,0.02529787,-0.00434567,0.01715198,-0.02840625,0.01292522,0.00095978,0.01517306,0.01109845,0.00649574,0.01303886
7.610000,-0.11872447,-0.13893509,0.99684532,0.01577999,1.36846444,-0.03839052,-0.02152790,-0.00841363,0.02546727,-0.00424279,0.01723032,-0.02830754,0.00784651,-0.00068729,0.01872648,0.00948100,0.00918312,0.00669674
7.620000,-0.11893944,-0.13901929,0.99710099,0.01573801,1.36863725,-0.03867337,-0.02147494,-0.00842883,0.02567275,-0.00415601,0.01733585,-0.02827246,0.00274258,-0.00235460,0.02238549,0.00787789,0.01193312,0.00031115
7.630000,-0.11915414,-0.13910373,0.99735890,0.01569682,1.36881125,-0.03895618,-0.02147312,-0.00846079,0.02591532,-0.00408518,0.01746918,-0.02830144,-0.00238264,-0.00404049,0.02614446,0.00628963,0.01474203,-0.00611261
7.640000,-0.11936908,-0.13918857,0.99761942,0.01565625,1.36898672,-0.03923961,-0.02152265,-0.00850969,0.02619595,-0.00403016,0.01763088,-0.02839483,-0.00752521,-0.00574330,0.02999777,0.00471674,0.01760619,-0.01256922
7.650000,-0.11958477,-0.13927398,0.99788295,0.01561616,1.36916396,-0.03952430,-0.02162367,-0.00857570,0.02651557,-0.00399079,0.01782148,-0.02855292,-0.01268119,-0.00746134,0.03393979,0.00315974,0.02052189,-0.01905338
7.660000,-0.11980172,-0.13936014,0.99814986,0.01557639,1.36934325,-0.03981089,-0.02177630,-0.00865896,0.02687502,-0.00396691,0.01804147,-0.02877597,-0.01784665,-0.00919296,0.03796490,0.00161915,0.02348545,-0.02555978
7.670000,-0.12002046,-0.13944721,0.99842058,0.01553677,1.36952489,-0.04010003,-0.02198062,-0.00875960,0.02727512,-0.00395835,0.01829133,-0.02906417,-0.02301763,-0.01093648,0.04206749,0.00009549,0.02649319,-0.03208312
7.680000,-0.12024151,-0.13953539,0.99869551,0.01549717,1.36970918,-0.04039239,-0.02223666,-0.00887773,0.02771661,-0.00396494,0.01857147,-0.02941767,-0.02819021,-0.01269023,0.04624192,-0.00141072,0.02954141,-0.03861809
7.690000,-0.12046537,-0.13962483,0.99897505,0.01545742,1.36989642,-0.04068860,-0.02254442,-0.00901344,0.02820018,-0.00398651,0.01888228,-0.02983655,-0.03336045,-0.01445254,0.05048258,-0.00289898,0.03262643,-0.04515938
7.700000,-0.12069257,-0.13971571,0.99925965,0.01541739,1.37008693,-0.04098934,-0.02290385,-0.00916680,0.02872647,-0.00402286,0.01922411,-0.03032086,-0.03852441,-0.01622174,0.05478385,-0.00436874,0.03574455,-0.05170169
7.710000,-0.12092362,-0.13980822,0.99954973,0.01537692,1.37028101,-0.04129524,-0.02331487,-0.00933789,0.02929604,-0.00407382,0.01959727,-0.03087057,-0.04367815,-0.01799616,0.05914010,-0.00581951,0.03889210,-0.05823972
7.720000,-0.12115904,-0.13990253,0.99984572,0.01533587,1.37047898,-0.04160697,-0.02377737,-0.00952674,0.02990943,-0.00413919,0.02000204,-0.03148562,-0.04881773,-0.01977413,0.06354571,-0.00725076,0.04206538,-0.06476814
7.730000,-0.12139934,-0.13999882,1.00014806,0.01529409,1.37068116,-0.04192517,-0.02429117,-0.00973338,0.03056710,-0.00421877,0.02043865,-0.03216589,-0.05393922,-0.02155399,0.06799506,-0.00866197,0.04526070,-0.07128166
7.740000,-0.12164503,-0.14009726,1.00045721,0.01525144,1.37088786,-0.04225050,-0.02485608,-0.00995782,0.03126946,-0.00431236,0.02090731,-0.03291119,-0.05903867,-0.02333406,0.07248253,-0.01005263,0.04847438,-0.07777497
7.750000,-0.12189663,-0.14019803,1.00077360,0.01520779,1.37109941,-0.04258361,-0.02547185,-0.01020005,0.03201686,-0.00441975,0.02140819,-0.03372130,-0.06411215,-0.02511266,0.07700250,-0.01142221,0.05170273,-0.08424277
7.760000,-0.12215464,-0.14030132,1.00109770,0.01516300,1.37131613,-0.04292514,-0.02613822,-0.01046006,0.03280960,-0.00454073,0.02194141,-0.03459594,-0.06915572,-0.02688814,0.08154934,-0.01277019,0.05494205,-0.09067975
7.770000,-0.12241956,-0.14040729,1.00142995,0.01511694,1.37153835,-0.04327574,-0.02685486,-0.01073780,0.03364792,-0.00467508,0.02250705,-0.03553478,-0.07416545,-0.02865883,0.08611743,-0.01409607,0.05818868,-0.09708059
7.780000,-0.12269190,-0.14051613,1.00177081,0.01506946,1.37176638,-0.04363605,-0.02762140,-0.01103322,0.03453200,-0.00482258,0.02310519,-0.03653742,-0.07913738,-0.03042304,0.09070115,-0.01539932,0.06143890,-0.10344001
7.790000,-0.12297215,-0.14062802,1.00212074,0.01502044,1.37200056,-0.04400670,-0.02843746,-0.01134623,0.03546198,-0.00498299,0.02373583,-0.03760342,-0.08406760,-0.03217912,0.09529488,-0.01667942,0.06468904,-0.10975267
7.800000,-0.12326081,-0.14074312,1.00248020,0.01496976,1.37224121,-0.04438833,-0.02930260,-0.01167677,0.03643791,-0.00515609,0.02439896,-0.03873230,-0.08895214,-0.03392539,0.09989299,-0.01793585,0.06793541,-0.11601330
7.810000,-0.12355837,-0.14086161,1.00284965,0.01491728,1.37248865,-0.04478156,-0.03021634,-0.01202470,0.03745983,-0.00534163,0.02509452,-0.03992349,-0.09378709,-0.03566018,0.10448987,-0.01916810,0.07117433,-0.12221656
7.820000,-0.12386530,-0.14098367,1.00322955,0.01486288,1.37274320,-0.04518700,-0.03117817,-0.01238992,0.03852769,-0.00553937,0.02582241,-0.04117642,-0.09856850,-0.03738182,0.10907989,-0.02037565,0.07440209,-0.12835717
7.830000,-0.12418209,-0.14110947,1.00362036,0.01480645,1.37300520,-0.04560529,-0.03218752,-0.01277229,0.03964139,-0.00574906,0.02658251,-0.04249041,-0.10329243,-0.03908864,0.11365743,-0.02155797,0.07761502,-0.13442981
7.840000,-0.12450921,-0.14123917,1.00402253,0.01474786,1.37327496,-0.04603701,-0.03324381,-0.01317164,0.04080078,-0.00597044,0.02737465,-0.04386477,-0.10795495,-0.04077898,0.11821686,-0.02271456,0.08080942,-0.14042917
7.850000,-0.12484712,-0.14137295,1.00443653,0.01468700,1.37355280,-0.04648278,-0.03434640,-0.01358781,0.04200565,-0.00620326,0.02819862,-0.04529873,-0.11255211,-0.04245116,0.12275258,-0.02384489,0.08398162,-0.14634996
7.860000,-0.12519629,-0.14151098,1.00486279,0.01462376,1.37383904,-0.04694318,-0.03549462,-0.01402060,0.04325573,-0.00644725,0.02905419,-0.04679149,-0.11707998,-0.04410351,0.12725894,-0.02494844,0.08712791,-0.15218685
7.870000,-0.12555716,-0.14165342,1.00530179,0.01455802,1.37413399,-0.04741880,-0.03668776,-0.01446981,0.04455071,-0.00670214,0.02994108,-0.04834217,-0.12153462,-0.04573437,0.13173034,-0.02602469,0.09024462,-0.15793455
7.880000,-0.12593019,-0.14180043,1.00575396,0.01448968,1.37443796,-0.04791022,-0.03792506,-0.01493521,0.04589020,-0.00696765,0.03085897,-0.04994987,-0.12591209,-0.04734206,0.13616115,-0.02707314,0.09332805,-0.16358776
7.890000,-0.12631581,-0.14195218,1.00621974,0.01441863,1.37475127,-0.04841799,-0.03920573,-0.01541657,0.04727378,-0.00724351,0.03180752,-0.05161360,-0.13020846,-0.04892491,0.14054575,-0.02809325,0.09637451,-0.16914115
7.900000,-0.12671445,-0.14210882,1.00669958,0.01434478,1.37507421,-0.04894267,-0.04052894,-0.01591362,0.04870094,-0.00752942,0.03278633,-0.05333234,-0.13441978,-0.05048125,0.14487851,-0.02908451,0.09938033,-0.17458944
7.910000,-0.12712652,-0.14227050,1.00719390,0.01426801,1.37540710,-0.04948481,-0.04189383,-0.01642610,0.05017116,-0.00782510,0.03379498,-0.05510502,-0.13854211,-0.05200942,0.14915382,-0.03004641,0.10234181,-0.17992730
7.920000,-0.12755246,-0.14243739,1.00770314,0.01418824,1.37575021,-0.05004495,-0.04329947,-0.01695371,0.05168381,-0.00813025,0.03483301,-0.05693050,-0.14257153,-0.05350774,0.15336605,-0.03097842,0.10525526,-0.18514944
7.930000,-0.12799265,-0.14260963,1.00822772,0.01410538,1.37610385,-0.05062360,-0.04474493,-0.01749615,0.05323825,-0.00844456,0.03589991,-0.05880760,-0.14650408,-0.05497455,0.15750958,-0.03188002,0.10811699,-0.19025054
7.940000,-0.12844749,-0.14278736,1.00876804,0.01401932,1.37646830,-0.05122127,-0.04622922,-0.01805309,0.05483375,-0.00876774,0.03699516,-0.06073509,-0.15033584,-0.05640816,0.16157879,-0.03275070,0.11092332,-0.19522530
7.950000,-0.12891736,-0.14297073,1.00932453,0.01392999,1.37684385,-0.05183846,-0.04775130,-0.01862419,0.05646956,-0.00909947,0.03811818,-0.06271167,-0.15406286,-0.05780692,0.16556806,-0.03358994,0.11367056,-0.20006842
7.960000,-0.12940263,-0.14315989,1.00989757,0.01383731,1.37723076,-0.05247566,-0.04931012,-0.01920911,0.05814483,-0.00943944,0.03926836,-0.06473600,-0.15768121,-0.05916916,0.16947176,-0.03439722,0.11635502,-0.20477459
7.970000,-0.12990368,-0.14335496,1.01048755,0.01374118,1.37762930,-0.05313334,-0.05090455,-0.01980745,0.05985869,-0.00978731,0.04044506,-0.06680669,-0.16118695,-0.06049319,0.17328427,-0.03517202,0.11897301,-0.20933850
7.980000,-0.13042084,-0.14355608,1.01109487,0.01364154,1.37803975,-0.05381194,-0.05253347,-0.02041884,0.06161019,-0.01014277,0.04164759,-0.06892228,-0.16457613,-0.06177737,0.17699997,-0.03591382,0.12152084,-0.21375484
7.990000,-0.13095446,-0.14376338,1.01171988,0.01353830,1.37846234,-0.05451193,-0.05419567,-0.02104286,0.06339835,-0.01050547,0.04287523,-0.07108127,-0.16784483,-0.06302000,0.18061325,-0.03662211,0.12399484,-0.21801831
8.000000,-0.13150486,-0.14397698,1.01236295,0.01343140,1.37889733,-0.05523371,-0.05588995,-0.02167909,0.06522210,-0.01087510,0.04412723,-0.07328212,-0.17098910,-0.06421943,0.18411846,-0.03729637,0.12639130,-0.22212361
8.010000,-0.13207236,-0.14419700,1.01302444,0.01332078,1.37934496,-0.05597770,-0.05761503,-0.02232710,0.06708034,-0.01125129,0.04540279,-0.07552320,-0.17400500,-0.06537398,0.18751001,-0.03793607,0.12870654,-0.22606541
8.020000,-0.13265726,-0.14442356,1.01370467,0.01320636,1.37980546,-0.05674430,-0.05936961,-0.02298642,0.06897190,-0.01163370,0.04670107,-0.07780286,-0.17688860,-0.06648199,0.19078225,-0.03854070,0.13093687,-0.22983843
8.030000,-0.13325985,-0.14465677,1.01440398,0.01308808,1.38027906,-0.05753388,-0.06115234,-0.02365658,0.07089557,-0.01202198,0.04802123,-0.08011939,-0.17963596,-0.06754178,0.19392958,-0.03910975,0.13307861,-0.23343735
8.040000,-0.13388040,-0.14489673,1.01512268,0.01296590,1.38076596,-0.05834681,-0.06296186,-0.02433709,0.07285006,-0.01241577,0.04936234,-0.08247101,-0.18224314,-0.06855168,0.19694636,-0.03964269,0.13512807,-0.23685687
8.050000,-0.13451917,-0.14514354,1.01586108,0.01283975,1.38126637,-0.05918341,-0.06479673,-0.02502744,0.07483404,-0.01281471,0.05072347,-0.08485591,-0.18470620,-0.06951003,0.19982699,-0.04013900,0.13708155,-0.24009167
8.060000,-0.13517641,-0.14539731,1.01661946,0.01270959,1.38178049,-0.06004403,-0.06665549,-0.02572711,0.07684612,-0.01321843,0.05210364,-0.08727221,-0.18702120,-0.07041516,0.20256582,-0.04059817,0.13893538,-0.24313646
8.070000,-0.13585235,-0.14565811,1.01739809,0.01257537,1.38230850,-0.06092896,-0.06853664,-0.02643556,0.07888486,-0.01362655,0.05350183,-0.08971799,-0.18918421,-0.07126538,0.20515725,-0.04101968,0.14068585,-0.24598592
8.080000,-0.13654721,-0.14592604,1.01819724,0.01243704,1.38285058,-0.06183848,-0.07043865,-0.02715223,0.08094876,-0.01403870,0.05491700,-0.09219126,-0.19119129,-0.07205904,0.20759565,-0.04140301,0.14232929,-0.24863475
8.090000,-0.13726119,-0.14620118,1.01901715,0.01229458,1.38340690,-0.06277287,-0.07235994,-0.02787655,0.08303625,-0.01445448,0.05634805,-0.09469000,-0.19303850,-0.07279447,0.20987540,-0.04174764,0.14386201,-0.25107765
8.100000,-0.13799447,-0.14648360,1.01985804,0.01214794,1.38397759,-0.06373236,-0.07429888,-0.02860792,0.08514572,-0.01487352,0.05779386,-0.09721211,-0.19472190,-0.07346999,0.21199088,-0.04205305,0.14528032,-0.25330930
8.110000,-0.13874722,-0.14677336,1.02072013,0.01199710,1.38456282,-0.06471718,-0.07625382,-0.02934574,0.08727550,-0.01529541,0.05925326,-0.09975546,-0.19623755,-0.07408394,0.21393646,-0.04231873,0.14658053,-0.25532441
8.120000,-0.13951959,-0.14707053,1.02160361,0.01184203,1.38516270,-0.06572753,-0.07822306,-0.03008939,0.08942386,-0.01571976,0.06072506,-0.10231786,-0.19758151,-0.07463464,0.21570652,-0.04254415,0.14775895,-0.25711765
8.130000,-0.14031172,-0.14737517,1.02250866,0.01168270,1.38577736,-0.06676359,-0.08020486,-0.03083822,0.09158903,-0.01614616,0.06220802,-0.10489706,-0.19874986,-0.07512043,0.21729545,-0.04272881,0.14881189,-0.25868374
8.140000,-0.14112373,-0.14768731,1.02343544,0.01151910,1.38640689,-0.06782552,-0.08219745,-0.03159157,0.09376915,-0.01657420,0.06370087,-0.10749076,-0.19973864,-0.07553963,0.21869761,-0.04287217,0.14973567,-0.26001735
8.150000,-0.14195570,-0.14800701,1.02438409,0.01135121,1.38705140,-0.06891345,-0.08419902,-0.03234878,0.09596234,-0.01700346,0.06520229,-0.11009661,-0.20054392,-0.07589057,0.21990740,-0.04297372,0.15052660,-0.26111319
8.160000,-0.14280773,-0.14833430,1.02535472,0.01117903,1.38771096,-0.07002749,-0.08620771,-0.03310915,0.09816664,-0.01743353,0.06671095,-0.11271221,-0.20116176,-0.07617160,0.22091917,-0.04303295,0.15118099,-0.26196595
8.170000,-0.14367987,-0.14866920,1.02634745,0.01100254,1.38838564,-0.07116772,-0.08822162,-0.03387197,0.10038004,-0.01786398,0.06822545,-0.11533510,-0.20158822,-0.07638102,0.22172732,-0.04304933,0.15169515,-0.26257031
8.180000,-0.14457217,-0.14901174,1.02736235,0.01082175,1.38907549,-0.07233420,-0.09023882,-0.03463653,0.10260049,-0.01829437,0.06974437,-0.11796277,-0.20181937,-0.07651718,0.22232622,-0.04302234,0.15206540,-0.26292099
8.190000,-0.14548465,-0.14936194,1.02839948,0.01063665,1.38978054,-0.07352698,-0.09225734,-0.03540207,0.10482585,-0.01872428,0.07126626,-0.12059266,-0.20185127,-0.07657841,0.22271026,-0.04295148,0.15228804,-0.26301266
8.200000,-0.14641732,-0.14971979,1.02945887,0.01044726,1.39050082,-0.07474606,-0.09427517,-0.03616784,0.10705396,-0.01915326,0.07278963,-0.12322214,-0.20167998,-0.07656303,0.22287379,-0.04283621,0.15235939,-0.26284002
8.210000,-0.14737015,-0.15008529,1.03054056,0.01025359,1.39123633,-0.07599141,-0.09629025,-0.03693307,0.10928257,-0.01958085,0.07431293,-0.12584856,-0.20130155,-0.07646938,0.22281122,-0.04267603,0.15227576,-0.26239776
8.220000,-0.14834311,-0.15045844,1.03164452,0.01005565,1.39198707,-0.07726301,-0.09830050,-0.03769696,0.11150941,-0.02000662,0.07583461,-0.12846918,-0.20071206,-0.07629579,0.22251691,-0.04247041,0.15203347,-0.26168059
8.230000,-0.14933614,-0.15083922,1.03277073,0.00985347,1.39275301,-0.07856077,-0.10030378,-0.03845871,0.11373212,-0.02043011,0.07735306,-0.13108124,-0.19990757,-0.07604058,0.22198523,-0.04221883,0.15162882,-0.26068319
8.240000,-0.15034915,-0.15122761,1.03391914,0.00964706,1.39353412,-0.07988459,-0.10229792,-0.03921750,0.11594830,-0.02085085,0.07886663,-0.13368190,-0.19888413,-0.07570208,0.22121058,-0.04192078,0.15105812,-0.25940025
8.250000,-0.15138206,-0.15162356,1.03508967,0.00943646,1.39433032,-0.08123436,-0.10428072,-0.03997247,0.11815550,-0.02126837,0.08037366,-0.13626827,-0.19763780,-0.07527863,0.22018733,-0.04157573,0.15031769,-0.25782647
8.260000,-0.15243472,-0.15202704,1.03628221,0.00922171,1.39514156,-0.08260990,-0.10624992,-0.04072278,0.12035120,-0.02168220,0.08187241,-0.13883744,-0.19616466,-0.07476856,0.21890985,-0.04118318,0.14940385,-0.25595655
8.270000,-0.15350700,-0.15243800,1.03749665,0.00900283,1.39596774,-0.08401104,-0.10820324,-0.04146755,0.12253283,-0.02209187,0.08336114,-0.14138640,-0.19446076,-0.07417020,0.21737253,-0.04074259,0.14831290,-0.25378517
8.280000,-0.15459873,-0.15285637,1.03873281,0.00877988,1.39680874,-0.08543755,-0.11013835,-0.04220588,0.12469777,-0.02249689,0.08483807,-0.14391212,-0.19252216,-0.07348187,0.21556973,-0.04025346,0.14704115,-0.25130703
8.290000,-0.15570970,-0.15328209,1.03999054,0.00855291,1.39766445,-0.08688919,-0.11205289,-0.04293688,0.12684332,-0.02289678,0.08630135,-0.14641150,-0.19034493,-0.07270190,0.21349585,-0.03971527,0.14558491,-0.24851683
8.300000,-0.15683971,-0.15371508,1.04126961,0.00832197,1.39853472,-0.08836569,-0.11394444,-0.04365961,0.12896676,-0.02329103,0.08774914,-0.14888140,-0.18792512,-0.07182864,0.21114525,-0.03912749,0.14394051,-0.24540925
8.310000,-0.15798850,-0.15415525,1.04256979,0.00808711,1.39941938,-0.08986671,-0.11581057,-0.04437314,0.13106529,-0.02367916,0.08917952,-0.15131861,-0.18525881,-0.07086040,0.20851232,-0.03848960,0.14210425,-0.24197899
8.320000,-0.15915583,-0.15460251,1.04389082,0.00784841,1.40031825,-0.09139194,-0.11764878,-0.04507650,0.13313605,-0.02406066,0.09059057,-0.15371988,-0.18234204,-0.06979551,0.20559144,-0.03780110,0.14007244,-0.23822074
8.330000,-0.16034138,-0.15505675,1.04523241,0.00760592,1.40123112,-0.09294098,-0.11945656,-0.04576872,0.13517614,-0.02443501,0.09198031,-0.15608191,-0.17917088,-0.06863231,0.20237697,-0.03706146,0.13784139,-0.23412920
8.340000,-0.16154485,-0.15551784,1.04659423,0.00735973,1.40215777,-0.09451343,-0.12123134,-0.04644881,0.13718259,-0.02480171,0.09334672,-0.15840134,-0.17574140,-0.06736913,0.19886331,-0.03627015,0.13540742,-0.22969907
8.350000,-0.16276589,-0.15598568,1.04797594,0.00710991,1.40309797,-0.09610885,-0.12297051,-0.04711576,0.13915239,-0.02516024,0.09468777,-0.16067475,-0.17204966,-0.06600430,0.19504482,-0.03542668,0.13276684,-0.22492502
8.360000,-0.16400413,-0.15646011,1.04937715,0.00685656,1.40405144,-0.09772676,-0.12467145,-0.04776855,0.14108245,-0.02551007,0.09600136,-0.16289868,-0.16809171,-0.06453614,0.19091589,-0.03453051,0.12991596,-0.21980176
8.370000,-0.16525918,-0.15694100,1.05079744,0.00659974,1.40501790,-0.09936665,-0.12633145,-0.04840613,0.14296965,-0.02585067,0.09728537,-0.16506960,-0.16386362,-0.06296299,0.18647090,-0.03358112,0.12685109,-0.21432399
8.380000,-0.16653061,-0.15742818,1.05223639,0.00633957,1.40599704,-0.10102797,-0.12794780,-0.04902746,0.14481080,-0.02618151,0.09853765,-0.16718396,-0.15936146,-0.06128318,0.18170421,-0.03257801,0.12356855,-0.20848639
8.390000,-0.16781798,-0.15792149,1.05369350,0.00607615,1.40698854,-0.10271013,-0.12951775,-0.04963144,0.14660265,-0.02650205,0.09975601,-0.16923811,-0.15458127,-0.05949503,0.17661022,-0.03152064,0.12006464,-0.20228366
8.400000,-0.16912080,-0.15842075,1.05516826,0.00580957,1.40799204,-0.10441252,-0.13103849,-0.05021699,0.14834189,-0.02681174,0.10093820,-0.17122839,-0.14951913,-0.05759688,0.17118330,-0.03040851,0.11633568,-0.19571048
8.410000,-0.17043858,-0.15892576,1.05666015,0.00553995,1.40900717,-0.10613447,-0.13250718,-0.05078300,0.15002518,-0.02711004,0.10208196,-0.17315107,-0.14417110,-0.05558706,0.16541782,-0.02924109,0.11237798,-0.18876157
8.420000,-0.17177076,-0.15943634,1.05816857,0.00526741,1.41003354,-0.10787530,-0.13392095,-0.05132835,0.15164910,-0.02739638,0.10318498,-0.17500236,-0.13853324,-0.05346390,0.15930816,-0.02801787,0.10818786,-0.18143160
8.430000,-0.17311680,-0.15995226,1.05969292,0.00499206,1.41107073,-0.10963427,-0.13527687,-0.05185190,0.15321018,-0.02767021,0.10424493,-0.17677841,-0.13260160,-0.05122572,0.15284871,-0.02673833,0.10376162,-0.17371527
8.440000,-0.17447610,-0.16047330,1.06123255,0.00471405,1.41211829,-0.11141060,-0.13657199,-0.05235248,0.15470489,-0.02793096,0.10525941,-0.17847536,-0.12637226,-0.04887086,0.14603384,-0.02540194,0.09909557,-0.16560728
8.450000,-0.17584803,-0.16099923,1.06278678,0.00443349,1.41317576,-0.11320350,-0.13780331,-0.05282892,0.15612965,-0.02817806,0.10622603,-0.18008924,-0.11984127,-0.04639765,0.13885792,-0.02400820,0.09418604,-0.15710232
8.460000,-0.17723194,-0.16152979,1.06435490,0.00415053,1.41424264,-0.11501210,-0.13896779,-0.05328003,0.15748083,-0.02841093,0.10714231,-0.18161606,-0.11300470,-0.04380442,0.13131534,-0.02255657,0.08902932,-0.14819508
8.470000,-0.17862715,-0.16206474,1.06593614,0.00386532,1.41531843,-0.11683552,-0.14006237,-0.05370460,0.15875472,-0.02862899,0.10800578,-0.18305178,-0.10585860,-0.04108949,0.12340048,-0.02104655,0.08362174,-0.13888026
8.480000,-0.18003295,-0.16260379,1.06752972,0.00357801,1.41640257,-0.11867282,-0.14108392,-0.05410141,0.15994758,-0.02883166,0.10881390,-0.18439229,-0.09839909,-0.03825122,0.11510776,-0.01947763,0.07795963,-0.12915261
8.490000,-0.18144858,-0.16314667,1.06913481,0.00328874,1.41749451,-0.12052303,-0.14202932,-0.05446922,0.16105563,-0.02901835,0.10956413,-0.18563347,-0.09063098,-0.03529137,0.10644206,-0.01785093,0.07204639,-0.11901834
8.500000,-0.18287327,-0.16369308,1.07075054,0.00299769,1.41859366,-0.12238514,-0.14289559,-0.05480686,0.16207527,-0.02918850,0.11025405,-0.18677141,-0.08257814,-0.03221918,0.09743103,-0.01617122,0.06590077,-0.10850873
8.510000,-0.18430622,-0.16424270,1.07237601,0.00270503,1.41969939,-0.12425810,-0.14368002,-0.05511326,0.16300320,-0.02934162,0.11088144,-0.18780251,-0.07426695,-0.02904488,0.08810537,-0.01444370,0.05954356,-0.09765839
8.520000,-0.18574659,-0.16479523,1.07401029,0.00241092,1.42081107,-0.12614083,-0.14438016,-0.05538745,0.16383643,-0.02947724,0.11144429,-0.18872355,-0.06572381,-0.02577870,0.07849578,-0.01267360,0.05299556,-0.08650192
8.530000,-0.18719353,-0.16535034,1.07565242,0.00211554,1.42192805,-0.12803220,-0.14499381,-0.05562857,0.16457227,-0.02959496,0.11194078,-0.18953164,-0.05697510,-0.02243086,0.06863294,-0.01086613,0.04627756,-0.07507391
8.540000,-0.18864617,-0.16590769,1.07730140,0.00181908,1.42304966,-0.12993107,-0.14551906,-0.05583583,0.16520835,-0.02969445,0.11236934,-0.19022424,-0.04804721,-0.01901159,0.05854754,-0.00902653,0.03941035,-0.06340896
8.550000,-0.19010361,-0.16646694,1.07895624,0.00152172,1.42417521,-0.13183629,-0.14595425,-0.05600859,0.16574258,-0.02977541,0.11272856,-0.19079915,-0.03896652,-0.01553112,0.04827028,-0.00716001,0.03241472,-0.05154167
8.560000,-0.19156495,-0.16702775,1.08061591,0.00122364,1.42530399,-0.13374666,-0.14629797,-0.05614629,0.16617321,-0.02983758,0.11301728,-0.19125452,-0.02975943,-0.01199968,0.03783183,-0.00527179,0.02531147,-0.03950664
8.570000,-0.19302926,-0.16758975,1.08227936,0.00092503,1.42643531,-0.13566098,-0.14654910,-0.05624845,0.16649878,-0.02988079,0.11323450,-0.19158884,-0.02045231,-0.00842749,0.02726290,-0.00336709,0.01812139,-0.02733847
8.580000,-0.19449562,-0.16815260,1.08394553,0.00062608,1.42756844,-0.13757803,-0.14670677,-0.05631473,0.16671814,-0.02990488,0.11337948,-0.19180096,-0.01107156,-0.00482478,0.01659417,-0.00145113,0.01086528,-0.01507176
8.590000,-0.19596308,-0.16871593,1.08561336,0.00032699,1.42870266,-0.13949659,-0.14677037,-0.05634488,0.16683044,-0.02990979,0.11345166,-0.19189006,-0.00164356,-0.00120179,0.00585633,0.00047086,0.00356392,-0.00274109
8.600000,-0.19743071,-0.16927937,1.08728178,0.00002795,1.42983723,-0.14141542,-0.14673957,-0.05633874,0.16683514,-0.02989546,0.11345068,-0.19185568,0.00780530,0.00243126,-0.00491992,0.00239367,-0.00376189,0.00961892
8.610000,-0.19889756,-0.16984258,1.08894971,-0.00027085,1.43097143,-0.14333329,-0.14661429,-0.05629625,0.16673201,-0.02986193,0.11337641,-0.19169770,0.01724863,0.00606415,-0.01570391,0.00431207,-0.01109136,0.02197367
8.620000,-0.20036268,-0.17040518,1.09061606,-0.00056922,1.43210452,-0.14524896,-0.14639471,-0.05621749,0.16652114,-0.02980926,0.11322891,-0.19141634,0.02666005,0.00968664,-0.02646493,0.00622085,-0.01840369,0.03428858
8.630000,-0.20182514,-0.17096681,1.09227977,-0.00086697,1.43323576,-0.14716120,-0.14608128,-0.05610259,0.16620289,-0.02973756,0.11300846,-0.19101218,0.03601317,0.01328851,-0.03717230,0.00811478,-0.02567810,0.04652904
8.640000,-0.20328400,-0.17152711,1.09393976,-0.00116391,1.43436444,-0.14906880,-0.14567472,-0.05595182,0.16577797,-0.02964703,0.11271554,-0.19048612,0.04528159,0.01685953,-0.04779533,0.00998864,-0.03289378,0.05866045
8.650000,-0.20473833,-0.17208573,1.09559498,-0.00145985,1.43548984,-0.15097052,-0.14517602,-0.05576554,0.16524737,-0.02953787,0.11235085,-0.18983945,0.05443895,0.02038948,-0.05830332,0.01183722,-0.04002995,0.07064822
8.660000,-0.20618722,-0.17264230,1.09724436,-0.00175461,1.43661123,-0.15286519,-0.14458640,-0.05554420,0.16461239,-0.02941038,0.11191528,-0.18907375,0.06345884,0.02386811,-0.06866559,0.01365528,-0.04706581,0.08245774
8.670000,-0.20762976,-0.17319650,1.09888688,-0.00204800,1.43772791,-0.15475161,-0.14390739,-0.05528838,0.16387465,-0.02926489,0.11140994,-0.18819100,0.07231488,0.02728521,-0.07885146,0.01543762,-0.05398058,0.09405442
8.680000,-0.20906507,-0.17374796,1.10052152,-0.00233985,1.43883920,-0.15662863,-0.14314074,-0.05499874,0.16303605,-0.02910177,0.11083614,-0.18719349,0.08098068,0.03063055,-0.08883021,0.01717901,-0.06075345,0.10540365
8.690000,-0.21049229,-0.17429636,1.10214728,-0.00262998,1.43994441,-0.15849511,-0.14228850,-0.05467604,0.16209884,-0.02892146,0.11019541,-0.18608387,0.08942986,0.03389390,-0.09857118,0.01887422,-0.06736364,0.11647085
8.700000,-0.21191056,-0.17484137,1.10376318,-0.00291822,1.44104289,-0.16034994,-0.14135295,-0.05432117,0.16106552,-0.02872445,0.10948948,-0.18486513,0.09763603,0.03706504,-0.10804367,0.02051804,-0.07379034,0.12722140
8.710000,-0.21331908,-0.17538268,1.10536827,-0.00320441,1.44213399,-0.16219206,-0.14033667,-0.05393508,0.15993896,-0.02851129,0.10872028,-0.18354061,0.10557280,0.04013373,-0.11721698,0.02210525,-0.08001278,0.13762072
8.720000,-0.21471704,-0.17591997,1.10696165,-0.00348839,1.44321709,-0.16402041,-0.13924248,-0.05351887,0.15872228,-0.02828256,0.10788997,-0.18211400,0.11321379,0.04308974,-0.12606043,0.02363063,-0.08601015,0.14763421
8.730000,-0.21610368,-0.17645296,1.10854243,-0.00377001,1.44429159,-0.16583401,-0.13807347,-0.05307370,0.15741895,-0.02803890,0.10700090,-0.18058933,0.12053261,0.04592286,-0.13454333,0.02508895,-0.09176167,0.15722726
8.740000,-0.21747827,-0.17698136,1.11010976,-0.00404912,1.44535692,-0.16763189,-0.13683299,-0.05260085,0.15603272,-0.02778102,0.10605563,-0.17897097,0.12750286,0.04862284,-0.14263498,0.02647500,-0.09724653,0.16636527
8.750000,-0.21884011,-0.17750489,1.11166282,-0.00432559,1.44641253,-0.16941313,-0.13552466,-0.05210172,0.15456766,-0.02750966,0.10505693,-0.17726365,0.13409817,0.05117947,-0.15030470,0.02778355,-0.10244396,0.17501366
8.760000,-0.22018855,-0.17802331,1.11320086,-0.00459928,1.44745789,-0.17117688,-0.13415237,-0.05157778,0.15302814,-0.02722562,0.10400778,-0.17547245,0.14029215,0.05358251,-0.15752180,0.02900939,-0.10733314,0.18313781
8.770000,-0.22152296,-0.17853637,1.11472315,-0.00487006,1.44849252,-0.17292232,-0.13272025,-0.05103061,0.15141883,-0.02692976,0.10291136,-0.17360276,0.14605841,0.05582174,-0.16425559,0.03014728,-0.11189330,0.19070314
8.780000,-0.22284277,-0.17904385,1.11622902,-0.00513783,1.44951597,-0.17464869,-0.13123271,-0.05046192,0.14974474,-0.02662299,0.10177108,-0.17166036,0.15137056,0.05788694,-0.17047538,0.03119202,-0.11610364,0.19767504
8.790000,-0.22414745,-0.17954554,1.11771785,-0.00540249,1.45052781,-0.17635530,-0.12969444,-0.04987349,0.14801114,-0.02630625,0.10059053,-0.16965135,0.15620221,0.05976786,-0.17615047,0.03213838,-0.11994336,0.20401891
8.800000,-0.22543651,-0.18004126,1.11918907,-0.00566393,1.45152766,-0.17804152,-0.12811036,-0.04926721,0.14622365,-0.02598056,0.09937352,-0.16758219,0.16052699,0.06145429,-0.18125019,0.03298114,-0.12339168,0.20970016
8.810000,-0.22670952,-0.18053083,1.12064216,-0.00592207,1.45251517,-0.17970677,-0.12648567,-0.04864509,0.14438816,-0.02564699,0.09812407,-0.16545967,0.16431849,0.06293599,-0.18574382,0.03371508,-0.12642779,0.21468418
8.820000,-0.22796610,-0.18101411,1.12207669,-0.00617685,1.45349005,-0.18135056,-0.12482585,-0.04800921,0.14251089,-0.02530664,0.09684640,-0.16329095,0.16755034,0.06420274,-0.18960070,0.03433498,-0.12903092,0.21893639
8.830000,-0.22920594,-0.18149098,1.12349226,-0.00642819,1.45445202,-0.18297246,-0.12313662,-0.04736178,0.14059837,-0.02496069,0.09554496,-0.16108350,0.17019615,0.06524431,-0.19279013,0.03483562,-0.13118025,0.22242217
8.840000,-0.23042876,-0.18196132,1.12488856,-0.00667605,1.45540088,-0.18457213,-0.12142397,-0.04670511,0.13865742,-0.02461035,0.09422438,-0.15884517,0.17222953,0.06605048,-0.19528141,0.03521177,-0.13285501,0.22510693
8.850000,-0.23163436,-0.18242506,1.12626534,-0.00692038,1.45633646,-0.18614929,-0.11969416,-0.04604159,0.13669517,-0.02425689,0.09288951,-0.15658415,0.17362409,0.06661101,-0.19704386,0.03545822,-0.13403440,0.22695608
8.860000,-0.23282260,-0.18288214,1.12762242,-0.00716118,1.45725864,-0.18770376,-0.11795371,-0.04537374,0.13471907,-0.02390163,0.09154541,-0.15430895,0.17435345,0.06691567,-0.19804679,0.03556975,-0.13469762,0.22793501
8.870000,-0.23399342,-0.18333253,1.12895970,-0.00739842,1.45816736,-0.18923545,-0.11620940,-0.04470416,0.13273687,-0.02354596,0.09019735,-0.15202846,0.17439122,0.06695425,-0.19825950,0.03554113,-0.13482388,0.22800913
8.880000,-0.23514680,-0.18377622,1.13027716,-0.00763210,1.45906259,-0.19074434,-0.11446828,-0.04403558,0.13075662,-0.02319129,0.08885079,-0.14975190,0.17371101,0.06671650,-0.19765131,0.03536714,-0.13439240,0.22714383
8.890000,-0.23628282,-0.18421325,1.13157487,-0.00786225,1.45994440,-0.19223053,-0.11273766,-0.04337079,0.12878668,-0.02283912,0.08751143,-0.14748883,0.17228643,0.06619221,-0.19619153,0.03504257,-0.13338237,0.22530452
8.900000,-0.23740162,-0.18464366,1.13285296,-0.00808890,1.46081287,-0.19369420,-0.11102512,-0.04271272,0.12683573,-0.02249096,0.08618514,-0.14524917,0.17009110,0.06537115,-0.19384947,0.03456219,-0.13177300,0.22245660
8.910000,-0.23850341,-0.18506754,1.13411168,-0.00831209,1.46166816,-0.19513563,-0.10933849,-0.04206439,0.12491274,-0.02214841,0.08487804,-0.14304318,0.16709863,0.06424308,-0.19059444,0.03392078,-0.12954350,0.21856547
8.920000,-0.23958850,-0.18548499,1.13535134,-0.00853189,1.46251051,-0.19655521,-0.10768589,-0.04142892,0.12302699,-0.02181310,0.08359641,-0.14088146,0.16328264,0.06279778,-0.18639574,0.03311312,-0.12667309,0.21359654
8.930000,-0.24065727,-0.18589617,1.13657237,-0.00874838,1.46334020,-0.19795344,-0.10607567,-0.04080953,0.12118807,-0.02148672,0.08234678,-0.13877496,0.15861673,0.06102503,-0.18122269,0.03213400,-0.12314095,0.20751520
8.940000,-0.24171018,-0.18630125,1.13777529,-0.00896166,1.46415758,-0.19933093,-0.10451648,-0.04020954,0.11940588,-0.02117101,0.08113587,-0.13673498,0.15307453,0.05891459,-0.17504460,0.03097818,-0.11892631,0.20028685
8.950000,-0.24274780,-0.18670044,1.13896071,-0.00917184,1.46496307,-0.20068840,-0.10301719,-0.03963239,0.11769063,-0.02086776,0.07997060,-0.13477316,0.14662963,0.05645623,-0.16783078,0.02964045,-0.11400837,0.19187690
8.960000,-0.24377076,-0.18709398,1.14012936,-0.00937906,1.46575716,-0.20202669,-0.10158698,-0.03908161,0.11605282,-0.02057882,0.07885811,-0.13290149,0.13925567,0.05363973,-0.15955053,0.02811559,-0.10836634,0.18225075
8.970000,-0.24477980,-0.18748217,1.14128206,-0.00958347,1.46654043,-0.20334677,-0.10023526,-0.03856083,0.11450328,-0.02030609,0.07780575,-0.13113231,0.13092624,0.05045487,-0.15017317,0.02639838,-0.10197942,0.17137380
8.980000,-0.24577576,-0.18786531,1.14241976,-0.00978524,1.46731350,-0.20464972,-0.09897173,-0.03807378,0.11305312,-0.02005151,0.07682108,-0.12947830,0.12161496,0.04689140,-0.13966801,0.02448359,-0.09482682,0.15921145
8.990000,-0.24675956,-0.18824377,1.14354349,-0.00998457,1.46807710,-0.20593677,-0.09780632,-0.03762429,0.11171377,-0.01981709,0.07591184,-0.12795248,0.11129710,0.04293975,-0.12800625,0.02236634,-0.08688903,0.14573126
9.000000,-0.24773224,-0.18861794,1.14465444,-0.01018166,1.46883202,-0.20720924,-0.09674908,-0.03721625,0.11049678,-0.01960485,0.07508587,-0.12656799,0.09999155,0.03860715,-0.11520925,0.02005051,-0.07818060,0.13095793
9.010000,-0.24869493,-0.18898824,1.14575387,-0.01037675,1.46957912,-0.20846864,-0.09580956,-0.03685334,0.10941312,-0.01941670,0.07435062,-0.12533734,0.08776422,0.03391896,-0.10135237,0.01754944,-0.06875271,0.11497769
9.020000,-0.24964886,-0.18935516,1.14684318,-0.01057008,1.47031936,-0.20971654,-0.09499664,-0.03653897,0.10847301,-0.01925443,0.07371304,-0.12427216,0.07468335,0.02890144,-0.08651365,0.01487693,-0.05865840,0.09787981
9.030000,-0.25059532,-0.18971920,1.14792384,-0.01076193,1.47105373,-0.21095467,-0.09431852,-0.03627632,0.10768586,-0.01911969,0.07317950,-0.12338318,0.06081716,0.02358087,-0.07077114,0.01204677,-0.04795069,0.07975359
9.040000,-0.25153570,-0.19008087,1.14899744,-0.01095257,1.47178331,-0.21218483,-0.09378269,-0.03606828,0.10706034,-0.01901398,0.07275589,-0.12268022,0.04623391,0.01798351,-0.05420289,0.00907278,-0.03668259,0.06068830
9.050000,-0.25247147,-0.19044075,1.15006562,-0.01114231,1.47250923,-0.21340892,-0.09339600,-0.03591748,0.10660430,-0.01893867,0.07244754,-0.12217224,0.03100181,0.01213561,-0.03688693,0.00596875,-0.02490713,0.04077322
9.060000,-0.25340414,-0.19079942,1.15113011,-0.01133145,1.47323266,-0.21462895,-0.09316459,-0.03582631,0.10632483,-0.01889499,0.07225926,-0.12186729,0.01518911,0.00606344,-0.01890131,0.00274848,-0.01267733,0.02009764
9.070000,-0.25433530,-0.19115749,1.15219272,-0.01152032,1.47395483,-0.21584697,-0.09309393,-0.03579687,0.10622824,-0.01888404,0.07219533,-0.12177253,-0.00113595,-0.00020672,-0.00032407,-0.00057421,-0.00004620,-0.00124915
9.080000,-0.25526657,-0.19151557,1.15325531,-0.01170924,1.47467700,-0.21706512,-0.09318879,-0.03583102,0.10632006,-0.01890677,0.07225950,-0.12189422,-0.01790515,-0.00664863,0.01876674,-0.00398553,0.01293323,-0.02317789
9.090000,-0.25619964,-0.19187432,1.15431977,-0.01189857,1.47540046,-0.21828559,-0.09345328,-0.03593033,0.10660503,-0.01896400,0.07245498,-0.12223773,-0.03505025,-0.01323601,0.03829307,-0.00747168,0.02620794,-0.04559927
9.100000,-0.25713621,-0.19223440,1.15538806,-0.01208864,1.47612654,-0.21951063,-0.09389082,-0.03609614,0.10708711,-0.01905641,0.07278446,-0.12280755,-0.05250301,-0.01994261,0.05817690,-0.01101886,0.03972491,-0.06842403
9.110000,-0.25807804,-0.19259647,1.15646218,-0.01227981,1.47685660,-0.22074251,-0.09450414,-0.03632949,0.10776950,-0.01918453,0.07325011,-0.12360726,-0.07019519,-0.02674215,0.07834016,-0.01461325,0.05343111,-0.09156288
9.120000,-0.25902689,-0.19296122,1.15754413,-0.01247245,1.47759201,-0.22198355,-0.09529529,-0.03663120,0.10865459,-0.01934878,0.07385354,-0.12463955,-0.08805857,-0.03360838,0.09870482,-0.01824107,0.06727354,-0.11492654
9.130000,-0.25998454,-0.19332932,1.15863595,-0.01266691,1.47833414,-0.22323608,-0.09626565,-0.03700180,0.10974401,-0.01954942,0.07459586,-0.12590624,-0.10602490,-0.04051503,0.11919283,-0.02188850,0.08119916,-0.13842573
9.140000,-0.26095280,-0.19370148,1.15973969,-0.01286356,1.47908439,-0.22450246,-0.09741591,-0.03744155,0.11103860,-0.01978657,0.07547762,-0.12740822,-0.12402596,-0.04743583,0.13972616,-0.02554174,0.09515496,-0.16197115
9.150000,-0.26193346,-0.19407839,1.16085741,-0.01306276,1.47984415,-0.22578503,-0.09874606,-0.03795047,0.11253842,-0.02006023,0.07649888,-0.12914552,-0.14199349,-0.05434453,0.16022674,-0.02918700,0.10908791,-0.18547354
9.160000,-0.26292832,-0.19446072,1.16199114,-0.01326489,1.48061483,-0.22708615,-0.10025544,-0.03852831,0.11424276,-0.02037024,0.07765913,-0.13111725,-0.15985928,-0.06121485,0.18061655,-0.03281047,0.12294500,-0.20884361
9.170000,-0.26393916,-0.19484918,1.16314294,-0.01347029,1.48139780,-0.22840815,-0.10194268,-0.03917455,0.11615012,-0.02071632,0.07895735,-0.13332165,-0.17755508,-0.06802055,0.20081754,-0.03639835,0.13667320,-0.23199207
9.180000,-0.26496776,-0.19524444,1.16431481,-0.01367933,1.48219443,-0.22975335,-0.10380575,-0.03988842,0.11825822,-0.02109804,0.08039199,-0.13575606,-0.19501267,-0.07473534,0.22075167,-0.03993683,0.15021950,-0.25482964
9.190000,-0.26601585,-0.19564717,1.16550876,-0.01389237,1.48300608,-0.23112403,-0.10584191,-0.04066887,0.12056401,-0.02151485,0.08196096,-0.13841691,-0.21216379,-0.08133297,0.24034088,-0.04341212,0.16353087,-0.27726705
9.200000,-0.26708516,-0.19605803,1.16672674,-0.01410974,1.48383409,-0.23252243,-0.10804777,-0.04151460,0.12306363,-0.02196603,0.08366165,-0.14129977,-0.22894022,-0.08778717,0.25950714,-0.04681040,0.17655429,-0.29921501
9.210000,-0.26817736,-0.19647768,1.16797067,-0.01433180,1.48467975,-0.23395075,-0.11041924,-0.04242405,0.12575248,-0.02245075,0.08549091,-0.14439928,-0.24527373,-0.09407168,0.27817240,-0.05011789,0.18923674,-0.32058423
9.220000,-0.26929408,-0.19690672,1.16924240,-0.01455887,1.48554432,-0.23541112,-0.11295154,-0.04339538,0.12862515,-0.02296804,0.08744507,-0.14770922,-0.26109608,-0.10016024,0.29625862,-0.05332077,0.20152520,-0.34128544
9.230000,-0.27043691,-0.19734578,1.17054376,-0.01479126,1.48642905,-0.23690561,-0.11563923,-0.04442651,0.13167546,-0.02351677,0.08951992,-0.15122247,-0.27633902,-0.10602658,0.31368776,-0.05640525,0.21336664,-0.36122934
9.240000,-0.27160737,-0.19779544,1.17187648,-0.01502930,1.48733511,-0.23843622,-0.11847617,-0.04551509,0.13489645,-0.02409570,0.09171073,-0.15493099,-0.29093434,-0.11164444,0.33038177,-0.05935752,0.22470806,-0.38032667
9.250000,-0.27280691,-0.19825627,1.17324223,-0.01527327,1.48826363,-0.24000485,-0.12145553,-0.04665849,0.13828038,-0.02470343,0.09401224,-0.15882588,-0.30481378,-0.11698756,0.34626260,-0.06216377,0.23549642,-0.39848814
9.260000,-0.27403693,-0.19872879,1.17464260,-0.01552346,1.48921570,-0.24161332,-0.12456983,-0.04785383,0.14181873,-0.02533844,0.09641864,-0.16289733,-0.31790912,-0.12202966,0.36125222,-0.06481022,0.24567871,-0.41562446
9.270000,-0.27529873,-0.19921351,1.17607909,-0.01578013,1.49019234,-0.24326335,-0.12781087,-0.04909799,0.14550220,-0.02599906,0.09892362,-0.16713465,-0.33015212,-0.12674449,0.37527258,-0.06728304,0.25520191,-0.43164635
9.280000,-0.27659354,-0.19971090,1.17755310,-0.01604352,1.49119448,-0.24495653,-0.13116980,-0.05038754,0.14932069,-0.02668348,0.10152031,-0.17152625,-0.34147455,-0.13110579,0.38824564,-0.06956846,0.26401299,-0.44646454
9.290000,-0.27792249,-0.20022140,1.17906592,-0.01631387,1.49222302,-0.24669435,-0.13463707,-0.05171884,0.15326336,-0.02738976,0.10420133,-0.17605963,-0.35180817,-0.13508728,0.40009334,-0.07165265,0.27205894,-0.45998973
9.300000,-0.27928661,-0.20074540,1.18061874,-0.01659138,1.49327876,-0.24847815,-0.13820244,-0.05308794,0.15731855,-0.02811582,0.10695876,-0.18072144,-0.36108474,-0.13866271,0.41073766,-0.07352182,0.27928672,-0.47213265
9.310000,-0.28068682,-0.20128327,1.18221262,-0.01687625,1.49436242,-0.25030916,-0.14185501,-0.05449065,0.16147384,-0.02885943,0.10978416,-0.18549738,-0.36923603,-0.14180581,0.42010054,-0.07516216,0.28564333,-0.48280401
9.320000,-0.28212396,-0.20183531,1.18384851,-0.01716862,1.49547464,-0.25218843,-0.14558318,-0.05592252,0.16571603,-0.02961825,0.11266854,-0.19037231,-0.37619381,-0.14449032,0.42810394,-0.07655988,0.29107575,-0.49191453
9.330000,-0.28359870,-0.20240180,1.18552719,-0.01746865,1.49661596,-0.25411688,-0.14937468,-0.05737884,0.17003113,-0.03038978,0.11560241,-0.19533017,-0.38188983,-0.14668997,0.43466982,-0.07770117,0.29553094,-0.49937493
9.340000,-0.28511162,-0.20298295,1.18724932,-0.01777645,1.49778682,-0.25609525,-0.15321655,-0.05885462,0.17440437,-0.03117137,0.11857573,-0.20035401,-0.38625587,-0.14837850,0.43972013,-0.07857223,0.29895589,-0.50509593
9.350000,-0.28666315,-0.20357894,1.18901542,-0.01809211,1.49898757,-0.25812412,-0.15709514,-0.06034462,0.17882022,-0.03196027,0.12157792,-0.20542600,-0.38922369,-0.14952965,0.44317683,-0.07915925,0.30129758,-0.50898824
9.360000,-0.28825360,-0.20418987,1.19082582,-0.01841567,1.50021844,-0.26020387,-0.16099613,-0.06184333,0.18326234,-0.03275357,0.12459789,-0.21052738,-0.39072505,-0.15011715,0.44496188,-0.07944844,0.30250299,-0.51096258
9.370000,-0.28988310,-0.20481582,1.19268070,-0.01874718,1.50147955,-0.26233470,-0.16490452,-0.06334500,0.18771362,-0.03354820,0.12762402,-0.21563856,-0.39069171,-0.15011474,0.44499723,-0.07942599,0.30251910,-0.51092967
9.380000,-0.29155166,-0.20545676,1.19458006,-0.01908663,1.50277090,-0.26451661,-0.16880462,-0.06484358,0.19215619,-0.03434100,0.13064413,-0.22073899,-0.38905545,-0.14949616,0.44320483,-0.07907809,0.30129288,-0.50880023
9.390000,-0.29325911,-0.20611266,1.19652373,-0.01943398,1.50409237,-0.26674937,-0.17268006,-0.06633278,0.19657137,-0.03512863,0.13364556,-0.22580727,-0.38574802,-0.14823513,0.43950665,-0.07839096,0.29877132,-0.50448497
9.400000,-0.29500512,-0.20678337,1.19851133,-0.01978917,1.50544371,-0.26903257,-0.17651379,-0.06780605,0.20093971,-0.03590764,0.13661506,-0.23082111,-0.38070120,-0.14630540,0.43382464,-0.07735078,0.29490140,-0.49789462
9.410000,-0.29678919,-0.20746870,1.20054230,-0.02015210,1.50682452,-0.27136554,-0.18028806,-0.06925657,0.20524099,-0.03667443,0.13953891,-0.23575729,-0.37384674,-0.14368071,0.42608076,-0.07594375,0.28963008,-0.48893988
9.420000,-0.29861062,-0.20816840,1.20261586,-0.02052261,1.50823428,-0.27374738,-0.18398447,-0.07067726,0.20945419,-0.03742525,0.14240282,-0.24059172,-0.36511641,-0.14033478,0.41619696,-0.07415607,0.28290437,-0.47753148
9.430000,-0.30046855,-0.20888212,1.20473102,-0.02090054,1.50967233,-0.27617695,-0.18758391,-0.07206077,0.21355753,-0.03815623,0.14519197,-0.24529944,-0.35444198,-0.13624136,0.40409520,-0.07197394,0.27467122,-0.46358014
9.440000,-0.30236191,-0.20960946,1.20688657,-0.02128565,1.51113782,-0.27865286,-0.19106660,-0.07339951,0.21752844,-0.03886337,0.14789104,-0.24985455,-0.34175521,-0.13137419,0.38969743,-0.06938356,0.26487763,-0.44699657
9.450000,-0.30428943,-0.21034994,1.20908107,-0.02167771,1.51262979,-0.28117344,-0.19441208,-0.07468559,0.22134357,-0.03954250,0.15048415,-0.25423030,-0.32698786,-0.12570699,0.37292562,-0.06637112,0.25347056,-0.42769149
9.460000,-0.30624963,-0.21110297,1.21131284,-0.02207640,1.51414710,-0.28373677,-0.19759919,-0.07591089,0.22497878,-0.04018934,0.15295490,-0.25839901,-0.31007170,-0.11921350,0.35370171,-0.06292282,0.24039701,-0.40557562
9.470000,-0.30824081,-0.21186792,1.21357996,-0.02248137,1.51568843,-0.28634064,-0.20060612,-0.07706702,0.22840917,-0.04079946,0.15528636,-0.26233214,-0.29093849,-0.11186747,0.33194767,-0.05902485,0.22560395,-0.38055968
9.480000,-0.31026107,-0.21264405,1.21588025,-0.02289225,1.51725230,-0.28898253,-0.20341035,-0.07814531,0.23160904,-0.04136829,0.15746107,-0.26600024,-0.26952001,-0.10364262,0.30758544,-0.05466343,0.20903835,-0.35255438
9.490000,-0.31230827,-0.21343054,1.21821128,-0.02330859,1.51883707,-0.29165966,-0.20598868,-0.07913685,0.23455193,-0.04189113,0.15946104,-0.26937297,-0.24574800,-0.09451269,0.28053699,-0.04982474,0.19064720,-0.32147044
9.500000,-0.31438001,-0.21422647,1.22057034,-0.02372990,1.52044088,-0.29436890,-0.20831727,-0.08003247,0.23721060,-0.04236315,0.16126778,-0.27241913,-0.21957158,-0.08445809,0.25074406,-0.04449849,0.17039093,-0.28724126
9.510000,-0.31647370,-0.21503084,1.22295446,-0.02415566,1.52206172,-0.29710685,-0.21037245,-0.08082307,0.23955806,-0.04277955,0.16286292,-0.27510778,-0.19109816,-0.07352010,0.21832907,-0.03870652,0.14835275,-0.25000731
9.520000,-0.31858648,-0.21584255,1.22536038,-0.02458529,1.52369738,-0.29986977,-0.21213221,-0.08150018,0.24156918,-0.04313586,0.16422939,-0.27741010,-0.16051992,-0.06177260,0.18351118,-0.03248782,0.12468161,-0.21001998
9.530000,-0.32071529,-0.21666044,1.22778464,-0.02501817,1.52534549,-0.30265367,-0.21357648,-0.08205607,0.24322101,-0.04342801,0.16535160,-0.27929984,-0.12802984,-0.04928977,0.14651047,-0.02588158,0.09952712,-0.16753166
9.540000,-0.32285690,-0.21748325,1.23022354,-0.02545363,1.52700355,-0.30545431,-0.21468708,-0.08248377,0.24449284,-0.04365233,0.16621548,-0.28075324,-0.09382092,-0.03614580,0.10754702,-0.01892697,0.07303884,-0.12279478
9.550000,-0.32500787,-0.21830967,1.23267317,-0.02589098,1.52866890,-0.30826721,-0.21544781,-0.08277703,0.24536614,-0.04380552,0.16680843,-0.28174908,-0.05808613,-0.02241489,0.06684090,-0.01166317,0.04536638,-0.07606176
9.560000,-0.32716464,-0.21913832,1.23512948,-0.02632949,1.53033877,-0.31108771,-0.21584436,-0.08293036,0.24582459,-0.04388469,0.16711936,-0.28226866,-0.02101845,-0.00817122,0.02461221,-0.00412934,0.01665931,-0.02758501
9.570000,-0.32932350,-0.21996779,1.23758823,-0.02676842,1.53201031,-0.31391095,-0.21586438,-0.08293899,0.24585405,-0.04388734,0.16713867,-0.28229581,0.01718911,0.00651102,-0.01891899,0.00363533,-0.01293278,0.02238306
9.580000,-0.33148064,-0.22079661,1.24004509,-0.02720698,1.53368055,-0.31673194,-0.21549742,-0.08279892,0.24544260,-0.04381135,0.16685826,-0.28181687,0.05634359,0.02155764,-0.06353261,0.01159166,-0.04326030,0.07359002
9.590000,-0.33363213,-0.22162326,1.24249558,-0.02764437,1.53534646,-0.31954556,-0.21473499,-0.08250687,0.24458052,-0.04365500,0.16627151,-0.28082072,0.09625200,0.03689445,-0.10900857,0.01970049,-0.07417368,0.12578346
9.600000,-0.33577399,-0.22244623,1.24493517,-0.02807980,1.53700494,-0.32234660,-0.21357051,-0.08206031,0.24326029,-0.04341696,0.16537333,-0.27929876,0.13672134,0.05244727,-0.15512680,0.02792264,-0.10552331,0.17871096
9.610000,-0.33790218,-0.22326395,1.24735924,-0.02851244,1.53865287,-0.32512976,-0.21199934,-0.08145746,0.24147658,-0.04309630,0.16416009,-0.27724490,0.17755864,0.06814191,-0.20166721,0.03621893,-0.13715962,0.23212011
9.620000,-0.34001262,-0.22407485,1.24976315,-0.02894145,1.54028709,-0.32788971,-0.21001876,-0.08069725,0.23922627,-0.04269247,0.16262968,-0.27465559,0.21857092,0.08390417,-0.24840973,0.04455020,-0.16893302,0.28575848
9.630000,-0.34210119,-0.22487737,1.25214221,-0.02936601,1.54190441,-0.33062108,-0.20762798,-0.07977939,0.23650844,-0.04220531,0.16078147,-0.27152980,0.25956518,0.09965987,-0.29513427,0.05287725,-0.20069393,0.33937367
9.640000,-0.34416381,-0.22566992,1.25449176,-0.02978528,1.54350166,-0.33331852,-0.20482816,-0.07870432,0.23332438,-0.04163507,0.15861634,-0.26786903,0.30034844,0.11533483,-0.34162075,0.06116093,-0.23229276,0.39271326
9.650000,-0.34619640,-0.22645093,1.25680715,-0.03019844,1.54507568,-0.33597669,-0.20162236,-0.07747321,0.22967755,-0.04098237,0.15613665,-0.26367730,0.34072771,0.13085484,-0.38764911,0.06936204,-0.26357992,0.44552483
9.660000,-0.34819492,-0.22721887,1.25908379,-0.03060466,1.54662336,-0.33859032,-0.19801559,-0.07608799,0.22557365,-0.04024823,0.15334628,-0.25896114,0.38051002,0.14614573,-0.43299925,0.07744143,-0.29440583,0.49755595
9.670000,-0.35015540,-0.22797219,1.26131713,-0.03100313,1.54814159,-0.34115420,-0.19401479,-0.07455131,0.22102056,-0.03943407,0.15025057,-0.25372962,0.41950237,0.16113330,-0.47745110,0.08535991,-0.32462091,0.54855423
9.680000,-0.35207393,-0.22870940,1.26350274,-0.03139308,1.54962737,-0.34366323,-0.18962882,-0.07286658,0.21602836,-0.03854170,0.14685640,-0.24799434,0.45751179,0.17574337,-0.52078458,0.09307830,-0.35407556,0.59826723
9.690000,-0.35394673,-0.22942904,1.26563627,-0.03177371,1.55107775,-0.34611245,-0.18486847,-0.07103795,0.21060933,-0.03757330,0.14317210,-0.24176940,0.49434528,0.18990175,-0.56277960,0.10055744,-0.38262020,0.64644255
9.700000,-0.35577010,-0.23012970,1.26771355,-0.03214430,1.55248988,-0.34849704,-0.17974648,-0.06907030,0.20477796,-0.03653148,0.13920752,-0.23507146,0.52980987,0.20353425,-0.60321610,0.10775815,-0.41010524,0.69282777
9.710000,-0.35754050,-0.23081000,1.26973051,-0.03250411,1.55386101,-0.35081237,-0.17427748,-0.06696926,0.19855094,-0.03541920,0.13497402,-0.22791966,0.56371256,0.21656668,-0.64187398,0.11464125,-0.43638111,0.73717046
9.720000,-0.35925455,-0.23146866,1.27168331,-0.03285246,1.55518851,-0.35305400,-0.16847808,-0.06474121,0.19194715,-0.03423984,0.13048443,-0.22033570,0.59586037,0.22892486,-0.67853318,0.12116757,-0.46129821,0.77921822
9.730000,-0.36090902,-0.23210443,1.27356827,-0.03318869,1.55646989,-0.35521772,-0.16236677,-0.06239326,0.18498767,-0.03299717,0.12575309,-0.21234378,0.62606032,0.24053458,-0.71297360,0.12729793,-0.48470696,0.81871863
9.740000,-0.36250091,-0.23271615,1.27538196,-0.03351220,1.55770281,-0.35729960,-0.15596401,-0.05993326,0.17769580,-0.03169533,0.12079582,-0.20397066,0.65411942,0.25132168,-0.74497518,0.13299316,-0.50645777,0.85541926
9.750000,-0.36402741,-0.23330275,1.27712116,-0.03382242,1.55888511,-0.35929596,-0.14929216,-0.05736982,0.17009703,-0.03033889,0.11562995,-0.19524557,0.67984469,0.26121195,-0.77431783,0.13821408,-0.52640106,0.88906771
9.760000,-0.36548594,-0.23386323,1.27878297,-0.03411882,1.56001478,-0.36120344,-0.14237553,-0.05471226,0.16221904,-0.02893276,0.11027432,-0.18620032,0.70304315,0.27013120,-0.80078147,0.14292152,-0.54438724,0.91941156
9.770000,-0.36687419,-0.23439671,1.28036471,-0.03440093,1.56109003,-0.36301902,-0.13524036,-0.05197068,0.15409173,-0.02748230,0.10474923,-0.17686920,0.72352180,0.27800526,-0.82414602,0.14707630,-0.56026672,0.94619839
9.780000,-0.36819011,-0.23490240,1.28186408,-0.03466833,1.56210927,-0.36474000,-0.12791481,-0.04915589,0.14574719,-0.02599321,0.09907651,-0.16728905,0.74108766,0.28475994,-0.84419141,0.15063925,-0.57388993,0.96917578
9.790000,-0.36943195,-0.23537962,1.28327905,-0.03492068,1.56307115,-0.36636410,-0.12042896,-0.04627946,0.13721970,-0.02447162,0.09327945,-0.15749922,0.75554775,0.29032103,-0.86069755,0.15357119,-0.58510726,0.98809132
9.800000,-0.37059826,-0.23582783,1.28460798,-0.03515768,1.56397453,-0.36788942,-0.11281485,-0.04335369,0.12854577,-0.02292402,0.08738288,-0.14754160,0.76670908,0.29461436,-0.87344437,0.15583294,-0.59376915,1.00269259
9.810000,-0.37168793,-0.23624658,1.28584960,-0.03537910,1.56481856,-0.36931452,-0.10510642,-0.04039164,0.11976408,-0.02135732,0.08141309,-0.13746059,0.77437868,0.29756574,-0.88221178,0.15738534,-0.59972600,1.01272718
9.820000,-0.37270019,-0.23663558,1.28700304,-0.03558479,1.56560264,-0.37063838,-0.09733956,-0.03740710,0.11091553,-0.01977881,0.07539787,-0.12730312,0.77836354,0.29910097,-0.88677971,0.15818921,-0.60282822,1.01794266
9.830000,-0.37363465,-0.23699469,1.28806783,-0.03577466,1.56632646,-0.37186049,-0.08955207,-0.03441459,0.10204322,-0.01819616,0.06936654,-0.11711864,0.77847069,0.29914587,-0.88692807,0.15820537,-0.60292624,1.01808663
9.840000,-0.37449130,-0.23732390,1.28904398,-0.03594872,1.56699002,-0.37298084,-0.08178371,-0.03142940,0.09319243,-0.01661746,0.06334986,-0.10695914,0.77450715,0.29762626,-0.88243679,0.15739464,-0.59987046,1.01290666
9.850000,-0.37527053,-0.23762336,1.28993191,-0.03610705,1.56759362,-0.37399994,-0.07407614,-0.02846753,0.08441068,-0.01505116,0.05738014,-0.09687910,0.76627992,0.29446793,-0.87308579,0.15571786,-0.59351130,1.00215033
9.860000,-0.37597317,-0.23789338,1.29073258,-0.03624982,1.56813789,-0.37491887,-0.06647297,-0.02554575,0.07574765,-0.01350612,0.05149115,-0.08693556,0.75359603,0.28959671,-0.85865499,0.15313584,-0.58369918,0.98556524
9.870000,-0.37660049,-0.23813446,1.29144743,-0.03637728,1.56862383,-0.37573930,-0.05901972,-0.02268155,0.06725525,-0.01199159,0.04571816,-0.07718806,0.73626249,0.28293841,-0.83892430,0.14960941,-0.57028450,0.96289897
9.880000,-0.37715422,-0.23834727,1.29207844,-0.03648978,1.56905276,-0.37646349,-0.05176386,-0.01989318,0.05898756,-0.01051721,0.04009796,-0.06769869,0.71408631,0.27441883,-0.81367365,0.14509940,-0.55311769,0.93389909
9.890000,-0.37763659,-0.23853264,1.29262812,-0.03658779,1.56942642,-0.37709435,-0.04475478,-0.01719963,0.05100091,-0.00909301,0.03466882,-0.05853204,0.68687450,0.26396379,-0.78268297,0.13956663,-0.53204915,0.89831319
9.900000,-0.37805031,-0.23869164,1.29309959,-0.03667185,1.56974691,-0.37763543,-0.03804380,-0.01462061,0.04335377,-0.00772942,0.02947048,-0.04975522,0.65443410,0.25149911,-0.74573216,0.13297193,-0.50692931,0.85588886
9.910000,-0.37839864,-0.23882551,1.29349653,-0.03674261,1.57001674,-0.37809099,-0.03168417,-0.01217659,0.03610686,-0.00643724,0.02454423,-0.04143789,0.61657210,0.23695058,-0.70260115,0.12527611,-0.47760857,0.80637368
9.920000,-0.37868535,-0.23893569,1.29382327,-0.03680087,1.57023884,-0.37846596,-0.02573107,-0.00988879,0.02932308,-0.00522770,0.01993282,-0.03365223,0.57309552,0.22024402,-0.65306987,0.11644002,-0.44393735,0.74951523
9.930000,-0.37891480,-0.23902388,1.29408475,-0.03684748,1.57041659,-0.37876605,-0.02024162,-0.00777915,0.02306753,-0.00411237,0.01568049,-0.02647291,0.52381139,0.20130525,-0.59691822,0.10642446,-0.40576606,0.68506110
9.940000,-0.37909192,-0.23909195,1.29428660,-0.03688347,1.57055380,-0.37899770,-0.01527485,-0.00587037,0.01740752,-0.00310327,0.01183299,-0.01997716,0.46852671,0.18006008,-0.53392614,0.09519027,-0.36294512,0.61275886
9.950000,-0.37922224,-0.23914203,1.29443512,-0.03690994,1.57065476,-0.37916814,-0.01089173,-0.00418588,0.01241255,-0.00221276,0.00843758,-0.01424473,0.40704849,0.15643431,-0.46387354,0.08269827,-0.31532495,0.53235611
9.960000,-0.37931191,-0.23917649,1.29453731,-0.03692816,1.57072422,-0.37928541,-0.00715517,-0.00274987,0.00815432,-0.00145363,0.00554299,-0.00935788,0.33918377,0.13035377,-0.38654034,0.06890929,-0.26275595,0.44360042
9.970000,-0.37936772,-0.23919794,1.29460091,-0.03693950,1.57076745,-0.37935840,-0.00412999,-0.00158724,0.00470674,-0.00083903,0.00319946,-0.00540141,0.26473954,0.10174425,-0.30170647,0.05378414,-0.20508854,0.34623938
9.980000,-0.37939711,-0.23920923,1.29463440,-0.03694547,1.57079022,-0.37939683,-0.00188295,-0.00072366,0.00214592,-0.00038253,0.00145871,-0.00246262,0.18352282,0.07053158,-0.20915184,0.03728366,-0.14217313,0.24002058
9.990000,-0.37940820,-0.23921350,1.29464704,-0.03694772,1.57079882,-0.37941134,-0.00048275,-0.00018553,0.00055017,-0.00009807,0.00037399,-0.00063137,0.09534064,0.03664156,-0.10865638,0.01936867,-0.07386015,0.12469159
10.000000,-0.37940982,-0.23921412,1.29464889,-0.03694805,1.57080007,-0.37941346,-0.00000000,0.00000000,0.00000000,0.00000000,0.00000000,0.00000000,0.00000000,0.00000000,-0.00000000,0.00000000,-0.00000000,0.00000000
