t_s,q1_rad,q2_rad,q3_rad,q4_rad,q5_rad,q6_rad,qd1_rad_s,qd2_rad_s,qd3_rad_s,qd4_rad_s,qd5_rad_s,qd6_rad_s,pose_x,pose_y,pose_z,pose_rx,pose_ry,pose_rz
0.001127,0.99484628,-0.23921412,1.29463053,-0.03694805,1.57078528,0.99484253,0.00000000,0.00000000,0.00000000,0.00000000,0.00000000,0.00000000,0.48750001,0.40000060,0.53950119,3.14158120,0.00000297,1.57080006
0.006335,0.99484628,-0.23921412,1.29463053,-0.03694805,1.57078528,0.99484253,-0.00000000,-0.00001988,-0.00001004,-0.00000000,-0.00000000,-0.00000000,0.48750001,0.40000060,0.53950119,3.14158120,0.00000297,1.57080006
0.047626,0.99484628,-0.23922145,1.29462683,-0.03694805,1.57078528,0.99484253,0.00000000,-0.00000023,-0.00004483,-0.00000000,0.00000000,0.00000000,0.48750169,0.40000319,0.53949858,3.14158360,0.00000602,1.57080006
0.088971,0.99484628,-0.23921412,1.29462683,-0.03694805,1.57078528,0.99484253,-0.00004519,0.00017721,0.00008762,0.00000000,0.00000000,-0.00008834,0.48750019,0.40000088,0.53950299,3.14157960,-0.00000013,1.57080006
0.130411,0.99484253,-0.23920678,1.29463410,-0.03694805,1.57078528,0.99483520,-0.00026634,0.00057618,0.00035422,0.00004434,0.00000000,-0.00030951,0.48749983,0.39999618,0.53950386,3.14157960,-0.00000019,1.57080365
0.171812,0.99482423,-0.23916642,1.29465616,-0.03694438,1.57078528,0.99481690,-0.00105410,0.00232755,0.00214945,0.00021968,0.00000000,-0.00087917,0.48749800,0.39997317,0.53951779,3.14156735,-0.00001861,1.57080365
0.213545,0.99475449,-0.23901238,1.29481387,-0.03692970,1.57078528,0.99476182,-0.00286177,0.00488523,0.00642746,0.00057239,0.00000000,-0.00193703,0.48748890,0.39989445,0.53953768,3.14155750,-0.00003400,1.57079260
0.255194,0.99458581,-0.23875928,1.29519165,-0.03689669,1.57078528,0.99465549,-0.00489700,0.00754555,0.01081031,0.00132444,0.00000000,-0.00339775,0.48748630,0.39969218,0.53950712,-3.14157375,0.00004903,1.57072669
0.296720,0.99434739,-0.23838514,1.29571259,-0.03681967,1.57078528,0.99447942,-0.00671481,0.01082323,0.01404822,0.00238556,0.00000000,-0.00600808,0.48748362,0.39942526,0.53948708,-3.14153619,0.00010753,1.57066423
0.338230,0.99402827,-0.23786062,1.29635811,-0.03669862,1.57078528,0.99415666,-0.00920294,0.01513202,0.01933611,0.00469228,0.00000000,-0.01110866,0.48747854,0.39906597,0.53950173,-3.14153619,0.00010747,1.57066810
0.379651,0.99358445,-0.23713067,1.29731548,-0.03643085,1.57078528,0.99355876,-0.01102105,0.01766098,0.02421111,0.00650663,0.00000000,-0.01310227,0.48747372,0.39857028,0.53950482,-3.14155777,0.00007363,1.57082203
0.421099,0.99311495,-0.23639707,1.29836452,-0.03615942,1.57078528,0.99307096,-0.01221316,0.01885041,0.02593058,0.00659320,0.00000000,-0.01238999,0.48747369,0.39805433,0.53946560,-3.14153380,0.00011048,1.57084027
0.462544,0.99257207,-0.23556811,1.29946494,-0.03588432,1.57078528,0.99253172,-0.01495335,0.02311742,0.03034957,0.00749815,0.00000000,-0.01464181,0.48748045,0.39746898,0.53945869,-3.14153566,0.00010739,1.57083667
0.503813,0.99187875,-0.23448603,1.30087352,-0.03553952,1.57078528,0.99186045,-0.01641909,0.02542881,0.03204457,0.00812112,-0.00000000,-0.01601995,0.48748294,0.39671328,0.53946106,-3.14154552,0.00009204,1.57081470
0.545206,0.99121493,-0.23346631,1.30211329,-0.03521307,1.57078528,0.99120754,-0.01657980,0.02576483,0.03223751,0.00820141,0.00000000,-0.01626795,0.48749302,0.39600284,0.53950567,3.14158120,0.00000299,1.57080365
0.586140,0.99051428,-0.23236592,1.30352545,-0.03486461,1.57078528,0.99052161,-0.01747562,0.02710773,0.03543897,0.00847226,-0.00000000,-0.01711845,0.48749289,0.39523794,0.53951661,3.14156123,-0.00002769,1.57078887
0.627470,0.98977703,-0.23123614,1.30502939,-0.03451614,1.57078528,0.98979902,-0.01905555,0.02920371,0.03793597,0.00890762,0.00000000,-0.01909846,0.48749564,0.39443904,0.53949982,3.14157534,-0.00000618,1.57077436
0.668899,0.98893702,-0.22994868,1.30666530,-0.03412733,1.57078528,0.98894072,-0.01903870,0.02913332,0.03674768,0.00894375,0.00000000,-0.01926012,0.48750148,0.39363440,0.53950866,3.14156123,-0.00002762,1.57078887
0.710313,0.98819977,-0.22882259,1.30807376,-0.03377520,1.57078528,0.98820341,-0.01769194,0.02702513,0.03489532,0.00827164,0.00000000,-0.01782462,0.48750721,0.39274391,0.53954364,3.14151489,-0.00009812,1.57079260
0.751829,0.98746985,-0.22770752,1.30955935,-0.03344141,1.57078528,0.98746252,-0.01771418,0.02745845,0.03684982,0.00788167,0.00000000,-0.01806798,0.48750705,0.39195352,0.53952343,3.14153513,-0.00006741,1.57080365
0.793144,0.98673254,-0.22654842,1.31112564,-0.03312229,1.57078528,0.98670691,-0.01900326,0.02957281,0.03794183,0.00829770,-0.00000000,-0.01926913,0.48749473,0.39113833,0.53948779,3.14158360,0.00000611,1.57082176
0.834100,0.98590726,-0.22527562,1.31268084,-0.03275916,1.57078528,0.98587793,-0.01903680,0.02929182,0.03694801,0.00829331,-0.00000000,-0.01903842,0.48749515,0.39024927,0.53952969,3.14153886,-0.00006119,1.57082549
0.875466,0.98516631,-0.22413853,1.31416643,-0.03244004,1.57078528,0.98514062,-0.01815784,0.02706050,0.03569533,0.00770600,-0.00000000,-0.01784803,0.48749072,0.38944551,0.53951898,3.14155510,-0.00003667,1.57082203
0.916924,0.98440331,-0.22303444,1.31563723,-0.03212092,1.57078528,0.98439968,-0.01945738,0.02847884,0.03798469,0.00804843,0.00000000,-0.01910376,0.48750146,0.38864255,0.53949528,3.14158120,0.00000300,1.57079992
0.958409,0.98355240,-0.22177631,1.31731713,-0.03177246,1.57078528,0.98355603,-0.01932116,0.02900458,0.03740489,0.00791426,0.00000000,-0.01914444,0.48750309,0.38783549,0.53946399,-3.14156336,0.00006422,1.57079260
0.999883,0.98280042,-0.22062822,1.31874037,-0.03146435,1.57078528,0.98281145,-0.01812155,0.02751348,0.03460565,0.00739902,0.00000000,-0.01807738,0.48750105,0.38692652,0.53948693,-3.14158147,0.00003658,1.57078541
1.041197,0.98205215,-0.21949847,1.32018197,-0.03115990,1.57078528,0.98205948,-0.01805453,0.02723789,0.03491386,0.00745254,0.00000000,-0.01823255,0.48749815,0.38612389,0.53948910,-3.14157747,0.00004273,1.57078887
1.082569,0.98130757,-0.21837604,1.32162726,-0.03084812,1.57078528,0.98130387,-0.01911417,0.02856057,0.03689907,0.00802727,0.00000000,-0.01951349,0.48749456,0.38532577,0.53948541,-3.14157135,0.00005193,1.57079992
1.123909,0.98047125,-0.21713626,1.32323384,-0.03049598,1.57078528,0.98044556,-0.01907924,0.02855010,0.03691538,0.00779223,0.00000000,-0.01956555,0.48749468,0.38443743,0.53947660,-3.14156283,0.00006410,1.57082203
1.165457,0.97972661,-0.21601018,1.32468629,-0.03020254,1.57078528,0.97968262,-0.01809250,0.02698642,0.03451538,0.00752527,0.00000000,-0.01805071,0.48748679,0.38363618,0.53946818,-3.14154472,0.00009142,1.57084027
1.207231,0.97896367,-0.21488775,1.32610953,-0.02986875,1.57078528,0.97894168,-0.01948599,0.02859207,0.03553983,0.00831296,0.00000000,-0.01913566,0.48748948,0.38283295,0.53947599,-3.14156283,0.00006401,1.57081830
1.248862,0.97810173,-0.21362595,1.32765007,-0.02950929,1.57078528,0.97808701,-0.01964126,0.02851195,0.03566597,0.00829838,0.00000000,-0.01942093,0.48749200,0.38203108,0.53950692,3.14158360,0.00000612,1.57081097
1.290316,0.97733140,-0.21251820,1.32907331,-0.02917916,1.57078528,0.97732770,-0.01856328,0.02680284,0.03464515,0.00770789,0.00000000,-0.01829684,0.48750127,0.38112883,0.53950864,3.14156895,-0.00001509,1.57079992
1.331658,0.97656476,-0.21140680,1.33051848,-0.02887105,1.57078528,0.97657210,-0.01846907,0.02675118,0.03463573,0.00752894,0.00000000,-0.01842367,0.48750184,0.38032362,0.53949441,3.14158360,0.00000618,1.57078887
1.373135,0.97580183,-0.21030273,1.33194172,-0.02855560,1.57078528,0.97580183,-0.01931941,0.02838201,0.03492535,0.00800188,0.00000000,-0.01958394,0.48750308,0.37952491,0.53948685,3.14158573,0.00000927,1.57079633
1.414627,0.97496182,-0.20905192,1.33341622,-0.02820713,1.57078528,0.97494721,-0.01932712,0.02848131,0.03520488,0.00778348,0.00000000,-0.01959229,0.48750072,0.37864186,0.53954374,3.14151542,-0.00009399,1.57081097
1.456068,0.97419888,-0.20794052,1.33486140,-0.02791003,1.57078528,0.97417688,-0.01843676,0.02663649,0.03496947,0.00722443,0.00000000,-0.01857051,0.48749605,0.37783779,0.53952641,3.14153619,-0.00006360,1.57081830
1.497387,0.97343600,-0.20684744,1.33631027,-0.02760925,1.57078528,0.97341031,-0.01969399,0.02838800,0.03602052,0.00749659,-0.00000000,-0.01965013,0.48749423,0.37703958,0.53949639,3.14156709,-0.00001807,1.57082203
1.538756,0.97257030,-0.20559298,1.33783996,-0.02729013,1.57078528,0.97255194,-0.01987699,0.02824500,0.03439863,0.00743666,0.00000000,-0.01961110,0.48749170,0.37623798,0.53951013,3.14155670,-0.00003319,1.57081470
1.580261,0.97178900,-0.20450723,1.33916032,-0.02699302,1.57078528,0.97178537,-0.01881541,0.02623528,0.03281390,0.00693443,-0.00000000,-0.01850591,0.48750367,0.37534135,0.53954973,3.14150690,-0.00010589,1.57079992
1.621805,0.97100770,-0.20341416,1.34056520,-0.02671425,1.57078528,0.97101504,-0.01873630,0.02638213,0.03455911,0.00676134,0.00000000,-0.01864920,0.48750658,0.37453598,0.53953680,3.14152554,-0.00007856,1.57078887
1.663265,0.97023380,-0.20231742,1.34202874,-0.02643181,1.57078528,0.97023743,-0.01968464,0.02802655,0.03566900,0.00701847,0.00000000,-0.01990520,0.48750201,0.37372895,0.53949728,3.14157321,-0.00000891,1.57079260
1.704893,0.96937180,-0.20108496,1.34352899,-0.02613103,1.57078528,0.96936077,-0.01969788,0.02808847,0.03453852,0.00693423,0.00000000,-0.01991744,0.48749945,0.37283566,0.53952063,3.14155430,-0.00003609,1.57080738
1.746295,0.96859783,-0.19998455,1.34489715,-0.02585593,1.57078528,0.96858317,-0.01856658,0.02639029,0.03297607,0.00654261,0.00000000,-0.01869847,0.48749655,0.37203444,0.53952767,3.14155031,-0.00004211,1.57081097
1.787873,0.96783119,-0.19889516,1.34626532,-0.02558816,1.57078528,0.96780920,-0.01976255,0.02765914,0.03599696,0.00679356,0.00000000,-0.01976324,0.48749183,0.37123968,0.53952686,3.14155643,-0.00003302,1.57081830
1.829445,0.96695459,-0.19768471,1.34789026,-0.02529105,1.57078528,0.96693987,-0.02003366,0.02744783,0.03543543,0.00688407,0.00000000,-0.01981358,0.48748895,0.37033652,0.53947421,-3.14156229,0.00006363,1.57081097
1.870992,0.96616596,-0.19661364,1.34921086,-0.02501595,1.57078528,0.96616226,-0.01902950,0.02622592,0.03258373,0.00649016,0.00000000,-0.01871965,0.48749708,0.36954126,0.53948562,-3.14157694,0.00004258,1.57079992
1.912524,0.96537364,-0.19550590,1.35059726,-0.02475185,1.57078528,0.96538466,-0.02018408,0.02794045,0.03481432,0.00691806,0.00000000,-0.02009417,0.48749352,0.36872692,0.53948441,-3.14156842,0.00005454,1.57078541
1.954210,0.96448594,-0.19428810,1.35210848,-0.02444007,1.57078528,0.96448964,-0.02012648,0.02765704,0.03435052,0.00691381,0.00000000,-0.02030239,0.48749646,0.36782653,0.53949124,-3.14157854,0.00003943,1.57079260
1.995803,0.96369731,-0.19320236,1.35345829,-0.02417597,1.57078528,0.96369368,-0.01898340,0.02591390,0.03258246,0.00662271,-0.00000000,-0.01911617,0.48749599,0.36702389,0.53949392,-3.14157854,0.00003939,1.57079992
2.037296,0.96290869,-0.19213498,1.35481560,-0.02388987,1.57078528,0.96290135,-0.02002413,0.02722955,0.03461223,0.00720515,0.00000000,-0.02020093,0.48749932,0.36622833,0.53948433,-3.14157641,0.00004252,1.57080365
2.078783,0.96203572,-0.19094287,1.35633039,-0.02357809,1.57078528,0.96201742,-0.02003011,0.02759155,0.03457643,0.00698622,0.00000000,-0.02011838,0.48750071,0.36544272,0.53946988,-3.14156602,0.00005751,1.57081097
2.120249,0.96124709,-0.18984613,1.35768390,-0.02331032,1.57078528,0.96123242,-0.01916930,0.02634095,0.03151888,0.00646367,0.00000000,-0.01894818,0.48749253,0.36453754,0.53947856,-3.14157641,0.00004241,1.57081097
2.161637,0.96044749,-0.18876040,1.35894203,-0.02304255,1.57078528,0.96044749,-0.02034034,0.02747443,0.03388021,0.00682410,0.00000000,-0.01998735,0.48749700,0.36373750,0.53952406,3.14155404,-0.00003574,1.57079619
2.203513,0.95955247,-0.18755728,1.36050832,-0.02274177,1.57078528,0.95956719,-0.02044025,0.02711872,0.03467263,0.00681282,0.00000000,-0.02008864,0.48749487,0.36293329,0.53949580,3.14158573,0.00000927,1.57078541
2.245052,0.95874184,-0.18649721,1.36183608,-0.02247401,1.57078528,0.95877117,-0.01946678,0.02560252,0.03213493,0.00631228,0.00000000,-0.01920283,0.48750285,0.36203102,0.53948601,3.14158999,0.00001532,1.57076703
2.286609,0.95793486,-0.18542981,1.36317861,-0.02221725,1.57078528,0.95797151,-0.01928787,0.02573160,0.03076234,0.00626743,-0.00000000,-0.01924350,0.48750543,0.36122592,0.53947681,-3.14158493,0.00003035,1.57075958
2.328158,0.95713890,-0.18435876,1.36439264,-0.02195315,1.57078528,0.95717192,-0.02021715,0.02745652,0.03292992,0.00662139,0.00000000,-0.02057001,0.48750969,0.36043583,0.53953267,3.14153060,-0.00006868,1.57076330
2.369705,0.95625490,-0.18314829,1.36591494,-0.02166704,1.57078528,0.95626223,-0.02025291,0.02726865,0.03463804,0.00648616,0.00000000,-0.02073840,0.48749867,0.35953790,0.53952046,3.14154552,-0.00004760,1.57078887
2.411294,0.95545524,-0.18209191,1.36727214,-0.02141395,1.57078528,0.95544791,-0.01914282,0.02536182,0.03206553,0.00595449,0.00000000,-0.01953918,0.48749673,0.35873871,0.53949566,3.14157321,-0.00000860,1.57080365
2.452865,0.95466298,-0.18103920,1.36858153,-0.02117186,1.57078528,0.95463735,-0.02059733,0.02724060,0.03250133,0.00624528,0.00000000,-0.02054938,0.48749388,0.35794718,0.53949024,3.14158147,0.00000333,1.57082176
2.494146,0.95374960,-0.17983608,1.36996436,-0.02089676,1.57078528,0.95374596,-0.02103044,0.02724317,0.03247579,0.00625603,0.00000000,-0.02058682,0.48749841,0.35704760,0.53953861,3.14152634,-0.00007446,1.57079992
2.535552,0.95292431,-0.17878702,1.37126660,-0.02065467,1.57078528,0.95293534,-0.01981312,0.02562121,0.03244947,0.00571799,-0.00004321,-0.01959217,0.48750635,0.35624195,0.53953345,3.14153273,-0.00006536,1.57078541
2.576896,0.95211005,-0.17771596,1.37264943,-0.02042358,1.57078171,0.95212471,-0.02082766,0.02724130,0.03414543,0.00592567,-0.00004330,-0.02087154,0.48749966,0.35542761,0.53949980,3.14157641,0.00000248,1.57078181
2.618473,0.95119673,-0.17652752,1.37409830,-0.02016315,1.57078171,0.95120406,-0.02077772,0.02686558,0.03242424,0.00595536,0.00000000,-0.02104220,0.48749800,0.35462321,0.53949685,3.14158813,0.00001237,1.57078541
2.660044,0.95038241,-0.17548212,1.37534547,-0.01992840,1.57078171,0.95037508,-0.01946269,0.02542100,0.03049654,0.00564906,0.00000000,-0.01990456,0.48750330,0.35373160,0.53952107,3.14155723,-0.00002432,1.57080365
2.701586,0.94957912,-0.17441472,1.37663293,-0.01969364,1.57078171,0.94954973,-0.01936418,0.02524210,0.03152140,0.00565881,0.00004315,-0.01980578,0.48749547,0.35293216,0.53953057,3.14154871,-0.00003624,1.57082575
2.743014,0.94877577,-0.17338768,1.37796068,-0.01945889,1.57078528,0.94873178,-0.02080632,0.02654906,0.03388484,0.00587600,0.00004317,-0.02085121,0.48749291,0.35214225,0.53949688,3.14158999,0.00001531,1.57084027
2.784599,0.94785148,-0.17221025,1.37944639,-0.01920579,1.57078528,0.94781846,-0.02110005,0.02675065,0.03284103,0.00582706,-0.00004306,-0.02079075,0.48749131,0.35123649,0.53947353,-3.14156283,0.00006013,1.57082922
2.826098,0.94702250,-0.17116486,1.38068974,-0.01897471,1.57078171,0.94700420,-0.02000525,0.02521565,0.03033665,0.00547600,-0.00000013,-0.01978329,0.48749665,0.35043464,0.53948992,-3.14158520,0.00003531,1.57081470
2.867660,0.94618982,-0.17011581,1.38196623,-0.01875096,1.57078528,0.94617522,-0.02132792,0.02680280,0.03267496,0.00574029,0.00004292,-0.02101914,0.48749849,0.34962725,0.53949085,-3.14158014,0.00003621,1.57081097
2.909173,0.94525081,-0.16893837,1.38340402,-0.01849787,1.57078528,0.94525814,-0.02106398,0.02676050,0.03254511,0.00582893,-0.00004293,-0.02102050,0.48750101,0.34871858,0.53948904,-3.14157588,0.00004207,1.57078887
2.950729,0.94444019,-0.16789298,1.38466954,-0.01826678,1.57078171,0.94442916,-0.01963940,0.02497979,0.03062987,0.00551677,0.00000000,-0.01985959,0.48749538,0.34792442,0.53949300,-3.14158493,0.00003528,1.57080738
2.992285,0.94361854,-0.16686225,1.38594973,-0.01803936,1.57078528,0.94360757,-0.02092538,0.02616817,0.03216066,0.00577105,0.00004302,-0.02114436,0.48749414,0.34712848,0.53948055,-3.14156922,0.00005103,1.57080725
3.033977,0.94269788,-0.16571416,1.38734722,-0.01778627,1.57078528,0.94266856,-0.02100417,0.02633262,0.03223471,0.00568011,0.00000000,-0.02118031,0.48749729,0.34633956,0.53947542,-3.14156735,0.00005393,1.57082203
3.075575,0.94186890,-0.16466878,1.38863480,-0.01756619,1.57078528,0.94184321,-0.02008768,0.02511942,0.02966299,0.00543046,-0.00004308,-0.01977790,0.48749063,0.34543634,0.53947025,-3.14155857,0.00006589,1.57082203
3.117064,0.94102889,-0.16362706,1.38981211,-0.01733510,1.57078171,0.94102526,-0.02161252,0.02665084,0.03146799,0.00587825,-0.00000003,-0.02112558,0.48749673,0.34463653,0.53951303,3.14156789,-0.00000922,1.57079992
3.158566,0.94007522,-0.16245696,1.39124644,-0.01707834,1.57078528,0.94008994,-0.02155237,0.02636678,0.03241729,0.00578564,0.00004304,-0.02146376,0.48749868,0.34382984,0.53951201,3.14156363,-0.00001509,1.57078914
3.200124,0.93923891,-0.16143724,1.39250445,-0.01685459,1.57078528,0.93924260,-0.02003132,0.02431080,0.03035469,0.00533869,0.00000000,-0.02038396,0.48750067,0.34292713,0.53949462,3.14158360,0.00000649,1.57079260
3.241701,0.93840992,-0.16043589,1.39376998,-0.01663451,1.57078528,0.93839532,-0.02002500,0.02452448,0.02946485,0.00516079,0.00000000,-0.02037832,0.48750263,0.34213783,0.53946873,-3.14157534,0.00004205,1.57081097
3.283282,0.93757367,-0.15939783,1.39495468,-0.01642543,1.57078528,0.93754798,-0.02135031,0.02633513,0.03025966,0.00551416,0.00000000,-0.02152743,0.48750184,0.34133942,0.53950116,3.14157321,-0.00000829,1.57082203
3.324854,0.93663460,-0.15824607,1.39628613,-0.01617600,1.57078528,0.93660527,-0.02136966,0.02640358,0.03174926,0.00547455,-0.00004306,-0.02132572,0.48750365,0.34044842,0.53953031,3.14153140,-0.00006444,1.57082549
3.366350,0.93579835,-0.15720434,1.39759207,-0.01597059,1.57078171,0.93577629,-0.02032826,0.02483609,0.03097937,0.00499360,-0.00000002,-0.02006323,0.48749288,0.33963921,0.53950420,3.14156363,-0.00001493,1.57081830
3.407856,0.93494731,-0.15618463,1.39885747,-0.01576152,1.57078528,0.93493998,-0.02182187,0.02575306,0.03101121,0.00525658,0.00004302,-0.02151246,0.48749294,0.33883356,0.53948538,3.14158839,0.00001243,1.57080365
3.449385,0.93398631,-0.15506588,1.40016711,-0.01553410,1.57078528,0.93398994,-0.02187525,0.02581888,0.02993693,0.00527028,0.00000000,-0.02160967,0.48750579,0.33794233,0.53950229,3.14156629,-0.00001694,1.57079260
3.490659,0.93313533,-0.15404618,1.40133715,-0.01532502,1.57078528,0.93314999,-0.02062825,0.02470919,0.02887604,0.00492458,-0.00004303,-0.02049441,0.48750941,0.33714434,0.53952892,3.14153140,-0.00006412,1.57078181
3.532070,0.93228066,-0.15302280,1.40255487,-0.01512695,1.57078171,0.93229532,-0.02186642,0.02649066,0.03245242,0.00502198,0.00000055,-0.02200074,0.48750924,0.33633873,0.53953259,3.14152634,-0.00006493,1.57078181
3.573219,0.93133068,-0.15186004,1.40401483,-0.01491053,1.57078528,0.93133432,-0.02169926,0.02623761,0.03202519,0.00498015,0.00004349,-0.02201097,0.48749626,0.33552915,0.53950209,3.14157082,-0.00001103,1.57079260
3.614586,0.93049073,-0.15085866,1.40519595,-0.01471613,1.57078528,0.93047965,-0.02046767,0.02414544,0.02822112,0.00474026,-0.00000000,-0.02064512,0.48749421,0.33463901,0.53950560,3.14156842,-0.00001392,1.57080738
3.656013,0.92963606,-0.14986095,1.40635133,-0.01451806,1.57078528,0.92962503,-0.02070814,0.02433578,0.02862596,0.00469032,0.00000000,-0.02057462,0.48749984,0.33384682,0.53952375,3.14154418,-0.00004628,1.57080738
3.697484,0.92877406,-0.14884125,1.40756905,-0.01432732,1.57078528,0.92877406,-0.02215591,0.02578146,0.03126492,0.00486453,0.00000000,-0.02166934,0.48749779,0.33303908,0.53952246,3.14154871,-0.00004041,1.57079619
3.738958,0.92779833,-0.14772250,1.40894461,-0.01411457,1.57078528,0.92782766,-0.02228602,0.02582327,0.03174901,0.00481982,-0.00000000,-0.02184405,0.48750214,0.33213565,0.53950161,3.14157508,-0.00000510,1.57076703
3.780438,0.92692536,-0.14669912,1.41020274,-0.01392750,1.57078528,0.92696202,-0.02087430,0.02445695,0.02879033,0.00455535,0.00000000,-0.02096282,0.48749798,0.33131835,0.53948121,-3.14158200,0.00003305,1.57075958
3.821896,0.92606705,-0.14569408,1.41133249,-0.01373676,1.57078528,0.92608905,-0.02079225,0.02421890,0.02855361,0.00449520,0.00000000,-0.02110352,0.48749983,0.33052431,0.53951311,3.14156389,-0.00001974,1.57077436
3.862828,0.92521238,-0.14470370,1.41255391,-0.01355703,1.57078528,0.92522335,-0.02189555,0.02559827,0.03052308,0.00459137,0.00000000,-0.02224746,0.48749664,0.32972852,0.53949039,-3.14159026,0.00002127,1.57078541
3.904881,0.92424774,-0.14356662,1.41386700,-0.01335529,1.57078528,0.92424035,-0.02178436,0.02542602,0.02991421,0.00461259,-0.00004347,-0.02217942,0.48749121,0.32882981,0.53950669,3.14157960,0.00000073,1.57080365
3.946273,0.92339307,-0.14257991,1.41505182,-0.01317189,1.57078171,0.92337102,-0.02085379,0.02381984,0.02851357,0.00447167,-0.00000013,-0.02080901,0.48748931,0.32803846,0.53949920,3.14158520,0.00001463,1.57081830
3.987728,0.92252004,-0.14159322,1.41622925,-0.01298482,1.57078528,0.92251641,-0.02264030,0.02547447,0.03052479,0.00469583,0.00004301,-0.02228499,0.48749245,0.32723967,0.53949527,3.14159026,0.00001540,1.57079992
4.029080,0.92151862,-0.14047079,1.41757905,-0.01278308,1.57078528,0.92152601,-0.02269899,0.02531017,0.03009177,0.00460159,0.00000000,-0.02243310,0.48749645,0.32632519,0.53948386,-3.14157960,0.00003582,1.57078887
4.070657,0.92063832,-0.13949510,1.41872358,-0.01260334,1.57078528,0.92065674,-0.02103562,0.02385870,0.02804924,0.00423380,0.00000000,-0.02094814,0.48750398,0.32552831,0.53948802,-3.14158600,0.00002715,1.57077795
4.112252,0.91976905,-0.13848640,1.41991198,-0.01243095,1.57078528,0.91978371,-0.02213140,0.02538288,0.02899052,0.00443472,0.00000000,-0.02243831,0.48749623,0.32472304,0.53948776,-3.14158147,0.00003294,1.57078181
4.154155,0.91878963,-0.13737498,1.42114449,-0.01223287,1.57078528,0.91878229,-0.02205340,0.02512920,0.02940294,0.00448112,0.00000000,-0.02258041,0.48749862,0.32393263,0.53952356,3.14155963,-0.00002543,1.57080365
4.195706,0.91792768,-0.13638829,1.42236578,-0.01205681,1.57078528,0.91789836,-0.02096824,0.02357271,0.02873585,0.00410525,0.00000000,-0.02118829,0.48748946,0.32303519,0.53949631,-3.14159239,0.00001827,1.57082549
4.237248,0.91704732,-0.13541625,1.42353225,-0.01189175,1.57078528,0.91702169,-0.02267680,0.02479778,0.03001489,0.00437650,0.00000000,-0.02245528,0.48749120,0.32223721,0.53948414,-3.14157481,0.00004158,1.57082176
4.278698,0.91604596,-0.13433053,1.42485642,-0.01169367,1.57078528,0.91603500,-0.02292065,0.02526607,0.02911637,0.00446911,0.00000000,-0.02265527,0.48749707,0.32143633,0.53946335,-3.14155217,0.00007076,1.57080738
4.320143,0.91514730,-0.13332181,1.42594588,-0.01152128,1.57078528,0.91514367,-0.02160894,0.02400076,0.02599389,0.00416253,0.00000000,-0.02147668,0.48749925,0.32052599,0.53950675,3.14157960,0.00000089,1.57079992
4.361530,0.91425604,-0.13234246,1.42700958,-0.01134888,1.57078528,0.91425604,-0.02259643,0.02493038,0.02922605,0.00436099,0.00000000,-0.02272740,0.48750611,0.31972980,0.53954815,3.14152554,-0.00006883,1.57079619
4.403372,0.91326565,-0.13124572,1.42838156,-0.01115814,1.57078528,0.91325092,-0.02247989,0.02476535,0.03052363,0.00435528,0.00000000,-0.02274240,0.48750265,0.31892499,0.53950775,3.14157481,-0.00000493,1.57079992
4.444878,0.91238159,-0.13027735,1.42955518,-0.01098574,1.57078528,0.91235965,-0.02140557,0.02322657,0.02784871,0.00413815,0.00000000,-0.02153795,0.48749706,0.31803011,0.53948638,-3.14158813,0.00002411,1.57081830
4.485803,0.91150129,-0.12933101,1.43067765,-0.01081701,1.57078528,0.91147560,-0.02155804,0.02356916,0.02657218,0.00398117,0.00000000,-0.02155839,0.48750089,0.31724477,0.53947914,-3.14158360,0.00002996,1.57082203
4.526888,0.91061360,-0.12834430,1.43173409,-0.01065929,1.57078528,0.91059166,-0.02171776,0.02381157,0.02638834,0.00400444,0.00000000,-0.02154041,0.48750002,0.31644830,0.53952454,3.14154791,-0.00003956,1.57081830
4.568221,0.90971130,-0.12736861,1.43285286,-0.01048689,1.57078528,0.90970027,-0.02327882,0.02500928,0.02926536,0.00416853,0.00000000,-0.02292506,0.48750237,0.31564450,0.53953475,3.14153007,-0.00006265,1.57080738
4.609603,0.90868795,-0.12627552,1.43415499,-0.01031449,1.57078528,0.90869528,-0.02316066,0.02493177,0.03024389,0.00402963,0.00000000,-0.02298320,0.48750332,0.31473260,0.53951947,3.14155244,-0.00003369,1.57078887
4.651060,0.90779293,-0.12530351,1.43535805,-0.01015310,1.57078528,0.90779656,-0.02152495,0.02307121,0.02731591,0.00380110,0.00000000,-0.02174520,0.48749602,0.31392634,0.53948434,-3.14158999,0.00002124,1.57079260
4.692596,0.90690154,-0.12436083,1.43642175,-0.00999904,1.57078528,0.90689057,-0.02286393,0.02445304,0.02758679,0.00392836,0.00000000,-0.02317311,0.48750140,0.31314111,0.53949978,3.14157481,-0.00000477,1.57080725
4.734158,0.90589291,-0.12327142,1.43765056,-0.00982665,1.57078528,0.90587085,-0.02290254,0.02462426,0.02820049,0.00392748,0.00000000,-0.02303523,0.48749926,0.31224396,0.53951667,3.14155430,-0.00003072,1.57081830
4.775715,0.90499789,-0.12231407,1.43876576,-0.00967259,1.57078528,0.90497589,-0.02175613,0.02303589,0.02700740,0.00366283,-0.00000000,-0.02153515,0.48749693,0.31144899,0.53951411,3.14155670,-0.00002771,1.57081830
4.817277,0.90408456,-0.12135670,1.43989539,-0.00952220,1.57078528,0.90408087,-0.02340054,0.02463670,0.02918340,0.00384120,0.00000000,-0.02300375,0.48749809,0.31064387,0.53950365,3.14157028,-0.00001048,1.57079992
4.858798,0.90305382,-0.12026731,1.44119024,-0.00935347,1.57078528,0.90306479,-0.02341552,0.02443133,0.02845198,0.00384369,-0.00000000,-0.02328289,0.48749273,0.30982883,0.53948616,-3.14158999,0.00002123,1.57078181
4.900299,0.90214050,-0.11932829,1.44225764,-0.00920308,1.57078528,0.90214783,-0.02205149,0.02289133,0.02638168,0.00357951,0.00000000,-0.02209535,0.48750163,0.30893682,0.53949529,3.14157960,0.00000111,1.57078887
4.941801,0.90122348,-0.11836726,1.44338000,-0.00905636,1.57078528,0.90123081,-0.02196318,0.02306796,0.02629409,0.00357951,-0.00000000,-0.02218366,0.48749984,0.30812974,0.53948858,3.14158839,0.00001257,1.57078887
4.983302,0.90031749,-0.11741358,1.44444013,-0.00890597,1.57078528,0.90030652,-0.02316900,0.02409646,0.02775845,0.00370732,-0.00000000,-0.02347761,0.48749938,0.30733561,0.53950820,3.14156123,-0.00002185,1.57080725
5.024905,0.89929777,-0.11636452,1.44568729,-0.00874825,1.57078528,0.89927948,-0.02329011,0.02430494,0.02805244,0.00361704,0.00000000,-0.02324604,0.48749918,0.30644404,0.53948889,3.14158626,0.00000979,1.57081470
5.066453,0.89838076,-0.11539250,1.44677293,-0.00860519,1.57078528,0.89837343,-0.02218019,0.02301873,0.02642027,0.00335775,-0.00000000,-0.02191542,0.48749344,0.30563697,0.53950425,3.14156789,-0.00001323,1.57080365
5.107924,0.89745641,-0.11445347,1.44788063,-0.00846948,1.57078528,0.89746010,-0.02371105,0.02384572,0.02798327,0.00343171,0.00000000,-0.02322889,0.48749473,0.30483395,0.53948966,3.14158839,0.00001255,1.57079260
5.149786,0.89640373,-0.11340442,1.44910586,-0.00831909,1.57078528,0.89643675,-0.02377913,0.02417817,0.02742610,0.00356152,0.00000000,-0.02325306,0.48750164,0.30392818,0.53947869,-3.14158067,0.00003270,1.57076330
5.191341,0.89547199,-0.11243606,1.45016956,-0.00817237,1.57078528,0.89551967,-0.02220650,0.02273551,0.02573703,0.00331090,-0.00000000,-0.02225054,0.48749939,0.30311773,0.53950183,3.14157241,-0.00000741,1.57074879
5.232872,0.89455867,-0.11151539,1.45124424,-0.00804399,1.57078528,0.89458805,-0.02333818,0.02364638,0.02660026,0.00339022,0.00000000,-0.02382239,0.48749981,0.30232814,0.53949122,3.14158866,0.00001259,1.57076690
5.274614,0.89352798,-0.11046633,1.45238495,-0.00788993,1.57078528,0.89353532,-0.02341244,0.02398725,0.02721697,0.00343870,-0.00000000,-0.02403176,0.48750176,0.30144077,0.53952042,3.14154978,-0.00003603,1.57078887
5.316027,0.89261097,-0.10951998,1.45350754,-0.00775788,1.57078528,0.89258891,-0.02219390,0.02232762,0.02657393,0.00313905,-0.00000000,-0.02245987,0.48749217,0.30063884,0.53949988,3.14157721,-0.00000158,1.57081830
5.357583,0.89168656,-0.10861398,1.45458961,-0.00762950,1.57078528,0.89167196,-0.02397885,0.02397919,0.02746575,0.00331194,-0.00004302,-0.02349195,0.48749556,0.29984823,0.53947647,-3.14157827,0.00003553,1.57081097
5.399096,0.89061922,-0.10752824,1.45578897,-0.00748278,1.57078171,0.89063758,-0.02426669,0.02417774,0.02682822,0.00331508,0.00000010,-0.02391385,0.48749211,0.29892760,0.53949453,3.14158360,0.00001204,1.57077808
5.440561,0.88967282,-0.10660757,1.45681596,-0.00735440,1.57078528,0.88968754,-0.02271197,0.02222569,0.02430480,0.00296614,0.00004301,-0.02284593,0.48749946,0.29812699,0.53950501,3.14157241,-0.00000734,1.57078168
5.481944,0.88873756,-0.10568689,1.45780265,-0.00723702,1.57078528,0.88874483,-0.02391364,0.02369256,0.02669411,0.00318189,0.00000000,-0.02435505,0.48750452,0.29733406,0.53953345,3.14154019,-0.00004720,1.57078914
5.523520,0.88768846,-0.10464150,1.45903158,-0.00709030,1.57078528,0.88766646,-0.02376058,0.02327303,0.02791248,0.00322371,-0.00000000,-0.02437763,0.48750033,0.29653123,0.53951901,3.14155617,-0.00002719,1.57081097
5.564986,0.88676411,-0.10375384,1.46012092,-0.00696925,1.57078528,0.88672012,-0.02247266,0.02202874,0.02604387,0.00286472,-0.00000000,-0.02252055,0.48750017,0.29564760,0.53947411,-3.14157108,0.00004393,1.57084027
5.606758,0.88581777,-0.10280749,1.46119928,-0.00685188,1.57078528,0.88579208,-0.02277393,0.02255295,0.02466025,0.00290793,0.00000000,-0.02237911,0.48749314,0.29483530,0.53947037,-3.14156176,0.00005525,1.57082203
5.648256,0.88486779,-0.10187580,1.46217501,-0.00672716,1.57078528,0.88485670,-0.02439725,0.02355794,0.02519388,0.00300554,-0.00000000,-0.02417676,0.48749659,0.29403435,0.53950925,3.14157241,-0.00000720,1.57080738
5.689748,0.88379306,-0.10085243,1.46329010,-0.00660245,1.57078528,0.88378567,-0.02444152,0.02360100,0.02598691,0.00304949,-0.00000000,-0.02435235,0.48750468,0.29313524,0.53952890,3.14155137,-0.00003270,1.57080365
5.731250,0.88283932,-0.09991708,1.46433175,-0.00647407,1.57078528,0.88283563,-0.02277000,0.02202013,0.02519610,0.00295684,0.00000000,-0.02294485,0.48750201,0.29232702,0.53953716,3.14153753,-0.00004971,1.57079992
5.772875,0.88190031,-0.09902209,1.46538460,-0.00635669,1.57078528,0.88187832,-0.02405292,0.02281669,0.02767434,0.00295684,0.00000000,-0.02436085,0.48750213,0.29153619,0.53951665,3.14156336,-0.00001841,1.57081830
5.814377,0.88084024,-0.09802072,1.46663165,-0.00622831,1.57078528,0.88081092,-0.02412656,0.02328601,0.02638868,0.00294960,0.00000000,-0.02417206,0.48749908,0.29064139,0.53945925,-3.14154738,0.00007209,1.57082549
5.856229,0.87989026,-0.09708170,1.46758163,-0.00611093,1.57078528,0.87986457,-0.02289676,0.02214407,0.02329834,0.00286242,0.00000000,-0.02272066,0.48749615,0.28984095,0.53951160,3.14157002,-0.00000997,1.57082203
5.897686,0.87893289,-0.09617569,1.46857214,-0.00598989,1.57078528,0.87891817,-0.02472794,0.02335639,0.02610002,0.00287531,0.00000000,-0.02437351,0.48749979,0.28904383,0.53952658,3.14154658,-0.00003808,1.57081097
5.939149,0.87783980,-0.09514497,1.46974587,-0.00587251,1.57078528,0.87784350,-0.02479104,0.02332998,0.02647269,0.00283358,-0.00004318,-0.02470325,0.48749935,0.28813009,0.53951791,3.14156336,-0.00001831,1.57079260
5.980532,0.87687880,-0.09424265,1.47076559,-0.00575514,1.57078171,0.87687141,-0.02309574,0.02163543,0.02547940,0.00265518,-0.00000029,-0.02340547,0.48750071,0.28732996,0.53951543,3.14156016,-0.00001598,1.57080365
6.022055,0.87592506,-0.09335131,1.47185850,-0.00565243,1.57078528,0.87590307,-0.02438163,0.02283778,0.02628089,0.00264536,0.00004306,-0.02468989,0.48749522,0.28653039,0.53946930,-3.14155883,0.00005770,1.57081830
6.063713,0.87485033,-0.09234261,1.47295165,-0.00553505,1.57078528,0.87481731,-0.02436013,0.02291150,0.02484476,0.00280801,0.00000000,-0.02440589,0.48749602,0.28573636,0.53948419,-3.14157747,0.00003527,1.57082922
6.105657,0.87388933,-0.09143661,1.47393477,-0.00541768,1.57078528,0.87386364,-0.02312264,0.02153727,0.02400641,0.00263557,0.00000000,-0.02294623,0.48749521,0.28484169,0.53950292,3.14157960,0.00000151,1.57082203
6.147163,0.87292093,-0.09054527,1.47495449,-0.00531497,1.57078528,0.87290263,-0.02498555,0.02326105,0.02582414,0.00265329,0.00000000,-0.02471950,0.48749548,0.28404116,0.53949127,-3.14158946,0.00002120,1.57081470
6.188611,0.87181687,-0.08950722,1.47607684,-0.00519760,1.57078528,0.87181324,-0.02505583,0.02298123,0.02549813,0.00269557,0.00000000,-0.02465894,0.48749279,0.28322968,0.53950960,3.14157241,-0.00000696,1.57080365
6.230182,0.87084121,-0.08863790,1.47707093,-0.00509122,1.57078528,0.87085587,-0.02343265,0.02105002,0.02387370,0.00251541,0.00000000,-0.02316818,0.48749898,0.28233070,0.53949756,3.14158653,0.00000996,1.57078181
6.271730,0.86986917,-0.08775757,1.47806120,-0.00498852,1.57078528,0.86988753,-0.02335234,0.02154281,0.02410264,0.00247211,0.00000000,-0.02348439,0.48750138,0.28153461,0.53949325,3.14159132,0.00001550,1.57077808
6.313273,0.86890084,-0.08684789,1.47907364,-0.00488581,1.57078528,0.86890453,-0.02481403,0.02273878,0.02560830,0.00260512,0.00000000,-0.02516708,0.48749303,0.28073038,0.53949329,3.14159132,0.00001555,1.57079260
6.354806,0.86780775,-0.08586854,1.48018861,-0.00477210,1.57078528,0.86779678,-0.02495491,0.02248123,0.02526343,0.00256163,0.00000000,-0.02504365,0.48749551,0.27983850,0.53948109,-3.14157987,0.00003226,1.57080725
6.396319,0.86682838,-0.08498087,1.48117173,-0.00467307,1.57078528,0.86682469,-0.02372000,0.02159947,0.02349962,0.00234100,0.00000000,-0.02332245,0.48749492,0.27903773,0.53948255,-3.14158200,0.00002951,1.57079992
6.437848,0.86583799,-0.08407487,1.48214006,-0.00457770,1.57078528,0.86586004,-0.02554805,0.02266037,0.02425709,0.00243937,0.00000000,-0.02492718,0.48749252,0.27822743,0.53950008,3.14158200,0.00000434,1.57077436
6.479058,0.86471564,-0.08310651,1.48317814,-0.00447133,1.57078528,0.86476332,-0.02551378,0.02253180,0.02467078,0.00249367,0.00000000,-0.02547030,0.48750648,0.27733064,0.53951740,3.14155803,-0.00002354,1.57074879
6.520217,0.86373627,-0.08221885,1.48417222,-0.00437229,1.57078528,0.86376196,-0.02371075,0.02140180,0.02446179,0.00226540,0.00000000,-0.02415503,0.48750164,0.27652978,0.53951234,3.14156283,-0.00001789,1.57077063
6.561672,0.86275685,-0.08133852,1.48519921,-0.00428426,1.57078528,0.86276788,-0.02484896,0.02217264,0.02516759,0.00236884,0.00000000,-0.02533044,0.48749456,0.27572783,0.53948570,-3.14158440,0.00002668,1.57078541
6.603710,0.86166012,-0.08036649,1.48627400,-0.00417422,1.57078528,0.86164546,-0.02493698,0.02226141,0.02467797,0.00236894,-0.00000000,-0.02524053,0.48749654,0.27493512,0.53948939,-3.14159132,0.00001828,1.57079992
6.645166,0.86067343,-0.07947883,1.48726070,-0.00408618,1.57078528,0.86065876,-0.02403963,0.02112433,0.02267179,0.00216540,0.00000000,-0.02377527,0.48748784,0.27403683,0.53948230,-3.14158200,0.00002948,1.57081097
6.686712,0.85966474,-0.07861318,1.48815560,-0.00399448,1.57078528,0.85967207,-0.02424187,0.02070922,0.02154751,0.00220780,0.00000000,-0.02393262,0.48749791,0.27323607,0.53951163,3.14156256,-0.00001784,1.57078887
6.728235,0.85865968,-0.07775853,1.48905063,-0.00390278,1.57078528,0.85867071,-0.02555729,0.02221104,0.02431549,0.00224405,0.00000000,-0.02542599,0.48750854,0.27244046,0.53953476,3.14152900,-0.00005667,1.57078541
6.770065,0.85753363,-0.07676082,1.49018407,-0.00380741,1.57078528,0.85755193,-0.02537002,0.02220257,0.02537032,0.00219878,0.00000000,-0.02550428,0.48750000,0.27152724,0.53951676,3.14155537,-0.00002607,1.57077808
6.811625,0.85654324,-0.07590617,1.49116719,-0.00371938,1.57078528,0.85654324,-0.02373340,0.02068889,0.02368953,0.00207325,0.00000000,-0.02435046,0.48749811,0.27073220,0.53949576,3.14158200,0.00000452,1.57079633
6.853216,0.85556018,-0.07504051,1.49215388,-0.00363502,1.57078528,0.85552716,-0.02564318,0.02213382,0.02411793,0.00212889,0.00000000,-0.02581394,0.48748992,0.26993729,0.53947800,-3.14157960,0.00003222,1.57082922
6.894371,0.85442311,-0.07407583,1.49316251,-0.00354331,1.57078528,0.85440844,-0.02603249,0.02190299,0.02270390,0.00217635,-0.00004291,-0.02563242,0.48749661,0.26903832,0.53950184,3.14157481,-0.00000382,1.57081097
6.935818,0.85341078,-0.07323218,1.49402821,-0.00345528,1.57078171,0.85341078,-0.02450640,0.02034878,0.02194090,0.00203481,-0.00000005,-0.02432937,0.48750800,0.26824529,0.53953124,3.14152874,-0.00005116,1.57079619
6.977290,0.85239106,-0.07238853,1.49498188,-0.00337459,1.57078528,0.85239106,-0.02597250,0.02199559,0.02429157,0.00203187,0.00004309,-0.02614807,0.48751327,0.26744203,0.53951654,3.14155058,-0.00003137,1.57079619
7.018852,0.85125393,-0.07140550,1.49604547,-0.00328655,1.57078528,0.85123932,-0.02571314,0.02217834,0.02500809,0.00203243,-0.00000000,-0.02611105,0.48750804,0.26663354,0.53952370,3.14154312,-0.00003968,1.57080725
7.060299,0.85025626,-0.07054719,1.49705791,-0.00320586,1.57078528,0.85022324,-0.02414520,0.02051901,0.02361672,0.00181326,0.00000000,-0.02432216,0.48749712,0.26573329,0.53948507,-3.14159132,0.00001828,1.57082922
7.101799,0.84925115,-0.06970353,1.49800432,-0.00313616,1.57078528,0.84922189,-0.02421510,0.02055892,0.02140911,0.00180418,0.00000000,-0.02408314,0.48749495,0.26493740,0.53947154,-3.14156922,0.00004310,1.57082549
7.143612,0.84823883,-0.06883422,1.49884069,-0.00305547,1.57078528,0.84821683,-0.02604532,0.02163297,0.02239476,0.00207120,0.00000000,-0.02569248,0.48749537,0.26414031,0.53952597,3.14154099,-0.00004217,1.57081830
7.185078,0.84708339,-0.06790254,1.49986768,-0.00296377,1.57078528,0.84708339,-0.02639765,0.02104757,0.02369941,0.00185731,0.00000000,-0.02600014,0.48750464,0.26324233,0.53952083,3.14154312,-0.00003941,1.57079619
7.226570,0.84604901,-0.06708823,1.50080669,-0.00290141,1.57078528,0.84605998,-0.02461369,0.02032695,0.02222752,0.00172337,0.00000000,-0.02470253,0.48751395,0.26244123,0.53949372,3.14158440,0.00000732,1.57078541
7.268084,0.84504032,-0.06621525,1.50171268,-0.00282071,1.57078528,0.84503293,-0.02592492,0.02189777,0.02437896,0.00190188,0.00000000,-0.02632313,0.48750422,0.26164033,0.53951502,3.14155271,-0.00002834,1.57080365
7.309494,0.84389955,-0.06527256,1.50282776,-0.00274369,1.57078528,0.84387749,-0.02602431,0.02159791,0.02412218,0.00172608,-0.00000000,-0.02628916,0.48749588,0.26073940,0.53946976,-3.14156895,0.00004297,1.57081830
7.350970,0.84288347,-0.06442524,1.50371170,-0.00267766,1.57078528,0.84285414,-0.02472489,0.02047899,0.02092105,0.00168088,0.00000000,-0.02454707,0.48749259,0.25994323,0.53948602,-3.14158866,0.00002099,1.57082549
7.392423,0.84184915,-0.06357426,1.50456274,-0.00260430,1.57078528,0.84184182,-0.02664553,0.02141215,0.02297132,0.00181751,-0.00000000,-0.02624688,0.48749473,0.25914048,0.53952074,3.14154765,-0.00003369,1.57080365
7.433723,0.84067899,-0.06265359,1.50561190,-0.00252727,1.57078528,0.84068269,-0.02664821,0.02101628,0.02350103,0.00172926,0.00000000,-0.02647073,0.48750014,0.25833720,0.53949825,3.14157721,-0.00000080,1.57079260
7.475169,0.83964461,-0.06183562,1.50650680,-0.00246125,1.57078528,0.83965194,-0.02502590,0.02005776,0.02169777,0.00159742,0.00000000,-0.02511553,0.48750449,0.25744047,0.53948970,3.14158946,0.00001284,1.57078887
7.516389,0.83861023,-0.06099564,1.50740552,-0.00239522,1.57078528,0.83860660,-0.02469491,0.01990920,0.02161532,0.00153892,-0.00004167,-0.02495759,0.48750204,0.25663737,0.53949357,3.14158440,0.00000742,1.57079992
7.558680,0.83758318,-0.06017400,1.50831151,-0.00233287,1.57078171,0.83756858,-0.02629754,0.02119966,0.02272331,0.00158282,0.00000208,-0.02638115,0.48750070,0.25584216,0.53948365,-3.14158866,0.00002617,1.57081097
7.599954,0.83641672,-0.05922765,1.50930178,-0.00226317,1.57078528,0.83640575,-0.02678579,0.02157980,0.02313867,0.00160186,0.00004318,-0.02665329,0.48749647,0.25493903,0.53949753,3.14158200,0.00000464,1.57080725
7.641102,0.83537507,-0.05839501,1.51021886,-0.00220082,1.57078528,0.83537138,-0.02546395,0.01985622,0.02186124,0.00146917,0.00000000,-0.02501964,0.48749261,0.25413359,0.53948719,-3.14158839,0.00002102,1.57079992
7.682347,0.83431864,-0.05759171,1.51110291,-0.00214213,1.57078528,0.83434433,-0.02708187,0.02083075,0.02247262,0.00159515,0.00000000,-0.02646041,0.48750076,0.25333162,0.53947707,-3.14157375,0.00003736,1.57077063
7.723832,0.83313388,-0.05667103,1.51207852,-0.00206877,1.57078528,0.83318156,-0.02674602,0.02117586,0.02259020,0.00159152,0.00000000,-0.02674600,0.48750632,0.25253120,0.53948440,-3.14158839,0.00002098,1.57075252
7.765318,0.83209950,-0.05583473,1.51297724,-0.00201008,1.57078528,0.83212519,-0.02498315,0.01972131,0.02069512,0.00145930,-0.00000000,-0.02547028,0.48749589,0.25162783,0.53948318,-3.14158360,0.00002645,1.57077063
7.806784,0.83106148,-0.05503509,1.51379526,-0.00194772,1.57078528,0.83106875,-0.02506181,0.01943890,0.01983752,0.00141677,0.00000000,-0.02550508,0.48750156,0.25084196,0.53950281,3.14157241,-0.00000604,1.57078914
7.848157,0.83002341,-0.05422446,1.51462054,-0.00189270,1.57078528,0.83001238,-0.02687203,0.02108114,0.02257777,0.00141425,0.00000000,-0.02687292,0.48750232,0.25005215,0.53952338,3.14154498,-0.00003581,1.57080738
7.889749,0.82883126,-0.05328544,1.51566958,-0.00183035,1.57078528,0.82883865,-0.02720996,0.02094738,0.02324116,0.00141112,0.00000000,-0.02681297,0.48749266,0.24913544,0.53950129,3.14157721,-0.00000061,1.57078887
7.931331,0.82776022,-0.05248215,1.51655364,-0.00177533,1.57078528,0.82778221,-0.02562478,0.01914148,0.02094908,0.00132314,0.00000000,-0.02549287,0.48749695,0.24832770,0.53948876,-3.14159079,0.00001836,1.57077436
7.972915,0.82670015,-0.05169352,1.51741183,-0.00172031,1.57078528,0.82671851,-0.02700704,0.02065248,0.02223960,0.00136795,0.00000000,-0.02735929,0.48750289,0.24753159,0.53948103,-3.14158094,0.00002905,1.57077808
8.014458,0.82551533,-0.05076551,1.51840222,-0.00166162,1.57078528,0.82550806,-0.02679240,0.02078977,0.02136462,0.00132430,-0.00004294,-0.02754334,0.48749390,0.24662664,0.53948032,-3.14157854,0.00003175,1.57080352
8.056018,0.82447368,-0.04996588,1.51918721,-0.00161026,1.57078171,0.82442963,-0.02540242,0.01921756,0.01904006,0.00123706,0.00000019,-0.02562280,0.48749518,0.24584202,0.53951282,3.14155963,-0.00001428,1.57084027
8.097486,0.82340628,-0.04916991,1.51998305,-0.00155891,1.57078528,0.82338059,-0.02741102,0.02042581,0.02179497,0.00128213,0.00004306,-0.02705743,0.48750128,0.24504580,0.53953784,3.14152741,-0.00005443,1.57082203
8.138980,0.82219952,-0.04827125,1.52099550,-0.00150389,1.57078528,0.82218480,-0.02759391,0.02025254,0.02281721,0.00128239,-0.00000000,-0.02728413,0.48750057,0.24423770,0.53951017,3.14156709,-0.00001130,1.57081097
8.180430,0.82111740,-0.04748996,1.52187574,-0.00145254,1.57078528,0.82111740,-0.02589191,0.01890974,0.02111946,0.00119308,0.00000000,-0.02593387,0.48750464,0.24333185,0.53948559,-3.14158600,0.00002356,1.57079619
8.222001,0.82005000,-0.04670133,1.52274883,-0.00140485,1.57078528,0.82003170,-0.02557532,0.01921555,0.02067296,0.00114850,0.00000000,-0.02601753,0.48750358,0.24253213,0.53946784,-3.14156096,0.00005045,1.57081470
8.263469,0.81899363,-0.04589437,1.52359247,-0.00135717,1.57078528,0.81895691,-0.02720742,0.02061595,0.02061596,0.00119439,-0.00004308,-0.02738481,0.48749604,0.24173522,0.53947349,-3.14156842,0.00004237,1.57083295
8.304915,0.81779420,-0.04499203,1.52445817,-0.00130582,1.57078171,0.81776118,-0.02744346,0.02028544,0.02006196,0.00114910,-0.00000025,-0.02713465,0.48749625,0.24084101,0.53951706,3.14155430,-0.00001941,1.57082922
8.346484,0.81671578,-0.04421074,1.52525771,-0.00126180,1.57078528,0.81670475,-0.02612189,0.01901749,0.01972210,0.00110310,0.00004294,-0.02554832,0.48750076,0.24004427,0.53953005,3.14153912,-0.00004060,1.57080738
8.388045,0.81562269,-0.04341111,1.52609766,-0.00121412,1.57078528,0.81563735,-0.02775296,0.02001830,0.02143455,0.00114886,-0.00000000,-0.02779855,0.48750057,0.23923260,0.53953281,3.14153433,-0.00004591,1.57078181
8.429497,0.81441224,-0.04254913,1.52703679,-0.00116643,1.57078528,0.81439757,-0.02760131,0.01959537,0.02198429,0.00106171,0.00000000,-0.02808800,0.48750403,0.23833948,0.53951858,3.14155430,-0.00002441,1.57081097
8.470972,0.81333387,-0.04178618,1.52792072,-0.00112608,1.57078528,0.81330818,-0.02597787,0.01870924,0.02123308,0.00093075,0.00000000,-0.02615448,0.48750367,0.23754176,0.53947978,-3.14157534,0.00003422,1.57082203
8.512239,0.81226277,-0.04100122,1.52879369,-0.00108940,1.57078528,0.81223345,-0.02753136,0.02030537,0.02064378,0.00101206,0.00000000,-0.02748908,0.48749524,0.23674238,0.53945678,-3.14154019,0.00007146,1.57082549
8.554165,0.81104136,-0.04009521,1.52963746,-0.00104172,1.57078528,0.81101936,-0.02789141,0.02008252,0.01929990,0.00105694,0.00000000,-0.02758115,0.48749120,0.23594109,0.53950988,3.14156975,-0.00000832,1.57081830
8.595426,0.80994093,-0.03932860,1.53040028,-0.00100137,1.57078528,0.80993724,-0.02659487,0.01861561,0.01949559,0.00097517,0.00000000,-0.02619550,0.48750143,0.23504039,0.53953155,3.14153912,-0.00004024,1.57079992
8.636921,0.80884051,-0.03855464,1.53125131,-0.00096102,1.57078528,0.80885154,-0.02654136,0.01880077,0.01995080,0.00101746,-0.00000000,-0.02614307,0.48750091,0.23423249,0.53951318,3.14156416,-0.00001361,1.57078541
8.678345,0.80774015,-0.03776968,1.53205466,-0.00091701,1.57078528,0.80776948,-0.02797909,0.01959796,0.02084197,0.00101954,0.00000000,-0.02802516,0.48749997,0.23342573,0.53952376,3.14154658,-0.00003210,1.57076703
8.719655,0.80652601,-0.03693337,1.53297532,-0.00087666,1.57078528,0.80653334,-0.02783358,0.01905819,0.02167007,0.00093073,-0.00000000,-0.02823299,0.48750230,0.23254081,0.53950238,3.14157721,-0.00000028,1.57078887
8.761124,0.80543661,-0.03619244,1.53384829,-0.00083998,1.57078528,0.80543292,-0.02632343,0.01829609,0.02002386,0.00083802,0.00000000,-0.02641261,0.48750230,0.23174620,0.53945532,-3.14154232,0.00006849,1.57079992
8.802843,0.80433619,-0.03541114,1.53464055,-0.00080697,1.57078528,0.80433619,-0.02837329,0.02001960,0.01961460,0.00088419,-0.00000000,-0.02797280,0.48749866,0.23094127,0.53946727,-3.14155750,0.00005256,1.57079619
8.844174,0.80308175,-0.03453081,1.53547680,-0.00076662,1.57078528,0.80311108,-0.02883454,0.01991798,0.02001761,0.00089095,0.00000000,-0.02821079,0.48750075,0.23003198,0.53950828,3.14156922,-0.00000823,1.57076703
8.885106,0.80196297,-0.03377153,1.53628743,-0.00073361,1.57078528,0.80201435,-0.02692309,0.01848300,0.01946922,0.00080368,-0.00004314,-0.02691992,0.48750324,0.22922329,0.53949957,3.14158200,0.00000497,1.57074506
8.926336,0.80086994,-0.03301225,1.53707623,-0.00070059,1.57078171,0.80089921,-0.02650888,0.01830889,0.01893217,0.00079802,-0.00000059,-0.02699758,0.48750047,0.22842879,0.53950122,3.14157721,0.00000497,1.57076703
8.967850,0.79976952,-0.03225664,1.53785384,-0.00066758,1.57078528,0.79978049,-0.02800613,0.01902425,0.02016522,0.00083665,0.00004312,-0.02840304,0.48749946,0.22763329,0.53950622,3.14157215,-0.00000541,1.57078541
9.009608,0.79853708,-0.03142766,1.53875613,-0.00063090,1.57078528,0.79853332,-0.02830937,0.01893084,0.02016030,0.00074797,-0.00000000,-0.02830749,0.48749950,0.22674471,0.53948745,-3.14158759,0.00002086,1.57080006
9.051145,0.79741096,-0.03067939,1.53953373,-0.00060522,1.57078528,0.79742193,-0.02724207,0.01822018,0.01870524,0.00066347,0.00000000,-0.02679837,0.48750349,0.22593844,0.53948732,-3.14158493,0.00002347,1.57078541
9.092553,0.79627752,-0.02991644,1.54030764,-0.00057588,1.57078528,0.79631054,-0.02879920,0.01922929,0.02015980,0.00079751,0.00000000,-0.02857836,0.48750459,0.22512546,0.53949652,3.14158733,0.00001032,1.57076330
9.133934,0.79502678,-0.02908746,1.54120266,-0.00053920,1.57078528,0.79505605,-0.02839603,0.01910633,0.02025735,0.00075236,-0.00000000,-0.02883622,0.48750523,0.22432934,0.53948405,-3.14158253,0.00002602,1.57076703
9.175507,0.79392266,-0.02833185,1.54198754,-0.00051352,1.57078528,0.79391903,-0.02664441,0.01821854,0.01835222,0.00061755,0.00000000,-0.02726162,0.48749800,0.22343225,0.53947954,-3.14157481,0.00003383,1.57079992
9.217085,0.79281127,-0.02757257,1.54272866,-0.00048785,1.57078528,0.79278922,-0.02858410,0.01899997,0.01947891,0.00065963,0.00000000,-0.02849919,0.48749351,0.22263403,0.53950159,3.14157960,0.00000259,1.57081830
9.258889,0.79153842,-0.02674726,1.54361248,-0.00045850,1.57078528,0.79154211,-0.02890156,0.01851866,0.01965980,0.00065981,0.00000000,-0.02850676,0.48749581,0.22183105,0.53949099,-3.14158999,0.00001818,1.57079992
9.300440,0.79040140,-0.02602833,1.54436815,-0.00043283,1.57078528,0.79041237,-0.02732464,0.01770192,0.01757026,0.00066217,0.00000000,-0.02732541,0.48750438,0.22092908,0.53948149,-3.14157721,0.00003120,1.57078541
9.341981,0.78926796,-0.02527638,1.54507244,-0.00040348,1.57078528,0.78927159,-0.02862736,0.01895283,0.01850769,0.00061659,0.00000000,-0.02910914,0.48750594,0.22012591,0.53951743,3.14155377,-0.00002347,1.57079260
9.383826,0.78801346,-0.02444741,1.54591238,-0.00038147,1.57078528,0.78798407,-0.02847945,0.01841199,0.02000401,0.00052749,0.00000000,-0.02900496,0.48750243,0.21933213,0.53952483,3.14154605,-0.00003125,1.57082575
9.425415,0.78689104,-0.02373948,1.54674149,-0.00035947,1.57078528,0.78685069,-0.02703251,0.01727287,0.01908224,0.00052740,0.00000000,-0.02685813,0.48750065,0.21843782,0.53947625,-3.14156922,0.00003903,1.57083667
9.467275,0.78575760,-0.02300587,1.54750431,-0.00033746,1.57078528,0.78574300,-0.02906923,0.01882235,0.01886020,0.00057182,-0.00000000,-0.02849740,0.48749856,0.21763559,0.53947283,-3.14156416,0.00004410,1.57081097
9.508860,0.78446645,-0.02216956,1.54831493,-0.00031178,1.57078528,0.78447384,-0.02920969,0.01875272,0.01910787,0.00057368,0.00000000,-0.02894617,0.48749722,0.21682785,0.53949958,3.14158227,0.00000527,1.57079633
9.550398,0.78332943,-0.02144696,1.54909265,-0.00028977,1.57078528,0.78333676,-0.02753513,0.01725626,0.01831987,0.00048870,0.00000000,-0.02780662,0.48749685,0.21592467,0.53948071,-3.14157721,0.00003115,1.57078887
9.591324,0.78219599,-0.02074637,1.54982615,-0.00027143,1.57078528,0.78218132,-0.02747191,0.01749086,0.01692961,0.00044522,0.00000000,-0.02778593,0.48750171,0.21513394,0.53947392,-3.14156655,0.00004140,1.57081097
9.632791,0.78106618,-0.02000543,1.55048645,-0.00025309,1.57078528,0.78104788,-0.02910281,0.01879724,0.01755952,0.00048642,0.00000000,-0.02901431,0.48749921,0.21433989,0.53952263,3.14154845,-0.00002832,1.57081470
9.674257,0.77978241,-0.01918746,1.55128241,-0.00023109,1.57078528,0.77977508,-0.02945180,0.01822014,0.01910474,0.00048636,0.00000000,-0.02901059,0.48749808,0.21344107,0.53954364,3.14151702,-0.00005921,1.57080365
9.715736,0.77862334,-0.01849420,1.55207109,-0.00021275,1.57078528,0.77864164,-0.02784904,0.01694651,0.01862607,0.00039746,0.00000000,-0.02758243,0.48750262,0.21263663,0.53950555,3.14157161,-0.00000498,1.57077808
9.757369,0.77746785,-0.01777893,1.55283034,-0.00019807,1.57078528,0.77748257,-0.02945159,0.01829682,0.01922170,0.00039692,0.00000000,-0.02953909,0.48750119,0.21183026,0.53949206,-3.14159239,0.00001560,1.57078168
9.798940,0.77617306,-0.01697197,1.55367029,-0.00017973,1.57078528,0.77618408,-0.02925052,0.01808877,0.01883931,0.00039704,0.00000000,-0.02956025,0.48749867,0.21102690,0.53949132,-3.14159239,0.00001554,1.57078541
9.840508,0.77503598,-0.01627504,1.55439663,-0.00016506,1.57078528,0.77502495,-0.02762297,0.01676772,0.01698776,0.00035295,-0.00000000,-0.02779925,0.48749710,0.21013692,0.53947781,-3.14157135,0.00003616,1.57080738
9.882067,0.77387685,-0.01557812,1.55508244,-0.00015039,1.57078528,0.77387321,-0.02970063,0.01818225,0.01734303,0.00039716,0.00000000,-0.02939081,0.48750303,0.20933979,0.53949028,-3.14158999,0.00001811,1.57079992
9.923624,0.77256739,-0.01476381,1.55583811,-0.00013205,1.57078528,0.77258211,-0.02988621,0.01832059,0.01752689,0.00035319,-0.00000000,-0.02935669,0.48750137,0.20853673,0.53951870,3.14155351,-0.00002281,1.57078887
9.965152,0.77139366,-0.01405588,1.55653870,-0.00012104,1.57078528,0.77143401,-0.02803911,0.01673495,0.01722020,0.00026495,-0.00004296,-0.02768594,0.48750464,0.20762614,0.53953671,3.14152741,-0.00004834,1.57075598
10.006695,0.77023816,-0.01337363,1.55726862,-0.00011004,1.57078171,0.77028221,-0.02782190,0.01676479,0.01733660,0.00030971,0.00000033,-0.02804375,0.48750674,0.20683178,0.53951926,3.14155058,-0.00002017,1.57075225
10.048081,0.76908642,-0.01266570,1.55797648,-0.00009537,1.57078528,0.76910847,-0.02955586,0.01807954,0.01870007,0.00035445,0.00004313,-0.03004417,0.48750132,0.20603518,0.53952544,3.14154259,-0.00003294,1.57077436
10.089471,0.76779163,-0.01187707,1.55881655,-0.00008070,1.57078528,0.76779526,-0.02986919,0.01750492,0.01941217,0.00026590,-0.00000000,-0.02995837,0.48749263,0.20513826,0.53950673,3.14156895,-0.00000734,1.57079260
10.130848,0.76661420,-0.01121683,1.55958319,-0.00007336,1.57078528,0.76662886,-0.02858734,0.01622145,0.01728522,0.00017738,0.00000000,-0.02827681,0.48749820,0.20433719,0.53945939,-3.14154498,0.00006140,1.57078181
10.172231,0.76542574,-0.01053458,1.56024706,-0.00006602,1.57078528,0.76545507,-0.03021214,0.01770991,0.01660876,0.00026459,0.00000000,-0.03029775,0.48750649,0.20353264,0.53947277,-3.14156336,0.00004353,1.57076703
10.213867,0.76410526,-0.00974595,1.56096232,-0.00005135,1.57078528,0.76411259,-0.02988744,0.01796849,0.01682451,0.00022013,0.00000000,-0.03028359,0.48750704,0.20273462,0.53950651,3.14156895,-0.00000724,1.57078541
10.255292,0.76294249,-0.00904169,1.56164467,-0.00004768,1.57078528,0.76293886,-0.02812234,0.01665152,0.01700702,0.00013284,-0.00000000,-0.02852109,0.48750098,0.20183436,0.53952838,3.14154019,-0.00003506,1.57079992
10.296692,0.76177603,-0.00836677,1.56237090,-0.00004035,1.57078528,0.76175034,-0.02840126,0.01630517,0.01692379,0.00022155,0.00000000,-0.02857834,0.48749837,0.20103884,0.53950705,3.14157161,-0.00000465,1.57082203
10.338078,0.76059127,-0.00769185,1.56304574,-0.00002934,1.57078528,0.76057297,-0.03052964,0.01763553,0.01736872,0.00022156,0.00000000,-0.03021932,0.48750237,0.20023861,0.53951098,3.14156363,-0.00001226,1.57081470
10.379471,0.75924879,-0.00690690,1.56380868,-0.00002201,1.57078528,0.75924879,-0.03062931,0.01759729,0.01817402,0.00017729,0.00000000,-0.03031969,0.48749965,0.19932670,0.53952533,3.14154259,-0.00003243,1.57079619
10.420823,0.75805670,-0.00623565,1.56454957,-0.00001467,1.57078528,0.75806403,-0.02840178,0.01572414,0.01752831,0.00017609,-0.00000000,-0.02865936,0.48749828,0.19851947,0.53949436,3.14158759,0.00001047,1.57078887
10.462790,0.75688291,-0.00559741,1.56526864,-0.00000734,1.57078528,0.75686091,-0.02998728,0.01676426,0.01722703,0.00013142,0.00000000,-0.03051270,0.48750272,0.19773153,0.53945763,-3.14154418,0.00006094,1.57081830
10.504090,0.75556242,-0.00484180,1.56598389,-0.00000367,1.57078528,0.75552577,-0.03041764,0.01747033,0.01627338,0.00008872,-0.00000000,-0.03019907,0.48750272,0.19684205,0.53947963,-3.14157614,0.00003069,1.57083295
10.545526,0.75436670,-0.00415221,1.56661475,0.00000000,1.57078528,0.75436294,-0.02916196,0.01651438,0.01594607,0.00008909,0.00000000,-0.02845123,0.48750124,0.19603673,0.53951018,3.14156363,-0.00001207,1.57080006
10.586486,0.75315988,-0.00348096,1.56729710,0.00000367,1.57078528,0.75318187,-0.02913773,0.01610864,0.01659741,0.00008928,0.00000000,-0.02908787,0.48750185,0.19522737,0.53950643,3.14156895,-0.00000695,1.57077436
10.627738,0.75197142,-0.00282805,1.56797922,0.00000734,1.57078528,0.75197142,-0.03064868,0.01712595,0.01699030,0.00004446,0.00000000,-0.03122691,0.48750271,0.19443198,0.53949361,3.14158759,0.00001053,1.57079633
10.668951,0.75063258,-0.00206877,1.56869817,0.00000734,1.57078528,0.75060689,-0.03060621,0.01723629,0.01687915,0.00004413,0.00000000,-0.03091924,0.48749988,0.19363403,0.53951404,3.14155590,-0.00001431,1.57081830
10.710331,0.74944419,-0.00140485,1.56937313,0.00001100,1.57078528,0.74941844,-0.02884492,0.01676473,0.01619305,0.00004430,0.00000000,-0.02862428,0.48749493,0.19273628,0.53950976,3.14156363,-0.00001191,1.57082203
10.751861,0.74824101,-0.00067859,1.57004070,0.00001100,1.57078528,0.74823368,-0.02912964,0.01555537,0.01608915,0.00000000,-0.00000000,-0.02877491,0.48747543,0.19191655,0.53953874,3.14152048,-0.00005181,1.57080365
10.793315,0.74702692,-0.00011371,1.57070827,0.00001100,1.57078528,0.74703062,-0.03108086,0.01542890,0.01688918,0.00000000,-0.00000000,-0.03063845,0.48750134,0.19113312,0.53948878,-3.14158946,0.00001806,1.57079260
10.834820,0.74566239,0.00060156,1.57144189,0.00001100,1.57078528,0.74569178,-0.03084086,0.01824814,0.01665754,0.00000000,0.00000000,-0.03062108,0.48750808,0.19023351,0.53947975,-3.14157588,0.00003050,1.57076690
10.876331,0.74446666,0.00140119,1.57209110,0.00001100,1.57078528,0.74448860,-0.02889417,0.01590508,0.01603836,-0.00000000,-0.00000000,-0.02924816,0.48746436,0.18940093,0.53955270,3.14149891,-0.00007144,1.57077449
10.917844,0.74326348,0.00192205,1.57277346,0.00001100,1.57078528,0.74326348,-0.03088407,0.01477689,0.01667928,0.00000000,-0.00000000,-0.03106068,0.48749551,0.18863379,0.53947355,-3.14156762,0.00003796,1.57079619
10.959457,0.74189901,0.00262998,1.57347763,0.00001100,1.57078528,0.74190634,-0.03123658,0.01654598,0.01561661,0.00000000,-0.00000000,-0.03079433,0.48750223,0.18773910,0.53947461,-3.14157028,0.00003538,1.57078887
11.000971,0.74066657,0.00329756,1.57407188,0.00001100,1.57078528,0.74070328,-0.02948695,0.01571507,0.01522812,0.00000000,0.00000000,-0.02904545,0.48750235,0.18692704,0.53950941,3.14156096,-0.00001412,1.57075958
11.042553,0.73944879,0.00393579,1.57474315,0.00001100,1.57078528,0.73949277,-0.03109210,0.01629919,0.01673950,0.00000000,-0.00000000,-0.03127316,0.48750075,0.18612448,0.53949220,3.14158520,0.00000818,1.57075252
11.083823,0.73809165,0.00464739,1.57545841,0.00001100,1.57078528,0.73811358,-0.03103807,0.01605218,0.01565611,-0.00004400,0.00000000,-0.03143706,0.48749944,0.18533078,0.53948911,3.14158813,0.00001066,1.57076690
11.125304,0.73688114,0.00526362,1.57603800,0.00000734,1.57078528,0.73689216,-0.02929137,0.01510916,0.01435762,-0.00004415,-0.00000000,-0.02937992,0.48750729,0.18444589,0.53950491,3.14156363,-0.00001150,1.57078541
11.166848,0.73565972,0.00590186,1.57665050,0.00000734,1.57078528,0.73567432,-0.02966347,0.01553821,0.01505200,-0.00000000,0.00000000,-0.02944327,0.48750707,0.18364650,0.53951575,3.14154418,-0.00002874,1.57078181
11.208399,0.73441625,0.00655477,1.57728875,0.00000734,1.57078528,0.73444557,-0.03152332,0.01605070,0.01687856,-0.00004369,0.00000000,-0.03130151,0.48750357,0.18283116,0.53952094,3.14153380,-0.00003850,1.57076703
11.250248,0.73302972,0.00724069,1.57805908,0.00000367,1.57078528,0.73306274,-0.03127472,0.01561769,0.01657424,-0.00004352,0.00000000,-0.03158989,0.48750516,0.18192865,0.53947709,-3.14158626,0.00002052,1.57076330
11.291480,0.73181564,0.00785325,1.57866800,0.00000367,1.57078528,0.73181927,-0.02956990,0.01536500,0.01447221,-0.00004466,0.00000000,-0.03023851,0.48750721,0.18114042,0.53947665,-3.14158893,0.00001808,1.57079260
11.332615,0.73059416,0.00850616,1.57925117,0.00000000,1.57078528,0.73057210,-0.03183808,0.01640902,0.01596264,-0.00008923,0.00000000,-0.03183650,0.48749980,0.18034024,0.53950765,3.14154685,-0.00002602,1.57081830
11.373742,0.72919661,0.00920308,1.57998109,-0.00000367,1.57078528,0.72920036,-0.03220567,0.01592434,0.01636959,-0.00004460,0.00000000,-0.03180412,0.48750051,0.17953207,0.53949254,3.14156602,-0.00000889,1.57078887
11.414843,0.72794586,0.00981564,1.58059728,-0.00000367,1.57078528,0.72795683,-0.03008486,0.01471059,0.01414484,-0.00008726,0.00000000,-0.03012699,0.48750335,0.17862761,0.53948361,3.14157721,0.00000091,1.57078541
11.456541,0.72670603,0.01042087,1.58115125,-0.00001100,1.57078528,0.72670603,-0.02961849,0.01463353,0.01339946,-0.00017628,0.00000000,-0.03014747,0.48751073,0.17783306,0.53950479,3.14154418,-0.00002825,1.57079619
11.498065,0.72548091,0.01103343,1.58171237,-0.00001834,1.57078528,0.72544795,-0.03145160,0.01592405,0.01473116,-0.00017657,0.00000000,-0.03193761,0.48751167,0.17704363,0.53952586,3.14151143,-0.00005745,1.57082922
11.539682,0.72409075,0.01174503,1.58237624,-0.00002568,1.57078528,0.72405040,-0.03181497,0.01579563,0.01579955,-0.00022079,0.00000000,-0.03150531,0.48750460,0.17614225,0.53954437,3.14148080,-0.00008409,1.57083667
11.581179,0.72283626,0.01234658,1.58302557,-0.00003668,1.57078528,0.72282892,-0.03022989,0.01440774,0.01538033,-0.00026508,-0.00000000,-0.02961094,0.48750410,0.17533551,0.53951631,3.14152501,-0.00004507,1.57080365
11.622677,0.72158182,0.01294080,1.58365273,-0.00004768,1.57078528,0.72159284,-0.03195408,0.01533622,0.01568948,-0.00030942,0.00000000,-0.03190952,0.48750613,0.17453243,0.53949535,3.14155777,-0.00001596,1.57078541
11.664173,0.72018427,0.01361939,1.58432770,-0.00006236,1.57078528,0.72018063,-0.03167879,0.01546418,0.01555153,-0.00030864,-0.00000000,-0.03207481,0.48750390,0.17363539,0.53949107,3.14156602,-0.00000862,1.57079992
11.705967,0.71894449,0.01422828,1.58494759,-0.00007336,1.57078528,0.71892250,-0.02984681,0.01434896,0.01448135,-0.00035267,0.00000000,-0.02993245,0.48749717,0.17283690,0.53948034,3.14158253,0.00000590,1.57081830
11.747500,0.71769732,0.01481516,1.58553457,-0.00009170,1.57078528,0.71768636,-0.03221702,0.01502567,0.01440616,-0.00039761,0.00000000,-0.03177452,0.48749871,0.17204227,0.53947405,-3.14158866,0.00001804,1.57080725
11.788974,0.71627051,0.01547541,1.58614337,-0.00010637,1.57078528,0.71628523,-0.03244884,0.01503121,0.01383621,-0.00035361,0.00000000,-0.03222817,0.48750653,0.17124048,0.53948958,3.14157454,-0.00000131,1.57077808
11.830473,0.71500504,0.01606230,1.58668256,-0.00012104,1.57078528,0.71501237,-0.03040592,0.01445173,0.01316952,-0.00035363,-0.00000000,-0.03049423,0.48751362,0.17034148,0.53950969,3.14154392,-0.00002773,1.57078887
11.871971,0.71374691,0.01667486,1.58723640,-0.00013572,1.57078528,0.71375430,-0.03210021,0.01549832,0.01461331,-0.00035334,0.00000000,-0.03223205,0.48750876,0.16953850,0.53953178,3.14151036,-0.00005651,1.57078887
11.913538,0.71233839,0.01734977,1.58789659,-0.00015039,1.57078528,0.71233475,-0.03218421,0.01500990,0.01492324,-0.00039740,-0.00000000,-0.03222833,0.48750120,0.16873919,0.53953581,3.14150504,-0.00006115,1.57080352
11.955049,0.71107292,0.01792199,1.58847630,-0.00016873,1.57078528,0.71107662,-0.03068682,0.01392828,0.01379628,-0.00039785,0.00000000,-0.03033298,0.48750485,0.16784193,0.53952107,3.14153007,-0.00003946,1.57079260
11.996495,0.70979273,0.01850520,1.58904111,-0.00018340,1.57078528,0.70981842,-0.03087181,0.01424162,0.01393136,-0.00035378,0.00000000,-0.03034210,0.48750731,0.16703554,0.53952322,3.14152687,-0.00004181,1.57077063
12.037981,0.70851266,0.01910309,1.58963168,-0.00019807,1.57078528,0.70856029,-0.03274098,0.01491813,0.01573339,-0.00044637,0.00000000,-0.03270289,0.48750227,0.16622416,0.53951967,3.14153273,-0.00003695,1.57074879
12.078902,0.70709676,0.01973399,1.59033597,-0.00022008,1.57078528,0.70712614,-0.03260470,0.01453542,0.01543307,-0.00044754,0.00000000,-0.03318464,0.48749946,0.16533063,0.53947543,-3.14158014,0.00002511,1.57076690
12.120019,0.70583862,0.02029520,1.59089708,-0.00023475,1.57078528,0.70583862,-0.03091929,0.01369182,0.01310573,-0.00040295,-0.00000000,-0.03100628,0.48750096,0.16454148,0.53946836,-3.14156895,0.00003455,1.57079619
12.160881,0.70456219,0.02085641,1.59141064,-0.00025309,1.57078528,0.70458412,-0.03126597,0.01391369,0.01235872,-0.00049013,-0.00000000,-0.03086277,0.48750770,0.16374660,0.53948389,-3.14159132,0.00001554,1.57077449
12.202257,0.70326734,0.02143962,1.59191322,-0.00027510,1.57078528,0.70330036,-0.03294397,0.01490567,0.01331481,-0.00052953,-0.00000000,-0.03294069,0.48751046,0.16293813,0.53951469,3.14154898,-0.00002238,1.57076330
12.244015,0.70182216,0.02209620,1.59251845,-0.00029711,1.57078528,0.70184416,-0.03257494,0.01474648,0.01426549,-0.00048418,0.00000000,-0.03319360,0.48750813,0.16213589,0.53953376,3.14151862,-0.00004844,1.57077436
12.285556,0.70055300,0.02266841,1.59310162,-0.00031545,1.57078528,0.70053464,-0.03082844,0.01351789,0.01391887,-0.00049001,0.00000000,-0.03130986,0.48750014,0.16123414,0.53951664,3.14154898,-0.00002229,1.57081470
12.326481,0.69928020,0.02321128,1.59366643,-0.00033746,1.57078528,0.69926190,-0.03136273,0.01362465,0.01318370,-0.00044733,0.00000000,-0.03114045,0.48750211,0.16044291,0.53949737,3.14158253,0.00000606,1.57081470
12.367655,0.69797802,0.02378716,1.59418368,-0.00035213,1.57078528,0.69797802,-0.03347904,0.01469756,0.01367364,-0.00039947,0.00000000,-0.03312422,0.48750238,0.15963328,0.53951774,3.14154898,-0.00002218,1.57079619
12.409065,0.69651449,0.02442540,1.59479618,-0.00037047,1.57078528,0.69652545,-0.03312484,0.01432971,0.01441598,-0.00044216,0.00000000,-0.03330084,0.48750203,0.15882450,0.53952550,3.14153513,-0.00003384,1.57078541
12.450611,0.69523072,0.02497560,1.59537947,-0.00038881,1.57078528,0.69521600,-0.03092154,0.01306740,0.01395343,-0.00039837,0.00000000,-0.03145136,0.48749768,0.15792514,0.53949594,3.14158253,0.00000614,1.57081097
12.491864,0.69395423,0.02550747,1.59595156,-0.00040348,1.57078528,0.69392127,-0.03121364,0.01286801,0.01331297,-0.00044554,0.00000000,-0.03139091,0.48749832,0.15713587,0.53946816,-3.14156016,0.00004126,1.57082922
12.532990,0.69265944,0.02603566,1.59647632,-0.00042549,1.57078528,0.69263005,-0.03343824,0.01392241,0.01308819,-0.00053255,0.00000000,-0.03291049,0.48750485,0.15634145,0.53946072,-3.14154605,0.00005308,1.57082575
12.574527,0.69118851,0.02665923,1.59703374,-0.00044750,1.57078528,0.69119954,-0.03352999,0.01437122,0.01268236,-0.00048773,0.00000000,-0.03304514,0.48750727,0.15543637,0.53948249,-3.14157987,0.00002488,1.57078541
12.615649,0.68988633,0.02722410,1.59752524,-0.00046584,1.57078528,0.68989742,-0.03134355,0.01346060,0.01221241,-0.00048632,0.00000000,-0.03173678,0.48750458,0.15463253,0.53950880,3.14156283,-0.00001016,1.57078541
12.657393,0.68859160,0.02777431,1.59804606,-0.00048785,1.57078528,0.68856955,-0.03308369,0.01376133,0.01372283,-0.00052918,0.00000000,-0.03352400,0.48750112,0.15383394,0.53951328,3.14155723,-0.00001481,1.57081830
12.698837,0.68713540,0.02836853,1.59866607,-0.00050986,1.57078528,0.68710965,-0.03341472,0.01376434,0.01363274,-0.00048685,0.00000000,-0.03328242,0.48749992,0.15304068,0.53949145,3.14159132,0.00001322,1.57082575
12.740270,0.68582225,0.02891507,1.59917593,-0.00052820,1.57078528,0.68581116,-0.03171189,0.01313552,0.01202842,-0.00048633,0.00000000,-0.03122403,0.48749932,0.15213472,0.53949833,3.14158014,0.00000394,1.57080738
12.781773,0.68450534,0.02945793,1.59966362,-0.00055020,1.57078528,0.68452007,-0.03170123,0.01295435,0.01220136,-0.00048620,0.00000000,-0.03121416,0.48750011,0.15133007,0.53951504,3.14155430,-0.00001702,1.57078168
12.823232,0.68319225,0.02998980,1.60018814,-0.00056854,1.57078528,0.68322158,-0.03351556,0.01343262,0.01347772,-0.00053229,-0.00000000,-0.03365161,0.48749960,0.15052800,0.53950888,3.14156283,-0.00001002,1.57076703
12.864528,0.68173236,0.03056935,1.60077870,-0.00059422,1.57078528,0.68173599,-0.03353276,0.01324526,0.01316073,-0.00053196,0.00000000,-0.03388840,0.48749999,0.14963853,0.53949207,3.14159132,0.00001314,1.57079260
12.906063,0.68041557,0.03108654,1.60127771,-0.00061256,1.57078528,0.68041557,-0.03183382,0.01240669,0.01192281,-0.00048569,0.00000000,-0.03152393,0.48750371,0.14884035,0.53949113,3.14159132,0.00001324,1.57079619
12.947605,0.67908770,0.03160006,1.60176921,-0.00063457,1.57078528,0.67911708,-0.03403242,0.01339219,0.01263888,-0.00057465,0.00000000,-0.03354672,0.48750921,0.14803814,0.53949155,3.14159132,0.00001323,1.57076690
12.989065,0.67759115,0.03219795,1.60232663,-0.00066025,1.57078528,0.67763150,-0.03384660,0.01356515,0.01294491,-0.00057439,-0.00004289,-0.03384592,0.48750669,0.14723074,0.53950044,3.14157721,0.00000174,1.57076330
13.030632,0.67627800,0.03272615,1.60284388,-0.00068225,1.57078171,0.67630738,-0.03151054,0.01240113,0.01244532,-0.00052951,0.00000004,-0.03190789,0.48750241,0.14632961,0.53949363,3.14158626,0.00001369,1.57076690
13.072179,0.67497218,0.03322867,1.60336101,-0.00070426,1.57078528,0.67497951,-0.03357224,0.01302329,0.01306839,-0.00057203,0.00004309,-0.03370605,0.48750167,0.14554017,0.53947597,-3.14156842,0.00003379,1.57078887
13.113966,0.67347926,0.03381188,1.60393322,-0.00072994,1.57078528,0.67349768,-0.03405702,0.01333265,0.01222768,-0.00057201,0.00000000,-0.03374852,0.48749826,0.14473829,0.53946636,-3.14155058,0.00004758,1.57078168
13.155517,0.67213315,0.03434008,1.60438073,-0.00075195,1.57078528,0.67216617,-0.03229863,0.01263669,0.01100294,-0.00053014,-0.00004309,-0.03203453,0.48749924,0.14382639,0.53949705,3.14158280,0.00000632,1.57076330
13.196982,0.67079794,0.03486094,1.60484660,-0.00077395,1.57078171,0.67083830,-0.03194152,0.01223808,0.01170758,-0.00053006,-0.00000020,-0.03229425,0.48749801,0.14302186,0.53951262,3.14155484,-0.00001137,1.57075598
13.238545,0.66948116,0.03535612,1.60535288,-0.00079596,1.57078528,0.66948479,-0.03374596,0.01257229,0.01270514,-0.00057353,0.00004296,-0.03431980,0.48749674,0.14223056,0.53949628,3.14158280,0.00000642,1.57079260
13.280130,0.66799194,0.03590633,1.60590303,-0.00082164,1.57078528,0.66798460,-0.03418980,0.01244058,0.01217496,-0.00061761,0.00000000,-0.03410129,0.48749873,0.14133929,0.53948388,-3.14158227,0.00002231,1.57080365
13.321688,0.66663843,0.03639051,1.60636520,-0.00084731,1.57078528,0.66664940,-0.03256867,0.01191525,0.01090018,-0.00057365,0.00000000,-0.03226018,0.48750675,0.14053547,0.53948320,-3.14157960,0.00002456,1.57078541
13.363247,0.66528493,0.03689669,1.60680902,-0.00086932,1.57078528,0.66530323,-0.03414111,0.01291716,0.01133610,-0.00061480,0.00000000,-0.03457558,0.48750876,0.13972819,0.53950211,3.14157454,-0.00000037,1.57077808
13.405136,0.66378838,0.03746891,1.60731161,-0.00089867,1.57078528,0.66376269,-0.03386800,0.01279769,0.01165882,-0.00061521,0.00000000,-0.03461221,0.48750440,0.13883190,0.53952240,3.14154259,-0.00002516,1.57082203
13.446595,0.66246051,0.03796409,1.60778105,-0.00092067,1.57078528,0.66241652,-0.03218629,0.01149560,0.01158218,-0.00057465,0.00000000,-0.03218606,0.48750134,0.13803858,0.53952340,3.14153939,-0.00002739,1.57084027
13.488101,0.66111803,0.03842260,1.60827255,-0.00094635,1.57078528,0.66109240,-0.03474184,0.01211111,0.01295161,-0.00066312,0.00000000,-0.03403425,0.48750784,0.13724524,0.53949589,3.14158600,0.00000870,1.57082176
13.529584,0.65957743,0.03896913,1.60885584,-0.00097570,1.57078528,0.65959215,-0.03471594,0.01267520,0.01263302,-0.00066251,0.00000000,-0.03431769,0.48750615,0.13632921,0.53946438,-3.14154738,0.00004922,1.57078168
13.571162,0.65823495,0.03947532,1.60932159,-0.00100137,1.57078528,0.65824229,-0.03242972,0.01209373,0.01080518,-0.00057551,0.00000000,-0.03274190,0.48749787,0.13552703,0.53947154,-3.14155883,0.00004013,1.57078887
13.612380,0.65689248,0.03997050,1.60975075,-0.00102338,1.57078528,0.65688145,-0.03430744,0.01243880,0.01102437,-0.00057317,0.00000000,-0.03453197,0.48749488,0.13473019,0.53949171,3.14159185,0.00001320,1.57080738
13.654273,0.65538126,0.04050970,1.61023867,-0.00104906,1.57078528,0.65537024,-0.03453795,0.01200752,0.01139896,-0.00061626,0.00000000,-0.03435936,0.48749582,0.13393755,0.53950274,3.14157401,-0.00000022,1.57080725
13.695710,0.65401304,0.04097187,1.61070085,-0.00107473,1.57078528,0.65401673,-0.03297046,0.01110820,0.01132931,-0.00061955,0.00000000,-0.03266062,0.48749963,0.13303372,0.53949122,3.14159185,0.00001325,1.57079260
13.737156,0.65264857,0.04143038,1.61117768,-0.00110041,1.57078528,0.65266323,-0.03481927,0.01192991,0.01157884,-0.00066278,0.00000000,-0.03477484,0.48750238,0.13223212,0.53947020,-3.14155857,0.00003998,1.57078181
13.778710,0.65112263,0.04196224,1.61166191,-0.00112975,1.57078528,0.65112996,-0.03467089,0.01223449,0.01073068,-0.00070676,0.00000000,-0.03493584,0.48750212,0.13143371,0.53947745,-3.14157028,0.00003098,1.57078887
13.820197,0.64976919,0.04244642,1.61206889,-0.00115910,1.57078528,0.64976186,-0.03281921,0.01161740,0.00971763,-0.00061864,0.00000000,-0.03282049,0.48749854,0.13053717,0.53950372,3.14157401,-0.00000014,1.57080365
13.861749,0.64839733,0.04292693,1.61246884,-0.00118111,1.57078528,0.64840460,-0.03477058,0.01177340,0.01032308,-0.00065147,0.00000000,-0.03425067,0.48749829,0.12973275,0.53953057,3.14152767,-0.00003548,1.57078914
13.904281,0.64684206,0.04343679,1.61293828,-0.00121412,1.57078528,0.64687878,-0.03463969,0.01132798,0.01081335,-0.00069609,0.00000000,-0.03434261,0.48750495,0.12882750,0.53953582,3.14152155,-0.00003983,1.57075958
13.945824,0.64548123,0.04388062,1.61337841,-0.00123979,1.57078528,0.64551425,-0.03271071,0.01081521,0.01090339,-0.00061798,0.00000000,-0.03293092,0.48750798,0.12803456,0.53952531,3.14153912,-0.00002652,1.57076330
13.987374,0.64412403,0.04433546,1.61384428,-0.00126547,1.57078528,0.64414245,-0.03488471,0.01174597,0.01187829,-0.00066236,-0.00000000,-0.03501661,0.48750386,0.12723954,0.53950729,3.14156842,-0.00000441,1.57077795
14.028894,0.64258349,0.04485631,1.61436510,-0.00129481,1.57078528,0.64260554,-0.03526828,0.01165364,0.01138992,-0.00066213,0.00000000,-0.03500466,0.48749940,0.12644123,0.53948917,-3.14158759,0.00001763,1.57078541
14.070478,0.64119333,0.04530381,1.61479068,-0.00132049,1.57078528,0.64123368,-0.03334954,0.01071952,0.01014596,-0.00061767,0.00000000,-0.03321773,0.48749980,0.12553047,0.53949071,-3.14159026,0.00001545,1.57075598
14.112045,0.63981044,0.04574765,1.61520875,-0.00134617,1.57078528,0.63984346,-0.03504315,0.01121225,0.01077189,-0.00065947,0.00000000,-0.03565576,0.48750220,0.12472913,0.53949055,-3.14159026,0.00001539,1.57076330
14.153875,0.63826990,0.04623916,1.61568940,-0.00137551,1.57078528,0.63825893,-0.03494720,0.01120993,0.01099114,-0.00065935,0.00000000,-0.03551597,0.48750421,0.12393721,0.53948158,-3.14157588,0.00002629,1.57080725
14.195460,0.63689440,0.04668299,1.61612582,-0.00140119,1.57078528,0.63687974,-0.03332756,0.01059399,0.01001829,-0.00061796,0.00000000,-0.03319515,0.48750022,0.12303804,0.53947225,-3.14156096,0.00003724,1.57081097
14.236971,0.63550055,0.04711949,1.61652195,-0.00142686,1.57078528,0.63550055,-0.03367643,0.01076887,0.00944596,-0.00066196,0.00000000,-0.03332291,0.48750402,0.12223508,0.53947909,-3.14157268,0.00002848,1.57079619
14.278566,0.63409567,0.04757799,1.61691082,-0.00145621,1.57078528,0.63411039,-0.03546068,0.01151142,0.00987896,-0.00074983,-0.00000000,-0.03568102,0.48750149,0.12142228,0.53949918,3.14158014,0.00000457,1.57078168
14.320139,0.63255143,0.04807685,1.61734354,-0.00148922,1.57078528,0.63253313,-0.03520050,0.01108497,0.00993725,-0.00070655,0.00000000,-0.03577485,0.48749825,0.12052992,0.53951608,3.14155377,-0.00001498,1.57081470
14.361605,0.63117224,0.04849867,1.61773610,-0.00151490,1.57078528,0.63113922,-0.03517350,0.01066299,0.00970645,-0.00065538,0.00000000,-0.03505249,0.48750103,0.11973832,0.53951756,3.14155058,-0.00001705,1.57082922
14.403988,0.62959862,0.04897184,1.61815786,-0.00154424,1.57078528,0.62959135,-0.03549880,0.01074279,0.00987567,-0.00069930,0.00000000,-0.03497635,0.48750769,0.11894018,0.53952800,3.14153300,-0.00002993,1.57080725
14.445534,0.62819016,0.04940100,1.61856508,-0.00157358,1.57078528,0.62820113,-0.03378598,0.01036238,0.01000939,-0.00066397,0.00000000,-0.03383442,0.48750711,0.11803066,0.53952523,3.14153859,-0.00002554,1.57078541
14.486820,0.62680000,0.04983016,1.61898685,-0.00159926,1.57078528,0.62678897,-0.03377571,0.01040965,0.01013957,-0.00062560,-0.00000000,-0.03426669,0.48750255,0.11723104,0.53951561,3.14155351,-0.00001474,1.57080738
14.527637,0.62541717,0.05025565,1.61939764,-0.00162494,1.57078528,0.62538779,-0.03591397,0.01074291,0.01025559,-0.00071230,0.00000000,-0.03600844,0.48749790,0.11643671,0.53950954,3.14156256,-0.00000826,1.57082575
14.569070,0.62384355,0.05071416,1.61983061,-0.00165795,1.57078528,0.62382519,-0.03624976,0.01040610,0.00987318,-0.00071099,0.00000000,-0.03593760,0.48750142,0.11564098,0.53950869,3.14156522,-0.00000601,1.57082549
14.610064,0.62242770,0.05111397,1.62021196,-0.00168362,1.57078528,0.62242401,-0.03431148,0.00974532,0.00952088,-0.00066704,-0.00000000,-0.03373539,0.48750824,0.11473804,0.53950322,3.14157401,0.00000039,1.57079992
14.651499,0.62101549,0.05151745,1.62061560,-0.00171297,1.57078528,0.62104481,-0.03377724,0.00981445,0.00990356,-0.00066337,0.00000000,-0.03359908,0.48751001,0.11393514,0.53948976,-3.14158706,0.00001759,1.57076703
14.693032,0.61962533,0.05192827,1.62103367,-0.00173865,1.57078528,0.61963630,-0.03575750,0.01053782,0.01053697,-0.00070536,-0.00004280,-0.03611024,0.48750483,0.11314098,0.53947301,-3.14156016,0.00003670,1.57078541
14.734677,0.61804074,0.05239411,1.62149215,-0.00177166,1.57078171,0.61804074,-0.03614035,0.01066602,0.00982777,-0.00074917,-0.00004282,-0.03596341,0.48749956,0.11223711,0.53946106,-3.14154125,0.00005443,1.57079619
14.776249,0.61661756,0.05281594,1.62185168,-0.00180100,1.57078171,0.61664319,-0.03430512,0.00997783,0.00852147,-0.00070643,0.00004304,-0.03381952,0.48749659,0.11142822,0.53947734,-3.14156842,0.00003530,1.57077076
14.817757,0.61519068,0.05322309,1.62220013,-0.00183035,1.57078528,0.61523104,-0.03619888,0.01025402,0.00866304,-0.00070718,0.00004299,-0.03619909,0.48749794,0.11062192,0.53949215,-3.14158999,0.00001540,1.57075598
14.859241,0.61361343,0.05366692,1.62257063,-0.00185969,1.57078528,0.61363906,-0.03572872,0.00994521,0.00862152,-0.00066005,0.00000000,-0.03612350,0.48749847,0.10982814,0.53951282,3.14155963,-0.00001002,1.57076703
14.901180,0.61221218,0.05405206,1.62291908,-0.00188537,1.57078528,0.61221957,-0.03387146,0.00926918,0.00834604,-0.00061496,0.00000000,-0.03386694,0.48750469,0.10894430,0.53951799,3.14155031,-0.00001621,1.57078887
14.942745,0.61078537,0.05444087,1.62326753,-0.00191104,1.57078528,0.61081105,-0.03659382,0.01014039,0.00930186,-0.00070527,0.00000000,-0.03619743,0.48750820,0.10814259,0.53952453,3.14153859,-0.00002458,1.57077063
14.984368,0.60916775,0.05489571,1.62369299,-0.00194405,1.57078528,0.60920811,-0.03646592,0.01022958,0.00978783,-0.00074964,0.00000000,-0.03659847,0.48750315,0.10732982,0.53952473,3.14153806,-0.00002452,1.57075598
15.025924,0.60775185,0.05529185,1.62408173,-0.00197340,1.57078528,0.60776657,-0.03403046,0.00935737,0.00918072,-0.00066219,0.00000000,-0.03464946,0.48749699,0.10642881,0.53951273,3.14155910,-0.00000981,1.57078168
15.067470,0.60633975,0.05567333,1.62445593,-0.00199908,1.57078528,0.60632867,-0.03643506,0.00968341,0.00928538,-0.00070764,0.00000000,-0.03652316,0.48749499,0.10563503,0.53950311,3.14157454,0.00000073,1.57080738
15.108893,0.60472947,0.05609515,1.62485206,-0.00203209,1.57078528,0.60473675,-0.03696828,0.00951873,0.00867773,-0.00070827,-0.00000000,-0.03652447,0.48750052,0.10483311,0.53949698,3.14158626,0.00000910,1.57078181
15.150321,0.60327691,0.05646196,1.62517488,-0.00205776,1.57078528,0.60330260,-0.03476182,0.00867929,0.00797156,-0.00066425,-0.00000000,-0.03493855,0.48750591,0.10392761,0.53950897,3.14156522,-0.00000545,1.57077063
15.191726,0.60185003,0.05681409,1.62551236,-0.00208711,1.57078528,0.60184270,-0.03436877,0.00868059,0.00841457,-0.00066434,-0.00000000,-0.03521011,0.48751334,0.10313548,0.53950309,3.14157747,0.00000291,1.57080365
15.233141,0.60043049,0.05718089,1.62587178,-0.00211278,1.57078528,0.60038650,-0.03661823,0.00965265,0.00942994,-0.00066417,0.00000000,-0.03683929,0.48751265,0.10234295,0.53949365,3.14159239,0.00001326,1.57084027
15.274565,0.59881657,0.05761372,1.62629354,-0.00214213,1.57078528,0.59879094,-0.03722740,0.00992952,0.00952572,-0.00075813,0.00000000,-0.03664573,0.48750429,0.10143802,0.53948367,-3.14157774,0.00002357,1.57082176
15.315464,0.59736401,0.05799886,1.62665665,-0.00217514,1.57078528,0.59736776,-0.03513086,0.00918549,0.00860713,-0.00075843,0.00000000,-0.03481459,0.48749757,0.10062533,0.53947985,-3.14156869,0.00002972,1.57079247
15.356851,0.59592617,0.05836933,1.62700152,-0.00220449,1.57078528,0.59592617,-0.03460863,0.00882957,0.00807620,-0.00066545,-0.00000000,-0.03492069,0.48749449,0.09982441,0.53947854,-3.14156549,0.00003179,1.57079619
15.398131,0.59450299,0.05872880,1.62732434,-0.00223016,1.57078528,0.59448099,-0.03680654,0.00913567,0.00815939,-0.00066518,0.00000000,-0.03694124,0.48749429,0.09903466,0.53948330,-3.14157454,0.00002560,1.57081830
15.439548,0.59288174,0.05912494,1.62767637,-0.00225951,1.57078528,0.59287071,-0.03726669,0.00905025,0.00802939,-0.00066543,0.00000000,-0.03695631,0.48749802,0.09813895,0.53949016,-3.14158653,0.00001732,1.57080738
15.480792,0.59142184,0.05947708,1.62798822,-0.00228518,1.57078528,0.59142548,-0.03534571,0.00859160,0.00747940,-0.00066782,0.00000000,-0.03507830,0.48750193,0.09733391,0.53949676,3.14158653,0.00000917,1.57079260
15.521947,0.58996928,0.05983287,1.62829268,-0.00231453,1.57078528,0.58998030,-0.03504650,0.00861706,0.00746267,-0.00066656,-0.00000000,-0.03508912,0.48750299,0.09653207,0.53950816,3.14156842,-0.00000306,1.57078541
15.563373,0.58852780,0.06018867,1.62860453,-0.00234020,1.57078528,0.58852780,-0.03715306,0.00908861,0.00815851,-0.00062057,0.00000000,-0.03724119,0.48750138,0.09573564,0.53951632,3.14155297,-0.00001317,1.57079619
15.604694,0.58689547,0.06058482,1.62896764,-0.00236588,1.57078528,0.58689916,-0.03744267,0.00891715,0.00847171,-0.00070968,0.00000000,-0.03713223,0.48749957,0.09483504,0.53951793,3.14154685,-0.00001718,1.57079260
15.646061,0.58543193,0.06092595,1.62930501,-0.00239889,1.57078528,0.58545762,-0.03537856,0.00819159,0.00805747,-0.00070870,-0.00000000,-0.03489209,0.48749910,0.09402949,0.53950595,3.14157135,-0.00000095,1.57077063
15.687534,0.58396471,0.06126340,1.62963510,-0.00242457,1.57078528,0.58400869,-0.03723323,0.00857861,0.00822612,-0.00070754,0.00000000,-0.03727707,0.48750006,0.09322393,0.53949664,3.14158653,0.00000917,1.57075252
15.729010,0.58234346,0.06163754,1.62998736,-0.00245758,1.57078528,0.58236551,-0.03701127,0.00835762,0.00778341,-0.00070742,0.00000000,-0.03736545,0.48749974,0.09243270,0.53949405,-3.14159239,0.00001326,1.57077449
15.770483,0.58089465,0.06195666,1.63028073,-0.00248325,1.57078528,0.58090925,-0.03522124,0.00777775,0.00707064,-0.00061867,-0.00000000,-0.03504569,0.48750532,0.09154392,0.53949247,-3.14158946,0.00001527,1.57078181
15.812011,0.57942003,0.06228311,1.63057423,-0.00250893,1.57078528,0.57945669,-0.03758229,0.00840475,0.00761204,-0.00070382,0.00000000,-0.03731524,0.48750952,0.09073970,0.53949579,3.14158972,0.00001128,1.57075958
15.853806,0.57776207,0.06265726,1.63091528,-0.00254194,1.57078528,0.57779878,-0.03738281,0.00845418,0.00774928,-0.00070419,0.00000000,-0.03773710,0.48750882,0.08993537,0.53949844,3.14158653,0.00000927,1.57076330
15.895276,0.57630587,0.06298737,1.63121974,-0.00256762,1.57078528,0.57631326,-0.03512242,0.00804055,0.00746605,-0.00061861,0.00000000,-0.03574133,0.48750681,0.08903720,0.53949637,3.14158972,0.00001126,1.57078887
15.936831,0.57484603,0.06332484,1.63153517,-0.00259330,1.57078528,0.57483137,-0.03532978,0.00794905,0.00741870,-0.00057400,0.00000000,-0.03541820,0.48750025,0.08823731,0.53949387,-3.14159239,0.00001324,1.57081097
15.978334,0.57337147,0.06364762,1.63183594,-0.00261530,1.57078528,0.57337147,-0.03800818,0.00799925,0.00755793,-0.00066294,0.00000000,-0.03747812,0.48749992,0.08743448,0.53949219,-3.14159239,0.00001323,1.57079619
16.019828,0.57169151,0.06398875,1.63216245,-0.00264832,1.57078528,0.57172084,-0.03779834,0.00800190,0.00725129,-0.00070734,0.00000000,-0.03797618,0.48750708,0.08652593,0.53948499,-3.14157721,0.00002319,1.57076703
16.061302,0.57023531,0.06431153,1.63243759,-0.00267399,1.57078528,0.57022059,-0.03502331,0.00757874,0.00669566,-0.00066048,0.00000000,-0.03599263,0.48750429,0.08573366,0.53949527,3.14158999,0.00001130,1.57081097
16.103091,0.56877542,0.06461965,1.63271999,-0.00270334,1.57078528,0.56872410,-0.03761391,0.00800681,0.00721414,-0.00070369,0.00000000,-0.03747672,0.48750424,0.08494216,0.53949483,-3.14159239,0.00001327,1.57084759
16.144706,0.56709909,0.06497911,1.63303912,-0.00273268,1.57078528,0.56709546,-0.03807105,0.00816133,0.00727912,-0.00066171,0.00000000,-0.03741034,0.48750164,0.08403292,0.53949987,3.14158360,0.00000736,1.57079992
16.186227,0.56560993,0.06529824,1.63332522,-0.00275836,1.57078528,0.56561363,-0.03562611,0.00754926,0.00684232,-0.00061802,-0.00004292,-0.03580228,0.48749780,0.08322533,0.53950298,3.14157747,0.00000343,1.57079260
16.227794,0.56413901,0.06560635,1.63360763,-0.00278403,1.57078171,0.56412071,-0.03755828,0.00772338,0.00719318,-0.00061783,0.00000004,-0.03786738,0.48749516,0.08242894,0.53950283,3.14157534,0.00000646,1.57081470
16.269340,0.56248844,0.06594014,1.63392305,-0.00280971,1.57078528,0.56246644,-0.03796827,0.00751385,0.00720545,-0.00061900,0.00004290,-0.03783543,0.48749497,0.08163599,0.53950115,3.14158067,0.00000544,1.57081470
16.310767,0.56098825,0.06622992,1.63420558,-0.00283539,1.57078528,0.56098092,-0.03616266,0.00698500,0.00676589,-0.00057479,0.00000000,-0.03567732,0.48749710,0.08073253,0.53948956,-3.14158600,0.00001718,1.57080365
16.352311,0.55948800,0.06651969,1.63448441,-0.00285739,1.57078528,0.55950630,-0.03587078,0.00684707,0.00667026,-0.00061856,-0.00000000,-0.03556252,0.48749906,0.07992680,0.53948308,-3.14157694,0.00002305,1.57077808
16.393799,0.55800980,0.06679846,1.63475943,-0.00288674,1.57078528,0.55802810,-0.03785447,0.00723514,0.00670578,-0.00070608,0.00000000,-0.03811737,0.48750117,0.07913400,0.53947255,-3.14155484,0.00003657,1.57077808
16.435433,0.55634081,0.06712124,1.63504183,-0.00291608,1.57078528,0.55633718,-0.03816933,0.00729680,0.00636673,-0.00066335,0.00000000,-0.03825309,0.48750222,0.07823920,0.53947842,-3.14156416,0.00003068,1.57079992
16.476696,0.55484426,0.06740368,1.63528752,-0.00294176,1.57078528,0.55485529,-0.03631399,0.00682026,0.00597862,-0.00061999,0.00000000,-0.03591636,0.48750473,0.07743886,0.53948421,-3.14157375,0.00002481,1.57078541
16.518259,0.55333304,0.06768612,1.63553703,-0.00296743,1.57078528,0.55336237,-0.03844183,0.00742385,0.00631847,-0.00061850,0.00000000,-0.03835441,0.48750673,0.07663134,0.53948810,-3.14157960,0.00002097,1.57076703
16.559720,0.55165309,0.06801991,1.63581204,-0.00299311,1.57078528,0.55167145,-0.03779857,0.00742077,0.00636274,-0.00057090,-0.00000000,-0.03806157,0.48750150,0.07573023,0.53950287,3.14157747,0.00000360,1.57077808
16.601920,0.55017483,0.06830601,1.63606894,-0.00301512,1.57078528,0.55018216,-0.03575642,0.00662716,0.00615034,-0.00057191,0.00000000,-0.03561691,0.48749674,0.07493823,0.53950517,3.14157135,-0.00000015,1.57078887
16.643258,0.54866731,0.06857379,1.63632572,-0.00304080,1.57078528,0.54869664,-0.03869531,0.00689098,0.00653673,-0.00061869,0.00000000,-0.03816470,0.48749844,0.07413556,0.53949872,3.14158387,0.00000754,1.57076703
16.684920,0.54696167,0.06887823,1.63661170,-0.00306647,1.57078528,0.54701304,-0.03852596,0.00674377,0.00661178,-0.00061721,0.00000000,-0.03852696,0.48749900,0.07322773,0.53949467,3.14158999,0.00001131,1.57074506
16.726456,0.54546142,0.06913500,1.63687587,-0.00309215,1.57078528,0.54549080,-0.03602772,0.00604879,0.00596072,-0.00061809,-0.00000000,-0.03677879,0.48750028,0.07243072,0.53947955,-3.14156709,0.00002848,1.57076690
16.767998,0.54396856,0.06938075,1.63710690,-0.00311782,1.57078528,0.54395753,-0.03865324,0.00656164,0.00589437,-0.00062026,0.00000000,-0.03891454,0.48750619,0.07164137,0.53947555,-3.14155777,0.00003410,1.57080738
16.809246,0.54226291,0.06967786,1.63736367,-0.00314350,1.57078528,0.54227024,-0.03920526,0.00680091,0.00573521,-0.00062237,0.00000000,-0.03871561,0.48750708,0.07073709,0.53948228,-3.14157002,0.00002648,1.57078887
16.850521,0.54073334,0.06994196,1.63758016,-0.00316918,1.57078528,0.54076272,-0.03659797,0.00642410,0.00531707,-0.00057618,0.00000000,-0.03681534,0.48750819,0.06992737,0.53949364,-3.14158893,0.00001515,1.57076690
16.892037,0.53923315,0.07020973,1.63780391,-0.00319118,1.57078528,0.53922212,-0.03608804,0.00644906,0.00530011,-0.00052999,0.00000000,-0.03697221,0.48750443,0.06913125,0.53950351,3.14157747,0.00000385,1.57080738
16.933561,0.53773659,0.07047749,1.63802028,-0.00321319,1.57078528,0.53769255,-0.03877127,0.00664491,0.00562639,-0.00057613,0.00000000,-0.03889998,0.48749979,0.06833745,0.53951694,3.14155244,-0.00001118,1.57084027
16.974851,0.53602362,0.07075993,1.63826966,-0.00323887,1.57078528,0.53600162,-0.03916381,0.00651961,0.00567640,-0.00057669,0.00000000,-0.03858693,0.48750049,0.06743358,0.53952047,3.14154605,-0.00001488,1.57081830
17.016279,0.53449768,0.07101669,1.63848972,-0.00326088,1.57078528,0.53450137,-0.03659096,0.00596650,0.00543549,-0.00053033,0.00000000,-0.03645633,0.48749830,0.06662773,0.53952705,3.14153353,-0.00002229,1.57079260
17.057856,0.53298646,0.07125511,1.63872087,-0.00328289,1.57078528,0.53297549,-0.03856080,0.00600041,0.00582444,-0.00057351,0.00000000,-0.03886966,0.48749880,0.06583216,0.53951988,3.14154605,-0.00001472,1.57080725
17.099418,0.53129184,0.07151555,1.63897395,-0.00330856,1.57078528,0.53126985,-0.03884708,0.00600371,0.00587076,-0.00057382,0.00000000,-0.03867085,0.48749850,0.06504089,0.53951671,3.14154898,-0.00001279,1.57082203
17.140943,0.52975863,0.07175396,1.63920867,-0.00333057,1.57078528,0.52976227,-0.03691841,0.00565250,0.00560878,-0.00052997,0.00000000,-0.03652081,0.48749937,0.06413564,0.53950255,3.14157747,0.00000395,1.57079260
17.182479,0.52822536,0.07198505,1.63943982,-0.00335258,1.57078528,0.52823639,-0.03888263,0.00584347,0.00588825,-0.00057099,0.00000000,-0.03888031,0.48749960,0.06333119,0.53949197,-3.14158866,0.00001509,1.57078541
17.224393,0.52651238,0.07224181,1.63970029,-0.00337825,1.57078528,0.52651608,-0.03872702,0.00575800,0.00562453,-0.00057131,0.00000000,-0.03885884,0.48749816,0.06253248,0.53948316,-3.14157268,0.00002433,1.57078914
17.265875,0.52499384,0.07246556,1.63990939,-0.00340026,1.57078528,0.52499384,-0.03688276,0.00535113,0.00495287,-0.00048647,0.00000000,-0.03666207,0.48749935,0.06163828,0.53947506,-3.14155723,0.00003349,1.57079619
17.307334,0.52345330,0.07268564,1.64011109,-0.00341860,1.57078528,0.52347529,-0.03955267,0.00574496,0.00499266,-0.00057440,0.00000000,-0.03902190,0.48750246,0.06083452,0.53947421,-3.14155670,0.00003342,1.57077436
17.348867,0.52171093,0.07294241,1.64032376,-0.00344795,1.57078528,0.52175498,-0.03922260,0.00583052,0.00490227,-0.00057421,0.00000000,-0.03931124,0.48750076,0.06002313,0.53948625,-3.14157588,0.00002238,1.57074879
17.390375,0.52019608,0.07316983,1.64051819,-0.00346629,1.57078528,0.52021074,-0.03654657,0.00543570,0.00455279,-0.00048603,0.00000000,-0.03694500,0.48749945,0.05913255,0.53948925,-3.14158227,0.00001869,1.57078181
17.431868,0.51867753,0.07339358,1.64070165,-0.00348829,1.57078528,0.51868850,-0.03699545,0.00543645,0.00446450,-0.00048610,-0.00000000,-0.03664132,0.48749726,0.05834001,0.53949844,3.14158733,0.00000961,1.57078541
17.473363,0.51712590,0.07362099,1.64088869,-0.00350663,1.57078528,0.51716995,-0.03963600,0.00561174,0.00477201,-0.00048607,0.00000000,-0.03937012,0.48749450,0.05753080,0.53950795,3.14156842,-0.00000127,1.57075225
17.514877,0.51538730,0.07385941,1.64109778,-0.00352864,1.57078528,0.51542032,-0.03931423,0.00520191,0.00467279,-0.00048491,0.00000000,-0.03979784,0.48749511,0.05662726,0.53951123,3.14156176,-0.00000484,1.57076330
17.556616,0.51385403,0.07405382,1.64127755,-0.00354698,1.57078528,0.51385772,-0.03715155,0.00475030,0.00448608,-0.00048915,0.00004566,-0.03768107,0.48749996,0.05583379,0.53950932,3.14156496,-0.00000297,1.57079260
17.597533,0.51231718,0.07425190,1.64146829,-0.00356899,1.57078898,0.51230615,-0.03991122,0.00516684,0.00512003,-0.00053496,0.00004547,-0.03995955,0.48750103,0.05503762,0.53950327,3.14157960,0.00000104,1.57080738
17.638908,0.51056749,0.07447931,1.64169931,-0.00359100,1.57078898,0.51056749,-0.03992809,0.00500257,0.00509040,-0.00053114,-0.00000000,-0.03970642,0.48750190,0.05423220,0.53948839,-3.14157721,0.00001719,1.57079992
17.680412,0.50900859,0.07466638,1.64189005,-0.00361301,1.57078898,0.50901592,-0.03729114,0.00456218,0.00438358,-0.00048701,0.00000000,-0.03751394,0.48750259,0.05332511,0.53947975,-3.14156096,0.00002608,1.57078887
17.721726,0.50747901,0.07485712,1.64206243,-0.00363135,1.57078898,0.50746071,-0.03700162,0.00464154,0.00415511,-0.00039822,0.00000000,-0.03757664,0.48750377,0.05253500,0.53947970,-3.14156096,0.00002602,1.57081470
17.763385,0.50593847,0.07505152,1.64223480,-0.00364602,1.57078898,0.50589812,-0.03966240,0.00502382,0.00440680,-0.00044079,-0.00000000,-0.03944123,0.48750337,0.05173917,0.53948173,-3.14156735,0.00002240,1.57083667
17.804970,0.50417775,0.07527527,1.64242923,-0.00366803,1.57078898,0.50417775,-0.03998386,0.00499739,0.00424655,-0.00048645,-0.00000000,-0.03954436,0.48750057,0.05082934,0.53948537,-3.14157375,0.00001883,1.57079619
17.846285,0.50262254,0.07546601,1.64258707,-0.00368637,1.57078898,0.50261891,-0.03730777,0.00451978,0.00381027,-0.00044308,0.00000000,-0.03766167,0.48750031,0.05002785,0.53949237,-3.14158653,0.00001178,1.57079992
17.887755,0.50108933,0.07564941,1.64274466,-0.00370471,1.57078898,0.50105995,-0.03952571,0.00481917,0.00393274,-0.00044214,-0.00000000,-0.03992433,0.48750010,0.04923853,0.53949614,3.14159239,0.00000819,1.57082575
17.929246,0.49934334,0.07586583,1.64291334,-0.00372305,1.57078898,0.49930665,-0.04000330,0.00464121,0.00384706,-0.00044202,-0.00000000,-0.03960504,0.48750049,0.04844091,0.53950388,3.14157614,-0.00000063,1.57082575
17.970738,0.49776974,0.07603455,1.64306390,-0.00374139,1.57078898,0.49777341,-0.03780094,0.00411163,0.00367121,-0.00039786,0.00000000,-0.03718217,0.48750147,0.04753335,0.53950995,3.14156655,-0.00000576,1.57079260
18.012211,0.49620718,0.07620695,1.64321792,-0.00375606,1.57078898,0.49622184,-0.03749681,0.00406810,0.00366883,-0.00039793,0.00000000,-0.03749676,0.48750290,0.04673243,0.53951090,3.14156363,-0.00000749,1.57078181
18.053691,0.49465927,0.07637201,1.64336824,-0.00377440,1.57078898,0.49466294,-0.03985173,0.00428557,0.00384251,-0.00044185,0.00000000,-0.03976341,0.48750478,0.04594007,0.53950989,3.14156655,-0.00000573,1.57079260
18.095226,0.49289861,0.07656275,1.64353693,-0.00379274,1.57078898,0.49292064,-0.04022353,0.00432235,0.00370571,-0.00044098,-0.00000000,-0.03978243,0.48750480,0.04503864,0.53951149,3.14156336,-0.00000745,1.57077436
18.136870,0.49131399,0.07673148,1.64367640,-0.00381108,1.57078898,0.49135435,-0.03786368,0.00392721,0.00344397,-0.00039697,0.00000000,-0.03777707,0.48750532,0.04422849,0.53951740,3.14155377,-0.00001255,1.57075598
18.178343,0.48975143,0.07688921,1.64382315,-0.00382575,1.57078898,0.48978078,-0.03984630,0.00402445,0.00380310,-0.00039800,-0.00000000,-0.04024443,0.48750687,0.04343098,0.53951522,3.14155723,-0.00001075,1.57076690
18.219811,0.48800912,0.07706527,1.64399183,-0.00384409,1.57078898,0.48801646,-0.03998576,0.00398083,0.00375906,-0.00044232,0.00000000,-0.04007429,0.48750637,0.04254149,0.53951016,3.14156655,-0.00000555,1.57078887
18.261269,0.48643553,0.07721933,1.64413488,-0.00386243,1.57078898,0.48645753,-0.03895954,0.00379123,0.00349463,-0.00042768,0.00000000,-0.03857771,0.48750684,0.04173947,0.53950767,3.14157321,-0.00000208,1.57077436
18.305794,0.48465288,0.07739173,1.64429259,-0.00388077,1.57078898,0.48469323,-0.03883105,0.00374177,0.00358341,-0.00038164,0.00000000,-0.03886081,0.48750712,0.04083173,0.53950629,3.14157614,-0.00000034,1.57075598
18.347332,0.48308665,0.07754211,1.64444304,-0.00389545,1.57078898,0.48310864,-0.04000443,0.00375314,0.00379853,-0.00035331,0.00000000,-0.04057877,0.48750539,0.04003399,0.53949895,3.14158893,0.00000653,1.57077436
18.388866,0.48132965,0.07770351,1.64460814,-0.00391012,1.57078898,0.48132229,-0.04029310,0.00366697,0.00362237,-0.00035341,0.00000000,-0.04029142,0.48750363,0.03924073,0.53949175,-3.14158280,0.00001334,1.57081097
18.430351,0.47974136,0.07784656,1.64474380,-0.00392479,1.57078898,0.47976342,-0.03836782,0.00344786,0.00318204,-0.00035357,0.00000000,-0.03810269,0.48750498,0.03833445,0.53948595,-3.14157321,0.00001838,1.57077436
18.471848,0.47814581,0.07798962,1.64487219,-0.00393946,1.57078898,0.47816044,-0.03806542,0.00344856,0.00309359,-0.00030950,-0.00000000,-0.03859734,0.48750472,0.03752505,0.53948603,-3.14157321,0.00001835,1.57078181
18.513316,0.47658324,0.07813267,1.64500046,-0.00395047,1.57078898,0.47656119,-0.04013984,0.00367300,0.00323026,-0.00030986,0.00000000,-0.04093538,0.48750226,0.03673201,0.53948659,-3.14157641,0.00001659,1.57081830
18.554737,0.47481889,0.07829405,1.64513993,-0.00396514,1.57078898,0.47476757,-0.04061283,0.00362777,0.00309714,-0.00030966,0.00000000,-0.04052567,0.48749827,0.03583685,0.53948950,-3.14158280,0.00001325,1.57084759
18.596235,0.47321597,0.07843344,1.64525723,-0.00397614,1.57078898,0.47320127,-0.03833000,0.00327156,0.00274136,-0.00030943,0.00000000,-0.03771163,0.48749671,0.03502549,0.53949373,3.14159239,0.00000819,1.57081097
18.637705,0.47163871,0.07856549,1.64536738,-0.00399081,1.57078898,0.47163871,-0.04027953,0.00331608,0.00287534,-0.00035379,0.00000000,-0.04045589,0.48749569,0.03422816,0.53949772,3.14158600,0.00000490,1.57079633
18.679193,0.46987438,0.07870854,1.64549577,-0.00400549,1.57078898,0.46984503,-0.04039340,0.00322615,0.00282823,-0.00035361,0.00000000,-0.04043836,0.48749527,0.03343559,0.53949664,3.14158946,0.00000658,1.57081097
18.720705,0.46828616,0.07883325,1.64560211,-0.00402016,1.57078898,0.46828246,-0.03839786,0.00287208,0.00251745,-0.00030922,-0.00000000,-0.03795629,0.48749367,0.03253593,0.53950027,3.14158253,0.00000326,1.57079992
18.762205,0.46668690,0.07894696,1.64570475,-0.00403116,1.57078898,0.46669421,-0.03846586,0.00274126,0.00247571,-0.00026530,0.00000000,-0.03833291,0.48749647,0.03173178,0.53950007,3.14158253,0.00000324,1.57078887
18.803667,0.46509495,0.07906067,1.64580750,-0.00404217,1.57078898,0.46510229,-0.04063355,0.00287407,0.00265404,-0.00030953,-0.00000000,-0.04089854,0.48749772,0.03093126,0.53949981,3.14158253,0.00000328,1.57078887
18.845161,0.46331596,0.07918539,1.64592493,-0.00405684,1.57078898,0.46330127,-0.04061526,0.00282854,0.00256386,-0.00030930,0.00000000,-0.04079173,0.48749790,0.03003694,0.53949691,3.14158946,0.00000659,1.57081097
18.886665,0.46172401,0.07929543,1.64602029,-0.00406784,1.57078898,0.46171671,-0.03875153,0.00252374,0.00225803,-0.00026574,0.00000000,-0.03830703,0.48749828,0.02923753,0.53949859,3.14158600,0.00000497,1.57080365
18.927988,0.46010643,0.07939447,1.64611197,-0.00407885,1.57078898,0.46012846,-0.04109827,0.00256852,0.00239196,-0.00030994,0.00000000,-0.04074305,0.48750213,0.02842771,0.53949712,3.14158946,0.00000659,1.57077436
18.969473,0.45832011,0.07950818,1.64621842,-0.00409352,1.57078898,0.45834211,-0.04056716,0.00261010,0.00243267,-0.00026535,0.00000000,-0.04078896,0.48750264,0.02753241,0.53949460,-3.14158893,0.00000988,1.57077436
19.010894,0.45674285,0.07961088,1.64631367,-0.00410086,1.57078898,0.45674652,-0.03841758,0.00243433,0.00212324,-0.00022127,-0.00000000,-0.03824080,0.48750135,0.02674179,0.53949346,-3.14158946,0.00000982,1.57079260
19.052347,0.45513627,0.07970992,1.64639437,-0.00411186,1.57078898,0.45517296,-0.04131127,0.00243513,0.00221479,-0.00026555,-0.00000000,-0.04078067,0.48750178,0.02593803,0.53949732,3.14158946,0.00000659,1.57075958
19.093742,0.45332059,0.07981262,1.64649713,-0.00412286,1.57078898,0.45336825,-0.04120197,0.00235056,0.00230619,-0.00022168,0.00000000,-0.04169169,0.48750287,0.02513164,0.53949427,-3.14158893,0.00000984,1.57075598
19.135040,0.45172864,0.07990432,1.64658511,-0.00413020,1.57078898,0.45172498,-0.03856156,0.00217440,0.00199767,-0.00022180,-0.00000000,-0.03918386,0.48750228,0.02423539,0.53948951,-3.14158253,0.00001301,1.57079992
19.176402,0.45013309,0.07999235,1.64666224,-0.00414120,1.57078898,0.45012939,-0.03879415,0.00217002,0.00185960,-0.00026574,0.00000000,-0.03866167,0.48750238,0.02343919,0.53949016,-3.14158253,0.00001304,1.57079992
19.217865,0.44851547,0.08008406,1.64673913,-0.00415221,1.57078898,0.44852281,-0.04139629,0.00221146,0.00194473,-0.00022115,-0.00000000,-0.04126326,0.48750046,0.02263170,0.53949257,-3.14158600,0.00001137,1.57078887
19.259338,0.44669980,0.08017576,1.64682353,-0.00415954,1.57078898,0.44670713,-0.04090162,0.00206916,0.00193689,-0.00021953,0.00000000,-0.04124994,0.48750000,0.02182563,0.53949199,-3.14158600,0.00001140,1.57078168
19.301238,0.44510785,0.08025645,1.64690053,-0.00417055,1.57078898,0.44508585,-0.03835148,0.00193726,0.00167065,-0.00021963,0.00000000,-0.03887783,0.48749959,0.02093451,0.53948914,-3.14157960,0.00001451,1.57081830
19.342652,0.44350493,0.08033715,1.64696288,-0.00417788,1.57078898,0.44346824,-0.04141203,0.00199110,0.00168230,-0.00017697,0.00000000,-0.04136877,0.48749865,0.02013697,0.53949412,-3.14158893,0.00000976,1.57083295
19.384134,0.44167459,0.08042151,1.64704001,-0.00418522,1.57078898,0.44165623,-0.04143273,0.00185720,0.00167999,-0.00017697,0.00000000,-0.04116769,0.48749747,0.01932724,0.53949384,-3.14158893,0.00000978,1.57080365
19.425602,0.44006801,0.08049121,1.64710224,-0.00419256,1.57078898,0.44005331,-0.03846777,0.00162892,0.00136590,-0.00017603,0.00000000,-0.03859712,0.48749828,0.01842995,0.53949362,-3.14158893,0.00000974,1.57081097
19.467479,0.43846872,0.08055723,1.64715374,-0.00419989,1.57078898,0.43843940,-0.03884467,0.00159422,0.00124200,-0.00013184,-0.00000000,-0.03897253,0.48749918,0.01763717,0.53949729,3.14158972,0.00000668,1.57082549
19.508446,0.43685114,0.08062325,1.64720511,-0.00420356,1.57078898,0.43682545,-0.04189890,0.00164969,0.00142471,-0.00017766,0.00000000,-0.04136721,0.48749946,0.01683569,0.53950145,3.14157960,0.00000204,1.57082203
19.549734,0.43502077,0.08069295,1.64727104,-0.00421456,1.57078898,0.43503547,-0.04185665,0.00151500,0.00147014,-0.00017766,-0.00000000,-0.04145979,0.48749854,0.01592898,0.53949930,3.14158626,0.00000512,1.57078168
19.590695,0.43340686,0.08074797,1.64732611,-0.00421823,1.57078898,0.43341419,-0.03915814,0.00138222,0.00129321,-0.00013351,0.00000000,-0.03946957,0.48749937,0.01513097,0.53949671,3.14158972,0.00000669,1.57078887
19.631982,0.43180025,0.08080666,1.64737737,-0.00422557,1.57078898,0.43178925,-0.03917159,0.00133240,0.00115477,-0.00017762,0.00000000,-0.03890561,0.48749755,0.01433597,0.53949720,3.14158972,0.00000665,1.57080738
19.673285,0.43017167,0.08085801,1.64742148,-0.00423290,1.57078898,0.43020099,-0.04188906,0.00128568,0.00110933,-0.00013309,0.00000000,-0.04131152,0.48749790,0.01353177,0.53949788,3.14158972,0.00000670,1.57076703
19.714716,0.42833397,0.08091304,1.64746916,-0.00423657,1.57078898,0.42837065,-0.04161722,0.00119528,0.00097401,-0.00008860,0.00000000,-0.04183812,0.48749833,0.01262509,0.53949889,3.14158626,0.00000518,1.57075958
19.756133,0.42672369,0.08095704,1.64750218,-0.00424024,1.57078898,0.42673472,-0.03879306,0.00097325,0.00088399,-0.00013268,0.00000000,-0.03923578,0.48749954,0.01183166,0.53950211,3.14157960,0.00000216,1.57078541
19.797640,0.42511711,0.08099373,1.64754248,-0.00424758,1.57078898,0.42511711,-0.04160239,0.00106126,0.00097274,-0.00013253,0.00000000,-0.04120411,0.48750090,0.01104073,0.53949806,3.14158972,0.00000669,1.57079633
19.839105,0.42327210,0.08104508,1.64758289,-0.00425124,1.57078898,0.42331612,-0.04194319,0.00101744,0.00083958,-0.00008842,-0.00000000,-0.04154534,0.48749983,0.01023306,0.53950128,3.14158280,0.00000369,1.57076690
19.880541,0.42163983,0.08107809,1.64761209,-0.00425491,1.57078898,0.42167285,-0.03910732,0.00079625,0.00075049,-0.00008853,0.00000000,-0.03963796,0.48750020,0.00932928,0.53950111,3.14158280,0.00000367,1.57076330
19.922019,0.42002958,0.08111110,1.64764512,-0.00425858,1.57078898,0.42002958,-0.03912730,0.00075313,0.00070970,-0.00008867,0.00000000,-0.03952450,0.48749982,0.00853768,0.53949939,3.14158626,0.00000519,1.57079633
19.963322,0.41840094,0.08114045,1.64767087,-0.00426225,1.57078898,0.41840094,-0.04189441,0.00070629,0.00061954,-0.00008832,-0.00000000,-0.04167621,0.48750024,0.00773799,0.53949957,3.14158626,0.00000522,1.57079633
20.005136,0.41654491,0.08116980,1.64769661,-0.00426592,1.57078898,0.41656327,-0.04187220,0.00066043,0.00061697,-0.00008804,0.00000000,-0.04192076,0.48750091,0.00682748,0.53949976,3.14158626,0.00000526,1.57077808
20.046586,0.41491267,0.08119547,1.64772224,-0.00426958,1.57078898,0.41490898,-0.03915218,0.00053071,0.00048610,-0.00004416,0.00000000,-0.03981610,0.48749982,0.00602665,0.53949835,3.14158972,0.00000674,1.57079992
20.088048,0.41329873,0.08121380,1.64773691,-0.00426958,1.57078898,0.41326204,-0.04169080,0.00048473,0.00039531,-0.00004383,0.00000000,-0.04187080,0.48750122,0.00523647,0.53949942,3.14158626,0.00000527,1.57083295
20.129781,0.41144270,0.08123582,1.64775515,-0.00427325,1.57078898,0.41142437,-0.04192339,0.00044052,0.00035192,-0.00004381,-0.00000000,-0.04157100,0.48750045,0.00432744,0.53949997,3.14158626,0.00000524,1.57081470
20.171219,0.40981042,0.08125049,1.64776623,-0.00427325,1.57078898,0.40980309,-0.03927783,0.00030960,0.00039801,-0.00004420,-0.00000000,-0.03918922,0.48750076,0.00352905,0.53950115,3.14158280,0.00000382,1.57080365
20.212709,0.40818548,0.08126149,1.64778817,-0.00427692,1.57078898,0.40817448,-0.04151575,0.00022054,0.00030935,-0.00004439,0.00000000,-0.04156014,0.48749965,0.00273420,0.53949496,-3.14158893,0.00000963,1.57080738
20.254501,0.40635148,0.08126883,1.64779186,-0.00427692,1.57078898,0.40634048,-0.04179322,0.00022075,0.00013344,-0.00004443,0.00000000,-0.04161563,0.48750057,0.00194081,0.53949645,-3.14159239,0.00000818,1.57081097
20.295966,0.40470454,0.08127984,1.64779925,-0.00428059,1.57078898,0.40470821,-0.03973871,0.00017690,0.00013375,-0.00004423,0.00000000,-0.03956166,0.48749848,0.00103392,0.53949735,-3.14159239,0.00000820,1.57079260
20.337390,0.40305758,0.08128350,1.64780295,-0.00428059,1.57078898,0.40306127,-0.04200924,0.00004418,0.00008786,-0.00000000,0.00000000,-0.04214232,0.48749791,0.00023033,0.53949720,-3.14159212,0.00000821,1.57079260
20.378826,0.40122360,0.08128350,1.64780653,-0.00428059,1.57078898,0.40121624,-0.04198496,0.00000000,0.00004322,0.00000000,0.00000000,-0.04194089,0.48749730,-0.00056374,0.53949545,-3.14158893,0.00000961,1.57080365
20.420304,0.39957663,0.08128350,1.64780653,-0.00428059,1.57078898,0.39958400,-0.03988901,0.00000000,-0.00000000,0.00000000,0.00000000,-0.03940215,0.48749542,-0.00146676,0.53949545,-3.14158866,0.00000960,1.57078887
20.461771,0.39791501,0.08128350,1.64780653,-0.00428059,1.57078898,0.39794803,-0.04183743,-0.00000000,0.00000000,0.00000000,-0.00000000,-0.04165555,0.48749231,-0.00227679,0.53949545,-3.14158866,0.00000960,1.57076330
20.503889,0.39607733,0.08128350,1.64780653,-0.00428059,1.57078898,0.39609933,-0.04160826,-0.00008946,-0.00000000,0.00000000,0.00000000,-0.04200608,0.48748794,-0.00307251,0.53949545,-3.14158866,0.00000959,1.57077063
20.545272,0.39443773,0.08127616,1.64780653,-0.00428059,1.57078898,0.39443773,-0.03971964,-0.00008876,0.00000000,0.00000000,0.00000000,-0.03958773,0.48748400,-0.00397086,0.53949216,-3.14158200,0.00001240,1.57079619
20.586725,0.39278710,0.08127616,1.64780653,-0.00428059,1.57078898,0.39282012,-0.03990089,-0.00008808,-0.00000000,0.00000000,0.00000000,-0.03923775,0.48747678,-0.00477551,0.53949216,-3.14158200,0.00001239,1.57076330
20.628283,0.39112550,0.08126883,1.64780653,-0.00428059,1.57078898,0.39118052,-0.04219857,-0.00022072,-0.00004310,0.00000000,0.00000000,-0.04264010,0.48747072,-0.00558444,0.53948887,-3.14157508,0.00001516,1.57074133
20.669825,0.38928047,0.08125782,1.64780295,-0.00428059,1.57078898,0.38927683,-0.04207840,-0.00030914,-0.00013062,0.00004419,0.00000000,-0.04269608,0.48746376,-0.00648212,0.53948568,-3.14156842,0.00001795,1.57079992
20.711356,0.38762987,0.08124315,1.64779568,-0.00427692,1.57078898,0.38763356,-0.03982475,-0.00048306,-0.00021995,0.00004434,0.00000000,-0.03938677,0.48745855,-0.00728421,0.53948307,-3.14156496,0.00001932,1.57079260
20.753178,0.38596091,0.08121748,1.64778459,-0.00427692,1.57078898,0.38599393,-0.04227275,-0.00083673,-0.00030895,0.00000000,0.00000000,-0.04227739,0.48745571,-0.00809368,0.53947696,-3.14155137,0.00002477,1.57076330
20.794768,0.38410491,0.08117346,1.64776993,-0.00427692,1.57078898,0.38410854,-0.04198146,-0.00101656,-0.00039815,0.00000000,0.00000000,-0.04295528,0.48745660,-0.00899161,0.53946436,-3.14152394,0.00003569,1.57079260
20.836157,0.38247627,0.08113311,1.64775157,-0.00427692,1.57078898,0.38242859,-0.03957089,-0.00106221,-0.00066418,0.00000000,0.00000000,-0.03997083,0.48745714,-0.00977912,0.53945522,-3.14150344,0.00004378,1.57084400
20.877637,0.38082567,0.08108542,1.64771485,-0.00427692,1.57078898,0.38079631,-0.04230228,-0.00114405,-0.00118532,0.00004360,0.00000000,-0.04212398,0.48746048,-0.01057564,0.53945172,-3.14149332,0.00004771,1.57082575
20.919523,0.37894765,0.08103774,1.64765251,-0.00427325,1.57078898,0.37891462,-0.04255388,-0.00119861,-0.00155364,0.00004325,0.00000000,-0.04273339,0.48746108,-0.01138340,0.53945730,-3.14150317,0.00004347,1.57082549
20.960362,0.37730068,0.08098639,1.64758646,-0.00427325,1.57078898,0.37725666,-0.04028946,-0.00134736,-0.00166119,0.00004495,0.00000000,-0.04046846,0.48746735,-0.01227517,0.53947031,-3.14152394,0.00003520,1.57084027
21.001188,0.37565741,0.08092771,1.64751685,-0.00426958,1.57078898,0.37560976,-0.04028749,-0.00129468,-0.00142960,0.00008907,0.00000000,-0.04020111,0.48747403,-0.01306534,0.53947835,-3.14153726,0.00002972,1.57084400
21.042666,0.37398481,0.08088002,1.64746916,-0.00426592,1.57078898,0.37394813,-0.04267817,-0.00141175,-0.00136796,0.00008821,0.00000000,-0.04214976,0.48747309,-0.01387220,0.53948063,-3.14154099,0.00002830,1.57083295
21.084282,0.37211046,0.08081033,1.64740312,-0.00426225,1.57078898,0.37210679,-0.04234904,-0.00158813,-0.00154420,0.00008829,-0.00000000,-0.04217411,0.48747706,-0.01467489,0.53948173,-3.14154099,0.00002818,1.57079992
21.125804,0.37046349,0.08074797,1.64734077,-0.00425858,1.57078898,0.37044147,-0.03984831,-0.00154620,-0.00154632,0.00013262,0.00000000,-0.03993611,0.48748047,-0.01556565,0.53948482,-3.14154418,0.00002678,1.57081830
21.167312,0.36880186,0.08068195,1.64727473,-0.00425124,1.57078898,0.36879089,-0.04278915,-0.00167809,-0.00163323,0.00013248,-0.00000000,-0.04221508,0.48748410,-0.01636397,0.53948825,-3.14155058,0.00002405,1.57080725
21.208864,0.36690918,0.08060858,1.64720511,-0.00424758,1.57078898,0.36693487,-0.04290437,-0.00172738,-0.00159447,0.00013316,0.00000000,-0.04264326,0.48748535,-0.01717335,0.53948944,-3.14155058,0.00002399,1.57077063
21.250118,0.36524755,0.08053889,1.64714265,-0.00424024,1.57078898,0.36525857,-0.04010369,-0.00173599,-0.00151454,0.00017814,0.00000000,-0.04072746,0.48748681,-0.01807208,0.53948972,-3.14155058,0.00002389,1.57078541
21.291272,0.36360428,0.08046553,1.64708030,-0.00423290,1.57078898,0.36357862,-0.04018664,-0.00186888,-0.00155766,0.00022240,0.00000000,-0.04027810,0.48748892,-0.01886078,0.53948805,-3.14154738,0.00002513,1.57082203
21.332537,0.36193535,0.08038484,1.64701426,-0.00422190,1.57078898,0.36193901,-0.04300821,-0.00199365,-0.00190469,0.00026576,-0.00000000,-0.04225530,0.48749254,-0.01966079,0.53948531,-3.14154392,0.00002635,1.57079260
21.374055,0.36004263,0.08030047,1.64692247,-0.00421090,1.57078898,0.36007932,-0.04272334,-0.00198828,-0.00203171,0.00030934,0.00000000,-0.04276772,0.48749300,-0.02046863,0.53949258,-3.14155750,0.00002109,1.57075958
21.415558,0.35838833,0.08021977,1.64684558,-0.00419622,1.57078898,0.35838833,-0.03998638,-0.00194620,-0.00176659,0.00026525,0.00000000,-0.04064980,0.48749653,-0.02136104,0.53949644,-3.14157108,0.00001590,1.57079619
21.456981,0.35672674,0.08013908,1.64677596,-0.00418889,1.57078898,0.35670838,-0.04049016,-0.00199566,-0.00186420,0.00022188,0.00000000,-0.04039980,0.48749619,-0.02215768,0.53949501,-3.14156762,0.00001717,1.57081470
21.498269,0.35503945,0.08005472,1.64669144,-0.00417788,1.57078898,0.35504678,-0.04324225,-0.00226164,-0.00217362,0.00026617,0.00000000,-0.04306336,0.48749704,-0.02296577,0.53949962,-3.14157774,0.00001324,1.57078887
21.539673,0.35315040,0.07995201,1.64659619,-0.00416688,1.57078898,0.35314673,-0.04274093,-0.00230097,-0.00212247,0.00030947,-0.00000000,-0.04335929,0.48749925,-0.02386950,0.53950122,-3.14158120,0.00001199,1.57079992
21.581186,0.35149613,0.07986397,1.64651549,-0.00415221,1.57078898,0.35145211,-0.04003416,-0.00216518,-0.00194446,0.00030934,0.00000000,-0.04052006,0.48749937,-0.02466116,0.53950274,-3.14158839,0.00000944,1.57084027
21.622683,0.34982717,0.07977228,1.64643478,-0.00414120,1.57078898,0.34978315,-0.04298437,-0.00238801,-0.00207971,0.00030963,0.00000000,-0.04280745,0.48749876,-0.02545970,0.53950218,-3.14158839,0.00000943,1.57084027
21.664136,0.34793082,0.07966590,1.64634299,-0.00412653,1.57078898,0.34790146,-0.04302228,-0.00247871,-0.00221391,0.00030973,0.00000000,-0.04293408,0.48749673,-0.02626711,0.53950342,-3.14159185,0.00000816,1.57082575
21.705550,0.34626183,0.07956687,1.64625132,-0.00411553,1.57078898,0.34622514,-0.04011622,-0.00238832,-0.00216765,0.00026540,0.00000000,-0.04011631,0.48749774,-0.02716413,0.53950235,-3.14159185,0.00000815,1.57083295
21.747069,0.34460390,0.07946783,1.64616323,-0.00410452,1.57078898,0.34457457,-0.04026450,-0.00247531,-0.00216474,0.00026521,0.00000000,-0.04013165,0.48749666,-0.02795632,0.53950208,-3.14159185,0.00000813,1.57082549
21.788541,0.34292027,0.07936145,1.64607167,-0.00409352,1.57078898,0.34289461,-0.04323690,-0.00269950,-0.00247685,0.00030974,0.00000000,-0.04305993,0.48749648,-0.02876005,0.53950020,-3.14158839,0.00000941,1.57082203
21.829960,0.34102023,0.07924408,1.64595795,-0.00407885,1.57078898,0.34100556,-0.04296028,-0.00278700,-0.00252213,0.00030979,0.00000000,-0.04300432,0.48749496,-0.02966709,0.53950461,3.14158653,0.00000571,1.57081097
21.871457,0.33935863,0.07913037,1.64586258,-0.00406784,1.57078898,0.33932927,-0.04022383,-0.00278480,-0.00229999,0.00026524,0.00000000,-0.04035621,0.48749561,-0.03045921,0.53950128,-3.14159132,0.00000817,1.57082575
21.912943,0.33768234,0.07901299,1.64576709,-0.00405684,1.57078898,0.33765668,-0.04309497,-0.00308088,-0.00268510,0.00035161,0.00000000,-0.04248243,0.48749583,-0.03125810,0.53949635,-3.14158120,0.00001177,1.57082203
21.954745,0.33576763,0.07887361,1.64563870,-0.00403850,1.57078898,0.33578962,-0.04304797,-0.00312508,-0.00281608,0.00035172,0.00000000,-0.04270173,0.48749879,-0.03216923,0.53949842,-3.14158839,0.00000933,1.57077436
21.996237,0.33409500,0.07875256,1.64553237,-0.00402749,1.57078898,0.33409867,-0.04016370,-0.00296032,-0.00269368,0.00030930,0.00000000,-0.04073757,0.48749868,-0.03296571,0.53949712,-3.14158466,0.00001054,1.57079260
22.037762,0.33243337,0.07862785,1.64541507,-0.00401282,1.57078898,0.33240771,-0.04289486,-0.00331322,-0.00295896,0.00039757,-0.00000000,-0.04276219,0.48750036,-0.03375598,0.53949993,-3.14159132,0.00000816,1.57082203
22.079271,0.33053336,0.07847746,1.64528668,-0.00399448,1.57078898,0.33054802,-0.04328546,-0.00335689,-0.00291552,0.00039751,0.00000000,-0.04266725,0.48750454,-0.03455551,0.53949266,-3.14157774,0.00001288,1.57078887
22.120811,0.32883871,0.07834908,1.64517295,-0.00397981,1.57078898,0.32886437,-0.04056388,-0.00322594,-0.00291690,0.00039773,0.00000000,-0.04082966,0.48750182,-0.03546518,0.53949643,-3.14158813,0.00000933,1.57077063
22.162282,0.32716608,0.07820969,1.64504457,-0.00396147,1.57078898,0.32715875,-0.04270676,-0.00351893,-0.00321102,0.00039648,0.00000000,-0.04328062,0.48750571,-0.03625886,0.53949846,3.14159026,0.00000696,1.57080365
22.204163,0.32527706,0.07805564,1.64490521,-0.00394680,1.57078898,0.32525507,-0.04303934,-0.00356146,-0.00312148,0.00035181,0.00000000,-0.04290337,0.48750746,-0.03705466,0.53949825,3.14159026,0.00000697,1.57082203
22.245682,0.32357511,0.07791258,1.64478409,-0.00393213,1.57078898,0.32357877,-0.04082467,-0.00340205,-0.00309307,0.00035353,0.00000000,-0.04069250,0.48750650,-0.03796425,0.53949517,-3.14158813,0.00000929,1.57079260
22.287183,0.32188779,0.07777320,1.64464843,-0.00391745,1.57078898,0.32187679,-0.04071820,-0.00342734,-0.00320248,0.00040125,0.00000000,-0.04139034,0.48750610,-0.03876532,0.53950028,3.14158653,0.00000582,1.57080738
22.328110,0.32021886,0.07763015,1.64452004,-0.00389911,1.57078898,0.32016748,-0.04338204,-0.00370083,-0.00343186,0.00040188,0.00000000,-0.04361205,0.48750609,-0.03955720,0.53950062,3.14158360,0.00000467,1.57084759
22.369407,0.31831881,0.07746875,1.64436603,-0.00388444,1.57078898,0.31828946,-0.04349200,-0.00376822,-0.00341519,0.00035455,0.00000000,-0.04326894,0.48750413,-0.04045900,0.53950475,3.14157641,0.00000241,1.57082575
22.410864,0.31662053,0.07731836,1.64423752,-0.00386977,1.57078898,0.31658751,-0.04076553,-0.00366975,-0.00313974,0.00035366,0.00000000,-0.04107434,0.48750243,-0.04126468,0.53950138,3.14158360,0.00000468,1.57082922
22.452368,0.31493688,0.07716430,1.64410555,-0.00385510,1.57078898,0.31488189,-0.04044060,-0.00366829,-0.00322479,0.00039777,0.00000000,-0.04057335,0.48750167,-0.04206279,0.53949804,3.14159026,0.00000699,1.57085132
22.493856,0.31326428,0.07701392,1.64396989,-0.00383676,1.57078898,0.31322023,-0.04318122,-0.00401763,-0.00344396,0.00044159,-0.00000000,-0.04282903,0.48749947,-0.04285583,0.53949858,3.14158706,0.00000588,1.57084027
22.535432,0.31134957,0.07683051,1.64381945,-0.00381842,1.57078898,0.31132385,-0.04350240,-0.00420017,-0.00362606,0.00044223,-0.00000000,-0.04301522,0.48749868,-0.04376273,0.53949143,-3.14158440,0.00001037,1.57082203
22.576801,0.30965492,0.07666545,1.64366913,-0.00380008,1.57078898,0.30965126,-0.04066150,-0.00389376,-0.00345167,0.00039847,0.00000000,-0.04061454,0.48749943,-0.04456461,0.53949247,-3.14158759,0.00000926,1.57079992
22.618337,0.30797863,0.07650773,1.64353335,-0.00378540,1.57078898,0.30795664,-0.04315951,-0.00428525,-0.00353467,0.00044181,0.00000000,-0.04320373,0.48749529,-0.04535908,0.53948929,-3.14158094,0.00001146,1.57081830
22.659838,0.30607128,0.07630965,1.64337564,-0.00376340,1.57078898,0.30606392,-0.04362480,-0.00446862,-0.00384996,0.00044227,-0.00000000,-0.04313803,0.48749652,-0.04626081,0.53947946,-3.14156363,0.00001697,1.57080365
22.701229,0.30436197,0.07613725,1.64321423,-0.00374872,1.57078898,0.30438030,-0.04097560,-0.00415937,-0.00380688,0.00039822,-0.00000000,-0.04092976,0.48749583,-0.04706918,0.53948213,-3.14156655,0.00001581,1.57077808
22.742733,0.30267468,0.07596486,1.64306009,-0.00373038,1.57078898,0.30267099,-0.04302166,-0.00454931,-0.00406392,0.00039755,0.00000000,-0.04350736,0.48749451,-0.04786705,0.53948167,-3.14156709,0.00001574,1.57079992
22.784269,0.30078930,0.07575945,1.64287674,-0.00371571,1.57078898,0.30076730,-0.04325384,-0.00468320,-0.00419709,0.00044196,0.00000000,-0.04303190,0.48749539,-0.04865531,0.53947914,-3.14155990,0.00001791,1.57082203
22.825749,0.29908368,0.07557605,1.64271164,-0.00369370,1.57078898,0.29909834,-0.04111252,-0.00455331,-0.00406727,0.00048631,0.00000000,-0.04044935,0.48749700,-0.04956260,0.53948043,-3.14156363,0.00001673,1.57078181
22.867243,0.29737803,0.07538164,1.64253926,-0.00367536,1.57078898,0.29741105,-0.04321473,-0.00489989,-0.00441271,0.00044147,0.00000000,-0.04352213,0.48750038,-0.05036686,0.53947888,-3.14155990,0.00001777,1.57076330
22.908836,0.29549268,0.07516889,1.64234495,-0.00365702,1.57078898,0.29548165,-0.04304880,-0.00484180,-0.00466403,0.00044008,0.00000000,-0.04349106,0.48750358,-0.05115707,0.53947689,-3.14155271,0.00001985,1.57080365
22.950592,0.29379070,0.07497817,1.64215052,-0.00363868,1.57078898,0.29378706,-0.04118199,-0.00463986,-0.00455044,0.00044184,0.00000000,-0.04091559,0.48750360,-0.05205877,0.53949056,-3.14158067,0.00001129,1.57079992
22.991858,0.29207408,0.07478375,1.64196706,-0.00362034,1.57078898,0.29208508,-0.04123849,-0.00475502,-0.00457812,0.00044438,0.00000000,-0.04146151,0.48750338,-0.05286853,0.53949435,-3.14158759,0.00000915,1.57078541
23.033134,0.29038680,0.07458568,1.64177263,-0.00360200,1.57078898,0.29036474,-0.04314979,-0.00494777,-0.00472778,0.00048555,0.00000000,-0.04390138,0.48750579,-0.05366343,0.53950183,3.14158360,0.00000493,1.57081830
23.074862,0.28849041,0.07437293,1.64157462,-0.00358000,1.57078898,0.28843907,-0.04330395,-0.00502280,-0.00471418,0.00057301,-0.00000000,-0.04347689,0.48750151,-0.05455864,0.53950483,3.14157641,0.00000288,1.57084759
23.116378,0.28678110,0.07416753,1.64138019,-0.00355432,1.57078898,0.28674442,-0.04108171,-0.00481491,-0.00459404,0.00053014,0.00000000,-0.04086107,0.48750332,-0.05536360,0.53950981,3.14156256,-0.00000125,1.57083295
23.157898,0.28507915,0.07397312,1.64119315,-0.00353598,1.57078898,0.28504613,-0.04312332,-0.00514695,-0.00462135,0.00048393,0.00000000,-0.04316657,0.48749879,-0.05616674,0.53951528,3.14155217,-0.00000429,1.57082922
23.199707,0.28318644,0.07373837,1.64099503,-0.00351397,1.57078898,0.28314608,-0.04307068,-0.00545616,-0.00448804,0.00052816,0.00000000,-0.04293669,0.48749810,-0.05705834,0.53950832,3.14156602,-0.00000012,1.57083667
23.241245,0.28148815,0.07351828,1.64081895,-0.00349196,1.57078898,0.28146613,-0.04104040,-0.00530122,-0.00441800,0.00048592,0.00000000,-0.04073138,0.48749957,-0.05785752,0.53949722,3.14158706,0.00000603,1.57081830
23.282737,0.27977887,0.07329821,1.64062822,-0.00347362,1.57078898,0.27976418,-0.04365960,-0.00574445,-0.00490443,0.00053017,0.00000000,-0.04361544,0.48750016,-0.05866192,0.53949282,-3.14158759,0.00000908,1.57081097
23.324249,0.27786413,0.07304145,1.64041185,-0.00344795,1.57078898,0.27784577,-0.04338586,-0.00587608,-0.00508003,0.00053009,0.00000000,-0.04351836,0.48750267,-0.05946387,0.53948551,-3.14157348,0.00001310,1.57081830
23.365760,0.27617684,0.07281036,1.64020646,-0.00342961,1.57078898,0.27615115,-0.04082038,-0.00537380,-0.00501993,0.00044037,-0.00000000,-0.04064622,0.48750828,-0.06035445,0.53948287,-3.14156629,0.00001508,1.57082203
23.407545,0.27446386,0.07259394,1.63999367,-0.00341127,1.57078898,0.27446020,-0.04375892,-0.00564141,-0.00550863,0.00057364,0.00000000,-0.04323029,0.48750537,-0.06116095,0.53949080,-3.14158067,0.00001105,1.57079992
23.449034,0.27253449,0.07234085,1.63974798,-0.00338192,1.57078898,0.27255282,-0.04353112,-0.00583345,-0.00561300,0.00061884,0.00000000,-0.04366340,0.48750501,-0.06196827,0.53950117,3.14158360,0.00000510,1.57077808
23.490546,0.27085087,0.07210977,1.63952780,-0.00335991,1.57078898,0.27083620,-0.04064485,-0.00538989,-0.00538999,0.00053007,0.00000000,-0.04099838,0.48750788,-0.06285897,0.53950471,3.14157321,0.00000216,1.57081097
23.532060,0.26915991,0.07189335,1.63930047,-0.00333791,1.57078898,0.26914889,-0.04114746,-0.00548702,-0.00539757,0.00053084,0.00000000,-0.04057115,0.48750404,-0.06365477,0.53952009,3.14154125,-0.00000656,1.57080738
23.573452,0.26743960,0.07165493,1.63908029,-0.00331590,1.57078898,0.26747259,-0.04381569,-0.00610139,-0.00548384,0.00053072,0.00000000,-0.04354713,0.48750430,-0.06446306,0.53952199,3.14153779,-0.00000747,1.57076330
23.615005,0.26552489,0.07138716,1.63884556,-0.00329389,1.57078898,0.26553589,-0.04326686,-0.00616781,-0.00524259,0.00048473,-0.00000000,-0.04379512,0.48750263,-0.06536302,0.53951765,3.14154791,-0.00000447,1.57078541
23.656725,0.26383758,0.07114141,1.63864386,-0.00327555,1.57078898,0.26382658,-0.04092090,-0.00581969,-0.00489403,0.00052970,0.00000000,-0.04109500,0.48750272,-0.06615549,0.53950673,3.14157321,0.00000231,1.57080738
23.698194,0.26212096,0.07090299,1.63843846,-0.00324987,1.57078898,0.26211730,-0.04393420,-0.00632031,-0.00534790,0.00061880,0.00000000,-0.04371299,0.48749799,-0.06696286,0.53950177,3.14158014,0.00000425,1.57079992
23.739708,0.26019156,0.07061688,1.63820004,-0.00322420,1.57078898,0.26019892,-0.04362315,-0.00662989,-0.00548138,0.00057451,-0.00000000,-0.04397769,0.48749812,-0.06786864,0.53949125,-3.14158387,0.00000994,1.57078887
23.781180,0.25850061,0.07035278,1.63798356,-0.00320219,1.57078898,0.25846758,-0.04092877,-0.00632741,-0.00526598,0.00057533,-0.00000000,-0.04150349,0.48750240,-0.06866122,0.53947955,-3.14155910,0.00001647,1.57082922
23.822607,0.25679862,0.07009234,1.63776350,-0.00317651,1.57078898,0.25675830,-0.04376792,-0.00667571,-0.00574704,0.00061901,0.00000000,-0.04372374,0.48750402,-0.06945954,0.53947166,-3.14154498,0.00002014,1.57083667
23.864136,0.25486925,0.06979891,1.63750672,-0.00315084,1.57078898,0.25483993,-0.04359362,-0.00664902,-0.00589971,0.00057245,-0.00000000,-0.04372369,0.48750536,-0.07026466,0.53946698,-3.14153406,0.00002285,1.57082203
23.905943,0.25316730,0.06953847,1.63727200,-0.00312883,1.57078898,0.25311592,-0.04072964,-0.00625269,-0.00576954,0.00057283,-0.00000000,-0.04099213,0.48750393,-0.07116330,0.53946540,-3.14153034,0.00002365,1.57084759
23.947440,0.25147632,0.06927805,1.63702619,-0.00310315,1.57078898,0.25142497,-0.04108005,-0.00624140,-0.00606431,0.00061970,0.00000000,-0.04085766,0.48750481,-0.07195624,0.53946996,-3.14154125,0.00002079,1.57084759
23.988806,0.24976337,0.06902128,1.63676953,-0.00307748,1.57078898,0.24973036,-0.04397590,-0.00651020,-0.00668529,0.00062005,0.00000000,-0.04344454,0.48750254,-0.07276016,0.53948144,-3.14156602,0.00001438,1.57082922
24.030256,0.24783398,0.06873885,1.63647246,-0.00305180,1.57078898,0.24782665,-0.04369037,-0.00667681,-0.00672158,0.00061913,0.00000000,-0.04351306,0.48749639,-0.07366641,0.53950092,3.14158014,0.00000445,1.57080365
24.071761,0.24613935,0.06846742,1.63621199,-0.00302612,1.57078898,0.24612100,-0.04092465,-0.00667362,-0.00623221,0.00057459,0.00000000,-0.04101339,0.48749841,-0.07446038,0.53950753,3.14156602,0.00000088,1.57081470
24.113252,0.24443740,0.06818497,1.63595521,-0.00300411,1.57078898,0.24442270,-0.04392010,-0.00720238,-0.00649507,0.00061853,0.00000000,-0.04347836,0.48750187,-0.07525732,0.53950686,3.14156975,0.00000181,1.57081097
24.154772,0.24249333,0.06786952,1.63567281,-0.00297477,1.57078898,0.24251167,-0.04391735,-0.00733438,-0.00631796,0.00066273,0.00000000,-0.04365239,0.48750095,-0.07616873,0.53950449,3.14157321,0.00000274,1.57077808
24.196269,0.24079138,0.06757608,1.63543069,-0.00294909,1.57078898,0.24079870,-0.04085487,-0.00703015,-0.00588169,0.00057471,0.00000000,-0.04138573,0.48750456,-0.07696543,0.53949202,-3.14158733,0.00000890,1.57078887
24.237730,0.23910408,0.06728631,1.63518488,-0.00292709,1.57078898,0.23907840,-0.04359501,-0.00725829,-0.00655064,0.00061964,0.00000000,-0.04368265,0.48750667,-0.07775554,0.53948254,-3.14156602,0.00001409,1.57082203
24.279151,0.23717837,0.06697452,1.63488781,-0.00289774,1.57078898,0.23717837,-0.04402164,-0.00721891,-0.00668840,0.00066430,0.00000000,-0.04335729,0.48750230,-0.07855918,0.53948903,-3.14158014,0.00001060,1.57079992
24.320551,0.23545806,0.06668842,1.63463092,-0.00287207,1.57078898,0.23548740,-0.04118024,-0.00690003,-0.00654514,0.00057509,0.00000000,-0.04113405,0.48749954,-0.07946540,0.53948680,-3.14157641,0.00001140,1.57076703
24.362080,0.23376343,0.06640231,1.63434494,-0.00285006,1.57078898,0.23376709,-0.04077617,-0.00691327,-0.00695622,0.00061607,0.00000000,-0.04134883,0.48749968,-0.08025915,0.53949846,3.14158759,0.00000630,1.57079260
24.403850,0.23206146,0.06611254,1.63405144,-0.00282071,1.57078898,0.23204312,-0.04382521,-0.00758426,-0.00736093,0.00066070,0.00000000,-0.04373254,0.48750076,-0.08105604,0.53951293,3.14155537,-0.00000129,1.57081470
24.445317,0.23011741,0.06577141,1.63373244,-0.00279504,1.57078898,0.23012841,-0.04412862,-0.00762008,-0.00717631,0.00062041,0.00000000,-0.04404255,0.48750172,-0.08196626,0.53951595,3.14155164,-0.00000203,1.57078541
24.486618,0.22840811,0.06548164,1.63345730,-0.00276936,1.57078898,0.22839710,-0.04128956,-0.00733398,-0.00666761,0.00062221,0.00000000,-0.04191192,0.48749722,-0.08276773,0.53952096,3.14154099,-0.00000446,1.57080738
24.527846,0.22670981,0.06516619,1.63318217,-0.00274369,1.57078898,0.22666946,-0.04381703,-0.00824846,-0.00700813,0.00066522,0.00000000,-0.04408541,0.48750174,-0.08356190,0.53951420,3.14155537,-0.00000108,1.57083667
24.569299,0.22478409,0.06479938,1.63287771,-0.00271434,1.57078898,0.22475109,-0.04387895,-0.00809477,-0.00698938,0.00066361,0.00000000,-0.04383474,0.48750675,-0.08436106,0.53950268,3.14157694,0.00000389,1.57083295
24.610774,0.22307113,0.06449494,1.63260257,-0.00268866,1.57078898,0.22303444,-0.04107723,-0.00751673,-0.00658735,0.00066324,0.00000000,-0.04134277,0.48750441,-0.08526490,0.53949686,3.14159106,0.00000716,1.57083295
24.652255,0.22137649,0.06417582,1.63233125,-0.00265932,1.57078898,0.22132146,-0.04087089,-0.00755583,-0.00662837,0.00066282,0.00000000,-0.04095941,0.48750653,-0.08605776,0.53948686,-3.14157614,0.00001121,1.57085132
24.693790,0.21967819,0.06386770,1.63205230,-0.00263364,1.57078898,0.21963419,-0.04375232,-0.00794703,-0.00733062,0.00066224,0.00000000,-0.04335490,0.48750340,-0.08685348,0.53948512,-3.14157321,0.00001195,1.57084027
24.735335,0.21774149,0.06351557,1.63172221,-0.00260430,1.57078898,0.21771948,-0.04395849,-0.00804072,-0.00764164,0.00066268,0.00000000,-0.04364955,0.48749973,-0.08776086,0.53948858,-3.14157987,0.00001033,1.57081830
24.776807,0.21602850,0.06320012,1.63141787,-0.00257862,1.57078898,0.21601018,-0.04114113,-0.00777713,-0.00728991,0.00066278,0.00000000,-0.04122917,0.48749776,-0.08856310,0.53949577,3.14159106,0.00000719,1.57081470
24.818341,0.21432655,0.06287000,1.63111711,-0.00254928,1.57078898,0.21429721,-0.04375373,-0.00852976,-0.00782388,0.00066280,0.00000000,-0.04362082,0.48750088,-0.08935902,0.53949489,3.14159106,0.00000719,1.57082549
24.859810,0.21239717,0.06249220,1.63076854,-0.00252360,1.57078898,0.21238983,-0.04389807,-0.00846333,-0.00775929,0.00066047,0.00000000,-0.04332563,0.48750416,-0.09026135,0.53949501,-3.14159079,0.00000794,1.57080365
24.901604,0.21067318,0.06216574,1.63047147,-0.00249426,1.57078898,0.21069153,-0.04113670,-0.00785748,-0.00715157,0.00066162,0.00000000,-0.04114382,0.48750078,-0.09106895,0.53949389,-3.14159079,0.00000795,1.57077808
24.942911,0.20897856,0.06183928,1.63017428,-0.00246858,1.57078898,0.20897123,-0.04358511,-0.00842440,-0.00762586,0.00066507,-0.00000000,-0.04398473,0.48749841,-0.09186258,0.53949235,-3.14158706,0.00000869,1.57080365
24.984319,0.20706752,0.06146881,1.62984061,-0.00243924,1.57078898,0.20705286,-0.04385906,-0.00854148,-0.00800810,0.00070807,-0.00000000,-0.04355031,0.48749609,-0.09265618,0.53948902,-3.14157987,0.00001020,1.57081830
25.025798,0.20534354,0.06113136,1.62951052,-0.00240989,1.57078898,0.20536187,-0.04141662,-0.00817711,-0.00791230,0.00066304,-0.00000000,-0.04101870,0.48749482,-0.09356456,0.53949859,3.14158440,0.00000571,1.57077808
25.067304,0.20363057,0.06079023,1.62918401,-0.00238422,1.57078898,0.20364891,-0.04354891,-0.00874508,-0.00848034,0.00066250,0.00000000,-0.04403429,0.48749502,-0.09436621,0.53950446,3.14157321,0.00000349,1.57077808
25.108843,0.20172687,0.06040509,1.62880623,-0.00235487,1.57078898,0.20170486,-0.04361191,-0.00892596,-0.00835000,0.00070707,-0.00000000,-0.04387595,0.48749576,-0.09515744,0.53951730,3.14154791,-0.00000163,1.57082203
25.150309,0.20001024,0.06004928,1.62849081,-0.00232553,1.57078898,0.20000656,-0.04157613,-0.00866914,-0.00743160,0.00066344,0.00000000,-0.04126636,0.48749927,-0.09605971,0.53950956,3.14156256,0.00000138,1.57079992
25.191774,0.19827892,0.05968615,1.62818992,-0.00229985,1.57078898,0.19828260,-0.04126411,-0.00865922,-0.00746708,0.00061848,0.00000000,-0.04148395,0.48749915,-0.09687004,0.53949266,-3.14158706,0.00000864,1.57079260
25.233336,0.19658430,0.05933035,1.62787080,-0.00227418,1.57078898,0.19656229,-0.04345451,-0.00922985,-0.00825690,0.00070666,-0.00000000,-0.04385195,0.48750041,-0.09766295,0.53948795,-3.14157614,0.00001078,1.57081830
25.274841,0.19466959,0.05891953,1.62750411,-0.00224116,1.57078898,0.19464023,-0.04386575,-0.00910863,-0.00844592,0.00070745,0.00000000,-0.04386523,0.48750455,-0.09855833,0.53948197,-3.14156522,0.00001290,1.57082575
25.316280,0.19294560,0.05857474,1.62717021,-0.00221549,1.57078898,0.19292361,-0.04134792,-0.00849019,-0.00826925,0.00066325,0.00000000,-0.04156814,0.48749758,-0.09936666,0.53948939,-3.14157960,0.00001002,1.57081830
25.357787,0.19123998,0.05821528,1.62681818,-0.00218614,1.57078898,0.19119230,-0.04353620,-0.00937033,-0.00901670,0.00070719,0.00000000,-0.04397819,0.48749873,-0.10016482,0.53949929,3.14158440,0.00000583,1.57084400
25.399271,0.18933260,0.05779712,1.62642193,-0.00215680,1.57078898,0.18927392,-0.04359339,-0.00958438,-0.00918642,0.00070650,0.00000000,-0.04341772,0.48750475,-0.10095696,0.53950199,3.14158067,0.00000515,1.57085505
25.440845,0.18761963,0.05741931,1.62605524,-0.00212746,1.57078898,0.18758662,-0.04139306,-0.00915434,-0.00862234,0.00070759,0.00000000,-0.04068516,0.48751027,-0.10185744,0.53951216,3.14155883,0.00000108,1.57082922
25.482216,0.18589933,0.05703784,1.62570667,-0.00209811,1.57078898,0.18589933,-0.04138475,-0.00910255,-0.00830343,0.00066592,0.00000000,-0.04125381,0.48751364,-0.10266222,0.53951004,3.14156256,0.00000179,1.57079633
25.523449,0.18420103,0.05666737,1.62536931,-0.00207244,1.57078898,0.18417902,-0.04382256,-0.00928935,-0.00848776,0.00066666,0.00000000,-0.04404536,0.48751239,-0.10345764,0.53950702,3.14156975,0.00000320,1.57081830
25.564739,0.18228266,0.05627122,1.62500620,-0.00204309,1.57078898,0.18226431,-0.04403598,-0.00925810,-0.00832929,0.00066458,0.00000000,-0.04350720,0.48749938,-0.10435833,0.53950509,3.14157348,0.00000392,1.57081470
25.606272,0.18055502,0.05590075,1.62467968,-0.00201742,1.57078898,0.18057702,-0.04145233,-0.00902538,-0.00818796,0.00061934,0.00000000,-0.04114507,0.48749119,-0.10516885,0.53949665,3.14159132,0.00000723,1.57077436
25.647651,0.17884572,0.05552294,1.62432742,-0.00199174,1.57078898,0.17885305,-0.04117104,-0.00933838,-0.00889486,0.00066734,0.00000000,-0.04179518,0.48748892,-0.10596974,0.53949731,3.14159132,0.00000721,1.57078887
25.688770,0.17715842,0.05513046,1.62394607,-0.00196239,1.57078898,0.17712907,-0.04392210,-0.01021135,-0.00976320,0.00075809,0.00000000,-0.04414537,0.48749645,-0.10675865,0.53950575,3.14157348,0.00000400,1.57082549
25.729908,0.17523271,0.05468296,1.62352431,-0.00192938,1.57078898,0.17522170,-0.04444927,-0.01037477,-0.00952345,0.00076011,0.00000000,-0.04373167,0.48750191,-0.10765970,0.53950887,3.14156629,0.00000277,1.57080738
25.770767,0.17351240,0.05427948,1.62316477,-0.00190004,1.57078898,0.17354174,-0.04179449,-0.00978641,-0.00871002,0.00071829,0.00000000,-0.04156997,0.48750500,-0.10846507,0.53950144,3.14158067,0.00000534,1.57076703
25.811616,0.17181776,0.05388333,1.62281263,-0.00187069,1.57078898,0.17182511,-0.04117107,-0.00951689,-0.00836152,0.00071143,0.00000000,-0.04157371,0.48750610,-0.10925884,0.53949372,-3.14159026,0.00000787,1.57078887
25.853279,0.17011581,0.05349452,1.62247527,-0.00184135,1.57078898,0.17011215,-0.04373918,-0.00996468,-0.00890806,0.00066113,0.00004315,-0.04365019,0.48750089,-0.11005723,0.53948210,-3.14156842,0.00001160,1.57079992
25.894822,0.16817909,0.05305436,1.62207162,-0.00181567,1.57079256,0.16819376,-0.04398913,-0.01016896,-0.00941919,0.00066342,0.00004302,-0.04399068,0.48749369,-0.11096568,0.53947857,-3.14155723,0.00000985,1.57078181
25.936231,0.16646612,0.05265087,1.62169385,-0.00178633,1.57079256,0.16646245,-0.04113080,-0.01000585,-0.00942873,0.00066414,0.00000000,-0.04175060,0.48749401,-0.11176847,0.53947971,-3.14156096,0.00000918,1.57079992
25.977670,0.16477150,0.05222538,1.62129045,-0.00176065,1.57079256,0.16473481,-0.04350833,-0.01073417,-0.01051193,0.00070660,-0.00000000,-0.04381935,0.48750547,-0.11256091,0.53948267,-3.14156416,0.00000854,1.57083295
26.019255,0.16285312,0.05175954,1.62082088,-0.00172764,1.57079256,0.16282377,-0.04371666,-0.01045480,-0.01080854,0.00074985,0.00000000,-0.04362831,0.48751534,-0.11335721,0.53949487,-3.14158972,0.00000432,1.57082922
26.060817,0.16113648,0.05135606,1.62039173,-0.00169830,1.57079256,0.16110714,-0.04101996,-0.00970347,-0.00970368,0.00066164,0.00000000,-0.04128426,0.48751376,-0.11426387,0.53952593,3.14153034,-0.00000628,1.57082549
26.102417,0.15944184,0.05095258,1.62001395,-0.00167262,1.57079256,0.15939049,-0.04081063,-0.00976121,-0.00883268,0.00061843,0.00000000,-0.04098623,0.48751041,-0.11505915,0.53952631,3.14153034,-0.00000617,1.57084759
26.143866,0.15774722,0.05054542,1.61965811,-0.00164694,1.57079256,0.15770319,-0.04360359,-0.01032780,-0.00926800,0.00066199,-0.00000000,-0.04325105,0.48750490,-0.11585488,0.53951423,3.14155590,-0.00000204,1.57084027
26.185506,0.15581782,0.05009426,1.61924362,-0.00161760,1.57079256,0.15579583,-0.04379092,-0.01055196,-0.00962332,0.00066213,0.00000000,-0.04343825,0.48749340,-0.11676181,0.53951069,3.14156336,-0.00000083,1.57081830
26.226934,0.15410852,0.04966877,1.61885858,-0.00159192,1.57079256,0.15409386,-0.04097710,-0.01038745,-0.00954672,0.00066291,0.00000000,-0.04110897,0.48749318,-0.11756383,0.53950417,3.14157774,0.00000149,1.57081097
26.268487,0.15241757,0.04923227,1.61845136,-0.00156258,1.57079256,0.15238456,-0.04354424,-0.01117305,-0.01024618,0.00070645,0.00000000,-0.04354378,0.48750055,-0.11835621,0.53950370,3.14157747,0.00000150,1.57082922
26.309997,0.15049185,0.04874076,1.61800754,-0.00153324,1.57079256,0.15047719,-0.04391643,-0.01108951,-0.00989609,0.00066272,0.00000000,-0.04329781,0.48750285,-0.11925974,0.53949545,-3.14158972,0.00000428,1.57081097
26.351509,0.14877155,0.04831160,1.61762977,-0.00150756,1.57079256,0.14878990,-0.04117001,-0.01021509,-0.00919967,0.00066341,0.00000000,-0.04094998,0.48749785,-0.12006810,0.53948341,-3.14156416,0.00000809,1.57077808
26.392943,0.14707692,0.04789344,1.61724448,-0.00147822,1.57079256,0.14708060,-0.04320600,-0.01099920,-0.01020559,0.00075106,0.00000000,-0.04373579,0.48749165,-0.12086473,0.53948048,-3.14156043,0.00000856,1.57079260
26.434522,0.14518422,0.04739826,1.61678231,-0.00144520,1.57079256,0.14515854,-0.04356847,-0.01153330,-0.01055895,0.00066253,0.00000000,-0.04347719,0.48749696,-0.12175284,0.53947959,-3.14156043,0.00000849,1.57082203
26.475940,0.14346024,0.04693609,1.61636794,-0.00142319,1.57079256,0.14347124,-0.04137602,-0.01083122,-0.01025378,0.00061853,0.00000000,-0.04075627,0.48750304,-0.12256178,0.53946934,-3.14153513,0.00001213,1.57078541
26.517501,0.14175095,0.04649959,1.61593139,-0.00139385,1.57079256,0.14177662,-0.04339407,-0.01125704,-0.01125812,0.00070619,-0.00000000,-0.04374764,0.48750303,-0.12336490,0.53948259,-3.14156416,0.00000788,1.57077063
26.559034,0.13985458,0.04600074,1.61543250,-0.00136451,1.57079256,0.13983624,-0.04333889,-0.01121013,-0.01120941,0.00070610,0.00000000,-0.04369288,0.48750762,-0.12415546,0.53949366,-3.14158600,0.00000476,1.57081470
26.600619,0.13814895,0.04556791,1.61499977,-0.00133516,1.57079256,0.13814527,-0.04124266,-0.01054227,-0.01023264,0.00066163,0.00000000,-0.04075739,0.48750399,-0.12505772,0.53951004,3.14156336,-0.00000030,1.57079992
26.642191,0.13642497,0.04512408,1.61458158,-0.00130949,1.57079256,0.13644698,-0.04109553,-0.01081475,-0.01010812,0.00061795,0.00000000,-0.04118429,0.48749853,-0.12586903,0.53951021,3.14156336,-0.00000025,1.57077436
26.683716,0.13473400,0.04466925,1.61415982,-0.00128381,1.57079256,0.13472301,-0.04302500,-0.01165757,-0.01090914,0.00061624,0.00000000,-0.04368621,0.48750038,-0.12666400,0.53950690,3.14157028,0.00000079,1.57080738
26.725537,0.13283764,0.04415205,1.61367190,-0.00125813,1.57079256,0.13280462,-0.04336857,-0.01183184,-0.01117287,0.00066026,0.00000000,-0.04327673,0.48750477,-0.12755545,0.53950667,3.14157375,0.00000131,1.57082922
26.767085,0.13111733,0.04368255,1.61322808,-0.00122879,1.57079256,0.13111366,-0.04119249,-0.01104888,-0.01043074,0.00061853,-0.00000000,-0.04137140,0.48750821,-0.12836444,0.53950749,3.14157028,0.00000086,1.57079992
26.808527,0.12941903,0.04323505,1.61280620,-0.00120678,1.57079256,0.12937135,-0.04338265,-0.01154211,-0.01043758,0.00061902,0.00000000,-0.04409075,0.48750195,-0.12916454,0.53950692,3.14157375,0.00000137,1.57084400
26.850023,0.12751900,0.04272519,1.61236238,-0.00117744,1.57079256,0.12745664,-0.04339387,-0.01184263,-0.01029555,0.00066284,0.00000000,-0.04334994,0.48749444,-0.13005996,0.53948869,-3.14157481,0.00000607,1.57085864
26.891536,0.12581703,0.04225202,1.61195159,-0.00115176,1.57079256,0.12577301,-0.04106738,-0.01162641,-0.01016761,0.00061897,0.00000000,-0.04044831,0.48749375,-0.13086147,0.53947094,-3.14153859,0.00001064,1.57084027
26.932999,0.12411140,0.04176050,1.61151874,-0.00112608,1.57079256,0.12410039,-0.04352658,-0.01229722,-0.01141162,0.00061925,0.00000000,-0.04321693,0.48750038,-0.13166400,0.53945527,-3.14150557,0.00001463,1.57080738
26.974459,0.12220769,0.04123230,1.61100531,-0.00110041,1.57079256,0.12218935,-0.04338539,-0.01190857,-0.01221900,0.00066420,0.00000000,-0.04351796,0.48750081,-0.13246235,0.53945872,-3.14151303,0.00001359,1.57081097
27.015845,0.12051672,0.04077380,1.61050642,-0.00107106,1.57079256,0.12049472,-0.04097874,-0.01122771,-0.01180514,0.00066332,0.00000000,-0.04062730,0.48750200,-0.13335765,0.53949376,-3.14158600,0.00000463,1.57081830
27.057434,0.11880743,0.04030062,1.61002588,-0.00104539,1.57079256,0.11881843,-0.04109722,-0.01146495,-0.01106939,0.00061731,0.00000000,-0.04061223,0.48750207,-0.13416344,0.53950957,3.14156655,0.00000070,1.57078541
27.099028,0.11709813,0.03982011,1.60958564,-0.00101971,1.57079256,0.11711647,-0.04328474,-0.01239877,-0.01120805,0.00061766,0.00000000,-0.04363830,0.48749943,-0.13496978,0.53950219,3.14158120,0.00000245,1.57077808
27.140571,0.11520909,0.03926991,1.60909414,-0.00099404,1.57079256,0.11519075,-0.04299680,-0.01262525,-0.01160789,0.00061799,0.00000000,-0.04339426,0.48750237,-0.13586050,0.53948703,-3.14157135,0.00000627,1.57081470
27.182120,0.11352547,0.03877106,1.60862112,-0.00096836,1.57079256,0.11351079,-0.04086351,-0.01195912,-0.01182460,0.00061790,0.00000000,-0.04051055,0.48751066,-0.13665398,0.53948680,-3.14157108,0.00000625,1.57081097
27.223691,0.11181250,0.03827587,1.60811126,-0.00094268,1.57079256,0.11182351,-0.04350640,-0.01222236,-0.01257626,0.00070602,0.00000000,-0.04315329,0.48751604,-0.13746190,0.53950612,3.14157401,0.00000171,1.57078541
27.265251,0.10990879,0.03775501,1.60757565,-0.00090967,1.57079256,0.10992347,-0.04308679,-0.01203917,-0.01168892,0.00066164,-0.00000000,-0.04326276,0.48750670,-0.13836179,0.53952669,3.14152661,-0.00000349,1.57078181
27.306872,0.10822883,0.03727450,1.60713911,-0.00088766,1.57079256,0.10822517,-0.04071283,-0.01191008,-0.01045448,0.00052935,0.00000000,-0.04075629,0.48750046,-0.13915593,0.53951650,3.14154845,-0.00000101,1.57079992
27.348410,0.10652321,0.03676464,1.60670626,-0.00086565,1.57079256,0.10653421,-0.04361860,-0.01306800,-0.01130192,0.00057388,-0.00000000,-0.04366283,0.48749994,-0.13996182,0.53949060,-3.14158227,0.00000491,1.57078541
27.389955,0.10460483,0.03618876,1.60620010,-0.00083998,1.57079256,0.10459749,-0.04329434,-0.01284268,-0.01173808,0.00057368,-0.00000000,-0.04391203,0.48750076,-0.14086841,0.53946971,-3.14153859,0.00000949,1.57080365
27.431527,0.10292487,0.03569725,1.60573065,-0.00081797,1.57079256,0.10288452,-0.04021399,-0.01179621,-0.01170269,0.00052630,0.00000000,-0.04061351,0.48749795,-0.14166296,0.53947002,-3.14153859,0.00000940,1.57083667
27.473602,0.10124125,0.03520207,1.60522079,-0.00079596,1.57079256,0.10120089,-0.04289481,-0.01257998,-0.01288543,0.00056783,0.00000000,-0.04271939,0.48749885,-0.14245913,0.53948818,-3.14157481,0.00000561,1.57083667
27.515521,0.09932286,0.03464086,1.60464859,-0.00077029,1.57079256,0.09929719,-0.04315364,-0.01287854,-0.01252135,0.00057116,0.00000000,-0.04320149,0.48749632,-0.14336701,0.53950596,3.14157401,0.00000194,1.57082203
27.557021,0.09763924,0.03412733,1.60417533,-0.00074828,1.57079256,0.09759522,-0.04042261,-0.01254634,-0.01135402,0.00053018,-0.00000000,-0.04082033,0.48749756,-0.14416373,0.53949739,3.14159239,0.00000375,1.57084027
27.598550,0.09596662,0.03359914,1.60370588,-0.00072627,1.57079256,0.09590793,-0.04309185,-0.01342210,-0.01240599,0.00061807,0.00000000,-0.04282718,0.48750420,-0.14495501,0.53947992,-3.14155643,0.00000727,1.57085505
27.640097,0.09405924,0.03301225,1.60314465,-0.00069693,1.57079256,0.09403723,-0.04352047,-0.01319210,-0.01328396,0.00057484,0.00000000,-0.04299141,0.48750752,-0.14585812,0.53948025,-3.14156016,0.00000685,1.57081830
27.681370,0.09236095,0.03250606,1.60260558,-0.00067859,1.57079256,0.09234627,-0.04081131,-0.01228726,-0.01259878,0.00053204,0.00000000,-0.04094313,0.48750618,-0.14666296,0.53950639,3.14157401,0.00000207,1.57081097
27.722787,0.09068465,0.03199621,1.60210299,-0.00065291,1.57079256,0.09065165,-0.04306279,-0.01335139,-0.01255927,0.00057505,0.00000000,-0.04319627,0.48750514,-0.14745763,0.53951375,3.14155590,0.00000044,1.57082922
27.764320,0.08878829,0.03139832,1.60156369,-0.00063090,1.57079256,0.08876261,-0.04339746,-0.01346527,-0.01231767,0.00048566,0.00000000,-0.04286796,0.48750696,-0.14825582,0.53949898,3.14158866,0.00000343,1.57082575
27.805874,0.08707898,0.03087746,1.60107958,-0.00061256,1.57079256,0.08708999,-0.04077368,-0.01248799,-0.01182564,0.00048540,-0.00000000,-0.04037638,0.48749935,-0.14916827,0.53948890,-3.14157481,0.00000535,1.57078541
27.847444,0.08539903,0.03036027,1.60058069,-0.00059055,1.57079256,0.08540636,-0.04033823,-0.01251772,-0.01225296,0.00048634,0.00000000,-0.04073786,0.48749568,-0.14996583,0.53949016,-3.14157854,0.00000501,1.57078887
27.888803,0.08373374,0.02983941,1.60006356,-0.00057221,1.57079256,0.08371174,-0.04299779,-0.01353604,-0.01335872,0.00053053,0.00000000,-0.04308887,0.48749580,-0.15075642,0.53949802,3.14159239,0.00000376,1.57081830
27.930340,0.08183371,0.02923785,1.59947300,-0.00054654,1.57079256,0.08183371,-0.04330874,-0.01377410,-0.01319998,0.00057387,0.00000000,-0.04286737,0.48749765,-0.15165869,0.53950421,3.14157774,0.00000256,1.57079633
27.971890,0.08013541,0.02869498,1.59896684,-0.00052453,1.57079256,0.08015008,-0.04059594,-0.01311985,-0.01210381,0.00048587,0.00000000,-0.04064076,0.48749751,-0.15246566,0.53949644,3.14159239,0.00000376,1.57078181
28.013375,0.07846279,0.02814845,1.59846795,-0.00050619,1.57079256,0.07845912,-0.04264490,-0.01389290,-0.01340288,0.00048347,0.00000000,-0.04295431,0.48750022,-0.15326053,0.53948283,-3.14156363,0.00000606,1.57079992
28.055277,0.07657743,0.02753589,1.59784806,-0.00048418,1.57079256,0.07656641,-0.04286995,-0.01370252,-0.01370089,0.00048304,-0.00000000,-0.04282425,0.48750648,-0.15415665,0.53949717,3.14159239,0.00000376,1.57080738
28.096851,0.07488279,0.02700402,1.59732354,-0.00046584,1.57079256,0.07488279,-0.04072264,-0.01310371,-0.01230970,0.00044119,-0.00000000,-0.04063428,0.48750016,-0.15496340,0.53950271,3.14158147,0.00000294,1.57079633
28.138415,0.07319183,0.02644648,1.59682465,-0.00044750,1.57079256,0.07318816,-0.04270753,-0.01424957,-0.01297294,0.00048372,0.00000000,-0.04318930,0.48750008,-0.15576826,0.53948342,-3.14156363,0.00000591,1.57079992
28.180224,0.07132114,0.02581558,1.59624147,-0.00042549,1.57079256,0.07128078,-0.04261817,-0.01398373,-0.01368169,0.00043943,0.00000000,-0.04283418,0.48750715,-0.15665856,0.53947065,-3.14153779,0.00000768,1.57083667
28.221790,0.06963751,0.02528005,1.59568381,-0.00041082,1.57079256,0.06961551,-0.04056037,-0.01278553,-0.01362291,0.00039669,0.00000000,-0.04029542,0.48750285,-0.15746098,0.53948973,-3.14157481,0.00000503,1.57081830
28.263423,0.06794655,0.02475185,1.59510803,-0.00039248,1.57079256,0.06792821,-0.04282922,-0.01374789,-0.01467118,0.00048472,0.00000000,-0.04335841,0.48749556,-0.15826743,0.53952143,3.14154498,0.00000053,1.57081470
28.305037,0.06607219,0.02413562,1.59446251,-0.00037047,1.57079256,0.06600616,-0.04253767,-0.01432631,-0.01401762,0.00057315,0.00000000,-0.04302219,0.48749840,-0.15916102,0.53954552,3.14149332,-0.00000276,1.57086237
28.346633,0.06440690,0.02355974,1.59394157,-0.00034479,1.57079256,0.06434822,-0.04030716,-0.01384726,-0.01221663,0.00052921,0.00000000,-0.03977779,0.48750544,-0.15995503,0.53952835,3.14152288,-0.00000072,1.57085505
28.388213,0.06271961,0.02298386,1.59344637,-0.00032645,1.57079256,0.06269760,-0.04304423,-0.01450983,-0.01327532,0.00048503,-0.00000000,-0.04242688,0.48750423,-0.16076045,0.53949760,3.14158493,0.00000330,1.57081830
28.429802,0.06082691,0.02235296,1.59283745,-0.00030445,1.57079256,0.06081957,-0.04274805,-0.01438173,-0.01420584,0.00044110,0.00000000,-0.04283661,0.48750128,-0.16166446,0.53949634,3.14158493,0.00000331,1.57080365
28.471354,0.05916529,0.02178809,1.59226525,-0.00028977,1.57079256,0.05913595,-0.04019037,-0.01373538,-0.01342570,0.00039763,0.00000000,-0.04023384,0.48750486,-0.16245811,0.53950762,3.14156336,0.00000203,1.57082549
28.512855,0.05748900,0.02121221,1.59172237,-0.00027143,1.57079256,0.05747800,-0.04302095,-0.01495757,-0.01350238,0.00044131,-0.00000000,-0.04249157,0.48750624,-0.16325929,0.53949963,3.14157774,0.00000292,1.57080738
28.554470,0.05558896,0.02054463,1.59114289,-0.00025309,1.57079256,0.05560364,-0.04283249,-0.01476232,-0.01343909,0.00035250,0.00000000,-0.04270023,0.48750851,-0.16406782,0.53947196,-3.14155271,0.00000601,1.57078181
28.596095,0.05392368,0.01998342,1.59060371,-0.00024209,1.57079256,0.05392368,-0.03985950,-0.01340406,-0.01362586,0.00030864,0.00000000,-0.04043310,0.48750156,-0.16496503,0.53946153,-3.14152687,0.00000733,1.57079619
28.637659,0.05227307,0.01942955,1.59000945,-0.00022742,1.57079256,0.05224006,-0.04015720,-0.01345932,-0.01482799,0.00039714,0.00000000,-0.04020134,0.48749974,-0.16575530,0.53948819,-3.14158200,0.00000434,1.57082922
28.679216,0.05058578,0.01886467,1.58937120,-0.00020908,1.57079256,0.05058210,-0.04291014,-0.01475746,-0.01555407,0.00039668,0.00000000,-0.04224905,0.48749958,-0.16656343,0.53953130,3.14151196,-0.00000031,1.57079992
28.720904,0.04870041,0.01820076,1.58871460,-0.00019441,1.57079256,0.04872242,-0.04245833,-0.01515164,-0.01422373,0.00030829,0.00000000,-0.04237156,0.48750369,-0.16746670,0.53953537,3.14150450,-0.00000052,1.57077436
28.762483,0.04704980,0.01760287,1.58818650,-0.00018340,1.57079256,0.04705346,-0.04228374,-0.01506423,-0.01382860,0.00030830,0.00000000,-0.04254854,0.48750716,-0.16825794,0.53950777,3.14156336,0.00000239,1.57079260
28.804169,0.04517910,0.01694629,1.58756292,-0.00016873,1.57079256,0.04517910,-0.04283151,-0.01489363,-0.01445485,0.00039678,-0.00000000,-0.04260995,0.48750439,-0.16905692,0.53950008,3.14157774,0.00000310,1.57079633
28.845710,0.04348447,0.01636307,1.58698332,-0.00015039,1.57079256,0.04350648,-0.04038826,-0.01434535,-0.01355216,0.00035311,0.00000000,-0.04038803,0.48749825,-0.16996914,0.53950391,3.14156655,0.00000265,1.57077436
28.887269,0.04182285,0.01575418,1.58643675,-0.00013939,1.57079256,0.04182285,-0.03981790,-0.01463944,-0.01309680,0.00026459,-0.00000000,-0.04047911,0.48750183,-0.17076694,0.53947951,-3.14156735,0.00000484,1.57079619
28.928895,0.04017224,0.01514529,1.58589387,-0.00012838,1.57079256,0.04013923,-0.04248929,-0.01511772,-0.01467740,0.00030859,0.00000000,-0.04266515,0.48750560,-0.17155988,0.53945314,-3.14151196,0.00000700,1.57082922
28.970493,0.03828688,0.01449605,1.58521533,-0.00011371,1.57079256,0.03827221,-0.04268533,-0.01494877,-0.01547768,0.00030871,0.00000000,-0.04250907,0.48749720,-0.17246660,0.53947377,-3.14155617,0.00000517,1.57081097
29.012075,0.03662159,0.01390183,1.58460641,-0.00010270,1.57079256,0.03660325,-0.04177771,-0.01511219,-0.01575998,0.00026172,0.00000000,-0.04229125,0.48749698,-0.17326764,0.53948628,-3.14158200,0.00000417,1.57081470
29.054612,0.03476924,0.01322324,1.58388746,-0.00009170,1.57079256,0.03471055,-0.04168825,-0.01539656,-0.01555178,0.00021725,0.00000000,-0.04206704,0.48750444,-0.17406002,0.53950938,3.14155590,0.00000249,1.57085132
29.096098,0.03311496,0.01260701,1.58329690,-0.00008436,1.57079256,0.03306361,-0.04001213,-0.01457464,-0.01444026,0.00022073,-0.00000000,-0.03952704,0.48751094,-0.17495536,0.53950383,3.14157082,0.00000304,1.57084759
29.137667,0.03144601,0.01201279,1.58268809,-0.00007336,1.57079256,0.03142766,-0.04025874,-0.01443893,-0.01474831,0.00022111,0.00000000,-0.03981855,0.48750597,-0.17575969,0.53951575,3.14154498,0.00000227,1.57081470
29.178920,0.02978072,0.01141124,1.58207548,-0.00006602,1.57079256,0.02976605,-0.04256106,-0.01586930,-0.01520880,0.00022151,0.00000000,-0.04273696,0.48750311,-0.17656263,0.53952538,3.14152661,0.00000180,1.57081097
29.220381,0.02792470,0.01069964,1.58142996,-0.00005502,1.57079256,0.02789169,-0.04234335,-0.01591252,-0.01427661,0.00022105,0.00000000,-0.04238828,0.48751028,-0.17745777,0.53949824,3.14158147,0.00000346,1.57082922
29.261916,0.02626675,0.01009075,1.58089077,-0.00004768,1.57079256,0.02624841,-0.04006914,-0.01470671,-0.01342792,0.00017611,0.00000000,-0.03949786,0.48750110,-0.17825828,0.53946815,-3.14154152,0.00000512,1.57081470
29.303683,0.02458679,0.00947452,1.58031118,-0.00004035,1.57079256,0.02460147,-0.04243620,-0.01559991,-0.01578338,0.00017619,0.00000000,-0.04217527,0.48749360,-0.17906982,0.53945405,-3.14151196,0.00000575,1.57078181
29.345182,0.02273444,0.00879226,1.57957757,-0.00003301,1.57079256,0.02273811,-0.04192865,-0.01588729,-0.01685893,0.00017648,0.00000000,-0.04241339,0.48749452,-0.17996494,0.53948294,-3.14157082,0.00000427,1.57079260
29.386808,0.02110216,0.00815403,1.57890999,-0.00002568,1.57079256,0.02107649,-0.03968127,-0.01534312,-0.01525357,0.00022051,0.00000000,-0.03959196,0.48751019,-0.18075388,0.53950070,3.14157774,0.00000346,1.57082203
29.428377,0.01943321,0.00751579,1.57830846,-0.00001467,1.57079256,0.01944422,-0.04241498,-0.01606040,-0.01548678,0.00017657,0.00000000,-0.04201663,0.48751146,-0.18156135,0.53948650,-3.14158200,0.00000398,1.57078541
29.470152,0.01756619,0.00681520,1.57761884,-0.00001100,1.57079256,0.01757352,-0.04209757,-0.01566359,-0.01629362,0.00013295,0.00000000,-0.04245403,0.48750710,-0.18246534,0.53948399,-3.14157454,0.00000409,1.57078887
29.511441,0.01593391,0.00621364,1.57695484,-0.00000367,1.57079256,0.01591557,-0.03953006,-0.01496837,-0.01572771,0.00013296,0.00000000,-0.03971160,0.48750455,-0.18325613,0.53951718,3.14154125,0.00000295,1.57081470
29.553200,0.01428330,0.00557173,1.57631302,0.00000000,1.57079256,0.01427597,-0.04256665,-0.01645920,-0.01565232,0.00008847,0.00000000,-0.04225655,0.48750985,-0.18405615,0.53951938,3.14153779,0.00000298,1.57080365
29.594415,0.01240527,0.00484913,1.57565641,0.00000367,1.57079256,0.01241261,-0.04265447,-0.01648379,-0.01510655,0.00008889,0.00000000,-0.04260894,0.48750575,-0.18486569,0.53949102,-3.14158893,0.00000382,1.57078887
29.635774,0.01076199,0.00421090,1.57506585,0.00000734,1.57079256,0.01075833,-0.03966563,-0.01520167,-0.01480042,0.00008857,0.00000000,-0.04010874,0.48750086,-0.18576477,0.53946803,-3.14154152,0.00000432,1.57079992
29.677179,0.00912239,0.00359100,1.57443142,0.00001100,1.57079256,0.00909304,-0.03962531,-0.01531858,-0.01589340,0.00008848,0.00000000,-0.03984717,0.48749504,-0.18656110,0.53947670,-3.14155963,0.00000407,1.57082575
29.718622,0.00747911,0.00294176,1.57374907,0.00001467,1.57079256,0.00745710,-0.04216158,-0.01662668,-0.01693914,0.00004441,0.00000000,-0.04202888,0.48750324,-0.18735957,0.53949429,3.14158893,0.00000374,1.57081830
29.760320,0.00561575,0.00220815,1.57302284,0.00001467,1.57079256,0.00559741,-0.04229971,-0.01667195,-0.01635887,0.00004523,0.00000000,-0.04275334,0.48750464,-0.18826567,0.53949160,-3.14158893,0.00000379,1.57081470
29.801264,0.00397981,0.00156258,1.57239556,0.00001834,1.57079256,0.00392112,-0.03965326,-0.01722511,-0.01563363,0.00004506,0.00000000,-0.04023686,0.48750435,-0.18906172,0.53948370,-3.14157454,0.00000384,1.57085505
29.842654,0.00235121,0.00078863,1.57173538,0.00001834,1.57079256,0.00228518,-0.04213756,-0.01683753,-0.01728014,0.00004433,0.00000000,-0.04173884,0.48755552,-0.18985457,0.53942867,-3.14146056,0.00000407,1.57086237
29.884047,0.00049152,0.00016873,1.57096505,0.00002201,1.57079256,0.00046584,-0.04231488,-0.01509107,-0.01704172,0.00004438,0.00000000,-0.04151780,0.48751555,-0.19066067,0.53950257,3.14157082,0.00000376,1.57082575
29.925536,-0.00115543,-0.00046217,1.57032323,0.00002201,1.57079256,-0.00115543,-0.03936513,-0.01537452,-0.01524163,0.00000000,0.00000000,-0.03936432,0.48750424,-0.19156379,0.53950786,3.14155990,0.00000381,1.57079633
29.967071,-0.00277670,-0.00110774,1.56969965,0.00002201,1.57079256,-0.00280237,-0.03926321,-0.01594392,-0.01563565,0.00004421,0.00000000,-0.03948386,0.48750062,-0.19235477,0.53949690,3.14158200,0.00000380,1.57082203
30.008588,-0.00441631,-0.00178633,1.56902468,0.00002568,1.57079256,-0.00443465,-0.04222834,-0.01663701,-0.01729942,0.00000017,0.00000000,-0.04165547,0.48751030,-0.19315526,0.53949509,3.14158200,0.00000382,1.57081470
30.050187,-0.00628700,-0.00249059,1.56826162,0.00002201,1.57079256,-0.00626499,-0.04213608,-0.01678793,-0.01664870,-0.00004402,0.00000000,-0.04191833,0.48749186,-0.19406907,0.53952260,3.14152661,0.00000419,1.57077436
30.091612,-0.00791560,-0.00318018,1.56764185,0.00002201,1.57079256,-0.00791560,-0.03908294,-0.01640287,-0.01555908,0.00000000,0.00000000,-0.03965750,0.48749891,-0.19486530,0.53948763,-3.14158893,0.00000374,1.57079619
30.133154,-0.00952954,-0.00385143,1.56697059,0.00002201,1.57079256,-0.00955521,-0.04165850,-0.01694605,-0.01756293,-0.00000000,0.00000000,-0.04174720,0.48750596,-0.19565491,0.53948650,-3.14158893,0.00000374,1.57082203
30.174727,-0.01137822,-0.00458870,1.56618202,0.00002201,1.57079256,-0.01138556,-0.04195468,-0.01729371,-0.01698441,0.00000000,0.00000000,-0.04146950,0.48750081,-0.19645750,0.53951558,3.14153406,0.00000443,1.57080738
30.216298,-0.01301783,-0.00528930,1.56555843,0.00002201,1.57079256,-0.01300316,-0.03930514,-0.01641031,-0.01561684,-0.00004413,0.00000000,-0.03912852,0.48750795,-0.19736323,0.53947081,-3.14156336,0.00000339,1.57078181
30.257877,-0.01464644,-0.00595321,1.56488347,0.00001834,1.57079256,-0.01463910,-0.04146430,-0.01676213,-0.01804174,-0.00004413,0.00000000,-0.04164072,0.48750528,-0.19816160,0.53947398,-3.14157082,0.00000345,1.57078887
30.299453,-0.01646578,-0.00668315,1.56405818,0.00001834,1.57079256,-0.01646578,-0.04167498,-0.01682029,-0.01871899,0.00000000,-0.00000000,-0.04158617,0.48750652,-0.19895338,0.53951135,3.14153406,0.00000473,1.57079992
30.340956,-0.01810906,-0.00735073,1.56332815,0.00001834,1.57079256,-0.01809438,-0.03955228,-0.01646452,-0.01677538,-0.00004407,0.00000000,-0.03946339,0.48750321,-0.19986090,0.53954645,3.14145683,0.00000623,1.57078181
30.382547,-0.01975233,-0.00805132,1.56266439,0.00001467,1.57079256,-0.01974499,-0.03915975,-0.01677664,-0.01576130,-0.00008835,0.00000000,-0.03973471,0.48750614,-0.20066829,0.53952547,3.14149758,0.00000565,1.57078887
30.424038,-0.02136260,-0.00874458,1.56201863,0.00001100,1.57079256,-0.02139561,-0.04136707,-0.01745731,-0.01736941,-0.00008832,0.00000000,-0.04189760,0.48750976,-0.20146004,0.53949908,3.14154871,0.00000471,1.57082922
30.465541,-0.02318561,-0.00950019,1.56122279,0.00000734,1.57079256,-0.02322229,-0.04196455,-0.01756813,-0.01796154,-0.00008869,0.00000000,-0.04165058,0.48750805,-0.20235694,0.53951496,3.14151196,0.00000564,1.57083295
30.506693,-0.02483255,-0.01019712,1.56053317,0.00000367,1.57079256,-0.02483989,-0.03956768,-0.01713457,-0.01620171,-0.00013347,0.00000000,-0.03943266,0.48750739,-0.20316784,0.53950767,3.14152315,0.00000550,1.57080365
30.547956,-0.02644648,-0.01091238,1.55988765,-0.00000367,1.57079256,-0.02647216,-0.04136779,-0.01778204,-0.01720114,-0.00017737,0.00000000,-0.04198788,0.48751407,-0.20396324,0.53946918,-3.14158493,0.00000357,1.57082203
30.589401,-0.02825482,-0.01166800,1.55910993,-0.00001100,1.57079256,-0.02831351,-0.04156959,-0.01710557,-0.01901573,-0.00022177,0.00000000,-0.04174482,0.48751208,-0.20475357,0.53946824,-3.14158493,0.00000356,1.57085505
30.630710,-0.02988709,-0.01232824,1.55831409,-0.00002201,1.57079256,-0.02992744,-0.03943711,-0.01658582,-0.01871671,-0.00026679,0.00000000,-0.03890326,0.48750311,-0.20566012,0.53953601,3.14146083,0.00000772,1.57083667
30.671900,-0.03150836,-0.01303617,1.55756569,-0.00003301,1.57079256,-0.03152303,-0.03925697,-0.01724967,-0.01712069,-0.00031100,-0.00000000,-0.03903346,0.48751169,-0.20646102,0.53955014,3.14143127,0.00000886,1.57081097
30.713215,-0.03312596,-0.01375144,1.55690181,-0.00004768,1.57079256,-0.03314797,-0.04076322,-0.01771054,-0.01733033,-0.00039164,0.00000000,-0.04089577,0.48751336,-0.20726049,0.53951876,3.14149758,0.00000693,1.57081830
30.755923,-0.03493797,-0.01452539,1.55610597,-0.00006602,1.57079256,-0.03496365,-0.04086457,-0.01751538,-0.01758910,-0.00039147,0.00000000,-0.04063679,0.48750860,-0.20815652,0.53952203,3.14149385,0.00000723,1.57082203
30.797311,-0.03656657,-0.01522599,1.55541992,-0.00008070,1.57079256,-0.03657024,-0.03931057,-0.01719575,-0.01635492,-0.00039897,0.00000000,-0.03882293,0.48750195,-0.20896238,0.53950821,3.14152315,0.00000632,1.57079992
30.838688,-0.03819151,-0.01594859,1.55475235,-0.00009904,1.57079256,-0.03817683,-0.04121427,-0.01826883,-0.01781886,-0.00048514,-0.00000000,-0.04125448,0.48750073,-0.20976722,0.53947382,-3.14158893,0.00000363,1.57078181
30.880404,-0.03999251,-0.01674455,1.55393815,-0.00012104,1.57079256,-0.03999985,-0.04084805,-0.01804185,-0.01897248,-0.00048515,0.00000000,-0.04133331,0.48750346,-0.21066012,0.53947388,-3.14158493,0.00000347,1.57080365
30.921804,-0.04158810,-0.01744881,1.55317509,-0.00013939,1.57079256,-0.04161378,-0.03856649,-0.01689448,-0.01838557,-0.00043896,-0.00000000,-0.03840262,0.48750860,-0.21145194,0.53949461,3.14155990,0.00000514,1.57082203
30.964004,-0.04321671,-0.01815674,1.55240119,-0.00015773,1.57079256,-0.04320937,-0.04127705,-0.01818352,-0.01913651,-0.00043867,0.00000000,-0.04093411,0.48750793,-0.21226051,0.53951857,3.14151196,0.00000725,1.57078887
31.005435,-0.04503605,-0.01896737,1.55157590,-0.00017607,1.57079256,-0.04503238,-0.04138301,-0.01835161,-0.01911667,-0.00049102,0.00000000,-0.04174364,0.48750921,-0.21316460,0.53951634,3.14151622,0.00000723,1.57079260
31.046275,-0.04662430,-0.01966797,1.55082750,-0.00019807,1.57079256,-0.04664631,-0.03898978,-0.01734745,-0.01749054,-0.00049216,0.00000000,-0.03908388,0.48750856,-0.21395441,0.53953056,3.14149039,0.00000856,1.57081830
31.087468,-0.04823457,-0.02039057,1.55014169,-0.00021641,1.57079256,-0.04823824,-0.03927966,-0.01774899,-0.01654803,-0.00048928,-0.00000000,-0.03883481,0.48750408,-0.21475560,0.53950352,3.14154525,0.00000606,1.57079992
31.128731,-0.04986317,-0.02113151,1.54946303,-0.00023842,1.57079256,-0.04984850,-0.04143484,-0.01867730,-0.01818628,-0.00057673,0.00000000,-0.04152166,0.48750011,-0.21556655,0.53946319,-3.14155590,0.00000194,1.57078181
31.170137,-0.05166051,-0.02193481,1.54863775,-0.00026410,1.57079256,-0.05167151,-0.04093629,-0.01829720,-0.01997973,-0.00062024,0.00000000,-0.04151217,0.48749647,-0.21646229,0.53946259,-3.14155217,0.00000168,1.57080738
31.211522,-0.05325243,-0.02264640,1.54780889,-0.00028977,1.57079256,-0.05328544,-0.03866317,-0.01760268,-0.01901986,-0.00062071,0.00000000,-0.03870716,0.48750172,-0.21725675,0.53950913,3.14154179,0.00000650,1.57082922
31.252865,-0.05485902,-0.02339101,1.54706419,-0.00031545,1.57079256,-0.05487370,-0.04141468,-0.01924113,-0.01933054,-0.00071114,0.00000000,-0.04123780,0.48750618,-0.21805913,0.53949793,3.14156735,0.00000517,1.57081097
31.294083,-0.05667103,-0.02423466,1.54621327,-0.00034846,1.57079256,-0.05668937,-0.04122212,-0.01874723,-0.02020740,-0.00071091,-0.00000000,-0.04162045,0.48751046,-0.21886583,0.53948411,-3.14158493,0.00000335,1.57081097
31.335462,-0.05826296,-0.02493892,1.54539526,-0.00037414,1.57079256,-0.05831064,-0.03844621,-0.01731512,-0.01864339,-0.00062163,0.00000000,-0.03897842,0.48750904,-0.21976093,0.53953208,3.14150504,0.00000889,1.57084400
31.376705,-0.05984754,-0.02566519,1.54467261,-0.00039982,1.57079256,-0.05990990,-0.03867029,-0.01793605,-0.01718357,-0.00057727,0.00000000,-0.03858297,0.48750505,-0.22055382,0.53951847,3.14153433,0.00000728,1.57085864
31.418078,-0.06145781,-0.02642081,1.54397571,-0.00042182,1.57079256,-0.06149816,-0.04119098,-0.01908990,-0.01868864,-0.00066422,0.00000000,-0.04048251,0.48750282,-0.22136030,0.53947782,-3.14157082,0.00000241,1.57083667
31.459514,-0.06325881,-0.02724611,1.54312479,-0.00045484,1.57079256,-0.06326248,-0.04107504,-0.01877905,-0.02025899,-0.00075662,0.00000000,-0.04090567,0.48749440,-0.22216336,0.53947576,-3.14156336,0.00000191,1.57079992
31.500444,-0.06484340,-0.02796871,1.54230678,-0.00048418,1.57079256,-0.06486908,-0.03848178,-0.01783529,-0.01909760,-0.00062410,0.00000000,-0.03875248,0.48749779,-0.22305804,0.53950929,3.14155617,0.00000614,1.57082203
31.541972,-0.06643166,-0.02871699,1.54155111,-0.00050619,1.57079256,-0.06645733,-0.03862554,-0.01831599,-0.01849333,-0.00062151,0.00000000,-0.03822323,0.48749963,-0.22385576,0.53950013,3.14157082,0.00000523,1.57082203
31.583164,-0.06803825,-0.02948361,1.54077721,-0.00053553,1.57079256,-0.06803092,-0.04113440,-0.01934855,-0.02045281,-0.00071024,0.00000000,-0.04068835,0.48750405,-0.22466354,0.53948952,-3.14159239,0.00000376,1.57078887
31.624608,-0.06983192,-0.03031625,1.53986013,-0.00056488,1.57079256,-0.06982091,-0.04076237,-0.01911815,-0.02031099,-0.00075457,0.00000000,-0.04107500,0.48750405,-0.22546800,0.53951346,3.14154179,0.00000734,1.57078181
31.665834,-0.07140917,-0.03106453,1.53909731,-0.00059789,1.57079256,-0.07142751,-0.03804153,-0.01817882,-0.01826903,-0.00079616,-0.00000000,-0.03839954,0.48750428,-0.22635998,0.53950748,3.14155643,0.00000637,1.57081470
31.707536,-0.07298642,-0.03182381,1.53834534,-0.00063090,1.57079256,-0.07300476,-0.03829876,-0.01793030,-0.01864639,-0.00075057,0.00000000,-0.03798697,0.48750579,-0.22715487,0.53948858,-3.14158866,0.00000349,1.57081470
31.748879,-0.07458935,-0.03255375,1.53754926,-0.00066025,1.57079256,-0.07458202,-0.04107394,-0.01909617,-0.02029281,-0.00079753,0.00000000,-0.04063043,0.48749404,-0.22796239,0.53950610,3.14155990,0.00000623,1.57078887
31.790310,-0.07638668,-0.03340473,1.53666544,-0.00069693,1.57079256,-0.07636834,-0.04059201,-0.01976926,-0.02020981,-0.00084587,0.00000000,-0.04082098,0.48749019,-0.22886934,0.53950433,3.14156389,0.00000599,1.57077808
31.831219,-0.07793459,-0.03418235,1.53588402,-0.00072994,1.57079256,-0.07794560,-0.03819362,-0.01876480,-0.01956509,-0.00084848,0.00000000,-0.03833181,0.48750423,-0.22965246,0.53948969,-3.14159239,0.00000376,1.57080738
31.872417,-0.07952285,-0.03494531,1.53505874,-0.00076662,1.57079256,-0.07951552,-0.03866102,-0.01844216,-0.01919960,-0.00084446,0.00000000,-0.03821652,0.48750634,-0.23045574,0.53950311,3.14156735,0.00000580,1.57078887
31.913761,-0.08112578,-0.03570458,1.53429949,-0.00079963,1.57079256,-0.08110010,-0.04088631,-0.01984390,-0.02006400,-0.00088583,-0.00000000,-0.04097348,0.48749593,-0.23126612,0.53948634,-3.14158493,0.00000316,1.57077063
31.955211,-0.08290844,-0.03658858,1.53339720,-0.00083998,1.57079256,-0.08290844,-0.04032825,-0.01965767,-0.02141981,-0.00097156,-0.00000000,-0.04090245,0.48750319,-0.23216972,0.53947519,-3.14156283,0.00000132,1.57079619
31.996824,-0.08447469,-0.03733686,1.53252041,-0.00088033,1.57079256,-0.08449669,-0.03794361,-0.01797729,-0.02062785,-0.00092741,0.00000000,-0.03798555,0.48750565,-0.23296404,0.53951982,3.14153433,0.00000871,1.57081830
32.038254,-0.08605928,-0.03808147,1.53168404,-0.00091701,1.57079256,-0.08606294,-0.04056571,-0.01959649,-0.02039487,-0.00097310,-0.00000000,-0.04034435,0.48749737,-0.23376743,0.53954677,3.14147947,0.00001354,1.57079992
32.079735,-0.08783827,-0.03896179,1.53082943,-0.00096102,1.57079256,-0.08784194,-0.04026406,-0.02017676,-0.02022108,-0.00101765,0.00000000,-0.04057439,0.48749215,-0.23456430,0.53952063,3.14153433,0.00000890,1.57080738
32.121145,-0.08939718,-0.03975409,1.53000784,-0.00100137,1.57079256,-0.08942652,-0.03757523,-0.01870077,-0.01953847,-0.00097258,0.00000000,-0.03806201,0.48750508,-0.23546422,0.53950737,3.14156016,0.00000671,1.57082549
32.162711,-0.09095609,-0.04051337,1.52920830,-0.00104172,1.57079256,-0.09100011,-0.03951721,-0.01951220,-0.01962587,-0.00099847,0.00000000,-0.03940151,0.48750006,-0.23625698,0.53950763,3.14156016,0.00000675,1.57084027
32.205571,-0.09273875,-0.04140470,1.52834988,-0.00108574,1.57079256,-0.09275709,-0.03978075,-0.02007012,-0.02050092,-0.00104435,0.00000000,-0.03930622,0.48749585,-0.23716450,0.53946889,-3.14154845,-0.00000032,1.57081470
32.247048,-0.09431601,-0.04220800,1.52748060,-0.00112975,1.57079256,-0.09431967,-0.03778663,-0.01880418,-0.02137077,-0.00101757,0.00000000,-0.03778698,0.48750694,-0.23796961,0.53947977,-3.14157028,0.00000168,1.57079992
32.288470,-0.09587125,-0.04296361,1.52657831,-0.00117010,1.57079256,-0.09588958,-0.03991190,-0.01946912,-0.02177210,-0.00110612,0.00000000,-0.04013331,0.48750784,-0.23876325,0.53953110,3.14150903,0.00001183,1.57081470
32.329939,-0.09762457,-0.04382193,1.52567589,-0.00122145,1.57079256,-0.09764657,-0.04051849,-0.02024236,-0.02094914,-0.00115602,-0.00000000,-0.04011202,0.48749734,-0.23965768,0.53952868,3.14151649,0.00001126,1.57081830
32.370896,-0.09921282,-0.04463257,1.52485073,-0.00126547,1.57079256,-0.09919815,-0.03842369,-0.01943610,-0.01961437,-0.00111673,0.00000000,-0.03788613,0.48749986,-0.24046984,0.53951340,3.14154552,0.00000846,1.57078181
32.412040,-0.10077906,-0.04541752,1.52406573,-0.00131315,1.57079256,-0.10075706,-0.03775530,-0.01903266,-0.01921196,-0.00120049,0.00000000,-0.03797572,0.48749221,-0.24127046,0.53949085,-3.14159239,0.00000374,1.57077436
32.453382,-0.10232698,-0.04620248,1.52326596,-0.00136451,1.57079256,-0.10233065,-0.03974776,-0.02060420,-0.02131354,-0.00124094,0.00000000,-0.04010266,0.48748881,-0.24206283,0.53947478,-3.14155590,0.00000001,1.57079992
32.494808,-0.10406929,-0.04712316,1.52230132,-0.00141586,1.57079256,-0.10407662,-0.04001887,-0.02056379,-0.02255024,-0.00119381,0.00000000,-0.03979861,0.48750459,-0.24295760,0.53946957,-3.14154845,-0.00000082,1.57080365
32.536343,-0.10564654,-0.04790811,1.52139533,-0.00146354,1.57079256,-0.10563187,-0.03788089,-0.01902973,-0.02141791,-0.00110615,0.00000000,-0.03766112,0.48750252,-0.24376669,0.53950508,3.14156389,0.00000684,1.57078181
32.577694,-0.10720912,-0.04870041,1.52052593,-0.00150756,1.57079256,-0.10719812,-0.03744706,-0.01920953,-0.02102509,-0.00123868,0.00004579,-0.03775592,0.48750206,-0.24456916,0.53951913,3.14153113,0.00001043,1.57078541
32.619214,-0.10874970,-0.04950004,1.51965296,-0.00156625,1.57079637,-0.10876070,-0.03959199,-0.02045863,-0.02116399,-0.00141398,0.00004587,-0.03968001,0.48750730,-0.24536128,0.53952915,3.14151622,0.00000832,1.57080738
32.660708,-0.11049568,-0.05039870,1.51876903,-0.00162494,1.57079637,-0.11049201,-0.04001475,-0.02047160,-0.02020526,-0.00132643,0.00000000,-0.03939553,0.48749882,-0.24625876,0.53949353,3.14158893,0.00000036,1.57079260
32.702169,-0.11206926,-0.05119834,1.51797676,-0.00167629,1.57079637,-0.11202891,-0.03771084,-0.01960846,-0.02045127,-0.00128362,0.00000000,-0.03762337,0.48748559,-0.24706776,0.53946442,-3.14153779,-0.00000620,1.57075598
32.743579,-0.11362084,-0.05202364,1.51707435,-0.00173131,1.57079637,-0.11360984,-0.03953811,-0.02091910,-0.02304162,-0.00141524,0.00000000,-0.04037827,0.48749695,-0.24786894,0.53947511,-3.14155990,-0.00000378,1.57078541
32.785096,-0.11534848,-0.05293331,1.51606572,-0.00179367,1.57079637,-0.11537783,-0.03954553,-0.02045751,-0.02266551,-0.00145806,0.00000000,-0.03963350,0.48750484,-0.24876141,0.53949312,3.14158893,0.00000037,1.57082575
32.826592,-0.11690372,-0.05372194,1.51519275,-0.00185235,1.57079637,-0.11690006,-0.03763999,-0.01957469,-0.02165566,-0.00132811,0.00000000,-0.03724288,0.48749537,-0.24956369,0.53950716,3.14156363,0.00000337,1.57079260
32.867930,-0.11846630,-0.05455458,1.51427209,-0.00190371,1.57079637,-0.11846263,-0.03963725,-0.02120991,-0.02228024,-0.00141330,-0.00000000,-0.04011984,0.48750480,-0.25037274,0.53952241,3.14152741,0.00000775,1.57079260
32.909572,-0.12019394,-0.05548259,1.51334393,-0.00196973,1.57079637,-0.12023062,-0.03918246,-0.02073697,-0.02104846,-0.00158889,0.00000000,-0.03984306,0.48750747,-0.25116848,0.53949185,3.14158893,0.00000038,1.57082575
32.951039,-0.12172352,-0.05627855,1.51252234,-0.00203576,1.57079637,-0.12177486,-0.03715365,-0.01950564,-0.02087650,-0.00154805,-0.00000000,-0.03710924,0.48749589,-0.25205830,0.53947363,-3.14155271,-0.00000494,1.57084759
32.992502,-0.12327509,-0.05710019,1.51161265,-0.00209811,1.57079637,-0.12330809,-0.03740122,-0.01993852,-0.02179492,-0.00141472,0.00000000,-0.03687087,0.48749755,-0.25286312,0.53948688,-3.14157827,-0.00000184,1.57082922
33.034008,-0.12482666,-0.05793284,1.51071405,-0.00215313,1.57079637,-0.12483399,-0.03975269,-0.02114282,-0.02287850,-0.00160502,0.00000000,-0.03940066,0.48750160,-0.25366902,0.53948959,-3.14158893,-0.00000050,1.57080365
33.074965,-0.12655063,-0.05884251,1.50972736,-0.00223016,1.57079637,-0.12655431,-0.03960446,-0.02102917,-0.02339247,-0.00169727,0.00000000,-0.03973684,0.48749591,-0.25456408,0.53949261,-3.14158893,-0.00000051,1.57079992
33.116193,-0.12808020,-0.05966048,1.50879192,-0.00229252,1.57079637,-0.12809853,-0.03719161,-0.02010368,-0.02188486,-0.00146488,0.00000000,-0.03706065,0.48750025,-0.25536022,0.53951930,3.14154179,0.00000652,1.57081470
33.157612,-0.12962444,-0.06050412,1.50791895,-0.00235121,1.57079637,-0.12961711,-0.03734258,-0.02017581,-0.02106006,-0.00154835,0.00000000,-0.03676751,0.48750312,-0.25616459,0.53950238,3.14157082,0.00000281,1.57078887
33.199096,-0.13117602,-0.06133309,1.50704598,-0.00242090,1.57079637,-0.13114668,-0.03942212,-0.02123784,-0.02300802,-0.00176978,0.00000000,-0.03942287,0.48749616,-0.25697228,0.53949142,-3.14158893,-0.00000052,1.57076703
33.240521,-0.13289265,-0.06226478,1.50601161,-0.00249793,1.57079637,-0.13288532,-0.03893858,-0.02119510,-0.02292181,-0.00176989,0.00000000,-0.03951378,0.48749927,-0.25786823,0.53950481,3.14157082,0.00000287,1.57078887
33.281999,-0.13440388,-0.06309009,1.50514591,-0.00256762,1.57079637,-0.13442223,-0.03677565,-0.01993490,-0.02161367,-0.00163541,0.00000000,-0.03686434,0.48749778,-0.25865723,0.53949150,-3.14158520,-0.00000102,1.57081470
33.323505,-0.13594446,-0.06391906,1.50421798,-0.00263364,1.57079637,-0.13594446,-0.03948177,-0.02131031,-0.02303400,-0.00172428,0.00000000,-0.03899516,0.48749544,-0.25946222,0.53950673,3.14156735,0.00000343,1.57079633
33.364968,-0.13767944,-0.06485807,1.50323486,-0.00271067,1.57079637,-0.13765742,-0.03902543,-0.02160356,-0.02266193,-0.00185117,0.00000000,-0.03906529,0.48748666,-0.26036888,0.53949018,-3.14158520,-0.00000104,1.57077436
33.406730,-0.13919066,-0.06571639,1.50233257,-0.00278770,1.57079637,-0.13919432,-0.03629457,-0.02039244,-0.02268963,-0.00176134,0.00000000,-0.03664569,0.48749634,-0.26116184,0.53947568,-3.14155271,-0.00000564,1.57079992
33.448245,-0.14070189,-0.06655637,1.50134587,-0.00285739,1.57079637,-0.14070924,-0.03915879,-0.02165661,-0.02452848,-0.00176785,0.00000000,-0.03871630,0.48750718,-0.26195578,0.53951237,3.14155617,0.00000510,1.57080365
33.489727,-0.14244054,-0.06751373,1.50029683,-0.00293442,1.57079637,-0.14240751,-0.03947312,-0.02170364,-0.02329569,-0.00190071,0.00000000,-0.03898665,0.48750693,-0.26276627,0.53951796,3.14154179,0.00000723,1.57076703
33.531229,-0.14397743,-0.06835737,1.49941278,-0.00301512,1.57079637,-0.14394443,-0.03658652,-0.02008055,-0.02184394,-0.00185382,0.00000000,-0.03707070,0.48749734,-0.26367457,0.53949997,3.14158200,0.00000154,1.57076330
33.572842,-0.14548133,-0.06918267,1.49848115,-0.00308848,1.57079637,-0.14548865,-0.03865205,-0.02138083,-0.02305441,-0.00194383,0.00000000,-0.03922463,0.48749454,-0.26446519,0.53951596,3.14154898,0.00000634,1.57080365
33.614287,-0.14718695,-0.07013270,1.49749815,-0.00317651,1.57079637,-0.14720164,-0.03900670,-0.02213836,-0.02320085,-0.00208107,0.00000000,-0.03878507,0.48748976,-0.26526015,0.53949664,3.14158893,0.00000050,1.57081470
33.655682,-0.14871286,-0.07101669,1.49655914,-0.00326088,1.57079637,-0.14870186,-0.03669547,-0.02078120,-0.02369287,-0.00190168,0.00000000,-0.03651651,0.48749710,-0.26616796,0.53947693,-3.14155271,-0.00000603,1.57078541
33.697255,-0.15023144,-0.07185667,1.49553204,-0.00333424,1.57079637,-0.15023144,-0.03641889,-0.02052743,-0.02352697,-0.00180998,0.00000000,-0.03681609,0.48750139,-0.26696987,0.53953076,3.14152022,0.00001094,1.57079633
33.738774,-0.15173899,-0.07272232,1.49460411,-0.00341127,1.57079637,-0.15176098,-0.03844412,-0.02222711,-0.02368448,-0.00212110,0.00000000,-0.03893018,0.48750645,-0.26776690,0.53952206,3.14153486,0.00000882,1.57081830
33.780266,-0.15342261,-0.07370169,1.49356604,-0.00351030,1.57079637,-0.15346296,-0.03865060,-0.02180108,-0.02304058,-0.00216675,-0.00000000,-0.03869454,0.48751407,-0.26865830,0.53950466,3.14157481,0.00000275,1.57083667
33.821714,-0.15494484,-0.07453066,1.49269295,-0.00359100,1.57079637,-0.15497051,-0.03682284,-0.02027027,-0.02173127,-0.00203592,0.00000000,-0.03633592,0.48749280,-0.26946074,0.53948722,-3.14157481,-0.00000286,1.57082203
33.863144,-0.15647441,-0.07538164,1.49176502,-0.00367903,1.57079637,-0.15647441,-0.03848292,-0.02216726,-0.02445520,-0.00220413,-0.00000000,-0.03839079,0.48748118,-0.27026936,0.53948380,-3.14156363,-0.00000462,1.57079633
33.904898,-0.15814702,-0.07637568,1.49065733,-0.00377440,1.57079637,-0.15816537,-0.03818589,-0.02219493,-0.02514742,-0.00211375,0.00000000,-0.03840485,0.48750008,-0.27106029,0.53948988,-3.14157827,-0.00000236,1.57081097
33.946401,-0.15965459,-0.07723033,1.48967063,-0.00385510,1.57079637,-0.15967293,-0.03647448,-0.02095641,-0.02387470,-0.00203381,0.00000000,-0.03620882,0.48749953,-0.27196002,0.53951524,3.14155297,0.00000636,1.57081470
33.987864,-0.16117315,-0.07811432,1.48867655,-0.00394313,1.57079637,-0.16116948,-0.03872852,-0.02254751,-0.02400899,-0.00225474,-0.00000000,-0.03828632,0.48750563,-0.27276824,0.53952564,3.14153140,0.00000996,1.57079260
34.029364,-0.16286778,-0.07910103,1.48767877,-0.00404217,1.57079637,-0.16284944,-0.03840628,-0.02205375,-0.02284943,-0.00229823,0.00000000,-0.03853889,0.48749795,-0.27357114,0.53949135,-3.14158520,-0.00000124,1.57077436
34.070858,-0.16436067,-0.07994467,1.48678017,-0.00413387,1.57079637,-0.16436800,-0.03587251,-0.02089552,-0.02305827,-0.00216471,0.00000000,-0.03627018,0.48748489,-0.27446196,0.53946606,-3.14153140,-0.00001025,1.57080365
34.112393,-0.16584623,-0.08083601,1.48576415,-0.00422190,1.57079637,-0.16586089,-0.03591608,-0.02112973,-0.02403516,-0.00206898,0.00000000,-0.03569851,0.48750079,-0.27525684,0.53948214,-3.14156735,-0.00000429,1.57081097
34.154192,-0.16735378,-0.08170532,1.48477745,-0.00430626,1.57079637,-0.16734277,-0.03855891,-0.02234282,-0.02556230,-0.00233691,0.00000000,-0.03825290,0.48749854,-0.27606127,0.53949557,3.14158520,0.00000117,1.57078541
34.195671,-0.16905575,-0.08269569,1.48363662,-0.00441631,1.57079637,-0.16904473,-0.03829137,-0.02268305,-0.02573404,-0.00238776,-0.00000000,-0.03868943,0.48749889,-0.27697095,0.53951696,3.14154552,0.00000798,1.57078541
34.237148,-0.17053029,-0.08358702,1.48264265,-0.00450434,1.57079637,-0.17055230,-0.03569057,-0.02131706,-0.02282010,-0.00229974,0.00000000,-0.03600013,0.48751145,-0.27776207,0.53952113,3.14153140,0.00001053,1.57081830
34.278609,-0.17201585,-0.08446369,1.48174393,-0.00460704,1.57079637,-0.17203052,-0.03839955,-0.02249211,-0.02408185,-0.00256300,0.00000000,-0.03786971,0.48750315,-0.27855633,0.53948449,-3.14157481,-0.00000318,1.57081097
34.320147,-0.17371781,-0.08545405,1.48064351,-0.00471708,1.57079637,-0.17369579,-0.03855087,-0.02274192,-0.02539090,-0.00247291,0.00000000,-0.03797682,0.48749469,-0.27946748,0.53948488,-3.14157481,-0.00000321,1.57077436
34.361671,-0.17521803,-0.08635271,1.47963488,-0.00481245,1.57079637,-0.17518501,-0.03567938,-0.02131990,-0.02378650,-0.00237809,0.00000000,-0.03607236,0.48749937,-0.28027366,0.53949027,-3.14158893,-0.00000069,1.57076330
34.403425,-0.17668891,-0.08722938,1.47866285,-0.00491516,1.57079637,-0.17669992,-0.03805357,-0.02278067,-0.02590048,-0.00252877,-0.00000000,-0.03866613,0.48749836,-0.28106393,0.53948822,-3.14158200,-0.00000199,1.57080738
34.444394,-0.17836154,-0.08823442,1.47749639,-0.00502153,1.57079637,-0.17837988,-0.03863099,-0.02311612,-0.02598158,-0.00250373,0.00000000,-0.03831923,0.48750582,-0.28196516,0.53951214,3.14154924,0.00000776,1.57081470
34.485475,-0.17985809,-0.08912574,1.47653162,-0.00512057,1.57079637,-0.17984341,-0.03631629,-0.02162867,-0.02373546,-0.00250832,0.00000000,-0.03623119,0.48749984,-0.28277016,0.53949841,3.14157481,0.00000325,1.57078181
34.526305,-0.18133630,-0.09000608,1.47555232,-0.00522694,1.57079637,-0.18134731,-0.03602636,-0.02154355,-0.02431151,-0.00254812,0.00000000,-0.03660795,0.48749433,-0.28356620,0.53949637,3.14158200,0.00000194,1.57080738
34.567542,-0.18281452,-0.09089374,1.47453618,-0.00532964,1.57079637,-0.18284753,-0.03562714,-0.02191497,-0.02422708,-0.00248455,0.00000000,-0.03607135,0.48749427,-0.28436410,0.53950844,3.14155643,0.00000664,1.57082922
34.608981,-0.18428172,-0.09181808,1.47354949,-0.00543235,1.57079637,-0.18432942,-0.03784796,-0.02321373,-0.02559918,-0.00274120,0.00000000,-0.03784857,0.48750665,-0.28515922,0.53948630,-3.14158893,-0.00000070,1.57084400
34.650492,-0.18595436,-0.09281945,1.47241247,-0.00555706,1.57079637,-0.18598737,-0.03821709,-0.02286827,-0.02556560,-0.00278642,0.00000000,-0.03764122,0.48750020,-0.28606289,0.53949346,3.14158520,0.00000132,1.57082922
34.691895,-0.18745090,-0.09371445,1.47142935,-0.00566343,1.57079637,-0.18745090,-0.03559977,-0.02166836,-0.02489235,-0.00265298,0.00000000,-0.03537683,0.48748976,-0.28687146,0.53948391,-3.14158200,-0.00000208,1.57079633
34.733439,-0.18890710,-0.09461679,1.47034740,-0.00577714,1.57079637,-0.18892178,-0.03747454,-0.02300588,-0.02711764,-0.00283133,0.00000000,-0.03760632,0.48750135,-0.28766322,0.53951738,3.14153859,0.00001028,1.57081097
34.774821,-0.19055773,-0.09562182,1.46918094,-0.00589819,1.57079637,-0.19056873,-0.03786799,-0.02320763,-0.02604421,-0.00283454,0.00000000,-0.03760239,0.48750116,-0.28855920,0.53953603,3.14149918,0.00001802,1.57080738
34.816264,-0.19204327,-0.09653883,1.46819055,-0.00601190,1.57079637,-0.19203593,-0.03576191,-0.02217413,-0.02420871,-0.00274413,0.00000000,-0.03540790,0.48749778,-0.28936588,0.53951622,3.14153859,0.00001046,1.57078887
34.857696,-0.19352150,-0.09745950,1.46717465,-0.00612561,1.57079637,-0.19350316,-0.03552061,-0.02218934,-0.02400448,-0.00279027,0.00000000,-0.03560963,0.48749904,-0.29017037,0.53950649,3.14155670,0.00000699,1.57077808
34.899082,-0.19498503,-0.09837651,1.46620250,-0.00624298,1.57079637,-0.19498503,-0.03733780,-0.02340254,-0.02631935,-0.00300815,0.00000000,-0.03773613,0.48749716,-0.29096713,0.53947654,-3.14156735,-0.00000502,1.57079633
34.940596,-0.19661731,-0.09939989,1.46499205,-0.00637503,1.57079637,-0.19663198,-0.03738483,-0.02306713,-0.02757419,-0.00296072,0.00000000,-0.03738462,0.48750614,-0.29185899,0.53950373,3.14156389,0.00000569,1.57081097
34.982085,-0.19808818,-0.10029123,1.46391368,-0.00648874,1.57079637,-0.19808818,-0.03564677,-0.02171551,-0.02520896,-0.00291914,0.00000000,-0.03516036,0.48750070,-0.29266092,0.53953890,3.14149199,0.00002016,1.57079633
35.023533,-0.19957373,-0.10120089,1.46290123,-0.00661712,1.57079637,-0.19954807,-0.03753979,-0.02378739,-0.02573394,-0.00309532,0.00000000,-0.03753897,0.48748836,-0.29347035,0.53953000,3.14151702,0.00001524,1.57077063
35.065036,-0.20120233,-0.10226462,1.46177888,-0.00674550,1.57079637,-0.20120233,-0.03700465,-0.02389011,-0.02543466,-0.00304676,-0.00000000,-0.03749022,0.48750026,-0.29436393,0.53949164,3.14158520,0.00000142,1.57079633
35.106607,-0.20264755,-0.10318530,1.46078849,-0.00687022,1.57079637,-0.20266221,-0.03518851,-0.02232393,-0.02515762,-0.00305037,0.00000000,-0.03483191,0.48749918,-0.29515546,0.53946565,-3.14154605,-0.00000964,1.57081097
35.148015,-0.20412210,-0.10411698,1.45969176,-0.00699860,1.57079637,-0.20409274,-0.03772201,-0.02374785,-0.02786115,-0.00327248,-0.00000000,-0.03705758,0.48750230,-0.29596483,0.53948476,-3.14158200,-0.00000227,1.57076690
35.189538,-0.20577636,-0.10515502,1.45847762,-0.00714165,1.57079637,-0.20573601,-0.03731507,-0.02336053,-0.02786507,-0.00322360,0.00000000,-0.03762396,0.48749865,-0.29677170,0.53950462,3.14156389,0.00000594,1.57075598
35.231080,-0.20722158,-0.10605736,1.45737720,-0.00726636,1.57079637,-0.20721790,-0.03486648,-0.02214031,-0.02509729,-0.00304930,0.00000000,-0.03557321,0.48749886,-0.29766704,0.53953801,3.14149918,0.00001959,1.57079260
35.272543,-0.20867044,-0.10699271,1.45639420,-0.00739475,1.57079637,-0.20868878,-0.03492559,-0.02259118,-0.02369561,-0.00313884,0.00000000,-0.03514720,0.48749551,-0.29846377,0.53949842,3.14157827,0.00000300,1.57081470
35.314049,-0.21011932,-0.10793173,1.45541120,-0.00752679,1.57079637,-0.21013400,-0.03730125,-0.02404247,-0.02722516,-0.00335886,0.00000000,-0.03694765,0.48749180,-0.29926132,0.53945600,-3.14152075,-0.00001535,1.57081097
35.355540,-0.21176626,-0.10898812,1.45413470,-0.00767352,1.57079637,-0.21175526,-0.03726590,-0.02395975,-0.02816049,-0.00344817,-0.00000000,-0.03713343,0.48749792,-0.30017120,0.53949117,-3.14159265,-0.00000005,1.57078541
35.397023,-0.21321146,-0.10991979,1.45307457,-0.00781290,1.57079637,-0.21321514,-0.03441582,-0.02244260,-0.02622110,-0.00330090,0.00000000,-0.03494230,0.48749660,-0.30096917,0.53948856,-3.14158200,-0.00000236,1.57079992
35.438895,-0.21463466,-0.11085881,1.45194852,-0.00794862,1.57079637,-0.21466768,-0.03671281,-0.02381164,-0.02741059,-0.00343307,0.00000000,-0.03701723,0.48751013,-0.30175909,0.53951414,3.14155297,0.00000856,1.57082922
35.480403,-0.21627060,-0.11190420,1.45078945,-0.00809901,1.57079637,-0.21629995,-0.03721749,-0.02389750,-0.02655175,-0.00349627,0.00000000,-0.03699546,0.48749884,-0.30266235,0.53949611,3.14158893,0.00000075,1.57082575
35.521764,-0.21771948,-0.11283955,1.44974780,-0.00823839,1.57079637,-0.21773414,-0.03496917,-0.02276556,-0.02600765,-0.00332819,0.00000000,-0.03479173,0.48749175,-0.30346392,0.53948121,-3.14156389,-0.00000640,1.57081097
35.563059,-0.21916102,-0.11378589,1.44863987,-0.00837411,1.57079637,-0.21917568,-0.03694870,-0.02430722,-0.02807804,-0.00359262,-0.00000000,-0.03690477,0.48749646,-0.30426494,0.53949267,-3.14158893,-0.00000081,1.57081097
35.604448,-0.22077493,-0.11484963,1.44742596,-0.00853550,1.57079637,-0.22078595,-0.03686042,-0.02424800,-0.02842406,-0.00359676,0.00000000,-0.03690578,0.48749904,-0.30506234,0.53948283,-3.14156762,-0.00000566,1.57080738
35.645629,-0.22220547,-0.11578865,1.44629252,-0.00867122,1.57079637,-0.22222382,-0.03495941,-0.02299473,-0.02668935,-0.00342451,0.00000000,-0.03464904,0.48750313,-0.30595900,0.53951564,3.14154978,0.00000964,1.57081470
35.686916,-0.22365801,-0.11674600,1.44522512,-0.00881794,1.57079637,-0.22364333,-0.03500536,-0.02312972,-0.02609804,-0.00350067,-0.00000000,-0.03447225,0.48749921,-0.30676710,0.53949874,3.14158573,0.00000157,1.57078181
35.728411,-0.22510321,-0.11770335,1.44413197,-0.00896099,1.57079637,-0.22507754,-0.03659199,-0.02421787,-0.02757766,-0.00375636,0.00000000,-0.03690138,0.48749905,-0.30757292,0.53949439,3.14159265,-0.00000003,1.57077063
35.769915,-0.22669514,-0.11875608,1.44293618,-0.00912972,1.57079637,-0.22670615,-0.03631632,-0.02437404,-0.02813586,-0.00380403,0.00000000,-0.03680206,0.48749469,-0.30846066,0.53948470,-3.14156762,-0.00000581,1.57080738
35.811323,-0.22811466,-0.11972444,1.44179904,-0.00927644,1.57079637,-0.22812934,-0.03430302,-0.02289198,-0.02641576,-0.00347117,-0.00000000,-0.03395919,0.48750755,-0.30925712,0.53949444,-3.14158893,-0.00000086,1.57081097
35.853426,-0.22955985,-0.12066712,1.44073164,-0.00941950,1.57079637,-0.22954154,-0.03664020,-0.02416687,-0.02804154,-0.00378040,-0.00000000,-0.03638479,0.48749528,-0.31006303,0.53948417,-3.14157135,-0.00000503,1.57077808
35.894894,-0.23117380,-0.12174185,1.43945897,-0.00959189,1.57079637,-0.23116647,-0.03652681,-0.02467531,-0.02949476,-0.00389139,0.00000000,-0.03692460,0.48749458,-0.31096719,0.53949804,3.14158893,0.00000079,1.57078887
35.936375,-0.23258965,-0.12271388,1.43828511,-0.00974228,1.57079637,-0.23260434,-0.03413533,-0.02316935,-0.02697266,-0.00367002,-0.00000000,-0.03435612,0.48750890,-0.31176490,0.53952187,3.14153912,0.00001265,1.57081097
35.977850,-0.23400553,-0.12366389,1.43722141,-0.00989634,1.57079637,-0.23401652,-0.03655018,-0.02464700,-0.02801017,-0.00393821,0.00000000,-0.03610706,0.48750275,-0.31255871,0.53950316,3.14157854,0.00000336,1.57080738
36.019276,-0.23561946,-0.12475697,1.43596327,-0.01006874,1.57079637,-0.23559745,-0.03683632,-0.02457231,-0.02802535,-0.00394037,0.00000000,-0.03621641,0.48750480,-0.31336364,0.53950105,3.14157827,0.00000340,1.57077808
36.060697,-0.23705733,-0.12569965,1.43489957,-0.01022279,1.57079637,-0.23701696,-0.03409253,-0.02289856,-0.02711356,-0.00383018,0.00000000,-0.03421842,0.48748398,-0.31427148,0.53948274,-3.14156762,-0.00000607,1.57075598
36.102567,-0.23845850,-0.12666434,1.43370366,-0.01038786,1.57079637,-0.23844749,-0.03372361,-0.02341052,-0.02838363,-0.00383352,0.00000000,-0.03442918,0.48749532,-0.31506413,0.53951779,3.14155351,0.00000952,1.57078541
36.143912,-0.23986337,-0.12764737,1.43253744,-0.01054191,1.57079637,-0.23988171,-0.03641156,-0.02492501,-0.02913745,-0.00408009,0.00000000,-0.03650052,0.48750909,-0.31586043,0.53952915,3.14152501,0.00001650,1.57081470
36.185271,-0.24146995,-0.12872577,1.43129385,-0.01072531,1.57079637,-0.24146628,-0.03659354,-0.02515022,-0.02794563,-0.00416952,-0.00000000,-0.03632754,0.48749703,-0.31676540,0.53952196,3.14154259,0.00001225,1.57079260
36.226604,-0.24288948,-0.12972714,1.43022645,-0.01088671,1.57079637,-0.24288581,-0.03416895,-0.02362246,-0.02641045,-0.00389995,0.00000000,-0.03447845,0.48749971,-0.31756930,0.53947324,-3.14155004,-0.00001062,1.57079260
36.268039,-0.24429801,-0.13068083,1.42910779,-0.01104810,1.57079637,-0.24432002,-0.03585845,-0.02446441,-0.02971386,-0.00415088,0.00000000,-0.03647669,0.48749205,-0.31836536,0.53947526,-3.14155351,-0.00000981,1.57081830
36.309647,-0.24586792,-0.13175924,1.42775798,-0.01123150,1.57079637,-0.24591559,-0.03596148,-0.02496253,-0.03043781,-0.00424138,0.00000000,-0.03613610,0.48749650,-0.31915704,0.53951380,3.14155723,0.00000888,1.57084759
36.351045,-0.24728377,-0.13275327,1.42658043,-0.01140023,1.57079637,-0.24732046,-0.03421813,-0.02375735,-0.02752577,-0.00403343,0.00000000,-0.03377472,0.48750395,-0.32006300,0.53952500,3.14153193,0.00001523,1.57083295
36.392402,-0.24869964,-0.13372530,1.42548001,-0.01156529,1.57079637,-0.24871063,-0.03428800,-0.02383871,-0.02623614,-0.00409199,0.00000000,-0.03384417,0.48749430,-0.32086567,0.53950621,3.14156762,0.00000629,1.57080738
36.433525,-0.25011182,-0.13471933,1.42441630,-0.01173769,1.57079637,-0.25011182,-0.03613917,-0.02565436,-0.02962532,-0.00437239,0.00000000,-0.03613949,0.48748823,-0.32166811,0.53945607,-3.14151809,-0.00001910,1.57079633
36.474618,-0.25167075,-0.13583441,1.42304456,-0.01192476,1.57079637,-0.25168175,-0.03593371,-0.02524949,-0.03072868,-0.00436344,0.00000000,-0.03606790,0.48750424,-0.32246254,0.53948096,-3.14157135,-0.00000553,1.57080365
36.515926,-0.25307193,-0.13679910,1.42188537,-0.01209716,1.57079637,-0.25308293,-0.03394846,-0.02338384,-0.02872793,-0.00415531,-0.00000000,-0.03355436,0.48749879,-0.32335925,0.53949865,3.14157854,0.00000364,1.57080738
36.557597,-0.25448778,-0.13777480,1.42066026,-0.01226955,1.57079637,-0.25446579,-0.03397243,-0.02368132,-0.02804156,-0.00419730,0.00000000,-0.03362262,0.48749608,-0.32416767,0.53953588,3.14150397,0.00002305,1.57077436
36.598955,-0.25589263,-0.13876517,1.41955626,-0.01244562,1.57079637,-0.25587431,-0.03581419,-0.02566360,-0.02903336,-0.00460974,0.00000000,-0.03621297,0.48748894,-0.32496962,0.53950506,3.14156416,0.00000737,1.57077808
36.640347,-0.25745153,-0.13989858,1.41825759,-0.01265103,1.57079637,-0.25746256,-0.03542983,-0.02552287,-0.02998885,-0.00460034,0.00000000,-0.03591668,0.48749800,-0.32586509,0.53948592,-3.14158227,-0.00000281,1.57080738
36.681903,-0.25883073,-0.14088163,1.41706920,-0.01282709,1.57079637,-0.25885272,-0.03341687,-0.02373137,-0.02844294,-0.00431448,-0.00000000,-0.03324251,0.48750176,-0.32665725,0.53949931,3.14157481,0.00000467,1.57081830
36.723657,-0.26023558,-0.14187567,1.41588807,-0.01301050,1.57079637,-0.26023191,-0.03595390,-0.02559484,-0.03037537,-0.00469359,0.00000000,-0.03546947,0.48749835,-0.32746321,0.53950172,3.14157135,0.00000564,1.57079260
36.764819,-0.26180917,-0.14300175,1.41455305,-0.01321591,1.57079637,-0.26179084,-0.03586757,-0.02552544,-0.03023145,-0.00470515,0.00000000,-0.03582065,0.48749864,-0.32836824,0.53950271,3.14156789,0.00000659,1.57077808
36.806335,-0.26319936,-0.14398476,1.41339016,-0.01339931,1.57079637,-0.26319203,-0.03317872,-0.02411170,-0.02840270,-0.00446820,0.00000000,-0.03371040,0.48749138,-0.32916681,0.53950137,3.14157135,0.00000571,1.57078887
36.847732,-0.26456019,-0.14500082,1.41219819,-0.01358637,1.57079637,-0.26458588,-0.03324235,-0.02435921,-0.02864610,-0.00459718,0.00000000,-0.03315746,0.48750686,-0.32995557,0.53949492,3.14158200,0.00000282,1.57082203
36.889308,-0.26595771,-0.14600585,1.41101336,-0.01378078,1.57079637,-0.26594302,-0.03573552,-0.02554400,-0.03017729,-0.00485300,0.00000000,-0.03507347,0.48750346,-0.33076137,0.53948977,-3.14158893,-0.00000101,1.57078168
36.930875,-0.26753131,-0.14712460,1.40968919,-0.01398986,1.57079637,-0.26750195,-0.03560139,-0.02576365,-0.03057144,-0.00489679,-0.00000000,-0.03560164,0.48749334,-0.33166814,0.53948692,-3.14158573,-0.00000198,1.57076690
36.972455,-0.26891780,-0.14814799,1.40847147,-0.01418793,1.57079637,-0.26890314,-0.03309084,-0.02422242,-0.02991353,-0.00467680,0.00000000,-0.03362045,0.48750008,-0.33247245,0.53948612,-3.14158200,-0.00000298,1.57078181
37.014010,-0.27028233,-0.14913835,1.40720236,-0.01437867,1.57079637,-0.27029699,-0.03499577,-0.02560695,-0.03112118,-0.00493631,0.00000000,-0.03539297,0.48750638,-0.33326492,0.53952918,3.14151862,0.00002050,1.57081097
37.055665,-0.27183023,-0.15027910,1.40588176,-0.01459875,1.57079637,-0.27184856,-0.03554670,-0.02593759,-0.03032428,-0.00504646,-0.00000000,-0.03527656,0.48750654,-0.33416312,0.53950932,3.14155723,0.00000981,1.57081470
37.096826,-0.27322775,-0.15128782,1.40468967,-0.01479683,1.57079637,-0.27322039,-0.03366176,-0.02434371,-0.02840001,-0.00490452,0.00000000,-0.03335026,0.48749758,-0.33497259,0.53950270,3.14157135,0.00000590,1.57078887
37.137934,-0.27459958,-0.15228185,1.40354526,-0.01500223,1.57079637,-0.27459225,-0.03315886,-0.02452186,-0.02985415,-0.00489625,0.00000000,-0.03346897,0.48748529,-0.33576716,0.53947973,-3.14156096,-0.00000900,1.57078887
37.179240,-0.27596042,-0.15330890,1.40222847,-0.01520031,1.57079637,-0.27597874,-0.03496561,-0.02627990,-0.03235587,-0.00514063,0.00000000,-0.03554194,0.48750429,-0.33656514,0.53952266,3.14153619,0.00001594,1.57081470
37.220687,-0.27749366,-0.15445699,1.40086758,-0.01542773,1.57079637,-0.27753401,-0.03510675,-0.02607516,-0.03072450,-0.00522398,0.00000000,-0.03523922,0.48750880,-0.33746064,0.53951520,3.14155031,0.00001202,1.57083667
37.262090,-0.27886918,-0.15546937,1.39968276,-0.01563314,1.57079637,-0.27889851,-0.03336831,-0.02453813,-0.02835173,-0.00505870,0.00000000,-0.03296841,0.48750149,-0.33826185,0.53950012,3.14158200,0.00000300,1.57082549
37.303352,-0.28025201,-0.15648541,1.39852381,-0.01584588,1.57079637,-0.28025934,-0.03517952,-0.02596329,-0.03126877,-0.00544945,-0.00000000,-0.03500069,0.48748850,-0.33906669,0.53946902,-3.14153619,-0.00001630,1.57080365
37.344854,-0.28178158,-0.15761884,1.39709330,-0.01608430,1.57079637,-0.28179628,-0.03473938,-0.02616558,-0.03270876,-0.00534791,0.00000000,-0.03482804,0.48749092,-0.33986193,0.53949574,-3.14158573,-0.00000208,1.57081097
37.386341,-0.28313506,-0.15865690,1.39580929,-0.01628971,1.57079637,-0.28314975,-0.03277235,-0.02482239,-0.03030158,-0.00494679,0.00000000,-0.03272751,0.48750411,-0.34076028,0.53951801,3.14155377,0.00001125,1.57081097
37.427902,-0.28450328,-0.15968026,1.39457691,-0.01649512,1.57079637,-0.28451425,-0.03502023,-0.02638545,-0.03017828,-0.00541777,0.00000000,-0.03466852,0.48750206,-0.34156285,0.53951791,3.14155031,0.00001232,1.57080725
37.469594,-0.28605115,-0.16085403,1.39329672,-0.01674088,1.57079637,-0.28603649,-0.03505394,-0.02638780,-0.03110015,-0.00561452,-0.00000000,-0.03474790,0.48749175,-0.34236827,0.53945519,-3.14150797,-0.00002486,1.57078181
37.510827,-0.28741202,-0.16187008,1.39199829,-0.01696096,1.57079637,-0.28739733,-0.03266935,-0.02445705,-0.03093808,-0.00519367,0.00000000,-0.03297805,0.48749153,-0.34327060,0.53948443,-3.14156096,-0.00000940,1.57078168
37.552235,-0.28875086,-0.16287512,1.39074016,-0.01717004,1.57079637,-0.28876182,-0.03241487,-0.02476326,-0.03086584,-0.00517371,0.00000000,-0.03281401,0.48749071,-0.34405937,0.53950524,3.14158200,0.00000309,1.57080725
37.593771,-0.29010066,-0.16392417,1.38943803,-0.01739012,1.57079637,-0.29011902,-0.03460913,-0.02653115,-0.03156378,-0.00560639,0.00000000,-0.03438917,0.48750365,-0.34485971,0.53952082,3.14155058,0.00001255,1.57081470
37.635324,-0.29162657,-0.16507961,1.38811755,-0.01763588,1.57079637,-0.29161924,-0.03481649,-0.02660845,-0.03133012,-0.00551586,0.00000000,-0.03441867,0.48749185,-0.34575778,0.53948157,-3.14155750,-0.00001060,1.57078887
37.676898,-0.29299477,-0.16613600,1.38683367,-0.01784862,1.57079637,-0.29298007,-0.03259324,-0.02513966,-0.03056395,-0.00511609,0.00000000,-0.03281346,0.48749718,-0.34656890,0.53948388,-3.14157135,-0.00000638,1.57078168
37.718491,-0.29433724,-0.16717039,1.38557565,-0.01806137,1.57079637,-0.29434824,-0.03424839,-0.02625976,-0.03270416,-0.00560536,0.00000000,-0.03477786,0.48749971,-0.34736498,0.53948552,-3.14158200,-0.00000326,1.57080738
37.760016,-0.29584116,-0.16831847,1.38411570,-0.01831446,1.57079637,-0.29587048,-0.03438901,-0.02639849,-0.03267025,-0.00565076,-0.00000000,-0.03421313,0.48750030,-0.34825732,0.53951580,3.14154685,0.00001387,1.57082549
37.801586,-0.29719463,-0.16936386,1.38286114,-0.01853088,1.57079637,-0.29719096,-0.03271532,-0.02512165,-0.03033207,-0.00534252,0.00000000,-0.03192078,0.48749938,-0.34906103,0.53950800,3.14155377,0.00001181,1.57079260
37.843096,-0.29855913,-0.17040558,1.38159573,-0.01875830,1.57079637,-0.29852244,-0.03458039,-0.02693953,-0.03232568,-0.00587373,0.00000000,-0.03440340,0.48749181,-0.34987029,0.53950577,3.14155750,0.00001076,1.57075958
37.884638,-0.30006671,-0.17160136,1.38017631,-0.01901873,1.57079637,-0.30004838,-0.03424260,-0.02697602,-0.03251579,-0.00589138,-0.00000000,-0.03477516,0.48749742,-0.35067155,0.53948647,-3.14159239,-0.00000006,1.57077063
37.925861,-0.30139452,-0.17263940,1.37890351,-0.01924614,1.57079637,-0.30140185,-0.03206175,-0.02512763,-0.03060754,-0.00556339,0.00000000,-0.03246259,0.48750072,-0.35156288,0.53948888,3.14158573,0.00000212,1.57080365
37.967701,-0.30272967,-0.17368847,1.37763429,-0.01948090,1.57079637,-0.30274436,-0.03413355,-0.02651975,-0.03334391,-0.00599523,0.00000000,-0.03387209,0.48750142,-0.35236040,0.53948184,-3.14158573,-0.00000223,1.57081097
38.009665,-0.30425560,-0.17486222,1.37610841,-0.01974866,1.57079637,-0.30424091,-0.03404207,-0.02644693,-0.03325972,-0.00602253,0.00000000,-0.03395289,0.48749873,-0.35317109,0.53952317,3.14151915,0.00002304,1.57077808
38.051765,-0.30559075,-0.17591129,1.37483919,-0.01998708,1.57079637,-0.30559811,-0.03178833,-0.02530372,-0.03038714,-0.00574472,0.00000000,-0.03227084,0.48749584,-0.35407065,0.53951576,3.14153673,0.00001764,1.57080365
38.093324,-0.30691490,-0.17697869,1.37356651,-0.02022917,1.57079637,-0.30694062,-0.03380103,-0.02696158,-0.03238931,-0.00622197,0.00000000,-0.03415389,0.48750231,-0.35486663,0.53949743,3.14157161,0.00000659,1.57082203
38.134889,-0.30840045,-0.17815246,1.37214684,-0.02050428,1.57079637,-0.30843714,-0.03397888,-0.02705043,-0.03402266,-0.00613384,0.00000000,-0.03402262,0.48749680,-0.35565765,0.53948041,-3.14157508,-0.00000561,1.57082922
38.176445,-0.30973929,-0.17922717,1.37073851,-0.02073903,1.57079637,-0.30976865,-0.03215712,-0.02558444,-0.03246627,-0.00591050,0.00000000,-0.03189228,0.48751241,-0.35656674,0.53952879,3.14150557,0.00002789,1.57082575
38.218044,-0.31107447,-0.18027991,1.36944723,-0.02099579,1.57079637,-0.31108913,-0.03413799,-0.02706358,-0.03236667,-0.00654448,0.00000000,-0.03391743,0.48750565,-0.35736836,0.53952455,3.14152288,0.00002242,1.57081097
38.259421,-0.31257102,-0.18147202,1.36805344,-0.02128190,1.57079637,-0.31258202,-0.03393321,-0.02728812,-0.03238082,-0.00651197,0.00000000,-0.03393310,0.48749616,-0.35816791,0.53949338,3.14158600,0.00000218,1.57080365
38.300852,-0.31388417,-0.18253942,1.36676598,-0.02153499,1.57079637,-0.31389883,-0.03176177,-0.02552494,-0.03207178,-0.00614879,0.00000000,-0.03180633,0.48749955,-0.35906129,0.53947108,-3.14155058,-0.00001365,1.57081097
38.342339,-0.31520465,-0.18358847,1.36539400,-0.02179175,1.57079637,-0.31521934,-0.03187319,-0.02564808,-0.03302211,-0.00622463,0.00000000,-0.03156569,0.48749978,-0.35985953,0.53950664,3.14157135,0.00000681,1.57081097
38.383940,-0.31653246,-0.18467055,1.36402225,-0.02205219,1.57079637,-0.31652150,-0.03387714,-0.02728813,-0.03292143,-0.00663495,0.00000000,-0.03347979,0.48750742,-0.36066567,0.53952213,3.14154392,0.00001594,1.57078541
38.425790,-0.31803271,-0.18586633,1.36264670,-0.02234563,1.57079637,-0.31801435,-0.03363550,-0.02718222,-0.03232469,-0.00667487,0.00000000,-0.03381254,0.48748906,-0.36156891,0.53946955,-3.14153353,-0.00001953,1.57077808
38.467449,-0.31934217,-0.18694104,1.36132264,-0.02260973,1.57079637,-0.31934586,-0.03137435,-0.02560151,-0.03234536,-0.00612466,0.00000000,-0.03185937,0.48749307,-0.36236497,0.53946444,-3.14151942,-0.00002424,1.57079992
38.509030,-0.32064432,-0.18799743,1.35995436,-0.02285548,1.57079637,-0.32066634,-0.03337091,-0.02699594,-0.03521734,-0.00646213,-0.00000000,-0.03337352,0.48749761,-0.36315780,0.53949308,-3.14158227,-0.00000349,1.57081830
38.550847,-0.32212621,-0.18919320,1.35838449,-0.02314892,1.57079637,-0.32212991,-0.03372495,-0.02743101,-0.03397292,-0.00673668,-0.00000000,-0.03324002,0.48749860,-0.36405994,0.53953333,3.14152661,0.00002203,1.57079992
38.592307,-0.32345405,-0.19028263,1.35712266,-0.02341669,1.57079637,-0.32343572,-0.03191790,-0.02628864,-0.03156852,-0.00638338,0.00000000,-0.03165280,0.48749090,-0.36486655,0.53948727,-3.14156842,-0.00000819,1.57077808
38.633589,-0.32476720,-0.19136837,1.35577285,-0.02367712,1.57079637,-0.32474887,-0.03350191,-0.02790308,-0.03465635,-0.00670919,0.00000000,-0.03390125,0.48749448,-0.36566905,0.53948653,-3.14157161,-0.00000707,1.57077808
38.674862,-0.32621977,-0.19258614,1.35426164,-0.02397056,1.57079637,-0.32623440,-0.03336244,-0.02750762,-0.03509103,-0.00669916,-0.00000000,-0.03376246,0.48750389,-0.36655983,0.53948355,-3.14157161,-0.00000710,1.57081097
38.716285,-0.32752559,-0.19364254,1.35287142,-0.02423099,1.57079637,-0.32754022,-0.03150203,-0.02572078,-0.03265502,-0.00635298,-0.00000000,-0.03102077,0.48750038,-0.36735769,0.53951833,3.14154418,0.00001649,1.57081097
38.757998,-0.32883871,-0.19472459,1.35154736,-0.02449876,1.57079637,-0.32881305,-0.03371277,-0.02779998,-0.03424346,-0.00683950,-0.00000000,-0.03300881,0.48749530,-0.36816053,0.53950460,3.14156842,0.00000823,1.57077063
38.799445,-0.33032796,-0.19595340,1.35002506,-0.02479954,1.57079637,-0.33028391,-0.03352101,-0.02807526,-0.03485072,-0.00690808,-0.00000000,-0.03369868,0.48749133,-0.36897158,0.53949831,3.14157534,0.00000592,1.57075598
38.840823,-0.33161542,-0.19705014,1.34866059,-0.02507097,1.57079637,-0.33160439,-0.03119106,-0.02645086,-0.03265365,-0.00651306,0.00000000,-0.03194494,0.48750046,-0.36986717,0.53949363,3.14157881,0.00000472,1.57078541
38.882233,-0.33291021,-0.19814321,1.34732175,-0.02533874,1.57079637,-0.33292857,-0.03122560,-0.02608756,-0.03317507,-0.00655514,0.00000000,-0.03149109,0.48750305,-0.37066471,0.53947895,-3.14158573,-0.00000245,1.57081470
38.923639,-0.33420140,-0.19921061,1.34591317,-0.02561384,1.57079637,-0.33421236,-0.03348425,-0.02777041,-0.03605371,-0.00708651,-0.00000000,-0.03312975,0.48750195,-0.37145979,0.53951178,3.14153726,0.00001921,1.57080725
38.965049,-0.33568326,-0.20044306,1.34433591,-0.02592562,1.57079637,-0.33567226,-0.03347018,-0.02793601,-0.03559586,-0.00734901,0.00000000,-0.03329343,0.48749852,-0.37237283,0.53952577,3.14150583,0.00003018,1.57078541
39.006494,-0.33697441,-0.20152512,1.34296405,-0.02622273,1.57079637,-0.33697075,-0.03102561,-0.02655084,-0.03226383,-0.00700250,-0.00000000,-0.03146981,0.48749427,-0.37316905,0.53952842,3.14151276,0.00002787,1.57079260
39.047806,-0.33825088,-0.20264021,1.34166563,-0.02650517,1.57079637,-0.33827657,-0.03100182,-0.02665614,-0.03321533,-0.00705157,0.00000000,-0.03135702,0.48750081,-0.37396102,0.53947716,-3.14157881,-0.00000491,1.57082203
39.089197,-0.33953837,-0.20372961,1.34021676,-0.02680595,1.57079637,-0.33956403,-0.03314415,-0.02809945,-0.03664260,-0.00756732,0.00000000,-0.03301149,0.48750424,-0.37475978,0.53951149,3.14155137,0.00001462,1.57082203
39.130685,-0.34099823,-0.20496941,1.33862841,-0.02713240,1.57079637,-0.34101290,-0.03320344,-0.02811932,-0.03536906,-0.00760468,0.00000000,-0.03307138,0.48750466,-0.37566554,0.53952224,3.14153034,0.00002207,1.57081097
39.172158,-0.34229302,-0.20606247,1.33728242,-0.02743685,1.57079637,-0.34230772,-0.03103103,-0.02639552,-0.03235332,-0.00732737,-0.00000000,-0.03107491,0.48749424,-0.37646620,0.53950266,3.14157881,0.00000486,1.57081097
39.213785,-0.34357685,-0.20716289,1.33593988,-0.02774130,1.57079637,-0.34359518,-0.03271103,-0.02829716,-0.03576251,-0.00776934,0.00000000,-0.03284306,0.48748888,-0.37726288,0.53947653,-3.14154765,-0.00001612,1.57081470
39.255267,-0.34501106,-0.20841368,1.33431125,-0.02808242,1.57079637,-0.34503672,-0.03269187,-0.02836244,-0.03724201,-0.00773116,0.00000000,-0.03260370,0.48750006,-0.37816031,0.53949674,-3.14158227,-0.00000377,1.57082203
39.296822,-0.34629121,-0.20951776,1.33284771,-0.02838320,1.57079637,-0.34630218,-0.03105761,-0.02686091,-0.03344003,-0.00728957,0.00000000,-0.03066019,0.48750539,-0.37896082,0.53952663,3.14154791,0.00001613,1.57080725
39.338295,-0.34758967,-0.21064384,1.33153450,-0.02868765,1.57079637,-0.34758234,-0.03307947,-0.02843577,-0.03498125,-0.00778333,0.00000000,-0.03268125,0.48749666,-0.37976877,0.53946934,-3.14152741,-0.00002377,1.57078887
39.379765,-0.34903491,-0.21187630,1.32994628,-0.02902877,1.57079637,-0.34901285,-0.03264975,-0.02835883,-0.03636683,-0.00778641,0.00004467,-0.03273853,0.48748746,-0.38056844,0.53947014,-3.14152368,-0.00002513,1.57077436
39.421201,-0.35029668,-0.21299505,1.32851934,-0.02933322,1.57080007,-0.35029668,-0.03041939,-0.02658082,-0.03496521,-0.00728522,0.00004476,-0.03086195,0.48749843,-0.38146353,0.53947979,-3.14154552,-0.00002111,1.57079633
39.462845,-0.35156214,-0.21408446,1.32704115,-0.02963400,1.57080007,-0.35157681,-0.03065694,-0.02675311,-0.03404708,-0.00728656,0.00000000,-0.03074109,0.48749966,-0.38225780,0.53952310,3.14155723,0.00000913,1.57081097
39.503771,-0.35282764,-0.21520321,1.32570601,-0.02993478,1.57080007,-0.35283497,-0.03296966,-0.02884175,-0.03592961,-0.00768912,-0.00000000,-0.03252912,0.48749745,-0.38305188,0.53947883,-3.14154898,-0.00001998,1.57080365
39.545318,-0.35428381,-0.21646501,1.32407379,-0.03026857,1.57080007,-0.35426182,-0.03280668,-0.02865647,-0.03708941,-0.00759463,0.00000000,-0.03258595,0.48749370,-0.38396648,0.53949042,-3.14158360,-0.00000734,1.57077436
39.586840,-0.35555297,-0.21758376,1.32262492,-0.03056568,1.57080007,-0.35554194,-0.03048940,-0.02686598,-0.03482068,-0.00720266,-0.00000000,-0.03093142,0.48749732,-0.38476733,0.53950075,3.14157082,0.00000414,1.57078541
39.628328,-0.35681474,-0.21869516,1.32118332,-0.03086646,1.57080007,-0.35682943,-0.03216722,-0.02841139,-0.03676211,-0.00777658,0.00000000,-0.03269759,0.48749880,-0.38556380,0.53951087,3.14154312,0.00001445,1.57081097
39.669850,-0.35822329,-0.21994230,1.31957316,-0.03121125,1.57080007,-0.35825628,-0.03229215,-0.02889062,-0.03653187,-0.00790723,0.00000000,-0.03220373,0.48750150,-0.38635490,0.53951277,3.14153300,0.00001835,1.57083295
39.711361,-0.35949609,-0.22109406,1.31814992,-0.03152303,1.57080007,-0.35950345,-0.03062056,-0.02719319,-0.03444673,-0.00761019,0.00000000,-0.02983019,0.48750613,-0.38726152,0.53949177,3.14156389,0.00000681,1.57080365
39.753225,-0.36077625,-0.22220914,1.31670105,-0.03184582,1.57080007,-0.36074322,-0.03237603,-0.02881721,-0.03686449,-0.00831504,-0.00000000,-0.03202875,0.48749590,-0.38806862,0.53949883,3.14155377,0.00001073,1.57076330
39.794780,-0.36219576,-0.22349662,1.31507611,-0.03221629,1.57080007,-0.36217377,-0.03210871,-0.02875144,-0.03776508,-0.00839152,0.00000000,-0.03255082,0.48750011,-0.38887063,0.53948032,3.14158813,-0.00000221,1.57077436
39.836267,-0.36344290,-0.22459702,1.31356478,-0.03254274,1.57080007,-0.36344656,-0.03007332,-0.02693375,-0.03573387,-0.00804920,0.00000000,-0.03055959,0.48750065,-0.38976328,0.53952771,3.14150557,0.00002913,1.57079992
39.877719,-0.36469001,-0.22573045,1.31211233,-0.03288387,1.57080007,-0.36470836,-0.03027444,-0.02731426,-0.03434142,-0.00808855,0.00000000,-0.03005492,0.48750387,-0.39055789,0.53952161,3.14152634,0.00002136,1.57081470
39.919259,-0.36595547,-0.22686388,1.31071484,-0.03321400,1.57080007,-0.36594081,-0.03238653,-0.02929739,-0.03745962,-0.00860392,0.00000000,-0.03207707,0.48749491,-0.39136061,0.53948943,3.14158813,-0.00000220,1.57078181
39.960845,-0.36738235,-0.22816601,1.30899811,-0.03359914,1.57080007,-0.36737502,-0.03200822,-0.02914613,-0.03852472,-0.00871699,0.00000000,-0.03249084,0.48750234,-0.39227377,0.53950523,3.14156043,0.00000839,1.57078887
40.002595,-0.36862215,-0.22929209,1.30750525,-0.03394026,1.57080007,-0.36864781,-0.02984347,-0.02693299,-0.03517202,-0.00824355,0.00000000,-0.03032625,0.48750489,-0.39306687,0.53952132,3.14153646,0.00001767,1.57082203
40.044057,-0.36986560,-0.23040718,1.30607104,-0.03428506,1.57080007,-0.36989862,-0.03159632,-0.02877617,-0.03635021,-0.00884456,0.00000000,-0.03151069,0.48749545,-0.39385873,0.53951436,3.14156043,0.00000846,1.57082922
40.085908,-0.37125579,-0.23169099,1.30447543,-0.03467754,1.57080007,-0.37127411,-0.03122400,-0.02849445,-0.03699461,-0.00857346,0.00000000,-0.03109396,0.48749494,-0.39474920,0.53947907,-3.14154978,-0.00002076,1.57081470
40.127421,-0.37246990,-0.23278406,1.30298626,-0.03500032,1.57080007,-0.37249193,-0.02864665,-0.02621583,-0.03496853,-0.00778077,0.00000000,-0.02860272,0.48749320,-0.39552750,0.53951339,3.14156735,0.00000586,1.57081830
40.168878,-0.37363267,-0.23386613,1.30157399,-0.03532311,1.57080007,-0.37364736,-0.02830736,-0.02632357,-0.03307758,-0.00784858,0.00000000,-0.02826238,0.48750013,-0.39627723,0.53951627,3.14156043,0.00000860,1.57081097
40.210605,-0.37482476,-0.23497388,1.30023527,-0.03565323,1.57080007,-0.37484312,-0.02594036,-0.02404631,-0.03039559,-0.00717876,0.00000000,-0.02598423,0.48749629,-0.39704257,0.53946652,-3.14153273,-0.00002766,1.57081470
40.252121,-0.37579313,-0.23586887,1.29904306,-0.03592100,1.57080007,-0.37581149,-0.02198010,-0.02030254,-0.02705558,-0.00600263,0.00000000,-0.02184767,0.48749935,-0.39766745,0.53947968,-3.14156016,-0.00001691,1.57081470
40.293723,-0.37665147,-0.23666117,1.29798675,-0.03615208,1.57080007,-0.37665880,-0.02020295,-0.01848244,-0.02509969,-0.00542557,0.00000000,-0.01989382,0.48750155,-0.39822170,0.53949215,-3.14159079,-0.00000483,1.57080365
40.335273,-0.37747309,-0.23740578,1.29695594,-0.03637216,1.57080007,-0.37746575,-0.01704462,-0.01563203,-0.02146069,-0.00454825,0.00000000,-0.01686831,0.48749995,-0.39875126,0.53952181,3.14153300,0.00001954,1.57078887
40.376774,-0.37806731,-0.23795965,1.29620409,-0.03652989,1.57080007,-0.37805998,-0.01294173,-0.01214614,-0.01519465,-0.00348931,0.00000000,-0.01280923,0.48750444,-0.39913680,0.53953715,3.14149598,0.00003443,1.57078887
40.418331,-0.37854785,-0.23841448,1.29569423,-0.03666194,1.57080007,-0.37852949,-0.01037923,-0.00980460,-0.01130845,-0.00295936,0.00000000,-0.01024665,0.48750162,-0.39944620,0.53949693,3.14156735,0.00000601,1.57077808
40.459807,-0.37892932,-0.23877394,1.29526496,-0.03677565,1.57080007,-0.37891096,-0.00733448,-0.00680497,-0.00835153,-0.00225324,-0.00000000,-0.00724687,0.48749873,-0.39966795,0.53947820,-3.14157721,-0.00001026,1.57077808
40.501408,-0.37915671,-0.23897935,1.29500091,-0.03684901,1.57080007,-0.37913105,-0.00440055,-0.00391739,-0.00519126,-0.00136477,0.00000000,-0.00431251,0.48749580,-0.39983757,0.53947343,-3.14156363,-0.00001567,1.57077063
40.543290,-0.37929609,-0.23910040,1.29483223,-0.03688936,1.57080007,-0.37927043,-0.00258778,-0.00236976,-0.00324530,-0.00087840,0.00000000,-0.00263172,0.48749260,-0.39992646,0.53947815,-3.14157002,-0.00001297,1.57077063
40.584864,-0.37937313,-0.23917744,1.29472959,-0.03692237,1.57080007,-0.37935111,-0.00128023,-0.00123529,-0.00185500,-0.00057400,-0.00000000,-0.00136840,0.48749454,-0.39997233,0.53948109,-3.14157028,-0.00001297,1.57077436
40.626091,-0.37940249,-0.23920311,1.29467821,-0.03693704,1.57080007,-0.37938413,-0.00044497,-0.00048913,-0.00084581,-0.00022242,-0.00000000,-0.00062315,0.48749424,-0.39999594,0.53948586,-3.14157375,-0.00001163,1.57077808
40.667314,-0.37940982,-0.23921777,1.29465985,-0.03694071,1.57080007,-0.37940249,-0.00008921,-0.00013460,-0.00035503,-0.00013279,0.00000000,-0.00035515,0.48749761,-0.40000203,0.53948557,-3.14157375,-0.00001163,1.57078887
40.708819,-0.37940982,-0.23921412,1.29464889,-0.03694805,1.57080007,-0.37941346,0.00000000,0.00008794,-0.00026406,-0.00017685,0.00000000,-0.00026431,0.48749655,-0.40000160,0.53949224,-3.14158014,-0.00000893,1.57079992
